trial,seed,config_version,git_commit,s1,a1,s2,a2,trans_type,reward,u_delta,u_s,u_v,u_c,V_G,V_p,eta_G,eta_p,mode
1,56,,,0,0,0,0,common,1.0,0.5,0.6931471803599453,0.15,0.0,0.5260663507109005,0.0,,,EXPLOIT
2,56,,,0,1,1,0,common,1.0,0.5,0.6354546081677415,0.255,0.0,0.5493262427328857,0.0,,,EXPLOIT
3,56,,,0,0,0,0,common,0.0,0.675,0.6931471803599453,0.381,0.0,0.570208762497792,0.0,,,EXPLOIT
4,56,,,0,1,1,0,common,0.0,0.675,0.5928507886370987,0.4692,0.0,0.5890597666503006,0.0,,,EXPLORE
5,56,,,0,0,0,0,common,1.0,0.5612499999999999,0.6931471803599453,0.496815,0.0,0.6061611288293314,0.0,,,EXPLORE
6,56,,,0,0,0,0,common,1.0,0.3648125,0.6215444327629247,0.45721425,0.0,0.621744881595395,0.0,,,EXPLOIT
7,56,,,0,0,0,0,common,1.0,0.23712812500000002,0.5201912000283845,0.39118841249999997,0.0,0.6360037662619006,0.0,,,EXPLOIT
8,56,,,0,1,1,0,common,0.0,0.4387500000000001,0.4463096103230097,0.40545688874999997,0.0,0.6490992118689946,0.0,,,EXPLOIT
9,56,,,0,0,0,0,common,1.0,0.15413328125000003,0.3161582414545554,0.33005980649999994,0.0,0.661167445672263,0.0,,,EXPLOIT
10,56,,,0,0,0,0,common,1.0,0.10018663281250006,0.2758752611116851,0.26109785439375,0.0,0.6723242264513416,0.0,,,EXPLOIT
11,56,,,0,0,0,0,common,1.0,0.06512131132812504,0.2516113411124764,0.2023048914740625,0.0,0.6826685496483146,0.0,,,EXPLOIT
12,56,,,0,0,0,0,common,1.0,0.04232885236328132,0.23667931720321544,0.15431207974082814,0.0,0.6922855757947949,0.0,,,EXPLOIT
13,56,,,0,0,0,0,common,0.0,0.9724862459638671,0.22733092955290432,0.3997643296077398,0.0,0.7012489657746,0.0,,,EXPLOIT
14,56,,,0,0,0,0,common,1.0,0.36788394012348635,0.5000874571896958,0.39020021276246375,0.0,0.7096227585168867,0.0,,,EXPLOIT
15,56,,,0,0,0,0,common,0.0,0.7608754389197339,0.3860012891121414,0.5014027806096448,0.0,0.6893790720804099,0.0,,,EXPLOIT
16,56,,,0,0,0,0,common,0.0,0.49456903529782703,0.6125963474263294,0.49935265701609943,0.0,0.6985377135843482,0.0,,,EXPLOIT
17,56,,,0,1,1,0,common,0.0,0.28518750000000004,0.6905212747483949,0.4351031099112696,0.0,0.7070878477884343,0.0,,,EXPLOIT
18,56,,,0,1,1,0,common,1.0,0.814628125,0.6574303965212986,0.5489606144378887,0.0,0.6865059243983044,0.0,,,EXPLOIT
19,56,,,0,1,1,0,common,0.0,0.47049171875,0.6506298066496614,0.5254199457315221,0.0,0.6630676013492971,0.0,,,EXPLOIT
20,56,,,0,0,0,0,common,1.0,0.6785301270564124,0.6926575592088486,0.5713530001289892,0.0,0.6361353768694442,0.0,,,EXPLOIT
21,56,,,0,0,0,0,common,1.0,0.4410445825866681,0.579728717823923,0.5322604748662928,0.0,0.6048667958925759,0.0,,,EXPLOIT
22,56,,,0,0,0,0,common,1.0,0.2866789786813343,0.44596600374535356,0.4585860260108052,0.0,0.6205630829450595,0.0,,,EXPLOIT
23,56,,,0,0,0,0,common,1.0,0.1863413361428673,0.35877687866326397,0.37691261905042384,0.0,0.6349204914751106,0.0,,,EXPLOIT
24,56,,,0,0,0,0,common,1.0,0.12112186849286377,0.30660976706341403,0.3001753938831558,0.0,0.648102683236652,0.0,,,EXPLOIT
25,56,,,0,0,0,0,common,1.0,0.07872921452036141,0.2752864089253624,0.23374154007431747,0.0,0.6602476905305944,0.0,,,EXPLOIT
26,56,,,0,0,0,0,common,1.0,0.051173989438234924,0.25611679571468127,0.1789712748834927,0.0,0.6714727441779677,0.0,,,EXPLOIT
27,56,,,0,0,0,0,common,1.0,0.03326309313485265,0.2441735791188943,0.1352588203589007,0.0,0.6818780497487197,0.0,,,EXPLOIT
28,56,,,0,0,0,0,common,1.0,0.021621010537654195,0.2366308181873223,0.10116747741252673,0.0,0.6915497699832425,0.0,,,EXPLOIT
29,56,,,0,0,0,0,common,0.0,0.9859463431505248,0.23182131921680232,0.36660113713392617,0.0,0.7005624014956618,0.0,,,EXPLOIT
30,56,,,0,0,0,0,common,0.0,0.640865123047841,0.5105988320389906,0.4488803329081006,0.0,0.70898068458201,0.0,,,EXPLOIT
31,56,,,0,1,1,0,common,0.0,0.3058196171875,0.6692080523838035,0.40596211819192035,0.0,0.7168611497474207,0.0,,,EXPLOIT
32,56,,,0,1,1,0,common,0.0,0.198782751171875,0.606586964752082,0.34380830808590673,0.0,0.7242533790949032,0.0,,,EXPLOIT
33,56,,,0,1,1,0,common,0.0,0.12920878826171875,0.551766071386763,0.2794284521386503,0.0,0.731201042081078,0.0,,,EXPLOIT
34,56,,,0,0,0,0,common,0.0,0.41656232998109666,0.5127733356169306,0.3205686154913842,0.0,0.7377427513629494,0.0,,,EXPLOIT
35,56,,,0,1,1,0,common,1.0,0.9160142876298828,0.6279571021064971,0.4992023171329337,0.0,0.7439127741681395,0.0,,,EXPLOIT
36,56,,,0,1,1,0,common,0.0,0.40459071304057614,0.6585721283964612,0.4708188359052264,0.0,0.7497416268640651,0.0,,,EXPLOIT
37,56,,,0,0,0,0,common,1.0,0.7292344855122872,0.6930260899525211,0.5483435307873447,0.0,0.7344600437875188,0.0,,,EXPLOIT
38,56,,,0,1,1,0,common,0.0,0.26298396347637454,0.5718303920987878,0.46273566059405363,0.0,0.7408153029214473,0.0,,,EXPLOIT
39,56,,,0,1,1,0,common,0.0,0.17093957625964346,0.49286049172751034,0.37519683529373055,0.0,0.7468142878734594,0.0,,,EXPLOIT
40,56,,,0,0,0,0,common,1.0,0.4740024155829867,0.43937585326622697,0.40483850938050736,0.0,0.7524858621185618,0.0,,,EXPLOIT
41,56,,,0,0,0,0,common,1.0,0.30810157012894135,0.30073802016713325,0.37581742760503756,0.0,0.7578558536074959,0.0,,,EXPLOIT
42,56,,,0,0,0,0,common,1.0,0.20026602058381182,0.22650887655776136,0.3231520054986698,0.0,0.7629474436029848,0.0,,,EXPLOIT
43,56,,,0,0,0,0,common,1.0,0.13017291337947767,0.1861866379989731,0.2652582778629121,0.0,0.7677814972392533,0.0,,,EXPLOIT
44,56,,,0,0,0,0,common,0.0,0.9153876063033395,0.16323424371834033,0.4602970763950403,0.0,0.7723768457463959,0.0,,,EXPLOIT
45,56,,,0,0,0,0,common,1.0,0.40499805590282933,0.3789746578163989,0.443707370247377,0.0,0.776750528389046,0.0,,,EXPLOIT
46,56,,,0,0,0,0,common,1.0,0.2632487363368391,0.2680864003616945,0.3895697800742156,0.0,0.7809180006723867,0.0,,,EXPLOIT
47,56,,,0,0,0,0,common,1.0,0.17111167861894538,0.2089826499108634,0.3240323496376345,0.0,0.7848933141779877,0.0,,,EXPLOIT
48,56,,,0,0,0,0,common,1.0,0.11122259110231447,0.17633677798278102,0.2601894220770385,0.0,0.7886892724393288,0.0,,,EXPLOIT
49,56,,,0,0,0,0,common,1.0,0.07229468421650442,0.15745067791818707,0.20382100071887826,0.0,0.7923175665004993,0.0,,,EXPLOIT
50,56,,,0,0,0,0,common,1.0,0.046991544740727864,0.14611273073081135,0.1567721639254331,0.0,0.7957888931818289,0.0,,,EXPLOIT
51,56,,,0,0,0,0,common,1.0,0.030544504081473134,0.13912402988612083,0.1189038659722451,0.0,0.7991130585726015,0.0,,,EXPLOIT
52,56,,,0,0,0,0,common,0.0,0.9801460723470424,0.1347378486147185,0.37727652788468424,0.0,0.8022990688598325,0.0,,,EXPLOIT
53,56,,,0,0,0,0,common,1.0,0.36290505297442244,0.343819777404301,0.37296508541160567,0.0,0.8053552102648694,0.0,,,EXPLOIT
54,56,,,0,0,0,0,common,1.0,0.23588828443337462,0.24940169664804535,0.33184204511813636,0.0,0.8082891195818485,0.0,,,EXPLOIT
55,56,,,0,0,0,0,common,1.0,0.1533273848816935,0.19882192480435582,0.2782876470472035,0.0,0.8111078465823237,0.0,,,EXPLOIT
56,56,,,0,1,1,0,common,0.0,0.11111072456876825,0.17054153904731,0.2281345703036729,0.0,0.8138179093596717,0.0,,,EXPLOIT
57,56,,,0,0,0,0,common,1.0,0.09966280017310081,0.1521989825700682,0.18959303926450127,0.0,0.8164253435279226,0.0,,,EXPLOIT
58,56,,,0,1,1,0,common,0.0,0.07222197096969937,0.1372002327402002,0.1543817187760607,0.0,0.8189357460567014,0.0,,,EXPLOIT
59,56,,,0,0,0,0,common,1.0,0.06478082011251551,0.12714659568697642,0.12750144917699713,0.0,0.82135431441237,0.0,,,EXPLOIT
60,56,,,0,0,0,0,common,0.0,0.9578924669268649,0.11868405099478105,0.3766187545019575,0.0,0.8236858815814602,0.0,,,EXPLOIT
61,56,,,0,1,1,0,common,0.0,0.04694428113030459,0.3046059938575715,0.2777164124904616,0.0,0.8259349474730799,0.0,,,EXPLOIT
62,56,,,0,1,1,0,common,0.0,0.030513782734697986,0.29225964952959327,0.2035556235637325,0.0,0.8281057071296585,0.0,,,EXPLOIT
63,56,,,0,0,0,0,common,0.0,0.6226301035024622,0.2844084910658174,0.32927796754535144,0.0,0.8302020761181874,0.0,,,EXPLOIT
64,56,,,0,0,0,0,common,1.0,0.5952904327233995,0.4662102788012501,0.40908170709876585,0.0,0.8322277134253276,0.0,,,EXPLOIT
65,56,,,0,0,0,0,common,0.0,0.6130612187297902,0.29143650356079065,0.4702755605880732,0.0,0.8341860421380526,0.0,,,EXPLOIT
66,56,,,0,0,0,0,common,0.0,0.39848979217436364,0.4717793682775139,0.44873983006396034,0.0,0.8360802681557493,0.0,,,EXPLOIT
67,56,,,0,1,1,0,common,0.0,0.019833958777553694,0.5906071104341722,0.32006806867803833,0.0,0.8379133971489742,0.0,,,EXPLOIT
68,56,,,0,0,0,0,common,1.0,0.7409816350866636,0.585236747929385,0.4463421386006259,0.0,0.8396882499535865,0.0,,,EXPLOIT
69,56,,,0,0,0,0,common,0.0,0.5183619371936686,0.3607527399829659,0.4679480781785387,0.0,0.8414074765661227,0.0,,,EXPLOIT
70,56,,,0,0,0,0,common,1.0,0.6630647408241154,0.5202600145077994,0.5264830769722116,0.0,0.8347766368157312,0.0,,,EXPLOIT
71,56,,,0,0,0,0,common,1.0,0.43099208153567503,0.319721970141385,0.4978357783412506,0.0,0.8366517178256462,0.0,,,EXPLOIT
72,56,,,0,0,0,0,common,1.0,0.2801448529981888,0.21535725353452378,0.43252850073833204,0.0,0.8384665903762634,0.0,,,EXPLOIT
73,56,,,0,0,0,0,common,1.0,0.1820941544488227,0.16288329883836816,0.3573981968514792,0.0,0.84022402121025,0.0,,,EXPLOIT
74,56,,,0,0,0,0,common,1.0,0.11836120039173481,0.13485467071333335,0.2856870979135559,0.0,0.8419266102861898,0.0,,,EXPLOIT
75,56,,,0,0,0,0,common,0.0,0.9230652197453724,0.1189649098925947,0.4769005344631009,0.0,0.8435768031618384,0.0,,,EXPLOIT
76,56,,,0,0,0,0,common,1.0,0.4000076071655079,0.2959947274733042,0.45383265627382297,0.0,0.8451769022902004,0.0,,,EXPLOIT
77,56,,,0,0,0,0,common,0.0,0.7399950553424199,0.20360498993248805,0.539681375994402,0.0,0.8388239234287064,0.0,,,EXPLOIT
78,56,,,0,0,0,0,common,1.0,0.519003214027427,0.3925410903606893,0.5334779274043095,0.0,0.8319991484725646,0.0,,,EXPLOIT
79,56,,,0,0,0,0,common,1.0,0.33735208911782766,0.2515680470014525,0.47464017591836494,0.0,0.8339650210037148,0.0,,,EXPLOIT
80,56,,,0,0,0,0,common,1.0,0.21927885792658797,0.18139548270657166,0.3980317805208318,0.0,0.8358664340568971,0.0,,,EXPLOIT
81,56,,,0,0,0,0,common,0.0,0.8574687423477179,0.14495422906497465,0.5358628690688976,0.0,0.8288161631075878,0.0,,,EXPLOIT
82,56,,,0,0,0,0,common,1.0,0.4426453174739834,0.3289269481230307,0.5078976035904232,0.0,0.8212132701112163,0.0,,,EXPLOIT
83,56,,,0,1,1,0,common,0.0,0.012892073205409901,0.21991087185873798,0.35939594447491924,0.0,0.8235498712201088,0.0,,,EXPLOIT
84,56,,,0,0,0,0,common,1.0,0.28771945635808915,0.2171894364951949,0.33789299803987016,0.0,0.8258037127983545,0.0,,,EXPLOIT
85,56,,,0,0,0,0,common,1.0,0.187017646632758,0.1630790868314979,0.2926303926177365,0.0,0.8279790072444377,0.0,,,EXPLOIT
86,56,,,0,0,0,0,common,1.0,0.12156147031129272,0.13432435323977412,0.24130971592580336,0.0,0.830079686047323,0.0,,,EXPLOIT
87,56,,,0,0,0,0,common,1.0,0.0790149557023403,0.11808555011212514,0.19262128785876442,0.0,0.8321094228214414,0.0,,,EXPLOIT
88,56,,,0,0,0,0,common,1.0,0.051359721206521214,0.10848457137938543,0.15024281786309146,0.0,0.8340716541115513,0.0,,,EXPLOIT
89,56,,,0,0,0,0,common,1.0,0.033383818784238795,0.10262403284354774,0.11518511813943566,0.0,0.8359695982153653,0.0,,,EXPLOIT
90,56,,,0,0,0,0,common,1.0,0.02169948220975526,0.09896892578570199,0.08713942736053153,0.0,0.8378062722408405,0.0,,,EXPLOIT
91,56,,,0,0,0,0,common,1.0,0.01410466343634087,0.09665653795113589,0.06522899818327432,0.0,0.839584507588318,0.0,,,EXPLOIT
92,56,,,0,0,0,0,common,1.0,0.009168031233621532,0.09517981135971679,0.04841070809837848,0.0,0.8413069640246424,0.0,,,EXPLOIT
93,56,,,0,0,0,0,common,1.0,0.005959220301854029,0.09423093182795439,0.035675261759421144,0.0,0.8429761424964213,0.0,,,EXPLOIT
94,56,,,0,0,0,0,common,1.0,0.0038734931962051133,0.09361876903475111,0.026134731190456333,0.0,0.8445943968122709,0.0,,,EXPLOIT
95,56,,,0,0,0,0,common,1.0,0.0025177705775333292,0.09322280074110754,0.01904964300657943,0.0,0.8461639443088311,0.0,,,EXPLOIT
96,56,,,0,0,0,0,common,0.0,0.9983634491246033,0.09296623728223008,0.3128437848419866,0.0,0.8476868756022093,0.0,,,EXPLOIT
97,56,,,0,1,1,0,common,0.0,0.008379847583516436,0.25778231607258834,0.22150460366444555,0.0,0.8491651635150567,0.0,,,EXPLOIT
98,56,,,0,0,0,0,common,0.0,0.6489362419309921,0.25578938710388216,0.34973409514440945,0.0,0.8506006712594515,0.0,,,EXPLOIT
99,56,,,0,0,0,0,common,1.0,0.5781914427448551,0.43806156670842245,0.4182712994245431,0.0,0.8519951599469769,0.0,,,EXPLOIT
100,56,,,0,0,0,0,common,1.0,0.37582443778415586,0.2729562980369612,0.40553724093242693,0.0,0.8533502954896574,0.0,,,EXPLOIT
101,56,,,0,0,0,0,common,1.0,0.24428588455970135,0.19072015286363095,0.3571618340206092,0.0,0.854667654948629,0.0,,,EXPLOIT
102,56,,,0,0,0,0,common,1.0,0.1587858249638059,0.1487937163225353,0.29764903130356823,0.0,0.8559487323814251,0.0,,,EXPLOIT
103,56,,,0,0,0,0,common,1.0,0.10321078622647384,0.12597153948524234,0.2393175577804399,0.0,0.857194944233476,0.0,,,EXPLOIT
104,56,,,0,0,0,0,common,1.0,0.06708701104720804,0.11283636409270072,0.18764839376047035,0.0,0.8584076343147371,0.0,,,EXPLOIT
105,56,,,0,0,0,0,common,1.0,0.04360655718068518,0.10496552271896478,0.1444358427865348,0.0,0.8595880783982205,0.0,,,EXPLOIT
106,56,,,0,1,1,0,common,0.0,0.005446900929285683,0.10011713949163573,0.10273916022936005,0.0,0.8607374884735238,0.0,,,EXPLOIT
107,56,,,0,0,0,0,common,1.0,0.028344262167445344,0.0995259188323252,0.08042069081078564,0.0,0.8618570166851791,0.0,,,EXPLOIT
108,56,,,0,0,0,0,common,1.0,0.018423770408839468,0.09649993885998032,0.06182161469020178,0.0,0.8629477589827405,0.0,,,EXPLOIT
109,56,,,0,0,0,0,common,0.0,0.9880245492342543,0.09457794386109912,0.3396824950534175,0.0,0.8640107585069219,0.0,,,EXPLOIT
110,56,,,0,0,0,0,common,1.0,0.3577840429977347,0.2590661550218738,0.34511295943671266,0.0,0.8650470087337966,0.0,,,EXPLOIT
111,56,,,0,0,0,0,common,0.0,0.7674403720514724,0.18344884702679498,0.4718111832211406,0.0,0.8660574563969805,0.0,,,EXPLOIT
112,56,,,0,0,0,0,common,1.0,0.5011637581665429,0.36929481113546375,0.48061695570476126,0.0,0.8670430042058818,0.0,,,EXPLOIT
113,56,,,0,0,0,0,common,1.0,0.3257564428082529,0.23782183636619963,0.43415880183580874,0.0,0.8680045133764269,0.0,,,EXPLOIT
114,56,,,0,1,1,0,common,1.0,0.9964595143959643,0.17278281460739037,0.6028490156038554,0.0,0.8632058934243804,0.0,,,EXPLOIT
115,56,,,0,0,0,0,common,0.0,0.7882583121746356,0.42066962370445027,0.6584718045750895,0.0,0.8580987422494454,0.0,,,EXPLOIT
116,56,,,0,1,1,0,common,1.0,0.6476986843573769,0.6444157553175909,0.6552398685097757,0.0,0.8526525997778421,0.0,,,EXPLOIT
117,56,,,0,1,1,0,common,0.0,0.578995855167705,0.6843468238247967,0.6323666645071544,0.0,0.8468328602088704,0.0,,,EXPLOIT
118,56,,,0,0,0,0,common,1.0,0.4876320970864869,0.6574695494736512,0.5889462942809541,0.0,0.840600041849547,0.0,,,EXPLOIT
119,56,,,0,1,1,0,common,0.0,0.3763473058590083,0.5353166133176621,0.5251665977543704,0.0,0.8339088969945276,0.0,,,EXPLOIT
120,56,,,0,0,0,0,common,0.0,0.6830391368937835,0.41850050844052367,0.5725283594961943,0.0,0.8267073194213242,0.0,,,EXPLOIT
121,56,,,0,0,0,0,common,1.0,0.5560245610190407,0.6195657207480599,0.5675772199530482,0.0,0.8189349937012403,0.0,,,EXPLOIT
122,56,,,0,0,0,0,common,0.0,0.6385840353376235,0.4580777613481956,0.5888792645684208,0.0,0.810521712223214,0.0,,,EXPLOIT
123,56,,,0,0,0,0,common,1.0,0.5849203770305447,0.6382485987863933,0.5876915983070579,0.0,0.8013852604815014,0.0,,,EXPLOIT
124,56,,,0,0,0,0,common,1.0,0.380198245069854,0.4748940576228412,0.5254435923358967,0.0,0.7914287356430868,0.0,,,EXPLOIT
125,56,,,0,0,0,0,common,1.0,0.24712885929540507,0.3584385094496659,0.44194917242374915,0.0,0.7949382172052807,0.0,,,EXPLOIT
126,56,,,0,0,0,0,common,1.0,0.16063375854201334,0.29031767937017017,0.3575545482592284,0.0,0.7982981726519626,0.0,,,EXPLOIT
127,56,,,0,0,0,0,common,0.0,0.8955880569476913,0.2507610780229289,0.5189646008657672,0.0,0.7880563458672919,0.0,,,EXPLOIT
128,56,,,0,1,1,0,common,0.0,0.2446257488083554,0.5084278450740731,0.43666294524854365,0.0,0.7917123512795551,0.0,,,EXPLOIT
129,56,,,0,1,1,0,common,1.0,0.840993263274569,0.4320423912689746,0.5579620406563512,0.0,0.7808479651408733,0.0,,,EXPLOIT
130,56,,,0,0,0,0,common,0.0,0.5821322370159994,0.6610482450964774,0.5652130995642457,0.0,0.7689149926457796,0.0,,,EXPLOIT
131,56,,,0,0,0,0,common,1.0,0.6216140459396005,0.6820317499431314,0.5821333834768521,0.0,0.7557483248670163,0.0,,,EXPLOIT
132,56,,,0,0,0,0,common,0.0,0.5959508701392597,0.6540757228468556,0.5862786294755743,0.0,0.7411469913977758,0.0,,,EXPLOIT
133,56,,,0,1,1,0,common,0.0,0.4533543788715302,0.684514046568131,0.5464013542943611,0.0,0.724863864943653,0.0,,,EXPLOIT
134,56,,,0,0,0,0,common,1.0,0.6126319344094812,0.6762559317928246,0.5662705283288971,0.0,0.7065916030302413,0.0,,,EXPLOIT
135,56,,,0,0,0,0,common,1.0,0.39821075736616274,0.5349577016805338,0.5158525970400768,0.0,0.6859431182272432,0.0,,,EXPLOIT
136,56,,,0,0,0,0,common,1.0,0.25883699228800583,0.41139573502909854,0.4387479156144555,0.0,0.6953351420337999,0.0,,,EXPLOIT
137,56,,,0,0,0,0,common,1.0,0.1682440449872038,0.3348378836229045,0.3575967544262799,0.0,0.7040958091998242,0.0,,,EXPLOIT
138,56,,,0,0,0,0,common,1.0,0.10935862924168249,0.2894172869996638,0.28312531687090065,0.0,0.7122863115174324,0.0,,,EXPLOIT
139,56,,,0,0,0,0,common,1.0,0.07108310900709358,0.26211378366308574,0.2195126545117585,0.0,0.7199601809313558,0.0,,,EXPLOIT
140,56,,,0,0,0,0,common,1.0,0.04620402085461084,0.24535638284332278,0.1675200644146142,0.0,0.7271644517330682,0.0,,,EXPLOIT
141,56,,,0,1,1,0,common,0.0,0.29468034626649464,0.2348887499139914,0.20566814897017832,0.0,0.7339406173854587,0.0,,,EXPLOIT
142,56,,,0,0,0,0,common,1.0,0.030032613555497023,0.17595161588798192,0.1529774883457739,0.0,0.7403254231057101,0.0,,,EXPLOIT
143,56,,,0,0,0,0,common,1.0,0.01952119881107306,0.1706849206483659,0.11294060148536364,0.0,0.7463515261829226,0.0,,,EXPLOIT
144,56,,,0,0,0,0,common,1.0,0.012688779227197466,0.1673321889115446,0.08286505480791377,0.0,0.7520480490846234,0.0,,,EXPLOIT
145,56,,,0,0,0,0,common,1.0,0.008247706497678364,0.16518248465063295,0.060479850314843146,0.0,0.7574410451253876,0.0,,,EXPLOIT
146,56,,,0,0,0,0,common,1.0,0.00536100922349092,0.16379759558331083,0.043944197987437476,0.0,0.7625538924099777,0.0,,,EXPLOIT
147,56,,,0,0,0,0,common,1.0,0.003484655995269148,0.16290264356018064,0.03180633538978698,0.0,0.767407628617344,0.0,,,EXPLOIT
148,56,,,0,0,0,0,common,0.0,0.9977349736030751,0.16232312683462652,0.3215849268537734,0.0,0.7720212367371014,0.0,,,EXPLOIT
149,56,,,0,0,0,0,common,1.0,0.3514722671580012,0.40220123447284084,0.3305511289450417,0.0,0.7764118899419921,0.0,,,EXPLOIT
150,56,,,0,0,0,0,common,1.0,0.2284569736527008,0.30133261090001523,0.2999228823573394,0.0,0.7805951622556973,0.0,,,EXPLOIT
151,56,,,0,0,0,0,common,1.0,0.14849703287425553,0.24480104316084772,0.2544951275124142,0.0,0.7845852104633131,0.0,,,EXPLOIT
152,56,,,0,0,0,0,common,1.0,0.0965230713682661,0.21240825320945939,0.20710351066916977,0.0,0.7883949317424058,0.0,,,EXPLOIT
153,56,,,0,0,0,0,common,1.0,0.062739996389373,0.19319783145980884,0.16379445638523074,0.0,0.7920361007130219,0.0,,,EXPLOIT
154,56,,,0,0,0,0,common,1.0,0.0407809976530924,0.18147471822535322,0.12689041876558924,0.0,0.7955194889748974,0.0,,,EXPLOIT
155,56,,,0,1,1,0,common,0.0,0.19154222507322152,0.17417069125727275,0.1462859606578789,0.0,0.7988549696882595,0.0,,,EXPLOIT
156,56,,,0,0,0,0,common,1.0,0.026507648474510037,0.14306293088529654,0.11035246700286824,0.0,0.8020516093368412,0.0,,,EXPLOIT
157,56,,,0,0,0,0,common,1.0,0.01722997150843153,0.13915614361180625,0.08241571835453722,0.0,0.805117748469246,0.0,,,EXPLOIT
158,56,,,0,0,0,0,common,1.0,0.011199481480480444,0.13666646062091925,0.06105084729232018,0.0,0.808061072932797,0.0,,,EXPLOIT
159,56,,,0,0,0,0,common,1.0,0.0072796629623123055,0.13506895005208988,0.044919491993317816,0.0,0.8108886768808529,0.0,,,EXPLOIT
160,56,,,0,0,0,0,common,1.0,0.004731780925502971,0.13403928626196598,0.03286317867297336,0.0,0.8136071186410547,0.0,,,EXPLOIT
161,56,,,0,0,0,0,common,1.0,0.003075657601576909,0.1333736708234829,0.02392692235155442,0.0,0.8162224703707238,0.0,,,EXPLOIT
162,56,,,0,0,0,0,common,1.0,0.0019991774410249574,0.13294256490033518,0.017348598878395582,0.0,0.8187403622907923,0.0,,,EXPLOIT
163,56,,,0,0,0,0,common,0.0,0.9987005346633337,0.13266299712119498,0.311754179613877,0.0,0.821166022176507,0.0,,,EXPLOIT
164,56,,,0,0,0,0,common,1.0,0.3508446524688331,0.34490629134472506,0.32348132147036385,0.0,0.8235043106878761,0.0,,,EXPLOIT
165,56,,,0,0,0,0,common,1.0,0.22804902410474148,0.2531165072593555,0.2948516322606771,0.0,0.8257597530423513,0.0,,,EXPLOIT
166,56,,,0,0,0,0,common,0.0,0.851768134331918,0.20351213834209594,0.46192658288204935,0.0,0.8279365674640594,0.0,,,EXPLOIT
167,56,,,0,0,0,0,common,1.0,0.4463507126842533,0.42669733246538843,0.4572538218227105,0.0,0.8300386907859364,0.0,,,EXPLOIT
168,56,,,0,0,0,0,common,1.0,0.29012796324476464,0.2972904787509339,0.4071160642493268,0.0,0.8320698015317256,0.0,,,EXPLOIT
169,56,,,0,0,0,0,common,0.0,0.811416823890903,0.2275699080410641,0.5284062921417996,0.0,0.824724580499905,0.0,,,EXPLOIT
170,56,,,0,0,0,0,common,1.0,0.472579064470913,0.45006140444365716,0.5116581238405336,0.0,0.8167912132094441,0.0,,,EXPLOIT
171,56,,,0,0,0,0,common,1.0,0.30717639190609347,0.3102430529514482,0.4503136042602015,0.0,0.8192881347636006,0.0,,,EXPLOIT
172,56,,,0,0,0,0,common,1.0,0.19966465473896078,0.23454127568890093,0.37511891940382924,0.0,0.821693936894622,0.0,,,EXPLOIT
173,56,,,0,1,1,0,common,0.0,0.124502446297594,0.19319906342937124,0.2999339774719586,0.0,0.824013402970165,0.0,,,EXPLOIT
174,56,,,0,0,0,0,common,0.0,0.8702179744196755,0.17050944928676398,0.4710191765562737,0.0,0.8262509875131279,0.0,,,EXPLOIT
175,56,,,0,0,0,0,common,1.0,0.4343583166272109,0.37827183590444197,0.4600209185775548,0.0,0.8284108439863983,0.0,,,EXPLOIT
176,56,,,0,0,0,0,common,1.0,0.2823329058076871,0.26039157082773307,0.4067145147465945,0.0,0.8304968498072891,0.0,,,EXPLOIT
177,56,,,0,0,0,0,common,0.0,0.8164836112250033,0.19882465232900548,0.5296452436901171,0.0,0.8230276247869769,0.0,,,EXPLOIT
178,56,,,0,0,0,0,common,1.0,0.4692856527037478,0.40849556029279493,0.5115373663942062,0.0,0.8149550864560551,0.0,,,EXPLOIT
179,56,,,0,0,0,0,common,1.0,0.30503567425743605,0.2762954100127372,0.4495868587531751,0.0,0.8175199959697584,0.0,,,EXPLOIT
180,56,,,0,0,0,0,common,1.0,0.19827318826733342,0.20722753801395322,0.37419275760742254,0.0,0.8199901630506252,0.0,,,EXPLOIT
181,56,,,0,0,0,0,common,0.0,0.8711224276262333,0.1700628268315903,0.5232716586130657,0.0,0.8116654227343189,0.0,,,EXPLOIT
182,56,,,0,0,0,0,common,1.0,0.43377042204294836,0.3777706498968538,0.4964212876420305,0.0,0.8143542224337392,0.0,,,EXPLOIT
183,56,,,0,1,1,0,common,0.0,0.0809265900934361,0.2601294415097405,0.3717728783774521,0.0,0.8169415614496525,0.0,,,EXPLOIT
184,56,,,0,0,0,0,common,1.0,0.2819507743279164,0.24121820574519987,0.34482624716259136,0.0,0.8194329528004762,0.0,,,EXPLOIT
185,56,,,0,0,0,0,common,1.0,0.18326800331314563,0.183328221626988,0.2963587740077576,0.0,0.8218335174118081,0.0,,,EXPLOIT
186,56,,,0,0,0,0,common,1.0,0.11912420215354469,0.1521278767868228,0.2431884024514937,0.0,0.8241480183685407,0.0,,,EXPLOIT
187,56,,,0,0,0,0,common,1.0,0.07743073139980405,0.1343613599311066,0.1934611011359868,0.0,0.8263808916380114,0.0,,,EXPLOIT
188,56,,,0,0,0,0,common,0.0,0.9496700245901274,0.12380374267105061,0.420323778172229,0.0,0.8285362736812096,0.0,,,EXPLOIT
189,56,,,0,1,1,0,common,0.0,0.052602283560733466,0.31305066972972784,0.3100073297887803,0.0,0.8306180263136798,0.0,,,EXPLOIT
190,56,,,0,0,0,0,common,1.0,0.38271448401641717,0.29899956033998376,0.33181947605707135,0.0,0.8326297591305126,0.0,,,EXPLOIT
191,56,,,0,0,0,0,common,0.0,0.7512355853893289,0.2094103073996907,0.45764430885674856,0.0,0.8345748497694022,0.0,,,EXPLOIT
192,56,,,0,0,0,0,common,1.0,0.5116968694969362,0.40471071810720444,0.4738600770488048,0.0,0.8364564622510895,0.0,,,EXPLOIT
193,56,,,0,0,0,0,common,1.0,0.3326029651730086,0.2628252054590747,0.4314829434860659,0.0,0.8382775636067038,0.0,,,EXPLOIT
194,56,,,0,0,0,0,common,1.0,0.21619192736245563,0.19107291716356894,0.3668956386489828,0.0,0.8400409389758239,0.0,,,EXPLOIT
195,56,,,0,0,0,0,common,1.0,0.14052475278559617,0.15347573038896234,0.29898437288996677,0.0,0.8417492053368762,0.0,,,EXPLOIT
196,56,,,0,0,0,0,common,1.0,0.09134108931063756,0.13255552052819536,0.236691387816168,0.0,0.8434048240122602,0.0,,,EXPLOIT
197,56,,,0,0,0,0,common,1.0,0.059371708051914385,0.12032714614337038,0.1834954838868919,0.0,0.8450101120738932,0.0,,,EXPLOIT
198,56,,,0,0,0,0,common,1.0,0.038591610233744356,0.1129226425033666,0.14002432179094762,0.0,0.8465672527603495,0.0,,,EXPLOIT
199,56,,,0,0,0,0,common,1.0,0.025084546651933826,0.10832975930990785,0.10554238924924349,0.0,0.8480783050040989,0.0,,,EXPLOIT
200,56,,,0,0,0,0,common,1.0,0.016304955323756976,0.10543465759323782,0.07877115907159754,0.0,0.8495452121562922,0.0,,,EXPLOIT
201,56,,,0,0,0,0,common,1.0,0.01059822096044205,0.10359024128937246,0.058319277638250885,0.0,0.8509698099868563,0.0,,,EXPLOIT
202,56,,,0,0,0,0,common,1.0,0.006888843624287322,0.10240696912317761,0.04289014743406181,0.0,0.852353834029163,0.0,,,EXPLOIT
203,56,,,0,0,0,0,common,1.0,0.004477748355786737,0.10164437688964938,0.031366427710579285,0.0,0.853698926331076,0.0,,,EXPLOIT
204,56,,,0,1,1,0,common,0.0,0.03419148431447676,0.10115143756949226,0.03221394469174853,0.0,0.855006641667608,0.0,,,EXPLOIT
205,56,,,0,0,0,0,common,1.0,0.002910536431261379,0.09745792226555791,0.02342292221360238,0.0,0.8562784532646198,0.0,,,EXPLOIT
206,56,,,0,0,0,0,common,1.0,0.0018918486803198853,0.09714921048901859,0.01696360015361763,0.0,0.8575157580778792,0.0,,,EXPLOIT
207,56,,,0,0,0,0,common,0.0,0.9987702983577921,0.09694902235772834,0.31150560961486995,0.0,0.8587198816672618,0.0,,,EXPLOIT
208,56,,,0,0,0,0,common,0.0,0.6492006939325649,0.2671522301959945,0.4128141349101784,0.0,0.8598920827018609,0.0,,,EXPLOIT
209,56,,,0,0,0,0,common,1.0,0.5780195489438329,0.45288959604422196,0.46237575912027473,0.0,0.8610335571282057,0.0,,,EXPLOIT
210,56,,,0,0,0,0,common,1.0,0.37571270681349134,0.2849431346349253,0.4363768434282397,0.0,0.8621454420306187,0.0,,,EXPLOIT
211,56,,,0,0,0,0,common,1.0,0.24421325942876937,0.1999444793954776,0.37872776822839854,0.0,0.8632288192099177,0.0,,,EXPLOIT
212,56,,,0,0,0,0,common,1.0,0.1587386186287001,0.15632470501887863,0.31273102334848896,0.0,0.864284718504147,0.0,,,EXPLOIT
213,56,,,0,0,0,0,common,1.0,0.10318010210865503,0.13250446734757426,0.24986574697653874,0.0,0.8653141208727796,0.0,,,EXPLOIT
214,56,,,0,0,0,0,common,1.0,0.06706706637062576,0.11877085696785689,0.19502614279476482,0.0,0.8663179612638091,0.0,,,EXPLOIT
215,56,,,0,0,0,0,common,1.0,0.04359359314090672,0.11053303640882456,0.14959637789860736,0.0,0.8672971312813611,0.0,,,EXPLOIT
216,56,,,0,0,0,0,common,1.0,0.02833583554158936,0.10545546306100598,0.11321821519150195,0.0,0.8682524816698262,0.0,,,EXPLOIT
217,56,,,0,0,0,0,common,1.0,0.018418293102033134,0.10226819121683026,0.08477823856466131,0.0,0.869184824629073,0.0,,,EXPLOIT
218,56,,,0,0,0,0,common,1.0,0.011971890516321526,0.10024320578320273,0.06293633415015937,0.0,0.8700949359739902,0.0,,,EXPLOIT
219,56,,,0,0,0,0,common,1.0,0.007781728835609014,0.09894642182337313,0.046389952555794256,0.0,0.8709835571504361,0.0,,,EXPLOIT
220,56,,,0,0,0,0,common,1.0,0.005058123743145848,0.09811165276833168,0.033990403911999735,0.0,0.8718513971186089,0.0,,,EXPLOIT
221,56,,,0,0,0,0,common,1.0,0.0032877804330447846,0.09757247035525494,0.02477961686831325,0.0,0.8726991341139043,0.0,,,EXPLOIT
222,56,,,0,0,0,0,common,0.0,0.9978629427185209,0.0972234396636179,0.31670461462337557,0.0,0.8735274172944535,0.0,,,EXPLOIT
223,56,,,0,0,0,0,common,1.0,0.35138908723296136,0.26756444126492795,0.3271099564062513,0.0,0.8743368682837637,0.0,,,EXPLOIT
224,56,,,0,0,0,0,common,1.0,0.22840290670142493,0.19120532556251146,0.29749784149480335,0.0,0.8751280826161677,0.0,,,EXPLOIT
225,56,,,0,0,0,0,common,1.0,0.1484618893559262,0.15166132638628022,0.2527870558531402,0.0,0.8759016310921539,0.0,,,EXPLOIT
226,56,,,0,0,0,0,common,1.0,0.09650022808135206,0.12986399867027879,0.20590100752160376,0.0,0.8766580610500649,0.0,,,EXPLOIT
227,56,,,0,0,0,0,common,0.0,0.9372748517471212,0.11720724490984519,0.42531316078925896,0.0,0.8773978975601218,0.0,,,EXPLOIT
228,56,,,0,0,0,0,common,1.0,0.39077134636437116,0.2960666042342244,0.4149506164617926,0.0,0.878121644546255,0.0,,,EXPLOIT
229,56,,,0,0,0,0,common,1.0,0.2540013751368413,0.20551199118948632,0.3666658440643072,0.0,0.8788297858407843,0.0,,,EXPLOIT
230,56,,,0,0,0,0,common,1.0,0.16510089383894688,0.15927219157114508,0.30619635899669906,0.0,0.8795227861765875,0.0,,,EXPLOIT
231,56,,,0,0,0,0,common,1.0,0.10731558099531546,0.1341625138592192,0.24653212559628396,0.0,0.8802010921210428,0.0,,,EXPLOIT
232,56,,,0,0,0,0,common,1.0,0.06975512764695502,0.11974810564208899,0.19349902621148526,0.0,0.8808651329556874,0.0,,,EXPLOIT
233,56,,,0,0,0,0,common,1.0,0.04534083297052072,0.11112821486059651,0.14905156823919588,0.0,0.8815153215052438,0.0,,,EXPLOIT
234,56,,,0,0,0,0,common,1.0,0.02947154143083841,0.10582608534220839,0.11317756019668863,0.0,0.8821520549193763,0.0,,,EXPLOIT
235,56,,,0,0,0,0,common,1.0,0.019156501930044922,0.10250241665815896,0.08497124271669551,0.0,0.882775715410297,0.0,,,EXPLOIT
236,56,,,0,0,0,0,common,1.0,0.012451726254529172,0.10039268079079569,0.06321538777804561,0.0,0.8833866709490981,0.0,,,EXPLOIT
237,56,,,0,0,0,0,common,1.0,0.00809362206544395,0.09904242340058983,0.04667885806426511,0.0,0.8839852759234857,0.0,,,EXPLOIT
238,56,,,0,0,0,0,common,1.0,0.005260854342538535,0.09817356866576606,0.03425345694774713,0.0,0.8845718717593851,0.0,,,EXPLOIT
239,56,,,0,0,0,0,common,1.0,0.0034195553226500364,0.0976125117585355,0.025003286460218002,0.0,0.88514678750871,0.0,,,EXPLOIT
240,56,,,0,0,0,0,common,1.0,0.0022227109597224848,0.09724938069962727,0.018169113810069346,0.0,0.8857103404054308,0.0,,,EXPLOIT
241,56,,,0,0,0,0,common,1.0,0.0014447621238196096,0.09701400103807103,0.013151808304194424,0.0,0.8862628363919125,0.0,,,EXPLOIT
242,56,,,0,0,0,0,common,1.0,0.0009390953804827573,0.09686128070926288,0.009487994427080924,0.0,0.8868045706173656,0.0,,,EXPLOIT
243,56,,,0,0,0,0,common,1.0,0.00061041199731382,0.09676212915648874,0.006824719698150792,0.0,0.8873358279101148,0.0,,,EXPLOIT
244,56,,,0,0,0,0,common,1.0,0.0003967677982540385,0.09669772989808761,0.004896334128181766,0.0,0.8878568832252779,0.0,,,EXPLOIT
245,56,,,0,1,1,0,common,1.0,0.9777755351955901,0.09665589117810314,0.29676009444840423,0.0,0.8883680020693367,0.0,,,EXPLOIT
246,56,,,0,0,0,0,common,1.0,0.0002578990688650862,0.26138398820665043,0.20780943583454248,0.0,0.8888694409029764,0.0,,,EXPLOIT
247,56,,,0,0,0,0,common,1.0,0.00016763439476230602,0.2613218876813844,0.1455168954026084,0.0,0.8893614475234831,0.0,,,EXPLOIT
248,56,,,0,0,0,0,common,1.0,0.00010896235659552111,0.26128152787695363,0.10189451548880453,0.0,0.8898442614279,0.0,,,EXPLOIT
249,56,,,0,0,0,0,common,0.0,0.999929174468213,0.2612552963435514,0.37130491318262704,0.0,0.8903181141580576,0.0,,,EXPLOIT
250,56,,,0,0,0,0,common,0.0,0.6499539634043384,0.5533143179308357,0.45489962824914043,0.0,0.8907832296285311,0.0,,,EXPLOIT
251,56,,,0,1,1,0,common,0.0,0.36444590212286637,0.6864586424562236,0.42776351041125815,0.0,0.891239824438498,0.0,,,EXPLOIT
252,56,,,0,0,0,0,common,0.0,0.42247007621281996,0.6287371866493559,0.4261754801517267,0.0,0.8916881081684124,0.0,,,EXPLOIT
253,56,,,0,1,1,0,common,1.0,0.7631101636201368,0.6903103036441274,0.5272558851922496,0.0,0.888271534432084,0.0,,,EXPLOIT
254,56,,,0,0,0,0,common,1.0,0.725394450461667,0.598044980853652,0.5866974547730748,0.0,0.8846699608624298,0.0,,,EXPLOIT
255,56,,,0,1,1,0,common,0.0,0.5039783936469111,0.6919466322100667,0.5618817364352257,0.0,0.8808681406899448,0.0,,,EXPLOIT
256,56,,,0,0,0,0,common,1.0,0.47150639280008355,0.6184988039035721,0.534769133344683,0.0,0.8768491046604238,0.0,,,EXPLOIT
257,56,,,0,0,0,0,common,1.0,0.3064791553200543,0.48315777305084007,0.4662821399372944,0.0,0.8775847732142086,0.0,,,EXPLOIT
258,56,,,0,0,0,0,common,1.0,0.19921145095803527,0.38814011505454893,0.38616093324351664,0.0,0.8783044780341842,0.0,,,EXPLOIT
259,56,,,0,0,0,0,common,1.0,0.12948744312272298,0.33015125326114025,0.3091588862072785,0.0,0.8790086979688932,0.0,,,EXPLOIT
260,56,,,0,0,0,0,common,1.0,0.08416683802976999,0.29513805604596177,0.24166127175402594,0.0,0.8796978930120164,0.0,,,EXPLOIT
261,56,,,0,0,0,0,common,1.0,0.054708444719350546,0.2736821978969768,0.1855754236436233,0.0,0.8803725052220494,0.0,,,EXPLOIT
262,56,,,0,0,0,0,common,1.0,0.035560489067577805,0.2603140023819836,0.14057094327080963,0.0,0.8810329595886583,0.0,,,EXPLOIT
263,56,,,0,0,0,0,common,1.0,0.023114317893925596,0.2518736094846439,0.10533395565774441,0.0,0.8816796648492877,0.0,,,EXPLOIT
264,56,,,0,0,0,0,common,1.0,0.015024306631051587,0.24649334878274143,0.07824106094973655,0.0,0.8823130142593238,0.0,,,EXPLOIT
265,56,,,0,0,0,0,common,1.0,0.00976579931018351,0.2430411106364057,0.05769848245787064,0.0,0.8829333863188625,0.0,,,EXPLOIT
266,56,,,0,0,0,0,common,1.0,0.006347769551619309,0.24081616717763044,0.04229326858599523,0.0,0.8835411454589118,0.0,,,EXPLOIT
267,56,,,0,0,0,0,common,1.0,0.004126050208552501,0.23937799164416734,0.03084310307276241,0.0,0.8841366426896426,0.0,,,EXPLOIT
268,56,,,0,0,0,0,common,1.0,0.002681932635559159,0.23844657458421897,0.022394751941601433,0.0,0.8847202162131168,0.0,,,EXPLOIT
269,56,,,0,0,0,0,common,1.0,0.0017432562131134421,0.2378425889779615,0.016199303223055034,0.0,0.885292192002741,0.0,,,EXPLOIT
270,56,,,0,0,0,0,common,1.0,0.0011331165385237707,0.23745060487776068,0.011679447217695654,0.0,0.8858528843515383,0.0,,,EXPLOIT
271,56,,,0,0,0,0,common,1.0,0.0007365257500404621,0.23719607148967894,0.008396570777399096,0.0,0.8864025963911732,0.0,,,EXPLOIT
272,56,,,0,0,0,0,common,0.0,0.9995212582624737,0.23703073306746855,0.3057339770229215,0.0,0.8869416205835396,0.0,,,EXPLOIT
273,56,,,0,0,0,0,common,1.0,0.35031118212939205,0.5219554573749967,0.3191071385548626,0.0,0.8874702391865849,0.0,,,EXPLOIT
274,56,,,0,0,0,0,common,1.0,0.2277022683841048,0.4129520942457166,0.2916856775036353,0.0,0.8879887246959325,0.0,,,EXPLOIT
275,56,,,0,0,0,0,common,1.0,0.14800647444966808,0.345106703645538,0.2485819165874451,0.0,0.8884973402637608,0.0,,,EXPLOIT
276,56,,,0,1,1,0,common,0.0,0.3275859558704922,0.3042073074369222,0.27228312837235924,0.0,0.8889963400962874,0.0,,,EXPLOIT
277,56,,,0,0,0,0,common,1.0,0.09620420839228427,0.225122718529838,0.21945945237833675,0.0,0.8894859698311277,0.0,,,EXPLOIT
278,56,,,0,0,0,0,common,1.0,0.06253273545498472,0.20507409049663655,0.17238143730133113,0.0,0.8899664668957047,0.0,,,EXPLOIT
279,56,,,0,0,0,0,common,1.0,0.04064627804574006,0.1928121563711685,0.1328608895246538,0.0,0.8904380608478103,0.0,,,EXPLOIT
280,56,,,0,0,0,0,common,1.0,0.02642008072973101,0.1851619926822229,0.10092864688617696,0.0,0.8909009736993486,0.0,,,EXPLOIT
281,56,,,0,0,0,0,common,1.0,0.017173052474325212,0.1803228370806643,0.07580196856262143,0.0,0.8913554202242204,0.0,,,EXPLOIT
282,56,,,0,0,0,0,common,0.0,0.9888375158916887,0.17723321735104253,0.34971263276134157,0.0,0.8918016082512474,0.0,,,EXPLOIT
283,56,,,0,0,0,0,common,0.0,0.6427443853295977,0.4261063949785044,0.4376221585318184,0.0,0.8922397389429806,0.0,,,EXPLOIT
284,56,,,0,0,0,0,common,1.0,0.5822161495357615,0.615771368336263,0.48100035583300127,0.0,0.892670007061176,0.0,,,EXPLOIT
285,56,,,0,1,1,0,common,0.0,0.21293087131581995,0.44495932897537854,0.40057951047784685,0.0,0.8930926012196787,0.0,,,EXPLOIT
286,56,,,0,1,1,0,common,1.0,0.8615949336447171,0.3796036389154697,0.5388841374279079,0.0,0.8897506790679102,0.0,,,EXPLOIT
287,56,,,0,1,1,0,common,0.0,0.43996329313093396,0.6313013212391083,0.5092078841388157,0.0,0.8862297901784195,0.0,,,EXPLOIT
288,56,,,0,1,1,0,common,0.0,0.2859761405351071,0.510124642715478,0.4422383610577031,0.0,0.8867721659149637,0.0,,,EXPLOIT
289,56,,,0,0,0,0,common,1.0,0.378440497198245,0.4209188086009965,0.42309900189986566,0.0,0.8873040478080343,0.0,,,EXPLOIT
290,56,,,0,0,0,0,common,1.0,0.24598632317885927,0.3103908339774148,0.3699651982835637,0.0,0.8878257113965307,0.0,,,EXPLOIT
291,56,,,0,0,0,0,common,1.0,0.15989111006625856,0.2485884874620193,0.30694297181837216,0.0,0.8883374227457146,0.0,,,EXPLOIT
292,56,,,0,0,0,0,common,0.0,0.896070778456932,0.21344176427585404,0.48368131380994006,0.0,0.8888394388513241,0.0,,,EXPLOIT
293,56,,,0,0,0,0,common,1.0,0.4175539940029942,0.4557477698748086,0.46384311786785626,0.0,0.8893320080231701,0.0,,,EXPLOIT
294,56,,,0,0,0,0,common,0.0,0.7285899038980538,0.3303277638182169,0.5432671536769155,0.0,0.8857883731891444,0.0,,,EXPLOIT
295,56,,,0,0,0,0,common,1.0,0.526416562466265,0.5514758488644033,0.5382119763137203,0.0,0.8820493117074829,0.0,,,EXPLOIT
296,56,,,0,0,0,0,common,1.0,0.34217076560307225,0.3892242975526734,0.47939961310052587,0.0,0.8826750746946022,0.0,,,EXPLOIT
297,56,,,0,0,0,0,common,1.0,0.222410997641997,0.2925651566295331,0.40230302846296717,0.0,0.8832880737758055,0.0,,,EXPLOIT
298,56,,,0,0,0,0,common,0.0,0.8554328515327019,0.2385649406144421,0.5382419753838875,0.0,0.8794079939043017,0.0,,,EXPLOIT
299,56,,,0,0,0,0,common,1.0,0.4439686465037438,0.4793930013773936,0.5099599767198444,0.0,0.8753039370830479,0.0,,,EXPLOIT
300,56,,,0,0,0,0,common,1.0,0.28857962022743344,0.34418547256535004,0.44354586977212107,0.0,0.8760735806455398,0.0,,,EXPLOIT
301,56,,,0,0,0,0,common,1.0,0.18757675314783173,0.267457948225097,0.36675513478483424,0.0,0.8768262259261167,0.0,,,EXPLOIT
302,56,,,0,0,0,0,common,0.0,0.8780751104539094,0.22430598975216173,0.5201511274855568,0.0,0.8725696683833762,0.0,,,EXPLOIT
303,56,,,0,0,0,0,common,0.0,0.5707488217950412,0.46622037808809014,0.5353304357784021,0.0,0.8680556184724288,0.0,,,EXPLOIT
304,56,,,0,0,0,0,common,0.0,0.37098673416677674,0.629047000787082,0.48602732529491444,0.0,0.868992683622208,0.0,,,EXPLOIT
305,56,,,0,0,0,0,common,1.0,0.7588586227915951,0.6870776232501418,0.5678767145439186,0.0,0.86425640074544,0.0,,,EXPLOIT
306,56,,,0,0,0,0,common,1.0,0.4932581048145368,0.5230422927784737,0.5454911316251041,0.0,0.8592176185694006,0.0,,,EXPLOIT
307,56,,,0,0,0,0,common,0.0,0.6793822318705511,0.37081375477256134,0.5856584616987381,0.0,0.8538466810434646,0.0,,,EXPLOIT
308,56,,,0,0,0,0,common,1.0,0.5584015492841418,0.5776821875457925,0.5774813879743592,0.0,0.8481099249622558,0.0,,,EXPLOIT
309,56,,,0,0,0,0,common,1.0,0.36296100703469214,0.4072980402086131,0.5131252736924591,0.0,0.8419689794796792,0.0,,,EXPLOIT
310,56,,,0,0,0,0,common,1.0,0.23592465457254996,0.30270299089512753,0.42996508795648636,0.0,0.8436178776859934,0.0,,,EXPLOIT
311,56,,,0,0,0,0,common,1.0,0.1533510254721575,0.24427373648978085,0.34698086921118765,0.0,0.8452167386110135,0.0,,,EXPLOIT
312,56,,,0,0,0,0,common,1.0,0.09967816655690243,0.21093568072332844,0.27279005841490206,0.0,0.8467677286893625,0.0,,,EXPLOIT
313,56,,,0,0,0,0,common,1.0,0.06479080826198658,0.19123134706175426,0.2103902833690274,0.0,0.8482728912361109,0.0,,,EXPLOIT
314,56,,,0,0,0,0,common,1.0,0.0421140253702913,0.17923560657680515,0.15990740596940656,0.0,0.8497341550724223,0.0,,,EXPLOIT
315,56,,,0,0,0,0,common,1.0,0.027374116490689326,0.1717738884273612,0.12014741912579138,0.0,0.8511533424360369,0.0,,,EXPLOIT
316,56,,,0,0,0,0,common,0.0,0.982206824281052,0.16706307899828904,0.37876524067236955,0.0,0.8525321762448298,0.0,,,EXPLOIT
317,56,,,0,0,0,0,common,1.0,0.3615655642173161,0.40607647757689747,0.37360533773585347,0.0,0.8538722867743352,0.0,,,EXPLOIT
318,56,,,0,0,0,0,common,1.0,0.23501761674125543,0.30201575588814866,0.33202902143747404,0.0,0.8551752178036701,0.0,,,EXPLOIT
319,56,,,0,0,0,0,common,1.0,0.15276145088181603,0.24388746350810464,0.2782487502707766,0.0,0.8564424322785815,0.0,,,EXPLOIT
320,56,,,0,1,1,0,common,0.0,0.18588449134781965,0.21071089207017688,0.25053947259388953,0.0,0.8576753175353106,0.0,,,EXPLOIT
321,56,,,0,0,0,0,common,1.0,0.09929494307318043,0.17521470447230517,0.2051661137376768,0.0,0.8588751901245002,0.0,,,EXPLOIT
322,56,,,0,0,0,0,common,0.0,0.9354582870024327,0.15835980481717635,0.42425376571710355,0.0,0.8600433002704225,0.0,,,EXPLOIT
323,56,,,0,0,0,0,common,1.0,0.39195211344841874,0.37613577374876384,0.41456327003649807,0.0,0.8611808359972905,0.0,,,EXPLOIT
324,56,,,0,0,0,0,common,1.0,0.25476887374147217,0.26895167676317455,0.36662495114799026,0.0,0.8622889269512933,0.0,,,EXPLOIT
325,56,,,0,0,0,0,common,1.0,0.16559976793195696,0.21144200639726365,0.3063173961831802,0.0,0.8633686479442161,0.0,,,EXPLOIT
326,56,,,0,0,0,0,common,1.0,0.10763984915577207,0.1794759144806834,0.24671413207495774,0.0,0.86442102224202,0.0,,,EXPLOIT
327,56,,,0,0,0,0,common,1.0,0.06996590195125185,0.16089727746973562,0.19368966303784596,0.0,0.8654470246195446,0.0,,,EXPLOIT
328,56,,,0,0,0,0,common,1.0,0.0454778362683137,0.1497084326614198,0.1492261150069863,0.0,0.8664475842005086,0.0,,,EXPLOIT
329,56,,,0,0,0,0,common,1.0,0.02956059357440388,0.14279698717740144,0.11332645857721156,0.0,0.8674235871002145,0.0,,,EXPLOIT
330,56,,,0,0,0,0,common,1.0,0.019214385823362545,0.13845321183296624,0.08509283675105686,0.0,0.8683758788867586,0.0,,,EXPLOIT
331,56,,,0,0,0,0,common,1.0,0.012489350785185649,0.13569143778412807,0.0633117909612955,0.0,0.8693052668751295,0.0,,,EXPLOIT
332,56,,,0,0,0,0,common,1.0,0.008118078010370677,0.1339220286109154,0.046753677076018046,0.0,0.870212522267282,0.0,,,EXPLOIT
333,56,,,0,0,0,0,common,1.0,0.00527675070674094,0.1327827019190313,0.03431059916523491,0.0,0.8710983821501156,0.0,,,EXPLOIT
334,56,,,0,0,0,0,common,1.0,0.0034298879593815945,0.13204667385896526,0.025046385803478916,0.0,0.8719635513622488,0.0,,,EXPLOIT
335,56,,,0,0,0,0,common,1.0,0.0022294271735980864,0.1315701646953636,0.018201298214514664,0.0,0.8728087042395286,0.0,,,EXPLOIT
336,56,,,0,0,0,0,common,1.0,0.0014491276628387784,0.1312612384900591,0.013175647049011897,0.0,0.8736344862483684,0.0,,,EXPLOIT
337,56,,,0,0,0,0,common,0.0,0.9990580670191548,0.13106077595978516,0.3089403730400547,0.0,0.8744415155152339,0.0,,,EXPLOIT
338,56,,,0,0,0,0,common,1.0,0.35061225643754934,0.34172039785099007,0.3214419380593031,0.0,0.8752303842599025,0.0,,,EXPLOIT
339,56,,,0,0,0,0,common,1.0,0.2278979666844071,0.2505508205801955,0.2933787466468343,0.0,0.8760016601394822,0.0,,,EXPLOIT
340,56,,,0,0,0,0,common,0.0,0.8518663216551354,0.2013668201309484,0.4609250191493246,0.0,0.8767558875096091,0.0,,,EXPLOIT
341,56,,,0,0,0,0,common,1.0,0.44628689092416196,0.4233833801627275,0.45653358068177574,0.0,0.8774935886087156,0.0,,,EXPLOIT
342,56,,,0,0,0,0,common,1.0,0.2900864791007053,0.2945105743305574,0.4065994502074546,0.0,0.8782152646707879,0.0,,,EXPLOIT
343,56,,,0,0,0,0,common,0.0,0.8114437885845416,0.22527455209935443,0.5280527517205806,0.0,0.874041100128255,0.0,,,EXPLOIT
344,56,,,0,1,1,0,common,0.0,0.12082491937608278,0.4467591001245749,0.40588440201723125,0.0,0.8748389588333684,0.0,,,EXPLOIT
345,56,,,0,0,0,0,common,1.0,0.47256153742004803,0.40927197627679296,0.42588754263807627,0.0,0.8756189443920572,0.0,,,EXPLOIT
346,56,,,0,0,0,0,common,1.0,0.3071649993230312,0.2761088557875322,0.3902707796435627,0.0,0.876381612635098,0.0,,,EXPLOIT
347,56,,,0,0,0,0,common,1.0,0.19965724955997033,0.20664577244135762,0.333086720618485,0.0,0.8771274966943586,0.0,,,EXPLOIT
348,56,,,0,0,0,0,common,1.0,0.12977721221398075,0.16932880854725696,0.2720938680971337,0.0,0.8778571081505931,0.0,,,EXPLOIT
349,56,,,0,0,0,0,common,1.0,0.08435518793908747,0.14820354992624427,0.21577226404971983,0.0,0.8785709381122744,0.0,,,EXPLOIT
350,56,,,0,0,0,0,common,1.0,0.05483087216040683,0.13571293356929767,0.16748984648292592,0.0,0.8792694582302556,0.0,,,EXPLOIT
351,56,,,0,0,0,0,common,1.0,0.03564006690426447,0.1280924755449385,0.1279349126093275,0.0,0.8799531216526654,0.0,,,EXPLOIT
352,56,,,0,0,0,0,common,1.0,0.023166043487771848,0.1233423294484797,0.09650425187286078,0.0,0.880622363924108,0.0,,,EXPLOIT
353,56,,,0,0,0,0,common,0.0,0.9849420717329483,0.12033848150393535,0.363035597830887,0.0,0.881277603832917,0.0,,,EXPLOIT
354,56,,,0,0,0,0,common,0.0,0.6402123466264165,0.3153828121795173,0.4461886224695458,0.0,0.8819192442099365,0.0,,,EXPLOIT
355,56,,,0,1,1,0,common,0.0,0.07853619759445381,0.50834367334749,0.3358928950070182,0.0,0.8825476726820279,0.0,,,EXPLOIT
356,56,,,0,0,0,0,common,1.0,0.5838619746928293,0.48391298214030964,0.4102836189127615,0.0,0.8831632623832727,0.0,,,EXPLOIT
357,56,,,0,1,1,0,common,0.0,0.05104852843639498,0.30938171571008527,0.3025130917698515,0.0,0.8837663726266152,0.0,,,EXPLOIT
358,56,,,0,0,0,0,common,0.0,0.620489716449661,0.29583935381907506,0.3979060791737944,0.0,0.884357349538488,0.0,,,EXPLOIT
359,56,,,0,0,0,0,common,1.0,0.5966816843077203,0.47940202384712916,0.45753876071397215,0.0,0.884936526658779,0.0,,,EXPLOIT
360,56,,,0,0,0,0,common,1.0,0.3878430948000182,0.30210853674766536,0.4366300609397859,0.0,0.8855042255083299,0.0,,,EXPLOIT
361,56,,,0,0,0,0,common,0.0,0.7479019883799881,0.2107696021748574,0.5300116391718466,0.0,0.8817492684656523,0.0,,,EXPLOIT
362,56,,,0,0,0,0,common,1.0,0.5138637075530077,0.40572232528122354,0.5251672596861949,0.0,0.8777811096560192,0.0,,,EXPLOIT
363,56,,,0,0,0,0,common,0.0,0.665988590090545,0.2631005474524314,0.5674136588074999,0.0,0.8735812788387918,0.0,,,EXPLOIT
364,56,,,0,0,0,0,common,1.0,0.5671074164411457,0.45292980152947576,0.5673217860975936,0.0,0.869129109103601,0.0,,,EXPLOIT
365,56,,,0,0,0,0,common,1.0,0.3686198206867447,0.2877712878644384,0.5077111964743389,0.0,0.8644014002923978,0.0,,,EXPLOIT
366,56,,,0,0,0,0,common,1.0,0.23960288344638403,0.20354073395556255,0.42727870256595246,0.0,0.8654278918362319,0.0,,,EXPLOIT
367,56,,,0,0,0,0,common,1.0,0.15574187424014962,0.1600198559450307,0.34581765406821163,0.0,0.8664289234476843,0.0,,,EXPLOIT
368,56,,,0,0,0,0,common,0.0,0.8987677817439027,0.13613967348248937,0.5117026923709189,0.0,0.86153006419445,0.0,,,EXPLOIT
369,56,,,0,0,0,0,common,1.0,0.4158009418664632,0.32373087859450805,0.4829321672195822,0.0,0.8626291807102714,0.0,,,EXPLOIT
370,56,,,0,1,1,0,common,0.0,0.033181543483656734,0.221637478472059,0.34800698009880454,0.0,0.8637002522748384,0.0,,,EXPLOIT
371,56,,,0,0,0,0,common,1.0,0.27027061221320103,0.21464357572852746,0.3246860697331235,0.0,0.864744286690068,0.0,,,EXPLOIT
372,56,,,0,0,0,0,common,1.0,0.17567589793858063,0.16396052240140901,0.2799830181947606,0.0,0.8657622441760506,0.0,,,EXPLOIT
373,56,,,0,0,0,0,common,1.0,0.11418933366007744,0.13668915942548035,0.23024491283435566,0.0,0.8667550401476332,0.0,,,EXPLOIT
374,56,,,0,0,0,0,common,1.0,0.07422306687905034,0.12114595130579969,0.18343835904776407,0.0,0.8677235477988062,0.0,,,EXPLOIT
375,56,,,0,0,0,0,common,1.0,0.04824499347138267,0.11189807136077828,0.14288034937484964,0.0,0.8686686005102346,0.0,,,EXPLOIT
376,56,,,0,0,0,0,common,1.0,0.0313592457563987,0.10622920380250955,0.10942401828931436,0.0,0.8695909940938971,0.0,,,EXPLOIT
377,56,,,0,0,0,0,common,1.0,0.020383509741659145,0.10268377515689403,0.08271186572501779,0.0,0.8704914888875446,0.0,,,EXPLOIT
378,56,,,0,0,0,0,common,1.0,0.013249281332078477,0.10043667145701644,0.061873090407136,0.0,0.8713708117105761,0.0,,,EXPLOIT
379,56,,,0,0,0,0,common,1.0,0.008612032865850994,0.0989999206431367,0.04589477314475049,0.0,0.8722296576919067,0.0,,,EXPLOIT
380,56,,,0,0,0,0,common,1.0,0.005597821362803179,0.09807600794555311,0.03380568761016629,0.0,0.873068691979503,0.0,,,EXPLOIT
381,56,,,0,0,0,0,common,1.0,0.0036385838858220554,0.09747964958830195,0.02475555649286302,0.0,0.8738885513404209,0.0,,,EXPLOIT
382,56,,,0,0,0,0,common,1.0,0.0023650795257843527,0.09709377663545077,0.018038413402739418,0.0,0.8746898456594487,0.0,,,EXPLOIT
383,56,,,0,0,0,0,common,1.0,0.001537301691759807,0.09684370057437991,0.013088079889445534,0.0,0.875473159343769,0.0,,,EXPLOIT
384,56,,,0,0,0,0,common,1.0,0.000999246099643858,0.09668146374573562,0.009461429752505031,0.0,0.8762390526404434,0.0,,,EXPLOIT
385,56,,,0,0,0,0,common,1.0,0.0006495099647685354,0.09657614171706516,0.006817853816184082,0.0,0.876988062872972,0.0,,,EXPLOIT
386,56,,,0,0,0,0,common,1.0,0.0004221814770996035,0.09650773808419866,0.004899152114458738,0.0,0.8777207056026631,0.0,,,EXPLOIT
387,56,,,0,0,0,0,common,1.0,0.00027441796011473674,0.09646329923739197,0.003511731868155537,0.0,0.8784374757200979,0.0,,,EXPLOIT
388,56,,,0,0,0,0,common,0.0,0.9998216283259255,0.09643442391838589,0.3024047008054865,0.0,0.8791388484715459,0.0,,,EXPLOIT
389,56,,,0,0,0,0,common,0.0,0.6498840584118516,0.26621742430593875,0.406648508087396,0.0,0.8798252804248147,0.0,,,EXPLOIT
390,56,,,0,0,0,0,common,0.0,0.4224246379677036,0.4519051270304247,0.4113813470514882,0.0,0.880497210378657,0.0,,,EXPLOIT
391,56,,,0,0,0,0,common,1.0,0.7254239853209927,0.5798298729009417,0.5055941385323396,0.0,0.8764566599612534,0.0,,,EXPLOIT
392,56,,,0,0,0,0,common,1.0,0.4715255904586453,0.3595540742662218,0.4953735741102313,0.0,0.8772009003847295,0.0,,,EXPLOIT
393,56,,,0,0,0,0,common,1.0,0.3064916337981194,0.23702748817069624,0.4387089920165977,0.0,0.8779289180291815,0.0,,,EXPLOIT
394,56,,,0,0,0,0,common,1.0,0.19921956196877755,0.17555256388729257,0.3668621630022516,0.0,0.8786412020202724,0.0,,,EXPLOIT
395,56,,,0,0,0,0,common,1.0,0.1294927152797054,0.1430845048841023,0.2956513286854877,0.0,0.8793382221237804,0.0,,,EXPLOIT
396,56,,,0,0,0,0,common,1.0,0.08417026493180857,0.1248620397917865,0.23220700955938398,0.0,0.8800204296947691,0.0,,,EXPLOIT
397,56,,,0,0,0,0,common,1.0,0.0547106722056756,0.11413917537077403,0.17895810835327144,0.0,0.8806882585714493,0.0,,,EXPLOIT
398,56,,,0,0,0,0,common,0.0,0.9644380630663109,0.10761558159830656,0.41460209476718324,0.0,0.8813421259174536,0.0,,,EXPLOIT
399,56,,,0,0,0,0,common,1.0,0.3731152590068979,0.28257581781450947,0.4021560440390976,0.0,0.8819824330159668,0.0,,,EXPLOIT
400,56,,,0,0,0,0,common,1.0,0.24252491835448364,0.1986286492872399,0.3542667063337134,0.0,0.8826095660188903,0.0,,,EXPLOIT
401,56,,,0,0,0,0,common,1.0,0.15764119693041434,0.1555203303319257,0.29527905351272365,0.0,0.8832238966539836,0.0,,,EXPLOIT
402,56,,,0,0,0,0,common,1.0,0.10246677800476933,0.13195922459242643,0.23743537086033736,0.0,0.883825782892709,0.0,,,EXPLOIT
403,56,,,0,0,0,0,common,1.0,0.06660340570310008,0.11836572133073212,0.18618578131316618,0.0,0.884415569581301,0.0,,,EXPLOIT
404,56,,,0,0,0,0,common,0.0,0.9567077862929849,0.11020796658446498,0.4173423828071118,0.0,0.8849935890374043,0.0,,,EXPLOIT
405,56,,,0,0,0,0,common,1.0,0.37813993890955977,0.28623687527713804,0.40558164963784615,0.0,0.885560161614451,0.0,,,EXPLOIT
406,56,,,0,0,0,0,common,1.0,0.24579096029121383,0.20046333954170284,0.35764444283385644,0.0,0.8861155962357922,0.0,,,EXPLOIT
407,56,,,0,0,0,0,common,1.0,0.15976412418928898,0.15649440546791904,0.2982803472404862,0.0,0.8866601909004634,0.0,,,EXPLOIT
408,56,,,0,0,0,0,common,0.0,0.8961533192769622,0.13250850173766424,0.477642238851429,0.0,0.8871942331623187,0.0,,,EXPLOIT
409,56,,,0,0,0,0,common,1.0,0.4175003424699746,0.315961786757492,0.45959966993699264,0.0,0.8877180005841626,0.0,,,EXPLOIT
410,56,,,0,1,1,0,common,0.0,0.021568003264376877,0.215301382442046,0.3281901699352079,0.0,0.8882317611683825,0.0,,,EXPLOIT
411,56,,,0,1,1,0,common,0.0,0.01401920212184497,0.2108369766536355,0.233938879591199,0.0,0.8887357737654927,0.0,,,EXPLOIT
412,56,,,0,0,0,0,common,1.0,0.2713752226054835,0.2079739664184539,0.24516978249548432,0.0,0.8892302884618977,0.0,,,EXPLOIT
413,56,,,0,0,0,0,common,1.0,0.17639389469356426,0.15842475190303584,0.2245370161549083,0.0,0.889715546948099,0.0,,,EXPLOIT
414,56,,,0,0,0,0,common,1.0,0.11465603155081672,0.13185346387331642,0.1915727207736808,0.0,0.8901917828684879,0.0,,,EXPLOIT
415,56,,,0,0,0,0,common,1.0,0.07452642050803082,0.11673882810333196,0.1564588306939858,0.0,0.8906592221537843,0.0,,,EXPLOIT
416,56,,,0,0,0,0,common,1.0,0.04844217333022005,0.10775658313272904,0.12405383348485607,0.0,0.8911180833371252,0.0,,,EXPLOIT
417,56,,,0,0,0,0,common,0.0,0.968512587335357,0.10225460579549482,0.3773914596400063,0.0,0.8915685778547281,0.0,,,EXPLOIT
418,56,,,0,0,0,0,common,1.0,0.370466818232018,0.2717586052862414,0.3753140672176098,0.0,0.8920109103320017,0.0,,,EXPLOIT
419,56,,,0,0,0,0,common,1.0,0.24080343185081166,0.1908193901772396,0.3349608766075703,0.0,0.8924452788559207,0.0,,,EXPLOIT
420,56,,,0,0,0,0,common,1.0,0.15652223070302762,0.14941271062159658,0.2814292828362075,0.0,0.8928718752344255,0.0,,,EXPLOIT
421,56,,,0,0,0,0,common,0.0,0.8982605500430321,0.1268111296195696,0.46647866299825486,0.0,0.8932908852435636,0.0,,,EXPLOIT
422,56,,,0,0,0,0,common,1.0,0.41613064247202913,0.30531355501351065,0.4513742568403871,0.0,0.893702488863045,0.0,,,EXPLOIT
423,56,,,0,0,0,0,common,1.0,0.2704849176068189,0.20745775819467482,0.39710745507031664,0.0,0.8941068605008345,0.0,,,EXPLOIT
424,56,,,0,0,0,0,common,1.0,0.17581519644443233,0.15815594304327324,0.3307197774825513,0.0,0.8945041692073797,0.0,,,EXPLOIT
425,56,,,0,0,0,0,common,1.0,0.11427987768888104,0.1317041830063325,0.26578780754445025,0.0,0.8948945788800217,0.0,,,EXPLOIT
426,56,,,0,0,0,0,common,1.0,0.07428192049777271,0.11665163352555757,0.20833604143044698,0.0,0.895278248458113,0.0,,,EXPLOIT
427,56,,,0,0,0,0,common,0.0,0.9517167516764478,0.10770380206250255,0.43135025450424724,0.0,0.89565533210933,0.0,,,EXPLOIT
428,56,,,0,0,0,0,common,1.0,0.3813841114103089,0.2795490569734852,0.41636041157606574,0.0,0.8960259794076422,0.0,,,EXPLOIT
429,56,,,0,0,0,0,common,1.0,0.24789967241670086,0.1946969454104135,0.3658221898282562,0.0,0.8963903355033681,0.0,,,EXPLOIT
430,56,,,0,0,0,0,common,1.0,0.1611347870708556,0.1514647406319192,0.304415969001036,0.0,0.8967485412857279,0.0,,,EXPLOIT
431,56,,,0,0,0,0,common,1.0,0.1047376115960561,0.12796625471503764,0.244512461779542,0.0,0.8971007335382748,0.0,,,EXPLOIT
432,56,,,0,0,0,0,common,1.0,0.06807944753743644,0.11445891994938423,0.1915825575069103,0.0,0.8974470450875668,0.0,,,EXPLOIT
433,56,,,0,0,0,0,common,1.0,0.044251640899333644,0.10637256999041408,0.1473832825246373,0.0,0.8977876049454192,0.0,,,EXPLOIT
434,56,,,0,0,0,0,common,0.0,0.9712364334154331,0.10139462466528905,0.39453922779187606,0.0,0.8981225384450593,0.0,,,EXPLOIT
435,56,,,0,0,0,0,common,1.0,0.3686963182799685,0.27050921159297214,0.38678635493830377,0.0,0.8984519673714859,0.0,,,EXPLOIT
436,56,,,0,0,0,0,common,1.0,0.23965260688197954,0.19019644579534523,0.34264623052140647,0.0,0.8987760100863197,0.0,,,EXPLOIT
437,56,,,0,0,0,0,common,1.0,0.15577419447328666,0.1490821702715183,0.2865846197069705,0.0,0.8990947816474126,0.0,,,EXPLOIT
438,56,,,0,0,0,0,common,1.0,0.10125322640763634,0.12662466235676736,0.23098520171717024,0.0,0.8994083939234739,0.0,,,EXPLOIT
439,56,,,0,0,0,0,common,1.0,0.06581459716496363,0.11366741695552962,0.18143402035150824,0.0,0.8997169557039512,0.0,,,EXPLOIT
440,56,,,0,0,0,0,common,1.0,0.04277948815722632,0.10589015334241807,0.13983766069322365,0.0,0.9000205728043948,0.0,,,EXPLOIT
441,56,,,0,0,0,0,common,1.0,0.027806667302197163,0.10109405884671518,0.10622836267591569,0.0,0.9003193481675205,0.0,,,EXPLOIT
442,56,,,0,1,1,0,common,1.0,0.9908875186208008,0.09808241490628256,0.37162610945938124,0.0,0.9006133819601747,0.0,,,EXPLOIT
443,56,,,0,0,0,0,common,1.0,0.018074333746428195,0.26783298890868595,0.2655605767454953,0.0,0.9009027716663943,0.0,,,EXPLOIT
444,56,,,0,0,0,0,common,1.0,0.011748316935178305,0.2634314110070162,0.1894168988024002,0.0,0.901187612176742,0.0,,,EXPLOIT
445,56,,,0,0,0,0,common,1.0,0.007636406007865859,0.2605975062993019,0.1348827509640399,0.0,0.901467995874093,0.0,,,EXPLOIT
446,56,,,0,0,0,0,common,1.0,0.004963663905112825,0.2587669626980032,0.09590702484636178,0.0,0.901744012716033,0.0,,,EXPLOIT
447,56,,,0,0,0,0,common,1.0,0.0032263815383233307,0.25758197465209415,0.06810283185395023,0.0,0.9020157503140258,0.0,,,EXPLOIT
448,56,,,0,1,1,0,common,0.0,0.3559231128964795,0.2568137902806608,0.154448916166709,0.0,0.9022832940094951,0.0,,,EXPLOIT
449,56,,,0,0,0,0,common,1.0,0.0020971479999101206,0.1820603700958131,0.10874338571666933,0.0,0.9025467269469604,0.0,,,EXPLOIT
450,56,,,0,0,0,0,common,0.0,0.9986368538000584,0.18167773186833402,0.37571142614168607,0.0,0.9028061301443602,0.0,,,EXPLOIT
451,56,,,0,0,0,0,common,1.0,0.350886045029962,0.43681249392706856,0.36826381180816886,0.0,0.9030615825606859,0.0,,,EXPLOIT
452,56,,,0,1,1,0,common,0.0,0.23135002338271166,0.33203128595484616,0.32718967528053167,0.0,0.90331316116105,0.0,,,EXPLOIT
453,56,,,0,0,0,0,common,1.0,0.22807592926947529,0.27096366526332905,0.29745555147721475,0.0,0.903560940979294,0.0,,,EXPLOIT
454,56,,,0,0,0,0,common,1.0,0.14824935402515893,0.21871066828743474,0.252693692241598,0.0,0.9038049951782515,0.0,,,EXPLOIT
455,56,,,0,0,0,0,common,1.0,0.09636208011635328,0.18910402483378297,0.20579420860402456,0.0,0.9040453951077654,0.0,,,EXPLOIT
456,56,,,0,0,0,0,common,0.0,0.9373646479243704,0.17165169802514954,0.42526534040012826,0.0,0.9042822103605522,0.0,,,EXPLOIT
457,56,,,0,0,0,0,common,1.0,0.39071297884915923,0.40052400429175933,0.41489963193483753,0.0,0.9045155088260152,0.0,,,EXPLOIT
458,56,,,0,0,0,0,common,1.0,0.2539634362519535,0.28963988796564993,0.3666187732299723,0.0,0.9047453567420835,0.0,,,EXPLOIT
459,56,,,0,0,0,0,common,1.0,0.16507623356376977,0.22904645623396985,0.3061560113301115,0.0,0.9049718187451692,0.0,,,EXPLOIT
460,56,,,0,0,0,0,common,1.0,0.10729955181645034,0.19506348258301068,0.24649907347601316,0.0,0.9051949579183177,0.0,,,EXPLOIT
461,56,,,0,0,0,0,common,1.0,0.06974470868069271,0.17521589841710572,0.19347276403741703,0.0,0.9054148358376272,0.0,,,EXPLOIT
462,56,,,0,0,0,0,common,1.0,0.04533406064245027,0.1632287417433284,0.149031153018927,0.0,0.9056315126170109,0.0,,,EXPLOIT
463,56,,,0,0,0,0,common,1.0,0.029467139417592714,0.15581135982639951,0.11316194893852671,0.0,0.9058450469513707,0.0,,,EXPLOIT
464,56,,,0,0,0,0,common,1.0,0.01915364062143521,0.15114459095942018,0.08495945644339925,0.0,0.9060554961582448,0.0,,,EXPLOIT
465,56,,,0,0,0,0,common,0.0,0.9875501335960671,0.14817543939826008,0.35573665958919964,0.0,0.9062629162179962,0.0,,,EXPLOIT
466,56,,,0,0,0,0,common,1.0,0.35809241316255636,0.37247914453813047,0.35644338566120665,0.0,0.9064673618125985,0.0,,,EXPLOIT
467,56,,,0,0,0,0,common,1.0,0.23276006855566167,0.27428144940392546,0.31933839052954316,0.0,0.906668886363075,0.0,,,EXPLOIT
468,56,,,0,0,0,0,common,1.0,0.15129404456118012,0.22055397831152043,0.26892508673903426,0.0,0.9068675420656499,0.0,,,EXPLOIT
469,56,,,0,1,1,0,common,0.0,0.15037751519876258,0.19017133993977597,0.23336081527695274,0.0,0.9070633799266569,0.0,,,EXPLOIT
470,56,,,0,0,0,0,common,1.0,0.0983411289647671,0.16340754451225653,0.19285490938329702,0.0,0.9072564497962593,0.0,,,EXPLOIT
471,56,,,0,0,0,0,common,1.0,0.06392173382709865,0.14766664183606618,0.1541749567164375,0.0,0.9074468004010278,0.0,,,EXPLOIT
472,56,,,0,1,1,0,common,0.0,0.09774538487919568,0.13814496908069487,0.13724608516526493,0.0,0.9076344793754179,0.0,,,EXPLOIT
473,56,,,0,0,0,0,common,1.0,0.04154912698761415,0.12461443073700254,0.10853699771196969,0.0,0.9078195332921947,0.0,,,EXPLOIT
474,56,,,0,0,0,0,common,0.0,0.9729930674580508,0.11922437993046475,0.367873818635794,0.0,0.9080020076918423,0.0,,,EXPLOIT
475,56,,,0,0,0,0,common,1.0,0.3675545061522669,0.3097892727166674,0.36777802489073586,0.0,0.9081819471109983,0.0,,,EXPLOIT
476,56,,,0,0,0,0,common,1.0,0.23891042899897352,0.2210240784329109,0.32911774612320716,0.0,0.9083593951099524,0.0,,,EXPLOIT
477,56,,,0,0,0,0,common,1.0,0.15529177884933276,0.17456167340699835,0.27696995594104484,0.0,0.9085343942992418,0.0,,,EXPLOIT
478,56,,,0,0,0,0,common,1.0,0.10093965625206636,0.1489001545190482,0.22416086603435129,0.0,0.9087069863653795,0.0,,,EXPLOIT
479,56,,,0,0,0,0,common,0.0,0.9343892234361568,0.13400346272658356,0.4372293732548929,0.0,0.9088772120957508,0.0,,,EXPLOIT
480,56,,,0,0,0,0,common,0.0,0.607352995233502,0.3294400440026213,0.4882664598484756,0.0,0.9090451114027036,0.0,,,EXPLOIT
481,56,,,0,1,1,0,common,1.0,0.9364654998285228,0.5139447190770854,0.6227261718424897,0.0,0.9064941378797564,0.0,,,EXPLOIT
482,56,,,0,1,1,0,common,0.0,0.39129742511146015,0.6931229319964478,0.5532975478231807,0.0,0.9038236956685523,0.0,,,EXPLOIT
483,56,,,0,0,0,0,common,1.0,0.6052205530982238,0.6552056683314511,0.5688744494056936,0.0,0.9010253357133128,0.0,,,EXPLOIT
484,56,,,0,0,0,0,common,1.0,0.39339335951384546,0.4953477262367173,0.5162301224381391,0.0,0.8980897932301521,0.0,,,EXPLOIT
485,56,,,0,0,0,0,common,1.0,0.2557056836839996,0.3738179772822435,0.43807279081189726,0.0,0.8984197590572914,0.0,,,EXPLOIT
486,56,,,0,1,1,0,common,0.0,0.2543433263224491,0.3017507642980749,0.3829539514650628,0.0,0.8987443271625906,0.0,,,EXPLOIT
487,56,,,0,0,0,0,common,1.0,0.16620869439459973,0.23926165387727652,0.31793037434392385,0.0,0.8990636129241606,0.0,,,EXPLOIT
488,56,,,0,0,0,0,common,1.0,0.10803565135648985,0.20386870540726565,0.2549619574476936,0.0,0.8993777285198931,0.0,,,EXPLOIT
489,56,,,0,0,0,0,common,1.0,0.07022317338171846,0.18315830426740864,0.19954032222790105,0.0,0.8996867830377987,0.0,,,EXPLOIT
490,56,,,0,0,0,0,common,1.0,0.04564506269811697,0.17063782498250135,0.1533717443689658,0.0,0.8999908825818069,0.0,,,EXPLOIT
491,56,,,0,0,0,0,common,1.0,0.029669290753776,0.1628862609477386,0.11626100828440886,0.0,0.9002901303732426,0.0,,,EXPLOIT
492,56,,,0,0,0,0,common,1.0,0.019285038989954373,0.15800770916874546,0.08716821749607251,0.0,0.9005846268481864,0.0,,,EXPLOIT
493,56,,,0,0,0,0,common,1.0,0.01253527534347032,0.15490322887265984,0.06477833485029184,0.0,0.9008744697509115,0.0,,,EXPLOIT
494,56,,,0,0,0,0,common,1.0,0.00814792897325567,0.15291315972866365,0.04778921308718099,0.0,0.9011597542235773,0.0,,,EXPLOIT
495,56,,,0,0,0,0,common,1.0,0.005296153832616168,0.1516312982523642,0.035041295310811536,0.0,0.9014405728923581,0.0,,,EXPLOIT
496,56,,,0,0,0,0,common,1.0,0.0034424999912004983,0.15080300226056528,0.025561656714928223,0.0,0.9017170159501693,0.0,,,EXPLOIT
497,56,,,0,0,0,0,common,1.0,0.002237624994280374,0.1502666798483795,0.018564447198733867,0.0,0.901989171236145,0.0,,,EXPLOIT
498,56,,,0,0,0,0,common,0.0,0.9985455437537177,0.14991894314601917,0.31255877616522904,0.0,0.9022571243120174,0.0,,,EXPLOIT
499,56,,,0,0,0,0,common,1.0,0.3509453965600835,0.3791110218814142,0.32407476228368537,0.0,0.9025209585355386,0.0,,,EXPLOIT
500,56,,,0,0,0,0,common,1.0,0.2281145077640543,0.2816730558841036,0.295286685927796,0.0,0.9027807551310733,0.0,,,EXPLOIT
501,56,,,0,0,0,0,common,1.0,0.14827443004663532,0.2278885161873711,0.25118300916344777,0.0,0.9030365932574934,0.0,,,EXPLOIT
502,56,,,0,1,1,0,common,0.0,0.16532316210959191,0.19729378375279671,0.225425055047291,0.0,0.9032885500734931,0.0,,,EXPLOIT
503,56,,,0,0,0,0,common,1.0,0.09637837953031292,0.16714122956801294,0.18671105239219757,0.0,0.9035367008004342,0.0,,,EXPLOIT
504,56,,,0,0,0,0,common,1.0,0.06264594669470336,0.15140153953989138,0.1494915206829493,0.0,0.9037811187828374,0.0,,,EXPLOIT
505,56,,,0,0,0,0,common,1.0,0.04071986535155714,0.14186125951242431,0.11686002408353165,0.0,0.9040218755466131,0.0,,,EXPLOIT
506,56,,,0,0,0,0,common,1.0,0.0264679124785121,0.13594146907601404,0.08974239060202578,0.0,0.9042590408551363,0.0,,,EXPLOIT
507,56,,,0,0,0,0,common,1.0,0.01720414311103291,0.13220952063237604,0.06798091635472792,0.0,0.9044926827632568,0.0,,,EXPLOIT
508,56,,,0,0,0,0,common,1.0,0.011182693022171342,0.12983189439258097,0.05094144935496094,0.0,0.9047228676693286,0.0,,,EXPLOIT
509,56,,,0,0,0,0,common,0.0,0.9927312495355887,0.12830654499425007,0.33347838940914926,0.0,0.9049496603653502,0.0,,,EXPLOIT
510,56,,,0,0,0,0,common,0.0,0.6452753121981327,0.33424343244512544,0.42701746624584425,0.0,0.9051731240852873,0.0,,,EXPLOIT
511,56,,,0,0,0,0,common,1.0,0.5805710470712138,0.5307638164094489,0.47308354049345513,0.0,0.9053933205516614,0.0,,,EXPLOIT
512,56,,,0,0,0,0,common,1.0,0.37737118059628894,0.3526969578420549,0.44436983252430523,0.0,0.9056103100204719,0.0,,,EXPLOIT
513,56,,,0,0,0,0,common,1.0,0.24529126738758777,0.25325095017658,0.38464626298328997,0.0,0.905824151324522,0.0,,,EXPLOIT
514,56,,,0,0,0,0,common,1.0,0.15943932380193204,0.20020435923795027,0.31708418122888254,0.0,0.9060349019152153,0.0,,,EXPLOIT
515,56,,,0,0,0,0,common,1.0,0.10363556047125588,0.17070084868131316,0.2530495950015945,0.0,0.9062426179028847,0.0,,,EXPLOIT
516,56,,,0,1,1,0,common,0.0,0.10746005537123475,0.15352412557083808,0.20937273311248655,0.0,0.9064473540957138,0.0,,,EXPLOIT
517,56,,,0,0,0,0,common,1.0,0.06736311430631636,0.1372863058650504,0.16676984747063547,0.0,0.906649164037306,0.0,,,EXPLOIT
518,56,,,0,0,0,0,common,1.0,0.04378602429910561,0.12788310162468322,0.1298747005191765,0.0,0.906848100042961,0.0,,,EXPLOIT
519,56,,,0,0,0,0,common,1.0,0.028460915794418673,0.12207762585399473,0.09945056510174914,0.0,0.9070442132347025,0.0,,,EXPLOIT
520,56,,,0,0,0,0,common,1.0,0.018499595266372126,0.11842973910295601,0.07516527415113604,0.0,0.9072375535751146,0.0,,,EXPLOIT
521,56,,,0,1,1,0,common,0.0,0.0698490359913026,0.11611063600657144,0.073570402703186,0.0,0.9074281699000281,0.0,,,EXPLOIT
522,56,,,0,0,0,0,common,1.0,0.012024736923141877,0.10771405610659049,0.05510670296917276,0.0,0.9076161099501067,0.0,,,EXPLOIT
523,56,,,0,0,0,0,common,1.0,0.00781607900004222,0.10632458296841367,0.0409195157784336,0.0,0.9078014204013719,0.0,,,EXPLOIT
524,56,,,0,0,0,0,common,1.0,0.005080451350027437,0.1054300595352153,0.030167796449911747,0.0,0.9079841468947113,0.0,,,EXPLOIT
525,56,,,0,0,0,0,common,1.0,0.003302293377517862,0.10485224483340626,0.022108145528193582,0.0,0.9081643340644076,0.0,,,EXPLOIT
526,56,,,0,0,0,0,common,1.0,0.002146490695386638,0.10447819092076116,0.0161196490783515,0.0,0.9083420255657272,0.0,,,EXPLOIT
527,56,,,0,0,0,0,common,0.0,0.9986047810479987,0.10423569877565675,0.3108651886692456,0.0,0.9085172641016029,0.0,,,EXPLOIT
528,56,,,0,0,0,0,common,1.0,0.3509068923188008,0.2837567959558683,0.3228776997641122,0.0,0.9086900914484481,0.0,,,EXPLOIT
529,56,,,0,0,0,0,common,1.0,0.2280894800072205,0.20394444408504736,0.2944412338370447,0.0,0.9088605484811308,0.0,,,EXPLOIT
530,56,,,0,0,0,0,common,1.0,0.14825816200469333,0.1622532931251564,0.25058631228733924,0.0,0.9090286751971445,0.0,,,EXPLOIT
531,56,,,0,0,0,0,common,1.0,0.09636780530305067,0.139171647901602,0.20432076019205264,0.0,0.9091945107400004,0.0,,,EXPLOIT
532,56,,,0,0,0,0,common,1.0,0.06263907344698294,0.12573643421258507,0.1618162541685317,0.0,0.9093580934218762,0.0,,,EXPLOIT
533,56,,,0,0,0,0,common,0.0,0.9592846022594611,0.11762593986048415,0.4010567585958105,0.0,0.909519460745543,0.0,,,EXPLOIT
534,56,,,0,0,0,0,common,1.0,0.37646500853135034,0.3027467684601764,0.39367923357647244,0.0,0.9096786494256002,0.0,,,EXPLOIT
535,56,,,0,0,0,0,common,1.0,0.24470225554537772,0.21361380986162642,0.348986140167144,0.0,0.9098356954090439,0.0,,,EXPLOIT
536,56,,,0,0,0,0,common,1.0,0.15905646610449553,0.16744285576936588,0.29200723794834943,0.0,0.9099906338951925,0.0,,,EXPLOIT
537,56,,,0,0,0,0,common,0.0,0.8966132970320779,0.14211895398905022,0.4733890556734679,0.0,0.9101434993549912,0.0,,,EXPLOIT
538,56,,,0,0,0,0,common,0.0,0.5827986430708507,0.3345796978611415,0.5062119318926827,0.0,0.9076431467296509,0.0,,,EXPLOIT
539,56,,,0,0,0,0,common,1.0,0.621180882003947,0.5120333432613642,0.5407026169260619,0.0,0.9050268450502533,0.0,,,EXPLOIT
540,56,,,0,0,0,0,common,1.0,0.40376757330256563,0.3238784342814196,0.499622103839013,0.0,0.9052491788132697,0.0,,,EXPLOIT
541,56,,,0,0,0,0,common,1.0,0.26244892264666764,0.22433147046899835,0.42847014948130935,0.0,0.9054682661980226,0.0,,,EXPLOIT
542,56,,,0,0,0,0,common,1.0,0.170591799720334,0.17313872335714175,0.3511066445530167,0.0,0.9056841669665001,0.0,,,EXPLOIT
543,56,,,0,0,0,0,common,1.0,0.1108846698182171,0.14532665995437044,0.2790400521325768,0.0,0.905896939472031,0.0,,,EXPLOIT
544,56,,,0,0,0,0,common,1.0,0.07207503538184112,0.12937589159778645,0.2169505471073561,0.0,0.9061066407005693,0.0,,,EXPLOIT
545,56,,,0,0,0,0,common,1.0,0.046848772998196786,0.11984704107040092,0.1659200148746083,0.0,0.906313326310533,0.0,,,EXPLOIT
546,56,,,0,0,0,0,common,1.0,0.03045170244882789,0.11399061221648285,0.12527952114687416,0.0,0.9065170506712533,0.0,,,EXPLOIT
547,56,,,0,0,0,0,common,1.0,0.019793606591738122,0.11032165017325192,0.09363374678033334,0.0,0.9067178669000956,0.0,,,EXPLOIT
548,56,,,0,0,0,0,common,1.0,0.01286584428462978,0.10799368566143838,0.06940337603162226,0.0,0.9069158268982982,0.0,,,EXPLOIT
549,56,,,0,0,0,0,common,0.0,0.9916372012149907,0.10650416848843816,0.3460735235866328,0.0,0.9071109813855878,0.0,,,EXPLOIT
550,56,,,0,0,0,0,common,1.0,0.355435819210256,0.2870642829650355,0.34888221227371974,0.0,0.9073033799336131,0.0,,,EXPLOIT
551,56,,,0,0,0,0,common,1.0,0.23103328248666644,0.20563237113388788,0.31352753333760375,0.0,0.9074930709982494,0.0,,,EXPLOIT
552,56,,,0,0,0,0,common,1.0,0.15017163361633323,0.16316293995730183,0.26452076342122255,0.0,0.9076801019508145,0.0,,,EXPLOIT
553,56,,,0,0,0,0,common,0.0,0.9023884381493834,0.13969003345145947,0.4558810658396708,0.0,0.9078645191082401,0.0,,,EXPLOIT
554,56,,,0,1,1,0,common,0.0,0.04540187339434669,0.33156998272328675,0.33273730810607355,0.0,0.9080463677622387,0.0,,,EXPLOIT
555,56,,,0,0,0,0,common,0.0,0.5865524847970993,0.3189973856371171,0.40888186111338126,0.0,0.9082256922075052,0.0,,,EXPLOIT
556,56,,,0,0,0,0,common,0.0,0.38125911511811456,0.4958061356457937,0.40059503731480123,0.0,0.9084025357689903,0.0,,,EXPLOIT
557,56,,,0,0,0,0,common,1.0,0.7521815751732255,0.6062042875392748,0.5060709986723284,0.0,0.9058217195461624,0.0,,,EXPLOIT
558,56,,,0,0,0,0,common,0.0,0.5110819761374034,0.3809570402748743,0.5075742919118509,0.0,0.9031193427694879,0.0,,,EXPLOIT
559,56,,,0,0,0,0,common,1.0,0.6677967155106879,0.5387503647946222,0.555641018991502,0.0,0.9002867562603557,0.0,,,EXPLOIT
560,56,,,0,0,0,0,common,1.0,0.43406786508194706,0.3353645336290492,0.5191690728186354,0.0,0.897314470594081,0.0,,,EXPLOIT
561,56,,,0,0,0,0,common,1.0,0.28214411230326564,0.22668159266661875,0.4480615846640245,0.0,0.8976572286958301,0.0,,,EXPLOIT
562,56,,,0,0,0,0,common,0.0,0.8166063270028774,0.17159803125700548,0.5586250073656803,0.0,0.8945523080625597,0.0,,,EXPLOIT
563,56,,,0,0,0,0,common,0.0,0.5307941125518703,0.36425701415561673,0.5502757389215372,0.0,0.8912871097206428,0.0,,,EXPLOIT
564,56,,,0,0,0,0,common,1.0,0.6549838268412843,0.5276996158682719,0.5816881652974614,0.0,0.8878490726704205,0.0,,,EXPLOIT
565,56,,,0,0,0,0,common,1.0,0.42573948744683476,0.3286987201846211,0.5349035619422733,0.0,0.8842242884051263,0.0,,,EXPLOIT
566,56,,,0,0,0,0,common,1.0,0.27673066684044256,0.2233432016160416,0.45745169341172404,0.0,0.8848061145781997,0.0,,,EXPLOIT
567,56,,,0,0,0,0,common,1.0,0.1798749334462877,0.16985673977240465,0.3741786654220931,0.0,0.8853763905450943,0.0,,,EXPLOIT
568,56,,,0,1,1,0,common,1.0,0.9704887822936746,0.14112258278662396,0.5530717004835675,0.0,0.8816142713486469,0.0,,,EXPLOIT
569,56,,,0,0,0,0,common,1.0,0.11691870674008698,0.3537465931945433,0.42222580236052326,0.0,0.8822489664609028,0.0,,,EXPLOIT
570,56,,,0,0,0,0,common,1.0,0.07599715938105656,0.32073775886077605,0.3183572094666832,0.0,0.8828706462434752,0.0,,,EXPLOIT
571,56,,,0,0,0,0,common,1.0,0.049398153597686734,0.3002611192098146,0.23766949270598425,0.0,0.8834796765331393,0.0,,,EXPLOIT
572,56,,,0,0,0,0,common,1.0,0.03210879983849635,0.28739678139356906,0.17600128484573785,0.0,0.8840764096813308,0.0,,,EXPLOIT
573,56,,,0,0,0,0,common,1.0,0.02087071989502265,0.27922963699145764,0.1294621153605233,0.0,0.884661185170394,0.0,,,EXPLOIT
574,56,,,0,0,0,0,common,1.0,0.013565967931764678,0.27400464581305883,0.0946932711318957,0.0,0.8852343301963339,0.0,,,EXPLOIT
575,56,,,0,0,0,0,common,1.0,0.008817879155647024,0.27064406757523696,0.06893065353902109,0.0,0.8857961602201784,0.0,,,EXPLOIT
576,56,,,0,0,0,0,common,1.0,0.005731621451170565,0.26847483858947074,0.049970943912665926,0.0,0.886346979489905,0.0,,,EXPLOIT
577,56,,,0,0,0,0,common,1.0,0.0037255539432609064,0.26707125886312494,0.03609732692184442,0.0,0.8868870815347499,0.0,,,EXPLOIT
578,56,,,0,0,0,0,common,1.0,0.0024216100631195836,0.2661616491649818,0.025994611864226965,0.0,0.8874167496335881,0.0,,,EXPLOIT
579,56,,,0,1,1,0,common,0.0,0.36918229150911147,0.26557155217527223,0.12895091575769232,0.0,0.8879362572589593,0.0,,,EXPLOIT
580,56,,,0,0,0,0,common,1.0,0.0015740465410277737,0.1863242458669486,0.09073785499269295,0.0,0.8884458684982025,0.0,,,EXPLOIT
581,56,,,0,0,0,0,common,1.0,0.001023130251668003,0.18603152526720104,0.06382343757038546,0.0,0.8889458384530668,0.0,,,EXPLOIT
582,56,,,0,0,0,0,common,1.0,0.0006650346635842519,0.18584145703642538,0.04487591669834509,0.0,0.8894364136190679,0.0,,,EXPLOIT
583,56,,,0,0,0,0,common,1.0,0.00043227253132971377,0.18571799722263055,0.03154282344824048,0.0,0.8899178322457799,0.0,,,EXPLOIT
584,56,,,0,1,1,0,common,1.0,0.7600315105190776,0.18563778405167755,0.2500894295694916,0.0,0.8903903246791716,0.0,,,EXPLOIT
585,56,,,0,0,0,0,common,1.0,0.00028097714536434726,0.37060935564811276,0.1751468938422534,0.0,0.8908541136870198,0.0,,,EXPLOIT
586,56,,,0,0,0,0,common,1.0,0.00018263514448679796,0.37052622669265456,0.12265761623292341,0.0,0.8913094147683712,0.0,,,EXPLOIT
587,56,,,0,0,0,0,common,1.0,0.00011871284391640202,0.3704721972572304,0.0858959452162213,0.0,0.8917564364479545,0.0,,,EXPLOIT
588,56,,,0,0,0,0,common,1.0,7.716334854568352e-05,0.3704370799779512,0.06015031065591862,0.0,0.8921953805563918,0.0,,,EXPLOIT
589,56,,,0,0,0,0,common,1.0,5.0156176554683185e-05,0.370414254529853,0.04212026431210943,0.0,0.8926264424970008,0.0,,,EXPLOIT
590,56,,,0,1,1,0,common,1.0,0.4940204818374003,0.3703994183196515,0.1776903295696967,0.0,0.8930498114999332,0.0,,,EXPLOIT
591,56,,,0,0,0,0,common,1.0,3.260151476058848e-05,0.522847509783259,0.12439301115321585,0.0,0.8934656708643389,0.0,,,EXPLOIT
592,56,,,0,0,0,0,common,1.0,2.1190984594410267e-05,0.5228375558158367,0.08708146510262942,0.0,0.8938741981892175,0.0,,,EXPLOIT
593,56,,,0,0,0,0,common,1.0,1.3774139986377776e-05,0.5228310856853109,0.0609611578138365,0.0,0.8942755655935619,0.0,,,EXPLOIT
594,56,,,0,0,0,0,common,1.0,8.953190991145554e-06,0.5228268800786282,0.04267549642698289,0.0,0.894669939926372,0.0,,,EXPLOIT
595,56,,,0,0,0,0,common,1.0,5.819574144250161e-06,0.5228241464250575,0.029874593371131294,0.0,0.895057482967079,0.0,,,EXPLOIT
596,56,,,0,1,1,0,common,0.0,0.6788866868056898,0.5228223695463383,0.22457822140149883,0.0,0.8954383516168845,0.0,,,EXPLOIT
597,56,,,0,0,0,0,common,1.0,3.7827231937903605e-06,0.31768551830930586,0.1572058897980073,0.0,0.8958126980814939,0.0,,,EXPLOIT
598,56,,,0,0,0,0,common,1.0,2.4587700759859388e-06,0.3176844848549938,0.11004486048962789,0.0,0.8961806700456911,0.0,,,EXPLOIT
599,56,,,0,0,0,0,common,1.0,1.5982005493464513e-06,0.3176838131107451,0.07703188180290432,0.0,0.8965424108401769,0.0,,,EXPLOIT
600,56,,,0,0,0,0,common,1.0,1.0388303570696422e-06,0.3176833764774291,0.05392262891114014,0.0,0.8968980596010662,0.0,,,EXPLOIT
601,56,,,0,0,0,0,common,1.0,6.752397321285741e-07,0.3176830926659619,0.03774604280971774,0.0,0.8972477514224215,0.0,,,EXPLOIT
602,56,,,0,0,0,0,common,1.0,4.3890582590577765e-07,0.3176829081885876,0.026422361638550187,0.0,0.8975916175021731,0.0,,,EXPLOIT
603,56,,,0,1,1,0,common,0.0,0.4412763464236984,0.31768278827832797,0.15087855707409464,0.0,0.8979297852817558,0.0,,,EXPLOIT
604,56,,,0,0,0,0,common,1.0,2.85288786816551e-07,0.21168034666503305,0.10561507553850229,0.0,0.8982623785797806,0.0,,,EXPLOIT
605,56,,,0,1,1,0,common,0.0,0.286829625175404,0.21168028790986257,0.1599794404295728,0.0,0.8985895177200323,0.0,,,EXPLOIT
606,56,,,0,0,0,0,common,1.0,1.854377114085537e-07,0.15885897846498925,0.11198566393201437,0.0,0.8989113196540734,0.0,,,EXPLOIT
607,56,,,0,0,0,0,common,1.0,1.2053451237115098e-07,0.15885894822570995,0.07839000091276377,0.0,0.8992278980787185,0.0,,,EXPLOIT
608,56,,,0,0,0,0,common,1.0,7.834743298573699e-08,0.15885892857018102,0.05487302414316453,0.0,0.899539363548627,0.0,,,EXPLOIT
609,56,,,0,0,0,0,common,1.0,5.092583144072904e-08,0.15885891579408834,0.0384111321779646,0.0,0.8998458235842481,0.0,,,EXPLOIT
610,56,,,0,0,0,0,common,1.0,3.310179041982053e-08,0.1588589074896285,0.026887802455112346,0.0,0.9001473827753436,0.0,,,EXPLOIT
611,56,,,0,0,0,0,common,1.0,2.1516163739576655e-08,0.15885890209172987,0.018821468173427763,0.0,0.9004441428802945,0.0,,,EXPLOIT
612,56,,,0,0,0,0,common,1.0,1.3985506419622595e-08,0.15885889858309574,0.01317503191705136,0.0,0.9007362029213938,0.0,,,EXPLOIT
613,56,,,0,0,0,0,common,1.0,9.090579178305802e-09,0.15885889630248368,0.009222525069109706,0.0,0.9010236592763101,0.0,,,EXPLOIT
614,56,,,0,0,0,0,common,1.0,5.908876499205462e-09,0.15885889482008583,0.0064557693210397435,0.0,0.901306605765905,0.0,,,EXPLOIT
615,56,,,0,0,0,0,common,0.0,0.9999999961592303,0.15885889385652718,0.30451903737249686,0.0,0.9015851337385672,0.0,,,EXPLOIT
616,56,,,0,0,0,0,common,1.0,0.3500000024965002,0.3964790193250954,0.31816332690969784,0.0,0.9018593321512283,0.0,,,EXPLOIT
617,56,,,0,0,0,0,common,1.0,0.2275000016227251,0.29677260301065145,0.290964329323606,0.0,0.9021292876472083,0.0,,,EXPLOIT
618,56,,,0,0,0,0,common,1.0,0.14787500105477136,0.24106313055218834,0.2480375308429556,0.0,0.9023950846310369,0.0,,,EXPLOIT
619,56,,,0,0,0,0,common,0.0,0.9038812493143986,0.2091782357140471,0.4447906463843885,0.0,0.9026568053403854,0.0,,,EXPLOIT
620,56,,,0,0,0,0,common,1.0,0.4124771879456408,0.4517021806412401,0.43509660885276413,0.0,0.9029145299152382,0.0,,,EXPLOIT
621,56,,,0,0,0,0,common,1.0,0.2681101721646666,0.32814081245339144,0.38500067784633485,0.0,0.9031683364644297,0.0,,,EXPLOIT
622,56,,,0,0,0,0,common,1.0,0.17427161190703333,0.2586468022110929,0.32178195806454435,0.0,0.9034183011296582,0.0,,,EXPLOIT
623,56,,,0,0,0,0,common,1.0,0.11327654773957163,0.21936856724637888,0.2592303349670525,0.0,0.9036644981470916,0.0,,,EXPLOIT
624,56,,,0,1,1,0,common,0.0,0.1864392563640126,0.1963866206745264,0.23739301138614052,0.0,0.9039069999066689,0.0,,,EXPLOIT
625,56,,,0,0,0,0,common,1.0,0.07362975603072153,0.16280197186003004,0.1882640347795148,0.0,0.904145877009196,0.0,,,EXPLOIT
626,56,,,0,0,0,0,common,0.0,0.952140658580031,0.15092751248053476,0.4174270219196697,0.0,0.9043811983213335,0.0,,,EXPLOIT
627,56,,,0,0,0,0,common,1.0,0.38110857192297987,0.36726307367958283,0.4065314869206627,0.0,0.9046130310285644,0.0,,,EXPLOIT
628,56,,,0,0,0,0,common,1.0,0.2477205717499369,0.26428650700005785,0.3588882123694449,0.0,0.9048414406862283,0.0,,,EXPLOIT
629,56,,,0,0,0,0,common,1.0,0.16101837163745902,0.2089718638067426,0.2995272601498491,0.0,0.9050664912687068,0.0,,,EXPLOIT
630,56,,,0,0,0,0,common,0.0,0.8953380584356516,0.17813035710743802,0.4782704996355899,0.0,0.9052882452168314,0.0,,,EXPLOIT
631,56,,,0,0,0,0,common,1.0,0.41803026201682636,0.39889197009172717,0.4601984283499608,0.0,0.9055067634835966,0.0,,,EXPLOIT
632,56,,,0,0,0,0,common,1.0,0.27171967031093713,0.28128771392864504,0.4036548009382537,0.0,0.9057221055782412,0.0,,,EXPLOIT
633,56,,,0,0,0,0,common,1.0,0.17661778570210918,0.21821410264256966,0.33554369636741027,0.0,0.9059343296087702,0.0,,,EXPLOIT
634,56,,,0,0,0,0,common,1.0,0.11480156070637093,0.18338951146827537,0.2693210556690985,0.0,0.9061434923229784,0.0,,,EXPLOIT
635,56,,,0,0,0,0,common,1.0,0.07462101445914116,0.16327400907882386,0.21091104330611127,0.0,0.9063496491480388,0.0,,,EXPLOIT
636,56,,,0,1,1,0,common,0.0,0.12118551663660819,0.15121518683852228,0.18399338530526033,0.0,0.9065528542287133,0.0,,,EXPLOIT
637,56,,,0,0,0,0,common,1.0,0.0485036593984417,0.1332518592082387,0.14334646753321473,0.0,0.9067531604642411,0.0,,,EXPLOIT
638,56,,,0,0,0,0,common,0.0,0.9684726213910129,0.12659870179614513,0.3908843136905541,0.0,0.906950619543958,0.0,,,EXPLOIT
639,56,,,0,0,0,0,common,1.0,0.3704927960958416,0.3239525853267681,0.3847668584121403,0.0,0.9071452819816981,0.0,,,EXPLOIT
640,56,,,0,0,0,0,common,1.0,0.24082031746229704,0.23164327886692004,0.3415828961271873,0.0,0.9073371971490248,0.0,,,EXPLOIT
641,56,,,0,0,0,0,common,0.0,0.8434667936495069,0.1830311706858406,0.49214806538388317,0.0,0.9075264133073395,0.0,,,EXPLOIT
642,56,,,0,0,0,0,common,1.0,0.45174658412782054,0.39134956364867307,0.4800276210070644,0.0,0.9077129776389077,0.0,,,EXPLOIT
643,56,,,0,0,0,0,common,0.0,0.7063647203169167,0.2667208323320848,0.54792875080002,0.0,0.9050999489325975,0.0,,,EXPLOIT
644,56,,,0,0,0,0,common,1.0,0.5408629317940041,0.47024786025562376,0.5458090050982152,0.0,0.9023630876964651,0.0,,,EXPLOIT
645,56,,,0,0,0,0,common,1.0,0.35156090566610265,0.30920707510147294,0.4875345752685814,0.0,0.9026252981572103,0.0,,,EXPLOIT
646,56,,,0,1,1,0,common,0.0,0.07877058581379533,0.2239836611452174,0.36490537843214554,0.0,0.902883502879651,0.0,,,EXPLOIT
647,56,,,0,1,1,0,common,0.0,0.051200880778966965,0.20752615892889797,0.27079402913619194,0.0,0.9031377802153467,0.0,,,EXPLOIT
648,56,,,0,0,0,0,common,1.0,0.2285145886829667,0.19734590733714386,0.25811019700022436,0.0,0.9033882065410925,0.0,,,EXPLOIT
649,56,,,0,0,0,0,common,1.0,0.14853448264392832,0.1567167093307265,0.22523748269333554,0.0,0.9036348563208109,0.0,,,EXPLOIT
650,56,,,0,0,0,0,common,0.0,0.9034525862814466,0.1342786275954073,0.4287020137697689,0.0,0.9038778021651275,0.0,,,EXPLOIT
651,56,,,0,0,0,0,common,1.0,0.4127558189170597,0.32141080666516264,0.42391815531395616,0.0,0.9041171148887284,0.0,,,EXPLOIT
652,56,,,0,0,0,0,common,1.0,0.2682912822960888,0.22049342737357314,0.3772300934085959,0.0,0.9043528635655994,0.0,,,EXPLOIT
653,56,,,0,0,0,0,common,1.0,0.17438933349245778,0.1690127743253605,0.31637786543375446,0.0,0.9045851155822331,0.0,,,EXPLOIT
654,56,,,0,0,0,0,common,0.0,0.8866469332299024,0.1412084003029283,0.4874585857725988,0.0,0.9048139366888933,0.0,,,EXPLOIT
655,56,,,0,0,0,0,common,1.0,0.42367949340056343,0.3300608326055042,0.4683248580609882,0.0,0.9050393910490206,0.0,,,EXPLOIT
656,56,,,0,0,0,0,common,0.0,0.7246083292896337,0.22483732098939319,0.5452098994295819,0.0,0.9022996267995851,0.0,,,EXPLOIT
657,56,,,0,0,0,0,common,1.0,0.529004585961738,0.4191170730323595,0.5403483053892287,0.0,0.8994269516892434,0.0,,,EXPLOIT
658,56,,,0,0,0,0,common,0.0,0.6561470191248702,0.27003374362308175,0.5750879195099211,0.0,0.8964116097531974,0.0,,,EXPLOIT
659,56,,,0,1,1,0,common,0.0,0.03328057250632853,0.4587431494082671,0.4125457154088433,0.0,0.8967694574721384,0.0,,,EXPLOIT
660,56,,,0,0,0,0,common,1.0,0.5735044375688344,0.44832309189761027,0.4608333320568406,0.0,0.8971212995955447,0.0,,,EXPLOIT
661,56,,,0,0,0,0,common,1.0,0.37277788441974236,0.28237778936915603,0.4344166977657111,0.0,0.8974672687213308,0.0,,,EXPLOIT
662,56,,,0,0,0,0,common,0.0,0.7576943751271674,0.19854195340659067,0.531400000974148,0.0,0.8943526562494809,0.0,,,EXPLOIT
663,56,,,0,0,0,0,common,1.0,0.5074986561673411,0.39015243834632,0.5242295975321059,0.0,0.8910770158579426,0.0,,,EXPLOIT
664,56,,,0,0,0,0,common,1.0,0.3298741265087717,0.2524143730452081,0.46592295622510554,0.0,0.8915282570004851,0.0,,,EXPLOIT
665,56,,,0,0,0,0,common,1.0,0.21441818223070164,0.18342283023116346,0.3904715240267843,0.0,0.8919713179068296,0.0,,,EXPLOIT
666,56,,,0,0,0,0,common,1.0,0.13937181844995605,0.14737660659367863,0.31514161235373583,0.0,0.892406397243233,0.0,,,EXPLOIT
667,56,,,0,1,1,0,common,0.0,0.021632372129113543,0.1273386390975416,0.22708884028634915,0.0,0.8928336873740196,0.0,,,EXPLOIT
668,56,,,0,0,0,0,common,1.0,0.09059168199247147,0.12445168306936054,0.18613969279818582,0.0,0.8932533746098009,0.0,,,EXPLOIT
669,56,,,0,0,0,0,common,1.0,0.058884593295106424,0.11297895314832268,0.147963162947262,0.0,0.89366563944405,0.0,,,EXPLOIT
670,56,,,0,0,0,0,common,1.0,0.03827498564181919,0.10603546181302251,0.11505670975562915,0.0,0.8940706567786584,0.0,,,EXPLOIT
671,56,,,0,0,0,0,common,1.0,0.02487874066718243,0.10172969227582321,0.08800331902909513,0.0,0.894468596139077,0.0,,,EXPLOIT
672,56,,,0,0,0,0,common,0.0,0.9838288185663314,0.09901598598327496,0.356750968890266,0.0,0.8948596218795899,0.0,,,EXPLOIT
673,56,,,0,0,0,0,common,0.0,0.6394887320681155,0.26823547241518236,0.44157229784362084,0.0,0.8952438933792509,0.0,,,EXPLOIT
674,56,,,0,0,0,0,common,1.0,0.5843323241557249,0.45123439611263816,0.484400305737252,0.0,0.8956215652289722,0.0,,,EXPLOIT
675,56,,,0,1,1,0,common,0.0,0.014061041883923804,0.28199128708109944,0.34329852658125354,0.0,0.8959927874102267,0.0,,,EXPLOIT
676,56,,,0,1,1,0,common,0.0,0.009139677224550473,0.27844050810495313,0.2430508717742426,0.0,0.8963577054658031,0.0,,,EXPLOIT
677,56,,,0,0,0,0,common,0.0,0.6201839892987788,0.27614858231623557,0.35619080703160344,0.0,0.8967164606630179,0.0,,,EXPLOIT
678,56,,,0,0,0,0,common,1.0,0.5968804069557938,0.45519537213783867,0.4283976870088605,0.0,0.8970691901497756,0.0,,,EXPLOIT
679,56,,,0,0,0,0,common,1.0,0.387972264521266,0.2820173728423036,0.4162700602625821,0.0,0.8974160271038352,0.0,,,EXPLOIT
680,56,,,0,0,0,0,common,1.0,0.25218197193882297,0.1953094833950998,0.36704363376545435,0.0,0.8977571008756293,0.0,,,EXPLOIT
681,56,,,0,0,0,0,common,0.0,0.8360817182397651,0.15129111954310426,0.5077550591077475,0.0,0.8946572698077663,0.0,,,EXPLOIT
682,56,,,0,0,0,0,common,1.0,0.4565468831441527,0.33448682643070005,0.49239260631866905,0.0,0.895045031702791,0.0,,,EXPLOIT
683,56,,,0,0,0,0,common,0.0,0.7032445259563007,0.22117701968438877,0.5556481822099585,0.0,0.8918055331345759,0.0,,,EXPLOIT
684,56,,,0,0,0,0,common,1.0,0.5428910581284045,0.407286085599056,0.5518210449854923,0.0,0.8883952319624835,0.0,,,EXPLOIT
685,56,,,0,0,0,0,common,0.0,0.6471208122165371,0.2573576467010011,0.5804109751548057,0.0,0.8848004405469031,0.0,,,EXPLOIT
686,56,,,0,0,0,0,common,1.0,0.5793714720592509,0.43955335070489077,0.5800991242261392,0.0,0.8810059688415895,0.0,,,EXPLOIT
687,56,,,0,0,0,0,common,1.0,0.37659145683851314,0.27385114588635395,0.5190468240098514,0.0,0.8769949124336485,0.0,,,EXPLOIT
688,56,,,0,0,0,0,common,1.0,0.24478444694503354,0.19125846256662044,0.43676811089040596,0.0,0.8777274061399617,0.0,,,EXPLOIT
689,56,,,0,0,0,0,common,1.0,0.15910989051427182,0.14915458682995142,0.3534706447775657,0.0,0.8784440317174759,0.0,,,EXPLOIT
690,56,,,0,0,0,0,common,1.0,0.10342142883427674,0.12624058347285202,0.278455879994579,0.0,0.8791452642353912,0.0,,,EXPLOIT
691,56,,,0,0,0,0,common,1.0,0.06722392874227989,0.11305489216393853,0.21508629461888926,0.0,0.8798315600931074,0.0,,,EXPLOIT
692,56,,,0,0,0,0,common,0.0,0.9563044463175181,0.1051548016553201,0.4374517401284779,0.0,0.8805033579291286,0.0,,,EXPLOIT
693,56,,,0,0,0,0,common,1.0,0.3784021098936132,0.275139608947313,0.41973685105801845,0.0,0.8811610794773739,0.0,,,EXPLOIT
694,56,,,0,0,0,0,common,1.0,0.24596137143084862,0.19189841509169384,0.36760420716986747,0.0,0.8818051303744083,0.0,,,EXPLOIT
695,56,,,0,1,1,0,common,0.0,0.005940790195957807,0.1494927709106942,0.25910518207769456,0.0,0.882435900920847,0.0,,,EXPLOIT
696,56,,,0,1,1,0,common,0.0,0.0038615136273725745,0.14857511014805241,0.18253208154259795,0.0,0.883053766799939,0.0,,,EXPLOIT
697,56,,,0,0,0,0,common,1.0,0.15987489143005162,0.14798121530236671,0.17573492450883405,0.0,0.8836590897561117,0.0,,,EXPLOIT
698,56,,,0,0,0,0,common,1.0,0.10391867942953359,0.125123640622194,0.1541900509850439,0.0,0.884252218236059,0.0,,,EXPLOIT
699,56,,,0,0,0,0,common,0.0,0.9324528583708032,0.11198197308700211,0.38766889320077164,0.0,0.884833487994759,0.0,,,EXPLOIT
700,56,,,0,0,0,0,common,1.0,0.39390564205897793,0.2838345468612828,0.3895399178582335,0.0,0.8854032226686437,0.0,,,EXPLOIT
701,56,,,0,0,0,0,common,1.0,0.2560386673383357,0.19554478398915293,0.3494895427022641,0.0,0.8859617343179736,0.0,,,EXPLOIT
702,56,,,0,0,0,0,common,1.0,0.1664251337699182,0.15087856219762996,0.29457022002256034,0.0,0.8865093239403373,0.0,,,EXPLOIT
703,56,,,0,0,0,0,common,1.0,0.10817633695044682,0.1267475907795202,0.23865205510092627,0.0,0.8870462819570468,0.0,,,EXPLOIT
704,56,,,0,0,0,0,common,1.0,0.07031461901779046,0.11293702029020643,0.18815082427598553,0.0,0.8875728886740896,0.0,,,EXPLOIT
705,56,,,0,0,0,0,common,1.0,0.04570450236156376,0.10469362236968859,0.14541692770165898,0.0,0.8880894147191702,0.0,,,EXPLOIT
706,56,,,0,0,0,0,common,1.0,0.029707926535016416,0.09962901211353622,0.11070422735166621,0.0,0.8885961214562826,0.0,,,EXPLOIT
707,56,,,0,0,0,0,common,1.0,0.01931015224776067,0.09645659875063123,0.08328600482049454,0.0,0.8890932613791439,0.0,,,EXPLOIT
708,56,,,0,0,0,0,common,1.0,0.012551598961044408,0.09444383585450677,0.0620656830626595,0.0,0.889581078484739,0.0,,,EXPLOIT
709,56,,,0,0,0,0,common,1.0,0.008158539324678915,0.09315603892427211,0.04589353994126532,0.0,0.8900598086281404,0.0,,,EXPLOIT
710,56,,,0,0,0,0,common,1.0,0.0053030505610413,0.09232754072023268,0.03371639312719811,0.0,0.8905296798596868,0.0,,,EXPLOIT
711,56,,,0,0,0,0,common,1.0,0.0034469828646768175,0.09179261270805052,0.024635570048441722,0.0,0.8909909127455354,0.0,,,EXPLOIT
712,56,,,0,0,0,0,common,0.0,0.9977594611379601,0.09144642190409882,0.31657273737529723,0.0,0.8914437206725404,0.0,,,EXPLOIT
713,56,,,0,1,1,0,common,1.0,0.9974900161422078,0.254069398374399,0.5208479210053704,0.0,0.8880140740768088,0.0,,,EXPLOIT
714,56,,,0,0,0,0,common,1.0,0.35145635026032584,0.5436845235764196,0.47003044978185693,0.0,0.8885222088413827,0.0,,,EXPLOIT
715,56,,,0,0,0,0,common,1.0,0.22844662766921187,0.43489147657027794,0.3975553031480634,0.0,0.8890207402004803,0.0,,,EXPLOIT
716,56,,,0,0,0,0,common,1.0,0.14849030798498775,0.3654361650482102,0.3228358045991407,0.0,0.8895099133779648,0.0,,,EXPLOIT
717,56,,,0,0,0,0,common,1.0,0.096518700190242,0.32307447067331785,0.2549406732764711,0.0,0.8899899654047363,0.0,,,EXPLOIT
718,56,,,0,0,0,0,common,1.0,0.0627371551236573,0.29709427284494916,0.19727961783062692,0.0,0.8904611254584403,0.0,,,EXPLOIT
719,56,,,0,0,0,0,common,1.0,0.0407791508303772,0.28093013846448,0.150329477730552,0.0,0.890923615186405,0.0,,,EXPLOIT
720,56,,,0,1,1,0,common,0.0,0.35163148950756484,0.27074117804093023,0.21072008126365582,0.0,0.8913776490127658,0.0,,,EXPLOIT
721,56,,,0,0,0,0,common,0.0,0.9734935519602548,0.19362778766564004,0.43955212247263553,0.0,0.8918234344306751,0.0,,,EXPLOIT
722,56,,,0,0,0,0,common,0.0,0.6327708087741657,0.4489065806567032,0.49751772836309455,0.0,0.8922611722804312,0.0,,,EXPLOIT
723,56,,,0,1,1,0,common,0.0,0.22856046817991715,0.6305690469929153,0.4168305503081413,0.0,0.8926910570143178,0.0,,,EXPLOIT
724,56,,,0,0,0,0,common,0.0,0.4113010257032077,0.5720538733333103,0.41517169292666123,0.0,0.893113276948883,0.0,,,EXPLOIT
725,56,,,0,0,0,0,common,0.0,0.26734566670708504,0.6657059089078581,0.37082388506078834,0.0,0.8935280145053515,0.0,,,EXPLOIT
726,56,,,0,1,1,0,common,0.0,0.14856430431694617,0.6918776678757158,0.3041460108376357,0.0,0.893935446438814,0.0,,,EXPLOIT
727,56,,,0,0,0,0,common,1.0,0.8262253166403948,0.6813657108353246,0.4607698025784634,0.0,0.8943357440568006,0.0,,,EXPLOIT
728,56,,,0,0,0,0,common,0.0,0.4629535441837434,0.48275405555236756,0.4614249250600474,0.0,0.8947290734278099,0.0,,,EXPLOIT
729,56,,,0,0,0,0,common,1.0,0.6990801962805668,0.6161190161714576,0.5327215064262032,0.0,0.8914731064297196,0.0,,,EXPLOIT
730,56,,,0,0,0,0,common,1.0,0.4544021275823684,0.4091590064205449,0.5092256927730527,0.0,0.8880450330515254,0.0,,,EXPLOIT
731,56,,,0,0,0,0,common,1.0,0.29536138292853953,0.2805815931231562,0.44506639981969875,0.0,0.8885525808366522,0.0,,,EXPLOIT
732,56,,,0,0,0,0,common,1.0,0.19198489890355064,0.21269537982368414,0.36914194954485424,0.0,0.8890505402621693,0.0,,,EXPLOIT
733,56,,,0,0,0,0,common,1.0,0.12479018428730793,0.1758411143724022,0.29583641996759036,0.0,0.8895391560472782,0.0,,,EXPLOIT
734,56,,,0,0,0,0,common,1.0,0.08111361978675014,0.15482205476722513,0.23141957991333828,0.0,0.8900186647392242,0.0,,,EXPLOIT
735,56,,,0,0,0,0,common,1.0,0.05272385286138759,0.14233182712324477,0.17781086179775307,0.0,0.8904892950519633,0.0,,,EXPLOIT
736,56,,,0,0,0,0,common,0.0,0.965729495640098,0.13468633049987394,0.41418645195045656,0.0,0.8909512681881177,0.0,,,EXPLOIT
737,56,,,0,0,0,0,common,1.0,0.3722758278339362,0.339614832569353,0.4016132647155004,0.0,0.8914047981451755,0.0,,,EXPLOIT
738,56,,,0,0,0,0,common,1.0,0.2419792880920586,0.24382208452402812,0.35372307172846784,0.0,0.8918500920068266,0.0,,,EXPLOIT
739,56,,,0,0,0,0,common,1.0,0.1572865372598381,0.19296315652045487,0.29479211138787886,0.0,0.8922873502202686,0.0,,,EXPLOIT
740,56,,,0,0,0,0,common,1.0,0.10223624921889474,0.1647079300025549,0.23702535273718361,0.0,0.8927167668602655,0.0,,,EXPLOIT
741,56,,,0,0,0,0,common,1.0,0.06645356199228158,0.14826020927719394,0.185853815513713,0.0,0.8931385298806928,0.0,,,EXPLOIT
742,56,,,0,0,0,0,common,1.0,0.043194815294983036,0.13833821571067675,0.143056115448094,0.0,0.8935528213542531,0.0,,,EXPLOIT
743,56,,,0,0,0,0,common,1.0,0.028076629941738984,0.13220125427924168,0.10856226979618748,0.0,0.8939598177010082,0.0,,,EXPLOIT
744,56,,,0,0,0,0,common,1.0,0.018249809462130395,0.12834059046334367,0.08146853169597035,0.0,0.8943596899063307,0.0,,,EXPLOIT
745,56,,,0,0,0,0,common,1.0,0.011862376150384768,0.1258843838628476,0.06058668503229467,0.0,0.8947526037288417,0.0,,,EXPLOIT
746,56,,,0,0,0,0,common,1.0,0.007710544497750105,0.12431005769451661,0.0447238428719313,0.0,0.8951387198988702,0.0,,,EXPLOIT
747,56,,,0,1,1,0,common,0.0,0.09656679780601501,0.12329605149590786,0.06027672935215641,0.0,0.8955181943079286,0.0,,,EXPLOIT
748,56,,,0,0,0,0,common,1.0,0.005011853923537535,0.11120164081157917,0.043697266723570743,0.0,0.8958911781896834,0.0,,,EXPLOIT
749,56,,,0,0,0,0,common,1.0,0.003257705050299431,0.11060376226770285,0.031565398221589346,0.0,0.8962578182928552,0.0,,,EXPLOIT
750,56,,,0,0,0,0,common,0.0,0.9978824917173054,0.11021668078888677,0.32146052627030414,0.0,0.8966182570464691,0.0,,,EXPLOIT
751,56,,,0,0,0,0,common,1.0,0.3513763803837515,0.2969265541122346,0.33043528250433835,0.0,0.8969726327178482,0.0,,,EXPLOIT
752,56,,,0,0,0,0,common,1.0,0.22839464724943848,0.21424204561588617,0.2998230919278684,0.0,0.8973210795637154,0.0,,,EXPLOIT
753,56,,,0,0,0,0,common,1.0,0.148456520712135,0.17076484815088488,0.25441312056314835,0.0,0.8976637279747562,0.0,,,EXPLOIT
754,56,,,0,0,0,0,common,0.0,0.9035032615371122,0.14661808473996443,0.44914016285533753,0.0,0.898000704613967,0.0,,,EXPLOIT
755,56,,,0,0,0,0,common,1.0,0.4127228800008771,0.3450240814667039,0.43821497799899933,0.0,0.8983321325490992,0.0,,,EXPLOIT
756,56,,,0,0,0,0,common,1.0,0.26826987200057006,0.23894313013969698,0.3872314461994705,0.0,0.8986581313794917,0.0,,,EXPLOIT
757,56,,,0,1,1,0,common,0.0,0.06276841857390976,0.1839974619577834,0.2898925379118022,0.0,0.8989788173575682,0.0,,,EXPLOIT
758,56,,,0,0,0,0,common,1.0,0.1743754168003706,0.17272920092038915,0.2552374015783727,0.0,0.8992943035052555,0.0,,,EXPLOIT
759,56,,,0,0,0,0,common,1.0,0.11334402092024087,0.1444035541454478,0.21266938738093313,0.0,0.8996046997255729,0.0,,,EXPLOIT
760,56,,,0,0,0,0,common,1.0,0.0736736135981566,0.12820743318929465,0.17097065524610017,0.0,0.8999101129096223,0.0,,,EXPLOIT
761,56,,,0,0,0,0,common,1.0,0.047887848838801816,0.11855216874861228,0.13404581332391063,0.0,0.9002106470392013,0.0,,,EXPLOIT
762,56,,,0,0,0,0,common,1.0,0.031127101745221153,0.11262632159814151,0.10317019985030378,0.0,0.9005064032852418,0.0,,,EXPLOIT
763,56,,,0,1,1,0,common,0.0,0.04079947207304134,0.10891729153015112,0.08445898151712504,0.0,0.9007974801022774,0.0,,,EXPLOIT
764,56,,,0,0,0,0,common,1.0,0.020232616134393755,0.10422124816924014,0.06519107190230565,0.0,0.9010839733191204,0.0,,,EXPLOIT
765,56,,,0,0,0,0,common,0.0,0.986848799512644,0.10196055246785599,0.34168839018540714,0.0,0.901365976225926,0.0,,,EXPLOIT
766,56,,,0,0,0,0,common,1.0,0.35854828031678143,0.275656691656111,0.3467463572248194,0.0,0.9016435796578115,0.0,,,EXPLOIT
767,56,,,0,0,0,0,common,1.0,0.23305638220590796,0.1961133407488296,0.31263936471914594,0.0,0.9019168720751878,0.0,,,EXPLOIT
768,56,,,0,0,0,0,common,1.0,0.1514866484338402,0.15497068157870733,0.2642935498335542,0.0,0.9021859396409527,0.0,,,EXPLOIT
769,56,,,0,0,0,0,common,0.0,0.9015336785180039,0.13233764038009682,0.45546558843888907,0.0,0.9024508662946886,0.0,,,EXPLOIT
770,56,,,0,0,0,0,common,1.0,0.4140031089632974,0.3170946552671729,0.44302684459621156,0.0,0.9027117338239995,0.0,,,EXPLOIT
771,56,,,0,0,0,0,common,1.0,0.2691020208261433,0.21690289068098034,0.3908493974651911,0.0,0.9029686219331141,0.0,,,EXPLOIT
772,56,,,0,0,0,0,common,1.0,0.1749163135369931,0.1659765445229291,0.3260694722867317,0.0,0.9032216083088781,0.0,,,EXPLOIT
773,56,,,0,0,0,0,common,1.0,0.11369560379904553,0.13852612020271746,0.26235731174042587,0.0,0.90347076868425,0.0,,,EXPLOIT
774,56,,,0,0,0,0,common,1.0,0.07390214246937954,0.12286360952495791,0.20582076095911198,0.0,0.9037161768994095,0.0,,,EXPLOIT
775,56,,,0,0,0,0,common,1.0,0.048036392605096734,0.11353821748949766,0.1584854504529074,0.0,0.9039579049605835,0.0,,,EXPLOIT
776,56,,,0,0,0,0,common,1.0,0.031223655193312827,0.10781926874218017,0.12030691187502902,0.0,0.9041960230966876,0.0,,,EXPLOIT
777,56,,,0,0,0,0,common,1.0,0.020295375875653332,0.10424148359495847,0.09030345107521631,0.0,0.9044305998138786,0.0,,,EXPLOIT
778,56,,,0,0,0,0,common,1.0,0.013191994319174616,0.10197344830284417,0.06717001404840381,0.0,0.9046617019481057,0.0,,,EXPLOIT
779,56,,,0,0,0,0,common,1.0,0.008574796307463495,0.10052313869703187,0.049591448726121715,0.0,0.9048893947157464,0.0,,,EXPLOIT
780,56,,,0,0,0,0,common,1.0,0.0055736175998513104,0.09959043370170685,0.03638609938824059,0.0,0.9051137417624081,0.0,,,EXPLOIT
781,56,,,0,0,0,0,common,1.0,0.003622851439903374,0.09898836950033818,0.026557125003739423,0.0,0.9053348052099724,0.0,,,EXPLOIT
782,56,,,0,0,0,0,common,1.0,0.002354853435937221,0.09859879169856073,0.019296443533398763,0.0,0.9055526457019555,0.0,,,EXPLOIT
783,56,,,0,0,0,0,common,1.0,0.0015306547333592269,0.09834630917728435,0.013966706893386902,0.0,0.9057673224472541,0.0,,,EXPLOIT
784,56,,,0,0,0,0,common,1.0,0.0009949255766834586,0.09818250887042601,0.010075172498375867,0.0,0.9059788932623445,0.0,,,EXPLOIT
785,56,,,0,0,0,0,common,1.0,0.0006467016248442592,0.09807617088720451,0.007246631236316384,0.0,0.9061874146119977,0.0,,,EXPLOIT
786,56,,,0,1,1,0,common,0.0,0.026519656847476872,0.09800710701375152,0.01302853891966453,0.0,0.9063929416485701,0.0,,,EXPLOIT
787,56,,,0,0,0,0,common,1.0,0.0004203560561487629,0.09521256804771094,0.0092460840606098,0.0,0.9065955282499306,0.0,,,EXPLOIT
788,56,,,0,0,0,0,common,0.0,0.9997267685635033,0.09516885937740746,0.30639028941147783,0.0,0.9067952270560748,0.0,,,EXPLOIT
789,56,,,0,0,0,0,common,0.0,0.6498223995662771,0.26325431627739454,0.4094199224579176,0.0,0.9069920895044837,0.0,,,EXPLOIT
790,56,,,0,0,0,0,common,0.0,0.4223845597180801,0.44806965375443175,0.41330931363596635,0.0,0.9071861658642718,0.0,,,EXPLOIT
791,56,,,0,0,0,0,common,1.0,0.7254500361832479,0.576408124641316,0.5069515304001507,0.0,0.9045483962564461,0.0,,,EXPLOIT
792,56,,,0,0,0,0,common,1.0,0.4715425235191112,0.35596641399461476,0.49632882833583886,0.0,0.9047777588767586,0.0,,,EXPLOIT
793,56,,,0,0,0,0,common,1.0,0.30650264028742225,0.23426993040954264,0.43938097192131387,0.0,0.9050037446465233,0.0,,,EXPLOIT
794,56,,,0,0,0,0,common,1.0,0.19922671618682442,0.17337457171281373,0.367334695200967,0.0,0.9052264164317446,0.0,,,EXPLOIT
795,56,,,0,0,0,0,common,0.0,0.8705026344785641,0.1412511766362062,0.5182850769842462,0.0,0.9024956129274867,0.0,,,EXPLOIT
796,56,,,0,0,0,0,common,1.0,0.43417328758893325,0.32565056646075324,0.49305154016565234,0.0,0.9027557966317551,0.0,,,EXPLOIT
797,56,,,0,0,0,0,common,1.0,0.2822126369328066,0.21920808741889364,0.4297998691957986,0.0,0.903012014297501,0.0,,,EXPLOIT
798,56,,,0,0,0,0,common,1.0,0.18343821400632432,0.1656095299775111,0.3558913726389563,0.0,0.903264343274131,0.0,,,EXPLOIT
799,56,,,0,0,0,0,common,1.0,0.11923483910411081,0.13698247283042755,0.2848944125785026,0.0,0.9035128589677447,0.0,,,EXPLOIT
800,56,,,0,0,0,0,common,1.0,0.07750264541767204,0.12075919916436265,0.22267688243025344,0.0,0.9037576349018487,0.0,,,EXPLOIT
801,56,,,0,0,0,0,common,1.0,0.05037671952148681,0.11114501516504549,0.17098683355762342,0.0,0.9039987427758016,0.0,,,EXPLOIT
802,56,,,0,0,0,0,common,1.0,0.03274486768896645,0.10526739994197368,0.12951424379702633,0.0,0.9042362525210942,0.0,,,EXPLOIT
803,56,,,0,0,0,0,common,1.0,0.021284163997828176,0.10159795690467792,0.09704521985726688,0.0,0.9044702323555546,0.0,,,EXPLOIT
804,56,,,0,0,0,0,common,1.0,0.01383470659858832,0.09927497646092209,0.07208206587966332,0.0,0.9047007488355658,0.0,,,EXPLOIT
805,56,,,0,0,0,0,common,0.0,0.9910074407109176,0.0977908511756471,0.3477596783290396,0.0,0.9049278669063853,0.0,,,EXPLOIT
806,56,,,0,0,0,0,common,1.0,0.3558451635379035,0.2671935653832913,0.35018532389169876,0.0,0.90515164995064,0.0,,,EXPLOIT
807,56,,,0,0,0,0,common,1.0,0.23129935629963727,0.19007324788979563,0.3145195336140803,0.0,0.9053721598350798,0.0,,,EXPLOIT
808,56,,,0,0,0,0,common,1.0,0.15034458159476427,0.1502762675639641,0.2652670480082855,0.0,0.9055894569556571,0.0,,,EXPLOIT
809,56,,,0,0,0,0,common,0.0,0.9022760219634032,0.128396889598891,0.4563697401948208,0.0,0.9058036002810053,0.0,,,EXPLOIT
810,56,,,0,0,0,0,common,0.0,0.5864794142762121,0.3095350710486081,0.49540264241923815,0.0,0.9060146473943791,0.0,,,EXPLOIT
811,56,,,0,1,1,0,common,0.0,0.017237776950859967,0.48490938154739904,0.35195318277872467,0.0,0.9062226545341241,0.0,,,EXPLOIT
812,56,,,0,0,0,0,common,1.0,0.6187883807204622,0.47951800777967785,0.43200374216124593,0.0,0.9064276766327307,0.0,,,EXPLOIT
813,56,,,0,0,0,0,common,1.0,0.4022124474683004,0.2963816581532966,0.4230663537533622,0.0,0.9066297673545334,0.0,,,EXPLOIT
814,56,,,0,1,1,0,common,0.0,0.01120455501805898,0.20345984184110405,0.2995078141327712,0.0,0.906828979132107,0.0,,,EXPLOIT
815,56,,,0,0,0,0,common,0.0,0.7385619091456047,0.20123244950015795,0.4312240426366213,0.0,0.9070253632014161,0.0,,,EXPLOIT
816,56,,,0,0,0,0,common,1.0,0.5199347590553569,0.38850227003659377,0.4578372575622419,0.0,0.9072189696357625,0.0,,,EXPLOIT
817,56,,,0,0,0,0,common,1.0,0.33795759338598197,0.24823343891144856,0.4218733583093639,0.0,0.9074098473785819,0.0,,,EXPLOIT
818,56,,,0,0,0,0,common,1.0,0.21967243570088835,0.17869893368251397,0.3612130815268212,0.0,0.907598044275134,0.0,,,EXPLOIT
819,56,,,0,0,0,0,common,1.0,0.14278708320557743,0.14266282391104101,0.295685282030448,0.0,0.9077836071031287,0.0,,,EXPLOIT
820,56,,,0,0,0,0,common,1.0,0.09281160408362532,0.12274152887994116,0.2348231786464012,0.0,0.9079665816023301,0.0,,,EXPLOIT
821,56,,,0,0,0,0,common,1.0,0.06032754265435647,0.11114365153716581,0.18247448784878778,0.0,0.9081470125031801,0.0,,,EXPLOIT
822,56,,,0,0,0,0,common,1.0,0.03921290272533173,0.10413861150786602,0.13949601231175096,0.0,0.9083249435544747,0.0,,,EXPLOIT
823,56,,,0,0,0,0,common,0.0,0.9745116132285344,0.09980047973385059,0.390000692586786,0.0,0.9085004175501344,0.0,,,EXPLOIT
824,56,,,0,0,0,0,common,0.0,0.6334325485985474,0.2677301112583719,0.46303024939031434,0.0,0.9086734763550992,0.0,,,EXPLOIT
825,56,,,0,0,0,0,common,1.0,0.5882688434109442,0.4486939869631324,0.5006018275965033,0.0,0.9061052638230465,0.0,,,EXPLOIT
826,56,,,0,0,0,0,common,1.0,0.3823747482171138,0.2789451875250959,0.4651337037826864,0.0,0.9063119691965916,0.0,,,EXPLOIT
827,56,,,0,1,1,0,common,0.0,0.007282960761738337,0.19404474113535417,0.32777848087640193,0.0,0.9065157129654785,0.0,,,EXPLOIT
828,56,,,0,0,0,0,common,1.0,0.24854358634112406,0.19264844106505594,0.30400801251581855,0.0,0.9067165482552331,0.0,,,EXPLOIT
829,56,,,0,0,0,0,common,1.0,0.16155333112173065,0.1497015656266556,0.26127160809759215,0.0,0.9069145269750217,0.0,,,EXPLOIT
830,56,,,0,0,0,0,common,1.0,0.10500966522912492,0.12638643009816602,0.21439302523705198,0.0,0.9071096998522733,0.0,,,EXPLOIT
831,56,,,0,0,0,0,common,1.0,0.06825628239893122,0.11299439895793906,0.17055200238561574,0.0,0.9073021164661221,0.0,,,EXPLOIT
832,56,,,0,0,0,0,common,1.0,0.04436658355930534,0.10498078977064573,0.1326963767377226,0.0,0.907491825279719,0.0,,,EXPLOIT
833,56,,,0,0,0,0,common,0.0,0.9711617206864516,0.10004907483571841,0.38423597992234126,0.0,0.9076788736714543,0.0,,,EXPLOIT
834,56,,,0,0,0,0,common,1.0,0.36874488155380647,0.26747022572856693,0.3795886504117808,0.0,0.9078633079651356,0.0,,,EXPLOIT
835,56,,,0,1,1,0,common,1.0,0.9952660755048701,0.18785819564874737,0.5642918779397076,0.0,0.9052573184683599,0.0,,,EXPLOIT
836,56,,,0,0,0,0,common,1.0,0.23968417300997424,0.446200583613407,0.4669095664607875,0.0,0.9054762872427307,0.0,,,EXPLOIT
837,56,,,0,0,0,0,common,1.0,0.15579471245648324,0.3728196463675919,0.37357511025949625,0.0,0.9056920715783063,0.0,,,EXPLOIT
838,56,,,0,0,0,0,common,1.0,0.10126656309671411,0.32797717519155056,0.2918825461106616,0.0,0.905904729777247,0.0,,,EXPLOIT
839,56,,,0,0,0,0,common,1.0,0.06582326601286415,0.3005024898069153,0.22406476208132237,0.0,0.9061143187758339,0.0,,,EXPLOIT
840,56,,,0,0,0,0,common,0.0,0.9572148770916383,0.2834320098317397,0.44400979658441714,0.0,0.9063208941842541,0.0,,,EXPLOIT
841,56,,,0,0,0,0,common,0.0,0.6221896701095649,0.5668791121206804,0.49746375864196146,0.0,0.9065245103250018,0.0,,,EXPLOIT
842,56,,,0,0,0,0,common,1.0,0.5955767144287828,0.6879019821778858,0.5268976453780079,0.0,0.903855506195757,0.0,,,EXPLOIT
843,56,,,0,1,1,0,common,0.0,0.35307705092183445,0.5744183815087953,0.47475146704115584,0.0,0.9040951517148329,0.0,,,EXPLOIT
844,56,,,0,1,1,0,common,0.0,0.2295000830991924,0.46755398205948,0.4011760518585668,0.0,0.904331226875964,0.0,,,EXPLOIT
845,56,,,0,0,0,0,common,0.0,0.6128751356212911,0.3963580574564599,0.4646857769873841,0.0,0.904563799219397,0.0,,,EXPLOIT
846,56,,,0,0,0,0,common,0.0,0.3983688381538393,0.5828366042025999,0.44479069533732063,0.0,0.9047929346444918,0.0,,,EXPLOIT
847,56,,,0,0,0,0,common,1.0,0.7410602552000045,0.6696190633659996,0.5336715632961258,0.0,0.9020413403096869,0.0,,,EXPLOIT
848,56,,,0,0,0,0,common,1.0,0.4816891658800029,0.4802970302251096,0.5180768440712888,0.0,0.8991559764511189,0.0,,,EXPLOIT
849,56,,,0,1,1,0,common,1.0,0.8508249459855249,0.3343143433431418,0.6179012746455597,0.0,0.8961270019695131,0.0,,,EXPLOIT
850,56,,,0,0,0,0,common,1.0,0.3130979578220019,0.5900281325248184,0.5264602795984923,0.0,0.8929435864124693,0.0,,,EXPLOIT
851,56,,,0,0,0,0,common,0.0,0.7964863274156988,0.49778420681302604,0.6074680939436542,0.0,0.8895937824356882,0.0,,,EXPLOIT
852,56,,,0,0,0,0,common,1.0,0.48228388717979576,0.683234747914338,0.5699128319144966,0.0,0.8860643780126162,0.0,,,EXPLOIT
853,56,,,0,0,0,0,common,1.0,0.3134845266668672,0.5903251582825633,0.4929843403402077,0.0,0.8866099689848789,0.0,,,EXPLOIT
854,56,,,0,0,0,0,common,1.0,0.20376494233346365,0.4980074342683027,0.4062185209381845,0.0,0.8871449812274017,0.0,,,EXPLOIT
855,56,,,0,0,0,0,common,1.0,0.1324472125167514,0.43429790296753534,0.3240871284117546,0.0,0.8876696932140798,0.0,,,EXPLOIT
856,56,,,0,1,1,0,common,0.0,0.44696378510940876,0.39354434349331135,0.3609501254210508,0.0,0.888184373819277,0.0,,,EXPLOIT
857,56,,,0,0,0,0,common,1.0,0.08609068813588838,0.2696705082285905,0.2784922942355021,0.0,0.8886892827283664,0.0,,,EXPLOIT
858,56,,,0,0,0,0,common,1.0,0.0559589472883274,0.24906006838300354,0.21173229015134967,0.0,0.8891846708273767,0.0,,,EXPLOIT
859,56,,,0,0,0,0,common,1.0,0.03637331573741276,0.23628463544103337,0.1591245978271686,0.0,0.889670780572968,0.0,,,EXPLOIT
860,56,,,0,0,0,0,common,0.0,0.9763573447706817,0.22824458288010707,0.4042944219102225,0.0,0.8901478463438902,0.0,,,EXPLOIT
861,56,,,0,0,0,0,common,1.0,0.36536772589905686,0.5025905639820616,0.3926164131068728,0.0,0.8906160947749969,0.0,,,EXPLOIT
862,56,,,0,0,0,0,common,1.0,0.23748902183438703,0.3891899969567206,0.34607819572512705,0.0,0.8910757450748122,0.0,,,EXPLOIT
863,56,,,0,0,0,0,common,1.0,0.1543678641923516,0.32051399889972326,0.2885650962652944,0.0,0.8915270093275931,0.0,,,EXPLOIT
864,56,,,0,1,1,0,common,0.0,0.29052646032111573,0.2798149418609626,0.28915350548204083,0.0,0.8919700927807581,0.0,,,EXPLOIT
865,56,,,0,1,1,0,common,0.0,0.18884219920872525,0.21306749419409435,0.2590601136000461,0.0,0.8924051941185077,0.0,,,EXPLOIT
866,56,,,0,0,0,0,common,1.0,0.10033911172502852,0.176719959912819,0.2114438130375408,0.0,0.8928325057224002,0.0,,,EXPLOIT
867,56,,,0,0,0,0,common,1.0,0.06522042262126848,0.15957243257351725,0.1675767959126591,0.0,0.8932522139196055,0.0,,,EXPLOIT
868,56,,,0,0,0,0,common,1.0,0.04239327470382448,0.14919434958236866,0.1300217395500087,0.0,0.8936644992195093,0.0,,,EXPLOIT
869,56,,,0,0,0,0,common,0.0,0.972444371442514,0.14276191011488962,0.3827485291177603,0.0,0.8940695365393028,0.0,,,EXPLOIT
870,56,,,0,0,0,0,common,1.0,0.3679111585623658,0.35752659773546097,0.37829731795114196,0.0,0.8944674954191485,0.0,,,EXPLOIT
871,56,,,0,1,1,0,common,0.0,0.12274742948567141,0.25945278340497946,0.30163235141150074,0.0,0.8948585402274837,0.0,,,EXPLOIT
872,56,,,0,0,0,0,common,1.0,0.23914225306553782,0.23122575921903082,0.2828853219077119,0.0,0.8952428303569812,0.0,,,EXPLOIT
873,56,,,0,0,0,0,common,1.0,0.15544246449259957,0.18299161142623835,0.24465246468317817,0.0,0.895620520411661,0.0,,,EXPLOIT
874,56,,,0,0,0,0,common,1.0,0.10103760192018973,0.1562605281902016,0.20156800585428164,0.0,0.8959917603856173,0.0,,,EXPLOIT
875,56,,,0,0,0,0,common,1.0,0.06567444124812338,0.14071471978412908,0.16079993647243415,0.0,0.8963566958337942,0.0,,,EXPLOIT
876,56,,,0,0,0,0,common,1.0,0.04268838681128018,0.13134042641763183,0.12536647157408795,0.0,0.896715468035218,0.0,,,EXPLOIT
877,56,,,0,0,0,0,common,1.0,0.027747451427332148,0.1255431977770905,0.0960807655300612,0.0,0.8970682141490773,0.0,,,EXPLOIT
878,56,,,0,0,0,0,common,1.0,0.018035843427765874,0.12189653090529731,0.0726672888993726,0.0,0.8974150673640079,0.0,,,EXPLOIT
879,56,,,0,0,0,0,common,1.0,0.011723298228047851,0.11957655594949917,0.05438409169797517,0.0,0.8977561570409294,0.0,,,EXPLOIT
880,56,,,0,0,0,0,common,1.0,0.007620143848231065,0.11808957558138082,0.040354907343051936,0.0,0.8980916088497539,0.0,,,EXPLOIT
881,56,,,0,1,1,0,common,0.0,0.07978582916568641,0.11713183703405596,0.05218418388984228,0.0,0.898421544900273,0.0,,,EXPLOIT
882,56,,,0,0,0,0,common,0.0,0.9950469064986498,0.10751076035701251,0.33504300067248455,0.0,0.8987460838675077,0.0,,,EXPLOIT
883,56,,,0,0,0,0,common,1.0,0.35321951077587754,0.29018536392477645,0.34049595370350244,0.0,0.8990653411117961,0.0,,,EXPLOIT
884,56,,,0,1,1,0,common,0.0,0.05186078895769617,0.20853506445113784,0.25390540427976055,0.0,0.8993794287938724,0.0,,,EXPLOIT
885,56,,,0,0,0,0,common,1.0,0.22959268200432037,0.198186473436902,0.24661158759712848,0.0,0.8996884559851783,0.0,,,EXPLOIT
886,56,,,0,0,0,0,common,0.0,0.8507647566971918,0.15723778252522805,0.42785753832714746,0.0,0.8999925287736402,0.0,,,EXPLOIT
887,56,,,0,0,0,0,common,0.0,0.5529970918531746,0.34930282044514793,0.4653994043849556,0.0,0.9002917503651223,0.0,,,EXPLOIT
888,56,,,0,0,0,0,common,1.0,0.6405518902954366,0.518776403717551,0.5179451501580998,0.0,0.897319713900314,0.0,,,EXPLOIT
889,56,,,0,0,0,0,common,1.0,0.4163587286920337,0.32458832555014616,0.48746922371828,0.0,0.8976623849766965,0.0,,,EXPLOIT
890,56,,,0,0,0,0,common,1.0,0.270633173649822,0.2221808925825322,0.4224184086977426,0.0,0.897999383787803,0.0,,,EXPLOIT
891,56,,,0,0,0,0,common,1.0,0.1759115628723843,0.16997253622606137,0.3484663549501351,0.0,0.8983308334153403,0.0,,,EXPLOIT
892,56,,,0,0,0,0,common,0.0,0.8856574841329502,0.1418071634060789,0.5096236937049796,0.0,0.8952601607103745,0.0,,,EXPLOIT
893,56,,,0,0,0,0,common,1.0,0.4243226353135823,0.3309167218771706,0.48403337618756037,0.0,0.895637554007197,0.0,,,EXPLOIT
894,56,,,0,0,0,0,common,1.0,0.2758097129538285,0.22535980196154837,0.4215662772174408,0.0,0.8960085039424537,0.0,,,EXPLOIT
895,56,,,0,0,0,0,common,1.0,0.1792763134199885,0.17163825672274946,0.34887928807820506,0.0,0.8963731558730073,0.0,,,EXPLOIT
896,56,,,0,0,0,0,common,1.0,0.11652960372299259,0.1427347139296452,0.2791743827716413,0.0,0.896731650887059,0.0,,,EXPLOIT
897,56,,,0,0,0,0,common,1.0,0.07574424241994515,0.12627557596021108,0.21814534066613245,0.0,0.8970841259599108,0.0,,,EXPLOIT
898,56,,,0,0,0,0,common,1.0,0.04923375757296433,0.11649090075258091,0.167471865738182,0.0,0.8974307141029494,0.0,,,EXPLOIT
899,56,,,0,0,0,0,common,1.0,0.03200194242242682,0.1104968155670975,0.12683088874345544,0.0,0.8977715445061978,0.0,,,EXPLOIT
900,56,,,0,1,1,0,common,1.0,0.9662904871774975,0.10674968562877651,0.378668768273668,0.0,0.8981067426747524,0.0,,,EXPLOIT
901,56,,,0,0,0,0,common,1.0,0.020801262574577484,0.2811483191678056,0.27130851656394084,0.0,0.898436430559411,0.0,,,EXPLOIT
902,56,,,0,0,0,0,common,1.0,0.013520820673475376,0.27591658400191293,0.1939722077968012,0.0,0.8987607266817789,0.0,,,EXPLOIT
903,56,,,0,0,0,0,common,1.0,0.008788533437758983,0.2725512807799243,0.13841710548908853,0.0,0.899079746254122,0.0,,,EXPLOIT
904,56,,,0,0,0,0,common,1.0,0.005712546734543356,0.2703788397895981,0.09860573786272497,0.0,0.8993936012942242,0.0,,,EXPLOIT
905,56,,,0,1,1,0,common,0.0,0.37191118333462664,0.26897311374042443,0.18059737150429547,0.0,0.8997024007354879,0.0,,,EXPLOIT
906,56,,,0,0,0,0,common,1.0,0.0037131553774532033,0.18841405345966075,0.1275321066662428,0.0,0.9000062505325092,0.0,,,EXPLOIT
907,56,,,0,0,0,0,common,1.0,0.002413550995344571,0.18771786310056857,0.08999653996497332,0.0,0.9003052537623393,0.0,,,EXPLOIT
908,56,,,0,0,0,0,common,1.0,0.0015688081469740212,0.18726645664939484,0.06346822041957352,0.0,0.9005995107216415,0.0,,,EXPLOIT
909,56,,,0,0,0,0,common,1.0,0.0010197252955330693,0.18697351411165722,0.04473367188236138,0.0,0.9008891190199303,0.0,,,EXPLOIT
910,56,,,0,0,0,0,common,1.0,0.0006628214420965062,0.1867833006270322,0.031512416750281914,0.0,0.9011741736690824,0.0,,,EXPLOIT
911,56,,,0,0,0,0,common,1.0,0.0004308339373627623,0.18665974597897939,0.022187941906406168,0.0,0.9014547671692861,0.0,,,EXPLOIT
912,56,,,0,0,0,0,common,1.0,0.00028004205928577885,0.18657947098883582,0.015615571952270051,0.0,0.9017309895915981,0.0,,,EXPLOIT
913,56,,,0,0,0,0,common,1.0,0.000182027338535784,0.18652730725483857,0.01098550856814977,0.0,0.9020029286572613,0.0,,,EXPLOIT
914,56,,,0,0,0,0,common,0.0,0.9998816822299518,0.18649340716866514,0.30765436066669033,0.0,0.9022706698139286,0.0,,,EXPLOIT
915,56,,,0,0,0,0,common,1.0,0.35007690655053136,0.44535921211116625,0.32038112443184263,0.0,0.9025342963089373,0.0,,,EXPLOIT
916,56,,,0,0,0,0,common,0.0,0.7724500107421546,0.3399792331410286,0.4560017903249362,0.0,0.9027938892597628,0.0,,,EXPLOIT
917,56,,,0,1,1,0,common,0.0,0.24174226916750732,0.5739751186201091,0.39172393397770755,0.0,0.903049527721778,0.0,,,EXPLOIT
918,56,,,0,0,0,0,common,0.0,0.5020925069824005,0.5018334492015243,0.4248345058791154,0.0,0.9033012887534387,0.0,,,EXPLOIT
919,56,,,0,0,0,0,common,0.0,0.3263601295385603,0.6389924638732873,0.39529219297694884,0.0,0.9035492474790092,0.0,,,EXPLOIT
920,56,,,0,1,1,0,common,0.0,0.15713247495887978,0.6871332372384298,0.3238442775715281,0.0,0.9037934771489322,0.0,,,EXPLOIT
921,56,,,0,0,0,0,common,0.0,0.2121340842000642,0.6695213256264778,0.2903312195600889,0.0,0.9040340491979508,0.0,,,EXPLOIT
922,56,,,0,1,1,0,common,0.0,0.10213610872327186,0.6905974255026478,0.23387268630904376,0.0,0.9042710333010744,0.0,,,EXPLOIT
923,56,,,0,0,0,0,common,1.0,0.8621128452699582,0.6830266476011847,0.4223447339973181,0.0,0.9045044974274852,0.0,,,EXPLOIT
924,56,,,0,1,1,0,common,1.0,0.9336115293298732,0.47662799400039113,0.5757247725970847,0.0,0.9017390262874502,0.0,,,EXPLOIT
925,56,,,0,0,0,0,common,1.0,0.5603733494254729,0.688846076474978,0.5711193456456011,0.0,0.8988387759760468,0.0,,,EXPLOIT
926,56,,,0,1,1,0,common,0.0,0.3931525059355823,0.5879718283629959,0.5177292937325955,0.0,0.8957938050422358,0.0,,,EXPLOIT
927,56,,,0,1,1,0,common,0.0,0.2555491288581285,0.4703895802345916,0.43907524427025535,0.0,0.8961620978684786,0.0,,,EXPLOIT
928,56,,,0,1,1,0,common,0.0,0.16610693375778354,0.39120478148074683,0.3571847511165138,0.0,0.8965241523343966,0.0,,,EXPLOIT
929,56,,,0,0,0,0,common,0.0,0.6357573228734426,0.3423506693359082,0.44075652264359244,0.0,0.8968801077858012,0.0,,,EXPLOIT
930,56,,,0,0,0,0,common,1.0,0.5867577401322623,0.5365366114612612,0.48455688789019336,0.0,0.897230099518852,0.0,,,EXPLOIT
931,56,,,0,0,0,0,common,1.0,0.3813925310859705,0.35644927811771615,0.45360758084892644,0.0,0.8975742589263057,0.0,,,EXPLOIT
932,56,,,0,0,0,0,common,0.0,0.7520948547941192,0.2553586669645406,0.5431537630324843,0.0,0.8944651069666378,0.0,,,EXPLOIT
933,56,,,0,1,1,0,common,0.0,0.1079695069425593,0.46977720672528495,0.41259848620550676,0.0,0.8948561931513076,0.0,,,EXPLOIT
934,56,,,0,0,0,0,common,1.0,0.5111383443838224,0.435995514464074,0.4421604436590014,0.0,0.8952405237066985,0.0,,,EXPLOIT
935,56,,,0,0,0,0,common,1.0,0.33223992384948464,0.28822582678842884,0.40918428771614634,0.0,0.8956182532652774,0.0,,,EXPLOIT
936,56,,,0,0,0,0,common,1.0,0.21595595050216498,0.21127241282545683,0.3512157865519519,0.0,0.8959895318485277,0.0,,,EXPLOIT
937,56,,,0,0,0,0,common,1.0,0.14037136782640725,0.1704318185444678,0.28796246093428846,0.0,0.8963545050377711,0.0,,,EXPLOIT
938,56,,,0,0,0,0,common,1.0,0.09124138908716473,0.1475591552178095,0.22894613938015135,0.0,0.8967133141374458,0.0,,,EXPLOIT
939,56,,,0,0,0,0,common,1.0,0.05930690290665708,0.13414116556092026,0.17805436843810307,0.0,0.8970660963312277,0.0,,,EXPLOIT
940,56,,,0,1,1,0,common,0.0,0.07018017951266355,0.12599900355242089,0.1456921117604712,0.0,0.8974129848313559,0.0,,,EXPLOIT
941,56,,,0,0,0,0,common,1.0,0.038549486889327134,0.11692721614918494,0.11354932429912798,0.0,0.8977541090215075,0.0,,,EXPLOIT
942,56,,,0,0,0,0,common,1.0,0.025057166478062665,0.11219432671201073,0.08700167695280839,0.0,0.898089594593542,0.0,,,EXPLOIT
943,56,,,0,0,0,0,common,0.0,0.9837128417892592,0.10921016039773082,0.3560150264037436,0.0,0.8984195636784228,0.0,,,EXPLOIT
944,56,,,0,0,0,0,common,0.0,0.6394133471630186,0.2910155043907769,0.4410345226315261,0.0,0.8987441349716003,0.0,,,EXPLOIT
945,56,,,0,0,0,0,common,1.0,0.5843813243440379,0.47952293050834394,0.4840385631452796,0.0,0.89906342385313,0.0,,,EXPLOIT
946,56,,,0,0,0,0,common,1.0,0.37984786082362465,0.3054826858360011,0.4527813524487831,0.0,0.8993775425027806,0.0,,,EXPLOIT
947,56,,,0,0,0,0,common,1.0,0.24690110953535604,0.21504810668226734,0.39101727957475496,0.0,0.8996866000103758,0.0,,,EXPLOIT
948,56,,,0,0,0,0,common,1.0,0.16048572119798143,0.168245216122352,0.32185781206172287,0.0,0.8999907024815956,0.0,,,EXPLOIT
949,56,,,0,0,0,0,common,0.0,0.895684281221312,0.1426045054759414,0.49400575280959963,0.0,0.9002899531394567,0.0,,,EXPLOIT
950,56,,,0,0,0,0,common,1.0,0.41780521720614716,0.33523840014763506,0.4711455921285639,0.0,0.9005844524216746,0.0,,,EXPLOIT
951,56,,,0,0,0,0,common,1.0,0.2715733911839957,0.2301339153927201,0.4112739318451934,0.0,0.900874298074102,0.0,,,EXPLOIT
952,56,,,0,0,0,0,common,0.0,0.8234772957304028,0.17623845356713946,0.5349349410107562,0.0,0.8979312599275464,0.0,,,EXPLOIT
953,56,,,0,0,0,0,common,1.0,0.4647397577752381,0.3740792418161873,0.5138763860401008,0.0,0.8948402943245007,0.0,,,EXPLOIT
954,56,,,0,0,0,0,common,1.0,0.30208084255390477,0.24986715387326602,0.45033772299424196,0.0,0.8952248987572184,0.0,,,EXPLOIT
955,56,,,0,0,0,0,common,1.0,0.19635254766003807,0.18655145068652193,0.3741421703939808,0.0,0.8956028959457518,0.0,,,EXPLOIT
956,56,,,0,0,0,0,common,1.0,0.1276291559790248,0.15281177127681747,0.30018826606949395,0.0,0.8959744360972018,0.0,,,EXPLOIT
957,56,,,0,0,0,0,common,1.0,0.08295895138636611,0.13377441915876986,0.23501947166455558,0.0,0.8963396649716563,0.0,,,EXPLOIT
958,56,,,0,0,0,0,common,1.0,0.053923318401137954,0.12253504454581593,0.1806906256855303,0.0,0.8966987240457692,0.0,,,EXPLOIT
959,56,,,0,0,0,0,common,1.0,0.035050156960739653,0.11568298180805398,0.1369984850680931,0.0,0.8970517506691676,0.0,,,EXPLOIT
960,56,,,0,0,0,0,common,1.0,0.02278260202448079,0.11141345848067703,0.1027337201550094,0.0,0.8973988782140497,0.0,,,EXPLOIT
961,56,,,0,0,0,0,common,0.0,0.9851913086840874,0.10871412434945413,0.3674709967137328,0.0,0.8977402362183167,0.0,,,EXPLOIT
962,56,,,0,0,0,0,common,1.0,0.35962564935534314,0.2903053170086056,0.3651173925062159,0.0,0.8980759505225628,0.0,,,EXPLOIT
963,56,,,0,0,0,0,common,1.0,0.23375667208097306,0.2073282644447959,0.32570917637864305,0.0,0.89840614340123,0.0,,,EXPLOIT
964,56,,,0,0,0,0,common,1.0,0.15194183685263252,0.1641113196315089,0.27357897452083985,0.0,0.8987309336882124,0.0,,,EXPLOIT
965,56,,,0,0,0,0,common,1.0,0.09876219395421115,0.14026123783035796,0.2211339403508512,0.0,0.8990504368971849,0.0,,,EXPLOIT
966,56,,,0,0,0,0,common,1.0,0.0641954260702372,0.12641281540299104,0.17405238606666698,0.0,0.8993647653369126,0.0,,,EXPLOIT
967,56,,,0,0,0,0,common,1.0,0.04172702694565422,0.1180672943534441,0.13435477833036313,0.0,0.8996740282217818,0.0,,,EXPLOIT
968,56,,,0,0,0,0,common,1.0,0.027122567514675233,0.11290760763069875,0.10218511508565675,0.0,0.8999783317777849,0.0,,,EXPLOIT
969,56,,,0,1,1,0,common,0.0,0.045617116683231304,0.10966233307842094,0.08521471556492911,0.0,0.9002777793441733,0.0,,,EXPLOIT
970,56,,,0,0,0,0,common,0.0,0.9823703311154611,0.10439176805831651,0.3543614002300887,0.0,0.9005724714709835,0.0,,,EXPLOIT
971,56,,,0,0,0,0,common,1.0,0.36145928477495026,0.27999146439032596,0.35649076559354714,0.0,0.900862506012634,0.0,,,EXPLOIT
972,56,,,0,0,0,0,common,1.0,0.23494853510371771,0.19891243110498133,0.3200280964465983,0.0,0.9011479782177714,0.0,,,EXPLOIT
973,56,,,0,0,0,0,common,1.0,0.1527165478174165,0.1569714212413392,0.26983463185784373,0.0,0.9014289808155442,0.0,,,EXPLOIT
974,56,,,0,1,1,0,common,1.0,0.9703488741558997,0.1339115181224171,0.4799889045472605,0.0,0.9017056040984663,0.0,,,EXPLOIT
975,56,,,0,1,1,0,common,0.0,0.3692732317986652,0.33936886931319166,0.4467742027226819,0.0,0.9019779360020278,0.0,,,EXPLOIT
976,56,,,0,0,0,0,common,1.0,0.09926575608132071,0.24431165561390344,0.34252166873027357,0.0,0.9022460621812005,0.0,,,EXPLOIT
977,56,,,0,0,0,0,common,1.0,0.06452274145285841,0.22230775289894183,0.259121990547049,0.0,0.9025100660839784,0.0,,,EXPLOIT
978,56,,,0,1,1,0,common,0.0,0.2400276006691324,0.20883412261621903,0.253393673583674,0.0,0.9027700290220875,0.0,,,EXPLOIT
979,56,,,0,0,0,0,common,0.0,0.958060218055642,0.16430235360793172,0.4647936369252643,0.0,0.9030260302389892,0.0,,,EXPLOIT
980,56,,,0,0,0,0,common,1.0,0.3772608582638326,0.3937385990512704,0.4385338033268348,0.0,0.9032781469753003,0.0,,,EXPLOIT
981,56,,,0,0,0,0,common,1.0,0.2452195578714912,0.2873574660591548,0.38053952969023164,0.0,0.9035264545317394,0.0,,,EXPLOIT
982,56,,,0,0,0,0,common,1.0,0.15939271261646926,0.22901952138483112,0.31419548456810287,0.0,0.9037710263297133,0.0,,,EXPLOIT
983,56,,,0,0,0,0,common,1.0,0.10360526320070507,0.19613947330764864,0.2510184181578835,0.0,0.9040119339696405,0.0,,,EXPLOIT
984,56,,,0,1,1,0,common,0.0,0.15601794043493605,0.17685993735162475,0.22251827484099923,0.0,0.9042492472871135,0.0,,,EXPLOIT
985,56,,,0,0,0,0,common,1.0,0.06734342108045832,0.1507982858428275,0.17596581871283695,0.0,0.904483034406993,0.0,,,EXPLOIT
986,56,,,0,0,0,0,common,1.0,0.04377322370229786,0.14059907072928451,0.1363080402096752,0.0,0.9047133617955188,0.0,,,EXPLOIT
987,56,,,0,0,0,0,common,1.0,0.028452595406493586,0.13429326007597048,0.10395140676872071,0.0,0.9049402943105255,0.0,,,EXPLOIT
988,56,,,0,1,1,0,common,0.0,0.10141166128270844,0.1303275237635774,0.10318948312291701,0.0,0.9051638952498411,0.0,,,EXPLOIT
989,56,,,0,0,0,0,common,1.0,0.018494187014220786,0.1170148304012002,0.07778089429030814,0.0,0.9053842263979449,0.0,,,EXPLOIT
990,56,,,0,0,0,0,common,1.0,0.012021221559243456,0.11472100332164491,0.05805299247098873,0.0,0.905601348070958,0.0,,,EXPLOIT
991,56,,,0,0,0,0,common,1.0,0.007813794013508235,0.11325151734244701,0.04298123293374458,0.0,0.9058153191600341,0.0,,,EXPLOIT
992,56,,,0,0,0,0,common,1.0,0.005078966108780336,0.1123053544384109,0.031610552886255305,0.0,0.9060261971732189,0.0,,,EXPLOIT
993,56,,,0,0,0,0,common,0.0,0.9966986720292927,0.11169412992814617,0.3211369886291665,0.0,0.9062340382758383,0.0,,,EXPLOIT
994,56,,,0,0,0,0,common,1.0,0.35214586318095975,0.29987125292134376,0.33043965099470446,0.0,0.9064388973294766,0.0,,,EXPLOIT
995,56,,,0,0,0,0,common,1.0,0.22889481106762388,0.2164180341883035,0.2999761990165803,0.0,0.9066408279296034,0.0,,,EXPLOIT
996,56,,,0,0,0,0,common,1.0,0.1487816271939555,0.1724916525793153,0.25461782746979283,0.0,0.9068398824418991,0.0,,,EXPLOIT
997,56,,,0,0,0,0,common,1.0,0.09670805767607105,0.14808686321708653,0.20724489653167627,0.0,0.9070361120373361,0.0,,,EXPLOIT
998,56,,,0,0,0,0,common,1.0,0.06286023748944614,0.1338555619442329,0.1639294988190072,0.0,0.9072295667260631,0.0,,,EXPLOIT
999,56,,,0,0,0,0,common,0.0,0.95914084563186,0.12525571227457732,0.402492902862863,0.0,0.9074202953901386,0.0,,,EXPLOIT
1000,56,,,0,0,0,0,common,0.0,0.6234415496607091,0.31861981949953005,0.4687774969022168,0.0,0.9076083458151605,0.0,,,EXPLOIT
1001,56,,,0,0,0,0,common,0.0,0.4052370072794609,0.5068264416714183,0.44971535001539004,0.0,0.9077937647208365,0.0,,,EXPLOIT
1002,56,,,0,1,1,0,common,1.0,0.9340824201662395,0.6208340555216765,0.5950254710606449,0.0,0.9051845200144055,0.0,,,EXPLOIT
1003,56,,,0,1,1,0,common,0.0,0.39284642689194427,0.6607269658487638,0.5343717578100347,0.0,0.9024517104178686,0.0,,,EXPLOIT
1004,56,,,0,1,1,0,common,1.0,0.7446498225202363,0.6930174673102689,0.5974551772230952,0.0,0.8995864938592147,0.0,,,EXPLOIT
1005,56,,,0,1,1,0,common,1.0,0.4840223846381535,0.5801735737567584,0.5634253394476126,0.0,0.8965791642436534,0.0,,,EXPLOIT
1006,56,,,0,1,1,0,common,1.0,0.31461455001479977,0.43305948565223396,0.4887821026177687,0.0,0.8969341959103476,0.0,,,EXPLOIT
1007,56,,,0,1,1,0,common,1.0,0.20449945750961984,0.3388544051226018,0.40349730908532405,0.0,0.8972832842700681,0.0,,,EXPLOIT
1008,56,,,0,1,1,0,common,1.0,0.13292464738125287,0.2837713005088998,0.3223255105741027,0.0,0.897626560129156,0.0,,,EXPLOIT
1009,56,,,0,1,1,0,common,1.0,0.08640102079781431,0.25127414085120436,0.2515481636412161,0.0,0.8979641505514353,0.0,,,EXPLOIT
1010,56,,,0,1,1,0,common,1.0,0.05616066351857929,0.23162677387632924,0.19293191360442505,0.0,0.8982961789912908,0.0,,,EXPLOIT
1011,56,,,0,1,1,0,common,1.0,0.03650443128707659,0.2194851372375259,0.1460036689092205,0.0,0.8986227654210979,0.0,,,EXPLOIT
1012,56,,,0,1,1,0,common,0.0,0.9762721196634002,0.21185812443576602,0.3950842041354744,0.0,0.8989440264532905,0.0,,,EXPLOIT
1013,56,,,0,1,1,0,common,1.0,0.3654231222187898,0.47847549684543333,0.386185879560469,0.0,0.8992600754573224,0.0,,,EXPLOIT
1014,56,,,0,1,1,0,common,1.0,0.23752502944221332,0.36611461654428,0.34158762452499225,0.0,0.8995710226717728,0.0,,,EXPLOIT
1015,56,,,0,1,1,0,common,1.0,0.15439126913743872,0.2996691914643434,0.28542871790872615,0.0,0.8998769753118286,0.0,,,EXPLOIT
1016,56,,,0,1,1,0,common,1.0,0.10035432493933516,0.26073406702712676,0.22990640001790885,0.0,0.9001780376723639,0.0,,,EXPLOIT
1017,56,,,0,0,0,0,common,0.0,0.2634040547316496,0.2373962230062192,0.23995569643203107,0.0,0.9004743112268274,0.0,,,EXPLOIT
1018,56,,,0,1,1,0,common,0.0,0.9347696887894321,0.1836289044827406,0.44839989413925135,0.0,0.9007658947221328,0.0,,,EXPLOIT
1019,56,,,0,1,1,0,common,1.0,0.39239970228686905,0.42028912260077017,0.4315998365835366,0.0,0.9010528842697414,0.0,,,EXPLOIT
1020,56,,,0,1,1,0,common,1.0,0.25505980648646487,0.30609874329950415,0.3786378275544151,0.0,0.901335373433114,0.0,,,EXPLOIT
1021,56,,,0,1,1,0,common,1.0,0.16578887421620214,0.24281243170099065,0.3147831415529512,0.0,0.901613453311698,0.0,,,EXPLOIT
1022,56,,,0,1,1,0,common,1.0,0.10776276824053144,0.2070977147662147,0.2526770295592252,0.0,0.90188721262161,0.0,,,EXPLOIT
1023,56,,,0,1,1,0,common,1.0,0.07004579935634547,0.186173246655135,0.19788766049836126,0.0,0.9021567377731669,0.0,,,EXPLOIT
1024,56,,,0,1,1,0,common,1.0,0.04552976958162458,0.1735139110843056,0.15218029322334026,0.0,0.9024221129454018,0.0,,,EXPLOIT
1025,56,,,0,1,1,0,common,1.0,0.02959435022805601,0.1656727425045173,0.11540451032475497,0.0,0.9026834201577097,0.0,,,EXPLOIT
1026,56,,,0,1,1,0,common,0.0,0.9807636723517636,0.16073634941097056,0.37501225893285756,0.0,0.9029407393387419,0.0,,,EXPLOIT
1027,56,,,0,1,1,0,common,1.0,0.3625036129713536,0.3941175090460651,0.37125966514440634,0.0,0.9031941483926782,0.0,,,EXPLOIT
1028,56,,,0,1,1,0,common,1.0,0.23562734843137978,0.2914862853321766,0.3305699701304984,0.0,0.9034437232629908,0.0,,,EXPLOIT
1029,56,,,0,1,1,0,common,1.0,0.15315777648039686,0.23467065151927377,0.2773463120354679,0.0,0.903689537993807,0.0,,,EXPLOIT
1030,56,,,0,1,1,0,common,1.0,0.09955255471225799,0.20239106425070305,0.2240081848385049,0.0,0.9039316647889808,0.0,,,EXPLOIT
1031,56,,,0,1,1,0,common,1.0,0.06470916056296772,0.18335525083933252,0.17621847755584374,0.0,0.9041701740689689,0.0,,,EXPLOIT
1032,56,,,0,1,1,0,common,1.0,0.04206095436592905,0.17178134035899337,0.13597122059886932,0.0,0.9044051345256053,0.0,,,EXPLOIT
1033,56,,,0,1,1,0,common,1.0,0.027339620337853865,0.16458751617992837,0.10338174052056469,0.0,0.9046366131748692,0.0,,,EXPLOIT
1034,56,,,0,1,1,0,common,1.0,0.017770753219604973,0.16004797132901022,0.07769844433027677,0.0,0.9048646754077239,0.0,,,EXPLOIT
1035,56,,,0,1,1,0,common,0.0,0.9884490104072567,0.1571541376404806,0.35092361415337076,0.0,0.9050893850391174,0.0,,,EXPLOIT
1036,56,,,0,0,0,0,common,0.0,0.17121263557557223,0.38979839123117843,0.2970103205800312,0.0,0.9053108043552132,0.0,,,EXPLOIT
1037,56,,,0,1,1,0,common,1.0,0.3575081432352831,0.33957734581368243,0.3151596673766068,0.0,0.9055289941589324,0.0,,,EXPLOIT
1038,56,,,0,1,1,0,common,1.0,0.23238029310293407,0.2471923733817303,0.2903258550945049,0.0,0.9057440138138719,0.0,,,EXPLOIT
1039,56,,,0,1,1,0,common,1.0,0.15104719051690718,0.19764690691249479,0.24854225572122557,0.0,0.9059559212866705,0.0,,,EXPLOIT
1040,56,,,0,1,1,0,common,1.0,0.09818067383598972,0.16989751352931395,0.2034337811556548,0.0,0.9061647731878815,0.0,,,EXPLOIT
1041,56,,,0,1,1,0,common,1.0,0.06381743799339334,0.1536520323972156,0.16154887820697633,0.0,0.9063706248114183,0.0,,,EXPLOIT
1042,56,,,0,1,1,0,common,1.0,0.041481334695705696,0.1438143887198549,0.12552861515359512,0.0,0.9065735301726262,0.0,,,EXPLOIT
1043,56,,,0,1,1,0,common,0.0,0.9730371324477913,0.13771413003779048,0.379781170341854,0.0,0.906773542045038,0.0,,,EXPLOIT
1044,56,,,0,1,1,0,common,1.0,0.3675258639089356,0.34774401503188546,0.3761045784119784,0.0,0.9069707119958673,0.0,,,EXPLOIT
1045,56,,,0,1,1,0,common,1.0,0.23889181154080819,0.2515251006037584,0.3349407483506273,0.0,0.9071650904202869,0.0,,,EXPLOIT
1046,56,,,0,1,1,0,common,1.0,0.15527967750152527,0.2000177269751279,0.28104242709589666,0.0,0.9073567265745431,0.0,,,EXPLOIT
1047,56,,,0,1,1,0,common,1.0,0.10093179037599143,0.17125795080719874,0.2270092360799251,0.0,0.9075456686079503,0.0,,,EXPLOIT
1048,56,,,0,1,1,0,common,0.0,0.9343943362556055,0.15446383681231823,0.4392247661326292,0.0,0.9077319635938114,0.0,,,EXPLOIT
1049,56,,,0,1,1,0,common,1.0,0.3926436814338563,0.3686431846559223,0.4252504407229973,0.0,0.9079156575593029,0.0,,,EXPLOIT
1050,56,,,0,1,1,0,common,1.0,0.25521839293200665,0.2626264481205199,0.37424082638570005,0.0,0.9080967955143694,0.0,,,EXPLOIT
1051,56,,,0,1,1,0,common,1.0,0.16589195540580437,0.20606128588454362,0.3117361650917313,0.0,0.9082754214796607,0.0,,,EXPLOIT
1052,56,,,0,1,1,0,common,0.0,0.8921702289862271,0.174708757318155,0.48586638426008,0.0,0.9084515785135524,0.0,,,EXPLOIT
1053,56,,,0,1,1,0,common,1.0,0.4200893511589523,0.39209331004760073,0.46613327432974166,0.0,0.9086253087382818,0.0,,,EXPLOIT
1054,56,,,0,1,1,0,common,1.0,0.27305807825331896,0.27514202602588406,0.4082107155068148,0.0,0.9087966533652366,0.0,,,EXPLOIT
1055,56,,,0,0,0,0,common,1.0,0.888711786875878,0.21282786832416295,0.5523610369175338,0.0,0.9062341608920925,0.0,,,EXPLOIT
1056,56,,,0,1,1,0,common,1.0,0.1774877508646573,0.452514871135246,0.4398990511016708,0.0,0.9064390181897257,0.0,,,EXPLOIT
1057,56,,,0,1,1,0,common,1.0,0.1153670380620272,0.39757785546625724,0.3425394471897777,0.0,0.906640947065327,0.0,,,EXPLOIT
1058,56,,,0,0,0,0,common,0.0,0.42233733853067923,0.363090918346688,0.3664788145920481,0.0,0.9068399998838563,0.0,,,EXPLOIT
1059,56,,,0,1,1,0,common,1.0,0.07498857474031773,0.2510753269355927,0.27903174263652897,0.0,0.9070362278155868,0.0,,,EXPLOIT
1060,56,,,0,1,1,0,common,0.0,0.9512574264187935,0.23396586444999803,0.4806994477712083,0.0,0.9072296808699868,0.0,,,EXPLOIT
1061,56,,,0,1,1,0,common,1.0,0.38168267282778423,0.5028632545149845,0.45099441528818107,0.0,0.9074204079284538,0.0,,,EXPLOIT
1062,56,,,0,1,1,0,common,1.0,0.24809373733805973,0.3845417466427507,0.3901242119031446,0.0,0.9076084567759439,0.0,,,EXPLOIT
1063,56,,,0,1,1,0,common,1.0,0.16126092926973878,0.3134094144966235,0.32146522711312286,0.0,0.9077938741315402,0.0,,,EXPLOIT
1064,56,,,0,1,1,0,common,1.0,0.10481960402533019,0.2715887131376481,0.2564715401867851,0.0,0.9079767056780013,0.0,,,EXPLOIT
1065,56,,,0,1,1,0,common,1.0,0.06813274261646463,0.2465208997464038,0.19996990091568895,0.0,0.90815699609033,0.0,,,EXPLOIT
1066,56,,,0,1,1,0,common,1.0,0.04428628270070201,0.2311486380583307,0.15326481545119283,0.0,0.9083347890633999,0.0,,,EXPLOIT
1067,56,,,0,1,1,0,common,1.0,0.028786083755456326,0.2215479954135963,0.11592119594247187,0.0,0.9085101273386749,0.0,,,EXPLOIT
1068,56,,,0,1,1,0,common,1.0,0.018710954441046646,0.21547254769396498,0.0867581234920443,0.0,0.9086830527300568,0.0,,,EXPLOIT
1069,56,,,0,1,1,0,common,1.0,0.012162120386680297,0.21159296733422436,0.06437932256043509,0.0,0.9088536061488948,0.0,,,EXPLOIT
1070,56,,,0,1,1,0,common,1.0,0.007905378251342188,0.2091004987598913,0.047437139267707214,0.0,0.9090218276281877,0.0,,,EXPLOIT
1071,56,,,0,1,1,0,common,0.0,0.9948615041366276,0.20749272782800363,0.3316644487283833,0.0,0.909187756346009,0.0,,,EXPLOIT
1072,56,,,0,0,0,0,common,0.0,0.2745192700449415,0.47760978068841636,0.31452089512335074,0.0,0.909351430648183,0.0,,,EXPLOIT
1073,56,,,0,1,1,0,common,1.0,0.353340022311192,0.39243924088528603,0.3261666332797031,0.0,0.9095128880702428,0.0,,,EXPLOIT
1074,56,,,0,0,0,0,common,0.0,0.17843752552921197,0.29242644046573896,0.2818479009545557,0.0,0.9096721653586924,0.0,,,EXPLOIT
1075,56,,,0,1,1,0,common,1.0,0.22967101450227478,0.24850869592991004,0.2661948350188714,0.0,0.9098292984916029,0.0,,,EXPLOIT
1076,56,,,0,1,1,0,common,1.0,0.1492861594264786,0.19928863550842568,0.2311222323411536,0.0,0.9099843226985617,0.0,,,EXPLOIT
1077,56,,,0,0,0,0,common,0.0,0.11598439159398778,0.1716554401015365,0.19658088011700384,0.0,0.9101372724800043,0.0,,,EXPLOIT
1078,56,,,0,1,1,0,common,1.0,0.0970360036272111,0.15244226596311358,0.166717417170066,0.0,0.9102881816259472,0.0,,,EXPLOIT
1079,56,,,0,1,1,0,common,1.0,0.06307340235768721,0.13780164453323945,0.13562421272635236,0.0,0.9104370832341419,0.0,,,EXPLOIT
1080,56,,,0,1,1,0,common,0.0,0.9590022884675033,0.12895107563555877,0.38263763544869767,0.0,0.9105840097276772,0.0,,,EXPLOIT
1081,56,,,0,1,1,0,common,1.0,0.37664851249612274,0.3261474677318563,0.3808408985629252,0.0,0.9107289928720416,0.0,,,EXPLOIT
1082,56,,,0,1,1,0,common,0.0,0.7551784668775202,0.23203464120868114,0.4931421690573037,0.0,0.9108720637916704,0.0,,,EXPLOIT
1083,56,,,0,0,0,0,common,0.0,0.07538985453609207,0.43885062568022337,0.36781647470094014,0.0,0.9110132529859929,0.0,,,EXPLOIT
1084,56,,,0,1,1,0,common,1.0,0.5091339965296118,0.4154595502875151,0.41021173124954163,0.0,0.9111525903449994,0.0,,,EXPLOIT
1085,56,,,0,1,1,0,common,1.0,0.33093709774424773,0.2720139789438859,0.38642934119795347,0.0,0.9112901051643418,0.0,,,EXPLOIT
1086,56,,,0,1,1,0,common,0.0,0.784890886466239,0.19863961812469205,0.5059678047784391,0.0,0.908842069888436,0.0,,,EXPLOIT
1087,56,,,0,1,1,0,common,0.0,0.5101790762030554,0.3985514762673856,0.5072311862058239,0.0,0.9062816848897239,0.0,,,EXPLOIT
1088,56,,,0,1,1,0,common,1.0,0.668383600468014,0.5557348038080162,0.5555769104844809,0.0,0.9036011728427937,0.0,,,EXPLOIT
1089,56,,,0,1,1,0,common,1.0,0.4344493403042091,0.35155918556403565,0.5192386394303993,0.0,0.9007920218407554,0.0,,,EXPLOIT
1090,56,,,0,1,1,0,common,1.0,0.2823920711977359,0.23917360960833442,0.4481846689606002,0.0,0.9010786008101969,0.0,,,EXPLOIT
1091,56,,,0,1,1,0,common,1.0,0.18355484627852836,0.18159705653003266,0.36879572215597867,0.0,0.901360687729531,0.0,,,EXPLOIT
1092,56,,,0,1,1,0,common,1.0,0.11931065008104347,0.1506017891149101,0.29395020053349813,0.0,0.9016383734795183,0.0,,,EXPLOIT
1093,56,,,0,1,1,0,common,1.0,0.07755192255267829,0.13296404345382168,0.22903071713925216,0.0,0.9019117465647237,0.0,,,EXPLOIT
1094,56,,,0,1,1,0,common,0.0,0.9495912503407591,0.12248728746043917,0.4451988770997042,0.0,0.9021808931907683,0.0,,,EXPLOIT
1095,56,,,0,0,0,0,common,0.0,0.049003405448459846,0.3103125245040883,0.32634023560433084,0.0,0.9024458973385833,0.0,,,EXPLOIT
1096,56,,,0,1,1,0,common,1.0,0.3827656872785066,0.29728110097900357,0.3432678711065835,0.0,0.9027068408357978,0.0,,,EXPLOIT
1097,56,,,0,1,1,0,common,1.0,0.24879769673102925,0.20806812352754103,0.3149268187939172,0.0,0.9029638034253946,0.0,,,EXPLOIT
1098,56,,,0,1,1,0,common,1.0,0.16171850287516898,0.16221093588950292,0.26896432401829273,0.0,0.9032168628317495,0.0,,,EXPLOIT
1099,56,,,0,1,1,0,common,1.0,0.10511702686885982,0.13718644351697362,0.21981013487346285,0.0,0.9034660948241736,0.0,,,EXPLOIT
1100,56,,,0,1,1,0,common,1.0,0.06832606746475889,0.12277275051000962,0.17436491465085166,0.0,0.9037115732780661,0.0,,,EXPLOIT
1101,56,,,0,1,1,0,common,1.0,0.04441194385209324,0.11413409877853967,0.13537902341122413,0.0,0.9039533702337811,0.0,,,EXPLOIT
1102,56,,,0,1,1,0,common,1.0,0.028867763503860555,0.10881265935113282,0.10342564543901506,0.0,0.9041915559533121,0.0,,,EXPLOIT
1103,56,,,0,1,1,0,common,1.0,0.018764046277509383,0.10547369737708098,0.07802716569056335,0.0,0.9044261989748807,0.0,,,EXPLOIT
1104,56,,,0,1,1,0,common,1.0,0.012196630080381077,0.10335293261619502,0.05827800500750867,0.0,0.9046573661655258,0.0,,,EXPLOIT
1105,56,,,0,1,1,0,common,0.0,0.9920721904477523,0.101995065477739,0.33841626063958175,0.0,0.9048851227717752,0.0,,,EXPLOIT
1106,56,,,0,1,1,0,common,0.0,0.644846923791039,0.27704158306186955,0.4303454595850189,0.0,0.9051095324684807,0.0,,,EXPLOIT
1107,56,,,0,1,1,0,common,1.0,0.5808494995358247,0.46404080990378616,0.47549667157026054,0.0,0.9053306574058949,0.0,,,EXPLOIT
1108,56,,,0,1,1,0,common,1.0,0.37755217469828606,0.29338882558369617,0.4461133225086682,0.0,0.9055485582550632,0.0,,,EXPLOIT
1109,56,,,0,1,1,0,common,1.0,0.24540891355388594,0.20610793721898635,0.3859019998222335,0.0,0.905763294251599,0.0,,,EXPLOIT
1110,56,,,0,1,1,0,common,1.0,0.1595157938100259,0.1611692925481368,0.31798613801857123,0.0,0.9059749232379121,0.0,,,EXPLOIT
1111,56,,,0,1,1,0,common,1.0,0.10368526597651684,0.13659911230363903,0.25369587640595487,0.0,0.9061835017039502,0.0,,,EXPLOIT
1112,56,,,0,0,0,0,common,0.0,0.031852213541498905,0.1224260631452441,0.18714277754661807,0.0,0.9063890848265179,0.0,,,EXPLOIT
1113,56,,,0,1,1,0,common,1.0,0.06739542288473599,0.11833970454412755,0.15121857114805345,0.0,0.9065917265072264,0.0,,,EXPLOIT
1114,56,,,0,1,1,0,common,0.0,0.9561929751249216,0.11008965027797638,0.3927108923411139,0.0,0.9067914794091348,0.0,,,EXPLOIT
1115,56,,,0,1,1,0,common,1.0,0.37847456616880093,0.2858496619233243,0.38843999448941996,0.0,0.9069883949921297,0.0,,,EXPLOIT
1116,56,,,0,0,0,0,common,0.0,0.02070393880197429,0.20009907444680292,0.2781191777831863,0.0,0.907182523547097,0.0,,,EXPLOIT
1117,56,,,0,0,0,0,common,0.0,0.01345756022128329,0.19605239767449756,0.19872069251461538,0.0,0.907373914228934,0.0,,,EXPLOIT
1118,56,,,0,1,1,0,common,1.0,0.24600846800972065,0.19345727169398869,0.21290702516314697,0.0,0.9075626150884436,0.0,,,EXPLOIT
1119,56,,,0,1,1,0,common,1.0,0.15990550420631844,0.1507527478761752,0.1970065688760984,0.0,0.9077486731031605,0.0,,,EXPLOIT
1120,56,,,0,1,1,0,common,1.0,0.10393857773410697,0.12751666220098343,0.16908617153350095,0.0,0.9079321342071456,0.0,,,EXPLOIT
1121,56,,,0,1,1,0,common,1.0,0.06756007552716958,0.1141492515389761,0.13862834273160152,0.0,0.9081130433197907,0.0,,,EXPLOIT
1122,56,,,0,1,1,0,common,1.0,0.04391404909266028,0.10614206715906946,0.11021405463991915,0.0,0.9082914443736727,0.0,,,EXPLOIT
1123,56,,,0,1,1,0,common,0.0,0.9714558680897708,0.10121093479884746,0.36858659867487464,0.0,0.9084673803414924,0.0,,,EXPLOIT
1124,56,,,0,1,1,0,common,1.0,0.36855368574164893,0.27015166648516664,0.3685767247949069,0.0,0.9086408932621329,0.0,,,EXPLOIT
1125,56,,,0,1,1,0,common,1.0,0.23955989573207181,0.18994910537309906,0.32987167607605633,0.0,0.9088120242658712,0.0,,,EXPLOIT
1126,56,,,0,1,1,0,common,1.0,0.15571393222584673,0.14889450538508173,0.27762435292099347,0.0,0.9089808135987753,0.0,,,EXPLOIT
1127,56,,,0,0,0,0,common,0.0,0.00874741414383414,0.12646981986231975,0.19696127128784566,0.0,0.9091473006463171,0.0,,,EXPLOIT
1128,56,,,0,1,1,0,common,1.0,0.10121405594680033,0.12530246605362788,0.16823710668553205,0.0,0.9093115239562296,0.0,,,EXPLOIT
1129,56,,,0,0,0,0,common,1.0,0.9943141808065078,0.11247035919442191,0.41606022892182476,0.0,0.9094735212606386,0.0,,,EXPLOIT
1130,56,,,0,1,1,0,common,1.0,0.06578913636542016,0.3009439343081915,0.3109789011549034,0.0,0.9096333294974923,0.0,,,EXPLOIT
1131,56,,,0,1,1,0,common,0.0,0.9572370613624769,0.2838659066583914,0.5048563492171754,0.0,0.9071095262207006,0.0,,,EXPLOIT
1132,56,,,0,0,0,0,common,1.0,0.6463042175242301,0.5673721253223944,0.5472907097092918,0.0,0.9044681478889031,0.0,,,EXPLOIT
1133,56,,,0,1,1,0,common,1.0,0.37779591011438995,0.6895810583307804,0.49644226983082124,0.0,0.9046986951612961,0.0,,,EXPLOIT
1134,56,,,0,1,1,0,common,1.0,0.24556734157435345,0.6357458348386259,0.4211797913538809,0.0,0.9049258434486344,0.0,,,EXPLOIT
1135,56,,,0,0,0,0,common,0.0,0.5799022586092504,0.5738717062881502,0.4687965315304917,0.0,0.9051496561473594,0.0,,,EXPLOIT
1136,56,,,0,1,1,0,common,0.0,0.8403812279766703,0.39657971276332316,0.5802719404643453,0.0,0.9024151766442855,0.0,,,EXPLOIT
1137,56,,,0,1,1,0,common,0.0,0.5462477981848357,0.6389418364513073,0.5700646977804924,0.0,0.8995481692463777,0.0,,,EXPLOIT
1138,56,,,0,1,1,0,common,1.0,0.6449389311798568,0.6921910293700636,0.5925269678003017,0.0,0.8965389158964505,0.0,,,EXPLOIT
1139,56,,,0,0,0,0,common,0.0,0.3769364680960128,0.616465948728091,0.527849817889015,0.0,0.8933767248126827,0.0,,,EXPLOIT
1140,56,,,0,1,1,0,common,1.0,0.41921030526690695,0.5099503672216367,0.49525796410238254,0.0,0.8937868166511685,0.0,,,EXPLOIT
1141,56,,,0,1,1,0,common,0.0,0.7275133015765105,0.3801587507187217,0.5649345653446209,0.0,0.8904814928154224,0.0,,,EXPLOIT
1142,56,,,0,1,1,0,common,1.0,0.5271163539752681,0.5991640633566364,0.553589101933815,0.0,0.8870001346134089,0.0,,,EXPLOIT
1143,56,,,0,1,1,0,common,1.0,0.3426256300839243,0.44162403374732684,0.49030006037884777,0.0,0.8875276280695252,0.0,,,EXPLOIT
1144,56,,,0,1,1,0,common,1.0,0.22270665955455082,0.33870216472380793,0.41002204013155863,0.0,0.8880450177593837,0.0,,,EXPLOIT
1145,56,,,0,1,1,0,common,1.0,0.14475932871045805,0.2790245543791501,0.3304432267052284,0.0,0.8885525658343881,0.0,,,EXPLOIT
1146,56,,,0,1,1,0,common,0.0,0.9059064363382022,0.24418639652388419,0.5030821895951205,0.0,0.8849663916573681,0.0,,,EXPLOIT
1147,56,,,0,1,1,0,common,1.0,0.41116081638016855,0.5028345285701903,0.4755057776306349,0.0,0.8855335009415192,0.0,,,EXPLOIT
1148,56,,,0,1,1,0,common,1.0,0.2672545306471096,0.37569877483595976,0.41303040353557724,0.0,0.88608945784559,0.0,,,EXPLOIT
1149,56,,,0,1,1,0,common,1.0,0.1737154449206212,0.3003695412335481,0.3412359159510904,0.0,0.8866345608765319,0.0,,,EXPLOIT
1150,56,,,0,1,1,0,common,1.0,0.11291503919840373,0.25674820756149375,0.27273965292528435,0.0,0.8871690980739323,0.0,,,EXPLOIT
1151,56,,,0,1,1,0,common,1.0,0.07339477547896245,0.23089570507433851,0.21293618969138778,0.0,0.8876933474652976,0.0,,,EXPLOIT
1152,56,,,0,1,1,0,common,1.0,0.04770660406132554,0.2151655278309123,0.1633673140023691,0.0,0.8882075774977716,0.0,,,EXPLOIT
1153,56,,,0,1,1,0,common,1.0,0.03100929263986163,0.20539251314446338,0.12365990759361685,0.0,0.888712047447696,0.0,,,EXPLOIT
1154,56,,,0,1,1,0,common,1.0,0.02015604021591011,0.19922926653027911,0.09260874738030482,0.0,0.8892070078093348,0.0,,,EXPLOIT
1155,56,,,0,1,1,0,common,0.0,0.9868985738596584,0.19530250791358106,0.3608956953241109,0.0,0.8896927006639829,0.0,,,EXPLOIT
1156,56,,,0,1,1,0,common,1.0,0.35851592699122203,0.4558248632424431,0.36018176482424424,0.0,0.890169360030607,0.0,,,EXPLOIT
1157,56,,,0,1,1,0,common,1.0,0.2330353525442943,0.34711272749511474,0.32203784114025924,0.0,0.8906372121990894,0.0,,,EXPLOIT
1158,56,,,0,1,1,0,common,0.0,0.8485270208462087,0.28388261694926653,0.47998459505204405,0.0,0.8910964760470687,0.0,,,EXPLOIT
1159,56,,,0,0,0,0,common,1.0,0.7549912957375917,0.5354525162603714,0.5624866052577083,0.0,0.8876482120993515,0.0,,,EXPLOIT
1160,56,,,0,1,1,0,common,1.0,0.4484574364499643,0.6895835654070485,0.5282778546153851,0.0,0.8840123663396892,0.0,,,EXPLOIT
1161,56,,,0,0,0,0,common,0.0,0.5092556577705654,0.6196358354859753,0.5225711955619392,0.0,0.8801734037406544,0.0,,,EXPLOIT
1162,56,,,0,1,1,0,common,1.0,0.29149733369247677,0.47282613602521134,0.4532490370011005,0.0,0.8808380245957221,0.0,,,EXPLOIT
1163,56,,,0,0,0,0,common,0.0,0.3310161775508675,0.38272058203554027,0.41657917916603054,0.0,0.881488776455943,0.0,,,EXPLOIT
1164,56,,,0,1,1,0,common,1.0,0.1894732669001099,0.28985585329054103,0.3484474054862543,0.0,0.8821260571025445,0.0,,,EXPLOIT
1165,56,,,0,1,1,0,common,1.0,0.12315762348507142,0.2436728885675658,0.28086047088589944,0.0,0.8827502493497178,0.0,,,EXPLOIT
1166,56,,,0,1,1,0,common,1.0,0.08005245526529647,0.2166579233606621,0.22061806619971855,0.0,0.8833617217425984,0.0,,,EXPLOIT
1167,56,,,0,1,1,0,common,1.0,0.05203409592244268,0.20037069495703275,0.17004287511653576,0.0,0.8839608292165417,0.0,,,EXPLOIT
1168,56,,,0,1,1,0,common,0.0,0.9661778376504122,0.19031410171516175,0.40888336387669866,0.0,0.8845479137201706,0.0,,,EXPLOIT
1169,56,,,0,1,1,0,common,0.0,0.6280155944727679,0.44118748654811846,0.47462303305551945,0.0,0.8851233048044984,0.0,,,EXPLOIT
1170,56,,,0,1,1,0,common,1.0,0.5917898635927008,0.6238203978049706,0.5097730822166738,0.0,0.8813469861043928,0.0,,,EXPLOIT
1171,56,,,0,0,0,0,common,1.0,0.7848394845919362,0.452513831185326,0.5922930029292526,0.0,0.8773556391148394,0.0,,,EXPLOIT
1172,56,,,0,0,0,0,common,0.0,0.4898543350152415,0.662620272086724,0.5615614025550493,0.0,0.8731305792943014,0.0,,,EXPLOIT
1173,56,,,0,1,1,0,common,1.0,0.3846634113352556,0.5436682658263293,0.5084920051891111,0.0,0.8686508930542441,0.0,,,EXPLOIT
1174,56,,,0,0,0,0,common,0.0,0.318405317759907,0.4245561063266567,0.45146599896034983,0.0,0.8695737091331647,0.0,,,EXPLOIT
1175,56,,,0,1,1,0,common,1.0,0.2500312173679162,0.33008844249021746,0.3910355644826197,0.0,0.870474612321817,0.0,,,EXPLOIT
1176,56,,,0,0,0,0,common,0.0,0.20696345654393955,0.26468724201297006,0.3358139321010156,0.0,0.8713543300578047,0.0,,,EXPLOIT
1177,56,,,0,1,1,0,common,1.0,0.16252029128914558,0.21775857937435555,0.2838258398574546,0.0,0.8722135580547175,0.0,,,EXPLOIT
1178,56,,,0,1,1,0,common,1.0,0.10563818933794467,0.18559271525646703,0.2303695447016016,0.0,0.8730529620138227,0.0,,,EXPLOIT
1179,56,,,0,1,1,0,common,1.0,0.06866482306966404,0.16682672578214008,0.18185812821202033,0.0,0.8738731792261054,0.0,,,EXPLOIT
1180,56,,,0,1,1,0,common,1.0,0.044632134995281625,0.1554970760688684,0.1406903302469987,0.0,0.874674820072761,0.0,,,EXPLOIT
1181,56,,,0,1,1,0,common,1.0,0.029010887746933056,0.14848741801069476,0.107186497496979,0.0,0.875458469431574,0.0,,,EXPLOIT
1182,56,,,0,1,1,0,common,1.0,0.018857077035506542,0.14407732800710588,0.08068767135853726,0.0,0.8762246879959971,0.0,,,EXPLOIT
1183,56,,,0,1,1,0,common,0.0,0.9877428999269208,0.14127149523480398,0.3528042399290523,0.0,0.8769740135131898,0.0,,,EXPLOIT
1184,56,,,0,0,0,0,common,0.0,0.13452624675356073,0.35905379257477915,0.28732084197640484,0.0,0.8777069619467632,0.0,,,EXPLOIT
1185,56,,,0,1,1,0,common,1.0,0.35796711504750145,0.3209181064782315,0.3085147238977338,0.0,0.8784240285695243,0.0,,,EXPLOIT
1186,56,,,0,1,1,0,common,1.0,0.23267862478087598,0.2319774009657541,0.28576389416267645,0.0,0.879125688991082,0.0,,,EXPLOIT
1187,56,,,0,1,1,0,common,1.0,0.15124110610756936,0.18480902164518181,0.2454070577461443,0.0,0.8798124001248049,0.0,,,EXPLOIT
1188,56,,,0,1,1,0,common,1.0,0.09830671896992005,0.15853746422379622,0.201276956113277,0.0,0.880484601098264,0.0,,,EXPLOIT
1189,56,,,0,1,1,0,common,1.0,0.06389936733044799,0.1432041836579212,0.16006367947842828,0.0,0.8811427141109762,0.0,,,EXPLOIT
1190,56,,,0,1,1,0,common,1.0,0.041534588764791214,0.13393557323685465,0.12450495226433715,0.0,0.8817871452429757,0.0,,,EXPLOIT
1191,56,,,0,1,1,0,common,1.0,0.026997482697114328,0.128194437756345,0.0952527113941703,0.0,0.8824182852174673,0.0,,,EXPLOIT
1192,56,,,0,1,1,0,common,1.0,0.017548363753124296,0.12457921308415887,0.0719414071018565,0.0,0.8830365101205796,0.0,,,EXPLOIT
1193,56,,,0,1,1,0,common,1.0,0.011406436439530765,0.1222776385783709,0.053780915903158776,0.0,0.8836421820810024,0.0,,,EXPLOIT
1194,56,,,0,1,1,0,common,1.0,0.007414183685695019,0.12080178058414509,0.039870896237919645,0.0,0.8842356499120984,0.0,,,EXPLOIT
1195,56,,,0,1,1,0,common,0.0,0.9951807806042983,0.11985092375967323,0.3264638615478332,0.0,0.8848172497188793,0.0,,,EXPLOIT
1196,56,,,0,1,1,0,common,1.0,0.35313249260720614,0.3171350369340607,0.334464450865645,0.0,0.8853873054720715,0.0,,,EXPLOIT
1197,56,,,0,1,1,0,common,1.0,0.22953612019468395,0.2300007604919272,0.3029859516643567,0.0,0.8859461295513347,0.0,,,EXPLOIT
1198,56,,,0,1,1,0,common,1.0,0.14919847812654452,0.18373274585177196,0.25684970960301307,0.0,0.8864940232595497,0.0,,,EXPLOIT
1199,56,,,0,1,1,0,common,1.0,0.0969790107822539,0.15792093731804208,0.2088884999567853,0.0,0.8870312773099563,0.0,,,EXPLOIT
1200,56,,,0,1,1,0,common,1.0,0.063036357008465,0.142836518455731,0.1651328570722892,0.0,0.8875581722878,0.0,,,EXPLOIT
1201,56,,,0,1,1,0,common,1.0,0.040973632055502196,0.1337099472197093,0.12788508956725309,0.0,0.8880749790880291,0.0,,,EXPLOIT
1202,56,,,0,1,1,0,common,1.0,0.02663286083607641,0.12805324637576468,0.09750942094790008,0.0,0.8885819593304818,0.0,,,EXPLOIT
1203,56,,,0,1,1,0,common,1.0,0.017311359543449645,0.12448969817880359,0.07345000252656494,0.0,0.8890793657538986,0.0,,,EXPLOIT
1204,56,,,0,1,1,0,common,1.0,0.01125238370324222,0.12222039475350463,0.05479071687956812,0.0,0.8895674425900121,0.0,,,EXPLOIT
1205,56,,,0,1,1,0,common,1.0,0.007314049407107448,0.12076496581325721,0.04054771663782992,0.0,0.89004642591888,0.0,,,EXPLOIT
1206,56,,,0,1,1,0,common,1.0,0.004754132114619836,0.11982715945722078,0.02980964128086689,0.0,0.8905165440065458,0.0,,,EXPLOIT
1207,56,,,0,1,1,0,common,1.0,0.0030901858745029376,0.11922104107704809,0.0217938046589577,0.0,0.8909780176260488,0.0,,,EXPLOIT
1208,56,,,0,1,1,0,common,1.0,0.0020086208184268983,0.11882851917098772,0.01585824950679846,0.0,0.8914310603627301,0.0,,,EXPLOIT
1209,56,,,0,1,1,0,common,1.0,0.0013056035319775061,0.1185739933090146,0.011492455714352172,0.0,0.8918758789047256,0.0,,,EXPLOIT
1210,56,,,0,1,1,0,common,1.0,0.0008486422957854067,0.11840881027194028,0.008299311688782141,0.0,0.8923126733194765,0.0,,,EXPLOIT
1211,56,,,0,1,1,0,common,1.0,0.0005516174922605144,0.11830155052553284,0.005975003429825652,0.0,0.8927416373170365,0.0,,,EXPLOIT
1212,56,,,0,0,0,0,common,0.0,0.08744206038981447,0.11823187781050466,0.0304151205178223,0.0,0.8931629585009065,0.0,,,EXPLOIT
1213,56,,,0,0,0,0,common,0.0,0.056837339253379415,0.10763746573242593,0.03834178613848943,0.0,0.8935768186070796,0.0,,,EXPLOIT
1214,56,,,0,1,1,0,common,1.0,0.0003585513699693177,0.10121447558690193,0.026946815707933395,0.0,0.8939833937319376,0.0,,,EXPLOIT
1215,56,,,0,1,1,0,common,1.0,0.0002330583904800454,0.1011750751075381,0.01893268851269739,0.0,0.8943828545496019,0.0,,,EXPLOIT
1216,56,,,0,1,1,0,common,1.0,0.00015148795381203506,0.1011494722055261,0.013298328345031784,0.0,0.8947753665193033,0.0,,,EXPLOIT
1217,56,,,0,1,1,0,common,1.0,9.84671699778561e-05,0.10113283344917302,0.009338369992515605,0.0,0.8951610900833015,0.0,,,EXPLOIT
1218,56,,,0,1,1,0,common,0.0,0.9999359963395144,0.10112201957978723,0.3065176578966152,0.0,0.8955401808558519,0.0,,,EXPLOIT
1219,56,,,0,1,1,0,common,1.0,0.3500416023793156,0.2770276800331426,0.3195748412414253,0.0,0.895912789803691,0.0,,,EXPLOIT
1220,56,,,0,0,0,0,common,0.0,0.03694427051469662,0.19884052329256646,0.2347856700234067,0.0,0.8962790634184793,0.0,,,EXPLOIT
1221,56,,,0,1,1,0,common,1.0,0.22752704154655512,0.19170175127452382,0.23260808148035123,0.0,0.8966391438816159,0.0,,,EXPLOIT
1222,56,,,0,1,1,0,common,1.0,0.14789257700526082,0.15220867979937802,0.2071934301378241,0.0,0.8969931692218199,0.0,,,EXPLOIT
1223,56,,,0,1,1,0,common,1.0,0.09613017505341959,0.1304211380417316,0.17387445361250273,0.0,0.8973412734658391,0.0,,,EXPLOIT
1224,56,,,0,1,1,0,common,1.0,0.0624846137847227,0.11776288654312077,0.1404575016641687,0.0,0.8976835867826424,0.0,,,EXPLOIT
1225,56,,,0,1,1,0,common,1.0,0.040614998960069704,0.1101295483926063,0.110504750852939,0.0,0.8980202356214125,0.0,,,EXPLOIT
1226,56,,,0,1,1,0,common,1.0,0.02639974932404532,0.10540765000485448,0.08527325039427089,0.0,0.8983513428436554,0.0,,,EXPLOIT
1227,56,,,0,1,1,0,common,1.0,0.0171598370606294,0.10243657689785766,0.06483922639417844,0.0,0.8986770278497141,0.0,,,EXPLOIT
1228,56,,,0,1,1,0,common,1.0,0.011153894089409144,0.10054599106018842,0.04873362670274765,0.0,0.8989974066999599,0.0,,,EXPLOIT
1229,56,,,0,1,1,0,common,1.0,0.007250031158115955,0.0993340328085296,0.03628854803935814,0.0,0.8993125922309226,0.0,,,EXPLOIT
1230,56,,,0,1,1,0,common,1.0,0.004712520252775354,0.09855334508514704,0.0268157397033833,0.0,0.8996226941666058,0.0,,,EXPLOIT
1231,56,,,0,1,1,0,common,1.0,0.0030631381643040356,0.09804887381674043,0.019689959241659522,0.0,0.8999278192252138,0.0,,,EXPLOIT
1232,56,,,0,1,1,0,common,1.0,0.001991039806797601,0.09772221988689037,0.014380283411200944,0.0,0.900228071221515,0.0,,,EXPLOIT
1233,56,,,0,1,1,0,common,1.0,0.0012941758744184906,0.0975104226354801,0.010454451150166208,0.0,0.9005235511650441,0.0,,,EXPLOIT
1234,56,,,0,1,1,0,common,1.0,0.00084121431837203,0.09737297705275116,0.007570480100627954,0.0,0.900814357354342,0.0,,,EXPLOIT
1235,56,,,0,1,1,0,common,1.0,0.0005467893069418528,0.09728373138494552,0.005463372862522123,0.0,0.9011005854674163,0.0,,,EXPLOIT
1236,56,,,0,1,1,0,common,1.0,0.0003554130495122543,0.0972257613717882,0.003930984918619163,0.0,0.9013823286486009,0.0,,,EXPLOIT
1237,56,,,0,1,1,0,common,1.0,0.00023101848218298748,0.09718809761662177,0.00282099498768831,0.0,0.9016596775919778,0.0,,,EXPLOIT
1238,56,,,0,1,1,0,common,1.0,0.00015016201341899738,0.09716362325198855,0.002019745095407516,0.0,0.9019327206215216,0.0,,,EXPLOIT
1239,56,,,0,1,1,0,common,0.0,0.9999023946912776,0.09714771790411073,0.30138453997416853,0.0,0.9022015437681127,0.0,,,EXPLOIT
1240,56,,,0,1,1,0,common,1.0,0.35006344345066953,0.26788881592003777,0.3159882110171188,0.0,0.9024662308435651,0.0,,,EXPLOIT
1241,56,,,0,1,1,0,common,1.0,0.22754123824293515,0.19170947485348197,0.2894541191848637,0.0,0.9027268635118003,0.0,,,EXPLOIT
1242,56,,,0,1,1,0,common,0.0,0.8520981951420922,0.15221282627890909,0.4582473419720322,0.0,0.9029835213572934,0.0,,,EXPLOIT
1243,56,,,0,1,1,0,common,1.0,0.4461361731576401,0.34067491281995577,0.4546139913277145,0.0,0.9032362819509173,0.0,,,EXPLOIT
1244,56,,,0,1,1,0,common,0.0,0.710011487447534,0.22814060402337835,0.5312332401636604,0.0,0.9004093919418246,0.0,,,EXPLOIT
1245,56,,,0,1,1,0,common,1.0,0.538492533159103,0.41931231704222516,0.5334110280622931,0.0,0.8974432227253161,0.0,,,EXPLOIT
1246,56,,,0,1,1,0,common,0.0,0.649979853446583,0.2678585146092702,0.5683816756775801,0.0,0.8943273823576938,0.0,,,EXPLOIT
1247,56,,,0,1,1,0,common,1.0,0.5775130952597209,0.45403724987905936,0.5711211015522224,0.0,0.8910504189368881,0.0,,,EXPLOIT
1248,56,,,0,1,1,0,common,1.0,0.3753835119188187,0.2860096310902911,0.5123998246622012,0.0,0.8875996819184676,0.0,,,EXPLOIT
1249,56,,,0,1,1,0,common,1.0,0.24399928274723215,0.20083238640391113,0.43187966208771045,0.0,0.8881156969506142,0.0,,,EXPLOIT
1250,56,,,0,1,1,0,common,0.0,0.8414004662142991,0.1570847516340468,0.554735903325687,0.0,0.884505570028236,0.0,,,EXPLOIT
1251,56,,,0,1,1,0,common,1.0,0.45308969696070556,0.34634239873748424,0.5242420414161926,0.0,0.8806944815014708,0.0,,,EXPLOIT
1252,56,,,0,1,1,0,common,1.0,0.29450830302445863,0.23097029091409563,0.4553219198986724,0.0,0.8813482192827998,0.0,,,EXPLOIT
1253,56,,,0,1,1,0,common,1.0,0.19143039696589814,0.1728637972129194,0.3761544630188401,0.0,0.8819884005230497,0.0,,,EXPLOIT
1254,56,,,0,0,0,0,common,0.0,0.024013775834552803,0.1419728193850347,0.2705122568635539,0.0,0.8826154112350326,0.0,,,EXPLOIT
1255,56,,,0,1,1,0,common,1.0,0.12442975802783374,0.13845296622547196,0.22668750721283784,0.0,0.8832296230138894,0.0,,,EXPLOIT
1256,56,,,0,1,1,0,common,1.0,0.08087934271809194,0.12140320918827664,0.18294505786441406,0.0,0.883831393704574,0.0,,,EXPLOIT
1257,56,,,0,1,1,0,common,1.0,0.05257157276675972,0.11133846550273632,0.14383301233511775,0.0,0.8844210680325898,0.0,,,EXPLOIT
1258,56,,,0,1,1,0,common,1.0,0.03417152229839382,0.10520165268718705,0.11093456532410056,0.0,0.8849989782003128,0.0,,,EXPLOIT
1259,56,,,0,1,1,0,common,1.0,0.022211489493956016,0.10137713717320906,0.0843176425750572,0.0,0.8855654444510751,0.0,,,EXPLOIT
1260,56,,,0,1,1,0,common,1.0,0.014437468171071388,0.09895879964302054,0.06335359025386145,0.0,0.8861207756030214,0.0,,,EXPLOIT
1261,56,,,0,1,1,0,common,1.0,0.009384354311196441,0.0974149294867569,0.04716281947106194,0.0,0.8866652695546146,0.0,,,EXPLOIT
1262,56,,,0,1,1,0,common,1.0,0.006099830302277676,0.09642312490176191,0.03484392272042666,0.0,0.8871992137635277,0.0,,,EXPLOIT
1263,56,,,0,1,1,0,common,1.0,0.003964889696480456,0.09578336153467686,0.025580212813242797,0.0,0.8877228857005475,0.0,,,EXPLOIT
1264,56,,,0,1,1,0,common,1.0,0.002577178302712313,0.09536957916076313,0.01867930246008365,0.0,0.8882365532799922,0.0,,,EXPLOIT
1265,56,,,0,1,1,0,common,1.0,0.0016751658967629757,0.09510148970026197,0.013578061491087447,0.0,0.8887404752680542,0.0,,,EXPLOIT
1266,56,,,0,1,1,0,common,1.0,0.0010888578328959175,0.09492759794827035,0.009831300393629987,0.0,0.8892349016703733,0.0,,,EXPLOIT
1267,56,,,0,1,1,0,common,1.0,0.0007077575913823075,0.09481472289550322,0.007094237552955683,0.0,0.8897200741000657,0.0,,,EXPLOIT
1268,56,,,0,1,1,0,common,0.0,0.9995399575656015,0.09474141936427084,0.3048279535567494,0.0,0.8901962261273464,0.0,,,EXPLOIT
1269,56,,,0,1,1,0,common,1.0,0.350299027582359,0.2622134309404545,0.3184692757644323,0.0,0.8906635836118121,0.0,,,EXPLOIT
1270,56,,,0,1,1,0,common,0.0,0.7723056320714666,0.1872623166239775,0.4546201826565426,0.0,0.8911223650183784,0.0,,,EXPLOIT
1271,56,,,0,1,1,0,common,1.0,0.4980013391535467,0.3768449375749075,0.4676345296056438,0.0,0.8915727817178025,0.0,,,EXPLOIT
1272,56,,,0,1,1,0,common,1.0,0.32370087044980544,0.2443224526045119,0.42445443185889226,0.0,0.8920150382726618,0.0,,,EXPLOIT
1273,56,,,0,0,0,0,common,0.0,0.015608954292459322,0.17821599545531286,0.3018007885889623,0.0,0.8924493327096013,0.0,,,EXPLOIT
1274,56,,,0,1,1,0,common,1.0,0.21040556579237357,0.17543299527122191,0.27438222174998567,0.0,0.8928758567786157,0.0,,,EXPLOIT
1275,56,,,0,1,1,0,common,1.0,0.13676361776504287,0.1413246558172593,0.2330966405545028,0.0,0.8932947962000795,0.0,,,EXPLOIT
1276,56,,,0,1,1,0,common,0.0,0.9111036484527222,0.12234963900294642,0.4364987429239686,0.0,0.8937063309001931,0.0,,,EXPLOIT
1277,56,,,0,1,1,0,common,1.0,0.40778262850573055,0.29976950717758594,0.4278839085984972,0.0,0.8941106352354787,0.0,,,EXPLOIT
1278,56,,,0,1,1,0,common,1.0,0.2650587085287248,0.2049254182122915,0.37903634857756546,0.0,0.894507878206911,0.0,,,EXPLOIT
1279,56,,,0,1,1,0,common,1.0,0.17228816054367113,0.157002006927336,0.31701189216739717,0.0,0.894898223664238,0.0,,,EXPLOIT
1280,56,,,0,1,1,0,common,1.0,0.11198730435338622,0.1312055138063336,0.2555045158231939,0.0,0.8952818305010147,0.0,,,EXPLOIT
1281,56,,,0,1,1,0,common,1.0,0.0727917478297011,0.11648887035711573,0.20069068542514606,0.0,0.8956588528408342,0.0,,,EXPLOIT
1282,56,,,0,0,0,0,common,1.0,0.9898541797099014,0.10772529584397811,0.43743973371057265,0.0,0.8960294402152205,0.0,,,EXPLOIT
1283,56,,,0,1,1,0,common,1.0,0.04731463608930575,0.2893218188032401,0.3204022044241926,0.0,0.8963937377336125,0.0,,,EXPLOIT
1284,56,,,0,1,1,0,common,1.0,0.030754513458048693,0.2772879795301873,0.2335078971343494,0.0,0.896751886245847,0.0,,,EXPLOIT
1285,56,,,0,1,1,0,common,1.0,0.019990433747731684,0.2696480588210399,0.1694526581183641,0.0,0.8971040224975247,0.0,,,EXPLOIT
1286,56,,,0,1,1,0,common,1.0,0.012993781936025628,0.2647600012378102,0.12251499526366255,0.0,0.8974502792786212,0.0,,,EXPLOIT
1287,56,,,0,0,0,0,common,0.0,0.3565947831885641,0.26161588843719297,0.192738931641133,0.0,0.8977907855656788,0.0,,,EXPLOIT
1288,56,,,0,1,1,0,common,1.0,0.008445958258416653,0.18562882619868531,0.1374510396263181,0.0,0.8981256666579069,0.0,,,EXPLOIT
1289,56,,,0,0,0,0,common,0.0,0.23178660907256665,0.1840672809626383,0.16575171046019266,0.0,0.8984550443074871,0.0,,,EXPLOIT
1290,56,,,0,1,1,0,common,1.0,0.005489872867970869,0.14526819874247932,0.11767315918252612,0.0,0.8987790368443738,0.0,,,EXPLOIT
1291,56,,,0,1,1,0,common,1.0,0.00356841736418112,0.1444405955556707,0.08344173663702262,0.0,0.8990977592958549,0.0,,,EXPLOIT
1292,56,,,0,1,1,0,common,1.0,0.0023194712867177225,0.14390482770864307,0.05910505703193115,0.0,0.8994113235011322,0.0,,,EXPLOIT
1293,56,,,0,1,1,0,common,1.0,0.001507656336366514,0.14355749525368294,0.041825836823261756,0.0,0.8997198382211593,0.0,,,EXPLOIT
1294,56,,,0,1,1,0,common,0.0,0.9990200233813618,0.14333211590000655,0.32898409279069174,0.0,0.9000234092439634,0.0,,,EXPLOIT
1295,56,,,0,1,1,0,common,0.0,0.6493630151978851,0.3664250828366594,0.4250977695128497,0.0,0.9003221394856702,0.0,,,EXPLOIT
1296,56,,,0,1,1,0,common,1.0,0.5779140401213747,0.564988098376998,0.4709426506954072,0.0,0.9006161290874304,0.0,,,EXPLOIT
1297,56,,,0,1,1,0,common,0.0,0.6243558739211064,0.3877163676310105,0.5169666176631169,0.0,0.8976602568908455,0.0,,,EXPLOIT
1298,56,,,0,0,0,0,common,0.0,0.1506612958971683,0.5781148625268352,0.4070750211333323,0.0,0.8979972908360021,0.0,,,EXPLOIT
1299,56,,,0,0,0,0,common,1.0,0.9020701576668406,0.5342751961708141,0.5555735620933848,0.0,0.8949096832351389,0.0,,,EXPLOIT
1300,56,,,0,0,0,0,common,0.0,0.41365439751655364,0.6930247941956356,0.5129978127203354,0.0,0.8916631350491819,0.0,,,EXPLOIT
1301,56,,,0,0,0,0,common,0.0,0.2688753583857599,0.6569951249443278,0.4397610764199627,0.0,0.8921037608951319,0.0,,,EXPLOIT
1302,56,,,0,1,1,0,common,1.0,0.5941686819512808,0.5967774367401586,0.4860833580793581,0.0,0.8925364640138665,0.0,,,EXPLOIT
1303,56,,,0,1,1,0,common,1.0,0.3862096432683326,0.4179640650106508,0.45612124363605044,0.0,0.8929614349128441,0.0,,,EXPLOIT
1304,56,,,0,1,1,0,common,1.0,0.25103626812441626,0.3057422059532461,0.39459575098256017,0.0,0.8933788581185723,0.0,,,EXPLOIT
1305,56,,,0,1,1,0,common,1.0,0.16317357428087054,0.24342720802537868,0.3251690979720533,0.0,0.893788912409784,0.0,,,EXPLOIT
1306,56,,,0,1,1,0,common,1.0,0.10606282328256589,0.20817374972484562,0.25943721556520705,0.0,0.8941917710397834,0.0,,,EXPLOIT
1307,56,,,0,1,1,0,common,1.0,0.06894083513366778,0.1874794226968678,0.20228830143574525,0.0,0.8945876019485445,0.0,,,EXPLOIT
1308,56,,,0,1,1,0,common,1.0,0.044811542836884044,0.17494219024712435,0.15504527385608688,0.0,0.8949765679651066,0.0,,,EXPLOIT
1309,56,,,0,1,1,0,common,0.0,0.9708724971560254,0.167169456076911,0.39979344084606844,0.0,0.895358827000784,0.0,,,EXPLOIT
1310,56,,,0,1,1,0,common,1.0,0.36893287684858345,0.4028009953877461,0.3905352716468229,0.0,0.89573453223367,0.0,,,EXPLOIT
1311,56,,,0,1,1,0,common,1.0,0.23980636995157922,0.2972492042596851,0.34531660113824975,0.0,0.8961038322848919,0.0,,,EXPLOIT
1312,56,,,0,1,1,0,common,1.0,0.15587414046852655,0.23868833362673422,0.28848386293733275,0.0,0.8964668713870396,0.0,,,EXPLOIT
1313,56,,,0,1,1,0,common,1.0,0.10131819130454223,0.20543227350642979,0.23233416144749558,0.0,0.8968237895451776,0.0,,,EXPLOIT
1314,56,,,0,1,1,0,common,1.0,0.06585682434795248,0.1858373628619313,0.18239096031763263,0.0,0.8971747226908104,0.0,,,EXPLOIT
1315,56,,,0,1,1,0,common,1.0,0.042806935826169124,0.1739323728259325,0.14051575297019356,0.0,0.897519802829165,0.0,,,EXPLOIT
1316,56,,,0,0,0,0,common,0.0,0.17476898295074395,0.16653684774026695,0.15079172196435867,0.0,0.8978591581801227,0.0,,,EXPLOIT
1317,56,,,0,0,0,0,common,0.0,0.11359983891798356,0.13902801235907047,0.13963415705044613,0.0,0.8981929133131195,0.0,,,EXPLOIT
1318,56,,,0,1,1,0,common,0.0,0.9721754917129901,0.12332815959817522,0.3893965574492093,0.0,0.8985211892763122,0.0,,,EXPLOIT
1319,56,,,0,1,1,0,common,1.0,0.36808593038655646,0.3181897717251977,0.38300336933041346,0.0,0.8988441037202951,0.0,,,EXPLOIT
1320,56,,,0,0,0,0,common,1.0,0.9261601047033107,0.2275762073975321,0.5459503899422826,0.0,0.8957994018067703,0.0,,,EXPLOIT
1321,56,,,0,1,1,0,common,0.0,0.7607441452487382,0.48600366599976086,0.6103885165342192,0.0,0.8925990562789317,0.0,,,EXPLOIT
1322,56,,,0,1,1,0,common,1.0,0.5055163055883201,0.6748684511201577,0.5789268532504495,0.0,0.8892309940214908,0.0,,,EXPLOIT
1323,56,,,0,1,1,0,common,1.0,0.3285855986324081,0.5633513719940069,0.5038244768650371,0.0,0.8856818603531637,0.0,,,EXPLOIT
1324,56,,,0,1,1,0,common,0.0,0.7864193608889347,0.46303328415868594,0.5886029420722063,0.0,0.8819368443364323,0.0,,,EXPLOIT
1325,56,,,0,1,1,0,common,0.0,0.5111725845778076,0.6681709224492842,0.5653738348238866,0.0,0.8779794747120196,0.0,,,EXPLOIT
1326,56,,,0,0,0,0,common,1.0,0.6020040680571519,0.6845794401817655,0.5763629047938662,0.0,0.8737913805290025,0.0,,,EXPLOIT
1327,56,,,0,1,1,0,common,1.0,0.667737820024425,0.5608646295504106,0.6037753793630338,0.0,0.8693520091331818,0.0,,,EXPLOIT
1328,56,,,0,1,1,0,common,1.0,0.43402958301587624,0.6895092857672145,0.5528516404588866,0.0,0.8646382923802274,0.0,,,EXPLOIT
1329,56,,,0,0,0,0,common,0.0,0.6086973557628512,0.6698617791344701,0.5696053550500759,0.0,0.8596242496337481,0.0,,,EXPLOIT
1330,56,,,0,1,1,0,common,1.0,0.2821192289603196,0.5218466397623123,0.48335951722314896,0.0,0.8607727142880538,0.0,,,EXPLOIT
1331,56,,,0,1,1,0,common,1.0,0.18337749882420773,0.4339596671676327,0.3933649117034666,0.0,0.8618913319556741,0.0,,,EXPLOIT
1332,56,,,0,0,0,0,common,1.0,0.6043467187541467,0.377899901044407,0.45665945381867057,0.0,0.8629811968958192,0.0,,,EXPLOIT
1333,56,,,0,1,1,0,common,1.0,0.11919537423573501,0.5631774099228726,0.3554202299437899,0.0,0.8640433506600793,0.0,,,EXPLOIT
1334,56,,,0,1,1,0,common,1.0,0.07747699325322777,0.5278355216734847,0.2720372589366213,0.0,0.8650787852294339,0.0,,,EXPLOIT
1335,56,,,0,0,0,0,common,0.0,0.6071746328098047,0.5040436258553065,0.3725784710985763,0.0,0.8660884459298371,0.0,,,EXPLOIT
1336,56,,,0,1,1,0,common,0.0,0.9496399543854019,0.32061540605673317,0.5456969160846239,0.0,0.8611677887565057,0.0,,,EXPLOIT
1337,56,,,0,1,1,0,common,0.0,0.6172659703505112,0.6030671320356765,0.56716763236439,0.0,0.8559266719191491,0.0,,,EXPLOIT
1338,56,,,0,0,0,0,common,1.0,0.605336488673627,0.6930611371102045,0.5786182892571611,0.0,0.8503330286594281,0.0,,,EXPLOIT
1339,56,,,0,1,1,0,common,1.0,0.5987771192721677,0.6154541941036145,0.584665938261663,0.0,0.8443503665723272,0.0,,,EXPLOIT
1340,56,,,0,1,1,0,common,1.0,0.38920512752690906,0.6931108252804221,0.5260276950412368,0.0,0.8379369768116696,0.0,,,EXPLOIT
1341,56,,,0,1,1,0,common,1.0,0.25298333289249086,0.6551800639393184,0.44411438639661305,0.0,0.8397110854559254,0.0,,,EXPLOIT
1342,56,,,0,0,0,0,common,0.0,0.6065312823621425,0.5983018487338609,0.4928394551862718,0.0,0.8414296014881243,0.0,,,EXPLOIT
1343,56,,,0,0,0,0,common,0.0,0.3942453335353926,0.415941502867999,0.463261218691008,0.0,0.8430950148200281,0.0,,,EXPLOIT
1344,56,,,0,1,1,0,common,1.0,0.16443916638011902,0.30186172208195994,0.3736146029977413,0.0,0.8447096690306485,0.0,,,EXPLOIT
1345,56,,,0,0,0,0,common,0.0,0.2562594667980052,0.2603129595690458,0.3384080621378205,0.0,0.8462757719627646,0.0,,,EXPLOIT
1346,56,,,0,0,0,0,common,0.0,0.1665686534187034,0.20392316035440722,0.28685623952208533,0.0,0.8477954054117658,0.0,,,EXPLOIT
1347,56,,,0,1,1,0,common,1.0,0.1068854581470774,0.17271930470192962,0.23286500510958294,0.0,0.8492705339962565,0.0,,,EXPLOIT
1348,56,,,0,1,1,0,common,1.0,0.06947554779560028,0.15485157776560365,0.18384816791538813,0.0,0.8507030132899169,0.0,,,EXPLOIT
1349,56,,,0,1,1,0,common,1.0,0.04515910606714013,0.14409679659489844,0.14224144936091374,0.0,0.8520945972854168,0.0,,,EXPLOIT
1350,56,,,0,1,1,0,common,1.0,0.029353418943641074,0.1374553710317209,0.10837504023573194,0.0,0.8534469452535249,0.0,,,EXPLOIT
1351,56,,,0,1,1,0,common,0.0,0.9809202776866333,0.13328195719892247,0.37013861147100235,0.0,0.8547616280538283,0.0,,,EXPLOIT
1352,56,,,0,1,1,0,common,1.0,0.36240181950368844,0.3410982681701684,0.36781757388080816,0.0,0.85604013394754,0.0,,,EXPLOIT
1353,56,,,0,1,1,0,common,1.0,0.23556118267739745,0.24729970850054317,0.32814065651978497,0.0,0.8572838739576324,0.0,,,EXPLOIT
1354,56,,,0,1,1,0,common,1.0,0.15311476874030838,0.19711728999824474,0.27563289018594195,0.0,0.858494186816897,0.0,,,EXPLOIT
1355,56,,,0,1,1,0,common,1.0,0.09952459968120042,0.16907379066751657,0.22280040303451948,0.0,0.8596723435404222,0.0,,,EXPLOIT
1356,56,,,0,1,1,0,common,1.0,0.06469098979278032,0.1526830278021486,0.17536757906199774,0.0,0.8608195516553316,0.0,,,EXPLOIT
1357,56,,,0,1,1,0,common,1.0,0.042049143365307184,0.14276859273774,0.13537204835299055,0.0,0.8619369591173888,0.0,,,EXPLOIT
1358,56,,,0,1,1,0,common,0.0,0.9726680568125503,0.1366253557097848,0.38656085089085845,0.0,0.8630256579411801,0.0,,,EXPLOIT
1359,56,,,0,1,1,0,common,1.0,0.3677657630718423,0.3454687090445294,0.38092232454515357,0.0,0.864086687568023,0.0,,,EXPLOIT
1360,56,,,0,1,1,0,common,0.0,0.7609522540033025,0.2496136282122729,0.4949313033825982,0.0,0.8651210379934382,0.0,,,EXPLOIT
1361,56,,,0,1,1,0,common,1.0,0.5053810348978534,0.4648905737157449,0.4980662228371747,0.0,0.8661296526739809,0.0,,,EXPLOIT
1362,56,,,0,1,1,0,common,0.0,0.6715023273163954,0.31417434627830354,0.5500970541809409,0.0,0.8612116362075731,0.0,,,EXPLOIT
1363,56,,,0,1,1,0,common,1.0,0.563523487244343,0.5166129749970669,0.5541249840999615,0.0,0.8559734198601304,0.0,,,EXPLOIT
1364,56,,,0,1,1,0,common,0.0,0.6337097332911771,0.34426362394291166,0.5780004088573261,0.0,0.8503829720978144,0.0,,,EXPLOIT
1365,56,,,0,1,1,0,common,1.0,0.5880886733607349,0.5379364972530091,0.5810268882083487,0.0,0.8444038419192493,0.0,,,EXPLOIT
1366,56,,,0,1,1,0,common,1.0,0.38225763768447774,0.3574174065675213,0.5213961130511874,0.0,0.8379943694089288,0.0,,,EXPLOIT
1367,56,,,0,1,1,0,common,1.0,0.24846746449491053,0.2559428558034903,0.4395175184843043,0.0,0.83976666735507,0.0,,,EXPLOIT
1368,56,,,0,1,1,0,common,1.0,0.1615038519216918,0.2018283053082355,0.35611341851552053,0.0,0.8414834543689171,0.0,,,EXPLOIT
1369,56,,,0,1,1,0,common,1.0,0.10497750374909964,0.17176817889882853,0.2807726440855942,0.0,0.8431472155279234,0.0,,,EXPLOIT
1370,56,,,0,1,1,0,common,1.0,0.06823537743691477,0.15428698961769113,0.21701146409099037,0.0,0.844760289929296,0.0,,,EXPLOIT
1371,56,,,0,1,1,0,common,0.0,0.9556470046660054,0.14375150664578898,0.4386021262634949,0.0,0.8463248812561118,0.0,,,EXPLOIT
1372,56,,,0,1,1,0,common,1.0,0.37882944696709653,0.35457271344267965,0.4206703224745753,0.0,0.8478430674387764,0.0,,,EXPLOIT
1373,56,,,0,1,1,0,common,1.0,0.24623914052861273,0.2544353952112831,0.3683409678907865,0.0,0.8493168095009196,0.0,,,EXPLOIT
1374,56,,,0,1,1,0,common,1.0,0.16005544134359828,0.20100861364481604,0.30585530992663,0.0,0.8507479596689347,0.0,,,EXPLOIT
1375,56,,,0,1,1,0,common,1.0,0.10403603687333884,0.17130045370053984,0.24530952801064265,0.0,0.85213826881569,0.0,,,EXPLOIT
1376,56,,,0,1,1,0,common,1.0,0.0676234239676703,0.15400904154644107,0.19200369679775095,0.0,0.8534893933013361,0.0,,,EXPLOIT
1377,56,,,0,1,1,0,common,1.0,0.04395522557898568,0.14358138793792005,0.14758915543212134,0.0,0.8548029012674158,0.0,,,EXPLOIT
1378,56,,,0,1,1,0,common,1.0,0.028570896626340714,0.13713355151753623,0.11188367779038715,0.0,0.8560802784345825,0.0,,,EXPLOIT
1379,56,,,0,1,1,0,common,1.0,0.018571082807121497,0.13307822921176019,0.08388989929540744,0.0,0.8573229334490053,0.0,,,EXPLOIT
1380,56,,,0,1,1,0,common,0.0,0.987928796175371,0.13049858834795322,0.3551015683593965,0.0,0.8585322028179226,0.0,,,EXPLOIT
1381,56,,,0,0,0,0,common,0.0,0.1082696247221572,0.33740943622084174,0.28105198526822467,0.0,0.8597093554707153,0.0,,,EXPLOIT
1382,56,,,0,1,1,0,common,1.0,0.3578462824860089,0.3075889364069886,0.3040902744335599,0.0,0.8608555969782312,0.0,,,EXPLOIT
1383,56,,,0,1,1,0,common,0.0,0.7673999163840942,0.2213469361037217,0.4430831670187202,0.0,0.8619720734598686,0.0,,,EXPLOIT
1384,56,,,0,1,1,0,common,0.0,0.49880994564966125,0.4273287783152477,0.4598012006080025,0.0,0.8630598752050462,0.0,,,EXPLOIT
1385,56,,,0,1,1,0,common,1.0,0.6757735353277202,0.5791619184027055,0.5245929010239179,0.0,0.8579431842115743,0.0,,,EXPLOIT
1386,56,,,0,1,1,0,common,1.0,0.4392527979630182,0.3734608657594538,0.4989908701056479,0.0,0.8591359346339525,0.0,,,EXPLOIT
1387,56,,,0,1,1,0,common,1.0,0.2855143186759619,0.2553687670269429,0.43494790467674205,0.0,0.8602971902803779,0.0,,,EXPLOIT
1388,56,,,0,1,1,0,common,1.0,0.18558430713937524,0.19411782625611032,0.36013882541553194,0.0,0.8614281259596758,0.0,,,EXPLOIT
1389,56,,,0,1,1,0,common,1.0,0.12062979964059395,0.16099819633168586,0.2882861176830505,0.0,0.8625298589085928,0.0,,,EXPLOIT
1390,56,,,0,1,1,0,common,0.0,0.9215906302336139,0.1421172801038596,0.4782774714482195,0.0,0.8636034522771436,0.0,,,EXPLOIT
1391,56,,,0,1,1,0,common,1.0,0.4009660903481509,0.341642507318921,0.4550840571181989,0.0,0.8646499183637758,0.0,,,EXPLOIT
1392,56,,,0,1,1,0,common,1.0,0.26062795872629807,0.23892050581690155,0.39674722760062864,0.0,0.8656702216210561,0.0,,,EXPLOIT
1393,56,,,0,0,0,0,common,0.0,0.07037525606940218,0.18539087900298679,0.29883563614126063,0.0,0.8666652814506465,0.0,,,EXPLOIT
1394,56,,,0,1,1,0,common,1.0,0.16940817317209378,0.17271780914192592,0.2600073972505106,0.0,0.8676359748046057,0.0,,,EXPLOIT
1395,56,,,0,1,1,0,common,1.0,0.11011531256186091,0.1451421937629016,0.21503977184391568,0.0,0.8685831386084931,0.0,,,EXPLOIT
1396,56,,,0,1,1,0,common,1.0,0.07157495316520956,0.1293141845492852,0.1720003262403038,0.0,0.8695075720203541,0.0,,,EXPLOIT
1397,56,,,0,1,1,0,common,0.0,0.9534762804426138,0.11985324472908547,0.4064431125009968,0.0,0.8704100385384167,0.0,,,EXPLOIT
1398,56,,,0,1,1,0,common,1.0,0.380240417712301,0.3058788433723116,0.398582304064388,0.0,0.871291267969182,0.0,,,EXPLOIT
1399,56,,,0,1,1,0,common,0.0,0.7528437284870043,0.21527572379802684,0.5048607313911728,0.0,0.8666984070277206,0.0,,,EXPLOIT
1400,56,,,0,0,0,0,common,0.0,0.045743916445111416,0.4139260649865911,0.36712568690735436,0.0,0.8676682935086918,0.0,,,EXPLOIT
1401,56,,,0,1,1,0,common,1.0,0.5106515764834472,0.39990968125640936,0.4101834537801822,0.0,0.8686146779916143,0.0,,,EXPLOIT
1402,56,,,0,1,1,0,common,0.0,0.6680764752857593,0.2592936016226258,0.4875513602318553,0.0,0.8695383583985015,0.0,,,EXPLOIT
1403,56,,,0,0,0,0,common,1.0,0.9702664543106776,0.4486332399433793,0.6323658884555019,0.0,0.8648363233554676,0.0,,,EXPLOIT
1404,56,,,0,0,0,0,common,0.0,0.36932680469805956,0.6847877489963803,0.5534541633282691,0.0,0.8598350852160629,0.0,,,EXPLOIT
1405,56,,,0,0,0,0,common,1.0,0.7599375769462613,0.6230592615167564,0.6153991874136668,0.0,0.8545054248669741,0.0,,,EXPLOIT
1406,56,,,0,1,1,0,common,1.0,0.5657502910642564,0.6829446102973447,0.6005045185088437,0.0,0.8488141909149175,0.0,,,EXPLOIT
1407,56,,,0,1,1,0,common,1.0,0.36773768919176675,0.662270634094883,0.5306744697137206,0.0,0.8427236151423518,0.0,,,EXPLOIT
1408,56,,,0,1,1,0,common,1.0,0.23902949797464834,0.5783056938624037,0.44318097819199886,0.0,0.8443495290710449,0.0,,,EXPLOIT
1409,56,,,0,0,0,0,common,1.0,0.49395942501506984,0.5074707448220647,0.45841451223892016,0.0,0.8459264047144976,0.0,,,EXPLOIT
1410,56,,,0,0,0,0,common,0.0,0.6789263737402046,0.6411063675861315,0.5245680706893054,0.0,0.8396279557585661,0.0,,,EXPLOIT
1411,56,,,0,1,1,0,common,1.0,0.15536917368352143,0.44969468862973694,0.4138084015875702,0.0,0.8413490591912609,0.0,,,EXPLOIT
1412,56,,,0,0,0,0,common,0.0,0.441302142931133,0.4015712306510434,0.4220565239906391,0.0,0.8430169448604253,0.0,,,EXPLOIT
1413,56,,,0,1,1,0,common,0.0,0.899010037105711,0.27763708903451206,0.5651425779251606,0.0,0.8365054846900614,0.0,,,EXPLOIT
1414,56,,,0,0,0,0,common,0.0,0.2868463929052365,0.5431756385303332,0.4816537224191834,0.0,0.8383250212995061,0.0,,,EXPLOIT
1415,56,,,0,1,1,0,common,1.0,0.4156434758812878,0.4545443445234012,0.46185064845781476,0.0,0.8400869033770346,0.0,,,EXPLOIT
1416,56,,,0,1,1,0,common,1.0,0.27016825932283706,0.32978833579814776,0.4043459317173214,0.0,0.8417937436204013,0.0,,,EXPLOIT
1417,56,,,0,1,1,0,common,1.0,0.1756093685598441,0.2595690531242988,0.3357249627700782,0.0,0.8434479993872125,0.0,,,EXPLOIT
1418,56,,,0,1,1,0,common,1.0,0.11414608956389871,0.21990160939690345,0.26925130080822435,0.0,0.8450519840729094,0.0,,,EXPLOIT
1419,56,,,0,1,1,0,common,0.0,0.9258050417834658,0.1967063676143368,0.4662174231007967,0.0,0.8466078775031065,0.0,,,EXPLOIT
1420,56,,,0,1,1,0,common,1.0,0.3982267228407472,0.43898700793214307,0.44582021302278185,0.0,0.8481177354384857,0.0,,,EXPLOIT
1421,56,,,0,1,1,0,common,1.0,0.2588473698464857,0.3208304470288673,0.389728360069893,0.0,0.8495834982794166,0.0,,,EXPLOIT
1422,56,,,0,1,1,0,common,1.0,0.16825079040021573,0.25456515598295215,0.3232850891689898,0.0,0.851006999047825,0.0,,,EXPLOIT
1423,56,,,0,1,1,0,common,1.0,0.10936301376014024,0.21701773857849424,0.2591084665463349,0.0,0.8523899707153669,0.0,,,EXPLOIT
1424,56,,,0,0,0,0,common,0.0,0.18645015538840373,0.19498573554485488,0.23731097319895555,0.0,0.8537340529395244,0.0,,,EXPLOIT
1425,56,,,0,1,1,0,common,1.0,0.0710859589440912,0.16159920197626398,0.18744346892249622,0.0,0.8550407982626923,0.0,,,EXPLOIT
1426,56,,,0,1,1,0,common,0.0,0.9537941266863407,0.1501945544883988,0.41734866625164957,0.0,0.8563116778235452,0.0,,,EXPLOIT
1427,56,,,0,1,1,0,common,1.0,0.38003381765387856,0.36636464298099236,0.40615421167231824,0.0,0.8575480866248745,0.0,,,EXPLOIT
1428,56,,,0,1,1,0,common,0.0,0.7529780185249789,0.2638073486093607,0.5102013537281165,0.0,0.8520647384056768,0.0,,,EXPLOIT
1429,56,,,0,0,0,0,common,0.0,0.12119260100246243,0.4810950346293782,0.39349872791042023,0.0,0.853417923161966,0.0,,,EXPLOIT
1430,56,,,0,1,1,0,common,1.0,0.5105642879587637,0.44314545878006395,0.42861839592492323,0.0,0.8547334094662586,0.0,,,EXPLOIT
1431,56,,,0,0,0,0,common,0.0,0.07877519065160057,0.2943098298141443,0.32366543434292644,0.0,0.8560126873185793,0.0,,,EXPLOIT
1432,56,,,0,1,1,0,common,1.0,0.3318667871731964,0.27423385496859154,0.3261258401920074,0.0,0.8572571693685954,0.0,,,EXPLOIT
1433,56,,,0,1,1,0,common,1.0,0.21571341166257763,0.2002144447069164,0.29300211163317846,0.0,0.8584681958722414,0.0,,,EXPLOIT
1434,56,,,0,1,1,0,common,1.0,0.14021371758067547,0.16119267849399,0.24716559341742755,0.0,0.8596470392720073,0.0,,,EXPLOIT
1435,56,,,0,1,1,0,common,1.0,0.0911389164274391,0.13941030833207257,0.200357590320431,0.0,0.8607949084338097,0.0,,,EXPLOIT
1436,56,,,0,1,1,0,common,1.0,0.0592402956778354,0.12665473626895762,0.1580224019276523,0.0,0.8619129525701165,0.0,,,EXPLOIT
1437,56,,,0,1,1,0,common,1.0,0.038506192190593036,0.11892255088689256,0.1221675390065345,0.0,0.8630022648760968,0.0,,,EXPLOIT
1438,56,,,0,1,1,0,common,1.0,0.02502902492388548,0.11412316916251078,0.09302598478173979,0.0,0.8640638859029951,0.0,,,EXPLOIT
1439,56,,,0,1,1,0,common,1.0,0.01626886620052559,0.11109661453722372,0.06999884920737552,0.0,0.8650988066906197,0.0,,,EXPLOIT
1440,56,,,0,1,1,0,common,1.0,0.01057476303034166,0.10916792948522677,0.05217162335426536,0.0,0.8661079716787765,0.0,,,EXPLOIT
1441,56,,,0,1,1,0,common,0.0,0.993126404030278,0.10793038023423744,0.3344580575570691,0.0,0.8670922814156378,0.0,,,EXPLOIT
1442,56,,,0,1,1,0,common,1.0,0.3544678373803193,0.2906221720340574,0.34046099150404413,0.0,0.8680525950793782,0.0,,,EXPLOIT
1443,56,,,0,1,1,0,common,1.0,0.23040409429720754,0.20862493508840413,0.30744392234199314,0.0,0.868989732827928,0.0,,,EXPLOIT
1444,56,,,0,1,1,0,common,1.0,0.14976266129318494,0.16574976148104323,0.2601395440273507,0.0,0.86990447799036,0.0,,,EXPLOIT
1445,56,,,0,1,1,0,common,1.0,0.09734572984057022,0.1420177290011977,0.2113013997713165,0.0,0.8707975791122219,0.0,,,EXPLOIT
1446,56,,,0,1,1,0,common,1.0,0.06327472439637061,0.12820956906998113,0.16689339715883272,0.0,0.871669751866047,0.0,,,EXPLOIT
1447,56,,,0,1,1,0,common,1.0,0.04112857085764088,0.11987691188863317,0.12916394926847516,0.0,0.8725216808373003,0.0,,,EXPLOIT
1448,56,,,0,1,1,0,common,1.0,0.026733571057466543,0.11472052686322289,0.09843483580517257,0.0,0.8733540211951304,0.0,,,EXPLOIT
1449,56,,,0,1,1,0,common,0.0,0.9826231788126467,0.11147541064881256,0.36369133870741477,0.0,0.8741674002565053,0.0,,,EXPLOIT
1450,56,,,0,1,1,0,common,1.0,0.3612949337717797,0.2956951150855291,0.36297241722672424,0.0,0.874962418951586,0.0,,,EXPLOIT
1451,56,,,0,1,1,0,common,1.0,0.23484170695165685,0.21121921626774603,0.32453320414420406,0.0,0.8757396531975356,0.0,,,EXPLOIT
1452,56,,,0,1,1,0,common,1.0,0.15264710951857696,0.16714733079959831,0.2729673757565159,0.0,0.8764996551873726,0.0,,,EXPLOIT
1453,56,,,0,1,1,0,common,0.0,0.900779378812925,0.14281357312269827,0.4613109766734386,0.0,0.8772429545999334,0.0,,,EXPLOIT
1454,56,,,0,1,1,0,common,1.0,0.4144934037715987,0.33707152374924887,0.44726570480288663,0.0,0.8779700597365205,0.0,,,EXPLOIT
1455,56,,,0,1,1,0,common,0.0,0.7305792875484608,0.23229553501797906,0.5322597796265589,0.0,0.8737814088694115,0.0,,,EXPLOIT
1456,56,,,0,1,1,0,common,1.0,0.5251234630935004,0.4315561316587977,0.5301188846666414,0.0,0.8693414304666053,0.0,,,EXPLOIT
1457,56,,,0,1,1,0,common,1.0,0.3413302510107753,0.2810193941304769,0.47348229456988156,0.0,0.8702478290536034,0.0,,,EXPLOIT
1458,56,,,0,1,1,0,common,1.0,0.22186466315700393,0.2037029072004457,0.3979970051460182,0.0,0.8711328605033712,0.0,,,EXPLOIT
1459,56,,,0,1,1,0,common,0.0,0.8557879689479474,0.1630878560905386,0.5353342942865968,0.0,0.866530186483575,0.0,,,EXPLOIT
1460,56,,,0,1,1,0,common,1.0,0.44373782018383423,0.3610964939240243,0.507855352055768,0.0,0.8616378008786151,0.0,,,EXPLOIT
1461,56,,,0,0,0,0,common,0.0,0.05120387392354038,0.2445347077819809,0.37085990861609974,0.0,0.8627341549720375,0.0,,,EXPLOIT
1462,56,,,0,1,1,0,common,1.0,0.2884295831194923,0.2329832398844388,0.3461308109671175,0.0,0.8638025639113466,0.0,,,EXPLOIT
1463,56,,,0,1,1,0,common,1.0,0.18747922902767,0.17553948985801893,0.29853533638528323,0.0,0.8648440307616673,0.0,,,EXPLOIT
1464,56,,,0,1,1,0,common,1.0,0.12186149886798547,0.14483389529577295,0.2455331851300939,0.0,0.865859511284153,0.0,,,EXPLOIT
1465,56,,,0,1,1,0,common,1.0,0.07920997426419052,0.12744206417415263,0.19563622187032287,0.0,0.8668499166932375,0.0,,,EXPLOIT
1466,56,,,0,1,1,0,common,1.0,0.05148648327172389,0.11714259980824135,0.15239130029074316,0.0,0.8678161162232393,0.0,,,EXPLOIT
1467,56,,,0,1,1,0,common,1.0,0.03346621412662054,0.11084970568849581,0.11671377444150638,0.0,0.8687589395195222,0.0,,,EXPLOIT
1468,56,,,0,1,1,0,common,1.0,0.021753039182303313,0.1069226770333112,0.08822555386374546,0.0,0.8696791788680486,0.0,,,EXPLOIT
1469,56,,,0,1,1,0,common,1.0,0.014139475468497142,0.10443736618821842,0.06599973034517095,0.0,0.8705775912759213,0.0,,,EXPLOIT
1470,56,,,0,1,1,0,common,0.0,0.9908093409454769,0.10284984810135636,0.34344261352526273,0.0,0.8714549004144111,0.0,,,EXPLOIT
1471,56,,,0,1,1,0,common,1.0,0.35597392838543995,0.2786566471580614,0.34720200798331585,0.0,0.8723117984349514,0.0,,,EXPLOIT
1472,56,,,0,1,1,0,common,1.0,0.231383053450536,0.19894936570338306,0.31245632162348186,0.0,0.8731489476676914,0.0,,,EXPLOIT
1473,56,,,0,0,0,0,common,0.0,0.033282518050301246,0.15757839431637213,0.22870418055152766,0.0,0.8739669822113687,0.0,,,EXPLOIT
1474,56,,,0,1,1,0,common,1.0,0.1503989847428484,0.15226542618234193,0.20521262180892388,0.0,0.8747665094225328,0.0,,,EXPLOIT
1475,56,,,0,1,1,0,common,1.0,0.09775934008285148,0.13012607852465058,0.17297663729110216,0.0,0.8755481113114724,0.0,,,EXPLOIT
1476,56,,,0,1,1,0,common,1.0,0.06354357105385344,0.11728875131979369,0.14014671741992754,0.0,0.8763123458515972,0.0,,,EXPLOIT
1477,56,,,0,1,1,0,common,1.0,0.04130332118500468,0.10955783146559178,0.11049369854945068,0.0,0.877059748208468,0.0,,,EXPLOIT
1478,56,,,0,1,1,0,common,1.0,0.02684715877025301,0.10477986133046985,0.08539973661569136,0.0,0.8777908318941711,0.0,,,EXPLOIT
1479,56,,,0,1,1,0,common,0.0,0.9825493467993356,0.1017752877432506,0.3545446196707846,0.0,0.878506089852274,0.0,,,EXPLOIT
1480,56,,,0,1,1,0,common,1.0,0.3613429245804318,0.27416694199995595,0.3565841111436787,0.0,0.8792059954781843,0.0,,,EXPLOIT
1481,56,,,0,1,1,0,common,0.0,0.7651270990227192,0.19441859080795892,0.4791470075073908,0.0,0.8798910035793548,0.0,,,EXPLOIT
1482,56,,,0,1,1,0,common,1.0,0.5026673856352324,0.38599179958227725,0.48620312094574325,0.0,0.8805615512794317,0.0,,,EXPLOIT
1483,56,,,0,1,1,0,common,1.0,0.32673380066290114,0.2503135701812396,0.4383623248608906,0.0,0.8812180588701272,0.0,,,EXPLOIT
1484,56,,,0,1,1,0,common,1.0,0.21237697043088577,0.18235453762829223,0.3705667185318891,0.0,0.8818609306143084,0.0,,,EXPLOIT
1485,56,,,0,1,1,0,common,1.0,0.1380450307800758,0.14679814378126765,0.30081021220634513,0.0,0.8824905555035332,0.0,,,EXPLOIT
1486,56,,,0,1,1,0,common,1.0,0.08972927000704922,0.1270073486656982,0.23748592954655634,0.0,0.8831073079730157,0.0,,,EXPLOIT
1487,56,,,0,1,1,0,common,0.0,0.941675974495418,0.1154321072313575,0.44874294303121476,0.0,0.8837115485767898,0.0,,,EXPLOIT
1488,56,,,0,0,0,0,common,0.0,0.02163363673269581,0.2934928197707231,0.320610151141659,0.0,0.8843036246256293,0.0,,,EXPLOIT
1489,56,,,0,1,1,0,common,1.0,0.3879106165779783,0.2878969468941753,0.3408002907725548,0.0,0.884883870790103,0.0,,,EXPLOIT
1490,56,,,0,0,0,0,common,0.0,0.014061863876252278,0.19981287854784732,0.24277876270366405,0.0,0.8854526096709633,0.0,,,EXPLOIT
1491,56,,,0,1,1,0,common,1.0,0.2521419007756859,0.19706039712150097,0.2455877041252706,0.0,0.8860101523389179,0.0,,,EXPLOIT
1492,56,,,0,1,1,0,common,1.0,0.16389223550419585,0.1527153933659063,0.22107906353894813,0.0,0.8865567988456844,0.0,,,EXPLOIT
1493,56,,,0,1,1,0,common,0.0,0.8934700469222727,0.12867197408989914,0.4227963585539455,0.0,0.8870928387080914,0.0,,,EXPLOIT
1494,56,,,0,1,1,0,common,1.0,0.41924446950052263,0.30771386787119215,0.4217307918379186,0.0,0.8876185513668753,0.0,,,EXPLOIT
1495,56,,,0,1,1,0,common,1.0,0.27250890517533977,0.20864887615010302,0.3769642258391449,0.0,0.8881342066216973,0.0,,,EXPLOIT
1496,56,,,0,1,1,0,common,1.0,0.1771307883639709,0.15878051543518112,0.3170141945965927,0.0,0.8886400650438113,0.0,,,EXPLOIT
1497,56,,,0,1,1,0,common,1.0,0.11513501243658109,0.13205479099673137,0.2564504399485892,0.0,0.8891363783677059,0.0,,,EXPLOIT
1498,56,,,0,1,1,0,common,1.0,0.07483775808377768,0.11685984341801699,0.20196663538914572,0.0,0.8896233898629629,0.0,,,EXPLOIT
1499,56,,,0,1,1,0,common,1.0,0.04864454275445551,0.10783304321971651,0.15597000759873866,0.0,0.890101334687489,0.0,,,EXPLOIT
1500,56,,,0,1,1,0,common,0.0,0.9683810472096039,0.10230509366112435,0.3996933194819982,0.0,0.8905704402231979,0.0,,,EXPLOIT
1501,56,,,0,1,1,0,common,0.0,0.6294476806862426,0.27183864304479927,0.4686196278432715,0.0,0.8910309263951518,0.0,,,EXPLOIT
1502,56,,,0,1,1,0,common,1.0,0.5908590075539423,0.4526706259445151,0.5052914417564727,0.0,0.8875791424463328,0.0,,,EXPLOIT
1503,56,,,0,1,1,0,common,1.0,0.38405835491006246,0.2814999806487985,0.4689215157025496,0.0,0.8880955492003223,0.0,,,EXPLOIT
1504,56,,,0,1,1,0,common,1.0,0.2496379306915406,0.1956716700101474,0.4031364401992469,0.0,0.8886021397262301,0.0,,,EXPLOIT
1505,56,,,0,1,1,0,common,1.0,0.16226465494950137,0.15198348440844742,0.33087490462432323,0.0,0.8890991664136989,0.0,,,EXPLOIT
1506,56,,,0,1,1,0,common,1.0,0.10547202571717595,0.12826135711985365,0.263254040952179,0.0,0.8895868731600043,0.0,,,EXPLOIT
1507,56,,,0,1,1,0,common,1.0,0.06855681671616431,0.11463610493144104,0.2048448736813746,0.0,0.8900654957246548,0.0,,,EXPLOIT
1508,56,,,0,1,1,0,common,1.0,0.04456193086550675,0.10648361505914543,0.15675999083661424,0.0,0.8905352620663658,0.0,,,EXPLOIT
1509,56,,,0,1,1,0,common,1.0,0.02896525506257941,0.1014668054632577,0.11842157010440378,0.0,0.8909963926634196,0.0,,,EXPLOIT
1510,56,,,0,1,1,0,common,1.0,0.018827415790676594,0.09832101218943017,0.08854332381028561,0.0,0.8914491008183589,0.0,,,EXPLOIT
1511,56,,,0,1,1,0,common,1.0,0.012237820263939825,0.09632375788511209,0.06565167274638187,0.0,0.891893592947902,0.0,,,EXPLOIT
1512,56,,,0,1,1,0,common,1.0,0.007954583171560836,0.09504530655659932,0.04834254587393555,0.0,0.8923300688589084,0.0,,,EXPLOIT
1513,56,,,0,1,1,0,common,1.0,0.005170479061514577,0.09422257875642874,0.03539092583020925,0.0,0.8927587220111703,0.0,,,EXPLOIT
1514,56,,,0,1,1,0,common,1.0,0.0033608113899844527,0.09369127468141025,0.02578189149814181,0.0,0.8931797397677605,0.0,,,EXPLOIT
1515,56,,,0,1,1,0,common,0.0,0.9978154725965102,0.09334738632142961,0.3173919658276523,0.0,0.893593303633617,0.0,,,EXPLOIT
1516,56,,,0,1,1,0,common,1.0,0.3514199428122684,0.2585438830427442,0.32760035892303707,0.0,0.8939995894830043,0.0,,,EXPLOIT
1517,56,,,0,1,1,0,common,0.0,0.7715770371720255,0.18421825621394308,0.4607933623977336,0.0,0.8943987677764523,0.0,,,EXPLOIT
1518,56,,,0,1,1,0,common,1.0,0.4984749258381833,0.3717552704134155,0.4720978314298685,0.0,0.8947910037677366,0.0,,,EXPLOIT
1519,56,,,0,1,1,0,common,1.0,0.3240087017948192,0.24030741475582046,0.4276710925393537,0.0,0.8951764577014274,0.0,,,EXPLOIT
1520,56,,,0,1,1,0,common,0.0,0.7893943438333675,0.1750256964679034,0.5361880679275578,0.0,0.8919437972246473,0.0,,,EXPLOIT
1521,56,,,0,1,1,0,common,1.0,0.48689367650831117,0.36200949124644866,0.5213997505017838,0.0,0.8885408744949156,0.0,,,EXPLOIT
1522,56,,,0,1,1,0,common,0.0,0.6835191102695977,0.23546768803430568,0.5700355584321279,0.0,0.8849540603308207,0.0,,,EXPLOIT
1523,56,,,0,0,0,0,common,0.0,0.009140211519563981,0.42138531339099483,0.40176695435835874,0.0,0.8855214130204632,0.0,,,EXPLOIT
1524,56,,,0,1,1,0,common,0.0,0.4442874216752385,0.4185597269508287,0.4145230945534226,0.0,0.886077606786382,0.0,,,EXPLOIT
1525,56,,,0,1,1,0,common,1.0,0.711213175911095,0.5555406369708447,0.5035301189607243,0.0,0.8823546910181455,0.0,,,EXPLOIT
1526,56,,,0,1,1,0,common,1.0,0.46228856434221177,0.33911842778078416,0.4911576525751705,0.0,0.8829742126829834,0.0,,,EXPLOIT
1527,56,,,0,0,0,0,common,1.0,0.9940588625122834,0.22345778487516427,0.6420280155563043,0.0,0.8790762476685033,0.0,,,EXPLOIT
1528,56,,,0,1,1,0,common,0.0,0.6995124331775624,0.5012210583501031,0.6592733408426816,0.0,0.8749527504732495,0.0,,,EXPLOIT
1529,56,,,0,1,1,0,common,1.0,0.5453169184345844,0.6732232566304484,0.6250864141202525,0.0,0.8705837916179823,0.0,,,EXPLOIT
1530,56,,,0,0,0,0,common,0.0,0.35386173936701576,0.5481189138132556,0.5437190116942814,0.0,0.8659470225099564,0.0,,,EXPLOIT
1531,56,,,0,1,1,0,common,1.0,0.35445599698247987,0.4387991825425954,0.48694010728074094,0.0,0.8669352791650915,0.0,,,EXPLOIT
1532,56,,,0,1,1,0,common,1.0,0.2303963980386119,0.3328166441864893,0.4099769945081022,0.0,0.8678994039660913,0.0,,,EXPLOIT
1533,56,,,0,1,1,0,common,1.0,0.14975765872509772,0.2718918485575722,0.3319111937732009,0.0,0.868840223207859,0.0,,,EXPLOIT
1534,56,,,0,1,1,0,common,1.0,0.09734247817131347,0.23657445433127355,0.2615405790926347,0.0,0.8697585260134241,0.0,,,EXPLOIT
1535,56,,,0,1,1,0,common,1.0,0.06327261081135371,0.21550388002044965,0.20206018860825037,0.0,0.8706550664020287,0.0,,,EXPLOIT
1536,56,,,0,1,1,0,common,1.0,0.04112719702737988,0.20260255744510294,0.1537802911339892,0.0,0.8715305652206526,0.0,,,EXPLOIT
1537,56,,,0,1,1,0,common,1.0,0.02673267806779689,0.19454862433333645,0.11566600721413149,0.0,0.8723857119493786,0.0,,,EXPLOIT
1538,56,,,0,1,1,0,common,1.0,0.01737624074406796,0.18945230263847604,0.08617907727311243,0.0,0.8732211663901116,0.0,,,EXPLOIT
1539,56,,,0,1,1,0,common,0.0,0.9887054435163558,0.18619782281684544,0.3569369871460854,0.0,0.8740375602473497,0.0,,,EXPLOIT
1540,56,,,0,1,1,0,common,1.0,0.35734146171436865,0.44137182586026646,0.35705832951657035,0.0,0.8748354986089723,0.0,,,EXPLOIT
1541,56,,,0,1,1,0,common,1.0,0.23227195011433965,0.33432162930771636,0.3196224156959011,0.0,0.8756155613343464,0.0,,,EXPLOIT
1542,56,,,0,1,1,0,common,1.0,0.15097676757432077,0.27275470935529617,0.269028721259427,0.0,0.8763783043564485,0.0,,,EXPLOIT
1543,56,,,0,1,1,0,common,0.0,0.9018651010766915,0.23708224747784226,0.45887963520460634,0.0,0.8771242609041527,0.0,,,EXPLOIT
1544,56,,,0,1,1,0,common,1.0,0.41378768430015045,0.4918414283861742,0.4453520499332696,0.0,0.877853942650339,0.0,,,EXPLOIT
1545,56,,,0,1,1,0,common,1.0,0.26896199479509786,0.3644709581991005,0.39243503339181807,0.0,0.8785678407910176,0.0,,,EXPLOIT
1546,56,,,0,1,1,0,common,0.0,0.8251747033831864,0.2900046286189317,0.5222569343892286,0.0,0.8744144620336248,0.0,,,EXPLOIT
1547,56,,,0,0,0,0,common,0.0,0.23001013058856024,0.535607714028125,0.4345828932490281,0.0,0.875203936896313,0.0,,,EXPLOIT
1548,56,,,0,1,1,0,common,1.0,0.46363644280092875,0.4644359977292894,0.4432989581145983,0.0,0.8759758000416995,0.0,,,EXPLOIT
1549,56,,,0,1,1,0,common,0.0,0.6986363121793964,0.32522253619509256,0.5199001643340377,0.0,0.8716684015293515,0.0,,,EXPLOIT
1550,56,,,0,1,1,0,common,1.0,0.5458863970833924,0.5371082994419101,0.5276960341588441,0.0,0.8670988611803283,0.0,,,EXPLOIT
1551,56,,,0,1,1,0,common,1.0,0.35482615810420504,0.3689813143942188,0.4758350713424524,0.0,0.868059015259692,0.0,,,EXPLOIT
1552,56,,,0,0,0,0,common,0.0,0.14950658488256416,0.2721576328866805,0.3779365254044859,0.0,0.8689959988473756,0.0,,,EXPLOIT
1553,56,,,0,1,1,0,common,0.0,0.7693629972322668,0.2368714847077718,0.4953644669528201,0.0,0.8699105950302959,0.0,,,EXPLOIT
1554,56,,,0,0,0,0,common,0.0,0.0971792801736667,0.45007197308548696,0.3759089109190741,0.0,0.8708035521252179,0.0,,,EXPLOIT
1555,56,,,0,0,0,0,common,0.0,0.06316653211288337,0.4198194255797899,0.28208619727721684,0.0,0.8716755855883888,0.0,,,EXPLOIT
1556,56,,,0,1,1,0,common,1.0,0.4999140517990266,0.40042104276704993,0.34743455363375975,0.0,0.8725273798006724,0.0,,,EXPLOIT
1557,56,,,0,0,0,0,common,0.0,0.041058245873374186,0.26227852991975287,0.2555216613056441,0.0,0.8733595897375533,0.0,,,EXPLOIT
1558,56,,,0,1,1,0,common,1.0,0.32494413366936725,0.2524986215208404,0.27634840301476105,0.0,0.8741728425325772,0.0,,,EXPLOIT
1559,56,,,0,1,1,0,common,1.0,0.21121368688508868,0.184396576285983,0.2568079881758593,0.0,0.8749677389420816,0.0,,,EXPLOIT
1560,56,,,0,1,1,0,common,1.0,0.13728889647530762,0.14868093936089477,0.2209522606656938,0.0,0.8757448547184086,0.0,,,EXPLOIT
1561,56,,,0,1,1,0,common,1.0,0.08923778270895,0.1287713058811977,0.18143791727867065,0.0,0.8765047418982039,0.0,,,EXPLOIT
1562,56,,,0,1,1,0,common,1.0,0.05800455876081745,0.11711519861962955,0.1444079097233147,0.0,0.8772479300118654,0.0,,,EXPLOIT
1563,56,,,0,1,1,0,common,1.0,0.03770296319453137,0.1100489765243825,0.11239642576467969,0.0,0.8779749272197129,0.0,,,EXPLOIT
1564,56,,,0,1,1,0,common,0.0,0.9754930739235546,0.105662375094008,0.37132542021234216,0.0,0.8786862213800093,0.0,,,EXPLOIT
1565,56,,,0,0,0,0,common,0.0,0.02668785981769322,0.28107956900023595,0.26793415209394744,0.0,0.8793822810535541,0.0,,,EXPLOIT
1566,56,,,0,1,1,0,common,1.0,0.36592950194968954,0.27438034132317085,0.2973327570506701,0.0,0.8800635564492002,0.0,,,EXPLOIT
1567,56,,,0,1,1,0,common,1.0,0.2378541762672982,0.19370148904240442,0.2794891828156585,0.0,0.880730480314308,0.0,,,EXPLOIT
1568,56,,,0,0,0,0,common,1.0,0.9826528911184994,0.15222933736916458,0.49043829530651073,0.0,0.881383468773843,0.0,,,EXPLOIT
1569,56,,,0,1,1,0,common,1.0,0.15460521457374388,0.3787801509704999,0.38968837108668064,0.0,0.8820229221215369,0.0,,,EXPLOIT
1570,56,,,0,1,1,0,common,0.0,0.8995066105270665,0.33390956217079704,0.5426338429187963,0.0,0.8780704987177057,0.0,,,EXPLOIT
1571,56,,,0,1,1,0,common,1.0,0.41532070315740677,0.6024776763849384,0.5044399009903795,0.0,0.8738877846549563,0.0,,,EXPLOIT
1572,56,,,0,1,1,0,common,1.0,0.26995845705231436,0.4806276833591493,0.4340954678089599,0.0,0.8746890962556644,0.0,,,EXPLOIT
1573,56,,,0,0,0,0,common,0.0,0.36127562077297537,0.3967476205306494,0.41224951369816454,0.0,0.8754724266804578,0.0,,,EXPLOIT
1574,56,,,0,1,1,0,common,0.0,0.8245270029159957,0.2940567498328201,0.5359327604635138,0.0,0.8711347930237826,0.0,,,EXPLOIT
1575,56,,,0,0,0,0,common,0.0,0.234829153502434,0.5401013792648452,0.4456016783751898,0.0,0.8719991160368078,0.0,,,EXPLOIT
1576,56,,,0,1,1,0,common,1.0,0.4640574481046028,0.46761796262388744,0.4511384092940137,0.0,0.8728434501400999,0.0,,,EXPLOIT
1577,56,,,0,1,1,0,common,1.0,0.3016373412679918,0.3279236585253983,0.4062880888862071,0.0,0.8736684396325418,0.0,,,EXPLOIT
1578,56,,,0,1,1,0,common,0.0,0.8039357281758053,0.2505376909746627,0.5255823806730866,0.0,0.8692215815310127,0.0,,,EXPLOIT
1579,56,,,0,0,0,0,common,0.0,0.1526389497765821,0.47959650803967246,0.4136993514041352,0.0,0.8701308209005818,0.0,,,EXPLOIT
1580,56,,,0,0,0,0,common,0.0,0.09921531735477837,0.4318491717898537,0.31935414118932814,0.0,0.8710185990171689,0.0,,,EXPLOIT
1581,56,,,0,1,1,0,common,1.0,0.4774417766857266,0.4012570647970729,0.36678043183824766,0.0,0.8718856235813301,0.0,,,EXPLOIT
1582,56,,,0,1,1,0,common,1.0,0.31033715484572233,0.2684140014077046,0.34984744874049006,0.0,0.8727325716367093,0.0,,,EXPLOIT
1583,56,,,0,1,1,0,common,1.0,0.20171915064971957,0.1998158827799773,0.3054089593132589,0.0,0.8735600912132332,0.0,,,EXPLOIT
1584,56,,,0,1,1,0,common,0.0,0.8688825520776823,0.16317909285226975,0.47445103714258585,0.0,0.8743688028657264,0.0,,,EXPLOIT
1585,56,,,0,1,1,0,common,1.0,0.43522634114950653,0.36509559467740244,0.46268362834466203,0.0,0.8751593011156326,0.0,,,EXPLOIT
1586,56,,,0,1,1,0,common,1.0,0.2828971217471793,0.2496600492626469,0.4087476763654172,0.0,0.8759321558028852,0.0,,,EXPLOIT
1587,56,,,0,1,1,0,common,1.0,0.1838831291356665,0.18998462832989124,0.34128831219649197,0.0,0.876687913354393,0.0,,,EXPLOIT
1588,56,,,0,1,1,0,common,1.0,0.11952403393818323,0.15773231349491673,0.2747590287189993,0.0,0.8774270979750809,0.0,,,EXPLOIT
1589,56,,,0,0,0,0,common,1.0,0.9355100437193941,0.13934272265149833,0.4729843332191177,0.0,0.878150212766946,0.0,,,EXPLOIT
1590,56,,,0,1,1,0,common,1.0,0.07769062205981914,0.34023613330014735,0.3543962198713281,0.0,0.8788577407811549,0.0,,,EXPLOIT
1591,56,,,0,1,1,0,common,0.0,0.9495010956611175,0.31857395836454705,0.532927682608265,0.0,0.8747214140440506,0.0,,,EXPLOIT
1592,56,,,0,0,0,0,common,0.0,0.39191847158239385,0.6011089478500871,0.4906249193005036,0.0,0.8755040226703721,0.0,,,EXPLOIT
1593,56,,,0,1,1,0,common,1.0,0.38282428782027367,0.4862888737223345,0.4582847298564346,0.0,0.8762692327610928,0.0,,,EXPLOIT
1594,56,,,0,1,1,0,common,1.0,0.24883578708317788,0.36834881802797226,0.3954500470244576,0.0,0.8770175807503814,0.0,,,EXPLOIT
1595,56,,,0,1,1,0,common,1.0,0.1617432616040656,0.2986868849440655,0.32533801139833995,0.0,0.8777495813550324,0.0,,,EXPLOIT
1596,56,,,0,1,1,0,common,1.0,0.10513312004264264,0.25807986626742857,0.25927654399163075,0.0,0.8784657286632468,0.0,,,EXPLOIT
1597,56,,,0,1,1,0,common,1.0,0.06833652802771772,0.23385264940557576,0.20199453920245683,0.0,0.8791664971585497,0.0,,,EXPLOIT
1598,56,,,0,1,1,0,common,0.0,0.9555812567819835,0.21903605286759859,0.4280705544763148,0.0,0.8798523426833129,0.0,,,EXPLOIT
1599,56,,,0,1,1,0,common,1.0,0.3788721830917108,0.4827593594146935,0.4133110430609336,0.0,0.8805237033459936,0.0,,,EXPLOIT
1600,56,,,0,1,1,0,common,1.0,0.24626691900961206,0.3661859511676616,0.3631978058455371,0.0,0.8811810003758914,0.0,,,EXPLOIT
1601,56,,,0,1,1,0,common,1.0,0.16007349735624787,0.2974330151659381,0.3022605132987503,0.0,0.8818246389289294,0.0,,,EXPLOIT
1602,56,,,0,1,1,0,common,1.0,0.10404777328156112,0.257340497995033,0.24279669129359352,0.0,0.8824550088477039,0.0,,,EXPLOIT
1603,56,,,0,1,1,0,common,1.0,0.06763105263301472,0.23340511716395132,0.1902469996954199,0.0,0.883072485378801,0.0,,,EXPLOIT
1604,56,,,0,1,1,0,common,1.0,0.04396018421145953,0.2187591441486346,0.14636095505023178,0.0,0.8836774298501588,0.0,,,EXPLOIT
1605,56,,,0,1,1,0,common,0.0,0.9714258802625513,0.20962350428383175,0.3938804326139276,0.0,0.8842701903110455,0.0,,,EXPLOIT
1606,56,,,0,1,1,0,common,1.0,0.3685731778293416,0.47354818143602706,0.3862882561785518,0.0,0.8848511021370405,0.0,,,EXPLOIT
1607,56,,,0,1,1,0,common,0.0,0.760427434410928,0.36057692585925294,0.4985300096482646,0.0,0.8854204886022297,0.0,,,EXPLOIT
1608,56,,,0,0,0,0,common,0.0,0.254747006528556,0.5903411803961155,0.42539510871235203,0.0,0.8859786614206704,0.0,,,EXPLOIT
1609,56,,,0,0,0,0,common,0.0,0.1655855542435614,0.5161870630731172,0.3474522423717148,0.0,0.886525921259034,0.0,,,EXPLOIT
1610,56,,,0,0,0,0,common,1.0,0.8923693897416851,0.4646238253210051,0.5109273865827059,0.0,0.8828279629876155,0.0,,,EXPLOIT
1611,56,,,0,0,0,0,common,0.0,0.4199598966679047,0.6822217032461508,0.4836371396082655,0.0,0.8834378586344622,0.0,,,EXPLOIT
1612,56,,,0,1,1,0,common,1.0,0.5057221676328968,0.6040196537436264,0.49026264801565483,0.0,0.884035433136525,0.0,,,EXPLOIT
1613,56,,,0,0,0,0,common,0.0,0.27297393283413807,0.4541861913336157,0.4250760334611998,0.0,0.8846210268490737,0.0,,,EXPLOIT
1614,56,,,0,1,1,0,common,1.0,0.32871940896138296,0.37051803782022935,0.39616904611125475,0.0,0.8851949678016787,0.0,,,EXPLOIT
1615,56,,,0,1,1,0,common,1.0,0.2136676158248989,0.27998444179356446,0.341418617025348,0.0,0.8857575722516832,0.0,,,EXPLOIT
1616,56,,,0,1,1,0,common,1.0,0.13888395028618428,0.22958649503259107,0.28065821700359883,0.0,0.8863091452081112,0.0,,,EXPLOIT
1617,56,,,0,0,0,0,common,0.0,0.17743305634218975,0.2006599902635978,0.2496906688051761,0.0,0.886849980927834,0.0,,,EXPLOIT
1618,56,,,0,1,1,0,common,1.0,0.09027456768601982,0.16800249559623257,0.2018658384694292,0.0,0.8873803633856959,0.0,,,EXPLOIT
1619,56,,,0,1,1,0,common,0.0,0.9413215310040871,0.15315640923158438,0.4237025462298266,0.0,0.8879005667201813,0.0,,,EXPLOIT
1620,56,,,0,1,1,0,common,1.0,0.3881410048473434,0.3682558315468541,0.41303408381508167,0.0,0.8884108556560893,0.0,,,EXPLOIT
1621,56,,,0,1,1,0,common,1.0,0.2522916531507732,0.26339800558818477,0.36481135461578906,0.0,0.8889114859055954,0.0,,,EXPLOIT
1622,56,,,0,1,1,0,common,1.0,0.16398957454800256,0.20729773887244962,0.30456482059545315,0.0,0.889402704548972,0.0,,,EXPLOIT
1623,56,,,0,1,1,0,common,1.0,0.1065932234562017,0.17612919788205658,0.2451733414536777,0.0,0.8898847503961664,0.0,,,EXPLOIT
1624,56,,,0,1,1,0,common,0.0,0.9307144047534689,0.15801182816779083,0.450835660443615,0.0,0.8903578543303468,0.0,,,EXPLOIT
1625,56,,,0,1,1,0,common,1.0,0.39503563691024524,0.37408794088004244,0.434095653383604,0.0,0.8908222396344563,0.0,,,EXPLOIT
1626,56,,,0,1,1,0,common,1.0,0.2567731639916594,0.26651071002105414,0.38089890656602055,0.0,0.891278122301752,0.0,,,EXPLOIT
1627,56,,,0,1,1,0,common,1.0,0.16690255659457864,0.20898943118423513,0.31670000157458794,0.0,0.8917257113312307,0.0,,,EXPLOIT
1628,56,,,0,1,1,0,common,1.0,0.10848666178647615,0.1770927997203638,0.2542359996381544,0.0,0.8921652090087999,0.0,,,EXPLOIT
1629,56,,,0,1,1,0,common,1.0,0.0705163301612095,0.15858353396264335,0.19912009879507092,0.0,0.8925968111749852,0.0,,,EXPLOIT
1630,56,,,0,1,1,0,common,1.0,0.045835614604786135,0.14744783581550713,0.15313475353798547,0.0,0.8930207074799216,0.0,,,EXPLOIT
1631,56,,,0,1,1,0,common,1.0,0.02979314949311096,0.14057377994769762,0.11613227232452311,0.0,0.8934370816263285,0.0,,,EXPLOIT
1632,56,,,0,1,1,0,common,0.0,0.9806344528294779,0.13625536444775577,0.37548292647600956,0.0,0.8938461116011244,0.0,,,EXPLOIT
1633,56,,,0,1,1,0,common,1.0,0.36258760566083925,0.34701033254961056,0.37161433023145846,0.0,0.8942479698962931,0.0,,,EXPLOIT
1634,56,,,0,1,1,0,common,1.0,0.23568194367954554,0.2520835560864047,0.33083461426588456,0.0,0.8946428237195833,0.0,,,EXPLOIT
1635,56,,,0,1,1,0,common,1.0,0.15319326339170458,0.20112146287066363,0.2775422090036306,0.0,0.8950308351955789,0.0,,,EXPLOIT
1636,56,,,0,1,1,0,common,1.0,0.09957562120460794,0.1725954418198146,0.22415223266392378,0.0,0.8954121615576546,0.0,,,EXPLOIT
1637,56,,,0,1,1,0,common,1.0,0.06472415378299512,0.15590809037302272,0.17632380899964517,0.0,0.8957869553312888,0.0,,,EXPLOIT
1638,56,,,0,0,0,0,common,0.0,0.11533148662242335,0.1458092175596539,0.15802611228647861,0.0,0.8961553645091921,0.0,,,EXPLOIT
1639,56,,,0,0,0,0,common,0.0,0.07496546630457518,0.12920386604138137,0.1331079184919076,0.0,0.8965175327186663,0.0,,,EXPLOIT
1640,56,,,0,1,1,0,common,0.0,0.9579293000410531,0.11931775582869025,0.3805543329566512,0.0,0.8968735993816008,0.0,,,EXPLOIT
1641,56,,,0,1,1,0,common,1.0,0.37734595497331536,0.30594689551989973,0.3795918195616504,0.0,0.8972236998674763,0.0,,,EXPLOIT
1642,56,,,0,1,1,0,common,1.0,0.24527487073265497,0.21593360711288312,0.33929673491295176,0.0,0.897567965639731,0.0,,,EXPLOIT
1643,56,,,0,1,1,0,common,1.0,0.15942866597622574,0.16925156453415519,0.28533631423193395,0.0,0.8979065243958254,0.0,,,EXPLOIT
1644,56,,,0,0,0,0,common,0.0,0.04872755309797387,0.1436375386096445,0.21435368589174592,0.0,0.8982395002013149,0.0,,,EXPLOIT
1645,56,,,0,0,0,0,common,0.0,0.03167290951368302,0.13650253662220319,0.159549452978327,0.0,0.8985670136182339,0.0,,,EXPLOIT
1646,56,,,0,1,1,0,common,1.0,0.10362863288454671,0.13203125579966699,0.1427732069501929,0.0,0.8988891818280633,0.0,,,EXPLOIT
1647,56,,,0,1,1,0,common,1.0,0.06735861137495536,0.11828434232080923,0.12014882827762163,0.0,0.8992061187495535,0.0,,,EXPLOIT
1648,56,,,0,1,1,0,common,1.0,0.04378309739372099,0.11004209360693601,0.09723910901245143,0.0,0.899517935151646,0.0,,,EXPLOIT
1649,56,,,0,1,1,0,common,1.0,0.0284590133059186,0.10496323408921401,0.07660508030049158,0.0,0.8998247387617361,0.0,,,EXPLOIT
1650,56,,,0,1,1,0,common,1.0,0.01849835864884708,0.1017757484695951,0.05917306380499823,0.0,0.9001266343694926,0.0,,,EXPLOIT
1651,56,,,0,0,0,0,common,0.0,0.020587391183893963,0.099750873500341,0.047597362018666954,0.0,0.9004237239264514,0.0,,,EXPLOIT
1652,56,,,0,1,1,0,common,1.0,0.012023933121750652,0.09754011750207132,0.03692533334959206,0.0,0.90071610664158,0.0,,,EXPLOIT
1653,56,,,0,1,1,0,common,1.0,0.007815556529137901,0.09626951862479276,0.028192400303455812,0.0,0.901003879073002,0.0,,,EXPLOIT
1654,56,,,0,1,1,0,common,0.0,0.9949198882560604,0.09545168203586,0.3182106466892372,0.0,0.9012871352160586,0.0,,,EXPLOIT
1655,56,,,0,1,1,0,common,1.0,0.3533020726335607,0.2627488421303797,0.3287380744725342,0.0,0.9015659665878827,0.0,,,EXPLOIT
1656,56,,,0,1,1,0,common,0.0,0.7703536527881856,0.1871154658035892,0.4612227479672296,0.0,0.9018404623086369,0.0,,,EXPLOIT
1657,56,,,0,1,1,0,common,0.0,0.5007298743123206,0.3760293507201374,0.4730748858707569,0.0,0.9021107091795756,0.0,,,EXPLOIT
1658,56,,,0,1,1,0,common,1.0,0.6745255816969916,0.5306567863361099,0.5335100946186273,0.0,0.8992287558699072,0.0,,,EXPLOIT
1659,56,,,0,1,1,0,common,1.0,0.43844162810304455,0.32597716466290216,0.5049895546639525,0.0,0.8962034458270984,0.0,,,EXPLOIT
1660,56,,,0,1,1,0,common,1.0,0.2849870582669789,0.21855501116982531,0.4389888057448604,0.0,0.8965648020740765,0.0,,,EXPLOIT
1661,56,,,0,1,1,0,common,1.0,0.18524158787353628,0.16462166375255124,0.3628646403834631,0.0,0.896920074842413,0.0,,,EXPLOIT
1662,56,,,0,1,1,0,common,1.0,0.12040703211779857,0.13588474943912143,0.29012735790376376,0.0,0.8972693989786072,0.0,,,EXPLOIT
1663,56,,,0,1,1,0,common,1.0,0.07826457087656902,0.1196265793172525,0.22656852179560533,0.0,0.8976129054419286,0.0,,,EXPLOIT
1664,56,,,0,1,1,0,common,1.0,0.05087197106976982,0.11000259526568511,0.17385955657785465,0.0,0.8979507214436722,0.0,,,EXPLOIT
1665,56,,,0,1,1,0,common,1.0,0.03306678119535034,0.10412338098802668,0.13162172396310334,0.0,0.8982829705804671,0.0,,,EXPLOIT
1666,56,,,0,1,1,0,common,0.0,0.9785065922230223,0.10045473732328797,0.38568718444107897,0.0,0.8986097729619296,0.0,,,EXPLOIT
1667,56,,,0,1,1,0,common,1.0,0.36397071505503553,0.2701878636633209,0.3791722436252659,0.0,0.8989312453329382,0.0,,,EXPLOIT
1668,56,,,0,1,1,0,common,1.0,0.23658096478577306,0.19084478812918054,0.33639485997341806,0.0,0.8992475011907974,0.0,,,EXPLOIT
1669,56,,,0,1,1,0,common,1.0,0.1537776271107525,0.15008838705568261,0.2816096901146184,0.0,0.8995586508975321,0.0,,,EXPLOIT
1670,56,,,0,1,1,0,common,1.0,0.0999554576219891,0.12776802119974962,0.2271134203668296,0.0,0.8998648017875507,0.0,,,EXPLOIT
1671,56,,,0,1,1,0,common,1.0,0.06497104745429294,0.11486652640818686,0.1784707084930686,0.0,0.9001660582708984,0.0,,,EXPLOIT
1672,56,,,0,1,1,0,common,1.0,0.04223118084529043,0.10711331299838649,0.13759885019873513,0.0,0.9004625219323067,0.0,,,EXPLOIT
1673,56,,,0,1,1,0,common,1.0,0.0274502675494388,0.10232821245439905,0.10455427540394623,0.0,0.9007542916262428,0.0,,,EXPLOIT
1674,56,,,0,1,1,0,common,0.0,0.9821573260928648,0.09932189048364105,0.36783519061062175,0.0,0.9010414635681393,0.0,,,EXPLOIT
1675,56,,,0,1,1,0,common,1.0,0.3615977380396379,0.2685208428071175,0.3659639548393266,0.0,0.9013241314219902,0.0,,,EXPLOIT
1676,56,,,0,1,1,0,common,1.0,0.23503852972576467,0.19001014886047993,0.32668632730525804,0.0,0.9016023863844719,0.0,,,EXPLOIT
1677,56,,,0,1,1,0,common,1.0,0.15277504432174704,0.14964380156114332,0.27451294241020474,0.0,0.9018763172657576,0.0,,,EXPLOIT
1678,56,,,0,1,1,0,common,0.0,0.9006962211908645,0.1275165045602096,0.46236792604440263,0.0,0.9021460105671697,0.0,,,EXPLOIT
1679,56,,,0,1,1,0,common,0.0,0.5854525437740619,0.3073651924423155,0.49929331136330035,0.0,0.9024115505558159,0.0,,,EXPLOIT
1680,56,,,0,1,1,0,common,0.0,0.3805441534531402,0.4820609866384381,0.46366856399025225,0.0,0.9026730193363458,0.0,,,EXPLOIT
1681,56,,,0,0,0,0,common,0.0,0.013381804269531075,0.5945814880213922,0.32858253607403587,0.0,0.9029304969199546,0.0,,,EXPLOIT
1682,56,,,0,1,1,0,common,1.0,0.7526463002554589,0.5910126793213429,0.4558016653284627,0.0,0.9031840612907577,0.0,,,EXPLOIT
1683,56,,,0,1,1,0,common,1.0,0.48922009516604836,0.3635872190760102,0.4658271942797384,0.0,0.903433788469652,0.0,,,EXPLOIT
1684,56,,,0,1,1,0,common,1.0,0.3179930618579314,0.23615125472277781,0.4214769545531962,0.0,0.9036797525757747,0.0,,,EXPLOIT
1685,56,,,0,1,1,0,common,1.0,0.20669549020765543,0.17283854426099632,0.35704251524953395,0.0,0.9039220258856637,0.0,,,EXPLOIT
1686,56,,,0,1,1,0,common,1.0,0.13435206863497606,0.1397053992818323,0.29023538126516657,0.0,0.9041606788902197,0.0,,,EXPLOIT
1687,56,,,0,0,0,0,common,0.0,0.0086981727751952,0.12123295557727826,0.20577421871817514,0.0,0.904395780349564,0.0,,,EXPLOIT
1688,56,,,0,1,1,0,common,1.0,0.08732884461273449,0.12011458787303624,0.17024060648654293,0.0,0.904627397345884,0.0,,,EXPLOIT
1689,56,,,0,0,0,0,common,0.0,0.0056538123038768805,0.10938284397863857,0.12086456823174312,0.0,0.9048555953343496,0.0,,,EXPLOIT
1690,56,,,0,1,1,0,common,0.0,0.9432362510017226,0.1087184500274437,0.367576073062737,0.0,0.9050804381921843,0.0,,,EXPLOIT
1691,56,,,0,1,1,0,common,1.0,0.3868964368488803,0.27960295982328126,0.37337218219858,0.0,0.9053019882659665,0.0,,,EXPLOIT
1692,56,,,0,1,1,0,common,1.0,0.2514826839517722,0.19367755924619093,0.3368053327245376,0.0,0.9055203064172375,0.0,,,EXPLOIT
1693,56,,,0,1,1,0,common,1.0,0.16346374456865198,0.15007919255148494,0.2848028562777719,0.0,0.9057354520664841,0.0,,,EXPLOIT
1694,56,,,0,1,1,0,common,1.0,0.10625143396962378,0.1264563987432706,0.23123742958532745,0.0,0.9059474832355651,0.0,,,EXPLOIT
1695,56,,,0,1,1,0,common,0.0,0.9309365679197446,0.11290716637497727,0.4411471710856526,0.0,0.9061564565886425,0.0,,,EXPLOIT
1696,56,,,0,1,1,0,common,1.0,0.39489123085216604,0.28540227554040004,0.4272703890156066,0.0,0.9063624274716836,0.0,,,EXPLOIT
1697,56,,,0,1,1,0,common,1.0,0.25667930005390793,0.19654489656605822,0.37609306232709694,0.0,0.9065654499505869,0.0,,,EXPLOIT
1698,56,,,0,0,0,0,common,0.0,0.0036749779975199723,0.15158526450703882,0.26436763702822386,0.0,0.906765576847989,0.0,,,EXPLOIT
1699,56,,,0,1,1,0,common,1.0,0.16684154503504012,0.15101025196601858,0.23510980943026874,0.0,0.9069628597788076,0.0,,,EXPLOIT
1700,56,,,0,1,1,0,common,0.0,0.8915529957272239,0.12680491633999344,0.43204276531935526,0.0,0.9071573491845683,0.0,,,EXPLOIT
1701,56,,,0,1,1,0,common,1.0,0.4204905527773044,0.30351504846735855,0.42857710155674,0.0,0.9073490943665634,0.0,,,EXPLOIT
1702,56,,,0,1,1,0,common,1.0,0.2733188593052479,0.2052141810884976,0.38199962888129235,0.0,0.9075381435178924,0.0,,,EXPLOIT
1703,56,,,0,1,1,0,common,1.0,0.1776572585484112,0.15590366679477413,0.32069691778142795,0.0,0.9077245437544226,0.0,,,EXPLOIT
1704,56,,,0,1,1,0,common,1.0,0.11547721805646727,0.12952790552536825,0.2591310078639397,0.0,0.9079083411447166,0.0,,,EXPLOIT
1705,56,,,0,0,0,0,common,0.0,0.0023887356983879823,0.11454904263355226,0.1821083262142742,0.0,0.9080895807389647,0.0,,,EXPLOIT
1706,56,,,0,1,1,0,common,1.0,0.07506019173670375,0.1142560899539009,0.14999388587100307,0.0,0.9082683065969599,0.0,,,EXPLOIT
1707,56,,,0,1,1,0,common,1.0,0.04878912462885743,0.10538429302295677,0.11963245749835937,0.0,0.9084445618151555,0.0,,,EXPLOIT
1708,56,,,0,1,1,0,common,1.0,0.03171293100875738,0.09995383840574736,0.09325659955147877,0.0,0.9086183885528345,0.0,,,EXPLOIT
1709,56,,,0,1,1,0,common,0.0,0.9793865948443077,0.09656066251930183,0.3590955981393274,0.0,0.9087898280574318,0.0,,,EXPLOIT
1710,56,,,0,1,1,0,common,1.0,0.3633987133512,0.26155437906765877,0.3603865327028891,0.0,0.9089589206890348,0.0,,,EXPLOIT
1711,56,,,0,1,1,0,common,1.0,0.23620916367828004,0.18432293572563918,0.3231333219955064,0.0,0.9091257059440971,0.0,,,EXPLOIT
1712,56,,,0,0,0,0,common,1.0,0.9984473217960478,0.1448100457258274,0.5257275219356687,0.0,0.906578463505219,0.0,,,EXPLOIT
1713,56,,,0,0,0,0,common,0.0,0.35100924083256885,0.3691605827819458,0.4733120376047387,0.0,0.9067784051580012,0.0,,,EXPLOIT
1714,56,,,0,1,1,0,common,1.0,0.15353595639088202,0.27325458807828384,0.3773792132405817,0.0,0.9069755061374166,0.0,,,EXPLOIT
1715,56,,,0,1,1,0,common,0.0,0.9002016283459267,0.2369600020792948,0.5342259377721852,0.0,0.9043278114374166,0.0,,,EXPLOIT
1716,56,,,0,0,0,0,common,0.0,0.22815600654116974,0.4911528354097492,0.4424049584028805,0.0,0.904560434356656,0.0,,,EXPLOIT
1717,56,,,0,1,1,0,common,0.0,0.5851310584248524,0.4198987029126495,0.4852227884094721,0.0,0.9047896194086312,0.0,,,EXPLOIT
1718,56,,,0,1,1,0,common,1.0,0.6196648120238459,0.5960460737749347,0.5255553954937842,0.0,0.902037865770464,0.0,,,EXPLOIT
1719,56,,,0,1,1,0,common,0.0,0.5972178721845001,0.40925951941918504,0.5470541385009989,0.0,0.8991523310328133,0.0,,,EXPLOIT
1720,56,,,0,0,0,0,common,0.0,0.14830140425176033,0.5900650630483502,0.42742831822622734,0.0,0.8994650146392323,0.0,,,EXPLOIT
1721,56,,,0,0,0,0,common,0.0,0.09639591276364422,0.5480230472324895,0.32811859658745235,0.0,0.8997726672577089,0.0,,,EXPLOIT
1722,56,,,0,1,1,0,common,1.0,0.6118083830800749,0.5189553069335712,0.4132255325352391,0.0,0.9000753941726973,0.0,,,EXPLOIT
1723,56,,,0,1,1,0,common,1.0,0.39767544900204876,0.33275755226935244,0.408560507475282,0.0,0.900373297813793,0.0,,,EXPLOIT
1724,56,,,0,1,1,0,common,0.0,0.7415109581486683,0.232625312120813,0.5084456426772979,0.0,0.8974053290457304,0.0,,,EXPLOIT
1725,56,,,0,1,1,0,common,1.0,0.5180178772033657,0.4354228743116495,0.5113173130351182,0.0,0.8942875531748989,0.0,,,EXPLOIT
1726,56,,,0,1,1,0,common,1.0,0.3367116201821876,0.2859889177057079,0.458935605179239,0.0,0.8946817192772513,0.0,,,EXPLOIT
1727,56,,,0,1,1,0,common,1.0,0.21886255311842195,0.20857370024712002,0.3869136895609938,0.0,0.8950690588867656,0.0,,,EXPLOIT
1728,56,,,0,1,1,0,common,1.0,0.1422606595269743,0.16766680644890233,0.31351778055078794,0.0,0.8954497287604952,0.0,,,EXPLOIT
1729,56,,,0,1,1,0,common,1.0,0.09246942869253327,0.14482646866313362,0.24720327499331152,0.0,0.8958238809653762,0.0,,,EXPLOIT
1730,56,,,0,1,1,0,common,1.0,0.06010512865014661,0.1314545352733316,0.19107383109036202,0.0,0.8961916630525628,0.0,,,EXPLOIT
1731,56,,,0,1,1,0,common,0.0,0.9609316663774047,0.12335110670657237,0.4220311816764748,0.0,0.8965532182240377,0.0,,,EXPLOIT
1732,56,,,0,1,1,0,common,1.0,0.375394416854687,0.31517137038775694,0.4080401522299384,0.0,0.896908685491896,0.0,,,EXPLOIT
1733,56,,,0,1,1,0,common,1.0,0.24400637095554656,0.22360198839961765,0.3588300178476208,0.0,0.8972581998306726,0.0,,,EXPLOIT
1734,56,,,0,1,1,0,common,0.0,0.8413958588788948,0.17579269392468796,0.503599770157003,0.0,0.8941329034090982,0.0,,,EXPLOIT
1735,56,,,0,1,1,0,common,0.0,0.5469073082712816,0.3786685568613123,0.5165920315912865,0.0,0.8908457506586009,0.0,,,EXPLOIT
1736,56,,,0,1,1,0,common,1.0,0.644510249623667,0.5471462821281703,0.5549674970010007,0.0,0.8873840132258258,0.0,,,EXPLOIT
1737,56,,,0,1,1,0,common,1.0,0.4189316622553835,0.35002380399900124,0.5141567465773155,0.0,0.8837335924701205,0.0,,,EXPLOIT
1738,56,,,0,1,1,0,common,0.0,0.7276944195340007,0.24148454004147957,0.578218048464321,0.0,0.8798788299569434,0.0,,,EXPLOIT
1739,56,,,0,1,1,0,common,1.0,0.5269986273028995,0.44342792850306656,0.5628522221158945,0.0,0.8758022856067901,0.0,,,EXPLOIT
1740,56,,,0,1,1,0,common,1.0,0.34254910774688474,0.2902785019315013,0.4967612878051915,0.0,0.87656090560363,0.0,,,EXPLOIT
1741,56,,,0,1,1,0,common,0.0,0.7773430799645249,0.21078995782343551,0.5809358254529915,0.0,0.8722885187697831,0.0,,,EXPLOIT
1742,56,,,0,1,1,0,common,1.0,0.49472699802305886,0.4147964058992316,0.5550731772240117,0.0,0.867757195065392,0.0,,,EXPLOIT
1743,56,,,0,1,1,0,common,1.0,0.3215725487149883,0.2750590726931403,0.48502298867130467,0.0,0.868701437167339,0.0,,,EXPLOIT
1744,56,,,0,1,1,0,common,1.0,0.20902215666474244,0.20291099739870977,0.402222739069336,0.0,0.869623047486105,0.0,,,EXPLOIT
1745,56,,,0,1,1,0,common,1.0,0.1358644018320826,0.16457287188372632,0.32231523789815997,0.0,0.8705227851475986,0.0,,,EXPLOIT
1746,56,,,0,1,1,0,common,1.0,0.08831186119085366,0.14304550698576332,0.2521142248859681,0.0,0.8714013758258069,0.0,,,EXPLOIT
1747,56,,,0,1,1,0,common,1.0,0.05740270977405493,0.13038814542103205,0.1937007703523941,0.0,0.8722595135663428,0.0,,,EXPLOIT
1748,56,,,0,1,1,0,common,1.0,0.03731176135313574,0.12269475206092532,0.1467840676526166,0.0,0.8730978624919795,0.0,,,EXPLOIT
1749,56,,,0,1,1,0,common,1.0,0.024252644879538265,0.11791094414361811,0.11002464082069309,0.0,0.87391705839899,0.0,,,EXPLOIT
1750,56,,,0,1,1,0,common,1.0,0.0157642191716999,0.11489069150244781,0.08174651432599514,0.0,0.8747177102523597,0.0,,,EXPLOIT
1751,56,,,0,1,1,0,common,1.0,0.010246742461604952,0.11296455637196202,0.060296582766678083,0.0,0.8755004015872674,0.0,,,EXPLOIT
1752,56,,,0,1,1,0,common,1.0,0.006660382600043202,0.11172802964899681,0.044205722716687615,0.0,0.8762656918236224,0.0,,,EXPLOIT
1753,56,,,0,1,1,0,common,1.0,0.0043292486900280425,0.11093076911755975,0.03224278050868974,0.0,0.8770141174998811,0.0,,,EXPLOIT
1754,56,,,0,1,1,0,common,1.0,0.0028140116485182443,0.11041527448185791,0.02341414985063829,0.0,0.8777461934318712,0.0,,,EXPLOIT
1755,56,,,0,1,1,0,common,1.0,0.0018291075715368699,0.1100813503500126,0.016938637166907865,0.0,0.8784624138018868,0.0,,,EXPLOIT
1756,56,,,0,1,1,0,common,1.0,0.0011889199214989432,0.1098647833870236,0.012213721993285187,0.0,0.8791632531828997,0.0,,,EXPLOIT
1757,56,,,0,1,1,0,common,1.0,0.0007727979489743353,0.10972421894669582,0.00878144477999193,0.0,0.8798491675023528,0.0,,,EXPLOIT
1758,56,,,0,1,1,0,common,1.0,0.0005023186668333679,0.10963293820777578,0.006297706946044361,0.0,0.8805205949496553,0.0,,,EXPLOIT
1759,56,,,0,1,1,0,common,0.0,0.9996734928665583,0.10957364210304715,0.30431044272219854,0.0,0.8811779568311751,0.0,,,EXPLOIT
1760,56,,,0,1,1,0,common,1.0,0.35021222963673715,0.2959722184881477,0.3180809787965601,0.0,0.8818216583762425,0.0,,,EXPLOIT
1761,56,,,0,1,1,0,common,0.0,0.7723620507361209,0.21372711587661997,0.4543653003784283,0.0,0.8824520894974061,0.0,,,EXPLOIT
1762,56,,,0,1,1,0,common,1.0,0.4979646670215214,0.41764949487014247,0.4674451103713563,0.0,0.883069625507943,0.0,,,EXPLOIT
1763,56,,,0,1,1,0,common,0.0,0.6763229664360111,0.2765614615732301,0.5301084671907527,0.0,0.8791771018480811,0.0,,,EXPLOIT
1764,56,,,0,0,0,0,common,0.0,0.06265734329636874,0.47330403493046047,0.38987313002243745,0.0,0.8798627224987602,0.0,,,EXPLOIT
1765,56,,,0,1,1,0,common,1.0,0.5603900718165928,0.4536708613914934,0.44102821256068403,0.0,0.880533864857187,0.0,,,EXPLOIT
1766,56,,,0,1,1,0,common,1.0,0.36425354668078525,0.29011193111429784,0.4179958127967144,0.0,0.8811909499007893,0.0,,,EXPLOIT
1767,56,,,0,0,0,0,common,0.0,0.040727273142639686,0.20624106556762029,0.30481525090049194,0.0,0.881834382545584,0.0,,,EXPLOIT
1768,56,,,0,1,1,0,common,1.0,0.23676480534251043,0.19815034903341336,0.28440011723309744,0.0,0.8824645524055509,0.0,,,EXPLOIT
1769,56,,,0,1,1,0,common,1.0,0.15389712347263185,0.1560522405824451,0.24524921910495773,0.0,0.883081834509317,0.0,,,EXPLOIT
1770,56,,,0,1,1,0,common,1.0,0.10003313025721072,0.13294425816668323,0.2016843924506336,0.0,0.8836865899769284,0.0,,,EXPLOIT
1771,56,,,0,1,1,0,common,1.0,0.06502153466718696,0.1195711390721261,0.1606855351155996,0.0,0.8842791666592754,0.0,,,EXPLOIT
1772,56,,,0,0,0,0,common,0.0,0.026472727542715797,0.11152884775682277,0.12042169284373444,0.0,0.8848598997425555,0.0,,,EXPLOIT
1773,56,,,0,1,1,0,common,0.0,0.9577360024663285,0.10839494116609392,0.37161598573051263,0.0,0.8854291123199832,0.0,,,EXPLOIT
1774,56,,,0,1,1,0,common,1.0,0.3774715983968864,0.28257263203748567,0.3733726695304247,0.0,0.8859871159328011,0.0,,,EXPLOIT
1775,56,,,0,1,1,0,common,1.0,0.24535653895797616,0.19777427597208008,0.3349678303586901,0.0,0.8865342110824941,0.0,,,EXPLOIT
1776,56,,,0,1,1,0,common,0.0,0.8405182496773155,0.15437065481574902,0.4866329561542777,0.0,0.8870706877159821,0.0,,,EXPLOIT
1777,56,,,0,1,1,0,common,1.0,0.45366313770974487,0.3412598640582985,0.4767420106209178,0.0,0.8875968256854415,0.0,,,EXPLOIT
1778,56,,,0,1,1,0,common,1.0,0.29488103951133415,0.22695022922332708,0.4221837192880427,0.0,0.8881128951842839,0.0,,,EXPLOIT
1779,56,,,0,1,1,0,common,1.0,0.19167267568236723,0.16960745067273872,0.3530304062063401,0.0,0.8886191571607299,0.0,,,EXPLOIT
1780,56,,,0,1,1,0,common,1.0,0.12458723919353876,0.13918198193001233,0.28449745610249966,0.0,0.8891158637103016,0.0,,,EXPLOIT
1781,56,,,0,1,1,0,common,1.0,0.08098170547580019,0.12203273666506359,0.2234427309144898,0.0,0.8896032584484842,0.0,,,EXPLOIT
1782,56,,,0,1,1,0,common,0.0,0.9473618914407299,0.1119091980614845,0.4406184790723618,0.0,0.8900815768647115,0.0,,,EXPLOIT
1783,56,,,0,1,1,0,common,1.0,0.3842147705635255,0.2874928613210574,0.4236973665197109,0.0,0.8905510466587591,0.0,,,EXPLOIT
1784,56,,,0,0,0,0,common,0.0,0.017207272902765268,0.2002311106083311,0.3017503384346272,0.0,0.8910118880605579,0.0,,,EXPLOIT
1785,56,,,0,1,1,0,common,1.0,0.24973960086629154,0.1968614863219223,0.28614711716412644,0.0,0.8914643141343728,0.0,,,EXPLOIT
1786,56,,,0,1,1,0,common,0.0,0.8376692594369105,0.15293317953171703,0.4516037598459616,0.0,0.8919085310682303,0.0,,,EXPLOIT
1787,56,,,0,1,1,0,common,1.0,0.4555149813660082,0.3378809761519377,0.45277712630197553,0.0,0.8923447384494253,0.0,,,EXPLOIT
1788,56,,,0,1,1,0,common,1.0,0.29608473788790535,0.22397400715587884,0.40576940977775444,0.0,0.8927731295268784,0.0,,,EXPLOIT
1789,56,,,0,0,0,0,common,0.0,0.011184727386797424,0.1670446793488952,0.2873940050604673,0.0,0.8931938914610745,0.0,,,EXPLOIT
1790,56,,,0,1,1,0,common,1.0,0.19245507962713848,0.16515129983472224,0.25891232743046866,0.0,0.8936072055622591,0.0,,,EXPLOIT
1791,56,,,0,1,1,0,common,1.0,0.12509580175764,0.1353058297247676,0.21876736972862004,0.0,0.8940132475175332,0.0,,,EXPLOIT
1792,56,,,0,1,1,0,common,1.0,0.08131227114246597,0.11851420966960932,0.1775308401527738,0.0,0.8944121876074456,0.0,,,EXPLOIT
1793,56,,,0,1,1,0,common,0.0,0.9471470237573971,0.10861279537188415,0.40841569523416077,0.0,0.8948041909126437,0.0,,,EXPLOIT
1794,56,,,0,1,1,0,common,1.0,0.3843544345576919,0.2803623564195694,0.4011973170312201,0.0,0.8951894175111137,0.0,,,EXPLOIT
1795,56,,,0,0,0,0,common,1.0,0.9927299271985817,0.1947455903333127,0.5786571000814285,0.0,0.8919574309473463,0.0,,,EXPLOIT
1796,56,,,0,1,1,0,common,1.0,0.24983038246249978,0.4567478481724836,0.48000908479574983,0.0,0.8923927596941579,0.0,,,EXPLOIT
1797,56,,,0,1,1,0,common,1.0,0.16238974860062483,0.3798340121608163,0.38472328393721233,0.0,0.8928202932464924,0.0,,,EXPLOIT
1798,56,,,0,1,1,0,common,1.0,0.10555333659040611,0.33271435399939964,0.30097229973317047,0.0,0.893240218102706,0.0,,,EXPLOIT
1799,56,,,0,1,1,0,common,1.0,0.06860966878376396,0.30386142866136345,0.2312635104483485,0.0,0.8936527149367077,0.0,,,EXPLOIT
1800,56,,,0,1,1,0,common,1.0,0.04459628470944654,0.28595445291306676,0.1752633427266779,0.0,0.8940579588238552,0.0,,,EXPLOIT
1801,56,,,0,1,1,0,common,1.0,0.028987585061140297,0.27469100188189693,0.13138061542701662,0.0,0.8944561194564163,0.0,,,EXPLOIT
1802,56,,,0,0,0,0,common,0.0,0.3547255473209219,0.2675322230644629,0.1983840949951882,0.0,0.8948473613491469,0.0,,,EXPLOIT
1803,56,,,0,1,1,0,common,1.0,0.018841930289741238,0.19054725031858072,0.1445214455835541,0.0,0.8952318440355145,0.0,,,EXPLOIT
1804,56,,,0,1,1,0,common,1.0,0.012247254688331766,0.187003835579381,0.10483918831498738,0.0,0.8956097222550595,0.0,,,EXPLOIT
1805,56,,,0,0,0,0,common,0.0,0.23057160575859922,0.18472936525607014,0.14255891354807093,0.0,0.8959811461323572,0.0,,,EXPLOIT
1806,56,,,0,1,1,0,common,1.0,0.00796071554741562,0.14599560675234535,0.10217945414787434,0.0,0.8963462613480151,0.0,,,EXPLOIT
1807,56,,,0,1,1,0,common,1.0,0.005174465105820203,0.1447916918816451,0.07307795743525809,0.0,0.8967052093021205,0.0,,,EXPLOIT
1808,56,,,0,1,1,0,common,0.0,0.9966365976812168,0.14401372571735135,0.3501455495090457,0.0,0.8970581272705188,0.0,,,EXPLOIT
1809,56,,,0,1,1,0,common,1.0,0.35218621150720897,0.3670641168217091,0.3507577481084947,0.0,0.8974051485542909,0.0,,,EXPLOIT
1810,56,,,0,1,1,0,common,1.0,0.22892103747968584,0.27120295472292044,0.314206734919852,0.0,0.8977464026227705,0.0,,,EXPLOIT
1811,56,,,0,1,1,0,common,0.0,0.8512013256382042,0.2187368292984253,0.47530511213535764,0.0,0.8980820152504253,0.0,,,EXPLOIT
1812,56,,,0,1,1,0,common,1.0,0.4467191383351673,0.4496226042828465,0.4667293199953005,0.0,0.8984121086479077,0.0,,,EXPLOIT
1813,56,,,0,1,1,0,common,1.0,0.29036743991785874,0.31687342632847654,0.4138207559720679,0.0,0.8987368015875608,0.0,,,EXPLOIT
1814,56,,,0,1,1,0,common,1.0,0.18873883594660823,0.2438641781636361,0.34629617996442996,0.0,0.8990562095236535,0.0,,,EXPLOIT
1815,56,,,0,1,1,0,common,0.0,0.8773197566347046,0.20340801639166062,0.5056032529655123,0.0,0.8960222082453426,0.0,,,EXPLOIT
1816,56,,,0,1,1,0,common,1.0,0.429742158187442,0.43447824503613974,0.48284492453209116,0.0,0.8963866281749133,0.0,,,EXPLOIT
1817,56,,,0,1,1,0,common,1.0,0.27933240282183736,0.3083417121365242,0.42179116801901495,0.0,0.8967448963665083,0.0,,,EXPLOIT
1818,56,,,0,1,1,0,common,0.0,0.8184339381658057,0.23920080470505106,0.5407839990630521,0.0,0.8935932925263487,0.0,,,EXPLOIT
1819,56,,,0,1,1,0,common,1.0,0.4680179401922263,0.46868629400224915,0.5189541814018044,0.0,0.8902777862845394,0.0,,,EXPLOIT
1820,56,,,0,1,1,0,common,1.0,0.30421166112494713,0.3277701967627968,0.4545314253187472,0.0,0.8907436431298142,0.0,,,EXPLOIT
1821,56,,,0,1,1,0,common,1.0,0.19773757973121564,0.249807960149646,0.3774932716424877,0.0,0.8912009610019811,0.0,,,EXPLOIT
1822,56,,,0,0,0,0,common,0.0,0.1498715437430895,0.20676563790595906,0.3092067532726682,0.0,0.8916499500726802,0.0,,,EXPLOIT
1823,56,,,0,1,1,0,common,1.0,0.12852942682529012,0.17818083122506584,0.25500355533845476,0.0,0.8920908137534806,0.0,,,EXPLOIT
1824,56,,,0,1,1,0,common,1.0,0.08354412743643858,0.15632357775802952,0.20356572696784989,0.0,0.8925237489658291,0.0,,,EXPLOIT
1825,56,,,0,1,1,0,common,1.0,0.05430368283368503,0.14336580169801602,0.15878711372760043,0.0,0.8929489463981605,0.0,,,EXPLOIT
1826,56,,,0,0,0,0,common,0.0,0.09741650343300817,0.13544722159325506,0.14037593063922274,0.0,0.893366590750875,0.0,,,EXPLOIT
1827,56,,,0,1,1,0,common,1.0,0.03529739384189523,0.12219204294515071,0.10885236960002448,0.0,0.8937768609698442,0.0,,,EXPLOIT
1828,56,,,0,1,1,0,common,0.0,0.9770566940027681,0.11767865893627327,0.36931366692084755,0.0,0.8941799304690703,0.0,,,EXPLOIT
1829,56,,,0,1,1,0,common,1.0,0.3649131488982007,0.3075983832138724,0.36799351151405346,0.0,0.8945759673430793,0.0,,,EXPLOIT
1830,56,,,0,1,1,0,common,1.0,0.23719354678383042,0.21985194017448836,0.32875352209498654,0.0,0.8949651345695978,0.0,,,EXPLOIT
1831,56,,,0,1,1,0,common,0.0,0.8458241945905103,0.17389248148468536,0.4838747238436436,0.0,0.895347590203027,0.0,,,EXPLOIT
1832,56,,,0,1,1,0,common,0.0,0.5497857264838317,0.3767808351762639,0.5036480246357,0.0,0.8921238230776273,0.0,,,EXPLOIT
1833,56,,,0,1,1,0,common,1.0,0.6426392777855093,0.5461234965793093,0.5453454005806428,0.0,0.8887304955716459,0.0,,,EXPLOIT
1834,56,,,0,1,1,0,common,1.0,0.4177155305605811,0.34956908662722574,0.5070564395746243,0.0,0.8851540543377284,0.0,,,EXPLOIT
1835,56,,,0,1,1,0,common,1.0,0.27151509486437775,0.24140192525492485,0.4363940361615503,0.0,0.8857174641465542,0.0,,,EXPLOIT
1836,56,,,0,1,1,0,common,1.0,0.1764848116618456,0.1854025865937517,0.3584212688116389,0.0,0.8862698208808272,0.0,,,EXPLOIT
1837,56,,,0,1,1,0,common,1.0,0.11471512758019964,0.15498416414020968,0.2853094264422071,0.0,0.8868114195550502,0.0,,,EXPLOIT
1838,56,,,0,0,0,0,common,0.0,0.06332072723145532,0.13756347980582131,0.21871281667898154,0.0,0.8873425448687079,0.0,,,EXPLOIT
1839,56,,,0,1,1,0,common,1.0,0.07456483292712979,0.12869263020878247,0.175468421553426,0.0,0.887863471653643,0.0,,,EXPLOIT
1840,56,,,0,1,1,0,common,1.0,0.048467141402634306,0.11889192828362125,0.1373680375081885,0.0,0.8883744652983389,0.0,,,EXPLOIT
1841,56,,,0,1,1,0,common,1.0,0.03150364191171229,0.1128807463811578,0.10560871882924562,0.0,0.888875782150492,0.0,,,EXPLOIT
1842,56,,,0,1,1,0,common,0.0,0.979522632757387,0.10911994858104701,0.367782893007688,0.0,0.8893676698991557,0.0,,,EXPLOIT
1843,56,,,0,0,0,0,common,1.0,0.9588415272995541,0.2897341361407156,0.5451004832952479,0.0,0.8858259753600021,0.0,,,EXPLOIT
1844,56,,,0,1,1,0,common,1.0,0.36331028870769844,0.5743071438324931,0.49056342491898297,0.0,0.8863762125495451,0.0,,,EXPLOIT
1845,56,,,0,0,0,0,common,0.0,0.3767530072552899,0.4642225755117667,0.45642029961987496,0.0,0.8869157479614503,0.0,,,EXPLOIT
1846,56,,,0,1,1,0,common,1.0,0.23615168766000405,0.34957310362629745,0.39033971603191364,0.0,0.8874448643376585,0.0,,,EXPLOIT
1847,56,,,0,1,1,0,common,1.0,0.1534985969790026,0.2852721875943182,0.3192873803160403,0.0,0.8879638346369266,0.0,,,EXPLOIT
1848,56,,,0,1,1,0,common,1.0,0.09977408803635168,0.24785095420361103,0.2534333926321337,0.0,0.8884729224547756,0.0,,,EXPLOIT
1849,56,,,0,1,1,0,common,1.0,0.06485315722362861,0.22549775619360915,0.19685932200958217,0.0,0.8889723824219824,0.0,,,EXPLOIT
1850,56,,,0,1,1,0,common,1.0,0.042154552195358574,0.21180635617743684,0.1504478910653151,0.0,0.8894624605828857,0.0,,,EXPLOIT
1851,56,,,0,1,1,0,common,1.0,0.027400458926983062,0.20325870315380806,0.11353366142381548,0.0,0.889943394754687,0.0,,,EXPLOIT
1852,56,,,0,1,1,0,common,0.0,0.982189701697461,0.19785011292545626,0.3741304735059091,0.0,0.8904154148688529,0.0,,,EXPLOIT
1853,56,,,0,0,0,0,common,0.0,0.24488945471593843,0.45845770414467124,0.33535816786891787,0.0,0.890878743295651,0.0,,,EXPLOIT
1854,56,,,0,1,1,0,common,0.0,0.6384233061033497,0.3829479976276339,0.4262777093392474,0.0,0.8913335951527802,0.0,,,EXPLOIT
1855,56,,,0,1,1,0,common,0.0,0.41497514896717735,0.5776160881085926,0.4228869412276264,0.0,0.8917801785990013,0.0,,,EXPLOIT
1856,56,,,0,1,1,0,common,1.0,0.7302661531713347,0.6692868983234298,0.5151007048107388,0.0,0.888368523529486,0.0,,,EXPLOIT
1857,56,,,0,0,0,0,common,0.0,0.15917814556535997,0.4829666078375137,0.4083239370371251,0.0,0.888869952521137,0.0,,,EXPLOIT
1858,56,,,0,1,1,0,common,0.0,0.5253270004386325,0.4331663585014536,0.4434248560575773,0.0,0.8893619495505665,0.0,,,EXPLOIT
1859,56,,,0,1,1,0,common,1.0,0.6585374497148889,0.5915171315980551,0.5079586341547707,0.0,0.885819943813533,0.0,,,EXPLOIT
1860,56,,,0,0,0,0,common,0.0,0.10346579461748398,0.3922122789976711,0.3866107822935847,0.0,0.8863702987386013,0.0,,,EXPLOIT
1861,56,,,0,0,0,0,common,0.0,0.06725276650136458,0.361397656257739,0.2908033775559187,0.0,0.8869099487621359,0.0,,,EXPLOIT
1862,56,,,0,1,1,0,common,0.0,0.5719506576853222,0.3419858195515723,0.3751475615947397,0.0,0.8874391767346416,0.0,,,EXPLOIT
1863,56,,,0,1,1,0,common,1.0,0.6282320725045406,0.5167474220845515,0.45107291486768,0.0,0.887958255718759,0.0,,,EXPLOIT
1864,56,,,0,1,1,0,common,0.0,0.5916491528720486,0.32616868900140944,0.4932457862689905,0.0,0.8884674494094525,0.0,,,EXPLOIT
1865,56,,,0,0,0,0,common,0.0,0.043714298225886974,0.5054663653091485,0.35838633985605944,0.0,0.8889670125327286,0.0,,,EXPLOIT
1866,56,,,0,0,0,0,common,0.0,0.028414293846826533,0.49188109668291713,0.2593947260532895,0.0,0.8894571912241529,0.0,,,EXPLOIT
1867,56,,,0,1,1,0,common,1.0,0.6154280506331684,0.48300788232059133,0.3662047234272532,0.0,0.8899382233883527,0.0,,,EXPLOIT
1868,56,,,0,1,1,0,common,1.0,0.4000282329115594,0.3001985678408404,0.376351776272545,0.0,0.8904103390406085,0.0,,,EXPLOIT
1869,56,,,0,1,1,0,common,1.0,0.2600183513925136,0.20681571566879098,0.34145174880853557,0.0,0.8908737606315649,0.0,,,EXPLOIT
1870,56,,,0,1,1,0,common,1.0,0.1690119284051339,0.15934498245519282,0.28971980268751507,0.0,0.8913287033560315,0.0,,,EXPLOIT
1871,56,,,0,1,1,0,common,1.0,0.10985775346333704,0.13367432181415922,0.23576118792026166,0.0,0.8917753754467699,0.0,,,EXPLOIT
1872,56,,,0,1,1,0,common,0.0,0.9285924602488309,0.11898304083352737,0.4436105696188324,0.0,0.8922139784541168,0.0,,,EXPLOIT
1873,56,,,0,1,1,0,common,1.0,0.3964149008382598,0.29748077925465005,0.4294518689846606,0.0,0.8926447075122287,0.0,,,EXPLOIT
1874,56,,,0,0,0,0,common,0.0,0.018469291000437246,0.20546205134249024,0.3061570955893936,0.0,0.8930677515926941,0.0,,,EXPLOIT
1875,56,,,0,1,1,0,common,1.0,0.2576696855448689,0.20177233523080884,0.2916108725760362,0.0,0.8934832937462018,0.0,,,EXPLOIT
1876,56,,,0,1,1,0,common,1.0,0.1674852956041648,0.15564902930840718,0.25437319948447473,0.0,0.8938915113329212,0.0,,,EXPLOIT
1877,56,,,0,1,1,0,common,1.0,0.1088654421427071,0.13070714944419617,0.21072087228194444,0.0,0.894292576242201,0.0,,,EXPLOIT
1878,56,,,0,1,1,0,common,1.0,0.07076253739275962,0.11642835627928097,0.168733371815189,0.0,0.8946866551021635,0.0,,,EXPLOIT
1879,56,,,0,1,1,0,common,1.0,0.04599564930529376,0.1079048404237707,0.13191205506222042,0.0,0.8950739094797273,0.0,,,EXPLOIT
1880,56,,,0,1,1,0,common,0.0,0.9701028279515591,0.10266809229633177,0.383369286929022,0.0,0.8954544960715716,0.0,,,EXPLOIT
1881,56,,,0,1,1,0,common,1.0,0.36943316183148656,0.2730746037005732,0.3791884493997613,0.0,0.8958285668865101,0.0,,,EXPLOIT
1882,56,,,0,1,1,0,common,0.0,0.7598684448095337,0.19202609326406084,0.493392448022693,0.0,0.8961962694197271,0.0,,,EXPLOIT
1883,56,,,0,1,1,0,common,1.0,0.506085510873803,0.3806674323937486,0.49720036687802593,0.0,0.8965577468192921,0.0,,,EXPLOIT
1884,56,,,0,1,1,0,common,0.0,0.6710444179320281,0.24540653608667584,0.5493535821942266,0.0,0.8933965243565413,0.0,,,EXPLOIT
1885,56,,,0,1,1,0,common,1.0,0.5638211283441817,0.4311108388188827,0.5536938460392131,0.0,0.8900706491826188,0.0,,,EXPLOIT
1886,56,,,0,0,0,0,common,0.0,0.01200503915028421,0.2709885854849272,0.3911872039725344,0.0,0.8905403204837432,0.0,,,EXPLOIT
1887,56,,,0,1,1,0,common,1.0,0.3664837334237181,0.26803567044853727,0.3837761628078895,0.0,0.8910013583967984,0.0,,,EXPLOIT
1888,56,,,0,1,1,0,common,1.0,0.2382144267254167,0.18871590851358747,0.3401076419831477,0.0,0.8914539761479472,0.0,,,EXPLOIT
1889,56,,,0,1,1,0,common,1.0,0.15483937737152087,0.14809433207693987,0.28452716259965966,0.0,0.8918983800806014,0.0,,,EXPLOIT
1890,56,,,0,1,1,0,common,0.0,0.8993544047085115,0.12589189419020128,0.46897533523231516,0.0,0.8923347699312395,0.0,,,EXPLOIT
1891,56,,,0,0,0,0,common,0.0,0.0078032754476847375,0.30377608596662786,0.330623717296926,0.0,0.8927633390920596,0.0,,,EXPLOIT
1892,56,,,0,1,1,0,common,0.0,0.5845803630605324,0.30170517025028126,0.4068107110260079,0.0,0.8931842748611966,0.0,,,EXPLOIT
1893,56,,,0,1,1,0,common,1.0,0.6200227640106539,0.4751364807547056,0.4707743269214017,0.0,0.8935977586811805,0.0,,,EXPLOIT
1894,56,,,0,1,1,0,common,0.0,0.5969852033930749,0.29241040530607315,0.5086375898629036,0.0,0.8902824876033372,0.0,,,EXPLOIT
1895,56,,,0,1,1,0,common,1.0,0.6119596177945013,0.4679182504183482,0.5396341982423829,0.0,0.8867903868152667,0.0,,,EXPLOIT
1896,56,,,0,1,1,0,common,1.0,0.3977737515664258,0.2885388823380626,0.4970760642395957,0.0,0.8873219174678671,0.0,,,EXPLOIT
1897,56,,,0,1,1,0,common,1.0,0.25855293851817684,0.19836692975459025,0.42551912652317003,0.0,0.8878432389982994,0.0,,,EXPLOIT
1898,56,,,0,0,0,0,common,1.0,0.9949278709590049,0.1527600508313725,0.5963417498539205,0.0,0.8842181337051418,0.0,,,EXPLOIT
1899,56,,,0,1,1,0,common,1.0,0.1680594100368149,0.38346357895062455,0.4678570479087888,0.0,0.8848000825179224,0.0,,,EXPLOIT
1900,56,,,0,0,0,0,common,0.0,0.35329688387664676,0.33452526263031107,0.43348899869914614,0.0,0.8853704777907669,0.0,,,EXPLOIT
1901,56,,,0,1,1,0,common,1.0,0.10923861652392974,0.24404180064516076,0.3362138840465812,0.0,0.8859296322412537,0.0,,,EXPLOIT
1902,56,,,0,1,1,0,common,1.0,0.07100510074055433,0.21993301973236234,0.2566512490547731,0.0,0.8864778474952536,0.0,,,EXPLOIT
1903,56,,,0,1,1,0,common,1.0,0.04615331548136026,0.20526512569658978,0.19350186898274924,0.0,0.8870154145748537,0.0,,,EXPLOIT
1904,56,,,0,1,1,0,common,0.0,0.9700003449371158,0.19615023748300087,0.4264514117690592,0.0,0.8875426143607393,0.0,,,EXPLOIT
1905,56,,,0,1,1,0,common,1.0,0.3694997757908747,0.45190457700844805,0.4093659209756038,0.0,0.8880597180305854,0.0,,,EXPLOIT
1906,56,,,0,1,1,0,common,1.0,0.24017485426406848,0.34040543844027765,0.3586086009621432,0.0,0.8885669874748933,0.0,,,EXPLOIT
1907,56,,,0,1,1,0,common,1.0,0.15611365527164456,0.2761484600630436,0.29786011725499356,0.0,0.8890646756916167,0.0,,,EXPLOIT
1908,56,,,0,1,1,0,common,1.0,0.10147387592656898,0.2389938079839226,0.23894424485646618,0.0,0.8895530271608282,0.0,,,EXPLOIT
1909,56,,,0,1,1,0,common,0.0,0.9340419806477301,0.21689048827701027,0.4474735655938453,0.0,0.8900322782005934,0.0,,,EXPLOIT
1910,56,,,0,1,1,0,common,0.0,0.6071272874210246,0.4728280836908971,0.49536968214199906,0.0,0.8905026573051463,0.0,,,EXPLOIT
1911,56,,,0,0,0,0,common,0.0,0.2296429745198204,0.6415309105185423,0.4156516698553454,0.0,0.8909643854663793,0.0,,,EXPLOIT
1912,56,,,0,1,1,0,common,1.0,0.605367263176334,0.5858300408540774,0.472566347851642,0.0,0.8914176764796048,0.0,,,EXPLOIT
1913,56,,,0,1,1,0,common,1.0,0.3934887210646171,0.40197633348159617,0.44884305981553446,0.0,0.8918627372344776,0.0,,,EXPLOIT
1914,56,,,0,1,1,0,common,1.0,0.25576766869200107,0.2901523681346424,0.39092044247847446,0.0,0.8922997679919105,0.0,,,EXPLOIT
1915,56,,,0,1,1,0,common,1.0,0.16624898464980076,0.2290859414127598,0.3235190051298723,0.0,0.892728962647764,0.0,,,EXPLOIT
1916,56,,,0,0,0,0,common,0.0,0.14926793343788328,0.19487196623376768,0.2712436836222756,0.0,0.8931505089840436,0.0,,,EXPLOIT
1917,56,,,0,1,1,0,common,0.0,0.8919381599776295,0.16774871634665006,0.45745202652888173,0.0,0.8935645889082856,0.0,,,EXPLOIT
1918,56,,,0,1,1,0,common,1.0,0.42024019601454077,0.3799613431813114,0.44628847737457944,0.0,0.8939713786817775,0.0,,,EXPLOIT
1919,56,,,0,1,1,0,common,1.0,0.2731561274094515,0.26517100488289935,0.394348772385041,0.0,0.8943710491372147,0.0,,,EXPLOIT
1920,56,,,0,1,1,0,common,0.0,0.8224485171838565,0.20456488194701855,0.5227786958246856,0.0,0.8910963714048692,0.0,,,EXPLOIT
1921,56,,,0,1,1,0,common,1.0,0.4654084638304933,0.41924725824457676,0.5055676262264279,0.0,0.8876481018393046,0.0,,,EXPLOIT
1922,56,,,0,1,1,0,common,0.0,0.6974844985101794,0.28611376067241123,0.5631426879115533,0.0,0.8840122500029792,0.0,,,EXPLOIT
1923,56,,,0,0,0,0,common,0.0,0.09702415673462414,0.49171797116530613,0.4233071285584745,0.0,0.8845983068270569,0.0,,,EXPLOIT
1924,56,,,0,1,1,0,common,1.0,0.5466350759683833,0.4613536565623154,0.46030551278144716,0.0,0.8851726982652565,0.0,,,EXPLOIT
1925,56,,,0,0,0,0,common,0.0,0.0630657018775057,0.3001087976552689,0.3411335695102647,0.0,0.8857357410260678,0.0,,,EXPLOIT
1926,56,,,0,1,1,0,common,1.0,0.35531279937944926,0.283754424135386,0.34538733847102004,0.0,0.8862877405496692,0.0,,,EXPLOIT
1927,56,,,0,1,1,0,common,1.0,0.230953319596642,0.20306275889980227,0.3110571328087066,0.0,0.8868289915051494,0.0,,,EXPLOIT
1928,56,,,0,1,1,0,common,1.0,0.15011965773781732,0.16104876576978708,0.2627758902874398,0.0,0.8873597782616237,0.0,,,EXPLOIT
1929,56,,,0,1,1,0,common,1.0,0.0975777775295813,0.1378458897833313,0.21321645646008222,0.0,0.8878803753348281,0.0,,,EXPLOIT
1930,56,,,0,1,1,0,common,1.0,0.0634255553942279,0.12436320764200588,0.16827918614032591,0.0,0.888391047810671,0.0,,,EXPLOIT
1931,56,,,0,1,1,0,common,1.0,0.04122661100624814,0.11623337530295702,0.13016341360010258,0.0,0.8888920517471156,0.0,,,EXPLOIT
1932,56,,,0,1,1,0,common,1.0,0.026797297154061317,0.1112049654762182,0.09915357866629021,0.0,0.8893836345556747,0.0,,,EXPLOIT
1933,56,,,0,1,1,0,common,1.0,0.017418243150139845,0.10804136828284477,0.0746329780114451,0.0,0.889866035363717,0.0,,,EXPLOIT
1934,56,,,0,0,0,0,common,0.0,0.040992706220378705,0.10602843431227457,0.06454089647412518,0.0,0.8903394853586991,0.0,,,EXPLOIT
1935,56,,,0,1,1,0,common,1.0,0.011321858047590894,0.10142327173884379,0.04857518494616489,0.0,0.8908042081153681,0.0,,,EXPLOIT
1936,56,,,0,1,1,0,common,0.0,0.9926407922690659,0.1001834862203892,0.3317948671430352,0.0,0.8912604199069081,0.0,,,EXPLOIT
1937,56,,,0,0,0,0,common,0.0,0.02664525904324616,0.2730678978011521,0.24024998471309847,0.0,0.8917083300009434,0.0,,,EXPLOIT
1938,56,,,0,1,1,0,common,1.0,0.35478348502510715,0.26650949153036757,0.27461003480670104,0.0,0.8921481409412526,0.0,,,EXPLOIT
1939,56,,,0,1,1,0,common,1.0,0.23060926526631964,0.18974472738686446,0.2614098039445866,0.0,0.8925800488159881,0.0,,,EXPLOIT
1940,56,,,0,1,1,0,common,1.0,0.14989602242310773,0.15011325707957746,0.22795566948814294,0.0,0.8930042435131522,0.0,,,EXPLOIT
1941,56,,,0,1,1,0,common,1.0,0.09743241457502005,0.12831547311578095,0.18879869301420607,0.0,0.8934209089640321,0.0,,,EXPLOIT
1942,56,,,0,1,1,0,common,1.0,0.06333106947376299,0.11567704180927901,0.15115840595207314,0.0,0.8938302233752452,0.0,,,EXPLOIT
1943,56,,,0,1,1,0,common,1.0,0.04116519515794592,0.10806589882398641,0.11816044271383497,0.0,0.8942323594500167,0.0,,,EXPLOIT
1944,56,,,0,1,1,0,common,1.0,0.026757376852664883,0.10336187704245475,0.09073952295548394,0.0,0.8946274845992673,0.0,,,EXPLOIT
1945,56,,,0,1,1,0,common,1.0,0.017392294954232224,0.10040375442053989,0.06873535455510842,0.0,0.8950157611430501,0.0,,,EXPLOIT
1946,56,,,0,0,0,0,common,0.0,0.017319418378110005,0.09852211496782354,0.05331057370200889,0.0,0.8953973465028546,0.0,,,EXPLOIT
1947,56,,,0,1,1,0,common,1.0,0.011304991720250901,0.09668006703927096,0.040708899107481496,0.0,0.8957723933852498,0.0,,,EXPLOIT
1948,56,,,0,1,1,0,common,1.0,0.00734824461816308,0.09549456266624869,0.03070070276068597,0.0,0.8961410499573241,0.0,,,EXPLOIT
1949,56,,,0,1,1,0,common,1.0,0.004776359001805952,0.09473106168785089,0.022923399633021962,0.0,0.8965034600143423,0.0,,,EXPLOIT
1950,56,,,0,1,1,0,common,1.0,0.0031046333511738355,0.09423775771437956,0.01697776974846752,0.0,0.8968597631400228,0.0,,,EXPLOIT
1951,56,,,0,1,1,0,common,1.0,0.0020180116782629876,0.09391836063783358,0.01248984232740616,0.0,0.8972100948598075,0.0,,,EXPLOIT
1952,56,,,0,1,1,0,common,0.0,0.998688292409129,0.09371127949946499,0.30834937735192297,0.0,0.8975545867874833,0.0,,,EXPLOIT
1953,56,,,0,1,1,0,common,1.0,0.3508526099340661,0.25960377376767874,0.3211003471265659,0.0,0.8978933667654867,0.0,,,EXPLOIT
1954,56,,,0,1,1,0,common,1.0,0.22805419645714298,0.18514129273538504,0.293186501925739,0.0,0.8982265589992054,0.0,,,EXPLOIT
1955,56,,,0,1,1,0,common,1.0,0.14823522769714292,0.14671720781162367,0.24970111965716013,0.0,0.89855428418558,0.0,,,EXPLOIT
1956,56,,,0,0,0,0,common,0.0,0.011257621945771503,0.12557258108725347,0.17816807034374355,0.0,0.8988766596362794,0.0,,,EXPLOIT
1957,56,,,0,1,1,0,common,1.0,0.09635289800314295,0.12408135003623649,0.15362351864156334,0.0,0.899193799395719,0.0,,,EXPLOIT
1958,56,,,0,1,1,0,common,1.0,0.06262938370204296,0.11194406273330842,0.12632527815970723,0.0,0.8995058143541719,0.0,,,EXPLOIT
1959,56,,,0,1,1,0,common,1.0,0.04070909940632794,0.10463280250616731,0.10064042453369344,0.0,0.899812812356207,0.0,,,EXPLOIT
1960,56,,,0,1,1,0,common,0.0,0.9735390853858868,0.10011316119276839,0.36251002278935146,0.0,0.9001148983046817,0.0,,,EXPLOIT
1961,56,,,0,1,1,0,common,1.0,0.3671995944991735,0.2681967639997382,0.36391689430229807,0.0,0.9004121742604954,0.0,,,EXPLOIT
1962,56,,,0,1,1,0,common,1.0,0.23867973642446283,0.18870489019435138,0.32634574693894747,0.0,0.9007047395383088,0.0,,,EXPLOIT
1963,56,,,0,0,0,0,common,0.0,0.007317454264751478,0.14801385894528235,0.23063725913668864,0.0,0.9009926907984147,0.0,,,EXPLOIT
1964,56,,,0,1,1,0,common,1.0,0.15514182867590087,0.1468938026115427,0.2079886299984523,0.0,0.9012761221349416,0.0,,,EXPLOIT
1965,56,,,0,1,1,0,common,1.0,0.10084218863933558,0.12480915093677292,0.17584469759071727,0.0,0.9015551251605588,0.0,,,EXPLOIT
1966,56,,,0,1,1,0,common,1.0,0.06554742261556812,0.11206679561454438,0.14275551509817253,0.0,0.9018297890878443,0.0,,,EXPLOIT
1967,56,,,0,1,1,0,common,0.0,0.9573941752998807,0.10441804484650583,0.38714711315868494,0.0,0.9021002008074676,0.0,,,EXPLOIT
1968,56,,,0,1,1,0,common,1.0,0.37769378605507753,0.2737928091652238,0.38431111502760273,0.0,0.9023664449633314,0.0,,,EXPLOIT
1969,56,,,0,1,1,0,common,0.0,0.7544990390641996,0.1910045027765318,0.4953674922385818,0.0,0.9026286040248118,0.0,,,EXPLOIT
1970,56,,,0,1,1,0,common,1.0,0.5095756246082703,0.37745958629831616,0.49962993194948835,0.0,0.902886758356223,0.0,,,EXPLOIT
1971,56,,,0,1,1,0,common,1.0,0.3312241559953757,0.2421467021313557,0.4491081991632545,0.0,0.9031409862836333,0.0,,,EXPLOIT
1972,56,,,0,1,1,0,common,1.0,0.21529570139699417,0.17518041951273855,0.3789644498333764,0.0,0.9033913641591484,0.0,,,EXPLOIT
1973,56,,,0,1,1,0,common,1.0,0.13994220590804618,0.1403950335064985,0.3072577766557773,0.0,0.9036379664227733,0.0,,,EXPLOIT
1974,56,,,0,1,1,0,common,0.0,0.9090375661597699,0.12111930540621463,0.4877917135069751,0.0,0.9038808656619575,0.0,,,EXPLOIT
1975,56,,,0,1,1,0,common,1.0,0.40912558199614946,0.2967296710388321,0.46419187405372736,0.0,0.9041201326689269,0.0,,,EXPLOIT
1976,56,,,0,1,1,0,common,1.0,0.26593162829749717,0.2023472022853374,0.4047138003268583,0.0,0.9043558364958953,0.0,,,EXPLOIT
1977,56,,,0,1,1,0,common,1.0,0.1728555583933732,0.15479082316409823,0.3351563277468127,0.0,0.9045880445082466,0.0,,,EXPLOIT
1978,56,,,0,1,1,0,common,1.0,0.11235611295569259,0.12923362912295863,0.26831626330947667,0.0,0.9048168224357762,0.0,,,EXPLOIT
1979,56,,,0,1,1,0,common,1.0,0.0730314734212002,0.11466797935792833,0.2097308263429937,0.0,0.9050422344220707,0.0,,,EXPLOIT
1980,56,,,0,1,1,0,common,0.0,0.9525295422762199,0.10599970385659051,0.4325704411229615,0.0,0.9052643430721077,0.0,,,EXPLOIT
1981,56,,,0,1,1,0,common,1.0,0.38085579752045706,0.27604523865374675,0.41705604804221014,0.0,0.9054832094981473,0.0,,,EXPLOIT
1982,56,,,0,1,1,0,common,0.0,0.7524437316117029,0.19212200285257214,0.5176723531130579,0.0,0.9027646860983811,0.0,,,EXPLOIT
1983,56,,,0,1,1,0,common,1.0,0.5109115744523931,0.3785985059667436,0.5156441195148584,0.0,0.8999147887691948,0.0,,,EXPLOIT
1984,56,,,0,1,1,0,common,1.0,0.3320925233940555,0.24271281990621368,0.46057864067861753,0.0,0.9002152483856332,0.0,,,EXPLOIT
1985,56,,,0,1,1,0,common,1.0,0.2158601402061361,0.17546594594257026,0.3871630905368731,0.0,0.9005109316586817,0.0,,,EXPLOIT
1986,56,,,0,0,0,0,common,0.0,0.004756345272088461,0.14054893339796765,0.2724410669574377,0.0,0.9008019370016642,0.0,,,EXPLOIT
1987,56,,,0,1,1,0,common,1.0,0.14030909113398848,0.1398517883179366,0.2328014742104029,0.0,0.9010883602035533,0.0,,,EXPLOIT
1988,56,,,0,1,1,0,common,1.0,0.09120090923709256,0.1205946592044293,0.19032130471840977,0.0,0.9013702945159815,0.0,,,EXPLOIT
1989,56,,,0,0,0,0,common,1.0,0.9969083755731425,0.1093675785701481,0.43229742597482956,0.0,0.9016478307368082,0.0,,,EXPLOIT
1990,56,,,0,0,0,0,common,0.0,0.35200955587745736,0.29479292589321204,0.4082110649456179,0.0,0.901921057290401,0.0,,,EXPLOIT
1991,56,,,0,1,1,0,common,1.0,0.059280591004110206,0.2124209419703993,0.30353192276316554,0.0,0.9021900603047823,0.0,,,EXPLOIT
1992,56,,,0,1,1,0,common,1.0,0.038532384152671684,0.20045185630499804,0.2240320611800174,0.0,0.9024549236857818,0.0,,,EXPLOIT
1993,56,,,0,0,0,0,common,1.0,0.7711937886796527,0.19296256911891993,0.38818057942990797,0.0,0.9027157291883298,0.0,,,EXPLOIT
1994,56,,,0,1,1,0,common,0.0,0.9749539503007634,0.38553548265600507,0.5642125906911646,0.0,0.8998634382154734,0.0,,,EXPLOIT
1995,56,,,0,1,1,0,common,1.0,0.36627993230450384,0.6579860251088507,0.5048327931751663,0.0,0.8968699920989385,0.0,,,EXPLOIT
1996,56,,,0,1,1,0,common,1.0,0.23808195599792747,0.5716847432888039,0.4248075420219946,0.0,0.8972201528657093,0.0,,,EXPLOIT
1997,56,,,0,0,0,0,common,0.0,0.49872403735822574,0.5004475818506577,0.4469824906228639,0.0,0.8975644775950671,0.0,,,EXPLOIT
1998,56,,,0,0,0,0,common,0.0,0.3241706242828467,0.34783409538141874,0.41013893072085866,0.0,0.897903094022258,0.0,,,EXPLOIT
1999,56,,,0,1,1,0,common,0.0,0.8452467286013472,0.2619075234148609,0.5406712700850052,0.0,0.8948106954961796,0.0,,,EXPLOIT
2000,56,,,0,1,1,0,common,1.0,0.45058962640912426,0.507374258346978,0.5136467769822408,0.0,0.8915589867588892,0.0,,,EXPLOIT
