trial,seed,config_version,git_commit,s1,a1,s2,a2,trans_type,reward,u_delta,u_s,u_v,u_c,V_G,V_p,eta_G,eta_p,mode
1,59,,,0,1,1,0,common,0.0,0.5,0.6931471803599453,0.15,0.0,0.5260663507109005,0.5433789954337899,,,EXPLOIT
2,59,,,0,0,0,0,common,0.0,0.5,0.6354546081677416,0.255,0.0,0.5493262427328857,0.5794962364913165,,,EXPLOIT
3,59,,,0,0,0,0,common,1.0,0.675,0.6931471803599453,0.381,0.0,0.570208762497792,0.6100329171214658,,,EXPLOIT
4,59,,,0,1,1,0,common,0.0,0.325,0.5928507886370986,0.36419999999999997,0.0,0.5890597666503006,0.6361884525043351,,,EXPLORE
5,59,,,0,1,1,0,common,1.0,0.78875,0.4973599657364365,0.4915649999999999,0.0,0.6061611288293314,0.65884152052499,,,EXPLOIT
6,59,,,0,1,1,0,common,1.0,0.5126875,0.6823320630543122,0.4979017499999999,0.0,0.621744881595395,0.678650554588017,,,EXPLORE
7,59,,,0,1,1,0,common,1.0,0.33324687499999994,0.6713713255070952,0.4485052874999999,0.0,0.6360037662619006,0.6961186809978029,,,EXPLOIT
8,59,,,0,1,1,0,common,0.0,0.78338953125,0.6034071021271334,0.5489705606249999,0.0,0.6047131413982115,0.6561034018727876,,,EXPLOIT
9,59,,,0,0,0,0,common,1.0,0.43875,0.6877586518036856,0.5159043924375,0.0,0.5679431585836838,0.6045511883906243,,,EXPLORE
10,59,,,0,0,0,0,common,0.0,0.7148125000000001,0.6152443703508153,0.5755768247062499,0.0,0.5241188861683267,0.5356363302125433,,,EXPLORE
11,59,,,0,0,0,0,common,1.0,0.5353718749999999,0.6891890426524501,0.5635153397943748,0.0,0.47099786058231935,0.4388169409729495,,,EXPLORE
12,59,,,0,1,1,0,common,0.0,0.5092031953125,0.6539658514703979,0.5472216964498124,0.0,0.4052745043032902,0.2928515510684621,,,EXPLORE
13,59,,,0,0,0,0,common,1.0,0.34799171875,0.522895057926744,0.48745270313986866,0.0,0.4427831730070703,0.37887771667739856,,,EXPLORE
14,59,,,0,1,1,0,common,0.0,0.33098207695312504,0.41461360253617785,0.4405115152838455,0.0,0.4755301216164473,0.4456421776919585,,,EXPLORE
15,59,,,0,1,1,0,common,0.0,0.2151383500195313,0.31772676436637187,0.37289956570455124,0.0,0.504366609628933,0.4989603803117643,,,EXPLOIT
16,59,,,0,0,0,0,common,1.0,0.2261946171875,0.2623007143892868,0.32888808114943585,0.0,0.5299524007207905,0.5425207828639214,,,EXPLOIT
17,59,,,0,0,0,0,common,1.0,0.147026501171875,0.2117018358595127,0.27432960715616755,0.0,0.552806743326762,0.5787758161015524,,,EXPLOIT
18,59,,,0,0,0,0,common,1.0,0.09556722576171872,0.18308534053107892,0.2207008927378329,0.0,0.5733438879173665,0.6094196122872442,,,EXPLOIT
19,59,,,0,0,0,0,common,1.0,0.06211869674511716,0.16622934226834746,0.17312623394001816,0.0,0.5918983496646684,0.6356600602260934,,,EXPLOIT
20,59,,,0,0,0,0,common,1.0,0.040377152884326195,0.15598214001336427,0.13330150962331055,0.0,0.608743212095939,0.6583815755794841,,,EXPLOIT
21,59,,,0,0,0,0,common,1.0,0.026245149374812038,0.14961201825040027,0.101184601548761,0.0,0.6241036100323156,0.6782465890623607,,,EXPLOIT
22,59,,,0,0,0,0,common,1.0,0.017059347093627775,0.1455915194087239,0.07594702521222102,0.0,0.6381668107875984,0.6957610809596141,,,EXPLOIT
23,59,,,0,1,1,0,common,0.0,0.13983992751269536,0.14302816540131652,0.09511489590236333,0.0,0.6510898545221072,0.7113181934557953,,,EXPLOIT
24,59,,,0,0,0,0,common,1.0,0.011088575610858076,0.12344808913107878,0.06990699981491175,0.0,0.6630054164779393,0.7252280244605548,,,EXPLOIT
25,59,,,0,0,0,0,common,1.0,0.007207574147057749,0.12200103729419452,0.05109717211455554,0.0,0.6740263558547146,0.7377384548132743,,,EXPLOIT
26,59,,,0,0,0,0,common,1.0,0.004684923195587554,0.12106848978486587,0.037173497438865145,0.0,0.684249282251021,0.7490500068070163,,,EXPLOIT
27,59,,,0,0,0,0,common,1.0,0.0030452000771319376,0.12046571177300505,0.02693500823034518,0.0,0.6937573786132198,0.7593266386557009,,,EXPLOIT
28,59,,,0,0,0,0,common,1.0,0.0019793800501357595,0.12007532842519412,0.019448319776282353,0.0,0.7026226554474791,0.7687037152161902,,,EXPLOIT
29,59,,,0,0,0,0,common,0.0,0.9987134029674117,0.11982217887973598,0.31322784473362114,0.0,0.7109077656321201,0.7772939807427869,,,EXPLOIT
30,59,,,0,0,0,0,common,0.0,0.6491637119288176,0.31803854368494233,0.41400860489218005,0.0,0.7186674766105372,0.785192094529855,,,EXPLOIT
31,59,,,0,1,1,0,common,0.0,0.09089595288325199,0.5141069147790404,0.3170748092895016,0.0,0.7259498731265102,0.7924781173047112,,,EXPLOIT
32,59,,,0,0,0,0,common,0.0,0.42195641275373147,0.4858913371823473,0.3485392903287705,0.0,0.7327973463377082,0.7992202210398694,,,EXPLOIT
33,59,,,0,1,1,0,common,1.0,0.9409176306258862,0.6084569606314137,0.5262527924179052,0.0,0.7155092702321333,0.781696348947789,,,EXPLOIT
34,59,,,0,0,0,0,common,1.0,0.7257283317100746,0.6677583508202255,0.586095454205556,0.0,0.6960396237075366,0.7610495280737767,,,EXPLOIT
35,59,,,0,0,0,0,common,0.0,0.5282765843884516,0.6554977795324475,0.5687497932604246,0.0,0.6739488526399259,0.7363646473731945,,,EXPLOIT
36,59,,,0,0,0,0,common,1.0,0.6566202201475064,0.6891092805245349,0.5951109213265492,0.0,0.6486708169983434,0.706330355866429,,,EXPLOIT
37,59,,,0,0,0,0,common,1.0,0.4268031430958792,0.6292469178004393,0.5446185878573482,0.0,0.6194636865646675,0.6689985658430602,,,EXPLOIT
38,59,,,0,0,0,0,common,0.0,0.7225779569876785,0.5113664590928461,0.5980063985964472,0.0,0.5853360563241237,0.6213445927759675,,,EXPLOIT
39,59,,,0,1,1,0,common,0.0,0.3884035400931739,0.6801093475665876,0.5351255410454652,0.0,0.5449323522062265,0.5584042135968155,,,EXPLORE
40,59,,,0,0,0,0,common,1.0,0.530324327958009,0.6069969602984211,0.5336851771192282,0.0,0.4963487120087636,0.4714222363324345,,,EXPLORE
41,59,,,0,1,1,0,common,1.0,0.7475376989394369,0.45014330231226,0.5978409336652908,0.0,0.4368245944644438,0.34337985145256683,,,EXPLORE
42,59,,,0,1,1,0,common,0.0,0.514100495689366,0.6548137019397892,0.5727188022725134,0.0,0.3621998555723143,0.1362340469913053,,,EXPLORE
43,59,,,0,0,0,0,common,1.0,0.3447108131727059,0.5228098648329409,0.5043164055425711,0.0,0.26589899775057335,0.09090909090909093,,,EXPLORE
44,59,,,0,0,0,0,common,1.0,0.22406202856225887,0.41553877818489293,0.4202400924484774,0.0,0.32367920071533723,0.23017705927636645,,,EXPLORE
45,59,,,0,0,0,0,common,1.0,0.14564031856546822,0.3485577879917194,0.33786016028357463,0.0,0.3725696432001615,0.33155527035247095,,,EXPLORE
46,59,,,0,0,0,0,common,1.0,0.09466620706755435,0.3080562137897678,0.26490197431876855,0.0,0.4144734078969988,0.40865139461585376,,,EXPLOIT
47,59,,,0,0,0,0,common,1.0,0.06153303459391035,0.28331293448921213,0.20389129240131107,0.0,0.4507865535268417,0.46925370836719743,,,EXPLOIT
48,59,,,0,0,0,0,common,1.0,0.03999647248604177,0.26794801277131697,0.1547228464267303,0.0,0.4825564238415183,0.5181414926281387,,,EXPLOIT
49,59,,,0,0,0,0,common,1.0,0.025997707115927193,0.2582728334961795,0.11610530463348936,0.0,0.5105841279964537,0.5584101936095955,,,EXPLOIT
50,59,,,0,0,0,0,common,1.0,0.016898509625352665,0.25211735800453683,0.08634326613104835,0.0,0.5354928868627125,0.5921529537657815,,,EXPLOIT
51,59,,,0,1,1,0,common,0.0,0.3341653221980879,0.24817295617442015,0.1606898829511602,0.0,0.5577748118945094,0.6208359130085537,,,EXPLOIT
52,59,,,0,0,0,0,common,1.0,0.010984031256479287,0.17933503406517612,0.11577812744275592,0.0,0.5778236599738745,0.6455166258956538,,,EXPLOIT
53,59,,,0,0,0,0,common,1.0,0.007139620316711559,0.17736275504618493,0.08318657530494261,0.0,0.5959582358492588,0.6669771225069359,,,EXPLOIT
54,59,,,0,1,1,0,common,0.0,0.21720745942875716,0.1760903579658041,0.12339284054208698,0.0,0.6124394160757425,0.6858081495669813,,,EXPLOIT
55,59,,,0,0,0,0,common,1.0,0.004640753205862547,0.14086826862441662,0.08776721434121965,0.0,0.6274827345796039,0.7024642847715783,,,EXPLOIT
56,59,,,0,0,0,0,common,1.0,0.003016489583810622,0.14018669628918579,0.06234199691399693,0.0,0.6412678236325613,0.7173010333450142,,,EXPLOIT
57,59,,,0,0,0,0,common,1.0,0.0019607182294768544,0.13974520251845599,0.0442276133086409,0.0,0.6539455902371827,0.7306004237646555,,,EXPLOIT
58,59,,,0,0,0,0,common,1.0,0.0012744668491599942,0.1394588760417398,0.031341669370796625,0.0,0.6656437372983305,0.7425890580670904,,,EXPLOIT
59,59,,,0,0,0,0,common,1.0,0.0008284034519540073,0.1392730357893349,0.022187689595143837,0.0,0.6764710584918529,0.7534510902583895,,,EXPLOIT
60,59,,,0,0,0,0,common,1.0,0.000538462243770077,0.13915235443577198,0.015692921389731707,0.0,0.6865208132557953,0.763337721105509,,,EXPLOIT
61,59,,,0,0,0,0,common,1.0,0.00035000045845057226,0.13907396003823924,0.011090045110347366,0.0,0.6958734038383438,0.7723742534998811,,,EXPLOIT
62,59,,,0,0,0,0,common,1.0,0.00022750029799289972,0.13902302415669662,0.007831281666641026,0.0,0.7045985171813537,0.7806654095703525,,,EXPLOIT
63,59,,,0,0,0,0,common,1.0,0.00014787519369541258,0.1389899244832662,0.005526259724757341,0.0,0.7127568524294858,0.7882993894728533,,,EXPLOIT
64,59,,,0,0,0,0,common,0.0,0.999903881124098,0.13896841334945917,0.3038395461445595,0.0,0.7204015246704357,0.7953510060940612,,,EXPLOIT
65,59,,,0,0,0,0,common,1.0,0.35006247726933626,0.35801630208381674,0.3177064254819925,0.0,0.7275792135559149,0.8018841321522703,,,EXPLOIT
66,59,,,0,0,0,0,common,1.0,0.22754061022506855,0.26416128684924245,0.2906566809049153,0.0,0.7343311093067132,0.807953629454032,,,EXPLOIT
67,59,,,0,0,0,0,common,1.0,0.14790139664629454,0.21301127617408144,0.24783009562732905,0.0,0.7406936966091167,0.8136068837988685,,,EXPLOIT
68,59,,,0,0,0,0,common,1.0,0.0961359078200914,0.1840905898105069,0.20232183928515773,0.0,0.7466994079117797,0.8188850364764139,,,EXPLOIT
69,59,,,0,0,0,0,common,1.0,0.06248834008305937,0.16706090246938204,0.1603717895245282,0.0,0.7523771708218974,0.8238239800953084,,,EXPLOIT
70,59,,,0,0,0,0,common,1.0,0.04061742105398858,0.15671082041570006,0.12444547898336632,0.0,0.7577528691016465,0.8284551697332807,,,EXPLOIT
71,59,,,0,1,1,0,common,0.0,0.14118484862869216,0.1502779626984582,0.12946728987696407,0.0,0.7628497327670812,0.8328062881677234,,,EXPLOIT
72,59,,,0,1,1,0,common,0.0,0.0917701516086499,0.1296473932570516,0.1181581483964698,0.0,0.7676886696922862,0.8369017949200293,,,EXPLOIT
73,59,,,0,0,0,0,common,1.0,0.026401323685092626,0.1176024723162488,0.09063110098305666,0.0,0.7722885487023532,0.8407633821186997,,,EXPLOIT
74,59,,,0,1,1,0,common,0.0,0.059650598545622435,0.11432561473373978,0.08133695025182638,0.0,0.7766664422377272,0.8444103551237022,,,EXPLOIT
75,59,,,0,0,0,0,common,1.0,0.017160860395310173,0.10721934376322315,0.06208412329487152,0.0,0.7808378351692294,0.8478599520117893,,,EXPLOIT
76,59,,,0,0,0,0,common,0.0,0.9888454407430484,0.10524944583657647,0.34011251852932456,0.0,0.7848168051471899,0.8511276130814837,,,EXPLOIT
77,59,,,0,0,0,0,common,1.0,0.3572504635170186,0.2835491996158793,0.3452539020256328,0.0,0.7886161789113697,0.854227209268013,,,EXPLOIT
78,59,,,0,0,0,0,common,1.0,0.23221280128606214,0.202516357835959,0.3113415718037616,0.0,0.792247668218717,0.857171236595995,,,EXPLOIT
79,59,,,0,0,0,0,common,1.0,0.1509383208359404,0.1603895169877974,0.26322059651341523,0.0,0.7957219884237143,0.8599709824187619,,,EXPLOIT
80,59,,,0,0,0,0,common,1.0,0.09810990854336121,0.13715092131857767,0.213687390122399,0.0,0.7990489622404218,0.8626366681073248,,,EXPLOIT
81,59,,,0,0,0,0,common,1.0,0.06377144055318484,0.12365805609852352,0.16871260525163476,0.0,0.8022376108025232,0.8651775719915122,,,EXPLOIT
82,59,,,0,0,0,0,common,0.0,0.9585485636404298,0.11552632609218859,0.4056633927682733,0.0,0.8052962337991659,0.8676021356699559,,,EXPLOIT
83,59,,,0,0,0,0,common,1.0,0.3769434336337205,0.2981052966623283,0.3970474050279075,0.0,0.8082324801855933,0.8699180562558362,,,EXPLOIT
84,59,,,0,0,0,0,common,1.0,0.24501323186191837,0.2098951841528763,0.35143715307811074,0.0,0.8110534107370095,0.8721323666822852,,,EXPLOIT
85,59,,,0,0,0,0,common,1.0,0.159258600710247,0.16433771296892039,0.29378358736775156,0.0,0.8137655535227082,0.8742515058325274,,,EXPLOIT
86,59,,,0,0,0,0,common,1.0,0.1035180904616606,0.13938871825451904,0.23670393829592426,0.0,0.8163749532179742,0.8762813799678059,,,EXPLOIT
87,59,,,0,0,0,0,common,1.0,0.0672867588000794,0.12498375541717992,0.1858787844471708,0.0,0.8188872150378474,0.8782274166873704,,,EXPLOIT
88,59,,,0,0,0,0,common,0.0,0.9562636067799484,0.11633646132247169,0.41699423114700407,0.0,0.8213075439648488,0.8800946124586987,,,EXPLOIT
89,59,,,0,0,0,0,common,1.0,0.3784286555930335,0.29922200743610866,0.4054245584808129,0.0,0.8236407798484653,0.8818875745944,,,EXPLOIT
90,59,,,0,0,0,0,common,0.0,0.7540213738645282,0.21046010663815884,0.5100036030959274,0.0,0.8156186705335099,0.8754955997514556,,,EXPLOIT
91,59,,,0,0,0,0,common,1.0,0.5098861069880567,0.4071347122091997,0.5099683542635662,0.0,0.8069239839948238,0.8684474703744262,,,EXPLOIT
92,59,,,0,0,0,0,common,0.0,0.6685740304577632,0.26518391371489025,0.5575500571218253,0.0,0.7974689339791434,0.8606371017623602,,,EXPLOIT
93,59,,,0,0,0,0,common,1.0,0.5654268802024539,0.45642908187406006,0.5599131040460138,0.0,0.7871497623512345,0.8519342383608397,,,EXPLOIT
94,59,,,0,0,0,0,common,1.0,0.3675274721315951,0.2910869480179833,0.5021974144716882,0.0,0.7758429335631358,0.8421771539327123,,,EXPLOIT
95,59,,,0,0,0,0,common,0.0,0.7611071431144631,0.20634121794045718,0.5798703330645206,0.0,0.7634001866124525,0.8311625361185009,,,EXPLOIT
96,59,,,0,0,0,0,common,1.0,0.5052803569755989,0.4031077079117852,0.5574933402378441,0.0,0.7496420232340398,0.8186312013339359,,,EXPLOIT
97,59,,,0,0,0,0,common,1.0,0.3284322320341393,0.26310895775189697,0.48877500777673266,0.0,0.7551622662519848,0.8235862143163892,,,EXPLOIT
98,59,,,0,0,0,0,common,1.0,0.21348095082219054,0.1920899738521728,0.40618679069037,0.0,0.7603926328006653,0.8282320052340771,,,EXPLOIT
99,59,,,0,0,0,0,common,1.0,0.1387626180344239,0.15475600460844824,0.32595953889358614,0.0,0.765355127296422,0.8325964303864685,,,EXPLOIT
100,59,,,0,0,0,0,common,1.0,0.09019570172237557,0.13393232968185742,0.25523038774222295,0.0,0.7700695822866426,0.8367040979171454,,,EXPLOIT
101,59,,,0,0,0,0,common,1.0,0.058627206119544084,0.12174036513459219,0.1962494332554193,0.0,0.7745539199624015,0.8405768278446947,,,EXPLOIT
102,59,,,0,0,0,0,common,1.0,0.0381076839777037,0.11434981996813753,0.14880690847210462,0.0,0.7788243767734547,0.8442340360631021,,,EXPLOIT
103,59,,,0,0,0,0,common,0.0,0.9752300054144926,0.10976228703393441,0.39673383755482095,0.0,0.7828956970797146,0.8476930565787121,,,EXPLOIT
104,59,,,0,0,0,0,common,1.0,0.36610049648057985,0.2900326401113875,0.38754383523254854,0.0,0.7867813007071272,0.8509694132710264,,,EXPLOIT
105,59,,,0,0,0,0,common,0.0,0.7620346772876231,0.2058067601597495,0.4998910878490709,0.0,0.7904934284204468,0.854077050167168,,,EXPLOIT
106,59,,,0,1,1,0,common,0.0,0.038772889054654584,0.402581506577087,0.361555628210746,0.0,0.7940432686354506,0.8570285274354214,,,EXPLOIT
107,59,,,0,1,1,0,common,0.0,0.02520237788552548,0.39079897107828276,0.26064965311317984,0.0,0.7974410681338492,0.8598351889076556,,,EXPLOIT
108,59,,,0,1,1,0,common,0.0,0.016381545625591562,0.38320870171108457,0.18736922086690336,0.0,0.8006962290885876,0.8625073058417593,,,EXPLOIT
109,59,,,0,0,0,0,common,1.0,0.504677459763045,0.3783064218768236,0.2825616925357458,0.0,0.8038173943344601,0.865054200764865,,,EXPLOIT
110,59,,,0,0,0,0,common,0.0,0.6719596511540208,0.24391523532876414,0.3993810801212283,0.0,0.8068125225125923,0.8674843545446099,,,EXPLOIT
111,59,,,0,0,0,0,common,0.0,0.4367737732501135,0.42937739676710734,0.41059888805989386,0.0,0.8096889544644869,0.8698054992799185,,,EXPLOIT
112,59,,,0,0,0,0,common,1.0,0.7160970473874262,0.5634858140377837,0.5022483358581535,0.0,0.8004792567958567,0.8621451718133895,,,EXPLOIT
113,59,,,0,0,0,0,common,1.0,0.46546308080182697,0.3455305922033969,0.4912127593412555,0.0,0.8036092726270286,0.8647088729093366,,,EXPLOIT
114,59,,,0,0,0,0,common,1.0,0.3025510025211875,0.2276404404708364,0.4346142322952351,0.0,0.8066127305786382,0.8671547057797218,,,EXPLOIT
115,59,,,0,0,0,0,common,1.0,0.19665815163877187,0.1688343486262656,0.3632274080982961,0.0,0.8094970115519923,0.8694905010749515,,,EXPLOIT
116,59,,,0,0,0,0,common,1.0,0.12782779856520177,0.13780682091652338,0.2926075252383678,0.0,0.8122689336794049,0.871723410989517,,,EXPLOIT
117,59,,,0,0,0,0,common,1.0,0.0830880690673812,0.12039050938729472,0.22975168838707183,0.0,0.8149348049614634,0.873859981185139,,,EXPLOIT
118,59,,,0,0,0,0,common,1.0,0.05400724489379782,0.1101385161547899,0.17702835533908962,0.0,0.8175004701047959,0.8759062137543673,,,EXPLOIT
119,59,,,0,0,0,0,common,1.0,0.03510470918096864,0.10389943867381944,0.13445126149165332,0.0,0.8199713522923799,0.8778676225002656,,,EXPLOIT
120,59,,,0,0,0,0,common,0.0,0.9771819390323704,0.10001609623741475,0.3872704647538684,0.0,0.8223524905146916,0.879749281604388,,,EXPLOIT
121,59,,,0,0,0,0,common,1.0,0.3648317396289592,0.2688716473575944,0.38053884721639564,0.0,0.8246485730025205,0.881555868587602,,,EXPLOIT
122,59,,,0,0,0,0,common,1.0,0.23714063075882352,0.18966917595594474,0.337519382279124,0.0,0.82686396722826,0.883291702329598,,,EXPLOIT
123,59,,,0,0,0,0,common,1.0,0.15414140999323533,0.14903923864583546,0.28250599059335735,0.0,0.8290027468796721,0.884960776797681,,,EXPLOIT
124,59,,,0,0,0,0,common,0.0,0.899808083504397,0.12680652080218788,0.4676966184666692,0.0,0.8310687161566679,0.8865667910393521,,,EXPLOIT
125,59,,,0,0,0,0,common,1.0,0.41512474572214186,0.3057174124671274,0.451925056643311,0.0,0.8330654316960132,0.8881131759127721,,,EXPLOIT
126,59,,,0,0,0,0,common,0.0,0.7301689152806078,0.20796896676422671,0.5353982142345001,0.0,0.825798154358618,0.8823283940573893,,,EXPLOIT
127,59,,,0,0,0,0,common,1.0,0.5253902050676049,0.39613090207235346,0.5323958114844315,0.0,0.8179521941845401,0.8759804454590895,,,EXPLOIT
128,59,,,0,0,0,0,common,1.0,0.3415036332939432,0.2528476884679364,0.4751281580272849,0.0,0.8204065567487826,0.8779388082139569,,,EXPLOIT
129,59,,,0,0,0,0,common,1.0,0.22197736164106308,0.18163200365751334,0.39918291911141834,0.0,0.8227720444345763,0.8798176016530141,,,EXPLOIT
130,59,,,0,0,0,0,common,1.0,0.14428528506669103,0.1447431667706184,0.32271362889800015,0.0,0.8250532855989697,0.8816214893443589,,,EXPLOIT
131,59,,,0,0,0,0,common,1.0,0.09378543529334915,0.12436893358306639,0.2540351708166048,0.0,0.8272545929098459,0.8833547775388572,,,EXPLOIT
132,59,,,0,0,0,0,common,0.0,0.9390394670593231,0.11251647053791199,0.45953645968942025,0.0,0.8293799898132452,0.8850214487509942,,,EXPLOIT
133,59,,,0,0,0,0,common,1.0,0.38962434641143995,0.28665004287022594,0.43856282570602617,0.0,0.831433234381764,0.8866251916224493,,,EXPLOIT
134,59,,,0,0,0,0,common,1.0,0.25325582516743594,0.19852283749064192,0.38297072554444905,0.0,0.8334178408414561,0.8881694275397674,,,EXPLOIT
135,59,,,0,0,0,0,common,1.0,0.1646162863588334,0.1537239037786462,0.31746439378876434,0.0,0.8353370990366743,0.8896573344104026,,,EXPLOIT
136,59,,,0,0,0,0,common,1.0,0.1070005861332417,0.129442954725015,0.25432525149210755,0.0,0.837194092059676,0.8910918679448742,,,EXPLOIT
137,59,,,0,0,0,0,common,0.0,0.9304496190133928,0.11551715791709351,0.4571625617484931,0.0,0.838991712243743,0.8924757807449717,,,EXPLOIT
138,59,,,0,0,0,0,common,1.0,0.3952077476412946,0.290758188467681,0.4385761175163336,0.0,0.8407326756943431,0.8938116394574214,,,EXPLOIT
139,59,,,0,0,0,0,common,1.0,0.25688503596684154,0.20056150300593906,0.38406879305148595,0.0,0.8424195355119042,0.8951018402179507,,,EXPLOIT
140,59,,,0,0,0,0,common,0.0,0.833024726621553,0.15479600772255028,0.5187555731225061,0.0,0.8358638920476029,0.8899614607291251,,,EXPLOIT
141,59,,,0,0,0,0,common,1.0,0.45853392769599055,0.3398898012941851,0.5006890794945514,0.0,0.8288134256761526,0.884350920407991,,,EXPLOIT
142,59,,,0,0,0,0,common,1.0,0.29804705300239387,0.22485138255964704,0.43989647154690414,0.0,0.8308857942207503,0.8859798472813435,,,EXPLOIT
143,59,,,0,0,0,0,common,1.0,0.193730584451556,0.16740402630396167,0.36604670541829964,0.0,0.8328885987550662,0.8875479053855088,,,EXPLOIT
144,59,,,0,0,0,0,common,0.0,0.8740751201064886,0.13702363334084827,0.5184552298247562,0.0,0.8256075088673847,0.8817092846835718,,,EXPLOIT
145,59,,,0,0,0,0,common,1.0,0.4318511719307825,0.31863791849285683,0.4924740124565641,0.0,0.8277895910657336,0.8834391698175802,,,EXPLOIT
146,59,,,0,0,0,0,common,1.0,0.2807032617550086,0.21435384896860996,0.4289427872460974,0.0,0.8298967204632767,0.8851026280408691,,,EXPLOIT
147,59,,,0,0,0,0,common,1.0,0.18245712014075555,0.16199029131984866,0.35499708711449485,0.0,0.8319325926226588,0.8867033341061472,,,EXPLOIT
148,59,,,0,0,0,0,common,1.0,0.11859712809149114,0.1340436788791078,0.28407709940759374,0.0,0.8339006642792702,0.8882446967569297,,,EXPLOIT
149,59,,,0,0,0,0,common,1.0,0.07708813325946928,0.11820861891002298,0.22198040956315637,0.0,0.8358041723301024,0.8897298823718269,,,EXPLOIT
150,59,,,0,0,0,0,common,1.0,0.050107286618655045,0.10882449358778234,0.17041847267980598,0.0,0.8376461510392108,0.8911618361309145,,,EXPLOIT
151,59,,,0,0,0,0,common,1.0,0.032569736302125785,0.103087300101428,0.12906385176650192,0.0,0.8394294476521783,0.8925433010019539,,,EXPLOIT
152,59,,,0,0,0,0,common,1.0,0.021170328596381793,0.0995053791452339,0.09669579481546588,0.0,0.8411567365886151,0.8938768348040228,,,EXPLOIT
153,59,,,0,1,1,0,common,1.0,0.9893519953433655,0.09723773269761053,0.36449265497383576,0.0,0.8428305323615126,0.8951648255719198,,,EXPLOIT
154,59,,,0,0,0,0,common,0.0,0.9862392864123518,0.26551978120094977,0.5510166444053906,0.0,0.8363053017489227,0.8900300756584375,,,EXPLOIT
155,59,,,0,0,0,0,common,0.0,0.6410555361680287,0.5544641332625603,0.578028311934182,0.0,0.8292887283116953,0.8844259508632755,,,EXPLOIT
156,59,,,0,1,1,0,common,0.0,0.3569212030268124,0.6860542050421359,0.5116961792619711,0.0,0.8217235415497065,0.8782853343445268,,,EXPLOIT
157,59,,,0,0,0,0,common,0.0,0.41668609850921867,0.6293154575200597,0.48319315503614535,0.0,0.8240419541339149,0.8801502066909488,,,EXPLOIT
158,59,,,0,0,0,0,common,1.0,0.7291540359690079,0.69013805844845,0.5569814193160041,0.0,0.8160527519757625,0.8735831779739766,,,EXPLOIT
159,59,,,0,0,0,0,common,1.0,0.4739501233798551,0.5461140881264034,0.5320720305351594,0.0,0.8073951692389656,0.8663322523443169,,,EXPLOIT
160,59,,,0,0,0,0,common,1.0,0.30806758019690583,0.3996321696253412,0.4648706954336833,0.0,0.8102487674378076,0.8687047866544937,,,EXPLOIT
161,59,,,0,0,0,0,common,1.0,0.20024392712798877,0.3106772343271729,0.3854826649419749,0.0,0.8129917410409991,0.8709720648601558,,,EXPLOIT
162,59,,,0,0,0,0,common,1.0,0.13015855263319276,0.2596360287816913,0.30888543124934026,0.0,0.8156302698309833,0.8731408322411586,,,EXPLOIT
163,59,,,0,0,0,0,common,1.0,0.0846030592115753,0.22976489231173022,0.24160071963801077,0.0,0.8181700819313233,0.8752172699307902,,,EXPLOIT
164,59,,,0,0,0,0,common,0.0,0.945008011512476,0.21177501765681134,0.4526229072003503,0.0,0.8206164943326378,0.877207052689403,,,EXPLOIT
165,59,,,0,0,0,0,common,1.0,0.38574479251689053,0.46855564410535633,0.43255947279531237,0.0,0.8229744491319205,0.8791153997206896,,,EXPLOIT
166,59,,,0,0,0,0,common,1.0,0.2507341151359789,0.35096576465646684,0.3780118654975123,0.0,0.8252485460050699,0.8809471194888433,,,EXPLOIT
167,59,,,0,0,0,0,common,0.0,0.8370228251616137,0.28278822964746697,0.5157151533967428,0.0,0.8173579002333714,0.8744606906572958,,,EXPLOIT
168,59,,,0,1,1,0,common,1.0,0.7680012180325719,0.5306797648228019,0.5914009727874915,0.0,0.8088113870572715,0.8673031894709778,,,EXPLOIT
169,59,,,0,1,1,0,common,0.0,0.5007992082788282,0.6894173209749551,0.5642204434348925,0.0,0.7995241768605043,0.8593652160856278,,,EXPLOIT
170,59,,,0,1,1,0,common,1.0,0.6744805146187617,0.6060313725119287,0.5972984647900532,0.0,0.7893961522327075,0.850512225008918,,,EXPLOIT
171,59,,,0,1,1,0,common,0.0,0.5615876654978049,0.6925334581895475,0.5865852250023786,0.0,0.7783083015531543,0.8405768599367331,,,EXPLOIT
172,59,,,0,1,1,0,common,0.0,0.3650319825735732,0.6329291142100408,0.520119252273737,0.0,0.7661180411108425,0.8293483026566376,,,EXPLOIT
173,59,,,0,1,1,0,common,0.0,0.2372707886728226,0.5352286641362243,0.43526471319346266,0.0,0.7707948921811827,0.8336463578280557,,,EXPLOIT
174,59,,,0,1,1,0,common,1.0,0.8457739873626653,0.4617658956517423,0.5584174954442234,0.0,0.7578267647546323,0.8214661013387324,,,EXPLOIT
175,59,,,0,1,1,0,common,0.0,0.45024690821426755,0.6758486825710506,0.5259663192752366,0.0,0.7434570461654804,0.8075133474297626,,,EXPLOIT
176,59,,,0,0,0,0,common,1.0,0.4559351636449511,0.5810970018221979,0.5049569725861509,0.0,0.727446385229596,0.791371707961283,,,EXPLOIT
177,59,,,0,0,0,0,common,1.0,0.2963578563692182,0.442858872419183,0.44237723772107107,0.0,0.7342060489964761,0.798195122634496,,,EXPLOIT
178,59,,,0,0,0,0,common,0.0,0.8073673933600082,0.3530785727803919,0.5518742844127522,0.0,0.7170897374426349,0.7804961527179738,,,EXPLOIT
179,59,,,0,0,0,0,common,0.0,0.5247888056840053,0.595974806832616,0.5437486407941281,0.0,0.6978252027358733,0.7596252953067324,,,EXPLOIT
180,59,,,0,0,0,0,common,1.0,0.6588872763053966,0.6884738961429182,0.5782902314475087,0.0,0.6759821166416771,0.7346473456920567,,,EXPLOIT
181,59,,,0,0,0,0,common,1.0,0.4282767295985078,0.5586887737976765,0.5332861808928084,0.0,0.651006991103293,0.7042193789729537,,,EXPLOIT
182,59,,,0,0,0,0,common,1.0,0.2783798742390301,0.42686330318085697,0.4568142888966749,0.0,0.6629288899218925,0.7188701598978104,,,EXPLOIT
183,59,,,0,0,0,0,common,1.0,0.18094691825536957,0.34348685609989343,0.3740540777042833,0.0,0.6739554695530667,0.7320115794730564,,,EXPLOIT
184,59,,,0,0,0,0,common,1.0,0.11761549686599027,0.2940372708935517,0.29712250345279534,0.0,0.6841834380769788,0.7438648895439446,,,EXPLOIT
185,59,,,0,0,0,0,common,0.0,0.9235499270371064,0.2644283075359579,0.4850507305280886,0.0,0.6936960601138975,0.7546101134736293,,,EXPLOIT
186,59,,,0,0,0,0,common,1.0,0.3996925474258808,0.5344944252263574,0.45944327559742626,0.0,0.7025654143645517,0.7643952219411563,,,EXPLOIT
187,59,,,0,0,0,0,common,0.0,0.7401998441731774,0.4104678511919154,0.5436702461701516,0.0,0.6813726928917089,0.740391374256016,,,EXPLOIT
188,59,,,0,0,0,0,common,1.0,0.5188701012874346,0.6268520979860207,0.5362302027053365,0.0,0.6571912412930527,0.711269104449186,,,EXPLOIT
189,59,,,0,0,0,0,common,1.0,0.33726556583683254,0.47945820489413754,0.4765408116447853,0.0,0.6686445870771621,0.7251839972449398,,,EXPLOIT
190,59,,,0,0,0,0,common,0.0,0.7807773822060589,0.3753756046112194,0.5678117828131674,0.0,0.642567171306914,0.6925357176483853,,,EXPLOIT
191,59,,,0,0,0,0,common,1.0,0.4924947015660617,0.6087045639787527,0.5452166584390357,0.0,0.6123657170058603,0.6515541279296038,,,EXPLOIT
192,59,,,0,0,0,0,common,1.0,0.3201215560179401,0.4641127464567641,0.47768812771270697,0.0,0.6274153272982963,0.6722587344054063,,,EXPLOIT
193,59,,,0,0,0,0,common,1.0,0.20807901141166107,0.36595523837357324,0.39680539282239313,0.0,0.6412059385188402,0.6904672070309632,,,EXPLOIT
194,59,,,0,1,1,0,common,1.0,0.7073395096607261,0.3073518658125524,0.489965627873893,0.0,0.6538885782566092,0.7066045123492368,,,EXPLOIT
195,59,,,0,1,1,0,common,0.0,0.540229318720528,0.5198435599881845,0.5050447351278835,0.0,0.6255173332281013,0.669343334981753,,,EXPLOIT
196,59,,,0,0,0,0,common,1.0,0.13525135741757977,0.3539943255943714,0.39410672181479234,0.0,0.6394638613486614,0.6878942454991576,,,EXPLOIT
197,59,,,0,0,0,0,common,1.0,0.08791338232142687,0.31595719115915283,0.3022487199667827,0.0,0.6522840436573748,0.7043171253562878,,,EXPLOIT
198,59,,,0,0,0,0,common,1.0,0.05714369850892742,0.2925631282076252,0.22871721352942612,0.0,0.6641084585558189,0.7189575815124106,,,EXPLOIT
199,59,,,0,0,0,0,common,0.0,0.9628565959691971,0.2779642786648618,0.44895902826135736,0.0,0.6750482517434472,0.732090226042811,,,EXPLOIT
200,59,,,0,0,0,0,common,1.0,0.3741432126200218,0.5622901063998964,0.4265142835689567,0.0,0.6851986215359183,0.7439360154819025,,,EXPLOIT
201,59,,,0,1,1,0,common,0.0,0.3511490571683432,0.44761296243852244,0.40390471564877267,0.0,0.6946415800352383,0.7546747450139191,,,EXPLOIT
202,59,,,0,0,0,0,common,1.0,0.24319308820301422,0.3417226734757948,0.3556912274150451,0.0,0.7034481598098896,0.7644542067570183,,,EXPLOIT
203,59,,,0,0,0,0,common,1.0,0.1580755073319593,0.2765528917836426,0.29640651139011936,0.0,0.7116801917872982,0.7733970069921845,,,EXPLOIT
204,59,,,0,0,0,0,common,1.0,0.10274907976577352,0.23891583104523834,0.23830928190281558,0.0,0.7193917485150835,0.7816057119698077,,,EXPLOIT
205,59,,,0,0,0,0,common,1.0,0.06678690184775282,0.21655059421720718,0.18685256788629676,0.0,0.7266303240369808,0.7891667816165852,,,EXPLOIT
206,59,,,0,0,0,0,common,1.0,0.043411486201039295,0.20289897161059478,0.1438202433807195,0.0,0.7334378048052038,0.7961536116563184,,,EXPLOIT
207,59,,,0,0,0,0,common,1.0,0.028217466030675542,0.19439538155753527,0.1091394101757063,0.0,0.7398512735682085,0.8026289113234883,,,EXPLOIT
208,59,,,0,0,0,0,common,1.0,0.018341352919939102,0.189022597320682,0.08189999299897614,0.0,0.7459036788213537,0.8086465800167114,,,EXPLOIT
209,59,,,0,0,0,0,common,1.0,0.011921879397960411,0.18559501032168513,0.06090655891867142,0.0,0.7516243953386856,0.8142532018998654,,,EXPLOIT
210,59,,,0,0,0,0,common,0.0,0.9922507783913257,0.18339425171646542,0.3403098247604677,0.0,0.7570396959145018,0.8194892462150374,,,EXPLOIT
211,59,,,0,0,0,0,common,0.0,0.6449630059543617,0.4377457753547884,0.4317057791186359,0.0,0.762173150301436,0.8243900387624412,,,EXPLOIT
212,59,,,0,0,0,0,common,1.0,0.5807740461296649,0.6251974324549758,0.4764262592219446,0.0,0.7670459641246662,0.8289865538766213,,,EXPLOIT
213,59,,,0,0,0,0,common,1.0,0.37750312998428215,0.4578166511512628,0.44674932045064586,0.0,0.7716772680508279,0.833306064438341,,,EXPLOIT
214,59,,,0,0,0,0,common,1.0,0.24537703448978343,0.3435003150614111,0.3863376346623871,0.0,0.7760843655266753,0.8373726787497401,,,EXPLOIT
215,59,,,0,0,0,0,common,1.0,0.15949507241835925,0.2775694056343011,0.3182848659891787,0.0,0.7802829458511522,0.8412077865989013,,,EXPLOIT
216,59,,,0,0,0,0,common,1.0,0.10367179707193352,0.2395115124538344,0.25390094531400514,0.0,0.7842872681113523,0.8448304319428306,,,EXPLOIT
217,59,,,0,0,0,0,common,1.0,0.06738666809675675,0.21691001295410559,0.1979466621488306,0.0,0.7881103205269797,0.8482576259169127,,,EXPLOIT
218,59,,,0,0,0,0,common,0.0,0.9561986657371081,0.2031209734798734,0.42542226322531385,0.0,0.79176395895545,0.8515046110284141,,,EXPLOIT
219,59,,,0,0,0,0,common,1.0,0.37847086727087964,0.45868294141847876,0.41133684443898355,0.0,0.7952590276694489,0.8545850851910578,,,EXPLOIT
220,59,,,0,0,0,0,common,1.0,0.2460060637260718,0.3440132088556206,0.36173761022511,0.0,0.7986054649988035,0.8575113925464832,,,EXPLOIT
221,59,,,0,0,0,0,common,1.0,0.15990394142194664,0.27786265013379285,0.30118750958416096,0.0,0.8018123960043093,0.8602946866785649,,,EXPLOIT
222,59,,,0,0,0,0,common,1.0,0.10393756192426529,0.23968328576412667,0.24201252528619227,0.0,0.8048882140034801,0.8629450707706209,,,EXPLOIT
223,59,,,0,0,0,0,common,1.0,0.06755941525077247,0.21701361941106534,0.18967659227556632,0.0,0.807840652482021,0.8654717184182266,,,EXPLOIT
224,59,,,0,0,0,0,common,1.0,0.04391361991300213,0.20318495092707153,0.14594770056679704,0.0,0.8106768486882977,0.8678829781424723,,,EXPLOIT
225,59,,,0,0,0,0,common,1.0,0.02854385294345141,0.1945750122655378,0.11072654627979335,0.0,0.8134034000118114,0.8701864641128244,,,EXPLOIT
226,59,,,0,0,0,0,common,1.0,0.018553504413243438,0.18913674054924945,0.08307463371982837,0.0,0.8160264140832056,0.8723891351568046,,,EXPLOIT
227,59,,,0,0,0,0,common,0.0,0.9879402221313918,0.18566810595995897,0.3545343102432974,0.0,0.8185515533966565,0.8744973637836517,,,EXPLOIT
228,59,,,0,0,0,0,common,0.0,0.6421611443854047,0.4402429342246251,0.4408223604859296,0.0,0.8209840751408491,0.8765169966640725,,,EXPLOIT
229,59,,,0,0,0,0,common,0.0,0.41740474385051307,0.6263997721806149,0.43379707549530466,0.0,0.8233288668282172,0.8784534077749926,,,EXPLOIT
230,59,,,0,0,0,0,common,1.0,0.7286869164971665,0.6894515002066655,0.5222640277958632,0.0,0.8152811243883191,0.8717130433666644,,,EXPLOIT
231,59,,,0,0,0,0,common,1.0,0.4736464957231582,0.5426676451164889,0.5076787681740517,0.0,0.8065575293015725,0.8642609082048103,,,EXPLOIT
232,59,,,0,0,0,0,common,1.0,0.3078702222200529,0.39619937986850545,0.447736204387852,0.0,0.8094439806428191,0.8667271501816398,,,EXPLOIT
233,59,,,0,0,0,0,common,1.0,0.20011564444303442,0.30769690445015074,0.3734500364044067,0.0,0.8122179501349408,0.869082011121621,,,EXPLOIT
234,59,,,0,0,0,0,common,1.0,0.13007516888797244,0.2570189338155924,0.3004375761494764,0.0,0.814885754896524,0.8713327585686784,,,EXPLOIT
235,59,,,0,0,0,0,common,0.0,0.9154511402228179,0.22738966231931815,0.4849416453714789,0.0,0.8174532479226462,0.8734860414141182,,,EXPLOIT
236,59,,,0,0,0,0,common,0.0,0.5950432411448316,0.48238805044620586,0.5179721241034847,0.0,0.8089148201220685,0.8662247353663972,,,EXPLOIT
237,59,,,0,0,0,0,common,1.0,0.6132218932558594,0.645301130985709,0.5465470548491971,0.0,0.7996367631754078,0.8581655091672039,,,EXPLOIT
238,59,,,0,0,0,0,common,1.0,0.3985942306163086,0.4766989383200484,0.5021612075793305,0.0,0.7895191563452557,0.8491696761646862,,,EXPLOIT
239,59,,,0,1,1,0,common,1.0,0.7717531128405769,0.35476658905613856,0.5830387791577043,0.0,0.7784432321373719,0.8390644332178336,,,EXPLOIT
240,59,,,0,1,1,0,common,0.0,0.498360476653625,0.5880116976792834,0.5576352884064805,0.0,0.766266712853933,0.8276316825402504,,,EXPLOIT
241,59,,,0,1,1,0,common,0.0,0.32393430982485627,0.4375112055557289,0.4875249948319932,0.0,0.7709362523294031,0.83203199850432,,,EXPLOIT
242,59,,,0,0,0,0,common,1.0,0.2590862499006006,0.3402640788432094,0.4189933713525754,0.0,0.775378873480264,0.8361724578990072,,,EXPLOIT
243,59,,,0,0,0,0,common,1.0,0.16840606243539036,0.2713235107346259,0.3438171786774199,0.0,0.7796105160807082,0.840075227478477,,,EXPLOIT
244,59,,,0,0,0,0,common,1.0,0.1094639405830038,0.23191465679809592,0.27351120724909506,0.0,0.7836456614277977,0.8437600226994683,,,EXPLOIT
245,59,,,0,0,0,0,common,1.0,0.07115156137895251,0.20868364151383004,0.2128033134880523,0.0,0.7874974954288714,0.8472444374551721,,,EXPLOIT
246,59,,,0,0,0,0,common,1.0,0.04624851489631909,0.19458331282028113,0.16283687391053234,0.0,0.791178050283844,0.8505442219788713,,,EXPLOIT
247,59,,,0,0,0,0,common,1.0,0.030061534682607416,0.1858336643370657,0.12300427214215486,0.0,0.794698327969874,0.8536735181796345,,,EXPLOIT
248,59,,,0,0,0,0,common,1.0,0.019539997543694843,0.1803194075589325,0.09196498976261686,0.0,0.7980684081980977,0.8566450598277762,,,EXPLOIT
249,59,,,0,0,0,0,common,0.0,0.9872990015965983,0.17680743303302482,0.3605651933128113,0.0,0.8012975430737046,0.8594703435664365,,,EXPLOIT
250,59,,,0,0,0,0,common,1.0,0.35825564896221107,0.4248894670422543,0.3598723300076312,0.0,0.8043942403315768,0.8621597755919025,,,EXPLOIT
251,59,,,0,0,0,0,common,1.0,0.23286617182543723,0.3193611474976769,0.321770482552973,0.0,0.8073663367243767,0.8647227979478953,,,EXPLOIT
252,59,,,0,0,0,0,common,1.0,0.1513630116865342,0.2594737496858991,0.2706482412930414,0.0,0.8102210628960329,0.8671679976645144,,,EXPLOIT
253,59,,,0,0,0,0,common,1.0,0.09838595759624724,0.22500440334581343,0.21896955618400313,0.0,0.8129651008712852,0.8695032014003539,,,EXPLOIT
254,59,,,0,0,0,0,common,1.0,0.0639508724375607,0.20452623416020121,0.1724639510600704,0.0,0.8156046351235516,0.8717355577856698,,,EXPLOIT
255,59,,,0,1,1,0,common,0.0,0.21055730138615658,0.19201997780601493,0.18389195615789622,0.0,0.8181453980426879,0.8738716092917207,,,EXPLOIT
256,59,,,0,1,1,0,common,0.0,0.13686224590100177,0.15516423877380747,0.1697830430808279,0.0,0.8205927105062372,0.8759173551482978,,,EXPLOIT
257,59,,,0,1,1,0,common,0.0,0.08896045983565115,0.1345614898103569,0.14553626810727488,0.0,0.8229515181585236,0.8778783065838338,,,EXPLOIT
258,59,,,0,0,0,0,common,1.0,0.041568067084414406,0.12247992166654613,0.11434580780041673,0.0,0.8252264239181736,0.8797595354592673,,,EXPLOIT
259,59,,,0,0,0,0,common,1.0,0.027019243604869403,0.1171692759828023,0.08814783854175252,0.0,0.8274217171637075,0.8815657171993753,,,EXPLOIT
260,59,,,0,0,0,0,common,1.0,0.017562508343165084,0.11382768470337162,0.06697223948217629,0.0,0.8295413999866219,0.88330116878671,,,EXPLOIT
261,59,,,0,0,0,0,common,1.0,0.011415630423057266,0.11170134062715423,0.05030525676444058,0.0,0.8315892108500567,0.8849698824681532,,,EXPLOIT
262,59,,,0,0,0,0,common,1.0,0.007420159774987223,0.11033826700475964,0.03743972766760457,0.0,0.8335686459473196,0.8865755557281061,,,EXPLOIT
263,59,,,0,0,0,0,common,1.0,0.004823103853741739,0.10946024796590328,0.027654740523445718,0.0,0.8354829785170064,0.8881216180020001,,,EXPLOIT
264,59,,,0,0,0,0,common,1.0,0.0031350175049321694,0.10889288746473173,0.02029882361789165,0.0,0.837335276339212,0.8896112545363487,,,EXPLOIT
265,59,,,0,0,0,0,common,0.0,0.9979622386217941,0.10852551404013183,0.3135978481190624,0.0,0.8391284176095813,0.8910474277447185,,,EXPLOIT
266,59,,,0,0,0,0,common,1.0,0.35132454489583376,0.2931988808313323,0.32491585715209376,0.0,0.8408651053639927,0.8924328963609482,,,EXPLOIT
267,59,,,0,0,0,0,common,1.0,0.22836095418229196,0.21130127640924196,0.2959493862611532,0.0,0.8425478806059506,0.8937702326502046,,,EXPLOIT
268,59,,,0,0,0,0,common,0.0,0.8515653797815103,0.16832153518121842,0.4626341843172603,0.0,0.8441791342707929,0.8950618379038172,,,EXPLOIT
269,59,,,0,0,0,0,common,1.0,0.4464825031420183,0.36895942812491495,0.4577886799646877,0.0,0.8457611181452085,0.8963099564142871,,,EXPLOIT
270,59,,,0,0,0,0,common,1.0,0.2902136270423119,0.25009377626588325,0.4075161640879749,0.0,0.8472959548469622,0.8975166881015894,,,EXPLOIT
271,59,,,0,0,0,0,common,1.0,0.18863885757750276,0.1889553250372462,0.34185297213483323,0.0,0.8487856469578563,0.8986839999402212,,,EXPLOIT
272,59,,,0,0,0,0,common,1.0,0.12261525742537682,0.1560842345273733,0.2760816577219963,0.0,0.8502320853925801,0.899813736317814,,,EXPLOIT
273,59,,,0,0,0,0,common,1.0,0.07969991732649495,0.13741469127235803,0.21716713560334588,0.0,0.8516370570770078,0.9009076284400739,,,EXPLOIT
274,59,,,0,0,0,0,common,0.0,0.9481950537377782,0.1263426860871801,0.43647551104367555,0.0,0.8530022520015169,0.9019673028829298,,,EXPLOIT
275,59,,,0,0,0,0,common,1.0,0.38367321507044405,0.3178552316979229,0.42063482225170606,0.0,0.8543292697078863,0.9029942893807674,,,EXPLOIT
276,59,,,0,0,0,0,common,1.0,0.24938758979578868,0.2239386265829477,0.36926065251493084,0.0,0.8556196252621365,0.9039900279291844,,,EXPLOIT
277,59,,,0,0,0,0,common,1.0,0.16210193336726264,0.1751168274063557,0.30711303677063034,0.0,0.8568747547602206,0.9049558752716403,,,EXPLOIT
278,59,,,0,1,1,0,common,0.0,0.057824298893173254,0.14833500588773132,0.2323264154073932,0.0,0.8580960204086437,0.905893110831461,,,EXPLOIT
279,59,,,0,1,1,0,common,0.0,0.03758579428056262,0.13966441000442395,0.17390422906934402,0.0,0.8592847152178118,0.9068029421437459,,,EXPLOIT
280,59,,,0,1,1,0,common,0.0,0.024430766282365703,0.13426613728300435,0.12906219023325052,0.0,0.8604420673421167,0.9076865098356914,,,EXPLOIT
281,59,,,0,0,0,0,common,1.0,0.10536625668872068,0.13085529397824278,0.12195341016989156,0.0,0.8615692440973955,0.9085448921985233,,,EXPLOIT
282,59,,,0,0,0,0,common,1.0,0.0684880668476684,0.11699920834210367,0.1059138071732246,0.0,0.8626673556833999,0.9093791093895858,,,EXPLOIT
283,59,,,0,0,0,0,common,1.0,0.0445172434509844,0.10870455996349832,0.08749483805655253,0.0,0.8637374586362445,0.9101901272990277,,,EXPLOIT
284,59,,,0,0,0,0,common,1.0,0.028936208243139916,0.10359873902268273,0.06992724911252873,0.0,0.8647805590334047,0.9109788611119063,,,EXPLOIT
285,59,,,0,0,0,0,common,1.0,0.018808535358040945,0.10039652825123,0.05459163498618239,0.0,0.8657976154717207,0.9117461785933375,,,EXPLOIT
286,59,,,0,0,0,0,common,0.0,0.9877744520172734,0.09836321126674279,0.3345464800955097,0.0,0.8667895418369365,0.9124929031214961,,,EXPLOIT
287,59,,,0,0,0,0,common,1.0,0.3579466061887723,0.26771345582065353,0.34156651792348847,0.0,0.8677572098816088,0.9132198164907539,,,EXPLOIT
288,59,,,0,0,0,0,common,1.0,0.23266529402270197,0.19007765621933323,0.3088961507532525,0.0,0.8687014516266753,0.9139276615050336,,,EXPLOIT
289,59,,,0,0,0,0,common,1.0,0.1512324411147563,0.15006752369357557,0.26159703786170363,0.0,0.8696230616005973,0.914617144379462,,,EXPLOIT
290,59,,,0,0,0,0,common,1.0,0.09830108672459159,0.12809434171022216,0.21260825252057,0.0,0.87052279892875,0.9152889369666607,,,EXPLOIT
291,59,,,0,0,0,0,common,1.0,0.06389570637098452,0.11536785609358491,0.16799448867569433,0.0,0.8714013892846165,0.9159436788224259,,,EXPLOIT
292,59,,,0,0,0,0,common,0.0,0.95846779085886,0.10770927338749893,0.405136479330644,0.0,0.8722595267133325,0.9165819791241624,,,EXPLOIT
293,59,,,0,0,0,0,common,1.0,0.37699593594174097,0.2812665545924906,0.39669431631397306,0.0,0.8730978753372208,0.9172044184541657,,,EXPLOIT
294,59,,,0,0,0,0,common,1.0,0.24504735836213165,0.19686316917991137,0.3512002289284206,0.0,0.8739170709521267,0.9178115504587381,,,EXPLOIT
295,59,,,0,0,0,0,common,1.0,0.1592807829353856,0.15367700561631858,0.2936243951305101,0.0,0.8747177225226306,0.9184039033931045,,,EXPLOIT
296,59,,,0,0,0,0,common,1.0,0.1035325089080007,0.13013374458693963,0.23659682926375727,0.0,0.8755004135835278,0.9189819815611971,,,EXPLOIT
297,59,,,0,0,0,0,common,1.0,0.06729613079020047,0.11657384091665214,0.1858066197216902,0.0,0.8762657035543634,0.9195462666585615,,,EXPLOIT
298,59,,,0,0,0,0,common,1.0,0.04374248501363032,0.10844544850985385,0.14318737930927225,0.0,0.8770141289732483,0.9200972190259037,,,EXPLOIT
299,59,,,0,0,0,0,common,0.0,0.9715673847411402,0.10343736579141331,0.39170138093883267,0.0,0.8777462046556822,0.920635278820141,,,EXPLOIT
300,59,,,0,1,1,0,common,0.0,0.015879998083537707,0.2751526506203567,0.2789549660822442,0.0,0.8784624247836474,0.9211608671092203,,,EXPLOIT
301,59,,,0,1,1,0,common,0.0,0.01032199875429951,0.2712104485514525,0.19836507588386076,0.0,0.8791632639298194,0.9216743868964317,,,EXPLOIT
302,59,,,0,0,0,0,common,0.0,0.6315188000817411,0.26866875390864375,0.3283111931432249,0.0,0.8798491780213593,0.9221762240794587,,,EXPLOIT
303,59,,,0,0,0,0,common,1.0,0.5895127799468682,0.4492931009605797,0.40667166918431785,0.0,0.8805206052474078,0.9226667483489646,,,EXPLOIT
304,59,,,0,0,0,0,common,1.0,0.38318330696546443,0.27911419018041883,0.3996251605186618,0.0,0.8811779669140777,0.9231463140311174,,,EXPLOIT
305,59,,,0,0,0,0,common,1.0,0.24906914952755188,0.19401831911475625,0.35445835722132885,0.0,0.881821668250456,0.9236152608780893,,,EXPLOIT
306,59,,,0,0,0,0,common,1.0,0.16189494719290876,0.15073105725108357,0.2966893342128028,0.0,0.8824520991688597,0.9240739148102429,,,EXPLOIT
307,59,,,0,0,0,0,common,0.0,0.8947682843246093,0.1272296681261459,0.47611301924634475,0.0,0.8830696349823449,0.9245225886134135,,,EXPLOIT
308,59,,,0,1,1,0,common,0.0,0.006709299190294682,0.30521202994612917,0.33529190322952973,0.0,0.8836746370822495,0.9249615825944246,,,EXPLOIT
309,59,,,0,0,0,0,common,1.0,0.41840061518900395,0.3034257223121591,0.360224516817372,0.0,0.8842674535783391,0.9253911851977283,,,EXPLOIT
310,59,,,0,0,0,0,common,1.0,0.2719603998728526,0.20556696748143158,0.3337452817340162,0.0,0.8848484199039478,0.9258116735858308,,,EXPLOIT
311,59,,,0,0,0,0,common,1.0,0.17677425991735418,0.1564038793671079,0.2866539751890176,0.0,0.8854178593883201,0.9262233141859653,,,EXPLOIT
312,59,,,0,0,0,0,common,1.0,0.11490326894628022,0.1300755849168872,0.23512876331619637,0.0,0.8859760837982148,0.9266263632052739,,,EXPLOIT
313,59,,,0,0,0,0,common,0.0,0.9253128751849179,0.11511127322929483,0.4421839968768128,0.0,0.8865233938506778,0.927021067116601,,,EXPLOIT
314,59,,,0,0,0,0,common,1.0,0.3985466311298034,0.2885843358392606,0.42909278715271,0.0,0.8870600796987581,0.9274076631168311,,,EXPLOIT
315,59,,,0,0,0,0,common,1.0,0.2590553102343722,0.19825026343165425,0.3780815440772086,0.0,0.8875864213918184,0.9277863795595653,,,EXPLOIT
316,59,,,0,0,0,0,common,1.0,0.16838595165234194,0.15258681224857248,0.31517286634974856,0.0,0.8881026893119776,0.9281574363638009,,,EXPLOIT
317,59,,,0,0,0,0,common,1.0,0.10945086857402231,0.1279514870895616,0.25345626701703067,0.0,0.8886091445881165,0.9285210454001448,,,EXPLOIT
318,59,,,0,0,0,0,common,0.0,0.9288569354268855,0.11386860989341267,0.4560764675399871,0.0,0.8891060394887805,0.9288774108559991,,,EXPLOIT
319,59,,,0,0,0,0,common,1.0,0.3962429919725243,0.28689302989141824,0.43812642486974823,0.0,0.8895936177952253,0.9292267295810303,,,EXPLOIT
320,59,,,0,0,0,0,common,1.0,0.2575579447821408,0.1974148666601097,0.383955880843466,0.0,0.8900721151557627,0.929569191414165,,,EXPLOIT
321,59,,,0,1,1,0,common,0.0,0.004361044473691544,0.15214908752455392,0.27007742993253364,0.0,0.8905417594224969,0.929904979493245,,,EXPLOIT
322,59,,,0,1,1,0,common,0.0,0.0028346789078995036,0.15146477399799865,0.1899046046251434,0.0,0.8910027709714589,0.9302342705484106,,,EXPLOIT
323,59,,,0,0,0,0,common,1.0,0.1674126641083915,0.15102137681991537,0.18315702247011784,0.0,0.8914553630070875,0.9305572351801983,,,EXPLOIT
324,59,,,0,0,0,0,common,1.0,0.10881823167045446,0.1267377914693554,0.1608553852302188,0.0,0.8918997418519446,0.930874038123276,,,EXPLOIT
325,59,,,0,0,0,0,common,1.0,0.07073185058579545,0.11285037609332278,0.1338183248368918,0.0,0.8923361072224911,0.9311848384966729,,,EXPLOIT
326,59,,,0,0,0,0,common,0.0,0.954024297119233,0.10456542519527923,0.37988011652159415,0.0,0.8927646524917001,0.9314897900413021,,,EXPLOIT
327,59,,,0,0,0,0,common,0.0,0.6201157931275014,0.27327926628110927,0.4519508195033663,0.0,0.8931855649392361,0.9317890413455269,,,EXPLOIT
328,59,,,0,0,0,0,common,1.0,0.596924734467124,0.4515687762074855,0.4954429939924936,0.0,0.8935990259898796,0.9320827360594618,,,EXPLOIT
329,59,,,0,0,0,0,common,1.0,0.38800107740363066,0.2790789392880591,0.46321041901583465,0.0,0.894005211440838,0.9323710130986643,,,EXPLOIT
330,59,,,0,0,0,0,common,1.0,0.25220070031235997,0.19306703996251962,0.39990750340479225,0.0,0.8944042916785409,0.9326540068378213,,,EXPLOIT
331,59,,,0,0,0,0,common,1.0,0.16393045520303395,0.14947388385896684,0.3291143889442647,0.0,0.8947964318854853,0.9329318472950001,,,EXPLOIT
332,59,,,0,0,0,0,common,1.0,0.10655479588197203,0.12587224541890715,0.2623465110255769,0.0,0.8951817922376575,0.9332046603069978,,,EXPLOIT
333,59,,,0,0,0,0,common,0.0,0.9307393826767182,0.11234210675279772,0.4628643725209193,0.0,0.8955605280930292,0.9334725676962828,,,EXPLOIT
334,59,,,0,1,1,0,common,1.0,0.9981574587098653,0.2841594358997972,0.623452298377603,0.0,0.892347809997027,0.931181987590542,,,EXPLOIT
335,59,,,0,1,1,0,common,0.0,0.3511976518385875,0.5792160366437888,0.5417759044158983,0.0,0.8889664021229351,0.9287534562157015,,,EXPLOIT
336,59,,,0,0,0,0,common,1.0,0.39501940126013313,0.47352821330848,0.4977489534691687,0.0,0.8894565922423984,0.929105220105123,,,EXPLOIT
337,59,,,0,0,0,0,common,1.0,0.2567626108190866,0.35287032103695765,0.4254530506741441,0.0,0.8899376355460964,0.9294500614164578,,,EXPLOIT
338,59,,,0,0,0,0,common,1.0,0.16689569703240625,0.28293213562586284,0.3478858445816227,0.0,0.890409762058838,0.9297881655994595,,,EXPLOIT
339,59,,,0,0,0,0,common,1.0,0.10848220307106404,0.24265528053336946,0.27606475212845505,0.0,0.8908731942404059,0.9301197115952526,,,EXPLOIT
340,59,,,0,0,0,0,common,0.0,0.9294865680038084,0.21881028048306328,0.472091296891061,0.0,0.8913281472943761,0.9304448721196735,,,EXPLOIT
341,59,,,0,0,0,0,common,1.0,0.3958337307975246,0.4742570509687214,0.44921402706300007,0.0,0.8917748294619235,0.9307638139319342,,,EXPLOIT
342,59,,,0,0,0,0,common,1.0,0.25729192501839093,0.35330779229785114,0.39163739644961726,0.0,0.8922134423014608,0.9310766980894845,,,EXPLOIT
343,59,,,0,0,0,0,common,1.0,0.16723975126195412,0.2831820383005024,0.3243181028933183,0.0,0.892644180954901,0.931383680189898,,,EXPLOIT
344,59,,,0,0,0,0,common,1.0,0.10870583832027014,0.2428012071417746,0.25963442352140387,0.0,0.8930672344012829,0.931684910600542,,,EXPLOIT
345,59,,,0,0,0,0,common,1.0,0.07065879490817562,0.21889804701263382,0.20294173493743536,0.0,0.893482785698455,0.9319805346767465,,,EXPLOIT
346,59,,,0,0,0,0,common,1.0,0.045928216690314105,0.20435359941858175,0.155837679463299,0.0,0.8938910122134689,0.932270692969138,,,EXPLOIT
347,59,,,0,0,0,0,common,1.0,0.02985334084870417,0.19531448242922547,0.11804237787892054,0.0,0.8942920858422907,0.9325555214207639,,,EXPLOIT
348,59,,,0,0,0,0,common,1.0,0.019404671551657704,0.18961228349366732,0.08845106598074168,0.0,0.8946861732194074,0.9328351515545833,,,EXPLOIT
349,59,,,0,0,0,0,common,1.0,0.01261303650857748,0.18597837374169507,0.06569965713909241,0.0,0.8950734359178617,0.9331097106518749,,,EXPLOIT
350,59,,,0,0,0,0,common,0.0,0.9918015262694246,0.18364676960366,0.3435302178781921,0.0,0.8954540306402264,0.9333793219220676,,,EXPLOIT
351,59,,,0,0,0,0,common,0.0,0.644670992075126,0.4380340701839542,0.43387245013727227,0.0,0.8958281094009891,0.9336441046644739,,,EXPLOIT
352,59,,,0,0,0,0,common,1.0,0.5809638551511681,0.6253440398972917,0.477999871641441,0.0,0.8961958197007974,0.9339041744223678,,,EXPLOIT
353,59,,,0,0,0,0,common,1.0,0.3776265058482593,0.45795536392910385,0.4478878619034864,0.0,0.8965573046929842,0.9341596431298347,,,EXPLOIT
354,59,,,0,0,0,0,common,0.0,0.7545427711986314,0.34359142921409447,0.5398843346920299,0.0,0.8933960594899079,0.9319096573422582,,,EXPLOIT
355,59,,,0,0,0,0,common,1.0,0.5095471987208895,0.5725074144263264,0.5307831939006877,0.0,0.8900701598003761,0.9295253870212318,,,EXPLOIT
356,59,,,0,0,0,0,common,1.0,0.33120567916857824,0.41664620531348007,0.47090993948105486,0.0,0.8905398401264467,0.9298620260612186,,,EXPLOIT
357,59,,,0,0,0,0,common,1.0,0.21528369145957582,0.31946975122468513,0.3942220650746111,0.0,0.8910008868406779,0.9301921456263462,,,EXPLOIT
358,59,,,0,0,0,0,common,1.0,0.13993439944872432,0.26380616492635306,0.31793576538684504,0.0,0.8914535131764848,0.9305159170928572,,,EXPLOIT
359,59,,,0,1,1,0,common,0.0,0.22827847369508186,0.23141954552787725,0.2910385778793161,0.0,0.8918979254842397,0.930833505937876,,,EXPLOIT
360,59,,,0,1,1,0,common,0.0,0.1483810079018032,0.1851553358383214,0.24824130688606222,0.0,0.8923343235071038,0.9311450719913337,,,EXPLOIT
361,59,,,0,0,0,0,common,1.0,0.09095735964167084,0.15930938948090229,0.20105612271274478,0.0,0.892762900643694,0.9314507696750894,,,EXPLOIT
362,59,,,0,0,0,0,common,1.0,0.05912228376708606,0.14501742494394282,0.15847597102904717,0.0,0.8931838441983105,0.9317507482299973,,,EXPLOIT
363,59,,,0,0,0,0,common,1.0,0.038429484448605944,0.1363289656817181,0.1224620250549148,0.0,0.8935973356194095,0.9320451519316237,,,EXPLOIT
364,59,,,0,0,0,0,common,0.0,0.9750208351084061,0.1309265319476304,0.3782296680709622,0.0,0.8940035507269585,0.9323341202952735,,,EXPLOIT
365,59,,,0,1,1,0,common,0.0,0.09644765513617208,0.334644709844354,0.29369506419052516,0.0,0.8944026599292739,0.9326177882709332,,,EXPLOIT
366,59,,,0,1,1,0,common,0.0,0.06269097583851185,0.30812971910310777,0.22439383768492113,0.0,0.8947948284299062,0.9328962864287106,,,EXPLOIT
367,59,,,0,1,1,0,common,0.0,0.040749134295032706,0.2915940995750879,0.16930042666795458,0.0,0.8951802164250992,0.9331697411353014,,,EXPLOIT
368,59,,,0,0,0,0,common,1.0,0.366236457179536,0.2811562361930177,0.228381235821429,0.0,0.8955589792923221,0.9334382747219916,,,EXPLOIT
369,59,,,0,0,0,0,common,1.0,0.23805369716669844,0.1988793587871423,0.23128297422500982,0.0,0.8959312677703419,0.9337020056446583,,,EXPLOIT
370,59,,,0,0,0,0,common,1.0,0.15473490315835403,0.15644367499625572,0.20831855290501305,0.0,0.8962972281312751,0.9339610486362178,,,EXPLOIT
371,59,,,0,0,0,0,common,1.0,0.10057768705293013,0.1331678823353618,0.17599629314938817,0.0,0.8966570023450311,0.9342155148519259,,,EXPLOIT
372,59,,,0,0,0,0,common,1.0,0.06537549658440456,0.11970536478560502,0.14281005417989306,0.0,0.8970107282365403,0.9344655120079254,,,EXPLOIT
373,59,,,0,0,0,0,common,1.0,0.042494072779862946,0.11161255628744365,0.11271525975988402,0.0,0.8973585396361313,0.9347111445133991,,,EXPLOIT
374,59,,,0,0,0,0,common,1.0,0.027621147306910898,0.106617110903735,0.08718702602399209,0.0,0.8977005665234018,0.934952513596672,,,EXPLOIT
375,59,,,0,1,1,0,common,0.0,0.026486937291771262,0.10347838349279401,0.06897699940432583,0.0,0.8980369351649127,0.9351897174255844,,,EXPLOIT
376,59,,,0,0,0,0,common,0.0,0.982046254250508,0.10054679799437792,0.3428977758581805,0.0,0.8983677682460094,0.9354228512224347,,,EXPLOIT
377,59,,,0,0,0,0,common,0.0,0.6383300652628302,0.27126920823552847,0.43152746267957537,0.0,0.898693184997063,0.9356520073737784,,,EXPLOIT
378,59,,,0,0,0,0,common,1.0,0.5850854575791604,0.4547307573463977,0.4775948611494508,0.0,0.8990133013144018,0.935877275535347,,,EXPLOIT
379,59,,,0,0,0,0,common,1.0,0.3803055474264543,0.28464040323519196,0.4484080670325518,0.0,0.8993282298761968,0.9360987427323414,,,EXPLOIT
380,59,,,0,0,0,0,common,1.0,0.24719860582719533,0.19880904527921722,0.3880452286709448,0.0,0.8996380802535391,0.9363164934553324,,,EXPLOIT
381,59,,,0,0,0,0,common,1.0,0.16067909378767697,0.1549201803101686,0.3198353882059644,0.0,0.8999429590169458,0.9365306097519939,,,EXPLOIT
382,59,,,0,0,0,0,common,1.0,0.10444141096199,0.13101775671492852,0.25521719503277207,0.0,0.9002429698385089,0.9367411713148767,,,EXPLOIT
383,59,,,0,0,0,0,common,1.0,0.06788691712529349,0.1172623231574277,0.19901811166052846,0.0,0.9005382135898956,0.9369482555654227,,,EXPLOIT
384,59,,,0,0,0,0,common,1.0,0.04412649613144082,0.10902161283556394,0.15255062700180216,0.0,0.9008287884363936,0.9371519377344044,,,EXPLOIT
385,59,,,0,0,0,0,common,1.0,0.028682222485436504,0.10394639360102553,0.11539010564689246,0.0,0.9011147899271892,0.9373522909389655,,,EXPLOIT
386,59,,,0,0,0,0,common,1.0,0.01864344461553369,0.10076229776434384,0.08636610733748483,0.0,0.9013963110820482,0.9375,,,EXPLOIT
387,59,,,0,0,0,0,common,0.0,0.9878817609999031,0.0987400341707381,0.35682080343621025,0.0,0.9016734424745733,0.9375,,,EXPLOIT
388,59,,,0,0,0,0,common,1.0,0.357876855350063,0.26860064167167047,0.35713761901036606,0.0,0.9019462723121853,0.9375,,,EXPLOIT
389,59,,,0,0,0,0,common,1.0,0.23261995597754093,0.19077633202343702,0.3197823201005185,0.0,0.9022148865129863,0.9375,,,EXPLOIT
390,59,,,0,0,0,0,common,1.0,0.15120297138540162,0.1506487407430787,0.2692085154859834,0.0,0.9024793687796399,0.9375,,,EXPLOIT
391,59,,,0,1,1,0,common,0.0,0.01721650923965132,0.12860524417297886,0.19361091361208377,0.0,0.902739800670405,0.9375,,,EXPLOIT
392,59,,,0,0,0,0,common,0.0,0.901718068599489,0.12628280485610824,0.40604306010830526,0.0,0.9029962616674516,0.9375,,,EXPLOIT
393,59,,,0,0,0,0,common,1.0,0.4138832554103321,0.3051846511376899,0.40839511869891326,0.0,0.9032488292425752,0.9375,,,EXPLOIT
394,59,,,0,0,0,0,common,1.0,0.26902411601671594,0.20781565431587468,0.36658381789425404,0.0,0.9034975789204281,0.9375,,,EXPLOIT
395,59,,,0,0,0,0,common,0.0,0.8251343245891346,0.15868060160109534,0.5041489699027182,0.0,0.9006833972966841,0.935442220787605,,,EXPLOIT
396,59,,,0,0,0,0,common,0.0,0.5363373109829375,0.34450318511489564,0.513805472226784,0.0,0.897730871762493,0.9332670452649632,,,EXPLOIT
397,59,,,0,0,0,0,common,1.0,0.6513807478610907,0.5084966756866431,0.555078054917076,0.0,0.8946297044356454,0.930964251977995,,,EXPLOIT
398,59,,,0,0,0,0,common,1.0,0.42339748610970895,0.31248719008384457,0.5155738842748658,0.0,0.8913685496049086,0.9285223975399679,,,EXPLOIT
399,59,,,0,0,0,0,common,1.0,0.2752083659713108,0.21142696193194377,0.4434642287837993,0.0,0.8918144998166379,0.9288787361604399,,,EXPLOIT
400,59,,,0,0,0,0,common,1.0,0.17888543788135203,0.16056101263339384,0.3640905915130651,0.0,0.8922523984628276,0.9292280287761514,,,EXPLOIT
401,59,,,0,0,0,0,common,1.0,0.11627553462287876,0.1333288255571896,0.2897460744460092,0.0,0.8926824401224038,0.9295704652002869,,,EXPLOIT
402,59,,,0,0,0,0,common,1.0,0.07557909750487124,0.11786050830860287,0.2254959813636678,0.0,0.8931048132335758,0.9299062285460776,,,EXPLOIT
403,59,,,0,0,0,0,common,1.0,0.049126413378166256,0.10867774651362981,0.17258511096801732,0.0,0.8935197003344802,0.9302354955201266,,,EXPLOIT
404,59,,,0,0,0,0,common,1.0,0.03193216869580806,0.1030570265053784,0.13038922828635455,0.0,0.8939272782925928,0.9305584367004502,,,EXPLOIT
405,59,,,0,0,0,0,common,1.0,0.02075590965227525,0.09954506358043916,0.09749923269613076,0.0,0.8943277185235093,0.9308752168001612,,,EXPLOIT
406,59,,,0,0,0,0,common,1.0,0.013491341273978885,0.09732055347899718,0.0722968652694852,0.0,0.8947211871996732,0.9311859949176479,,,EXPLOIT
407,59,,,0,0,0,0,common,1.0,0.008769371828086236,0.09589882359913271,0.05323861723706551,0.0,0.8951078454495768,0.9314909247740533,,,EXPLOIT
408,59,,,0,0,0,0,common,0.0,0.994299908311744,0.0949848106634784,0.335557004559469,0.0,0.8954878495479459,0.9317901549387954,,,EXPLOIT
409,59,,,0,0,0,0,common,1.0,0.3537050595973664,0.2615161079153139,0.34100142107083825,0.0,0.8958613510973777,0.9320838290438286,,,EXPLOIT
410,59,,,0,0,0,0,common,1.0,0.22990828873828817,0.1860885612590309,0.3076734813710732,0.0,0.8962284972018754,0.9323720859872958,,,EXPLOIT
411,59,,,0,1,1,0,common,0.0,0.01119073100577336,0.1472135997629261,0.21872865626148322,0.0,0.8965894306327014,0.9326550601271787,,,EXPLOIT
412,59,,,0,0,0,0,common,1.0,0.14944038767988732,0.14551154580074682,0.19794217568700442,0.0,0.8969442899869411,0.9329328814655149,,,EXPLOIT
413,59,,,0,0,0,0,common,1.0,0.09713625199192677,0.12436017677792255,0.16770039857848112,0.0,0.897293209839147,0.9332056758237139,,,EXPLOIT
414,59,,,0,0,0,0,common,1.0,0.06313856379475236,0.11210422113978857,0.13633184814336247,0.0,0.8976363208864168,0.9334735650094692,,,EXPLOIT
415,59,,,0,0,0,0,common,1.0,0.04104006646658909,0.10472585394497683,0.10774431364033045,0.0,0.8979737500872293,0.9337366669757323,,,EXPLOIT
416,59,,,0,0,0,0,common,1.0,0.026676043203282873,0.10016654662515134,0.08342383250921617,0.0,0.8983056207943556,0.9339950959721884,,,EXPLOIT
417,59,,,0,0,0,0,common,0.0,0.9826605719178662,0.09729974214101253,0.35319485433181114,0.0,0.8986320528821321,0.9342489626896388,,,EXPLOIT
418,59,,,0,0,0,0,common,1.0,0.36127062825338696,0.26403595138848474,0.35561758650828384,0.0,0.898953162868378,0.9344983743976778,,,EXPLOIT
419,59,,,0,0,0,0,common,1.0,0.23482590836470152,0.18662076358268434,0.31938008306520915,0.0,0.8992690640312142,0.9347434350760243,,,EXPLOIT
420,59,,,0,0,0,0,common,1.0,0.15263684043705594,0.14689931334532477,0.2693571102767632,0.0,0.8995798665210326,0.9349842455398449,,,EXPLOIT
421,59,,,0,0,0,0,common,1.0,0.09921394628408642,0.12514611682695423,0.21831416107896012,0.0,0.8998856774678496,0.9352209035593887,,,EXPLOIT
422,59,,,0,0,0,0,common,1.0,0.06448906508465613,0.11256982448416186,0.17216663228066892,0.0,0.9001866010842627,0.9354535039742321,,,EXPLOIT
423,59,,,0,0,0,0,common,0.0,0.9580821076949735,0.10501044031636769,0.40794127490496024,0.0,0.9004827387642195,0.9356821388024131,,,EXPLOIT
424,59,,,0,0,0,0,common,1.0,0.3772466299982672,0.2752662842790652,0.3987328814329523,0.0,0.9007741891777978,0.9359068973447243,,,EXPLOIT
425,59,,,0,0,0,0,common,1.0,0.24521030949887368,0.19221558020002594,0.35267610985272874,0.0,0.9010610483621806,0.9361278662844079,,,EXPLOIT
426,59,,,0,0,0,0,common,1.0,0.1593867011742679,0.14986707837331023,0.29468928724919047,0.0,0.9013434098090063,0.9363451297824907,,,EXPLOIT
427,59,,,0,0,0,0,common,0.0,0.8963986442367259,0.12682010945385136,0.47520209434545113,0.0,0.9016213645482595,0.936558769568981,,,EXPLOIT
428,59,,,0,0,0,0,common,1.0,0.4173408812461281,0.3048349050043241,0.4578437304156542,0.0,0.9018950012288609,0.9367688650301305,,,EXPLOIT
429,59,,,0,0,0,0,common,1.0,0.27127157280998326,0.20684917799437547,0.4018720831339529,0.0,0.9021644061961097,0.9369754932919638,,,EXPLOIT
430,59,,,0,0,0,0,common,0.0,0.8236734776735108,0.15754091356558844,0.5284125014958202,0.0,0.8992850915661812,0.9348880983568744,,,EXPLOIT
431,59,,,0,0,0,0,common,1.0,0.46461223951221786,0.3420855023729205,0.5092724229007395,0.0,0.8962626165266893,0.9326807565365617,,,EXPLOIT
432,59,,,0,0,0,0,common,0.0,0.6980020443170584,0.2252071572496579,0.5658913093256351,0.0,0.8930861964253398,0.9303429448975513,,,EXPLOIT
433,59,,,0,0,0,0,common,1.0,0.5462986711939121,0.4114443175199807,0.5600135178861182,0.0,0.8897439356938719,0.9278628726757745,,,EXPLOIT
434,59,,,0,0,0,0,common,1.0,0.3550941362760429,0.2597803990922363,0.4985377034030956,0.0,0.8902196456256168,0.9282323895145426,,,EXPLOIT
435,59,,,0,0,0,0,common,0.0,0.769188811420572,0.18449340004127482,0.5797330358083386,0.0,0.8867241491375414,0.9256202728944634,,,EXPLOIT
436,59,,,0,0,0,0,common,1.0,0.5000272725766282,0.3714896085080643,0.5558213068388255,0.0,0.8830371995937778,0.9228399730117876,,,EXPLOIT
437,59,,,0,0,0,0,common,1.0,0.32501772717480826,0.2397526330365258,0.48658023293962027,0.0,0.8836428576086409,0.9233156922181533,,,EXPLOIT
438,59,,,0,0,0,0,common,1.0,0.2112615226636254,0.17441515707826466,0.40398461985682177,0.0,0.8842363118799438,0.923780911024745,,,EXPLOIT
439,59,,,0,0,0,0,common,1.0,0.1373199897313565,0.14035118861778537,0.3239852308191822,0.0,0.8848178984987078,0.9242359505636557,,,EXPLOIT
440,59,,,0,0,0,0,common,1.0,0.08925799332538176,0.12141933880639479,0.25356705957104203,0.0,0.8853879414222989,0.9246811190721795,,,EXPLOIT
441,59,,,0,0,0,0,common,1.0,0.05801769566149817,0.11035428662426836,0.19490225039817885,0.0,0.8859467530176108,0.9251167125340677,,,EXPLOIT
442,59,,,0,0,0,0,common,1.0,0.037711502179973766,0.10365303164426094,0.14774502593271732,0.0,0.8864946345753231,0.9255430152828843,,,EXPLOIT
443,59,,,0,0,0,0,common,1.0,0.024512476416982953,0.09949552061503207,0.11077526107799701,0.0,0.8870318767970075,0.9259603005700571,,,EXPLOIT
444,59,,,0,0,0,0,common,0.0,0.9840668903289611,0.09687441736365321,0.3727627498532862,0.0,0.8875587602567487,0.9263688311000037,,,EXPLOIT
445,59,,,0,0,0,0,common,1.0,0.36035652128617524,0.2634030944894337,0.3690408812831529,0.0,0.8880755558388144,0.9267688595345429,,,EXPLOIT
446,59,,,0,0,0,0,common,1.0,0.2342317388360139,0.1863046694229906,0.3285981385490112,0.0,0.8885825251528173,0.9271606289686262,,,EXPLOIT
447,59,,,0,0,0,0,common,0.0,0.847749369756591,0.14673103683413663,0.4843435079112851,0.0,0.8890799209277055,0.9275443733792738,,,EXPLOIT
448,59,,,0,1,1,0,common,0.0,0.007273975153752684,0.32948417991203804,0.34122264808402536,0.0,0.8895679873858298,0.9279203180494616,,,EXPLOIT
449,59,,,0,0,0,0,common,1.0,0.44896290965821584,0.32745859746440914,0.37354472655628246,0.0,0.8900469605982555,0.9282886799685722,,,EXPLOIT
450,59,,,0,0,0,0,common,1.0,0.2918258912778403,0.2174624813486785,0.3490290759727498,0.0,0.8905170688224061,0.9286496682109093,,,EXPLOIT
451,59,,,0,0,0,0,common,1.0,0.18968682933059622,0.16261164551095794,0.3012264019801037,0.0,0.8909785328230524,0.9290034842936644,,,EXPLOIT
452,59,,,0,0,0,0,common,1.0,0.12329643906488752,0.1335528081446504,0.24784741310553882,0.0,0.8914315661776032,0.9293503225156257,,,EXPLOIT
453,59,,,0,0,0,0,common,1.0,0.08014268539217695,0.11717902100503523,0.19753599479153025,0.0,0.8918763755665808,0.9296903702778265,,,EXPLOIT
454,59,,,0,0,0,0,common,1.0,0.05209274550491505,0.10751306332762803,0.1539030200055457,0.0,0.8923131610501172,0.9300238083872479,,,EXPLOIT
455,59,,,0,0,0,0,common,1.0,0.03386028457819479,0.1016188896116765,0.11789019937734042,0.0,0.8927421163312461,0.9303508113446086,,,EXPLOIT
456,59,,,0,0,0,0,common,1.0,0.0220091849758266,0.09794528187957915,0.08912589505688627,0.0,0.8931634290067247,0.9306715476172116,,,EXPLOIT
457,59,,,0,0,0,0,common,1.0,0.014305970234287257,0.09562221623746832,0.06667991761010657,0.0,0.8935772808060652,0.930986179897739,,,EXPLOIT
458,59,,,0,0,0,0,common,1.0,0.009298880652286678,0.09413909878276552,0.0494656065227606,0.0,0.893983847819419,0.9312948653498354,,,EXPLOIT
459,59,,,0,0,0,0,common,1.0,0.006044272423986308,0.09318629211141292,0.036439206293128315,0.0,0.8943833007149166,0.9315977558412609,,,EXPLOIT
460,59,,,0,1,1,0,common,0.0,0.004728083849939245,0.09257167110026879,0.026925869560171595,0.0,0.8947758049460259,0.9318949981653387,,,EXPLOIT
461,59,,,0,0,0,0,common,1.0,0.003928777075591139,0.09209345810603436,0.020026741814797456,0.0,0.8951615209494613,0.9321867342513797,,,EXPLOIT
462,59,,,0,1,1,0,common,0.0,0.003073254502460509,0.09169779850450296,0.01494069562109637,0.0,0.895540604334142,0.9324731013647172,,,EXPLOIT
463,59,,,0,0,0,0,common,0.0,0.9974462949008658,0.0913893748873434,0.3096923754050272,0.0,0.8959132060616658,0.9327542322969471,,,EXPLOIT
464,59,,,0,0,0,0,common,1.0,0.35165990831443716,0.2538612010401789,0.32228263527785017,0.0,0.8962794726187453,0.9330302555469273,,,EXPLOIT
465,59,,,0,0,0,0,common,1.0,0.2285789404043842,0.1805676444435349,0.2941715268158104,0.0,0.8966395461820132,0.933301295493056,,,EXPLOIT
466,59,,,0,0,0,0,common,0.0,0.8514236887371502,0.14287716792477428,0.46134717539221226,0.0,0.896993564775595,0.9335674725573144,,,EXPLOIT
467,59,,,0,1,1,0,common,1.0,0.9980023845734006,0.3234072171134715,0.6223437381465687,0.0,0.8938547190343883,0.9312825212420521,,,EXPLOIT
468,59,,,0,0,0,0,common,0.0,0.5534253976791477,0.6176597948884295,0.6016682360063423,0.0,0.8905529642689582,0.9288601291356718,,,EXPLOIT
469,59,,,0,0,0,0,common,1.0,0.640273491508554,0.6930051362007229,0.6132498126570058,0.0,0.8870754602040258,0.9262876449897834,,,EXPLOIT
470,59,,,0,0,0,0,common,1.0,0.4161777694805602,0.5956764796392078,0.5541281997040721,0.0,0.8834079809969321,0.9235508158577539,,,EXPLOIT
471,59,,,0,0,0,0,common,1.0,0.27051555016236417,0.47219996456656266,0.46904440484155974,0.0,0.8840061568926342,0.9240108789717932,,,EXPLOIT
472,59,,,0,0,0,0,common,1.0,0.17583510760553667,0.38842974302763966,0.38108161567075277,0.0,0.8845923354566763,0.9244609193172815,,,EXPLOIT
473,59,,,0,0,0,0,common,1.0,0.11429281994359886,0.3369859844539206,0.30104497695260657,0.0,0.8851668453150898,0.9249012388948319,,,EXPLOIT
474,59,,,0,0,0,0,common,1.0,0.07429033296333931,0.3055770942820195,0.23301858375582638,0.0,0.8857300032950108,0.9253321277593479,,,EXPLOIT
475,59,,,0,0,0,0,common,1.0,0.0482887164261705,0.28614851364214033,0.1775996235569296,0.0,0.8862821149500058,0.9257538646053237,,,EXPLOIT
476,59,,,0,1,1,0,common,0.0,0.35129845002728954,0.27396048007359475,0.22970927149803758,0.0,0.8868234750575704,0.926166717318058,,,EXPLOIT
477,59,,,0,0,0,0,common,1.0,0.03138766567701079,0.19619957545429845,0.17021278975172952,0.0,0.8873543680905055,0.926570943493079,,,EXPLOIT
478,59,,,0,0,0,0,common,1.0,0.020401982690056997,0.1901861137056492,0.12526954763322776,0.0,0.8878750686637563,0.9269667909258947,,,EXPLOIT
479,59,,,0,0,0,0,common,1.0,0.013261288748537048,0.18635760823742276,0.09166706996782054,0.0,0.8883858419581949,0.92735449807403,,,EXPLOIT
480,59,,,0,0,0,0,common,1.0,0.008619837686549059,0.18390275005201542,0.06675290028343908,0.0,0.8888869441227174,0.927734294493163,,,EXPLOIT
481,59,,,0,0,0,0,common,1.0,0.005602894496256838,0.18232125015804362,0.04840789854728441,0.0,0.8893786226559437,0.9281064012490378,,,EXPLOIT
482,59,,,0,0,0,0,common,1.0,0.0036418814225669394,0.1812992376813988,0.03497809340986917,0.0,0.8898611167687144,0.9284710313067092,,,EXPLOIT
483,59,,,0,0,0,0,common,1.0,0.0023672229246685106,0.18063744330455447,0.02519483226430897,0.0,0.8903346577285042,0.928828389898562,,,EXPLOIT
484,59,,,0,0,0,0,common,0.0,0.9984613050989655,0.18020833750811174,0.3171747741147059,0.0,0.8907994691867936,0.9291786748724441,,,EXPLOIT
485,59,,,0,0,0,0,common,0.0,0.6489998483143276,0.43423842772766763,0.41672229637459235,0.0,0.8912557674903777,0.9295220770211516,,,EXPLOIT
486,59,,,0,0,0,0,common,1.0,0.5781500985956871,0.6235155095074287,0.46515063704092074,0.0,0.8917037619775193,0.9298587803944267,,,EXPLOIT
487,59,,,0,0,0,0,common,0.0,0.6242024359128033,0.4563769823045309,0.5128661767024855,0.0,0.8882880247596023,0.9273487203207202,,,EXPLOIT
488,59,,,0,0,0,0,common,1.0,0.5942684166566778,0.6339647000157997,0.5372868486887431,0.0,0.884687355696142,0.9246802978375898,,,EXPLOIT
489,59,,,0,0,0,0,common,1.0,0.38627447082684063,0.4657572284128983,0.49198313533017235,0.0,0.8852599822496926,0.92511590888871,,,EXPLOIT
490,59,,,0,0,0,0,common,1.0,0.25107840603744647,0.34824314829324954,0.41971171654235456,0.0,0.8858213077997594,0.9255422287069643,,,EXPLOIT
491,59,,,0,0,0,0,common,1.0,0.16320096392434025,0.2803049435337351,0.34275849075695025,0.0,0.886371636099068,0.9259595305639405,,,EXPLOIT
492,59,,,0,0,0,0,common,1.0,0.10608062655082118,0.24113478946807093,0.2717551314951115,0.0,0.8869112602033341,0.9263680771832478,,,EXPLOIT
493,59,,,0,0,0,0,common,1.0,0.06895240725803375,0.21790889910581285,0.21091431422398815,0.0,0.8874404629385086,0.9267681212449828,,,EXPLOIT
494,59,,,0,0,0,0,common,1.0,0.0448190647177219,0.20375688294100608,0.16108573937210827,0.0,0.8879595173437376,0.9271599058615132,,,EXPLOIT
495,59,,,0,0,0,0,common,1.0,0.029132392066519186,0.19495279713787345,0.12149973518043154,0.0,0.8884686870914947,0.9275436650264622,,,EXPLOIT
496,59,,,0,0,0,0,common,1.0,0.01893605484323746,0.18939501346601745,0.09073063107927332,0.0,0.8889682268862489,0.9279196240386403,,,EXPLOIT
497,59,,,0,0,0,0,common,1.0,0.012308435648104354,0.1858514868790408,0.06720397244992263,0.0,0.8894583828429335,0.9282879999025386,,,EXPLOIT
498,59,,,0,0,0,0,common,1.0,0.00800048317126778,0.18357717232134846,0.049442925666326173,0.0,0.8899393928464038,0.9286490017068829,,,EXPLOIT
499,59,,,0,0,0,0,common,0.0,0.994799685938676,0.1821110563397446,0.3330499537480311,0.0,0.8904114868929839,0.9290028309826378,,,EXPLOIT
500,59,,,0,0,0,0,common,1.0,0.3533802041398606,0.43635669265461385,0.3391490288655799,0.0,0.8908748874151405,0.9293496820417501,,,EXPLOIT
501,59,,,0,1,1,0,common,0.0,0.2283439925177382,0.33092389383532567,0.3059075179612274,0.0,0.8913298095902439,0.9296897422978291,,,EXPLOIT
502,59,,,0,1,1,0,common,0.0,0.14842359513652983,0.27072904578515605,0.25866234111381814,0.0,0.8917764616343192,0.9300231925698811,,,EXPLOIT
503,59,,,0,0,0,0,common,1.0,0.2296971326909094,0.23581970068644237,0.2499727785869455,0.0,0.8922150450816361,0.9303502073701281,,,EXPLOIT
504,59,,,0,0,0,0,common,0.0,0.8506968637509089,0.1885874322179465,0.4301900041361345,0.0,0.8926457550509225,0.93067095517688,,,EXPLOIT
505,59,,,0,0,0,0,common,1.0,0.4470470385619092,0.40264435885083816,0.4352471144638669,0.0,0.8930687804989443,0.9309855986933556,,,EXPLOIT
506,59,,,0,0,0,0,common,0.0,0.709419424934759,0.2770778321839665,0.5174988076051344,0.0,0.8897255990154643,0.9285450520554328,,,EXPLOIT
507,59,,,0,1,1,0,common,1.0,0.9035246631612556,0.48430795458325093,0.6333065642719707,0.0,0.8862033495944812,0.9259527134374399,,,EXPLOIT
508,59,,,0,1,1,0,common,0.0,0.41270896894518383,0.6884812998713636,0.5671272856739347,0.0,0.8824874422820118,0.9231941108569351,,,EXPLOIT
509,59,,,0,1,1,0,common,0.0,0.2682608298143695,0.6239457511843998,0.47746734891606507,0.0,0.8831042581529439,0.9236620045020755,,,EXPLOIT
510,59,,,0,1,1,0,common,0.0,0.1743695393793402,0.5522702619479518,0.3865380060550476,0.0,0.8837085603903198,0.9241196373796913,,,EXPLOIT
511,59,,,0,1,1,0,common,0.0,0.11334020059657113,0.4993295991074916,0.30457866441750464,0.0,0.8843006963695482,0.9245673209873143,,,EXPLOIT
512,59,,,0,1,1,0,common,0.0,0.07367113038777123,0.46390361522534995,0.2353064042085846,0.0,0.8848810008229023,0.925005354407406,,,EXPLOIT
513,59,,,0,1,1,0,common,0.0,0.0478862347520513,0.4408474063067528,0.1790803533716246,0.0,0.8854497964100678,0.925434024920227,,,EXPLOIT
514,59,,,0,1,1,0,common,0.0,0.031126052588833348,0.42594416278805675,0.1346940631367872,0.0,0.8860073942580617,0.9258536085807473,,,EXPLOIT
515,59,,,0,1,1,0,common,0.0,0.020231934182741676,0.4163158299911447,0.10035542445057354,0.0,0.8865540944724253,0.9262643707620424,,,EXPLOIT
516,59,,,0,1,1,0,common,1.0,0.9868492427812179,0.41008823380604476,0.36630356994976687,0.0,0.887090186621458,0.9266665666674178,,,EXPLOIT
517,59,,,0,1,1,0,common,0.0,0.35854799219220834,0.6725387445916686,0.3639768966224993,0.0,0.8876159501951345,0.9270604418133449,,,EXPLOIT
518,59,,,0,1,1,0,common,0.0,0.23305619492493543,0.5990212507233428,0.32470068611323016,0.0,0.8881316550402377,0.9274462324851317,,,EXPLOIT
519,59,,,0,1,1,0,common,0.0,0.15148652670120805,0.5327794946458551,0.2727364382896235,0.0,0.8886375617731351,0.9278241661671044,,,EXPLOIT
520,59,,,0,0,0,0,common,0.0,0.46112262620759337,0.4860856399233155,0.3292522946650145,0.0,0.8891339221715221,0.9281944619489513,,,EXPLOIT
521,59,,,0,0,0,0,common,1.0,0.7002702929650643,0.618254328446467,0.4405576941550294,0.0,0.8896209795463774,0.9285573309097527,,,EXPLOIT
522,59,,,0,0,0,0,common,1.0,0.4551756904272918,0.4115051811991335,0.4449430930367081,0.0,0.890098969095284,0.9289129764811166,,,EXPLOIT
523,59,,,0,0,0,0,common,1.0,0.29586419877773973,0.2823199114878645,0.40021942475901756,0.0,0.8905681182381965,0.9292615947907319,,,EXPLOIT
524,59,,,0,0,0,0,common,1.0,0.19231172920553086,0.21401341532855306,0.3378471160929715,0.0,0.8910286469366635,0.9296033749875614,,,EXPLOIT
525,59,,,0,0,0,0,common,1.0,0.12500262398359507,0.17691471885168236,0.2739937684601586,0.0,0.8914807679974506,0.9299384995498097,,,EXPLOIT
526,59,,,0,0,0,0,common,1.0,0.08125170558933681,0.15575329310909328,0.21617114959891207,0.0,0.8919246873614415,0.9302671445767193,,,EXPLOIT
527,59,,,0,0,0,0,common,1.0,0.05281360863306894,0.1431779233952482,0.16716388730915913,0.0,0.8923606043786483,0.9305894800651798,,,EXPLOIT
528,59,,,0,0,0,0,common,1.0,0.03432884561149485,0.13548022554299863,0.12731337479985982,0.0,0.8927887120701022,0.9309056701720605,,,EXPLOIT
529,59,,,0,0,0,0,common,1.0,0.02231374964747168,0.13067149692418925,0.09581348725414338,0.0,0.8932091973773472,0.9312158734631236,,,EXPLOIT
530,59,,,0,0,0,0,common,1.0,0.014503937270856637,0.12762629172427853,0.07142062225915735,0.0,0.8936222414002184,0.9315202431493075,,,EXPLOIT
531,59,,,0,0,0,0,common,1.0,0.00942755922605687,0.1256803984615714,0.05282270334922721,0.0,0.8940280196235413,0.931818927311125,,,EXPLOIT
532,59,,,0,0,0,0,common,1.0,0.006127913496936976,0.12442957696915377,0.03881426639354013,0.0,0.8944267021333491,0.9321120691118656,,,EXPLOIT
533,59,,,0,0,0,0,common,1.0,0.0039831437730090125,0.12362242313300285,0.028364929607380795,0.0,0.8948184538231789,0.9323998070002503,,,EXPLOIT
534,59,,,0,0,0,0,common,1.0,0.002589043452455808,0.12310024683737625,0.020632163760903297,0.0,0.8952034345909753,0.9326822749031406,,,EXPLOIT
535,59,,,0,0,0,0,common,0.0,0.9983171217559037,0.12276187445137393,0.3139376511594034,0.0,0.8955817995270937,0.9329596024088683,,,EXPLOIT
536,59,,,0,0,0,0,common,1.0,0.3510938708586626,0.3241868840737401,0.3250845170691812,0.0,0.8959536990938749,0.9332319149417138,,,EXPLOIT
537,59,,,0,0,0,0,common,0.0,0.7717889839418692,0.23614231768873778,0.45909585713098755,0.0,0.89631927929722,0.9334993339280265,,,EXPLOIT
538,59,,,0,0,0,0,common,0.0,0.501662839562215,0.4498127712803913,0.47186595186035574,0.0,0.8966786818505857,0.9337619769544532,,,EXPLOIT
539,59,,,0,0,0,0,common,1.0,0.6739191542845602,0.5993581057694639,0.532481912587617,0.0,0.8935236765385404,0.9314885400736702,,,EXPLOIT
540,59,,,0,0,0,0,common,1.0,0.43804745028496417,0.39654364075715454,0.5041515738968211,0.0,0.8902045036253398,0.9290787045989319,,,EXPLOIT
541,59,,,0,0,0,0,common,1.0,0.28473084268522675,0.27432377055724666,0.43832535453334276,0.0,0.8906717087336359,0.9294240659584535,,,EXPLOIT
542,59,,,0,0,0,0,common,1.0,0.1850750477453974,0.20975210397621397,0.3623502624969591,0.0,0.8911303415339853,0.9297626763135763,,,EXPLOIT
543,59,,,0,0,0,0,common,1.0,0.1202987810345083,0.17453080000440757,0.2897348180582239,0.0,0.8915806132752342,0.9300947150904333,,,EXPLOIT
544,59,,,0,0,0,0,common,0.0,0.9218057923275695,0.1543576614849735,0.47935611033902753,0.0,0.8920227284029433,0.9304203554688418,,,EXPLOIT
545,59,,,0,1,1,0,common,0.0,0.09846624235578523,0.3647397924573958,0.36508914994405484,0.0,0.8924568848314012,0.9307397646520498,,,EXPLOIT
546,59,,,0,1,1,0,common,0.0,0.0640030575312604,0.33637147600332246,0.2747633222202165,0.0,0.8928832742026857,0.9310531041226214,,,EXPLOIT
547,59,,,0,1,1,0,common,0.0,0.041601987395319256,0.318582438807143,0.2048149217727473,0.0,0.893302082133483,0.9313605298852805,,,EXPLOIT
548,59,,,0,0,0,0,common,1.0,0.4008262349870797,0.3073179468840458,0.26361831573704697,0.0,0.8937134884503403,0.9316621926974851,,,EXPLOIT
549,59,,,0,0,0,0,common,1.0,0.26053705274160177,0.212121102562214,0.2626939368384134,0.0,0.8941176674139703,0.9319582382884468,,,EXPLOIT
550,59,,,0,0,0,0,common,1.0,0.1693490842820411,0.1635525726519671,0.2346904810715017,0.0,0.8945147879332077,0.9322488075672676,,,EXPLOIT
551,59,,,0,0,0,0,common,1.0,0.11007690478332677,0.1372476732199699,0.19730640818504921,0.0,0.8949050137691625,0.9325340368208184,,,EXPLOIT
552,59,,,0,0,0,0,common,1.0,0.07154998810916235,0.12218207360435342,0.15957948216228315,0.0,0.8952885037300938,0.9328140579019446,,,EXPLOIT
553,59,,,0,0,0,0,common,1.0,0.04650749227095552,0.11318812680187995,0.12565788519488486,0.0,0.8956654118574926,0.9330889984085458,,,EXPLOIT
554,59,,,0,0,0,0,common,1.0,0.030229869976121093,0.10766244760510779,0.09702948062925572,0.0,0.8960358876038301,0.9333589818540423,,,EXPLOIT
555,59,,,0,0,0,0,common,1.0,0.01964941548447874,0.10420140116534679,0.07381546108582261,0.0,0.8964000760024079,0.9336241278297078,,,EXPLOIT
556,59,,,0,0,0,0,common,1.0,0.01277212006491113,0.10200562351768458,0.055502458779549166,0.0,0.8967581178297123,0.9338845521593155,,,EXPLOIT
557,59,,,0,0,0,0,common,1.0,0.008301878042192179,0.10060078703131585,0.04134228455834207,0.0,0.8971101497606597,0.9341403670465227,,,EXPLOIT
558,59,,,0,0,0,0,common,1.0,0.005396220727424961,0.09969701810265112,0.030558465409066933,0.0,0.8974563045170898,0.9343916812153847,,,EXPLOIT
559,59,,,0,0,0,0,common,1.0,0.0035075434728262245,0.0991135024899318,0.022443188828194717,0.0,0.8977967110098507,0.934638600044373,,,EXPLOIT
560,59,,,0,0,0,0,common,0.0,0.9977200967426629,0.09873587222577762,0.3150262612025352,0.0,0.898131494474793,0.9348812256942394,,,EXPLOIT
561,59,,,0,0,0,0,common,1.0,0.35148193711726905,0.27101289228215,0.32596296397695534,0.0,0.8984607766029766,0.9351196572300604,,,EXPLOIT
562,59,,,0,0,0,0,common,1.0,0.2284632591262249,0.19386791302209982,0.2967130525217362,0.0,0.8987846756653765,0.935353990737763,,,EXPLOIT
563,59,,,0,0,0,0,common,1.0,0.14850111843204616,0.15384997382924637,0.2522494722948292,0.0,0.8991033066323545,0.9355843194354235,,,EXPLOIT
564,59,,,0,0,0,0,common,1.0,0.09652572698082995,0.13177348033284852,0.20553234870062942,0.0,0.8994167812881552,0.9358107337796102,,,EXPLOIT
565,59,,,0,0,0,0,common,1.0,0.06274172253753951,0.11894900779293312,0.16269516085170244,0.0,0.8997252083406599,0.9360333215670259,,,EXPLOIT
566,59,,,0,0,0,0,common,1.0,0.040782119649400705,0.11121638040133788,0.12612124849101192,0.0,0.9000286935266351,0.9362521680316891,,,EXPLOIT
567,59,,,0,0,0,0,common,1.0,0.02650837777211046,0.10643351242424977,0.09623738727534147,0.0,0.9003273397126798,0.9364673559378847,,,EXPLOIT
568,59,,,0,0,0,0,common,1.0,0.01723044555187181,0.1034242772554796,0.07253530475830057,0.0,0.9006212469920842,0.9366789656690915,,,EXPLOIT
569,59,,,0,1,1,0,common,0.0,0.027041291806957517,0.10150949501821055,0.058887100872897655,0.0,0.9009105127777859,0.9368870753130955,,,EXPLOIT
570,59,,,0,0,0,0,common,1.0,0.011199789608716704,0.0985687765273947,0.044580907493643365,0.0,0.9011952318916082,0.9370917607434706,,,EXPLOIT
571,59,,,0,0,0,0,common,1.0,0.007279863245665874,0.09737349644070309,0.033390594219250114,0.0,0.9014754966499522,0.9372930956976138,,,EXPLOIT
572,59,,,0,0,0,0,common,0.0,0.9952680888903171,0.09660360762987996,0.3219538426205702,0.0,0.901751396946107,0.9374911518514979,,,EXPLOIT
573,59,,,0,0,0,0,common,0.0,0.6469242577787062,0.2654993765411132,0.41944496716801094,0.0,0.9020230203293309,0.9375,,,EXPLOIT
574,59,,,0,0,0,0,common,0.0,0.42050076755615906,0.45005654207501655,0.4197617072844554,0.0,0.902290452080853,0.9375,,,EXPLOIT
575,59,,,0,0,0,0,common,0.0,0.2733254989115034,0.5776545693123856,0.3758308447725698,0.0,0.9025537752869308,0.9375,,,EXPLOIT
576,59,,,0,0,0,0,common,1.0,0.8223384257075228,0.6444052496204105,0.5097831190530557,0.0,0.8996935589164768,0.935442220787605,,,EXPLOIT
577,59,,,0,0,0,0,common,1.0,0.5345199767098898,0.4101485119355008,0.5172041763501058,0.0,0.8966916003174759,0.9332670452649632,,,EXPLOIT
578,59,,,0,0,0,0,common,1.0,0.3474379848614284,0.26159804593200164,0.46627431890350257,0.0,0.897044746305283,0.9335338351661712,,,EXPLOIT
579,59,,,0,0,0,0,common,0.0,0.7741653098400715,0.18732008952088497,0.5586416161844732,0.0,0.8939085233077994,0.9312468896135833,,,EXPLOIT
580,59,,,0,1,1,0,common,0.0,0.017576839674522386,0.37749146675788736,0.39632218323148793,0.0,0.8943092910583373,0.9315506781889265,,,EXPLOIT
581,59,,,0,0,0,0,common,1.0,0.4967925486039535,0.3722653090177732,0.4264632928432276,0.0,0.8947030796557673,0.9318487959250797,,,EXPLOIT
582,59,,,0,0,0,0,common,1.0,0.32291515659256975,0.2410799105417724,0.3953988519680302,0.0,0.8950900504583772,0.9321413854999366,,,EXPLOIT
583,59,,,0,0,0,0,common,0.0,0.7901051482148297,0.17582225929769954,0.51381074084207,0.0,0.8918528950164307,0.929771124788406,,,EXPLOIT
584,59,,,0,0,0,0,common,1.0,0.4864316536603607,0.36353553592962135,0.5055970146875572,0.0,0.8884451221928478,0.9272556162643489,,,EXPLOIT
585,59,,,0,0,0,0,common,1.0,0.31618057487923446,0.23673643586154441,0.44877208274506036,0.0,0.8889451062187702,0.9276374244114731,,,EXPLOIT
586,59,,,0,0,0,0,common,1.0,0.20551737367150236,0.17361420123495697,0.3757956700229929,0.0,0.8894356950975474,0.9280114868669925,,,EXPLOIT
587,59,,,0,1,1,0,common,0.0,0.011424945788439552,0.14052618953820872,0.2664844527526269,0.0,0.8899171270906892,0.9283780186419892,,,EXPLOIT
588,59,,,0,1,1,0,common,0.0,0.007426214762485709,0.1388568813503991,0.1887669813555845,0.0,0.8903896325556053,0.9287372269222396,,,EXPLOIT
589,59,,,0,0,0,0,common,1.0,0.1335862928864765,0.13778104831057136,0.1722127748148521,0.0,0.8908534342710457,0.9290893114213363,,,EXPLOIT
590,59,,,0,0,0,0,common,1.0,0.08683109037620973,0.11963086451648747,0.14659826948325938,0.0,0.8913087477465826,0.9294344647148531,,,EXPLOIT
591,59,,,0,0,0,0,common,0.0,0.9435597912554636,0.10899618603172051,0.38568672601492066,0.0,0.8917557815170466,0.9297728725567308,,,EXPLOIT
592,59,,,0,0,0,0,common,0.0,0.6133138643160514,0.2802820088586311,0.45397486750525984,0.0,0.8921947374227571,0.9301047141789781,,,EXPLOIT
593,59,,,0,0,0,0,common,0.0,0.3986540118054334,0.45819530883063847,0.4373786107953119,0.0,0.892625810876345,0.9304301625757068,,,EXPLOIT
594,59,,,0,0,0,0,common,1.0,0.7408748923264683,0.5788074574360857,0.5284274952546588,0.0,0.8892591682258232,0.9279554732018969,,,EXPLOIT
595,59,,,0,0,0,0,common,0.0,0.5184313199877956,0.3539904403874755,0.5254286426745998,0.0,0.8857115686828693,0.9253257767936108,,,EXPLOIT
596,59,,,0,0,0,0,common,1.0,0.6630196420079328,0.513145800523476,0.5667059424745997,0.0,0.8819682139649322,0.922526184698842,,,EXPLOIT
597,59,,,0,0,0,0,common,1.0,0.43096276730515637,0.31341685436280053,0.5259829899237667,0.0,0.8780126472653635,0.9195398385954827,,,EXPLOIT
598,59,,,0,0,0,0,common,1.0,0.28012579874835164,0.21057806467279577,0.4522258325711422,0.0,0.8787231303249614,0.9200909421126221,,,EXPLOIT
599,59,,,0,0,0,0,common,1.0,0.1820817691864286,0.15907778988331756,0.3711826135557281,0.0,0.879418402976293,0.9206291480934665,,,EXPLOIT
600,59,,,0,0,0,0,common,1.0,0.11835314997117863,0.13162004618932155,0.29533377448036324,0.0,0.8800989144900303,0.9211548778200473,,,EXPLOIT
601,59,,,0,1,1,0,common,0.0,0.004827039595615711,0.11606903704876609,0.20818175401493896,0.0,0.88076509672064,0.9216685344983137,,,EXPLOIT
602,59,,,0,0,0,0,common,1.0,0.07692954748126613,0.11547077431459207,0.1688060920548371,0.0,0.8814173649428828,0.9221705042179053,,,EXPLOIT
603,59,,,0,0,0,0,common,1.0,0.05000420586282295,0.10629958407345245,0.13316552619723285,0.0,0.8820561186405492,0.9226611568514106,,,EXPLOIT
604,59,,,0,1,1,0,common,1.0,0.9968624242628498,0.10069362369941794,0.3922745956169179,0.0,0.8826817422505834,0.9231408468975144,,,EXPLOIT
605,59,,,0,1,1,0,common,1.0,0.6479605757708524,0.27528165072056276,0.4689803896630982,0.0,0.8832946058655148,0.9236099142720747,,,EXPLOIT
606,59,,,0,0,0,0,common,1.0,0.032502733810834905,0.46281102328895085,0.3380370929074192,0.0,0.8838950658968936,0.9240686850508472,,,EXPLOIT
607,59,,,0,0,0,0,common,1.0,0.021126776977042683,0.45262874942923514,0.2429639981283062,0.0,0.8844834657022359,0.9245174721672651,,,EXPLOIT
608,59,,,0,0,0,0,common,1.0,0.013732405035077777,0.44601908985721894,0.17419452020033768,0.0,0.8850601361777957,0.924956576068421,,,EXPLOIT
609,59,,,0,1,1,0,common,0.0,0.5788256257489459,0.44172872093240234,0.29558385186492014,0.0,0.8856253963193197,0.9253862853321376,,,EXPLOIT
610,59,,,0,0,0,0,common,1.0,0.008926063272800544,0.27572433735106683,0.20958651528728425,0.0,0.8861795537527845,0.9258068772477993,,,EXPLOIT
611,59,,,0,0,0,0,common,1.0,0.005801941127320354,0.2735005739472332,0.14845114303929507,0.0,0.8867229052369713,0.9262186183633974,,,EXPLOIT
612,59,,,0,0,0,0,common,1.0,0.003771261732758213,0.2720616601327154,0.10504717864733401,0.0,0.8872557371396105,0.9266217650010663,,,EXPLOIT
613,59,,,0,0,0,0,common,1.0,0.0024513201262927886,0.2711291321950555,0.07426842109102164,0.0,0.8877783258887002,0.9270165637432013,,,EXPLOIT
614,59,,,0,0,0,0,common,1.0,0.0015933580820902682,0.27052415930219575,0.05246590218834222,0.0,0.8882909384004981,0.9274032518911042,,,EXPLOIT
615,59,,,0,0,0,0,common,1.0,0.0010356827533586355,0.27013142179169813,0.037036836357847144,0.0,0.8887938324855784,0.9277820578979461,,,EXPLOIT
616,59,,,0,0,0,0,common,1.0,0.000673193789683113,0.2698763516091308,0.026127743587397934,0.0,0.8892872572342596,0.9281532017777125,,,EXPLOIT
617,59,,,0,0,0,0,common,1.0,0.000437575963294079,0.26971064440885933,0.018420693300166775,0.0,0.8897714533826077,0.9285168954916708,,,EXPLOIT
618,59,,,0,0,0,0,common,1.0,0.0002844243761411791,0.26960297209410244,0.012979812622959096,0.0,0.890246653660156,0.9288733433137869,,,EXPLOIT
619,59,,,0,0,0,0,common,1.0,0.00018487584449178307,0.26953300087876386,0.009141331589418902,0.0,0.8907130831203911,0.929222742176417,,,EXPLOIT
620,59,,,0,0,0,0,common,1.0,0.0001201692989196701,0.2694875262604004,0.006434982902269132,0.0,0.8911709594549978,0.9295652819975088,,,EXPLOIT
621,59,,,0,0,0,0,common,1.0,7.811004429780777e-05,0.2694579705773954,0.004527921044877735,0.0,0.891620493292785,0.9299011459904499,,,EXPLOIT
622,59,,,0,0,0,0,common,1.0,5.077152879362501e-05,0.26943876057448923,0.0031847761900525022,0.0,0.8920618884841559,0.9302305109576335,,,EXPLOIT
623,59,,,0,0,0,0,common,1.0,3.300149371587846e-05,0.2694262745758309,0.0022392437811515147,0.0,0.8924953423719343,0.9305535475687272,,,EXPLOIT
624,59,,,0,0,0,0,common,1.0,2.145097091532655e-05,0.2694181588893215,0.001573905938080658,0.0,0.8929210460493007,0.9308704206245678,,,EXPLOIT
625,59,,,0,0,0,0,common,1.0,1.3943131094928951e-05,0.269412883782923,0.0011059170959849393,0.0,0.8933391846055517,0.9311812893075423,,,EXPLOIT
626,59,,,0,0,0,0,common,1.0,9.063035211753778e-06,0.2694094550017184,0.0007768608777529836,0.0,0.8937499373603466,0.931486307419254,,,EXPLOIT
627,59,,,0,0,0,0,common,1.0,5.8909728876122e-06,0.2694072263099711,0.0005455699062933721,0.0,0.8941534780870642,0.9317856236062206,,,EXPLOIT
628,59,,,0,0,0,0,common,0.0,0.999996170867623,0.26940577766711066,0.3003807501946923,0.0,0.8945499752258598,0.9320793815743033,,,EXPLOIT
629,59,,,0,0,0,0,common,1.0,0.350002488936045,0.5630697557510659,0.3152672718170981,0.0,0.8949395920869667,0.9323677202925156,,,EXPLOIT
630,59,,,0,0,0,0,common,1.0,0.22750161780842926,0.45601605946510515,0.28893757561449745,0.0,0.8953224870447661,0.9326507741868224,,,EXPLOIT
631,59,,,0,0,0,0,common,1.0,0.147876051575479,0.3858299275605271,0.2466191184027919,0.0,0.8956988137231043,0.9329286733244976,,,EXPLOIT
632,59,,,0,0,0,0,common,0.0,0.9038805664759386,0.3424677671356246,0.4437975528247359,0.0,0.8960687211723177,0.9332015435895712,,,EXPLOIT
633,59,,,0,0,0,0,common,1.0,0.4124776317906399,0.611247426361442,0.43440157651450706,0.0,0.8964323540383966,0.933469506849867,,,EXPLOIT
634,59,,,0,0,0,0,common,1.0,0.268110460663916,0.4923307189465451,0.38451424175932974,0.0,0.8967898527246886,0.9337326811160955,,,EXPLOIT
635,59,,,0,0,0,0,common,1.0,0.17427179943154536,0.40875523687371956,0.3214415090609944,0.0,0.8971413535465241,0.9339911806934389,,,EXPLOIT
636,59,,,0,0,0,0,common,1.0,0.11327666963050453,0.3565749048980243,0.25899205723184743,0.0,0.8974869888791247,0.9342451163260405,,,EXPLOIT
637,59,,,0,0,0,0,common,1.0,0.07362983525982791,0.32442890162811067,0.20338339064024158,0.0,0.8978268872991285,0.9344945953347814,,,EXPLOIT
638,59,,,0,0,0,0,common,1.0,0.04785939291888819,0.3044399959803155,0.15672619132383556,0.0,0.8981611737200564,0.9347397217487058,,,EXPLOIT
639,59,,,0,0,0,0,common,0.0,0.9688913946027227,0.2918605254645754,0.40037575230750166,0.0,0.8984899695220141,0.9349805964304336,,,EXPLOIT
640,59,,,0,0,0,0,common,0.0,0.6297794064917698,0.5794064054548703,0.4691968485627821,0.0,0.8988133926759194,0.9352173171958802,,,EXPLOIT
641,59,,,0,0,0,0,common,1.0,0.5906433857803497,0.6909581208597797,0.5056308097280524,0.0,0.8957671398719095,0.9330291145718681,,,EXPLOIT
642,59,,,0,0,0,0,common,1.0,0.38391820075722727,0.5900997035041904,0.46911702703680486,0.0,0.8961358857096361,0.9333001750526658,,,EXPLOIT
643,59,,,0,0,0,0,common,1.0,0.24954683049219772,0.47575265405621514,0.4032459680734227,0.0,0.8964983830305814,0.9335663721572611,,,EXPLOIT
644,59,,,0,0,0,0,common,0.0,0.8377945601800715,0.3982190945225641,0.5336105457054173,0.0,0.8933341065304649,0.9312813556170537,,,EXPLOIT
645,59,,,0,0,0,0,common,0.0,0.5445664641170465,0.6395344726341241,0.536897321228906,0.0,0.8900049388384016,0.9288588923742152,,,EXPLOIT
646,59,,,0,0,0,0,common,1.0,0.6460317983239198,0.6921563949161001,0.56963766435741,0.0,0.8864978282390772,0.9262863304438693,,,EXPLOIT
647,59,,,0,0,0,0,common,1.0,0.4199206689105479,0.6164732675559081,0.5247225657233514,0.0,0.882798308484934,0.9235494160245252,,,EXPLOIT
648,59,,,0,0,0,0,common,0.0,0.7270515652081438,0.49663568051515156,0.5854212655687892,0.0,0.8788903018209039,0.9206320317078966,,,EXPLOIT
649,59,,,0,0,0,0,common,1.0,0.5274164826147065,0.6749208209768713,0.5680198306825643,0.0,0.8747558881513237,0.917515881611511,,,EXPLOIT
650,59,,,0,0,0,0,common,1.0,0.34282071369955913,0.5571266273921394,0.5004600955876628,0.0,0.8703750333590455,0.9141801104402258,,,EXPLOIT
651,59,,,0,0,0,0,common,1.0,0.22283346390471348,0.45183961996328953,0.41717210608277794,0.0,0.8712570827127932,0.9148630937549714,,,EXPLOIT
652,59,,,0,0,0,0,common,1.0,0.14484175153806378,0.38322533453040114,0.3354729997193637,0.0,0.8721185661263462,0.9155286226456114,,,EXPLOIT
653,59,,,0,0,0,0,common,0.0,0.9058528615002586,0.34086471745981733,0.5065869582536321,0.0,0.867576784544371,0.9120488364358034,,,EXPLOIT
654,59,,,0,1,1,0,common,1.0,0.6237633432631852,0.6103347042528016,0.541739873756498,0.0,0.8627510552462175,0.9083094283570203,,,EXPLOIT
655,59,,,0,1,1,0,common,0.0,0.5945538268789297,0.6930810719912278,0.5575840596932276,0.0,0.8576141586010498,0.9042804288780432,,,EXPLOIT
656,59,,,0,0,0,0,common,1.0,0.4111956400248319,0.6175098145553194,0.5136675337927088,0.0,0.8521352813631803,0.8999270713579346,,,EXPLOIT
657,59,,,0,0,0,0,common,1.0,0.2672771660161407,0.5006781031801413,0.43975042345973836,0.0,0.8534864895287698,0.9010173959228333,,,EXPLOIT
658,59,,,0,0,0,0,common,1.0,0.1737301579104915,0.41726862992548286,0.35994434379496426,0.0,0.8548000778481514,0.9020736633562304,,,EXPLOIT
659,59,,,0,0,0,0,common,1.0,0.11292460264181947,0.36481710880036017,0.2858384214490208,0.0,0.8560775322156724,0.903097393912684,,,EXPLOIT
660,59,,,0,0,0,0,common,1.0,0.07340099171718262,0.33237957973127835,0.2221071925294693,0.0,0.8573202614400015,0.9040900187976025,,,EXPLOIT
661,59,,,0,0,0,0,common,1.0,0.047710644616168696,0.31216449216831227,0.16978822815547912,0.0,0.8585296021805388,0.9050528865945551,,,EXPLOIT
662,59,,,0,1,1,0,common,0.0,0.3864599874713043,0.29942556915275376,0.23478975595022666,0.0,0.8597068235092663,0.9059872691438063,,,EXPLOIT
663,59,,,0,1,1,0,common,0.0,0.25119899185634775,0.20897595485262194,0.23971252672206295,0.0,0.8608531311307864,0.9068943669259768,,,EXPLOIT
664,59,,,0,0,0,0,common,1.0,0.031011919000509702,0.16255290170627307,0.17710234440559697,0.0,0.8619696712900541,0.9077753139987561,,,EXPLOIT
665,59,,,0,0,0,0,common,1.0,0.020157747350331268,0.1574653296179147,0.13001896528901724,0.0,0.8630575343944435,0.9086311825293718,,,EXPLOIT
666,59,,,0,1,1,0,common,0.0,0.16327934470662603,0.15423103381687167,0.13999707911429987,0.0,0.8641177583742174,0.9094629869609089,,,EXPLOIT
667,59,,,0,0,0,0,common,1.0,0.013102535777715363,0.13006373408195354,0.10192871611332452,0.0,0.865151331803178,0.9102716878465311,,,EXPLOIT
668,59,,,0,0,0,0,common,0.0,0.991483351744485,0.12827530526624725,0.36879510680267263,0.0,0.8661591967992324,0.9110581953820843,,,EXPLOIT
669,59,,,0,0,0,0,common,1.0,0.35553582136608475,0.33382798411794723,0.36481732117169624,0.0,0.8671422517227731,0.9118233726644017,,,EXPLOIT
670,59,,,0,0,0,0,common,1.0,0.23109828388795506,0.24296150479084194,0.3247016099865738,0.0,0.8681013536891224,0.9125680386998449,,,EXPLOIT
671,59,,,0,0,0,0,common,1.0,0.15021388452717077,0.1943299795802918,0.2723552923487529,0.0,0.8690373209098219,0.9132929711851328,,,EXPLOIT
672,59,,,0,1,1,0,common,0.0,0.10613157405930693,0.16710825026047005,0.22248817686191907,0.0,0.869950934876216,0.9139989090803172,,,EXPLOIT
673,59,,,0,0,0,0,common,1.0,0.09763902494266097,0.1498510582875503,0.18503343128614164,0.0,0.8708429423975851,0.9146865549918078,,,EXPLOIT
674,59,,,0,0,0,0,common,1.0,0.06346536621272958,0.13534035701566433,0.148563011764118,0.0,0.871714057505008,0.9153565773816044,,,EXPLOIT
675,59,,,0,0,0,0,common,0.0,0.9587475119617258,0.12657573045238482,0.3916183618234003,0.0,0.8725649632311602,0.9160096126173514,,,EXPLOIT
676,59,,,0,0,0,0,common,1.0,0.37681411722487823,0.32122477919890147,0.3871770884438437,0.0,0.8733963132753809,0.9166462668764318,,,EXPLOIT
677,59,,,0,0,0,0,common,1.0,0.24492917619617083,0.22808602643255224,0.3445027147695418,0.0,0.8742087335625427,0.9172671179160836,,,EXPLOIT
678,59,,,0,0,0,0,common,1.0,0.15920396452751107,0.1793340018017874,0.2889130896969326,0.0,0.875002823703545,0.9178727167204106,,,EXPLOIT
679,59,,,0,0,0,0,common,1.0,0.10348257694288221,0.15246127267198248,0.23328393587071744,0.0,0.8757791583645982,0.9184635890341607,,,EXPLOIT
680,59,,,0,0,0,0,common,1.0,0.06726367501287345,0.13689079766481943,0.18347785761336424,0.0,0.8765382885518753,0.9190402367922499,,,EXPLOIT
681,59,,,0,0,0,0,common,0.0,0.9562786112416323,0.12752472958604125,0.41531808370184464,0.0,0.8772807428175711,0.9196031394532101,,,EXPLOIT
682,59,,,0,0,0,0,common,0.0,0.621581097307061,0.322486954964893,0.47719698778340947,0.0,0.878007028392923,0.9201527552440057,,,EXPLOIT
683,59,,,0,0,0,0,common,1.0,0.5959722867504104,0.5106017547889813,0.5128295774735097,0.0,0.8738205631785323,0.9170033187176831,,,EXPLOIT
684,59,,,0,0,0,0,common,1.0,0.3873819863877668,0.3295882964655286,0.47519530014778677,0.0,0.8746233905800679,0.9176153790350797,,,EXPLOIT
685,59,,,0,0,0,0,common,1.0,0.25179829115204844,0.23239613008615198,0.4081761974490652,0.0,0.8754081893152889,0.918212490861106,,,EXPLOIT
686,59,,,0,0,0,0,common,1.0,0.1636688892488315,0.1816471299063657,0.33482400498899506,0.0,0.8761755216074656,0.9187951661516266,,,EXPLOIT
687,59,,,0,0,0,0,common,1.0,0.10638477801174051,0.1537719472942654,0.2662922368958187,0.0,0.8769259266556384,0.9193638938267297,,,EXPLOIT
688,59,,,0,0,0,0,common,1.0,0.06915010570763136,0.137666530837108,0.20714959753936252,0.0,0.8776599218020803,0.9199191410526069,,,EXPLOIT
689,59,,,0,0,0,0,common,1.0,0.04494756870996042,0.12799836302283912,0.1584889888905419,0.0,0.8783780036294278,0.9204613544387661,,,EXPLOIT
690,59,,,0,0,0,0,common,1.0,0.0292159196614743,0.12203736112294251,0.11970706812182161,0.0,0.8790806489923711,0.9209909611570359,,,EXPLOIT
691,59,,,0,1,1,0,common,0.0,0.0689855231385495,0.11829512291871193,0.10449060462683997,0.0,0.8797683159884159,0.9215083699882521,,,EXPLOIT
692,59,,,0,1,1,0,common,0.0,0.04484059004005718,0.10985960367453179,0.08659560025080512,0.0,0.8804414448718706,0.9220139723020251,,,EXPLOIT
693,59,,,0,0,0,0,common,1.0,0.01899034777995834,0.10466845500840319,0.06631402450955108,0.0,0.8811004589148989,0.922508142974525,,,EXPLOIT
694,59,,,0,0,0,0,common,1.0,0.01234372605697287,0.10253708739127895,0.050122934973777615,0.0,0.8817457652191758,0.922991241248813,,,EXPLOIT
695,59,,,0,0,0,0,common,1.0,0.008023421937032316,0.10117271344451528,0.03749308106275402,0.0,0.8823777554814272,0.9234636115418682,,,EXPLOIT
696,59,,,0,0,0,0,common,1.0,0.005215224259071061,0.10029466138485668,0.02780972402164913,0.0,0.8829968067158754,0.923925584202128,,,EXPLOIT
697,59,,,0,0,0,0,common,1.0,0.0033898957683962117,0.09972761766258824,0.020483775545673256,0.0,0.8836032819363996,0.9243774762210437,,,EXPLOIT
698,59,,,0,0,0,0,common,1.0,0.0022034322494575154,0.09936059171094011,0.014999672556808532,0.0,0.8841975308010049,0.9248195919018761,,,EXPLOIT
699,59,,,0,0,0,0,common,1.0,0.001432230962147396,0.0991226789471681,0.01092944007841019,0.0,0.8847798902210072,0.9252522234886981,,,EXPLOIT
700,59,,,0,1,1,0,common,0.0,0.029146383526037167,0.09896831151240186,0.016394523112698282,0.0,0.8853506849371704,0.9256756517583417,,,EXPLOIT
701,59,,,0,1,1,0,common,0.0,0.01894514929192416,0.09587370223731691,0.017159710966466044,0.0,0.8859102280648639,0.9260901465778103,,,EXPLOIT
702,59,,,0,0,0,0,common,1.0,0.0009309501253957908,0.0939094577721125,0.012291082714144967,0.0,0.886458821610172,0.9264959674294827,,,EXPLOIT
703,59,,,0,0,0,0,common,1.0,0.0006051175815072751,0.09381388368962074,0.00878529317435366,0.0,0.8869967569587405,0.926893363906262,,,EXPLOIT
704,59,,,0,0,0,0,common,0.0,0.9996066735720203,0.09375180787004755,0.30603170729365364,0.0,0.8875243153390276,0.9272825761786546,,,EXPLOIT
705,59,,,0,0,0,0,common,0.0,0.6497443378218132,0.25991874062930403,0.4091454964521015,0.0,0.8880417682615109,0.9276638354356208,,,EXPLOIT
706,59,,,0,0,0,0,common,1.0,0.5776661804158214,0.44371762071978904,0.45970170164121743,0.0,0.8885493779352914,0.9280373643008973,,,EXPLOIT
707,59,,,0,0,0,0,common,1.0,0.3754830172702839,0.27760913025559664,0.43443609632993735,0.0,0.88904739766344,0.9284033772263693,,,EXPLOIT
708,59,,,0,0,0,0,common,1.0,0.24406396122568452,0.19434804788958068,0.3773244557986615,0.0,0.8895360722183433,0.928762080863957,,,EXPLOIT
709,59,,,0,0,0,0,common,1.0,0.15864157479669494,0.15178212375391564,0.3117195914980715,0.0,0.8900156381982195,0.929113674417369,,,EXPLOIT
710,59,,,0,0,0,0,common,1.0,0.10311702361785169,0.12857918978834298,0.24913882113400554,0.0,0.8904863243658924,0.9294583499749888,,,EXPLOIT
711,59,,,0,0,0,0,common,1.0,0.0670260653516036,0.11521427887115523,0.19450499439928495,0.0,0.8909483519708525,0.9297962928250579,,,EXPLOIT
712,59,,,0,0,0,0,common,0.0,0.9564330575214577,0.10720199636155545,0.42308341333593674,0.0,0.8914019350555541,0.9301276817542499,,,EXPLOIT
713,59,,,0,0,0,0,common,1.0,0.3783185126110524,0.2796472306913769,0.4096539431184714,0.0,0.8918472807468408,0.9304526893306436,,,EXPLOIT
714,59,,,0,0,0,0,common,0.0,0.7540929668028159,0.1953639490263836,0.5129856502237747,0.0,0.8884392082616348,0.9279793892981475,,,EXPLOIT
715,59,,,0,0,0,0,common,1.0,0.5098395715781696,0.38414774440665633,0.5120418266300931,0.0,0.8848468264766043,0.9253512135165722,,,EXPLOIT
716,59,,,0,0,0,0,common,1.0,0.3313957215258103,0.24721985671489405,0.45784799509880825,0.0,0.8854162974588107,0.9257725467389969,,,EXPLOIT
717,59,,,0,0,0,0,common,1.0,0.21540721899177673,0.17909299007160379,0.38511576226669875,0.0,0.8859745525183216,0.9261850075837377,,,EXPLOIT
718,59,,,0,0,0,0,common,0.0,0.8599853076553451,0.14362593092644507,0.5275766258832926,0.0,0.8822458879883678,0.9234415153498896,,,EXPLOIT
719,59,,,0,0,0,0,common,1.0,0.44100955002402564,0.32716710179435404,0.5016065031255125,0.0,0.8783062623904502,0.9205168972570072,,,EXPLOIT
720,59,,,0,0,0,0,common,1.0,0.2866562075156167,0.21891814804755347,0.4371214144425437,0.0,0.8790104440964657,0.9210452193484331,,,EXPLOIT
721,59,,,0,0,0,0,common,0.0,0.8136734651148492,0.16463006029240357,0.5500870296442353,0.0,0.8748830853618469,0.917957622293797,,,EXPLOIT
722,59,,,0,0,0,0,common,1.0,0.471112247675348,0.3515376187368546,0.526394595053569,0.0,0.8705099186520112,0.9146534447278283,,,EXPLOIT
723,59,,,0,0,0,0,common,0.0,0.6937770390110238,0.2309798696999686,0.5766093282408055,0.0,0.8658685526946065,0.9111092556971604,,,EXPLOIT
724,59,,,0,0,0,0,common,1.0,0.5490449246428345,0.4182998989030313,0.5683400071614141,0.0,0.8609337917740285,0.9072981181313204,,,EXPLOIT
725,59,,,0,0,0,0,common,0.0,0.6431207989821576,0.2644858713870292,0.5907742447076371,0.0,0.8556771824697874,0.9031889075471419,,,EXPLOIT
726,59,,,0,0,0,0,common,0.0,0.41802851933840246,0.447562640306953,0.5389505270968666,0.0,0.8500664695494766,0.898745465465359,,,EXPLOIT
727,59,,,0,0,0,0,common,0.0,0.2717185375699616,0.5747343059030438,0.45878093023879507,0.0,0.851476162604105,0.8998732384631045,,,EXPLOIT
728,59,,,0,0,0,0,common,1.0,0.8233829505795249,0.6419376734574396,0.568161536341014,0.0,0.8455740765273413,0.8951503525102034,,,EXPLOIT
729,59,,,0,0,0,0,common,1.0,0.5351989178766912,0.40613178631555463,0.5582727508017171,0.0,0.8392500236917323,0.8900143092880598,,,EXPLOIT
730,59,,,0,0,0,0,common,1.0,0.3478792966198493,0.2582937215613788,0.49515471454715676,0.0,0.8409829119193306,0.8914361692420523,,,EXPLOIT
731,59,,,0,0,0,0,common,1.0,0.2261215428029021,0.1846784575956202,0.41444476302388034,0.0,0.8426620572865328,0.8928080551075508,,,EXPLOIT
732,59,,,0,0,0,0,common,1.0,0.14697900282188636,0.1466303550140792,0.3342050349632821,0.0,0.8442898407887057,0.8941324903062616,,,EXPLOIT
733,59,,,0,0,0,0,common,1.0,0.09553635183422615,0.12566398827183475,0.2626044300245653,0.0,0.8458685049901766,0.8954118313016184,,,EXPLOIT
734,59,,,0,0,0,0,common,1.0,0.062098628692247027,0.11348843137619867,0.2024526896248698,0.0,0.8474001639426734,0.8966482811840448,,,EXPLOIT
735,59,,,0,0,0,0,common,1.0,0.04036410864996054,0.10614763613890149,0.15382611533239704,0.0,0.8488868122630226,0.8978439019509437,,,EXPLOIT
736,59,,,0,0,0,0,common,1.0,0.026236670622474367,0.10160711911567843,0.11554928191942022,0.0,0.8503303334520897,0.8990006256254135,,,EXPLOIT
737,59,,,0,1,1,0,common,0.0,0.012314347039750704,0.0987503020656921,0.08457880145551937,0.0,0.8517325075279335,0.9001202643398307,,,EXPLOIT
738,59,,,0,0,0,0,common,0.0,0.9829461640953917,0.09743460520130619,0.3540890102474811,0.0,0.8530950180382421,0.901204519495005,,,EXPLOIT
739,59,,,0,0,0,0,common,1.0,0.3610849933379954,0.26441357238676055,0.35618780517463533,0.0,0.8544194585101451,0.9022549900922954,,,EXPLOIT
740,59,,,0,0,0,0,common,1.0,0.23470524566969697,0.18694556509669796,0.3197430373231538,0.0,0.8557073383893762,0.90327318032452,,,EXPLOIT
741,59,,,0,0,0,0,common,1.0,0.152558409685303,0.14718373763884318,0.26958764903179855,0.0,0.8569600885153367,0.9042605065014601,,,EXPLOIT
742,59,,,0,0,0,0,common,0.0,0.900837033704553,0.1254040508170366,0.4589624644336249,0.0,0.8581790661738268,0.9052183033770296,,,EXPLOIT
743,59,,,0,0,0,0,common,1.0,0.41445592809204057,0.3031969116575638,0.44561050353114956,0.0,0.8593655597649693,0.906147829937561,,,EXPLOIT
744,59,,,0,0,0,0,common,1.0,0.26939635325982636,0.2061883715866097,0.3927462584497526,0.0,0.8605207931200879,0.9070502747040057,,,EXPLOIT
745,59,,,0,0,0,0,common,1.0,0.17510762961888715,0.15731502716430112,0.3274546698004929,0.0,0.8616459294979578,0.907926760595015,,,EXPLOIT
746,59,,,0,0,0,0,common,0.0,0.8861800407477234,0.13108346202583673,0.495072281084662,0.0,0.8627420752878726,0.9087783493927513,,,EXPLOIT
747,59,,,0,0,0,0,common,1.0,0.42398297351397973,0.3104805230137754,0.47374548881345724,0.0,0.8638102834443194,0.9096060458487828,,,EXPLOIT
748,59,,,0,0,0,0,common,1.0,0.2755889327840868,0.20978246808560874,0.41429852200464606,0.0,0.8648515566756826,0.9104108014634582,,,EXPLOIT
749,59,,,0,0,0,0,common,1.0,0.17913280630965644,0.15918432231991356,0.34374880729614915,0.0,0.865866850407289,0.9111935179686528,,,EXPLOIT
750,59,,,0,0,0,0,common,1.0,0.11643632410127669,0.13212057616562395,0.2755550623376874,0.0,0.8668570755372044,0.9119550505407025,,,EXPLOIT
751,59,,,0,0,0,0,common,1.0,0.07568361066582985,0.11675632188645005,0.21559362683613012,0.0,0.8678231010015003,0.9126962107675987,,,EXPLOIT
752,59,,,0,0,0,0,common,1.0,0.049194346932789346,0.10763838892470975,0.16567384286512787,0.0,0.868765756164184,0.9134177693920948,,,EXPLOIT
753,59,,,0,0,0,0,common,1.0,0.03197632550631302,0.10205852190669631,0.1255645876574834,0.0,0.8696858330456162,0.9141204588502266,,,EXPLOIT
754,59,,,0,0,0,0,common,1.0,0.020784611579103496,0.09857255027790042,0.09413059483396943,0.0,0.8705840884020057,0.9148049756228236,,,EXPLOIT
755,59,,,0,0,0,0,common,1.0,0.013509997526417239,0.09636469222094993,0.06994441564170377,0.0,0.8714612456674705,0.9154719824158952,,,EXPLOIT
756,59,,,0,0,0,0,common,1.0,0.008781498392171239,0.09495368278190659,0.051595540466844,0.0,0.8723179967691388,0.916122110184243,,,EXPLOIT
757,59,,,0,0,0,0,common,1.0,0.005707973954911294,0.09404659420294044,0.037829270513264186,0.0,0.8731550038248762,0.9167559600112942,,,EXPLOIT
758,59,,,0,0,0,0,common,1.0,0.0037101830706923744,0.09346120895689324,0.02759354428049264,0.0,0.8739729007323931,0.9173741048569358,,,EXPLOIT
759,59,,,0,0,0,0,common,1.0,0.0024116189959499934,0.09308248392651101,0.020038966695129844,0.0,0.8747722946577594,0.9179770911840391,,,EXPLOIT
760,59,,,0,0,0,0,common,1.0,0.0015675523473674957,0.09283706040829545,0.014497542390801138,0.0,0.8755537674306748,0.9185654404733821,,,EXPLOIT
761,59,,,0,0,0,0,common,0.0,0.9989810909742112,0.09267785040268256,0.30984260696582416,0.0,0.8763178768532398,0.9191396506358049,,,EXPLOIT
762,59,,,0,0,0,0,common,1.0,0.3506622908667627,0.2572532884480033,0.32208851213610573,0.0,0.8770651579284203,0.9197001973296396,,,EXPLOIT
763,59,,,0,0,0,0,common,1.0,0.22793048906339575,0.18336208274218865,0.29384110521429274,0.0,0.8777961240138945,0.9202475351907451,,,EXPLOIT
764,59,,,0,0,0,0,common,1.0,0.1481548178912072,0.14527164204374007,0.25013521901736707,0.0,0.8785112679065197,0.9207820989818386,,,EXPLOIT
765,59,,,0,0,0,0,common,1.0,0.0963006316292847,0.1243204715177571,0.20398484280094234,0.0,0.8792110628622343,0.9213043046672303,,,EXPLOIT
766,59,,,0,0,0,0,common,1.0,0.06259541055903506,0.11216865729366682,0.16156801312837013,0.0,0.8798959635558384,0.9218145504185566,,,EXPLOIT
767,59,,,0,0,0,0,common,1.0,0.04068701686337284,0.1048480878918844,0.12530371424887093,0.0,0.8805664069847469,0.9223132175566158,,,EXPLOIT
768,59,,,0,0,0,0,common,1.0,0.026446560961192356,0.10032247052564915,0.09564656826256736,0.0,0.881222813320491,0.9228006714340029,,,EXPLOIT
769,59,,,0,0,0,0,common,1.0,0.01719026462477502,0.09747600804146281,0.07210967717122965,0.0,0.8818655867114636,0.9232772622628328,,,EXPLOIT
770,59,,,0,0,0,0,common,1.0,0.011173672006103752,0.0956651641487454,0.05382887562169188,0.0,0.8824951160401328,0.9237433258914981,,,EXPLOIT
771,59,,,0,0,0,0,common,1.0,0.007262886803967472,0.09450450856065132,0.03985907897637455,0.0,0.8831117756377054,0.9241991845340889,,,EXPLOIT
772,59,,,0,0,0,0,common,0.0,0.9952791235774211,0.09375694405354211,0.3264850923566885,0.0,0.8837159259590099,0.9246451474558013,,,EXPLOIT
773,59,,,0,0,0,0,common,1.0,0.35306856967467626,0.2588941402244679,0.3344601355520848,0.0,0.8843079142201529,0.9250815116174054,,,EXPLOIT
774,59,,,0,0,0,0,common,1.0,0.2294945702885396,0.18418439772547204,0.30297046597302124,0.0,0.8848880750013259,0.9255085622815963,,,EXPLOIT
775,59,,,0,0,0,0,common,1.0,0.14917147068755077,0.1457111842689099,0.2568307673873801,0.0,0.8854567308169647,0.9259265735838329,,,EXPLOIT
776,59,,,0,0,0,0,common,1.0,0.09696145594690797,0.12456990309642167,0.20886997395523843,0.0,0.8860141926553025,0.9263358090700682,,,EXPLOIT
777,59,,,0,0,0,0,common,1.0,0.06302494636549016,0.11231663484936077,0.16511646567831395,0.0,0.8865607604892213,0.926736522203587,,,EXPLOIT
778,59,,,0,0,0,0,common,1.0,0.040966215137568596,0.10493862202833067,0.12787139051609034,0.0,0.8870967237601629,0.9271289568430071,,,EXPLOIT
779,59,,,0,0,0,0,common,0.0,0.9733719601605804,0.10037902020515804,0.3815215614094374,0.0,0.8876223618367449,0.9275133476933349,,,EXPLOIT
780,59,,,0,1,1,0,common,0.0,0.008004325575837957,0.26875435573740336,0.2694663906593575,0.0,0.88813794444961,0.927889920731834,,,EXPLOIT
781,59,,,0,1,1,0,common,0.0,0.005202811624294672,0.2667942254477514,0.19018731694883867,0.0,0.8886437321039351,0.9282588936103318,,,EXPLOIT
782,59,,,0,0,0,0,common,1.0,0.36730822589562273,0.2655254412188395,0.24332358963287387,0.0,0.889139976470923,0.9286204760354708,,,EXPLOIT
783,59,,,0,1,1,0,common,1.0,0.9966181724442085,0.18663795455531867,0.4693119644762742,0.0,0.8896269207595232,0.9289748701283037,,,EXPLOIT
784,59,,,0,1,1,0,common,0.0,0.35219818791126445,0.4445817872276472,0.43417783150677125,0.0,0.8901048000695281,0.929322270764526,,,EXPLOIT
785,59,,,0,1,1,0,common,0.0,0.2289288221423219,0.33867288182144695,0.37260312869743645,0.0,0.8905738417271319,0.9296628658965576,,,EXPLOIT
786,59,,,0,1,1,0,common,0.0,0.14880373439250924,0.2774347271519172,0.30546331040595825,0.0,0.8910342656039558,0.9299968368585874,,,EXPLOIT
787,59,,,0,0,0,0,common,1.0,0.2387503468321548,0.2418161459142583,0.2854494213338172,0.0,0.8914862844204822,0.9303243586556265,,,EXPLOIT
788,59,,,0,0,0,0,common,1.0,0.15518772544090065,0.19190276616712765,0.2463709125659422,0.0,0.8919301040347822,0.9306456002375376,,,EXPLOIT
789,59,,,0,0,0,0,common,1.0,0.10087202153658548,0.16412831647208162,0.20272124525713517,0.0,0.8923659237173587,0.9309607247589465,,,EXPLOIT
790,59,,,0,0,0,0,common,1.0,0.06556681399878062,0.14793926844508645,0.1615749158796288,0.0,0.8927939364128802,0.9312698898258738,,,EXPLOIT
791,59,,,0,0,0,0,common,1.0,0.04261842909920743,0.13816413207101794,0.12588796984550238,0.0,0.8932143289895259,0.9315732477298732,,,EXPLOIT
792,59,,,0,0,0,0,common,1.0,0.02770197891448478,0.13211411535371242,0.09643217256619709,0.0,0.8936272824766246,0.9318709456704091,,,EXPLOIT
793,59,,,0,0,0,0,common,1.0,0.01800628629441514,0.12830650925275794,0.0729044066846625,0.0,0.8940329722912203,0.9321631259661569,,,EXPLOIT
794,59,,,0,0,0,0,common,1.0,0.011704086091369859,0.12588336944812342,0.05454431050667471,0.0,0.8944315684541645,0.9324499262558626,,,EXPLOIT
795,59,,,0,0,0,0,common,1.0,0.007607655959390391,0.12432994746203022,0.040463314142489416,0.0,0.8948232357962943,0.9327314796893612,,,EXPLOIT
796,59,,,0,0,0,0,common,0.0,0.9950550236263962,0.1233292830769635,0.3268408269876614,0.0,0.8952081341552213,0.9330079151093098,,,EXPLOIT
797,59,,,0,0,0,0,common,1.0,0.3532142346428424,0.32448434541952337,0.33475284928421567,0.0,0.895586418563232,0.9332793572241596,,,EXPLOIT
798,59,,,0,0,0,0,common,0.0,0.7704107474821524,0.2359086391184063,0.46545021874359666,0.0,0.8959582394267566,0.9335459267728534,,,EXPLOIT
799,59,,,0,0,0,0,common,1.0,0.4992330141366008,0.44905476178537473,0.47558505736149786,0.0,0.8963237426978519,0.9338077406817102,,,EXPLOIT
800,59,,,0,0,0,0,common,1.0,0.3245014591887905,0.30225944688036477,0.4302599779096856,0.0,0.8966830700381045,0.9340649122139207,,,EXPLOIT
801,59,,,0,0,0,0,common,1.0,0.21092594847271384,0.22420695208304284,0.36445976907859406,0.0,0.8970363589753457,0.9343175511120617,,,EXPLOIT
802,59,,,0,0,0,0,common,1.0,0.13710186650726397,0.18225722131800803,0.296252398307195,0.0,0.8973837430535397,0.934565763734005,,,EXPLOIT
803,59,,,0,0,0,0,common,0.0,0.9108837867702784,0.1585792649491844,0.48064181484612,0.0,0.8977253519761953,0.9348096531825726,,,EXPLOIT
804,59,,,0,0,0,0,common,1.0,0.407925538599319,0.3692473126417387,0.4588269319720797,0.0,0.8980613117436174,0.9350493194292764,,,EXPLOIT
805,59,,,0,0,0,0,common,1.0,0.2651516000895574,0.2594420681034897,0.40072433240732297,0.0,0.8983917447843125,0.9352848594324501,,,EXPLOIT
806,59,,,0,0,0,0,common,1.0,0.17234854005821232,0.2014304080557579,0.33221159470258976,0.0,0.8987167700808311,0.9355163672500717,,,EXPLOIT
807,59,,,0,0,0,0,common,1.0,0.11202655103783798,0.1695430014416184,0.26615608160316423,0.0,0.8990365032903239,0.9357439341475479,,,EXPLOIT
808,59,,,0,0,0,0,common,1.0,0.07281725817459472,0.1511484009090431,0.20815443457459334,0.0,0.899351056860065,0.9359676487007277,,,EXPLOIT
809,59,,,0,0,0,0,common,1.0,0.04733121781348659,0.14012486286172635,0.1599074695462613,0.0,0.8996605401381889,0.9361875968943825,,,EXPLOIT
810,59,,,0,0,0,0,common,1.0,0.030765291578766285,0.13333742695453848,0.1211648161560128,0.0,0.8999650594798705,0.93640386221639,,,EXPLOIT
811,59,,,0,0,0,0,common,1.0,0.019997439526198035,0.1290805350080475,0.09081460316706837,0.0,0.900264718349163,0.9366165257478348,,,EXPLOIT
812,59,,,0,0,0,0,common,1.0,0.012998335692028684,0.12637769639287094,0.06746972292455647,0.0,0.9005596174167035,0.9368256662492318,,,EXPLOIT
813,59,,,0,0,0,0,common,1.0,0.008448918199818634,0.12464758396669837,0.04976348150713512,0.0,0.9008498546534764,0.9370313602430682,,,EXPLOIT
814,59,,,0,0,0,0,common,1.0,0.005491796829882101,0.12353420407786543,0.03648197610395921,0.0,0.9011355254208221,0.9372336820928412,,,EXPLOIT
815,59,,,0,0,0,0,common,1.0,0.003569667939423371,0.1228152083433331,0.026608283654598455,0.0,0.9014167225568628,0.9374327040787694,,,EXPLOIT
816,59,,,0,0,0,0,common,1.0,0.002320284160625241,0.12234983968541695,0.01932188380640649,0.0,0.9016935364595144,0.9375,,,EXPLOIT
817,59,,,0,0,0,0,common,1.0,0.00150818470440639,0.12204818389057961,0.01397777407580646,0.0,0.9019660551662358,0.9375,,,EXPLOIT
818,59,,,0,0,0,0,common,1.0,0.0009803200578641924,0.12185245933765017,0.010078537870423778,0.0,0.902234364430668,0.9375,,,EXPLOIT
819,59,,,0,0,0,0,common,1.0,0.0006372080376116918,0.12172538681775892,0.007246138920580151,0.0,0.9024985477963026,0.9375,,,EXPLOIT
820,59,,,0,0,0,0,common,1.0,0.000414185224447583,0.12164285235170005,0.005196552811740381,0.0,0.9027586866673127,0.9375,,,EXPLOIT
821,59,,,0,0,0,0,common,1.0,0.0002692203958909456,0.1215892314155896,0.00371835308698555,0.0,0.9030148603766739,0.9375,,,EXPLOIT
822,59,,,0,0,0,0,common,1.0,0.00017499325732917015,0.12155438898604654,0.002655345138088636,0.0,0.9032671462516932,0.9375,,,EXPLOIT
823,59,,,0,0,0,0,common,1.0,0.0001137456172639606,0.12153174612903286,0.0018928652818412332,0.0,0.9035156196770646,0.9375,,,EXPLOIT
824,59,,,0,0,0,0,common,1.0,7.393465122151888e-05,0.12151703026684958,0.0013471860926553187,0.0,0.9037603541555542,0.9375,,,EXPLOIT
825,59,,,0,0,0,0,common,1.0,4.805752329395396e-05,0.12150746579919688,0.0009574475218469093,0.0,0.9040014213664229,0.9375,,,EXPLOIT
826,59,,,0,0,0,0,common,1.0,3.123739014110338e-05,0.12150124925127274,0.0006795844823351675,0.0,0.9042388912216819,0.9375,,,EXPLOIT
827,59,,,0,0,0,0,common,0.0,0.9999796956964083,0.12149720864554794,0.3004696178465571,0.0,0.9044728319202745,0.9375,,,EXPLOIT
828,59,,,0,0,0,0,common,1.0,0.35001319779733464,0.32196059248246034,0.31533269183179036,0.0,0.9047033100002732,0.9375,,,EXPLOIT
829,59,,,0,0,0,0,common,1.0,0.22750857856826756,0.23458193548708145,0.2889854578527335,0.0,0.904930390389177,0.9375,,,EXPLOIT
830,59,,,0,0,0,0,common,0.0,0.8521194239306261,0.187957181310729,0.4579256476761012,0.0,0.9051541364523883,0.9375,,,EXPLOIT
831,59,,,0,0,0,0,common,1.0,0.44612237444509306,0.4020532160571355,0.4543846657067988,0.0,0.9053746100399457,0.9375,,,EXPLOIT
832,59,,,0,0,0,0,common,1.0,0.28997954338931053,0.2768244513889838,0.4050631290115523,0.0,0.9055918715315854,0.9375,,,EXPLOIT
833,59,,,0,0,0,0,common,1.0,0.18848670320305183,0.21072830435929565,0.34009020126900213,0.0,0.9058059798802028,0.9375,,,EXPLOIT
834,59,,,0,0,0,0,common,1.0,0.12251635708198372,0.17476969732882608,0.27481804801289655,0.0,0.9060169926537761,0.9375,,,EXPLOIT
835,59,,,0,0,0,0,common,1.0,0.07963563210328939,0.15422020972919545,0.21626332324001438,0.0,0.9062249660758188,0.9375,,,EXPLOIT
836,59,,,0,0,0,0,common,0.0,0.9482368391328619,0.14199062358628955,0.43585537800786867,0.0,0.9064299550644189,0.9375,,,EXPLOIT
837,59,,,0,0,0,0,common,1.0,0.38364605456363976,0.34902013748095706,0.4201925809746,0.0,0.9066320132699222,0.9375,,,EXPLOIT
838,59,,,0,0,0,0,common,1.0,0.24936993546636588,0.24879885771934573,0.36894578732212974,0.0,0.9068311931113165,0.9375,,,EXPLOIT
839,59,,,0,0,0,0,common,1.0,0.16209045805313782,0.19569088532355422,0.3068891885414321,0.0,0.907027545811365,0.9375,,,EXPLOIT
840,59,,,0,0,0,0,common,1.0,0.1053587977345396,0.1662886884959901,0.24643007129936434,0.0,0.9072211214305417,0.9375,,,EXPLOIT
841,59,,,0,0,0,0,common,1.0,0.06848321852745076,0.14922303950180843,0.19304601546779027,0.0,0.9074119688998157,0.9375,,,EXPLOIT
842,59,,,0,0,0,0,common,1.0,0.044514092042842957,0.13894994197637214,0.14848643844030604,0.0,0.9076001360523283,0.9375,,,EXPLOIT
843,59,,,0,0,0,0,common,1.0,0.02893415982784797,0.1326049974519742,0.11262075485656863,0.0,0.9077856696540076,0.9375,,,EXPLOIT
844,59,,,0,0,0,0,common,1.0,0.018807203888101198,0.12861736222469392,0.0844766895660284,0.0,0.9079686154331632,0.9375,,,EXPLOIT
845,59,,,0,0,0,0,common,1.0,0.012224682527265829,0.12608200219478816,0.06280108745439962,0.0,0.9081490181090957,0.9375,,,EXPLOIT
846,59,,,0,0,0,0,common,1.0,0.007946043642722778,0.12445762730163859,0.046344574310896565,0.0,0.9083269214197658,0.9375,,,EXPLOIT
847,59,,,0,0,0,0,common,0.0,0.9948350716322302,0.12341167410514667,0.3308917235072967,0.0,0.9085023681485522,0.9375,,,EXPLOIT
848,59,,,0,0,0,0,common,1.0,0.3533572034390504,0.3245973267682216,0.33763136748682276,0.0,0.9086754001501393,0.9375,,,EXPLOIT
849,59,,,0,0,0,0,common,0.0,0.7703178177646173,0.23596802372346054,0.4674373025701611,0.0,0.9088460583755615,0.9375,,,EXPLOIT
850,59,,,0,0,0,0,common,0.0,0.5007065815470013,0.4491087542400677,0.47741808626321314,0.0,0.9090143828964417,0.9375,,,EXPLOIT
851,59,,,0,0,0,0,common,1.0,0.6745407219944491,0.5985206765041644,0.5365548769825839,0.0,0.9064619861135171,0.935442220787605,,,EXPLOIT
852,59,,,0,0,0,0,common,0.0,0.5615485307036081,0.39538102684820264,0.5440529730988911,0.0,0.9037900211611665,0.9332670452649632,,,EXPLOIT
853,59,,,0,0,0,0,common,1.0,0.6349934550426547,0.5675548919539968,0.5713351176820202,0.0,0.9009900294943451,0.930964251977995,,,EXPLOIT
854,59,,,0,0,0,0,common,1.0,0.4127457457777256,0.37332527160502643,0.5237583061107318,0.0,0.898052735680812,0.9285223975399679,,,EXPLOIT
855,59,,,0,0,0,0,common,1.0,0.2682847347555216,0.2615927708959915,0.4471162347041687,0.0,0.8983833094447257,0.9288787361604399,,,EXPLOIT
856,59,,,0,0,0,0,common,1.0,0.174385077591089,0.20258560218384083,0.36529688757024475,0.0,0.8987084724446622,0.9292280287761514,,,EXPLOIT
857,59,,,0,0,0,0,common,1.0,0.1133503004342079,0.1701953438954111,0.2897129114294337,0.0,0.8990283404218816,0.9295704652002869,,,EXPLOIT
858,59,,,0,1,1,0,common,0.0,0.09672242735513101,0.1515331512867004,0.23181576620714286,0.0,0.8993430259048549,0.9299062285460776,,,EXPLOIT
859,59,,,0,1,1,0,common,0.0,0.06286957778083516,0.1370131187314291,0.18113190967925055,0.0,0.8996526383201227,0.9302354955201266,,,EXPLOIT
860,59,,,0,0,0,0,common,1.0,0.07367769528223511,0.1282344931903139,0.1488956453601459,0.0,0.8999572840985882,0.9305584367004502,,,EXPLOIT
861,59,,,0,0,0,0,common,1.0,0.04789050193345279,0.1185769099699453,0.11859410233213796,0.0,0.900257066777465,0.9308752168001612,,,EXPLOIT
862,59,,,0,1,1,0,common,0.0,0.04086522555754285,0.11264964106043009,0.09527543929975943,0.0,0.9005520870980863,0.9311859949176479,,,EXPLOIT
863,59,,,0,0,0,0,common,1.0,0.03112882625674429,0.10780195769202636,0.0760314553868549,0.0,0.9008424430997675,0.9314909247740533,,,EXPLOIT
864,59,,,0,0,0,0,common,0.0,0.9797662629331162,0.10423538966452653,0.34715189765073323,0.0,0.901128230209909,0.9317901549387954,,,EXPLOIT
865,59,,,0,0,0,0,common,1.0,0.3631519290934744,0.2789859155998687,0.35195190708355556,0.0,0.901409541330513,0.9320838290438286,,,EXPLOIT
866,59,,,0,0,0,0,common,1.0,0.2360487539107583,0.1978006819761897,0.31718096113171634,0.0,0.9016864669212803,0.9323720859872958,,,EXPLOIT
867,59,,,0,1,1,0,common,0.0,0.026562396612402853,0.1558798646049171,0.2299953917759223,0.0,0.9019590950794414,0.9326550601271787,,,EXPLOIT
868,59,,,0,0,0,0,common,1.0,0.15343169004199286,0.15166620642236756,0.20702628125574346,0.0,0.9022275116164753,0.9329328814655149,,,EXPLOIT
869,59,,,0,0,0,0,common,0.0,0.9002694014727046,0.12918825972871129,0.4149992173208318,0.0,0.9024918001318518,0.9332056758237139,,,EXPLOIT
870,59,,,0,1,1,0,common,0.0,0.017265557798061854,0.310559956183442,0.2956791194640008,0.0,0.9027520420839334,0.9334735650094692,,,EXPLOIT
871,59,,,0,1,1,0,common,1.0,0.9887773874312598,0.3059270480032504,0.5036085998541785,0.0,0.8999015266468203,0.9311830440901157,,,EXPLOIT
872,59,,,0,1,1,0,common,1.0,0.6427053018303189,0.5991599840902462,0.5453376104470206,0.0,0.8969099874759732,0.9287545772727317,,,EXPLOIT
873,59,,,0,0,0,0,common,1.0,0.41482488904274195,0.693129969141108,0.506183794025737,0.0,0.8937668565856703,0.9261754503392433,,,EXPLOIT
874,59,,,0,0,0,0,common,1.0,0.26963617787778227,0.6511198571926409,0.43521950918135055,0.0,0.8941701011639843,0.926579494791066,,,EXPLOIT
875,59,,,0,0,0,0,common,1.0,0.17526351562055842,0.5880568206196239,0.3572327111131129,0.0,0.8945663090446334,0.9269751656957809,,,EXPLOIT
876,59,,,0,0,0,0,common,1.0,0.11392128515336297,0.5377688742883767,0.2842392833251879,0.0,0.8949556433288453,0.9273627013160884,,,EXPLOIT
877,59,,,0,0,0,0,common,1.0,0.07404883534968598,0.5029416150355346,0.2211821489325373,0.0,0.8953382621898696,0.9277423310218983,,,EXPLOIT
878,59,,,0,0,0,0,common,1.0,0.04813174297729583,0.47985810772552695,0.16926702714596484,0.0,0.895714319057943,0.9281142757017405,,,EXPLOIT
879,59,,,0,0,0,0,common,1.0,0.031285632935242336,0.46478000563223165,0.1278726088827481,0.0,0.89608396279698,0.9284787481515433,,,EXPLOIT
880,59,,,0,0,0,0,common,1.0,0.020335661407907546,0.45497704972407704,0.09561152464029593,0.0,0.8964473378734165,0.9288359534422126,,,EXPLOIT
881,59,,,0,0,0,0,common,1.0,0.01321817991513996,0.44861169766036957,0.07089352122274913,0.0,0.8968045845176124,0.9291860892673528,,,EXPLOIT
882,59,,,0,0,0,0,common,1.0,0.008591816944841013,0.4444789660060809,0.05220300993937669,0.0,0.8971558388781917,0.9295293462723677,,,EXPLOIT
883,59,,,0,0,0,0,common,1.0,0.005584681014146664,0.44179522193223436,0.038217511261807675,0.0,0.8975012331696776,0.9298659083660961,,,EXPLOIT
884,59,,,0,0,0,0,common,1.0,0.0036300426591953094,0.44005199943162565,0.027841270681023964,0.0,0.8978408958137605,0.9301959530160504,,,EXPLOIT
885,59,,,0,1,1,0,common,0.0,0.5822415538102927,0.4389194548954908,0.19416135561980458,0.0,0.8981749515745184,0.9305196515282612,,,EXPLOIT
886,59,,,0,0,0,0,common,1.0,0.002359527728476918,0.2726340199275034,0.13662080725240627,0.0,0.8985035216878864,0.930837169312652,,,EXPLOIT
887,59,,,0,0,0,0,common,0.0,0.99846630697649,0.27204948350848157,0.39517445716963134,0.0,0.898826723985661,0.9311486661348106,,,EXPLOIT
888,59,,,0,0,0,0,common,1.0,0.35099690046528154,0.5657075698574615,0.3819211901583264,0.0,0.8991446730143073,0.9314542963549648,,,EXPLOIT
889,59,,,0,0,0,0,common,1.0,0.22814798530243297,0.4585819989483383,0.33578922870155836,0.0,0.8994574801488179,0.9317542091549144,,,EXPLOIT
890,59,,,0,0,0,0,common,1.0,0.14829619044658138,0.38810203283169037,0.27954131722506526,0.0,0.8997652537018661,0.9320485487536205,,,EXPLOIT
891,59,,,0,0,0,0,common,1.0,0.09639252379027785,0.3445000128138281,0.22459667919462903,0.0,0.9000680990284771,0.9323374546121092,,,EXPLOIT
892,59,,,0,0,0,0,common,1.0,0.06265514046368059,0.3175544128135369,0.1760142175753445,0.0,0.9003661186264296,0.9326210616283025,,,EXPLOIT
893,59,,,0,0,0,0,common,0.0,0.9592741586986077,0.30071578668331117,0.4109921999123234,0.0,0.9006594122325913,0.9328995003223489,,,EXPLOIT
894,59,,,0,1,1,0,common,0.0,0.3784570099766903,0.5860585275318726,0.40123164293163344,0.0,0.9009480769153785,0.9331728970129909,,,EXPLOIT
895,59,,,0,0,0,0,common,1.0,0.37647179684590504,0.4727861614577555,0.3938036891059149,0.0,0.9012322071635197,0.9334413739854684,,,EXPLOIT
896,59,,,0,0,0,0,common,0.0,0.7552933320501617,0.3575641302329147,0.5022505819891889,0.0,0.8983069160487737,0.9311489422776691,,,EXPLOIT
897,59,,,0,0,0,0,common,1.0,0.5090593341673949,0.5861577656425465,0.5042932076426507,0.0,0.8952350305148935,0.9287183912341224,,,EXPLOIT
898,59,,,0,1,1,0,common,0.0,0.2459970564848487,0.4320522781645138,0.4268043622953101,0.0,0.8956128541558219,0.9290708479675053,,,EXPLOIT
899,59,,,0,1,1,0,common,1.0,0.8401019132848484,0.35763309394554293,0.5507936275921717,0.0,0.8924028483217551,0.9265115994859239,,,EXPLOIT
900,59,,,0,1,1,0,common,0.0,0.45393375636484856,0.6084653185253959,0.5217356662239747,0.0,0.8890243661837731,0.9237892809496573,,,EXPLOIT
901,59,,,0,1,1,0,common,0.0,0.29505694163715157,0.4758976273044372,0.4537320488479278,0.0,0.8895134715273496,0.9242441381589157,,,EXPLOIT
902,59,,,0,1,1,0,common,0.0,0.19178701206414853,0.3845954597533195,0.375148537812794,0.0,0.8899934574313626,0.9246891298311125,,,EXPLOIT
903,59,,,0,0,0,0,common,1.0,0.33088856720880666,0.3289370878976905,0.3618705466315978,0.0,0.8904645530170029,0.9251245517327316,,,EXPLOIT
904,59,,,0,0,0,0,common,0.0,0.7849224313142756,0.2446040404888823,0.4887861120364011,0.0,0.8909269798774555,0.9255506879907146,,,EXPLOIT
905,59,,,0,0,0,0,common,1.0,0.48980041964572085,0.46561709757814496,0.489090404319197,0.0,0.8913809523849122,0.9259678116598907,,,EXPLOIT
906,59,,,0,0,0,0,common,0.0,0.6816297272302814,0.3190545847501666,0.5468522011925223,0.0,0.8879479441854476,0.9232101924615039,,,EXPLOIT
907,59,,,0,0,0,0,common,0.0,0.4430593226996829,0.5251852589753205,0.5157143376446705,0.0,0.884328598692434,0.9202700358076986,,,EXPLOIT
908,59,,,0,0,0,0,common,1.0,0.7120114402452061,0.6425130108415689,0.5746034684248311,0.0,0.8805075199969464,0.9171287611001816,,,EXPLOIT
909,59,,,0,0,0,0,common,1.0,0.462807436159384,0.44147654651393764,0.5410646587451969,0.0,0.8764675683219835,0.9137651775762472,,,EXPLOIT
910,59,,,0,0,0,0,common,0.0,0.6991751664964003,0.30549901377967426,0.5884978110705579,0.0,0.8721896059138358,0.910155009281986,,,EXPLOIT
911,59,,,0,0,0,0,common,1.0,0.5455361417773398,0.5152124898464164,0.5756093102825924,0.0,0.867652197166551,0.9062703123860597,,,EXPLOIT
912,59,,,0,0,0,0,common,1.0,0.35459849215527084,0.3481099043722659,0.5093060648443959,0.0,0.862831253065094,0.9020787552501511,,,EXPLOIT
913,59,,,0,0,0,0,common,1.0,0.23048901990092607,0.2548689324949893,0.42566095136135496,0.0,0.863897201621339,0.9031023300462128,,,EXPLOIT
914,59,,,0,0,0,0,common,1.0,0.14981786293560195,0.20450976470565563,0.34290802483362903,0.0,0.864936295832222,0.9040948059718676,,,EXPLOIT
915,59,,,0,0,0,0,common,1.0,0.09738161090814124,0.17618935661985768,0.2692501006559827,0.0,0.8659494873476725,0.9050575312209279,,,EXPLOIT
916,59,,,0,0,0,0,common,1.0,0.06329804709029185,0.15956857560030496,0.20746448458627542,0.0,0.8669376835090047,0.9059917772714327,,,EXPLOIT
917,59,,,0,0,0,0,common,1.0,0.0411437306086897,0.14948817201547107,0.1575682583929997,0.0,0.8679017498991635,0.9068987442670066,,,EXPLOIT
918,59,,,0,0,0,0,common,1.0,0.026743424895648293,0.14323129193320086,0.11832080834379427,0.0,0.8688425127188223,0.9077795659514947,,,EXPLOIT
919,59,,,0,0,0,0,common,0.0,0.9826167738178286,0.13928616568722046,0.3776095979860046,0.0,0.8697607610020527,0.9086353141995469,,,EXPLOIT
920,59,,,0,0,0,0,common,1.0,0.36129909701841134,0.353630504518424,0.3727164476957266,0.0,0.8706572486840608,0.9094670031812325,,,EXPLOIT
921,59,,,0,0,0,0,common,1.0,0.23484441306196735,0.25782481190090323,0.33135483730559884,0.0,0.871532696532388,0.9102755931947122,,,EXPLOIT
922,59,,,0,0,0,0,common,1.0,0.1526488684902788,0.20613634933395594,0.2777430466610028,0.0,0.8723877939519784,0.9110619941974333,,,EXPLOIT
923,59,,,0,0,0,0,common,1.0,0.09922176451868125,0.1771260448618905,0.2241866620183063,0.0,0.8732232006736216,0.9118270690631559,,,EXPLOIT
924,59,,,0,0,0,0,common,1.0,0.06449414693714284,0.1601287789260244,0.17627890749395728,0.0,0.8740395483344682,0.9125716365893246,,,EXPLOIT
925,59,,,0,0,0,0,common,1.0,0.04192119550914286,0.14983252737698266,0.13597159389851296,0.0,0.8748374419585804,0.9132964742768344,,,EXPLOIT
926,59,,,0,0,0,0,common,1.0,0.027248777080942865,0.14344699814852174,0.10335474885324193,0.0,0.8756174613448184,0.9140023209020335,,,EXPLOIT
927,59,,,0,0,0,0,common,1.0,0.017711705102612885,0.13942300790702195,0.07766183572805321,0.0,0.8763801623687589,0.9146898788988574,,,EXPLOIT
928,59,,,0,1,1,0,common,0.0,0.12466155784169655,0.13686002168484465,0.0917617523621462,0.0,0.8771260782047938,0.915359816567251,,,EXPLOIT
929,59,,,0,0,0,0,common,1.0,0.011512608316698425,0.11995369335960628,0.06768700914851186,0.0,0.8778557204740607,0.9160127701224725,,,EXPLOIT
930,59,,,0,0,0,0,common,0.0,0.992516804594146,0.11848921637752666,0.34513594778220213,0.0,0.8785695803234057,0.9166493455985064,,,EXPLOIT
931,59,,,0,0,0,0,common,0.0,0.6451359229861949,0.31349761495350514,0.4351359403434,0.0,0.879268129440162,0.9172701206175493,,,EXPLOIT
932,59,,,0,0,0,0,common,1.0,0.5806616500589733,0.5077197706150152,0.478793653258072,0.0,0.8799518210071576,0.9178756460364448,,,EXPLOIT
933,59,,,0,0,0,0,common,1.0,0.3774300725383326,0.3312587045368218,0.4483845790421502,0.0,0.8806210906020171,0.9184664474799276,,,EXPLOIT
934,59,,,0,0,0,0,common,1.0,0.24532954714991617,0.23593923426930452,0.38746806947448,0.0,0.8812763570445138,0.9190430267696602,,,EXPLOIT
935,59,,,0,0,0,0,common,0.0,0.8405357943525544,0.18576755952276217,0.5233883869379022,0.0,0.8772809319483504,0.9158158316748785,,,EXPLOIT
936,59,,,0,0,0,0,common,0.0,0.5463482663291603,0.3949542615158105,0.5302763507552797,0.0,0.8730514344587313,0.9123570500786227,,,EXPLOIT
937,59,,,0,0,0,0,common,1.0,0.6448736268860458,0.5627936421975006,0.5646555335945095,0.0,0.8685669074459571,0.9086410206259297,,,EXPLOIT
938,59,,,0,0,0,0,common,0.0,0.5808321425240702,0.3655000727933517,0.5695085162733777,0.0,0.863803815306852,0.9046381454859201,,,EXPLOIT
939,59,,,0,0,0,0,common,1.0,0.6224591073593544,0.5440258100149118,0.5853936935991707,0.0,0.8587356348165098,0.900314105418437,,,EXPLOIT
940,59,,,0,0,0,0,common,1.0,0.40459841978358035,0.3533557725793107,0.5311551114544936,0.0,0.8533323655188905,0.8956288792204553,,,EXPLOIT
941,59,,,0,0,0,0,common,0.0,0.7370110271406728,0.2474241990722476,0.5929118861603473,0.0,0.8475599405704225,0.8905355082097539,,,EXPLOIT
942,59,,,0,0,0,0,common,1.0,0.5209428323585626,0.4544362706780598,0.5713211700198119,0.0,0.8413795135952605,0.8849785248977712,,,EXPLOIT
943,59,,,0,0,0,0,common,1.0,0.33861284103306577,0.3010632632537032,0.501508671323788,0.0,0.8347465900032865,0.8788919343142292,,,EXPLOIT
944,59,,,0,0,0,0,common,0.0,0.7799016533285072,0.22022424611531055,0.5850265659252037,0.0,0.827609961701423,0.8721965919983158,,,EXPLOIT
945,59,,,0,0,0,0,common,1.0,0.49306392533647025,0.42957243982263416,0.5574377737485836,0.0,0.819910391249479,0.864796757252222,,,EXPLOIT
946,59,,,0,0,0,0,common,1.0,0.32049155146870567,0.2875658938309543,0.48635390706462023,0.0,0.8222937254532443,0.8672385954128562,,,EXPLOIT
947,59,,,0,0,0,0,common,1.0,0.20831950845465874,0.21316699510990547,0.4029435874816317,0.0,0.8245918901788415,0.8695706583418367,,,EXPLOIT
948,59,,,0,0,0,0,common,1.0,0.1354076804955282,0.1733611396129649,0.3226828153858007,0.0,0.826809260615413,0.8718000757604709,,,EXPLOIT
949,59,,,0,0,0,0,common,1.0,0.08801499232209331,0.15092757799842696,0.25228246846668845,0.0,0.8289499175239098,0.8739333732132738,,,EXPLOIT
950,59,,,0,0,0,0,common,1.0,0.0572097450093606,0.1377094610616996,0.1937606514294901,0.0,0.8310176715972207,0.8759765347412759,,,EXPLOIT
951,59,,,0,0,0,0,common,0.0,0.9628136657439156,0.12966495037954043,0.4244765557238177,0.0,0.8330160854410686,0.8779350579123064,,,EXPLOIT
952,59,,,0,0,0,0,common,1.0,0.3741711172664548,0.3286592626741381,0.40938492418660877,0.0,0.8349484934424409,0.8798140022740032,,,EXPLOIT
953,59,,,0,0,0,0,common,1.0,0.24321122622319558,0.23458844670503698,0.3595328147975848,0.0,0.8368180197586718,0.8816180321287787,,,EXPLOIT
954,59,,,0,0,0,0,common,0.0,0.8419127029549229,0.18503843419564342,0.5042467812447862,0.0,0.8298407101855344,0.8751990593932911,,,EXPLOIT
955,59,,,0,0,0,0,common,1.0,0.45275674307930003,0.3941785930153316,0.4887997697951403,0.0,0.8318784621992369,0.8771895947008016,,,EXPLOIT
956,59,,,0,0,0,0,common,1.0,0.2942918830015451,0.26876091004344616,0.4304474037570617,0.0,0.8338483232343623,0.8790986494070555,,,EXPLOIT
957,59,,,0,0,0,0,common,1.0,0.1912897239510043,0.20327570301096592,0.3587000998152444,0.0,0.8357535358970916,0.8809310354730386,,,EXPLOIT
958,59,,,0,0,0,0,common,1.0,0.12433832056815275,0.16788645205781552,0.2883915660411169,0.0,0.837597139717277,0.8826911934144899,,,EXPLOIT
959,59,,,0,0,0,0,common,1.0,0.08081990836929931,0.14774670482571012,0.2261200687395716,0.0,0.8393819868035961,0.884383227466659,,,EXPLOIT
960,59,,,0,0,0,0,common,0.0,0.9474670595599555,0.13579270744931363,0.4425241659856868,0.0,0.8411107560724506,0.8860109368284226,,,EXPLOIT
961,59,,,0,0,0,0,common,0.0,0.6158535887139711,0.33665135068303287,0.494522992804172,0.0,0.8427859661999377,0.8875778434864359,,,EXPLOIT
962,59,,,0,0,0,0,common,1.0,0.5996951673359188,0.5244216503117843,0.526074645163696,0.0,0.8362574412613838,0.8817420806832288,,,EXPLOIT
963,59,,,0,0,0,0,common,1.0,0.38980185876834716,0.34122856023494597,0.4851928092450913,0.0,0.8380849013070462,0.8834706953886959,,,EXPLOIT
964,59,,,0,0,0,0,common,1.0,0.2533712081994257,0.24111959543224404,0.4156463289313916,0.0,0.8398543446998569,0.8851329540958669,,,EXPLOIT
965,59,,,0,0,0,0,common,1.0,0.16469128532962674,0.18855673716796986,0.3403598158508621,0.0,0.8415684058488709,0.88673252637895,,,EXPLOIT
966,59,,,0,1,1,0,common,0.0,0.08103001259710277,0.15962458382463898,0.2625608748747343,0.0,0.8432295622195984,0.8882728162672257,,,EXPLOIT
967,59,,,0,0,0,0,common,0.0,0.8929506645357426,0.14681564817355094,0.45167781177303673,0.0,0.8448401458520125,0.889756985840267,,,EXPLOIT
968,59,,,0,0,0,0,common,0.0,0.5804179319482328,0.34238272103146405,0.49029984782559555,0.0,0.8464023538788532,0.8911879763511904,,,EXPLOIT
969,59,,,0,0,0,0,common,1.0,0.6227283442336486,0.519771101950488,0.5300283967480115,0.0,0.8401384087846879,0.8856915447826896,,,EXPLOIT
970,59,,,0,0,0,0,common,1.0,0.40477342375187164,0.3304461734520466,0.4924519048491695,0.0,0.8418436516175819,0.8872702989488738,,,EXPLOIT
971,59,,,0,0,0,0,common,1.0,0.2631027254387166,0.22924558338301976,0.4236471510260336,0.0,0.8434963807459226,0.8887908875248539,,,EXPLOIT
972,59,,,0,0,0,0,common,1.0,0.1710167715351658,0.1770255493819233,0.3478580371787733,0.0,0.8450989054504718,0.8902563941575966,,,EXPLOIT
973,59,,,0,0,0,0,common,1.0,0.11116090149785773,0.1486164937217733,0.2768488964744986,0.0,0.8466534017369721,0.8916696884347168,,,EXPLOIT
974,59,,,0,0,0,0,common,1.0,0.07225458597360757,0.13231299220307768,0.2154706033242313,0.0,0.8481619218160523,0.8930334441439758,,,EXPLOIT
975,59,,,0,0,0,0,common,1.0,0.04696548088284491,0.12257025635365125,0.16491906659181538,0.0,0.8496264027852946,0.8943501556950516,,,EXPLOIT
976,59,,,0,0,0,0,common,0.0,0.9694724374261509,0.11658130262082306,0.406285077842116,0.0,0.8510486745907219,0.8956221529158092,,,EXPLOIT
977,59,,,0,0,0,0,common,1.0,0.36984291567300187,0.3032365087366858,0.39535242919138175,0.0,0.8524304673365198,0.8968516144077359,,,EXPLOIT
978,59,,,0,0,0,0,common,0.0,0.7596021048125488,0.21537542869964088,0.5046273318777318,0.0,0.8465952240696633,0.891866448447355,,,EXPLOIT
979,59,,,0,0,0,0,common,1.0,0.5062586318718433,0.41615617973560337,0.5051167218759652,0.0,0.8403452337136081,0.8864326191580975,,,EXPLOIT
980,59,,,0,0,0,0,common,1.0,0.32906811071669817,0.27328697878315583,0.45230213852818507,0.0,0.8420440686495336,0.8879839462857948,,,EXPLOIT
981,59,,,0,0,0,0,common,1.0,0.21389427196585387,0.20001541359403882,0.38077977855948564,0.0,0.8436906734668719,0.8894785686365183,,,EXPLOIT
982,59,,,0,0,0,0,common,0.0,0.860968723222195,0.16132629897515732,0.5248364619582984,0.0,0.8372288590472888,0.8838227705503028,,,EXPLOIT
983,59,,,0,0,0,0,common,1.0,0.44037032990557323,0.3595092565443921,0.4994966223424808,0.0,0.8390253758268995,0.8854716600488803,,,EXPLOIT
984,59,,,0,0,0,0,common,1.0,0.28624071443862265,0.24406055762229623,0.4355198499713233,0.0,0.8407652859587402,0.8870585942509486,,,EXPLOIT
985,59,,,0,0,0,0,common,1.0,0.1860564643851047,0.1848316312125985,0.36068083429545766,0.0,0.8424511395604947,0.8885869248578566,,,EXPLOIT
986,59,,,0,0,0,0,common,0.0,0.879063298149682,0.1529741230815332,0.516195573451725,0.0,0.8358978372739354,0.8828470665197174,,,EXPLOIT
987,59,,,0,0,0,0,common,1.0,0.4286088562027066,0.3497682188815153,0.4899195582770194,0.0,0.8377368116089783,0.8845331271941489,,,EXPLOIT
988,59,,,0,0,0,0,common,0.0,0.7214042434682407,0.23908956951672483,0.5593649638343858,0.0,0.8308295824814739,0.8784030087698672,,,EXPLOIT
989,59,,,0,0,0,0,common,1.0,0.5310872417456436,0.4381670632426587,0.5508816472077631,0.0,0.8233866768216199,0.8716574600222449,,,EXPLOIT
990,59,,,0,0,0,0,common,1.0,0.3452067071346683,0.2848986677395764,0.4891791651858346,0.0,0.8256462546370201,0.8737968474584105,,,EXPLOIT
991,59,,,0,0,0,0,common,1.0,0.22438435963753434,0.2059885232840258,0.4097407235213445,0.0,0.8278269956541146,0.8758457235231506,,,EXPLOIT
992,59,,,0,0,0,0,common,0.0,0.8541501662356027,0.16457171847496574,0.5430635563356219,0.0,0.8201448665726915,0.8688343978498905,,,EXPLOIT
993,59,,,0,0,0,0,common,1.0,0.4448023919468582,0.3632132034970449,0.5135852070189928,0.0,0.8118330673796086,0.8610669334160873,,,EXPLOIT
994,59,,,0,0,0,0,common,1.0,0.28912155476545787,0.24595320999839257,0.4462461113429323,0.0,0.8145154889629939,0.863680979320405,,,EXPLOIT
995,59,,,0,0,0,0,common,1.0,0.18792901059754763,0.1858228855215839,0.36875098111931687,0.0,0.8170967993526139,0.866173759936966,,,EXPLOIT
996,59,,,0,0,0,0,common,1.0,0.12215385688840597,0.15352421401570032,0.29477184385004357,0.0,0.8195824865049056,0.8685534047429859,,,EXPLOIT
997,59,,,0,1,1,0,common,0.0,0.052669508188116804,0.13518552827140715,0.22214114315146552,0.0,0.8219776484905756,0.8708273326081419,,,EXPLOIT
998,59,,,0,0,0,0,common,0.0,0.9205999930225361,0.12788315072519343,0.4316787981127867,0.0,0.8242870275175164,0.8730023277812947,,,EXPLOIT
999,59,,,0,0,0,0,common,1.0,0.40161000453535145,0.31345973966784496,0.4226581600395561,0.0,0.8265150404520494,0.8750846063308588,,,EXPLOIT
1000,59,,,0,0,0,0,common,0.0,0.7389534970520215,0.21669909281940786,0.5175467611432957,0.0,0.8187271713916983,0.8679931469973866,,,EXPLOIT
1001,59,,,0,0,0,0,common,0.0,0.480319773083814,0.41174543604112335,0.5063786647254511,0.0,0.8102963945995484,0.8601322436082344,,,EXPLOIT
1002,59,,,0,0,0,0,common,0.0,0.31220785250447913,0.559592562727067,0.4481274210591595,0.0,0.8130375388718387,0.862790301291004,,,EXPLOIT
1003,59,,,0,0,0,0,common,0.0,0.20293510412791144,0.6393113148769032,0.37456972597978505,0.0,0.8156743395537697,0.8653240986455824,,,EXPLOIT
1004,59,,,0,0,0,0,common,0.0,0.13190781768314244,0.6744252587597404,0.30177115349079225,0.0,0.8182125174400537,0.8677420308082281,,,EXPLOIT
1005,59,,,0,0,0,0,common,0.0,0.08574008149404258,0.6878696869513466,0.23696183189176734,0.0,0.8206573828439989,0.8700517534916224,,,EXPLOIT
1006,59,,,0,0,0,0,common,0.0,0.05573105297112768,0.692223888621192,0.1825925982155754,0.0,0.8230138717685382,0.8722602626426449,,,EXPLOIT
1007,59,,,0,0,0,0,common,0.0,0.036225184431232994,0.6931392601899675,0.13868237408027267,0.0,0.8252865783186734,0.8743739640195324,,,EXPLOIT
1008,59,,,0,0,0,0,common,0.0,0.023546369880301447,0.6929187312248746,0.1041415728202813,0.0,0.827479783803228,0.8763987341459878,,,EXPLOIT
1009,59,,,0,0,0,0,common,0.0,0.015305140422195941,0.6924310008602822,0.0774906431008557,0.0,0.8295974829138296,0.8783399738638215,,,EXPLOIT
1010,59,,,0,0,0,0,common,0.0,0.009948341274427362,0.6919688694948614,0.057227952552927196,0.0,0.8316434073179485,0.8802026555118493,,,EXPLOIT
1011,59,,,0,0,0,0,common,0.0,0.006466421828377786,0.691607347612385,0.04199949333556237,0.0,0.833621046959175,0.8819913645988606,,,EXPLOIT
1012,59,,,0,1,1,0,common,1.0,0.9657648196777241,0.6913465862146078,0.31912909123821087,0.0,0.8355336693205394,0.8837103367060031,,,EXPLOIT
1013,59,,,0,0,0,0,common,0.0,0.004203174188445561,0.4812679220752455,0.22465131612328126,0.0,0.8373843368745673,0.885363490243798,,,EXPLOIT
1014,59,,,0,0,0,0,common,0.0,0.0027320632224896147,0.47995279318601525,0.15807554025304374,0.0,0.8391759229161274,0.8869544555970753,,,EXPLOIT
1015,59,,,0,0,0,0,common,1.0,0.9982241589053817,0.47909775807388755,0.41012012584874513,0.0,0.840911125950267,0.8884866011141243,,,EXPLOIT
1016,59,,,0,0,0,0,common,0.0,0.35115429671150183,0.6922576730119717,0.3924303771075721,0.0,0.8425924827865907,0.8899630563316497,,,EXPLOIT
1017,59,,,0,0,0,0,common,0.0,0.2282502928624762,0.6533324977602061,0.3431763518340433,0.0,0.8442223804738428,0.891386732772559,,,EXPLOIT
1018,59,,,0,1,1,0,common,1.0,0.6277471327905206,0.6021191113628223,0.4285475861209865,0.0,0.8458030671927932,0.8927603426074423,,,EXPLOIT
1019,59,,,0,1,1,0,common,0.0,0.5919643636861616,0.41392855840868026,0.47757261939053897,0.0,0.8473366622119859,0.8940864154314501,,,EXPLOIT
1020,59,,,0,1,1,0,common,1.0,0.615223163603995,0.5927257057537525,0.5188677826545758,0.0,0.8411401702634989,0.8888548400266383,,,EXPLOIT
1021,59,,,0,1,1,0,common,1.0,0.3998950563425967,0.4067833888394816,0.483175964760982,0.0,0.8428144755536126,0.8903180502775134,,,EXPLOIT
1022,59,,,0,0,0,0,common,1.0,0.8516373096393904,0.29256440560709085,0.5937143682245045,0.0,0.8362880581207595,0.8847408099354689,,,EXPLOIT
1023,59,,,0,0,0,0,common,0.0,0.4464357487343962,0.546468839791761,0.549530782377472,0.0,0.8292701622198102,0.878631007910036,,,EXPLOIT
1024,59,,,0,0,0,0,common,0.0,0.2901832366773575,0.40841034318805197,0.47172651866743764,0.0,0.8313271077168431,0.8804820409077652,,,EXPLOIT
1025,59,,,0,0,0,0,common,0.0,0.1886191038402824,0.3233903970004835,0.386794294219291,0.0,0.833315236235676,0.8822597736707973,,,EXPLOIT
1026,59,,,0,1,1,0,common,0.0,0.7400682133773121,0.27385253634283857,0.49277646996669733,0.0,0.8352378489543841,0.8839683910402548,,,EXPLOIT
1027,59,,,0,1,1,0,common,1.0,0.5189556613047471,0.48984540813207167,0.5006302273681122,0.0,0.8281391702591439,0.8777828512063692,,,EXPLOIT
1028,59,,,0,1,1,0,common,1.0,0.33732117984808563,0.3324297299876602,0.4516375131121042,0.0,0.830234401633058,0.8796679255026288,,,EXPLOIT
1029,59,,,0,1,1,0,common,1.0,0.21925876690125568,0.24599941089597174,0.3819238892488496,0.0,0.8322589568149185,0.8814777292450368,,,EXPLOIT
1030,59,,,0,1,1,0,common,1.0,0.14251819848581615,0.19920450979664528,0.31010218201993955,0.0,0.8342162553436866,0.883216596387271,,,EXPLOIT
1031,59,,,0,1,1,0,common,1.0,0.09263682901578052,0.1727613609362793,0.24486257611869183,0.0,0.836109499849888,0.8848885345658617,,,EXPLOIT
1032,59,,,0,0,0,0,common,1.0,0.8773975825038164,0.1571784846166323,0.43462307803422917,0.0,0.8379416929884214,0.886497255246988,,,EXPLOIT
1033,59,,,0,1,1,0,common,1.0,0.06021393886025739,0.35690066572650414,0.32230033628203764,0.0,0.8397156528095154,0.888046200591762,,,EXPLOIT
1034,59,,,0,1,1,0,common,1.0,0.039139060259167247,0.3396051149729505,0.2373519534751765,0.0,0.8414340267333658,0.8895385674493016,,,EXPLOIT
1035,59,,,0,1,1,0,common,1.0,0.0254403891684587,0.3286042144774593,0.17377848418316114,0.0,0.8430993042742241,0.890977328829575,,,EXPLOIT
1036,59,,,0,1,1,0,common,1.0,0.01653625295949812,0.32156127068912466,0.12660581481606223,0.0,0.844713828642584,0.8923652531595433,,,EXPLOIT
1037,59,,,0,1,1,0,common,1.0,0.010748564423673779,0.31703022978443013,0.09184863969834568,0.0,0.8462798073391967,0.8937049215850653,,,EXPLOIT
1038,59,,,0,1,1,0,common,0.0,0.993013433124612,0.31410520870412634,0.36219807772622553,0.0,0.847799321841662,0.8949987435460974,,,EXPLOIT
1039,59,,,0,0,0,0,common,0.0,0.4296915713725193,0.6080410425612358,0.38244612582011367,0.0,0.8492743364729998,0.896248970822942,,,EXPLOIT
1040,59,,,0,1,1,0,common,1.0,0.35454126846900214,0.4829573558164436,0.37407466861478017,0.0,0.8507067065316752,0.8974577102258312,,,EXPLOIT
1041,59,,,0,1,1,0,common,1.0,0.23045182450485135,0.37356544337104597,0.3309878153818015,0.0,0.852098185753851,0.8986269350782984,,,EXPLOIT
1042,59,,,0,1,1,0,common,1.0,0.14979368592815334,0.30825680170731223,0.276629576545707,0.0,0.8534504331709906,0.8997584956260167,,,EXPLOIT
1043,59,,,0,1,1,0,common,1.0,0.09736589585329969,0.2697044459571893,0.2228504723379848,0.0,0.8547650194192122,0.9008541284866068,,,EXPLOIT
1044,59,,,0,1,1,0,common,0.0,0.9367121676953551,0.24647823219276616,0.4370089809451959,0.0,0.8560434325508547,0.9019154652419468,,,EXPLOIT
1045,59,,,0,1,1,0,common,1.0,0.3911370909980192,0.5154223159527335,0.4232474139610429,0.0,0.8572870833934824,0.902944040262406,,,EXPLOIT
1046,59,,,0,1,1,0,common,1.0,0.2542391091487125,0.3939636443341755,0.3725449225173437,0.0,0.8584973104969164,0.903941297841936,,,EXPLOIT
1047,59,,,0,1,1,0,common,1.0,0.16525542094666312,0.32024777803095344,0.3103580720461395,0.0,0.8596753847047728,0.9049085987138022,,,EXPLOIT
1048,59,,,0,1,1,0,common,0.0,0.892583976384669,0.27683416611661915,0.4850258433476984,0.0,0.8608225133833474,0.9058472260087896,,,EXPLOIT
1049,59,,,0,0,0,0,common,0.0,0.27929952139213754,0.5403008564050467,0.4233079467610301,0.0,0.8619398443374342,0.9067583907107544,,,EXPLOIT
1050,59,,,0,0,0,0,common,0.0,0.1815446889048894,0.45389252029151583,0.3507789694041879,0.0,0.8630284694397948,0.9076432366583098,,,EXPLOIT
1051,59,,,0,1,1,0,common,0.0,0.5801795846500348,0.3976822127168165,0.41959915397794195,0.0,0.864089427998407,0.9085028451360936,,,EXPLOIT
1052,59,,,0,1,1,0,common,1.0,0.6228832699774773,0.5749679553311161,0.4805843887778025,0.0,0.8651237098833375,0.9093382390943786,,,EXPLOIT
1053,59,,,0,1,1,0,common,1.0,0.4048741254853603,0.3847693910878897,0.45787130979006985,0.0,0.8661322584330184,0.9101503870316588,,,EXPLOIT
1054,59,,,0,1,1,0,common,0.0,0.7368318184345158,0.2728860457827222,0.5415594623834036,0.0,0.8612144089310246,0.9062653320804632,,,EXPLOIT
1055,59,,,0,1,1,0,common,1.0,0.5210593180175647,0.4876204245463469,0.5354094190736519,0.0,0.8559763759708652,0.9020733738970496,,,EXPLOIT
1056,59,,,0,1,1,0,common,1.0,0.33868855671141707,0.3298474980485837,0.47639316036498147,0.0,0.8572218400153349,0.9030971133083368,,,EXPLOIT
1057,59,,,0,1,1,0,common,1.0,0.22014756186242113,0.2435639338965676,0.3995194808142133,0.0,0.8584338109235791,0.9040897466614365,,,EXPLOIT
1058,59,,,0,1,1,0,common,0.0,0.8569040847894263,0.19695911081589124,0.5367348620067771,0.0,0.8530102452890036,0.8997207199572823,,,EXPLOIT
1059,59,,,0,1,1,0,common,1.0,0.4430123448868729,0.4179973823023785,0.5086181068708058,0.0,0.847215423721985,0.8949847695570334,,,EXPLOIT
1060,59,,,0,1,1,0,common,1.0,0.28795802417646743,0.2908367832377449,0.44242008206250427,0.0,0.8487074698848309,0.8962354640944628,,,EXPLOIT
1061,59,,,0,1,1,0,common,1.0,0.18717271571470384,0.22269077874825294,0.3658458721581641,0.0,0.8501561644199491,0.8974446483562928,,,EXPLOIT
1062,59,,,0,1,1,0,common,1.0,0.12166226521455747,0.18532887316013907,0.2925907900750821,0.0,0.8515632996046469,0.8986142970742264,,,EXPLOIT
1063,59,,,0,1,1,0,common,1.0,0.07908047238946236,0.16388428019177595,0.22853769476939617,0.0,0.8529305704201106,0.8997462617931559,,,EXPLOIT
1064,59,,,0,1,1,0,common,1.0,0.05140230705315052,0.15108885569035246,0.17539707845452246,0.0,0.8542595810670772,0.9008422803309322,,,EXPLOIT
1065,59,,,0,1,1,0,common,0.0,0.9665885004154522,0.14323579852054116,0.41275450504280137,0.0,0.8555518509648069,0.9019039853795886,,,EXPLOIT
1066,59,,,0,1,1,0,common,1.0,0.3717174747299561,0.35674782164478946,0.40044339594894773,0.0,0.8568088202805358,0.9029329123375681,,,EXPLOIT
1067,59,,,0,1,1,0,common,1.0,0.2416163585744715,0.2579028013520636,0.3527952847366048,0.0,0.8580318550317299,0.9039305064519891,,,EXPLOIT
1068,59,,,0,1,1,0,common,1.0,0.1570506330734065,0.204839466448002,0.2940718892376453,0.0,0.8592222517991563,0.9048981293408332,,,EXPLOIT
1069,59,,,0,1,1,0,common,1.0,0.1020829114977142,0.1751980692514475,0.23647519591566596,0.0,0.86038124208497,0.9058370649569665,,,EXPLOIT
1070,59,,,0,1,1,0,common,0.0,0.9336461075264858,0.15789167269326615,0.4456264693989119,0.0,0.8615099963466215,0.9067485250489375,,,EXPLOIT
1071,59,,,0,1,1,0,common,1.0,0.39313003010778425,0.3747391501355874,0.4298775376115736,0.0,0.8626096277343759,0.9076336541674046,,,EXPLOIT
1072,59,,,0,1,1,0,common,1.0,0.2555345195700598,0.2675120085220691,0.37757463219911946,0.0,0.8636811955575413,0.9084935342606947,,,EXPLOIT
1073,59,,,0,1,1,0,common,1.0,0.16609743772053887,0.2100795967468359,0.3141314738555453,0.0,0.8647257085021055,0.9093291888983005,,,EXPLOIT
1074,59,,,0,1,1,0,common,1.0,0.10796333451835027,0.17819182852319812,0.2522810320543868,0.0,0.8657441276203358,0.9101415871569957,,,EXPLOIT
1075,59,,,0,1,1,0,common,1.0,0.07017616743692767,0.1596717759232335,0.19764957266914904,0.0,0.8667373691109755,0.9109316472005916,,,EXPLOIT
1076,59,,,0,1,1,0,common,1.0,0.045614508834002976,0.14852324374797393,0.15203905351860522,0.0,0.8677063069069536,0.9117002395811519,,,EXPLOIT
1077,59,,,0,1,1,0,common,1.0,0.029649430742101912,0.1416386976143225,0.11532216668565422,0.0,0.8686517750859755,0.9124481902866229,,,EXPLOIT
1078,59,,,0,1,1,0,common,1.0,0.01927212998236627,0.13731263859643217,0.08650715567466782,0.0,0.86957457011798,0.9131762835573216,,,EXPLOIT
1079,59,,,0,1,1,0,common,1.0,0.012526884488538115,0.13456246192953325,0.0643130743188289,0.0,0.8704754529622002,0.9138852644914753,,,EXPLOIT
1080,59,,,0,1,1,0,common,1.0,0.008142474917549825,0.1328006213430601,0.04746189449844518,0.0,0.8713551510254375,0.9145758414580206,,,EXPLOIT
1081,59,,,0,1,1,0,common,1.0,0.005292608696407353,0.13166622589065496,0.03481110875783383,0.0,0.8722143599921497,0.9152486883330911,,,EXPLOIT
1082,59,,,0,1,1,0,common,1.0,0.003440195652664735,0.13093340775454312,0.0253998348262831,0.0,0.8730537455360361,0.9159044465750467,,,EXPLOIT
1083,59,,,0,1,1,0,common,1.0,0.00223612717423205,0.13045898690933597,0.018450722530667783,0.0,0.873873944921977,0.9165437271514772,,,EXPLOIT
1084,59,,,0,1,1,0,common,1.0,0.001453482663250849,0.13015141887741238,0.013351550570442702,0.0,0.8746755685064347,0.9171671123303604,,,EXPLOIT
1085,59,,,0,1,1,0,common,1.0,0.0009447637311130741,0.12995183947743852,0.009629514518643814,0.0,0.8754592011437459,0.917775157346412,,,EXPLOIT
1086,59,,,0,1,1,0,common,1.0,0.000614096425223476,0.1298222563014688,0.006924889090617712,0.0,0.8762254035051229,0.9183683919526615,,,EXPLOIT
1087,59,,,0,1,1,0,common,1.0,0.0003991626763952816,0.1297380877994194,0.004967171166350983,0.0,0.8769747133166165,0.9189473218663694,,,EXPLOIT
1088,59,,,0,1,1,0,common,1.0,0.0002594557396569108,0.1296834038500848,0.003554856538342761,0.0,0.8777076465217938,0.9195124301175872,,,EXPLOIT
1089,59,,,0,1,1,0,common,1.0,0.00016864623077694763,0.12964787008639056,0.002538993446073017,0.0,0.8784246983744181,0.9200641783079219,,,EXPLOIT
1090,59,,,0,1,1,0,common,0.0,0.999890379949995,0.12962477770361577,0.3017444093972496,0.0,0.8791263444659952,0.9206030077864051,,,EXPLOIT
1091,59,,,0,1,1,0,common,1.0,0.3500712530325032,0.3389934397114167,0.31624246248782567,0.0,0.8798130416926775,0.9211293407487676,,,EXPLOIT
1092,59,,,0,1,1,0,common,1.0,0.22754631447112705,0.24843897782774826,0.28963361808281607,0.0,0.8804852291656531,0.9216435812658728,,,EXPLOIT
1093,59,,,0,1,1,0,common,0.0,0.8520948955937674,0.1996472586263932,0.45837200133610145,0.0,0.8811433290688426,0.9221461162465853,,,EXPLOIT
1094,59,,,0,1,1,0,common,1.0,0.4461383178640512,0.42075742406900785,0.4547018962944864,0.0,0.8817877474674253,0.9226373163398948,,,EXPLOIT
1095,59,,,0,1,1,0,common,0.0,0.7100100933883666,0.2923414387316077,0.5312943554226505,0.0,0.8778218031247028,0.9196584994004168,,,EXPLOIT
1096,59,,,0,1,1,0,common,0.0,0.46150656070243834,0.503125082805448,0.5103580170065868,0.0,0.8736243813471327,0.9164745488600218,,,EXPLOIT
1097,59,,,0,1,1,0,common,0.0,0.29997926445658496,0.6310591726724133,0.4472443912415862,0.0,0.8744316390464324,0.91709964610739,,,EXPLOIT
1098,59,,,0,1,1,0,common,1.0,0.8050134781032198,0.6814335965833136,0.5545751173000762,0.0,0.8700311553897083,0.9137339661100546,,,EXPLOIT
1099,59,,,0,1,1,0,common,1.0,0.5232587607670929,0.4895821547483462,0.5451802103401813,0.0,0.8653599423959045,0.9101214682286219,,,EXPLOIT
1100,59,,,0,1,1,0,common,1.0,0.34011819449861036,0.33098870374173117,0.48366160558771,0.0,0.8663626511525244,0.9109120782482824,,,EXPLOIT
1101,59,,,0,1,1,0,common,0.0,0.7789231735759032,0.2441723758182916,0.5722400759841679,0.0,0.8614595528485728,0.9070857996929079,,,EXPLOIT
1102,59,,,0,1,1,0,common,0.0,0.5063000628243371,0.46314737751893675,0.5524580720362187,0.0,0.8562377208749589,0.902959646774542,,,EXPLOIT
1103,59,,,0,0,0,0,common,0.0,0.1180040477881781,0.6113857376729829,0.42212186476180646,0.0,0.8574761245518184,0.9039564324601544,,,EXPLOIT
1104,59,,,0,1,1,0,common,1.0,0.6709049591641808,0.5803167927624197,0.49675679308251874,0.0,0.85868130505238,0.9049232817914818,,,EXPLOIT
1105,59,,,0,1,1,0,common,1.0,0.4360882234567176,0.3761475324217574,0.4785562221947784,0.0,0.8598545231497452,0.9058614767470089,,,EXPLOIT
1106,59,,,0,1,1,0,common,0.0,0.7165426547531335,0.25827075050654713,0.5499521519622849,0.0,0.8545261596068997,0.9016369321876128,,,EXPLOIT
1107,59,,,0,1,1,0,common,1.0,0.5342472744104632,0.46247214018230876,0.5452406886967383,0.0,0.8488363555438355,0.897063777019316,,,EXPLOIT
1108,59,,,0,1,1,0,common,0.0,0.6527392716331989,0.30433904442107607,0.5774902635776764,0.0,0.8427473615946593,0.8920972646569618,,,EXPLOIT
1109,59,,,0,1,1,0,common,1.0,0.5757194734384207,0.4995111600274752,0.5769590265358997,0.0,0.8362159823254014,0.8866846484032161,,,EXPLOIT
1110,59,,,0,1,1,0,common,1.0,0.3742176577349734,0.32526210995780175,0.5161366158956218,0.0,0.829192557349763,0.8807633098900507,,,EXPLOIT
1111,59,,,0,1,1,0,common,0.0,0.7567585224722673,0.231865997863145,0.5883231878686154,0.0,0.821619704810156,0.8742583363285503,,,EXPLOIT
1112,59,,,0,1,1,0,common,1.0,0.5081069603930263,0.43910529114644725,0.5642583196259385,0.0,0.8134307599480104,0.8670793474048349,,,EXPLOIT
1113,59,,,0,1,1,0,common,1.0,0.3302695242554671,0.2915841497746161,0.4940616810147971,0.0,0.8160527443519969,0.8694184978644297,,,EXPLOIT
1114,59,,,0,1,1,0,common,0.0,0.7853248092339464,0.2143696282422313,0.5814406194805418,0.0,0.8073951609642612,0.861715567413369,,,EXPLOIT
1115,59,,,0,1,1,0,common,1.0,0.4895388739979347,0.4226133439057562,0.5538700958357596,0.0,0.7979821557926668,0.8531389478488269,,,EXPLOIT
1116,59,,,0,1,1,0,common,1.0,0.31820026809865753,0.28273520099668065,0.48316914751462897,0.0,0.8012148632474781,0.8561371673849678,,,EXPLOIT
1117,59,,,0,1,1,0,common,1.0,0.20683017426412742,0.20974714680213818,0.4002674555394785,0.0,0.8043149195549977,0.8589872044716163,,,EXPLOIT
1118,59,,,0,1,1,0,common,1.0,0.13443961327168286,0.17072392185242216,0.32051910285913976,0.0,0.8072901781454319,0.8616996460343643,,,EXPLOIT
1119,59,,,0,1,1,0,common,1.0,0.08738574862659387,0.1487301102314068,0.25057909658937594,0.0,0.8101478847431454,0.8642840941182124,,,EXPLOIT
1120,59,,,0,1,1,0,common,1.0,0.05680073660728602,0.13576843687685433,0.19244558859474895,0.0,0.8128947350362854,0.8667492778152138,,,EXPLOIT
1121,59,,,0,1,1,0,common,1.0,0.03692047879473592,0.1278784817830962,0.14578805565474504,0.0,0.8155369259014794,0.8691031502671938,,,EXPLOIT
1122,59,,,0,1,1,0,common,1.0,0.02399831121657836,0.12296783327833605,0.10925113232329503,0.0,0.8180802010085402,0.8713529730149092,,,EXPLOIT
1123,59,,,0,1,1,0,common,1.0,0.015598902290775984,0.11986562300011566,0.08115546331353932,0.0,0.8205298915116103,0.8735053895783725,,,EXPLOIT
1124,59,,,0,1,1,0,common,1.0,0.010139286489004418,0.11788644684443915,0.05985061026617884,0.0,0.82289095243348,0.8755664898389183,,,EXPLOIT
1125,59,,,0,1,1,0,common,1.0,0.006590536217852883,0.11661554774256586,0.043872588051681045,0.0,0.8251679952656801,0.8775418665371468,,,EXPLOIT
1126,59,,,0,1,1,0,common,1.0,0.0042838485416043515,0.11579599095227316,0.031995966198658035,0.0,0.8273653172357033,0.8794366649906074,,,EXPLOIT
1127,59,,,0,1,1,0,common,0.0,0.9972154984479572,0.11526602355689701,0.3215618258734478,0.0,0.8294869276322244,0.8812556269619114,,,EXPLOIT
1128,59,,,0,1,1,0,common,1.0,0.3518099260088279,0.30781181452780665,0.3306362559140618,0.0,0.8315365715276567,0.8830031294647752,,,EXPLOIT
1129,59,,,0,1,1,0,common,1.0,0.22867645190573815,0.22281459450934038,0.3000483147115647,0.0,0.833517751193378,0.8846832191766131,,,EXPLOIT
1130,59,,,0,1,1,0,common,1.0,0.14863969373872976,0.1778716239114581,0.2546257284197142,0.0,0.8354337454652719,0.886299643027245,,,EXPLOIT
1131,59,,,0,1,1,0,common,1.0,0.0966158009301743,0.15284430741198587,0.20722275017285222,0.0,0.8372876272848649,0.8878558754504229,,,EXPLOIT
1132,59,,,0,1,1,0,common,1.0,0.06280027060461335,0.1382311541155563,0.16389600630238055,0.0,0.83908227961348,0.8893551427153571,,,EXPLOIT
1133,59,,,0,1,1,0,common,1.0,0.04082017589299869,0.12939381755582788,0.12697325717956598,0.0,0.8408204098927826,0.8908004446968589,,,EXPLOIT
1134,59,,,0,1,1,0,common,1.0,0.026533114330449137,0.12391782201551643,0.09684121432483092,0.0,0.8425045632043021,0.8921945743932511,,,EXPLOIT
1135,59,,,0,1,1,0,common,1.0,0.0172465243147919,0.12046864709323803,0.0729628073218192,0.0,0.8441371342624698,0.8935401354592823,,,EXPLOIT
1136,59,,,0,1,1,0,common,1.0,0.011210240804614746,0.11827238524348188,0.05443703736665786,0.0,0.8457203783600519,0.8948395579856357,,,EXPLOIT
1137,59,,,0,1,1,0,common,1.0,0.007286656522999535,0.11686388479127972,0.040291923113560356,0.0,0.8472564213712057,0.8960951127262617,,,EXPLOIT
1138,59,,,0,0,0,0,common,0.0,0.07670263106231577,0.11595635059676991,0.05121513549818697,0.0,0.8487472689054788,0.897308923948785,,,EXPLOIT
1139,59,,,0,1,1,0,common,1.0,0.0047363267399497255,0.10677678610443646,0.037271492870715794,0.0,0.8501948146956576,0.8984829810609901,,,EXPLOIT
1140,59,,,0,1,1,0,common,0.0,0.9969213876190327,0.10623185168193074,0.3251664612952109,0.0,0.851600848293247,0.8996191491472604,,,EXPLOIT
1141,59,,,0,1,1,0,common,1.0,0.3520010980476287,0.2878127335546485,0.33321685232093623,0.0,0.8529670621373504,0.9007191785323627,,,EXPLOIT
1142,59,,,0,1,1,0,common,1.0,0.22880071373095867,0.20691384061723392,0.30189201074394295,0.0,0.8542950580556806,0.9017847134757497,,,EXPLOIT
1143,59,,,0,1,1,0,common,1.0,0.14872046392512317,0.16459947700683697,0.255940546698297,0.0,0.8555863532502167,0.9028173000872199,,,EXPLOIT
1144,59,,,0,1,1,0,common,1.0,0.0966683015513301,0.14116263394528922,0.20815887315420695,0.0,0.8568423858145497,0.9038183935441009,,,EXPLOIT
1145,59,,,0,1,1,0,common,0.0,0.9371656039916354,0.1275186343948136,0.42686089240543545,0.0,0.8580645198251142,0.9047893646808131,,,EXPLOIT
1146,59,,,0,0,0,0,common,0.0,0.04985671019050525,0.31723214098926206,0.3137596377409564,0.0,0.8592540500442102,0.9057315060135851,,,EXPLOIT
1147,59,,,0,0,0,0,common,1.0,0.9675931383761716,0.3037960757848876,0.5099096879315209,0.0,0.8538855523891639,0.9014964469224851,,,EXPLOIT
1148,59,,,0,0,0,0,common,0.0,0.37106446005548843,0.591443343298714,0.4682561195687111,0.0,0.8551881176314479,0.902537902158899,,,EXPLOIT
1149,59,,,0,1,1,0,common,1.0,0.39084235740543694,0.4813429584485571,0.44503199091972884,0.0,0.8564549806176054,0.9035474746525358,,,EXPLOIT
1150,59,,,0,1,1,0,common,1.0,0.25404753231353405,0.36134527456704535,0.3877366533378704,0.0,0.8576875279497481,0.904526557698377,,,EXPLOIT
1151,59,,,0,1,1,0,common,1.0,0.16513089600379716,0.2911035427397277,0.32095492613764837,0.0,0.8588870754909239,0.9054764646772636,,,EXPLOIT
1152,59,,,0,1,1,0,common,1.0,0.10733508240246814,0.2504200406561312,0.25686897301709427,0.0,0.8600548728208481,0.9063984347056268,,,EXPLOIT
1153,59,,,0,1,1,0,common,1.0,0.06976780356160428,0.22625050593139193,0.20073862218044727,0.0,0.8611921073590229,0.9072936378125853,,,EXPLOIT
1154,59,,,0,1,1,0,common,1.0,0.045349072315042815,0.2115103798656202,0.15412175722082594,0.0,0.8622999081838523,0.908163179689904,,,EXPLOIT
1155,59,,,0,1,1,0,common,1.0,0.029476897004777847,0.20233630990101975,0.1167282991560115,0.0,0.8633793495735891,0.9090081060553701,,,EXPLOIT
1156,59,,,0,1,1,0,common,1.0,0.019159983053105623,0.1965435667741898,0.08745780432513973,0.0,0.864431454292464,0.9098294066658019,,,EXPLOIT
1157,59,,,0,0,0,0,common,0.0,0.2411918990360675,0.19284972927287042,0.13357803273841806,0.0,0.865457196643141,0.9106280190120807,,,EXPLOIT
1158,59,,,0,1,1,0,common,0.0,0.9875460110154813,0.1510095568715484,0.38976842622153707,0.0,0.8664575053046532,0.9114048317252148,,,EXPLOIT
1159,59,,,0,1,1,0,common,1.0,0.3580950928399371,0.37791794793984357,0.3802664262070571,0.0,0.867433265973207,0.9121606877194628,,,EXPLOIT
1160,59,,,0,1,1,0,common,0.0,0.7672381896540409,0.27885803956778626,0.4963579552411522,0.0,0.868385323821648,0.9128963870958975,,,EXPLOIT
1161,59,,,0,1,1,0,common,1.0,0.5012951767248734,0.5045174304382309,0.49783912168626854,0.0,0.8693144857919477,0.9136126898274425,,,EXPLOIT
1162,59,,,0,0,0,0,common,1.0,0.8432252656265562,0.3508699391242413,0.6014549648683548,0.0,0.8645984150492025,0.9099911327794346,,,EXPLOIT
1163,59,,,0,0,0,0,common,0.0,0.4519035773427385,0.6033226691969671,0.5565895486106699,0.0,0.859581791859546,0.9060937311828641,,,EXPLOIT
1164,59,,,0,0,0,0,common,0.0,0.29373732527278007,0.4701992190408447,0.4777338816093029,0.0,0.8607313662819569,0.9069977425559335,,,EXPLOIT
1165,59,,,0,0,0,0,common,0.0,0.19092926142730704,0.37954007352610997,0.39169249555470415,0.0,0.8618510527765438,0.907875730516839,,,EXPLOIT
1166,59,,,0,1,1,0,common,0.0,0.6741581351288323,0.3244916330801003,0.47643218742694254,0.0,0.8629419475868312,0.9087287603387356,,,EXPLOIT
1167,59,,,0,1,1,0,common,1.0,0.561797212166259,0.5289194057013796,0.5020416948487374,0.0,0.8578175454840485,0.90473278323026,,,EXPLOIT
1168,59,,,0,1,1,0,common,1.0,0.3651681879080684,0.35637469503934227,0.46097964276653663,0.0,0.8590136342065475,0.9056765941258319,,,EXPLOIT
1169,59,,,0,1,1,0,common,0.0,0.7626406778597555,0.25916108135248395,0.5514779532945022,0.0,0.8536290252182255,0.901437088692153,,,EXPLOIT
1170,59,,,0,1,1,0,common,1.0,0.5042835593911589,0.47808231974443954,0.5373196351234992,0.0,0.8478771878807079,0.8968470917795196,,,EXPLOIT
1171,59,,,0,1,1,0,common,1.0,0.3277843136042533,0.32602858368081683,0.47445903866772543,0.0,0.8493499377036651,0.8980362048486485,,,EXPLOIT
1172,59,,,0,1,1,0,common,1.0,0.21305980384276468,0.24291838866401522,0.39603926822023716,0.0,0.8507801366920011,0.8991867259531051,,,EXPLOIT
1173,59,,,0,1,1,0,common,0.0,0.8615111275022029,0.19779049708459936,0.5356808260048269,0.0,0.8448290557004321,0.8944048887286791,,,EXPLOIT
1174,59,,,0,0,0,0,common,0.0,0.12410401992774958,0.42073923963262394,0.4122077841817037,0.0,0.8463915946176278,0.8956750423100651,,,EXPLOIT
1175,59,,,0,1,1,0,common,1.0,0.4400177671235681,0.38288847306283885,0.42055077906426297,0.0,0.8479078157017976,0.89690274923051,,,EXPLOIT
1176,59,,,0,1,1,0,common,1.0,0.2860115486303193,0.2627455859934184,0.38018900993407984,0.0,0.8493796751005789,0.8980900432994955,,,EXPLOIT
1177,59,,,0,1,1,0,common,1.0,0.18590750660970756,0.20002179548584045,0.3219045589367681,0.0,0.8508090205001434,0.8992388305522755,,,EXPLOIT
1178,59,,,0,1,1,0,common,1.0,0.1208398792963099,0.16601111931416995,0.26158515504463065,0.0,0.8521975985415413,0.9003508991305649,,,EXPLOIT
1179,59,,,0,1,1,0,common,1.0,0.07854592154260143,0.14659561950422012,0.20667338499402188,0.0,0.8535470616367048,0.9014279282603045,,,EXPLOIT
1180,59,,,0,1,1,0,common,1.0,0.05105484900269097,0.1350447667249916,0.15998782419662258,0.0,0.8548589742400544,0.9024714964213165,,,EXPLOIT
1181,59,,,0,1,1,0,common,1.0,0.033185651851749154,0.12796748161506535,0.12194717249316055,0.0,0.8561348186257656,0.9034830887924638,,,EXPLOIT
1182,59,,,0,1,1,0,common,0.0,0.978429326296363,0.12354322836977785,0.37889181863412125,0.0,0.857376000215571,0.9044641040461762,,,EXPLOIT
1183,59,,,0,1,1,0,common,1.0,0.364020937907364,0.3203525690209097,0.3744305544160941,0.0,0.8585838524973657,0.9054158605577276,,,EXPLOIT
1184,59,,,0,1,1,0,common,1.0,0.23661360963978662,0.23019082214538095,0.3330854709832018,0.0,0.8597596415708214,0.9063396020872438,,,EXPLOIT
1185,59,,,0,1,1,0,common,0.0,0.8462011537341387,0.18259281984281472,0.48702017580848284,0.0,0.8609045703525969,0.9072365029859473,,,EXPLOIT
1186,59,,,0,1,1,0,common,0.0,0.5500307499271901,0.3914529984522828,0.505923348044095,0.0,0.8556460247400809,0.9031223793746301,,,EXPLOIT
1187,59,,,0,1,1,0,common,1.0,0.6424800125473265,0.560519763212249,0.5468903473950644,0.0,0.8500331782146846,0.8986734161121486,,,EXPLOIT
1188,59,,,0,1,1,0,common,1.0,0.41761200815576216,0.3638901299994677,0.5081068456232737,0.0,0.8440292890611895,0.8938472554240172,,,EXPLOIT
1189,59,,,0,1,1,0,common,1.0,0.27144780530124546,0.252823347007593,0.43710913352666514,0.0,0.8456157711042513,0.8951362486629486,,,EXPLOIT
1190,59,,,0,1,1,0,common,0.0,0.8235589265541905,0.1947501253279473,0.5530440714349227,0.0,0.839294750983805,0.8899989449638434,,,EXPLOIT
1191,59,,,0,1,1,0,common,1.0,0.4646866977397761,0.4042440106090496,0.5265368593263787,0.0,0.832505530611663,0.8843919099044594,,,EXPLOIT
1192,59,,,0,1,1,0,common,1.0,0.3020463535308545,0.2739802731101229,0.45918970758772143,0.0,0.8344547074082563,0.8860192921340649,,,EXPLOIT
1193,59,,,0,1,1,0,common,0.0,0.8036698702049445,0.2059561957636281,0.5625337563728884,0.0,0.8272954824538679,0.8800337882070828,,,EXPLOIT
1194,59,,,0,1,1,0,common,1.0,0.47761458436678605,0.41558708964132973,0.5370580047710577,0.0,0.819570603847759,0.8734549416801743,,,EXPLOIT
1195,59,,,0,0,0,0,common,0.0,0.08066761295303723,0.2799962831092213,0.40014088722565155,0.0,0.8219661949494479,0.8755181612175318,,,EXPLOIT
1196,59,,,0,0,0,0,common,0.0,0.0524339484194742,0.26013359965075744,0.2958288055837983,0.0,0.8242759808083421,0.8774955286924188,,,EXPLOIT
1197,59,,,0,1,1,0,common,1.0,0.310449479838411,0.24776351734203017,0.30021500786018207,0.0,0.8265043798064394,0.8793921996013477,,,EXPLOIT
1198,59,,,0,1,1,0,common,1.0,0.20179216189496718,0.18333028979014115,0.2706881540706176,0.0,0.8286555122903938,0.8812129248975417,,,EXPLOIT
1199,59,,,0,1,1,0,common,0.0,0.8688350947682714,0.14924129886210163,0.4501322362799137,0.0,0.8307332252871908,0.8829620899099386,,,EXPLOIT
1200,59,,,0,1,1,0,common,1.0,0.43525718840062355,0.34001733289246444,0.44566972191612664,0.0,0.8327411148003687,0.8846437488539689,,,EXPLOIT
1201,59,,,0,1,1,0,common,0.0,0.7170828275395946,0.2300139640400012,0.527093653603167,0.0,0.8254484946081146,0.8785244562499421,,,EXPLOIT
1202,59,,,0,1,1,0,common,0.0,0.4661038379007365,0.4241503014183595,0.5087967088924378,0.0,0.8175741205566174,0.8717913967920186,,,EXPLOIT
1203,59,,,0,1,1,0,common,1.0,0.6970325053645212,0.5670645217774463,0.5652674478340628,0.0,0.8090459369792384,0.8643477493322976,,,EXPLOIT
1204,59,,,0,1,1,0,common,1.0,0.45307112848693887,0.3546175389860181,0.5316085520299256,0.0,0.7997794764752226,0.8560751981601307,,,EXPLOIT
1205,59,,,0,1,1,0,common,1.0,0.2944962335165102,0.23736023351876834,0.460474856475901,0.0,0.8029381160007738,0.8589282623792013,,,EXPLOIT
1206,59,,,0,1,1,0,common,0.0,0.8085774482142684,0.17795471819148687,0.5649056339974111,0.0,0.7931235327121123,0.8500233846183536,,,EXPLOIT
1207,59,,,0,0,0,0,common,1.0,0.9659179335273418,0.372510319329185,0.6852093238563903,0.0,0.782394143273719,0.8400263402041566,,,EXPLOIT
1208,59,,,0,0,0,0,common,0.0,0.3721533432072278,0.6481976009996759,0.5912925296616416,0.0,0.7706164173533043,0.8287236822406515,,,EXPLOIT
1209,59,,,0,0,0,0,common,0.0,0.2418996730846981,0.5548475250195338,0.4864746726885585,0.0,0.7750744123038481,0.8330588153849826,,,EXPLOIT
1210,59,,,0,0,0,0,common,0.0,0.15723478750505376,0.48100793237473893,0.387702707133507,0.0,0.779320360595927,0.8371397112977271,,,EXPLOIT
1211,59,,,0,1,1,0,common,0.0,0.5255753413392745,0.43182266741950937,0.4290644973952372,0.0,0.783368840207473,0.8409879089489198,,,EXPLOIT
1212,59,,,0,1,1,0,common,1.0,0.6583760281294715,0.5904252360144508,0.49785795661550747,0.0,0.787233123029824,0.8446225812944667,,,EXPLOIT
1213,59,,,0,1,1,0,common,1.0,0.4279444182841565,0.39102976451855936,0.47688389511610213,0.0,0.7909253179394409,0.8480608514758059,,,EXPLOIT
1214,59,,,0,1,1,0,common,1.0,0.2781638718847017,0.2723153602037133,0.417267888146682,0.0,0.7944564954659101,0.851318059630452,,,EXPLOIT
1215,59,,,0,1,1,0,common,1.0,0.1808065167250561,0.20944136901620491,0.3463294767201942,0.0,0.7978367967601401,0.8544079890851789,,,EXPLOIT
1216,59,,,0,1,1,0,common,0.0,0.8824757641287135,0.17501608874187383,0.50717336294275,0.0,0.7875519735198478,0.8449570014198348,,,EXPLOIT
1217,59,,,0,1,1,0,common,1.0,0.42639075331633625,0.3896884570422982,0.4829385800548258,0.0,0.7912301318798309,0.8483774588295663,,,EXPLOIT
1218,59,,,0,1,1,0,common,1.0,0.27715398965561855,0.2716012374424735,0.42120320293506364,0.0,0.7947481653323036,0.8516182256412262,,,EXPLOIT
1219,59,,,0,1,1,0,common,1.0,0.18015009327615206,0.20905857132139188,0.3488872700373901,0.0,0.7981161409613886,0.8546929479449378,,,EXPLOIT
1220,59,,,0,1,1,0,common,1.0,0.11709756062949883,0.17480067242989777,0.2793503572150227,0.0,0.8013432995276458,0.8576139243782014,,,EXPLOIT
1221,59,,,0,1,1,0,common,1.0,0.07611341440917418,0.15511204736322212,0.21837927437326815,0.0,0.8044381385505427,0.8603922684375411,,,EXPLOIT
1222,59,,,0,1,1,0,common,0.0,0.9505262806340368,0.14334708052794765,0.43802337625149873,0.0,0.8074084855642998,0.863038047879968,,,EXPLOIT
1223,59,,,0,1,1,0,common,1.0,0.3821579175878761,0.3523082436906094,0.4212637386524119,0.0,0.8102615628768555,0.8655604049002589,,,EXPLOIT
1224,59,,,0,1,1,0,common,1.0,0.2484026464321195,0.2518099339263047,0.3694054109863242,0.0,0.8130040449599494,0.8679676601075293,,,EXPLOIT
1225,59,,,0,0,0,0,common,0.0,0.10220261187828494,0.19838888393076076,0.2892445712539124,0.0,0.815642109430364,0.8702674027930674,,,EXPLOIT
1226,59,,,0,0,0,0,common,1.0,0.9335683022791148,0.1791814746994459,0.4825416905614731,0.0,0.8181814824420374,0.8724665695527475,,,EXPLOIT
1227,59,,,0,1,1,0,common,1.0,0.16146172018087768,0.41238424603152324,0.38621769944729445,0.0,0.8206274791910827,0.8745715129798979,,,EXPLOIT
1228,59,,,0,1,1,0,common,1.0,0.10495011811757049,0.36376529822632775,0.30183742504837724,0.0,0.822985040136753,0.8765880618615081,,,EXPLOIT
1229,59,,,0,0,0,0,common,0.0,0.3931806035185754,0.3336119062874504,0.32924037858943667,0.0,0.8252587634578172,0.8785215740791299,,,EXPLOIT
1230,59,,,0,0,0,0,common,0.0,0.25556739228707404,0.2342982517661664,0.30713848269872784,0.0,0.8274529341930558,0.8803769832255356,,,EXPLOIT
1231,59,,,0,1,1,0,common,1.0,0.06821757677642082,0.18252480009305894,0.23546221092203573,0.0,0.8295715504544844,0.8821588397911679,,,EXPLOIT
1232,59,,,0,0,0,0,common,0.0,0.16611880498659815,0.1703866985496424,0.21465918914140444,0.0,0.8316183470507189,0.8838713476442985,,,EXPLOIT
1233,59,,,0,1,1,0,common,0.0,0.9556585750953265,0.14362148792371807,0.43695900492758105,0.0,0.8335968168141714,0.885518396420576,,,EXPLOIT
1234,59,,,0,1,1,0,common,1.0,0.3788219261880378,0.35432436433197945,0.4195178813057181,0.0,0.8355102298883063,0.8871035903472831,,,EXPLOIT
1235,59,,,0,0,0,0,common,0.0,0.1079772232412888,0.254234757031522,0.3260556838863893,0.0,0.8373616511990268,0.8886302739519177,,,EXPLOIT
1236,59,,,0,0,0,0,common,0.0,0.07018519510683772,0.22965064347037148,0.2492945372525238,0.0,0.8391539563065635,0.8901015550410478,,,EXPLOIT
1237,59,,,0,1,1,0,common,1.0,0.2462342520222246,0.21465310073663485,0.24837645168343403,0.0,0.8408898458103387,0.8915203252817154,,,EXPLOIT
1238,59,,,0,1,1,0,common,1.0,0.16005226381444604,0.16803501167655086,0.22187919532273762,0.0,0.8425718584586023,0.892889278672218,,,EXPLOIT
1239,59,,,0,1,1,0,common,1.0,0.10403397147938998,0.14248620174494578,0.1865256281697333,0.0,0.8442023830967058,0.8942109281505457,,,EXPLOIT
1240,59,,,0,0,0,0,common,0.0,0.04562037681944452,0.1277314045822218,0.14425405276464667,0.0,0.8457836695722957,0.8954876205559201,,,EXPLOIT
1241,59,,,0,1,1,0,common,1.0,0.06762208146160353,0.1216941806269887,0.12126446137373373,0.0,0.8473178387021435,0.8967215501308637,,,EXPLOIT
1242,59,,,0,1,1,0,common,1.0,0.04395435295004235,0.11320854201652113,0.09807142884662631,0.0,0.8488068913934785,0.8979147707272397,,,EXPLOIT
1243,59,,,0,1,1,0,common,1.0,0.028570329417527573,0.10797899389917454,0.07722109901789669,0.0,0.8502527170023354,0.8990692068591093,,,EXPLOIT
1244,59,,,0,1,1,0,common,1.0,0.018570714121392884,0.10469668886546818,0.05962598354894554,0.0,0.8516571010023553,0.9001866637275483,,,EXPLOIT
1245,59,,,0,1,1,0,common,1.0,0.012070964178905408,0.1026114879225228,0.0453594777379335,0.0,0.8530217320295017,0.9012688363272707,,,EXPLOIT
1246,59,,,0,1,1,0,common,1.0,0.007846126716288482,0.1012762132287973,0.03410547243144,0.0,0.8543482083611573,0.9023173177317025,,,EXPLOIT
1247,59,,,0,1,1,0,common,1.0,0.005099982365587508,0.10041669728177201,0.02540382541168425,0.0,0.8556380438818783,0.903333606641692,,,EXPLOIT
1248,59,,,0,1,1,0,common,1.0,0.003314988537631902,0.09986154371605489,0.018777174349468545,0.0,0.8568926735826423,0.9043191142730983,,,EXPLOIT
1249,59,,,0,1,1,0,common,1.0,0.0021547425494606864,0.09950217990455837,0.013790444809466186,0.0,0.8581134586356027,0.9052751706498329,,,EXPLOIT
1250,59,,,0,1,1,0,common,1.0,0.001400582657149485,0.09926921956903464,0.010073486163771175,0.0,0.8593016910820872,0.9062030303613885,,,EXPLOIT
1251,59,,,0,1,1,0,common,0.0,0.9990896212728528,0.09911805943048031,0.3067783266964957,0.0,0.8604585981678027,0.9071038778372702,,,EXPLOIT
1252,59,,,0,1,1,0,common,1.0,0.35059174617264566,0.27222938100850214,0.31992235253934065,0.0,0.8615853463558322,0.9079788321849692,,,EXPLOIT
1253,59,,,0,0,0,0,common,0.0,0.02965324493263894,0.19498670927246314,0.23284162025733013,0.0,0.8626830450450259,0.9088289516330458,,,EXPLOIT
1254,59,,,0,1,1,0,common,1.0,0.22788463501221967,0.18932993963859354,0.23135452468379697,0.0,0.8637527500187075,0.9096552376164146,,,EXPLOIT
1255,59,,,0,1,1,0,common,1.0,0.14812501275794276,0.15019506435397814,0.2063856711060407,0.0,0.864795466646249,0.9104586385370088,,,EXPLOIT
1256,59,,,0,1,1,0,common,1.0,0.09628125829266276,0.1286275562063207,0.1733543472620273,0.0,0.8658121528579248,0.9112400532295185,,,EXPLOIT
1257,59,,,0,1,1,0,common,1.0,0.06258281789023079,0.11610483272853483,0.14012288845048834,0.0,0.8668037219115634,0.912000334158842,,,EXPLOIT
1258,59,,,0,1,1,0,common,1.0,0.04067883162865005,0.10855606690410402,0.11028967140393685,0.0,0.8677710449677971,0.9127402903731706,,,EXPLOIT
1259,59,,,0,1,1,0,common,1.0,0.026441240558622514,0.1038875873182225,0.08513514215034254,0.0,0.8687149534891814,0.9134606902342212,,,EXPLOIT
1260,59,,,0,1,1,0,common,0.0,0.9828131936368953,0.10095056707665817,0.3544385575963084,0.0,0.8696362414770828,0.9141622639439915,,,EXPLOIT
1261,59,,,0,1,1,0,common,1.0,0.361171424136018,0.27237166668366886,0.3564584175582212,0.0,0.87053566755899,0.9148457058855158,,,EXPLOIT
1262,59,,,0,1,1,0,common,1.0,0.23476142568841174,0.19306309690091786,0.3199493199972784,0.0,0.8714139569377843,0.9155116767934005,,,EXPLOIT
1263,59,,,0,1,1,0,common,0.0,0.8474050733025323,0.1521921372891997,0.47818604598885456,0.0,0.8722718032135115,0.9161608057684048,,,EXPLOIT
1264,59,,,0,1,1,0,common,1.0,0.449186702353354,0.3393059624033518,0.4694862428982044,0.0,0.8731098700872726,0.9167936921489896,,,EXPLOIT
1265,59,,,0,1,1,0,common,1.0,0.2919713565296801,0.22642783070145225,0.41623177698764713,0.0,0.8739287929560411,0.9174109072515416,,,EXPLOIT
1266,59,,,0,1,1,0,common,1.0,0.18978138174429204,0.16969411158476638,0.3482966584146406,0.0,0.8747291804064662,0.9180129959898957,,,EXPLOIT
1267,59,,,0,1,1,0,common,1.0,0.12335789813378983,0.13953108947888304,0.28081503033038535,0.0,0.8755116156150479,0.9186004783838189,,,EXPLOIT
1268,59,,,0,1,1,0,common,1.0,0.08018263378696344,0.12250407126618967,0.22062531136735875,0.0,0.8762766576614586,0.919173850965228,,,EXPLOIT
1269,59,,,0,1,1,0,common,1.0,0.05211871196152629,0.1124421880064622,0.170073331545609,0.0,0.8770248427612354,0.919733588090147,,,EXPLOIT
1270,59,,,0,1,1,0,common,0.0,0.9661228372250079,0.10630286256922919,0.40888818324942866,0.0,0.8777566854235562,0.9202801431636896,,,EXPLOIT
1271,59,,,0,1,1,0,common,1.0,0.3720201558037448,0.2801244282171396,0.3978277750157235,0.0,0.8784726795393611,0.9208139497847216,,,EXPLOIT
1272,59,,,0,1,1,0,common,1.0,0.24181310127243416,0.1969522991452017,0.35102337289273666,0.0,0.8791732994046565,0.9213354228162817,,,EXPLOIT
1273,59,,,0,1,1,0,common,0.0,0.8428214841729178,0.1542634106288909,0.49856280627679095,0.0,0.8798590006834649,0.921844959387315,,,EXPLOIT
1274,59,,,0,1,1,0,common,1.0,0.45216603528760335,0.3417232173831764,0.48464377498003464,0.0,0.8805302213145317,0.9223429398308141,,,EXPLOIT
1275,59,,,0,1,1,0,common,0.0,0.7060920770630579,0.2276301909432323,0.5510782656049416,0.0,0.8764915878878522,0.9193441579579333,,,EXPLOIT
1276,59,,,0,0,0,0,common,0.0,0.019274609206215314,0.4173785184398029,0.3915371686853237,0.0,0.8772350638289813,0.9198998707734614,,,EXPLOIT
1277,59,,,0,0,0,0,common,0.0,0.012528495984039954,0.4114408034564674,0.2778345668749385,0.0,0.8779623401483441,0.9204425344052795,,,EXPLOIT
1278,59,,,0,1,1,0,common,1.0,0.5410401499090124,0.40759424414696277,0.3567962417851607,0.0,0.878673905050703,0.920972576689498,,,EXPLOIT
1279,59,,,0,1,1,0,common,1.0,0.35167609744085804,0.25803860798128275,0.35526019848186985,0.0,0.8793702274262944,0.9214904070356517,,,EXPLOIT
1280,59,,,0,1,1,0,common,0.0,0.7714105366634423,0.18378134651145697,0.48010529993634155,0.0,0.8800517577973458,0.9219964174087292,,,EXPLOIT
1281,59,,,0,1,1,0,common,1.0,0.4985831511687625,0.37100352943407516,0.4856486553060678,0.0,0.8807189292094592,0.9224909832490568,,,EXPLOIT
1282,59,,,0,1,1,0,common,0.0,0.6759209517403044,0.2397079325263479,0.5427303442363387,0.0,0.876691245616075,0.9195022502497214,,,EXPLOIT
1283,59,,,0,1,1,0,common,1.0,0.5606513813688021,0.4248734832759008,0.5481066553760776,0.0,0.8724266386699195,0.9163073492215308,,,EXPLOIT
1284,59,,,0,1,1,0,common,0.0,0.6355766021102787,0.26683322827316325,0.5743476393963379,0.0,0.8679038051584839,0.9128843644019419,,,EXPLOIT
1285,59,,,0,1,1,0,common,1.0,0.5868752086283189,0.44821756666980384,0.5781059101659322,0.0,0.8630988092408672,0.9092081599008772,,,EXPLOIT
1286,59,,,0,1,1,0,common,1.0,0.3814688856084073,0.278912602456496,0.5191148027986746,0.0,0.8579846628029114,0.9052497657158683,,,EXPLOIT
1287,59,,,0,1,1,0,common,0.0,0.7520452243545352,0.19419407699576804,0.5889939292654327,0.0,0.8525308228985724,0.9009756176946698,,,EXPLOIT
1288,59,,,0,1,1,0,common,1.0,0.5111706041695521,0.38171410540350276,0.5656469317366685,0.0,0.8467025865141937,0.8963466092391815,,,EXPLOIT
1289,59,,,0,0,0,0,common,1.0,0.991856477610374,0.24504088360782134,0.6935097954987801,0.0,0.8404603573188009,0.8913168980051748,,,EXPLOIT
1290,59,,,0,1,1,0,common,1.0,0.33226089271020887,0.5303511494754571,0.5851351246622087,0.0,0.8337587516570649,0.8858323904248361,,,EXPLOIT
1291,59,,,0,1,1,0,common,1.0,0.21596958026163582,0.42706058763162913,0.47438546134203685,0.0,0.8356668830137469,0.8874059150567611,,,EXPLOIT
1292,59,,,0,1,1,0,common,1.0,0.14038022717006327,0.36170812724374124,0.37418389109044475,0.0,0.8375132693266727,0.8889215535594722,,,EXPLOIT
1293,59,,,0,1,1,0,common,1.0,0.0912471476605411,0.3218070678802726,0.28930286806147365,0.0,0.8393007710406717,0.890382370028105,,,EXPLOIT
1294,59,,,0,1,1,0,common,1.0,0.05931064597935176,0.2972706314425881,0.22030520143683707,0.0,0.8410320747800466,0.8917912161790601,,,EXPLOIT
1295,59,,,0,1,1,0,common,1.0,0.03855191988657869,0.2819682160920343,0.16577921697175954,0.0,0.8427097063565182,0.8931507494390798,,,EXPLOIT
1296,59,,,0,1,1,0,common,0.0,0.9749412520737238,0.27230513573957366,0.40852782750234884,0.0,0.8443360426262339,0.8944634492164261,,,EXPLOIT
1297,59,,,0,0,0,0,common,1.0,0.6447067104467432,0.5592231014155684,0.47938149238566713,0.0,0.8459133223129182,0.8957316315637875,,,EXPLOIT
1298,59,,,0,1,1,0,common,1.0,0.3662881861520795,0.6876084539298355,0.4454535005155908,0.0,0.8474436559008293,0.8969574624153714,,,EXPLOIT
1299,59,,,0,1,1,0,common,1.0,0.23808732099885166,0.6316992816553768,0.383243646660569,0.0,0.8489290346894738,0.8981429695573504,,,EXPLOIT
1300,59,,,0,1,1,0,common,1.0,0.15475675864925353,0.5707885539751726,0.3146975802571743,0.0,0.8503713390917899,0.8992900534708532,,,EXPLOIT
1301,59,,,0,1,1,0,common,0.0,0.8994081068779852,0.525124592988838,0.49011073824341755,0.0,0.8517723462485269,0.9004004971694703,,,EXPLOIT
1302,59,,,0,1,1,0,common,1.0,0.4153847305293096,0.6931201752594329,0.46769293592918515,0.0,0.8531337370236733,0.9014759751384007,,,EXPLOIT
1303,59,,,0,1,1,0,common,1.0,0.2700000748440512,0.6506093571017584,0.40838507760364495,0.0,0.8544571024388437,0.9025180614695161,,,EXPLOIT
1304,59,,,0,1,1,0,common,1.0,0.17550004864863333,0.5872326579084448,0.33851956891714147,0.0,0.8557439495984304,0.9035282372754772,,,EXPLOIT
1305,59,,,0,1,1,0,common,1.0,0.1140750316216117,0.5367843409023031,0.2711862077284825,0.0,0.856995707151925,0.9045078974563584,,,EXPLOIT
1306,59,,,0,1,1,0,common,1.0,0.07414877055404756,0.501877278810761,0.212074976576152,0.0,0.8582137303350459,0.9054583568838067,,,EXPLOIT
1307,59,,,0,1,1,0,common,1.0,0.04819670086013095,0.47875288871154387,0.16291149386134568,0.0,0.8593993056270837,0.9063808560603986,,,EXPLOIT
1308,59,,,0,1,1,0,common,0.0,0.9686721444409149,0.46365287401938554,0.4046396890352164,0.0,0.860553655058122,0.9072765663054344,,,EXPLOIT
1309,59,,,0,1,1,0,common,0.0,0.6296368938865946,0.6884269280194273,0.47213885049062987,0.0,0.8616779401964632,0.9081465945127585,,,EXPLOIT
1310,59,,,0,1,1,0,common,0.0,0.40926398102628647,0.6375026707831372,0.4532763896513268,0.0,0.8627732658436204,0.9089919875212585,,,EXPLOIT
1311,59,,,0,0,0,0,common,0.0,0.5809406382096169,0.5282080529020322,0.4915756642188138,0.0,0.8638406834615953,0.9098137361343344,,,EXPLOIT
1312,59,,,0,0,0,0,common,1.0,0.622388585163749,0.6688493936482692,0.5308195405022944,0.0,0.8587749010099494,0.9059025578515085,,,EXPLOIT
1313,59,,,0,0,0,0,common,0.0,0.5954474196435632,0.5155431083099864,0.550207904244675,0.0,0.8533742693724237,0.9016813339439854,,,EXPLOIT
1314,59,,,0,0,0,0,common,0.0,0.3870408227683161,0.6646920546232347,0.5012577798017673,0.0,0.8476047547249759,0.8971119164121093,,,EXPLOIT
1315,59,,,0,0,0,0,common,0.0,0.25157653479940545,0.6927300353459003,0.4263534063010588,0.0,0.849085435152814,0.8982923855899276,,,EXPLOIT
1316,59,,,0,1,1,0,common,1.0,0.7339784123329138,0.6725693461688798,0.5186409081106153,0.0,0.8430142029656097,0.8934331877816386,,,EXPLOIT
1317,59,,,0,0,0,0,common,0.0,0.16352474761961355,0.4890006804109199,0.41210605996331473,0.0,0.8446313042181868,0.8947362509486222,,,EXPLOIT
1318,59,,,0,0,0,0,common,0.0,0.1062910859527488,0.4378287796073318,0.32036156776014496,0.0,0.8461997484865648,0.8959952685044899,,,EXPLOIT
1319,59,,,0,0,0,0,common,0.0,0.06908920586928673,0.40496144398330725,0.24497985919288748,0.0,0.8477216235597165,0.8972123761026624,,,EXPLOIT
1320,59,,,0,0,0,0,common,1.0,0.9550920161849636,0.38401049385493025,0.4580135062905103,0.0,0.8491988996308756,0.8983895736397013,,,EXPLOIT
1321,59,,,0,0,0,0,common,0.0,0.3791901894797736,0.6534803159806857,0.4343665112472893,0.0,0.8506334374640568,0.8995287358752354,,,EXPLOIT
1322,59,,,0,1,1,0,common,1.0,0.4770859680163939,0.560860305229324,0.4471823482780206,0.0,0.8520269958893268,0.9006316220703094,,,EXPLOIT
1323,59,,,0,1,1,0,common,1.0,0.310105879210656,0.4140879840698924,0.4060594075578112,0.0,0.8533812386903271,0.9016998847483927,,,EXPLOIT
1324,59,,,0,1,1,0,common,0.0,0.7984311785130735,0.3229895508681142,0.5237709388443899,0.0,0.8476122080031113,0.8971320283162826,,,EXPLOIT
1325,59,,,0,1,1,0,common,1.0,0.4810197339665021,0.5641005774851275,0.5109455773810235,0.0,0.8414355386399004,0.8921715090531159,,,EXPLOIT
1326,59,,,0,1,1,0,common,1.0,0.31266282707822635,0.41633974991642786,0.45146075229018434,0.0,0.8431007697882076,0.8935178673388131,,,EXPLOIT
1327,59,,,0,1,1,0,common,1.0,0.20323083760084715,0.32430089562104053,0.3769917778833832,0.0,0.8447152497963469,0.8948180475236508,,,EXPLOIT
1328,59,,,0,1,1,0,common,1.0,0.13210004444055068,0.2710484762934363,0.3035242578505334,0.0,0.8462811860482226,0.896074322934493,,,EXPLOIT
1329,59,,,0,1,1,0,common,1.0,0.08586502888635794,0.23978299419950272,0.23822648916128072,0.0,0.8478006599128681,0.8972888202060331,,,EXPLOIT
1330,59,,,0,1,1,0,common,1.0,0.055812268776132656,0.2209273435939078,0.1835022230457363,0.0,0.8492756356123228,0.8984635309267325,,,EXPLOIT
1331,59,,,0,1,1,0,common,1.0,0.03627797470448624,0.20929112306643274,0.13933494854336126,0.0,0.8507079683510297,0.8996003221925966,,,EXPLOIT
1332,59,,,0,1,1,0,common,0.0,0.9764193164420839,0.20198753972782063,0.39046025891297803,0.0,0.8520994117775205,0.9007009461864476,,,EXPLOIT
1333,59,,,0,1,1,0,common,1.0,0.3653274443126455,0.46323431076165117,0.38292041453287823,0.0,0.8534516248415044,0.9017670488860827,,,EXPLOIT
1334,59,,,0,1,1,0,common,1.0,0.2374628388032196,0.3519582259132641,0.3392831418139806,0.0,0.8547661781027548,0.9028001779923536,,,EXPLOIT
1335,59,,,0,1,1,0,common,1.0,0.15435084522209275,0.2870545887895559,0.2838034528364142,0.0,0.8560445595422527,0.9038017901574991,,,EXPLOIT
1336,59,,,0,1,1,0,common,1.0,0.10032804939436024,0.24927039598097955,0.22876083180379803,0.0,0.8572881799208043,0.9047732575847375,,,EXPLOIT
1337,59,,,0,1,1,0,common,1.0,0.06521323210633412,0.2267011438601961,0.17969655189455885,0.0,0.8584983777257214,0.905715874062012,,,EXPLOIT
1338,59,,,0,1,1,0,common,1.0,0.04238860086911722,0.2128788444957977,0.13850416658692635,0.0,0.8596764237420396,0.9066308604856935,,,EXPLOIT
1339,59,,,0,1,1,0,common,1.0,0.027552590564926205,0.2042503102228509,0.1052186937803263,0.0,0.8608235252811096,0.9075193699238419,,,EXPLOIT
1340,59,,,0,1,1,0,common,1.0,0.017909183867202083,0.1987909501468513,0.07902584080638904,0.0,0.8619408300961495,0.9083824922631903,,,EXPLOIT
1341,59,,,0,1,1,0,common,1.0,0.01164096951368132,0.19530497204231811,0.05881037941857672,0.0,0.8630294300114679,0.9092212584792421,,,EXPLOIT
1342,59,,,0,1,1,0,common,0.0,0.9924333698161072,0.19306540496673824,0.33889727653783586,0.0,0.8640903642894889,0.9100366445646637,,,EXPLOIT
1343,59,,,0,1,1,0,common,0.0,0.6450816903804697,0.4539165230148742,0.430752600690626,0.0,0.8651246227574195,0.9108295751474572,,,EXPLOIT
1344,59,,,0,1,1,0,common,1.0,0.5806969012526947,0.6367956506657835,0.47573589085924656,0.0,0.8661331487133364,0.9116009268271218,,,EXPLOIT
1345,59,,,0,1,1,0,common,1.0,0.3774529858142516,0.4740909459089835,0.446251019345748,0.0,0.8671168416296415,0.9123515312541162,,,EXPLOIT
1346,59,,,0,1,1,0,common,1.0,0.24534444077926354,0.35849133998062344,0.38597904577580266,0.0,0.8680765596701776,0.9130821779753788,,,EXPLOIT
1347,59,,,0,1,1,0,common,0.0,0.8405261134934787,0.2908260175317547,0.5223431660911054,0.0,0.8632824984548715,0.9094208569007199,,,EXPLOIT
1348,59,,,0,1,1,0,common,1.0,0.4536580262292388,0.5411651326996123,0.5017376241325454,0.0,0.8581803485409598,0.9054790792927304,,,EXPLOIT
1349,59,,,0,1,1,0,common,1.0,0.29487771704900523,0.4007512598523562,0.4396796520074833,0.0,0.8593668081551424,0.906400972927408,,,EXPLOIT
1350,59,,,0,1,1,0,common,1.0,0.19167051608185337,0.3152431487985588,0.36527691122979433,0.0,0.8605220088053912,0.9072961028178249,,,EXPLOIT
1351,59,,,0,1,1,0,common,1.0,0.12458583545320467,0.2657824889670579,0.2930695884968174,0.0,0.8616471136879126,0.9081655744822533,,,EXPLOIT
1352,59,,,0,1,1,0,common,0.0,0.919019206955417,0.2366396486852454,0.48085447403439724,0.0,0.8627432291332331,0.9090104334766738,,,EXPLOIT
1353,59,,,0,1,1,0,common,0.0,0.597362484521021,0.49656993905587077,0.5158068771803843,0.0,0.8576058199161747,0.9050365603050308,,,EXPLOIT
1354,59,,,0,0,0,0,common,0.0,0.24647362316185287,0.6544877248170855,0.43500690097482486,0.0,0.8588075432830751,0.9059714227290487,,,EXPLOIT
1355,59,,,0,0,0,0,common,0.0,0.16020785505520435,0.599012799572557,0.3525671871989387,0.0,0.85997743453026,0.9068789803012826,,,EXPLOIT
1356,59,,,0,0,0,0,common,0.0,0.10413510578588284,0.5544506072477545,0.2780375627750219,0.0,0.8611166851279519,0.9077603681831125,,,EXPLOIT
1357,59,,,0,0,0,0,common,0.0,0.06768781876082385,0.523268692122543,0.21493263957076247,0.0,0.8622264279578373,0.9086166595706531,,,EXPLOIT
1358,59,,,0,0,0,0,common,0.0,0.043997082194535506,0.5024286435901382,0.16365197235789436,0.0,0.8633077408719331,0.9094488698670755,,,EXPLOIT
1359,59,,,0,1,1,0,common,1.0,0.6117143850613364,0.488734709493037,0.29807069616892695,0.0,0.8643616499951383,0.910257960522278,,,EXPLOIT
1360,59,,,0,1,1,0,common,1.0,0.3976143502898686,0.306052948901839,0.3279337924052094,0.0,0.8653891327927585,0.9110448425704385,,,EXPLOIT
1361,59,,,0,1,1,0,common,1.0,0.25844932768841455,0.2118083720149007,0.30708845299017096,0.0,0.8663911209222825,0.911810379892827,,,EXPLOIT
1362,59,,,0,1,1,0,common,1.0,0.1679920629974695,0.16364798785772017,0.2653595359923605,0.0,0.86736850288691,0.9125553922304511,,,EXPLOIT
1363,59,,,0,1,1,0,common,1.0,0.10919484094835519,0.13752533064025607,0.2185101274791589,0.0,0.8683221265067277,0.9132806579686302,,,EXPLOIT
1364,59,,,0,1,1,0,common,0.0,0.9290233533835691,0.12254782237090954,0.43166409525048194,0.0,0.8692528012219854,0.913986916713392,,,EXPLOIT
1365,59,,,0,0,0,0,common,0.0,0.028598103426448078,0.3049248202686849,0.3107442977032717,0.0,0.870161300241632,0.9146748716776233,,,EXPLOIT
1366,59,,,0,1,1,0,common,0.0,0.60386517969932,0.2973603400264407,0.39868056230208615,0.0,0.8710483625491068,0.9153451918931675,,,EXPLOIT
1367,59,,,0,1,1,0,common,1.0,0.607487633195442,0.47601474374904795,0.4613226835700929,0.0,0.8719146947763287,0.915998514263502,,,EXPLOIT
1368,59,,,0,1,1,0,common,1.0,0.3948669615770374,0.29641063633762516,0.44138596697217625,0.0,0.8727609729558778,0.9166354454702392,,,EXPLOIT
1369,59,,,0,1,1,0,common,1.0,0.2566635250250743,0.2049528209549286,0.38596923438804565,0.0,0.8735878441605066,0.9172565637454544,,,EXPLOIT
1370,59,,,0,1,1,0,common,1.0,0.16683129126629825,0.15838463241232545,0.3202278514515214,0.0,0.8743959280383459,0.9178624205207282,,,EXPLOIT
1371,59,,,0,1,1,0,common,1.0,0.10844033932309383,0.13315365800556828,0.2566915978129931,0.0,0.8751858182514638,0.9184535419627958,,,EXPLOIT
1372,59,,,0,1,1,0,common,0.0,0.929513779439989,0.11869244012911438,0.45853825230109185,0.0,0.8759580838248024,0.9190304304047939,,,EXPLOIT
1373,59,,,0,0,0,0,common,0.0,0.01858876722719125,0.2971213761790884,0.32655340677892164,0.0,0.8767132704119417,0.9195935656812956,,,EXPLOIT
1374,59,,,0,0,0,0,common,0.0,0.012082698697674314,0.29227082050727154,0.2322121943545474,0.0,0.8774519014836096,0.9201434063745955,,,EXPLOIT
1375,59,,,0,0,0,0,common,0.0,0.007853754153488303,0.2891452985308324,0.16490466229422968,0.0,0.8781744794443852,0.9206803909790495,,,EXPLOIT
1376,59,,,0,0,0,0,common,1.0,0.9948950598002326,0.28712534531529615,0.4139017815460305,0.0,0.878881486682607,0.9212049389896916,,,EXPLOIT
1377,59,,,0,1,1,0,common,1.0,0.3958160433640071,0.5815216124847005,0.4084760600914235,0.0,0.879573386558099,0.9217174519208075,,,EXPLOIT
1378,59,,,0,0,0,0,common,0.0,0.3533182111298488,0.4621576063799504,0.3919287054029511,0.0,0.8802506243319717,0.9222183142596703,,,EXPLOIT
1379,59,,,0,1,1,0,common,1.0,0.25728042818660457,0.3544387200301262,0.35153422223804714,0.0,0.8809136280424196,0.9227078943601998,,,EXPLOIT
1380,59,,,0,1,1,0,common,1.0,0.16723227832129295,0.2841792239450217,0.29624363906302087,0.0,0.8815628093301449,0.923186545280917,,,EXPLOIT
1381,59,,,0,0,0,0,common,0.0,0.22965683723440172,0.2436988546562549,0.2762675985144351,0.0,0.8821985642167479,0.9236546055712022,,,EXPLOIT
1382,59,,,0,0,0,0,common,1.0,0.8507230557976388,0.19522951360146507,0.4486042356993962,0.0,0.8828212738391893,0.9241124000095382,,,EXPLOIT
1383,59,,,0,0,0,0,common,0.0,0.4470300137315347,0.41334148547070027,0.44813196910903774,0.0,0.8834313051431827,0.9245602402971281,,,EXPLOIT
1384,59,,,0,0,0,0,common,0.0,0.2905695089254976,0.28591691210780734,0.4008632310539757,0.0,0.8840290115381769,0.9249984257100009,,,EXPLOIT
1385,59,,,0,1,1,0,common,0.0,0.8912990190911596,0.21807429116641114,0.5479939674651308,0.0,0.8801909913100402,0.9221773103290087,,,EXPLOIT
1386,59,,,0,1,1,0,common,1.0,0.4206556375907462,0.4611970009410664,0.5097924685028155,0.0,0.876132636737114,0.9191672657074456,,,EXPLOIT
1387,59,,,0,0,0,0,common,0.0,0.18887018080157345,0.33433308966656317,0.41351578219244284,0.0,0.8768839838938175,0.9197271586774622,,,EXPLOIT
1388,59,,,0,0,0,0,common,0.0,0.12276561752102275,0.28367169527763614,0.3262907327910168,0.0,0.877618892491139,0.9202738644419529,,,EXPLOIT
1389,59,,,0,1,1,0,common,1.0,0.27342616443398504,0.2535690041936748,0.3104313622839072,0.0,0.8783378602561877,0.9208078168237106,,,EXPLOIT
1390,59,,,0,1,1,0,common,1.0,0.1777270068820903,0.19497941767068974,0.27062005566336217,0.0,0.8790413651315195,0.9213294308976635,,,EXPLOIT
1391,59,,,0,1,1,0,common,1.0,0.11552255447335869,0.16304227780268493,0.2240908053063611,0.0,0.8797298662492246,0.9218391039933791,,,EXPLOIT
1392,59,,,0,1,1,0,common,1.0,0.07508966040768317,0.14472337747553196,0.17939046183675772,0.0,0.8804038048480163,0.9223372166339131,,,EXPLOIT
1393,59,,,0,1,1,0,common,1.0,0.04880827926499409,0.133786427078334,0.14021580706522863,0.0,0.8810636051371775,0.922824133415672,,,EXPLOIT
1394,59,,,0,1,1,0,common,1.0,0.03172538152224613,0.12706889327263068,0.10766867940233388,0.0,0.8817096751109164,0.9233002038335647,,,EXPLOIT
1395,59,,,0,1,1,0,common,0.0,0.97937850201054,0.12286262048881733,0.3691816261847957,0.0,0.8823424073164277,0.9237657630553753,,,EXPLOIT
1396,59,,,0,1,1,0,common,1.0,0.3634039736931489,0.31918747231217165,0.36744833043730163,0.0,0.8829621795786958,0.924221132648962,,,EXPLOIT
1397,59,,,0,1,1,0,common,1.0,0.2362125829005468,0.229394474160706,0.3280776061762752,0.0,0.8835693556848605,0.9246666212656042,,,EXPLOIT
1398,59,,,0,1,1,0,common,1.0,0.15353817888535537,0.1820022852115748,0.2757157779889992,0.0,0.8841642860307468,0.925102525282549,,,EXPLOIT
1399,59,,,0,1,1,0,common,1.0,0.09979981627548096,0.1556980967982049,0.22294098947494373,0.0,0.8847473082319841,0.925529129407575,,,EXPLOIT
1400,59,,,0,1,1,0,common,1.0,0.06486988057906262,0.14038202833332647,0.1755196568061794,0.0,0.8853187477019515,0.9259467072481642,,,EXPLOIT
1401,59,,,0,1,1,0,common,1.0,0.04216542237639076,0.1311382983814643,0.1355133864772428,0.0,0.8858789181986344,0.9263555218476768,,,EXPLOIT
1402,59,,,0,1,1,0,common,1.0,0.027407524544654005,0.12541844784876877,0.10308162789746614,0.0,0.8864281223423236,0.9267558261907392,,,EXPLOIT
1403,59,,,0,1,1,0,common,1.0,0.01781489095402511,0.12181904030405552,0.07750160681443383,0.0,0.8869666521059569,0.9271478636798893,,,EXPLOIT
1404,59,,,0,1,1,0,common,1.0,0.01157967912011637,0.11952853668810984,0.05772502850613859,0.0,0.8874947892797748,0.9275318685853664,,,EXPLOIT
1405,59,,,0,1,1,0,common,1.0,0.007526791428075663,0.11806019562615322,0.0426655573827197,0.0,0.8880128059118443,0.9279080664697948,,,EXPLOIT
1406,59,,,0,1,1,0,common,1.0,0.00489241442824917,0.11711435689505972,0.031333614496378545,0.0,0.8885209647259034,0.9282766745893828,,,EXPLOIT
1407,59,,,0,1,1,0,common,1.0,0.003180069378362016,0.11650316808034085,0.022887550960973585,0.0,0.8890195195178745,0.9286379022731361,,,EXPLOIT
1408,59,,,0,1,1,0,common,1.0,0.0020670450959353603,0.11610741355754536,0.016641399201462116,0.0,0.889508715532308,0.9289919512814805,,,EXPLOIT
1409,59,,,0,1,1,0,common,0.0,0.998656420687642,0.11585081305426977,0.3112459056473161,0.0,0.8899887898199307,0.9293390161455831,,,EXPLOIT
1410,59,,,0,1,1,0,common,1.0,0.3508733265530326,0.3094679099559794,0.323134131919031,0.0,0.8904599715773955,0.9296792844885796,,,EXPLOIT
1411,59,,,0,1,1,0,common,1.0,0.22806766225947117,0.22434040296376956,0.29461419102116304,0.0,0.89092248247026,0.9300129373298148,,,EXPLOIT
1412,59,,,0,1,1,0,common,1.0,0.14824398046865628,0.17925781720686806,0.250703127855411,0.0,0.8913765369401482,0.9303401493731439,,,EXPLOIT
1413,59,,,0,1,1,0,common,0.0,0.9036414126953735,0.15412852981453048,0.44658461330739974,0.0,0.8918223424969963,0.9306610892802534,,,EXPLOIT
1414,59,,,0,1,1,0,common,1.0,0.4126330817480073,0.3590016118163156,0.436399153839582,0.0,0.8922600999972167,0.930975919929906,,,EXPLOIT
1415,59,,,0,1,1,0,common,1.0,0.2682115031362047,0.25007459147036876,0.38594285862856875,0.0,0.8926900039085671,0.9312847986639464,,,EXPLOIT
1416,59,,,0,1,1,0,common,0.0,0.8256625229614669,0.19311732037385304,0.5178587579284382,0.0,0.8893267661547563,0.928862545542415,,,EXPLOIT
1417,59,,,0,1,1,0,common,1.0,0.4633193600750465,0.4022906690302416,0.5014969385724206,0.0,0.8857828460763056,0.9262902133697934,,,EXPLOIT
1418,59,,,0,1,1,0,common,1.0,0.30115758404878024,0.2727322756059101,0.44139513221532845,0.0,0.8863339253505491,0.9266918726456153,,,EXPLOIT
1419,59,,,0,1,1,0,common,0.0,0.8042475703682929,0.20512373276154114,0.5502508636612178,0.0,0.8826252889325459,0.9239812063157156,,,EXPLOIT
1420,59,,,0,0,0,0,common,0.0,0.07979765138866479,0.41449039727710113,0.4091148999794519,0.0,0.8832392998786336,0.9244318904910591,,,EXPLOIT
1421,59,,,0,0,0,0,common,0.0,0.05186847340263212,0.39013217555248425,0.30194097200640596,0.0,0.8838408753258093,0.9248728345881577,,,EXPLOIT
1422,59,,,0,1,1,0,common,1.0,0.4772390792606096,0.3745858546672379,0.354530404182667,0.0,0.8844303597956223,0.9253043294221798,,,EXPLOIT
1423,59,,,0,1,1,0,common,1.0,0.31020540151939624,0.24735864881925868,0.3412329033836857,0.0,0.8850080852957217,0.9257266544108049,,,EXPLOIT
1424,59,,,0,1,1,0,common,1.0,0.2016335109876075,0.18305434748092878,0.29935308566486224,0.0,0.8855743718834432,0.926140078127589,,,EXPLOIT
1425,59,,,0,1,1,0,common,1.0,0.13106178214194486,0.14903344609778263,0.248865694607987,0.0,0.8861295281992009,0.9265448588233935,,,EXPLOIT
1426,59,,,0,1,1,0,common,1.0,0.08519015839226418,0.12993453306797065,0.19976303374327015,0.0,0.886673851971554,0.926941244918008,,,EXPLOIT
1427,59,,,0,1,1,0,common,1.0,0.055373602954971735,0.11869719101232226,0.15644620450678062,0.0,0.8872076304956912,0.9273294754639368,,,EXPLOIT
1428,59,,,0,1,1,0,common,1.0,0.0359928419207316,0.11186178012401879,0.12031019573096591,0.0,0.8877311410869458,0.9277097805841714,,,EXPLOIT
1429,59,,,0,1,1,0,common,1.0,0.023395347248475584,0.10760891756445445,0.0912357411862188,0.0,0.8882446515108543,0.9280823818856315,,,EXPLOIT
1430,59,,,0,1,1,0,common,1.0,0.015206975711509085,0.10492270940342661,0.06842711154380589,0.0,0.888748420391156,0.9284474928498435,,,EXPLOIT
1431,59,,,0,1,1,0,common,1.0,0.009884534212480922,0.10320909314961137,0.05086433834440839,0.0,0.889242697597047,0.9288053192023009,,,EXPLOIT
1432,59,,,0,1,1,0,common,0.0,0.9935750527618874,0.1021087750169475,0.33367755266965204,0.0,0.8897277246109071,0.9291560592618532,,,EXPLOIT
1433,59,,,0,1,1,0,common,0.0,0.6458237842952268,0.277676076387128,0.4273214221573245,0.0,0.890203734877638,0.9294999042713719,,,EXPLOIT
1434,59,,,0,1,1,0,common,1.0,0.5802145402081026,0.46513986646325745,0.47318935757255787,0.0,0.890670954136679,0.929837038710853,,,EXPLOIT
1435,59,,,0,1,1,0,common,1.0,0.3771394511352667,0.29446776892927684,0.44437438564137044,0.0,0.8911296007376897,0.9301676405940368,,,EXPLOIT
1436,59,,,0,1,1,0,common,1.0,0.2451406432379234,0.20702816262962487,0.38460426292033634,0.0,0.8915798859408373,0.9304918817495449,,,EXPLOIT
1437,59,,,0,1,1,0,common,1.0,0.1593414181046502,0.16196699057947256,0.31702540947563046,0.0,0.8920220142025477,0.9308099280874728,,,EXPLOIT
1438,59,,,0,1,1,0,common,1.0,0.10357192176802266,0.137316855247665,0.25298936316334814,0.0,0.8924561834475429,0.9311219398523068,,,EXPLOIT
1439,59,,,0,0,0,0,common,0.0,0.033714507711710875,0.12309313277916384,0.18720690652785696,0.0,0.8928825853279208,0.9314280718629762,,,EXPLOIT
1440,59,,,0,0,0,0,common,0.0,0.02191443001261207,0.11875080798905074,0.1376191635732835,0.0,0.8933014054699966,0.9317284737407989,,,EXPLOIT
1441,59,,,0,1,1,0,common,1.0,0.06732174914921474,0.11600145579072287,0.11652993924606286,0.0,0.89371282370957,0.932023290126026,,,EXPLOIT
1442,59,,,0,1,1,0,common,1.0,0.04375913694698963,0.1079057810053915,0.09469869855634089,0.0,0.8941170143162507,0.9323126608836456,,,EXPLOIT
1443,59,,,0,1,1,0,common,0.0,0.9715565609844568,0.1029182497951823,0.35775605728477566,0.0,0.8945141462074295,0.932596721299063,,,EXPLOIT
1444,59,,,0,1,1,0,common,0.0,0.6315117646398969,0.2739935267147102,0.439882769491312,0.0,0.8949043831524467,0.9328756022642307,,,EXPLOIT
1445,59,,,0,1,1,0,common,1.0,0.589517352984067,0.456037053022851,0.48477314453913845,0.0,0.8952878839674819,0.9331494304547719,,,EXPLOIT
1446,59,,,0,1,1,0,common,1.0,0.38318627943964356,0.2845737778659654,0.45429708500929,0.0,0.8956648027016499,0.9334183284985978,,,EXPLOIT
1447,59,,,0,1,1,0,common,1.0,0.2490710816357683,0.19819388552006442,0.39272928399723345,0.0,0.8960352888147627,0.9336824151364939,,,EXPLOIT
1448,59,,,0,1,1,0,common,1.0,0.16189620306324937,0.15412141973480545,0.32347935971703823,0.0,0.8963994873471915,0.9339418053751178,,,EXPLOIT
1449,59,,,0,1,1,0,common,1.0,0.10523253199111204,0.13015902769593135,0.25800531139926036,0.0,0.8967575390822341,0.9341966106328228,,,EXPLOIT
1450,59,,,0,1,1,0,common,1.0,0.06840114579422285,0.11638492533156061,0.2011240617177491,0.0,0.8971095807013706,0.9344469388786966,,,EXPLOIT
1451,59,,,0,1,1,0,common,1.0,0.04446074476624484,0.10813935980257625,0.1541250666322978,0.0,0.8974557449327675,0.9346928947651822,,,EXPLOIT
1452,59,,,0,1,1,0,common,1.0,0.028899484098059203,0.10306371755445778,0.11655739187202621,0.0,0.8977961606933733,0.9349345797546221,,,EXPLOIT
1453,59,,,0,1,1,0,common,1.0,0.018784664663738515,0.09988041090691498,0.0872255737095399,0.0,0.8981309532249221,0.9351720922400489,,,EXPLOIT
1454,59,,,0,1,1,0,common,1.0,0.012210032031430007,0.09785908576927023,0.06472091120610693,0.0,0.8984602442241494,0.9354055276605256,,,EXPLOIT
1455,59,,,0,1,1,0,common,1.0,0.007936520820429505,0.09656512185302875,0.047685594090403696,0.0,0.8987841519675068,0.9356349786113202,,,EXPLOIT
1456,59,,,0,1,1,0,common,1.0,0.005158738533279195,0.0957323675705595,0.03492753742326635,0.0,0.8991027914306429,0.9358605349491814,,,EXPLOIT
1457,59,,,0,1,1,0,common,1.0,0.003353180046631432,0.09519457031849396,0.025455230210275872,0.0,0.899416274402905,0.9360822838929698,,,EXPLOIT
1458,59,,,0,1,1,0,common,1.0,0.002179567030310414,0.09484647157000732,0.018472531256286232,0.0,0.899724709597103,0.9363003101198799,,,EXPLOIT
1459,59,,,0,1,1,0,common,0.0,0.9985832814302982,0.09462082649323073,0.31250575630848976,0.0,0.9000282027547633,0.9365146958574777,,,EXPLOIT
1460,59,,,0,1,1,0,common,0.0,0.6490791329296939,0.2617016158957522,0.41347776929485097,0.0,0.9003268567470839,0.9367255209717644,,,EXPLOIT
1461,59,,,0,1,1,0,common,1.0,0.578098563595699,0.445826981243152,0.4628640075851054,0.0,0.9006207716717995,0.9369328630514655,,,EXPLOIT
1462,59,,,0,1,1,0,common,1.0,0.3757640663372044,0.27919755908841126,0.43673402521073507,0.0,0.9009100449461437,0.9371367974887312,,,EXPLOIT
1463,59,,,0,1,1,0,common,0.0,0.7557533568808171,0.1955129313758288,0.5324398247117597,0.0,0.8979687816839479,0.9350585328055174,,,EXPLOIT
1464,59,,,0,1,1,0,common,1.0,0.5087603180274689,0.3848780304773791,0.5253359727064724,0.0,0.8948797244700611,0.9328611095840607,,,EXPLOIT
1465,59,,,0,1,1,0,common,0.0,0.6693057932821452,0.24803321968211234,0.5685269188791742,0.0,0.8916316148628632,0.9305340983211097,,,EXPLOIT
1466,59,,,0,1,1,0,common,1.0,0.5649512343666055,0.4341062949888601,0.5674542135254036,0.0,0.8882120213590722,0.9280658159456617,,,EXPLOIT
1467,59,,,0,1,1,0,common,0.0,0.6327816976617064,0.2730919636062239,0.5870524587662944,0.0,0.8846071825192523,0.9254431316401747,,,EXPLOIT
1468,59,,,0,1,1,0,common,1.0,0.5886918965198908,0.45529835053007184,0.5875442900923733,0.0,0.8808018242267213,0.9226512354136401,,,EXPLOIT
1469,59,,,0,1,1,0,common,1.0,0.382649732737929,0.2841828627554201,0.52607592288604,0.0,0.8767789459633285,0.9196733608152836,,,EXPLOIT
1470,59,,,0,1,1,0,common,0.0,0.7512776737203462,0.19799910418418845,0.5936364481363318,0.0,0.8725195697952958,0.9164904508247538,,,EXPLOIT
1471,59,,,0,1,1,0,common,1.0,0.5116695120817749,0.387379267386718,0.5690463673199646,0.0,0.8680024442511697,0.9130807528529163,,,EXPLOIT
1472,59,,,0,1,1,0,common,1.0,0.33258518285315375,0.24928894984550143,0.49810801197992133,0.0,0.8689407865748809,0.9137922291975311,,,EXPLOIT
1473,59,,,0,1,1,0,common,1.0,0.21618036885454994,0.18048898369855737,0.4135297190423099,0.0,0.8698566958133169,0.9144852095784212,,,EXPLOIT
1474,59,,,0,1,1,0,common,1.0,0.1405172397554575,0.14466929018469976,0.33162597525625415,0.0,0.8707509223008557,0.9151603723274667,,,EXPLOIT
1475,59,,,0,1,1,0,common,1.0,0.0913362058410474,0.12480235890637968,0.2595390444316921,0.0,0.8716241834011231,0.9158183630921348,,,EXPLOIT
1476,59,,,0,0,0,0,common,1.0,0.9857556204918021,0.11321038724622545,0.4774040172497251,0.0,0.8724771652992782,0.9164597967814059,,,EXPLOIT
1477,59,,,0,1,1,0,common,1.0,0.059368533796680834,0.30029652837839765,0.3519933722138118,0.0,0.8733105246786291,0.9170852593743033,,,EXPLOIT
1478,59,,,0,1,1,0,common,1.0,0.03858954696784256,0.28487837366995816,0.257972224640021,0.0,0.8741248902902012,0.9176953096022137,,,EXPLOIT
1479,59,,,0,1,1,0,common,0.0,0.9749167944709023,0.2751390046384438,0.4730555955892854,0.0,0.8749208644231413,0.9182904805151532,,,EXPLOIT
1480,59,,,0,1,1,0,common,1.0,0.36630408359391353,0.562513090056082,0.4410301419906738,0.0,0.8756990242831956,0.9188712809412153,,,EXPLOIT
1481,59,,,0,1,1,0,common,0.0,0.7619023456639562,0.4503072630393988,0.5372918030926586,0.0,0.8713750142934006,0.9156319659131043,,,EXPLOIT
1482,59,,,0,1,1,0,common,1.0,0.5047634753184285,0.6574912517046922,0.5275333047603895,0.0,0.8667873370593241,0.9121597449930136,,,EXPLOIT
1483,59,,,0,1,1,0,common,1.0,0.32809625895697847,0.5301788362261547,0.46770219101936616,0.0,0.8677550587487978,0.9128954693651431,,,EXPLOIT
1484,59,,,0,1,1,0,common,1.0,0.21326256832203605,0.42817684478767337,0.3913703042101671,0.0,0.8686993523091053,0.9136117961558308,,,EXPLOIT
1485,59,,,0,1,1,0,common,1.0,0.1386206694093235,0.3635547415188597,0.315545413769914,0.0,0.8696210123506852,0.914309447741412,,,EXPLOIT
1486,59,,,0,1,1,0,common,1.0,0.09010343511606023,0.32403066586245893,0.24791282017375785,0.0,0.8705207980763467,0.9149891111557118,,,EXPLOIT
1487,59,,,0,1,1,0,common,0.0,0.9414327671745608,0.29969236537674093,0.4559688042739987,0.0,0.8713994352327634,0.9156514402261862,,,EXPLOIT
1488,59,,,0,0,0,0,common,0.0,0.35925884668032854,0.5800953666913558,0.42695581699589763,0.0,0.8722576179342935,0.9162970575569749,,,EXPLOIT
1489,59,,,0,0,0,0,common,0.0,0.23351825034221355,0.4719967122450096,0.3689245469997924,0.0,0.8730960103687688,0.9169265563715117,,,EXPLOIT
1490,59,,,0,1,1,0,common,1.0,0.38806870133653537,0.3994486847563597,0.37466779330081523,0.0,0.8739152483940686,0.9175405022261625,,,EXPLOIT
1491,59,,,0,1,1,0,common,1.0,0.252244655868748,0.289411791548029,0.33794085207119506,0.0,0.87471594103355,0.9181394346053006,,,EXPLOIT
1492,59,,,0,1,1,0,common,1.0,0.16395902631468617,0.22922910694597687,0.2857463043442424,0.0,0.8754986718777306,0.918723868407281,,,EXPLOIT
1493,59,,,0,1,1,0,common,0.0,0.893426632895454,0.1954406546245634,0.46805040290960587,0.0,0.8762640003990124,0.9192942953299204,,,EXPLOIT
1494,59,,,0,1,1,0,common,1.0,0.41927268861795497,0.426880314363166,0.4534170886221106,0.0,0.8770124631856732,0.9198511851633253,,,EXPLOIT
1495,59,,,0,1,1,0,common,1.0,0.2725272476016707,0.30460594263008306,0.3991501363159786,0.0,0.8777445751008511,0.9203949869972161,,,EXPLOIT
1496,59,,,0,1,1,0,common,1.0,0.1771427109410859,0.23758578736556313,0.3325479087035108,0.0,0.8784608303717912,0.9209261303492713,,,EXPLOIT
1497,59,,,0,1,1,0,common,1.0,0.11514276211170582,0.20022139480366044,0.2673263647259693,0.0,0.8791617036141957,0.9214450262204584,,,EXPLOIT
1498,59,,,0,1,1,0,common,1.0,0.07484279537260874,0.1785316155052516,0.20958129391996114,0.0,0.879847650796148,0.9219520680828002,,,EXPLOIT
1499,59,,,0,1,1,0,common,1.0,0.04864781699219567,0.1654931362298237,0.1613012508416315,0.0,0.8805191101457298,0.922447632804572,,,EXPLOIT
1500,59,,,0,1,1,0,common,1.0,0.031621081044927224,0.15745185015991794,0.1223971999026202,0.0,0.8811765030061262,0.9229320815175068,,,EXPLOIT
1501,59,,,0,1,1,0,common,0.0,0.9794462973207974,0.1524038947120087,0.37951192912807336,0.0,0.8818202346417355,0.9234057604302016,,,EXPLOIT
1502,59,,,0,1,1,0,common,1.0,0.36335990674148166,0.37815404781326023,0.37466632241209585,0.0,0.882450694998524,0.9238690015915816,,,EXPLOIT
1503,59,,,0,1,1,0,common,1.0,0.23618393938196314,0.2777335079849964,0.333121607503056,0.0,0.8830682594216283,0.9243221236079637,,,EXPLOIT
1504,59,,,0,1,1,0,common,0.0,0.846480439401724,0.22277012211954617,0.48712925707265636,0.0,0.8836732893329847,0.9247654323169736,,,EXPLOIT
1505,59,,,0,1,1,0,common,1.0,0.4497877143888793,0.4540799321341751,0.47592679426752327,0.0,0.8842661328715576,0.9251992214213182,,,EXPLOIT
1506,59,,,0,1,1,0,common,1.0,0.29236201435277154,0.3199294173012318,0.4208573602930977,0.0,0.8848471254985543,0.9256237730851744,,,EXPLOIT
1507,59,,,0,1,1,0,common,0.0,0.8099646906706985,0.24597370606455826,0.537589559406378,0.0,0.8810552813218886,0.9228437020937685,,,EXPLOIT
1508,59,,,0,1,1,0,common,1.0,0.47352295106404596,0.47532880378757425,0.5183695769036784,0.0,0.8770470779643164,0.9198788423493625,,,EXPLOIT
1509,59,,,0,1,1,0,common,0.0,0.6922100818083701,0.33215202035179586,0.5705217283750859,0.0,0.8728036743238796,0.9167103019073932,,,EXPLOIT
1510,59,,,0,0,0,0,common,0.0,0.1517868627224388,0.5426309476690745,0.4449012686792917,0.0,0.8736295710849038,0.9173295725708714,,,EXPLOIT
1511,59,,,0,1,1,0,common,0.0,0.44993655317544057,0.4962265598370781,0.4464118540281363,0.0,0.8744367114612386,0.9179336457508784,,,EXPLOIT
1512,59,,,0,1,1,0,common,1.0,0.7075412404359636,0.6233205357685517,0.5247506699504845,0.0,0.8700365352077672,0.9146277572734908,,,EXPLOIT
1513,59,,,0,1,1,0,common,1.0,0.4599018062833764,0.4158346928407206,0.505296010850352,0.0,0.8653656581348403,0.9110816688912136,,,EXPLOIT
1514,59,,,0,1,1,0,common,1.0,0.2989361740841947,0.2846955045159469,0.4433880598205048,0.0,0.8663682257693897,0.9118462134179899,,,EXPLOIT
1515,59,,,0,1,1,0,common,1.0,0.19430851315472653,0.2153173304750537,0.3686641958207713,0.0,0.8673461671563338,0.9125902708344452,,,EXPLOIT
1516,59,,,0,1,1,0,common,1.0,0.12630053355057225,0.17767701948633904,0.2959550971397116,0.0,0.8683003310301375,0.913314617627834,,,EXPLOIT
1517,59,,,0,1,1,0,common,0.0,0.917904653192128,0.15622991940739456,0.48253996395543647,0.0,0.8692315276939491,0.9140199916235888,,,EXPLOIT
1518,59,,,0,1,1,0,common,1.0,0.40336197542511676,0.3670352294034156,0.4587865673963405,0.0,0.8701405311715766,0.9147070943628546,,,EXPLOIT
1519,59,,,0,1,1,0,common,1.0,0.2621852840263259,0.2587396139784581,0.3998061823853361,0.0,0.8710280812164529,0.9153765933066965,,,EXPLOIT
1520,59,,,0,1,1,0,common,0.0,0.8295795653828881,0.20143659284111862,0.5287381972846017,0.0,0.8664189105316011,0.9118856625369393,,,EXPLOIT
1521,59,,,0,0,0,0,common,1.0,0.9013385392304147,0.41660265344588937,0.6405182998683456,0.0,0.8615194109288016,0.9081338471923903,,,EXPLOIT
1522,59,,,0,0,0,0,common,0.0,0.41412994950023035,0.6628018212541232,0.572601794757911,0.0,0.8563015309979342,0.9040909795322408,,,EXPLOIT
1523,59,,,0,1,1,0,common,0.0,0.5392267174988773,0.566119677916072,0.5625892715802009,0.0,0.8507334856325635,0.899722054230919,,,EXPLOIT
1524,59,,,0,1,1,0,common,1.0,0.6495026336257297,0.6800964356086278,0.5886632801938595,0.0,0.8447791134349407,0.8949862182023015,,,EXPLOIT
1525,59,,,0,1,1,0,common,1.0,0.42217671185672434,0.5336397410471305,0.5387173096927189,0.0,0.8383970966758619,0.8898354962597272,,,EXPLOIT
1526,59,,,0,1,1,0,common,1.0,0.27441486270687077,0.40271151483628725,0.4594265755969645,0.0,0.8401567119210293,0.8912636981943353,,,EXPLOIT
1527,59,,,0,1,1,0,common,1.0,0.17836966075946603,0.32260484173991877,0.37510950114571495,0.0,0.841861387251955,0.8926416027891301,,,EXPLOIT
1528,59,,,0,1,1,0,common,1.0,0.11594027949365293,0.2756972347646363,0.2973587346500963,0.0,0.8435135740136115,0.8939717550513647,,,EXPLOIT
1529,59,,,0,1,1,0,common,1.0,0.07536118167087436,0.24777285805564825,0.23075946875632972,0.0,0.8451155800258251,0.8952565312576636,,,EXPLOIT
1530,59,,,0,1,1,0,common,1.0,0.04898476808606833,0.23074844403065112,0.17622705855525128,0.0,0.8466695799380455,0.8964981527110933,,,EXPLOIT
1531,59,,,0,1,1,0,common,0.0,0.9681599007440556,0.22016128500159146,0.41380691121189256,0.0,0.8481776247003836,0.8976986981738359,,,EXPLOIT
1532,59,,,0,1,1,0,common,0.0,0.6293039354836361,0.48834942901700396,0.47845601849341557,0.0,0.8496416502376765,0.8988601151218667,,,EXPLOIT
1533,59,,,0,1,1,0,common,1.0,0.5909524419356366,0.65550293419141,0.5122049455260819,0.0,0.8436099866834084,0.8940500998750989,,,EXPLOIT
1534,59,,,0,1,1,0,common,1.0,0.3841190872581638,0.5002934193934334,0.47377918804570646,0.0,0.8452090854522937,0.8953322255825477,,,EXPLOIT
1535,59,,,0,1,1,0,common,1.0,0.24967740671780647,0.381327104173035,0.40654865364733644,0.0,0.8467603031504444,0.8965713251674131,,,EXPLOIT
1536,59,,,0,1,1,0,common,0.0,0.8377096856334258,0.31008601907825484,0.5358969632431632,0.0,0.8405222442326438,0.8915614607285279,,,EXPLOIT
1537,59,,,0,1,1,0,common,1.0,0.45548870433827315,0.561779690498137,0.5117744855716961,0.0,0.833825274232129,0.886099536115595,,,EXPLOIT
1538,59,,,0,1,1,0,common,0.0,0.7039323421801225,0.4217383547209173,0.569421842554224,0.0,0.8266171966361381,0.8801217896953842,,,EXPLOIT
1539,59,,,0,1,1,0,common,1.0,0.5424439775829204,0.6269162921812871,0.5613284830628329,0.0,0.8188375875960132,0.873551877344729,,,EXPLOIT
1540,59,,,0,1,1,0,common,1.0,0.35258858542889826,0.47216330885758173,0.4987065137726525,0.0,0.8212597174716879,0.8756110255823196,,,EXPLOIT
1541,59,,,0,1,1,0,common,1.0,0.22918258052878393,0.3639634343748158,0.4178493337994919,0.0,0.8235946603080538,0.8775845685615359,,,EXPLOIT
1542,59,,,0,1,1,0,common,1.0,0.14896867734370955,0.29993887327717716,0.3371851368627572,0.0,0.8258469287159865,0.8794776422329134,,,EXPLOIT
1543,59,,,0,1,1,0,common,1.0,0.09682964027341123,0.2622866185631669,0.2650784878859534,0.0,0.8280207293727141,0.8812949799011562,,,EXPLOIT
1544,59,,,0,1,1,0,common,1.0,0.06293926617771728,0.23964403503132875,0.20443672137348254,0.0,0.8301199885188316,0.8830409509273214,,,EXPLOIT
1545,59,,,0,1,1,0,common,1.0,0.04091052301551623,0.22571550076394364,0.15537886186609262,0.0,0.8321483749471476,0.8847195950511347,,,EXPLOIT
1546,59,,,0,1,1,0,common,1.0,0.026591839960085517,0.2169956267766888,0.11674275529429048,0.0,0.8341093207665721,0.8863346529010119,,,EXPLOIT
1547,59,,,0,1,1,0,common,0.0,0.9827153040259444,0.21146815556877505,0.3765345199137866,0.0,0.8360060401882897,0.8878895931768229,,,EXPLOIT
1548,59,,,0,1,1,0,common,1.0,0.361235052383136,0.47989943616102404,0.37194467965459144,0.0,0.8378415465505507,0.8893876369211671,,,EXPLOIT
1549,59,,,0,1,1,0,common,1.0,0.23480278404903843,0.3686898717536098,0.3308021109729255,0.0,0.8396186677717861,0.8908317792366008,,,EXPLOIT
1550,59,,,0,0,0,0,common,0.0,0.26918446717514977,0.3027008155299143,0.3123168178335928,0.0,0.841340060398758,0.8922248087569623,,,EXPLOIT
1551,59,,,0,1,1,0,common,1.0,0.152621809631875,0.236727590587138,0.26440831537307746,0.0,0.8430082223965428,0.8935693251391768,,,EXPLOIT
1552,59,,,0,1,1,0,common,1.0,0.09920417626071876,0.2043349329727579,0.21484707363936983,0.0,0.8446255048098793,0.8948677548064141,,,EXPLOIT
1553,59,,,0,1,1,0,common,1.0,0.06448271456946719,0.1852157783366073,0.16973776591839904,0.0,0.8461941224103919,0.8961223651432039,,,EXPLOIT
1554,59,,,0,1,1,0,common,1.0,0.041913764470153714,0.17358477291121507,0.13139056548392544,0.0,0.8477161634311079,0.8973352773172345,,,EXPLOIT
1555,59,,,0,1,1,0,common,1.0,0.027243946905599947,0.16635290717878864,0.10014657991042779,0.0,0.8491935984782646,0.8985084778803812,,,EXPLOIT
1556,59,,,0,1,1,0,common,1.0,0.01770856548863997,0.161788319942606,0.07541517558389144,0.0,0.8506282887003993,0.8996438292824521,,,EXPLOIT
1557,59,,,0,0,0,0,common,0.0,0.17496990366384735,0.15887809560345628,0.1052815940078782,0.0,0.8520219932859446,0.900743079414702,,,EXPLOIT
1558,59,,,0,1,1,0,common,1.0,0.011510567567615926,0.13243925852087496,0.0771502860757995,0.0,0.8533763763528576,0.901807870285998,,,EXPLOIT
1559,59,,,0,1,1,0,common,1.0,0.007481868918950307,0.13084190414944924,0.056249760928744744,0.0,0.8546930132870313,0.9028397459222248,,,EXPLOIT
1560,59,,,0,1,1,0,common,1.0,0.004863214797317661,0.12981266276156941,0.040833797089316615,0.0,0.8559733965802593,0.9038401595688705,,,EXPLOIT
1561,59,,,0,0,0,0,common,0.0,0.11373043738150078,0.12914745571109854,0.06270278917697186,0.0,0.8572189412132566,0.9048104802674665,,,EXPLOIT
1562,59,,,0,1,1,0,common,1.0,0.003161089618256452,0.11442174759384688,0.04484027930935724,0.0,0.8584309896245658,0.9057519988684779,,,EXPLOIT
1563,59,,,0,1,1,0,common,1.0,0.0020547082518667104,0.11403459946114014,0.03200460799211008,0.0,0.8596108163020456,0.9066659335361948,,,EXPLOIT
1564,59,,,0,1,1,0,common,1.0,0.0013355603637134061,0.11378357808532397,0.022803893703591076,0.0,0.8607596320299704,0.9075534347949956,,,EXPLOIT
1565,59,,,0,1,1,0,common,1.0,0.0008681142364137528,0.11362067780888035,0.01622315986343788,0.0,0.861878587821501,0.9084155901609541,,,EXPLOIT
1566,59,,,0,1,1,0,common,1.0,0.0005642742536688949,0.11351490389599152,0.011525494180507185,0.0,0.8629687785633928,0.9092534283980019,,,EXPLOIT
1567,59,,,0,0,0,0,common,0.0,0.0739247842979755,0.11344619783214896,0.030245281215747676,0.0,0.8640312463972075,0.9100679234336817,,,EXPLOIT
1568,59,,,0,1,1,0,common,1.0,0.0003667782648847373,0.10475948425668777,0.02128173033048879,0.0,0.86506698385899,0.9108599979658323,,,EXPLOIT
1569,59,,,0,1,1,0,common,1.0,0.0002384058721750515,0.10471791271376926,0.014968732992994668,0.0,0.8660769367973048,0.9116305267883036,,,EXPLOIT
1570,59,,,0,1,1,0,common,1.0,0.00015496381691382233,0.1046908991522104,0.010524602240170414,0.0,0.8670620070876703,0.9123803398609034,,,EXPLOIT
1571,59,,,0,1,1,0,common,1.0,0.00010072648099401782,0.10467334369177815,0.007397439512417495,0.0,0.868023055159777,0.9131102251462381,,,EXPLOIT
1572,59,,,0,1,1,0,common,0.0,0.9999345277873539,0.10466193405963334,0.30515856599489843,0.0,0.8689609023523805,0.9138209312338381,,,EXPLOIT
1573,59,,,0,1,1,0,common,1.0,0.35004255693821995,0.28505731680347884,0.3186237632778949,0.0,0.8698763331094271,0.914513169769947,,,EXPLOIT
1574,59,,,0,1,1,0,common,1.0,0.22752766200984298,0.20514020536507124,0.29129493289747926,0.0,0.8707700970297567,0.9151876177095593,,,EXPLOIT
1575,59,,,0,1,1,0,common,1.0,0.14789298030639797,0.16333960526078342,0.24827434712015486,0.0,0.8716429107816531,0.915844919405696,,,EXPLOIT
1576,59,,,0,0,0,0,common,0.0,0.04805110979368407,0.14017840909598728,0.1882073759222136,0.0,0.8724954598925201,0.916485688549479,,,EXPLOIT
1577,59,,,0,1,1,0,common,0.0,0.9038695628008413,0.13328769339374769,0.4029060319858019,0.0,0.8733284004230862,0.9171105099732857,,,EXPLOIT
1578,59,,,0,1,1,0,common,1.0,0.4124847841794531,0.31959180874534787,0.40577965764389723,0.0,0.8741423605347386,0.9177199413281296,,,EXPLOIT
1579,59,,,0,1,1,0,common,1.0,0.26811510971664454,0.21914638255993094,0.3644802932657214,0.0,0.874937941957858,0.9183145146453833,,,EXPLOIT
1580,59,,,0,1,1,0,common,1.0,0.17427482131581895,0.16795464314350433,0.3074186516807506,0.0,0.8757157213683758,0.9188947377920406,,,EXPLOIT
1581,59,,,0,1,1,0,common,0.0,0.8867213661447176,0.14031677471266626,0.48120946601994075,0.0,0.8764762516791782,0.9194610958278917,,,EXPLOIT
1582,59,,,0,1,1,0,common,1.0,0.4236311120059335,0.32839127269668056,0.46393595981573854,0.0,0.8772200632524373,0.920014052272238,,,EXPLOIT
1583,59,,,0,1,1,0,common,1.0,0.27536022280385675,0.2235588628358703,0.40736323871217395,0.0,0.877947665038463,0.9205540502871019,,,EXPLOIT
1584,59,,,0,1,1,0,common,1.0,0.1789841448225069,0.17026674773661385,0.33884951054527385,0.0,0.8786595456462177,0.921081513783287,,,EXPLOIT
1585,59,,,0,1,1,0,common,0.0,0.8836603058653705,0.14160466486116624,0.5022927491413028,0.0,0.8745115647824067,0.9179964184870858,,,EXPLOIT
1586,59,,,0,1,1,0,common,1.0,0.4256208011875091,0.3299762403620873,0.47929116475516464,0.0,0.8752988649717163,0.9185843010675673,,,EXPLOIT
1587,59,,,0,1,1,0,common,0.0,0.723346479228119,0.22435358812820402,0.552507759097051,0.0,0.870950781833888,0.9153246828512842,,,EXPLOIT
1588,59,,,0,1,1,0,common,1.0,0.5298247885017227,0.4180340974779842,0.5457028679184525,0.0,0.8663368153881362,0.9118299426277046,,,EXPLOIT
1589,59,,,0,1,1,0,common,1.0,0.3443861125261197,0.26896960126445774,0.4853078413007526,0.0,0.8673155244740326,0.9125744335770117,,,EXPLOIT
1590,59,,,0,1,1,0,common,1.0,0.22385097314197777,0.19363726354938798,0.4068707808531202,0.0,0.8682704297338346,0.9132991975726614,,,EXPLOIT
1591,59,,,0,1,1,0,common,1.0,0.14550313254228553,0.1543921799373317,0.32846048635986974,0.0,0.8692023426555846,0.914004973248213,,,EXPLOIT
1592,59,,,0,1,1,0,common,1.0,0.09457703615248558,0.13266632867346878,0.25829545129765447,0.0,0.8701120383819985,0.9146924629035436,,,EXPLOIT
1593,59,,,0,1,1,0,common,1.0,0.06147507349911563,0.12001424792822851,0.1992493379580928,0.0,0.8710002577237919,0.9153623347126344,,,EXPLOIT
1594,59,,,0,1,1,0,common,0.0,0.9600412022255749,0.11237274760039048,0.4274868972383374,0.0,0.8718677090406306,0.9160152247722982,,,EXPLOIT
1595,59,,,0,1,1,0,common,0.0,0.6240267814466237,0.29175767445761214,0.4864488625008233,0.0,0.8727150699997477,0.9166517390050577,,,EXPLOIT
1596,59,,,0,1,1,0,common,1.0,0.5943825920596946,0.4756026200122673,0.5188289813684847,0.0,0.868209940593281,0.9132537232784579,,,EXPLOIT
1597,59,,,0,1,1,0,common,1.0,0.38634868483880147,0.2995084153156057,0.4790848924095797,0.0,0.869143303165383,0.9139606840838492,,,EXPLOIT
1598,59,,,0,1,1,0,common,1.0,0.251126645145221,0.20906274456372514,0.41069741823027206,0.0,0.8700543999238619,0.9146493152871116,,,EXPLOIT
1599,59,,,0,1,1,0,common,1.0,0.16323231934439364,0.16263570294654237,0.33645788856450853,0.0,0.8709439738215533,0.9153202871678083,,,EXPLOIT
1600,59,,,0,1,1,0,common,0.0,0.8938989924261441,0.13733651722106344,0.5036902197229992,0.0,0.8663295848775985,0.9118252242697478,,,EXPLOIT
1601,59,,,0,1,1,0,common,1.0,0.4189656549230063,0.32469157782789243,0.47827285028300137,0.0,0.8673084707190761,0.912569840959092,,,EXPLOIT
1602,59,,,0,1,1,0,common,1.0,0.2723276756999541,0.22170377953143797,0.4164892979080872,0.0,0.8682635466748136,0.9132947259575034,,,EXPLOIT
1603,59,,,0,1,1,0,common,1.0,0.1770129892049701,0.16929578304776027,0.344646405297152,0.0,0.8691956245057846,0.9140006181330087,,,EXPLOIT
1604,59,,,0,1,1,0,common,0.0,0.8849415570167695,0.14106436455100582,0.5067349508130372,0.0,0.8644720932286923,0.910407998245577,,,EXPLOIT
1605,59,,,0,1,1,0,common,1.0,0.4247879879390999,0.3293123122718258,0.482150861950856,0.0,0.8654968228838542,0.9111907910647986,,,EXPLOIT
1606,59,,,0,1,1,0,common,1.0,0.27611219216041494,0.22402068353839644,0.42033926101372365,0.0,0.8664961543092883,0.9119523970086487,,,EXPLOIT
1607,59,,,0,1,1,0,common,1.0,0.1794729249042697,0.17050822856139936,0.3480793601808874,0.0,0.8674709715699265,0.9126936278141258,,,EXPLOIT
1608,59,,,0,1,1,0,common,1.0,0.11665740118777534,0.14173891679038125,0.2786527724829538,0.0,0.8684221183001221,0.9134152543636728,,,EXPLOIT
1609,59,,,0,1,1,0,common,1.0,0.07582731077205396,0.12536348685962628,0.21780513396968385,0.0,0.8693503999898757,0.9141180092243867,,,EXPLOIT
1610,59,,,0,1,1,0,common,1.0,0.049287752001835106,0.11563121953875537,0.16724991937932923,0.0,0.8702565861176502,0.9148025890001631,,,EXPLOIT
1611,59,,,0,1,1,0,common,1.0,0.032037038801192796,0.10967025444123987,0.1266860552058883,0.0,0.8711414121416508,0.9154696565126598,,,EXPLOIT
1612,59,,,0,1,1,0,common,1.0,0.02082407522077534,0.10594423220751471,0.0949274612103544,0.0,0.8720055813604091,0.9161198428254391,,,EXPLOIT
1613,59,,,0,1,1,0,common,1.0,0.013535648893504004,0.10358356084697669,0.07050991751529928,0.0,0.87284976665257,0.9167537491242881,,,EXPLOIT
1614,59,,,0,1,1,0,common,1.0,0.008798171780777575,0.10207457669319087,0.051996393794942766,0.0,0.8736746121049324,0.9173719484654996,,,EXPLOIT
1615,59,,,0,1,1,0,common,0.0,0.9942811883424946,0.10110437461604009,0.3346818321592083,0.0,0.8744807345370313,0.9179749874028075,,,EXPLOIT
1616,59,,,0,1,1,0,common,1.0,0.35371722757737856,0.2755728568506771,0.34039245078465935,0.0,0.8752687249298483,0.9185633875026868,,,EXPLOIT
1617,59,,,0,1,1,0,common,0.0,0.770083802074704,0.19698660747545832,0.4692998561716727,0.0,0.8760391497656114,0.9191376467568587,,,EXPLOIT
1618,59,,,0,1,1,0,common,1.0,0.4994455286514424,0.3914891981681795,0.47834355791560357,0.0,0.8767925522850759,0.9196982409000405,,,EXPLOIT
1619,59,,,0,1,1,0,common,0.0,0.6753604063765624,0.2553574235396149,0.5374486124538912,0.0,0.8725339873620681,0.916517072550388,,,EXPLOIT
1620,59,,,0,1,1,0,common,1.0,0.5610157358552345,0.44574303948713645,0.5445187494742941,0.0,0.8680177470430541,0.9131093042142142,,,EXPLOIT
1621,59,,,0,1,1,0,common,1.0,0.3646602283059024,0.2834547473652621,0.49056119312377655,0.0,0.8689557217410896,0.9138200343649965,,,EXPLOIT
1622,59,,,0,1,1,0,common,1.0,0.2370291483988366,0.20097319185519047,0.41450157970629453,0.0,0.8698712757163386,0.9145122960768902,,,EXPLOIT
1623,59,,,0,1,1,0,common,1.0,0.15406894645924374,0.15832985193802293,0.3363717897321793,0.0,0.8707651587570223,0.915186766347884,,,EXPLOIT
1624,59,,,0,1,1,0,common,1.0,0.10014481519850849,0.13490519688303762,0.265503697372078,0.0,0.8716380877104569,0.915844089571419,,,EXPLOIT
1625,59,,,0,1,1,0,common,1.0,0.06509412987903052,0.12134378180361094,0.20538082712416375,0.0,0.8724907482734015,0.9164848794766466,,,EXPLOIT
1626,59,,,0,1,1,0,common,1.0,0.04231118442136983,0.11318660715801832,0.15645993431332555,0.0,0.8733237966668846,0.9171097209317499,,,EXPLOIT
1627,59,,,0,1,1,0,common,1.0,0.027502269873890373,0.10814947975632298,0.11777263498149498,0.0,0.8741378612041121,0.9177191716214799,,,EXPLOIT
1628,59,,,0,1,1,0,common,1.0,0.017876475418028726,0.10498377161796488,0.08780378711245511,0.0,0.8749335437593349,0.9183137636090186,,,EXPLOIT
1629,59,,,0,1,1,0,common,1.0,0.011619709021718716,0.1029708952991604,0.06494856368523419,0.0,0.8757114211449013,0.9188940047913731,,,EXPLOIT
1630,59,,,0,1,1,0,common,1.0,0.007552810864117188,0.10168120063793064,0.047729837838899086,0.0,0.876472046403119,0.9194603802566712,,,EXPLOIT
1631,59,,,0,1,1,0,common,0.0,0.9950906729383239,0.10085071596654897,0.3319380883687265,0.0,0.8772159500190126,0.9200133535509863,,,EXPLOIT
1632,59,,,0,1,1,0,common,1.0,0.3531910625900895,0.2751976177664317,0.3383139806351354,0.0,0.8779436410595713,0.9205533678616498,,,EXPLOIT
1633,59,,,0,1,1,0,common,0.0,0.7704258093164418,0.19679652123249466,0.4679475292395273,0.0,0.8786556082446328,0.9210808471234079,,,EXPLOIT
1634,59,,,0,0,0,0,common,0.0,0.031233221365894646,0.3912970912598429,0.3369332368774375,0.0,0.8793523209541415,0.9215961970532213,,,EXPLOIT
1635,59,,,0,0,0,0,common,0.0,0.020301593887831523,0.38189445172585185,0.24194374398055565,0.0,0.8800342301761487,0.9220998061190292,,,EXPLOIT
1636,59,,,0,0,0,0,common,1.0,0.9868039639729095,0.3758314557294866,0.46540180997826175,0.0,0.8807017693995827,0.9225920464473356,,,EXPLOIT
1637,59,,,0,1,1,0,common,1.0,0.49922322394431284,0.654284530681084,0.47554823416807707,0.0,0.8813553554555064,0.9230732746740838,,,EXPLOIT
1638,59,,,0,1,1,0,common,1.0,0.3244950955638033,0.5264640217511662,0.43023229258679496,0.0,0.8819953893102952,0.9235438327429052,,,EXPLOIT
1639,59,,,0,1,1,0,common,1.0,0.2109218121164722,0.42549740641504435,0.36443914844569814,0.0,0.8826222568139147,0.924004048654506,,,EXPLOIT
1640,59,,,0,1,1,0,common,1.0,0.1370991778757069,0.3617107062490456,0.29623715727470074,0.0,0.8832363294062315,0.9244542371706435,,,EXPLOIT
1641,59,,,0,1,1,0,common,1.0,0.08911446561920955,0.3227133470807187,0.23410034977805336,0.0,0.8838379647840813,0.9248947004758685,,,EXPLOIT
1642,59,,,0,1,1,0,common,1.0,0.05792440265248622,0.29869557565420457,0.1812475656403832,0.0,0.8844275075316111,0.9253257287999653,,,EXPLOIT
1643,59,,,0,1,1,0,common,0.0,0.962349138275884,0.2836982479808734,0.41557803743103344,0.0,0.8850052897162362,0.9257476010037816,,,EXPLOIT
1644,59,,,0,1,1,0,common,0.0,0.6255269398793246,0.568641398658288,0.4785627081655208,0.0,0.885571631452379,0.9261605851309369,,,EXPLOIT
1645,59,,,0,1,1,0,common,1.0,0.593407489078439,0.68855745668039,0.5130161424393963,0.0,0.881820448206019,0.9234155062200742,,,EXPLOIT
1646,59,,,0,1,1,0,common,1.0,0.3857148679009854,0.5776871623703602,0.474825760077873,0.0,0.8824509041773467,0.9238785335898422,,,EXPLOIT
1647,59,,,0,1,1,0,common,0.0,0.7492853358643594,0.4609877246873645,0.557163632813819,0.0,0.8785230278916886,0.9209831579069849,,,EXPLOIT
1648,59,,,0,1,1,0,common,0.0,0.48703546831183364,0.6612023555278899,0.5361251834632234,0.0,0.8743670101028905,0.917891280613128,,,EXPLOIT
1649,59,,,0,0,0,0,common,0.0,0.3585774234176088,0.6896308593504592,0.48286085544953894,0.0,0.8751575485458442,0.9184817038612764,,,EXPLOIT
1650,59,,,0,0,0,0,common,0.0,0.23307532522144572,0.679395485140463,0.40792519638111097,0.0,0.8759304421750557,0.9190579177711234,,,EXPLOIT
1651,59,,,0,0,0,0,common,0.0,0.15149896139393973,0.641480891447593,0.33099732588495956,0.0,0.8766862374685719,0.9196204011237318,,,EXPLOIT
1652,59,,,0,0,0,0,common,0.0,0.09847432490606083,0.6063555628175961,0.2612404255912899,0.0,0.8774254586798681,0.9201696115059023,,,EXPLOIT
1653,59,,,0,0,0,0,common,0.0,0.06400831118893954,0.5801805461207061,0.20207079127058478,0.0,0.8781486089570587,0.9207059864707222,,,EXPLOIT
1654,59,,,0,1,1,0,common,1.0,0.6834269455973081,0.5620758765285248,0.3464776375686017,0.0,0.8788561713951402,0.921229944622675,,,EXPLOIT
1655,59,,,0,1,1,0,common,1.0,0.4442275146382503,0.353524859004833,0.3758026006894963,0.0,0.8795486100258904,0.9217418866329704,,,EXPLOIT
1656,59,,,0,1,1,0,common,1.0,0.28874788451486266,0.23850157971646369,0.34968618583710614,0.0,0.8802263707496949,0.9222421961902728,,,EXPLOIT
1657,59,,,0,1,1,0,common,1.0,0.18768612493466075,0.17990267799860868,0.3010861675663725,0.0,0.880889882213235,0.9227312408915771,,,EXPLOIT
1658,59,,,0,0,0,0,common,0.0,0.041605402272810704,0.14851568695012082,0.22324193797830397,0.0,0.8815395566366719,0.9232093730775781,,,EXPLOIT
1659,59,,,0,1,1,0,common,1.0,0.12199598120752952,0.14222530502522063,0.19286815094707163,0.0,0.8821757905936854,0.9236769306165296,,,EXPLOIT
1660,59,,,0,1,1,0,common,1.0,0.07929738778489415,0.12509035885248163,0.15879692199841838,0.0,0.8827989657474731,0.9241342376402586,,,EXPLOIT
1661,59,,,0,1,1,0,common,1.0,0.051543302060181206,0.11494882765287726,0.1266208360169472,0.0,0.8834094495455816,0.9245816052357113,,,EXPLOIT
1662,59,,,0,1,1,0,common,1.0,0.03350314633911777,0.10875459460337095,0.09868552911359837,0.0,0.8840075958762358,0.9250193320951278,,,EXPLOIT
1663,59,,,0,1,1,0,common,0.0,0.9782229548795734,0.10488997876094339,0.3625467568433909,0.0,0.8845937456886265,0.9254477051277117,,,EXPLOIT
1664,59,,,0,1,1,0,common,0.0,0.6358449206717227,0.28005505826015004,0.44453620599189037,0.0,0.8851682275794498,0.9258670000354225,,,EXPLOIT
1665,59,,,0,1,1,0,common,1.0,0.5867008015633802,0.4649744389838547,0.4871855846633373,0.0,0.8857313583478191,0.9262774818553273,,,EXPLOIT
1666,59,,,0,1,1,0,common,1.0,0.3813555210161972,0.2926420040563861,0.4554365655691952,0.0,0.8862834435205199,0.9266794054707526,,,EXPLOIT
1667,59,,,0,1,1,0,common,0.0,0.7521189113394718,0.20476487603930413,0.5444412693002781,0.0,0.8825719969429878,0.9239679341160487,,,EXPLOIT
1668,59,,,0,1,1,0,common,1.0,0.5111227076293433,0.3979792557359411,0.5344457007989977,0.0,0.8786510521880905,0.9210785222914861,,,EXPLOIT
1669,59,,,0,1,1,0,common,1.0,0.3322297599590731,0.2576662751362139,0.47378091854702026,0.0,0.879347862107154,0.9215939254317165,,,EXPLOIT
1670,59,,,0,1,1,0,common,0.0,0.7840506560266025,0.1870966360644209,0.5668618397908949,0.0,0.8752402849514,0.9185440411489072,,,EXPLOIT
1671,59,,,0,1,1,0,common,1.0,0.49036707358270837,0.38008627825569874,0.5439134099284388,0.0,0.8708886721015663,0.9152815694977628,,,EXPLOIT
1672,59,,,0,1,1,0,common,0.0,0.6812614021712395,0.2485928082465904,0.5851178076012791,0.0,0.8662708504721776,0.911783663793888,,,EXPLOIT
1673,59,,,0,1,1,0,common,0.0,0.4428199114113057,0.43858305252872226,0.542428438744287,0.0,0.8613618771749987,0.9080240821429264,,,EXPLOIT
1674,59,,,0,1,1,0,common,0.0,0.2878329424173487,0.573622201617569,0.4660497898462055,0.0,0.8624653119214226,0.9088729256237151,,,EXPLOIT
1675,59,,,0,1,1,0,common,1.0,0.8129085874287234,0.6444265719514088,0.5701074291209609,0.0,0.8573096838151955,0.9048882695103844,,,EXPLOIT
1676,59,,,0,1,1,0,common,1.0,0.5283905818286702,0.413080366419581,0.5575923749332736,0.0,0.8518101879798133,0.9005846687296694,,,EXPLOIT
1677,59,,,0,1,1,0,common,0.0,0.6565461218113644,0.26539144590968966,0.5872784989967008,0.0,0.8459315419919468,0.8959224780471842,,,EXPLOIT
1678,59,,,0,1,1,0,common,1.0,0.5732450208226131,0.4529294190069777,0.5830684555444745,0.0,0.8396334659751712,0.8908551978353743,,,EXPLOIT
1679,59,,,0,1,1,0,common,1.0,0.3726092635346985,0.2861965118032513,0.5199306979415417,0.0,0.8328697652989038,0.8853279257947951,,,EXPLOIT
1680,59,,,0,1,1,0,common,1.0,0.24219602129755402,0.2015258258698321,0.43661029494834536,0.0,0.8348069724538625,0.886920217543275,,,EXPLOIT
1681,59,,,0,1,1,0,common,0.0,0.8425725861565899,0.15794405067507764,0.5583989823108186,0.0,0.8276750142332716,0.8810215110785677,,,EXPLOIT
1682,59,,,0,1,1,0,common,1.0,0.4523278189982165,0.34820123253561513,0.526577633317038,0.0,0.8199806736793355,0.874542579883076,,,EXPLOIT
1683,59,,,0,0,0,0,common,0.0,0.02704351147732696,0.23256853905682628,0.37671739676512467,0.0,0.82236147620112,0.8765603318852986,,,EXPLOIT
1684,59,,,0,1,1,0,common,1.0,0.2940130823488407,0.22664192693214327,0.35190610244023945,0.0,0.8246572403721265,0.8784949750265324,,,EXPLOIT
1685,59,,,0,1,1,0,common,1.0,0.19110850352674646,0.16951240425759265,0.30366682276619156,0.0,0.8268723324856702,0.8803514485605823,,,EXPLOIT
1686,59,,,0,1,1,0,common,1.0,0.1242205272923852,0.13918377039943727,0.24983293412404964,0.0,0.8290108251487432,0.8821343080947126,,,EXPLOIT
1687,59,,,0,1,1,0,common,1.0,0.08074334274005035,0.12208195823795329,0.19910605670884984,0.0,0.8310765215691215,0.8838477621313998,,,EXPLOIT
1688,59,,,0,1,1,0,common,1.0,0.05248317278103276,0.11198346163484175,0.1551191915305047,0.0,0.8330729774714878,0.8854957045114918,,,EXPLOIT
1689,59,,,0,0,0,0,common,1.0,0.9824217175397375,0.1058248885974324,0.4033099493332745,0.0,0.8350035209082913,0.887081743285256,,,EXPLOIT
1690,59,,,0,0,0,0,common,0.0,0.3614258835991706,0.2831978201238235,0.3907447296130433,0.0,0.8368712701975606,0.8886092264619012,,,EXPLOIT
1691,59,,,0,1,1,0,common,1.0,0.03411406230767133,0.2014133843503551,0.2837555294214317,0.0,0.8386791501910689,0.8900812650243506,,,EXPLOIT
1692,59,,,0,1,1,0,common,1.0,0.02217414049998634,0.19474587108464422,0.20528111274499808,0.0,0.8404299070513955,0.8915007535422274,,,EXPLOIT
1693,59,,,0,1,1,0,common,1.0,0.014413191324991081,0.19050745025357405,0.14802073631899598,0.0,0.8421261216949334,0.8928703886704714,,,EXPLOIT
1694,59,,,0,1,1,0,common,1.0,0.009368574361244164,0.18779253459613982,0.10642508773167043,0.0,0.8437702220392681,0.8941926857823658,,,EXPLOIT
1695,59,,,0,1,1,0,common,1.0,0.006089573334808751,0.1860446826148008,0.07632443341261193,0.0,0.8453644941771807,0.8954699939528449,,,EXPLOIT
1696,59,,,0,1,1,0,common,1.0,0.003958222667625688,0.18491567179511656,0.05461457018911606,0.0,0.8469110925854437,0.8967045094798731,,,EXPLOIT
1697,59,,,0,1,1,0,common,1.0,0.0025728447339566918,0.18418480498080836,0.039002052552568243,0.0,0.8484120494643006,0.8978982881076513,,,EXPLOIT
1698,59,,,0,1,1,0,common,1.0,0.0016723490770718108,0.1837110030880193,0.02780314150991931,0.0,0.8498692832927819,0.8990532560947625,,,EXPLOIT
1699,59,,,0,1,1,0,common,0.0,0.9989129730999033,0.18340356434897986,0.31913609098691453,0.0,0.8512846066756121,0.9001712202526301,,,EXPLOIT
1700,59,,,0,1,1,0,common,0.0,0.6492934325149372,0.43983962858326964,0.4181832934453213,0.0,0.8526597335492118,0.9012538770643381,,,EXPLOIT
1701,59,,,0,1,1,0,common,1.0,0.5779592688652908,0.6277391747258798,0.46611608607131216,0.0,0.8539962858070415,0.9023028209806264,,,EXPLOIT
1702,59,,,0,1,1,0,common,1.0,0.375673524762439,0.4621591373605734,0.4389833176786502,0.0,0.855295799398158,0.9033195519783987,,,EXPLOIT
1703,59,,,0,1,1,0,common,1.0,0.24418779109558542,0.347990564153917,0.38054465970373075,0.0,0.8565597299472033,0.9043054824571138,,,EXPLOIT
1704,59,,,0,1,1,0,common,1.0,0.15872206421213053,0.2818260053052586,0.31399788105625065,0.0,0.8577894579390787,0.9052619435397533,,,EXPLOIT
1705,59,,,0,1,1,0,common,0.0,0.8968306582621152,0.24352766685774696,0.48884771421801,0.0,0.8589862935071381,0.9061901908374904,,,EXPLOIT
1706,59,,,0,1,1,0,common,1.0,0.41706007212962515,0.49912480593481345,0.4673114215914945,0.0,0.8601514808598304,0.9070914097305701,,,EXPLOIT
1707,59,,,0,1,1,0,common,1.0,0.2710890468842564,0.37040258889315736,0.4084447091793231,0.0,0.8612862023772435,0.9079667202121138,,,EXPLOIT
1708,59,,,0,1,1,0,common,1.0,0.17620788047476665,0.29467702522055217,0.33877366056795616,0.0,0.8623915824059162,0.908817181336479,,,EXPLOIT
1709,59,,,0,0,0,0,common,0.0,0.2349268243394609,0.25104463630773194,0.30761960969940755,0.0,0.8634686907775313,0.9096437953093334,,,EXPLOIT
1710,59,,,0,1,1,0,common,1.0,0.1145351223085983,0.20039490059055254,0.24969426348216475,0.0,0.8645185460746506,0.9104475112526607,,,EXPLOIT
1711,59,,,0,1,1,0,common,1.0,0.07444782950058892,0.17879909115025644,0.197120333287692,0.0,0.8655421186644532,0.9112292286744523,,,EXPLOIT
1712,59,,,0,1,1,0,common,1.0,0.04839108917538282,0.16581108438992612,0.15250156005399923,0.0,0.8665403335194817,0.9119898006697527,,,EXPLOIT
1713,59,,,0,1,1,0,common,1.0,0.03145420796399878,0.15779839136128523,0.11618735442699908,0.0,0.8675140728426398,0.9127300368770221,,,EXPLOIT
1714,59,,,0,1,1,0,common,1.0,0.02044523517659924,0.1527673219970313,0.08746471865187913,0.0,0.8684641785121106,0.9134507062113593,,,EXPLOIT
1715,59,,,0,1,1,0,common,1.0,0.013289402864789523,0.14957073734046175,0.06521212391575223,0.0,0.86939145436044,0.9141525393939888,,,EXPLOIT
1716,59,,,0,1,1,0,common,1.0,0.008638111862113163,0.14752370397308914,0.04823992029966051,0.0,0.870296668300767,0.9148362312955166,,,EXPLOIT
1717,59,,,0,1,1,0,common,1.0,0.005614772710373583,0.14620602386361545,0.03545237602287443,0.0,0.8711805543120266,0.9155024431087518,,,EXPLOIT
1718,59,,,0,1,1,0,common,1.0,0.0036496022617428237,0.1453549510410485,0.02591154389453495,0.0,0.8720438142939164,0.9161518043653872,,,EXPLOIT
1719,59,,,0,1,1,0,common,1.0,0.0023722414701328187,0.14480403575338358,0.01884975316721431,0.0,0.8728871198014924,0.9167849148094714,,,EXPLOIT
1720,59,,,0,1,1,0,common,1.0,0.0015419569555863433,0.14444690288966053,0.013657414303725919,0.0,0.8737111136684036,0.9174023461394003,,,EXPLOIT
1721,59,,,0,1,1,0,common,0.0,0.9989977279788689,0.1442151724283161,0.3092595084062688,0.0,0.8745164115270228,0.9180046436290685,,,EXPLOIT
1722,59,,,0,1,1,0,common,0.0,0.6493485231862648,0.36815587935578087,0.41128621284026756,0.0,0.8753036032330289,0.9185923276378462,,,EXPLOIT
1723,59,,,0,1,1,0,common,1.0,0.5779234599289279,0.5666656240207977,0.46127738696686565,0.0,0.8760732542013815,0.919165895018178,,,EXPLOIT
1724,59,,,0,1,1,0,common,1.0,0.37565024895380317,0.3894808262555522,0.43558924556294687,0.0,0.876825906660043,0.9197258204288115,,,EXPLOIT
1725,59,,,0,1,1,0,common,0.0,0.7558273381800279,0.284169015644325,0.5316606733480711,0.0,0.8725693300871739,0.9165465821216181,,,EXPLOIT
1726,59,,,0,1,1,0,common,1.0,0.5087122301829818,0.5074750888575952,0.5247761403985443,0.0,0.8680552594111917,0.9131409520951054,,,EXPLOIT
1727,59,,,0,1,1,0,common,1.0,0.33066294961893816,0.35148714186020774,0.4665421831646624,0.0,0.8689923331827542,0.9138508555105277,,,EXPLOIT
1728,59,,,0,1,1,0,common,1.0,0.21493091725230984,0.26340507055544904,0.3910588033909566,0.0,0.8699070165185158,0.9145423209673322,,,EXPLOIT
1729,59,,,0,0,0,0,common,0.0,0.1527024358206496,0.21498217701711037,0.31955189311986454,0.0,0.8708000578690748,0.9152160239871401,,,EXPLOIT
1730,59,,,0,1,1,0,common,0.0,0.8602949037859986,0.1849561685740267,0.48177479631970477,0.0,0.8716721728172013,0.9158726075753779,,,EXPLOIT
1731,59,,,0,1,1,0,common,1.0,0.4408083125391009,0.39963089318082956,0.46948485118552363,0.0,0.8725240458634477,0.9165126841552658,,,EXPLOIT
1732,59,,,0,1,1,0,common,1.0,0.28652540315041564,0.2761665775083225,0.41459701677499117,0.0,0.8733563320965876,0.9171368373653812,,,EXPLOIT
1733,59,,,0,1,1,0,common,0.0,0.8137584879522298,0.21089779696903127,0.5343454581281627,0.0,0.8688904393138515,0.9137738352690611,,,EXPLOIT
1734,59,,,0,1,1,0,common,1.0,0.4710569828310506,0.4262190246947195,0.515358915539029,0.0,0.8641477254829536,0.9101643130395578,,,EXPLOIT
1735,59,,,0,1,1,0,common,0.0,0.6938129611598172,0.29045365845792936,0.5688951292252654,0.0,0.8591018919979604,0.9062803367934404,,,EXPLOIT
1736,59,,,0,1,1,0,common,1.0,0.5490215752461188,0.4958293070859263,0.5629330630315215,0.0,0.8537232003827621,0.9020895868304104,,,EXPLOIT
1737,59,,,0,1,1,0,common,1.0,0.3568640239099773,0.3293915143303181,0.5011123512950582,0.0,0.8479778908476434,0.8975544617037599,,,EXPLOIT
1738,59,,,0,1,1,0,common,1.0,0.2319616155414852,0.23905919806754067,0.4203671305689862,0.0,0.8494477138760591,0.8987205490471856,,,EXPLOIT
1739,59,,,0,1,1,0,common,1.0,0.15077505010196535,0.19088212061510218,0.33948950642887993,0.0,0.8508751071077162,0.8998491177615664,,,EXPLOIT
1740,59,,,0,1,1,0,common,1.0,0.09800378256627751,0.16396840019523337,0.2670437892700992,0.0,0.85226181261198,0.900941895592836,,,EXPLOIT
1741,59,,,0,1,1,0,common,1.0,0.06370245866808033,0.14823326958357513,0.20604139008949351,0.0,0.8536094785352907,0.9020005059165231,,,EXPLOIT
1742,59,,,0,1,1,0,common,1.0,0.04140659813425218,0.13871186920597267,0.1566509525029211,0.0,0.8549196653484838,0.9030264755029948,,,EXPLOIT
1743,59,,,0,1,1,0,common,1.0,0.026914288787263874,0.1328103502312638,0.11772995338822392,0.0,0.8561938516019926,0.9040212415995671,,,EXPLOIT
1744,59,,,0,1,1,0,common,0.0,0.9825057122882784,0.12909261953773354,0.37716268105824025,0.0,0.8574334392335704,0.9049861583985823,,,EXPLOIT
1745,59,,,0,1,1,0,common,0.0,0.638628712987381,0.3329940607667716,0.45560249063698244,0.0,0.8586397584686078,0.9059225029526785,,,EXPLOIT
1746,59,,,0,0,0,0,common,0.0,0.09925658328342224,0.5273982561839068,0.3486987184309144,0.0,0.8598140723490637,0.9068314805915996,,,EXPLOIT
1747,59,,,0,1,1,0,common,1.0,0.5848913365582024,0.49683392833539375,0.4195565038691007,0.0,0.8609575809234381,0.9077142298888689,,,EXPLOIT
1748,59,,,0,1,1,0,common,1.0,0.38017936876283154,0.3203585280765705,0.40774336333721994,0.0,0.8620714251270241,0.9085718272213757,,,EXPLOIT
1749,59,,,0,1,1,0,common,0.0,0.7528834103041595,0.2266679736339756,0.5112853774273018,0.0,0.8568899201494057,0.9045635078678385,,,EXPLOIT
1750,59,,,0,1,1,0,common,1.0,0.5106257833022962,0.43050359595640514,0.5110874991898001,0.0,0.8513619344627367,0.9002333590739511,,,EXPLOIT
1751,59,,,0,1,1,0,common,1.0,0.3319067591464926,0.28384030441170116,0.45733327717680783,0.0,0.8527348795990037,0.9013140681798636,,,EXPLOIT
1752,59,,,0,1,1,0,common,1.0,0.2157393934452202,0.20783962541478565,0.38485511205733147,0.0,0.8540693375295573,0.9023611516499298,,,EXPLOIT
1753,59,,,0,1,1,0,common,1.0,0.14023060573939317,0.16758365126167138,0.31146776016194994,0.0,0.8553668396041277,0.9033761043314411,,,EXPLOIT
1754,59,,,0,1,1,0,common,0.0,0.9088501062693944,0.1450591353835995,0.49068246399418325,0.0,0.8566288371466982,0.9043603338657878,,,EXPLOIT
1755,59,,,0,1,1,0,common,1.0,0.4092474309248936,0.3436146681391825,0.4662519540733963,0.0,0.857856706617202,0.9053151669575951,,,EXPLOIT
1756,59,,,0,1,1,0,common,0.0,0.7339891698988191,0.23861389006475306,0.5465731188210231,0.0,0.8523942264339113,0.9010463364320633,,,EXPLOIT
1757,59,,,0,1,1,0,common,1.0,0.5229070395657676,0.4414362503657941,0.5394732950444464,0.0,0.8465564517605615,0.8964233173318,,,EXPLOIT
1758,59,,,0,1,1,0,common,1.0,0.3398895757177489,0.2896881145277475,0.47959817924643716,0.0,0.8480678216073955,0.89762632101493,,,EXPLOIT
1759,59,,,0,1,1,0,common,1.0,0.2209282242165368,0.2108666478506736,0.40199719273746704,0.0,0.8495350330638237,0.8987900804998216,,,EXPLOIT
1760,59,,,0,1,1,0,common,0.0,0.856396654259251,0.16923383187002392,0.5383170311940022,0.0,0.8434957950083118,0.893974012022187,,,EXPLOIT
1761,59,,,0,1,1,0,common,0.0,0.5566578252685133,0.37196168257713064,0.5438192694163555,0.0,0.8370196401987063,0.8887322908534183,,,EXPLOIT
1762,59,,,0,1,1,0,common,1.0,0.6381724135754664,0.5433453087516642,0.5721252126640888,0.0,0.8300577399681554,0.8830061806686467,,,EXPLOIT
1763,59,,,0,0,0,0,common,0.0,0.06451677913422446,0.3481663655978944,0.4198426826051294,0.0,0.8320882122215086,0.8846861537381797,,,EXPLOIT
1764,59,,,0,0,0,0,common,0.0,0.0419359064372459,0.32989165700558104,0.30647064975476435,0.0,0.8340511436474768,0.8863024673694765,,,EXPLOIT
1765,59,,,0,1,1,0,common,1.0,0.4148120688240532,0.31830274654845137,0.338973075475551,0.0,0.8359497547706047,0.8878585955334601,,,EXPLOIT
1766,59,,,0,1,1,0,common,1.0,0.2696278447356346,0.2176621504798218,0.31816950625357604,0.0,0.8377870647529994,0.8893577640774658,,,EXPLOIT
1767,59,,,0,1,1,0,common,0.0,0.8247419009218375,0.1664995009024011,0.47014122465405445,0.0,0.8395659068922923,0.8908029724911093,,,EXPLOIT
1768,59,,,0,1,1,0,common,1.0,0.46391776440080557,0.35795704326896777,0.46827418657807973,0.0,0.8412889427099164,0.8921970134204381,,,EXPLOIT
1769,59,,,0,1,1,0,common,1.0,0.3015465468605236,0.23750570694857576,0.4182558946628129,0.0,0.842958674777055,0.8935424901975246,,,EXPLOIT
1770,59,,,0,1,1,0,common,1.0,0.19600525545934033,0.1768101301593693,0.3515807029017711,0.0,0.8445774584082785,0.8948418326170413,,,EXPLOIT
1771,59,,,0,1,1,0,common,1.0,0.1274034160485712,0.1446263296414804,0.28432751684581115,0.0,0.8461475123378033,0.8960973111609903,,,EXPLOIT
1772,59,,,0,1,1,0,common,1.0,0.08281222043157133,0.12651159003074972,0.22387292792153918,0.0,0.8476709284801628,0.8973110498468024,,,EXPLOIT
1773,59,,,0,1,1,0,common,1.0,0.05382794328052132,0.11583134446326837,0.1728594325292338,0.0,0.8491496808656067,0.8984850378517674,,,EXPLOIT
1774,59,,,0,1,1,0,common,1.0,0.03498816313233888,0.1093252679757564,0.13149805171016532,0.0,0.8505856338305028,0.8996211400476384,,,EXPLOIT
1775,59,,,0,1,1,0,common,1.0,0.022742306036020232,0.10527325571393037,0.09887132800792178,0.0,0.8519805495342182,0.9007211065627838,,,EXPLOIT
1776,59,,,0,1,1,0,common,1.0,0.014782498923413101,0.10271219488005925,0.07364467928256917,0.0,0.8533360948662192,0.9017865814750218,,,EXPLOIT
1777,59,,,0,1,1,0,common,1.0,0.009608624300218471,0.10107769037412938,0.054433862787863954,0.0,0.8546538478003329,0.9028191107259704,,,EXPLOIT
1778,59,,,0,1,1,0,common,1.0,0.006245605795141995,0.1000278647504616,0.039977385690047364,0.0,0.8559353032471139,0.9038201493370513,,,EXPLOIT
1779,59,,,0,1,1,0,common,1.0,0.0040596437668423135,0.09935076121353441,0.029202063113085847,0.0,0.8571818784499634,0.904791067997995,,,EXPLOIT
1780,59,,,0,1,1,0,common,1.0,0.0026387684484474594,0.09891286469056637,0.02123307471369433,0.0,0.8583949179659681,0.9057331590906001,,,EXPLOIT
1781,59,,,0,1,1,0,common,1.0,0.0017151994914909041,0.09862916711686437,0.015377712147033302,0.0,0.8595756982682691,0.906647642203429,,,EXPLOIT
1782,59,,,0,1,1,0,common,1.0,0.0011148796694691043,0.09844515794771456,0.011098862403764042,0.0,0.860725432003094,0.9075356691869295,,,EXPLOIT
1783,59,,,0,1,1,0,common,1.0,0.0007246717851548956,0.09832571832555968,0.007986605218181298,0.0,0.8618452719313117,0.908398328793057,,,EXPLOIT
1784,59,,,0,1,1,0,common,1.0,0.0004710366603506433,0.09824815278451747,0.005731934650832101,0.0,0.8629363145814483,0.9092366509386983,,,EXPLOIT
1785,59,,,0,1,1,0,common,0.0,0.9996938261707721,0.09819776483031283,0.3039205021068141,0.0,0.8639996036385128,0.9100516106280135,,,EXPLOIT
1786,59,,,0,1,1,0,common,1.0,0.35019901298899814,0.27026167196645146,0.3178040553714693,0.0,0.8650361330906589,0.9108441315651084,,,EXPLOIT
1787,59,,,0,1,1,0,common,1.0,0.22762935844284882,0.1935295212362273,0.29075164629288314,0.0,0.866046850153629,0.9116150894851927,,,EXPLOIT
1788,59,,,0,1,1,0,common,1.0,0.14795908298785176,0.15370266700444118,0.2479138773013737,0.0,0.8670326579910831,0.9123653152294889,,,EXPLOIT
1789,59,,,0,1,1,0,common,1.0,0.09617340394210361,0.13171980610023193,0.20239173529359267,0.0,0.8679944182472362,0.9130955975865952,,,EXPLOIT
1790,59,,,0,1,1,0,common,0.0,0.9374872874376327,0.11894466883425295,0.4229204009368046,0.0,0.8689329534067444,0.9138066859207412,,,EXPLOIT
1791,59,,,0,1,1,0,common,0.0,0.6093667368344613,0.29974173959638767,0.4788543017061016,0.0,0.8698490489954301,0.9144992926053527,,,EXPLOIT
1792,59,,,0,1,1,0,common,1.0,0.6039116210576001,0.480570363961633,0.5163714975115512,0.0,0.8651664579677741,0.9109436976861907,,,EXPLOIT
1793,59,,,0,1,1,0,common,1.0,0.39254255368744007,0.3011827005900162,0.4792228143643178,0.0,0.8661739487212993,0.9117119645862779,,,EXPLOIT
1794,59,,,0,1,1,0,common,1.0,0.2551526598968361,0.20909254368679517,0.41200176802407323,0.0,0.8671566424034811,0.9124596022534517,,,EXPLOIT
1795,59,,,0,0,0,0,common,0.0,0.027258339184209834,0.16199144855457479,0.2965787393721142,0.0,0.8681153955362367,0.913187394303227,,,EXPLOIT
1796,59,,,0,1,1,0,common,1.0,0.16584922893294352,0.15752548576646727,0.257359886240363,0.0,0.8690510257711918,0.913896085247775,,,EXPLOIT
1797,59,,,0,1,1,0,common,1.0,0.10780199880641328,0.13255047280498908,0.21249252001017807,0.0,0.8699643140710221,0.9145863829058735,,,EXPLOIT
1798,59,,,0,1,1,0,common,1.0,0.07007129922416866,0.1182277678349587,0.16976615377437523,0.0,0.8708560067455163,0.9152589606367902,,,EXPLOIT
1799,59,,,0,1,1,0,common,0.0,0.9544536555042904,0.1096682313477958,0.4051724042933498,0.0,0.8717268173535271,0.9159144594129204,,,EXPLOIT
1800,59,,,0,1,1,0,common,0.0,0.6203948760777888,0.28449534417829925,0.4697391458286815,0.0,0.8725774284810034,0.9165534897446017,,,EXPLOIT
1801,59,,,0,1,1,0,common,1.0,0.5967433305494373,0.4656164470360673,0.5078404012449083,0.0,0.8680638548812213,0.9131483601569707,,,EXPLOIT
1802,59,,,0,1,1,0,common,1.0,0.38788316485713425,0.29056998643114124,0.471853230328576,0.0,0.8690007222671569,0.9138580701108038,,,EXPLOIT
1803,59,,,0,1,1,0,common,0.0,0.7478759428428627,0.20186713712595913,0.554660044082862,0.0,0.8642649448189135,0.9102548306887448,,,EXPLOIT
1804,59,,,0,1,1,0,common,0.0,0.4861193628478608,0.39228442524383267,0.5340978397123616,0.0,0.8592267168082038,0.906377862197804,,,EXPLOIT
1805,59,,,0,1,1,0,common,1.0,0.6840224141488904,0.5425372429522232,0.5790752120433202,0.0,0.8538563886573992,0.902194960910316,,,EXPLOIT
1806,59,,,0,1,1,0,common,1.0,0.4446145691967789,0.33436212964957535,0.5387370191893578,0.0,0.8481203047455769,0.8976686655057659,,,EXPLOIT
1807,59,,,0,1,1,0,common,1.0,0.28899946997790626,0.2236349343647887,0.46381575442592227,0.0,0.8495859930360956,0.898831054226411,,,EXPLOIT
1808,59,,,0,1,1,0,common,1.0,0.18784965548563903,0.16798370786323882,0.3810259247438373,0.0,0.8510094223317166,0.8999560958112717,,,EXPLOIT
1809,59,,,0,1,1,0,common,0.0,0.8778977239343346,0.13836246903719052,0.5300874645009865,0.0,0.8450745039316262,0.8952402995025027,,,EXPLOIT
1810,59,,,0,1,1,0,common,1.0,0.42936647944268247,0.32223502517278746,0.49987116898349526,0.0,0.8466297267357722,0.8964824620402149,,,EXPLOIT
1811,59,,,0,1,1,0,common,1.0,0.27908821163774356,0.21761402364250665,0.4336362817797697,0.0,0.8481389425060184,0.8976835227296577,,,EXPLOIT
1812,59,,,0,1,1,0,common,0.0,0.8185926624354667,0.1648627432681145,0.5491231959764789,0.0,0.8420000765336574,0.8927712934326028,,,EXPLOIT
1813,59,,,0,1,1,0,common,1.0,0.46791476941694665,0.3533592926679133,0.5247606680086192,0.0,0.8354133199931012,0.8874203787077237,,,EXPLOIT
1814,59,,,0,1,1,0,common,1.0,0.3041446001210153,0.23307847920017558,0.45857584764233805,0.0,0.8372678591477064,0.8889354897113718,,,EXPLOIT
1815,59,,,0,1,1,0,common,1.0,0.19769399007865995,0.17284766698464604,0.3803112903732346,0.0,0.8390631385341384,0.8903958063544095,,,EXPLOIT
1816,59,,,0,1,1,0,common,1.0,0.12850109355112893,0.1410337814246415,0.3047682313266029,0.0,0.8408018674234257,0.8918041784520135,,,EXPLOIT
1817,59,,,0,1,1,0,common,1.0,0.08352571080823379,0.12317068017000904,0.23839547517109216,0.0,0.8424865925903299,0.8931632616902315,,,EXPLOIT
1818,59,,,0,1,1,0,common,1.0,0.05429171202535199,0.11265502613912304,0.1831643462273701,0.0,0.8441197103183625,0.8944755338811665,,,EXPLOIT
1819,59,,,0,1,1,0,common,1.0,0.0352896128164788,0.10625553723392517,0.1388019262041027,0.0,0.8457034773559828,0.8957433096117171,,,EXPLOIT
1820,59,,,0,1,1,0,common,1.0,0.02293824833071123,0.10227244204566403,0.10404282284208524,0.0,0.847240020929347,0.8969687534680971,,,EXPLOIT
1821,59,,,0,1,1,0,common,0.0,0.9850901385850377,0.09975597422406958,0.36835701756497097,0.0,0.8487313479050467,0.8981538919951033,,,EXPLOIT
1822,59,,,0,1,1,0,common,1.0,0.3596914099197255,0.27022786018146433,0.3657573352713973,0.0,0.8501793531858494,0.8993006245291431,,,EXPLOIT
1823,59,,,0,0,0,0,common,0.0,0.017717920469736394,0.19168897749869415,0.261345510830899,0.0,0.8515858274133147,0.900410733026849,,,EXPLOIT
1824,59,,,0,1,1,0,common,1.0,0.23379941644782154,0.18833929945279476,0.2530816825159758,0.0,0.8529524640431393,0.9014858909962725,,,EXPLOIT
1825,59,,,0,1,1,0,common,1.0,0.151969620691084,0.1484650409348458,0.22274806396850821,0.0,0.854280865852029,0.9025276716248245,,,EXPLOIT
1826,59,,,0,1,1,0,common,1.0,0.0987802534492046,0.12659829459841293,0.1855577208127171,0.0,0.8555725509286793,0.9035375551869983,,,EXPLOIT
1827,59,,,0,1,1,0,common,1.0,0.06420716474198296,0.11394529717878607,0.14915255399149685,0.0,0.8568289581959622,0.9045169358052481,,,EXPLOIT
1828,59,,,0,1,1,0,common,1.0,0.04173465708228896,0.10633553092174897,0.11692718491873448,0.0,0.8580514525065646,0.9054671276289724,,,EXPLOIT
1829,59,,,0,1,1,0,common,0.0,0.9728724728965121,0.10163647857597256,0.37371077131206776,0.0,0.859241329350028,0.9063893704892086,,,EXPLOIT
1830,59,,,0,0,0,0,common,1.0,0.9884833516946714,0.2714549753943828,0.5581425454268488,0.0,0.8538719798343583,0.90220739487335,,,EXPLOIT
1831,59,,,0,0,0,0,common,0.0,0.35748582139846363,0.5621470703585438,0.49794552821833327,0.0,0.8551749193278008,0.9032270380652213,,,EXPLOIT
1832,59,,,0,1,1,0,common,1.0,0.36763289261726717,0.4526701406424557,0.4588517375380134,0.0,0.8564421419359433,0.9042157538966313,,,EXPLOIT
1833,59,,,0,1,1,0,common,1.0,0.2389613802012237,0.34163098067101705,0.3928846303369765,0.0,0.8576750350120167,0.905174880741611,,,EXPLOIT
1834,59,,,0,1,1,0,common,0.0,0.8446751028692046,0.27753264284559837,0.5284217720966449,0.0,0.8522002755521565,0.9008946399876779,,,EXPLOIT
1835,59,,,0,1,1,0,common,1.0,0.4509611831350171,0.5266851521818213,0.5051835954081565,0.0,0.846348944085196,0.8962587684362542,,,EXPLOIT
1836,59,,,0,1,1,0,common,1.0,0.2931247690377612,0.3870149065348225,0.44156594749703787,0.0,0.8478664213486664,0.8974671851898145,,,EXPLOIT
1837,59,,,0,1,1,0,common,1.0,0.19053109987454475,0.3035284115648021,0.36625549321028994,0.0,0.8493394842362265,0.8986361026169353,,,EXPLOIT
1838,59,,,0,1,1,0,common,1.0,0.12384521491845413,0.2555863853689567,0.2935324097227392,0.0,0.8507699833357336,0.8997673700212638,,,EXPLOIT
1839,59,,,0,1,1,0,common,1.0,0.08049938969699522,0.227432822282229,0.229622503715016,0.0,0.8521596679928423,0.9008627231501593,,,EXPLOIT
1840,59,,,0,0,0,0,common,1.0,0.7676342160909986,0.21042430109799035,0.39102601742781073,0.0,0.8535101931428561,0.9019237927805392,,,EXPLOIT
1841,59,,,0,1,1,0,common,0.0,0.9476753966969531,0.4112596127727363,0.5580208312085535,0.0,0.8477501135509773,0.8973747572522763,,,EXPLOIT
1842,59,,,0,1,1,0,common,1.0,0.38401099214698053,0.6674019722784064,0.5058178794900816,0.0,0.8415833529403524,0.8924355217267032,,,EXPLOIT
1843,59,,,0,1,1,0,common,0.0,0.7503928551044626,0.5827099398324214,0.5791903721743958,0.0,0.8349656121302396,0.8870539155560866,,,EXPLOIT
1844,59,,,0,1,1,0,common,1.0,0.5122446441820993,0.6927944603228295,0.5591066537767069,0.0,0.8278459159525557,0.8811680340555739,,,EXPLOIT
1845,59,,,0,1,1,0,common,1.0,0.33295901871836453,0.6409284629514982,0.49126236325920414,0.0,0.8299511262683139,0.8829189475745761,,,EXPLOIT
1846,59,,,0,1,1,0,common,1.0,0.21642336216693692,0.5557966345010412,0.4088106629315239,0.0,0.831985173169467,0.8846022568779283,,,EXPLOIT
1847,59,,,0,1,1,0,common,0.0,0.859324814591491,0.48998347153740085,0.543964908429514,0.0,0.8246333073901374,0.878478904885506,,,EXPLOIT
1848,59,,,0,1,1,0,common,1.0,0.44143887051553077,0.6865728442728938,0.513207097055319,0.0,0.8166924860863417,0.8717411624721539,,,EXPLOIT
1849,59,,,0,1,1,0,common,0.0,0.713064734164905,0.6107201241805131,0.5731643881881947,0.0,0.8080894373128805,0.8642920739163353,,,EXPLOIT
1850,59,,,0,1,1,0,common,0.0,0.46349207720718827,0.6903357527346059,0.5402626948938927,0.0,0.798738209342742,0.8560131505702357,,,EXPLOIT
1851,59,,,0,1,1,0,common,0.0,0.3012698501846724,0.6192798852620383,0.4685648414811266,0.0,0.8019396631215414,0.8588692472562943,,,EXPLOIT
1852,59,,,0,0,0,0,common,0.0,0.5010377595408508,0.5365884927498014,0.4783067168990438,0.0,0.8050103299863982,0.8615873204482042,,,EXPLOIT
1853,59,,,0,0,0,0,common,1.0,0.674325456298447,0.660529592322072,0.5371123387188648,0.0,0.7953835265088639,0.8529957390568363,,,EXPLOIT
1854,59,,,0,0,0,0,common,0.0,0.5616884534060095,0.4832219536459208,0.5444851731250082,0.0,0.7848685170579022,0.8433706307290418,,,EXPLOIT
1855,59,,,0,0,0,0,common,1.0,0.6349025052860938,0.6389655796196131,0.5716103727733338,0.0,0.7733370432687597,0.8325141512430586,,,EXPLOIT
1856,59,,,0,0,0,0,common,0.0,0.5873133715640391,0.4602893033110534,0.5763212724105453,0.0,0.7606349042462814,0.8201745182198298,,,EXPLOIT
1857,59,,,0,0,0,0,common,1.0,0.6182463084833746,0.6285112281881828,0.5888987832323941,0.0,0.746575048026392,0.8060262852226737,,,EXPLOIT
1858,59,,,0,0,0,0,common,0.0,0.5981398994858065,0.45060142800653635,0.5916711181084178,0.0,0.7309283311333261,0.7896412758776059,,,EXPLOIT
1859,59,,,0,1,1,0,common,1.0,0.804174597379963,0.6238765292337298,0.6554221618898813,0.0,0.7134109731984399,0.770444576545411,,,EXPLOIT
1860,59,,,0,1,1,0,common,1.0,0.522713488296976,0.6777262028493996,0.6156095598120097,0.0,0.693667240172018,0.747645787040008,,,EXPLOIT
1861,59,,,0,1,1,0,common,1.0,0.33976376739303427,0.5649711880764521,0.5328558220863171,0.0,0.6712450956701537,0.720127622523699,,,EXPLOIT
1862,59,,,0,1,1,0,common,0.0,0.7791535511945277,0.4612968941915734,0.6067451408187803,0.0,0.6455612472768902,0.6862574402911891,,,EXPLOIT
1863,59,,,0,1,1,0,common,1.0,0.49355019172355696,0.6662081092246509,0.5727866560902133,0.0,0.6158497771367677,0.6435513666346753,,,EXPLOIT
1864,59,,,0,1,1,0,common,1.0,0.320807624620312,0.5492003081913293,0.49719294664924285,0.0,0.6306033070568143,0.6652606253405735,,,EXPLOIT
1865,59,,,0,1,1,0,common,1.0,0.20852495600320275,0.45027095404276785,0.4105925494554308,0.0,0.6441338951041392,0.6842960781324283,,,EXPLOIT
1866,59,,,0,1,1,0,common,0.0,0.8644587785979182,0.3860185641828267,0.546752418198177,0.0,0.6141893730792883,0.6410430701461485,,,EXPLOIT
1867,59,,,0,1,1,0,common,1.0,0.4381017939113532,0.6366247341213317,0.5141572309121298,0.0,0.5791291388141424,0.5847160645167775,,,EXPLOIT
1868,59,,,0,1,1,0,common,1.0,0.2847661660423796,0.5181595065257177,0.4453399114512048,0.0,0.5971422047983787,0.6144817821102816,,,EXPLOIT
1869,59,,,0,0,0,0,common,1.0,0.6112090653342258,0.4293904559643161,0.49510065761611105,0.0,0.6135180307290088,0.6400251731271978,,,EXPLOIT
1870,59,,,0,1,1,0,common,1.0,0.18509800792754671,0.6106054986876995,0.40209986270954173,0.0,0.6284694085174598,0.6621841097146198,,,EXPLOIT
1871,59,,,0,0,0,0,common,0.0,0.6027141075327532,0.5604206805254801,0.46228413615650515,0.0,0.6421737864036015,0.6815885303768318,,,EXPLOIT
1872,59,,,0,0,0,0,common,0.0,0.3917641698962896,0.37554117383079644,0.4411281462784405,0.0,0.6547803144309071,0.6987211751401274,,,EXPLOIT
1873,59,,,0,0,0,0,common,0.0,0.25464671043258824,0.2685074349847837,0.3851837155246848,0.0,0.6664152691874116,0.7139582075828106,,,EXPLOIT
1874,59,,,0,1,1,0,common,0.0,0.8796862948470946,0.21109499492129724,0.5335344893214077,0.0,0.6399979210437354,0.6785633282586704,,,EXPLOIT
1875,59,,,0,1,1,0,common,1.0,0.4282039083493885,0.447060899616575,0.5019353150298018,0.0,0.6093725767635014,0.6336892190626873,,,EXPLOIT
1876,59,,,0,1,1,0,common,0.0,0.7216674595728975,0.31969748453770996,0.5678549583927305,0.0,0.5734487688767861,0.5749425503530255,,,EXPLOIT
1877,59,,,0,1,1,0,common,1.0,0.5309161512776166,0.538003562990809,0.5567733162581963,0.0,0.5307236263015614,0.4947190377159089,,,EXPLORE
1878,59,,,0,1,1,0,common,0.0,0.6549045016695492,0.37429908645294685,0.5862126718816021,0.0,0.479066558141602,0.37861411941862944,,,EXPLORE
1879,59,,,0,0,0,0,common,0.0,0.16552036178118235,0.5741218194268191,0.4600049788514761,0.0,0.5074946316263468,0.4454343129799534,,,EXPLORE
1880,59,,,0,1,1,0,common,1.0,0.574312073914793,0.5254446420177679,0.49429710737047117,0.0,0.5327387469202692,0.4987922822884533,,,EXPLOIT
1881,59,,,0,0,0,0,common,0.0,0.10758823515776852,0.34944970808811077,0.37828444570666037,0.0,0.5553043656896671,0.542382049025024,,,EXPLORE
1882,59,,,0,0,0,0,common,0.0,0.06993235285254953,0.3192137538222232,0.2857788178504271,0.0,0.5755953362039431,0.5786593794238821,,,EXPLOIT
1883,59,,,0,1,1,0,common,1.0,0.37330284804461544,0.3003957466834234,0.3120360269086836,0.0,0.5939382057657155,0.6093205041251696,,,EXPLOIT
1884,59,,,0,1,1,0,common,1.0,0.2426468512290001,0.21243042874435225,0.29121927420477856,0.0,0.6105998714153288,0.6355746855860747,,,EXPLOIT
1885,59,,,0,1,1,0,common,0.0,0.8422795467011499,0.16681964471478355,0.45653735595368994,0.0,0.6258006054748492,0.6583072692539795,,,EXPLOIT
1886,59,,,0,1,1,0,common,0.0,0.5474817053557475,0.36363420148706793,0.4838206607743072,0.0,0.6397238107275115,0.6781813333783895,,,EXPLOIT
1887,59,,,0,1,1,0,common,1.0,0.6441368915187642,0.5321138474134002,0.5319155299976442,0.0,0.6090530549159788,0.6331980087585599,,,EXPLOIT
1888,59,,,0,1,1,0,common,0.0,0.5813110205128034,0.33582013929785665,0.546734177152192,0.0,0.5730715603629454,0.5742876349956174,,,EXPLOIT
1889,59,,,0,0,0,0,common,0.0,0.0454560293541572,0.5129321579999536,0.39635073281278155,0.0,0.5916516930120689,0.6056026273075784,,,EXPLOIT
1890,59,,,0,1,1,0,common,1.0,0.6221478366666778,0.49886497123883555,0.46408986396895036,0.0,0.6085187713282861,0.6323743917695854,,,EXPLOIT
1891,59,,,0,1,1,0,common,0.0,0.5956039061666594,0.3119882922513283,0.5035440766282631,0.0,0.5724407051445252,0.5731889454954441,,,EXPLOIT
1892,59,,,0,1,1,0,common,1.0,0.6128574609916714,0.4905993541908554,0.5363380919372855,0.0,0.5295154517399793,0.49226402063482916,,,EXPLOIT
1893,59,,,0,0,0,0,common,0.0,0.02954641908020218,0.3073456827420906,0.3843005900801605,0.0,0.5524152275472656,0.5370010850646182,,,EXPLORE
1894,59,,,0,1,1,0,common,0.0,0.6016426503554135,0.2994938151200342,0.44950320816273637,0.0,0.5729910877137253,0.5741480533359762,,,EXPLOIT
1895,59,,,0,1,1,0,common,1.0,0.6089322772689811,0.4778585903162644,0.49733192889460975,0.0,0.5915788092982177,0.6054840266065673,,,EXPLOIT
1896,59,,,0,0,0,0,common,0.0,0.019205172402131418,0.29757601052121757,0.3538939019468662,0.0,0.6084524547498803,0.6322723786909956,,,EXPLOIT
1897,59,,,0,0,0,0,common,1.0,0.9875166379386145,0.29256059510447463,0.5439807227443907,0.0,0.5723623921013145,0.5730528107893385,,,EXPLOIT
1898,59,,,0,1,1,0,common,1.0,0.3958059802248378,0.5852729729106825,0.49952829998852477,0.0,0.5910094527357552,0.6045536369298745,,,EXPLORE
1899,59,,,0,0,0,0,common,0.0,0.35811418533990047,0.46644639988503367,0.45710406559393746,0.0,0.6079344411206024,0.6314722786099587,,,EXPLOIT
1900,59,,,0,0,0,0,common,0.0,0.23277422047093532,0.357019147282526,0.3898051120570368,0.0,0.6233646355802515,0.6547396567688821,,,EXPLOIT
1901,59,,,0,0,0,0,common,0.0,0.15130324330610795,0.292774214176004,0.31825455143175807,0.0,0.6374890055027036,0.6750505176078906,,,EXPLOIT
1902,59,,,0,1,1,0,common,1.0,0.25727388714614463,0.2551870277725309,0.299960352146074,0.0,0.6504659564530275,0.6929338625429508,,,EXPLOIT
1903,59,,,0,1,1,0,common,1.0,0.16722802664499403,0.19945961859003028,0.26014065449575,0.0,0.6624292692700954,0.7087995931476239,,,EXPLOIT
1904,59,,,0,1,1,0,common,0.0,0.8913017826807539,0.16870650296905218,0.4494889929512511,0.0,0.6734927060843852,0.7229702429494202,,,EXPLOIT
1905,59,,,0,1,1,0,common,1.0,0.42065384125750993,0.38144609694800724,0.4408384474431287,0.0,0.6837536197589785,0.7357030773021251,,,EXPLOIT
1906,59,,,0,1,1,0,common,1.0,0.2734249968173814,0.2662788647028581,0.3906144122554045,0.0,0.6932958095587013,0.7472058080541742,,,EXPLOIT
1907,59,,,0,1,1,0,common,1.0,0.177726247931298,0.2054243308912515,0.32674796295817254,0.0,0.7021918005186207,0.7576479764502142,,,EXPLOIT
1908,59,,,0,1,1,0,common,0.0,0.8844779388446563,0.17207779194477013,0.49406695572411763,0.0,0.7105046777832481,0.7671693361429835,,,EXPLOIT
1909,59,,,0,1,1,0,common,1.0,0.4250893397509734,0.385248840593074,0.4733736709321743,0.0,0.7182895740917813,0.7758861198744603,,,EXPLOIT
1910,59,,,0,1,1,0,common,1.0,0.2763080708381327,0.2682935265406021,0.4142539909039618,0.0,0.7255948845890671,0.7838957879823027,,,EXPLOIT
1911,59,,,0,1,1,0,common,1.0,0.1796002460447863,0.20650369987838138,0.34385786744620916,0.0,0.7324632655487434,0.7912806711727365,,,EXPLOIT
1912,59,,,0,1,1,0,common,1.0,0.11674015992911113,0.17268542408651513,0.27572255519107974,0.0,0.7389324605608135,0.798110796730845,,,EXPLOIT
1913,59,,,0,1,1,0,common,1.0,0.07588110395392222,0.1532550261688513,0.21577011981993247,0.0,0.7450359879847679,0.804446104024569,,,EXPLOIT
1914,59,,,0,1,1,0,common,1.0,0.04932271757004947,0.14164560412151778,0.16583589914496755,0.0,0.7508037161075102,0.8103381979101137,,,EXPLOIT
1915,59,,,0,1,1,0,common,0.0,0.9679402335794678,0.13451233226183948,0.4064671994753176,0.0,0.7562623468395006,0.8158317487070565,,,EXPLOIT
1916,59,,,0,1,1,0,common,1.0,0.3708388481733459,0.3398930629612828,0.39577869408472605,0.0,0.7614358244793388,0.8209656191553204,,,EXPLOIT
1917,59,,,0,1,1,0,common,0.0,0.7589547486873252,0.24437657048587605,0.5047315104655057,0.0,0.7474636997688263,0.8069372901004535,,,EXPLOIT
1918,59,,,0,1,1,0,common,1.0,0.5066794133532386,0.457169049762541,0.5053158813318256,0.0,0.73191990744264,0.790701605856153,,,EXPLOIT
1919,59,,,0,1,1,0,common,1.0,0.3293416186796051,0.3071811340214895,0.4525236025361594,0.0,0.7384202714758046,0.7975744909026238,,,EXPLOIT
1920,59,,,0,1,1,0,common,1.0,0.2140720521417433,0.2271556602178067,0.38098813741783455,0.0,0.7445523846461987,0.803948014860525,,,EXPLOIT
1921,59,,,0,1,1,0,common,1.0,0.13914683389213311,0.1841817885248332,0.3084357463601241,0.0,0.7503463929908523,0.8098744040097623,,,EXPLOIT
1922,59,,,0,1,1,0,common,1.0,0.09044544202988658,0.1599585176160092,0.24303865506105285,0.0,0.7558292398197218,0.8153988473583074,,,EXPLOIT
1923,59,,,0,1,1,0,common,1.0,0.058789537319426266,0.14569423662207232,0.18776391973856488,0.0,0.7610250800432365,0.8205606433265262,,,EXPLOIT
1924,59,,,0,1,1,0,common,1.0,0.03821319925762712,0.13701846979882068,0.14289870359428355,0.0,0.7659556318016032,0.825394129292788,,,EXPLOIT
1925,59,,,0,1,1,0,common,1.0,0.024838579517457604,0.13162222589497113,0.10748066637123577,0.0,0.7706404761926997,0.8299294405035568,,,EXPLOIT
1926,59,,,0,1,1,0,common,1.0,0.01614507668634746,0.1282148333105535,0.08007998946576927,0.0,0.7750973138215486,0.8341931338070038,,,EXPLOIT
1927,59,,,0,1,1,0,common,1.0,0.01049429984612582,0.12604164956705208,0.059204282579876234,0.0,0.7793421852581521,0.838208703490727,,,EXPLOIT
1928,59,,,0,1,1,0,common,1.0,0.0068212948999817336,0.12464647171882295,0.04348938627590788,0.0,0.7833896611916217,0.8419970103883485,,,EXPLOIT
1929,59,,,0,1,1,0,common,1.0,0.004433841684988171,0.12374690068818246,0.031772722898631964,0.0,0.7872530070314949,0.8455766408043375,,,EXPLOIT
1930,59,,,0,1,1,0,common,1.0,0.0028819970952422835,0.12316524677823948,0.02310550515761506,0.0,0.7909443258745555,0.8489642082932383,,,EXPLOIT
1931,59,,,0,1,1,0,common,1.0,0.0018732981119075065,0.12278846361189094,0.016735843043902795,0.0,0.7944746830835075,0.8521746086336442,,,EXPLOIT
1932,59,,,0,1,1,0,common,1.0,0.001217643772739918,0.122544099259843,0.012080383262553932,0.0,0.7978542151788275,0.8552212362527906,,,EXPLOIT
1933,59,,,0,1,1,0,common,1.0,0.0007914684522809523,0.12238549226399631,0.008693708819472037,0.0,0.8010922253009022,0.858116168734271,,,EXPLOIT
1934,59,,,0,1,1,0,common,1.0,0.0005144544939825746,0.12228249473724803,0.006239932521825198,0.0,0.8041972671358815,0.8608703247685219,,,EXPLOIT
1935,59,,,0,1,1,0,common,1.0,0.0003343954210887068,0.12221558731300251,0.00446827139160425,0.0,0.8071772188996067,0.8634935999012142,,,EXPLOIT
1936,59,,,0,1,1,0,common,1.0,0.00021735702370762056,0.12217211478995366,0.003192997081235261,0.0,0.8100393487270294,0.8659949836371487,,,EXPLOIT
1937,59,,,0,1,1,0,common,1.0,0.00014128206540997557,0.12214386495862876,0.0022774825764876752,0.0,0.8127903726097971,0.8683826608203372,,,EXPLOIT
1938,59,,,0,0,0,0,common,0.0,0.09834710814897017,0.12212550565569782,0.031098370248232424,0.0,0.8154365058542908,0.8706640996995033,,,EXPLOIT
1939,59,,,0,1,1,0,common,1.0,9.183334251650077e-05,0.10992265753567491,0.021796409176517647,0.0,0.8179835088900721,0.8728461286753942,,,EXPLOIT
1940,59,,,0,1,1,0,common,1.0,5.969167263575326e-05,0.10991178936314279,0.015275393925353079,0.0,0.8204367281393834,0.8749350033913651,,,EXPLOIT
1941,59,,,0,1,1,0,common,1.0,3.879958721320076e-05,0.10990472556550936,0.010704415623911114,0.0,0.8228011325579881,0.8769364655556862,,,EXPLOIT
1942,59,,,0,1,1,0,common,0.0,0.9999747802683114,0.10990013431441906,0.3074855250172312,0.0,0.8250813463729528,0.8788557946604624,,,EXPLOIT
1943,59,,,0,1,1,0,common,0.0,0.6499836071744025,0.2967746662862214,0.41023494966438256,0.0,0.8272816784712743,0.8806978535781941,,,EXPLOIT
1944,59,,,0,1,1,0,common,1.0,0.5775106553366384,0.48973681546567466,0.4604176613660593,0.0,0.8294061488323811,0.8824671288651614,,,EXPLOIT
1945,59,,,0,1,1,0,common,1.0,0.3753819259688149,0.3161479397127482,0.434906940746886,0.0,0.8314585123456989,0.8841677664749052,,,EXPLOIT
1946,59,,,0,1,1,0,common,1.0,0.24399825187972968,0.22437643600641777,0.3776343340867391,0.0,0.8334422803101885,0.8858036034802814,,,EXPLOIT
1947,59,,,0,1,1,0,common,1.0,0.1585988637218243,0.1764339645936691,0.3119236929772646,0.0,0.8353607398748589,0.8873781963150106,,,EXPLOIT
1948,59,,,0,1,1,0,common,1.0,0.10308926141918584,0.1500242184920006,0.24927336350984095,0.0,0.8372169716466983,0.888894845972247,,,EXPLOIT
1949,59,,,0,1,1,0,common,1.0,0.06700801992247074,0.13472530146099998,0.1945937604336299,0.0,0.839013865664447,0.8903566205359367,,,EXPLOIT
1950,59,,,0,1,1,0,common,1.0,0.04355521294960596,0.1255232492572345,0.1492821961884227,0.0,0.8407541359124607,0.891766375368631,,,EXPLOIT
1951,59,,,0,1,1,0,common,1.0,0.02831088841724383,0.11984187899442547,0.11299080385706904,0.0,0.842440333527989,0.8931267712352889,,,EXPLOIT
1952,59,,,0,1,1,0,common,0.0,0.9815979225287915,0.11627189638734392,0.3735729394585858,0.0,0.8440748588370699,0.8944402906051439,,,EXPLOIT
1953,59,,,0,1,1,0,common,1.0,0.3619613503562855,0.30580455200033524,0.37008946272789567,0.0,0.8456599723384824,0.8957092523417901,,,EXPLOIT
1954,59,,,0,1,1,0,common,1.0,0.23527487773158562,0.2190570471696888,0.32964508722900265,0.0,0.8471978047414795,0.8969358249643944,,,EXPLOIT
1955,59,,,0,1,1,0,common,1.0,0.1529286705255306,0.17357003438427365,0.276630162217961,0.0,0.8486903661510546,0.8981220386395935,,,EXPLOIT
1956,59,,,0,0,0,0,common,0.0,0.0639256202968306,0.14839598501937157,0.21281879964162187,0.0,0.850139554484025,0.8992697960435937,,,EXPLOIT
1957,59,,,0,1,1,0,common,1.0,0.09940363584159484,0.13883311981118462,0.17879425050161374,0.0,0.851547163190044,0.9003808822167367,,,EXPLOIT
1958,59,,,0,1,1,0,common,1.0,0.06461236329703668,0.12502330520861782,0.14453968434024062,0.0,0.8529148883436072,0.9014569735179021,,,EXPLOIT
1959,59,,,0,1,1,0,common,1.0,0.04199803614307385,0.11670700607132395,0.11377718988109058,0.0,0.8542443351660327,0.9024996457732366,,,EXPLOIT
1960,59,,,0,1,1,0,common,1.0,0.027298723492998,0.11156778550695731,0.08783364996466281,0.0,0.8555370240301633,0.9035103817025356,,,EXPLOIT
1961,59,,,0,1,1,0,common,0.0,0.9822558297295513,0.10833636555547571,0.35616030389412934,0.0,0.8567943959950287,0.9044905776968906,,,EXPLOIT
1962,59,,,0,1,1,0,common,1.0,0.36153371067579165,0.28871506085921667,0.357772325928628,0.0,0.8580178179128428,0.9054415500127714,,,EXPLOIT
1963,59,,,0,1,1,0,common,0.0,0.7650030880607355,0.2056976172086607,0.4799415545682602,0.0,0.8592085871463981,0.9063645404403335,,,EXPLOIT
1964,59,,,0,1,1,0,common,1.0,0.5027479927605218,0.40332282632370414,0.4867834860259387,0.0,0.8603679359310995,0.9072607214972914,,,EXPLOIT
1965,59,,,0,1,1,0,common,0.0,0.6732138047056607,0.26389271785314206,0.5427125816298553,0.0,0.8550737672919766,0.9031485293628337,,,EXPLOIT
1966,59,,,0,1,1,0,common,1.0,0.5624110269413205,0.4562168923025144,0.5486221152232947,0.0,0.8494216611415359,0.8987017367094918,,,EXPLOIT
1967,59,,,0,1,1,0,common,1.0,0.36556716751185836,0.2916927708563988,0.49370563090986375,0.0,0.8508498017411966,0.8998309063694201,,,EXPLOIT
1968,59,,,0,1,1,0,common,1.0,0.23761865888270794,0.20721048516616883,0.41687953930171695,0.0,0.8522372241335796,0.9009242576810919,,,EXPLOIT
1969,59,,,0,1,1,0,common,1.0,0.1544521282737602,0.16336807646968604,0.3381513159933299,0.0,0.8535855780974896,0.9019834156667592,,,EXPLOIT
1970,59,,,0,1,1,0,common,1.0,0.10039388337794408,0.13924484267345902,0.2668240862087142,0.0,0.8548964256282635,0.9030099086218988,,,EXPLOIT
1971,59,,,0,1,1,0,common,0.0,0.9347439758043363,0.12526745924850796,0.4672000530874008,0.0,0.8561712467014148,0.9040051752079435,,,EXPLOIT
1972,59,,,0,1,1,0,common,1.0,0.39241641572718144,0.3120080288270392,0.444764961879335,0.0,0.8574114445880365,0.9049705709299138,,,EXPLOIT
1973,59,,,0,1,1,0,common,0.0,0.7449293297773321,0.21750354954855503,0.5348142722487341,0.0,0.8519188441928114,0.9006736847154754,,,EXPLOIT
1974,59,,,0,1,1,0,common,1.0,0.5157959356447341,0.41476404904818115,0.5291087712675341,0.0,0.8460478129404391,0.8960190600470753,,,EXPLOIT
1975,59,,,0,1,1,0,common,1.0,0.33526735816907727,0.2698124572581525,0.470956347337997,0.0,0.8475741723034458,0.8972353817998878,,,EXPLOIT
1976,59,,,0,1,1,0,common,0.0,0.7820762171900998,0.19605760873883515,0.5642923082936279,0.0,0.841394768591205,0.8922839308566162,,,EXPLOIT
1977,59,,,0,1,1,0,common,1.0,0.4916504588264351,0.3936721880447608,0.54249975345347,0.0,0.8347629818651259,0.8868884387822731,,,EXPLOIT
1978,59,,,0,1,1,0,common,1.0,0.31957279823718276,0.25892937711726655,0.47562166688858376,0.0,0.8366385045409375,0.8884230049342681,,,EXPLOIT
1979,59,,,0,1,1,0,common,1.0,0.2077223188541688,0.19047170342760567,0.3952518624782593,0.0,0.8384537983062745,0.8899017530911199,,,EXPLOIT
1980,59,,,0,1,1,0,common,1.0,0.13501950725520973,0.15431706406109272,0.3171821559113444,0.0,0.840211631145951,0.891327603596679,,,EXPLOIT
1981,59,,,0,1,1,0,common,1.0,0.08776267971588636,0.1340715548069429,0.24835631305270697,0.0,0.8419146041677867,0.8927032766936793,,,EXPLOIT
1982,59,,,0,1,1,0,common,1.0,0.05704574181532618,0.12218434480840785,0.19096314168149273,0.0,0.8435651639940802,0.8940313093756175,,,EXPLOIT
1983,59,,,0,1,1,0,common,1.0,0.037079732179961966,0.11496451272043003,0.1447981188310335,0.0,0.845165614065066,0.8953140705637775,,,EXPLOIT
1984,59,,,0,1,1,0,common,1.0,0.024101825916975295,0.11047712122196415,0.10858923095681604,0.0,0.846718124964204,0.8965537748004357,,,EXPLOIT
1985,59,,,0,1,1,0,common,1.0,0.015666186846033936,0.10764475002526205,0.08071231772358141,0.0,0.8482247438626508,0.8977524946247826,,,EXPLOIT
1986,59,,,0,0,0,0,common,0.0,0.041551653192939894,0.1058387247906136,0.06896411836438895,0.0,0.8496874031693478,0.8989121717770678,,,EXPLOIT
1987,59,,,0,1,1,0,common,1.0,0.010183021449922114,0.10117955379637243,0.0513297892900489,0.0,0.8511079284636007,0.9000346273583972,,,EXPLOIT
1988,59,,,0,1,1,0,common,0.0,0.9933810360575506,0.10006627198204959,0.3339451633202994,0.0,0.8524880457786393,0.9011215710580119,,,EXPLOIT
1989,59,,,0,1,1,0,common,1.0,0.3543023265625921,0.27298434472436334,0.34005231229298716,0.0,0.8538293882972722,0.9021746095464005,,,EXPLOIT
1990,59,,,0,1,1,0,common,1.0,0.23029651226568482,0.19485835843295657,0.3071255722847964,0.0,0.8551335025142686,0.90319525412092,,,EXPLOIT
1991,59,,,0,1,1,0,common,1.0,0.14969273297269514,0.1543762412545003,0.25989572049116605,0.0,0.8564018539143654,0.9041849276804532,,,EXPLOIT
1992,59,,,0,1,1,0,common,1.0,0.09730027643225181,0.1320681612194833,0.21111708727349177,0.0,0.8576358322097446,0.90514497109681,,,EXPLOIT
1993,59,,,0,1,1,0,common,1.0,0.06324517968096366,0.11911986122546511,0.16675551499573332,0.0,0.8588367561763465,0.9060766490428804,,,EXPLOIT
1994,59,,,0,1,1,0,common,1.0,0.041109366792626334,0.11131706105313098,0.12906167053480122,0.0,0.8600058781244169,0.9069811553308214,,,EXPLOIT
1995,59,,,0,1,1,0,common,1.0,0.02672108841520715,0.106492660594057,0.098359495898923,0.0,0.8611443880351554,0.9078596178076684,,,EXPLOIT
1996,59,,,0,1,1,0,common,1.0,0.017368707469884614,0.10345807582359841,0.07406225937021148,0.0,0.8622534173922066,0.9087131028505991,,,EXPLOIT
1997,59,,,0,1,1,0,common,1.0,0.01128965985542496,0.10152749079068372,0.05523047951577552,0.0,0.863334042733935,0.9095426194995261,,,EXPLOIT
1998,59,,,0,0,0,0,common,0.0,0.027008574575410935,0.10029006628524752,0.04676390803366614,0.0,0.8643872889499379,0.9103491232607086,,,EXPLOIT
1999,59,,,0,1,1,0,common,1.0,0.00733827890602623,0.09738476244166401,0.03493621929537417,0.0,0.8654141323430264,0.9111335196115319,,,EXPLOIT
2000,59,,,0,1,1,0,common,0.0,0.9952301187110829,0.09660863691697648,0.3230243891200868,0.0,0.8664155034759133,0.911896667233492,,,EXPLOIT
