trial,seed,config_version,git_commit,s1,a1,s2,a2,trans_type,reward,u_delta,u_s,u_v,u_c,V_G,V_p,eta_G,eta_p,mode
1,66,,,0,1,1,0,common,0.0,0.5,0.6931471803599453,0.15,0.0,0.5260663507109005,0.5433789954337899,,,EXPLOIT
2,66,,,0,1,1,0,common,0.0,0.325,0.6354546081677416,0.2025,0.0,0.5493262427328857,0.5794962364913165,,,EXPLOIT
3,66,,,0,1,1,0,common,1.0,0.78875,0.5505918514747258,0.37837499999999996,0.0,0.570208762497792,0.6100329171214658,,,EXPLOIT
4,66,,,0,0,0,0,common,1.0,0.5,0.6928253386665761,0.4148624999999999,0.0,0.5890597666503006,0.6361884525043351,,,EXPLORE
5,66,,,0,1,1,0,common,0.0,0.48731250000000004,0.6273643708018145,0.4365974999999999,0.0,0.6061611288293314,0.65884152052499,,,EXPLOIT
6,66,,,0,1,1,0,common,0.0,0.316753125,0.4900192909554465,0.4006441874999999,0.0,0.621744881595395,0.678650554588017,,,EXPLOIT
7,66,,,0,1,1,0,common,1.0,0.79411046875,0.391671378807426,0.5186840718749999,0.0,0.588016414779616,0.6338013631131773,,,EXPLOIT
8,66,,,0,0,0,0,common,1.0,0.32499999999999996,0.6250697020659953,0.46057885031249984,0.0,0.6052125151732275,0.656764412158471,,,EXPLORE
9,66,,,0,0,0,0,common,1.0,0.21124999999999994,0.5368380343413597,0.38578019521874984,0.0,0.6208787066785186,0.6768268322448214,,,EXPLOIT
10,66,,,0,0,0,0,common,0.0,0.8626875,0.47159721508052815,0.528852386653125,0.0,0.5869989746815899,0.6314550375830811,,,EXPLOIT
11,66,,,0,1,1,0,common,0.0,0.48382819531250004,0.6814527748084503,0.5153451292509375,0.0,0.5469144037121755,0.5719616754564841,,,EXPLORE
12,66,,,0,0,0,0,common,1.0,0.439253125,0.585133600640069,0.4925175279756562,0.0,0.5680378403632701,0.6036271303537757,,,EXPLORE
13,66,,,0,0,0,0,common,1.0,0.28551453125000004,0.45267388110379414,0.4304166289579593,0.0,0.5870954817464484,0.6306758073426123,,,EXPLOIT
14,66,,,0,0,0,0,common,1.0,0.18558444531250007,0.36539498218280436,0.3569669738643215,0.0,0.6043754093705581,0.6540476818845081,,,EXPLOIT
15,66,,,0,0,0,0,common,1.0,0.12062988945312503,0.31289704515919003,0.28606584854096256,0.0,0.6201145194689971,0.6744437750798011,,,EXPLOIT
16,66,,,0,0,0,0,common,1.0,0.07840942814453122,0.2812823381944453,0.22376892242203317,0.0,0.6345094075586715,0.6923975480946342,,,EXPLOIT
17,66,,,0,0,0,0,common,1.0,0.05096612829394531,0.26190082503109374,0.1719280841836068,0.0,0.6477245887837415,0.7083221425831313,,,EXPLOIT
18,66,,,0,0,0,0,common,1.0,0.033127983391064486,0.24981274858452476,0.1302880539458441,0.0,0.6598987850306499,0.7225424919136656,,,EXPLOIT
19,66,,,0,0,0,0,common,1.0,0.021533189204191894,0.2421734193500521,0.09766159452334845,0.0,0.6711497892322282,0.735317669574617,,,EXPLOIT
20,66,,,0,0,0,0,common,1.0,0.01399657298272472,0.23730028773234274,0.07256208806116132,0.0,0.6815782688625406,0.7468567706548085,,,EXPLOIT
21,66,,,0,0,0,0,common,1.0,0.009097772438771079,0.23417185108306962,0.05352279337444425,0.0,0.6912707690552156,0.7573304091629932,,,EXPLOIT
22,66,,,0,0,0,0,common,1.0,0.005913552085201168,0.23215489029781045,0.03924002098767133,0.0,0.7003021051827928,0.7668791810605979,,,EXPLOIT
23,66,,,0,0,0,0,common,1.0,0.003843808855380715,0.2308508462615047,0.02862115734798414,0.0,0.7087372849620438,0.7756199878963604,,,EXPLOIT
24,66,,,0,0,0,0,common,1.0,0.002498475755997487,0.23000616648031993,0.020784352870388142,0.0,0.7166330645926065,0.7836508264968706,,,EXPLOIT
25,66,,,0,0,0,0,common,1.0,0.001624009241398383,0.22945837034934247,0.015036249781691213,0.0,0.7240392177215161,0.7910544619537377,,,EXPLOIT
26,66,,,0,0,0,0,common,0.0,0.9989443939930911,0.22910282913175467,0.3102086930451112,0.0,0.7309995772172566,0.7979012762949212,,,EXPLOIT
27,66,,,0,0,0,0,common,1.0,0.3506861439044908,0.5107927224482924,0.3223519283029251,0.0,0.7375528958328639,0.8042515008896685,,,EXPLOIT
28,66,,,0,0,0,0,common,1.0,0.227945993537919,0.40169523269751495,0.29403014787342324,0.0,0.7437335614572369,0.8101569827138776,,,EXPLOIT
29,66,,,0,1,1,0,common,0.0,0.314488326953125,0.3346198803718551,0.30016760159733374,0.0,0.749572194832078,0.8156625942118354,,,EXPLOIT
30,66,,,0,0,0,0,common,1.0,0.1481648957996473,0.25313724894614664,0.25456678985802783,0.0,0.7550961516667314,0.8208073679269711,,,EXPLOIT
31,66,,,0,0,0,0,common,1.0,0.09630718226977075,0.21997939857318255,0.2070889075815507,0.0,0.7603299465273451,0.8256254166115302,,,EXPLOIT
32,66,,,0,0,0,0,common,0.0,0.937400331524649,0.20027066007901184,0.4261823347644802,0.0,0.7652956123586466,0.8301466846882856,,,EXPLOIT
33,66,,,0,0,0,0,common,0.0,0.6093102154910218,0.44829662723454894,0.48112069898244264,0.0,0.7700130067600487,0.8343975660588779,,,EXPLOIT
34,66,,,0,0,0,0,common,0.0,0.39605164006916416,0.6247628687856153,0.4555999813084591,0.0,0.7745000739945123,0.8384014151935452,,,EXPLOIT
35,66,,,0,0,0,0,common,1.0,0.7425664339550433,0.6875571985597781,0.5416899171024343,0.0,0.7619186694275883,0.8268785363212177,,,EXPLOIT
36,66,,,0,0,0,0,common,1.0,0.4826681820707781,0.5299455040765864,0.5239833965929375,0.0,0.7479992964593974,0.8137292135391652,,,EXPLOIT
37,66,,,0,0,0,0,common,1.0,0.31373431834600574,0.3807197402307944,0.46090867311885797,0.0,0.753607218697006,0.8189993840665915,,,EXPLOIT
38,66,,,0,0,0,0,common,0.0,0.7960726930750963,0.2926016926438444,0.5614578791057294,0.0,0.7387652642476367,0.8046720357831274,,,EXPLOIT
39,66,,,0,1,1,0,common,0.0,0.20441741251953127,0.5298455482888202,0.4543457391298699,0.0,0.7448781161380099,0.8105486044634828,,,EXPLOIT
40,66,,,0,1,1,0,common,0.0,0.13287131813769532,0.4664786327653372,0.3579034128322175,0.0,0.7506544172353493,0.8160281674260577,,,EXPLOIT
41,66,,,0,1,1,0,common,1.0,0.913633643210498,0.42498349152879666,0.5246224819457017,0.0,0.735477249657584,0.8012425744337062,,,EXPLOIT
42,66,,,0,1,1,0,common,1.0,0.5938618680868237,0.6689685158064258,0.5453942977880383,0.0,0.7185151641360876,0.7840613982160279,,,EXPLOIT
43,66,,,0,1,1,0,common,0.0,0.6139897857435646,0.6748480742434562,0.5659729441746961,0.0,0.6994346381219279,0.7638522231893079,,,EXPLOIT
44,66,,,0,1,1,0,common,0.0,0.39909336073331697,0.6658976601221729,0.5159090691422824,0.0,0.6778135361763294,0.7397385518811392,,,EXPLOIT
45,66,,,0,1,1,0,common,0.0,0.25941068447665605,0.5758293280635502,0.4389595537425945,0.0,0.6877687910700973,0.7508637090620395,,,EXPLOIT
46,66,,,0,0,0,0,common,1.0,0.48255274950118743,0.49839912725177227,0.4520375124701723,0.0,0.6970364629850493,0.7609787584186484,,,EXPLOIT
47,66,,,0,0,0,0,common,1.0,0.31365928717577185,0.35058956298176924,0.4105240448818522,0.0,0.7056849861340558,0.7702148486609615,,,EXPLOIT
48,66,,,0,0,0,0,common,1.0,0.2038785366642517,0.26678336902745814,0.348530392416572,0.0,0.7137740051783538,0.7786813668096352,,,EXPLOIT
49,66,,,0,0,0,0,common,1.0,0.13252104883176363,0.22023009112072256,0.2837275893411295,0.0,0.7213557424784948,0.786470272110368,,,EXPLOIT
50,66,,,0,0,0,0,common,1.0,0.08613868174064632,0.19345713167088552,0.22445091706098455,0.0,0.7284761178279099,0.7936594338855749,,,EXPLOIT
51,66,,,0,0,0,0,common,1.0,0.055990143131420145,0.17749558171967067,0.17391268488211523,0.0,0.7351756714148946,0.8003152305493716,,,EXPLOIT
52,66,,,0,0,0,0,common,1.0,0.03639359303542311,0.16771192027756357,0.1326569573281076,0.0,0.7414903292070306,0.8064945937966239,,,EXPLOIT
53,66,,,0,0,0,0,common,1.0,0.023655835473024966,0.16159647016973308,0.0999566207715828,0.0,0.7474520412767657,0.8122466314005753,,,EXPLOIT
54,66,,,0,0,0,0,common,1.0,0.01537629305746624,0.15772270289253054,0.07458252245734782,0.0,0.7530893170136727,0.8176139265966333,,,EXPLOIT
55,66,,,0,0,0,0,common,0.0,0.9900054095126469,0.15524702828548745,0.3492093885739375,0.0,0.7584276761466582,0.8226335868317444,,,EXPLOIT
56,66,,,0,0,0,0,common,1.0,0.35649648381677945,0.38669043208041937,0.35139551714679007,0.0,0.7634900306318928,0.827338096524152,,,EXPLOIT
57,66,,,0,0,0,0,common,1.0,0.23172271448090664,0.28669934093594374,0.315493676347025,0.0,0.76829700946182,0.8317560152736433,,,EXPLOIT
58,66,,,0,0,0,0,common,0.0,0.8493802355874107,0.23142009729659213,0.4756596441191407,0.0,0.7728672361065171,0.835912553242149,,,EXPLOIT
59,66,,,0,0,0,0,common,1.0,0.44790284686818294,0.46745981971135564,0.4673326049438533,0.0,0.7772175664552021,0.8398300481962603,,,EXPLOIT
60,66,,,0,0,0,0,common,1.0,0.2911368504643189,0.33229374691724617,0.41447387859999296,0.0,0.7813632936667577,0.8435283632766788,,,EXPLOIT
61,66,,,0,0,0,0,common,1.0,0.18923895280180725,0.2567021140873546,0.3469034008605372,0.0,0.7853183251766763,0.8470252204492472,,,EXPLOIT
62,66,,,0,0,0,0,common,1.0,0.12300531932117476,0.21451491854836813,0.2797339763987285,0.0,0.7890953361779143,0.8503364814526536,,,EXPLOIT
63,66,,,0,0,0,0,common,1.0,0.0799534575587636,0.19009122417247495,0.219799820746739,0.0,0.7927059031446071,0.8534763856408674,,,EXPLOIT
64,66,,,0,0,0,0,common,1.0,0.05196974741319638,0.17545086522386708,0.1694507987466762,0.0,0.7961606203619587,0.8564577522437457,,,EXPLOIT
65,66,,,0,0,0,0,common,0.0,0.9662196641814224,0.16644176015408257,0.40848145837710004,0.0,0.7994692019332041,0.8592921531050475,,,EXPLOIT
66,66,,,0,0,0,0,common,1.0,0.3719572182820754,0.4000742902456813,0.3975241863485926,0.0,0.8026405713323035,0.8619900608058693,,,EXPLOIT
67,66,,,0,0,0,0,common,1.0,0.24177219188334897,0.2941215179785089,0.3507985880090195,0.0,0.8056829402409885,0.8645609761706479,,,EXPLOIT
68,66,,,0,0,0,0,common,0.0,0.8428480752758232,0.23556199021440283,0.49841343418906053,0.0,0.8086038781368217,0.8670135384278749,,,EXPLOIT
69,66,,,0,1,1,0,common,0.0,0.16861694490982643,0.47126149741868156,0.3994744874052903,0.0,0.8114103738739018,0.8693556207173171,,,EXPLOIT
70,66,,,0,1,1,0,common,0.0,0.10960101419138718,0.41864449333508447,0.31251244544111934,0.0,0.8141088903109465,0.8715944131684884,,,EXPLOIT
71,66,,,0,0,0,0,common,0.0,0.547851248929285,0.38520843545971184,0.383114086487569,0.0,0.8167054128856321,0.8737364953972835,,,EXPLOIT
72,66,,,0,0,0,0,common,1.0,0.6438966881959647,0.5538548126263292,0.4613488670000877,0.0,0.8192054929036685,0.8757878999605483,,,EXPLOIT
73,66,,,0,0,0,0,common,1.0,0.41853284732737706,0.3567910031393445,0.44850406109827445,0.0,0.821614286201582,0.877754168057519,,,EXPLOIT
74,66,,,0,0,0,0,common,1.0,0.27204635076279504,0.24694021013616035,0.3955667479976306,0.0,0.8239365877499232,0.8796403985612619,,,EXPLOIT
75,66,,,0,0,0,0,common,1.0,0.17683012799581677,0.18982141242253536,0.3299457619970864,0.0,0.8261768626856449,0.881451291293702,,,EXPLOIT
76,66,,,0,0,0,0,common,0.0,0.8850604168027191,0.15873825266132305,0.49648015843877624,0.0,0.8283392741962797,0.8831911853175621,,,EXPLOIT
77,66,,,0,0,0,0,common,0.0,0.5752892709217674,0.36194048973179177,0.5201228921836736,0.0,0.820698232946384,0.8769289506345731,,,EXPLOIT
78,66,,,0,0,0,0,common,0.0,0.37393802609914883,0.5387458248809815,0.47626743235831615,0.0,0.8230532577861773,0.8788485851551082,,,EXPLOIT
79,66,,,0,0,0,0,common,0.0,0.24305971696444675,0.6374155347162497,0.4063051177401553,0.0,0.8253245756890312,0.8806909315838596,,,EXPLOIT
80,66,,,0,0,0,0,common,1.0,0.8420111839731096,0.6783202199478038,0.5370169376100415,0.0,0.8174401191992268,0.8741786481697529,,,EXPLOIT
81,66,,,0,0,0,0,common,1.0,0.5473072695825212,0.46927586653771225,0.5401040372017853,0.0,0.808900578330737,0.8669911880674883,,,EXPLOIT
82,66,,,0,0,0,0,common,1.0,0.3557497252286388,0.30664713695900603,0.48479774360984135,0.0,0.81169556687433,0.8693342664674287,,,EXPLOIT
83,66,,,0,0,0,0,common,1.0,0.2312373213986152,0.22104418613317584,0.4087296169464735,0.0,0.8143832192154368,0.8715739909000082,,,EXPLOIT
84,66,,,0,0,0,0,common,0.0,0.8496957410909001,0.1759364361824358,0.5410194541898015,0.0,0.8055824849429937,0.8641067803513957,,,EXPLOIT
85,66,,,0,0,0,0,common,1.0,0.4476977682909149,0.3813926014760046,0.5130229484201355,0.0,0.796007200023655,0.8558066312689933,,,EXPLOIT
86,66,,,0,0,0,0,common,1.0,0.2910035493890947,0.2596955257787965,0.44641712871082323,0.0,0.7993222092911362,0.8586728320812435,,,EXPLOIT
87,66,,,0,0,0,0,common,0.0,0.8108476928970885,0.1965663700830206,0.5557462979667027,0.0,0.7891754824162653,0.8497375492612524,,,EXPLOIT
88,66,,,0,0,0,0,common,1.0,0.4729489996168925,0.4032267979959895,0.5309071084617596,0.0,0.7780662189646738,0.839704346519271,,,EXPLOIT
89,66,,,0,0,0,0,common,1.0,0.30741684975098016,0.27110763264328386,0.46386003084852573,0.0,0.7821725691505904,0.843409602172202,,,EXPLOIT
90,66,,,0,0,0,0,common,1.0,0.19982095233813713,0.20255951233299438,0.3846483072954091,0.0,0.7860908638718503,0.8469128460832067,,,EXPLOIT
91,66,,,0,1,1,0,common,1.0,0.9287593407755983,0.16582593787397165,0.5478816173394658,0.0,0.7746800449007945,0.836518617404262,,,EXPLOIT
92,66,,,0,0,0,0,common,1.0,0.12988361901978918,0.3876170208204069,0.4224822178435628,0.0,0.7789445567985364,0.8404018152561786,,,EXPLOIT
93,66,,,0,0,0,0,common,1.0,0.08442435236286294,0.34931791364699355,0.3210648581993528,0.0,0.7830103371617045,0.8440686377296995,,,EXPLOIT
94,66,,,0,0,0,0,common,1.0,0.05487582903586097,0.32546942956115005,0.24120814945030525,0.0,0.7868907698597638,0.8475365091836272,,,EXPLOIT
95,66,,,0,0,0,0,common,1.0,0.03566928887330967,0.31047160479638325,0.17954649127720657,0.0,0.7905980636049662,0.8508210322048269,,,EXPLOIT
96,66,,,0,0,0,0,common,1.0,0.02318503776765124,0.30094888068257686,0.13263805522433997,0.0,0.7941433781667447,0.8539362196383978,,,EXPLOIT
97,66,,,0,0,0,0,common,1.0,0.01507027454897325,0.2948574764348584,0.09736772102172996,0.0,0.7975369346613194,0.8568946920356815,,,EXPLOIT
98,66,,,0,0,0,0,common,1.0,0.009795678456832602,0.29094032228005207,0.07109610825226075,0.0,0.8007881122123834,0.8597078463875708,,,EXPLOIT
99,66,,,0,0,0,0,common,1.0,0.006367190996941163,0.28841219965221093,0.05167743307566487,0.0,0.8039055329080953,0.8623860008997764,,,EXPLOIT
100,66,,,0,0,0,0,common,1.0,0.004138674148011723,0.28677658096139386,0.037415805397368926,0.0,0.8068971366749391,0.8649385196870025,,,EXPLOIT
101,66,,,0,0,0,0,common,1.0,0.00269013819620767,0.2857166772110641,0.026998105237020547,0.0,0.8097702474375402,0.8673739205621902,,,EXPLOIT
102,66,,,0,0,0,0,common,0.0,0.998251410172465,0.2850291153129099,0.3183740967176538,0.0,0.8125316317251198,0.8696999685355341,,,EXPLOIT
103,66,,,0,0,0,0,common,1.0,0.35113658338789766,0.5801866783504888,0.32820284271872696,0.0,0.8151875507118793,0.8719237571857861,,,EXPLOIT
104,66,,,0,0,0,0,common,1.0,0.22823877920213353,0.4746445680416536,0.29821362366374893,0.0,0.8177438065338312,0.8740517797002653,,,EXPLOIT
105,66,,,0,0,0,0,common,1.0,0.14835520648138678,0.4036389258887171,0.2532560985090403,0.0,0.8202057836032651,0.8760899910821969,,,EXPLOIT
106,66,,,0,0,0,0,common,1.0,0.09643088421290136,0.35925708113392685,0.2062085342201986,0.0,0.8225784855400182,0.8780438627805947,,,EXPLOIT
107,66,,,0,0,0,0,common,1.0,0.06268007473838588,0.3316796548169162,0.16314999637565478,0.0,0.8248665682526592,0.8799184307981083,,,EXPLOIT
108,66,,,0,0,0,0,common,1.0,0.040742048579950785,0.3143924433234672,0.12642761203694358,0.0,0.8270743696298514,0.8817183381675203,,,EXPLOIT
109,66,,,0,0,0,0,common,1.0,0.026482331576968,0.30344630065661626,0.0964440278989509,0.0,0.8292059362403401,0.8834478725512305,,,EXPLOIT
110,66,,,0,0,0,0,common,1.0,0.017213515525029255,0.2964586913391377,0.0726748741867744,0.0,0.8312650473873645,0.8851109996047489,,,EXPLOIT
111,66,,,0,0,0,0,common,1.0,0.011188785091268971,0.29197164806975984,0.05422904745812277,0.0,0.8332552368183499,0.8867113926507074,,,EXPLOIT
112,66,,,0,0,0,0,common,1.0,0.007272710309324859,0.2890785318703564,0.040142146313483396,0.0,0.8351798123522665,0.8882524591307697,,,EXPLOIT
113,66,,,0,0,0,0,common,1.0,0.004727261701061192,0.287207986381363,0.02951768092975673,0.0,0.8370418736540055,0.889737364236366,,,EXPLOIT
114,66,,,0,0,0,0,common,1.0,0.003072720105689819,0.2859963659165935,0.021584192682536654,0.0,0.8388443283567055,0.8911690520631533,,,EXPLOIT
115,66,,,0,0,0,0,common,1.0,0.001997268068698377,0.2852106061685332,0.01570811529838517,0.0,0.8405899067084358,0.8925502645867442,,,EXPLOIT
116,66,,,0,0,0,0,common,1.0,0.0012982242446539782,0.28470062135452,0.011385147982265812,0.0,0.8422811748984459,0.8938835587170728,,,EXPLOIT
117,66,,,0,0,0,0,common,1.0,0.0008438457590250747,0.28436945224904187,0.00822275731529359,0.0,0.8439205471998021,0.8951713216546041,,,EXPLOIT
118,66,,,0,0,0,0,common,0.0,0.9994515002566337,0.2841543280544918,0.3055913801976956,0.0,0.8455102970492708,0.8964157847424364,,,EXPLOIT
119,66,,,0,0,0,0,common,0.0,0.6496434751668119,0.5795693605780304,0.40880700868843045,0.0,0.8470525671714046,0.8976190359834146,,,EXPLOIT
120,66,,,0,0,0,0,common,1.0,0.5777317411415723,0.6918009621071337,0.459484428424373,0.0,0.8485493788416615,0.8987830313699817,,,EXPLOIT
121,66,,,0,1,1,0,common,0.0,0.39630642849586106,0.5989455161290543,0.4405310284458194,0.0,0.8500026403727842,0.8999096051561097,,,EXPLOIT
122,66,,,0,0,0,0,common,1.0,0.3755256317420219,0.4823176028185804,0.4210294094346801,0.0,0.8514141548993772,0.9010004791847851,,,EXPLOIT
123,66,,,0,1,1,0,common,1.0,0.7424008214776903,0.3667553251190152,0.517440833047583,0.0,0.8455077122665045,0.8963735767671084,,,EXPLOIT
124,66,,,0,0,0,0,common,1.0,0.24409166063231424,0.5911556905019316,0.4354360813230024,0.0,0.8470500590739519,0.8975782155907033,,,EXPLOIT
125,66,,,0,0,0,0,common,1.0,0.15865957941100428,0.5203843864969939,0.35240313074940294,0.0,0.8485469441879689,0.8987435332052961,,,EXPLOIT
126,66,,,0,0,0,0,common,1.0,0.10312872661715278,0.4710846789345283,0.2776208095097279,0.0,0.8500002761011877,0.899871367901678,,,EXPLOIT
127,66,,,0,0,0,0,common,1.0,0.06703367230114932,0.4388054304852249,0.2144446683471543,0.0,0.8514118581157906,0.9009634452526666,,,EXPLOIT
128,66,,,0,0,0,0,common,1.0,0.0435718869957471,0.4179929363293815,0.16318283394173214,0.0,0.8527833954940761,0.9020213866235246,,,EXPLOIT
129,66,,,0,0,0,0,common,0.0,0.9716782734527644,0.4045995747996719,0.4057314657950418,0.0,0.8541165020335405,0.903046716922775,,,EXPLOIT
130,66,,,0,0,0,0,common,0.0,0.6315908777442969,0.667749878782844,0.4734892893798183,0.0,0.8554127061197958,0.9040408716713537,,,EXPLOIT
131,66,,,0,0,0,0,common,1.0,0.589465929466207,0.6708017067481594,0.508282281405735,0.0,0.8497838694913012,0.8996678240607028,,,EXPLOIT
132,66,,,0,0,0,0,common,1.0,0.38315285415303457,0.6737672648061961,0.4707434532299248,0.0,0.8512016347438635,0.9007663168145463,,,EXPLOIT
133,66,,,0,0,0,0,common,0.0,0.7509506448005275,0.5949302963786682,0.5548056107011056,0.0,0.8452802484694474,0.8961195588268243,,,EXPLOIT
134,66,,,0,0,0,0,common,1.0,0.5118820808796571,0.6914306263215719,0.541928551754671,0.0,0.8389348027085541,0.891069753646377,,,EXPLOIT
135,66,,,0,0,0,0,common,1.0,0.3327233525717771,0.6501835272998497,0.47916699199980284,0.0,0.8406775474756535,0.8924544405517314,,,EXPLOIT
136,66,,,0,0,0,0,common,1.0,0.21627017917165514,0.5691770703002801,0.4002979481513585,0.0,0.8423661089214546,0.8937910344461639,,,EXPLOIT
137,66,,,0,0,0,0,common,1.0,0.1405756164615759,0.5044689008241529,0.3223812486444237,0.0,0.8440028938688808,0.8950819340299271,,,EXPLOIT
138,66,,,0,0,0,0,common,1.0,0.0913741507000243,0.4605593233692551,0.2530791192611038,0.0,0.8455901688437325,0.8963293812144605,,,EXPLOIT
139,66,,,0,1,1,0,common,0.0,0.5174394660395013,0.43200520845491097,0.332387223294623,0.0,0.8471300701526174,0.8975354737285925,,,EXPLOIT
140,66,,,0,0,0,0,common,1.0,0.05939319795501574,0.28333509753806096,0.2504890156927408,0.0,0.8486246131044564,0.8987021765276965,,,EXPLOIT
141,66,,,0,0,0,0,common,1.0,0.0386055786707602,0.26849398748140313,0.1869239845861466,0.0,0.8500757004592917,0.8998313321363487,,,EXPLOIT
142,66,,,0,0,0,0,common,0.0,0.9749063738640059,0.259137785408764,0.42331870136950434,0.0,0.8514851301788907,0.900924670039011,,,EXPLOIT
143,66,,,0,0,0,0,common,1.0,0.36631085698839616,0.5433089794338104,0.4062163480551718,0.0,0.8528546025455502,0.9019838152194224,,,EXPLOIT
144,66,,,0,0,0,0,common,0.0,0.7618979429575425,0.42987765732485683,0.512920826525883,0.0,0.8470489436253519,0.8974398181955727,,,EXPLOIT
145,66,,,0,0,0,0,common,1.0,0.5047663370775973,0.645090243661604,0.5104744796913973,0.0,0.8408317190400623,0.8925062795623755,,,EXPLOIT
146,66,,,0,0,0,0,common,1.0,0.3280981191004383,0.5101397513048802,0.4557615715141095,0.0,0.84251552361613,0.8938410878895472,,,EXPLOIT
147,66,,,0,0,0,0,common,1.0,0.2132637774152849,0.40795849265855366,0.3830122332844621,0.0,0.844147761295814,0.8951302901957974,,,EXPLOIT
148,66,,,0,0,0,0,common,0.0,0.8613785446800648,0.34458783005685545,0.5265221267031429,0.0,0.8377195189959017,0.8899924539338557,,,EXPLOIT
149,66,,,0,0,0,0,common,1.0,0.4401039459579579,0.6023622187322301,0.5005966724795874,0.0,0.8308109742055134,0.8843848119599643,,,EXPLOIT
150,66,,,0,0,0,0,common,1.0,0.2860675648726726,0.47272740891501985,0.43623794019751294,0.0,0.8328162716981059,0.8860124616198122,,,EXPLOIT
151,66,,,0,0,0,0,common,0.0,0.8140560828327628,0.38425556612460354,0.5495833829880878,0.0,0.8255295284387975,0.8800262971194062,,,EXPLOIT
152,66,,,0,0,0,0,common,1.0,0.4708635461587042,0.6239864405178066,0.5259674319392728,0.0,0.8176617439919357,0.8734466897837917,,,EXPLOIT
153,66,,,0,0,0,0,common,1.0,0.30606130500315776,0.4905931846747962,0.45999559385843825,0.0,0.8201267225796784,0.8755102560727315,,,EXPLOIT
154,66,,,0,0,0,0,common,1.0,0.19893984825205258,0.3954691528009384,0.3816788701765225,0.0,0.8225022681009639,0.8774879492683682,,,EXPLOIT
155,66,,,0,1,1,0,common,0.0,0.33633565292567585,0.3370305927844578,0.3680759050012685,0.0,0.8247930473465898,0.8793849265336021,,,EXPLOIT
156,66,,,0,0,0,0,common,1.0,0.12931090136383416,0.25002120047251364,0.29644640391003824,0.0,0.8270034081659562,0.8812059403261989,,,EXPLOIT
157,66,,,0,0,0,0,common,1.0,0.08405208588649216,0.22116119213090824,0.2327281085029744,0.0,0.8291374062591299,0.8829553773362959,,,EXPLOIT
158,66,,,0,0,0,0,common,1.0,0.054633855826219935,0.20380770127624875,0.17929983269994806,0.0,0.8311988293127726,0.8846372930132611,,,EXPLOIT
159,66,,,0,0,0,0,common,1.0,0.035512006287042985,0.19311461270692132,0.13616348477607654,0.0,0.8331912187821569,0.8862554422539848,,,EXPLOIT
160,66,,,0,0,0,0,common,1.0,0.023082804086577924,0.18640850088316627,0.10223928056922695,0.0,0.835117889582816,0.8878133067414326,,,EXPLOIT
161,66,,,0,0,0,0,common,1.0,0.015003822656275645,0.18215160439969735,0.07606864319534155,0.0,0.8369819479221875,0.8893141193524126,,,EXPLOIT
162,66,,,0,0,0,0,common,1.0,0.009752484726579191,0.1794273888904163,0.056173795654712845,0.0,0.8387863074730401,0.890760885994676,,,EXPLOIT
163,66,,,0,0,0,0,common,1.0,0.006339115072276469,0.17767461324438144,0.041223391479981934,0.0,0.8405337040658468,0.8921564051837771,,,EXPLOIT
164,66,,,0,0,0,0,common,0.0,0.9958795752030203,0.17654286930677637,0.3276202465968934,0.0,0.842226709055951,0.8935032856279956,,,EXPLOIT
165,66,,,0,0,0,0,common,1.0,0.3526782761180368,0.4270903636990945,0.3351376554532364,0.0,0.8438677415029098,0.89480396205384,,,EXPLOIT
166,66,,,0,0,0,0,common,1.0,0.2292408794767239,0.322845039874869,0.30336862266028264,0.0,0.8454590792833654,0.8960607094741351,,,EXPLOIT
167,66,,,0,0,0,0,common,0.0,0.8509934283401295,0.26339911671638877,0.4676560643642367,0.0,0.8470028692448218,0.8972756560746223,,,EXPLOIT
168,66,,,0,0,0,0,common,1.0,0.4468542715789159,0.5110553176195785,0.46141552652864043,0.0,0.8485011364955282,0.8984507948726476,,,EXPLOIT
169,66,,,0,0,0,0,common,1.0,0.2904552765262953,0.3729906003652174,0.41012745152793684,0.0,0.8499557929150228,0.8995879942823043,,,EXPLOIT
170,66,,,0,0,0,0,common,1.0,0.18879592974209203,0.29191153796230873,0.34372799499218337,0.0,0.85136864496056,0.9006890077038597,,,EXPLOIT
171,66,,,0,0,0,0,common,1.0,0.12271735433235986,0.2456532256540811,0.2774248027942363,0.0,0.8527414008364599,0.9017554822409931,,,EXPLOIT
172,66,,,0,0,0,0,common,1.0,0.07976628031603394,0.21856441561904358,0.21812724605077558,0.0,0.8540756770862244,0.9027889666370195,,,EXPLOIT
173,66,,,0,0,0,0,common,1.0,0.05184808220542203,0.20222130056634724,0.1682434968971695,0.0,0.8553730046609217,0.9037909185105287,,,EXPLOIT
174,66,,,0,0,0,0,common,1.0,0.03370125343352437,0.19212571654111002,0.12788082385807595,0.0,0.8566348345117505,0.9047627109615507,,,EXPLOIT
175,66,,,0,0,0,0,common,0.0,0.9780941852682091,0.1857833500634074,0.38294483228111587,0.0,0.8578625427497468,0.9057056386112217,,,EXPLOIT
176,66,,,0,0,0,0,common,1.0,0.3642387795756641,0.43736547399956155,0.3773330164694803,0.0,0.8590574354112263,0.9066209231308249,,,EXPLOIT
177,66,,,0,0,0,0,common,1.0,0.2367552067241816,0.3287963706822923,0.3351596735458907,0.0,0.8602207528636616,0.9075097183098784,,,EXPLOIT
178,66,,,0,0,0,0,common,1.0,0.15389088437071807,0.266792844472394,0.2807790367933389,0.0,0.8613536738832606,0.9083731147074827,,,EXPLOIT
179,66,,,0,0,0,0,common,1.0,0.10002907484096679,0.2310490289436122,0.22655404820762723,0.0,0.8624573194324274,0.9092121439263728,,,EXPLOIT
180,66,,,0,0,0,0,common,1.0,0.06501889864662846,0.2098080708764293,0.17809350333932758,0.0,0.8635327561625719,0.9100277825448991,,,EXPLOIT
181,66,,,0,0,0,0,common,1.0,0.042262284120308524,0.19683710787572298,0.13734413757362185,0.0,0.8645809996652817,0.9108209557384586,,,EXPLOIT
182,66,,,0,0,0,0,common,1.0,0.02747048467820057,0.18875402901712368,0.10438204170499546,0.0,0.865603017492697,0.9115925406186214,,,EXPLOIT
183,66,,,0,0,0,0,common,1.0,0.017855815040830336,0.1836452153200258,0.07842417370574592,0.0,0.8665997319659837,0.9123433693152952,,,EXPLOIT
184,66,,,0,0,0,0,common,1.0,0.011606279776539719,0.18038524191867328,0.05837880552698405,0.0,0.8675720227890429,0.9130742318247069,,,EXPLOIT
185,66,,,0,0,0,0,common,1.0,0.0075440818547508615,0.17829175532049535,0.04312838842531409,0.0,0.8685207294830386,0.9137858786436992,,,EXPLOIT
186,66,,,0,0,0,0,common,1.0,0.004903653205588054,0.17694171158741032,0.03166096785939628,0.0,0.8694466536559107,0.9144790232088202,,,EXPLOIT
187,66,,,0,0,0,0,common,1.0,0.003187374583632274,0.17606869948809767,0.02311888987666708,0.0,0.8703505611197766,0.9151543441568694,,,EXPLOIT
188,66,,,0,0,0,0,common,1.0,0.0020717934793609283,0.17550314588036645,0.016804760957475233,0.0,0.8712331838679845,0.9158124874219709,,,EXPLOIT
189,66,,,0,0,0,0,common,1.0,0.0013466657615845978,0.17513633950471996,0.012167332398708042,0.0,0.8720952219225537,0.9164540681827966,,,EXPLOIT
190,66,,,0,0,0,0,common,1.0,0.0008753327450300441,0.1748982545281655,0.008779732502604642,0.0,0.8729373450618058,0.9170796726722876,,,EXPLOIT
191,66,,,0,0,0,0,common,1.0,0.0005689662842695009,0.17474364250950425,0.006316502637104099,0.0,0.873760194437158,0.9176898598610673,,,EXPLOIT
192,66,,,0,0,0,0,common,1.0,0.00036982808477514784,0.17464320518353937,0.004532500271405414,0.0,0.8745643840872828,0.9182851630247163,,,EXPLOIT
193,66,,,0,0,0,0,common,0.0,0.9997596117448961,0.1745779464708399,0.30310063371345264,0.0,0.8753505023571595,0.9188660912041462,,,EXPLOIT
194,66,,,0,0,0,0,common,1.0,0.3501562523658175,0.4248553470811519,0.3172173193091621,0.0,0.8761191132289122,0.919433130567487,,,EXPLOIT
195,66,,,0,0,0,0,common,1.0,0.22760156403778142,0.3215549144522858,0.29033259272774786,0.0,0.876870757570766,0.9199867456811497,,,EXPLOIT
196,66,,,0,1,1,0,common,0.0,0.21861817440168932,0.26266275047927123,0.2688182672299303,0.0,0.8776059543099421,0.9205273806970513,,,EXPLOIT
197,66,,,0,0,0,0,common,0.0,0.8520589833754421,0.21357748675830066,0.4437904820735838,0.0,0.878325201534838,0.9210554604623862,,,EXPLOIT
198,66,,,0,0,0,0,common,1.0,0.44616166080596265,0.4421853036418766,0.44450183569329743,0.0,0.8790289775314208,0.921571391557774,,,EXPLOIT
199,66,,,0,0,0,0,common,0.0,0.7099949204761242,0.3105726222658881,0.5241497611281455,0.0,0.8749027065733173,0.9185199631211033,,,EXPLOIT
200,66,,,0,0,0,0,common,1.0,0.5385033016905192,0.5243170698616975,0.5284558232968576,0.0,0.8705307252124524,0.9152557843280038,,,EXPLOIT
201,66,,,0,0,0,0,common,1.0,0.35002714609883756,0.35875023142365503,0.4749272201374516,0.0,0.8714091301800386,0.9159113633292304,,,EXPLOIT
202,66,,,0,0,0,0,common,1.0,0.22751764496424443,0.2647814484891387,0.40070434758548945,0.0,0.8722670882718458,0.9165504710350916,,,EXPLOIT
203,66,,,0,1,1,0,common,0.0,0.14210181336109806,0.21354516835920076,0.32312358731817203,0.0,0.8731052633507278,0.9171736894161192,,,EXPLOIT
204,66,,,0,0,0,0,common,1.0,0.14788646922675885,0.18563947040296122,0.27055245189074806,0.0,0.8739242909668286,0.9177815734267522,,,EXPLOIT
205,66,,,0,0,0,0,common,1.0,0.09612620499739322,0.1598179027378983,0.2182245778227416,0.0,0.8747247798519269,0.9183746525557356,,,EXPLOIT
206,66,,,0,0,0,0,common,0.0,0.9375179667516944,0.14470655038603464,0.43401259450142743,0.0,0.8755073133201123,0.9189534322709553,,,EXPLOIT
207,66,,,0,0,0,0,common,0.0,0.6093866783886014,0.35116900052843275,0.48662481966757964,0.0,0.8762724505815725,0.9195183953669998,,,EXPLOIT
208,66,,,0,0,0,0,common,1.0,0.6038986590474091,0.5378563515736215,0.5218069714815284,0.0,0.8719828209397384,0.9163246267259842,,,EXPLOIT
209,66,,,0,0,0,0,common,1.0,0.3925341283808159,0.3527540152456857,0.48302511855131464,0.0,0.8728275301509939,0.9169534410187662,,,EXPLOIT
210,66,,,0,1,1,0,common,0.0,0.09236617868471375,0.24974416302190106,0.3658274365913343,0.0,0.8736528827233361,0.9175667262248574,,,EXPLOIT
211,66,,,0,0,0,0,common,1.0,0.2551471834475303,0.22887865166491236,0.3326233606481931,0.0,0.8744594961837968,0.9181650207347375,,,EXPLOIT
212,66,,,0,1,1,0,common,1.0,0.939961983854936,0.1781489248191463,0.5148249476102159,0.0,0.8700607006191262,0.9148756239313602,,,EXPLOIT
213,66,,,0,1,1,0,common,0.0,0.3890247104942915,0.41258471807952957,0.4770848764754385,0.0,0.8709501264039993,0.9155408343683549,,,EXPLOIT
214,66,,,0,1,1,0,common,0.0,0.25286606182128946,0.3003601710308151,0.4098192320791938,0.0,0.8718187445750455,0.9161892300857718,,,EXPLOIT
215,66,,,0,0,0,0,common,1.0,0.16584566924089472,0.238408398363519,0.3366271632277041,0.0,0.8726672345060132,0.9168214091426269,,,EXPLOIT
216,66,,,0,0,0,0,common,1.0,0.10779968500658155,0.20318615792850292,0.26797891976136734,0.0,0.8734962464326628,0.9174379416502111,,,EXPLOIT
217,66,,,0,0,0,0,common,0.0,0.929930204745722,0.18257518311005727,0.4665643052566737,0.0,0.8743064029992519,0.9180393713864906,,,EXPLOIT
218,66,,,0,0,0,0,common,1.0,0.39554536691528064,0.4170201234633296,0.4452586237542558,0.0,0.8750983007075519,0.9186262172998692,,,EXPLOIT
219,66,,,0,0,0,0,common,0.0,0.7428955115050676,0.302443968519458,0.5345496900794993,0.0,0.8707381267259369,0.9153695685675228,,,EXPLOIT
220,66,,,0,0,0,0,common,1.0,0.517117917521706,0.5250796169595496,0.5293201583121613,0.0,0.8661109539746621,0.9118781224099418,,,EXPLOIT
221,66,,,0,0,0,0,common,1.0,0.33612664638910894,0.36574518771575565,0.47136210473524554,0.0,0.8670951906389307,0.91262132992752,,,EXPLOIT
222,66,,,0,0,0,0,common,1.0,0.2184823201529208,0.27407359426998223,0.39549816936054805,0.0,0.868055433741571,0.9133448588238506,,,EXPLOIT
223,66,,,0,0,0,0,common,0.0,0.8579864919006015,0.22342572987612414,0.534244666122564,0.0,0.8632600360061541,0.9097032543319042,,,EXPLOIT
224,66,,,0,0,0,0,common,0.0,0.5576912197353909,0.45864173148768095,0.541278632206412,0.0,0.8581564198568306,0.9057834834760612,,,EXPLOIT
225,66,,,0,0,0,0,common,1.0,0.6375007071719959,0.6203926164803923,0.5701452546960872,0.0,0.8527141670560551,0.9015526309239484,,,EXPLOIT
226,66,,,0,0,0,0,common,1.0,0.41437545966179734,0.43369960263249185,0.5234143161858003,0.0,0.8468987208748651,0.8969723751630037,,,EXPLOIT
227,66,,,0,0,0,0,common,0.0,0.7306559512198317,0.3118064352849319,0.5855868066960097,0.0,0.8406706574827986,0.8919978310427109,,,EXPLOIT
228,66,,,0,0,0,0,common,0.0,0.47492636829289064,0.5319787953312635,0.552388675175074,0.0,0.8339847977875644,0.8865760816410827,,,EXPLOIT
229,66,,,0,0,0,0,common,1.0,0.6912978606096211,0.6531536573937103,0.594061430805438,0.0,0.8267891174193227,0.8806442976120401,,,EXPLOIT
230,66,,,0,1,1,0,common,0.0,0.16436294018383815,0.4649406223525351,0.46515188361895804,0.0,0.828930465728407,0.8824156699747832,,,EXPLOIT
231,66,,,0,0,0,0,common,1.0,0.44934360939625373,0.4137360423600912,0.4604094013521467,0.0,0.8309988771390928,0.884118286307861,,,EXPLOIT
232,66,,,0,0,0,0,common,1.0,0.29207334610756497,0.28565287420410584,0.4099085847787721,0.0,0.8329979164567204,0.8857559924213023,,,EXPLOIT
233,66,,,0,0,0,0,common,1.0,0.18984767496991728,0.2175403653108018,0.3438903118361156,0.0,0.8349309200931441,0.8873323526943052,,,EXPLOIT
234,66,,,0,0,0,0,common,1.0,0.12340098873044625,0.18039168669544528,0.2777435149044148,0.0,0.8368010140722143,0.8888506753583569,,,EXPLOIT
235,66,,,0,0,0,0,common,1.0,0.08021064267479006,0.15914205262661196,0.21848365323552735,0.0,0.8386111303583195,0.890314035102793,,,EXPLOIT
236,66,,,0,0,0,0,common,1.0,0.05213691773861351,0.14649090750753854,0.16857963258645317,0.0,0.8403640216874152,0.8917252933278835,,,EXPLOIT
237,66,,,0,0,0,0,common,1.0,0.0338889965300988,0.1387374834402994,0.12817244176954684,0.0,0.8420622750583567,0.8930871163261883,,,EXPLOIT
238,66,,,0,0,0,0,common,1.0,0.022027847744564233,0.1338901403070211,0.09632906356205205,0.0,0.8437083240236263,0.8944019916352827,,,EXPLOIT
239,66,,,0,0,0,0,common,1.0,0.014318101033966801,0.1308189147806709,0.07172577480362648,0.0,0.8453044599022815,0.895672242772883,,,EXPLOIT
240,66,,,0,0,0,0,common,1.0,0.009306765672078443,0.12885574317736004,0.05300007206416206,0.0,0.8468528420238023,0.8969000425380292,,,EXPLOIT
241,66,,,0,0,0,0,common,0.0,0.993950602313149,0.12759354293708097,0.3352852311388581,0.0,0.8483555070991595,0.8980874250385218,,,EXPLOIT
242,66,,,0,0,0,0,common,1.0,0.35393210849645307,0.33310642430478,0.3408792943461366,0.0,0.8498143778046514,0.8992362965846876,,,EXPLOIT
243,66,,,0,1,1,0,common,1.0,0.8931640888805052,0.2427408213880052,0.5065647327064472,0.0,0.8437949752802133,0.8944587285909806,,,EXPLOIT
244,66,,,0,1,1,0,common,0.0,0.4194433422276716,0.49691489969573943,0.4804283155628145,0.0,0.8453885023691257,0.8957270697907324,,,EXPLOIT
245,66,,,0,0,0,0,common,1.0,0.2300558705226945,0.3675998849750041,0.4053165820507785,0.0,0.8469343877079986,0.8969530518283616,,,EXPLOIT
246,66,,,0,0,0,0,common,1.0,0.14953631583975147,0.3029800729422969,0.32858250218747037,0.0,0.8484346616952332,0.8981387029751089,,,EXPLOIT
247,66,,,0,0,0,0,common,1.0,0.09719860529583846,0.2649323540639758,0.25916733311998075,0.0,0.8498912411331855,0.899285924159398,,,EXPLOIT
248,66,,,0,0,0,0,common,1.0,0.063179093442295,0.24204039151332502,0.200370861216675,0.0,0.8513059370647824,0.9003964988078186,,,EXPLOIT
249,66,,,0,0,0,0,common,1.0,0.04106641073749173,0.2279551411423201,0.15257952607292002,0.0,0.852680461970205,0.90147210178738,,,EXPLOIT
250,66,,,0,0,0,0,common,1.0,0.02669316697936963,0.21913611309587233,0.1148136183448549,0.0,0.8540164363837878,0.90251430754336,,,EXPLOIT
251,66,,,0,0,0,0,common,1.0,0.017350558536590288,0.21354543401112946,0.08557470040237551,0.0,0.8553153949849028,0.90352459751592,,,EXPLOIT
252,66,,,0,0,0,0,common,1.0,0.011277863048783643,0.20997113770181491,0.06328564919629795,0.0,0.8565787922109791,0.9045043669089747,,,EXPLOIT
253,66,,,0,0,0,0,common,1.0,0.007330610981709396,0.20767296869346488,0.04649913773192138,0.0,0.85780800743583,0.9054549308763734,,,EXPLOIT
254,66,,,0,0,0,0,common,0.0,0.9952351028618889,0.20618974977408455,0.3311199272709116,0.0,0.8590043497520632,0.9063775301830809,,,EXPLOIT
255,66,,,0,0,0,0,common,0.0,0.6469028168602278,0.47570958634640886,0.42585479414770644,0.0,0.8601690623924458,0.9072733363926164,,,EXPLOIT
256,66,,,0,0,0,0,common,1.0,0.5795131690408519,0.6512684198943179,0.4719523066156501,0.0,0.8613033268216276,0.9081434566263642,,,EXPLOIT
257,66,,,0,0,0,0,common,1.0,0.3766835598765538,0.4967571437823961,0.4433716825939211,0.0,0.8624082665265428,0.9089889379354218,,,EXPLOIT
258,66,,,0,0,0,0,common,0.0,0.75515568608024,0.3801477140016437,0.5369068836398168,0.0,0.857248894790451,0.9050133801321073,,,EXPLOIT
259,66,,,0,1,1,0,common,0.0,0.27263817244798655,0.606272640422584,0.45762627028226766,0.0,0.8584601424574277,0.9059489240702856,,,EXPLOIT
260,66,,,0,1,1,0,common,0.0,0.17721481209119128,0.5293201418077056,0.37350283282494473,0.0,0.859639198661425,0.9068571346243183,,,EXPLOIT
261,66,,,0,1,1,0,common,1.0,0.8848103721407257,0.474459516112657,0.526895094619679,0.0,0.8542964608214143,0.9027126951577042,,,EXPLOIT
262,66,,,0,1,1,0,common,0.0,0.4248732581085283,0.6845162190321397,0.4962885436663337,0.0,0.8555877174825147,0.9037169594309999,,,EXPLOIT
263,66,,,0,0,0,0,common,1.0,0.509148804047844,0.6088203594140715,0.5001466217807867,0.0,0.8499708771186153,0.8993172159887429,,,EXPLOIT
264,66,,,0,0,0,0,common,1.0,0.3309467226310986,0.4590379742832854,0.44938665203588024,0.0,0.8513832984424663,0.900426798473425,,,EXPLOIT
265,66,,,0,0,0,0,common,1.0,0.21511536971021405,0.35804597520715753,0.3791052673381804,0.0,0.852755641076235,0.9015014542802632,,,EXPLOIT
266,66,,,0,0,0,0,common,0.0,0.8601750096883609,0.2983128320979108,0.5234261900432345,0.0,0.8469430861786722,0.8969168852195096,,,EXPLOIT
267,66,,,0,0,0,0,common,1.0,0.44088624370256535,0.5554567955721889,0.49866420614103374,0.0,0.8484431052068406,0.8981037174933639,,,EXPLOIT
268,66,,,0,0,0,0,common,0.0,0.7134239415933326,0.41952190347667856,0.5630921267767234,0.0,0.8423260152508838,0.8932281184454938,,,EXPLOIT
269,66,,,0,0,0,0,common,1.0,0.5362744379643338,0.6274490999582212,0.5550468201330065,0.0,0.8357634414667205,0.8879188149393635,,,EXPLOIT
270,66,,,0,0,0,0,common,1.0,0.348578384676817,0.47482426287920354,0.49310628949614965,0.0,0.8376067273302141,0.889415798676131,,,EXPLOIT
271,66,,,0,0,0,0,common,1.0,0.22657595003993103,0.36764160067186435,0.41314718765928404,0.0,0.8393912710653024,0.8908589362851173,,,EXPLOIT
272,66,,,0,1,1,0,common,1.0,0.7238323822294566,0.303942579216756,0.5063527460303358,0.0,0.8326093277528546,0.8853320112021327,,,EXPLOIT
273,66,,,0,1,1,0,common,0.0,0.5295089515508531,0.5209825385377481,0.513299607686491,0.0,0.8253063965727385,0.8792798519154021,,,EXPLOIT
274,66,,,0,1,1,0,common,1.0,0.6558191814919455,0.35818927389473804,0.5560554798281273,0.0,0.8174204604173743,0.872624205288288,,,EXPLOIT
275,66,,,0,1,1,0,common,0.0,0.5737175320302355,0.5587341444130711,0.5613540954887597,0.0,0.8088792527162222,0.8652704611722458,,,EXPLOIT
276,66,,,0,1,1,0,common,0.0,0.3729163958196531,0.3824647079988367,0.5048227855880277,0.0,0.7995980487757075,0.8571031429225798,,,EXPLOIT
277,66,,,0,0,0,0,common,1.0,0.14727436752595513,0.27895404676063484,0.39755826016940593,0.0,0.8027641290075631,0.8599061875520103,,,EXPLOIT
278,66,,,0,0,0,0,common,1.0,0.09572833889187082,0.24354587073326656,0.3070092837861454,0.0,0.8058015220015248,0.8625749410536211,,,EXPLOIT
279,66,,,0,0,0,0,common,1.0,0.06222342027971606,0.22234975669457852,0.23357352473421658,0.0,0.8087177729874194,0.8651187028269915,,,EXPLOIT
280,66,,,0,1,1,0,common,0.0,0.2423956572827745,0.2093432018737185,0.23622016449878397,0.0,0.8115198488733257,0.8675459331917655,,,EXPLOIT
281,66,,,0,1,1,0,common,0.0,0.15755717723380344,0.16432376863688683,0.2126212683192898,0.0,0.8142141926163611,0.869864345940722,,,EXPLOIT
282,66,,,0,0,0,0,common,1.0,0.040445223181815426,0.1396249032552462,0.16096845477804747,0.0,0.8168067715726641,0.8720809889065919,,,EXPLOIT
283,66,,,0,0,0,0,common,1.0,0.026289395068180066,0.13382488661496775,0.12056473686508724,0.0,0.819303120590322,0.8742023143153751,,,EXPLOIT
284,66,,,0,0,0,0,common,1.0,0.01708810679431705,0.130168199325444,0.08952174784385618,0.0,0.8217083805002299,0.876234240405468,,,EXPLOIT
285,66,,,0,0,0,0,common,1.0,0.011107269416306131,0.12783840876966973,0.06599740431559116,0.0,0.8240273325682458,0.8781822055520053,,,EXPLOIT
286,66,,,0,0,0,0,common,1.0,0.007219725120598985,0.1263436978803998,0.0483641005570935,0.0,0.8262644293945299,0.8800512159388144,,,EXPLOIT
287,66,,,0,0,0,0,common,1.0,0.004692821328389329,0.12538037615416425,0.03526271678848225,0.0,0.8284238226802956,0.8818458876579186,,,EXPLOIT
288,66,,,0,0,0,0,common,1.0,0.003050333863453103,0.12475768121708974,0.025599001910973508,0.0,0.8305093882263206,0.8835704839819987,,,EXPLOIT
289,66,,,0,0,0,0,common,1.0,0.001982717011244528,0.12435438834869848,0.01851411644105481,0.0,0.8325247484799412,0.8852289484434112,,,EXPLOIT
290,66,,,0,0,0,0,common,1.0,0.0012887660573089876,0.12409286303092376,0.013346511325931064,0.0,0.8344732929064964,0.8868249342600533,,,EXPLOIT
291,66,,,0,0,0,0,common,1.0,0.0008376979372508586,0.12392313107060705,0.009593867309327002,0.0,0.8363581964262514,0.8883618305702585,,,EXPLOIT
292,66,,,0,0,0,0,common,1.0,0.0005445036592131025,0.12381291483438023,0.006879058214292832,0.0,0.8381824361277841,0.8898427858732549,,,EXPLOIT
293,66,,,0,0,0,0,common,1.0,0.0003539273784884944,0.12374132053338341,0.004921518963551531,0.0,0.8399488064429255,0.8912707290163918,,,EXPLOIT
294,66,,,0,0,0,0,common,1.0,0.00023005279601751027,0.12369480377195437,0.0035140791132913245,0.0,0.8416599329459726,0.8926483880235416,,,EXPLOIT
295,66,,,0,0,0,0,common,1.0,0.00014953431741138168,0.12366457612817745,0.0025047156745273418,0.0,0.8433182849205151,0.8939783070193833,,,EXPLOIT
296,66,,,0,0,0,0,common,1.0,9.71973063174092e-05,0.12364493164526982,0.001782460164064362,0.0,0.8449261868203956,0.8952628614705053,,,EXPLOIT
297,66,,,0,0,0,0,common,1.0,6.317824910628822e-05,0.12363216420386838,0.0012666755895769399,0.0,0.8464858287367005,0.8965042719354365,,,EXPLOIT
298,66,,,0,0,0,0,common,1.0,4.1065861919098445e-05,0.12362386598904142,0.0008989926712795874,0.0,0.8479992759699166,0.8977046164910663,,,EXPLOIT
299,66,,,0,1,1,0,common,1.0,0.8975878347980277,0.12361847241222254,0.269905645309304,0.0,0.8494684777952506,0.898865841981753,,,EXPLOIT
300,66,,,0,1,1,0,common,0.0,0.4165679073812819,0.2987653406470992,0.31390432393089734,0.0,0.8508952754993544,0.8999897742192314,,,EXPLOIT
301,66,,,0,0,0,0,common,1.0,2.669281024736403e-05,0.2024084723095821,0.21974103459470232,0.0,0.8522814097581485,0.9010781272457389,,,EXPLOIT
302,66,,,0,0,0,0,common,1.0,1.735032666083658e-05,0.2024031646714915,0.15382392931428987,0.0,0.8536285274179161,0.9021325117592232,,,EXPLOIT
303,66,,,0,0,0,0,common,1.0,1.127771232956043e-05,0.2023997147657116,0.10768013383370177,0.0,0.8549381877352288,0.9031544427877455,,,EXPLOIT
304,66,,,0,0,0,0,common,1.0,7.330513014158768e-06,0.2023974723518732,0.07537829283749548,0.0,0.8562118681254289,0.9041453466899964,,,EXPLOIT
305,66,,,0,0,0,0,common,1.0,4.764833459236506e-06,0.20239601479340627,0.0527662344362846,0.0,0.8574509694642364,0.9051065675499637,,,EXPLOIT
306,66,,,0,0,0,0,common,1.0,3.09714174850928e-06,0.20239506738485083,0.03693729324792377,0.0,0.8586568209824937,0.9060393730260544,,,EXPLOIT
307,66,,,0,1,1,0,common,0.0,0.27076913979783324,0.20239445157116912,0.1070868472128966,0.0,0.8598306847900171,0.906944959708206,,,EXPLOIT
308,66,,,0,0,0,0,common,1.0,2.0131421365476854e-06,0.15405847502698286,0.07496139699166858,0.0,0.8609737600609286,0.907824458030607,,,EXPLOIT
309,66,,,0,0,0,0,common,1.0,1.3085423887782e-06,0.15405815515711518,0.05247337045688463,0.0,0.8620871869096632,0.9086789367824443,,,EXPLOIT
310,66,,,0,0,0,0,common,0.0,0.9999991494474473,0.15405794724200342,0.33673110415405344,0.0,0.863172049983995,0.9095094072545371,,,EXPLOIT
311,66,,,0,0,0,0,common,1.0,0.3500005528591592,0.3874538205783805,0.34071193876558514,0.0,0.8642293817988961,0.9103168270556892,,,EXPLOIT
312,66,,,0,1,1,0,common,1.0,0.8240000591314084,0.2890204783991104,0.4856983748753321,0.0,0.8652601658327798,0.9111021036290501,,,EXPLOIT
313,66,,,0,0,0,0,common,1.0,0.22750035935845347,0.5341044299056571,0.40823897022026845,0.0,0.8662653394056522,0.9118660974956425,,,EXPLOIT
314,66,,,0,0,0,0,common,0.0,0.8521247664170053,0.4636588748933337,0.5414047090792895,0.0,0.8613560133028463,0.9081127930787621,,,EXPLOIT
315,66,,,0,0,0,0,common,1.0,0.44611890182894653,0.6773862716057799,0.5128189669041866,0.0,0.8561273417253147,0.9040682608388348,,,EXPLOIT
316,66,,,0,0,0,0,common,1.0,0.28997728618881524,0.5856291807779822,0.4459664626895752,0.0,0.8573687252623874,0.9050317766399493,,,EXPLOIT
317,66,,,0,0,0,0,common,1.0,0.18848523602272993,0.49992218180671705,0.3687220946895216,0.0,0.8585767717716672,0.905966779689484,,,EXPLOIT
318,66,,,0,0,0,0,common,1.0,0.1225154034147744,0.44098274843863183,0.29486008730709745,0.0,0.8597527477404822,0.9068744720005795,,,EXPLOIT
319,66,,,0,0,0,0,common,0.0,0.9203649877803967,0.4030917568701643,0.48251155744908714,0.0,0.8608978564491081,0.9077559890581471,,,EXPLOIT
320,66,,,0,1,1,0,common,0.0,0.4643999615645845,0.6585661027383651,0.4770780786837363,0.0,0.8620132418667125,0.908612404359903,,,EXPLOIT
321,66,,,0,1,1,0,common,0.0,0.3018599750169799,0.5441394093229076,0.4245126475837093,0.0,0.863099992262632,0.909444733590448,,,EXPLOIT
322,66,,,0,1,1,0,common,0.0,0.19620898376103696,0.45085737179302854,0.3560215484369076,0.0,0.8641591435569551,0.9102539384625372,,,EXPLOIT
323,66,,,0,1,1,0,common,0.0,0.12753583944467403,0.39029708551591336,0.2874758357392375,0.0,0.865191682432105,0.9110409302560842,,,EXPLOIT
324,66,,,0,0,0,0,common,1.0,0.4017627579427421,0.35255639509625925,0.32176191240028884,0.0,0.8661985492250801,0.911806573082294,,,EXPLOIT
325,66,,,0,0,0,0,common,1.0,0.26114579266278237,0.24744080947036118,0.30357707647903687,0.0,0.8671806406181788,0.912551686897512,,,EXPLOIT
326,66,,,0,0,0,0,common,1.0,0.1697447652308085,0.19230216124271932,0.26342738310456837,0.0,0.8681388121444027,0.9132770502888975,,,EXPLOIT
327,66,,,0,1,1,0,common,0.0,0.08289829563903812,0.16205057888591007,0.20926865686490928,0.0,0.869073880522261,0.9139834030518218,,,EXPLOIT
328,66,,,0,1,1,0,common,0.0,0.053883892165374786,0.14878722170126263,0.16265322745504893,0.0,0.8699866258333743,0.9146714485769364,,,EXPLOIT
329,66,,,0,0,0,0,common,1.0,0.11033409740002553,0.14067202485998823,0.1469574884385419,0.0,0.8708777935550917,0.9153418560631105,,,EXPLOIT
330,66,,,0,0,0,0,common,1.0,0.07171716331001665,0.12524241082037557,0.12438539089998432,0.0,0.8717480964592564,0.9159952625708769,,,EXPLOIT
331,66,,,0,0,0,0,common,1.0,0.046616156151510824,0.11602790718545249,0.10105462047544227,0.0,0.8725982163872955,0.9166322749296391,,,EXPLOIT
332,66,,,0,0,0,0,common,1.0,0.03030050149848207,0.11036560750440745,0.0798283847823542,0.0,0.8734288059109265,0.9172534715106472,,,EXPLOIT
333,66,,,0,0,0,0,common,1.0,0.019695325974013356,0.10681857777773157,0.06178846713985194,0.0,0.8742404898869944,0.917859403876637,,,EXPLOIT
334,66,,,0,0,0,0,common,1.0,0.01280196188310867,0.1045680921314208,0.04709251556282896,0.0,0.8750338669142226,0.918450598318026,,,EXPLOIT
335,66,,,0,0,0,0,common,1.0,0.008321275224020597,0.10312819123315806,0.035461143461186444,0.0,0.8758095106990292,0.9190275572846669,,,EXPLOIT
336,66,,,0,0,0,0,common,1.0,0.005408828895613338,0.10220183894872609,0.02644544909151451,0.0,0.8765679713369585,0.9195907607213479,,,EXPLOIT
337,66,,,0,0,0,0,common,1.0,0.003515738782148725,0.10160373197651656,0.01956653599870477,0.0,0.8773097765157479,0.9201406673145067,,,EXPLOIT
338,66,,,0,0,0,0,common,1.0,0.0022852302083966602,0.10121665435602054,0.014382144261612335,0.0,0.8780354326455674,0.9206777156569684,,,EXPLOIT
339,66,,,0,0,0,0,common,1.0,0.0014853996354577959,0.10096576670747612,0.010513120873765974,0.0,0.878745425921522,0.9212023253369284,,,EXPLOIT
340,66,,,0,0,0,0,common,1.0,0.0009655097630475451,0.10080299033931267,0.007648837540550445,0.0,0.8794402233231071,0.9217148979568666,,,EXPLOIT
341,66,,,0,0,0,0,common,1.0,0.0006275813459809543,0.10069731255212207,0.0055424606821795975,0.0,0.8801202735549359,0.9222158180875969,,,EXPLOIT
342,66,,,0,0,0,0,common,1.0,0.00040792787488763693,0.1006286755435084,0.004002100839992009,0.0,0.8807860079327315,0.9227054541622186,,,EXPLOIT
343,66,,,0,0,0,0,common,1.0,0.0002651531186769196,0.10058408410255612,0.002881016523597482,0.0,0.8814378412182572,0.9231841593143405,,,EXPLOIT
344,66,,,0,0,0,0,common,1.0,0.00017234952713995888,0.10055510921746148,0.002068416424660225,0.0,0.8820761724065896,0.923652272164591,,,EXPLOIT
345,66,,,0,0,0,0,common,0.0,0.999887972807359,0.10053627957680032,0.30141428333946985,0.0,0.8827013854688772,0.9241101175590943,,,EXPLOIT
346,66,,,0,0,0,0,common,1.0,0.3500728176752166,0.27567768042041996,0.31601184364019386,0.0,0.8833138500534926,0.9245580072633054,,,EXPLOIT
347,66,,,0,0,0,0,common,1.0,0.22754733148889084,0.19777876588967813,0.2894724899948029,0.0,0.8839139221482735,0.9249962406143165,,,EXPLOIT
348,66,,,0,0,0,0,common,1.0,0.147905765467779,0.15723110328013742,0.24700247263669572,0.0,0.8845019447063474,0.9254251051345094,,,EXPLOIT
349,66,,,0,0,0,0,common,1.0,0.09613874755405638,0.1348182345290494,0.20174335511190392,0.0,0.8850782482378567,0.9258448771091985,,,EXPLOIT
350,66,,,0,1,1,0,common,0.0,0.035024529907493614,0.12178280681991092,0.15172770755058082,0.0,0.8856431513697305,0.9262558221307049,,,EXPLOIT
351,66,,,0,1,1,0,common,1.0,0.9772340555601291,0.11731702685676818,0.3993796119534453,0.0,0.8861969613754996,0.9266581956111191,,,EXPLOIT
352,66,,,0,0,0,0,common,1.0,0.062490185910136664,0.3068746815920121,0.29831278414045265,0.0,0.8867399746770074,0.9270522432658284,,,EXPLOIT
353,66,,,0,0,0,0,common,1.0,0.04061862084158885,0.29043361338920787,0.2210045351507935,0.0,0.8872724773197422,0.9274382015697435,,,EXPLOIT
354,66,,,0,0,0,0,common,1.0,0.026402103547032763,0.2800560511337231,0.16262380566966528,0.0,0.8877947454233929,0.9278162981879983,,,EXPLOIT
355,66,,,0,0,0,0,common,1.0,0.017161367305571273,0.27344423897009834,0.11898507416043706,0.0,0.8883070456091237,0.9281867523827781,,,EXPLOIT
356,66,,,0,1,1,0,common,0.0,0.364797863885916,0.26920366952818786,0.19272891107808074,0.0,0.8888096354049575,0.9285497753978055,,,EXPLOIT
357,66,,,0,0,0,0,common,1.0,0.011154888748621361,0.18993084813179167,0.13825670437924292,0.0,0.8893027636305688,0.9289055708219,,,EXPLOIT
358,66,,,0,0,0,0,common,1.0,0.0072506776866039235,0.1878320741487019,0.09895489637145122,0.0,0.8897866707626894,0.9292543349329306,,,EXPLOIT
359,66,,,0,0,0,0,common,0.0,0.9952870595037074,0.18647795924485405,0.36785454531112804,0.0,0.8902615892822657,0.9295962570233837,,,EXPLOIT
360,66,,,0,1,1,0,common,0.0,0.2371186115258454,0.44389748340546514,0.3286337651755432,0.0,0.8907277440044145,0.9299315197086808,,,EXPLOIT
361,66,,,0,0,0,0,common,0.0,0.6469365886774099,0.3713959038524077,0.4241246122261032,0.0,0.8911853523921677,0.9302602992193055,,,EXPLOIT
362,66,,,0,0,0,0,common,1.0,0.5794912173596836,0.5691028880843936,0.47073459376617727,0.0,0.8916346248549261,0.9305827656777212,,,EXPLOIT
363,66,,,0,0,0,0,common,1.0,0.37666929128379434,0.391590870877324,0.44251500302146235,0.0,0.8920757650324858,0.9308990833609961,,,EXPLOIT
364,66,,,0,0,0,0,common,1.0,0.24483503933446626,0.2856915158364072,0.3832110139153635,0.0,0.8925089700654427,0.9312094109499893,,,EXPLOIT
365,66,,,0,0,0,0,common,1.0,0.15914277556740308,0.22768453186305337,0.31599054241097535,0.0,0.8929344308527322,0.9315139017658931,,,EXPLOIT
366,66,,,0,1,1,0,common,0.0,0.15412709749179954,0.19500436975815222,0.2674315089352226,0.0,0.8933523322970126,0.9318127039948723,,,EXPLOIT
367,66,,,0,0,0,0,common,1.0,0.10344280411881202,0.16703768661063897,0.2182348974902994,0.0,0.8937628535385576,0.9321059609014957,,,EXPLOIT
368,66,,,0,0,0,0,common,1.0,0.06723782267722778,0.15020431168241763,0.17293577504637792,0.0,0.8941661681782768,0.9323938110316073,,,EXPLOIT
369,66,,,0,0,0,0,common,0.0,0.956295415259802,0.14005520607067717,0.4079436671104051,0.0,0.8945624444904552,0.9326763884052368,,,EXPLOIT
370,66,,,0,0,0,0,common,0.0,0.6215920199188714,0.34756073592049297,0.4720381729529449,0.0,0.894951845625754,0.9329538227001226,,,EXPLOIT
371,66,,,0,0,0,0,common,0.0,0.4040348129472664,0.5377559759255685,0.45163716495124134,0.0,0.8953345298049946,0.9332262394263702,,,EXPLOIT
372,66,,,0,1,1,0,common,0.0,0.1001826133696697,0.6430336750297081,0.3462007994767698,0.0,0.8957106505042068,0.9334937600927437,,,EXPLOIT
373,66,,,0,1,1,0,common,0.0,0.0651186986902853,0.6208222123917715,0.26187616924082446,0.0,0.8960803566313977,0.9337565023650554,,,EXPLOIT
374,66,,,0,1,1,0,common,0.0,0.042327154148685445,0.6047569253290647,0.19601146471318276,0.0,0.8964437926954725,0.9340145802170856,,,EXPLOIT
375,66,,,0,0,0,0,common,0.0,0.26262262841572315,0.5937181068870511,0.21599481382394486,0.0,0.8968010989677064,0.9342681040744427,,,EXPLOIT
376,66,,,0,0,0,0,common,1.0,0.82929529152978,0.6537616670202793,0.3999849571356954,0.0,0.8971524116361541,0.9345171809517445,,,EXPLOIT
377,66,,,0,0,0,0,common,1.0,0.539041939494357,0.4228903197372133,0.4417020518432938,0.0,0.8974978629533482,0.93476191458348,,,EXPLOIT
378,66,,,0,0,0,0,common,1.0,0.350377260671332,0.2705663637140002,0.41430461449170525,0.0,0.8978375813776286,0.9350024055488895,,,EXPLOIT
379,66,,,0,0,0,0,common,1.0,0.22774521943636583,0.1937325323686223,0.35833679597510343,0.0,0.8981716917084208,0.9352387513911784,,,EXPLOIT
380,66,,,0,0,0,0,common,1.0,0.14803439263363782,0.15385207450258953,0.29524607497266375,0.0,0.8985003152157603,0.9354710467313625,,,EXPLOIT
381,66,,,0,0,0,0,common,1.0,0.09622235521186462,0.13184016005597624,0.235538959044424,0.0,0.8988235697643506,0.9356993833770265,,,EXPLOIT
382,66,,,0,0,0,0,common,1.0,0.06254453088771195,0.11904848929614276,0.1836406305974104,0.0,0.899141569932418,0.9359238504262567,,,EXPLOIT
383,66,,,0,0,0,0,common,1.0,0.04065394507701281,0.11133370048271618,0.1407446249412911,0.0,0.8994544271256204,0.936144534366997,,,EXPLOIT
384,66,,,0,0,0,0,common,0.0,0.9735749356999417,0.10656106571320535,0.3905937181688863,0.0,0.8997622496862445,0.936361519172061,,,EXPLOIT
385,66,,,0,0,0,0,common,1.0,0.36717629179503786,0.28257993865126435,0.3835684902567317,0.0,0.9000651429979197,0.9365748863900216,,,EXPLOIT
386,66,,,0,0,0,0,common,1.0,0.23866458966677462,0.19979796285456708,0.3400973200797445,0.0,0.9003632095860615,0.9367847152321835,,,EXPLOIT
387,66,,,0,0,0,0,common,1.0,0.1551319832834035,0.15709920866427043,0.2846077190408422,0.0,0.9006565492142459,0.9369910826558348,,,EXPLOIT
388,66,,,0,0,0,0,common,1.0,0.10083578913421232,0.13368291911979163,0.22947614006885322,0.0,0.9009452589767055,0.9371940634439626,,,EXPLOIT
389,66,,,0,0,0,0,common,1.0,0.065543262937238,0.12014139173625205,0.18029627692936867,0.0,0.9012294333871298,0.9373937302816069,,,EXPLOIT
390,66,,,0,0,0,0,common,1.0,0.042603120909204706,0.11200213665478524,0.1389883301233195,0.0,0.9015091644639386,0.9375,,,EXPLOIT
391,66,,,0,0,0,0,common,0.0,0.9723079714090169,0.10697848048373038,0.38898422250902875,0.0,0.9017845418121921,0.9375,,,EXPLOIT
392,66,,,0,0,0,0,common,1.0,0.367999818584139,0.2831778561239948,0.3826889013315618,0.0,0.9020556527022927,0.9375,,,EXPLOIT
393,66,,,0,0,0,0,common,0.0,0.7608001179203097,0.20009914508165194,0.4961222663081861,0.0,0.9023225821456201,0.9375,,,EXPLOIT
394,66,,,0,0,0,0,common,1.0,0.5054799233517987,0.39349074723519517,0.4989295634212699,0.0,0.9025854129672449,0.9375,,,EXPLOIT
395,66,,,0,0,0,0,common,1.0,0.3285619501786692,0.2554940215014078,0.44781927944848965,0.0,0.9028442258758432,0.9375,,,EXPLOIT
396,66,,,0,0,0,0,common,1.0,0.21356526761613503,0.1860773537197825,0.3775430758987832,0.0,0.9030990995309445,0.9375,,,EXPLOIT
397,66,,,0,0,0,0,common,1.0,0.1388174239504878,0.14972053633352136,0.30592538031429456,0.0,0.903350110607627,0.9375,,,EXPLOIT
398,66,,,0,0,0,0,common,0.0,0.9097686744321829,0.1294802275235009,0.487078368549661,0.0,0.903597333858773,0.9375,,,EXPLOIT
399,66,,,0,0,0,0,common,1.0,0.4086503616190811,0.3137059358606366,0.463549966470487,0.0,0.9038408421749924,0.9375,,,EXPLOIT
400,66,,,0,0,0,0,common,1.0,0.26562273505240275,0.2154159741896139,0.4041717970450617,0.0,0.9040807066423133,0.9375,,,EXPLOIT
401,66,,,0,0,0,0,common,0.0,0.8273452222159382,0.16536431018602088,0.5311238245963246,0.0,0.9012947849406703,0.935442220787605,,,EXPLOIT
402,66,,,0,1,1,0,common,0.0,0.02751265019664554,0.35676172114260474,0.38004047227642085,0.0,0.9015734970993887,0.9356710474683342,,,EXPLOIT
403,66,,,0,0,0,0,common,1.0,0.4622256055596401,0.3488068048446681,0.40469601226138663,0.0,0.9018478760006731,0.9358959935572909,,,EXPLOIT
404,66,,,0,0,0,0,common,1.0,0.30044664361376605,0.23084941933669983,0.37342120166710047,0.0,0.9021180083837053,0.9361171458634864,,,EXPLOIT
405,66,,,0,0,0,0,common,1.0,0.19529031834894794,0.17173158219312623,0.3199819366716547,0.0,0.9023839787457858,0.9363345886691518,,,EXPLOIT
406,66,,,0,0,0,0,common,1.0,0.1269387069268162,0.1404467716497652,0.2620689677482031,0.0,0.9026458694143856,0.9365484038211317,,,EXPLOIT
407,66,,,0,0,0,0,common,1.0,0.08251015950243057,0.12285300374923291,0.20820132527447133,0.0,0.9029037606164315,0.9367586708183354,,,EXPLOIT
408,66,,,0,0,0,0,common,0.0,0.9463683963234202,0.11248412046260736,0.429651446589156,0.0,0.9031577305449503,0.9369654668954441,,,EXPLOIT
409,66,,,0,0,0,0,common,1.0,0.38486054238977685,0.2884637810743481,0.41621417532934224,0.0,0.9034078554231876,0.9371688671030585,,,EXPLOIT
410,66,,,0,0,0,0,common,1.0,0.250159352553355,0.20084905264747277,0.36639772849654606,0.0,0.9036542095663126,0.9373689443844627,,,EXPLOIT
411,66,,,0,0,0,0,common,1.0,0.1626035791596807,0.15610592281938468,0.30525948369548644,0.0,0.9038968654408145,0.9375,,,EXPLOIT
412,66,,,0,0,0,0,common,1.0,0.10569232645379245,0.13177686559390772,0.24538933652297823,0.0,0.9041358937216892,0.9375,,,EXPLOIT
413,66,,,0,0,0,0,common,1.0,0.06870001219496513,0.11779339304019493,0.19238253922457427,0.0,0.9043713633475139,0.9375,,,EXPLOIT
414,66,,,0,0,0,0,common,1.0,0.044655007926727386,0.10942347581277911,0.1480642798352202,0.0,0.9046033415734976,0.9375,,,EXPLOIT
415,66,,,0,0,0,0,common,1.0,0.029025755152372823,0.10427178059766583,0.11235272243036598,0.0,0.9048318940225967,0.9375,,,EXPLOIT
416,66,,,0,0,0,0,common,1.0,0.018866740849042385,0.10104100068609229,0.08430692795596889,0.0,0.9050570847347739,0.9375,,,EXPLOIT
417,66,,,0,0,0,0,common,1.0,0.012263381551877561,0.09898963016478238,0.06269386403474149,0.0,0.9052789762144822,0.9375,,,EXPLOIT
418,66,,,0,0,0,0,common,1.0,0.00797119800872037,0.09767647530634704,0.04627706422693515,0.0,0.9054976294764461,0.9375,,,EXPLOIT
419,66,,,0,0,0,0,common,0.0,0.9948187212943318,0.0968313886658582,0.33083956134715414,0.0,0.9057131040898109,0.9375,,,EXPLOIT
420,66,,,0,0,0,0,common,1.0,0.3533678311586843,0.2659158767825117,0.3375980422906132,0.0,0.9059254582207285,0.9375,,,EXPLOIT
421,66,,,0,0,0,0,common,1.0,0.22968909025314477,0.18955252473662088,0.3052253566793727,0.0,0.9061347486734432,0.9375,,,EXPLOIT
422,66,,,0,0,0,0,common,1.0,0.14929790866454407,0.1500980221128529,0.25844712227492406,0.0,0.9063410309299399,0.9375,,,EXPLOIT
423,66,,,0,0,0,0,common,1.0,0.0970436406319537,0.12838335400545792,0.21002607778203294,0.0,0.9065443591882097,0.9375,,,EXPLOIT
424,66,,,0,0,0,0,common,1.0,0.06307836641076991,0.11578717537358442,0.16594176437065403,0.0,0.9067447863991951,0.9375,,,EXPLOIT
425,66,,,0,1,1,0,common,0.0,0.0178832226278196,0.10819903690825514,0.12152420184780369,0.0,0.9069423643024604,0.9375,,,EXPLOIT
426,66,,,0,0,0,0,common,1.0,0.041000938167000456,0.10613012862682057,0.09736722274356271,0.0,0.9071371434606443,0.9375,,,EXPLOIT
427,66,,,0,0,0,0,common,1.0,0.026650609808550274,0.10152008157764891,0.07615223886305898,0.0,0.9073291732927388,0.9375,,,EXPLOIT
428,66,,,0,0,0,0,common,1.0,0.017322896375557728,0.09862102322713912,0.0585034361168086,0.0,0.9075185021062433,0.9375,,,EXPLOIT
429,66,,,0,0,0,0,common,1.0,0.011259882644112484,0.09677693513011507,0.044330370074999764,0.0,0.9077051771282383,0.9375,,,EXPLOIT
430,66,,,0,0,0,0,common,1.0,0.007318923718673154,0.09559506326652249,0.03322693616810178,0.0,0.907889244535417,0.9375,,,EXPLOIT
431,66,,,0,0,0,0,common,1.0,0.004757300417137511,0.09483387233499345,0.0246860454428125,0.0,0.9080707494831204,0.9375,,,EXPLOIT
432,66,,,0,0,0,0,common,0.0,0.9969077547288606,0.09434204852313627,0.3163525582286269,0.0,0.9082497361334122,0.9375,,,EXPLOIT
433,66,,,0,0,0,0,common,1.0,0.3520099594262406,0.26064868490540866,0.32704977858791096,0.0,0.9084262476822276,0.9375,,,EXPLOIT
434,66,,,0,0,0,0,common,1.0,0.22880647362705642,0.1857338031343951,0.29757678709965457,0.0,0.9086003263856373,0.9375,,,EXPLOIT
435,66,,,0,1,1,0,common,0.0,0.01162409470808274,0.14709013137975785,0.21179097938218303,0.0,0.9087720135852543,0.9375,,,EXPLOIT
436,66,,,0,0,0,0,common,1.0,0.14872420785758667,0.14532377741512909,0.1928709479248041,0.0,0.9089413497328199,0.9375,,,EXPLOIT
437,66,,,0,0,0,0,common,1.0,0.0966707351074313,0.12429084765785534,0.16401088407959227,0.0,0.9091083744139986,0.9375,,,EXPLOIT
438,66,,,0,0,0,0,common,1.0,0.0628359778198303,0.11209702923319764,0.13365841220166366,0.0,0.9092731263714097,0.9375,,,EXPLOIT
439,66,,,0,0,0,0,common,1.0,0.04084338558288969,0.10475338197132437,0.10581390421603146,0.0,0.9094356435269272,0.9375,,,EXPLOIT
440,66,,,0,0,0,0,common,0.0,0.9734517993711217,0.1002144160603307,0.36610527276255855,0.0,0.909595963003273,0.9375,,,EXPLOIT
441,66,,,0,0,0,0,common,1.0,0.3672563304087708,0.2684034057463288,0.3664505900564222,0.0,0.9097541211449284,0.9375,,,EXPLOIT
442,66,,,0,1,1,0,common,0.0,0.007555661560253781,0.1888527034301762,0.2587821115075717,0.0,0.9099101535383921,0.9375,,,EXPLOIT
443,66,,,0,0,0,0,common,0.0,0.761283385234299,0.18743559832545342,0.40953249362558986,0.0,0.9100640950318063,0.9375,,,EXPLOIT
444,66,,,0,1,1,0,common,0.0,0.004911180014164958,0.3738417100442184,0.28814609954216236,0.0,0.9102159797539723,0.9375,,,EXPLOIT
445,66,,,0,0,0,0,common,1.0,0.5051657995977057,0.3723843804660487,0.3532520095588253,0.0,0.9103658411327812,0.9375,,,EXPLOIT
446,66,,,0,0,0,0,common,1.0,0.3283577697385087,0.23927339250346183,0.3457837376127303,0.0,0.9105137119130786,0.9375,,,EXPLOIT
447,66,,,0,0,0,0,common,0.0,0.7865674496699693,0.1734549436772203,0.47801885122990195,0.0,0.9106596241739835,0.9375,,,EXPLOIT
448,66,,,0,0,0,0,common,1.0,0.4887311577145199,0.3585790669071315,0.4812325431752873,0.0,0.9108036093456797,0.9375,,,EXPLOIT
449,66,,,0,0,0,0,common,1.0,0.31767525251443796,0.23244902540959556,0.4321653559770325,0.0,0.9109456982257028,0.9375,,,EXPLOIT
450,66,,,0,0,0,0,common,1.0,0.20648891413438464,0.17000217328430117,0.36446242342423807,0.0,0.9110859209947335,0.9375,,,EXPLOIT
451,66,,,0,0,0,0,common,1.0,0.13421779418735003,0.1373677152930305,0.2953890346531716,0.0,0.9112243072319214,0.9375,,,EXPLOIT
452,66,,,0,0,0,0,common,1.0,0.08724156622177748,0.11918527763424594,0.23294479412375335,0.0,0.9113608859297505,0.9375,,,EXPLOIT
453,66,,,0,0,0,0,common,1.0,0.056707018044155344,0.10853795912511341,0.18007346129987395,0.0,0.9114956855084653,0.9375,,,EXPLOIT
454,66,,,0,0,0,0,common,1.0,0.036859561728700974,0.10208104315519147,0.13710929142852205,0.0,0.9116287338300715,0.9375,,,EXPLOIT
455,66,,,0,0,0,0,common,1.0,0.02395871512365566,0.09807147777741233,0.10316411853706212,0.0,0.9117600582119252,0.9375,,,EXPLOIT
456,66,,,0,0,0,0,common,0.0,0.9844268351696238,0.09554211507158172,0.3675429335268306,0.0,0.9118896854399268,0.9375,,,EXPLOIT
457,66,,,0,0,0,0,common,1.0,0.3601225571397445,0.2604295394927817,0.36531682061070475,0.0,0.9120176417813299,0.9375,,,EXPLOIT
458,66,,,0,0,0,0,common,1.0,0.23407966214083387,0.18406488422746276,0.3259456730697435,0.0,0.912143952997182,0.9375,,,EXPLOIT
459,66,,,0,0,0,0,common,0.0,0.847848219608458,0.14492006352043466,0.4825164370313578,0.0,0.9122686443544047,0.9375,,,EXPLOIT
460,66,,,0,0,0,0,common,1.0,0.4488986572545023,0.32618911899373115,0.47243110309830116,0.0,0.9123917406375305,0.9375,,,EXPLOIT
461,66,,,0,0,0,0,common,1.0,0.29178412721542646,0.21651622362475714,0.41823701033343874,0.0,0.9125132661601043,0.9375,,,EXPLOIT
462,66,,,0,0,0,0,common,1.0,0.1896596826900272,0.1618704170897323,0.3496638120404153,0.0,0.9126332447757605,0.9375,,,EXPLOIT
463,66,,,0,0,0,0,common,1.0,0.12327879374851769,0.1329303428504114,0.281748306552846,0.0,0.9127516998889892,0.9375,,,EXPLOIT
464,66,,,0,0,0,0,common,0.0,0.9198687840634635,0.11662635293617615,0.4731844498060312,0.0,0.9128686544655992,0.9375,,,EXPLOIT
465,66,,,0,1,1,0,common,1.0,0.9968077329907927,0.2903310085055135,0.6302714347614595,0.0,0.9104917673162346,0.935442220787605,,,EXPLOIT
466,66,,,0,1,1,0,common,0.0,0.35207497355598466,0.5854601290872699,0.546812496399817,0.0,0.9080073622376664,0.9332670452649632,,,EXPLOIT
467,66,,,0,0,0,0,common,1.0,0.4020852903587486,0.4803594362383709,0.5033943345874965,0.0,0.905408109401537,0.930964251977995,,,EXPLOIT
468,66,,,0,0,0,0,common,1.0,0.2613554387331867,0.35714883959928473,0.4307826658312035,0.0,0.9056248839259327,0.9312733505707055,,,EXPLOIT
469,66,,,0,0,0,0,common,0.0,0.8301189648234286,0.28552173840498474,0.550583555528871,0.0,0.9029131239789076,0.9288503987628945,,,EXPLOIT
470,66,,,0,1,1,0,common,0.0,0.22884873281139004,0.5318361038276379,0.45406310871362665,0.0,0.9031669518556557,0.9292002497997236,,,EXPLOIT
471,66,,,0,1,1,0,common,0.0,0.14875167632740355,0.4608823059561952,0.3624696789977597,0.0,0.9034169374351522,0.9295432296617132,,,EXPLOIT
472,66,,,0,0,0,0,common,0.0,0.5395773271352287,0.4145560039512751,0.4156019734390004,0.0,0.9036631549638761,0.9298795219888029,,,EXPLOIT
473,66,,,0,0,0,0,common,1.0,0.6492747373621014,0.5790148426782535,0.4857038026159307,0.0,0.9039056768417568,0.930209303991337,,,EXPLOIT
474,66,,,0,0,0,0,common,1.0,0.42202857928536597,0.38120331068165925,0.46660123561676126,0.0,0.9041445736792829,0.9305327467293003,,,EXPLOIT
475,66,,,0,0,0,0,common,1.0,0.27431857653548786,0.2657460911968104,0.4089164378923792,0.0,0.9043799143525013,0.9308500153771186,,,EXPLOIT
476,66,,,0,0,0,0,common,0.0,0.8216929252519329,0.20480562277431227,0.5327493841002453,0.0,0.9016084389376818,0.9284011563111966,,,EXPLOIT
477,66,,,0,0,0,0,common,0.0,0.5341004014137565,0.41938461037646413,0.5331546892942987,0.0,0.8987017466818987,0.9257997246882809,,,EXPLOIT
478,66,,,0,0,0,0,common,1.0,0.6528347390810583,0.5818280396389252,0.5690587042303265,0.0,0.8956498525500679,0.9230311476526991,,,EXPLOIT
479,66,,,0,0,0,0,common,1.0,0.4243425804026879,0.38318484077389037,0.5256438670820349,0.0,0.8924417638048984,0.9200789355967439,,,EXPLOIT
480,66,,,0,1,1,0,common,0.0,0.0966885896128123,0.26679438551554086,0.3969572838412681,0.0,0.8928684228855339,0.9206174212488942,,,EXPLOIT
481,66,,,0,0,0,0,common,1.0,0.27582267726174714,0.2439033873631295,0.3606169018674118,0.0,0.893287494103657,0.9211434215595888,,,EXPLOIT
482,66,,,0,0,0,0,common,1.0,0.17928474022013563,0.18663803392559447,0.30621725337322897,0.0,0.8936991574853823,0.9216573401226236,,,EXPLOIT
483,66,,,0,0,0,0,common,1.0,0.11653508114308819,0.15559972885710321,0.24931260170418673,0.0,0.8941035874832896,0.9221595633950005,,,EXPLOIT
484,66,,,0,0,0,0,common,1.0,0.0757478027430073,0.13785616700887005,0.1972431620158329,0.0,0.8945009531907312,0.9226504615974694,,,EXPLOIT
485,66,,,0,0,0,0,common,1.0,0.04923607178295475,0.12728457480320854,0.15284103494596946,0.0,0.8948914185463233,0.9231303895588668,,,EXPLOIT
486,66,,,0,0,0,0,common,1.0,0.03200344665892063,0.12079986332972872,0.1165897584598548,0.0,0.8952751425291358,0.9235996875083015,,,EXPLOIT
487,66,,,0,0,0,0,common,1.0,0.02080224032829836,0.11674272438797566,0.08785350302038786,0.0,0.8956522793450762,0.9240586818189046,,,EXPLOIT
488,66,,,0,0,0,0,common,1.0,0.013521456213393956,0.11417077781216423,0.06555388897828968,0.0,0.8960229786049236,0.9245076857065672,,,EXPLOIT
489,66,,,0,0,0,0,common,1.0,0.0087889465387061,0.11252613532852863,0.0485244062464146,0.0,0.8963873854944497,0.9249469998868095,,,EXPLOIT
490,66,,,0,0,0,0,common,0.0,0.994287184749841,0.11146846114732296,0.33225323979744253,0.0,0.8967456409370294,0.9253769131926813,,,EXPLOIT
491,66,,,0,0,0,0,common,1.0,0.3537133299126034,0.2987400072345177,0.3386912668319908,0.0,0.8970978817491286,0.9257977031563648,,,EXPLOIT
492,66,,,0,0,0,0,common,0.0,0.7700863355568077,0.21519290553864068,0.4681097874494359,0.0,0.8974442407890314,0.9262096365569386,,,EXPLOIT
493,66,,,0,0,0,0,common,1.0,0.499443881888075,0.4191226405929621,0.4775100157810276,0.0,0.8977848470991425,0.9266129699365854,,,EXPLOIT
494,66,,,0,0,0,0,common,1.0,0.32463852322724873,0.27738601100968024,0.43164856801489393,0.0,0.8981198260421908,0.9270079500873384,,,EXPLOIT
495,66,,,0,0,0,0,common,1.0,0.21101504009771166,0.20415672080682934,0.3654585096397392,0.0,0.8984492994316347,0.9273948145103096,,,EXPLOIT
496,66,,,0,0,0,0,common,1.0,0.1371597760635126,0.16528719082607268,0.2969688895668712,0.0,0.8987733856565563,0.9277737918492027,,,EXPLOIT
497,66,,,0,0,0,0,common,1.0,0.08915385444128321,0.14348591446593523,0.23462437902919478,0.0,0.8990921998013139,0.9281451022997701,,,EXPLOIT
498,66,,,0,0,0,0,common,1.0,0.057950005386834036,0.1306784292815596,0.18162206693648655,0.0,0.899405853760206,0.928508957996759,,,EXPLOIT
499,66,,,0,0,0,0,common,1.0,0.0376675035014421,0.12289843164456456,0.1384356979059732,0.0,0.8997144563473906,0.9288655633797784,,,EXPLOIT
500,66,,,0,0,0,0,common,0.0,0.9755161227240626,0.1180627242497463,0.3895598253514,0.0,0.9000181134022859,0.9292151155394123,,,EXPLOIT
501,66,,,0,0,0,0,common,1.0,0.3659145202293592,0.30800300912121503,0.3824662338147877,0.0,0.9003169278906675,0.9295578045448138,,,EXPLOIT
502,66,,,0,0,0,0,common,1.0,0.23784443814908351,0.2199596547740712,0.33907969511507646,0.0,0.9006110000016665,0.9298938137539275,,,EXPLOIT
503,66,,,0,0,0,0,common,0.0,0.8454011152030957,0.17386732803288132,0.4909761211414822,0.0,0.9009004272408581,0.9302233201073998,,,EXPLOIT
504,66,,,0,1,1,0,common,0.0,0.06284758324832801,0.37661216328692937,0.36253755977353597,0.0,0.9011853045196302,0.9305464944071772,,,EXPLOIT
505,66,,,0,0,0,0,common,1.0,0.45048927511798786,0.3580935863054249,0.3889230743768715,0.0,0.9014657242409957,0.9308635015807071,,,EXPLOIT
506,66,,,0,0,0,0,common,1.0,0.29281802882669217,0.24064444400325488,0.3600915607118177,0.0,0.9017417763820192,0.9311745009316086,,,EXPLOIT
507,66,,,0,0,0,0,common,0.0,0.8096682812626501,0.18088197736565761,0.4949645768770674,0.0,0.9020135485730093,0.9314796463776094,,,EXPLOIT
508,66,,,0,0,0,0,common,1.0,0.47371561717927735,0.37765946377258497,0.48858988896773037,0.0,0.902281126173625,0.9317790866765019,,,EXPLOIT
509,66,,,0,1,1,0,common,0.0,0.040850929111413206,0.2505796623161129,0.3542682010108352,0.0,0.902544592346036,0.9320729656408114,,,EXPLOIT
510,66,,,0,0,0,0,common,1.0,0.30791515116653034,0.24116312708037904,0.34036228605754376,0.0,0.9028040281252674,0.9323614223418343,,,EXPLOIT
511,66,,,0,0,0,0,common,1.0,0.20014484825824475,0.17856668466715367,0.29829705471775403,0.0,0.9030595124868565,0.93264459130365,,,EXPLOIT
512,66,,,0,0,0,0,common,1.0,0.13009415136785907,0.14548253137528636,0.2478361837127855,0.0,0.903311122411939,0.932922602687681,,,EXPLOIT
513,66,,,0,0,0,0,common,1.0,0.08456119838910836,0.12691184915655093,0.19885368811568235,0.0,0.9035589329498791,0.9331955824683321,,,EXPLOIT
514,66,,,0,0,0,0,common,0.0,0.9450352210470796,0.11598434205531848,0.4227081479951015,0.0,0.9038030172785503,0.9334636526002071,,,EXPLOIT
515,66,,,0,0,0,0,common,1.0,0.3857271063193982,0.29553181626769387,0.4116138354923905,0.0,0.9040434467623693,0.9337269311773718,,,EXPLOIT
516,66,,,0,0,0,0,common,1.0,0.25072261910760885,0.20611634882135224,0.36334647057695596,0.0,0.9042802910081804,0.9339855325851008,,,EXPLOIT
517,66,,,0,0,0,0,common,1.0,0.1629697024199458,0.1603010457817045,0.30323344012985287,0.0,0.9045136179190818,0.9342395676445193,,,EXPLOIT
518,66,,,0,0,0,0,common,0.0,0.8940696934270352,0.13535356694008183,0.48048431611900755,0.0,0.9047434937462834,0.9344891437505226,,,EXPLOIT
519,66,,,0,0,0,0,common,1.0,0.41885469927242713,0.320917029011433,0.4619954310650334,0.0,0.9049699831390765,0.9347343650033385,,,EXPLOIT
520,66,,,0,0,0,0,common,0.0,0.7277444454729224,0.21882039400692632,0.5417201353874,0.0,0.9022268897773802,0.9325180574364258,,,EXPLOIT
521,66,,,0,0,0,0,common,0.0,0.47303388955739956,0.41139738271839066,0.5211142616383999,0.0,0.8993506441107197,0.9301704811963881,,,EXPLOIT
522,66,,,0,0,0,0,common,0.0,0.30747202821230973,0.5571463544207086,0.4570215916105729,0.0,0.8996601340254206,0.930494667893333,,,EXPLOIT
523,66,,,0,0,0,0,common,1.0,0.8001431816619986,0.636503743216228,0.5599580686260006,0.0,0.8966564991420081,0.9280239558536282,,,EXPLOIT
524,66,,,0,0,0,0,common,1.0,0.5200930680802991,0.405373275921461,0.5479985684622901,0.0,0.8935003538897635,0.9253986125130595,,,EXPLOIT
525,66,,,0,0,0,0,common,1.0,0.33806049425219453,0.26132193009679305,0.48501714619926145,0.0,0.8939082717042398,0.92581894399071,,,EXPLOIT
526,66,,,0,0,0,0,common,1.0,0.21973932126392648,0.18886353380053256,0.4054337987186609,0.0,0.8943090438491569,0.9262304322450169,,,EXPLOIT
527,66,,,0,0,0,0,common,1.0,0.14283055882155216,0.15107872343518944,0.3266528267495282,0.0,0.8947028367390004,0.9266333333088855,,,EXPLOIT
528,66,,,0,1,1,0,common,1.0,0.9734468960775814,0.13012607473331206,0.5206910475479442,0.0,0.8914455003775791,0.9239188859611865,,,EXPLOIT
529,66,,,0,1,1,0,common,0.0,0.3672595175495721,0.33257053536441883,0.4746615885484325,0.0,0.8918900576445832,0.924370923518782,,,EXPLOIT
530,66,,,0,1,1,0,common,1.0,0.7612813135927782,0.23927888925743426,0.5606475060617362,0.0,0.8884842680479825,0.9215083180014436,,,EXPLOIT
531,66,,,0,1,1,0,common,0.0,0.5051671461646942,0.4508889077481335,0.5440033980926235,0.0,0.8848943544320111,0.9184525652949601,,,EXPLOIT
532,66,,,0,1,1,0,common,0.0,0.32835864500705125,0.3022402228212242,0.4793099721669518,0.0,0.8854628861893715,0.919029477135841,,,EXPLOIT
533,66,,,0,0,0,0,common,1.0,0.09283986323400895,0.22336227199686676,0.36336893948706894,0.0,0.8860202273080525,0.9195926350267513,,,EXPLOIT
534,66,,,0,0,0,0,common,0.0,0.9396540888978941,0.20410891062998396,0.5362544843103165,0.0,0.8822941112356965,0.9164040707983776,,,EXPLOIT
535,66,,,0,0,0,0,common,1.0,0.38922484221636877,0.45504930316323444,0.4921455916821322,0.0,0.882914869147621,0.9170309142824711,,,EXPLOIT
536,66,,,0,0,0,0,common,0.0,0.7470038525593603,0.3376624947266915,0.5686030699453006,0.0,0.879013517889555,0.9136602825101373,,,EXPLOIT
537,66,,,0,0,0,0,common,1.0,0.5144474958364158,0.5644184224719044,0.5523563977126351,0.0,0.8748863395739002,0.9100422819424699,,,EXPLOIT
538,66,,,0,0,0,0,common,1.0,0.33439087229367026,0.40640370861521324,0.4869667400869456,0.0,0.8756652687959342,0.9108350582103408,,,EXPLOIT
539,66,,,0,0,0,0,common,0.0,0.7826459330091143,0.30955722584678774,0.5756704979635962,0.0,0.8713392306908148,0.9070028570892487,,,EXPLOIT
540,66,,,0,0,0,0,common,1.0,0.4912801435440757,0.5450658801038913,0.55035339163774,0.0,0.8667493388915893,0.9028700759489793,,,EXPLOIT
541,66,,,0,0,0,0,common,1.0,0.3193320933036492,0.3932939076952344,0.4810470021375127,0.0,0.8677179853129927,0.9038695713218627,,,EXPLOIT
542,66,,,0,0,0,0,common,1.0,0.20756586064737204,0.3020891065494721,0.3990026596904705,0.0,0.8686631720599188,0.9048390134072009,,,EXPLOIT
543,66,,,0,0,0,0,common,0.0,0.8650821905792082,0.25030255507276855,0.5388265189570918,0.0,0.863906147920617,0.9005313915002565,,,EXPLOIT
544,66,,,0,0,0,0,common,0.0,0.5623034238764854,0.4983636009683957,0.5458695904329098,0.0,0.8588446221091188,0.8958646694456471,,,EXPLOIT
545,66,,,0,0,0,0,common,1.0,0.6345027744802845,0.6489543849657943,0.5724595456471222,0.0,0.8534486723043161,0.8907922574927962,,,EXPLOIT
546,66,,,0,0,0,0,common,0.0,0.587573196587815,0.4758210471419874,0.57699364092933,0.0,0.8476843232521474,0.88525914240594,,,EXPLOIT
547,66,,,0,0,0,0,common,0.0,0.3819225777820798,0.6394382596269679,0.5184723219851549,0.0,0.8415128364999176,0.879199893610437,,,EXPLOIT
548,66,,,0,0,0,0,common,1.0,0.7517503244416481,0.6907286601774412,0.5884557227221028,0.0,0.8348898453386084,0.8725360748577071,,,EXPLOIT
549,66,,,0,1,1,0,common,1.0,0.7865668807454167,0.5428188056201544,0.6478890701290969,0.0,0.8277642941126528,0.8651728438052342,,,EXPLOIT
550,66,,,0,1,1,0,common,1.0,0.5112684724845209,0.6921239258606363,0.6069028908357241,0.0,0.8200771282595439,0.8569944258551003,,,EXPLOIT
551,66,,,0,1,1,0,common,1.0,0.33232450711493855,0.6465679991455178,0.5245293757194884,0.0,0.8117596639495167,0.8478580020570888,,,EXPLOIT
552,66,,,0,1,1,0,common,0.0,0.78398907037529,0.5640019308249775,0.6023672841162289,0.0,0.8027315420131639,0.8375853225496959,,,EXPLOIT
553,66,,,0,1,1,0,common,1.0,0.4904071042560615,0.693140918893363,0.5687792301581787,0.0,0.7928981370028595,0.8259509927999669,,,EXPLOIT
554,66,,,0,0,0,0,common,1.0,0.4886377108870713,0.6386014402692137,0.5447367743768464,0.0,0.7821472442459304,0.812665783603564,,,EXPLOIT
555,66,,,0,0,0,0,common,1.0,0.3176145120765963,0.6931445348807482,0.47660009568677136,0.0,0.7860666861632644,0.8180055349575546,,,EXPLOIT
556,66,,,0,0,0,0,common,0.0,0.7935505671502124,0.6685403266066483,0.5716852371258037,0.0,0.774653487040672,0.8035257644114744,,,EXPLOIT
557,66,,,0,0,0,0,common,1.0,0.48419213135236183,0.6412710476787009,0.5454373053937711,0.0,0.7620879635956201,0.7867271161866988,,,EXPLOIT
558,66,,,0,0,0,0,common,1.0,0.3147248853790352,0.6931145425496869,0.47622357938935034,0.0,0.7669650506186978,0.7938968881247765,,,EXPLOIT
559,66,,,0,0,0,0,common,1.0,0.20457117549637294,0.6677316509163782,0.39472785822145706,0.0,0.7716003178844084,0.8005353998318516,,,EXPLOIT
560,66,,,0,0,0,0,common,1.0,0.13297126407264237,0.628598867046972,0.3162008799768126,0.0,0.7760110980845912,0.8066992890179641,,,EXPLOIT
561,66,,,0,0,0,0,common,1.0,0.08643132164721756,0.5958202132394569,0.24727001247793406,0.0,0.7802131063926049,0.8124374190608954,,,EXPLOIT
562,66,,,0,0,0,0,common,1.0,0.05618035907069141,0.5721768739602122,0.18994311645576126,0.0,0.7842206248549521,0.8177921686807107,,,EXPLOIT
563,66,,,0,0,0,0,common,1.0,0.03651723339594937,0.5560397453175089,0.1439153515378177,0.0,0.7880466621211267,0.8228004731274579,,,EXPLOIT
564,66,,,0,0,0,0,common,1.0,0.02373620170736712,0.5452851529651661,0.10786160658868253,0.0,0.7917030922759412,0.8274946710006175,,,EXPLOIT
565,66,,,0,0,0,0,common,0.0,0.9845714688902114,0.5381985146920087,0.37087456527914114,0.0,0.7952007758959713,0.8319031977549232,,,EXPLOIT
566,66,,,0,0,0,0,common,0.0,0.6399714547786375,0.6897533188475752,0.45160363212899,0.0,0.7985496659299661,0.8360511573270651,,,EXPLOIT
567,66,,,0,0,0,0,common,1.0,0.5840185543938856,0.5700180314064618,0.4913281088084587,0.0,0.8017589005774023,0.8399607961615199,,,EXPLOIT
568,66,,,0,0,0,0,common,1.0,0.3796120603560257,0.6857968305712374,0.45781329427272877,0.0,0.804836884990516,0.8436518985395861,,,EXPLOIT
569,66,,,0,0,0,0,common,1.0,0.24674783923141674,0.682880959846857,0.3944936577603351,0.0,0.8077913633380439,0.8471421180438173,,,EXPLOIT
570,66,,,0,0,0,0,common,1.0,0.16038609550042093,0.6453888090857673,0.32426138908236085,0.0,0.8106294825316137,0.8504472568789921,,,EXPLOIT
571,66,,,0,0,0,0,common,1.0,0.10425096207527362,0.6089423364734174,0.2582582609802347,0.0,0.8133578487188405,0.8535815023750705,,,EXPLOIT
572,66,,,0,0,0,0,common,0.0,0.9322368746510722,0.5814146410115374,0.4604518450814859,0.0,0.8159825774832001,0.8565576281390251,,,EXPLOIT
573,66,,,0,0,0,0,common,1.0,0.39404603147680306,0.6819397885870808,0.44053010100008105,0.0,0.8185093385536657,0.8593871658704729,,,EXPLOIT
574,66,,,0,0,0,0,common,1.0,0.256129920459922,0.6853621062468125,0.3852100468380333,0.0,0.8209433957120977,0.8620805527141472,,,EXPLOIT
575,66,,,0,0,0,0,common,1.0,0.16648444829894926,0.6488343368660254,0.3195923672763081,0.0,0.8232896424895748,0.8646472581186037,,,EXPLOIT
576,66,,,0,0,0,0,common,0.0,0.8917851086056829,0.6117697624683043,0.4912501896751205,0.0,0.8255526341611242,0.867095893451139,,,EXPLOIT
577,66,,,0,0,0,0,common,1.0,0.4203396794063061,0.6729303212344643,0.4699770365944762,0.0,0.8277366164790584,0.8694343070429307,,,EXPLOIT
578,66,,,0,1,1,0,common,1.0,0.31876461776643994,0.6890158468076298,0.4246133109460653,0.0,0.8298455515263,0.8716696668747789,,,EXPLOIT
579,66,,,0,1,1,0,common,0.0,0.792802998451814,0.6845043223863942,0.5350702171977899,0.0,0.8223246711981453,0.8642128307498779,,,EXPLOIT
580,66,,,0,0,0,0,common,1.0,0.27322079161409896,0.6111255033768312,0.45651538952268256,0.0,0.8246217393085278,0.8666812678109013,,,EXPLOIT
581,66,,,0,0,0,0,common,1.0,0.17759351454916428,0.5349786693609534,0.3728388270306271,0.0,0.8268380689748284,0.8690381790279856,,,EXPLOIT
582,66,,,0,0,0,0,common,0.0,0.8845642155430432,0.4802018268201734,0.526356443584352,0.0,0.8190763036520631,0.8612932611544226,,,EXPLOIT
583,66,,,0,0,0,0,common,1.0,0.4250332598970219,0.6860824831642744,0.4959594884781529,0.0,0.821489776251717,0.863896701551461,,,EXPLOIT
584,66,,,0,0,0,0,common,0.0,0.7237283810669357,0.6132839527407834,0.5642901562547877,0.0,0.8132900459324833,0.8555724531535768,,,EXPLOIT
585,66,,,0,0,0,0,common,1.0,0.5295765523064917,0.6891316264813574,0.5538760750702989,0.0,0.8043949264818311,0.8462637801734653,,,EXPLOIT
586,66,,,0,0,0,0,common,1.0,0.34422475899921967,0.6551967445740228,0.49098068024897507,0.0,0.8073669955273514,0.8496150495667975,,,EXPLOIT
587,66,,,0,0,0,0,common,1.0,0.2237460933494928,0.5735076091781459,0.4108103041791304,0.0,0.8102216959233264,0.8527919234532486,,,EXPLOIT
588,66,,,0,0,0,0,common,0.0,0.8545650393228297,0.5068939064290352,0.5439367247222402,0.0,0.8010588906233181,0.8431415480853417,,,EXPLOIT
589,66,,,0,0,0,0,common,0.0,0.5554672755598393,0.6899342458106004,0.54739588997352,0.0,0.7910723997940254,0.8322548082873545,,,EXPLOIT
590,66,,,0,0,0,0,common,1.0,0.6389462708861045,0.6477232013548544,0.5748610042472952,0.0,0.7801465069505853,0.8198785137929019,,,EXPLOIT
591,66,,,0,0,0,0,common,1.0,0.41531507607596785,0.6836165416823825,0.526997225795897,0.0,0.768142755751078,0.8056852766961714,,,EXPLOIT
592,66,,,0,0,0,0,common,1.0,0.26995479944937917,0.6087918712275241,0.4498844978919416,0.0,0.7727204927086909,0.8114924573768939,,,EXPLOIT
593,66,,,0,1,1,0,common,0.0,0.5153219489936791,0.5331493699582711,0.4695157332224628,0.0,0.7770778048258027,0.8169094804054823,,,EXPLOIT
594,66,,,0,1,1,0,common,0.0,0.33495926684589145,0.3741412138147269,0.4291487933094914,0.0,0.7812300337089837,0.8219741397270658,,,EXPLOIT
595,66,,,0,0,0,0,common,1.0,0.17547061964209643,0.2814967794757249,0.3530453412092729,0.0,0.785191129814758,0.8267195008215814,,,EXPLOIT
596,66,,,0,0,0,0,common,1.0,0.11405590276736266,0.2394215412217699,0.2813485096766998,0.0,0.7889738066438589,0.8311746177658201,,,EXPLOIT
597,66,,,0,0,0,0,common,1.0,0.07413633679878573,0.21465621253298742,0.21918485781332556,0.0,0.7925896748712792,0.835365123647447,,,EXPLOIT
598,66,,,0,0,0,0,common,1.0,0.04818861891921067,0.19964893904128492,0.16788598614509107,0.0,0.7960493593934085,0.8393137196815366,,,EXPLOIT
599,66,,,0,0,0,0,common,0.0,0.968677397702513,0.19034842062720342,0.40812340961231763,0.0,0.7993626017778038,0.843040582742182,,,EXPLOIT
600,66,,,0,1,1,0,common,0.0,0.21772352344982945,0.4420244801296648,0.3510034437635712,0.0,0.8025383501962535,0.84656370675623,,,EXPLOIT
601,66,,,0,1,1,0,common,1.0,0.8584797097576109,0.37537294714655756,0.503246323561783,0.0,0.7926873259537345,0.8361243873333454,,,EXPLOIT
602,66,,,0,1,1,0,common,0.0,0.44198818865755296,0.6273875135843352,0.48486888309051396,0.0,0.7961428368916236,0.8400298784696133,,,EXPLOIT
603,66,,,0,1,1,0,common,0.0,0.28729232262740945,0.5041475068668217,0.42559591495158255,0.0,0.7994521632233228,0.8437171726029253,,,EXPLOIT
604,66,,,0,1,1,0,common,0.0,0.18674000970781615,0.41454582694700715,0.3539391433784526,0.0,0.802624232367014,0.8472038872634473,,,EXPLOIT
605,66,,,0,0,0,0,common,1.0,0.37035969149336645,0.35842692884274846,0.35886530781292675,0.0,0.8056672595592986,0.8505057932658838,,,EXPLOIT
606,66,,,0,0,0,0,common,1.0,0.24073379947068818,0.25960690576135015,0.32342585531025514,0.0,0.8085888174884831,0.8536370505071912,,,EXPLOIT
607,66,,,0,0,0,0,common,1.0,0.15647696965594737,0.20645211967995958,0.2733411896139628,0.0,0.8113958979145002,0.8566104085345615,,,EXPLOIT
608,66,,,0,0,0,0,common,1.0,0.10171003027636583,0.1767222488616428,0.2218518418126837,0.0,0.8140949663310899,0.8594373778752868,,,EXPLOIT
609,66,,,0,0,0,0,common,1.0,0.0661115196796378,0.15935026400408397,0.1751297451727699,0.0,0.8166920105698713,0.862128376983164,,,EXPLOIT
610,66,,,0,0,0,0,common,1.0,0.042972487791764546,0.14884695063423317,0.1354825679584683,0.0,0.8191925841154073,0.8646928587562263,,,EXPLOIT
611,66,,,0,0,0,0,common,1.0,0.027932117064646933,0.14234136168294795,0.10321743269032188,0.0,0.8216018447907697,0.8671394198641242,,,EXPLOIT
612,66,,,0,0,0,0,common,1.0,0.018155876092020518,0.1382452121459546,0.07769896571083147,0.0,0.8239245893807607,0.8694758955498056,,,EXPLOIT
613,66,,,0,0,0,0,common,0.0,0.9881986805401867,0.1356377334664054,0.350848880159638,0.0,0.8261652846819163,0.8717094421083167,,,EXPLOIT
614,66,,,0,0,0,0,common,1.0,0.3576708576488786,0.3479390781537569,0.35289547340641014,0.0,0.8283280954022411,0.873846608871864,,,EXPLOIT
615,66,,,0,1,1,0,common,0.0,0.1213810063100805,0.2540024578938712,0.28344113327751125,0.0,0.8304169092773654,0.875893401226428,,,EXPLOIT
616,66,,,0,0,0,0,common,1.0,0.2324860574717711,0.22651319436265543,0.2681546105357892,0.0,0.8324353597218296,0.87785533593699,,,EXPLOIT
617,66,,,0,0,0,0,common,1.0,0.1511159373566512,0.18027607892743092,0.2330430085820478,0.0,0.8343868462931697,0.8797374898547612,,,EXPLOIT
618,66,,,0,0,0,0,common,0.0,0.9017746407181767,0.1545681209067396,0.43366249822288644,0.0,0.8362745532112984,0.8815445429119411,,,EXPLOIT
619,66,,,0,0,0,0,common,1.0,0.4138464835331852,0.35926276924840495,0.427717693815976,0.0,0.8381014661454236,0.8832808161706522,,,EXPLOIT
620,66,,,0,0,0,0,common,0.0,0.7309997857034296,0.2500003957705834,0.5187023213822121,0.0,0.83122195111075,0.8770274512499179,,,EXPLOIT
621,66,,,0,0,0,0,common,1.0,0.5248501392927707,0.45602457829868337,0.5205466667553796,0.0,0.8238100211584172,0.8701396049849234,,,EXPLOIT
622,66,,,0,0,0,0,common,1.0,0.341152590540301,0.30137120682469437,0.46672844389085605,0.0,0.8260547321776317,0.8723443060031101,,,EXPLOIT
623,66,,,0,0,0,0,common,0.0,0.7782508161488043,0.21993226985600697,0.5601851555682404,0.0,0.8182295885100604,0.8649604096833171,,,EXPLOIT
624,66,,,0,0,0,0,common,1.0,0.4941369695032771,0.42863220780762756,0.5403706997487514,0.0,0.8097568475246765,0.8567578094214017,,,EXPLOIT
625,66,,,0,0,0,0,common,1.0,0.3211890301771301,0.2865140851786968,0.47461619887726497,0.0,0.8125187481754568,0.8595776117438588,,,EXPLOIT
626,66,,,0,0,0,0,common,1.0,0.20877286961513453,0.21217543654108467,0.39486320009862586,0.0,0.8151751548576566,0.8622619475381337,,,EXPLOIT
627,66,,,0,0,0,0,common,0.0,0.8642976347501625,0.17244215383500233,0.5356935304940869,0.0,0.8064424740434927,0.8537489179961153,,,EXPLOIT
628,66,,,0,0,0,0,common,1.0,0.43820653741239435,0.3798245269742134,0.5064474325695791,0.0,0.7969443575395174,0.8442168793032001,,,EXPLOIT
629,66,,,0,0,0,0,common,1.0,0.28483424931805634,0.2607158824868422,0.43996347759412224,0.0,0.8002201936763591,0.8476768174318549,,,EXPLOIT
630,66,,,0,0,0,0,common,1.0,0.18514226205673667,0.19859898402170867,0.36351711293290656,0.0,0.8033607921693382,0.8509540207990294,,,EXPLOIT
631,66,,,0,0,0,0,common,1.0,0.12034247033687884,0.16491796274968198,0.29056472015409823,0.0,0.8063742091377122,0.8540624405589284,,,EXPLOIT
632,66,,,0,0,0,0,common,1.0,0.07822260571897122,0.14568714408343358,0.2268620858235601,0.0,0.809267873521125,0.8570146431338077,,,EXPLOIT
633,66,,,0,0,0,0,common,1.0,0.050844693717331246,0.13424408425966997,0.17405686819169144,0.0,0.8120486469520298,0.859821977861676,,,EXPLOIT
634,66,,,0,0,0,0,common,1.0,0.03304905091626531,0.1272318580467381,0.1317545230090636,0.0,0.814722876897873,0.8624947208635264,,,EXPLOIT
635,66,,,0,0,0,0,common,1.0,0.021481883095572418,0.1228478368776144,0.09867273103501624,0.0,0.8172964439394332,0.8650421989746169,,,EXPLOIT
636,66,,,0,0,0,0,common,1.0,0.013963224012122022,0.12007004167326621,0.07325987892814798,0.0,0.8197748039265618,0.8674728968900342,,,EXPLOIT
637,66,,,0,0,0,0,common,0.0,0.9909239043921206,0.1182943572670607,0.3485590865673398,0.0,0.8221630256473708,0.8697945501184248,,,EXPLOIT
638,66,,,0,0,0,0,common,0.0,0.6441005378548784,0.3126486961347472,0.43722152195360137,0.0,0.8244658245582392,0.8720142258895832,,,EXPLOIT
639,66,,,0,0,0,0,common,1.0,0.5813346503943291,0.5064302134537596,0.48045546048581966,0.0,0.8266875930469911,0.8741383937986661,,,EXPLOIT
640,66,,,0,0,0,0,common,1.0,0.37786752275631386,0.32990537618736887,0.4496790791669679,0.0,0.8288324276379586,0.8761729876745148,,,EXPLOIT
641,66,,,0,0,0,0,common,0.0,0.754386110208396,0.23476049118257147,0.5410911884793963,0.0,0.8212308339875207,0.869195972210141,,,EXPLOIT
642,66,,,0,0,0,0,common,1.0,0.5096490283645426,0.44243799248858595,0.5316585404449402,0.0,0.8130095870235309,0.8614684892489101,,,EXPLOIT
643,66,,,0,0,0,0,common,1.0,0.33127186843695267,0.2939580152010873,0.47154253884254393,0.0,0.8156474423623259,0.8640637324405984,,,EXPLOIT
644,66,,,0,0,0,0,common,0.0,0.7846732855159808,0.2160662650995978,0.565481762844575,0.0,0.8069552176599564,0.8557586480680033,,,EXPLOIT
645,66,,,0,0,0,0,common,1.0,0.4899623644146125,0.4249311557007344,0.5428259433155862,0.0,0.7975029577214494,0.8464726257163305,,,EXPLOIT
646,66,,,0,0,0,0,common,1.0,0.31847553686949814,0.28453189119598227,0.4755208213817598,0.0,0.8007555468095368,0.8498128992666395,,,EXPLOIT
647,66,,,0,0,0,0,common,1.0,0.20700909896517383,0.21113767680085158,0.394967304656784,0.0,0.8038742944191841,0.852979614162762,,,EXPLOIT
648,66,,,0,0,0,0,common,1.0,0.13455591432736302,0.17187088059781752,0.31684388755795767,0.0,0.8068671471060508,0.8559858069012128,,,EXPLOIT
649,66,,,0,0,0,0,common,0.0,0.912538655687214,0.14973335236197288,0.4955523179967345,0.0,0.8097414347872397,0.8588432404396003,,,EXPLOIT
650,66,,,0,0,0,0,common,1.0,0.40684987380331084,0.3534542467709623,0.4689415847387074,0.0,0.8125039294197488,0.8615625560087694,,,EXPLOIT
651,66,,,0,0,0,0,common,1.0,0.264452417972152,0.24698188036636468,0.4075948347087408,0.0,0.8151608971035308,0.864153403714496,,,EXPLOIT
652,66,,,0,0,0,0,common,1.0,0.17189407168189885,0.19129456993685548,0.3368846058006882,0.0,0.8177181444530298,0.8666245553073769,,,EXPLOIT
653,66,,,0,0,0,0,common,1.0,0.11173114659323424,0.16082099014925544,0.269338568038452,0.0,0.8201810599595238,0.8689840018981811,,,EXPLOIT
654,66,,,0,0,0,0,common,1.0,0.07262524528560221,0.14328159889960362,0.21032457121259707,0.0,0.8225546509643981,0.871239038912329,,,EXPLOIT
655,66,,,0,0,0,0,common,0.0,0.9527935905643585,0.13278365809361592,0.43306527701812547,0.0,0.8248435767772669,0.873396340186306,,,EXPLOIT
656,66,,,0,0,0,0,common,1.0,0.3806841661331669,0.33215605462303843,0.41735094375263787,0.0,0.8270521783998986,0.8754620227913061,,,EXPLOIT
657,66,,,0,0,0,0,common,1.0,0.2474447079865585,0.23592824465835338,0.36637907302281403,0.0,0.829184505254969,0.877441703910292,,,EXPLOIT
658,66,,,0,1,1,0,common,0.0,0.07889765410155233,0.18536614429210344,0.2801346473464355,0.0,0.831244339265939,0.8793405508822237,,,EXPLOIT
659,66,,,0,1,1,0,common,0.0,0.05128347516600902,0.17120959849499354,0.21147929569230756,0.0,0.8332352165893455,0.8811633253523221,,,EXPLOIT
660,66,,,0,0,0,0,common,1.0,0.16083906019126304,0.16249688476095775,0.1962872250419942,0.0,0.8351604472622446,0.8829144223226285,,,EXPLOIT
661,66,,,0,0,0,0,common,1.0,0.10454538912432099,0.1375610442603215,0.16876467426669223,0.0,0.8370231329944822,0.8845979047771133,,,EXPLOIT
662,66,,,0,0,0,0,common,1.0,0.06795450293080862,0.12318756236272732,0.13852162286592715,0.0,0.8388261833069854,0.8862175344555939,,,EXPLOIT
663,66,,,0,0,0,0,common,1.0,0.044170426905025595,0.11456860394855359,0.11021626407765667,0.0,0.8405723301927233,0.8877767992671063,,,EXPLOIT
664,66,,,0,0,0,0,common,1.0,0.02871077748826667,0.1092574921425585,0.08576461810083966,0.0,0.8422641414557396,0.8892789377632176,,,EXPLOIT
665,66,,,0,0,0,0,common,0.0,0.9813379946326266,0.10592426549675288,0.3544366310603757,0.0,0.8439040328652606,0.8907269610326879,,,EXPLOIT
666,66,,,0,0,0,0,common,1.0,0.3621303034887926,0.2831430510619354,0.3567447327889008,0.0,0.8454942792458847,0.892123672328999,,,EXPLOIT
667,66,,,0,0,0,0,common,1.0,0.23538469726771516,0.20123126447830206,0.3203367221325451,0.0,0.8470370246109474,0.8934716846999832,,,EXPLOIT
668,66,,,0,0,0,0,common,1.0,0.1530000532240149,0.15881000346900825,0.270135721459986,0.0,0.8485342914340042,0.8947734368528557,,,EXPLOIT
669,66,,,0,0,0,0,common,0.0,0.9005499654043904,0.13547583717963838,0.45925999464330725,0.0,0.849987989142759,0.8960312074573319,,,EXPLOIT
670,66,,,0,0,0,0,common,0.0,0.5853574775128538,0.3229378042660547,0.49708923950417117,0.0,0.8513999219104716,0.8972471280633301,,,EXPLOIT
671,66,,,0,0,0,0,common,0.0,0.38048236038335503,0.4998926299492674,0.46210717576792626,0.0,0.8527717958117057,0.8984231947873316,,,EXPLOIT
672,66,,,0,0,0,0,common,0.0,0.2473135342491808,0.6093255243466971,0.3976690833123026,0.0,0.8541052254021122,0.8995612789021935,,,EXPLOIT
673,66,,,0,0,0,0,common,1.0,0.8392462027380325,0.6617004839051142,0.5301422191400216,0.0,0.8483863577279968,0.8948116512884349,,,EXPLOIT
674,66,,,0,0,0,0,common,1.0,0.5455100317797211,0.43379378643279737,0.5347525629319314,0.0,0.8422652080058788,0.8896452939733456,,,EXPLOIT
675,66,,,0,0,0,0,common,0.0,0.6454184793431812,0.2776940455037413,0.5679523378553063,0.0,0.8356981261053595,0.8840051429817652,,,EXPLOIT
676,66,,,0,0,0,0,common,1.0,0.5804779884269322,0.46503527312865683,0.571710033026794,0.0,0.8286349101856583,0.8778232177220375,,,EXPLOIT
677,66,,,0,0,0,0,common,0.0,0.6226893075224941,0.2943120448924928,0.587003815375504,0.0,0.8210175295266309,0.8710178793502067,,,EXPLOIT
678,66,,,0,0,0,0,common,0.0,0.40474804988962115,0.47825997816665655,0.5323270857297391,0.0,0.8127785364787506,0.8634902191854462,,,EXPLOIT
679,66,,,0,0,0,0,common,1.0,0.7369137675717462,0.5977610273585376,0.5937030902823413,0.0,0.803839075513979,0.8551192371432412,,,EXPLOIT
680,66,,,0,0,0,0,common,1.0,0.47899394892163505,0.3757540241921443,0.5592903478741293,0.0,0.7941063648576463,0.8457553092754219,,,EXPLOIT
681,66,,,0,0,0,0,common,1.0,0.31134606679906285,0.24786207310511357,0.4849070635516094,0.0,0.7975014898241204,0.849133420938686,,,EXPLOIT
682,66,,,0,0,0,0,common,0.0,0.7976250565806091,0.18324371429236458,0.5787224614603093,0.0,0.7871853604107442,0.8390235694477413,,,EXPLOIT
683,66,,,0,0,0,0,common,1.0,0.48154371322260403,0.37792489076243835,0.5495688369889977,0.0,0.775882019004072,0.8275852747278866,,,EXPLOIT
684,66,,,0,0,0,0,common,0.0,0.6869965864053074,0.24896186301338322,0.5907971618138905,0.0,0.7634432958888357,0.8145389915566454,,,EXPLOIT
685,66,,,0,0,0,0,common,1.0,0.5534522188365502,0.44086780149405347,0.5795936789206884,0.0,0.7496898087450311,0.799520825343814,,,EXPLOIT
686,66,,,0,0,0,0,common,1.0,0.3597439422437576,0.2814128807640012,0.5136387579176092,0.0,0.73440228688416,0.7820481221610531,,,EXPLOIT
687,66,,,0,0,0,0,common,0.0,0.7661664375415576,0.20035559676914036,0.5893970618047937,0.0,0.7173098313585612,0.761466717433531,,,EXPLOIT
688,66,,,0,0,0,0,common,0.0,0.49800818440201244,0.395513019737808,0.5619803985839593,0.0,0.6980737694148452,0.736867325476711,,,EXPLOIT
689,66,,,0,0,0,0,common,1.0,0.6762946801386919,0.5492259350963035,0.596274683050379,0.0,0.676265045726118,0.7069477334788075,,,EXPLOIT
690,66,,,0,0,0,0,common,1.0,0.4395915420901497,0.34293155103006445,0.5492697407623102,0.0,0.6513319161102032,0.6697748521910162,,,EXPLOIT
691,66,,,0,0,0,0,common,0.0,0.7142654976414027,0.23131432760458442,0.5987684678260379,0.0,0.6225527173279334,0.6223500202608243,,,EXPLOIT
692,66,,,0,0,0,0,common,1.0,0.5357274265330882,0.42510978412624945,0.5798561554381529,0.0,0.5889649989106235,0.5597574362793134,,,EXPLOIT
693,66,,,0,1,1,0,common,0.0,0.03333425885790586,0.2731589146986325,0.4158995864640788,0.0,0.6060749559868521,0.593290976883434,,,EXPLOIT
694,66,,,0,0,0,0,common,1.0,0.3482228272465073,0.26496938677315723,0.39559655869880733,0.0,0.6216661890829139,0.6218098761665899,,,EXPLOIT
695,66,,,0,0,0,0,common,0.0,0.7736551622897703,0.18978974253365713,0.5090141397760962,0.0,0.5879239947981495,0.5590305848060141,,,EXPLOIT
696,66,,,0,0,0,0,common,1.0,0.4971241445116493,0.3812668234549096,0.5054471411967622,0.0,0.5480163511906527,0.4723104571947824,,,EXPLOIT
697,66,,,0,0,0,0,common,1.0,0.3231306939325721,0.24794001901935026,0.4507522070175051,0.0,0.5690295540412127,0.5206373125679324,,,EXPLOIT
698,66,,,0,0,0,0,common,1.0,0.21003495105617187,0.18115179485616878,0.3785370302291051,0.0,0.5879926685645706,0.5604863311102773,,,EXPLOIT
699,66,,,0,0,0,0,common,1.0,0.13652271818651174,0.14615079768411715,0.3059327366163271,0.0,0.6051909280269547,0.5939069262881008,,,EXPLOIT
700,66,,,0,0,0,0,common,1.0,0.08873976682123264,0.12664050206307217,0.24077484567779872,0.0,0.6208589979385459,0.6223372095013577,,,EXPLOIT
701,66,,,0,0,0,0,common,1.0,0.05768084843380117,0.11521699547888824,0.18584664650459942,0.0,0.6351917066520997,0.6468160982421626,,,EXPLOIT
702,66,,,0,0,0,0,common,1.0,0.037492551481970726,0.1082909781463592,0.1413404179978108,0.0,0.6483521547371461,0.6681128391408404,,,EXPLOIT
703,66,,,0,0,0,0,common,1.0,0.024370158463280944,0.1039910113598865,0.10624934013745184,0.0,0.6604779209247699,0.6868091738404998,,,EXPLOIT
704,66,,,0,0,0,0,common,1.0,0.015840603001132658,0.10127888378007427,0.07912671899655609,0.0,0.6716858662342822,0.7033531883290024,,,EXPLOIT
705,66,,,0,0,0,0,common,1.0,0.010296391950736172,0.0995503286613156,0.05847762088281011,0.0,0.6820758923002339,0.7180956123869804,,,EXPLOIT
706,66,,,0,0,0,0,common,1.0,0.006692654767978534,0.09844108604165305,0.042942131048360636,0.0,0.6917339102015736,0.7313148982729615,,,EXPLOIT
707,66,,,0,0,0,0,common,1.0,0.004350225599186075,0.09772607701452747,0.031364559413608266,0.0,0.7007342067359251,0.743234926992682,,,EXPLOIT
708,66,,,0,0,0,0,common,1.0,0.002827646639470993,0.0972638416691277,0.02280348558136708,0.0,0.7091413461478652,0.7540377525472469,,,EXPLOIT
709,66,,,0,0,0,0,common,1.0,0.0018379703156561344,0.09696444979746988,0.016513831001653795,0.0,0.717011710339514,0.7638729340894557,,,EXPLOIT
710,66,,,0,0,0,0,common,1.0,0.0011946807051764763,0.09677029234922215,0.011918085912710598,0.0,0.7243947552795466,0.7728644762569793,,,EXPLOIT
711,66,,,0,0,0,0,common,0.0,0.9992234575416353,0.09664427869117913,0.308109697401388,0.0,0.7313340428021714,0.7811160635758507,,,EXPLOIT
712,66,,,0,0,0,0,common,1.0,0.350504752597937,0.26655769641497035,0.32082821396035266,0.0,0.7378680932868339,0.7887150588845792,,,EXPLOIT
713,66,,,0,0,0,0,common,1.0,0.22782808918865904,0.19059155199168565,0.29292817652884456,0.0,0.7440310944759524,0.7957355933747432,,,EXPLOIT
714,66,,,0,0,0,0,common,1.0,0.14808825797262837,0.15124483730517724,0.2494762009619797,0.0,0.7498534939735609,0.8022409802309165,,,EXPLOIT
715,66,,,0,0,0,0,common,0.0,0.9037426323177915,0.12955084832164662,0.4457561303687232,0.0,0.755362497101674,0.8082856185288334,,,EXPLOIT
716,66,,,0,0,0,0,common,1.0,0.41256728899343553,0.3122138788186174,0.4357994779561368,0.0,0.7605824872942175,0.8139165087169996,,,EXPLOIT
717,66,,,0,0,0,0,common,1.0,0.26816873784573314,0.21345496720760765,0.3855102559230157,0.0,0.7655353827343834,0.8191744690899173,,,EXPLOIT
718,66,,,0,0,0,0,common,1.0,0.17430967959972654,0.16335527703045383,0.32215008302602893,0.0,0.7702409402381137,0.8240951198893055,,,EXPLOIT
719,66,,,0,0,0,0,common,1.0,0.11330129173982229,0.13636633833395095,0.2594954456401669,0.0,0.7747170152685909,0.8287096852214219,,,EXPLOIT
720,66,,,0,0,0,0,common,1.0,0.07364583963088445,0.12096987412945609,0.20374056383738215,0.0,0.778979785296623,0.8330456509611422,,,EXPLOIT
721,66,,,0,0,0,0,common,0.0,0.9521302042399251,0.11180330674376132,0.428257455958145,0.0,0.7830439423968358,0.8371273079391707,,,EXPLOIT
722,66,,,0,1,1,0,common,0.0,0.02166726825763881,0.2884923670117054,0.3062803996479931,0.0,0.7869228599122026,0.8409762030900083,,,EXPLOIT
723,66,,,0,1,1,0,common,0.0,0.014083724367465227,0.2829502319416668,0.2186213970638347,0.0,0.7906287371709364,0.8446115162555998,,,EXPLOIT
724,66,,,0,0,0,0,common,0.0,0.6188846327559514,0.2793857060145287,0.3387003677714697,0.0,0.7941727255552596,0.848050376555593,,,EXPLOIT
725,66,,,0,0,0,0,common,1.0,0.5977249887086316,0.4588276574117318,0.41640775405261826,0.0,0.7975650386665912,0.8513081293378076,,,EXPLOIT
726,66,,,0,0,0,0,common,0.0,0.6114787573393895,0.28475239967822213,0.47492905503864963,0.0,0.8008150488795611,0.8543985624868132,,,EXPLOIT
727,66,,,0,0,0,0,common,1.0,0.6025388077293968,0.46313774564018134,0.5132119808458738,0.0,0.7908061391719727,0.8449464181235775,,,EXPLOIT
728,66,,,0,0,0,0,common,1.0,0.39165022502410796,0.2870400580493682,0.47674345409934404,0.0,0.7943424620606684,0.8483674385825463,,,EXPLOIT
729,66,,,0,0,0,0,common,1.0,0.2545726462656702,0.19842396533373124,0.4100922117492419,0.0,0.7977275879532961,0.8516087251446399,,,EXPLOIT
730,66,,,0,0,0,0,common,1.0,0.1654722200726857,0.15343519122715174,0.336706214246275,0.0,0.8009708502600128,0.8546839282278395,,,EXPLOIT
731,66,,,0,0,0,0,common,1.0,0.10755694304724572,0.12907722095305227,0.2679614328865662,0.0,0.8040808299182823,0.8576053502699688,,,EXPLOIT
732,66,,,0,1,1,0,common,0.0,0.009154420838852397,0.11511770845160725,0.19031932927225206,0.0,0.8070654297309262,0.8603841081156648,,,EXPLOIT
733,66,,,0,0,0,0,common,1.0,0.0699120129807097,0.11399368961466108,0.15419713438478935,0.0,0.8099319400621262,0.8630302724809077,,,EXPLOIT
734,66,,,0,0,0,0,common,1.0,0.04544280843746129,0.10572714870721783,0.12157083660059094,0.0,0.8126870970412103,0.8655529881833406,,,EXPLOIT
735,66,,,0,0,0,0,common,0.0,0.9704621745156502,0.10064608949664781,0.3762382379751087,0.0,0.8153371342524767,0.8679605781636357,,,EXPLOIT
736,66,,,0,0,0,0,common,1.0,0.36919958656482743,0.2686403258898711,0.3741266425520243,0.0,0.8178878287460014,0.8702606337913074,,,EXPLOIT
737,66,,,0,0,0,0,common,1.0,0.2399797312671379,0.1886688567630716,0.3338825691665584,0.0,0.8203445420842707,0.8724600935194533,,,EXPLOIT
738,66,,,0,0,0,0,common,1.0,0.1559868253236396,0.1477849435414478,0.28051384601368273,0.0,0.8227122570384535,0.8745653116052354,,,EXPLOIT
739,66,,,0,0,0,0,common,1.0,0.10139143646036575,0.12547038477938416,0.22677712314768764,0.0,0.8249956104629038,0.8765821183297593,,,EXPLOIT
740,66,,,0,0,0,0,common,1.0,0.06590443369923771,0.11260152477932239,0.17851531631315265,0.0,0.8271989228043247,0.8785158729193321,,,EXPLOIT
741,66,,,0,0,0,0,common,0.0,0.9571621180954955,0.1048795054111119,0.41210935684785543,0.0,0.8293262246407789,0.8803715101796867,,,EXPLOIT
742,66,,,0,0,0,0,common,1.0,0.377844623237928,0.2747492890077696,0.4018299367648772,0.0,0.831381280593568,0.8821535816976346,,,EXPLOIT
743,66,,,0,0,0,0,common,1.0,0.24559900510465327,0.19170640892222998,0.35496065726681,0.0,0.8333676109104612,0.8838662923344169,,,EXPLOIT
744,66,,,0,0,0,0,common,1.0,0.1596393533180246,0.14939281499993531,0.29636426608217437,0.0,0.8352885109806206,0.8855135326267385,,,EXPLOIT
745,66,,,0,0,0,0,common,1.0,0.10376557965671596,0.12637585616756575,0.23858466015453683,0.0,0.8371470690088233,0.8870989076210493,,,EXPLOIT
746,66,,,0,0,0,0,common,0.0,0.9325523732231347,0.11313580230763326,0.4467749740751161,0.0,0.8389461820484032,0.888625762590894,,,EXPLOIT
747,66,,,0,0,0,0,common,0.0,0.6061590425950376,0.2862978943667188,0.49459019463109255,0.0,0.8406885705680185,0.8900972060234644,,,EXPLOIT
748,66,,,0,0,0,0,common,1.0,0.6059966223132256,0.4633649838165832,0.5280121229357324,0.0,0.8340040512231333,0.884499354281589,,,EXPLOIT
749,66,,,0,0,0,0,common,1.0,0.39389780450359657,0.2863394966582956,0.48777782740609166,0.0,0.8359041942313996,0.8861226907665732,,,EXPLOIT
750,66,,,0,0,0,0,common,1.0,0.25603357292733775,0.19745104873490074,0.41825455106246545,0.0,0.8377429647413243,0.8876854616403765,,,EXPLOIT
751,66,,,0,0,0,0,common,1.0,0.1664218224027696,0.1524181236087688,0.3427047324645566,0.0,0.8395232004102274,0.8891909196845753,,,EXPLOIT
752,66,,,0,0,0,0,common,1.0,0.10817418456180028,0.1280724591003114,0.27234556809372973,0.0,0.841247566791236,0.8906420889789116,,,EXPLOIT
753,66,,,0,0,0,0,common,1.0,0.07031321996517015,0.11413390160736969,0.21173586365516184,0.0,0.8429185701884052,0.8920417846560635,,,EXPLOIT
754,66,,,0,0,0,0,common,1.0,0.045703592977360596,0.10581234545906153,0.16192618245182147,0.0,0.8445385693765463,0.8933926306435286,,,EXPLOIT
755,66,,,0,0,0,0,common,1.0,0.029707335435284365,0.10069906227322772,0.12226052834686034,0.0,0.8461097863010334,0.8946970756279065,,,EXPLOIT
756,66,,,0,0,0,0,common,0.0,0.9806902319670652,0.09749590696711433,0.37978943943292176,0.0,0.8476343158596865,0.8959574074459571,,,EXPLOIT
757,66,,,0,0,0,0,common,1.0,0.36255134922140764,0.2640062405414123,0.37461801236946746,0.0,0.8491141348573038,0.8971757660803809,,,EXPLOIT
758,66,,,0,0,0,0,common,1.0,0.235658376993915,0.18635945303118015,0.3329301217568017,0.0,0.850551110213347,0.8983541554156421,,,EXPLOIT
759,66,,,0,0,0,0,common,1.0,0.15317794504604476,0.14655854147023792,0.2790044687435746,0.0,0.8519470064944606,0.8994944538896957,,,EXPLOIT
760,66,,,0,1,1,0,common,0.0,0.005950373545254058,0.12477793574870266,0.19708824018407842,0.0,0.8533034928357399,0.9005984241607327,,,EXPLOIT
761,66,,,0,0,0,0,common,0.0,0.9004343357200709,0.12399217197783019,0.40809206884487614,0.0,0.8546221493078446,0.9016677218935933,,,EXPLOIT
762,66,,,0,0,0,0,common,1.0,0.4147176817819539,0.300264875725034,0.41007975272599945,0.0,0.855904472781043,0.9027039037579841,,,EXPLOIT
763,66,,,0,0,0,0,common,1.0,0.2695664931582701,0.2039118021522807,0.3679257748556806,0.0,0.857151882331952,0.9037084347197697,,,EXPLOIT
764,66,,,0,0,0,0,common,0.0,0.8247817794471244,0.15546394286955426,0.5049825762331137,0.0,0.8516416850360417,0.8993079875748462,,,EXPLOIT
765,66,,,0,0,0,0,common,1.0,0.46389184335936906,0.3387379439882478,0.49265535637099034,0.0,0.8530067497528764,0.9004178626220453,,,EXPLOIT
766,66,,,0,0,0,0,common,1.0,0.3015296981835899,0.22282583187142602,0.43531765891477014,0.0,0.8543336424525843,0.9014927977267068,,,EXPLOIT
767,66,,,0,0,0,0,common,0.0,0.8040056961806665,0.16521720678131224,0.545924070094539,0.0,0.8486305552287493,0.8969074988635337,,,EXPLOIT
768,66,,,0,0,0,0,common,1.0,0.47739629748256673,0.34975643574736287,0.5253657383109473,0.0,0.8425268659223453,0.8919272498194446,,,EXPLOIT
769,66,,,0,0,0,0,common,1.0,0.3103075933636684,0.22824846071332935,0.46084829482676365,0.0,0.8441587586391704,0.8932820636398109,,,EXPLOIT
770,66,,,0,0,0,0,common,1.0,0.20169993568638445,0.16798375792563827,0.38310378708464987,0.0,0.8457413538356827,0.8945902790871879,,,EXPLOIT
771,66,,,0,0,0,0,common,1.0,0.13110495819614987,0.136368031385789,0.30750413841809987,0.0,0.8472767757089801,0.8958541968648074,,,EXPLOIT
772,66,,,0,0,0,0,common,1.0,0.08521822282749736,0.11869641443271414,0.2408183637409191,0.0,0.848767028309316,0.8970759687900846,,,EXPLOIT
773,66,,,0,0,0,0,common,0.0,0.9446081551621267,0.1083242712093289,0.45195530116728133,0.0,0.8502140039181615,0.8982576096481546,,,EXPLOIT
774,66,,,0,0,0,0,common,1.0,0.38600469914461755,0.2790996798573545,0.43217012056048215,0.0,0.8516194907348335,0.8994010079306862,,,EXPLOIT
775,66,,,0,0,0,0,common,1.0,0.2509030544440014,0.19346544573964197,0.3777900007255379,0.0,0.852985179937362,0.9005079355803868,,,EXPLOIT
776,66,,,0,0,0,0,common,0.0,0.8369130146113991,0.14999752200442593,0.5155269048912963,0.0,0.8471886137695197,0.8958392178208996,,,EXPLOIT
777,66,,,0,0,0,0,common,0.0,0.5439934594974094,0.3323902345198664,0.5240668712731302,0.0,0.8409814580208536,0.8907645456489772,,,EXPLOIT
778,66,,,0,0,0,0,common,0.0,0.3535957486733161,0.49760165486565167,0.472925534493186,0.0,0.8426606481647234,0.8921599362670612,,,EXPLOIT
779,66,,,0,0,0,0,common,1.0,0.7701627633623445,0.6005811331728113,0.5620967031539335,0.0,0.8361228552056955,0.886753072431064,,,EXPLOIT
780,66,,,0,0,0,0,common,1.0,0.5006057961855239,0.36910011341866406,0.5436494310634106,0.0,0.8290922829848713,0.8808383122984007,,,EXPLOIT
781,66,,,0,0,0,0,common,1.0,0.3253937675205907,0.2377990704261019,0.4781727320005646,0.0,0.8311552289400062,0.8826020931003516,,,EXPLOIT
782,66,,,0,0,0,0,common,0.0,0.7884940511116161,0.17282856023172544,0.5712691277338799,0.0,0.8237380362275294,0.8762814004855646,,,EXPLOIT
783,66,,,0,0,0,0,common,1.0,0.48747886677744945,0.3580989165039107,0.5461320494469508,0.0,0.8157239109227126,0.869315731672683,,,EXPLOIT
784,66,,,0,0,0,0,common,1.0,0.31686126340534215,0.23236150043232226,0.4773508136344682,0.0,0.8182602511534006,0.8715562651807672,,,EXPLOIT
785,66,,,0,0,0,0,common,1.0,0.20595982121347245,0.1700743703515727,0.39593351590816944,0.0,0.8207033769444557,0.8736999787205577,,,EXPLOIT
786,66,,,0,0,0,0,common,1.0,0.1338738837887571,0.13750419639007722,0.3173156262723457,0.0,0.8230582174504731,0.8757529138797435,,,EXPLOIT
787,66,,,0,0,0,0,common,1.0,0.08701802446269213,0.11934958940604079,0.24822634572944963,0.0,0.8253293605158525,0.8777206199781887,,,EXPLOIT
788,66,,,0,0,0,0,common,1.0,0.056561715900749876,0.10871534670267634,0.19072695678083967,0.0,0.8275210817170452,0.8796082032072818,,,EXPLOIT
789,66,,,0,0,0,0,common,1.0,0.03676511533548743,0.1022650534062437,0.144538404347234,0.0,0.8296373704889425,0.8814203699982391,,,EXPLOIT
790,66,,,0,0,0,0,common,1.0,0.023897324968066846,0.09825906458458905,0.10834608053348385,0.0,0.831681953671329,0.8831614653949063,,,EXPLOIT
791,66,,,0,0,0,0,common,1.0,0.015533261229243478,0.09573173629379234,0.08050223474221174,0.0,0.8336583167678135,0.8848355070897402,,,EXPLOIT
792,66,,,0,0,0,0,common,1.0,0.010096619799008222,0.09412068862786979,0.05938055025925068,0.0,0.8355697231723767,0.8864462156842235,,,EXPLOIT
793,66,,,0,0,0,0,common,1.0,0.0065628028693554,0.09308673456832892,0.04353522604228209,0.0,0.8374192315866602,0.8879970416534685,,,EXPLOIT
794,66,,,0,0,0,0,common,1.0,0.004265821865081065,0.09242020546331697,0.03175440478912178,0.0,0.8392097118235624,0.8894911894263294,,,EXPLOIT
795,66,,,0,0,0,0,common,1.0,0.002772784212302648,0.09198928966122408,0.02305991861607604,0.0,0.8409438591689117,0.890931638934711,,,EXPLOIT
796,66,,,0,0,0,0,common,1.0,0.0018023097379967767,0.0917101744625742,0.01668263595265226,0.0,0.8426242074524068,0.8923211649370458,,,EXPLOIT
797,66,,,0,0,0,0,common,1.0,0.0011715013296978993,0.09152916268854165,0.012029295565765952,0.0,0.844253140961163,0.8936623543796275,,,EXPLOIT
798,66,,,0,0,0,0,common,1.0,0.0007614758643036401,0.09141167930457621,0.008648949655327259,0.0,0.8458329053136895,0.8949576220243727,,,EXPLOIT
799,66,,,0,0,0,0,common,1.0,0.0004949593117973272,0.09133538866022159,0.006202752552268279,0.0,0.847365617398612,0.8962092245416657,,,EXPLOIT
800,66,,,0,0,0,0,common,0.0,0.9996782764473318,0.0912858307982952,0.3042454097207873,0.0,0.8488532744706596,0.8974192732413251,,,EXPLOIT
801,66,,,0,0,0,0,common,1.0,0.35020912030923435,0.2541439456357336,0.31803452289732137,0.0,0.8502977624861238,0.8985897455928061,,,EXPLOIT
802,66,,,0,0,0,0,common,1.0,0.2276359282010023,0.18104864836297663,0.29091494448842564,0.0,0.8517008637509548,0.8997224956668806,,,EXPLOIT
803,66,,,0,0,0,0,common,1.0,0.14796335333065147,0.14341315714159308,0.24802946714109336,0.0,0.8530642639467284,0.9008192636147808,,,EXPLOIT
804,66,,,0,0,0,0,common,1.0,0.09617617966492342,0.12272264538953803,0.20247348089824238,0.0,0.8543895585927341,0.9018816842867649,,,EXPLOIT
805,66,,,0,0,0,0,common,1.0,0.06251451678220021,0.11072491400981316,0.16048579166342972,0.0,0.855678258996285,0.9029112950798873,,,EXPLOIT
806,66,,,0,0,0,0,common,1.0,0.04063443590843019,0.10349808429927278,0.12453038493692985,0.0,0.8569317977379198,0.9039095430942238,,,EXPLOIT
807,66,,,0,0,0,0,common,1.0,0.026412383340479573,0.09903073449455882,0.09509498445799476,0.0,0.8581515337333655,0.9048777916676145,,,EXPLOIT
808,66,,,0,0,0,0,common,1.0,0.01716804917131176,0.09622103744403336,0.07171690387198985,0.0,0.8593387569098783,0.9058173263509941,,,EXPLOIT
809,66,,,0,0,0,0,common,1.0,0.0111592319613526,0.09443362793480697,0.053549602298798675,0.0,0.8604946925308036,0.9067293603793966,,,EXPLOIT
810,66,,,0,0,0,0,common,1.0,0.007253500774879185,0.09328801053334933,0.039660771841622824,0.0,0.8616205051988488,0.9076150396876015,,,EXPLOIT
811,66,,,0,0,0,0,common,1.0,0.004714775503671498,0.09255013924606253,0.029176972940237425,0.0,0.8627173025655734,0.9084754475140373,,,EXPLOIT
812,66,,,0,0,0,0,common,1.0,0.0030646040773865124,0.09207336994917259,0.02134326228138215,0.0,0.8637861387719479,0.9093116086318407,,,EXPLOIT
813,66,,,0,1,1,0,common,0.0,0.0038677428044151378,0.09176466797746083,0.016100606438292045,0.0,0.8648280176424528,0.9101244932418311,,,EXPLOIT
814,66,,,0,0,0,0,common,1.0,0.0019919926503012553,0.09137640792255672,0.011868022301894808,0.0,0.8658438956530757,0.9109150205585037,,,EXPLOIT
815,66,,,0,0,0,0,common,1.0,0.0012947952226958215,0.09117702681323965,0.008696054178135113,0.0,0.8668346846916588,0.911684062116914,,,EXPLOIT
816,66,,,0,0,0,0,common,1.0,0.0008416168947522618,0.09104764137730914,0.006339722993120257,0.0,0.8678012546273514,0.9124324448254757,,,EXPLOIT
817,66,,,0,0,0,0,common,1.0,0.0005470509815890257,0.09096363043529249,0.004601921389660888,0.0,0.868744435704393,0.913160953787162,,,EXPLOIT
818,66,,,0,0,0,0,common,1.0,0.00035558313803285557,0.09090906114810848,0.003328019914172478,0.0,0.8696650207740817,0.9138703349093471,,,EXPLOIT
819,66,,,0,1,1,0,common,0.0,0.0025140328228698394,0.09087360708508327,0.003083823786781686,0.0,0.8705637673775479,0.9145612973205406,,,EXPLOIT
820,66,,,0,1,1,0,common,0.0,0.0016341213348653955,0.09062329958699569,0.0026489130512067985,0.0,0.8714413996908367,0.915234515610475,,,EXPLOIT
821,66,,,0,0,0,0,common,1.0,0.00023112903972133392,0.0904609363544884,0.001923577847761159,0.0,0.8722986103428071,0.9158906319084348,,,EXPLOIT
822,66,,,0,0,0,0,common,1.0,0.000150233875818917,0.09043799319135877,0.0013915746561784864,0.0,0.8731360621154429,0.9165302578132866,,,EXPLOIT
823,66,,,0,0,0,0,common,0.0,0.9999023479807178,0.09042308297578207,0.30094480665354023,0.0,0.8739543895353555,0.9171539761874152,,,EXPLOIT
824,66,,,0,1,1,0,common,1.0,0.9989378211323375,0.2521588227600714,0.5103427109971794,0.0,0.8695249351385755,0.9137922077828452,,,EXPLOIT
825,66,,,0,0,0,0,common,1.0,0.35006347381253344,0.5416961801172948,0.46225893984178557,0.0,0.870426991125664,0.914485188717353,,,EXPLOIT
826,66,,,0,0,0,0,common,1.0,0.22754125797814673,0.4332489511175032,0.39184363528269384,0.0,0.8713078235886572,0.9151603519998356,,,EXPLOIT
827,66,,,0,0,0,0,common,1.0,0.14790181768579536,0.36415227699421476,0.31866109000362425,0.0,0.8721681298928325,0.9158183432787265,,,EXPLOIT
828,66,,,0,1,1,0,common,1.0,0.6493095837360194,0.32203216114351696,0.4178556381233428,0.0,0.8730085773024866,0.9164597774639154,,,EXPLOIT
829,66,,,0,1,1,0,common,0.0,0.5779487705715874,0.5186218821744691,0.4658835778578162,0.0,0.8738298045886237,0.9170852405352821,,,EXPLOIT
830,66,,,0,1,1,0,common,0.0,0.37566670087153187,0.34201773112566014,0.43881851476193084,0.0,0.8746324235346847,0.9176952912250195,,,EXPLOIT
831,66,,,0,0,0,0,common,1.0,0.09613618149576697,0.24498511925460356,0.33601381478208164,0.0,0.8754170203477801,0.9182904625839041,,,EXPLOIT
832,66,,,0,0,0,0,common,1.0,0.062488517972248525,0.22360699625842861,0.2539562257391317,0.0,0.8761841569822718,0.9188712634407474,,,EXPLOIT
833,66,,,0,0,0,0,common,0.0,0.9593824633180384,0.21048903257664348,0.4655840970128037,0.0,0.8769343723819955,0.9194381797634302,,,EXPLOIT
834,66,,,0,0,0,0,common,0.0,0.6235986011567249,0.4710995062489273,0.51298844825598,0.0,0.8726842585586161,0.9162387829543229,,,EXPLOIT
835,66,,,0,1,1,0,common,1.0,0.7558166444335043,0.6437835472076303,0.5858369071092373,0.0,0.868177239582991,0.9128108158506812,,,EXPLOIT
836,66,,,0,1,1,0,common,0.0,0.5087191811182222,0.6722206541237495,0.5627015893119328,0.0,0.8633895452588781,0.9091290697533307,,,EXPLOIT
837,66,,,0,1,1,0,common,0.0,0.33066746772684447,0.682118617098564,0.4930913528364063,0.0,0.8644413931705793,0.9099470116228771,,,EXPLOIT
838,66,,,0,1,1,0,common,0.0,0.2149338540224489,0.6255771673898727,0.4096441031922191,0.0,0.865466887812577,0.9107423975043439,,,EXPLOIT
839,66,,,0,1,1,0,common,0.0,0.1397070051145918,0.5697113806526406,0.3286629737689309,0.0,0.8664669574403828,0.9115161091864444,,,EXPLOIT
840,66,,,0,0,0,0,common,1.0,0.5946609092481288,0.5285459095444767,0.4084623544126902,0.0,0.8674424873510527,0.9122689831780465,,,EXPLOIT
841,66,,,0,0,0,0,common,0.0,0.6134704089887163,0.3465353293312853,0.469964770785498,0.0,0.8683943223409871,0.9130018135786789,,,EXPLOIT
842,66,,,0,0,0,0,common,0.0,0.3987557658426656,0.5342366553560828,0.44860206930264823,0.0,0.8693232689968867,0.9137153547333954,,,EXPLOIT
843,66,,,0,0,0,0,common,1.0,0.7408087522022674,0.6395032109404886,0.536264074172534,0.0,0.8646077493126477,0.9101014673572958,,,EXPLOIT
844,66,,,0,0,0,0,common,0.0,0.5184743110685262,0.428011681322317,0.5309271452413316,0.0,0.8595917301985618,0.906212621890858,,,EXPLOIT
845,66,,,0,0,0,0,common,1.0,0.662991697805458,0.5851802420563906,0.5705465110105694,0.0,0.8542458209081463,0.9020164179290885,,,EXPLOIT
846,66,,,0,0,0,0,common,1.0,0.4309446035735477,0.383804787337825,0.5286659387794629,0.0,0.8485366690398896,0.8974751564979095,,,EXPLOIT
847,66,,,0,0,0,0,common,1.0,0.280113992322806,0.26568789495616707,0.4541003548424658,0.0,0.8499902980081734,0.8986438153153432,,,EXPLOIT
848,66,,,0,0,0,0,common,1.0,0.18207409500982386,0.20359735906618212,0.37249247689267323,0.0,0.8514021648623288,0.8997748361227689,,,EXPLOIT
849,66,,,0,0,0,0,common,1.0,0.11834816175638552,0.16974420440540405,0.2962491823517869,0.0,0.852773975524264,0.9008699539356365,,,EXPLOIT
850,66,,,0,0,0,0,common,0.0,0.9230736948583494,0.15034450771911215,0.4842965361037556,0.0,0.8541073444071443,0.9019307988538686,,,EXPLOIT
851,66,,,0,0,0,0,common,1.0,0.4000020983420729,0.3576538831812871,0.4590082047752508,0.0,0.8554038004717769,0.9029589038754321,,,EXPLOIT
852,66,,,0,0,0,0,common,1.0,0.2600013639223474,0.2519477728515816,0.39930615251937973,0.0,0.8566647928082665,0.9039557120218502,,,EXPLOIT
853,66,,,0,0,0,0,common,1.0,0.16900088654952583,0.19624324303237084,0.3302145727284236,0.0,0.8578916957857917,0.9049225828453221,,,EXPLOIT
854,66,,,0,0,0,0,common,1.0,0.10985057625719175,0.16560187732231105,0.264105373787054,0.0,0.8590858138089943,0.9058607983791674,,,EXPLOIT
855,66,,,0,0,0,0,common,1.0,0.07140287456717465,0.1479055839680487,0.2062946240210902,0.0,0.8602483857156,0.9067715685863759,,,EXPLOIT
856,66,,,0,0,0,0,common,1.0,0.04641186846866352,0.13729011870420887,0.1583297973553622,0.0,0.8613805888464464,0.9076560363549655,,,EXPLOIT
857,66,,,0,0,0,0,common,1.0,0.030167714504631293,0.1307492339557075,0.11988117250014294,0.0,0.862483542816046,0.9085152820835254,,,EXPLOIT
858,66,,,0,0,0,0,common,1.0,0.01960901442801033,0.12664492255543527,0.08979952507850315,0.0,0.863558313009072,0.9093503278956364,,,EXPLOIT
859,66,,,0,0,0,0,common,1.0,0.012745859378206714,0.12403808367464725,0.06668342536841422,0.0,0.8646059138257369,0.9101621415177485,,,EXPLOIT
860,66,,,0,0,0,0,common,0.0,0.9917151914041656,0.1223690475239822,0.3441929551791396,0.0,0.8656273116968514,0.9109516398514542,,,EXPLOIT
861,66,,,0,0,0,0,common,0.0,0.6446148744127077,0.3215352158750525,0.43431953094921005,0.0,0.866623427887411,0.9117196922678933,,,EXPLOIT
862,66,,,0,0,0,0,common,1.0,0.58100033163174,0.5166276899407776,0.47832377115396896,0.0,0.8675951411058157,0.9124671236491797,,,EXPLOIT
863,66,,,0,0,0,0,common,1.0,0.37765021556063094,0.33930471311635535,0.44812170447596755,0.0,0.8685432899342614,0.9131947171992316,,,EXPLOIT
864,66,,,0,1,1,0,common,0.0,0.09080955332448468,0.24234327572491665,0.34092805913052265,0.0,0.8694686750944446,0.9139032170441441,,,EXPLOIT
865,66,,,0,0,0,0,common,1.0,0.24547264011441006,0.22227629021319945,0.3122914334256889,0.0,0.8703720615614501,0.9145933306402648,,,EXPLOIT
866,66,,,0,0,0,0,common,1.0,0.15955721607436657,0.17443929959570922,0.26647116822029215,0.0,0.8712541805375604,0.915265731006358,,,EXPLOIT
867,66,,,0,0,0,0,common,1.0,0.10371219044833824,0.14813636629856555,0.21764347488870595,0.0,0.8721157312967003,0.9159210587946711,,,EXPLOIT
868,66,,,0,0,0,0,common,1.0,0.06741292379141983,0.13291757625586365,0.1725743095595201,0.0,0.8729573829092969,0.9165599242143064,,,EXPLOIT
869,66,,,0,1,1,0,common,0.0,0.05902620966091504,0.12377081301648094,0.13850987958993857,0.0,0.8737797758565075,0.9171829088190396,,,EXPLOIT
870,66,,,0,0,0,0,common,1.0,0.04381840046442287,0.11622133567680348,0.11010243585228385,0.0,0.8745835235420034,0.9177905671706048,,,EXPLOIT
871,66,,,0,0,0,0,common,1.0,0.028481960301874887,0.11088386969288061,0.08561629318716116,0.0,0.8753692137088195,0.9183834283874462,,,EXPLOIT
872,66,,,0,0,0,0,common,1.0,0.01851327419621862,0.10753278376612989,0.0654853874898784,0.0,0.8761374097681466,0.9189619975880375,,,EXPLOIT
873,66,,,0,0,0,0,common,0.0,0.9879663717724579,0.10540346148331016,0.34222968277465227,0.0,0.8768886520463913,0.9195267572370438,,,EXPLOIT
874,66,,,0,0,0,0,common,1.0,0.35782185834790226,0.2836695950828534,0.3469073354466273,0.0,0.8776234589563071,0.9200781684018764,,,EXPLOIT
875,66,,,0,0,0,0,common,1.0,0.23258420792613643,0.20249678065166096,0.31261039719048,0.0,0.8783423280975332,0.9206166719265189,,,EXPLOIT
876,66,,,0,0,0,0,common,1.0,0.15117973515198868,0.1603122971125991,0.2641811985789326,0.0,0.8790457372914618,0.9211426895289128,,,EXPLOIT
877,66,,,0,0,0,0,common,1.0,0.09826682784879259,0.13704867087694828,0.21440688735989055,0.0,0.8797341455549551,0.9216566248276463,,,EXPLOIT
878,66,,,0,0,0,0,common,0.0,0.9361265618982848,0.12354404887393368,0.43092278972140885,0.0,0.8804079940170891,0.922158864303203,,,EXPLOIT
879,66,,,0,0,0,0,common,1.0,0.39151773476611484,0.3088640525793788,0.4191012732348206,0.0,0.8810677067827762,0.9226497781985873,,,EXPLOIT
880,66,,,0,0,0,0,common,1.0,0.25448652759797463,0.21524792979252855,0.36971684954376677,0.0,0.8817136917468219,0.9231297213637394,,,EXPLOIT
881,66,,,0,0,0,0,common,1.0,0.1654162429386835,0.16711441450060074,0.3084266675622418,0.0,0.8823463413617035,0.9235990340477908,,,EXPLOIT
882,66,,,0,1,1,0,common,1.0,0.9616329637204052,0.14089433835858864,0.5043885564096908,0.0,0.8784124748461303,0.9206849731460943,,,EXPLOIT
883,66,,,0,0,0,0,common,1.0,0.10752055791014425,0.3507402117687037,0.3853281568598268,0.0,0.8791143824689187,0.9212094155391786,,,EXPLOIT
884,66,,,0,0,0,0,common,1.0,0.06988836264159382,0.3204611274609546,0.29069621859435685,0.0,0.8798013335072914,0.9217218262443759,,,EXPLOIT
885,66,,,0,0,0,0,common,0.0,0.954572564282964,0.3016100254362657,0.489859122300939,0.0,0.8804737673714762,0.9222225896059041,,,EXPLOIT
886,66,,,0,0,0,0,common,1.0,0.3795278332160734,0.5856986205026689,0.4567597355754793,0.0,0.8811321065300802,0.9227120738420964,,,EXPLOIT
887,66,,,0,0,0,0,common,1.0,0.24669309159044772,0.4720367397848424,0.3937397423799698,0.0,0.8817767573194354,0.9231906318828922,,,EXPLOIT
888,66,,,0,0,0,0,common,1.0,0.16035050953379104,0.3954809335189694,0.32372297252611615,0.0,0.8824081107069754,0.9236586021556648,,,EXPLOIT
889,66,,,0,1,1,0,common,0.0,0.37493857358173655,0.3480330589085653,0.33908765284280223,0.0,0.8830265430116634,0.9241163093230669,,,EXPLOIT
890,66,,,0,0,0,0,common,0.0,0.8957721688030358,0.2500270861455026,0.5060930076308723,0.0,0.8791315628424187,0.9212367818526799,,,EXPLOIT
891,66,,,0,0,0,0,common,1.0,0.41774809027802673,0.5075135141897509,0.4795895324250186,0.0,0.8798181493560443,0.9217485678018567,,,EXPLOIT
892,66,,,0,0,0,0,common,1.0,0.2715362586807174,0.3782389417287211,0.41717355030172826,0.0,0.8804902293524085,0.9222487262548208,,,EXPLOIT
893,66,,,0,0,0,0,common,1.0,0.17649856814246634,0.3014909901842027,0.34497105565394964,0.0,0.8811482248912805,0.9227376246017942,,,EXPLOIT
894,66,,,0,0,0,0,common,0.0,0.8852759307073969,0.25709515319598425,0.5070625181699838,0.0,0.8771453961817225,0.9197655953117038,,,EXPLOIT
895,66,,,0,0,0,0,common,1.0,0.42457064504019204,0.5135276007985407,0.48231495623104625,0.0,0.8778746188614084,0.9203114004586654,,,EXPLOIT
896,66,,,0,0,0,0,common,0.0,0.7240290807238752,0.3820281549086264,0.5548291935788949,0.0,0.8736803227296348,0.9171730018570576,,,EXPLOIT
897,66,,,0,0,0,0,common,1.0,0.5293810975294811,0.599883468325499,0.5471947647640708,0.0,0.8692341885459277,0.9138126026952327,,,EXPLOIT
898,66,,,0,0,0,0,common,1.0,0.34409771339416273,0.4417787641276031,0.48626564935309835,0.0,0.8701431289206791,0.9145050564597849,,,EXPLOIT
899,66,,,0,0,0,0,common,1.0,0.22366351370620574,0.3384257085869249,0.40748500865903053,0.0,0.8710306179544944,0.9151797117855516,,,EXPLOIT
900,66,,,0,1,1,0,common,0.0,0.24371007282812876,0.2785379921496199,0.35835252790976,0.0,0.8718973629162585,0.9158372134009761,,,EXPLOIT
901,66,,,0,1,1,0,common,0.0,0.1584115473382837,0.2218452434627536,0.2983702337383171,0.0,0.8727440404412041,0.9164781753503927,,,EXPLOIT
902,66,,,0,0,0,0,common,1.0,0.1453812839090337,0.1899715064693887,0.2524735487895321,0.0,0.8735712981726164,0.9171031827987418,,,EXPLOIT
903,66,,,0,0,0,0,common,1.0,0.0944978345408719,0.16406650030037356,0.20508083451493403,0.0,0.8743797562990723,0.9177127937103821,,,EXPLOIT
904,66,,,0,0,0,0,common,1.0,0.0614235924515667,0.14886352975361394,0.1619836618959238,0.0,0.8751700089948833,0.9183075404121303,,,EXPLOIT
905,66,,,0,0,0,0,common,0.0,0.9600746649064816,0.13963969796166556,0.4014109627990911,0.0,0.875942625770781,0.9188879310497373,,,EXPLOIT
906,66,,,0,0,0,0,common,1.0,0.3759514678107869,0.3478300577030741,0.3937731143025998,0.0,0.8766981527413024,0.9194544509461818,,,EXPLOIT
907,66,,,0,0,0,0,common,1.0,0.24436845407701147,0.24962600689269165,0.34895171623492327,0.0,0.8774371138148093,0.9200075638694171,,,EXPLOIT
908,66,,,0,0,0,0,common,1.0,0.15883949515005746,0.19735250000265855,0.2919180499094635,0.0,0.8781600118115936,0.920547713216533,,,EXPLOIT
909,66,,,0,0,0,0,common,1.0,0.10324567184753741,0.16829916597157693,0.23531633649088565,0.0,0.878867329515089,0.9210753231206984,,,EXPLOIT
910,66,,,0,0,0,0,common,0.0,0.9328903132991007,0.1513886531876486,0.44458852953335015,0.0,0.8795595306608137,0.9215907994866894,,,EXPLOIT
911,66,,,0,0,0,0,common,1.0,0.3936212963555845,0.3624737718835721,0.42929835958002044,0.0,0.8802370608673024,0.9220945309603261,,,EXPLOIT
912,66,,,0,0,0,0,common,0.0,0.74414615736887,0.2573585793695664,0.5237526989166753,0.0,0.8761813873566642,0.9190788493863647,,,EXPLOIT
913,66,,,0,0,0,0,common,1.0,0.5163049977102345,0.4699246290606344,0.5215183885547431,0.0,0.8718863070810867,0.9158541793610749,,,EXPLOIT
914,66,,,0,0,0,0,common,1.0,0.33559824851165243,0.3155708655466119,0.4657423465418159,0.0,0.8727332393844084,0.916494716851019,,,EXPLOIT
915,66,,,0,0,0,0,common,1.0,0.2181388615325741,0.23260000844492057,0.39146130103904336,0.0,0.8735607437146257,0.9171193147671601,,,EXPLOIT
916,66,,,0,0,0,0,common,0.0,0.8582097400038269,0.18804006264747966,0.5314858327284784,0.0,0.8691073220945331,0.9137550511168722,,,EXPLOIT
917,66,,,0,0,0,0,common,1.0,0.4421636689975126,0.40404905950741327,0.5046891836091886,0.0,0.8643782445364742,0.91014412707925,,,EXPLOIT
918,66,,,0,0,0,0,common,1.0,0.2874063848483832,0.2794606756108305,0.43950434398094695,0.0,0.8654053134674179,0.9109341177025473,,,EXPLOIT
919,66,,,0,0,0,0,common,1.0,0.1868141501514491,0.21342277996633685,0.36369728583209754,0.0,0.866406902234926,0.9117026433507,,,EXPLOIT
920,66,,,0,0,0,0,common,1.0,0.12142919759844195,0.1773880992377248,0.29101685936200083,0.0,0.8673838986743203,0.912450529874948,,,EXPLOIT
921,66,,,0,0,0,0,common,1.0,0.07892897843898727,0.15675421949259533,0.22739049508509676,0.0,0.868337149975831,0.9131785613874871,,,EXPLOIT
922,66,,,0,0,0,0,common,1.0,0.05130383598534172,0.14445848264907796,0.17456449735517024,0.0,0.8692674649853035,0.913887482866369,,,EXPLOIT
923,66,,,0,0,0,0,common,1.0,0.03334749339047216,0.1369177922955084,0.13219939616576082,0.0,0.870175616350368,0.9145780025677162,,,EXPLOIT
924,66,,,0,0,0,0,common,1.0,0.021675870703806943,0.1322012338737076,0.09904233852717466,0.0,0.8710623425240441,0.9152507942616761,,,EXPLOIT
925,66,,,0,0,0,0,common,1.0,0.014089315957474535,0.1292119235755212,0.07355643175626461,0.0,0.8719283496367111,0.9159064993069587,,,EXPLOIT
926,66,,,0,0,0,0,common,1.0,0.009158055372358476,0.12730070972672958,0.05423691884109277,0.0,0.8727743132464226,0.9165457285773926,,,EXPLOIT
927,66,,,0,0,0,0,common,1.0,0.005952735992033054,0.12607174397835805,0.03975166398637485,0.0,0.8736008799766913,0.917169064252669,,,EXPLOIT
928,66,,,0,0,0,0,common,1.0,0.0038692783948215403,0.12527850994835807,0.028986948308908855,0.0,0.8744086690500934,0.9177770614843135,,,EXPLOIT
929,66,,,0,0,0,0,common,1.0,0.002515030956633968,0.12476526143236986,0.021045373103226385,0.0,0.8751982737253452,0.9183702499469125,,,EXPLOIT
930,66,,,0,0,0,0,common,1.0,0.0016347701218121236,0.12443264161622243,0.015222192208802107,0.0,0.8759702626448646,0.9189491352837088,,,EXPLOIT
931,66,,,0,0,0,0,common,1.0,0.0010626005791778415,0.12421685700089868,0.010974314719914826,0.0,0.876725181099256,0.9195142004548658,,,EXPLOIT
932,66,,,0,0,0,0,common,1.0,0.0006906903764656303,0.12407677351567133,0.007889227416880067,0.0,0.8774635522146349,0.9200659069959579,,,EXPLOIT
933,66,,,0,0,0,0,common,1.0,0.00044894874470269297,0.12398579377216984,0.005657143815226855,0.0,0.878185878068227,0.9206046961935883,,,EXPLOIT
934,66,,,0,0,0,0,common,1.0,0.000291816684056756,0.12392668840912821,0.004047545675875825,0.0,0.8788926407372484,0.9211309901844286,,,EXPLOIT
935,66,,,0,0,0,0,common,1.0,0.00018968084463688584,0.1238882832151318,0.0028901862265041434,0.0,0.8795843032856763,0.921645192983437,,,EXPLOIT
936,66,,,0,0,0,0,common,1.0,0.000123292549013998,0.12386332545374429,0.0020601181232570995,0.0,0.8802613106931585,0.9221476914465276,,,EXPLOIT
937,66,,,0,0,0,0,common,1.0,8.01401568590876e-05,0.12384710528074105,0.001466124733337696,0.0,0.88092409072998,0.9226388561725072,,,EXPLOIT
938,66,,,0,0,0,0,common,1.0,5.209110195836253e-05,0.12383656317032932,0.0010419146439238959,0.0,0.8815730547817091,0.9231190423487102,,,EXPLOIT
939,66,,,0,0,0,0,common,1.0,3.385921627296895e-05,0.12382971122189995,0.0007394980156286178,0.0,0.882208598626866,0.9235885905443848,,,EXPLOIT
940,66,,,0,0,0,0,common,0.0,0.9999779915094226,0.1238252576342746,0.30051104606376683,0.0,0.8828311031707058,0.9240478274555611,,,EXPLOIT
941,66,,,0,0,0,0,common,1.0,0.35001430551887536,0.3268955972952299,0.3153620239002994,0.0,0.8834409351379794,0.9244970666048262,,,EXPLOIT
942,66,,,0,0,0,0,common,1.0,0.22750929858726898,0.23858115408771763,0.28900620630639023,0.0,0.8840384477273233,0.9249366089991597,,,EXPLOIT
943,66,,,0,0,0,0,common,1.0,0.14788104408172487,0.19132543320369172,0.2466686576389906,0.0,0.8846239812297341,0.9253667437487346,,,EXPLOIT
944,66,,,0,0,0,0,common,1.0,0.09612267865312119,0.16484588548858192,0.20150486394322975,0.0,0.8851978636134069,0.9257877486493556,,,EXPLOIT
945,66,,,0,1,1,0,common,0.0,0.10296750576988441,0.1493298152809599,0.17194365649122614,0.0,0.8857604110770538,0.9261998907310086,,,EXPLOIT
946,66,,,0,0,0,0,common,1.0,0.06247974112452881,0.13410954457607965,0.13910448188121693,0.0,0.8863119285736648,0.9266034267747945,,,EXPLOIT
947,66,,,0,0,0,0,common,1.0,0.04061183173094374,0.12554602398452697,0.10955668683613497,0.0,0.8868527103065379,0.9269986038003568,,,EXPLOIT
948,66,,,0,0,0,0,common,1.0,0.026397690625113435,0.12024046851089662,0.08460898797282851,0.0,0.8873830401992767,0.9273856595257491,,,EXPLOIT
949,66,,,0,0,0,0,common,1.0,0.017158498906323705,0.11689891553534858,0.06437384125287707,0.0,0.8879031923413351,0.9277648228015388,,,EXPLOIT
950,66,,,0,0,0,0,common,1.0,0.011153024289110358,0.11477127962598434,0.04840759616374705,0.0,0.8884134314105806,0.9281363140208236,,,EXPLOIT
951,66,,,0,0,0,0,common,1.0,0.007249465787921738,0.11340682756589646,0.03606015705099945,0.0,0.8889140130742469,0.928500345506697,,,EXPLOIT
952,66,,,0,0,0,0,common,0.0,0.9952878472378509,0.1125276896966098,0.3238284641070549,0.0,0.8894051843695557,0.9288571218786044,,,EXPLOIT
953,66,,,0,0,0,0,common,1.0,0.3530628992953969,0.3013270003640036,0.33259879466355746,0.0,0.8898871840651994,0.9292068403989124,,,EXPLOIT
954,66,,,0,0,0,0,common,1.0,0.22949088454200806,0.21738185530711823,0.3016664216270926,0.0,0.8903602430047967,0.9295496913009343,,,EXPLOIT
955,66,,,0,0,0,0,common,1.0,0.14916907495230525,0.17319093785296358,0.2559172176246564,0.0,0.8908245844333651,0.9298858580995517,,,EXPLOIT
956,66,,,0,0,0,0,common,1.0,0.09695989871899846,0.1486421938752184,0.208230021952959,0.0,0.8912804243077784,0.930215517885506,,,EXPLOIT
957,66,,,0,0,0,0,common,1.0,0.06302393416734897,0.13432899186387082,0.16466819561727597,0.0,0.891727971592119,0.9305388416043493,,,EXPLOIT
958,66,,,0,1,1,0,common,1.0,0.9330711212495751,0.1256806399976337,0.39518907330696573,0.0,0.8921674285387775,0.9308559943209809,,,EXPLOIT
959,66,,,0,1,1,0,common,0.0,0.39350377118777613,0.31239529596397714,0.39468348267120884,0.0,0.892598990956094,0.9311671354706309,,,EXPLOIT
960,66,,,0,1,1,0,common,0.0,0.25577745127205453,0.21757607973648074,0.35301167325146254,0.0,0.893022848463286,0.9314724190970929,,,EXPLOIT
961,66,,,0,1,1,0,common,0.0,0.16625534332683545,0.16879255183742836,0.29698477427407444,0.0,0.8934391847333647,0.9317719940789582,,,EXPLOIT
962,66,,,0,1,1,0,common,1.0,0.891934026837557,0.14222192914098153,0.4754695500431192,0.0,0.8938481777246919,0.9320660043445459,,,EXPLOIT
963,66,,,0,1,1,0,common,0.0,0.42024288255558795,0.3334596623106344,0.4589015497968598,0.0,0.8942499999017949,0.9323545890761878,,,EXPLOIT
964,66,,,0,0,0,0,common,1.0,0.040965557208776815,0.2282161053045729,0.33352075202043485,0.0,0.8946448184460136,0.9326378829044737,,,EXPLOIT
965,66,,,0,0,0,0,common,1.0,0.026627612185704974,0.21941071829290862,0.24145281007001587,0.0,0.8950327954565247,0.932916016093031,,,EXPLOIT
966,66,,,0,0,0,0,common,1.0,0.017307947920708222,0.21382823069197465,0.17420935142522356,0.0,0.8954140881422512,0.93318911471437,,,EXPLOIT
967,66,,,0,0,0,0,common,0.0,0.9887498338515397,0.21025897851011985,0.4185714961531184,0.0,0.8957888490051333,0.9334573008172983,,,EXPLOIT
968,66,,,0,0,0,0,common,1.0,0.3573126079964992,0.4799450016741197,0.40019382970613265,0.0,0.8961572260152144,0.9337206925863671,,,EXPLOIT
969,66,,,0,1,1,0,common,0.0,0.2731578736611322,0.36989160163710555,0.3620830428926325,0.0,0.8965193627779644,0.9339794044937945,,,EXPLOIT
970,66,,,0,0,0,0,common,1.0,0.23225319519772447,0.29368736102006926,0.3231340885841601,0.0,0.8968753986942374,0.9342335474442698,,,EXPLOIT
971,66,,,0,0,0,0,common,1.0,0.15096457687852094,0.23732101384703197,0.27148323507246835,0.0,0.8972254691132407,0.9344832289130321,,,EXPLOIT
972,66,,,0,0,0,0,common,1.0,0.09812697497103862,0.20519809928509447,0.2194763570420394,0.0,0.8975697054788697,0.9347285530775795,,,EXPLOIT
973,66,,,0,0,0,0,common,1.0,0.06378253373117515,0.18621401164422055,0.17276821004878012,0.0,0.8979082354697392,0.9349696209433506,,,EXPLOIT
974,66,,,0,0,0,0,common,1.0,0.0414586469252638,0.17465493530675866,0.13337534111172522,0.0,0.8982411831332286,0.9352065304636993,,,EXPLOIT
975,66,,,0,0,0,0,common,1.0,0.02694812050142148,0.16746350231035723,0.1014471749286341,0.0,0.8985686690138357,0.9354393766544604,,,EXPLOIT
976,66,,,0,0,0,0,common,1.0,0.01751627832592395,0.16292263827597628,0.07626790594782105,0.0,0.8988908102761182,0.9356682517033911,,,EXPLOIT
977,66,,,0,0,0,0,common,1.0,0.011385580911850601,0.1600267851564734,0.05680320843702991,0.0,0.8992077208224911,0.935893245074751,,,EXPLOIT
978,66,,,0,0,0,0,common,1.0,0.00740062759270288,0.15816781123795604,0.0419824341837318,0.0,0.8995195114061243,0.9361144436092725,,,EXPLOIT
979,66,,,0,0,0,0,common,0.0,0.9951895920647431,0.15696927750573048,0.3279445815480352,0.0,0.8998262897391811,0.9363319316197569,,,EXPLOIT
980,66,,,0,0,0,0,common,1.0,0.35312676515791697,0.39148974524850927,0.33549923663099973,0.0,0.9001281605966164,0.9365457909825174,,,EXPLOIT
981,66,,,0,0,0,0,common,1.0,0.22953239735264608,0.29166773205917534,0.3037091848474936,0.0,0.90042522591575,0.9367561012248771,,,EXPLOIT
982,66,,,0,0,0,0,common,1.0,0.14919605827922,0.23618798809611205,0.2573552468770115,0.0,0.9007175848918099,0.9369629396089219,,,EXPLOIT
983,66,,,0,0,0,0,common,1.0,0.09697743788149304,0.2045387686127457,0.20924190417835595,0.0,0.9010053340696376,0.9371663812116898,,,EXPLOIT
984,66,,,0,0,0,0,common,0.0,0.9369646653770295,0.18581728005067838,0.427558732537958,0.0,0.9012885674317332,0.937366499001978,,,EXPLOIT
985,66,,,0,0,0,0,common,1.0,0.3909729675049308,0.42463496562606584,0.41658300302804985,0.0,0.90156737648281,0.9375,,,EXPLOIT
986,66,,,0,0,0,0,common,1.0,0.2541324288782051,0.3102478315577811,0.3678478307830964,0.0,0.9018418503310166,0.9375,,,EXPLOIT
987,66,,,0,0,0,0,common,1.0,0.16518607877083336,0.24657810970846925,0.3070493051794175,0.0,0.9021120757659837,0.9375,,,EXPLOIT
988,66,,,0,0,0,0,common,1.0,0.10737095120104168,0.21056091220522327,0.24714579898590472,0.0,0.9023781373338344,0.9375,,,EXPLOIT
989,66,,,0,0,0,0,common,1.0,0.06979111828067708,0.18942932839976287,0.19393939477433642,0.0,0.9026401174092977,0.9375,,,EXPLOIT
990,66,,,0,0,0,0,common,1.0,0.04536422688244013,0.17663357196258242,0.1493668444067675,0.0,0.902898096265054,0.9375,,,EXPLOIT
991,66,,,0,0,0,0,common,1.0,0.02948674747358604,0.16870358257350462,0.11340281532681307,0.0,0.903152152138437,0.9375,,,EXPLOIT
992,66,,,0,0,0,0,common,0.0,0.9808336141421691,0.16370954229019047,0.3736320549714198,0.0,0.903402361295607,0.9375,,,EXPLOIT
993,66,,,0,0,0,0,common,0.0,0.6375418491924099,0.3995837766875187,0.45280499323771684,0.0,0.9036487980933072,0.9375,,,EXPLOIT
994,66,,,0,0,0,0,common,1.0,0.5855977980249336,0.5923936470068143,0.4926428346738818,0.0,0.9038915350383109,0.9375,,,EXPLOIT
995,66,,,0,0,0,0,common,1.0,0.3806385687162068,0.4155069238949519,0.4590415548865793,0.0,0.9041306428446558,0.9375,,,EXPLOIT
996,66,,,0,0,0,0,common,1.0,0.2474150696655344,0.3051036551891988,0.3955536093202658,0.0,0.9043661904887641,0.9375,,,EXPLOIT
997,66,,,0,0,0,0,common,1.0,0.16081979528259738,0.2437084061398876,0.32513346510896524,0.0,0.9045982452625376,0.9375,,,EXPLOIT
998,66,,,0,0,0,0,common,1.0,0.10453286693368835,0.2089028966131995,0.25895328565638215,0.0,0.9048268728245137,0.9375,,,EXPLOIT
999,66,,,0,0,0,0,common,1.0,0.06794636350689742,0.18843742271093544,0.20165120901153671,0.0,0.9050521372491667,0.9375,,,EXPLOIT
1000,66,,,0,0,0,0,common,1.0,0.044165136279483375,0.17602413677859624,0.15440538719192068,0.0,0.9052741010744285,0.9375,,,EXPLOIT
1001,66,,,0,0,0,0,common,1.0,0.028707338581664188,0.1683220425106613,0.11669597260884372,0.0,0.905492825347507,0.9375,,,EXPLOIT
1002,66,,,0,1,1,0,common,1.0,0.822447382120264,0.16346760894425197,0.3284213954622698,0.0,0.9057083696690716,0.9375,,,EXPLOIT
1003,66,,,0,0,0,0,common,1.0,0.018659770078081728,0.3520675785984182,0.23549290784701335,0.0,0.9059207922358723,0.9375,,,EXPLOIT
1004,66,,,0,0,0,0,common,1.0,0.012128850550753079,0.346698206319313,0.16848369065813526,0.0,0.9061301498818575,0.9375,,,EXPLOIT
1005,66,,,0,0,0,0,common,1.0,0.007883752857989479,0.3432306126085924,0.12030370931809152,0.0,0.9063364981178543,0.9375,,,EXPLOIT
1006,66,,,0,0,0,0,common,0.0,0.9948755606423069,0.3409863711460242,0.3826752647153561,0.0,0.9065398911698642,0.9375,,,EXPLOIT
1007,66,,,0,0,0,0,common,1.0,0.3533308855825006,0.6315158662742741,0.3738719509754994,0.0,0.9067403820160356,0.9375,,,EXPLOIT
1008,66,,,0,0,0,0,common,0.0,0.7703349243713746,0.5368346698342632,0.4928108429942619,0.0,0.9069380224223631,0.9375,,,EXPLOIT
1009,66,,,0,1,1,0,common,1.0,0.5345907983781717,0.6906600033209525,0.5053448296094348,0.0,0.9042885597989903,0.935442220787605,,,EXPLOIT
1010,66,,,0,1,1,0,common,1.0,0.3474840189458116,0.6491018901632557,0.45798658641034784,0.0,0.9045217641703777,0.9356710474683342,,,EXPLOIT
1011,66,,,0,0,0,0,common,0.0,0.5007177008413936,0.563352015493852,0.47080592073966154,0.0,0.9047515197596183,0.9358959935572909,,,EXPLOIT
1012,66,,,0,1,1,0,common,1.0,0.2258646123147775,0.4094766834074502,0.3973235282121963,0.0,0.9049778911605291,0.9361171458634864,,,EXPLOIT
1013,66,,,0,1,1,0,common,1.0,0.14681199800460543,0.34240463151500183,0.322170069149919,0.0,0.905200941414836,0.9363345886691518,,,EXPLOIT
1014,66,,,0,1,1,0,common,1.0,0.09542779870299356,0.30200984735636854,0.25414738801584136,0.0,0.9054207320585496,0.9365484038211317,,,EXPLOIT
1015,66,,,0,1,1,0,common,1.0,0.06202806915694581,0.2773920797066954,0.19651159235817267,0.0,0.9056373231666823,0.9367586708183354,,,EXPLOIT
1016,66,,,0,1,1,0,common,1.0,0.04031824495201475,0.26212846449750565,0.14965358813632526,0.0,0.9058507733963795,0.9369654668954441,,,EXPLOIT
1017,66,,,0,1,1,0,common,0.0,0.9737931407811904,0.2525263997135627,0.3968954539297848,0.0,0.9060611400285289,0.9371688671030585,,,EXPLOIT
1018,66,,,0,1,1,0,common,1.0,0.36703445849222627,0.5346218166338601,0.3879371552985172,0.0,0.9062684790079086,0.9373689443844627,,,EXPLOIT
1019,66,,,0,1,1,0,common,0.0,0.7614276019800529,0.4206660009658635,0.4999842893029779,0.0,0.9064728449819359,0.9375,,,EXPLOIT
1020,66,,,0,1,1,0,common,0.0,0.4949279412870344,0.6388509669728115,0.49846738489819475,0.0,0.9066742913380719,0.9375,,,EXPLOIT
1021,66,,,0,1,1,0,common,1.0,0.6782968381634277,0.6931188556504955,0.5524162208777645,0.0,0.904012373554052,0.935442220787605,,,EXPLOIT
1022,66,,,0,1,1,0,common,1.0,0.440892944806228,0.5948323908785735,0.5189592380563035,0.0,0.9012231474602675,0.9332670452649632,,,EXPLOIT
1023,66,,,0,1,1,0,common,1.0,0.2865804141240482,0.4634544618860177,0.4492455908766269,0.0,0.901502976600544,0.9335338351661712,,,EXPLOIT
1024,66,,,0,1,1,0,common,1.0,0.18627726918063137,0.3752571777429093,0.3703550943678282,0.0,0.9017784500405586,0.933795864158914,,,EXPLOIT
1025,66,,,0,1,1,0,common,1.0,0.12108022496741033,0.32181201720394403,0.29557263354770286,0.0,0.9020496551019214,0.9340532456708187,,,EXPLOIT
1026,66,,,0,1,1,0,common,0.0,0.9212978537711833,0.2895128640479886,0.483290199614747,0.0,0.9023166768455668,0.9343060896025241,,,EXPLOIT
1027,66,,,0,1,1,0,common,0.0,0.5988436049512692,0.5633853885431721,0.5179562212157036,0.0,0.8994448383834651,0.9320647094866571,,,EXPLOIT
1028,66,,,0,0,0,0,common,1.0,0.6745334944530942,0.6850766577462308,0.5649294031869208,0.0,0.8964303952505847,0.9296898177335826,,,EXPLOIT
1029,66,,,0,0,0,0,common,0.0,0.5615532286054887,0.6371178329382068,0.5639165508124911,0.0,0.8932626192594754,0.9271692500788259,,,EXPLOIT
1030,66,,,0,0,0,0,common,0.0,0.3650095985935677,0.6919735261409902,0.5042444651468141,0.0,0.8899296786647709,0.9244893184145467,,,EXPLOIT
1031,66,,,0,0,0,0,common,0.0,0.237256239085819,0.6489943594112846,0.42414799732851555,0.0,0.8904019521908881,0.9249290273535635,,,EXPLOIT
1032,66,,,0,1,1,0,common,0.0,0.389248343218325,0.5937775032258569,0.4136781010954584,0.0,0.8908655277324089,0.9253593237059831,,,EXPLOIT
1033,66,,,0,1,1,0,common,1.0,0.7469885769080887,0.6740008880417374,0.5136712438392474,0.0,0.8874048540238061,0.9225619326305122,,,EXPLOIT
1034,66,,,0,1,1,0,common,1.0,0.48554257499025777,0.4882411367978423,0.5052326431845505,0.0,0.8837555840371699,0.9195780094938701,,,EXPLOIT
1035,66,,,0,1,1,0,common,1.0,0.31560267374366757,0.34040657442731154,0.4483436523522856,0.0,0.884346777183274,0.9201282157053565,,,EXPLOIT
1036,66,,,0,1,1,0,common,1.0,0.20514173793338397,0.25772419207139147,0.37538307802661514,0.0,0.8849261646195415,0.9206655538356595,,,EXPLOIT
1037,66,,,0,1,1,0,common,1.0,0.13334212965669956,0.2121095158969432,0.30277079351564046,0.0,0.8854940680791262,0.9211904438966684,,,EXPLOIT
1038,66,,,0,1,1,0,common,1.0,0.08667238427685475,0.185977009127661,0.23794127074400473,0.0,0.8860507978037493,0.9217032878919609,,,EXPLOIT
1039,66,,,0,1,1,0,common,1.0,0.05633704977995557,0.17043283544176654,0.18346000445478997,0.0,0.8865966530527102,0.9222044707722831,,,EXPLOIT
1040,66,,,0,1,1,0,common,1.0,0.03661908235697109,0.16091838463547103,0.1394077278254443,0.0,0.8871319225850676,0.9226943613308278,,,EXPLOIT
1041,66,,,0,1,1,0,common,1.0,0.023802403532031224,0.15497645493968232,0.10472613053742037,0.0,0.8876568851166337,0.9231733130426897,,,EXPLOIT
1042,66,,,0,1,1,0,common,1.0,0.015471562295820251,0.15121471393232047,0.07794976006494032,0.0,0.8881718097532976,0.9236416648525159,,,EXPLOIT
1043,66,,,0,1,1,0,common,1.0,0.010056515492283147,0.1488114984860905,0.057581786693143164,0.0,0.8886769564020985,0.924099741914045,,,EXPLOIT
1044,66,,,0,1,1,0,common,1.0,0.00653673506998409,0.14726696345435036,0.04226827120619544,0.0,0.8891725761613702,0.9245478562849279,,,EXPLOIT
1045,66,,,0,1,1,0,common,1.0,0.004248877795489658,0.1462703896686981,0.030862453182983703,0.0,0.8896589116911884,0.9249863075799533,,,EXPLOIT
1046,66,,,0,1,1,0,common,1.0,0.002761770567068278,0.14562572031314114,0.022432248398209075,0.0,0.8901361975652721,0.9254153835855548,,,EXPLOIT
1047,66,,,0,1,1,0,common,1.0,0.0017951508685943862,0.14520799322020475,0.016241119139324668,0.0,0.8906046606054145,0.92583536083825,,,EXPLOIT
1048,66,,,0,1,1,0,common,1.0,0.0011668480645863344,0.14493702232988043,0.011718837816903168,0.0,0.8910645201994453,0.9262465051694599,,,EXPLOIT
1049,66,,,0,1,1,0,common,1.0,0.0007584512419811507,0.14476112410390335,0.008430721844426562,0.0,0.8915159886036612,0.9266490722189614,,,EXPLOIT
1050,66,,,0,1,1,0,common,0.0,0.9995070066927123,0.14464688856883,0.3057536072989123,0.0,0.8919592712306087,0.9270433079190662,,,EXPLOIT
1051,66,,,0,1,1,0,common,0.0,0.649679554350263,0.3691536661589623,0.40893139141431756,0.0,0.8923945669230327,0.9274294489514493,,,EXPLOIT
1052,66,,,0,1,1,0,common,1.0,0.577708289672329,0.5677251798152606,0.459564460891721,0.0,0.892822068214766,0.9278077231784159,,,EXPLOIT
1053,66,,,0,1,1,0,common,1.0,0.3755103882870139,0.39066692811965353,0.43434823911030884,0.0,0.8932419615792784,0.9281783500502587,,,EXPLOIT
1054,66,,,0,1,1,0,common,1.0,0.24408175238655905,0.28520667252147164,0.3772682930931839,0.0,0.89365442766656,0.92854154099024,,,EXPLOIT
1055,66,,,0,1,1,0,common,1.0,0.15865313905126333,0.2274356329406088,0.3116837468806077,0.0,0.8940596415289751,0.9288974997586142,,,EXPLOIT
1056,66,,,0,1,1,0,common,1.0,0.1031245403833212,0.19487820760174943,0.24911598493142173,0.0,0.8944577728366785,0.9292464227970167,,,EXPLOIT
1057,66,,,0,1,1,0,common,1.0,0.06703095124915881,0.17578560766315765,0.19449047482674287,0.0,0.8948489860831547,0.9295884995544391,,,EXPLOIT
1058,66,,,0,1,1,0,common,1.0,0.04357011831195323,0.16422038834087377,0.14921436787230596,0.0,0.8952334407814025,0.929923912795931,,,EXPLOIT
1059,66,,,0,1,1,0,common,1.0,0.028320576902769568,0.15704959789822356,0.11294623058144504,0.0,0.8956112916512614,0.9302528388950849,,,EXPLOIT
1060,66,,,0,0,0,0,common,0.0,0.15421655540578236,0.15253185594407528,0.12532732802874622,0.0,0.8959826887983373,0.9305754481112936,,,EXPLOIT
1061,66,,,0,1,1,0,common,0.0,0.9815916250131997,0.12983439668508084,0.38220661712408227,0.0,0.8963477778849698,0.9308919048526922,,,EXPLOIT
1062,66,,,0,1,1,0,common,1.0,0.36196544374142015,0.334260672919542,0.3761342651092836,0.0,0.8967067002936466,0.9312023679256424,,,EXPLOIT
1063,66,,,0,1,1,0,common,1.0,0.23527753843192312,0.2418457716835464,0.33387724710607547,0.0,0.8970595932832545,0.9315069907715565,,,EXPLOIT
1064,66,,,0,1,1,0,common,0.0,0.8470696000192499,0.19259036090752396,0.48783495298002777,0.0,0.8974065901385274,0.9318059216918012,,,EXPLOIT
1065,66,,,0,1,1,0,common,0.0,0.5505952400125125,0.4079988790454878,0.5066630390897732,0.0,0.8942888786902965,0.9294153664465001,,,EXPLOIT
1066,66,,,0,1,1,0,common,1.0,0.6421130939918669,0.5761413873470537,0.5472980555604012,0.0,0.8910098991861056,0.9268776841333218,,,EXPLOIT
1067,66,,,0,1,1,0,common,1.0,0.41737351109471343,0.3802603282053024,0.5083206922206949,0.0,0.8875569857050286,0.9241790017050446,,,EXPLOIT
1068,66,,,0,1,1,0,common,0.0,0.7287072177884363,0.26611262927487883,0.5744366498910173,0.0,0.8839161105466641,0.921303645504066,,,EXPLOIT
1069,66,,,0,1,1,0,common,1.0,0.5263403084375164,0.4764662808703675,0.560007747454967,0.0,0.8800716961546888,0.9182338393292888,,,EXPLOIT
1070,66,,,0,1,1,0,common,0.0,0.6578787995156143,0.31853063395088,0.5893690630731612,0.0,0.8760063949844697,0.9149493396396233,,,EXPLOIT
1071,66,,,0,1,1,0,common,1.0,0.5723787803148507,0.5173377822341648,0.584271978245668,0.0,0.8717008307541045,0.9114269920754471,,,EXPLOIT
1072,66,,,0,1,1,0,common,1.0,0.372046207204653,0.3424115192808331,0.5206042469333635,0.0,0.8671332929375349,0.9076401887605653,,,EXPLOIT
1073,66,,,0,1,1,0,common,1.0,0.24183003468302444,0.24613755499152978,0.4369719832582617,0.0,0.8680926120933563,0.9084998836269214,,,EXPLOIT
1074,66,,,0,0,0,0,common,0.0,0.10024076101375853,0.19492737743321326,0.3359526165849107,0.0,0.869028789125874,0.9093353604956479,,,EXPLOIT
1075,66,,,0,0,0,0,common,1.0,0.934843505341057,0.17634323385021336,0.5156198832117546,0.0,0.8642947761648727,0.905386907914583,,,EXPLOIT
1076,66,,,0,1,1,0,common,1.0,0.1571895225439659,0.4079075093588418,0.40809077501141794,0.0,0.8653239274932248,0.9063114962737042,,,EXPLOIT
1077,66,,,0,1,1,0,common,1.0,0.1021731896535778,0.3607483769302011,0.3163154994040659,0.0,0.866327525649929,0.9072092087435428,,,EXPLOIT
1078,66,,,0,1,1,0,common,1.0,0.06641257327482553,0.33150192990483407,0.24134462156529377,0.0,0.8673064618332733,0.9080811569702284,,,EXPLOIT
1079,66,,,0,1,1,0,common,1.0,0.04316817262863659,0.3132078809011475,0.1818916868842966,0.0,0.8682615864049347,0.9089283922245855,,,EXPLOIT
1080,66,,,0,1,1,0,common,1.0,0.028059312208613796,0.30164408782074864,0.13574197448159175,0.0,0.8691937112036291,0.9097519094471717,,,EXPLOIT
1081,66,,,0,0,0,0,common,0.0,0.392351721528313,0.29427131575968457,0.21272489859560811,0.0,0.8701036117032113,0.910552650972394,,,EXPLOIT
1082,66,,,0,1,1,0,common,1.0,0.01823855293559895,0.20381635069373488,0.15437899489760534,0.0,0.8709920290272949,0.9113315099610203,,,EXPLOIT
1083,66,,,0,1,1,0,common,1.0,0.011855059408139357,0.20019551638883906,0.11162181425076553,0.0,0.871859671831394,0.9120893335673832,,,EXPLOIT
1084,66,,,0,1,1,0,common,1.0,0.0077057886152905875,0.19786944924734878,0.08044700656012305,0.0,0.8727072180626436,0.9128269258648936,,,EXPLOIT
1085,66,,,0,1,1,0,common,1.0,0.005008762599938876,0.1963690770081084,0.05781553337206779,0.0,0.873535316606288,0.9135450505511122,,,EXPLOIT
1086,66,,,0,0,0,0,common,0.0,0.25502861899340346,0.19539871333650916,0.11697945905846849,0.0,0.8743445888273469,0.9142444334515184,,,EXPLOIT
1087,66,,,0,1,1,0,common,1.0,0.003255695689960314,0.15091834054747486,0.08286233004791603,0.0,0.8751356300151621,0.9149257648392377,,,EXPLOIT
1088,66,,,0,1,1,0,common,1.0,0.002116202198474193,0.15041074866724297,0.058638491693083473,0.0,0.8759090107378922,0.9155897015863204,,,EXPLOIT
1089,66,,,0,1,1,0,common,1.0,0.0013755314290082588,0.150081595027031,0.04145960361386091,0.0,0.8766652781134318,0.9162368691606715,,,EXPLOIT
1090,66,,,0,1,1,0,common,0.0,0.9991059045711447,0.14986797477181657,0.328753493901046,0.0,0.8774049570027155,0.9168678634813991,,,EXPLOIT
1091,66,,,0,1,1,0,common,1.0,0.350581162028756,0.3791803352929022,0.335301794339359,0.0,0.878128551130877,0.9174832526441546,,,EXPLOIT
1092,66,,,0,1,1,0,common,0.0,0.7721222446813086,0.281824172292913,0.4663479294419439,0.0,0.8788365441413034,0.9180835785269712,,,EXPLOIT
1093,66,,,0,1,1,0,common,1.0,0.4981205409571494,0.5096594309877487,0.47587971289650555,0.0,0.8795294005872244,0.9186693582861466,,,EXPLOIT
1094,66,,,0,1,1,0,common,1.0,0.3237783516221471,0.35660283147612015,0.43024930451419796,0.0,0.8802075668651093,0.9192410857508545,,,EXPLOIT
1095,66,,,0,1,1,0,common,1.0,0.21045592855439565,0.26939456793492034,0.3643112917262572,0.0,0.8808714720938231,0.9197992327243949,,,EXPLOIT
1096,66,,,0,1,1,0,common,1.0,0.13679635356035713,0.22109710646087602,0.29605681027648717,0.0,0.8815215289431795,0.9203442501992932,,,EXPLOIT
1097,66,,,0,1,1,0,common,1.0,0.08891762981423212,0.19341910448509717,0.23391505613781063,0.0,0.8821581344152574,0.9208765694928305,,,EXPLOIT
1098,66,,,0,1,1,0,common,1.0,0.05779645937925093,0.17696374920381513,0.1810794771102427,0.0,0.8827816705815943,0.9213966033090192,,,EXPLOIT
1099,66,,,0,0,0,0,common,0.0,0.16576860234571225,0.1668972391748599,0.17648621468088355,0.0,0.8833925052791356,0.9219047467325203,,,EXPLOIT
1100,66,,,0,1,1,0,common,1.0,0.0375676985965131,0.14065466447924052,0.1348106598555724,0.0,0.8839909927676066,0.9224013781595415,,,EXPLOIT
1101,66,,,0,1,1,0,common,1.0,0.024419004087733565,0.13522573775212263,0.10169316312522073,0.0,0.8845774743507812,0.9228868601703253,,,EXPLOIT
1102,66,,,0,1,1,0,common,1.0,0.0158723526570268,0.13179527889305087,0.07594691998476254,0.0,0.8851522789639357,0.9233615403474585,,,EXPLOIT
1103,66,,,0,0,0,0,common,0.0,0.10774959152471297,0.12960637438944128,0.08548772144674767,0.0,0.8857157237296202,0.9238257520438923,,,EXPLOIT
1104,66,,,0,1,1,0,common,1.0,0.010317029227067454,0.11557226132059684,0.0629365137808436,0.0,0.8862681144837196,0.9242798151042364,,,EXPLOIT
1105,66,,,0,1,1,0,common,1.0,0.00670606899759385,0.11430174969494443,0.04606738034586867,0.0,0.8868097462736434,0.9247240365426144,,,EXPLOIT
1106,66,,,0,1,1,0,common,1.0,0.004358944848436019,0.11348258792129044,0.033554849696638876,0.0,0.8873409038303501,0.9251587111801006,,,EXPLOIT
1107,66,,,0,1,1,0,common,1.0,0.002833314151483357,0.11295293703152541,0.02433838903309222,0.0,0.8878618620157962,0.9255841222445215,,,EXPLOIT
1108,66,,,0,1,1,0,common,1.0,0.00184165419846416,0.11260984486907788,0.0175893685827038,0.0,0.8883728862472905,0.9260005419351911,,,EXPLOIT
1109,66,,,0,1,1,0,common,1.0,0.0011970752290016984,0.11238733283327502,0.012671680576593168,0.0,0.8888742329001308,0.9264082319549473,,,EXPLOIT
1110,66,,,0,1,1,0,common,0.0,0.999221901101149,0.11224291006688619,0.30863674673395985,0.0,0.88936614968981,0.9268074440116767,,,EXPLOIT
1111,66,,,0,1,1,0,common,1.0,0.3505057642842532,0.3017439372289815,0.32119745199904787,0.0,0.8898488760349916,0.9271984202913517,,,EXPLOIT
1112,66,,,0,1,1,0,common,1.0,0.2278287467847646,0.21825186412963876,0.29318684043476284,0.0,0.8903226434023714,0.9275813939044475,,,EXPLOIT
1113,66,,,0,1,1,0,common,1.0,0.148088685410097,0.17420895469927433,0.24965739392736308,0.0,0.8907876756344744,0.9279565893074739,,,EXPLOIT
1114,66,,,0,1,1,0,common,0.0,0.903742354483437,0.14970494345522162,0.44588288209418525,0.0,0.8912441892613611,0.928324222701221,,,EXPLOIT
1115,66,,,0,1,1,0,common,1.0,0.41256746958576596,0.35086013864037147,0.43588825834165945,0.0,0.8916923937971604,0.9286845024072097,,,EXPLOIT
1116,66,,,0,1,1,0,common,1.0,0.26816885523074785,0.24359957452337133,0.3855724374083859,0.0,0.8921324920222803,0.9290376292237245,,,EXPLOIT
1117,66,,,0,1,1,0,common,1.0,0.1743097558999861,0.18782014111652828,0.32219363295586595,0.0,0.8925646802521008,0.9293837967627083,,,EXPLOIT
1118,66,,,0,1,1,0,common,1.0,0.11330134133499092,0.15741977527734846,0.2595259454696034,0.0,0.8929891485928938,0.9297231917687105,,,EXPLOIT
1119,66,,,0,1,1,0,common,0.0,0.9263541281322559,0.13996983608074626,0.45957440026839913,0.0,0.893406081185679,0.9300559944209913,,,EXPLOIT
1120,66,,,0,1,1,0,common,1.0,0.39786981671403365,0.33885726902568547,0.44106302520208945,0.0,0.8938156564386663,0.9303823786198143,,,EXPLOIT
1121,66,,,0,1,1,0,common,1.0,0.25861538086412184,0.2374079384197752,0.38632873190069916,0.0,0.8942180472489119,0.9307025122578811,,,EXPLOIT
1122,66,,,0,1,1,0,common,1.0,0.16809999756167926,0.18452086389751252,0.3208601115989932,0.0,0.8946134212137588,0.9310165574778033,,,EXPLOIT
1123,66,,,0,1,1,0,common,0.0,0.8907350015849085,0.15556290926107003,0.49182257859476775,0.0,0.8950019408326151,0.9313246709164387,,,EXPLOIT
1124,66,,,0,1,1,0,common,1.0,0.42102224896980944,0.3578600224147507,0.4705824797072803,0.0,0.8953837636995731,0.931627003936871,,,EXPLOIT
1125,66,,,0,1,1,0,common,1.0,0.2736644618303762,0.24721432034288854,0.411507074344209,0.0,0.8957590426873587,0.9319237028487526,,,EXPLOIT
1126,66,,,0,0,0,0,common,0.0,0.07003723449106344,0.18973957526272853,0.3090661223882653,0.0,0.896127926123057,0.9322149091176883,,,EXPLOIT
1127,66,,,0,1,1,0,common,1.0,0.17788190018974448,0.17688273448641023,0.26971085572870906,0.0,0.896490557956041,0.9325007595642898,,,EXPLOIT
1128,66,,,0,1,1,0,common,1.0,0.11562323512333395,0.1474392367237991,0.2234845695470965,0.0,0.8968470779185079,0.9327813865534887,,,EXPLOIT
1129,66,,,0,1,1,0,common,1.0,0.07515510283016702,0.13063183661170655,0.17898572953201766,0.0,0.8971976216789939,0.9330569181746639,,,EXPLOIT
1130,66,,,0,1,1,0,common,1.0,0.04885081683960857,0.12062494689255848,0.13994525572429492,0.0,0.8975423209892287,0.9333274784130944,,,EXPLOIT
1131,66,,,0,1,1,0,common,1.0,0.03175303094574555,0.11448882700823118,0.1074875882907301,0.0,0.8978813038246602,0.9335931873132258,,,EXPLOIT
1132,66,,,0,1,1,0,common,1.0,0.02063947011473466,0.11065054017511634,0.08143315283793147,0.0,0.8982146945189692,0.9338541611341977,,,EXPLOIT
1133,66,,,0,1,1,0,common,1.0,0.013415655574577579,0.10821760810820115,0.0610279036589253,0.0,0.8985426138928666,0.9341105124980617,,,EXPLOIT
1134,66,,,0,1,1,0,common,1.0,0.00872017612347542,0.10666196536495395,0.04533558539829033,0.0,0.898865179377462,0.9343623505310835,,,EXPLOIT
1135,66,,,0,1,1,0,common,0.0,0.9943318855197409,0.10566156922520087,0.33003447543472547,0.0,0.8991825051324621,0.934609780998507,,,EXPLOIT
1136,66,,,0,0,0,0,common,0.0,0.04552420241919124,0.28587157323111984,0.24468139353006518,0.0,0.8994947021594526,0.9348529064331242,,,EXPLOIT
1137,66,,,0,1,1,0,common,1.0,0.35368427441216843,0.2743791996356912,0.27738225779469616,0.0,0.8998018784105019,0.9350918262579896,,,EXPLOIT
1138,66,,,0,1,1,0,common,1.0,0.2298947783679095,0.19606318892204455,0.26313601396666014,0.0,0.9001041388923071,0.9353266369035774,,,EXPLOIT
1139,66,,,0,1,1,0,common,1.0,0.14943160593914118,0.15543483741233133,0.22902469155840444,0.0,0.9004015857660994,0.9355574319196823,,,EXPLOIT
1140,66,,,0,1,1,0,common,0.0,0.9028694561395583,0.13303043178228854,0.43117812093275054,0.0,0.9006943184435021,0.9357843020823313,,,EXPLOIT
1141,66,,,0,1,1,0,common,1.0,0.41313485350928714,0.3188149868107125,0.4257651407057115,0.0,0.9009824336785379,0.9360073354959658,,,EXPLOIT
1142,66,,,0,1,1,0,common,0.0,0.7314623452189634,0.21841000692134588,0.517474302059687,0.0,0.898044763015094,0.9338647222956159,,,EXPLOIT
1143,66,,,0,1,1,0,common,1.0,0.5245494756076738,0.41194295891297217,0.5195968541240831,0.0,0.8949595685037541,0.9315973561094136,,,EXPLOIT
1144,66,,,0,1,1,0,common,1.0,0.3409571591449879,0.2654265642448538,0.46600494563035455,0.0,0.8953421198579818,0.9318946058627031,,,EXPLOIT
1145,66,,,0,1,1,0,common,1.0,0.2216221534442422,0.191523412406568,0.3926901079745208,0.0,0.8957181107560543,0.9321863491920181,,,EXPLOIT
1146,66,,,0,1,1,0,common,1.0,0.14405439973875744,0.152991687522865,0.3180993955037918,0.0,0.8960876900163216,0.9324727233687776,,,EXPLOIT
1147,66,,,0,1,1,0,common,1.0,0.09363535983019233,0.13163824480464598,0.2507601848017119,0.0,0.8964510020613342,0.9327538611904148,,,EXPLOIT
1148,66,,,0,1,1,0,common,1.0,0.060862983889624966,0.11919250210192944,0.19379102452808583,0.0,0.8968081870791713,0.93302989116139,,,EXPLOIT
1149,66,,,0,1,1,0,common,1.0,0.039560939528256234,0.11167106949910194,0.14752199902813695,0.0,0.8971593811777107,0.9333009376654797,,,EXPLOIT
1150,66,,,0,1,1,0,common,1.0,0.025714610693366557,0.10701170784721308,0.11097978252770582,0.0,0.897504716532198,0.9335671211298311,,,EXPLOIT
1151,66,,,0,1,1,0,common,1.0,0.016714496950688273,0.1040772110672409,0.08270019685460055,0.0,0.8978443215264514,0.9338285581812354,,,EXPLOIT
1152,66,,,0,1,1,0,common,1.0,0.010864423017947322,0.10220874357042689,0.06114946470360458,0.0,0.8981783208880216,0.9340853617950525,,,EXPLOIT
1153,66,,,0,1,1,0,common,0.0,0.9929381250383342,0.10101047995534541,0.34068606280402347,0.0,0.8985068358176047,0.9343376414371782,,,EXPLOIT
1154,66,,,0,1,1,0,common,1.0,0.3545902187250827,0.27502419886388224,0.3448573095803412,0.0,0.8988299841129929,0.9345855031994389,,,EXPLOIT
1155,66,,,0,1,1,0,common,1.0,0.2304836421713038,0.19638959441015552,0.31054520935762997,0.0,0.8991478802878287,0.9348290499287607,,,EXPLOIT
1156,66,,,0,1,1,0,common,1.0,0.14981436741134746,0.15561000018937335,0.2623259567737452,0.0,0.899460635685416,0.9350683813504466,,,EXPLOIT
1157,66,,,0,1,1,0,common,1.0,0.09737933881737582,0.13313001785860157,0.21284197138683436,0.0,0.8997683585878266,0.9353035941858725,,,EXPLOIT
1158,66,,,0,1,1,0,common,1.0,0.06329657023129431,0.12007970611369137,0.16797835104017234,0.0,0.9000711543205259,0.9355347822648936,,,EXPLOIT
1159,66,,,0,1,1,0,common,1.0,0.04114277065034133,0.11221472184976233,0.12992767692322302,0.0,0.9003691253527333,0.9357620366332385,,,EXPLOIT
1160,66,,,0,1,1,0,common,0.0,0.9732571990772781,0.10735162622971066,0.38292653356943956,0.0,0.9006623713937162,0.9359854456551483,,,EXPLOIT
1161,66,,,0,1,1,0,common,1.0,0.3673828205997691,0.28424071852711563,0.3782634196785384,0.0,0.9009509894852122,0.9362050951115044,,,EXPLOIT
1162,66,,,0,1,1,0,common,1.0,0.23879883338984997,0.2010450590145809,0.33642404379193186,0.0,0.9012350740901556,0.9364210682936758,,,EXPLOIT
1163,66,,,0,0,0,0,common,0.0,0.029590731572474306,0.15810131570558789,0.2443740501260946,0.0,0.9015147171778821,0.9366334460933015,,,EXPLOIT
1164,66,,,0,1,1,0,common,1.0,0.1552192417034025,0.1533567488741966,0.21762760759928695,0.0,0.9017900083059744,0.9368423070882123,,,EXPLOIT
1165,66,,,0,1,1,0,common,1.0,0.10089250710721165,0.13041426808897444,0.18260707745166435,0.0,0.9020610346989,0.9370477276246829,,,EXPLOIT
1166,66,,,0,1,1,0,common,1.0,0.06558012961968762,0.11715874054411052,0.14749899310207135,0.0,0.9023278813235873,0.9372497818961977,,,EXPLOIT
1167,66,,,0,0,0,0,common,0.0,0.0192339755221083,0.10919563277334976,0.10901948782808243,0.0,0.9025906309620808,0.9374485420189022,,,EXPLOIT
1168,66,,,0,1,1,0,common,0.0,0.9573729157472031,0.10695356178928138,0.3635255162038186,0.0,0.9028493642814023,0.9375,,,EXPLOIT
1169,66,,,0,1,1,0,common,1.0,0.377707604764318,0.27934243156858163,0.3677801427719684,0.0,0.9031041599007468,0.9375,,,EXPLOIT
1170,66,,,0,0,0,0,common,0.0,0.012502084089370397,0.19524834024149146,0.261196725167189,0.0,0.9033550944561262,0.9375,,,EXPLOIT
1171,66,,,0,1,1,0,common,0.0,0.7544900569031934,0.1928444868319364,0.4091847246879903,0.0,0.9036022426625792,0.9375,,,EXPLOIT
1172,66,,,0,1,1,0,common,1.0,0.5095814630129243,0.38034027344252996,0.4393037461854704,0.0,0.9038456773740469,0.9375,,,EXPLOIT
1173,66,,,0,1,1,0,common,1.0,0.33122795095840085,0.244351617556678,0.4068810076173495,0.0,0.904085469641022,0.9375,,,EXPLOIT
1174,66,,,0,1,1,0,common,1.0,0.21529816812296054,0.1768921209036557,0.3494061557690328,0.0,0.9043216887660633,0.9375,,,EXPLOIT
1175,66,,,0,1,1,0,common,1.0,0.13994380927992434,0.14181483321914626,0.28656745182230026,0.0,0.9045544023572681,0.9375,,,EXPLOIT
1176,66,,,0,1,1,0,common,1.0,0.09096347603195087,0.12236736233619286,0.22788625908519544,0.0,0.9047836763797917,0.9375,,,EXPLOIT
1177,66,,,0,1,1,0,common,1.0,0.0591262594207681,0.11102149298072345,0.17725825918586724,0.0,0.9050095752054939,0.9375,,,EXPLOIT
1178,66,,,0,0,0,0,common,0.0,0.008126354658090758,0.10415876809553404,0.12651868782753428,0.0,0.9052321616607925,0.9375,,,EXPLOIT
1179,66,,,0,0,0,0,common,1.0,0.9947178694722411,0.1032459014603728,0.3869784423209463,0.0,0.905451497072801,0.9375,,,EXPLOIT
1180,66,,,0,0,0,0,common,0.0,0.3534333848430434,0.28053629790140244,0.3769149250775754,0.0,0.9056676413138172,0.9375,,,EXPLOIT
1181,66,,,0,0,0,0,common,1.0,0.7702682998520218,0.20091749484551663,0.4949209375099093,0.0,0.9058806528442365,0.9375,,,EXPLOIT
1182,66,,,0,0,0,0,common,0.0,0.49932560509618584,0.39762417041820874,0.49624233778579224,0.0,0.9060905887539498,0.9375,,,EXPLOIT
1183,66,,,0,0,0,0,common,0.0,0.3245616433125208,0.2602092323693966,0.44473812944381075,0.0,0.9062975048022921,0.9375,,,EXPLOIT
1184,66,,,0,1,1,0,common,0.0,0.9615679313765008,0.19053837203584678,0.5997870700236178,0.0,0.9036177432235057,0.935442220787605,,,EXPLOIT
1185,66,,,0,1,1,0,common,0.0,0.6250191553947255,0.44011825910957997,0.6073566956349501,0.0,0.9008093964870317,0.9332670452649632,,,EXPLOIT
1186,66,,,0,1,1,0,common,0.0,0.4062624510065716,0.622313499318704,0.5470284222464366,0.0,0.8978631345405259,0.930964251977995,,,EXPLOIT
1187,66,,,0,0,0,0,common,0.0,0.21096506815313854,0.687538442083921,0.4462094160184471,0.0,0.8981968242275397,0.9312733505707055,,,EXPLOIT
1188,66,,,0,0,0,0,common,0.0,0.13712729429954007,0.6619277359764579,0.353484779502775,0.0,0.8985250361545972,0.9315766436921933,,,EXPLOIT
1189,66,,,0,0,0,0,common,1.0,0.9108672587052989,0.6354931842493836,0.5206995232635322,0.0,0.895464202590596,0.9291721680800035,,,EXPLOIT
1190,66,,,0,0,0,0,common,0.0,0.40793628184155567,0.6534051215483947,0.4868705508369392,0.0,0.895838107708827,0.9295156976237984,,,EXPLOIT
1191,66,,,0,0,0,0,common,1.0,0.7348414168029889,0.6931448129208839,0.5612618106267541,0.0,0.8926397647570486,0.9269842786465305,,,EXPLOIT
1192,66,,,0,0,0,0,common,0.0,0.5223530790780573,0.5756326432326714,0.549589191162145,0.0,0.8892738623863816,0.9242924589846816,,,EXPLOIT
1193,66,,,0,1,1,0,common,1.0,0.7359294068457285,0.681887475152068,0.60549125586722,0.0,0.885727062831061,0.9214246439783856,,,EXPLOIT
1194,66,,,0,0,0,0,common,1.0,0.6604704985992628,0.6309688840960271,0.6219850286868328,0.0,0.8819845744054691,0.9183631498802637,,,EXPLOIT
1195,66,,,0,0,0,0,common,0.0,0.5706941759104792,0.6883587624178285,0.6065977728539267,0.0,0.8780299478368309,0.9150878419060432,,,EXPLOIT
1196,66,,,0,0,0,0,common,0.0,0.3709512143418115,0.649712006777079,0.5359038053002921,0.0,0.8738448373750375,0.9115756943315657,,,EXPLOIT
1197,66,,,0,0,0,0,common,0.0,0.2411182893221775,0.5574719063617667,0.44746815050685773,0.0,0.8746471172775099,0.9123269736292221,,,EXPLOIT
1198,66,,,0,0,0,0,common,1.0,0.8432731119405846,0.48406527452191206,0.5662096389369757,0.0,0.8702596827791999,0.9086086661007774,,,EXPLOIT
1199,66,,,0,0,0,0,common,0.0,0.45187247723861995,0.6835045120736276,0.5319084904274689,0.0,0.8656027285859544,0.9046032457406891,,,EXPLOIT
1200,66,,,0,0,0,0,common,1.0,0.7062828897948971,0.5991239217461375,0.5842208102376973,0.0,0.860650890887476,0.9002763498475629,,,EXPLOIT
1201,66,,,0,0,0,0,common,0.0,0.5409161216333169,0.69240504757817,0.5712294036563832,0.0,0.8553755205429469,0.8955879045454397,,,EXPLOIT
1202,66,,,0,1,1,0,common,1.0,0.4783541144497234,0.6384938164422393,0.5433668168943853,0.0,0.8497441333411879,0.8904908868212237,,,EXPLOIT
1203,66,,,0,1,1,0,common,1.0,0.3109301743923203,0.5084562206571155,0.4736358241437657,0.0,0.8511630352207855,0.891895906403614,,,EXPLOIT
1204,66,,,0,1,1,0,common,1.0,0.20210461335500818,0.4115562726861407,0.3921764609071384,0.0,0.8525415951554127,0.8932518069699327,,,EXPLOIT
1205,66,,,0,1,1,0,common,0.0,0.8686320013192447,0.3511557939013926,0.5351131230307702,0.0,0.8467141106431942,0.8879446566381812,,,EXPLOIT
1206,66,,,0,1,1,0,common,1.0,0.43538919914249097,0.6100151620275549,0.5051959458642864,0.0,0.8404727142290292,0.8821438512239815,,,EXPLOIT
1207,66,,,0,1,1,0,common,1.0,0.2830029794426192,0.4836342430788879,0.4385380559377862,0.0,0.8421676048462213,0.88385693715526,,,EXPLOIT
1208,66,,,0,1,1,0,common,1.0,0.18395193663770248,0.3957050297762146,0.3621622201477611,0.0,0.8438104396557085,0.8855045318873076,,,EXPLOIT
1209,66,,,0,1,1,0,common,0.0,0.8804312411854934,0.34149857725736854,0.5176429264590808,0.0,0.8373574303857146,0.8794691402674982,,,EXPLOIT
1210,66,,,0,1,1,0,common,0.0,0.5722803067705707,0.6044725173129251,0.5340341405525277,0.0,0.8304213077541022,0.8728328190823023,,,EXPLOIT
1211,66,,,0,1,1,0,common,1.0,0.628017800599129,0.6923166340719018,0.5622292385665081,0.0,0.8229461007083936,0.8655015061379417,,,EXPLOIT
1212,66,,,0,1,1,0,common,1.0,0.4082115703894339,0.5898322854546519,0.5160239381133858,0.0,0.8148668452426088,0.8573604277436137,,,EXPLOIT
1213,66,,,0,1,1,0,common,1.0,0.2653375207531321,0.4678298278514816,0.44081801290530964,0.0,0.8174350431079722,0.8601510177136513,,,EXPLOIT
1214,66,,,0,1,1,0,common,1.0,0.17246938848953586,0.38578880851729463,0.3603134255805775,0.0,0.8199083221518754,0.8628081880036862,,,EXPLOIT
1215,66,,,0,1,1,0,common,1.0,0.11210510251819827,0.3354623195358759,0.28585092866186373,0.0,0.8222917309062532,0.8653411585850944,,,EXPLOIT
1216,66,,,0,1,1,0,common,1.0,0.07286831663682891,0.30471988707746045,0.22195614505435327,0.0,0.8245899663201545,0.867758319197039,,,EXPLOIT
1217,66,,,0,1,1,0,common,1.0,0.04736440581393875,0.28568987015948444,0.16957862328222892,0.0,0.8268074038448111,0.8700673207426722,,,EXPLOIT
1218,66,,,0,1,1,0,common,0.0,0.9692131362209399,0.27374465714354024,0.4094689771638422,0.0,0.8289481244814015,0.8722751548717895,,,EXPLOIT
1219,66,,,0,1,1,0,common,0.0,0.6299885385436109,0.5592442101469571,0.47562484557777274,0.0,0.8310159391433315,0.874388223493839,,,EXPLOIT
1220,66,,,0,1,1,0,common,1.0,0.5905074499466529,0.6864877178933277,0.5100896268884367,0.0,0.8235877537052758,0.8672230309677826,,,EXPLOIT
1221,66,,,0,1,1,0,common,1.0,0.38382984246532437,0.5705683269567359,0.472211691561503,0.0,0.8258402646680765,0.8695557861708956,,,EXPLOIT
1222,66,,,0,1,1,0,common,0.0,0.7505106023975392,0.4536418140776648,0.5557013648123138,0.0,0.81799772289923,0.8618679831843903,,,EXPLOIT
1223,66,,,0,1,1,0,common,1.0,0.5121681084415994,0.657360332540313,0.5426413879010995,0.0,0.8095053908039396,0.8533091273258245,,,EXPLOIT
1224,66,,,0,1,1,0,common,1.0,0.33290927048703967,0.5277080399570946,0.47972175267688155,0.0,0.8122769894968853,0.8562988418851882,,,EXPLOIT
1225,66,,,0,1,1,0,common,0.0,0.7836089741834242,0.4241576288394515,0.5708879191288443,0.0,0.8032939407136694,0.847078370233112,,,EXPLOIT
1226,66,,,0,1,1,0,common,1.0,0.4906541667807742,0.6457487836585302,0.5468177934244232,0.0,0.7935117343840554,0.8367054827629834,,,EXPLOIT
1227,66,,,0,1,1,0,common,1.0,0.31892520840750327,0.5154961466161084,0.47845001791934716,0.0,0.7969321033295006,0.8405781345843424,,,EXPLOIT
1228,66,,,0,1,1,0,common,1.0,0.20730138546487709,0.4161286205032231,0.3971054281830061,0.0,0.8002084503025737,0.8442352710621436,,,EXPLOIT
1229,66,,,0,1,1,0,common,0.0,0.8652540994478299,0.3539454742589302,0.5375500295624532,0.0,0.7901436573319515,0.8334926043321418,,,EXPLOIT
1230,66,,,0,1,1,0,common,1.0,0.43758483535891046,0.6115783102090753,0.5075604713013904,0.0,0.7791281823014397,0.8212907689996526,,,EXPLOIT
1231,66,,,0,1,1,0,common,1.0,0.28443014298329183,0.4849089032436499,0.4406213728059608,0.0,0.7831855048638141,0.8260786394400944,,,EXPLOIT
1232,66,,,0,1,1,0,common,0.0,0.8151204070608603,0.3965101108867974,0.5529710830824306,0.0,0.771486829286013,0.8128121747509568,,,EXPLOIT
1233,66,,,0,0,0,0,common,0.0,0.351595479061656,0.633433608007067,0.4925584018761982,0.0,0.7759030435108315,0.8181423220518654,,,EXPLOIT
1234,66,,,0,0,0,0,common,1.0,0.7714629386099237,0.5399493382851641,0.5762297628963158,0.0,0.7634664845832757,0.8036835810280821,,,EXPLOIT
1235,66,,,0,1,1,0,common,1.0,0.47017173541044077,0.6911942291356854,0.5444123546505533,0.0,0.7497155124667455,0.7869112026912546,,,EXPLOIT
1236,66,,,0,1,1,0,common,0.0,0.6943883719832135,0.62194835611002,0.5894051598503512,0.0,0.7344309366154618,0.7672226426241187,,,EXPLOIT
1237,66,,,0,1,1,0,common,1.0,0.5486475582109113,0.6887119023187102,0.5771778793585192,0.0,0.7173419624870514,0.7437862381645808,,,EXPLOIT
1238,66,,,0,1,1,0,common,1.0,0.3566209128370923,0.6528922820206139,0.5110107894020911,0.0,0.6981100553752225,0.7154208650702011,,,EXPLOIT
1239,66,,,0,1,1,0,common,1.0,0.23180359334411005,0.566442457081772,0.42724863058469675,0.0,0.7066881632478381,0.7289107070030884,,,EXPLOIT
1240,66,,,0,1,1,0,common,1.0,0.15067233567367155,0.49666797941477825,0.34427574211138917,0.0,0.7147134282181283,0.7410623286437544,,,EXPLOIT
1241,66,,,0,0,0,0,common,0.0,0.4985490899035497,0.44952912060357814,0.3905577464490373,0.0,0.722237258247824,0.7520649215501363,,,EXPLOIT
1242,66,,,0,1,1,0,common,0.0,0.9020629818121135,0.30284311222013777,0.5440093170579601,0.0,0.7036328327570355,0.7254995116244052,,,EXPLOIT
1243,66,,,0,1,1,0,common,1.0,0.4136590618221262,0.5724189831439027,0.5049042404872098,0.0,0.6825851282254539,0.6929266539540905,,,EXPLOIT
1244,66,,,0,1,1,0,common,1.0,0.2688783901843821,0.4463560753551262,0.4340964853963615,0.0,0.6922079193156829,0.708793175070521,,,EXPLOIT
1245,66,,,0,1,1,0,common,1.0,0.1747709536198484,0.3643499243401711,0.35629882586340755,0.0,0.7011765001966879,0.7229644924117155,,,EXPLOIT
1246,66,,,0,1,1,0,common,0.0,0.8863988801470986,0.31486554964407487,0.5153288421485148,0.0,0.6797942951670783,0.6897829204866435,,,EXPLOIT
1247,66,,,0,1,1,0,common,0.0,0.5761592720956141,0.5805459916528511,0.5335779711326446,0.0,0.6553818619672215,0.6480501192269406,,,EXPLOIT
1248,66,,,0,0,0,0,common,1.0,0.6759430915626927,0.6880832463196027,0.576287507261659,0.0,0.6272474515347458,0.5939746672974945,,,EXPLOIT
1249,66,,,0,0,0,0,common,1.0,0.43936300951575025,0.6283778799087276,0.5352101579378863,0.0,0.594471421650772,0.521135064827768,,,EXPLOIT
1250,66,,,0,0,0,0,common,1.0,0.28558595618523763,0.5063039506440103,0.46032289741209165,0.0,0.6110853555772964,0.5609006229495995,,,EXPLOIT
1251,66,,,0,0,0,0,common,0.0,0.8143691284795955,0.41721947281919464,0.5665367667323428,0.0,0.5754699215352013,0.47495947989145604,,,EXPLOIT
1252,66,,,0,0,0,0,common,0.0,0.5293399335117371,0.6474034768296656,0.5553777167661611,0.0,0.5331444649705269,0.3487754966831749,,,EXPLORE
1253,66,,,0,1,1,0,common,1.0,0.6254964731378508,0.6912983230275567,0.576413343677668,0.0,0.48201835488712036,0.14545476585891265,,,EXPLORE
1254,66,,,0,0,0,0,common,0.0,0.3440709567826291,0.5827089659029684,0.5067106276091564,0.0,0.41903180978955923,0.09090909090909093,,,EXPLORE
1255,66,,,0,0,0,0,common,0.0,0.22364612190870892,0.47971999364830825,0.4217912758990221,0.0,0.4547591856354451,0.23017705927636645,,,EXPLORE
1256,66,,,0,1,1,0,common,1.0,0.40657270753960306,0.4100132517524999,0.41722570539119636,0.0,0.4860491825532189,0.33155527035247095,,,EXPLOIT
1257,66,,,0,0,0,0,common,0.0,0.1453699792406608,0.2935656894084834,0.3356689875460357,0.0,0.5136788413789523,0.40865139461585376,,,EXPLORE
1258,66,,,0,1,1,0,common,1.0,0.264272259900742,0.2573186987117833,0.3142499692524475,0.0,0.5382537833704771,0.46925370836719743,,,EXPLOIT
1259,66,,,0,1,1,0,common,0.0,0.8282230310645177,0.19984869742004563,0.46844188779606855,0.0,0.5602530096460575,0.5181414926281387,,,EXPLOIT
1260,66,,,0,1,1,0,common,1.0,0.4616550298080635,0.41370612606970303,0.466405830399667,0.0,0.580060348839125,0.5584101936095955,,,EXPLOIT
1261,66,,,0,0,0,0,common,0.0,0.09449048650642952,0.2824909343965115,0.3548312272316957,0.0,0.5979869757865336,0.5921529537657815,,,EXPLOIT
1262,66,,,0,1,1,0,common,0.0,0.6999242306247587,0.2591824503352718,0.45835912824961456,0.0,0.614287825354743,0.6208359130085537,,,EXPLOIT
1263,66,,,0,1,1,0,common,1.0,0.5450492500939068,0.45845942085895963,0.4843661648029022,0.0,0.629173748811835,0.6455166258956538,,,EXPLOIT
1264,66,,,0,1,1,0,common,0.0,0.6457179874389606,0.2980936609034326,0.5327717115937197,0.0,0.5967276720737363,0.5906331472441102,,,EXPLOIT
1265,66,,,0,1,1,0,common,1.0,0.5802833081646757,0.48997382522594,0.5470251905650065,0.0,0.558482671851202,0.5165272127065766,,,EXPLOIT
1266,66,,,0,1,1,0,common,1.0,0.3771841503070391,0.31559979987293524,0.4960728784876163,0.0,0.5784623961655573,0.5570684233666356,,,EXPLORE
1267,66,,,0,1,1,0,common,1.0,0.24516969769957542,0.22355583732733691,0.420801924251204,0.0,0.5965374724146929,0.5910201442001842,,,EXPLOIT
1268,66,,,0,1,1,0,common,1.0,0.15936030350472397,0.17554828709122358,0.34236943802726,0.0,0.6129670700577909,0.619866841526282,,,EXPLOIT
1269,66,,,0,0,0,0,common,0.0,0.06141881622917919,0.14913353621848285,0.25808425148783576,0.0,0.627965378298784,0.6446782365751152,,,EXPLOIT
1270,66,,,0,1,1,0,common,1.0,0.10358419727807056,0.13989596911998092,0.21173423522490617,0.0,0.6417109585246759,0.6662446935585127,,,EXPLOIT
1271,66,,,0,1,1,0,common,1.0,0.0673297282307459,0.1254362286771167,0.1684128831266581,0.0,0.6543538564010488,0.6851628232557923,,,EXPLOIT
1272,66,,,0,1,1,0,common,1.0,0.04376432334998481,0.11675582868194363,0.1310183151936561,0.0,0.6660210756977192,0.7018914264678338,,,EXPLOIT
1273,66,,,0,1,1,0,common,0.0,0.9715531898225098,0.11140295978192091,0.38317877758231217,0.0,0.6768208378377584,0.7167891122776261,,,EXPLOIT
1274,66,,,0,1,1,0,common,1.0,0.36849042661536857,0.2926521169118843,0.3787722722922291,0.0,0.6868459302266413,0.7301402317459215,,,EXPLOIT
1275,66,,,0,1,1,0,common,1.0,0.2395187772999896,0.20736718467938364,0.33699622379455724,0.0,0.6961763629526807,0.7421731528509106,,,EXPLOIT
1276,66,,,0,1,1,0,common,0.0,0.8443127947550068,0.16318006100090018,0.48919119508269204,0.0,0.7048814949845162,0.753073391638614,,,EXPLOIT
1277,66,,,0,1,1,0,common,1.0,0.45119668340924557,0.35790946340555085,0.47779284158065805,0.0,0.7130217494739914,0.7629932130036926,,,EXPLOIT
1278,66,,,0,1,1,0,common,0.0,0.7067221557839903,0.24034055595285309,0.5464716358416577,0.0,0.693226952422794,0.738705244817159,,,EXPLOIT
1279,66,,,0,1,1,0,common,1.0,0.5406305987404063,0.43531394184319405,0.5447193247112823,0.0,0.6707430209193466,0.7092029654933317,,,EXPLOIT
1280,66,,,0,1,1,0,common,1.0,0.35140988918126403,0.2801513750653063,0.48672649405227675,0.0,0.6812007234294154,0.7233316904302539,,,EXPLOIT
1281,66,,,0,1,1,0,common,1.0,0.22841642796782158,0.20101629368056778,0.4092334742269402,0.0,0.6909194239936225,0.736028796396208,,,EXPLOIT
1282,66,,,0,1,1,0,common,0.0,0.851529321820916,0.15977132604603322,0.5419222285051328,0.0,0.6681101944036283,0.7059177366025948,,,EXPLOIT
1283,66,,,0,1,1,0,common,1.0,0.4465059408164046,0.35401729542094446,0.5132973421985143,0.0,0.6419515069717543,0.6684795303827593,,,EXPLOIT
1284,66,,,0,1,1,0,common,1.0,0.29022886153066296,0.2383713610271267,0.4463767979981589,0.0,0.6545754959385884,0.6871324729087923,,,EXPLOIT
1285,66,,,0,1,1,0,common,1.0,0.18864875999493091,0.1795306986082187,0.3690583865971904,0.0,0.6662259413791763,0.7036403515933155,,,EXPLOIT
1286,66,,,0,1,1,0,common,1.0,0.12262169399670508,0.1480509998477332,0.2951273788170448,0.0,0.6770107549849665,0.7183523640503857,,,EXPLOIT
1287,66,,,0,1,1,0,common,1.0,0.0797041010978583,0.13021770169759364,0.23050039550128884,0.0,0.6870224686247374,0.7315458144083303,,,EXPLOIT
1288,66,,,0,0,0,0,common,0.0,0.03992223054896647,0.11965702972304502,0.17332694601559212,0.0,0.6963408800515882,0.7434437096036872,,,EXPLOIT
1289,66,,,0,1,1,0,common,1.0,0.05180766571360795,0.11465719932166718,0.13687116192499688,0.0,0.7050351706233733,0.7542274287164812,,,EXPLOIT
1290,66,,,0,1,1,0,common,1.0,0.03367498271384517,0.10844609980123832,0.10591230816165136,0.0,0.7131656140075192,0.7640460030589634,,,EXPLOIT
1291,66,,,0,1,1,0,common,1.0,0.021888738763999327,0.10457187450306693,0.08070523734235574,0.0,0.7207849651593042,0.7730230196578624,,,EXPLOIT
1292,66,,,0,1,1,0,common,0.0,0.9857723198034004,0.10212070048272118,0.3522253620806691,0.0,0.7279395972597869,0.7812618291455983,,,EXPLOIT
1293,66,,,0,1,1,0,common,1.0,0.3592479921277898,0.2757491209215114,0.3543321510948053,0.0,0.7346704384040944,0.788849524823996,,,EXPLOIT
1294,66,,,0,1,1,0,common,1.0,0.23351119488306338,0.19604941575158147,0.3180858642312827,0.0,0.7410137480150542,0.7958600183735297,,,EXPLOIT
1295,66,,,0,1,1,0,common,0.0,0.8482177233260088,0.15484544709255885,0.47712542195970054,0.0,0.7470017640899821,0.8023564427515557,,,EXPLOIT
1296,66,,,0,1,1,0,common,0.0,0.5513415201619056,0.3443028241206377,0.49939025142036203,0.0,0.7526632456743387,0.8083930479464726,,,EXPLOIT
1297,66,,,0,1,1,0,common,1.0,0.6416280118947613,0.5129089239325926,0.5420615795626818,0.0,0.7377145532995207,0.7923944598747297,,,EXPLOIT
1298,66,,,0,0,0,0,common,1.0,0.9740505501431718,0.3190356686463095,0.6716582707368287,0.0,0.7210221256407114,0.7736869874243745,,,EXPLOIT
1299,66,,,0,0,0,0,common,0.0,0.36686714240693835,0.607819430403584,0.5802209322378615,0.0,0.7022629668288987,0.7515202166762931,,,EXPLOIT
1300,66,,,0,1,1,0,common,1.0,0.41705820773159485,0.5022605942391764,0.5312721148859816,0.0,0.6810290597575106,0.7248383640265729,,,EXPLOIT
1301,66,,,0,1,1,0,common,0.0,0.7289121649744633,0.37339591904219727,0.590564129912526,0.0,0.65679742056663,0.6921073518789498,,,EXPLOIT
1302,66,,,0,1,1,0,common,1.0,0.5262070927665988,0.5935514668281341,0.5712570187687478,0.0,0.6288865373908561,0.6510093681239781,,,EXPLOIT
1303,66,,,0,1,1,0,common,1.0,0.3420346102982892,0.4352653684425871,0.5024902962276102,0.0,0.5963913784931921,0.5978690864184675,,,EXPLOIT
1304,66,,,0,0,0,0,common,0.0,0.23846364256450994,0.33312095308892653,0.4232823001286801,0.0,0.6128339790068139,0.6257323725626245,,,EXPLOIT
1305,66,,,0,1,1,0,common,1.0,0.22232249669388793,0.27016769133387647,0.3629943590982424,0.0,0.62784363425983,0.649757666347399,,,EXPLOIT
1306,66,,,0,1,1,0,common,1.0,0.1445096228510272,0.21924470980417357,0.2974489382240778,0.0,0.6415991753044801,0.6706858722759175,,,EXPLOIT
1307,66,,,0,1,1,0,common,1.0,0.09393125485316767,0.19028703043970516,0.23639363321280477,0.0,0.6542508647301826,0.689078721132854,,,EXPLOIT
1308,66,,,0,1,1,0,common,1.0,0.06105531565455902,0.17317027173926874,0.18379213794533103,0.0,0.665925882400089,0.7053698443800713,,,EXPLOIT
1309,66,,,0,1,1,0,common,1.0,0.03968595517546336,0.16274112565728152,0.14056028311437074,0.0,0.6767325938869425,0.7198993200351539,,,EXPLOIT
1310,66,,,0,1,1,0,common,1.0,0.025795870864051218,0.1562484939612679,0.10613095943927488,0.0,0.6867639055116688,0.7329376110601251,,,EXPLOIT
1311,66,,,0,1,1,0,common,1.0,0.016767316061633286,0.15214683042956773,0.07932186642598239,0.0,0.696099926164885,0.7447025111947172,,,EXPLOIT
1312,66,,,0,1,1,0,common,1.0,0.010898755440061692,0.14953014005213833,0.05879493313020617,0.0,0.7048100974527463,0.7553713706034628,,,EXPLOIT
1313,66,,,0,0,0,0,common,0.0,0.15500136766693146,0.14784996326339422,0.08765686349122376,0.0,0.712954912072626,0.7650900672027725,,,EXPLOIT
1314,66,,,0,1,1,0,common,0.0,0.9929158089639599,0.12565804227997962,0.3592345471330446,0.0,0.7205873103841133,0.7739796913736559,,,EXPLOIT
1315,66,,,0,1,1,0,common,0.0,0.645395275826574,0.32878222631569914,0.4450827657411034,0.0,0.7277538233566428,0.7821415963012438,,,EXPLOIT
1316,66,,,0,0,0,0,common,0.0,0.10075088898350545,0.5248733977249779,0.341783202713824,0.0,0.7344955140507256,0.7896612618817754,,,EXPLOIT
1317,66,,,0,0,0,0,common,0.0,0.06548807783927854,0.4937856418057051,0.2588946652514603,0.0,0.740848757881376,0.7966112851165171,,,EXPLOIT
1318,66,,,0,0,0,0,common,0.0,0.042567250595531056,0.4733155869846388,0.1939964408546815,0.0,0.7468458929778435,0.8030537190147071,,,EXPLOIT
1319,66,,,0,0,0,0,common,0.0,0.027668712887095187,0.4599757211770845,0.14409812246440562,0.0,0.7525157651902384,0.8090419197939867,,,EXPLOIT
1320,66,,,0,1,1,0,common,1.0,0.5804930707127269,0.45130984292219256,0.275016606938902,0.0,0.7578841871303817,0.8146220188936748,,,EXPLOIT
1321,66,,,0,1,1,0,common,1.0,0.37732049596327255,0.2830272616292897,0.30570777364621315,0.0,0.7629743266612732,0.8198341057953227,,,EXPLOIT
1322,66,,,0,1,1,0,common,1.0,0.2452583223761271,0.19815339516066843,0.2875729382651873,0.0,0.7678070371696879,0.8247131858331526,,,EXPLOIT
1323,66,,,0,1,1,0,common,1.0,0.15941790954448265,0.15469543427236288,0.2491264296489759,0.0,0.7724011395519579,0.8292899613978344,,,EXPLOIT
1324,66,,,0,1,1,0,common,1.0,0.1036216412039137,0.13099737709148285,0.20547499311545725,0.0,0.7767736639532996,0.8335914733919614,,,EXPLOIT
1325,66,,,0,1,1,0,common,0.0,0.9326459332174561,0.11734662630594822,0.4236262751460569,0.0,0.7809400578065235,0.8376416312587395,,,EXPLOIT
1326,66,,,0,1,1,0,common,1.0,0.3937801434086534,0.29514702095733336,0.4146724356248358,0.0,0.7849143655268556,0.8414616535303503,,,EXPLOIT
1327,66,,,0,1,1,0,common,1.0,0.25595709321562476,0.2042019884074906,0.3670578329020725,0.0,0.7887093842681154,0.8450704360375976,,,EXPLOIT
1328,66,,,0,1,1,0,common,1.0,0.1663721105901561,0.15789113209495717,0.30685211620849756,0.0,0.7923367993800162,0.8484848612695084,,,EXPLOIT
1329,66,,,0,1,1,0,common,1.0,0.10814187188360147,0.13279263574142705,0.24723904291102872,0.0,0.7958073025873224,0.8517200595716641,,,EXPLOIT
1330,66,,,0,1,1,0,common,1.0,0.07029221672434094,0.11840381683763349,0.19415499505502237,0.0,0.7991306954085594,0.8547896307094347,,,EXPLOIT
1331,66,,,0,1,1,0,common,1.0,0.045689940870821566,0.1098067781579798,0.1496154787997621,0.0,0.8023159799212397,0.8577058326397893,,,EXPLOIT
1332,66,,,0,1,1,0,common,0.0,0.9703015384339659,0.10452174196788437,0.3958212966900232,0.0,0.8053714386437142,0.8604797430173802,,,EXPLOIT
1333,66,,,0,1,1,0,common,1.0,0.3693040000179222,0.2772445400279103,0.3878661076883929,0.0,0.808304705026312,0.863121397921453,,,EXPLOIT
1334,66,,,0,1,1,0,common,1.0,0.24004760001164938,0.19525951267301445,0.3435205553853698,0.0,0.8111228258149574,0.8656399114657906,,,EXPLOIT
1335,66,,,0,1,1,0,common,0.0,0.8439690599924279,0.15315896043655663,0.4936551067674872,0.0,0.8138323163599231,0.8680435792961222,,,EXPLOIT
1336,66,,,0,1,1,0,common,1.0,0.45142011100492185,0.34007045294878724,0.48098460803871756,0.0,0.8164392097835843,0.870339968451648,,,EXPLOIT
1337,66,,,0,1,1,0,common,1.0,0.2934230721531992,0.2265280849480106,0.42471614727306206,0.0,0.8189491007881987,0.8725359956416057,,,EXPLOIT
1338,66,,,0,1,1,0,common,1.0,0.19072499689957945,0.16952365732996666,0.3545188021610173,0.0,0.8213671847732512,0.8746379956426857,,,EXPLOIT
1339,66,,,0,1,1,0,common,1.0,0.12397124798472658,0.13924916186120168,0.2853545359081301,0.0,0.8236982928379832,0.876651781241962,,,EXPLOIT
1340,66,,,0,1,1,0,common,1.0,0.08058131119007228,0.12217267534967965,0.22392256849271272,0.0,0.8259469231653939,0.8785826959199438,,,EXPLOIT
1341,66,,,0,1,1,0,common,1.0,0.052377852273546965,0.11208700793443853,0.17245915362696299,0.0,0.828117269216744,0.8804356602792671,,,EXPLOIT
1342,66,,,0,1,1,0,common,1.0,0.03404560397780554,0.1059353891895779,0.13093508873221574,0.0,0.830213245108435,0.8822152130684612,,,EXPLOIT
1343,66,,,0,1,1,0,common,1.0,0.022129642585573595,0.1021008151951619,0.09829345488822308,0.0,0.832238508494385,0.8839255475208939,,,EXPLOIT
1344,66,,,0,1,1,0,common,1.0,0.014384267680622842,0.09967577542067284,0.073120698725943,0.0,0.8341964812353669,0.8855705436213999,,,EXPLOIT
1345,66,,,0,1,1,0,common,1.0,0.009349773992404886,0.09812748454414663,0.053989421305881566,0.0,0.8360903681010515,0.8871537968232521,,,EXPLOIT
1346,66,,,0,1,1,0,common,0.0,0.9939226469049368,0.09713278071260638,0.3359693889855981,0.0,0.8379231737197914,0.8886786436628585,,,EXPLOIT
1347,66,,,0,1,1,0,common,1.0,0.35395027951179103,0.26639237519055714,0.341363656143456,0.0,0.8396977179647461,0.8901481846562553,,,EXPLOIT
1348,66,,,0,1,1,0,common,1.0,0.23006768168266423,0.18981145884935705,0.30797486380521844,0.0,0.8414166499420873,0.8915653048080824,,,EXPLOIT
1349,66,,,0,1,1,0,common,1.0,0.1495439930937318,0.1502523999260098,0.2604456025917724,0.0,0.843082460727253,0.8929326920185257,,,EXPLOIT
1350,66,,,0,1,1,0,common,1.0,0.09720359551092561,0.1284847879279657,0.21147300046751835,0.0,0.8446974949780555,0.8942528536353561,,,EXPLOIT
1351,66,,,0,1,1,0,common,1.0,0.06318233708210164,0.115859944481645,0.16698580145189332,0.0,0.8462639615385189,0.8955281313655414,,,EXPLOIT
1352,66,,,0,1,1,0,common,0.0,0.9589314808966339,0.10825540286242497,0.4045695052853155,0.0,0.8477839431343205,0.8967607147330203,,,EXPLOIT
1353,66,,,0,1,1,0,common,1.0,0.37669453741718795,0.28257287109420537,0.3962070149248772,0.0,0.8492594052493432,0.8979526532453654,,,EXPLOIT
1354,66,,,0,1,1,0,common,1.0,0.2448514493211722,0.1979262066181043,0.35080034524376563,0.0,0.8506922042629137,0.8991058674115706,,,EXPLOIT
1355,66,,,0,1,1,0,common,1.0,0.15915344205876192,0.1545749916629189,0.2933062742882645,0.0,0.8520840949185807,0.9002221587355699,,,EXPLOIT
1356,66,,,0,1,1,0,common,1.0,0.10344973733819529,0.1309295234777835,0.23634931320324373,0.0,0.8534367371876319,0.9013032187948814,,,EXPLOIT
1357,66,,,0,1,1,0,common,1.0,0.06724232926982698,0.11730658700694056,0.1856172180232187,0.0,0.8547517025838137,0.9023506375006259,,,EXPLOIT
1358,66,,,0,1,1,0,common,1.0,0.04370751402538753,0.10913887615340763,0.14304430682386934,0.0,0.8560304799797707,0.9033659106237559,,,EXPLOIT
1359,66,,,0,1,1,0,common,0.0,0.9715901158834981,0.10410597521424281,0.391608049541758,0.0,0.8572744809704868,0.9043504466624444,,,EXPLOIT
1360,66,,,0,1,1,0,common,1.0,0.3684664246757262,0.2766449427438417,0.3846655620819484,0.0,0.8584850448243551,0.905305573116947,,,EXPLOIT
1361,66,,,0,1,1,0,common,1.0,0.2395031760392221,0.1949591136436032,0.34111684626913047,0.0,0.8596634430584014,0.90623254223074,,,EXPLOIT
1362,66,,,0,1,1,0,common,1.0,0.15567706442549434,0.15299917772950028,0.2854849117160396,0.0,0.8608108836705315,0.907132536250155,,,EXPLOIT
1363,66,,,0,1,1,0,common,1.0,0.10119009187657135,0.1300404481567328,0.23019646576419914,0.0,0.8619285150584266,0.9080066722489752,,,EXPLOIT
1364,66,,,0,1,1,0,common,1.0,0.06577355971977139,0.11678140188899612,0.1808695939508708,0.0,0.8630174296518262,0.9088560065594041,,,EXPLOIT
1365,66,,,0,1,1,0,common,1.0,0.042752813817851454,0.10881852372445715,0.13943455991096498,0.0,0.8640786672823553,0.9096815388463675,,,EXPLOIT
1366,66,,,0,1,1,0,common,1.0,0.027789328981603467,0.10390628001488995,0.10594099063215652,0.0,0.8651132183127629,0.9104842158582057,,,EXPLOIT
1367,66,,,0,1,1,0,common,1.0,0.018063063838042237,0.10082104051043847,0.07957761259392222,0.0,0.8661220265453702,0.911264934883345,,,EXPLOIT
1368,66,,,0,1,1,0,common,1.0,0.011740991494727404,0.09886014300777689,0.05922662626416377,0.0,0.867105991927695,0.9120245469394981,,,EXPLOIT
1369,66,,,0,1,1,0,common,1.0,0.007631644471572829,0.0976040898122173,0.04374813172638649,0.0,0.8680659730715637,0.9127638597192251,,,EXPLOIT
1370,66,,,0,1,1,0,common,0.0,0.9950394310934777,0.09679540905705708,0.3291355215365139,0.0,0.86900278960054,0.9134836403133023,,,EXPLOIT
1371,66,,,0,1,1,0,common,0.0,0.6467756302107606,0.26588661822610715,0.42442755413878785,0.0,0.8699172243391682,0.9141846177312083,,,EXPLOIT
1372,66,,,0,1,1,0,common,0.0,0.4204041596369944,0.45050754479808264,0.4232205357882498,0.0,0.8708100253563278,0.9148674852361421,,,EXPLOIT
1373,66,,,0,0,0,0,common,1.0,0.9820153366233881,0.5780289774741438,0.5908589760387912,0.0,0.8661873197684501,0.9113391024513161,,,EXPLOIT
1374,66,,,0,0,0,0,common,1.0,0.6383099688052023,0.6777496122545339,0.6050942738687145,0.0,0.8612729976645257,0.9075455759336276,,,EXPLOIT
1375,66,,,0,0,0,0,common,0.0,0.5850985202766185,0.5308789333601692,0.5990955477910856,0.0,0.8560388389938312,0.9034560667918964,,,EXPLOIT
1376,66,,,0,1,1,0,common,1.0,0.7267372962359536,0.6707420312592706,0.637388072324546,0.0,0.8504528614677404,0.8990347609479944,,,EXPLOIT
1377,66,,,0,1,1,0,common,1.0,0.47237924255336994,0.6515620048398245,0.5878854233931932,0.0,0.8444786719656237,0.8942398236645793,,,EXPLOIT
1378,66,,,0,1,1,0,common,1.0,0.30704650765969044,0.5301835455077804,0.5036337486731423,0.0,0.8380746789712681,0.8890220788757324,,,EXPLOIT
1379,66,,,0,1,1,0,common,0.0,0.8004197700212012,0.434727881408165,0.5926695550775599,0.0,0.8311931300147126,0.883323324929996,,,EXPLOIT
1380,66,,,0,1,1,0,common,1.0,0.4797271494862192,0.6554533491960619,0.5587868334001577,0.0,0.8237789270110476,0.8770741643491051,,,EXPLOIT
1381,66,,,0,1,1,0,common,1.0,0.31182264716604247,0.5343080705382452,0.48469757752992304,0.0,0.8260247284686973,0.878987901169055,,,EXPLOIT
1382,66,,,0,1,1,0,common,1.0,0.20268472065792764,0.43749178599193106,0.40009372046832437,0.0,0.8281923882192804,0.8808246954080088,,,EXPLOIT
1383,66,,,0,1,1,0,common,0.0,0.868254931572347,0.37552521764188673,0.5405420837995312,0.0,0.8205395773333876,0.8743259181449186,,,EXPLOIT
1384,66,,,0,1,1,0,common,1.0,0.4356342944779744,0.6297258577791538,0.5090697470030642,0.0,0.8122607494285256,0.8671541093721326,,,EXPLOIT
1385,66,,,0,1,1,0,common,1.0,0.2831622914106834,0.5092952514629003,0.4412975103253499,0.0,0.8149269310436497,0.869489931212297,,,EXPLOIT
1386,66,,,0,1,1,0,common,0.0,0.8159445105830558,0.4209581702211921,0.5536916104026617,0.0,0.8061729487594742,0.8617948737637684,,,EXPLOIT
1387,66,,,0,1,1,0,common,1.0,0.46963606812101366,0.6500667670498075,0.5284749477181673,0.0,0.7966506818219933,0.8532274995774244,,,EXPLOIT
1388,66,,,0,1,1,0,common,1.0,0.3052634442786589,0.5286387148094409,0.46151149668631475,0.0,0.7999387704278277,0.8562212921943224,,,EXPLOIT
1389,66,,,0,1,1,0,common,0.0,0.8015787612188717,0.4336968250619266,0.5635316760460818,0.0,0.7898490815253887,0.8469914251335369,,,EXPLOIT
1390,66,,,0,0,0,0,common,0.0,0.380314038179802,0.6550621043217428,0.5085663846861979,0.0,0.7788051140620786,0.8366073306198136,,,EXPLOIT
1391,66,,,0,0,0,0,common,1.0,0.7527958751831287,0.5630193881780443,0.5818352318352771,0.0,0.766665408668948,0.8248386917315945,,,EXPLOIT
1392,66,,,0,1,1,0,common,0.0,0.5210261947922666,0.6929332495874791,0.563592520722374,0.0,0.7532590937889073,0.8113895485143775,,,EXPLOIT
1393,66,,,0,1,1,0,common,0.0,0.33866702661497333,0.6372951438170527,0.49611487249015374,0.0,0.7585885692563535,0.8168133738289981,,,EXPLOIT
1394,66,,,0,1,1,0,common,0.0,0.22013356729973266,0.5490757230756017,0.4133204809330274,0.0,0.7636427120142095,0.8218841870172536,,,EXPLOIT
1395,66,,,0,0,0,0,common,0.0,0.5106826811309664,0.4816735526561904,0.4425291409924091,0.0,0.7684420849689879,0.8266351334235988,,,EXPLOIT
1396,66,,,0,0,0,0,common,0.0,0.33194374273512817,0.6265976392566368,0.4093535215152248,0.0,0.7730052534342392,0.8310953350614656,,,EXPLOIT
1397,66,,,0,0,0,0,common,0.0,0.21576343277783333,0.6826939548241145,0.35127649489400736,0.0,0.7773490219571597,0.8352904831028708,,,EXPLOIT
1398,66,,,0,0,0,0,common,0.0,0.14024623130559166,0.6931310427463726,0.28796741581748264,0.0,0.7814886382329079,0.839243328661069,,,EXPLOIT
1399,66,,,0,0,0,0,common,1.0,0.9088399496513654,0.6877833450972668,0.47422917596764746,0.0,0.7854379693220325,0.842974091668594,,,EXPLOIT
1400,66,,,0,0,0,0,common,0.0,0.4092540327266124,0.5692770708796615,0.4547366329953369,0.0,0.7892096544628106,0.8465008033659696,,,EXPLOIT
1401,66,,,0,0,0,0,common,0.0,0.2660151212722981,0.6638139352942517,0.39812017947842526,0.0,0.7928152380267085,0.849839594645928,,,EXPLOIT
1402,66,,,0,0,0,0,common,0.0,0.17290982882699377,0.6913715157179221,0.33055707428299574,0.0,0.7962652855634532,0.8530049399831662,,,EXPLOIT
1403,66,,,0,0,0,0,common,0.0,0.11239138873754595,0.6912663066090627,0.2651073686193608,0.0,0.7995694853929024,0.8560098647313653,,,EXPLOIT
1404,66,,,0,0,0,0,common,1.0,0.9269455973205951,0.6834334877787749,0.4636588372297311,0.0,0.8027367378011409,0.858866122049056,,,EXPLOIT
1405,66,,,0,0,0,0,common,0.0,0.39748536174161314,0.5787277130953605,0.4438067945832957,0.0,0.8057752335701909,0.8615843445218918,,,EXPLOIT
1406,66,,,0,0,0,0,common,1.0,0.7416345148679515,0.6672589265937073,0.5331551106686925,0.0,0.7962172722812172,0.852992415784428,,,EXPLOIT
1407,66,,,0,0,0,0,common,0.0,0.5179375653358316,0.47518512592826556,0.5285898470688342,0.0,0.7857807867853255,0.8433668957495051,,,EXPLOIT
1408,66,,,0,1,1,0,common,1.0,0.8569131812551738,0.6234709047411444,0.627086847324736,0.0,0.7743394230802789,0.8325099232538794,,,EXPLOIT
1409,66,,,0,1,1,0,common,1.0,0.556993567815863,0.6710293485199708,0.606058863472074,0.0,0.7617413769673179,0.8201696930124885,,,EXPLOIT
1410,66,,,0,1,1,0,common,1.0,0.36204581908031097,0.5399462935904654,0.5328549501545451,0.0,0.7478026465408716,0.8060207270086369,,,EXPLOIT
1411,66,,,0,1,1,0,common,1.0,0.23532978240220215,0.427704724984581,0.44359739982884216,0.0,0.7534211083308988,0.8118050214968454,,,EXPLOIT
1412,66,,,0,1,1,0,common,0.0,0.8470356414385686,0.3566666335371791,0.5646288723117601,0.0,0.7385581414384819,0.7963548195688013,,,EXPLOIT
1413,66,,,0,1,1,0,common,1.0,0.4494268330649305,0.6093724679617898,0.5300682605377112,0.0,0.7219668013761382,0.7783391540723075,,,EXPLOIT
1414,66,,,0,0,0,0,common,0.0,0.33665941746829053,0.47843943756917406,0.47204560761688497,0.0,0.7290505883654536,0.7861549299866648,,,EXPLOIT
1415,66,,,0,1,1,0,common,1.0,0.2921274414922048,0.3745879573089891,0.4180701577794809,0.0,0.7357167175265528,0.7933679316201027,,,EXPLOIT
1416,66,,,0,1,1,0,common,1.0,0.18988283696993313,0.292873957072012,0.34961396153661656,0.0,0.742000760302164,0.8000449766003892,,,EXPLOIT
1417,66,,,0,1,1,0,common,0.0,0.8765761559695434,0.2462573297228799,0.5077026198664946,0.0,0.7258186145398384,0.7826613020705514,,,EXPLOIT
1418,66,,,0,1,1,0,common,1.0,0.43022549861979675,0.4965192500898974,0.4844594834924852,0.0,0.7326738149808303,0.7901409162358433,,,EXPLOIT
1419,66,,,0,1,1,0,common,1.0,0.27964657410286786,0.3640541221565507,0.4230156106756,0.0,0.7391309510843791,0.7970553240633224,,,EXPLOIT
1420,66,,,0,1,1,0,common,1.0,0.18177027316686412,0.2868892619810046,0.35064200942297924,0.0,0.7452234174790375,0.8034659468737284,,,EXPLOIT
1421,66,,,0,1,1,0,common,0.0,0.8818493224415384,0.2427979352863503,0.510004203328547,0.0,0.7294194715509007,0.7866573357530342,,,EXPLOIT
1422,66,,,0,1,1,0,common,0.0,0.573202059587,0.49346999814890635,0.5289635602060828,0.0,0.7117158556438995,0.7669226961739626,,,EXPLOIT
1423,66,,,0,1,1,0,common,1.0,0.62741866126845,0.6480124503980298,0.558500090524793,0.0,0.6917492237377203,0.7434264453000816,,,EXPLOIT
1424,66,,,0,1,1,0,common,1.0,0.4078221298244925,0.4765286238934575,0.5132967023147028,0.0,0.6690572584991726,0.7149813743667014,,,EXPLOIT
1425,66,,,0,1,1,0,common,1.0,0.2650843843859201,0.35193887058866324,0.43883300693606797,0.0,0.679636480876368,0.7285159177453193,,,EXPLOIT
1426,66,,,0,1,1,0,common,1.0,0.17230484985084804,0.28000809431771956,0.358874559810502,0.0,0.6894640907549185,0.7407057692541353,,,EXPLOIT
1427,66,,,0,0,0,0,common,0.0,0.21882862135438885,0.2388067230570612,0.31686077827366804,0.0,0.6986169926886434,0.7517413119383718,,,EXPLOIT
1428,66,,,0,1,1,0,common,0.0,0.8880018475969488,0.19317294330764048,0.4882030990706522,0.0,0.7071619458899199,0.7617786093146675,,,EXPLOIT
1429,66,,,0,1,1,0,common,1.0,0.42279879906198325,0.42154851593265374,0.46858180906805147,0.0,0.7151571838106427,0.7709468051941964,,,EXPLOIT
1430,66,,,0,1,1,0,common,1.0,0.2748192193902892,0.299113831551566,0.41045303216472273,0.0,0.722653733066588,0.7793536880367953,,,EXPLOIT
1431,66,,,0,1,1,0,common,1.0,0.17863249260368796,0.23245128597617923,0.34090687029641226,0.0,0.7296964948666619,0.7870899299026514,,,EXPLOIT
1432,66,,,0,0,0,0,common,0.0,0.14223860388035275,0.1954348500194114,0.2813063903715944,0.0,0.7363251373859384,0.7942323542596984,,,EXPLOIT
1433,66,,,0,0,0,0,common,0.0,0.09245509252222929,0.16945309815162107,0.22465100101678484,0.0,0.7425748365502236,0.8008464826707707,,,EXPLOIT
1434,66,,,0,1,1,0,common,1.0,0.11611112019239722,0.15415155285252669,0.19208903676946854,0.0,0.748476894447276,0.8069885394291451,,,EXPLOIT
1435,66,,,0,1,1,0,common,1.0,0.07547222812505816,0.13661162518833636,0.1571039941761454,0.0,0.7540592583173444,0.8127070441334316,,,EXPLOIT
1436,66,,,0,1,1,0,common,1.0,0.049056948281287815,0.12616054282297678,0.12468988040768811,0.0,0.759346958284001,0.8180440877460154,,,EXPLOIT
1437,66,,,0,1,1,0,common,1.0,0.031887016382837086,0.11974928566127382,0.0968490212002328,0.0,0.7643624782913241,0.8230363631724359,,,EXPLOIT
1438,66,,,0,1,1,0,common,1.0,0.02072656064884415,0.11573787893908695,0.07401228303481619,0.0,0.769126071843296,0.8277160037442451,,,EXPLOIT
1439,66,,,0,1,1,0,common,1.0,0.013472264421748648,0.11319482247686408,0.05585027745089592,0.0,0.7736560318962481,0.8321112701205373,,,EXPLOIT
1440,66,,,0,1,1,0,common,1.0,0.008756971874136599,0.11156860971813223,0.04172228577786812,0.0,0.7779689224875708,0.836247116643154,,,EXPLOIT
1441,66,,,0,1,1,0,common,1.0,0.0056920317181887725,0.11052276868760785,0.030913209559964315,0.0,0.782079778283535,0.840145661125058,,,EXPLOIT
1442,66,,,0,0,0,0,common,0.0,0.06009581013944904,0.10984767134344561,0.039667989733809736,0.0,0.7860022771130503,0.8438265767504746,,,EXPLOIT
1443,66,,,0,1,1,0,common,1.0,0.0036998206168227243,0.10294193037155677,0.02887753899871363,0.0,0.7897488896597916,0.8473074207473521,,,EXPLOIT
1444,66,,,0,1,1,0,common,1.0,0.0024048834009348097,0.10252979626081361,0.02093574231937998,0.0,0.7933310097645236,0.85060391142158,,,EXPLOIT
1445,66,,,0,0,0,0,common,1.0,0.9609377234093581,0.10226270564737305,0.30293633664637337,0.0,0.7967590682058755,0.8537301627765641,,,EXPLOIT
1446,66,,,0,1,1,0,common,0.0,0.9984368257893924,0.2699071657445766,0.511586483389279,0.0,0.7863734473523446,0.8441958122880712,,,EXPLOIT
1447,66,,,0,1,1,0,common,0.0,0.6489839367631051,0.5632074623637839,0.5528057194014269,0.0,0.7749904279876961,0.8334479653787843,,,EXPLOIT
1448,66,,,0,1,1,0,common,1.0,0.5781604411039817,0.6888506948210321,0.5604121359121933,0.0,0.7624597476668616,0.8212398613090208,,,EXPLOIT
1449,66,,,0,1,1,0,common,1.0,0.37580428671758814,0.5831415184611168,0.5050297811538118,0.0,0.7485993649626248,0.8072529710499344,,,EXPLOIT
1450,66,,,0,1,1,0,common,1.0,0.24427278636643224,0.470274495060894,0.4268026827175979,0.0,0.7541751837390879,0.8129535621571844,,,EXPLOIT
1451,66,,,0,1,1,0,common,1.0,0.15877731113818094,0.3945087617567509,0.3463950712437728,0.0,0.7594568442011195,0.8182744414344132,,,EXPLOIT
1452,66,,,0,1,1,0,common,1.0,0.10320525223981758,0.34756494951839145,0.27343812554258623,0.0,0.7644667795354559,0.8232520812417761,,,EXPLOIT
1453,66,,,0,1,1,0,common,1.0,0.06708341395588147,0.31861814897761936,0.21153171206657478,0.0,0.7692251987022035,0.8279184280587871,,,EXPLOIT
1454,66,,,0,1,1,0,common,1.0,0.04360421907132295,0.30057373213411964,0.16115346416799922,0.0,0.7737503554363898,0.8323015833925048,,,EXPLOIT
1455,66,,,0,1,1,0,common,1.0,0.02834274239635992,0.2891920142930647,0.12131024763650743,0.0,0.7780587791313247,0.8364263653472764,,,EXPLOIT
1456,66,,,0,1,1,0,common,0.0,0.981577217442366,0.2819450710417877,0.379390338578265,0.0,0.7821654737600607,0.8403147745651195,,,EXPLOIT
1457,66,,,0,1,1,0,common,1.0,0.3619748086624621,0.5721361745732779,0.3741656796035241,0.0,0.7860840898805534,0.8439863830111831,,,EXPLOIT
1458,66,,,0,1,1,0,common,1.0,0.23528362563060035,0.4622251805328418,0.3325010634116469,0.0,0.7898270738799008,0.8474586601093748,,,EXPLOIT
1459,66,,,0,0,0,0,common,0.0,0.3753904797839172,0.3894568046526642,0.345367888323328,0.0,0.7934057978956998,0.8507472476982368,,,EXPLOIT
1460,66,,,0,1,1,0,common,1.0,0.1529343566598902,0.2842149478023384,0.2876378288242966,0.0,0.7968306732715937,0.8538661929383603,,,EXPLOIT
1461,66,,,0,1,1,0,common,1.0,0.09940733182892858,0.24702224018390379,0.2311686797256862,0.0,0.8001112499312724,0.8568281464869948,,,EXPLOIT
1462,66,,,0,1,1,0,common,0.0,0.9353852343111965,0.22480424704688814,0.4424336461013393,0.0,0.803256303668624,0.8596445318361735,,,EXPLOIT
1463,66,,,0,1,1,0,common,1.0,0.3919995976977223,0.4848890678731779,0.4273034315802542,0.0,0.8062739130342752,0.862325690593788,,,EXPLOIT
1464,66,,,0,1,1,0,common,0.0,0.7452002614964806,0.36432952915971106,0.522672480555122,0.0,0.7967606965547459,0.8538200636024081,,,EXPLOIT
1465,66,,,0,1,1,0,common,1.0,0.5156198300272876,0.5896911803630759,0.5205566853967717,0.0,0.7863752283798243,0.8442967917417964,,,EXPLOIT
1466,66,,,0,0,0,0,common,0.0,0.2440038118595462,0.43407167958953496,0.43759082333560406,0.0,0.7901053131027054,0.847752456804094,,,EXPLOIT
1467,66,,,0,0,0,0,common,0.0,0.15860247770870503,0.3601060314196485,0.35389431964753437,0.0,0.7936719633606238,0.8510257173690704,,,EXPLOIT
1468,66,,,0,0,0,0,common,0.0,0.10309161051065827,0.3153211399110928,0.2786535069064715,0.0,0.7970855215489003,0.8541304914170047,,,EXPLOIT
1469,66,,,0,0,0,0,common,0.0,0.06700954683192788,0.2880364825198432,0.21516031888410841,0.0,0.8003554756941105,0.8570793162593531,,,EXPLOIT
1470,66,,,0,0,0,0,common,1.0,0.9564437945592469,0.27114403478298654,0.4375453615866499,0.0,0.8034905458962726,0.859883515603576,,,EXPLOIT
1471,66,,,0,0,0,0,common,0.0,0.3783115335364895,0.5524527953201652,0.41977521317160177,0.0,0.8064987604840507,0.8625533429327671,,,EXPLOIT
1472,66,,,0,0,0,0,common,0.0,0.24590249679871817,0.4357612653796765,0.36761339825973666,0.0,0.809387523283427,0.8650981050272086,,,EXPLOIT
1473,66,,,0,0,0,0,common,0.0,0.15983662291916684,0.3611364441352801,0.3052803656575657,0.0,0.8121636731865557,0.867526268764194,,,EXPLOIT
1474,66,,,0,1,1,0,common,1.0,0.3351528895177369,0.31594494024376546,0.31424212281561703,0.0,0.8148335370297907,0.8698455537788307,,,EXPLOIT
1475,66,,,0,1,1,0,common,1.0,0.21784937818652905,0.23300291727748074,0.28532429942689064,0.0,0.8174029766415485,0.8720630131224876,,,EXPLOIT
1476,66,,,0,1,1,0,common,1.0,0.14160209582124383,0.18843576978446377,0.2422076383451966,0.0,0.8198774307964253,0.874185103694338,,,EXPLOIT
1477,66,,,0,1,1,0,common,1.0,0.09204136228380855,0.16333534962103544,0.19715775552678017,0.0,0.8222619527075611,0.8762177479274994,,,EXPLOIT
1478,66,,,0,1,1,0,common,1.0,0.05982688548447557,0.14856819305126578,0.15595849451408877,0.0,0.824561243601199,0.878166387970976,,,EXPLOIT
1479,66,,,0,1,1,0,common,1.0,0.038887475564909124,0.1395931471635691,0.12083718882933488,0.0,0.8267796828428844,0.8800360334112836,,,EXPLOIT
1480,66,,,0,1,1,0,common,1.0,0.02527685911719091,0.13401368624067084,0.09216908991569168,0.0,0.8289213550215567,0.8818313034149154,,,EXPLOIT
1481,66,,,0,1,1,0,common,1.0,0.01642995842617412,0.1304918734181087,0.0694473504688364,0.0,0.8309900743439845,0.8835564640380759,,,EXPLOIT
1482,66,,,0,1,1,0,common,1.0,0.010679472977013216,0.12824625761045672,0.05181698722128945,0.0,0.832989406646092,0.885215461338122,,,EXPLOIT
1483,66,,,0,1,1,0,common,0.0,0.9930583425649414,0.12680480980117811,0.33418939382438506,0.0,0.834922689288433,0.8868119508277176,,,EXPLOIT
1484,66,,,0,0,0,0,common,0.0,0.10389380489745845,0.3312153779089403,0.26510071714630706,0.0,0.8367930491693591,0.8883493237344672,,,EXPLOIT
1485,66,,,0,1,1,0,common,1.0,0.3545120773327881,0.30288037017869995,0.29192412520225136,0.0,0.8386034190604165,0.8898307304630684,,,EXPLOIT
1486,66,,,0,1,1,0,common,1.0,0.23043285026631233,0.21831082005815303,0.2734767427214696,0.0,0.8403565524435049,0.8912591016016059,,,EXPLOIT
1487,66,,,0,1,1,0,common,1.0,0.149781352673103,0.17379994713705685,0.23636812570695961,0.0,0.8420550370076976,0.8926371667667533,,,EXPLOIT
1488,66,,,0,1,1,0,common,1.0,0.09735787923751693,0.14908313114148758,0.1946650517661268,0.0,0.8437013069448899,0.8939674715428907,,,EXPLOIT
1489,66,,,0,1,1,0,common,0.0,0.936717378495614,0.13467674178103892,0.417280749784973,0.0,0.8452976541671717,0.8952523927363337,,,EXPLOIT
1490,66,,,0,1,1,0,common,0.0,0.6088662960221491,0.3314222715769888,0.4747564136561258,0.0,0.8468462385546515,0.8964941521370073,,,EXPLOIT
1491,66,,,0,1,1,0,common,1.0,0.6042369075856031,0.5165908393223374,0.5136005618349689,0.0,0.8406143862256423,0.8914774763631989,,,EXPLOIT
1492,66,,,0,1,1,0,common,1.0,0.39275398993064203,0.3327192252776574,0.4773465902636708,0.0,0.8423048981844572,0.8928479224994829,,,EXPLOIT
1493,66,,,0,1,1,0,common,1.0,0.2552900934549174,0.2336860730557573,0.4107296412210448,0.0,0.8439435476197744,0.8941709900380845,,,EXPLOIT
1494,66,,,0,1,1,0,common,0.0,0.8340614392543038,0.18207203810495382,0.5377291806310225,0.0,0.8375003172309733,0.8889470418411431,,,EXPLOIT
1495,66,,,0,1,1,0,common,1.0,0.4578600644847025,0.3869292743234387,0.5137684457871265,0.0,0.8305750840014297,0.8832412108242299,,,EXPLOIT
1496,66,,,0,1,1,0,common,1.0,0.29760904191505666,0.26168424128492257,0.4489206246255055,0.0,0.832588250316148,0.8849122102328061,,,EXPLOIT
1497,66,,,0,1,1,0,common,1.0,0.1934458772447868,0.19689067610566802,0.3722782004112899,0.0,0.834534705847407,0.8865200437138334,,,EXPLOIT
1498,66,,,0,1,1,0,common,1.0,0.12573982020911145,0.16206877301426154,0.29831668635063635,0.0,0.8364176189210607,0.8880681497211464,,,EXPLOIT
1499,66,,,0,1,1,0,common,1.0,0.08173088313592247,0.14231961126674644,0.2333409453862222,0.0,0.838239960540829,0.8895597217238644,,,EXPLOIT
1500,66,,,0,1,1,0,common,1.0,0.05312507403834965,0.13062267681505585,0.17927618398186043,0.0,0.8400045195167107,0.890997729645167,,,EXPLOIT
1501,66,,,0,1,1,0,common,1.0,0.03453129812492728,0.12347722968360429,0.13585271822478048,0.0,0.8417139162225491,0.8923849390884355,,,EXPLOIT
1502,66,,,0,1,1,0,common,0.0,0.9775546562187972,0.1190191400726806,0.3883632996229855,0.0,0.8433706151255173,0.8937239286126778,,,EXPLOIT
1503,66,,,0,1,1,0,common,1.0,0.3645894734577818,0.31058306105778366,0.38123115177342437,0.0,0.8449769362135426,0.895017105284304,,,EXPLOIT
1504,66,,,0,1,1,0,common,0.0,0.7630168422524418,0.22228562690077483,0.49576685891712957,0.0,0.8465350654321289,0.8962667187026111,,,EXPLOIT
1505,66,,,0,1,1,0,common,0.0,0.4959609474640872,0.4273329599161768,0.49582508548121684,0.0,0.8480470642293296,0.8974748736709247,,,EXPLOIT
1506,66,,,0,1,1,0,common,1.0,0.6776253841483433,0.5783742511737004,0.5503651750813547,0.0,0.8419016126782228,0.8925444031791269,,,EXPLOIT
1507,66,,,0,1,1,0,common,0.0,0.5595435003035769,0.3720705052643445,0.5531186726480214,0.0,0.835307541807898,0.8871727593017346,,,EXPLOIT
1508,66,,,0,1,1,0,common,1.0,0.636296724802675,0.544313636156143,0.5780720882944175,0.0,0.8282142385183257,0.8812982657602054,,,EXPLOIT
1509,66,,,0,1,1,0,common,1.0,0.4135928711217387,0.34964111981021484,0.5287283231426139,0.0,0.8205631790323721,0.8748471881053503,,,EXPLOIT
1510,66,,,0,1,1,0,common,1.0,0.2688353662291302,0.24239812354444829,0.45076043606856875,0.0,0.8229230458345873,0.8768522902599442,,,EXPLOIT
1511,66,,,0,1,1,0,common,1.0,0.17474298804893462,0.18671345405098522,0.3679552016626785,0.0,0.8251989561322051,0.8787750416333765,,,EXPLOIT
1512,66,,,0,1,1,0,common,1.0,0.11358294223180754,0.15639404446686353,0.2916435238334172,0.0,0.8273952029922879,0.8806203221156172,,,EXPLOIT
1513,66,,,0,1,1,0,common,1.0,0.07382891245067491,0.13900121471803212,0.22629914041859447,0.0,0.8295157918886052,0.8823926336495792,,,EXPLOIT
1514,66,,,0,1,1,0,common,1.0,0.047988793092938686,0.12861352941810075,0.1728060362208977,0.0,0.8315644643903191,0.8840961361286132,,,EXPLOIT
1515,66,,,0,1,1,0,common,1.0,0.03119271551041014,0.12223125981838202,0.13032204000775144,0.0,0.8335447195471483,0.8857346792788002,,,EXPLOIT
1516,66,,,0,1,1,0,common,1.0,0.02027526508176658,0.11823390776108869,0.09730800752995598,0.0,0.8354598332281791,0.8873118310404112,,,EXPLOIT
1517,66,,,0,1,1,0,common,0.0,0.9868210776968517,0.11569806564255794,0.3641619285800247,0.0,0.8373128756391853,0.8888309028889511,,,EXPLOIT
1518,66,,,0,1,1,0,common,1.0,0.35856629949704644,0.30596503279763676,0.3624832398551312,0.0,0.8391067272155204,0.8902949724739988,,,EXPLOIT
1519,66,,,0,1,1,0,common,1.0,0.2330680946730802,0.21990332005198926,0.3236586963005159,0.0,0.8408440930636532,0.8917069039015688,,,EXPLOIT
1520,66,,,0,1,1,0,common,0.0,0.8485057384624979,0.17466198000878935,0.48111280894911046,0.0,0.8425275161036551,0.893069365941279,,,EXPLOIT
1521,66,,,0,1,1,0,common,0.0,0.5515287300006236,0.37888374384807655,0.5022375852645644,0.0,0.8359798699171277,0.8877456209773883,,,EXPLOIT
1522,66,,,0,1,1,0,common,0.0,0.35849367450040537,0.5487266661986272,0.45911441203531667,0.0,0.8378162147862422,0.8892488922336838,,,EXPLOIT
1523,66,,,0,1,1,0,common,1.0,0.7669791115747365,0.641233959867781,0.5514738218971427,0.0,0.8309150252035793,0.8835715024820141,,,EXPLOIT
1524,66,,,0,1,1,0,common,1.0,0.49853642252357877,0.4224593335565374,0.5355926020850735,0.0,0.8234788704680501,0.8773468587357305,,,EXPLOIT
1525,66,,,0,1,1,0,common,1.0,0.32404867464032616,0.2803299797741264,0.4721294238516493,0.0,0.8257352068921876,0.8792495429668828,,,EXPLOIT
1526,66,,,0,1,1,0,common,1.0,0.21063163851621203,0.20662796654398355,0.3936800882510181,0.0,0.8279128702428897,0.8810759307739913,,,EXPLOIT
1527,66,,,0,1,1,0,common,1.0,0.13691056503553778,0.16743467481257343,0.31664923128637396,0.0,0.830015800339359,0.8828304342417855,,,EXPLOIT
1528,66,,,0,1,1,0,common,1.0,0.0889918672730996,0.14542875286326482,0.24835202208239163,0.0,0.8320476784486524,0.8845171318383224,,,EXPLOIT
1529,66,,,0,1,1,0,common,1.0,0.05784471372751476,0.1324929514453861,0.19119982957592854,0.0,0.8340119481556248,0.8861397993651174,,,EXPLOIT
1530,66,,,0,1,1,0,common,1.0,0.03759906392288459,0.12463197044365028,0.14511959988001535,0.0,0.8359118342434633,0.8877019375244801,,,EXPLOIT
1531,66,,,0,1,1,0,common,1.0,0.024439391549874956,0.11974473877041915,0.10891553738097323,0.0,0.8377503598025937,0.8892067965276903,,,EXPLOIT
1532,66,,,0,1,1,0,common,1.0,0.015885604507418716,0.11665953957186515,0.08100655751890687,0.0,0.8395303617589219,0.8906573981080878,,,EXPLOIT
1533,66,,,0,1,1,0,common,1.0,0.010325642929822187,0.1146921377821285,0.05980228314218146,0.0,0.8412545049891959,0.8920565552528404,,,EXPLOIT
1534,66,,,0,1,1,0,common,1.0,0.0067116679043843774,0.11342918446005422,0.04387509857084233,0.0,0.8429252951712317,0.8934068899245362,,,EXPLOIT
1535,66,,,0,1,1,0,common,1.0,0.004362584137849845,0.11261491311942179,0.032021344240944584,0.0,0.8445450904993448,0.8947108490075247,,,EXPLOIT
1536,66,,,0,1,1,0,common,1.0,0.0028356796896024106,0.11208843147906075,0.023265644875541933,0.0,0.8461161123802077,0.895970718683081,,,EXPLOIT
1537,66,,,0,1,1,0,common,0.0,0.9981568082017584,0.11174739529055665,0.31573299387340686,0.0,0.8476404552111707,0.8971886374110729,,,EXPLOIT
1538,66,,,0,1,1,0,common,1.0,0.351198074668857,0.30037323761778423,0.3263725181120419,0.0,0.8491200953315845,0.8983666076732317,,,EXPLOIT
1539,66,,,0,1,1,0,common,0.0,0.771721251465243,0.21701567055228826,0.45997713811800217,0.0,0.8505568992275867,0.8995065066136885,,,EXPLOIT
1540,66,,,0,1,1,0,common,1.0,0.498381186547592,0.42232202908989425,0.4714983526468791,0.0,0.8519526310619947,0.900610095695728,,,EXPLOIT
1541,66,,,0,1,1,0,common,0.0,0.6760522287440651,0.28025716346821045,0.532864515476035,0.0,0.8460839666097396,0.8959500668496885,,,EXPLOIT
1542,66,,,0,1,1,0,common,1.0,0.5605660513163576,0.47782243100194527,0.5411749762281317,0.0,0.8397969507192935,0.8908852347884838,,,EXPLOIT
1543,66,,,0,1,1,0,common,1.0,0.36436793335563245,0.3104124624171735,0.4881328633663819,0.0,0.8415127960149918,0.8922763883564154,,,EXPLOIT
1544,66,,,0,1,1,0,common,1.0,0.23683915668116107,0.22219765504442757,0.4127447513608156,0.0,0.843175657294916,0.8936191233607154,,,EXPLOIT
1545,66,,,0,1,1,0,common,1.0,0.15394545184275465,0.17590169131305933,0.3351049615053973,0.0,0.8447878712169986,0.8949158599771552,,,EXPLOIT
1546,66,,,0,1,1,0,common,1.0,0.1000645436977905,0.15028211621818843,0.26459283616311524,0.0,0.846351639200288,0.8961688598504037,,,EXPLOIT
1547,66,,,0,1,1,0,common,1.0,0.06504195340356378,0.13538993370625307,0.2047275713352498,0.0,0.8478690370715126,0.8973802388671389,,,EXPLOIT
1548,66,,,0,1,1,0,common,1.0,0.04227726971231649,0.12641116989444565,0.15599248084836978,0.0,0.8493420238975402,0.8985519787137536,,,EXPLOIT
1549,66,,,0,1,1,0,common,1.0,0.027480225313005757,0.120858769726067,0.11743880418776056,0.0,0.8507724500827717,0.8996859373514727,,,EXPLOIT
1550,66,,,0,1,1,0,common,1.0,0.017862146453453742,0.11736612026100843,0.08756580686746851,0.0,0.8521620648018675,0.9007838585253688,,,EXPLOIT
1551,66,,,0,0,0,0,common,0.0,0.067530973183348,0.11514411381784768,0.08155535676223236,0.0,0.8535125228305974,0.9018473804096555,,,EXPLOIT
1552,66,,,0,1,1,0,common,1.0,0.011610395194744938,0.10707781326411622,0.060571868291986124,0.0,0.8548253908309169,0.9028780434794189,,,EXPLOIT
1553,66,,,0,1,1,0,common,1.0,0.0075467568765842374,0.10574305647159417,0.044664334867365554,0.0,0.8561021531404752,0.9038772976883583,,,EXPLOIT
1554,66,,,0,1,1,0,common,1.0,0.004905391969779793,0.10488348343977073,0.032736651998089825,0.0,0.8573442171115526,0.9048465090228798,,,EXPLOIT
1555,66,,,0,1,1,0,common,0.0,0.9968114952196432,0.10432812880949735,0.3219591049645558,0.0,0.858552918039812,0.9057869654948578,,,EXPLOIT
1556,66,,,0,1,1,0,common,1.0,0.3520725281072319,0.28350870356461755,0.33099313190735863,0.0,0.8597295237191653,0.9066998826283676,,,EXPLOIT
1557,66,,,0,1,1,0,common,1.0,0.2288471432697008,0.2035166823187238,0.30034933531606123,0.0,0.8608752386554334,0.9075864084895418,,,EXPLOIT
1558,66,,,0,1,1,0,common,1.0,0.1487506431253055,0.16177285215651677,0.25486972765883453,0.0,0.861991207968249,0.9084476283033308,,,EXPLOIT
1559,66,,,0,1,1,0,common,1.0,0.0966879180314486,0.13867862381157292,0.20741518477061874,0.0,0.8630785210077859,0.909284568696216,,,EXPLOIT
1560,66,,,0,1,1,0,common,1.0,0.06284714672044156,0.12524263328141458,0.16404477335556558,0.0,0.864138214710339,0.910098201599755,,,EXPLOIT
1561,66,,,0,1,1,0,common,1.0,0.040850645368286975,0.11713428991662465,0.127086534959382,0.0,0.8651712767144903,0.9108894478461809,,,EXPLOIT
1562,66,,,0,1,1,0,common,1.0,0.02655291948938654,0.11211644276402008,0.09692645031838334,0.0,0.8661786482575567,0.9116591804840268,,,EXPLOIT
1563,66,,,0,1,1,0,common,1.0,0.01725939766810125,0.10895836356273873,0.07302633452329871,0.0,0.8671612268701836,0.9124082278388853,,,EXPLOIT
1564,66,,,0,1,1,0,common,1.0,0.011218608484265813,0.1069484713730121,0.05448401671158884,0.0,0.8681198688853085,0.9131373763418676,,,EXPLOIT
1565,66,,,0,1,1,0,common,1.0,0.007292095514772834,0.10565990827600277,0.04032644035254404,0.0,0.8690553917762412,0.9138473731460786,,,EXPLOIT
1566,66,,,0,1,1,0,common,0.0,0.9952601379153977,0.10482982479951608,0.3268065496214001,0.0,0.8699685763372921,0.9145389285494087,,,EXPLOIT
1567,66,,,0,1,1,0,common,1.0,0.35308091035499145,0.28424253265663313,0.3346888578414775,0.0,0.8708601687191747,0.9152127182401717,,,EXPLOIT
1568,66,,,0,0,0,0,common,0.0,0.043895132569176196,0.2038909383315647,0.24745074025978708,0.0,0.8717308823303502,0.9158693853805147,,,EXPLOIT
1569,66,,,0,1,1,0,common,1.0,0.2295025917307445,0.19526070773320572,0.2420662957010743,0.0,0.8725813996144947,0.9165095425411102,,,EXPLOIT
1570,66,,,0,1,1,0,common,1.0,0.1491766846249839,0.15483486696392929,0.21419941237824716,0.0,0.8734123737134117,0.917133773499374,,,EXPLOIT
1571,66,,,0,1,1,0,common,1.0,0.09696484500623959,0.13254120374038816,0.17902904216664486,0.0,0.8742244300239058,0.9177426349123043,,,EXPLOIT
1572,66,,,0,1,1,0,common,1.0,0.06302714925405573,0.11959472581411895,0.14422847429286811,0.0,0.8750181676564273,0.9183366578740275,,,EXPLOIT
1573,66,,,0,1,1,0,common,1.0,0.04096764701513622,0.1117904057511749,0.11325022610954855,0.0,0.8757941608026389,0.9189163493672137,,,EXPLOIT
1574,66,,,0,0,0,0,common,0.0,0.028531836169964526,0.10696400192807795,0.08783470912767334,0.0,0.8765529600184773,0.9194821936167061,,,EXPLOIT
1575,66,,,0,0,0,0,common,1.0,0.981454306489523,0.10371374236762446,0.3559205883362282,0.0,0.8772950934287309,0.9200346533529625,,,EXPLOIT
1576,66,,,0,1,1,0,common,1.0,0.026628970559838594,0.27824512085688724,0.25713310300331127,0.0,0.8780210678586859,0.920574170992245,,,EXPLOIT
1577,66,,,0,1,1,0,common,0.0,0.9826911691361049,0.2716061336154822,0.47480052284314933,0.0,0.878731369897937,0.9211011697398858,,,EXPLOIT
1578,66,,,0,0,0,0,common,0.0,0.36205470078181,0.5606502442263892,0.4409767762247475,0.0,0.8794264669010592,0.9216160546224175,,,EXPLOIT
1579,66,,,0,1,1,0,common,0.0,0.6387492599384682,0.44961868293555945,0.5003085213388637,0.0,0.8753234912543614,0.9185676863781832,,,EXPLOIT
1580,66,,,0,1,1,0,common,1.0,0.5848129810399957,0.6324111665079333,0.5256598592492032,0.0,0.8709768915346225,0.9153068907435151,,,EXPLOIT
1581,66,,,0,1,1,0,common,1.0,0.38012843767599724,0.4665143852072849,0.4820004327772414,0.0,0.8718448866428903,0.9159611794303993,,,EXPLOIT
1582,66,,,0,1,1,0,common,0.0,0.7529165155106018,0.35070718683670765,0.5632752575972495,0.0,0.867286239089825,0.9125130030471897,,,EXPLOIT
1583,66,,,0,1,1,0,common,0.0,0.48939573508189116,0.5789961976561371,0.541111400842642,0.0,0.8624420513901367,0.9088087745297955,,,EXPLOIT
1584,66,,,0,1,1,0,common,1.0,0.6818927721967707,0.6796303734368518,0.5833458122488806,0.0,0.8572848969660896,0.9048190827890399,,,EXPLOIT
1585,66,,,0,1,1,0,common,1.0,0.443230301927901,0.5225391499455282,0.5413111591525868,0.0,0.851783720881211,0.9005098332582389,,,EXPLOIT
1586,66,,,0,1,1,0,common,0.0,0.7119003037468643,0.38524781309388406,0.59248790253087,0.0,0.8459032192967757,0.8958412769755348,,,EXPLOIT
1587,66,,,0,1,1,0,common,0.0,0.4627351974354618,0.599518224272259,0.5535620910022475,0.0,0.8396030870629204,0.890766787685082,,,EXPLOIT
1588,66,,,0,1,1,0,common,1.0,0.6992221216669499,0.6846545965744621,0.5972601002016582,0.0,0.8328370995524602,0.8852313072119536,,,EXPLOIT
1589,66,,,0,1,1,0,common,1.0,0.4544943790835174,0.5323185357012385,0.5544303838662159,0.0,0.8255519845107319,0.8791693491574533,,,EXPLOIT
1590,66,,,0,1,1,0,common,0.0,0.7045786535957137,0.39155674213412134,0.5994748647850652,0.0,0.8176860256742265,0.8725024072399329,,,EXPLOIT
1591,66,,,0,1,1,0,common,0.0,0.45797612483721395,0.603039124354812,0.5570252428007098,0.0,0.8091673206835527,0.865135550303122,,,EXPLOIT
1592,66,,,0,1,1,0,common,1.0,0.7023155188558109,0.6854324354601515,0.6006123256172401,0.0,0.7999115891415536,0.8569528897701674,,,EXPLOIT
1593,66,,,0,1,1,0,common,1.0,0.45650508725627703,0.5340530059573533,0.5573801541089511,0.0,0.7898193891957876,0.8478114584788108,,,EXPLOIT
1594,66,,,0,1,1,0,common,1.0,0.29672830671658,0.39268693139493727,0.47918459989123974,0.0,0.7933984469450822,0.8510816450508627,,,EXPLOIT
1595,66,,,0,1,1,0,common,0.0,0.807126600634223,0.3075793013389942,0.5775672001141348,0.0,0.7826952549079392,0.8412178731908615,,,EXPLOIT
1596,66,,,0,1,1,0,common,1.0,0.475367709587755,0.5501315073762614,0.5469073529562208,0.0,0.7709476400152392,0.8300752725485773,,,EXPLOIT
1597,66,,,0,1,1,0,common,1.0,0.3089890112320408,0.4033445853580596,0.4755318504389668,0.0,0.7753897142415322,0.8343303634295274,,,EXPLOIT
1598,66,,,0,1,1,0,common,0.0,0.7991571426991735,0.31371786874814567,0.5726194381170288,0.0,0.7629002591282256,0.822245859687863,,,EXPLOIT
1599,66,,,0,1,1,0,common,1.0,0.4805478572455373,0.5544789716100771,0.5449979638555813,0.0,0.7490878061208757,0.8084104194695768,,,EXPLOIT
1600,66,,,0,1,1,0,common,1.0,0.3123561072095993,0.4062878984929696,0.4752054068617867,0.0,0.7546375574339867,0.8140329133879155,,,EXPLOIT
1601,66,,,0,1,1,0,common,1.0,0.20303146968623953,0.31541637056934524,0.39355322570912254,0.0,0.759895161307224,0.8192832918470261,,,EXPLOIT
1602,66,,,0,1,1,0,common,1.0,0.13197045529605567,0.263178699839671,0.3150783945852024,0.0,0.7648828493203472,0.8241970730873162,,,EXPLOIT
1603,66,,,0,1,1,0,common,1.0,0.08578079594243615,0.23260632132719417,0.24628911499237252,0.0,0.7696206534740683,0.8288053946978874,,,EXPLOIT
1604,66,,,0,1,1,0,common,1.0,0.0557575173625835,0.2142004767792686,0.1891296357034358,0.0,0.7741266716621051,0.8331356687832665,,,EXPLOIT
1605,66,,,0,1,1,0,common,1.0,0.03624238628567933,0.20285319310589234,0.14326346087810884,0.0,0.7784172956009292,0.8372121229616444,,,EXPLOIT
1606,66,,,0,1,1,0,common,0.0,0.9764424489143084,0.19573525876858805,0.3932171572889687,0.0,0.7825074072685605,0.841056249750199,,,EXPLOIT
1607,66,,,0,1,1,0,common,1.0,0.36531240820569955,0.4532509493013207,0.3848457325639879,0.0,0.7864105488141073,0.8446871819401042,,,EXPLOIT
1608,66,,,0,1,1,0,common,1.0,0.2374530653337047,0.34281984703753277,0.3406279323949029,0.0,0.7901390700259737,0.8481220078017356,,,EXPLOIT
1609,66,,,0,1,1,0,common,1.0,0.15434449246690807,0.27896125693642926,0.28474290041650446,0.0,0.7937042567422641,0.8513760370795223,,,EXPLOIT
1610,66,,,0,1,1,0,common,1.0,0.10032392010349023,0.2419376596215205,0.22941720632260018,0.0,0.7971164430161835,0.854463026512394,,,EXPLOIT
1611,66,,,0,1,1,0,common,1.0,0.06521054806726867,0.2198712258615908,0.18015520884600073,0.0,0.8003851093845782,0.8573953718872462,,,EXPLOIT
1612,66,,,0,1,1,0,common,1.0,0.042386856243724624,0.20637390483516685,0.13882470306531788,0.0,0.8035189692077045,0.860184272279774,,,EXPLOIT
1613,66,,,0,1,1,0,common,1.0,0.02755145655842106,0.19795461630045652,0.10544272911324884,0.0,0.8065260447360885,0.8628398710709702,,,EXPLOIT
1614,66,,,0,1,1,0,common,0.0,0.9820915532370263,0.19263013972964996,0.3684373763503821,0.0,0.8094137343027612,0.8653713774824247,,,EXPLOIT
1615,66,,,0,1,1,0,common,0.0,0.6383595096040671,0.4499671155625673,0.4494140163264876,0.0,0.8121888718257833,0.8677871716996001,,,EXPLOIT
1616,66,,,0,1,1,0,common,1.0,0.5850663187573564,0.6325716474602698,0.4901097070557482,0.0,0.814857779628552,0.8700948961118182,,,EXPLOIT
1617,66,,,0,1,1,0,common,0.0,0.6197068928077183,0.46666184288059975,0.5289888627813392,0.0,0.8060978583337443,0.8624663463260566,,,EXPLOIT
1618,66,,,0,1,1,0,common,1.0,0.5971905196749832,0.6400490494360253,0.5494493598494323,0.0,0.7965688574038934,0.8539770419141602,,,EXPLOIT
1619,66,,,0,1,1,0,common,0.0,0.611826162211261,0.47371753180335063,0.5681624005579808,0.0,0.7861653938750315,0.8444730985239921,,,EXPLOIT
1620,66,,,0,0,0,0,common,0.0,0.2353355555081765,0.643085539185402,0.46831434704303954,0.0,0.7899047735107967,0.8479193449156869,,,EXPLOIT
1621,66,,,0,1,1,0,common,1.0,0.6023129945626804,0.5863324851871692,0.5085139412989318,0.0,0.7788661956947577,0.8376545282023766,,,EXPLOIT
1622,66,,,0,1,1,0,common,1.0,0.3915034464657423,0.40347293476925894,0.4734107928489749,0.0,0.7829355878737537,0.8414738277864988,,,EXPLOIT
1623,66,,,0,1,1,0,common,1.0,0.25447724020273255,0.29193469423806867,0.40773072705510216,0.0,0.7868193918325943,0.8450819461261124,,,EXPLOIT
1624,66,,,0,1,1,0,common,1.0,0.16541020613177615,0.23087988292442102,0.33503457077810433,0.0,0.7905298371758439,0.8484957595590803,,,EXPLOIT
1625,66,,,0,1,1,0,common,1.0,0.10751663398565448,0.19661731838590205,0.26677918974036935,0.0,0.7940781023452996,0.8517303930673039,,,EXPLOIT
1626,66,,,0,1,1,0,common,1.0,0.06988581209067546,0.17660154908538467,0.20771117644546117,0.0,0.797474425186757,0.8547994417220042,,,EXPLOIT
1627,66,,,0,1,1,0,common,1.0,0.04542577785893909,0.16451151646238174,0.15902555686950454,0.0,0.8007281998483127,0.8577151593576905,,,EXPLOIT
1628,66,,,0,1,1,0,common,0.0,0.9704732443916896,0.1570300963448806,0.40245986312616,0.0,0.8038480619417446,0.860488619996685,,,EXPLOIT
1629,66,,,0,1,1,0,common,1.0,0.3691923911454018,0.3841533935155882,0.39247962153193255,0.0,0.8068419635927375,0.8631298565077324,,,EXPLOIT
1630,66,,,0,1,1,0,common,1.0,0.23997505424451115,0.281315186168532,0.3467282513457061,0.0,0.8097172397533526,0.8656479801584958,,,EXPLOIT
1631,66,,,0,1,1,0,common,0.0,0.8440162147410677,0.22500972986063994,0.4959146403643146,0.0,0.8124806669409926,0.8680512840644417,,,EXPLOIT
1632,66,,,0,1,1,0,common,1.0,0.45138946041830597,0.45657031451941865,0.482557086380512,0.0,0.8151385153941407,0.8703473330092153,,,EXPLOIT
1633,66,,,0,1,1,0,common,1.0,0.2934031492718989,0.3216740362843776,0.42581090524792803,0.0,0.8176965954898772,0.8725430416861802,,,EXPLOIT
1634,66,,,0,1,1,0,common,1.0,0.19071204702673428,0.2472000780306784,0.3552812477815699,0.0,0.8201602991464604,0.8746447430659073,,,EXPLOIT
1635,66,,,0,1,1,0,common,1.0,0.12396283056737722,0.2059177241479285,0.28588572261731204,0.0,0.8225346368319014,0.8766582483134493,,,EXPLOIT
1636,66,,,0,0,0,0,common,0.0,0.15296811108031472,0.18211087074700877,0.24601043915621285,0.0,0.8248242707131297,0.878588899449326,,,EXPLOIT
1637,66,,,0,1,1,0,common,1.0,0.08057583986879524,0.15588492004456028,0.19638005936998754,0.0,0.827033544407283,0.880441615759173,,,EXPLOIT
1638,66,,,0,1,1,0,common,1.0,0.05237429591471687,0.1434014021849501,0.1531783303334063,0.0,0.8291665097346347,0.8822209348010259,,,EXPLOIT
1639,66,,,0,1,1,0,common,1.0,0.034043292344565934,0.1357558914904184,0.11743781893675419,0.0,0.8312269508198754,0.8839310487299599,,,EXPLOIT
1640,66,,,0,1,1,0,common,1.0,0.0221281400239679,0.13097807525884927,0.0888449152629183,0.0,0.8332184058433907,0.8855758365522619,,,EXPLOIT
1641,66,,,0,1,1,0,common,1.0,0.014383291015579114,0.12795173855654424,0.06650642798871653,0.0,0.835144186705586,0.8871588928315336,,,EXPLOIT
1642,66,,,0,1,1,0,common,1.0,0.009349139160126474,0.1260176054374496,0.04935924134013951,0.0,0.8370073968341915,0.8886835532938718,,,EXPLOIT
1643,66,,,0,1,1,0,common,1.0,0.006076940454082247,0.1247742185205601,0.03637455107432233,0.0,0.8388109473359713,0.8901529177160187,,,EXPLOIT
1644,66,,,0,1,1,0,common,1.0,0.003950011295153488,0.12397180962273521,0.026647189140571678,0.0,0.8405575716696804,0.8915698704269949,,,EXPLOIT
1645,66,,,0,1,1,0,common,1.0,0.0025675073418497396,0.12345268082399571,0.019423284600955097,0.0,0.8422498389958389,0.8929370987085739,,,EXPLOIT
1646,66,,,0,1,1,0,common,0.0,0.9983311202277977,0.12311627387411857,0.31309563528900786,0.0,0.8438901663404798,0.8942571093416043,,,EXPLOIT
1647,66,,,0,1,1,0,common,0.0,0.6489152281480686,0.32494075969784353,0.41384151314672607,0.0,0.8454808296939977,0.8955322435125614,,,EXPLOIT
1648,66,,,0,1,1,0,common,0.0,0.4217948982962446,0.5217260141423468,0.4162275286915816,0.0,0.8470239741523111,0.8967646902668329,,,EXPLOIT
1649,66,,,0,0,0,0,common,0.0,0.09942927220220457,0.6356175284091781,0.3211880517447685,0.0,0.8485216231953707,0.897956498671389,,,EXPLOIT
1650,66,,,0,1,1,0,common,1.0,0.725833316107441,0.6124860570018258,0.4425816310535702,0.0,0.8499756871874352,0.899109588829017,,,EXPLOIT
1651,66,,,0,1,1,0,common,1.0,0.4717916554698367,0.39646289230603926,0.4513446383784501,0.0,0.8513879711742125,0.9002257618686654,,,EXPLOIT
1652,66,,,0,1,1,0,common,1.0,0.3066645760553939,0.26594550565275765,0.4079406196815333,0.0,0.8527601820438038,0.9013067090212544,,,EXPLOIT
1653,66,,,0,1,1,0,common,1.0,0.19933197443600603,0.19855482475624772,0.3453580261078751,0.0,0.854093935111197,0.9023540198771516,,,EXPLOIT
1654,66,,,0,1,1,0,common,1.0,0.12956578338340397,0.16250709067182895,0.2806203532905337,0.0,0.8553907601797299,0.9033691899101237,,,EXPLOIT
1655,66,,,0,1,1,0,common,1.0,0.0842177591992126,0.14214362013086929,0.22169957506313737,0.0,0.8566521071273631,0.9043536273426779,,,EXPLOIT
1656,66,,,0,1,1,0,common,1.0,0.05474154347948823,0.13011728395958946,0.17161216558804263,0.0,0.8578793510606586,0.9053086594190798,,,EXPLOIT
1657,66,,,0,1,1,0,common,1.0,0.03558200326166738,0.12278496610037373,0.13080311689013005,0.0,0.8590737970750023,0.9062355381448302,,,EXPLOIT
1658,66,,,0,1,1,0,common,1.0,0.023128302120083766,0.11821626315258801,0.09850067245911616,0.0,0.8602366846557177,0.9071354455447997,,,EXPLOIT
1659,66,,,0,1,1,0,common,0.0,0.9849666036219455,0.11532787141117419,0.3644404518079649,0.0,0.8613691917512912,0.908009498486469,,,EXPLOIT
1660,66,,,0,1,1,0,common,1.0,0.3597717076457354,0.30467188009966795,0.36303982855929606,0.0,0.8624724385468537,0.9088587531096678,,,EXPLOIT
1661,66,,,0,1,1,0,common,1.0,0.23385160996972798,0.21862243492794184,0.3242833629824256,0.0,0.863547490963344,0.9096842088997654,,,EXPLOIT
1662,66,,,0,1,1,0,common,1.0,0.15200354648032322,0.17345883264704803,0.2725994180317949,0.0,0.8645953639053379,0.91048681243735,,,EXPLOIT
1663,66,,,0,1,1,0,common,1.0,0.09880230521221012,0.1484408760028817,0.22046028418591943,0.0,0.8656170242783594,0.9112674608539821,,,EXPLOIT
1664,66,,,0,1,1,0,common,1.0,0.06422149838793656,0.1338848153175864,0.17358864844652455,0.0,0.8666133937945338,0.9120270050205571,,,EXPLOIT
1665,66,,,0,1,1,0,common,1.0,0.041743973952158786,0.1251025314891705,0.13403524609821482,0.0,0.867585351583709,0.9127662524921036,,,EXPLOIT
1666,66,,,0,1,1,0,common,1.0,0.027133583068903233,0.11966895847292294,0.10196474718942133,0.0,0.8685337366255973,0.9134859702304576,,,EXPLOIT
1667,66,,,0,1,1,0,common,1.0,0.017636828994787135,0.11624991490343169,0.07666637173103107,0.0,0.8694593500170916,0.9141868871241107,,,EXPLOIT
1668,66,,,0,1,1,0,common,1.0,0.011463938846611677,0.11407425267708127,0.05710564186570525,0.0,0.8703629570876413,0.9148696963226479,,,EXPLOIT
1669,66,,,0,1,1,0,common,1.0,0.007451560250297584,0.11267955277818183,0.04220941738108294,0.0,0.8712452893744352,0.9155350574014981,,,EXPLOIT
1670,66,,,0,1,1,0,common,1.0,0.004843514162693463,0.1117811577114499,0.030999646415566098,0.0,0.8721070464681124,0.9161835983712119,,,EXPLOIT
1671,66,,,0,1,1,0,common,1.0,0.003148284205750751,0.1112006290468034,0.022644237752621494,0.0,0.8729488977387972,0.9168159175441443,,,EXPLOIT
1672,66,,,0,1,1,0,common,0.0,0.997953615266262,0.11082472846627527,0.3152370510067136,0.0,0.8737714839514112,0.9174325852702068,,,EXPLOIT
1673,66,,,0,1,1,0,common,1.0,0.3513301500769297,0.2982877150769967,0.32606498072777845,0.0,0.8745754187784653,0.9180341455522815,,,EXPLOIT
1674,66,,,0,1,1,0,common,1.0,0.22836459755000427,0.2153314324426518,0.2967548657744462,0.0,0.8753612902178382,0.918621117550918,,,EXPLOIT
1675,66,,,0,1,1,0,common,1.0,0.14843698840750275,0.1716781189085779,0.2522595025643632,0.0,0.8761296619224374,0.9191939969870664,,,EXPLOIT
1676,66,,,0,1,1,0,common,1.0,0.09648404246487674,0.147424208280168,0.20552686453451724,0.0,0.8768810744480605,0.9197532574508179,,,EXPLOIT
1677,66,,,0,1,1,0,common,1.0,0.06271462760216984,0.13327967565066728,0.16268319345481302,0.0,0.8776160464252726,0.9202993516234207,,,EXPLOIT
1678,66,,,0,1,1,0,common,1.0,0.0407645079414104,0.1247315952664341,0.12610758780079223,0.0,0.8783350756606417,0.9208327124191977,,,EXPLOIT
1679,66,,,0,1,1,0,common,1.0,0.026496930161916787,0.11943699781772073,0.09622439050912959,0.0,0.87903864017225,0.9213537540534326,,,EXPLOIT
1680,66,,,0,1,1,0,common,0.0,0.982776995394754,0.11610291719208449,0.36219017197481695,0.0,0.8797271991640139,0.9218628730417564,,,EXPLOIT
1681,66,,,0,1,1,0,common,1.0,0.36119495299340987,0.3057564940052949,0.3618916062803948,0.0,0.8804011939429889,0.9223604491361125,,,EXPLOIT
1682,66,,,0,1,1,0,common,1.0,0.23477671944571643,0.21918108610706966,0.32375714022999125,0.0,0.8810610487835155,0.9228468462019407,,,EXPLOIT
1683,66,,,0,1,1,0,common,1.0,0.1526048676397157,0.17376056035324672,0.2724114584529086,0.0,0.8817071717417637,0.9233224130408492,,,EXPLOIT
1684,66,,,0,1,1,0,common,1.0,0.09919316396581523,0.1486128751788494,0.22044597010678058,0.0,0.882339955423969,0.9237874841626792,,,EXPLOIT
1685,66,,,0,1,1,0,common,1.0,0.06447555657777992,0.133987076888481,0.17365484604808037,0.0,0.8829597777113996,0.9242423805105634,,,EXPLOIT
1686,66,,,0,1,1,0,common,1.0,0.041909111775557006,0.12516516666444433,0.13413112576632336,0.0,0.8835670024448736,0.9246874101422793,,,EXPLOIT
1687,66,,,0,1,1,0,common,1.0,0.027240922654112043,0.11970810620201108,0.10206406483265995,0.0,0.8841619800714352,0.9251228688709424,,,EXPLOIT
1688,66,,,0,1,1,0,common,1.0,0.017706599725172856,0.1162747149519184,0.07675682530041382,0.0,0.8847450482556055,0.9255490408678415,,,EXPLOIT
1689,66,,,0,1,1,0,common,1.0,0.011509289821362345,0.11409010400206118,0.057182564656698374,0.0,0.8853165324574547,0.9259661992300019,,,EXPLOIT
1690,66,,,0,1,1,0,common,1.0,0.007481038383885474,0.1126897437712566,0.042272106774854504,0.0,0.8858767464795752,0.9263746065148576,,,EXPLOIT
1691,66,,,0,1,1,0,common,1.0,0.004862674949525525,0.11178773470027382,0.031049277227255808,0.0,0.886425992984893,0.9267745152442396,,,EXPLOIT
1692,66,,,0,1,1,0,common,1.0,0.00316073871719158,0.11120488425343734,0.022682715674236537,0.0,0.886964563987113,0.9271661683797099,,,EXPLOIT
1693,66,,,0,1,1,0,common,1.0,0.0020544801661744883,0.11082748599389199,0.01649424502181792,0.0,0.8874927413154704,0.9275497997711295,,,EXPLOIT
1694,66,,,0,1,1,0,common,0.0,0.9986645878919865,0.11058279018239922,0.31114534788286846,0.0,0.8880107970553477,0.9279256345801985,,,EXPLOIT
1695,66,,,0,1,1,0,common,0.0,0.6491319821297913,0.2979406477924635,0.41254133815694527,0.0,0.8885189939662049,0.9282938896805831,,,EXPLOIT
1696,66,,,0,1,1,0,common,0.0,0.42193578838436435,0.4908572383916846,0.415359673225171,0.0,0.8890175858781735,0.9286547740361275,,,EXPLOIT
1697,66,,,0,1,1,0,common,0.0,0.27425826244983686,0.6124213367898079,0.3730292499925707,0.0,0.8895068180685769,0.9290084890585364,,,EXPLOIT
1698,66,,,0,1,1,0,common,1.0,0.8217321294076061,0.6679716851141463,0.5076401138170813,0.0,0.8859726892877968,0.9264453272569128,,,EXPLOIT
1699,66,,,0,1,1,0,common,1.0,0.5341258841149439,0.45155771834888947,0.51558584490644,0.0,0.8822439207792125,0.9237187188089514,,,EXPLOIT
1700,66,,,0,1,1,0,common,1.0,0.3471818246747136,0.29518138464053023,0.46506463883692206,0.0,0.8828657036282878,0.9241751140333024,,,EXPLOIT
1701,66,,,0,1,1,0,common,1.0,0.22566818603856387,0.21372825437318313,0.39324570299741457,0.0,0.8834748341005333,0.9246215973517027,,,EXPLOIT
1702,66,,,0,1,1,0,common,1.0,0.14668432092506656,0.17080861116196142,0.3192772883757102,0.0,0.8840716646532008,0.9250584663658062,,,EXPLOIT
1703,66,,,0,1,1,0,common,1.0,0.09534480860129324,0.1469267875838923,0.2520975444433851,0.0,0.8846565348696374,0.9254860069477578,,,EXPLOIT
1704,66,,,0,1,1,0,common,0.0,0.9380258744091594,0.13298317299912113,0.4578760434331174,0.0,0.8852297720422979,0.925904493812865,,,EXPLOIT
1705,66,,,0,1,1,0,common,0.0,0.6097168183659536,0.3284293596880101,0.5034282759129682,0.0,0.8814594299757095,0.9231427493961512,,,EXPLOIT
1706,66,,,0,1,1,0,common,1.0,0.6036840680621302,0.5135560767740892,0.5335050135577168,0.0,0.8774745711947793,0.9201980546015078,,,EXPLOIT
1707,66,,,0,0,0,0,common,0.0,0.06462902693143296,0.33011157717037487,0.3928422175698317,0.0,0.8781966586430667,0.9207337681790793,,,EXPLOIT
1708,66,,,0,1,1,0,common,1.0,0.3923946442403846,0.3123444304302172,0.39270794557099753,0.0,0.8789031900340049,0.9212570863923017,,,EXPLOIT
1709,66,,,0,1,1,0,common,1.0,0.25505651875625,0.21776991590143047,0.35141251752657326,0.0,0.8795946281518887,0.9217684089987261,,,EXPLOIT
1710,66,,,0,1,1,0,common,1.0,0.16578673719156256,0.16907446822811315,0.29572478342607006,0.0,0.8802714177102787,0.9222681188215254,,,EXPLOIT
1711,66,,,0,1,1,0,common,1.0,0.10776137917451567,0.14253542610053296,0.23933576215060373,0.0,0.8809339862261842,0.9227565826373519,,,EXPLOIT
1712,66,,,0,1,1,0,common,1.0,0.07004489646343515,0.12727306707549557,0.18854850244445315,0.0,0.8815827448439745,0.9232341520089113,,,EXPLOIT
1713,66,,,0,1,1,0,common,0.0,0.9544708172987671,0.11813718422184952,0.4183251969007473,0.0,0.8822180891123629,0.9237011640662234,,,EXPLOIT
1714,66,,,0,1,1,0,common,1.0,0.3795939687558013,0.30254659132649714,0.4067058284572635,0.0,0.8828403997175513,0.9241579422402232,,,EXPLOIT
1715,66,,,0,1,1,0,common,1.0,0.24673607969127087,0.21280954097874333,0.3587149038274657,0.0,0.8834500431753911,0.924604796952062,,,EXPLOIT
1716,66,,,0,1,1,0,common,1.0,0.16037845179932608,0.16643693385556205,0.29921396821902374,0.0,0.8840473724852146,0.9250420262611947,,,EXPLOIT
1717,66,,,0,1,1,0,common,1.0,0.104245993669562,0.14104887104835023,0.2407235758541852,0.0,0.884632727747784,0.9254699164751039,,,EXPLOIT
1718,66,,,0,1,1,0,common,0.0,0.9322401041147848,0.12639606239796955,0.448178534332365,0.0,0.8852064367496402,0.9258887427232801,,,EXPLOIT
1719,66,,,0,1,1,0,common,0.0,0.6059560676746101,0.3136205500686052,0.4955117943350385,0.0,0.8857688155159601,0.9262987694978831,,,EXPLOIT
1720,66,,,0,1,1,0,common,1.0,0.6061285560115035,0.49570414903816007,0.5286968228379779,0.0,0.8820286610268758,0.9235626620668593,,,EXPLOIT
1721,66,,,0,1,1,0,common,1.0,0.39398356140747726,0.313573784072028,0.48828284440882774,0.0,0.882654846924065,0.924022466019495,,,EXPLOIT
1722,66,,,0,1,1,0,common,1.0,0.2560893149148602,0.21839179953663962,0.4186247855606375,0.0,0.8832682570464712,0.9244722550497625,,,EXPLOIT
1723,66,,,0,1,1,0,common,1.0,0.16645805469465913,0.16940427329959942,0.34297476630084395,0.0,0.883869248386362,0.924912330846422,,,EXPLOIT
1724,66,,,0,1,1,0,common,1.0,0.10819773555152845,0.1427208867042929,0.27254165707604927,0.0,0.8844581648554766,0.9253429831678762,,,EXPLOIT
1725,66,,,0,1,1,0,common,1.0,0.07032852810849355,0.12738229884396315,0.21187771838578254,0.0,0.8850353378792353,0.9257644904265725,,,EXPLOIT
1726,66,,,0,1,1,0,common,1.0,0.045713543270520796,0.1182036673753936,0.162028465851204,0.0,0.8856010869588424,0.9261771202393798,,,EXPLOIT
1727,66,,,0,1,1,0,common,1.0,0.02971380312583849,0.11255588159183105,0.12233406703359434,0.0,0.886155720203286,0.9265811299462315,,,EXPLOIT
1728,66,,,0,1,1,0,common,1.0,0.019313972031794968,0.10901484393352878,0.09142803853305452,0.0,0.8866995348330997,0.9269767670991463,,,EXPLOIT
1729,66,,,0,1,1,0,common,1.0,0.012554081820666751,0.10676687324295861,0.06776585151933819,0.0,0.8872328176576197,0.9273642699235839,,,EXPLOIT
1730,66,,,0,1,1,0,common,1.0,0.008160153183433438,0.1053280441196662,0.04988414201856676,0.0,0.8877558455273501,0.9277438677539434,,,EXPLOIT
1731,66,,,0,1,1,0,common,1.0,0.005304099569231724,0.1044021560845502,0.03651012928376625,0.0,0.8882688857629368,0.9281157814448799,,,EXPLOIT
1732,66,,,0,1,1,0,common,1.0,0.003447664720000576,0.10380425416513905,0.026591389914636547,0.0,0.8887721965621511,0.9284802237599925,,,EXPLOIT
1733,66,,,0,1,1,0,common,1.0,0.0022409820680003856,0.10341726937392379,0.0192862675606457,0.0,0.8892660273861845,0.9288373997393188,,,EXPLOIT
1734,66,,,0,1,1,0,common,1.0,0.0014566383442002895,0.10316642508286936,0.013937378795712076,0.0,0.8897506193264744,0.929187507046979,,,EXPLOIT
1735,66,,,0,1,1,0,common,1.0,0.000946814923730166,0.10300366975270292,0.010040209634117503,0.0,0.8902262054531921,0.9295307363002018,,,EXPLOIT
1736,66,,,0,1,1,0,common,1.0,0.0006154297004246079,0.10289800263003,0.007212775654009634,0.0,0.8906930111464587,0.9298672713808905,,,EXPLOIT
1737,66,,,0,1,1,0,common,0.0,0.999599970694724,0.10282937128383311,0.3049289341662239,0.0,0.8911512544112741,0.930197289730798,,,EXPLOIT
1738,66,,,0,1,1,0,common,0.0,0.6497399809515706,0.2808277008753715,0.4083722482018279,0.0,0.8916011461770893,0.9305209626313093,,,EXPLOIT
1739,66,,,0,1,1,0,common,1.0,0.5776690123814792,0.4702875791802401,0.4591612774557232,0.0,0.8920428905828885,0.9308384554687589,,,EXPLOIT
1740,66,,,0,1,1,0,common,1.0,0.3754848580479614,0.2994420010268004,0.4340583516333946,0.0,0.8924766852485905,0.931149927986149,,,EXPLOIT
1741,66,,,0,1,1,0,common,1.0,0.24406515773117488,0.21123592587353712,0.3770603934627287,0.0,0.8929027215335298,0.9314555345220742,,,EXPLOIT
1742,66,,,0,1,1,0,common,1.0,0.1586423525252637,0.16559757885112764,0.3115349811814892,0.0,0.8933211847827308,0.9317554242376044,,,EXPLOIT
1743,66,,,0,1,1,0,common,1.0,0.10311752914142147,0.14057451891356462,0.24900974556946887,0.0,0.8937322545616398,0.9320497413318312,,,EXPLOIT
1744,66,,,0,1,1,0,common,1.0,0.067026393941924,0.12611566350137315,0.1944147400812054,0.0,0.8941361048799444,0.9323386252467276,,,EXPLOIT
1745,66,,,0,1,1,0,common,1.0,0.04356715606225059,0.11743169665421824,0.14916046487551896,0.0,0.8945329044050634,0.9326222108619395,,,EXPLOIT
1746,66,,,0,1,1,0,common,1.0,0.02831865144046286,0.11207496683661684,0.11290792084500212,0.0,0.8949228166658633,0.9329006286800792,,,EXPLOIT
1747,66,,,0,1,1,0,common,1.0,0.01840712343630091,0.10871083739914744,0.08455768162239174,0.0,0.8953060002471167,0.9331740050030556,,,EXPLOIT
1748,66,,,0,1,1,0,common,1.0,0.011964630233595619,0.10657283482916284,0.0627797662057529,0.0,0.8956826089751911,0.9334424620999457,,,EXPLOIT
1749,66,,,0,1,1,0,common,1.0,0.007777009651837141,0.10520340853125193,0.046278939239578175,0.0,0.8960527920954247,0.9337061183668757,,,EXPLOIT
1750,66,,,0,1,1,0,common,1.0,0.005055056273694181,0.10432176750045949,0.033911774349812976,0.0,0.8964166944416225,0.9339650884793499,,,EXPLOIT
1751,66,,,0,1,1,0,common,1.0,0.0032857865779012396,0.10375226416332334,0.024723978018239452,0.0,0.8967744565980753,0.9342194835374458,,,EXPLOIT
1752,66,,,0,1,1,0,common,1.0,0.0021357612756358613,0.1033835864567602,0.017947512995458374,0.0,0.897126215054486,0.9344694112042549,,,EXPLOIT
1753,66,,,0,1,1,0,common,1.0,0.001388244829163332,0.10314457781097312,0.012979732545569861,0.0,0.8974721023541609,0.93471497583794,,,EXPLOIT
1754,66,,,0,1,1,0,common,1.0,0.0009023591389561991,0.10298948869795521,0.009356520523585762,0.0,0.8978122472358074,0.934956278617744,,,EXPLOIT
1755,66,,,0,1,1,0,common,1.0,0.0005865334403215572,0.10288879324850858,0.0067255243986065,0.0,0.898146774769255,0.9351934176642748,,,EXPLOIT
1756,66,,,0,1,1,0,common,1.0,0.0003812467362089844,0.10282338869229342,0.004822241099887246,0.0,0.8984758064854026,0.9354264881543659,,,EXPLOIT
1757,66,,,0,1,1,0,common,0.0,0.9997521896214642,0.10278089578412564,0.3033012256563603,0.0,0.8987994605006777,0.9356555824307959,,,EXPLOIT
1758,66,,,0,1,1,0,common,1.0,0.35016107674604835,0.2807562154602564,0.3173591809832667,0.0,0.8991178516362742,0.9358807901071337,,,EXPLOIT
1759,66,,,0,1,1,0,common,0.0,0.7723953001150685,0.20173767899257758,0.45387001672280725,0.0,0.899431091532423,0.9361021981679591,,,EXPLOIT
1760,66,,,0,1,1,0,common,1.0,0.4979430549252055,0.3995325544126893,0.46709192818352674,0.0,0.899739288757936,0.9363198910646982,,,EXPLOIT
1761,66,,,0,1,1,0,common,1.0,0.32366298570138363,0.2620506401500784,0.4240632454388838,0.0,0.9000425489152496,0.9365339508072911,,,EXPLOIT
1762,66,,,0,1,1,0,common,1.0,0.2103809407058994,0.19216407684179232,0.35995855401898846,0.0,0.9003409747411815,0.9367444570519057,,,EXPLOIT
1763,66,,,0,1,1,0,common,1.0,0.13674761145883463,0.15531327113418972,0.2929952712509423,0.0,0.9006346662036041,0.9369514871848943,,,EXPLOIT
1764,66,,,0,1,1,0,common,1.0,0.08888594744824252,0.134709594568407,0.23176247411013237,0.0,0.9009237205942261,0.9371551164031778,,,EXPLOIT
1765,66,,,0,1,1,0,common,1.0,0.05777586584135763,0.12262603920539623,0.17956649162949992,0.0,0.9012082326176638,0.9373554177912353,,,EXPLOIT
1766,66,,,0,1,1,0,common,0.0,0.9624456872031175,0.1152928518616954,0.4144302503015852,0.0,0.9014882944769744,0.9375,,,EXPLOIT
1767,66,,,0,1,1,0,common,0.0,0.6255896966820265,0.2986334285403739,0.47777808421571755,0.0,0.9017639959558134,0.9375,,,EXPLOIT
1768,66,,,0,1,1,0,common,1.0,0.5933666971566828,0.48432836623941083,0.5124546680980071,0.0,0.8988649766143559,0.935442220787605,,,EXPLOIT
1769,66,,,0,1,1,0,common,0.0,0.6143116468481562,0.3071876324287371,0.5430117617230518,0.0,0.8958213285488807,0.9332670452649632,,,EXPLOIT
1770,66,,,0,1,1,0,common,1.0,0.6006974295486984,0.490868875886849,0.5603174620707457,0.0,0.8926221175483245,0.930964251977995,,,EXPLOIT
1771,66,,,0,1,1,0,common,0.0,0.609546670793346,0.3108463388183636,0.5750862246875258,0.0,0.8892552789462922,0.9285223975399679,,,EXPLOIT
1772,66,,,0,1,1,0,common,0.0,0.3962053360156749,0.4936275372359924,0.5214219580859705,0.0,0.8857074676460822,0.925928628405653,,,EXPLOIT
1773,66,,,0,1,1,0,common,1.0,0.7424665315898114,0.6082157138858622,0.5877353301371226,0.0,0.881963883618685,0.923168456746442,,,EXPLOIT
1774,66,,,0,1,1,0,common,1.0,0.4826032455333773,0.38625926597098365,0.556195704755999,0.0,0.8780080680629304,0.9202254921762678,,,EXPLOIT
1775,66,,,0,1,1,0,common,1.0,0.31369210959669525,0.2552411393334618,0.4834446262082079,0.0,0.8787186495707223,0.9207605680603471,,,EXPLOIT
1776,66,,,0,1,1,0,common,1.0,0.20389987123785192,0.18865738170302954,0.39958119971710104,0.0,0.8794140177483475,0.9212832692488976,,,EXPLOIT
1777,66,,,0,1,1,0,common,1.0,0.1325349163046038,0.15339770936253366,0.3194673146933518,0.0,0.8800946219802993,0.9217939946195103,,,EXPLOIT
1778,66,,,0,1,1,0,common,1.0,0.08614769559799251,0.1336058328323806,0.249471428964744,0.0,0.8807608942293736,0.9222931261617617,,,EXPLOIT
1779,66,,,0,1,1,0,common,1.0,0.055996002138695156,0.12196444798710668,0.19142880091692935,0.0,0.8814132498734815,0.9227810298621714,,,EXPLOIT
1780,66,,,0,1,1,0,common,1.0,0.036397401390151796,0.1148853124679587,0.14491938105889607,0.0,0.8820520884946796,0.923258056534083,,,EXPLOIT
1781,66,,,0,1,1,0,common,1.0,0.02365831090359871,0.11048177455626763,0.10854106001230686,0.0,0.8826777946235707,0.9237245425964267,,,EXPLOIT
1782,66,,,0,1,1,0,common,0.0,0.9846220979126609,0.10770082698204392,0.371365371382413,0.0,0.8832907384419899,0.9241808108049983,,,EXPLOIT
1783,66,,,0,1,1,0,common,1.0,0.35999563635677045,0.2879204672040661,0.36795445087472023,0.0,0.8838912764466822,0.9246271709395998,,,EXPLOIT
1784,66,,,0,1,1,0,common,1.0,0.23399716363190082,0.20538563631753234,0.3277672647018744,0.0,0.8844797520764722,0.9250639204501185,,,EXPLOIT
1785,66,,,0,1,1,0,common,1.0,0.15209815636073554,0.16246540546592086,0.27506653219953275,0.0,0.8850564963052469,0.9254913450643785,,,EXPLOIT
1786,66,,,0,1,1,0,common,0.0,0.901136198365522,0.13879881592438892,0.4628874320493295,0.0,0.8856218282029085,0.9259097193603771,,,EXPLOIT
1787,66,,,0,1,1,0,common,1.0,0.41426147106241074,0.32951084303053685,0.4482996437532538,0.0,0.8861760554662963,0.9263193073053191,,,EXPLOIT
1788,66,,,0,1,1,0,common,1.0,0.26926995619056693,0.2264481911814543,0.39459073748444773,0.0,0.8867194749219361,0.9267203627636732,,,EXPLOIT
1789,66,,,0,1,1,0,common,1.0,0.1750254715238685,0.17366038039563642,0.3287211576962739,0.0,0.8872523730023477,0.9271131299763082,,,EXPLOIT
1790,66,,,0,1,1,0,common,1.0,0.11376655649051448,0.1451060397666002,0.2642347773345461,0.0,0.8877750261975162,0.9274978440126113,,,EXPLOIT
1791,66,,,0,1,1,0,common,1.0,0.0739482617188344,0.12878355279493275,0.20714882264983256,0.0,0.8882877014830293,0.9278747311973505,,,EXPLOIT
1792,66,,,0,1,1,0,common,1.0,0.04806637011724235,0.11905504369948668,0.1594240868900555,0.0,0.8887906567262691,0.9282440095139118,,,EXPLOIT
1793,66,,,0,1,1,0,common,1.0,0.031243140576207473,0.11308516106080949,0.12096980299590109,0.0,0.8892841410719675,0.9286058889854183,,,EXPLOIT
1794,66,,,0,1,1,0,common,1.0,0.020308041374534902,0.10934896253644293,0.09077127450949123,0.0,0.8897683953083296,0.9289605720351422,,,EXPLOIT
1795,66,,,0,1,1,0,common,1.0,0.013200226893447686,0.10697993781081419,0.06749996022467816,0.0,0.8902436522148672,0.9293082538275026,,,EXPLOIT
1796,66,,,0,1,1,0,common,1.0,0.008580147480740985,0.10546481933315197,0.049824016401497,0.0,0.8907101368929902,0.9296491225908634,,,EXPLOIT
1797,66,,,0,1,1,0,common,1.0,0.0055770958624816735,0.10449034034714853,0.0365499402397924,0.0,0.8911680670803533,0.9299833599232501,,,EXPLOIT
1798,66,,,0,1,1,0,common,1.0,0.003625112310613132,0.1038612714587566,0.026672491861038615,0.0,0.8916176534498764,0.9303111410820363,,,EXPLOIT
1799,66,,,0,1,1,0,common,1.0,0.002356323001898586,0.10345420324774468,0.019377641203296606,0.0,0.8920590998943038,0.9306326352585671,,,EXPLOIT
1800,66,,,0,0,0,0,common,0.0,0.042008867505431424,0.103190378406194,0.02616700909393705,0.0,0.8924926037971157,0.9309480058386275,,,EXPLOIT
1801,66,,,0,1,1,0,common,0.0,0.9984683900487659,0.09858740284764905,0.3178574233803857,0.0,0.8929183562905438,0.9312574106496004,,,EXPLOIT
1802,66,,,0,1,1,0,common,1.0,0.3509955464683021,0.27085636868850776,0.3277988603067606,0.0,0.8933365425014067,0.9315610021950991,,,EXPLOIT
1803,66,,,0,1,1,0,common,1.0,0.2281471052043964,0.19383954333589576,0.2979033337760513,0.0,0.8937473417854267,0.9318589278778099,,,EXPLOIT
1804,66,,,0,1,1,0,common,1.0,0.14829561838285765,0.15387671682665904,0.2530210191580932,0.0,0.8941509279506558,0.9321513302112311,,,EXPLOIT
1805,66,,,0,1,1,0,common,1.0,0.09639215194885753,0.13182543538331118,0.2060323589953225,0.0,0.8945474694705948,0.9324383470209461,,,EXPLOIT
1806,66,,,0,1,1,0,common,1.0,0.06265489876675745,0.11901345915595743,0.16301912092675297,0.0,0.8949371296875572,0.9327201116360306,,,EXPLOIT
1807,66,,,0,1,1,0,common,1.0,0.04072568419839229,0.11128748618837755,0.12633108990824476,0.0,0.8953200670067946,0.9329967530711554,,,EXPLOIT
1808,66,,,0,1,1,0,common,1.0,0.026471694728954942,0.1065083718017648,0.09637327135445782,0.0,0.8956964350818688,0.9332683961999033,,,EXPLOIT
1809,66,,,0,1,1,0,common,1.0,0.0172066015738207,0.10350134805736722,0.07262327042026667,0.0,0.89606638299173,0.9335351619197965,,,EXPLOIT
1810,66,,,0,1,1,0,common,1.0,0.011184291022983461,0.10158791031447814,0.054191576601081703,0.0,0.8964300554099263,0.9337971673094888,,,EXPLOIT
1811,66,,,0,1,1,0,common,0.0,0.9927302108350607,0.10036131411132183,0.33575316687127543,0.0,0.8967875927663553,0.9340545257785559,,,EXPLOIT
1812,66,,,0,1,1,0,common,1.0,0.35472536295721047,0.27349527062765927,0.3414448256970559,0.0,0.8971391314019342,0.9343073472102861,,,EXPLOIT
1813,66,,,0,1,1,0,common,1.0,0.2305714859221868,0.19517394252467982,0.30818282376459516,0.0,0.8974848037165478,0.93455573809785,,,EXPLOIT
1814,66,,,0,1,1,0,common,1.0,0.14987146584942146,0.1545928044611508,0.260689416390043,0.0,0.897824738310616,0.9347998016742062,,,EXPLOIT
1815,66,,,0,1,1,0,common,1.0,0.09741645280212397,0.13223261314666965,0.21170752731366727,0.0,0.8981590601205952,0.9350396380360732,,,EXPLOIT
1816,66,,,0,1,1,0,common,0.0,0.9366793056786195,0.1192552867236672,0.42919906082315284,0.0,0.8984878905487181,0.9352753442622856,,,EXPLOIT
1817,66,,,0,1,1,0,common,0.0,0.6088415486911027,0.30017344378854405,0.4830918071835378,0.0,0.8988113475872541,0.9355070145268263,,,EXPLOIT
1818,66,,,0,1,1,0,common,1.0,0.6042529933507832,0.48091792661695615,0.5194401630337113,0.0,0.8957649914936426,0.933335584870756,,,EXPLOIT
1819,66,,,0,1,1,0,common,0.0,0.607235554321991,0.3013863031748189,0.5457787804201952,0.0,0.8925628651178362,0.9310368681548253,,,EXPLOIT
1820,66,,,0,1,1,0,common,1.0,0.6052968896907058,0.4818509723912885,0.5636342132013484,0.0,0.8891928820764935,0.9285994610933049,,,EXPLOIT
1821,66,,,0,1,1,0,common,1.0,0.3934429782989588,0.3018996508818096,0.5125768427306315,0.0,0.885641672636371,0.9260105565098937,,,EXPLOIT
1822,66,,,0,1,1,0,common,1.0,0.25573793589432325,0.20946154458357535,0.43552517067973906,0.0,0.8861955115746809,0.92641803746093,,,EXPLOIT
1823,66,,,0,1,1,0,common,0.0,0.8337703416686899,0.16219420107672555,0.5549987219764243,0.0,0.8824791675903622,0.9236896615122708,,,EXPLOIT
1824,66,,,0,1,1,0,common,0.0,0.5419507220846485,0.3531297704432678,0.5510843220088915,0.0,0.8785529096893178,0.9207816659102868,,,EXPLOIT
1825,66,,,0,1,1,0,common,1.0,0.6477320306449785,0.5194560511169843,0.5800786345997175,0.0,0.8743986517322593,0.9176758715155691,,,EXPLOIT
1826,66,,,0,1,1,0,common,1.0,0.42102581991923604,0.32321746618751385,0.5323627901955731,0.0,0.869996168685428,0.9143515605232085,,,EXPLOIT
1827,66,,,0,1,1,0,common,1.0,0.27366678294750346,0.22012973490351112,0.4547539880211522,0.0,0.8708871119205478,0.9150301444292636,,,EXPLOIT
1828,66,,,0,1,1,0,common,1.0,0.17788340891587728,0.16779903908622038,0.3716928142895697,0.0,0.8717571977129064,0.9156914329793129,,,EXPLOIT
1829,66,,,0,1,1,0,common,1.0,0.11562421579532023,0.1396551978448061,0.2948722347412948,0.0,0.8726071075856704,0.9163360469275017,,,EXPLOIT
1830,66,,,0,0,0,0,common,1.0,0.9726942361214695,0.12362697060813757,0.4982188351553472,0.0,0.8734374938092927,0.9169645777557588,,,EXPLOIT
1831,66,,,0,1,1,0,common,1.0,0.07515574026695815,0.3189549417837092,0.3712999066888305,0.0,0.8742489809552692,0.9175775893798858,,,EXPLOIT
1832,66,,,0,1,1,0,common,1.0,0.04885123117352275,0.2987693847763149,0.2745653040342381,0.0,0.8750421673518938,0.9181756197376932,,,EXPLOIT
1833,66,,,0,1,1,0,common,1.0,0.031753300262789774,0.2860862493050974,0.20172170290280358,0.0,0.8758176264491467,0.918759182268583,,,EXPLOIT
1834,66,,,0,1,1,0,common,1.0,0.020639645170813403,0.27803312775076544,0.14739708558320652,0.0,0.8765759080992664,0.9193287672931408,,,EXPLOIT
1835,66,,,0,1,1,0,common,0.0,0.9865842306389713,0.2728805787133913,0.39915322909993595,0.0,0.8773175397590174,0.9198848433005304,,,EXPLOIT
1836,66,,,0,1,1,0,common,1.0,0.3587202500846687,0.5632588289499494,0.38702333539535577,0.0,0.8780430276191878,0.9204278581508022,,,EXPLOIT
1837,66,,,0,1,1,0,common,1.0,0.23316816255503459,0.453491546367635,0.3408667835432594,0.0,0.8787528576663999,0.9209582401986028,,,EXPLOIT
1838,66,,,0,1,1,0,common,1.0,0.15155930566077247,0.38170890639878663,0.2840745401785133,0.0,0.8794474966819213,0.921476399344218,,,EXPLOIT
1839,66,,,0,1,1,0,common,1.0,0.09851354867950213,0.33752764156724446,0.22840624272880994,0.0,0.8801273931817951,0.9219827280173691,,,EXPLOIT
1840,66,,,0,1,1,0,common,1.0,0.06403380664167635,0.3103228861984127,0.17909451190266984,0.0,0.8807929783022702,0.9224776020987364,,,EXPLOIT
1841,66,,,0,1,1,0,common,0.0,0.9583780256829104,0.2933637962996254,0.412879566036742,0.0,0.8814446666342115,0.9229613817837499,,,EXPLOIT
1842,66,,,0,1,1,0,common,1.0,0.37705428330610813,0.5780934379859017,0.4021319812175518,0.0,0.8820828570098859,0.9234344123928342,,,EXPLOIT
1843,66,,,0,1,1,0,common,0.0,0.7549147158510296,0.46415929722791915,0.5079668016075951,0.0,0.8781338757805981,0.9205093177934138,,,EXPLOIT
1844,66,,,0,1,1,0,common,1.0,0.5093054346968307,0.6638058221436112,0.5083683915343657,0.0,0.873954905684432,0.9173846620633895,,,EXPLOIT
1845,66,,,0,1,1,0,common,0.0,0.66895146744706,0.5400250034584629,0.5565433143081739,0.0,0.869525482671067,0.9140394766394605,,,EXPLOIT
1846,66,,,0,1,1,0,common,1.0,0.565181546159411,0.6842307871615574,0.559134783863545,0.0,0.8648226409522335,0.9104497488691558,,,EXPLOIT
1847,66,,,0,1,1,0,common,1.0,0.3673680050036171,0.5703184264167213,0.5016047502055666,0.0,0.859820518642983,0.9065878487975326,,,EXPLOIT
1848,66,,,0,1,1,0,common,0.0,0.7612107967476489,0.45852197998175215,0.5794865641681912,0.0,0.8544898863773915,0.9024218213590798,,,EXPLOIT
1849,66,,,0,0,0,0,common,0.0,0.3677487465210447,0.6618824763104117,0.5159652188740472,0.0,0.8487975807561581,0.8979145056019422,,,EXPLOIT
1850,66,,,0,0,0,0,common,0.0,0.23903668523867908,0.5776532373667382,0.43288665878343674,0.0,0.8502436749296561,0.8990689502879156,,,EXPLOIT
1851,66,,,0,0,0,0,common,0.0,0.1553738454051414,0.5067435881302673,0.3496328147699481,0.0,0.8516483164769391,0.9001864153153957,,,EXPLOIT
1852,66,,,0,1,1,0,common,1.0,0.5052129821140282,0.45822480804355936,0.39630686497317213,0.0,0.8530131946274637,0.9012685957030293,,,EXPLOIT
1853,66,,,0,1,1,0,common,1.0,0.32838843837411835,0.30847783496735975,0.375931336993456,0.0,0.8543399082126623,0.9023170845463901,,,EXPLOIT
1854,66,,,0,1,1,0,common,1.0,0.21345248494317692,0.2284169147181781,0.3271876813783723,0.0,0.8556299716348021,0.9033333805668464,,,EXPLOIT
1855,66,,,0,1,1,0,common,1.0,0.13874411521306507,0.1853663563029765,0.2706546115287801,0.0,0.8568848203690581,0.9043188949992893,,,EXPLOIT
1856,66,,,0,1,1,0,common,1.0,0.09018367488849233,0.161079078722336,0.21651333053669375,0.0,0.8581058160408336,0.9052749578853045,,,EXPLOIT
1857,66,,,0,1,1,0,common,0.0,0.94138061132248,0.14676927036760465,0.43397351477242957,0.0,0.8592942511161062,0.9062028238308146,,,EXPLOIT
1858,66,,,0,1,1,0,common,1.0,0.388102602640388,0.3562280870581854,0.4202122411328171,0.0,0.8604513532387695,0.9071036772806125,,,EXPLOIT
1859,66,,,0,1,1,0,common,1.0,0.25226669171625216,0.25359316500038515,0.36982857630784755,0.0,0.8615782892455853,0.9079786373564318,,,EXPLOIT
1860,66,,,0,1,1,0,common,1.0,0.16397334961556387,0.19911798303615863,0.30807200830016246,0.0,0.8626761688863619,0.9088287623001122,,,EXPLOIT
1861,66,,,0,1,1,0,common,1.0,0.1065826772501165,0.16896653816197557,0.24762520898514867,0.0,0.8637460482743,0.9096550535589634,,,EXPLOIT
1862,66,,,0,0,0,0,common,1.0,0.899007000486658,0.1514756911053624,0.4430397464356014,0.0,0.8647889330890668,0.9104584595464974,,,EXPLOIT
1863,66,,,0,1,1,0,common,0.0,0.9307212597874243,0.3527737451397197,0.5893442004411482,0.0,0.8597846322107152,0.9065972321681804,,,EXPLOIT
1864,66,,,0,1,1,0,common,1.0,0.39503118113817415,0.6262908480336782,0.531050294650256,0.0,0.8544516051358401,0.9024319579342163,,,EXPLOIT
1865,66,,,0,1,1,0,common,0.0,0.7432297322601868,0.5171590633312586,0.5947041259332353,0.0,0.8487566588729313,0.897925489272149,,,EXPLOIT
1866,66,,,0,1,1,0,common,1.0,0.5169006740308786,0.684129275723791,0.5713630903625283,0.0,0.8426619762393452,0.8930343704723149,,,EXPLOIT
1867,66,,,0,1,1,0,common,0.0,0.6640145618799289,0.5834834563847336,0.5991585318177485,0.0,0.8361242815343997,0.8877074393094713,,,EXPLOIT
1868,66,,,0,1,1,0,common,1.0,0.5683905347780462,0.6926377404517456,0.5899281327058378,0.0,0.8290938188082086,0.8818840394184104,,,EXPLOIT
1869,66,,,0,1,1,0,common,1.0,0.3694538476057301,0.6086644071970788,0.5237858471758055,0.0,0.8215130917063235,0.8754917108671268,,,EXPLOIT
1870,66,,,0,1,1,0,common,0.0,0.7598549990562754,0.502498638304544,0.5946065927399464,0.0,0.8133152973536567,0.8684431721424493,,,EXPLOIT
1871,66,,,0,1,1,0,common,0.0,0.49390574938657905,0.6810462609773533,0.5643963397339362,0.0,0.8044223639556631,0.8606323262313516,,,EXPLOIT
1872,66,,,0,1,1,0,common,1.0,0.6789612628987236,0.6755617386493566,0.5987658166833724,0.0,0.7947424699801648,0.851928901663343,,,EXPLOIT
1873,66,,,0,1,1,0,common,1.0,0.44132482088417035,0.6538473757631224,0.5515335179436117,0.0,0.7841668777809768,0.8421711513369509,,,EXPLOIT
1874,66,,,0,1,1,0,common,1.0,0.28686113357471077,0.5431898679625047,0.4721318026329414,0.0,0.7879953230864682,0.8457413231351342,,,EXPLOIT
1875,66,,,0,1,1,0,common,1.0,0.18645973682356198,0.4545546836916923,0.38643018289012754,0.0,0.7916540054253061,0.8491201745509127,,,EXPLOIT
1876,66,,,0,1,1,0,common,1.0,0.1211988289353153,0.39683069081334366,0.30686077670368384,0.0,0.7951537985359199,0.8523225256338283,,,EXPLOIT
1877,66,,,0,1,1,0,common,1.0,0.0787792388079549,0.36066468964278176,0.23843631533496515,0.0,0.7985046671682349,0.855361704495889,,,EXPLOIT
1878,66,,,0,1,1,0,common,1.0,0.05120650522517067,0.3380040041371233,0.1822673723020268,0.0,0.8017157601276007,0.8582497304491481,,,EXPLOIT
1879,66,,,0,1,1,0,common,0.0,0.9667157716036391,0.3236892084046489,0.4176018920925104,0.0,0.8047954921192177,0.860997470813181,,,EXPLOIT
1880,66,,,0,1,1,0,common,1.0,0.37163474845763456,0.6102261749799031,0.40381174900204764,0.0,0.8077516159348667,0.8636147757055707,,,EXPLOIT
1881,66,,,0,1,1,0,common,1.0,0.24156258649746243,0.5037544044424896,0.3551370002506721,0.0,0.8105912862858473,0.8661105943395129,,,EXPLOIT
1882,66,,,0,1,1,0,common,0.0,0.8429843187766495,0.42830080278271204,0.5014911958084652,0.0,0.8014609403881398,0.8580384788344261,,,EXPLOIT
1883,66,,,0,1,1,0,common,1.0,0.45206019279517784,0.6593318171441658,0.486661894904479,0.0,0.8045510042076861,0.8607963699396023,,,EXPLOIT
1884,66,,,0,1,1,0,common,1.0,0.2938391253168656,0.5491041470011331,0.4288150640281949,0.0,0.8075168556099237,0.8634231205985385,,,EXPLOIT
1885,66,,,0,1,1,0,common,0.0,0.8090045685440374,0.4586141240192864,0.5428719153829477,0.0,0.7981146940356267,0.8550444110100206,,,EXPLOIT
1886,66,,,0,1,1,0,common,1.0,0.47414703044637574,0.6694333741647465,0.5222544499019761,0.0,0.7878557796748826,0.8456713440213374,,,EXPLOIT
1887,66,,,0,1,1,0,common,1.0,0.3081955697901442,0.5610928120136354,0.4580367858684265,0.0,0.7915205868752888,0.8490538979033476,,,EXPLOIT
1888,66,,,0,1,1,0,common,0.0,0.7996728796364063,0.4669698024356963,0.5605276139988205,0.0,0.7806377888034439,0.8389339340516319,,,EXPLOIT
1889,66,,,0,1,1,0,common,1.0,0.4802126282363359,0.6719176959768187,0.536433118270075,0.0,0.7686836318197456,0.8274834733977972,,,EXPLOIT
1890,66,,,0,1,1,0,common,1.0,0.3121382083536184,0.5643388637000405,0.469144645295138,0.0,0.7732350599268967,0.8318926715182495,,,EXPLOIT
1891,66,,,0,1,1,0,common,1.0,0.20288983542985195,0.4692645455303668,0.38926820233555215,0.0,0.77756791291285,0.8360412443250195,,,EXPLOIT
1892,66,,,0,0,0,0,common,0.0,0.41564544968367223,0.40614104220777614,0.39718137653998814,0.0,0.781697362994347,0.8399514447846113,,,EXPLOIT
1893,66,,,0,1,1,0,common,0.0,0.8681216069705963,0.2879523684094346,0.5384634456691706,0.0,0.7698498061533017,0.8286386858829556,,,EXPLOIT
1894,66,,,0,0,0,0,common,0.0,0.27016954229438694,0.5460645776828432,0.4579752746567355,0.0,0.7743447515611084,0.8329788760922862,,,EXPLOIT
1895,66,,,0,1,1,0,common,1.0,0.4357209554691124,0.46281352910606743,0.4512989789004485,0.0,0.7786250760712673,0.8370643945076841,,,EXPLOIT
1896,66,,,0,1,1,0,common,1.0,0.283218621054923,0.33155353534679277,0.4008748715467908,0.0,0.7827055912997649,0.8409168284959013,,,EXPLOIT
1897,66,,,0,1,1,0,common,1.0,0.18409210368569995,0.2579586275031644,0.33584004118846356,0.0,0.7865997768578851,0.8445553928549969,,,EXPLOIT
1898,66,,,0,1,1,0,common,0.0,0.880340132604295,0.21669213418583544,0.49919006861321297,0.0,0.7903199267991144,0.847997247051099,,,EXPLOIT
1899,66,,,0,1,1,0,common,0.0,0.5722210861927918,0.4557035890639843,0.5210993738870866,0.0,0.779321482984649,0.8377424110916964,,,EXPLOIT
1900,66,,,0,1,1,0,common,0.0,0.3719437060253147,0.6216147148596869,0.476352673528555,0.0,0.7833699109766701,0.8415567878231357,,,EXPLOIT
1901,66,,,0,1,1,0,common,1.0,0.7582365910835455,0.6844707014672549,0.5609178487950521,0.0,0.7716896163821556,0.8304594928609214,,,EXPLOIT
1902,66,,,0,1,1,0,common,1.0,0.4928537842043046,0.5136887789681018,0.5404986294178278,0.0,0.758815431858472,0.8178278240149754,,,EXPLOIT
1903,66,,,0,1,1,0,common,1.0,0.32035495973279793,0.36195200960428175,0.4744555285123188,0.0,0.7638580065365994,0.8228338583216784,,,EXPLOIT
1904,66,,,0,1,1,0,common,0.0,0.7917692761736813,0.274781994310021,0.5696496528107275,0.0,0.7501494623972638,0.8090865328186309,,,EXPLOIT
1905,66,,,0,1,1,0,common,1.0,0.48534997048710715,0.5070735305315913,0.5443597481136414,0.0,0.7349145785196316,0.7932002340431729,,,EXPLOIT
1906,66,,,0,1,1,0,common,1.0,0.31547748081661964,0.3578834818212318,0.47569506792453486,0.0,0.7412440352881198,0.7998895174196262,,,EXPLOIT
1907,66,,,0,1,1,0,common,1.0,0.20506036253080273,0.2725306365328209,0.3945046563064152,0.0,0.7472193342832976,0.8060988528938284,,,EXPLOIT
1908,66,,,0,1,1,0,common,0.0,0.8667107643549782,0.2249773812295975,0.536166488720984,0.0,0.7316472747277447,0.7897257651769243,,,EXPLOIT
1909,66,,,0,1,1,0,common,1.0,0.43663800316926416,0.4636347066621195,0.506307943055468,0.0,0.7142183011740375,0.7705441805840805,,,EXPLOIT
1910,66,,,0,1,1,0,common,1.0,0.2838147020600217,0.3320304470597152,0.43955997075683406,0.0,0.7217726253596334,0.7789838421618889,,,EXPLOIT
1911,66,,,0,1,1,0,common,0.0,0.8155204436609859,0.2582228461279944,0.5523481126280796,0.0,0.7031091138548891,0.7578288200569073,,,EXPLOIT
1912,66,,,0,1,1,0,common,1.0,0.46991171162035916,0.49337683540794586,0.5276171923257634,0.0,0.6819903239335048,0.732478506624327,,,EXPLOIT
1913,66,,,0,1,1,0,common,1.0,0.30544261255323346,0.3495827031251623,0.4609648183940044,0.0,0.6916542670681839,0.7442871993805027,,,EXPLOIT
1914,66,,,0,1,1,0,common,1.0,0.19853769815960176,0.2679382873042212,0.3822366823236836,0.0,0.7006598976673125,0.7549938899784137,,,EXPLOIT
1915,66,,,0,1,1,0,common,1.0,0.12904950380374114,0.2223745875025514,0.3062805287677008,0.0,0.7090718560766313,0.7647454912233332,,,EXPLOIT
1916,66,,,0,1,1,0,common,0.0,0.9161178225275682,0.19606699445705464,0.48923171689566103,0.0,0.7169465884364526,0.7736639131886784,,,EXPLOIT
1917,66,,,0,1,1,0,common,1.0,0.4045234153570807,0.4349408651106838,0.4638192264340869,0.0,0.7243336052425166,0.7818511651026588,,,EXPLOIT
1918,66,,,0,1,1,0,common,0.0,0.7370597800178975,0.31555894477999075,0.54579139250923,0.0,0.7059945398454024,0.7612331478698533,,,EXPLOIT
1919,66,,,0,1,1,0,common,1.0,0.5209111429883666,0.5380762962068699,0.538327317652971,0.0,0.6852658202527666,0.7365859137435189,,,EXPLOIT
1920,66,,,0,1,1,0,common,0.0,0.6614077570575617,0.37734924016739674,0.5752514494743483,0.0,0.6616490984808665,0.7066021399142257,,,EXPLOIT
1921,66,,,0,1,1,0,common,1.0,0.5700849579125848,0.5788020835752568,0.5737015020058193,0.0,0.6344971050701697,0.6693403518143326,,,EXPLOIT
1922,66,,,0,1,1,0,common,0.0,0.6294447773568198,0.40495292124110555,0.5904244846111194,0.0,0.602953529859761,0.6217873427807167,,,EXPLOIT
1923,66,,,0,1,1,0,common,1.0,0.5908608947180671,0.5949168850603909,0.5905554076432037,0.0,0.5658612207995779,0.5590002555181749,,,EXPLOIT
1924,66,,,0,1,1,0,common,1.0,0.3840595815667436,0.4168098398264265,0.5286066598202657,0.0,0.5216173466544436,0.4722674597187988,,,EXPLORE
1925,66,,,0,1,1,0,common,1.0,0.24963872801838338,0.30531798100600616,0.4449162802797009,0.0,0.545345641650267,0.5206021851625986,,,EXPLOIT
1926,66,,,0,1,1,0,common,1.0,0.16226517321194922,0.24338328140640114,0.3601209481593754,0.0,0.5666264773370108,0.5604570966790524,,,EXPLOIT
1927,66,,,0,1,1,0,common,1.0,0.10547236258776704,0.20831943308000103,0.28372637248789284,0.0,0.5858190263831633,0.5938822185054647,,,EXPLOIT
1928,66,,,0,1,1,0,common,1.0,0.06855703568204863,0.1877239705864867,0.21917557144613956,0.0,0.6032154599092713,0.6223160539620057,,,EXPLOIT
1929,66,,,0,1,1,0,common,1.0,0.04456207319333161,0.1752412063084981,0.16679152197029717,0.0,0.6190558747947948,0.6467977813876112,,,EXPLOIT
1930,66,,,0,1,1,0,common,1.0,0.0289653475756656,0.1674999377517196,0.1254436696519077,0.0,0.6335394004274918,0.6680968264755647,,,EXPLOIT
1931,66,,,0,1,1,0,common,1.0,0.018827475924182657,0.1626224628364274,0.09345881153359019,0.0,0.6468325790461427,0.6867950570944277,,,EXPLOIT
1932,66,,,0,1,1,0,common,1.0,0.01223785935071875,0.1595164177299081,0.06909252587872876,0.0,0.6590757697901501,0.7033406502823051,,,EXPLOIT
1933,66,,,0,1,1,0,common,1.0,0.007954608577967148,0.15752440403273577,0.05075115068850027,0.0,0.6703880996287087,0.718084402834056,,,EXPLOIT
1934,66,,,0,1,1,0,common,1.0,0.005170495575678613,0.15624089481150405,0.03707695415465377,0.0,0.6808713318282671,0.731304817217287,,,EXPLOIT
1935,66,,,0,1,1,0,common,1.0,0.0033608221241910874,0.15541136784057394,0.026962114545514965,0.0,0.6906129183625186,0.7432258126563112,,,EXPLOIT
1936,66,,,0,1,1,0,common,1.0,0.00218453438072419,0.15487417831923297,0.019528840496077733,0.0,0.6996884302831178,0.7540294726592708,,,EXPLOIT
1937,66,,,0,1,1,0,common,1.0,0.0014199473474707514,0.1545258498655652,0.014096172551495638,0.0,0.7081635090833706,0.7638653794530614,,,EXPLOIT
1938,66,,,0,1,1,0,common,1.0,0.0009229657758560439,0.15429979284793294,0.010144210518803758,0.0,0.7160954456951861,0.7728575559289246,,,EXPLOIT
1939,66,,,0,1,1,0,common,1.0,0.0005999277543063952,0.15415300628158976,0.007280925689454549,0.0,0.7235344674632327,0.7811097012058102,,,EXPLOIT
1940,66,,,0,1,1,0,common,1.0,0.00038995304029920685,0.1540576585656095,0.005213633894707946,0.0,0.7305247942206994,0.7887091899013647,,,EXPLOIT
1941,66,,,0,1,1,0,common,1.0,0.0002534694761945344,0.15399570939219448,0.0037255845691539224,0.0,0.7371055103936743,0.7957301627993355,,,EXPLOIT
1942,66,,,0,1,1,0,common,1.0,0.0001647551595264085,0.15395545376778755,0.002657335746265668,0.0,0.7433112894689241,0.8022359409592512,,,EXPLOIT
1943,66,,,0,1,1,0,common,0.0,0.9998929091463078,0.15392929240169537,0.3018280077662783,0.0,0.7491729991835336,0.8082809299707057,,,EXPLOIT
1944,66,,,0,1,1,0,common,0.0,0.6499303909451001,0.3871777822359156,0.4062587227199248,0.0,0.7547182097357843,0.8139121357078094,,,EXPLOIT
1945,66,,,0,1,1,0,common,0.0,0.4224547541143151,0.5846762073244524,0.41111753213824187,0.0,0.7599716226760942,0.8191703810135172,,,EXPLOIT
1946,66,,,0,1,1,0,common,0.0,0.2745955901743048,0.6739283985953279,0.37016094954906076,0.0,0.764955434555174,0.8240912899656753,,,EXPLOIT
1947,66,,,0,1,1,0,common,1.0,0.8215128663867018,0.6931306271685975,0.5055665246003531,0.0,0.751365451164556,0.8105313913934155,,,EXPLOIT
1948,66,,,0,1,1,0,common,1.0,0.5339833631513562,0.5491960956863615,0.514091576165654,0.0,0.7362693605445337,0.7948776843259522,,,EXPLOIT
1949,66,,,0,1,1,0,common,0.0,0.6529108139516184,0.384615898931034,0.5557373475014433,0.0,0.7194030059145885,0.7766056310421627,,,EXPLOIT
1950,66,,,0,1,1,0,common,1.0,0.575607970931448,0.5831598787610937,0.5616985345304447,0.0,0.7004366212395138,0.7549995217259855,,,EXPLOIT
1951,66,,,0,1,1,0,common,1.0,0.37414518110544126,0.40809514967263183,0.5054325285029436,0.0,0.6789531132460286,0.7290566506731306,,,EXPLOIT
1952,66,,,0,1,1,0,common,1.0,0.24319436771853686,0.30043022804366737,0.42676108026762155,0.0,0.6888284821832654,0.7411941539891675,,,EXPLOIT
1953,66,,,0,1,1,0,common,1.0,0.15807633901704898,0.24065584558546388,0.3461556578924498,0.0,0.6980243349185749,0.7521845766189181,,,EXPLOIT
1954,66,,,0,1,1,0,common,1.0,0.10274962036108182,0.20674186666326289,0.2731338466330394,0.0,0.7066080550702379,0.7621827101197106,,,EXPLOIT
1955,66,,,0,1,1,0,common,1.0,0.06678725323470314,0.1867792332959343,0.2112298686135385,0.0,0.7146384023327861,0.7713166943030992,,,EXPLOIT
1956,66,,,0,0,0,0,common,0.0,0.1756102024913515,0.1746603069858391,0.2005439687768824,0.0,0.7221668493542431,0.779693516596221,,,EXPLOIT
1957,66,,,0,1,1,0,common,1.0,0.043411714602556994,0.14587687197406285,0.15340429252458476,0.0,0.7292386774012369,0.7874032036750362,,,EXPLOIT
1958,66,,,0,1,1,0,common,1.0,0.028217614491662046,0.1394192500016154,0.11584828911470794,0.0,0.7358938801050807,0.7945220543405935,,,EXPLOIT
1959,66,,,0,1,1,0,common,1.0,0.01834144941958038,0.13535546418321917,0.08659623720616967,0.0,0.7421679133960992,0.8011151600902613,,,EXPLOIT
1960,66,,,0,0,0,0,common,0.0,0.11414663161937849,0.1327694806899638,0.09486135553013231,0.0,0.7480923213245222,0.8072383899988717,,,EXPLOIT
1961,66,,,0,1,1,0,common,0.0,0.9880780578772728,0.11762593323085704,0.36282636623427444,0.0,0.7536952610887764,0.8129399681894846,,,EXPLOIT
1962,66,,,0,1,1,0,common,1.0,0.35774926237977267,0.31044762355781264,0.3613032350779239,0.0,0.7590019457149686,0.8182617382277074,,,EXPLOIT
1963,66,,,0,1,1,0,common,1.0,0.2325370205468522,0.2236441054589401,0.32267337071860236,0.0,0.7640350190724753,0.8232401846098474,,,EXPLOIT
1964,66,,,0,1,1,0,common,0.0,0.848850936644546,0.17787267285594768,0.4805266404963855,0.0,0.7688148749921141,0.8279072640986936,,,EXPLOIT
1965,66,,,0,1,1,0,common,1.0,0.4482468911810451,0.38439513819170107,0.4708427157017834,0.0,0.7733599299716005,0.8322910869610837,,,EXPLOIT
1966,66,,,0,1,1,0,common,1.0,0.2913604792676794,0.26197065012087023,0.41699804477155217,0.0,0.777686857157248,0.8364164788006877,,,EXPLOIT
1967,66,,,0,1,1,0,common,0.0,0.8106156884760084,0.19834152198484148,0.535083337882889,0.0,0.765433205781503,0.8246215347364311,,,EXPLOIT
1968,66,,,0,1,1,0,common,1.0,0.4730998024905946,0.40594091135000065,0.5164882772652006,0.0,0.7518946708705487,0.8111402614682947,,,EXPLOIT
1969,66,,,0,1,1,0,common,1.0,0.30751487161888647,0.2732675134354505,0.4537962555713063,0.0,0.7572957369778962,0.8165805814042398,,,EXPLOIT
1970,66,,,0,1,1,0,common,1.0,0.1998846665522762,0.20428107541877633,0.37762277886559725,0.0,0.7624160405552277,0.8216663153171312,,,EXPLOIT
1971,66,,,0,1,1,0,common,1.0,0.12992503325897953,0.16727834141590803,0.3033134551836119,0.0,0.7672766799724973,0.8264308025924932,,,EXPLOIT
1972,66,,,0,1,1,0,common,0.0,0.9155487283816633,0.1463490856555904,0.4869840371430273,0.0,0.7718966915899153,0.8309033302773556,,,EXPLOIT
1973,66,,,0,1,1,0,common,1.0,0.4048933265519188,0.34796924912206606,0.4623568239656947,0.0,0.7762932956649689,0.8351097306220862,,,EXPLOIT
1974,66,,,0,1,1,0,common,1.0,0.26318066225874726,0.2430569283991736,0.40260397545361043,0.0,0.7804821078881493,0.8390728759176934,,,EXPLOIT
1975,66,,,0,1,1,0,common,1.0,0.17106743046818573,0.1883107024049632,0.33314301195798296,0.0,0.7844773220246837,0.842813090649864,,,EXPLOIT
1976,66,,,0,0,0,0,common,0.0,0.07419531055259602,0.15837026407767163,0.25545870153636685,0.0,0.7882918681642374,0.8463484966513367,,,EXPLOIT
1977,66,,,0,1,1,0,common,0.0,0.8888061701956793,0.1466858277290188,0.4454629421341606,0.0,0.791937550296352,0.8496953036248506,,,EXPLOIT
1978,66,,,0,1,1,0,common,1.0,0.4222759893728084,0.3409614454050484,0.4385068563057549,0.0,0.7954251662955814,0.8528680548650263,,,EXPLOIT
1979,66,,,0,1,1,0,common,1.0,0.2744793930923255,0.2336132922420478,0.38929861734172605,0.0,0.7987646128855074,0.8558798360373685,,,EXPLOIT
1980,66,,,0,1,1,0,common,0.0,0.8215883944899884,0.17853618498168267,0.5189855504862048,0.0,0.7885661600668459,0.8466085406485868,,,EXPLOIT
1981,66,,,0,1,1,0,common,0.0,0.5340324564184925,0.37734246774418295,0.523499622265891,0.0,0.7773976598286299,0.8361750172043977,,,EXPLOIT
1982,66,,,0,1,1,0,common,1.0,0.6528789033279798,0.5419963875432896,0.5623134065845176,0.0,0.7651144504633995,0.8243467478273603,,,EXPLOIT
1983,66,,,0,1,1,0,common,1.0,0.42437128716318684,0.342664852990632,0.5209307707581183,0.0,0.7515416018801201,0.8108247592241119,,,EXPLOIT
1984,66,,,0,1,1,0,common,1.0,0.27584133665607147,0.23447841605891434,0.4474039405275042,0.0,0.7569612664197538,0.8162859889900227,,,EXPLOIT
1985,66,,,0,1,1,0,common,1.0,0.17929686882644646,0.17899121751210845,0.36697181901718684,0.0,0.7620987522777953,0.8213906343565134,,,EXPLOIT
1986,66,,,0,1,1,0,common,0.0,0.8834570352628098,0.1490306333692511,0.5219173838908737,0.0,0.7481990270777582,0.807426498512488,,,EXPLOIT
1987,66,,,0,1,1,0,common,1.0,0.42575292707917356,0.3437905044920175,0.4930680468473636,0.0,0.7537962541751632,0.8131153486527016,,,EXPLOIT
1988,66,,,0,1,1,0,common,1.0,0.2767394026014628,0.23505018191704088,0.4281694535735934,0.0,0.7590976681979315,0.8184256320862104,,,EXPLOIT
1989,66,,,0,1,1,0,common,0.0,0.8201193883090492,0.1792917860763436,0.5457544339942301,0.0,0.7448686231453552,0.8040103950110837,,,EXPLOIT
1990,66,,,0,0,0,0,common,0.0,0.04822695185918742,0.37815624760668204,0.3964961893537173,0.0,0.7506454399351691,0.8099324839042991,,,EXPLOIT
1991,66,,,0,0,0,0,common,0.0,0.03134751870847183,0.3638819932556265,0.2869515881601436,0.0,0.7561124459808821,0.8154530541616108,,,EXPLOIT
1992,66,,,0,1,1,0,common,1.0,0.466922397599118,0.3547377177320449,0.34094283099183587,0.0,0.761293658318274,0.8206113494473716,,,EXPLOIT
1993,66,,,0,1,1,0,common,0.0,0.6965004415605733,0.2343557750586997,0.4476101141624571,0.0,0.7662106743659578,0.8254416608845103,,,EXPLOIT
1994,66,,,0,1,1,0,common,1.0,0.5472747129856274,0.423860259222704,0.4775094938094081,0.0,0.7708829691547414,0.8299740844288245,,,EXPLOIT
1995,66,,,0,1,1,0,common,1.0,0.35572856344065773,0.26931021149716694,0.440975214698783,0.0,0.7753281497930818,0.8342351433810296,,,EXPLOIT
1996,66,,,0,1,1,0,common,1.0,0.23122356623642748,0.1917336532644118,0.37804972016007626,0.0,0.779562174178642,0.8382483032457589,,,EXPLOIT
1997,66,,,0,1,1,0,common,1.0,0.1502953180536779,0.15165454034285902,0.30972339952815675,0.0,0.7835995396827493,0.8420344000486414,,,EXPLOIT
1998,66,,,0,0,0,0,common,0.0,0.020375887160506687,0.129606852815154,0.22291914581786174,0.0,0.7874534465096856,0.8456119986201278,,,EXPLOIT
1999,66,,,0,1,1,0,common,1.0,0.09769195673489062,0.12684350322134358,0.18535098909297038,0.0,0.7911359396096963,0.8489976938511545,,,EXPLOIT
2000,66,,,0,1,1,0,common,1.0,0.06349977187767886,0.11430202805859765,0.14879562392838291,0.0,0.7946580323601706,0.8522063652370239,,,EXPLOIT
