trial,seed,config_version,git_commit,s1,a1,s2,a2,trans_type,reward,u_delta,u_s,u_v,u_c,V_G,V_p,eta_G,eta_p,mode
1,57,,,0,0,0,0,common,1.0,0.5,0.6931471803599453,0.15,0.0,0.5260663507109005,0.5433789954337899,,,EXPLOIT
2,57,,,0,0,0,0,common,1.0,0.32499999999999996,0.6354546081677415,0.20249999999999999,0.0,0.5493262427328857,0.5794962364913165,,,EXPLOIT
3,57,,,0,0,0,0,common,0.0,0.7887500000000001,0.5505918514747256,0.378375,0.0,0.570208762497792,0.6100329171214658,,,EXPLOIT
4,57,,,0,1,1,0,common,0.0,0.5,0.6928253386665761,0.4148625,0.0,0.5890597666503006,0.6361884525043351,,,EXPLORE
5,57,,,0,0,0,0,common,1.0,0.4873124999999999,0.6273643708018144,0.43659749999999997,0.0,0.6061611288293314,0.65884152052499,,,EXPLOIT
6,57,,,0,0,0,0,common,1.0,0.31675312499999997,0.49001929095544655,0.40064418749999997,0.0,0.621744881595395,0.678650554588017,,,EXPLOIT
7,57,,,0,0,0,0,common,1.0,0.20588953124999998,0.39167137880742586,0.34221779062499996,0.0,0.6360037662619006,0.6961186809978029,,,EXPLOIT
8,57,,,0,0,0,0,common,1.0,0.1338281953125,0.33155303290933313,0.27970091203124997,0.0,0.6490992118689946,0.7116369601865663,,,EXPLOIT
9,57,,,0,1,1,0,common,0.0,0.325,0.2953138599212376,0.29329063842187497,0.0,0.661167445672263,0.7255139427248888,,,EXPLOIT
10,57,,,0,0,0,0,common,1.0,0.08698832695312497,0.21847629061145696,0.23139994498124997,0.0,0.6723242264513416,0.7379963399676884,,,EXPLOIT
11,57,,,0,0,0,0,common,1.0,0.05654241251953118,0.2007078355893023,0.17894268524273432,0.0,0.6826685496483146,0.7492837770280747,,,EXPLOIT
12,57,,,0,0,0,0,common,1.0,0.03675256813769523,0.1897845954316617,0.1362856501112226,0.0,0.6922855757947949,0.7595395145573263,,,EXPLOIT
13,57,,,0,0,0,0,common,0.0,0.9761108307104981,0.1829449215378017,0.3882332042910052,0.0,0.7012489657746,0.768898368448788,,,EXPLOIT
14,57,,,0,0,0,0,common,0.0,0.6344720399618238,0.43195658950802096,0.46210485499225074,0.0,0.7096227585168867,0.7774726461630808,,,EXPLOIT
15,57,,,0,0,0,0,common,1.0,0.5875931740248146,0.6183276301832346,0.4997513507020199,0.0,0.7174628924103941,0.7853566559503021,,,EXPLOIT
16,57,,,0,0,0,0,common,1.0,0.3819355631161294,0.44657963436814846,0.46440661442625275,0.0,0.7248184468894128,0.7926301738076538,,,EXPLOIT
17,57,,,0,1,1,0,common,1.0,0.78875,0.332097052769626,0.5617096300983768,0.0,0.706540468116398,0.7739642699918007,,,EXPLOIT
18,57,,,0,0,0,0,common,1.0,0.2482581160254842,0.5706859470047009,0.467674175876509,0.0,0.7145751044709909,0.782127411905583,,,EXPLOIT
19,57,,,0,0,0,0,common,1.0,0.16136777541656477,0.49618687591353494,0.3757822557385257,0.0,0.7221074477974564,0.789648172031572,,,EXPLOIT
20,57,,,0,0,0,0,common,1.0,0.10488905402076709,0.4457007029056868,0.2945142952231981,0.0,0.7291828258963722,0.7965991684294123,,,EXPLOIT
21,57,,,0,0,0,0,common,1.0,0.06817788511349865,0.41312987045449934,0.22661337219028824,0.0,0.7358412722404415,0.8030424714142257,,,EXPLOIT
22,57,,,0,0,0,0,common,1.0,0.04431562532377409,0.3923099979782078,0.171924048130334,0.0,0.7421182770314909,0.8090314515317657,,,EXPLOIT
23,57,,,0,1,1,0,common,0.0,0.48731250000000004,0.37898223257668895,0.2665405836912338,0.0,0.7480454139303052,0.814612252166032,,,EXPLOIT
24,57,,,0,0,0,0,common,1.0,0.02880515646045312,0.24844423334776505,0.19521995552199958,0.0,0.7536508658254056,0.8198249728202383,,,EXPLOIT
25,57,,,0,0,0,0,common,1.0,0.01872335169929451,0.24181855524149937,0.14227097437518807,0.0,0.7589598681193166,0.824704627287145,,,EXPLOIT
26,57,,,0,0,0,0,common,1.0,0.012170178604541393,0.23758175995396594,0.10324073564399407,0.0,0.7639950842441346,0.829281925136533,,,EXPLOIT
27,57,,,0,0,0,0,common,1.0,0.00791061609295185,0.2348574033347896,0.07464169977868139,0.0,0.7687769251938305,0.8335839133960739,,,EXPLOIT
28,57,,,0,0,0,0,common,0.0,0.9948580995395813,0.23309906374756154,0.35070661970695133,0.0,0.7733238225744292,0.8376345067604121,,,EXPLOIT
29,57,,,0,0,0,0,common,0.0,0.6466577647007279,0.5151225988772064,0.43949196320508427,0.0,0.7776524628740116,0.841454928284904,,,EXPLOIT
30,57,,,0,0,0,0,common,1.0,0.5796724529445269,0.672143567525319,0.481546110126917,0.0,0.781777989229698,0.8450640777131795,,,EXPLOIT
31,57,,,0,0,0,0,common,1.0,0.3767870944139424,0.5355162381354097,0.4501184054130246,0.0,0.7857141758338211,0.8484788409329731,,,EXPLOIT
32,57,,,0,0,0,0,common,1.0,0.2449116113690626,0.41856945268475576,0.388556367199836,0.0,0.7894735792122868,0.8517143512534353,,,EXPLOIT
33,57,,,0,0,0,0,common,0.0,0.8408074526101093,0.34539537369736384,0.524231692822918,0.0,0.7783932366224272,0.8419298101261704,,,EXPLOIT
34,57,,,0,0,0,0,common,1.0,0.4534751558034289,0.5977462308595731,0.5030047317170713,0.0,0.7662116267972537,0.8308822675755482,,,EXPLOIT
35,57,,,0,0,0,0,common,1.0,0.2947588512722288,0.46297544263019874,0.4405309675836185,0.0,0.77088387475032,0.8350899031500133,,,EXPLOIT
36,57,,,0,0,0,0,common,1.0,0.19159325332694865,0.37237447930094403,0.3658496533066175,0.0,0.7753290118821076,0.8390541790342002,,,EXPLOIT
37,57,,,0,0,0,0,common,1.0,0.12453561466251661,0.31769223957299253,0.2934554417133872,0.0,0.779562995782128,0.8427954312069048,,,EXPLOIT
38,57,,,0,0,0,0,common,1.0,0.08094814953063578,0.2847710757763504,0.2297032540585618,0.0,0.7836003235484038,0.8463317914582991,,,EXPLOIT
39,57,,,0,0,0,0,common,0.0,0.9473837028050868,0.2646078983610156,0.4450073886825192,0.0,0.7874541951421354,0.8496794781526852,,,EXPLOIT
40,57,,,0,0,0,0,common,1.0,0.38420059317669364,0.5418666383757714,0.4267653500307715,0.0,0.7911366552967858,0.8528530421476107,,,EXPLOIT
41,57,,,0,0,0,0,common,1.0,0.24973038556485094,0.42282743458341226,0.3736548606909953,0.0,0.7946587171959191,0.855865575735945,,,EXPLOIT
42,57,,,0,0,0,0,common,1.0,0.16232475061715312,0.34796041959348634,0.31025582766884263,0.0,0.7980304705950647,0.8587288909389627,,,EXPLOIT
43,57,,,0,0,0,0,common,1.0,0.10551108790114949,0.3030481456370343,0.24883240573853468,0.0,0.8012611766234402,0.8614536722703535,,,EXPLOIT
44,57,,,0,0,0,0,common,1.0,0.06858220713574714,0.2758475578465545,0.1947573461576984,0.0,0.8043593511414947,0.8640496081364002,,,EXPLOIT
45,57,,,0,0,0,0,common,1.0,0.04457843463823563,0.2590709625440842,0.14970367270185955,0.0,0.8073328382342425,0.8665255042785818,,,EXPLOIT
46,57,,,0,0,0,0,common,1.0,0.028975982514853116,0.24855762034510304,0.11348536564575762,0.0,0.810188875175887,0.8688893820580035,,,EXPLOIT
47,57,,,0,0,0,0,common,1.0,0.018834388634654475,0.2418908182257673,0.08509007254242668,0.0,0.812934149998517,0.8711485638931779,,,EXPLOIT
48,57,,,0,0,0,0,common,1.0,0.012242352612525376,0.2376281221302536,0.06323575656345629,0.0,0.8155748526289069,0.8733097477684247,,,EXPLOIT
49,57,,,0,0,0,0,common,1.0,0.007957529198141522,0.2348872814315716,0.04665228835386186,0.0,0.8181167204164707,0.8753790724099644,,,EXPLOIT
50,57,,,0,0,0,0,common,1.0,0.005172393978791989,0.23311837578806952,0.034208320041340896,0.0,0.8205650787572113,0.8773621744655232,,,EXPLOIT
51,57,,,0,0,0,0,common,1.0,0.0033620560862147597,0.2319739278052112,0.024954440854803056,0.0,0.8229248774190696,0.8792642388091213,,,EXPLOIT
52,57,,,0,0,0,0,common,1.0,0.002185336456039577,0.23123229288194355,0.01812370953517401,0.0,0.8252007230901344,0.8810900429164341,,,EXPLOIT
53,57,,,0,0,0,0,common,1.0,0.0014204686964257585,0.23075118337837397,0.013112737283549536,0.0,0.8273969086001195,0.8828439961104028,,,EXPLOIT
54,57,,,0,0,0,0,common,1.0,0.0009233046526767597,0.23043886490088972,0.009455907494287702,0.0,0.8295174392051556,0.8845301743558438,,,EXPLOIT
55,57,,,0,1,1,0,common,0.0,0.316753125,0.23023602802327053,0.1016450727460014,0.0,0.8315660562745428,0.8861523511810696,,,EXPLOIT
56,57,,,0,0,0,0,common,1.0,0.0006001480242399104,0.16843442281642096,0.07133159532947295,0.0,0.8335462586742017,0.8877140252203145,,,EXPLOIT
57,57,,,0,0,0,0,common,1.0,0.0003900962157559196,0.16833166311334263,0.050049145595357836,0.0,0.8354613221039588,0.8892184448000939,,,EXPLOIT
58,57,,,0,0,0,0,common,1.0,0.0002535625402413366,0.16826489730128427,0.035110470678822885,0.0,0.8373143166135074,0.8906686299331356,,,EXPLOIT
59,57,,,0,0,0,0,common,1.0,0.000164815651156891,0.16822151134915758,0.024626774170523086,0.0,0.8391081224940885,0.8920673920332853,,,EXPLOIT
60,57,,,0,0,0,0,common,1.0,0.00010713017325203467,0.168193315476047,0.01727088097134177,0.0,0.8408454447189404,0.8934173516222244,,,EXPLOIT
61,57,,,0,0,0,0,common,1.0,6.963461261377812e-05,0.16817499026907617,0.012110507063723372,0.0,0.8425288260848159,0.8947209542626587,,,EXPLOIT
62,57,,,0,0,0,0,common,1.0,4.526249819891692e-05,0.16816307977620842,0.008490933694066035,0.0,0.8441606591888654,0.89598048492183,,,EXPLOIT
63,57,,,0,0,0,0,common,1.0,2.9420623829268244e-05,0.16815533833255977,0.005952479772995005,0.0,0.8457431973595466,0.8971980809428389,,,EXPLOIT
64,57,,,0,0,0,0,common,1.0,1.9123405489041012e-05,0.16815030655334723,0.004172472862743215,0.0,0.8472785646466084,0.8983757437787102,,,EXPLOIT
65,57,,,0,0,0,0,common,1.0,1.2430213567893311e-05,0.1681470359641027,0.0029244600679906186,0.0,0.8487687649633007,0.8995153496247266,,,EXPLOIT
66,57,,,0,0,0,0,common,0.0,0.9999919203611809,0.1681449101095039,0.3020446981559477,0.0,0.8502156904635771,0.9006186590678574,,,EXPLOIT
67,57,,,0,0,0,0,common,1.0,0.35000525176523234,0.41348555386789476,0.31643286423873307,0.0,0.8516211292279467,0.901687325857681,,,EXPLOIT
68,57,,,0,0,0,0,common,1.0,0.227503413647401,0.3115640486797461,0.28975402906133346,0.0,0.8529867723236357,0.902722904890716,,,EXPLOIT
69,57,,,0,0,0,0,common,0.0,0.8521227811291894,0.2539348266383223,0.4584646546816902,0.0,0.8543142202976884,0.9037268594892546,,,EXPLOIT
70,57,,,0,0,0,0,common,1.0,0.44612019226602695,0.499145072505474,0.4547613159569912,0.0,0.8556049891554446,0.9047005680463622,,,EXPLOIT
71,57,,,0,0,0,0,common,0.0,0.7100218750270825,0.3618704637572817,0.5313394836780185,0.0,0.849989331988821,0.9003816335757883,,,EXPLOIT
72,57,,,0,0,0,0,common,0.0,0.4615142187676036,0.577753231649132,0.510391904204894,0.0,0.843982335676719,0.8957021621158898,,,EXPLOIT
73,57,,,0,1,1,0,common,1.0,0.79411046875,0.6757482489696178,0.5955074735684258,0.0,0.8375419534669738,0.8906153098775784,,,EXPLOIT
74,57,,,0,1,1,0,common,0.0,0.48382819531250004,0.6298597391954457,0.5620036900916481,0.0,0.8306198916957664,0.8850657508566978,,,EXPLOIT
75,57,,,0,1,1,0,common,0.0,0.314488326953125,0.692726620364233,0.48774908115009113,0.0,0.8326315622528964,0.8866678361213389,,,EXPLOIT
76,57,,,0,1,1,0,common,0.0,0.20441741251953127,0.6752094562063253,0.40274958056092314,0.0,0.8345765936112404,0.8882105037161784,,,EXPLOIT
77,57,,,0,1,1,0,common,1.0,0.8671286818623047,0.6402654753722394,0.5420633109513375,0.0,0.8274268091366483,0.8824349657898466,,,EXPLOIT
78,57,,,0,1,1,0,common,0.0,0.436366356789502,0.6572865138953732,0.5103542247027868,0.0,0.8197125043862538,0.8760976372309758,,,EXPLOIT
79,57,,,0,1,1,0,common,1.0,0.7163618680868237,0.692613075154766,0.5721565177179978,0.0,0.8113645117492306,0.8691127298179763,,,EXPLOIT
80,57,,,0,1,1,0,common,0.0,0.5343647857435646,0.5942717606021645,0.5608189981256678,0.0,0.80230188323286,0.8613760517781432,,,EXPLOIT
81,57,,,0,1,1,0,common,0.0,0.34733711073331697,0.6886826237092976,0.49677443190796255,0.0,0.805357911019612,0.8639756177100135,,,EXPLOIT
82,57,,,0,0,0,0,common,1.0,0.7000157578010576,0.6822515821865738,0.5577468296758911,0.0,0.7957624217501318,0.8556604265118266,,,EXPLOIT
83,57,,,0,1,1,0,common,0.0,0.22576912197665605,0.5244688432857617,0.45815351736612053,0.0,0.7990876981871752,0.8585337906065288,,,EXPLOIT
84,57,,,0,1,1,0,common,0.0,0.14674992928482644,0.4542459852002614,0.3647324409417323,0.0,0.8022747522149946,0.8612679093274259,,,EXPLOIT
85,57,,,0,1,1,0,common,1.0,0.9046125459648628,0.40865813332164014,0.5266964724486713,0.0,0.7923996614366501,0.8526390047402359,,,EXPLOIT
86,57,,,0,1,1,0,common,0.0,0.4120018451228391,0.658988569663016,0.49228808425092163,0.0,0.795867473776665,0.8556622751569497,,,EXPLOIT
87,57,,,0,1,1,0,common,0.0,0.2678011993298454,0.5602416984109786,0.4249420187745987,0.0,0.7991883420316839,0.8585355486252977,,,EXPLOIT
88,57,,,0,0,0,0,common,1.0,0.45501024257068745,0.47870252306969474,0.43396248591342534,0.0,0.8023712548569224,0.8612695831417803,,,EXPLOIT
89,57,,,0,0,0,0,common,1.0,0.29575665767094683,0.3404132329282919,0.39250073744068176,0.0,0.8054244826758448,0.8638741321260618,,,EXPLOIT
90,57,,,0,0,0,0,common,1.0,0.1922418274861154,0.2624925499820208,0.33242306445431186,0.0,0.8083556480168321,0.8663580590085298,,,EXPLOIT
91,57,,,0,0,0,0,common,1.0,0.12495718786597498,0.21895282240463923,0.2701833014778108,0.0,0.8111717877429009,0.868729436483084,,,EXPLOIT
92,57,,,0,0,0,0,common,1.0,0.08122217211288374,0.19375178104929697,0.21349496266833265,0.0,0.8138794082440575,0.8709956327671433,,,EXPLOIT
93,57,,,0,0,0,0,common,1.0,0.052794411873374414,0.17865258625847039,0.16528479742984517,0.0,0.8164845345035862,0.873163386810802,,,EXPLOIT
94,57,,,0,0,0,0,common,0.0,0.9656836322823066,0.1693650534686605,0.40540444788558355,0.0,0.8189927538171488,0.8752388740722966,,,EXPLOIT
95,57,,,0,0,0,0,common,1.0,0.3723056390165007,0.4051373925685916,0.39547480522485867,0.0,0.8214092548324213,0.8772277642120263,,,EXPLOIT
96,57,,,0,0,0,0,common,1.0,0.24199866536072545,0.2983705652403384,0.34943196326561865,0.0,0.8237388624833685,0.8791352718402846,,,EXPLOIT
97,57,,,0,0,0,0,common,1.0,0.15729913248447158,0.23915710824235425,0.29179211403127453,0.0,0.8259860693141458,0.8809662012752214,,,EXPLOIT
98,57,,,0,0,0,0,common,1.0,0.10224443611490652,0.20556338540089883,0.23492781065636412,0.0,0.8281550636205713,0.8827249861199264,,,EXPLOIT
99,57,,,0,0,0,0,common,1.0,0.0664588834746892,0.1857863596381966,0.18438713250186164,0.0,0.8302497547800991,0.8844157243450451,,,EXPLOIT
100,57,,,0,0,0,0,common,1.0,0.04319827425854794,0.1737782157863711,0.14203047502886754,0.0,0.8322737960926258,0.886042209461335,,,EXPLOIT
101,57,,,0,0,0,0,common,0.0,0.9719211217319438,0.1663218217804124,0.3909976690397904,0.0,0.8342306054129099,0.8876079582813103,,,EXPLOIT
102,57,,,0,0,0,0,common,1.0,0.3682512708742365,0.40159733938882114,0.3841737495901242,0.0,0.8361233838197608,0.8891162356976006,,,EXPLOIT
103,57,,,0,0,0,0,common,1.0,0.23936332606825372,0.2963944558991143,0.340730622533563,0.0,0.8379551325365336,0.8905700768454616,,,EXPLOIT
104,57,,,0,0,0,0,common,1.0,0.15558616194436492,0.2380533359619838,0.28518728435680357,0.0,0.8397286682910897,0.8919723069660482,,,EXPLOIT
105,57,,,0,0,0,0,common,1.0,0.10113100526383723,0.20492384402300468,0.22997040062891363,0.0,0.8414466372805913,0.8933255592440054,,,EXPLOIT
106,57,,,0,0,0,0,common,1.0,0.06573515342149416,0.18540279528067558,0.18069982646668778,0.0,0.8431115278867691,0.8946322908563629,,,EXPLOIT
107,57,,,0,1,1,0,common,0.0,0.17407077956439954,0.17354211196217575,0.1787111123960013,0.0,0.8447256822701882,0.8958947974385534,,,EXPLOIT
108,57,,,0,0,0,0,common,1.0,0.042727849723971256,0.1451485049200262,0.13791613359439228,0.0,0.8462913069571378,0.8971152261467422,,,EXPLOIT
109,57,,,0,0,0,0,common,1.0,0.027773102320581278,0.1388180969275197,0.10487322421224897,0.0,0.8478104825198074,0.8982955874728449,,,EXPLOIT
110,57,,,0,0,0,0,common,1.0,0.018052516508377803,0.13483250324647805,0.07882701190108761,0.0,0.8492851724390673,0.8994377659490156,,,EXPLOIT
111,57,,,0,0,0,0,common,1.0,0.011734135730445572,0.13229548886857737,0.05869914904989499,0.0,0.850717231229263,0.9005435298615005,,,EXPLOIT
112,57,,,0,0,0,0,common,1.0,0.007627188224789583,0.13066881924428975,0.043377560802363366,0.0,0.852108411895734,0.9016145400791944,,,EXPLOIT
113,57,,,0,0,0,0,common,0.0,0.9950423276538868,0.12962087022352892,0.32887699085782035,0.0,0.8534603727881296,0.9026523580896181,,,EXPLOIT
114,57,,,0,0,0,0,common,1.0,0.3532224870249736,0.3376134086132085,0.3361806397079663,0.0,0.8547746839058691,0.9036584533241074,,,EXPLOIT
115,57,,,0,0,0,0,common,1.0,0.2295946165662328,0.24657938136255844,0.30420483276544624,0.0,0.8560528327061739,0.9046342098444978,,,EXPLOIT
116,57,,,0,0,0,0,common,1.0,0.1492365007680514,0.1976731684480784,0.25771433316622777,0.0,0.8572962294598547,0.9055809324553016,,,EXPLOIT
117,57,,,0,1,1,0,common,0.0,0.1131460067168597,0.17023335568287545,0.2143438352314173,0.0,0.8585062121954127,0.906499852298156,,,EXPLOIT
118,57,,,0,0,0,0,common,1.0,0.09700372549923342,0.1515996416309798,0.17914180231176213,0.0,0.8596840512679065,0.9073921319789924,,,EXPLOIT
119,57,,,0,0,0,0,common,1.0,0.06305242157450175,0.1370336682276391,0.144314988090584,0.0,0.8608309535853952,0.9082588702728338,,,EXPLOIT
120,57,,,0,0,0,0,common,1.0,0.04098407402342619,0.12822909031632168,0.11331571387043665,0.0,0.8619480665225283,0.909101106446266,,,EXPLOIT
121,57,,,0,0,0,0,common,1.0,0.02663964811522701,0.12277508971480622,0.08731289414387375,0.0,0.8630364815479714,0.9099198242333456,,,EXPLOIT
122,57,,,0,0,0,0,common,0.0,0.9826842287251024,0.11934046147807092,0.3559242945182423,0.0,0.8640972375897861,0.9107159554969336,,,EXPLOIT
123,57,,,0,0,0,0,common,1.0,0.3612552513286834,0.3126510463887062,0.35752358156137465,0.0,0.865131324160586,0.911490383604115,,,EXPLOIT
124,57,,,0,0,0,0,common,1.0,0.23481591336364427,0.22464544211848358,0.3207112811020555,0.0,0.866139684262238,0.9122439465414168,,,EXPLOIT
125,57,,,0,0,0,0,common,1.0,0.15263034368636874,0.17829841884437755,0.27028699987734944,0.0,0.8671232170880442,0.9129774397929293,,,EXPLOIT
126,57,,,0,0,0,0,common,0.0,0.9007902766038604,0.15259024871474342,0.4594379828953027,0.0,0.8680827805386833,0.9136916190021206,,,EXPLOIT
127,57,,,0,0,0,0,common,1.0,0.41448632020749077,0.35534511911984157,0.4459524840889591,0.0,0.8690191935667227,0.9143872024360741,,,EXPLOIT
128,57,,,0,0,0,0,common,1.0,0.26941610813486905,0.24672487838290993,0.3929915713027321,0.0,0.8699332383631707,0.9150648732690501,,,EXPLOIT
129,57,,,0,0,0,0,common,1.0,0.17512047028766486,0.19014254782377318,0.3276302409982119,0.0,0.87082566239835,0.9157252817006404,,,EXPLOIT
130,57,,,0,0,0,0,common,1.0,0.11382830568698221,0.15929453639723865,0.263489660404843,0.0,0.8716971803282902,0.9163690469223267,,,EXPLOIT
131,57,,,0,0,0,0,common,0.0,0.9260116013034616,0.1415879337118207,0.4622462426744286,0.0,0.8725484757768659,0.9169967589449498,,,EXPLOIT
132,57,,,0,0,0,0,common,0.0,0.6019075408472501,0.3418831412637198,0.504144632126275,0.0,0.8680331249455162,0.9136236650838128,,,EXPLOIT
133,57,,,0,0,0,0,common,0.0,0.39123990155071253,0.5257966945699064,0.47027321295360625,0.0,0.8689707302728975,0.9143210089904885,,,EXPLOIT
134,57,,,0,0,0,0,common,0.0,0.25430593600796314,0.6318335858035597,0.40548302986991325,0.0,0.8698859272964455,0.9150003759749951,,,EXPLOIT
135,57,,,0,0,0,0,common,1.0,0.834701141594824,0.6765889249254402,0.5342484633873864,0.0,0.8652056415504361,0.9114817887250372,,,EXPLOIT
136,57,,,0,0,0,0,common,1.0,0.5425557420366356,0.46708449074314706,0.5367406469821612,0.0,0.8602282394337436,0.9076991740617139,,,EXPLOIT
137,57,,,0,0,0,0,common,1.0,0.3526612323238132,0.30604812680184745,0.4815168225846568,0.0,0.8613609659367604,0.9085571977358418,,,EXPLOIT
138,57,,,0,0,0,0,common,1.0,0.22922980101047863,0.22122476887430664,0.4058307161124033,0.0,0.8624644240987445,0.9093910706682569,,,EXPLOIT
139,57,,,0,0,0,0,common,1.0,0.14899937065681113,0.17644402850849053,0.3287813124757256,0.0,0.8635396802278024,0.9102017579867103,,,EXPLOIT
140,57,,,0,0,0,0,common,1.0,0.09684959092692724,0.15153063227424193,0.25920179601108606,0.0,0.8645877495926448,0.9109901741635703,,,EXPLOIT
141,57,,,0,0,0,0,common,1.0,0.06295223410250272,0.13699253836289454,0.20032692743851105,0.0,0.86560959944152,0.9117571862971334,,,EXPLOIT
142,57,,,0,0,0,0,common,1.0,0.040918952166626776,0.12820385742099524,0.15250453485694576,0.0,0.8666061518093626,0.9125036171411257,,,EXPLOIT
143,57,,,0,0,0,0,common,0.0,0.9734026810916926,0.1227593020558435,0.3987739787273698,0.0,0.867578286130286,0.9132302479046521,,,EXPLOIT
144,57,,,0,0,0,0,common,0.0,0.6327117427096002,0.31733673516937166,0.4689553079220389,0.0,0.8685268416709888,0.9139378208426351,,,EXPLOIT
145,57,,,0,0,0,0,common,1.0,0.5887373672387599,0.5082413423414094,0.5048899257170552,0.0,0.8637612228592415,0.9103405246483129,,,EXPLOIT
146,57,,,0,0,0,0,common,0.0,0.617320711294806,0.32947406472824103,0.5386191613903804,0.0,0.8586902712910458,0.906470184528894,,,EXPLOIT
147,57,,,0,0,0,0,common,0.0,0.40125846234162393,0.5170456965841776,0.4974109516757534,0.0,0.8598632529624545,0.9073633189719198,,,EXPLOIT
148,57,,,0,0,0,0,common,1.0,0.7391819994779445,0.6276352395165683,0.5699422660164107,0.0,0.8545354717793513,0.9032593040654722,,,EXPLOIT
149,57,,,0,0,0,0,common,1.0,0.48046829966066396,0.4118313629213825,0.5431000761096867,0.0,0.8488463098342264,0.8988217003776188,,,EXPLOIT
150,57,,,0,0,0,0,common,0.0,0.6876956052205684,0.2762146766492072,0.5864787348429512,0.0,0.8427580262253315,0.8940083653523985,,,EXPLOIT
151,57,,,0,0,0,0,common,1.0,0.5529978566066305,0.4764320066759993,0.576434471372055,0.0,0.8362274355362752,0.8887697460599155,,,EXPLOIT
152,57,,,0,0,0,0,common,0.0,0.6405513932056901,0.31125591945288184,0.5956695479221454,0.0,0.8292048893068896,0.8830471754853477,,,EXPLOIT
153,57,,,0,1,1,0,common,0.0,0.07354490436595881,0.503735332627488,0.4390321548552894,0.0,0.8312640357641751,0.88472558175262,,,EXPLOIT
154,57,,,0,1,1,0,common,0.0,0.04780418783787323,0.48081693616695426,0.32166376475006453,0.0,0.8332542587972755,0.8863404148381335,,,EXPLOIT
155,57,,,0,1,1,0,common,1.0,0.9689272779053824,0.46584306348961213,0.5158428186966599,0.0,0.8260017161240663,0.8803859238820753,,,EXPLOIT
156,57,,,0,0,0,0,common,1.0,0.5836415944163014,0.688903572907749,0.5361824514125524,0.0,0.8181722735087511,0.873842789409533,,,EXPLOIT
157,57,,,0,0,0,0,common,0.0,0.620632963629404,0.5818602975083205,0.5615176050776078,0.0,0.8096946919425491,0.8666195690071079,,,EXPLOIT
158,57,,,0,0,0,0,common,1.0,0.5965885736408874,0.6909456784069107,0.5720388956465916,0.0,0.8004854999470642,0.8586048461736624,,,EXPLOIT
159,57,,,0,0,0,0,common,1.0,0.3877825728665768,0.5884237868663293,0.5167619988125871,0.0,0.7904462502422299,0.8496614615176822,,,EXPLOIT
160,57,,,0,0,0,0,common,1.0,0.25205867236327495,0.47259557588109324,0.43735100087779344,0.0,0.7939981318709999,0.8528359509186354,,,EXPLOIT
161,57,,,0,0,0,0,common,1.0,0.1638381370361287,0.3943940388481788,0.35529714172529403,0.0,0.7973978452313231,0.8558493412022077,,,EXPLOIT
162,57,,,0,0,0,0,common,1.0,0.10649478907348364,0.3460057293870631,0.2806564359297509,0.0,0.8006548029020712,0.8587134510263725,,,EXPLOIT
163,57,,,0,0,0,0,common,1.0,0.0692216128977644,0.31623460669482384,0.21722598902015497,0.0,0.8037776570839806,0.8614389707591357,,,EXPLOIT
164,57,,,0,0,0,0,common,0.0,0.9550059516164532,0.2977111824579508,0.43855997779904443,0.0,0.806774374866411,0.8640355939868385,,,EXPLOIT
165,57,,,0,0,0,0,common,1.0,0.3792461314493054,0.5817651108134736,0.4207658238941227,0.0,0.8096523047272199,0.8665121310478457,,,EXPLOIT
166,57,,,0,0,0,0,common,1.0,0.2465099854420485,0.46762768448917835,0.3684890723585004,0.0,0.8124182354343982,0.8688766073940232,,,EXPLOIT
167,57,,,0,0,0,0,common,1.0,0.16023149053733154,0.3912731690447454,0.30601179781214977,0.0,0.815078448343406,0.8711363490939456,,,EXPLOIT
168,57,,,0,0,0,0,common,0.0,0.8958495311507345,0.3440905303055898,0.4829631178137252,0.0,0.8176387639382802,0.8732980573970639,,,EXPLOIT
169,57,,,0,0,0,0,common,1.0,0.41769780475202256,0.6106646021315205,0.4633835238952144,0.0,0.820104583342362,0.8753678739575057,,,EXPLOIT
170,57,,,0,0,0,0,common,0.0,0.7284964269111853,0.48997268239630676,0.5429173948000057,0.0,0.8117894154047322,0.868306293577006,,,EXPLOIT
171,57,,,0,0,0,0,common,0.0,0.47352267749227045,0.6722423213226401,0.522098979607685,0.0,0.8027638887708718,0.8604802399652822,,,EXPLOIT
172,57,,,0,0,0,0,common,1.0,0.6922102596300241,0.6854180384096054,0.5731323636143868,0.0,0.7929334322201246,0.8517589340221198,,,EXPLOIT
173,57,,,0,1,1,0,common,0.0,0.3701972693615014,0.6324019137099348,0.5122518353385211,0.0,0.7821859081847816,0.8419799631027158,,,EXPLOIT
174,57,,,0,1,1,0,common,1.0,0.7593717749150241,0.5329529416367423,0.586387817211472,0.0,0.770387335481222,0.8309391007736819,,,EXPLOIT
175,57,,,0,1,1,0,common,1.0,0.49359165369476565,0.689350143529424,0.5585489681564602,0.0,0.7573762982851012,0.8183759246986073,,,EXPLOIT
176,57,,,0,1,1,0,common,0.0,0.6791654250984023,0.6608916632356351,0.5947339052390428,0.0,0.7429565451799983,0.8039530598175781,,,EXPLOIT
177,57,,,0,1,1,0,common,0.0,0.4414575263139615,0.6701018074642152,0.5487509915615184,0.0,0.7268870557348515,0.7872254874446779,,,EXPLOIT
178,57,,,0,0,0,0,common,1.0,0.44993666875951577,0.5717477833612943,0.5191066947209175,0.0,0.7088685024725485,0.7675938927035005,,,EXPLOIT
179,57,,,0,0,0,0,common,1.0,0.2924588346936853,0.4342936586162943,0.45111233671274786,0.0,0.7167560242815153,0.7762755819550994,,,EXPLOIT
180,57,,,0,0,0,0,common,1.0,0.19009824255089547,0.3462950584056165,0.37280810846419216,0.0,0.7241546696253978,0.7842543163961546,,,EXPLOIT
181,57,,,0,0,0,0,common,1.0,0.12356385765808209,0.2942124561228673,0.2980348332223591,0.0,0.7311081832220564,0.7916117940844474,,,EXPLOIT
182,57,,,0,0,0,0,common,1.0,0.08031650747775332,0.2631495880268467,0.23271933549897733,0.0,0.7376552422538247,0.7984175254830836,,,EXPLOIT
183,57,,,0,0,0,0,common,1.0,0.05220572986053962,0.24421972687382748,0.178565253807446,0.0,0.7438301695244085,0.8047310244190136,,,EXPLOIT
184,57,,,0,0,0,0,common,1.0,0.03393372440935072,0.23245761851943458,0.1351757949880174,0.0,0.749663529477219,0.8106035428038769,,,EXPLOIT
185,57,,,0,0,0,0,common,1.0,0.02205692086607791,0.22504205637939212,0.10124013275143555,0.0,0.7551826289241732,0.8160794562389899,,,EXPLOIT
186,57,,,0,0,0,0,common,1.0,0.014336998562950676,0.2203189212607504,0.07516919249489008,0.0,0.7604119397973429,0.8211973798145206,,,EXPLOIT
187,57,,,0,0,0,0,common,1.0,0.009319049065917961,0.21728977715675984,0.055414149466198444,0.0,0.7653734577320872,0.8259910734690834,,,EXPLOIT
188,57,,,0,0,0,0,common,1.0,0.006057381892846658,0.21533808074092153,0.04060711919419291,0.0,0.770087007564619,0.8304901818023226,,,EXPLOIT
189,57,,,0,0,0,0,common,1.0,0.003937298230350272,0.2140767552870204,0.029606172905040116,0.0,0.7745705046919695,0.834720842611796,,,EXPLOIT
190,57,,,0,1,1,0,common,1.0,0.713052607895925,0.2132599654435065,0.23464010340230557,0.0,0.7788401795591328,0.8387061905500393,,,EXPLOIT
191,57,,,0,0,0,0,common,1.0,0.0025592438497277215,0.3987695478695833,0.1650158455365322,0.0,0.7829107712030133,0.8424667764013755,,,EXPLOIT
192,57,,,0,0,0,0,common,1.0,0.0016635085023229967,0.3979906383446221,0.11601014442626943,0.0,0.7867956947174853,0.8460209180232249,,,EXPLOIT
193,57,,,0,0,0,0,common,1.0,0.001081280526509909,0.39748462552993613,0.08153148525634156,0.0,0.790507186649156,0.8493849956021591,,,EXPLOIT
194,57,,,0,0,0,0,common,1.0,0.000702832342231452,0.39715583558600276,0.05728288938210852,0.0,0.7940564316440288,0.8525737012675433,,,EXPLOIT
195,57,,,0,0,0,0,common,1.0,0.00045684102245047153,0.3969421723515456,0.04023507487421111,0.0,0.7974536731064146,0.8556002510876294,,,EXPLOIT
196,57,,,0,0,0,0,common,1.0,0.00029694666459278984,0.39680331252881257,0.02825363641132561,0.0,0.8007083101762258,0.8584765658999738,,,EXPLOIT
197,57,,,0,0,0,0,common,1.0,0.0001930153319853467,0.3967130626505644,0.01983545008752353,0.0,0.8038289829582983,0.8612134261936413,,,EXPLOIT
198,57,,,0,0,0,0,common,1.0,0.00012545996579049756,0.3966544040393155,0.013922453051003621,0.0,0.8068236476312467,0.863820605285736,,,EXPLOIT
199,57,,,0,0,0,0,common,1.0,8.154897776380121e-05,0.3966162775527601,0.009770181829031674,0.0,0.8096996428106731,0.866306984260143,,,EXPLOIT
200,57,,,0,0,0,0,common,1.0,5.300683554643193e-05,0.3965914960173717,0.006855029330986101,0.0,0.8124637483321783,0.8686806515172818,,,EXPLOIT
201,57,,,0,0,0,0,common,1.0,3.4454443105236265e-05,0.396575388307128,0.004808856864621841,0.0,0.8151222374454408,0.8709489892862177,,,EXPLOIT
202,57,,,0,0,0,0,common,1.0,2.2395388018403573e-05,0.3965649184170724,0.00337291842164081,0.0,0.8176809232651993,0.8731187490486435,,,EXPLOIT
203,57,,,0,0,0,0,common,1.0,1.4557002211978975e-05,0.3965581130399204,0.0023654099958121603,0.0,0.8201452002031182,0.8751961174980647,,,EXPLOIT
204,57,,,0,0,0,0,common,1.0,9.46205143781409e-06,0.39655368956648307,0.0016586256124998563,0.0,0.8225200810020532,0.8771867743914709,,,EXPLOIT
205,57,,,0,0,0,0,common,1.0,6.1503334345403005e-06,0.3965508143179224,0.0011628830287802616,0.0,0.8248102299078115,0.8790959434327955,,,EXPLOIT
206,57,,,0,0,0,0,common,1.0,3.997716732428991e-06,0.3965489454102341,0.0008152174351659118,0.0,0.8270199924403545,0.8809284371481008,,,EXPLOIT
207,57,,,0,0,0,0,common,1.0,2.598515876028884e-06,0.39654773062187426,0.0005714317593789468,0.0,0.8291534221643199,0.8826886965642045,,,EXPLOIT
208,57,,,0,0,0,0,common,1.0,1.689035319385468e-06,0.3965469410101323,0.0004005089421610784,0.0,0.8312143048058778,0.8843808263795132,,,EXPLOIT
209,57,,,0,0,0,0,common,1.0,1.0978729576560653e-06,0.39654642776279236,0.00028068562140005167,0.0,0.8332061800178268,0.8860086262134317,,,EXPLOIT
210,57,,,0,0,0,0,common,1.0,7.136174224875447e-07,0.39654609415214503,0.00019669402020678243,0.0,0.8351323610562029,0.8875756184351368,,,EXPLOIT
211,57,,,0,0,0,0,common,1.0,4.638513245724951e-07,0.39654587730527635,0.00013782496954211943,0.0,0.8369959525985254,0.889085073000727,,,EXPLOIT
212,57,,,0,0,0,0,common,1.0,3.0150336094436625e-07,0.3965457363548337,9.65679296877669e-05,0.0,0.8387998669052709,0.8905400296673461,,,EXPLOIT
213,57,,,0,0,0,0,common,1.0,1.959771845916336e-07,0.39654564473705534,6.765634393681432e-05,0.0,0.8405468385015565,0.8919433179018731,,,EXPLOIT
214,57,,,0,0,0,0,common,0.0,0.99999987261483,0.3965455851855034,0.3000473212252048,0.0,0.8422394375347356,0.8932975747585754,,,EXPLOIT
215,57,,,0,0,0,0,common,0.0,0.6499999171996396,0.6680384666286345,0.40503310001753523,0.0,0.8438800819451543,0.8946052609634165,,,EXPLOIT
216,57,,,0,1,1,0,common,0.0,0.5365158048676487,0.6678086245413399,0.4444779114725692,0.0,0.8454710485713067,0.8958686754114454,,,EXPLOIT
217,57,,,0,1,1,0,common,0.0,0.3487352731639717,0.6823820191088241,0.41575511997998993,0.0,0.8470144832966661,0.8970899682569738,,,EXPLOIT
218,57,,,0,0,0,0,common,1.0,0.5775000538202343,0.6219599996466728,0.4642786001320632,0.0,0.8485124103333083,0.8982711527533674,,,EXPLOIT
219,57,,,0,0,0,0,common,1.0,0.3753750349831523,0.45450795588373805,0.4376075305873899,0.0,0.8499667407268038,0.8994141159796059,,,EXPLOIT
220,57,,,0,0,0,0,common,1.0,0.243993772739049,0.34109847611826516,0.3795234032328876,0.0,0.8513792801575334,0.9005206285738496,,,EXPLOIT
221,57,,,0,0,0,0,common,1.0,0.1585959522803818,0.27580368539995304,0.31324516794713586,0.0,0.8527517361054112,0.9015923535796254,,,EXPLOIT
222,57,,,0,0,0,0,common,1.0,0.10308736898224824,0.23812304418319663,0.25019782825766956,0.0,0.8540857244378053,0.9026308544976007,,,EXPLOIT
223,57,,,0,0,0,0,common,1.0,0.06700678983846131,0.21574382105552734,0.19524051673190707,0.0,0.8553827754741128,0.9036376026249541,,,EXPLOIT
224,57,,,0,0,0,0,common,0.0,0.9564455866050001,0.20208853896961215,0.423602037693835,0.0,0.8566443395748601,0.904613983754805,,,EXPLOIT
225,57,,,0,1,1,0,common,0.0,0.22667792755658162,0.4571348356206497,0.36452480465265896,0.0,0.8578717922982588,0.9055613042998715,,,EXPLOIT
226,57,,,0,0,0,0,common,1.0,0.37831036870674994,0.38715300397435637,0.36866047386888623,0.0,0.8590664391627731,0.9064807968972711,,,EXPLOIT
227,57,,,0,0,0,0,common,1.0,0.24590173965938744,0.2815316989659886,0.3318328536060366,0.0,0.8602295200503767,0.9073736255450393,,,EXPLOIT
228,57,,,0,1,1,0,common,1.0,0.852659347088222,0.2239170567915409,0.4880808016506922,0.0,0.8613622132817335,0.9082408903153864,,,EXPLOIT
229,57,,,0,1,1,0,common,0.0,0.4457714243926557,0.45768912976190684,0.47538798847328123,0.0,0.8624656393914705,0.9090836316848298,,,EXPLOIT
230,57,,,0,1,1,0,common,0.0,0.28975142585522623,0.32420855824301914,0.4196970196878647,0.0,0.863540864628978,0.9099028345170526,,,EXPLOIT
231,57,,,0,1,1,0,common,0.0,0.18833842680589707,0.2501848967839924,0.3502894418232744,0.0,0.8645889042077447,0.9106994317305476,,,EXPLOIT
232,57,,,0,0,0,0,common,1.0,0.15983613077860181,0.20900228632287265,0.29315344850987257,0.0,0.8656107253240427,0.9114743076797803,,,EXPLOIT
233,57,,,0,0,0,0,common,1.0,0.10389348500609119,0.17836932199293182,0.23637545945873814,0.0,0.8666072499638519,0.9122283012756329,,,EXPLOIT
234,57,,,0,0,0,0,common,1.0,0.06753076525395929,0.16050205697706876,0.18572205119730448,0.0,0.8675793575151424,0.9129622088682936,,,EXPLOIT
235,57,,,0,0,0,0,common,1.0,0.04389499741507352,0.14971384636602236,0.1431739350626352,0.0,0.8685278872010909,0.9136767869134218,,,EXPLOIT
236,57,,,0,0,0,0,common,1.0,0.028531748319797767,0.14303805961543414,0.10878127903978396,0.0,0.8694536403483832,0.9143727544403621,,,EXPLOIT
237,57,,,0,0,0,0,common,0.0,0.9814543635921315,0.13883740719559146,0.3705832044054882,0.0,0.8703573825035021,0.9150507953393462,,,EXPLOIT
238,57,,,0,0,0,0,common,0.0,0.6379453363348855,0.35240245877509324,0.4507918439843074,0.0,0.8712398454087497,0.9157115604829782,,,EXPLOIT
239,57,,,0,0,0,0,common,0.0,0.4146644686176756,0.547643643990264,0.4399536313743178,0.0,0.8721017288487378,0.9163556696958514,,,EXPLOIT
240,57,,,0,0,0,0,common,1.0,0.7304680953985109,0.6516673107061963,0.5271079705815758,0.0,0.8675589105437138,0.9129361938173682,,,EXPLOIT
241,57,,,0,0,0,0,common,1.0,0.47480426200903203,0.45018901128840333,0.5114168580098126,0.0,0.8627320467280267,0.9092638919115511,,,EXPLOIT
242,57,,,0,0,0,0,common,1.0,0.3086227703058708,0.3097537011393231,0.45057863169863005,0.0,0.8638005091147398,0.9100780972167155,,,EXPLOIT
243,57,,,0,0,0,0,common,1.0,0.20060480069881603,0.23381535170792686,0.37558648239868586,0.0,0.8648420275053644,0.9108698933947196,,,EXPLOIT
244,57,,,0,0,0,0,common,0.0,0.8696068795457695,0.1923949175641539,0.5237926015428109,0.0,0.859841157950328,0.9070403715525157,,,EXPLOIT
245,57,,,0,1,1,0,common,0.0,0.1224199774238331,0.41461255636573346,0.40338081430711753,0.0,0.8609839600846869,0.9079171405224572,,,EXPLOIT
246,57,,,0,0,0,0,common,1.0,0.43475552829524977,0.37745664162301945,0.4127932285035572,0.0,0.8620971238487863,0.9087690008981995,,,EXPLOIT
247,57,,,0,0,0,0,common,1.0,0.28259109339191235,0.2596406472503041,0.37373258797006376,0.0,0.8631817334043929,0.9095969580449236,,,EXPLOIT
248,57,,,0,0,0,0,common,1.0,0.18368421070474306,0.19816133360192695,0.3167180747904675,0.0,0.8642388208095043,0.9104019640361944,,,EXPLOIT
249,57,,,0,0,0,0,common,1.0,0.119394736958083,0.1647870365972015,0.25752107344075215,0.0,0.8652693691125367,0.9111849211398592,,,EXPLOIT
250,57,,,0,0,0,0,common,1.0,0.07760657902275392,0.14571281549154902,0.20354672511535266,0.0,0.866274315228587,0.911946685033847,,,EXPLOIT
251,57,,,0,0,0,0,common,1.0,0.0504442763647901,0.1343550016663519,0.15761599049018388,0.0,0.8672545526154735,0.9126880677759761,,,EXPLOIT
252,57,,,0,0,0,0,common,0.0,0.9672112203628864,0.12739168775999826,0.4004945594519946,0.0,0.8682109337656271,0.9134098405494455,,,EXPLOIT
253,57,,,0,0,0,0,common,1.0,0.37131270676412376,0.32523473604001435,0.39174000364563333,0.0,0.869144272528448,0.9141127362035315,,,EXPLOIT
254,57,,,0,0,0,0,common,1.0,0.2413532593966805,0.23248614062559947,0.34662398037094744,0.0,0.8700553462764369,0.9147974516070925,,,EXPLOIT
255,57,,,0,0,0,0,common,0.0,0.8431203813921577,0.18363397854052116,0.4955729006773105,0.0,0.870944897927223,0.9154646498307784,,,EXPLOIT
256,57,,,0,0,0,0,common,1.0,0.45197175209509743,0.3922378783799254,0.4824925561026466,0.0,0.87181363783255,0.9161149621723129,,,EXPLOIT
257,57,,,0,0,0,0,common,1.0,0.2937816388618133,0.2673834169555846,0.42587928093039656,0.0,0.872662245544325,0.9167489900378637,,,EXPLOIT
258,57,,,0,0,0,0,common,1.0,0.19095806526017867,0.202258087346456,0.3554029162293312,0.0,0.873491371466961,0.9173673066912833,,,EXPLOIT
259,57,,,0,0,0,0,common,1.0,0.12412274241911614,0.16707185692281323,0.28601886408626664,0.0,0.8743016384044648,0.9179704588819302,,,EXPLOIT
260,57,,,0,1,1,0,common,1.0,0.9204270146745085,0.14704844406582188,0.47634130926273915,0.0,0.8750936430100111,0.9185589683607828,,,EXPLOIT
261,57,,,0,1,1,0,common,0.0,0.40172244046156946,0.3506933345078972,0.45395564862238824,0.0,0.875867957145097,0.919133333293695,,,EXPLOIT
262,57,,,0,0,0,0,common,0.0,0.9193202174275745,0.24595868218817196,0.5935650192639441,0.0,0.8715540899339955,0.9159125018205966,,,EXPLOIT
263,57,,,0,0,0,0,common,1.0,0.4024418586720766,0.5093703469784401,0.5362280710863838,0.0,0.8669774872414061,0.9124607755440646,,,EXPLOIT
264,57,,,0,0,0,0,common,1.0,0.26158720813684977,0.38462225664503347,0.4538358122015236,0.0,0.867940586856045,0.9131885366276165,,,EXPLOIT
265,57,,,0,0,0,0,common,1.0,0.1700316852889523,0.3098371568700679,0.3686945741277522,0.0,0.8688804158083325,0.9138971977604257,,,EXPLOIT
266,57,,,0,0,0,0,common,1.0,0.110520595437819,0.2661869286292531,0.2912423805207722,0.0,0.869797761660683,0.9145874667047247,,,EXPLOIT
267,57,,,0,1,1,0,common,0.0,0.2611195863000202,0.2401837579397712,0.2822055422545466,0.0,0.8706933769580444,0.9152600167666567,,,EXPLOIT
268,57,,,0,0,0,0,common,1.0,0.07183838703458234,0.18633678417754168,0.2190953956885573,0.0,0.871567981153753,0.9159154888686684,,,EXPLOIT
269,57,,,0,0,0,0,common,1.0,0.046694951572478494,0.17335361681010372,0.16737526245373363,0.0,0.8724222624096628,0.9165544934741,,,EXPLOIT
270,57,,,0,0,0,0,common,1.0,0.03035171852211105,0.16532191943591523,0.12626819927424685,0.0,0.8732568792800203,0.9171776123761227,,,EXPLOIT
271,57,,,0,0,0,0,common,1.0,0.01972861703937223,0.16026984790276994,0.09430632460378446,0.0,0.8740724622877482,0.9177854003620499,,,EXPLOIT
272,57,,,0,0,0,0,common,1.0,0.012823601075591995,0.15705615023998293,0.06986150754532672,0.0,0.8748696154010778,0.9183783867630372,,,EXPLOIT
273,57,,,0,0,0,0,common,1.0,0.008335340699134774,0.15499658330993768,0.05140365749146913,0.0,0.8756489174178,0.9189570768982704,,,EXPLOIT
274,57,,,0,0,0,0,common,1.0,0.0054179714544375646,0.15367017489856188,0.03760795168035965,0.0,0.8764109232638105,0.9195219534219324,,,EXPLOIT
275,57,,,0,0,0,0,common,1.0,0.0035216814453844503,0.15281318690330017,0.02738207060986709,0.0,0.8771561652120738,0.9200734775804984,,,EXPLOIT
276,57,,,0,0,0,0,common,1.0,0.0022890929394998594,0.15225832567022157,0.01985417730875692,0.0,0.8778851540276418,0.9206120903872461,,,EXPLOIT
277,57,,,0,0,0,0,common,1.0,0.0014879104106748642,0.1518985855267314,0.014344297239332301,0.0,0.8785983800439062,0.9211382137202746,,,EXPLOIT
278,57,,,0,0,0,0,common,1.0,0.0009671417669386839,0.1516651424932575,0.010331150597614216,0.0,0.8792963141748545,0.9216522513497781,,,EXPLOIT
279,57,,,0,0,0,0,common,1.0,0.0006286421485101057,0.15151356834034352,0.007420398062882983,0.0,0.879979408867727,0.9221545898998378,,,EXPLOIT
280,57,,,0,1,1,0,common,0.0,0.16972773109501313,0.15141511431689694,0.05611259797252202,0.0,0.8806480990001276,0.9226455997495485,,,EXPLOIT
281,57,,,0,0,0,0,common,1.0,0.00040861739653152984,0.12676497635918588,0.03940140379972487,0.0,0.8813028027253325,0.9231256358779003,,,EXPLOIT
282,57,,,0,0,0,0,common,1.0,0.00026560130774544444,0.12671012206555052,0.02766066305213104,0.0,0.8819439222692493,0.9235950386564672,,,EXPLOIT
283,57,,,0,0,0,0,common,1.0,0.00017264085003454444,0.12667447793776734,0.01941425639150209,0.0,0.8825718446822283,0.9240541345936243,,,EXPLOIT
284,57,,,0,0,0,0,common,1.0,0.00011221655252247054,0.1266513139702462,0.013623644439808203,0.0,0.883186942548675,0.9245032370337207,,,EXPLOIT
285,57,,,0,0,0,0,common,1.0,7.294075913955034e-05,0.12663625938343517,0.009558433335607606,0.0,0.8837895746572084,0.9249426468143542,,,EXPLOIT
286,57,,,0,0,0,0,common,1.0,4.741149344067441e-05,0.12662647474359556,0.006705126782957526,0.0,0.8843800866338957,0.9253726528846471,,,EXPLOIT
287,57,,,0,0,0,0,common,1.0,3.081747073641061e-05,0.12662011508325288,0.004702833989291191,0.0,0.8849588115409174,0.9257935328871997,,,EXPLOIT
288,57,,,0,0,0,0,common,1.0,2.0031355978611387e-05,0.1266159814542462,0.003297993199297417,0.0,0.8855260704428445,0.9262055537061835,,,EXPLOIT
289,57,,,0,0,0,0,common,1.0,1.3020381386064095e-05,0.1266132946588569,0.002312501353924011,0.0,0.8860821729425541,0.926608971983853,,,EXPLOIT
290,57,,,0,0,0,0,common,1.0,8.46324790093611e-06,0.12661154826866752,0.0016212899221170886,0.0,0.8866274176886647,0.9270040346075766,,,EXPLOIT
291,57,,,0,0,0,0,common,1.0,5.501111135619574e-06,0.12661041312637306,0.001136553278822648,0.0,0.8871620928562414,0.9273909791693339,,,EXPLOIT
292,57,,,0,0,0,0,common,1.0,3.575722238191581e-06,0.12660967528866796,0.000796660011847311,0.0,0.8876864766024019,0.927770034399475,,,EXPLOIT
293,57,,,0,0,0,0,common,1.0,2.32421945478567e-06,0.1266091956961818,0.0005583592741295534,0.0,0.8882008374983354,0.9281414205764115,,,EXPLOIT
294,57,,,0,0,0,0,common,1.0,1.5107426456495432e-06,0.12660888396192022,0.00039130471468438224,0.0,0.8887054349391497,0.9285053499137815,,,EXPLOIT
295,57,,,0,0,0,0,common,1.0,9.819827196944075e-07,0.12660868133501124,0.00027420789509497584,0.0,0.8892005195328607,0.9288620269265203,,,EXPLOIT
296,57,,,0,0,0,0,common,1.0,6.382887678402227e-07,0.12660854962767285,0.00019213701319683514,0.0,0.8896863334697552,0.9292116487771652,,,EXPLOIT
297,57,,,0,0,0,0,common,1.0,4.1488769908504253e-07,0.12660846401796727,0.0001346203755475101,0.0,0.8901631108732678,0.9295544056036302,,,EXPLOIT
298,57,,,0,0,0,0,common,1.0,2.696770043941754e-07,0.12660840837168597,9.431516598457531e-05,0.0,0.890631078133448,0.9298904808295948,,,EXPLOIT
299,57,,,0,0,0,0,common,1.0,1.7529005280625398e-07,0.12660837220161458,6.607320320504459e-05,0.0,0.8910904542240127,0.9302200514585752,,,EXPLOIT
300,57,,,0,0,0,0,common,0.0,0.9999998860614657,0.12660834869107304,0.30004621706068324,0.0,0.891541451003921,0.9305432883526693,,,EXPLOIT
301,57,,,0,0,0,0,common,0.0,0.6499999259399527,0.33274978475464057,0.40503232972446407,0.0,0.8919842735043463,0.9308603564968991,,,EXPLOIT
302,57,,,0,0,0,0,common,1.0,0.5775000481390307,0.5305838379837309,0.456772645248834,0.0,0.8924191202018616,0.931171415250011,,,EXPLOIT
303,57,,,0,0,0,0,common,0.0,0.62462496870963,0.3534133396814687,0.5071283422870727,0.0,0.8890415028076212,0.9287422378045285,,,EXPLOIT
304,57,,,0,0,0,0,common,0.0,0.40600622966125954,0.5447292041912852,0.4767917084993287,0.0,0.8895302876090941,0.9290942233021362,,,EXPLOIT
305,57,,,0,0,0,0,common,0.0,0.2639040492798187,0.6481086122206864,0.4129254107334757,0.0,0.8900099610554973,0.9294392802586232,,,EXPLOIT
306,57,,,0,0,0,0,common,1.0,0.8284623679681178,0.6857085192567627,0.5375864979038683,0.0,0.8865031223400577,0.9269030915077726,,,EXPLOIT
307,57,,,0,0,0,0,common,0.0,0.46149946082072335,0.4963142761513942,0.5147603867789248,0.0,0.8828038968707391,0.9242060456535125,,,EXPLOIT
308,57,,,0,1,1,0,common,0.0,0.11032302521175855,0.6260746179873059,0.3934291783087749,0.0,0.8834142806357977,0.9246518602833194,,,EXPLOIT
309,57,,,0,1,1,0,common,1.0,0.928290033612357,0.5988733175938064,0.5538874348998495,0.0,0.8795413810447886,0.9218078678681866,,,EXPLOIT
310,57,,,0,1,1,0,common,0.0,0.39661147815196796,0.6748129695978753,0.506704647875485,0.0,0.8754451278246209,0.9187726245269581,,,EXPLOIT
311,57,,,0,1,1,0,common,0.0,0.2577974607987792,0.6896019681077594,0.4320324917524732,0.0,0.8762116418495263,0.9193418892155371,,,EXPLOIT
312,57,,,0,1,1,0,common,0.0,0.16756834951920646,0.6592765204250429,0.35269324908249317,0.0,0.8769612537573152,0.9198976555632213,,,EXPLOIT
313,57,,,0,0,0,0,common,1.0,0.7000253504665298,0.6251469740640201,0.4568928794977042,0.0,0.8776944798771683,0.9204403709626147,,,EXPLOIT
314,57,,,0,0,0,0,common,1.0,0.4550164778032444,0.4205749922816794,0.45632995898936624,0.0,0.8784118158292142,0.9209704633262369,,,EXPLOIT
315,57,,,0,0,0,0,common,1.0,0.29576071057210884,0.2898900503753988,0.408159184464189,0.0,0.8791137375532192,0.9214883421359383,,,EXPLOIT
316,57,,,0,0,0,0,common,1.0,0.19224446187187072,0.22024580178203257,0.34338476768649345,0.0,0.8798007022765516,0.9219943994251903,,,EXPLOIT
317,57,,,0,0,0,0,common,1.0,0.12495890021671596,0.18228544008623565,0.2778570074455602,0.0,0.8804731494255659,0.9224890106992091,,,EXPLOIT
318,57,,,0,0,0,0,common,0.0,0.9187767148591346,0.16059229828038038,0.47013291966963244,0.0,0.8811315014842214,0.9229725357974544,,,EXPLOIT
319,57,,,0,0,0,0,common,0.0,0.5972048646584376,0.37523235074661354,0.508254503166274,0.0,0.877127705974982,0.9200163718988189,,,EXPLOIT
320,57,,,0,0,0,0,common,1.0,0.6118168379720156,0.5585219976580502,0.5393232036079965,0.0,0.8728890994600458,0.9168574306854733,,,EXPLOIT
321,57,,,0,0,0,0,common,1.0,0.39768094468181014,0.37089671780869526,0.49683052593014054,0.0,0.8737130482040858,0.9174730765461855,,,EXPLOIT
322,57,,,0,0,0,0,common,1.0,0.2584926140431766,0.2632520094251525,0.42532915236405133,0.0,0.8745183023707639,0.9180736502634672,,,EXPLOIT
323,57,,,0,0,0,0,common,1.0,0.16802019912806476,0.20592272544096427,0.34813646639325535,0.0,0.8753054517561628,0.9186596693957064,,,EXPLOIT
324,57,,,0,0,0,0,common,0.0,0.8907868705667579,0.17421229435679086,0.5109315876453061,0.0,0.8709577654124976,0.9154053895372454,,,EXPLOIT
325,57,,,0,0,0,0,common,1.0,0.4209885341316073,0.39082326115849136,0.4839486715911965,0.0,0.8718262057374081,0.916057194359148,,,EXPLOIT
326,57,,,0,0,0,0,common,1.0,0.2736425471855448,0.27387226688592015,0.42085683426950093,0.0,0.8726745235975667,0.9166926618336767,,,EXPLOIT
327,57,,,0,0,0,0,common,0.0,0.8221323443293959,0.2116551468653067,0.5412394872874693,0.0,0.8681669075248649,0.9132976069510413,,,EXPLOIT
328,57,,,0,0,0,0,common,1.0,0.4656139761858926,0.42996262637217064,0.5185518339569963,0.0,0.8633785600077514,0.9096524597682615,,,EXPLOIT
329,57,,,0,0,0,0,common,1.0,0.3026490845208303,0.2950005525917981,0.4537810091261465,0.0,0.864430684615166,0.9104559371620328,,,EXPLOIT
330,57,,,0,0,0,0,common,1.0,0.1967219049385397,0.22297516415139482,0.3766632778698644,0.0,0.8654564461497037,0.9112374253436338,,,EXPLOIT
331,57,,,0,0,0,0,common,1.0,0.1278692382100508,0.1838106230642117,0.3020250659719203,0.0,0.8664567733232009,0.9119977769309131,,,EXPLOIT
332,57,,,0,1,1,0,common,0.0,0.10891942718748421,0.16148384466440474,0.24409337433658945,0.0,0.8674325518627806,0.9127378011153334,,,EXPLOIT
333,57,,,0,1,1,0,common,0.0,0.07079762767186473,0.14430441348467865,0.19210465033717203,0.0,0.8683846269704454,0.9134582663929299,,,EXPLOIT
334,57,,,0,0,0,0,common,1.0,0.083115004836533,0.1339987054690645,0.15940775668698032,0.0,0.8693138056156838,0.9141599030917298,,,EXPLOIT
335,57,,,0,0,0,0,common,0.0,0.9459752468562536,0.12272238016426582,0.3953780037377623,0.0,0.8702208586741694,0.9148434057131134,,,EXPLOIT
336,57,,,0,0,0,0,common,1.0,0.3851160895434351,0.30982429504912834,0.3922994294794641,0.0,0.8711065229244713,0.915509435102905,,,EXPLOIT
337,57,,,0,0,0,0,common,0.0,0.7496745417967672,0.21733630130548293,0.49951196317465496,0.0,0.8719715029136555,0.916158620466463,,,EXPLOIT
338,57,,,0,0,0,0,common,1.0,0.5127115478321014,0.4159815969127191,0.5034718385718888,0.0,0.8674206621965211,0.9127248237941591,,,EXPLOIT
339,57,,,0,0,0,0,common,1.0,0.33326250609086583,0.27154780295401887,0.4524090388275819,0.0,0.8683730246825527,0.9134456301504645,,,EXPLOIT
340,57,,,0,0,0,0,common,1.0,0.21662062895906276,0.1978162665239978,0.3816725158670261,0.0,0.8693024809766889,0.9141475952693788,,,EXPLOIT
341,57,,,0,0,0,0,common,0.0,0.8591965911766092,0.15903723975360406,0.524929738459901,0.0,0.8645856569993133,0.9105659082055249,,,EXPLOIT
342,57,,,0,0,0,0,common,1.0,0.441522215735204,0.3549385342072602,0.4999074816424919,0.0,0.865607558923193,0.9113444070876706,,,EXPLOIT
343,57,,,0,0,0,0,common,1.0,0.28698944022788264,0.24021608584318033,0.43603206921810905,0.0,0.8666041615453695,0.9121018844377681,,,EXPLOIT
344,57,,,0,0,0,0,common,0.0,0.8134568638518763,0.18159879682024888,0.5492595076082392,0.0,0.8617165023783125,0.9083665054704367,,,EXPLOIT
345,57,,,0,0,0,0,common,0.0,0.5287469615037197,0.37996744611524164,0.5431057437768833,0.0,0.8565116244804878,0.9043420089605231,,,EXPLOIT
346,57,,,0,0,0,0,common,1.0,0.6563144750225822,0.5430420210982002,0.577068363150593,0.0,0.8509578997985066,0.8999937055913865,,,EXPLOIT
347,57,,,0,0,0,0,common,1.0,0.4266044087646784,0.3426849009118521,0.5319291768348186,0.0,0.8450193514566706,0.8952811255405251,,,EXPLOIT
348,57,,,0,0,0,0,common,1.0,0.27729286569704104,0.23399728841019832,0.45553828349348524,0.0,0.8465762168886708,0.8965219273468827,,,EXPLOIT
349,57,,,0,0,0,0,common,1.0,0.18024036270307664,0.17834128834166282,0.37294890725636265,0.0,0.848087005564623,0.8977216923221764,,,EXPLOIT
350,57,,,0,0,0,0,common,1.0,0.11715623575699985,0.14832803366053968,0.2962111058065538,0.0,0.849553660184288,0.8988823654892394,,,EXPLOIT
351,57,,,0,1,1,0,common,0.0,0.04601845798671208,0.1312200978063983,0.22115331146060127,0.0,0.8509780159109727,0.9000057709787319,,,EXPLOIT
352,57,,,0,1,1,0,common,0.0,0.02991199769136285,0.12498523426468444,0.16378091732982972,0.0,0.8523618077125572,0.9010936212794699,,,EXPLOIT
353,57,,,0,0,0,0,common,1.0,0.07615155324204992,0.12107345457618404,0.13749210810349577,0.0,0.8537066771092405,0.902147525652175,,,EXPLOIT
354,57,,,0,0,0,0,common,1.0,0.049498509607332486,0.11159894790409813,0.11109402855464678,0.0,0.8550141783832006,0.9031689977936008,,,EXPLOIT
355,57,,,0,0,0,0,common,1.0,0.032174031244766144,0.10580020933760495,0.08741802936168258,0.0,0.8562857842995705,0.9041594628278192,,,EXPLOIT
356,57,,,0,0,0,0,common,0.0,0.979086879690902,0.10217731036138415,0.3549186844604484,0.0,0.8575228913830207,0.9051202636925813,,,EXPLOIT
357,57,,,0,0,0,0,common,1.0,0.36359352820091373,0.27420943900581096,0.35752113758258797,0.0,0.8587268247897011,0.9060526669809534,,,EXPLOIT
358,57,,,0,0,0,0,common,1.0,0.23633579333059396,0.19401839772666943,0.32116553430698974,0.0,0.8598988428102916,0.9069578682916751,,,EXPLOIT
359,57,,,0,0,0,0,common,0.0,0.8463817343351139,0.15272828901154134,0.47873039431542697,0.0,0.8610401410363396,0.9078369971357698,,,EXPLOIT
360,57,,,0,0,0,0,common,1.0,0.44985187268217597,0.339981189093724,0.47006683782545167,0.0,0.8621518562188977,0.9086911214417669,,,EXPLOIT
361,57,,,0,0,0,0,common,0.0,0.7075962827565856,0.22680018095239673,0.5413256713047918,0.0,0.8569756405561441,0.9046921859340374,,,EXPLOIT
362,57,,,0,0,0,0,common,1.0,0.5400624162082194,0.4166647705477112,0.54094669477582,0.0,0.8514534788478985,0.9003725660622991,,,EXPLOIT
363,57,,,0,0,0,0,common,0.0,0.6489594294646575,0.2653816965601302,0.5733505151824712,0.0,0.8455497992375165,0.8956923220812455,,,EXPLOIT
364,57,,,0,1,1,0,common,0.0,0.019442798499385856,0.45054211670659794,0.4071782001775456,0.0,0.8470908976166802,0.8969194559997296,,,EXPLOIT
365,57,,,0,0,0,0,common,1.0,0.5781763708479726,0.44446184113590337,0.45847765137867363,0.0,0.8485865870652173,0.8981062042998432,,,EXPLOIT
366,57,,,0,1,1,0,common,0.0,0.012637819024600807,0.27807911583197054,0.3247257016724518,0.0,0.8500387731482165,0.8992544713196227,,,EXPLOIT
367,57,,,0,0,0,0,common,0.0,0.6241853589488178,0.27491610356618734,0.41456359885536154,0.0,0.8514492564406309,0.9003660436337733,,,EXPLOIT
368,57,,,0,0,0,0,common,1.0,0.5942795166832684,0.4549026764165195,0.46847837420373356,0.0,0.8528197396616157,0.9014425990196274,,,EXPLOIT
369,57,,,0,0,0,0,common,1.0,0.3862816858441245,0.28244016921310827,0.4438193676958508,0.0,0.8541518342348984,0.9024857146162253,,,EXPLOIT
370,57,,,0,0,0,0,common,1.0,0.25108309579868093,0.1959591654911881,0.3859984861266998,0.0,0.8554470663283388,0.9034968743599833,,,EXPLOIT
371,57,,,0,0,0,0,common,1.0,0.1632040122691426,0.15198964534581438,0.31916014396943265,0.0,0.8567068824202855,0.904477475770692,,,EXPLOIT
372,57,,,0,0,0,0,common,1.0,0.10608260797494273,0.12813929873814003,0.25523688317108567,0.0,0.8579326544354287,0.9054288361531144,,,EXPLOIT
373,57,,,0,0,0,0,common,1.0,0.06895369518371275,0.11445062919824543,0.1993519267748738,0.0,0.8591256844884964,0.9063521982720689,,,EXPLOIT
374,57,,,0,0,0,0,common,1.0,0.044819901869413314,0.10626437852137907,0.15299231930323565,0.0,0.8602872092702919,0.9072487355524235,,,EXPLOIT
375,57,,,0,0,0,0,common,1.0,0.0291329362151187,0.10122851214997275,0.11583450437680057,0.0,0.861418404107139,0.9081195568497604,,,EXPLOIT
376,57,,,0,0,0,0,common,1.0,0.018936408539827143,0.09807148045500347,0.08676507562570854,0.0,0.8625203867217648,0.9089657108325067,,,EXPLOIT
377,57,,,0,0,0,0,common,0.0,0.9876913344491124,0.09606738703779222,0.35704295327272967,0.0,0.8635942207209205,0.909788190011949,,,EXPLOIT
378,57,,,0,0,0,0,common,1.0,0.3580006326080769,0.262425347919029,0.3573302570733338,0.0,0.8646409188326344,0.9105879344527122,,,EXPLOIT
379,57,,,0,0,0,0,common,1.0,0.23270041119524998,0.1859908407419554,0.31994130330990866,0.0,0.8656614459138122,0.9113658351928683,,,EXPLOIT
380,57,,,0,0,0,0,common,0.0,0.8487447327230875,0.14670719244941138,0.47858233213386225,0.0,0.866656721746973,0.9121227373998482,,,EXPLOIT
381,57,,,0,0,0,0,common,1.0,0.4483159237299932,0.32971824116964155,0.4695024096127015,0.0,0.8676276236431679,0.9128594432856617,,,EXPLOIT
382,57,,,0,0,0,0,common,1.0,0.29140535042449556,0.21931058406556347,0.4160732918562397,0.0,0.8685749888665728,0.9135767148025764,,,EXPLOIT
383,57,,,0,0,0,0,common,1.0,0.1894134777759221,0.16414441247336647,0.3480753476321444,0.0,0.8694996168948477,0.9142752761383012,,,EXPLOIT
384,57,,,0,0,0,0,common,1.0,0.12311876055434934,0.13488709508149482,0.2805883715088059,0.0,0.870402271528097,0.9149558160278612,,,EXPLOIT
385,57,,,0,0,0,0,common,0.0,0.919972805639673,0.11839113651605875,0.472403701748066,0.0,0.8712836828581295,0.9156189898976863,,,EXPLOIT
386,57,,,0,0,0,0,common,1.0,0.4020176763342125,0.2940047163523768,0.4512878941239099,0.0,0.8721445491086979,0.916265421855946,,,EXPLOIT
387,57,,,0,0,0,0,common,1.0,0.26131148961723816,0.20168810583173727,0.3942949727719084,0.0,0.872985538356472,0.9168957065418467,,,EXPLOIT
388,57,,,0,0,0,0,common,1.0,0.1698524682512048,0.15499839892642406,0.3269622214156973,0.0,0.8738072901416678,0.9175104108454135,,,EXPLOIT
389,57,,,0,0,0,0,common,1.0,0.11040410436328318,0.12982246881216986,0.2619947862999731,0.0,0.8746104169764993,0.9181100755082134,,,EXPLOIT
390,57,,,0,0,0,0,common,1.0,0.07176266783613405,0.11543902583390099,0.20492515076082135,0.0,0.8753955057589351,0.9186952166145327,,,EXPLOIT
391,57,,,0,0,0,0,common,1.0,0.04664573409348716,0.10686488198600544,0.1574413257606211,0.0,0.8761631190986252,0.9192663269816498,,,EXPLOIT
392,57,,,0,1,1,0,common,0.0,0.008214582365990524,0.10160185421164704,0.1126733027422319,0.0,0.8769137965612975,0.9198238774570852,,,EXPLOIT
393,57,,,0,0,0,0,common,1.0,0.030319727160766696,0.10069953011763062,0.08796723006779233,0.0,0.8776480558374129,0.9203683181300056,,,EXPLOIT
394,57,,,0,0,0,0,common,1.0,0.01970782265449833,0.09743131004801842,0.06748940784380414,0.0,0.8783663938404042,0.9209000794633436,,,EXPLOIT
395,57,,,0,0,0,0,common,1.0,0.012810084725423887,0.0953586969909817,0.051085610908290065,0.0,0.8790692877394,0.921419573352614,,,EXPLOIT
396,57,,,0,0,0,0,common,1.0,0.008326555071525577,0.09403299999487834,0.03825789415726072,0.0,0.879757195930946,0.921927194116912,,,EXPLOIT
397,57,,,0,0,0,0,common,1.0,0.005412260796491597,0.09318028437530933,0.02840420414902998,0.0,0.880430558953891,0.9224233194271018,,,EXPLOIT
398,57,,,0,0,0,0,common,1.0,0.0035179695177195436,0.09262978986040042,0.02093833375963685,0.0,0.881089800351272,0.9229083111757952,,,EXPLOIT
399,57,,,0,0,0,0,common,1.0,0.0022866801865176756,0.09227355424287936,0.015342837687701097,0.0,0.8817353274827539,0.9233825162933342,,,EXPLOIT
400,57,,,0,0,0,0,common,1.0,0.0014863421212364392,0.09204266910331843,0.0111858890177617,0.0,0.8823675322908945,0.9238462675136453,,,EXPLOIT
401,57,,,0,0,0,0,common,1.0,0.0009661223788036688,0.09189287544994389,0.00811995902607429,0.0,0.8829867920242738,0.9242998840935256,,,EXPLOIT
402,57,,,0,1,1,0,common,0.0,0.0053394785378938405,0.09179562843783691,0.007285814879620154,0.0,0.8835934699202902,0.9247436724886262,,,EXPLOIT
403,57,,,0,1,1,0,common,0.0,0.0034706610496309962,0.09125985788464319,0.0061412687306234065,0.0,0.884187915850225,0.9251779269891505,,,EXPLOIT
404,57,,,0,0,0,0,common,1.0,0.0006279795462224014,0.0909131337714699,0.004487281975303105,0.0,0.8847704669289878,0.9256029303180335,,,EXPLOIT
405,57,,,0,0,0,0,common,0.0,0.9995918132949554,0.09085052588821368,0.30301864137119877,0.0,0.8853414480917733,0.926018954194167,,,EXPLOIT
406,57,,,0,0,0,0,common,1.0,0.3502653213582789,0.2530961827919104,0.3171926453673228,0.0,0.8859011726397129,0.9264262598630252,,,EXPLOIT
407,57,,,0,0,0,0,common,0.0,0.7723275411171187,0.18023198498764173,0.45373311409226147,0.0,0.8864499427564412,0.9268250985968742,,,EXPLOIT
408,57,,,0,0,0,0,common,1.0,0.4979870982738728,0.36553801184148726,0.4670093093467448,0.0,0.8869880499973755,0.9272157121665804,,,EXPLOIT
409,57,,,0,0,0,0,common,1.0,0.32369161387801726,0.235676053002007,0.4240140007061265,0.0,0.8875157757533729,0.9275983332868792,,,EXPLOIT
410,57,,,0,0,0,0,common,1.0,0.21039954902071123,0.1714741210801193,0.35992966520050185,0.0,0.8880333916903174,0.9279731860368312,,,EXPLOIT
411,57,,,0,0,0,0,common,1.0,0.13675970686346228,0.13802970568474923,0.29297867769938996,0.0,0.8885411601660819,0.9283404862570631,,,EXPLOIT
412,57,,,0,0,0,0,common,1.0,0.08889380946125047,0.1194456555139819,0.23175321722794812,0.0,0.889039334626213,0.9287004419252773,,,EXPLOIT
413,57,,,0,0,0,0,common,1.0,0.05778097614981281,0.10858397993833709,0.17956154490450751,0.0,0.8895281599795938,0.9290532535114013,,,EXPLOIT
414,57,,,0,0,0,0,common,1.0,0.03755763449737837,0.10200567168197383,0.13696037178236875,0.0,0.8900078729552573,0.9293991143136564,,,EXPLOIT
415,57,,,0,0,0,0,common,1.0,0.024412462423295977,0.09792428651362486,0.10319599897464692,0.0,0.8904787024414433,0.9297382107767285,,,EXPLOIT
416,57,,,0,0,0,0,common,1.0,0.01586810057514243,0.09535109963817687,0.07699762945479556,0.0,0.8909408698079243,0.9300707227931451,,,EXPLOIT
417,57,,,0,0,0,0,common,0.0,0.9896857346261574,0.09371153300719222,0.3508040610062041,0.0,0.8913945892125519,0.9303968239888832,,,EXPLOIT
418,57,,,0,0,0,0,common,1.0,0.35670427249299763,0.2574530915395187,0.3525741244522421,0.0,0.8918400678929211,0.9307166819941617,,,EXPLOIT
419,57,,,0,0,0,0,common,1.0,0.23185777712044842,0.18240840748563075,0.316359220252704,0.0,0.8922775064439863,0.9310304587003073,,,EXPLOIT
420,57,,,0,0,0,0,common,1.0,0.15070755512829148,0.1438974259813845,0.26666372071538025,0.0,0.8927070990824114,0.9313383105035236,,,EXPLOIT
421,57,,,0,0,0,0,common,1.0,0.09795991083338951,0.12278676046194949,0.21605257775078301,0.0,0.8931290338983933,0.9316403885363349,,,EXPLOIT
422,57,,,0,0,0,0,common,1.0,0.06367394204170318,0.11057103922393524,0.17033898703805905,0.0,0.8935434930956369,0.9319368388874244,,,EXPLOIT
423,57,,,0,0,0,0,common,0.0,0.958611937672893,0.10322345937808033,0.4068208722285092,0.0,0.8939506532201358,0.9322278028105443,,,EXPLOIT
424,57,,,0,0,0,0,common,1.0,0.37690224051261956,0.2714610698082668,0.3978452827137423,0.0,0.8943506853783569,0.9325134169231204,,,EXPLOIT
425,57,,,0,0,0,0,common,1.0,0.2449864563332027,0.18937472424352603,0.3519876347995804,0.0,0.8947437554454002,0.9327938133951456,,,EXPLOIT
426,57,,,0,0,0,0,common,1.0,0.15924119661658176,0.14759222256330262,0.2941637033446808,0.0,0.895130024263667,0.9330691201289059,,,EXPLOIT
427,57,,,0,0,0,0,common,1.0,0.1035067778007781,0.1248712919850439,0.23696662568150997,0.0,0.8955096478325352,0.9333394609300594,,,EXPLOIT
428,57,,,0,0,0,0,common,0.0,0.9327205944294943,0.11180271325297794,0.44569281630590524,0.0,0.8958827774895166,0.9336049556705452,,,EXPLOIT
429,57,,,0,0,0,0,common,0.0,0.6062683863791714,0.28352316066866373,0.49386548732788504,0.0,0.8962495600833373,0.9338657204437778,,,EXPLOIT
430,57,,,0,1,1,0,common,0.0,0.002255929682260148,0.45999335417561693,0.34638262003419756,0.0,0.8966101381393562,0.9341218677125446,,,EXPLOIT
431,57,,,0,0,0,0,common,1.0,0.6059255488535387,0.45928646145729435,0.4242454986799999,0.0,0.8969646500177195,0.9343735064500108,,,EXPLOIT
432,57,,,0,0,0,0,common,1.0,0.39385160675480013,0.2830365595638089,0.41512733110243993,0.0,0.8973132300646153,0.9346207422741963,,,EXPLOIT
433,57,,,0,0,0,0,common,1.0,0.2560035443906201,0.1949492207086869,0.3673901950888939,0.0,0.8976560087569804,0.9348636775762799,,,EXPLOIT
434,57,,,0,1,1,0,common,0.0,0.0014663542934690963,0.15040356666063814,0.2576130428502665,0.0,0.8979931128409869,0.9351024116430559,,,EXPLOIT
435,57,,,0,0,0,0,common,0.0,0.8335976961460969,0.1501754340976324,0.4304084388390156,0.0,0.8983246654646179,0.9353370407738525,,,EXPLOIT
436,57,,,0,0,0,0,common,0.0,0.541838502494963,0.33178215417910095,0.4638374579357998,0.0,0.898650786304623,0.9355676583922029,,,EXPLOIT
437,57,,,0,0,0,0,common,1.0,0.647804973378274,0.4962560750634406,0.519027712568542,0.0,0.8955963155069407,0.9333997317783567,,,EXPLOIT
438,57,,,0,0,0,0,common,0.0,0.5789267673041218,0.30286771322324885,0.5369974289892159,0.0,0.8923854525327477,0.9311048271013923,,,EXPLOIT
439,57,,,0,0,0,0,common,1.0,0.6236976012523208,0.47473900377940137,0.5630074806681473,0.0,0.889006045801763,0.9286715785106149,,,EXPLOIT
440,57,,,0,0,0,0,common,1.0,0.4054034408140085,0.29112852864533595,0.5157262687119056,0.0,0.8854446516103242,0.926087222110558,,,EXPLOIT
441,57,,,0,0,0,0,common,1.0,0.2635122365291055,0.19883719295575564,0.4400620590570655,0.0,0.8860023503749658,0.9264931039152778,,,EXPLOIT
442,57,,,0,0,0,0,common,1.0,0.17128295374391855,0.15235690214276165,0.35942832746312137,0.0,0.8865491488129222,0.9268905595993236,,,EXPLOIT
443,57,,,0,0,0,0,common,0.0,0.888666080066453,0.12736290391281538,0.5181996532441209,0.0,0.8828524813421688,0.9241927065852305,,,EXPLOIT
444,57,,,0,0,0,0,common,1.0,0.4223670479568056,0.3038500001219118,0.48944987165792625,0.0,0.8834618798492732,0.9246388095348911,,,EXPLOIT
445,57,,,0,1,1,0,common,1.0,0.9990468697092451,0.2050902235179427,0.6423289710733219,0.0,0.8795916866014296,0.9217939538132528,,,EXPLOIT
446,57,,,0,1,1,0,common,0.0,0.35061953468899065,0.47519305659305544,0.5548161401580225,0.0,0.875498374505667,0.918757759358463,,,EXPLOIT
447,57,,,0,0,0,0,common,0.0,0.7254614188280764,0.3673870099732326,0.6060097237590386,0.0,0.8711623019883449,0.9155104206052019,,,EXPLOIT
448,57,,,0,0,0,0,common,1.0,0.5284500777617503,0.5871644965966498,0.5827418299598521,0.0,0.8665614526129133,0.9120293010417004,,,EXPLOIT
449,57,,,0,0,0,0,common,1.0,0.3434925505451377,0.4271779702645998,0.5109670461354378,0.0,0.861671064953136,0.9082884086504455,,,EXPLOIT
450,57,,,0,0,0,0,common,1.0,0.22327015785433957,0.3254619875098623,0.4246579796511083,0.0,0.8627665667284665,0.909129815146332,,,EXPLOIT
451,57,,,0,0,0,0,common,1.0,0.1451256026053207,0.26715539414198697,0.340798266537372,0.0,0.86383415411786,0.9099477363372647,,,EXPLOIT
452,57,,,0,0,0,0,common,1.0,0.09433164169345842,0.23331402394552514,0.2668582790841979,0.0,0.8648748287271552,0.9107431023537197,,,EXPLOIT
453,57,,,0,0,0,0,common,1.0,0.061315567100747925,0.21308935024571557,0.2051954654891629,0.0,0.8658895449437567,0.9115167949423645,,,EXPLOIT
454,57,,,0,0,0,0,common,1.0,0.039855118615486185,0.20068831210827015,0.15559336142705987,0.0,0.8668792126879388,0.9122696505727037,,,EXPLOIT
455,57,,,0,0,0,0,common,1.0,0.02590582710006606,0.1929386506870688,0.11668710112896173,0.0,0.8678446999739788,0.9130024633073827,,,EXPLOIT
456,57,,,0,0,0,0,common,0.0,0.983161212384957,0.18803134235135488,0.3766293345057603,0.0,0.8687868352962834,0.9137159874568649,,,EXPLOIT
457,57,,,0,0,0,0,common,1.0,0.3609452119497779,0.44270677999740005,0.37192409773896556,0.0,0.869706409854298,0.9144109400371482,,,EXPLOIT
458,57,,,0,0,0,0,common,1.0,0.23461438776735566,0.33451046306972415,0.3307311847474826,0.0,0.8706041796287676,0.9150880030473584,,,EXPLOIT
459,57,,,0,0,0,0,common,1.0,0.15249935204878118,0.2723405332982893,0.27726163493787215,0.0,0.8714808673208108,0.9157478255824362,,,EXPLOIT
460,57,,,0,0,0,0,common,1.0,0.09912457883170778,0.23636621069729544,0.22382051810602283,0.0,0.8723371641642602,0.9163910257946832,,,EXPLOIT
461,57,,,0,0,0,0,common,0.0,0.9355690237593899,0.2149381955964159,0.4373450698020329,0.0,0.8731737316208359,0.9170181927166293,,,EXPLOIT
462,57,,,0,0,0,0,common,1.0,0.3918801345563965,0.4703815457087641,0.42370558922834195,0.0,0.8739912029668901,0.9176298879565299,,,EXPLOIT
463,57,,,0,0,0,0,common,1.0,0.2547220874616577,0.3508766834931342,0.37301053869833667,0.0,0.874790184779731,0.918226647276754,,,EXPLOIT
464,57,,,0,0,0,0,common,1.0,0.16556935685007756,0.2816979509455897,0.3107781841438589,0.0,0.8755712583308626,0.9188089820643955,,,EXPLOIT
465,57,,,0,0,0,0,common,1.0,0.10762008195255046,0.24184868724324204,0.24983075348646633,0.0,0.87633498089287,0.9193773807025934,,,EXPLOIT
466,57,,,0,0,0,0,common,0.0,0.9300469467308422,0.21824570035526988,0.4538956114597791,0.0,0.8770818869661342,0.9199323098502986,,,EXPLOIT
467,57,,,0,0,0,0,common,1.0,0.39546948462495257,0.4735947221217789,0.4363677734093311,0.0,0.8778124894310521,0.9204742156375355,,,EXPLOIT
468,57,,,0,0,0,0,common,1.0,0.25705516500621917,0.35280156345193153,0.3825739908883975,0.0,0.8785272806309881,0.9210035247826036,,,EXPLOIT
469,57,,,0,0,0,0,common,1.0,0.16708585725404246,0.28279737452486053,0.317927550798091,0.0,0.8792267333907691,0.9215206456370958,,,EXPLOIT
470,57,,,0,0,0,0,common,1.0,0.10860580721512758,0.24249081004195788,0.25513102772320195,0.0,0.879911301975151,0.9220259691641224,,,EXPLOIT
471,57,,,0,0,0,0,common,0.0,0.929406225310167,0.2186319883012915,0.45741358699929147,0.0,0.8805814229913478,0.9225198698546644,,,EXPLOIT
472,57,,,0,1,1,0,common,0.0,0.22790269754784392,0.4739674735148418,0.38856032016385716,0.0,0.8812375162393935,0.9230027065865773,,,EXPLOIT
473,57,,,0,0,0,0,common,1.0,0.3958859535483914,0.40308104846389137,0.3907580101792174,0.0,0.8818799855138199,0.9234748234303886,,,EXPLOIT
474,57,,,0,0,0,0,common,1.0,0.25732586980645444,0.29046769416483476,0.3507283680673885,0.0,0.8825092193598751,0.923936550405692,,,EXPLOIT
475,57,,,0,0,0,0,common,1.0,0.16726181537419538,0.22901196913490565,0.29568840225943055,0.0,0.8831255917872575,0.9243882041916412,,,EXPLOIT
476,57,,,0,0,0,0,common,1.0,0.10872017999322703,0.19461145869325966,0.2395979355795695,0.0,0.8837294629441266,0.9248300887947555,,,EXPLOIT
477,57,,,0,0,0,0,common,1.0,0.07066811699559761,0.17455088275323735,0.1889189900043779,0.0,0.8843211797539459,0.9252624961770015,,,EXPLOIT
478,57,,,0,0,0,0,common,1.0,0.0459342760471384,0.16244831619098088,0.146023575817206,0.0,0.8849010765175268,0.9256857068468836,,,EXPLOIT
479,57,,,0,0,0,0,common,1.0,0.029857279430639982,0.15496508232374456,0.1111736869012362,0.0,0.885469475482472,0.9260999904160544,,,EXPLOIT
480,57,,,0,0,0,0,common,0.0,0.980592768370084,0.15025921230614733,0.3719994113418905,0.0,0.8860266873820598,0.9265056061237741,,,EXPLOIT
481,57,,,0,1,1,0,common,0.0,0.14813675340609855,0.3744142097004084,0.3048406139611529,0.0,0.8865730119454652,0.9269028033313624,,,EXPLOIT
482,57,,,0,0,0,0,common,0.0,0.6373852994405547,0.3316133339234144,0.4046040196049734,0.0,0.8871087383810803,0.927291821988627,,,EXPLOIT
483,57,,,0,0,0,0,common,1.0,0.5856995553636395,0.5255213244754733,0.4589326803325732,0.0,0.887634145834577,0.9276728930741054,,,EXPLOIT
484,57,,,0,0,0,0,common,0.0,0.6192952890136343,0.34625247160875494,0.5070414629368915,0.0,0.8839975248128615,0.9250251963121491,,,EXPLOIT
485,57,,,0,0,0,0,common,1.0,0.5974580621411377,0.535694040699509,0.5341664426981653,0.0,0.880157721861202,0.9222058442087581,,,EXPLOIT
486,57,,,0,0,0,0,common,0.0,0.6116522596082605,0.3525362247082641,0.5574121877711938,0.0,0.8760974305919503,0.9191977413999207,,,EXPLOIT
487,57,,,0,0,0,0,common,1.0,0.6024260312546307,0.5399545755878798,0.5709163408162249,0.0,0.871797321981586,0.91598144468495,,,EXPLOIT
488,57,,,0,0,0,0,common,1.0,0.39157692031550995,0.3552079927476581,0.5171145146660104,0.0,0.8672357399823234,0.9125347456319772,,,EXPLOIT
489,57,,,0,0,0,0,common,1.0,0.25452499820508145,0.2519497642829012,0.4383376597277317,0.0,0.8681925767018142,0.9132605555774849,,,EXPLOIT
490,57,,,0,0,0,0,common,1.0,0.1654412488333029,0.19730970419196175,0.356468736459403,0.0,0.8691263555779525,0.9139673382691287,,,EXPLOIT
491,57,,,0,0,0,0,common,1.0,0.10753681174164686,0.16713503862336576,0.28178915904407614,0.0,0.8700378546721492,0.9146557979107337,,,EXPLOIT
492,57,,,0,0,0,0,common,1.0,0.0698989276320705,0.14965751751354625,0.21822208962047443,0.0,0.8709278175529641,0.9153266044652081,,,EXPLOIT
493,57,,,0,0,0,0,common,0.0,0.9545656970391542,0.1391523052571579,0.43912517184607835,0.0,0.8717969551875783,0.9159803957115082,,,EXPLOIT
494,57,,,0,0,0,0,common,0.0,0.6204677030754502,0.34529362955570286,0.49352793121488986,0.0,0.8726459477101385,0.916617779155077,,,EXPLOIT
495,57,,,0,0,0,0,common,1.0,0.5966959930009574,0.5350384185999093,0.5244783497507102,0.0,0.8681365786972873,0.9132173053757998,,,EXPLOIT
496,57,,,0,0,0,0,common,1.0,0.38785239545062233,0.35212726184675724,0.48349056346068375,0.0,0.86907170065842,0.9139252158925736,,,EXPLOIT
497,57,,,0,0,0,0,common,1.0,0.2521040570429045,0.2503305914697711,0.41407461153534997,0.0,0.8699844977535872,0.9146147618583479,,,EXPLOIT
498,57,,,0,0,0,0,common,1.0,0.16386763707788798,0.19643516606437694,0.3390125191981114,0.0,0.8708757155395064,0.915286615242348,,,EXPLOIT
499,57,,,0,0,0,0,common,1.0,0.10651396410062719,0.1666383590832332,0.2692629526688661,0.0,0.8717460668630588,0.9159414157100079,,,EXPLOIT
500,57,,,0,0,0,0,common,1.0,0.0692340766654077,0.1493632929962975,0.20925428986782854,0.0,0.872596233636658,0.916579772541895,,,EXPLOIT
501,57,,,0,0,0,0,common,1.0,0.04500214983251505,0.1389725992995841,0.15997864785723448,0.0,0.8734268684992182,0.9172022664174486,,,EXPLOIT
502,57,,,0,0,0,0,common,1.0,0.029251397391134804,0.13255859745862436,0.12076047271740457,0.0,0.8742385963712302,0.9178094510745103,,,EXPLOIT
503,57,,,0,0,0,0,common,1.0,0.01901340830423759,0.12852906249869017,0.09023635339345447,0.0,0.8750320159117353,0.9184018548546247,,,EXPLOIT
504,57,,,0,0,0,0,common,0.0,0.9876412846022455,0.12596769304681968,0.3594578327560918,0.0,0.8758077008843488,0.9189799821431766,,,EXPLOIT
505,57,,,0,0,0,0,common,1.0,0.35803316500854043,0.32796003665168066,0.35903043243182636,0.0,0.8765662014388824,0.9195443147126225,,,EXPLOIT
506,57,,,0,0,0,0,common,1.0,0.23272155725555133,0.23763773878338168,0.3211377698789438,0.0,0.8773080453145906,0.9200953129763401,,,EXPLOIT
507,57,,,0,0,0,0,common,0.0,0.8487309877838917,0.1895447557356593,0.47941573525042813,0.0,0.8780337389705745,0.9206334171599534,,,EXPLOIT
508,57,,,0,0,0,0,common,1.0,0.4483248579404704,0.4035971047192718,0.47008847205744075,0.0,0.8787437686484397,0.9211590483964108,,,EXPLOIT
509,57,,,0,0,0,0,common,1.0,0.29141115766130576,0.27753935754801484,0.4164852777386002,0.0,0.8794386013718939,0.9216726097505338,,,EXPLOIT
510,57,,,0,0,0,0,common,1.0,0.18941725247984875,0.21101989280053354,0.3483648701609748,0.0,0.8801186858876097,0.9221744871782884,,,EXPLOIT
511,57,,,0,0,0,0,common,1.0,0.12312121411190169,0.1748561527278071,0.2807917733462528,0.0,0.8807844535513389,0.922665050425575,,,EXPLOIT
512,57,,,0,1,1,0,common,0.0,0.09628888971396407,0.15420186258590693,0.2254409082565662,0.0,0.8814363191629624,0.9231446538709417,,,EXPLOIT
513,57,,,0,1,1,0,common,0.0,0.06258777831407665,0.13952444190704766,0.17658496927381934,0.0,0.8820746817538693,0.92361363731626,,,EXPLOIT
514,57,,,0,1,1,0,common,0.0,0.04068205590414982,0.13064425895664536,0.1358140952629185,0.0,0.8826999253298183,0.9240723267290738,,,EXPLOIT
515,57,,,0,0,0,0,common,1.0,0.08002878917273615,0.1251401251947657,0.11907850343586378,0.0,0.8833124195721846,0.9245210349400335,,,EXPLOIT
516,57,,,0,0,0,0,common,0.0,0.9479812870377216,0.11490493255585824,0.3677493385164211,0.0,0.8839125205002896,0.9249600622985515,,,EXPLOIT
517,57,,,0,0,0,0,common,1.0,0.38381216342548097,0.29402201833045893,0.37256818598913904,0.0,0.8845005710973088,0.9253896972895754,,,EXPLOIT
518,57,,,0,0,0,0,common,1.0,0.24947790622656263,0.20533691278901267,0.3356411020603661,0.0,0.8850769019020744,0.9258102171141351,,,EXPLOIT
519,57,,,0,0,0,0,common,1.0,0.16216063904726574,0.1598701664087288,0.283596963156436,0.0,0.8856418315689213,0.9262218882361294,,,EXPLOIT
520,57,,,0,0,0,0,common,1.0,0.10540441538072276,0.13509556839452744,0.23013919882372202,0.0,0.8861956673975684,0.9266249668976156,,,EXPLOIT
521,57,,,0,0,0,0,common,1.0,0.06851286999746975,0.12083854199151357,0.18165130017584633,0.0,0.8867387058348966,0.9270196996047013,,,EXPLOIT
522,57,,,0,0,0,0,common,1.0,0.04453336549835529,0.11229851481239399,0.140515919772599,0.0,0.8872712329503386,0.9274063235859749,,,EXPLOIT
523,57,,,0,0,0,0,common,0.0,0.9710533124260691,0.10703966702734834,0.38967713756864,0.0,0.8877935248864929,0.9277850672252707,,,EXPLOIT
524,57,,,0,0,0,0,common,1.0,0.36881534692305507,0.2829935075510745,0.38341860037496445,0.0,0.8883058482864516,0.9281561504704265,,,EXPLOIT
525,57,,,0,0,0,0,common,1.0,0.23972997549998576,0.19979575408165512,0.3403120129124708,0.0,0.8888084606992339,0.9285197852195778,,,EXPLOIT
526,57,,,0,1,1,0,common,0.0,0.026443336337697382,0.15692537117238137,0.24615140994003878,0.0,0.8893016109646247,0.9288761756864095,,,EXPLOIT
527,57,,,0,0,0,0,common,1.0,0.15582448407499072,0.1527064740555481,0.21905333218052436,0.0,0.8897855395786273,0.9292255187456958,,,EXPLOIT
528,57,,,0,0,0,0,common,1.0,0.10128591464874392,0.12976583646502807,0.18372310692099023,0.0,0.8902604790406604,0.929568004260357,,,EXPLOIT
529,57,,,0,1,1,0,common,0.0,0.0171881686195033,0.11651965399452566,0.13376262543054412,0.0,0.8907266541835536,0.929903815391173,,,EXPLOIT
530,57,,,0,1,1,0,common,0.0,0.011172309602677146,0.11439451356197328,0.09698553068218402,0.0,0.8911842824873303,0.9302331288902222,,,EXPLOIT
531,57,,,0,0,0,0,common,0.0,0.9341641554783164,0.11303170770665824,0.3481391181210237,0.0,0.891633574377696,0.9305561153790324,,,EXPLOIT
532,57,,,0,0,0,0,common,1.0,0.3927932989390943,0.2864911077925971,0.36153537236644484,0.0,0.8920747335100969,0.9308729396123626,,,EXPLOIT
533,57,,,0,0,0,0,common,1.0,0.2553156443104113,0.19778199226041146,0.32966945394963476,0.0,0.8925079570401565,0.9311837607284795,,,EXPLOIT
534,57,,,0,0,0,0,common,1.0,0.1659551688017673,0.15279865077647214,0.2805551684052745,0.0,0.892933435881245,0.9314887324867245,,,EXPLOIT
535,57,,,0,0,0,0,common,0.0,0.8921291402788513,0.12846328504588894,0.46402735996734745,0.0,0.8933513549498905,0.9317880034931182,,,EXPLOIT
536,57,,,0,0,0,0,common,1.0,0.4201160588187467,0.30694350849880603,0.45085396962276714,0.0,0.8937618933996969,0.9320817174147021,,,EXPLOIT
537,57,,,0,0,0,0,common,1.0,0.2730754382321854,0.2078867710028937,0.3975204102055926,0.0,0.8941652248443911,0.9323700131832652,,,EXPLOIT
538,57,,,0,0,0,0,common,0.0,0.8225009651490796,0.15807860837400545,0.5250145766886386,0.0,0.890879766590407,0.930013534209804,,,EXPLOIT
539,57,,,0,0,0,0,common,0.0,0.5346256273469017,0.3426958965071848,0.5278978918861175,0.0,0.8874198586289961,0.9275130787969175,,,EXPLOIT
540,57,,,0,0,0,0,common,1.0,0.6524933422245139,0.5060085104764799,0.5652765269876364,0.0,0.8837714170422798,0.9248551745790192,,,EXPLOIT
541,57,,,0,0,0,0,common,1.0,0.4241206724459341,0.3100151522309037,0.5229297706251257,0.0,0.8799188001821087,0.9220246143633736,,,EXPLOIT
542,57,,,0,0,0,0,common,1.0,0.2756784370898572,0.20940128620764029,0.44875437056454515,0.0,0.8805887636080878,0.9225185455399272,,,EXPLOIT
543,57,,,0,0,0,0,common,1.0,0.17919098410840717,0.15886528869380145,0.3678853546277037,0.0,0.881244703823113,0.9230014118049688,,,EXPLOIT
544,57,,,0,0,0,0,common,0.0,0.8835258603295353,0.13184061087690002,0.5225775063382532,0.0,0.8772474504042503,0.9200471951738615,,,EXPLOIT
545,57,,,0,0,0,0,common,1.0,0.425708190785802,0.3112379363677501,0.4935167116725178,0.0,0.8779744580156764,0.9205864204478998,,,EXPLOIT
546,57,,,0,0,0,0,common,1.0,0.27671032401077134,0.21000405372531317,0.42847479537399386,0.0,0.8786857622676147,0.9211131363381172,,,EXPLOIT
547,57,,,0,0,0,0,common,0.0,0.8201382893929986,0.15917805905114155,0.5459738435796953,0.0,0.8745393239126036,0.9180302199349307,,,EXPLOIT
548,57,,,0,0,0,0,common,1.0,0.4669101118945509,0.3439472736867522,0.522254724074152,0.0,0.8701453639707416,0.9147312200362786,,,EXPLOIT
549,57,,,0,0,0,0,common,1.0,0.3034915727314581,0.22612288530300192,0.4566257786713438,0.0,0.8710328005132525,0.9154001043560289,,,EXPLOIT
550,57,,,0,0,0,0,common,1.0,0.1972695222754478,0.16747849475642557,0.378818901752575,0.0,0.8718994947049977,0.9160520423553971,,,EXPLOIT
551,57,,,0,0,0,0,common,1.0,0.12822518947904105,0.13657852272166587,0.3036407880705148,0.0,0.8727461231070637,0.9166876382868626,,,EXPLOIT
552,57,,,0,0,0,0,common,1.0,0.08334637316137672,0.11924871266436955,0.23755246359777335,0.0,0.8735733332925419,0.9173074680949126,,,EXPLOIT
553,57,,,0,1,1,0,common,1.0,0.9927379987582599,0.10905321648769312,0.4641081241459193,0.0,0.8743817453835173,0.9179120810553005,,,EXPLOIT
554,57,,,0,0,0,0,common,1.0,0.05417514255489486,0.29301060732542994,0.34112822966861195,0.0,0.8751719534912794,0.9185020013016909,,,EXPLOIT
555,57,,,0,0,0,0,common,1.0,0.035213842660681616,0.27914408234550286,0.24935391356623285,0.0,0.8759445270667932,0.9190777292486128,,,EXPLOIT
556,57,,,0,0,0,0,common,1.0,0.022888997729443084,0.2703686753382262,0.18141443881519592,0.0,0.8767000121678843,0.9196397429188473,,,EXPLOIT
557,57,,,0,0,0,0,common,1.0,0.014877848524137982,0.26476665483475204,0.13145346172787853,0.0,0.877438932649073,0.9201884991826539,,,EXPLOIT
558,57,,,0,0,0,0,common,1.0,0.00967060154068966,0.2611687633882531,0.09491860367172186,0.0,0.8781617912795062,0.9207244349155911,,,EXPLOIT
559,57,,,0,0,0,0,common,1.0,0.006285891001448274,0.25884855570357446,0.06832878987063978,0.0,0.87886907079401,0.9212479680811045,,,EXPLOIT
560,57,,,0,1,1,0,common,1.0,0.6452796991928689,0.257348222279641,0.2414140626673085,0.0,0.8795612348818822,0.9217594987435229,,,EXPLOIT
561,57,,,0,0,0,0,common,0.0,0.9959141708490586,0.43896663976246586,0.4677640951218335,0.0,0.8802387291176846,0.9222594100166265,,,EXPLOIT
562,57,,,0,0,0,0,common,1.0,0.3526557889481119,0.6843080141572735,0.433231603269717,0.0,0.8809019818379689,0.9227480689525188,,,EXPLOIT
563,57,,,0,0,0,0,common,0.0,0.7707737371837272,0.6257091228334098,0.53449424344392,0.0,0.8768849057878112,0.9197767459608233,,,EXPLOIT
564,57,,,0,0,0,0,common,0.0,0.5010029291694227,0.6806444397650665,0.5244468491615708,0.0,0.8726318451876088,0.916601069915823,,,EXPLOIT
565,57,,,0,0,0,0,common,1.0,0.6743480960398752,0.5783165287442382,0.569417223225062,0.0,0.8681216109533676,0.9131993863720149,,,EXPLOIT
566,57,,,0,0,0,0,common,0.0,0.5616737375740811,0.6924336887516448,0.5670941775297678,0.0,0.8633303992582304,0.909546869537332,,,EXPLOIT
567,57,,,0,1,1,0,common,0.0,0.5805681955246351,0.6082476263857332,0.571136382928228,0.0,0.8582313753596382,0.905614919638013,,,EXPLOIT
568,57,,,0,1,1,0,common,0.0,0.37736932709101284,0.6928456058802455,0.5130062661770635,0.0,0.8527941753252861,0.9013704174356266,,,EXPLOIT
569,57,,,0,1,1,0,common,0.0,0.24529006260915837,0.6652474689855556,0.4326914051066919,0.0,0.8541269816768609,0.902415760529725,,,EXPLOIT
570,57,,,0,0,0,0,common,1.0,0.6349120705768473,0.6152164034413471,0.4933576047477385,0.0,0.855422897434321,0.9034290496031303,,,EXPLOIT
571,57,,,0,0,0,0,common,1.0,0.4126928458749508,0.42783084582514375,0.46915817708590213,0.0,0.8566833705345538,0.9044116878533391,,,EXPLOIT
572,57,,,0,1,1,0,common,1.0,0.8405614593040471,0.30718125925266965,0.5805791617513456,0.0,0.8511413388212599,0.900069099719339,,,EXPLOIT
573,57,,,0,1,1,0,common,1.0,0.5463649485476306,0.5594749815257295,0.5703148977902311,0.0,0.8452157092792978,0.8953629637233327,,,EXPLOIT
574,57,,,0,1,1,0,common,0.0,0.6448627834440401,0.6782734737214684,0.5926792634863738,0.0,0.8388655596649387,0.890245902531221,,,EXPLOIT
575,57,,,0,1,1,0,common,0.0,0.4191608092386261,0.5302273573634126,0.5406237272120494,0.0,0.8320439326790892,0.8846619329523306,,,EXPLOIT
576,57,,,0,0,0,0,common,1.0,0.2682503498187181,0.40018812251489244,0.45891171399405,0.0,0.8340083260786555,0.8862791563959971,,,EXPLOIT
577,57,,,0,0,0,0,common,1.0,0.17436272738216674,0.32202480945209955,0.373547018010485,0.0,0.8359083300059668,0.8878361451682812,,,EXPLOIT
578,57,,,0,0,0,0,common,1.0,0.11333577279840834,0.2761725169112244,0.295483644446862,0.0,0.8377469679146557,0.8893361285997186,,,EXPLOIT
579,57,,,0,0,0,0,common,1.0,0.07366825231896545,0.24881906427379696,0.228939026808493,0.0,0.8395270770660879,0.8907821093602382,,,EXPLOIT
580,57,,,0,0,0,0,common,1.0,0.04788436400732754,0.2321151228550682,0.17462262796814335,0.0,0.84125132264723,0.8921768830043798,,,EXPLOIT
581,57,,,0,0,0,0,common,1.0,0.03112483660476295,0.22171503972276924,0.13157329055912922,0.0,0.8429222106231212,0.8935230555282956,,,EXPLOIT
582,57,,,0,0,0,0,common,1.0,0.020231143793095874,0.2151478660886476,0.09817064652931921,0.0,0.8445420994543196,0.8948230591705651,,,EXPLOIT
583,57,,,0,0,0,0,common,1.0,0.013150243465512301,0.2109603936251067,0.07266452561017714,0.0,0.8461132107945722,0.8960791666584053,,,EXPLOIT
584,57,,,0,0,0,0,common,1.0,0.008547658252582968,0.20827272555526882,0.05342946540289888,0.0,0.8476376392707694,0.8972935040748425,,,EXPLOIT
585,57,,,0,0,0,0,common,1.0,0.00555597786417894,0.20654014966857967,0.0390674191412829,0.0,0.8491173614357386,0.8984680625001157,,,EXPLOIT
586,57,,,0,0,0,0,common,0.0,0.9963886143882836,0.2054200519524248,0.3262637777153831,0.0,0.8505542439743614,0.8996047085614113,,,EXPLOIT
587,57,,,0,1,1,0,common,1.0,0.727545473994893,0.47487430967096295,0.44664828659923606,0.0,0.8519500512346712,0.9007051940085254,,,EXPLOIT
588,57,,,0,1,1,0,common,1.0,0.4729045580966804,0.6649027704018294,0.4545251680484693,0.0,0.8533064521478327,0.9017711644187922,,,EXPLOIT
589,57,,,0,1,1,0,common,0.0,0.6926120372371577,0.6891207631612366,0.5259512288050758,0.0,0.8475322270961202,0.8972093038189245,,,EXPLOIT
590,57,,,0,1,1,0,common,0.0,0.45019782420415255,0.6208555619727987,0.5032252074247988,0.0,0.8413498072732468,0.8922555655762692,,,EXPLOIT
591,57,,,0,0,0,0,common,1.0,0.3523474006476156,0.4928907624511505,0.4579618653916438,0.0,0.8430176699717423,0.8935990195979145,,,EXPLOIT
592,57,,,0,0,0,0,common,1.0,0.22902581042095016,0.383719221012563,0.3892810489004357,0.0,0.844634666207386,0.894896439586842,,,EXPLOIT
593,57,,,0,0,0,0,common,1.0,0.1488667767736176,0.31785355178510666,0.3171567672623902,0.0,0.8462030099968129,0.8961500895036467,,,EXPLOIT
594,57,,,0,0,0,0,common,1.0,0.0967634049028514,0.27875409214970337,0.25103875855452856,0.0,0.8477247888716031,0.8973620873658292,,,EXPLOIT
595,57,,,0,0,0,0,common,0.0,0.9371037868131465,0.25512195706796914,0.45685826703211396,0.0,0.8492019727855955,0.8985344168229737,,,EXPLOIT
596,57,,,0,0,0,0,common,1.0,0.3908825385714547,0.5268451635948066,0.43706554849391616,0.0,0.8506364222799183,0.8996689376474464,,,EXPLOIT
597,57,,,0,0,0,0,common,1.0,0.25407365007144556,0.40542230576285987,0.38216797896717497,0.0,0.8520298959769126,0.9007673952573269,,,EXPLOIT
598,57,,,0,0,0,0,common,1.0,0.1651478725464396,0.3307124823267659,0.31706194704095436,0.0,0.8533840574664344,0.9018314293741525,,,EXPLOIT
599,57,,,0,0,0,0,common,1.0,0.10734611715518572,0.2864321052299612,0.25414719807522373,0.0,0.8547004816412463,0.9028625819058149,,,EXPLOIT
600,57,,,0,0,0,0,common,1.0,0.0697749761508707,0.25980468620484426,0.19883553149791783,0.0,0.8559806605322402,0.9038623041343204,,,EXPLOIT
601,57,,,0,0,0,0,common,1.0,0.0453537344980659,0.24345320977467802,0.15279099239796223,0.0,0.8572260086889628,0.9048319632788991,,,EXPLOIT
602,57,,,0,0,0,0,common,0.0,0.9705200725762572,0.2332342940526059,0.3981097164514507,0.0,0.858437868146249,0.9057728484968863,,,EXPLOIT
603,57,,,0,0,0,0,common,1.0,0.36916195282543285,0.5078071016761359,0.38942538736364535,0.0,0.859617513013639,0.9066861763777792,,,EXPLOIT
604,57,,,0,0,0,0,common,1.0,0.23995526933653133,0.39313692139947687,0.3445843519555111,0.0,0.8607661537205844,0.9075730959797127,,,EXPLOIT
605,57,,,0,0,0,0,common,1.0,0.15597092506874533,0.32342874295724433,0.2880003238894814,0.0,0.8618849409471904,0.9084346934522097,,,EXPLOIT
606,57,,,0,0,0,0,common,0.0,0.8986188987053155,0.28208739679107003,0.4711858963342316,0.0,0.8629749692673397,0.9092719962843189,,,EXPLOIT
607,57,,,0,0,0,0,common,1.0,0.4158977158415449,0.5482951309291203,0.4545994421864255,0.0,0.8640372805284553,0.9100859772130855,,,EXPLOIT
608,57,,,0,0,0,0,common,1.0,0.2703335152970042,0.41971478772952725,0.39931966411959907,0.0,0.8650728669898465,0.9108775578236227,,,EXPLOIT
609,57,,,0,1,1,0,common,0.0,0.2926285857326992,0.33921207807952436,0.3673123406035291,0.0,0.866082674239524,0.9116476118688079,,,EXPLOIT
610,57,,,0,1,1,0,common,0.0,0.19020858072625446,0.26222541838990154,0.3141812126403467,0.0,0.8670676039075121,0.912396968333747,,,EXPLOIT
611,57,,,0,0,0,0,common,1.0,0.17571678494305276,0.21914881908215983,0.2726418843311585,0.0,0.868028516192034,0.913126414267617,,,EXPLOIT
612,57,,,0,0,0,0,common,1.0,0.11421591021298427,0.18437018665677835,0.2251140920957062,0.0,0.8689662322134546,0.9138366974032256,,,EXPLOIT
613,57,,,0,0,0,0,common,1.0,0.07424034163843973,0.16426314980760723,0.17985196695852626,0.0,0.8698815362095281,0.9145285285826286,,,EXPLOIT
614,57,,,0,0,0,0,common,0.0,0.9517437779350142,0.1522021405564513,0.4114195102514726,0.0,0.8707751775842937,0.9152025840053473,,,EXPLOIT
615,57,,,0,0,0,0,common,1.0,0.3813665443422407,0.36954626530128176,0.40240362047870304,0.0,0.8716478728218777,0.915859507314147,,,EXPLOIT
616,57,,,0,0,0,0,common,1.0,0.2478882538224565,0.2661058632931327,0.356049010481829,0.0,0.87250030727548,0.9164999115318999,,,EXPLOIT
617,57,,,0,0,0,0,common,1.0,0.1611273649845968,0.2104668006538985,0.29757251683265934,0.0,0.87333313684094,0.9171243808617945,,,EXPLOIT
618,57,,,0,0,0,0,common,0.0,0.8952672127600121,0.17942620595586464,0.47688092561086515,0.0,0.8741469895234789,0.9177334723620078,,,EXPLOIT
619,57,,,0,0,0,0,common,0.0,0.5819236882940079,0.401065449004738,0.5083937544158079,0.0,0.8697292380665286,0.914413282464396,,,EXPLOIT
620,57,,,0,0,0,0,common,1.0,0.6217496026088949,0.5785560038548909,0.542400508873734,0.0,0.8650391536695188,0.9108513154705802,,,EXPLOIT
621,57,,,0,0,0,0,common,1.0,0.4041372416957817,0.3889807561680948,0.5009215287203483,0.0,0.8600510134055365,0.9070203648630407,,,EXPLOIT
622,57,,,0,0,0,0,common,1.0,0.26268920710225807,0.2765546011565754,0.4294518322349212,0.0,0.8611883483856145,0.9078977058397605,,,EXPLOIT
623,57,,,0,0,0,0,common,1.0,0.17074798461646779,0.21616145492057653,0.35184067794938517,0.0,0.862296245964313,0.9087501149775454,,,EXPLOIT
624,57,,,0,0,0,0,common,1.0,0.11098619000070409,0.18267406028986766,0.2795843315647808,0.0,0.8633757805977951,0.9095785988820383,,,EXPLOIT
625,57,,,0,0,0,0,common,0.0,0.9278589764995423,0.16325973957066747,0.4740667250452092,0.0,0.8644279752175985,0.910384110785586,,,EXPLOIT
626,57,,,0,0,0,0,common,1.0,0.3968916652752975,0.3827529679203597,0.4509142071142357,0.0,0.8654538042838381,0.9111675540395077,,,EXPLOIT
627,57,,,0,0,0,0,common,1.0,0.25797958242894337,0.2732001059155393,0.3930338197086479,0.0,0.8664541966238322,0.9119297853356927,,,EXPLOIT
628,57,,,0,0,0,0,common,1.0,0.16768672857881317,0.21433664169772895,0.3254296923696975,0.0,0.8674300380735399,0.9126716176816922,,,EXPLOIT
629,57,,,0,0,0,0,common,1.0,0.1089963735762286,0.18163543268902022,0.2604996967316568,0.0,0.8683821739376075,0.9133938231510312,,,EXPLOIT
630,57,,,0,0,0,0,common,1.0,0.07084764282454858,0.16264410472181368,0.2036040805595243,0.0,0.869311411282394,0.9140971354283094,,,EXPLOIT
631,57,,,0,0,0,0,common,1.0,0.046050967835956635,0.15121401132557954,0.156338146742454,0.0,0.8702185210750547,0.9147822521667341,,,EXPLOIT
632,57,,,0,0,0,0,common,1.0,0.029933129093371758,0.14415682647176375,0.11841664144772933,0.0,0.8711042401806076,0.9154498371740173,,,EXPLOIT
633,57,,,0,0,0,0,common,1.0,0.019456533910691687,0.13972288092471816,0.08872860918661803,0.0,0.8719692732278643,0.9161005224410388,,,EXPLOIT
634,57,,,0,0,0,0,common,1.0,0.012646747041949569,0.1369043870610139,0.06590405054321748,0.0,0.8728142943541584,0.9167349100263174,,,EXPLOIT
635,57,,,0,0,0,0,common,1.0,0.00822038557726723,0.13509889845053502,0.0485989510534324,0.0,0.8736399488379613,0.9173535738081013,,,EXPLOIT
636,57,,,0,0,0,0,common,1.0,0.005343250625223672,0.13393645028870793,0.035622240924969774,0.0,0.8744468546277021,0.9179570611148091,,,EXPLOIT
637,57,,,0,0,0,0,common,1.0,0.0034731129063954036,0.13318553194198776,0.025977502519397462,0.0,0.8752356037744041,0.9185458942435548,,,EXPLOIT
638,57,,,0,0,0,0,common,1.0,0.002257523389156968,0.13269940245040107,0.018861508780325314,0.0,0.8760067637751303,0.9191205718756233,,,EXPLOIT
639,57,,,0,0,0,0,common,1.0,0.001467390202952057,0.13238424762492043,0.013643273207113336,0.0,0.8767608788336472,0.9196815703969627,,,EXPLOIT
640,57,,,0,0,0,0,common,1.0,0.0009538036319188814,0.13217974686459782,0.009836432334555,0.0,0.8774984710441953,0.9202293451310442,,,EXPLOIT
641,57,,,0,0,0,0,common,1.0,0.0006199723607472896,0.13204696904972066,0.007071494342412685,0.0,0.878220041503788,0.9207643314908034,,,EXPLOIT
642,57,,,0,0,0,0,common,0.0,0.9995970179655143,0.13196072582517035,0.3048291514293432,0.0,0.8789260713580174,0.9212869460557919,,,EXPLOIT
643,57,,,0,0,0,0,common,0.0,0.6497380616775843,0.3437233477367298,0.4083018245038155,0.0,0.8796170227849627,0.9217975875801412,,,EXPLOIT
644,57,,,0,0,0,0,common,1.0,0.5776702599095702,0.5421669050481996,0.45911235512554194,0.0,0.8802933399214313,0.9222966379364713,,,EXPLOIT
645,57,,,0,0,0,0,common,1.0,0.3754856689412207,0.3645960869110728,0.4340243492702456,0.0,0.8809554497354402,0.9227844630004411,,,EXPLOIT
646,57,,,0,0,0,0,common,1.0,0.24406568481179347,0.2634520495556372,0.37703674993270997,0.0,0.8816037628485381,0.9232614134802526,,,EXPLOIT
647,57,,,0,0,0,0,common,0.0,0.8413573048723342,0.20901520000116433,0.5163329164145972,0.0,0.8776272246294378,0.9203247010531834,,,EXPLOIT
648,57,,,0,0,0,0,common,1.0,0.45311775183298275,0.4319346989232332,0.4973683670401129,0.0,0.878346012445843,0.9208574737229245,,,EXPLOIT
649,57,,,0,1,1,0,common,0.0,0.12363557747206541,0.29994563696319454,0.3852485301696986,0.0,0.8790493427411235,0.9213779462559075,,,EXPLOIT
650,57,,,0,1,1,0,common,1.0,0.9196368746431575,0.2684578421947689,0.5455650335117362,0.0,0.8749242669064765,0.9183132455727699,,,EXPLOIT
651,57,,,0,1,1,0,common,0.0,0.40223603148194764,0.5382830782517822,0.5025663329027996,0.0,0.8705535878549046,0.9150343918214706,,,EXPLOIT
652,57,,,0,1,1,0,common,0.0,0.261453420463266,0.4135604803822432,0.43023245917093955,0.0,0.8714314581756664,0.9156955727053431,,,EXPLOIT
653,57,,,0,1,1,0,common,0.0,0.16994472330112287,0.3360829451182381,0.35214613840999454,0.0,0.8722888990691477,0.9163400828286061,,,EXPLOIT
654,57,,,0,0,0,0,common,0.0,0.7054734613085611,0.2901191565115994,0.4581443352795645,0.0,0.8731265736501901,0.9169685134931318,,,EXPLOIT
655,57,,,0,1,1,0,common,0.0,0.11046407014572987,0.4990532661488097,0.3538402557394141,0.0,0.8739451167606082,0.9175814284450977,,,EXPLOIT
656,57,,,0,1,1,0,common,1.0,0.9281983544052755,0.46452632323871945,0.5261476853391724,0.0,0.869515098532319,0.9142503548510266,,,EXPLOIT
657,57,,,0,1,1,0,common,0.0,0.39667106963657084,0.6855455354760712,0.48730470062839193,0.0,0.8704173870853246,0.9149315342513165,,,EXPLOIT
658,57,,,0,1,1,0,common,0.0,0.25783619526377105,0.6186265494736234,0.41846414901900564,0.0,0.8712984444310204,0.915595324508081,,,EXPLOIT
659,57,,,0,1,1,0,common,0.0,0.16759352692145119,0.5487253816403704,0.3432029623897393,0.0,0.8721589682681282,0.91624235082801,,,EXPLOIT
660,57,,,0,1,1,0,common,0.0,0.10893579249894328,0.4976958798026234,0.27292281142250047,0.0,0.8729996261764842,0.9168732088843355,,,EXPLOIT
661,57,,,0,0,0,0,common,1.0,0.5414422501494353,0.4636367748470223,0.3534786430405809,0.0,0.8738210572258691,0.9174884665411055,,,EXPLOIT
662,57,,,0,0,0,0,common,1.0,0.351937462597133,0.30341362500152086,0.3530162889075465,0.0,0.8746238734827945,0.9180886654580375,,,EXPLOIT
663,57,,,0,0,0,0,common,1.0,0.22875935068813646,0.21927894759859642,0.31573920744172346,0.0,0.8754086614227155,0.9186743225854983,,,EXPLOIT
664,57,,,0,0,0,0,common,0.0,0.8513064220527113,0.1749024629430851,0.4764093718250198,0.0,0.8761759832545242,0.919245931558281,,,EXPLOIT
665,57,,,0,1,1,0,common,0.0,0.07080826512431312,0.38012772331344485,0.35472903981480775,0.0,0.8769263781636156,0.9198039639960869,,,EXPLOIT
666,57,,,0,0,0,0,common,1.0,0.44665082566573755,0.35920614805423673,0.3823055755700867,0.0,0.8776603634793061,0.9203488707179143,,,EXPLOIT
667,57,,,0,0,0,0,common,0.0,0.7096769633172706,0.24238643543497382,0.48051699189424185,0.0,0.8783784357719217,0.9208810828769335,,,EXPLOIT
668,57,,,0,0,0,0,common,1.0,0.5387099738437741,0.4390391180034334,0.4979748864791015,0.0,0.8790810718844515,0.9214010130218552,,,EXPLOIT
669,57,,,0,0,0,0,common,1.0,0.3501614829984532,0.28366811173685147,0.453630865434907,0.0,0.8797687299032729,0.9219090560902867,,,EXPLOIT
670,57,,,0,0,0,0,common,1.0,0.22760496394899454,0.20402388833909355,0.3858230949891332,0.0,0.880441850072106,0.9224055903391104,,,EXPLOIT
671,57,,,0,0,0,0,common,1.0,0.14794322656684644,0.16239969290131667,0.31445913446244717,0.0,0.8811008556530336,0.9228909782164874,,,EXPLOIT
672,57,,,0,0,0,0,common,0.0,0.9038369027315498,0.13934600989137408,0.49127246494317794,0.0,0.8817461537381306,0.9233655671797228,,,EXPLOIT
673,57,,,0,0,0,0,common,0.0,0.5874939867755073,0.331315702676049,0.5201389214928768,0.0,0.8777778156489942,0.9204358520265162,,,EXPLOIT
674,57,,,0,1,1,0,common,1.0,0.9539746276691965,0.509893282512861,0.6502896333457726,0.0,0.873577789797497,0.9173060985791024,,,EXPLOIT
675,57,,,0,1,1,0,common,0.0,0.3799164920150223,0.6931395395007851,0.5691776909465475,0.0,0.8691254073719317,0.9139552702413589,,,EXPLOIT
676,57,,,0,1,1,0,common,0.0,0.2469457198097645,0.6580215202168813,0.47250809960551254,0.0,0.8700369289786775,0.9146440410403766,,,EXPLOIT
677,57,,,0,1,1,0,common,0.0,0.16051471787634694,0.6039812310720385,0.3789100850867629,0.0,0.8709269136248231,0.9153151474426742,,,EXPLOIT
678,57,,,0,1,1,0,common,0.0,0.10433456661962551,0.5599537307426656,0.29653742954662166,0.0,0.8717960723101302,0.9159692277672762,,,EXPLOIT
679,57,,,0,0,0,0,common,1.0,0.6181289085959202,0.5289585393469822,0.3930148732614112,0.0,0.8726450851995691,0.916606890027823,,,EXPLOIT
680,57,,,0,1,1,0,common,0.0,0.06781746830275659,0.3402297793958345,0.29545565177381483,0.0,0.8734746032779003,0.9172287137107427,,,EXPLOIT
681,57,,,0,1,1,0,common,0.0,0.04408135439679178,0.32127624333415605,0.22004336256070792,0.0,0.8742852498988366,0.9178352514296673,,,EXPLOIT
682,57,,,0,0,0,0,common,1.0,0.40178379058734814,0.309287872573881,0.2745654909687,0.0,0.8750776222365371,0.9184270304660255,,,EXPLOIT
683,57,,,0,0,0,0,common,1.0,0.26115946388177624,0.2134409537265179,0.27054368284262287,0.0,0.8758522926465444,0.919004554204844,,,EXPLOIT
684,57,,,0,1,1,0,common,0.0,0.028652880357914662,0.16451758268376276,0.19797644209721038,0.0,0.8766098099426892,0.9195683034739829,,,EXPLOIT
685,57,,,0,0,0,0,common,1.0,0.16975365152315458,0.15976435750873746,0.18950960492499364,0.0,0.8773507005959508,0.9201187377942931,,,EXPLOIT
686,57,,,0,0,0,0,common,1.0,0.11033987349005048,0.13393058079455136,0.16575868549451067,0.0,0.8780754698607852,0.9206562965475386,,,EXPLOIT
687,57,,,0,0,0,0,common,1.0,0.07172091776853284,0.11915310899954332,0.13754735517671732,0.0,0.8787846028339886,0.9211814000683204,,,EXPLOIT
688,57,,,0,0,0,0,common,1.0,0.046618596549546365,0.1103377615032556,0.11026872758856603,0.0,0.8794785654507635,0.9216944506657136,,,EXPLOIT
689,57,,,0,0,0,0,common,1.0,0.03030208775720511,0.10492432354468481,0.08627873563915775,0.0,0.8801578054222909,0.9221958335798378,,,EXPLOIT
690,57,,,0,0,0,0,common,1.0,0.01969635704218331,0.10153457453108763,0.06630402206006542,0.0,0.8808227531187756,0.9226859178781456,,,EXPLOIT
691,57,,,0,0,0,0,common,1.0,0.012802632077419163,0.09938443243918858,0.05025360506527153,0.0,0.8814738224016306,0.9231650572958162,,,EXPLOIT
692,57,,,0,0,0,0,common,1.0,0.008321710850322406,0.09800895860847551,0.03767403680078679,0.0,0.8821114114081855,0.9236335910242754,,,EXPLOIT
693,57,,,0,0,0,0,common,1.0,0.005409112052709553,0.09712414814288074,0.02799455937636362,0.0,0.8827359032920472,0.9240918444515442,,,EXPLOIT
694,57,,,0,0,0,0,common,1.0,0.003515922834261165,0.09655290168650373,0.02065096841373288,0.0,0.8833476669220119,0.9245401298578105,,,EXPLOIT
695,57,,,0,0,0,0,common,1.0,0.0022853498422698015,0.09618322360584075,0.015141282842293956,0.0,0.8839470575422086,0.9249787470693547,,,EXPLOIT
696,57,,,0,0,0,0,common,0.0,0.9985145226025246,0.09594362041141367,0.31015325477036315,0.0,0.8845344173959625,0.9254079840737085,,,EXPLOIT
697,57,,,0,0,0,0,common,1.0,0.350965560308359,0.26476095052552756,0.32239694643176187,0.0,0.88511007631568,0.9258281175987013,,,EXPLOIT
698,57,,,0,0,0,0,common,1.0,0.22812761420043337,0.18911069237818925,0.2941161467623633,0.0,0.8856743522808981,0.9262394136578441,,,EXPLOIT
699,57,,,0,0,0,0,common,0.0,0.8517170507697183,0.14997648547396286,0.46139641796456976,0.0,0.8862275519464826,0.9266421280643129,,,EXPLOIT
700,57,,,0,0,0,0,common,0.0,0.553616083000317,0.3365157764783096,0.4890623174752939,0.0,0.8867699711428236,0.9270365069156188,,,EXPLOIT
701,57,,,0,0,0,0,common,0.0,0.35985045395020604,0.505140427399376,0.4502987584177675,0.0,0.8873018953497417,0.9274227870508978,,,EXPLOIT
702,57,,,0,1,1,0,common,1.0,0.9813756277673554,0.6083928606173309,0.6096218192226439,0.0,0.8836469385304503,0.9247591071151654,,,EXPLOIT
703,57,,,0,1,1,0,common,0.0,0.3621058419512189,0.6613249939010488,0.5353670260412164,0.0,0.8797872582109469,0.92192220407807,,,EXPLOIT
704,57,,,0,1,1,0,common,0.0,0.2353687972682923,0.6931428820535162,0.4453675574093392,0.0,0.8804599883265911,0.922418441879932,,,EXPLOIT
705,57,,,0,0,0,0,common,1.0,0.7660972049323661,0.6802228037904738,0.5415864516662472,0.0,0.8764172758298009,0.919424787052234,,,EXPLOIT
706,57,,,0,0,0,0,common,1.0,0.49796318320603794,0.4982065686461227,0.5284994711281844,0.0,0.8721363076561219,0.916224450081993,,,EXPLOIT
707,57,,,0,0,0,0,common,0.0,0.6763239309160753,0.3459842368436579,0.5728468090645517,0.0,0.8675956183466547,0.9127954410333508,,,EXPLOIT
708,57,,,0,0,0,0,common,1.0,0.560389444904551,0.5523812522593478,0.5691095998165514,0.0,0.862771084342798,0.9091125359672215,,,EXPLOIT
709,57,,,0,0,0,0,common,1.0,0.3642531391879582,0.37994297982902087,0.5076526616279734,0.0,0.857635499387726,0.9051466597208776,,,EXPLOIT
710,57,,,0,0,0,0,common,1.0,0.23676454047217288,0.2790146443700306,0.4263862252812332,0.0,0.8588364322180565,0.9060782881025267,,,EXPLOIT
711,57,,,0,0,0,0,common,0.0,0.8461030486930876,0.22373886051821443,0.5523012723047895,0.0,0.8534399325609966,0.9018712536957472,,,EXPLOIT
712,57,,,0,0,0,0,common,1.0,0.45003301834949305,0.45537572076564914,0.5216207961182006,0.0,0.8476749768531693,0.8973178054956347,,,EXPLOIT
713,57,,,0,0,0,0,common,1.0,0.29252146192717055,0.32099820508742266,0.45289099586089154,0.0,0.8491536113205128,0.8984915739046337,,,EXPLOIT
714,57,,,0,0,0,0,common,1.0,0.19013895025266092,0.24683560351460385,0.37406538217842233,0.0,0.8505894512552054,0.8996274667258239,,,EXPLOIT
715,57,,,0,1,1,0,common,0.0,0.15298971822439,0.2057157256988192,0.30774268299221264,0.0,0.8519842585505786,0.9007272334635631,,,EXPLOIT
716,57,,,0,0,0,0,common,1.0,0.12359031766422957,0.17669302278944227,0.2524969733938177,0.0,0.8533396998479243,0.9017925176185713,,,EXPLOIT
717,57,,,0,0,0,0,common,1.0,0.0803337064817492,0.15578036370100334,0.20084799332019715,0.0,0.8546573528893369,0.90282486459811,,,EXPLOIT
718,57,,,0,1,1,0,common,1.0,0.9005566831541465,0.14334020595018188,0.41076060027038197,0.0,0.8559387123687885,0.9038257289282435,,,EXPLOIT
719,57,,,0,1,1,0,common,0.0,0.41463815594980474,0.33800651773918,0.41192386697420874,0.0,0.8571851953270768,0.9047964808389765,,,EXPLOIT
720,57,,,0,0,0,0,common,0.0,0.9477830907868631,0.2329956541003314,0.572681634118005,0.0,0.8516772580580488,0.9004853851509309,,,EXPLOIT
721,57,,,0,0,0,0,common,0.0,0.616059009011461,0.5004284922610017,0.5856948465860418,0.0,0.8457892894205622,0.8958147483160949,,,EXPLOIT
722,57,,,0,0,0,0,common,1.0,0.5995616441425503,0.6600056798027765,0.5898548858529943,0.0,0.8394808824823285,0.8907379026535892,,,EXPLOIT
723,57,,,0,0,0,0,common,1.0,0.3897150686926577,0.5055437823986603,0.5298129407048933,0.0,0.8327056918040747,0.8851997389906677,,,EXPLOIT
724,57,,,0,0,0,0,common,0.0,0.7466852053497725,0.38472768366307786,0.594874620098357,0.0,0.8254103008546569,0.87913470757536,,,EXPLOIT
725,57,,,0,0,0,0,common,1.0,0.5146546165226479,0.6079953502270322,0.5708086190256443,0.0,0.817532819940677,0.8724642226430949,,,EXPLOIT
726,57,,,0,0,0,0,common,0.0,0.6654744992602789,0.4562863616465671,0.5992083830960346,0.0,0.8090011367537074,0.8650932522339734,,,EXPLOIT
727,57,,,0,0,0,0,common,0.0,0.4325584245191813,0.6426796000616494,0.5492133955229787,0.0,0.7997307147964364,0.8569057783967275,,,EXPLOIT
728,57,,,0,1,1,0,common,0.0,0.2695148013673731,0.6928758940367749,0.465303817276297,0.0,0.8028913533404544,0.8597183946392347,,,EXPLOIT
729,57,,,0,1,1,0,common,0.0,0.17518462088879252,0.6711790492538173,0.3782680583600456,0.0,0.8059236266755053,0.8623960487947837,,,EXPLOIT
730,57,,,0,1,1,0,common,0.0,0.11387000357771515,0.6401575792070471,0.2989486419253465,0.0,0.8088350551238285,0.8649481015280405,,,EXPLOIT
731,57,,,0,1,1,0,common,0.0,0.07401550232551485,0.6141685305422072,0.231468700045397,0.0,0.8116325830484541,0.8673830675872064,,,EXPLOIT
732,57,,,0,0,0,0,common,1.0,0.7188370240625321,0.595276854800774,0.3776791972505375,0.0,0.8143226329600923,0.8697087092525287,,,EXPLOIT
733,57,,,0,0,0,0,common,1.0,0.4672440656406459,0.3783308778799509,0.40454865776757,0.0,0.8169111536369799,0.8719321176646564,,,EXPLOIT
734,57,,,0,0,0,0,common,1.0,0.30370864266641984,0.25262401331523915,0.37429665323722494,0.0,0.8194036630165842,0.8740597838279971,,,EXPLOIT
735,57,,,0,0,0,0,common,1.0,0.19741061773317292,0.18844907303574543,0.3212308425860093,0.0,0.8218052865100766,0.8760976607866602,,,EXPLOIT
736,57,,,0,0,0,0,common,0.0,0.8716830984734376,0.15425152755748306,0.48636651935223774,0.0,0.8241207912994903,0.8780512182273615,,,EXPLOIT
737,57,,,0,0,0,0,common,0.0,0.5665940140077345,0.3499637805025355,0.5104347677488867,0.0,0.8161380477911221,0.8712694245756568,,,EXPLOIT
738,57,,,0,0,0,0,common,0.0,0.3682861091050274,0.5236363974499547,0.4677901701557289,0.0,0.8186590593025118,0.8734254226197081,,,EXPLOIT
739,57,,,0,0,0,0,common,1.0,0.7606140290817321,0.6250006815890574,0.5556373278335298,0.0,0.8102225445102957,0.866157634677275,,,EXPLOIT
740,57,,,0,0,0,0,common,1.0,0.49439911890312593,0.4017605238426779,0.5372658651544087,0.0,0.8010598138055305,0.8580908324772705,,,EXPLOIT
741,57,,,0,0,0,0,common,0.0,0.6786405727129681,0.26467735554619987,0.5796782774219764,0.0,0.7910734078046358,0.8490860685286163,,,EXPLOIT
742,57,,,0,0,0,0,common,0.0,0.44111637226342926,0.4589299768277044,0.5381097058744122,0.0,0.780147611983767,0.8389701962204689,,,EXPLOIT
743,57,,,0,0,0,0,common,1.0,0.713274358028771,0.5910433026471599,0.5906591015207199,0.0,0.7681439724553049,0.827524658142234,,,EXPLOIT
744,57,,,0,0,0,0,common,1.0,0.4636283327187012,0.37525261763757084,0.5525498708801142,0.0,0.7548954216358846,0.8144695542125872,,,EXPLOIT
745,57,,,0,0,0,0,common,0.0,0.6986415837328442,0.2510490133330287,0.5963773847359332,0.0,0.7401984836594899,0.7994404962250431,,,EXPLOIT
746,57,,,0,0,0,0,common,1.0,0.5458829705736512,0.44730103883740147,0.5812290604872485,0.0,0.7238027850095095,0.7819541272868795,,,EXPLOIT
747,57,,,0,0,0,0,common,0.0,0.6451760691271267,0.28860370567307236,0.6004131630792119,0.0,0.7053967169830349,0.7613552541733528,,,EXPLOIT
748,57,,,0,0,0,0,common,1.0,0.5806355550673676,0.47840256470091547,0.5944798806756586,0.0,0.6845874956769515,0.7367330374732202,,,EXPLOIT
749,57,,,0,1,1,0,common,0.0,0.04811007651158465,0.30552707176208865,0.43056893942643637,0.0,0.6940723616261599,0.748138837716674,,,EXPLOIT
750,57,,,0,1,1,0,common,1.0,0.96872845026747,0.2928540570836138,0.5920167926787464,0.0,0.6717069894954374,0.7207278869400663,,,EXPLOIT
751,57,,,0,0,0,0,common,1.0,0.37741311079378903,0.580421140554024,0.5276356881132591,0.0,0.6460927116789678,0.687004064931353,,,EXPLOIT
752,57,,,0,0,0,0,common,1.0,0.24531852201596283,0.4666764988010901,0.4429405382840702,0.0,0.6583932689114125,0.7035262916189232,,,EXPLOIT
753,57,,,0,0,0,0,common,1.0,0.1594570393103758,0.3907158098879857,0.35789548859196185,0.0,0.669756573700243,0.7182503799058775,,,EXPLOIT
754,57,,,0,0,0,0,common,1.0,0.10364707555174424,0.3437853706087621,0.28162096467989656,0.0,0.6802853046816989,0.7314540895340561,,,EXPLOIT
755,57,,,0,0,0,0,common,1.0,0.06737059910863374,0.3148958947078426,0.2173458550085177,0.0,0.6900676710090323,0.7433607743264731,,,EXPLOIT
756,57,,,0,0,0,0,common,1.0,0.043790889420611934,0.2969060268224677,0.16527936533214596,0.0,0.699179874429628,0.7541520812349383,,,EXPLOIT
757,57,,,0,0,0,0,common,1.0,0.028464078123397796,0.2855661675542173,0.1242347791695215,0.0,0.707688085181235,0.7639772510823121,,,EXPLOIT
758,57,,,0,0,0,0,common,1.0,0.0185016507802086,0.2783488930802116,0.09251484065272762,0.0,0.7156500401444028,0.7729600366637174,,,EXPLOIT
759,57,,,0,0,0,0,common,1.0,0.01202607300713554,0.27372351782986165,0.06836821035905,0.0,0.7231163449009826,0.7812039211562302,,,EXPLOIT
760,57,,,0,0,0,0,common,1.0,0.007816947454638123,0.2707450675778066,0.05020283148772643,0.0,0.7301315417827371,0.7887961048642419,,,EXPLOIT
761,57,,,0,0,0,0,common,1.0,0.005081015845514791,0.2688209774048921,0.03666628679506293,0.0,0.736734991549533,0.7958105866153822,,,EXPLOIT
762,57,,,0,0,0,0,common,1.0,0.003302660299584592,0.26757536129417153,0.02665719884641943,0.0,0.7429616055659533,0.8023105709213372,,,EXPLOIT
763,57,,,0,0,0,0,common,1.0,0.0021467291947300238,0.26676784484074745,0.01930405795091261,0.0,0.7488424572387173,0.808350366963963,,,EXPLOIT
764,57,,,0,0,0,0,common,1.0,0.001395373976574521,0.26624386171154757,0.013931452758611181,0.0,0.7544052953224024,0.8139769003132459,,,EXPLOIT
765,57,,,0,0,0,0,common,1.0,0.0009069930847734886,0.26590365426411344,0.010024114856459872,0.0,0.7596749769891815,0.819230926488378,,,EXPLOIT
766,57,,,0,0,0,0,common,1.0,0.0005895455051028176,0.26568268071185513,0.007193744051052755,0.0,0.7646738349232396,0.8241480127850728,,,EXPLOIT
767,57,,,0,0,0,0,common,1.0,0.0003832045783168647,0.26553911606585673,0.005150582209231988,0.0,0.769421989875565,0.8287593384022283,,,EXPLOIT
768,57,,,0,0,0,0,common,1.0,0.0002490829759059787,0.26544582784987053,0.003680132439234185,0.0,0.7739376179042,0.833092350924686,,,EXPLOIT
769,57,,,0,0,0,0,common,1.0,0.00016190393433890282,0.2653852026805155,0.0026246638877656004,0.0,0.7782371797838239,0.8371713083739025,,,EXPLOIT
770,57,,,0,0,0,0,common,1.0,0.00010523755732028128,0.26534580146307607,0.0018688359886320045,0.0,0.7823356186885404,0.8410177294407606,,,EXPLOIT
771,57,,,0,0,0,0,common,1.0,6.840441225819394e-05,0.26532019284461006,0.0013287065157198614,0.0,0.7862465311515655,0.8446507695474991,,,EXPLOIT
772,57,,,0,0,0,0,common,1.0,4.44628679677761e-05,0.2653035481606731,0.0009434334213942357,0.0,0.7899823154235069,0.8480875366131224,,,EXPLOIT
773,57,,,0,1,1,0,common,1.0,0.6296734926738554,0.26529272950400473,0.18956245119713258,0.0,0.7935543006400532,0.8513433575077619,,,EXPLOIT
774,57,,,0,0,0,0,common,1.0,2.8900864179060015e-05,0.44439661392306934,0.13270238609724652,0.0,0.7969728596340407,0.8544320039521115,,,EXPLOIT
775,57,,,0,0,0,0,common,1.0,1.8785561716416765e-05,0.44438758308759885,0.09289730593658749,0.0,0.8002475077581311,0.8573658848850841,,,EXPLOIT
776,57,,,0,0,0,0,common,1.0,1.2210615115693102e-05,0.44438171305697094,0.06503177734014595,0.0,0.8033869897010131,0.8601562109664042,,,EXPLOIT
777,57,,,0,0,0,0,common,0.0,0.9999920631001749,0.4443778975423148,0.34551986306815463,0.0,0.8063993559652007,0.8628131358121948,,,EXPLOIT
778,57,,,0,0,0,0,common,1.0,0.35000515898488627,0.6861674223410261,0.3468654518431741,0.0,0.8092920304148029,0.8653458777144653,,,EXPLOIT
779,57,,,0,0,0,0,common,0.0,0.7724966466598239,0.6311811222670224,0.474554810288169,0.0,0.8120718700865542,0.8677628249198898,,,EXPLOIT
780,57,,,0,0,0,0,common,0.0,0.5021228203288856,0.6776939909710724,0.48282521330038397,0.0,0.814745218278576,0.870071627001599,,,EXPLOIT
781,57,,,0,0,0,0,common,0.0,0.3263798332137756,0.5707644435665292,0.4358915992744014,0.0,0.8173179517821109,0.8722792744210655,,,EXPLOIT
782,57,,,0,0,0,0,common,1.0,0.7878531084110458,0.4718603811532796,0.5414800520153947,0.0,0.8087680498566693,0.8648883633617233,,,EXPLOIT
783,57,,,0,1,1,0,common,0.0,0.5907122297619939,0.672443367853057,0.5562497053393745,0.0,0.7994770031796639,0.8566775532740106,,,EXPLOIT
784,57,,,0,1,1,0,common,1.0,0.6160370506547039,0.6720011678118871,0.5741859089339733,0.0,0.7893446118497981,0.8475028916499303,,,EXPLOIT
785,57,,,0,1,1,0,common,0.0,0.5995759170744425,0.6688108842353462,0.5818029113761141,0.0,0.778251761843965,0.8371846325174925,,,EXPLOIT
786,57,,,0,1,1,0,common,1.0,0.6102756539016124,0.6742373056433035,0.5903447341337635,0.0,0.7660557410786722,0.8254953740794595,,,EXPLOIT
787,57,,,0,1,1,0,common,0.0,0.6033208249639519,0.6671947258070511,0.59423756138282,0.0,0.7525840910086355,0.8121431438766835,,,EXPLOIT
788,57,,,0,1,1,0,common,0.0,0.3921585362265687,0.6751466945061964,0.5336138538359446,0.0,0.7376264302104285,0.7967467289959853,,,EXPLOIT
789,57,,,0,1,1,0,common,0.0,0.25490304854726964,0.5953225518310102,0.45000061224934207,0.0,0.743802972659293,0.8031794517619443,,,EXPLOIT
790,57,,,0,0,0,0,common,1.0,0.5121045204671798,0.5218632230216335,0.46863178471469336,0.0,0.7496378169461548,0.8091589438722785,,,EXPLOIT
791,57,,,0,0,0,0,common,1.0,0.3328679383036669,0.36412098205236343,0.42790263079138535,0.0,0.7551582836418825,0.8147312033966181,,,EXPLOIT
792,57,,,0,0,0,0,common,1.0,0.21636415989738345,0.27350947818750204,0.36444108952318477,0.0,0.7603888566753539,0.819936207910887,,,EXPLOIT
793,57,,,0,0,0,0,common,1.0,0.1406367039332992,0.22339336756417633,0.2972997738462191,0.0,0.7653515421806306,0.8248088682921065,,,EXPLOIT
794,57,,,0,0,0,0,common,1.0,0.09141385755664444,0.19474580181510942,0.23553399895934668,0.0,0.7700661742135351,0.829379806756448,,,EXPLOIT
795,57,,,0,0,0,0,common,0.0,0.9405809925881811,0.17775067691847124,0.447048097047997,0.0,0.7745506762941617,0.8336759957993698,,,EXPLOIT
796,57,,,0,0,0,0,common,1.0,0.38862235481768237,0.41209158383354827,0.42952037437890256,0.0,0.7788212860468822,0.8377212862110018,,,EXPLOIT
797,57,,,0,0,0,0,common,1.0,0.2526045306314936,0.30004319869031726,0.37644562125467984,0.0,0.7828927488728564,0.8415368460019101,,,EXPLOIT
798,57,,,0,1,1,0,common,0.0,0.16568698155572525,0.23819680565022613,0.31321802934499343,0.0,0.7867784855236789,0.8451415272965381,,,EXPLOIT
799,57,,,0,0,0,0,common,0.0,0.8358070550895291,0.2030305555332381,0.46999473706835415,0.0,0.7904907375892168,0.8485521746186169,,,EXPLOIT
800,57,,,0,0,0,0,common,1.0,0.456725414191806,0.42100450189381156,0.46601394020538967,0.0,0.7940406942226499,0.8517838852077645,,,EXPLOIT
801,57,,,0,0,0,0,common,1.0,0.2968715192246739,0.28980737142291046,0.4152712139111749,0.0,0.7974386028663354,0.8548502298550282,,,EXPLOIT
802,57,,,0,0,0,0,common,1.0,0.19296648749603806,0.21994208055757258,0.3485797959866338,0.0,0.8006938662865012,0.8577634410710363,,,EXPLOIT
803,57,,,0,0,0,0,common,0.0,0.8745717831275752,0.1818922120645606,0.5063773921289162,0.0,0.790673805378649,0.848719467940884,,,EXPLOIT
804,57,,,0,0,0,0,common,1.0,0.43152834096707604,0.39889988698213175,0.48392267678036416,0.0,0.7942158456478358,0.8519425181936501,,,EXPLOIT
805,57,,,0,0,0,0,common,1.0,0.28049342162859947,0.27789072615052396,0.4228939002348347,0.0,0.7976063322398476,0.8550008505742802,,,EXPLOIT
806,57,,,0,0,0,0,common,1.0,0.18232072405858968,0.21356233773410244,0.35072194738196116,0.0,0.8008546276194057,0.8579066345175933,,,EXPLOIT
807,57,,,0,0,0,0,common,1.0,0.11850847063808334,0.17831368389783925,0.2810579043587978,0.0,0.8039693388790984,0.8606708696722964,,,EXPLOIT
808,57,,,0,0,0,0,common,0.0,0.9229694940852459,0.1580628372967186,0.4736313812767322,0.0,0.8069583924178392,0.8633035231635926,,,EXPLOIT
809,57,,,0,0,0,0,common,0.0,0.5999301711554098,0.37188329365353195,0.5115210182403355,0.0,0.7975064160540813,0.8549110306412997,,,EXPLOIT
810,57,,,0,0,0,0,common,1.0,0.6100453887489836,0.5560308324935797,0.5410783293929299,0.0,0.7871907469370324,0.8455216612166543,,,EXPLOIT
811,57,,,0,0,0,0,common,1.0,0.3965295026868394,0.3688912938201325,0.4977136813811027,0.0,0.7908848092114058,0.8489121409364963,,,EXPLOIT
812,57,,,0,0,0,0,common,0.0,0.7422558232535543,0.2618913580800957,0.5710763239428381,0.0,0.7799408527311986,0.8387741376864429,,,EXPLOIT
813,57,,,0,0,0,0,common,1.0,0.5175337148851897,0.47525760889554136,0.5550135412255436,0.0,0.767916309406324,0.8273019713969287,,,EXPLOIT
814,57,,,0,0,0,0,common,0.0,0.6636030853246268,0.3198859780463643,0.5875904044552686,0.0,0.7546435300457585,0.8142144354953829,,,EXPLOIT
815,57,,,0,0,0,0,common,1.0,0.5686579945389926,0.5206077572446801,0.5819106814803857,0.0,0.739918294447146,0.7991453239545552,,,EXPLOIT
816,57,,,0,0,0,0,common,1.0,0.3696276964503452,0.34652312185726314,0.5182257859713736,0.0,0.7234892641710218,0.7816086903448279,,,EXPLOIT
817,57,,,0,0,0,0,common,1.0,0.24025800269272435,0.2500381778495081,0.43483545098777876,0.0,0.730482277632353,0.7891695295763106,,,EXPLOIT
818,57,,,0,0,0,0,common,0.0,0.8438322982497292,0.19850068940000223,0.5575345051663638,0.0,0.7129099653582263,0.7698883188711921,,,EXPLOIT
819,57,,,0,0,0,0,common,0.0,0.5484909938623239,0.41640064261399307,0.5548214517751519,0.0,0.6931004899746774,0.7469801305448829,,,EXPLOIT
820,57,,,0,0,0,0,common,1.0,0.6434808539894894,0.5831278893634673,0.5814192724394531,0.0,0.6705987949201341,0.7193168546092152,,,EXPLOIT
821,57,,,0,0,0,0,common,1.0,0.41826255509316823,0.387418179337725,0.5324722572355676,0.0,0.6448174316925294,0.6852484273868719,,,EXPLOIT
822,57,,,0,0,0,0,common,1.0,0.27187066081055933,0.27175005276359354,0.4542917783080651,0.0,0.6572171666835414,0.7019674090808515,,,EXPLOIT
823,57,,,0,0,0,0,common,1.0,0.17671592952686355,0.2102615702918511,0.3710190236737046,0.0,0.6686685669146614,0.7168570055842252,,,EXPLOIT
824,57,,,0,0,0,0,common,0.0,0.8851346458075386,0.1764529874109124,0.5252537103138548,0.0,0.642594794891427,0.6821831746711753,,,EXPLOIT
825,57,,,0,0,0,0,common,1.0,0.4246624802250998,0.39294232990887346,0.49507634128722827,0.0,0.6551682823168392,0.6992482879606201,,,EXPLOIT
826,57,,,0,0,0,0,common,1.0,0.27603061214631486,0.2747009818892452,0.4293626225449542,0.0,0.6667739212731183,0.7144286496859146,,,EXPLOIT
827,57,,,0,0,0,0,common,0.0,0.8205801021048953,0.2118489984922055,0.5467278664129365,0.0,0.6404114198965438,0.6791513493331628,,,EXPLOIT
828,57,,,0,0,0,0,common,0.0,0.5333770663681819,0.42977267464772084,0.5427226263995101,0.0,0.6098545111585378,0.6344450676311739,,,EXPLOIT
829,57,,,0,0,0,0,common,1.0,0.6533049068606818,0.5907496883771783,0.5758973105378615,0.0,0.5740176174022334,0.5759497894061129,,,EXPLOIT
830,57,,,0,0,0,0,common,0.0,0.5753518105405568,0.39292996272851605,0.5757336605386701,0.0,0.5314051723018399,0.4961275362388733,,,EXPLORE
831,57,,,0,1,1,0,common,0.0,0.10769653801122142,0.569183743026835,0.4353225237804355,0.0,0.5541087625151639,0.540183987777295,,,EXPLORE
832,57,,,0,0,0,0,common,1.0,0.626021323148638,0.5376498481380196,0.49253216359089624,0.0,0.5745174016323608,0.5768154215087418,,,EXPLOIT
833,57,,,0,0,0,0,common,0.0,0.5930861399533853,0.34618946386527905,0.5226983564996429,0.0,0.5320038375995535,0.4973370725590311,,,EXPLORE
834,57,,,0,0,0,0,common,1.0,0.6144940090302995,0.5277011038168538,0.5502370522588399,0.0,0.48062793125642256,0.3825295397516898,,,EXPLORE
835,57,,,0,0,0,0,common,1.0,0.3994211058696947,0.340085923885983,0.5049922683420963,0.0,0.41729965378245165,0.20211634824929384,,,EXPLORE
836,57,,,0,1,1,0,common,1.0,0.9299972502927061,0.23803373444054365,0.6324937629272792,0.0,0.33730353137188857,0.09090909090909093,,,EXPLORE
837,57,,,0,1,1,0,common,0.0,0.395501787309741,0.5019092786832331,0.5613961702420177,0.0,0.23306801971685187,0.09090909090909093,,,EXPLORE
838,57,,,0,1,1,0,common,1.0,0.7429238382486684,0.379479237598191,0.6158544706440129,0.0,0.09161732552855228,0.09090909090909093,,,EXPLORE
839,57,,,0,0,0,0,common,1.0,0.25962371881530155,0.6025711251657201,0.5089852450953994,0.0,0.09090909090909093,0.09090909090909093,,,EXPLORE
840,57,,,0,0,0,0,common,0.0,0.831244582770054,0.528879260491518,0.6056630463977958,0.0,0.09090909090909093,0.09090909090909093,,,EXPLORE
841,57,,,0,0,0,0,common,1.0,0.4596910211994649,0.6920709806171994,0.5618714388382965,0.0,0.09090909090909093,0.09090909090909093,,,EXPLORE
842,57,,,0,1,1,0,common,0.0,0.5170995051383656,0.6296938306169694,0.5484398587283172,0.0,0.09090909090909093,0.09090909090909093,,,EXPLORE
843,57,,,0,1,1,0,common,0.0,0.33611467833993763,0.4839159646338299,0.48474230461180334,0.0,0.17965545529122232,0.23017705927636645,,,EXPLORE
844,57,,,0,0,0,0,common,1.0,0.2987991637796522,0.37996933261664767,0.428959362362158,0.0,0.25195053896963665,0.33155527035247095,,,EXPLORE
845,57,,,0,1,1,0,common,0.0,0.21847454092095947,0.2958409759183919,0.3658139159297984,0.0,0.31197800201026266,0.40865139461585376,,,EXPLORE
846,57,,,0,0,0,0,common,1.0,0.19421945645677396,0.24230789638011624,0.31433557808789103,0.0,0.3626137856372424,0.46925370836719743,,,EXPLORE
847,57,,,0,0,0,0,common,1.0,0.1262426466969031,0.20096682429080592,0.25790769867059465,0.0,0.4059000327452924,0.5181414926281387,,,EXPLOIT
848,57,,,0,0,0,0,common,1.0,0.08205772035298697,0.17721934357778063,0.20515270517531234,0.0,0.4433268371345312,0.5584101936095955,,,EXPLOIT
849,57,,,0,0,0,0,common,1.0,0.05333751822944155,0.16305454726727364,0.1596081490915511,0.0,0.4760069778008542,0.5921529537657815,,,EXPLOIT
850,57,,,0,0,0,0,common,1.0,0.03466938684913701,0.1543655685570261,0.12212652041882688,0.0,0.5047882362938754,0.6208359130085537,,,EXPLOIT
851,57,,,0,1,1,0,common,0.0,0.14200845159862366,0.14893076107350395,0.1280910997727659,0.0,0.5303278475182935,0.6455166258956538,,,EXPLOIT
852,57,,,0,0,0,0,common,1.0,0.022535101451939044,0.1283498932047399,0.09642430027651783,0.0,0.5531431856165939,0.6669771225069359,,,EXPLOIT
853,57,,,0,0,0,0,common,1.0,0.014647815943760412,0.12532275861137865,0.0718913549766906,0.0,0.5736470880232013,0.6858081495669813,,,EXPLOIT
854,57,,,0,0,0,0,common,1.0,0.009521080363444234,0.12338890121858317,0.05318027259271668,0.0,0.5921729883276855,0.7024642847715783,,,EXPLOIT
855,57,,,0,0,0,0,common,1.0,0.006188702236238797,0.12214602060463778,0.03908280148577331,0.0,0.6089931308257707,0.7173010333450142,,,EXPLOIT
856,57,,,0,0,0,0,common,0.0,0.9959773435464447,0.12134407666871432,0.3261511641039747,0.0,0.6243319910980096,0.7306004237646555,,,EXPLOIT
857,57,,,0,0,0,0,common,1.0,0.352614726694811,0.32053431747985484,0.3340902328812256,0.0,0.6383763127966292,0.7425890580670904,,,EXPLOIT
858,57,,,0,0,0,0,common,1.0,0.22919957235162713,0.23285220127221948,0.30262303472234603,0.0,0.6512827158657106,0.7534510902583895,,,EXPLOIT
859,57,,,0,1,1,0,common,0.0,0.09230549353910539,0.1861874762755778,0.23952777236737383,0.0,0.6631835351894628,0.763337721105509,,,EXPLOIT
860,57,,,0,0,0,0,common,0.0,0.8510202779714424,0.169655858358009,0.4229755240485944,0.0,0.6741913519251206,0.7723742534998811,,,EXPLOIT
861,57,,,0,0,0,0,common,1.0,0.44683681931856234,0.37109548031939465,0.4301339126295848,0.0,0.6844025467383026,0.7806654095703525,,,EXPLOIT
862,57,,,0,0,0,0,common,1.0,0.2904439325570656,0.2517008888525574,0.388226918607829,0.0,0.6939001126991532,0.7882993894728533,,,EXPLOIT
863,57,,,0,0,0,0,common,1.0,0.18878855616209267,0.19020835998663704,0.32839540987410804,0.0,0.7027559017630366,0.7953510060940612,,,EXPLOIT
864,57,,,0,0,0,0,common,0.0,0.8772874384946397,0.15712990386990164,0.49306301846026757,0.0,0.7110324335798719,0.8018841321522703,,,EXPLOIT
865,57,,,0,0,0,0,common,1.0,0.4297631649784841,0.35678122530988504,0.4740730624157325,0.0,0.7187843629845116,0.807953629454032,,,EXPLOIT
866,57,,,0,0,0,0,common,1.0,0.2793460572360147,0.24434527200332068,0.4156549608618171,0.0,0.7260596790176933,0.8136068837988685,,,EXPLOIT
867,57,,,0,0,0,0,common,1.0,0.18157493720340956,0.18634071342170774,0.34543095376429483,0.0,0.7329006910829777,0.8188850364764139,,,EXPLOIT
868,57,,,0,0,0,0,common,1.0,0.11802370918221627,0.15497797023075707,0.2772087803896713,0.0,0.7393448450610686,0.8238239800953084,,,EXPLOIT
869,57,,,0,0,0,0,common,1.0,0.07671541096844059,0.13708157231450083,0.21706076956330206,0.0,0.7454254026330255,0.8284551697332807,,,EXPLOIT
870,57,,,0,0,0,0,common,0.0,0.9501349828705136,0.12643235126919827,0.4369830335554655,0.0,0.7511720098346687,0.8328062881677234,,,EXPLOIT
871,57,,,0,0,0,0,common,1.0,0.38241226113416615,0.3185688419295376,0.42061180182907565,0.0,0.7566111753566471,0.8369017949200293,,,EXPLOIT
872,57,,,0,0,0,0,common,1.0,0.24856796973720807,0.22477218036486307,0.36899865220151534,0.0,0.7617666748745046,0.8407633821186997,,,EXPLOIT
873,57,,,0,0,0,0,common,1.0,0.1615691803291852,0.1759480200562283,0.3067698106398163,0.0,0.7666598944195828,0.8444103551237022,,,EXPLOIT
874,57,,,0,0,0,0,common,1.0,0.10501996721397044,0.1491403918145212,0.2462448576120625,0.0,0.7713101232502598,0.8478599520117893,,,EXPLOIT
875,57,,,0,0,0,0,common,0.0,0.9317370213109192,0.13364800632754947,0.4518925067217195,0.0,0.7757348046810475,0.8511276130814837,,,EXPLOIT
876,57,,,0,0,0,0,common,1.0,0.39437093614790253,0.3279977594116364,0.43463603554957436,0.0,0.779949751746112,0.854227209268013,,,EXPLOIT
877,57,,,0,0,0,0,common,0.0,0.7436588915038633,0.22960069154029947,0.527342892335861,0.0,0.7679261085189055,0.8447540259148577,,,EXPLOIT
878,57,,,0,0,0,0,common,1.0,0.5166217205224888,0.43181646498273496,0.5241265407918493,0.0,0.7546543724818844,0.834079339194118,,,EXPLOIT
879,57,,,0,0,0,0,common,1.0,0.33580411833961776,0.2833887677836791,0.46762981405617976,0.0,0.7599111024658767,0.8381014399672627,,,EXPLOIT
880,57,,,0,0,0,0,common,1.0,0.21827267692075158,0.2066907036377083,0.3928226729155513,0.0,0.764897982241021,0.8418957363802312,,,EXPLOIT
881,57,,,0,0,0,0,common,1.0,0.14187723999848856,0.1661892655474016,0.31753904304043246,0.0,0.7696350373938182,0.8454808729961172,,,EXPLOIT
882,57,,,0,0,0,0,common,0.0,0.9077797940009824,0.14357879175670857,0.4946112683285974,0.0,0.7741403601684285,0.8488735139997389,,,EXPLOIT
883,57,,,0,0,0,0,common,1.0,0.40994313389936143,0.3405059352456064,0.4692108279998266,0.0,0.7784303372895833,0.8520885993395836,,,EXPLOIT
884,57,,,0,0,0,0,common,1.0,0.26646303703458496,0.23600445263052905,0.40838649071025407,0.0,0.7825198463115635,0.8551395621169414,,,EXPLOIT
885,57,,,0,0,0,0,common,1.0,0.17320097407248025,0.18193120787942618,0.3378308357189219,0.0,0.7864224254519084,0.8580385138942439,,,EXPLOIT
886,57,,,0,0,0,0,common,1.0,0.1125806331471122,0.15251127336630224,0.27025577494737896,0.0,0.7901504209953495,0.8607964033133275,,,EXPLOIT
887,57,,,0,0,0,0,common,1.0,0.07317741154562296,0.1356351520159326,0.21113226592685214,0.0,0.793715115649521,0.8634231524033726,,,EXPLOIT
888,57,,,0,0,0,0,common,0.0,0.9524346824953451,0.12555484080675658,0.4335229908974,0.0,0.7971268406636544,0.865927774155706,,,EXPLOIT
889,57,,,0,0,0,0,common,0.0,0.6190825436219743,0.31740138087427394,0.48919085671477225,0.0,0.8003950740570929,0.8683184743018385,,,EXPLOIT
890,57,,,0,0,0,0,common,1.0,0.5975963466457167,0.5040969581959469,0.5217125036940555,0.0,0.7903474909956746,0.8604937746382094,,,EXPLOIT
891,57,,,0,0,0,0,common,1.0,0.38843762531971593,0.323299949993125,0.4817300401817536,0.0,0.7939036477285063,0.863134768213012,,,EXPLOIT
892,57,,,0,0,0,0,common,1.0,0.25248445645781536,0.22719533284259796,0.41295636506457206,0.0,0.7973073689636992,0.8656526654745141,,,EXPLOIT
893,57,,,0,0,0,0,common,0.0,0.83588510330242,0.17724348263171555,0.5398349865359264,0.0,0.7869730928781297,0.8575287304185437,,,EXPLOIT
894,57,,,0,0,0,0,common,1.0,0.45667468285342694,0.37945650220044647,0.5148868954311766,0.0,0.7756489483389917,0.8484565927780611,,,EXPLOIT
895,57,,,0,0,0,0,common,1.0,0.2968385438547275,0.2560106713161838,0.44947238995824185,0.0,0.7798679198172955,0.8516932562847935,,,EXPLOIT
896,57,,,0,0,0,0,common,1.0,0.1929450535055729,0.19246614498251677,0.37251418902244116,0.0,0.7838912531867807,0.8547641828469482,,,EXPLOIT
897,57,,,0,0,0,0,common,0.0,0.8745857152213776,0.1583812849620742,0.5231356468821221,0.0,0.7722628432238144,0.8453568477180514,,,EXPLOIT
898,57,,,0,0,0,0,common,0.0,0.5684807148938955,0.35824143275151005,0.5367391672856541,0.0,0.7594486589015422,0.8347608715363346,,,EXPLOIT
899,57,,,0,0,0,0,common,1.0,0.6304875353189678,0.5328849561302303,0.5648636776956482,0.0,0.7452583370260141,0.8227364284992263,,,EXPLOIT
900,57,,,0,0,0,0,common,1.0,0.4098168979573291,0.34040352397391693,0.5183496437741524,0.0,0.7294584634870647,0.8089745233491491,,,EXPLOIT
901,57,,,0,0,0,0,common,1.0,0.2663809836722639,0.23595201173322192,0.4427590457435858,0.0,0.7361009090978574,0.8145591397769942,,,EXPLOIT
902,57,,,0,0,0,0,common,1.0,0.17314763938697153,0.18190339825202562,0.3618756238366015,0.0,0.7423632550101149,0.8197753074749508,,,EXPLOIT
903,57,,,0,1,1,0,common,0.0,0.0599985708004185,0.15249567024042268,0.27131250792574657,0.0,0.748276928946051,0.8246580862605499,,,EXPLOIT
904,57,,,0,0,0,0,common,0.0,0.8874540343984685,0.14329104503723178,0.4561549658675631,0.0,0.7538699871698104,0.8292382247654699,,,EXPLOIT
905,57,,,0,0,0,0,common,0.0,0.5768451223590045,0.33421869550530237,0.4923620128149955,0.0,0.7591675547856366,0.833542803343253,,,EXPLOIT
906,57,,,0,0,0,0,common,1.0,0.625050670466647,0.5098010833465895,0.5321686101104909,0.0,0.7449462243854326,0.8213480155185579,,,EXPLOIT
907,57,,,0,0,0,0,common,1.0,0.40628293580332064,0.32081826421868853,0.4944029078183398,0.0,0.7507188262402522,0.8261323180468316,,,EXPLOIT
908,57,,,0,0,0,0,common,1.0,0.26408390827215844,0.22141249963164375,0.42530720795448534,0.0,0.7561819482391231,0.8306228803557633,,,EXPLOIT
909,57,,,0,0,0,0,common,1.0,0.17165454037690298,0.17048226018278523,0.3492114076812106,0.0,0.7613595736722655,0.834845741809216,,,EXPLOIT
910,57,,,0,0,0,0,common,1.0,0.11157545124498691,0.142877421437526,0.2779206207503435,0.0,0.7662732704075772,0.8388239525511796,,,EXPLOIT
911,57,,,0,0,0,0,common,1.0,0.07252404330924145,0.12706892457257637,0.2163016475180129,0.0,0.7709424875094604,0.8425779904838241,,,EXPLOIT
912,57,,,0,0,0,0,common,1.0,0.04714062815100695,0.11763399498264959,0.16555334170791108,0.0,0.775384809194951,0.8461261103408965,,,EXPLOIT
913,57,,,0,0,0,0,common,1.0,0.030641408298154538,0.11183881466965434,0.1250797616849841,0.0,0.7796161731184308,0.8494846374168304,,,EXPLOIT
914,57,,,0,0,0,0,common,1.0,0.01991691539380047,0.10820964822276231,0.09353090779762901,0.0,0.7836510586968016,0.852668215925094,,,EXPLOIT
915,57,,,0,0,0,0,common,0.0,0.9870540049940297,0.10590751863010259,0.36158783695654917,0.0,0.7875026501650997,0.8556900199567741,,,EXPLOIT
916,57,,,0,0,0,0,common,1.0,0.3584148967538807,0.28456161175727795,0.3606359548957486,0.0,0.7911829782318182,0.8585619334491399,,,EXPLOIT
917,57,,,0,1,1,0,common,1.0,0.961000928979728,0.20307570456429372,0.5407454471209424,0.0,0.7802677260774917,0.8496134329298716,,,EXPLOIT
918,57,,,0,1,1,0,common,0.0,0.37534939616317686,0.4601165494181819,0.4911266318336127,0.0,0.7842727447692431,0.852790389888677,,,EXPLOIT
919,57,,,0,0,0,0,common,1.0,0.2329696828900225,0.34621416235812214,0.4136795471505357,0.0,0.7880964475710426,0.8558060644696399,,,EXPLOIT
920,57,,,0,0,0,0,common,1.0,0.1514302938785146,0.28310152607480216,0.33500477116892935,0.0,0.7917506943107836,0.8586722930359905,,,EXPLOIT
921,57,,,0,0,0,0,common,1.0,0.0984296910210345,0.246359114692139,0.26403224712456086,0.0,0.7952463328126907,0.861399781573265,,,EXPLOIT
922,57,,,0,0,0,0,common,1.0,0.0639792991636724,0.2243964574792533,0.2040163627362943,0.0,0.7985933045911376,0.8639982374862021,,,EXPLOIT
923,57,,,0,0,0,0,common,1.0,0.0415865444563871,0.2109362640537415,0.15528741725232215,0.0,0.8018007375690578,0.8664764833755306,,,EXPLOIT
924,57,,,0,0,0,0,common,1.0,0.02703125389665162,0.20252924356801433,0.11681056824562099,0.0,0.8048770276420859,0.8688425556050702,,,EXPLOIT
925,57,,,0,0,0,0,common,1.0,0.01757031503282358,0.19720800036120875,0.08703849228178176,0.0,0.8078299106231915,0.8711037899795453,,,EXPLOIT
926,57,,,0,0,0,0,common,1.0,0.011420704771335277,0.1938093246979866,0.06435315602864781,0.0,0.8106665258658792,0.8732668964575783,,,EXPLOIT
927,57,,,0,0,0,0,common,1.0,0.007423458101367908,0.1916254620654157,0.04727424665046384,0.0,0.8133934726676277,0.8753380245027892,,,EXPLOIT
928,57,,,0,0,0,0,common,1.0,0.004825247765889107,0.19021659281011444,0.03453954698509142,0.0,0.8160168603916472,0.877322820413615,,,EXPLOIT
929,57,,,0,0,0,0,common,1.0,0.003136411047827914,0.18930531300170655,0.025118606203912368,0.0,0.8185423531082708,0.8792264777574497,,,EXPLOIT
930,57,,,0,0,0,0,common,1.0,0.0020386671810881385,0.18871487308828563,0.018194624497065097,0.0,0.8209752094425751,0.881053781857746,,,EXPLOIT
931,57,,,0,0,0,0,common,1.0,0.0013251336677072567,0.18833188565187356,0.013133777248257743,0.0,0.8233203182182327,0.88280914913644,,,EXPLOIT
932,57,,,0,0,0,0,common,1.0,0.0008613368840096891,0.18808328095286142,0.009452045138983328,0.0,0.8255822304060559,0.8844966619926853,,,EXPLOIT
933,57,,,0,0,0,0,common,1.0,0.000559868974606248,0.1879218302730607,0.006784392289670203,0.0,0.827765187816592,0.8861200997977753,,,EXPLOIT
934,57,,,0,0,0,0,common,1.0,0.0003639148334940723,0.18781694746656705,0.004858249052817364,0.0,0.8298731489174291,0.8876829665016108,,,EXPLOIT
935,57,,,0,0,0,0,common,1.0,0.00023654464177114143,0.18774879904462222,0.0034717377295034966,0.0,0.831909812105848,0.8891885152751502,,,EXPLOIT
936,57,,,0,0,0,0,common,1.0,0.00015375401715123083,0.1877045133014661,0.0024763426157978167,0.0,0.8338786367246981,0.8906397705535954,,,EXPLOIT
937,57,,,0,0,0,0,common,1.0,9.994011114833334e-05,0.1876757321019358,0.0017634218644029716,0.0,0.835782862072759,0.8920395477946479,,,EXPLOIT
938,57,,,0,0,0,0,common,0.0,0.9999350389277536,0.1876570262375514,0.30121490698340814,0.0,0.8376255246293672,0.8933904712234667,,,EXPLOIT
939,57,,,0,1,1,0,common,0.0,0.24397710750606497,0.44732452408439793,0.2840435671402052,0.0,0.8394094736859921,0.894694989799669,,,EXPLOIT
940,57,,,0,0,0,0,common,1.0,0.3500422246969601,0.37261251787905014,0.30384316440723164,0.0,0.8411373855540468,0.895955391610797,,,EXPLOIT
941,57,,,0,0,0,0,common,1.0,0.2275274460530241,0.276402851333921,0.28094844890096937,0.0,0.8428117764979608,0.897173816870237,,,EXPLOIT
942,57,,,0,0,0,0,common,1.0,0.14789283993446567,0.22348800248960832,0.24103176621101824,0.0,0.8444350145249827,0.8983522696749434,,,EXPLOIT
943,57,,,0,0,0,0,common,0.0,0.9038696540425973,0.19343512338975874,0.43988313256049194,0.0,0.8460093301479094,0.8994926286588624,,,EXPLOIT
944,57,,,0,0,0,0,common,0.0,0.5875152751276883,0.4268894406684654,0.48417277533065084,0.0,0.8475368262236336,0.9005966566611903,,,EXPLOIT
945,57,,,0,0,0,0,common,1.0,0.6181150711670026,0.6025541662717688,0.5243554640815563,0.0,0.8413547371418643,0.8959354852735677,,,EXPLOIT
946,57,,,0,0,0,0,common,0.0,0.5982252037414483,0.41741834125672506,0.5465163859795239,0.0,0.8347199668943299,0.8908693593612296,,,EXPLOIT
947,57,,,0,0,0,0,common,1.0,0.6111536175680586,0.5973791429971791,0.5659075554560843,0.0,0.8275812790213808,0.8853434015625243,,,EXPLOIT
948,57,,,0,0,0,0,common,1.0,0.3972498514192382,0.41343294181303736,0.5153102442450304,0.0,0.8198794020489518,0.8792923500721056,,,EXPLOIT
949,57,,,0,0,0,0,common,1.0,0.25821240342250484,0.2989179719402899,0.4381808919982727,0.0,0.822263852919798,0.8811170378755087,,,EXPLOIT
950,57,,,0,0,0,0,common,1.0,0.16783806222462816,0.23597989339146563,0.35707804306617935,0.0,0.8245630764543999,0.8828699386774906,,,EXPLOIT
951,57,,,0,0,0,0,common,1.0,0.10909474044600831,0.20064432543904354,0.282683052280128,0.0,0.8267814517684455,0.8845551236575911,,,EXPLOIT
952,57,,,0,0,0,0,common,0.0,0.9290884187100946,0.18000871510496352,0.47660466220911796,0.0,0.8289230632218635,0.8861763619985008,,,EXPLOIT
953,57,,,0,0,0,0,common,0.0,0.6039074721615616,0.41241529571718105,0.5147955051948511,0.0,0.8213287082193311,0.8802060377690835,,,EXPLOIT
954,57,,,0,0,0,0,common,1.0,0.607460143094985,0.5945944859687575,0.5425948965648912,0.0,0.813115597446392,0.8736446726355488,,,EXPLOIT
955,57,,,0,0,0,0,common,1.0,0.3948490930117402,0.4113227203494537,0.4982711554989459,0.0,0.8157494539049706,0.8756999269535385,,,EXPLOIT
956,57,,,0,0,0,0,common,1.0,0.25665191045763114,0.2977454852524685,0.42578538198655147,0.0,0.8182848474710176,0.877669811849836,,,EXPLOIT
957,57,,,0,0,0,0,common,1.0,0.1668237417974603,0.23533229096454955,0.3480968899298241,0.0,0.8207270770909231,0.8795594446142408,,,EXPLOIT
958,57,,,0,1,1,0,common,0.0,0.15858511987894225,0.2002726155695882,0.29124335891455955,0.0,0.8230810683931785,0.8813735417006612,,,EXPLOIT
959,57,,,0,1,1,0,common,0.0,0.10308032792131247,0.17090884201990103,0.2347944496165854,0.0,0.8253514059986212,0.8831164572226505,,,EXPLOIT
960,57,,,0,0,0,0,common,0.0,0.8915645678316508,0.1538024741149368,0.431825485081105,0.0,0.8275423625320567,0.8847922170960912,,,EXPLOIT
961,57,,,0,1,1,0,common,1.0,0.9329977868511469,0.354892606486557,0.5821771756121176,0.0,0.8198373555222221,0.8786874385463401,,,EXPLOIT
962,57,,,0,0,0,0,common,1.0,0.42048303090942696,0.6284870319264958,0.5336689322013104,0.0,0.8114998225620079,0.871971120808245,,,EXPLOIT
963,57,,,0,0,0,0,common,1.0,0.27331397009112757,0.5122822057331438,0.4555624435682555,0.0,0.814194929397058,0.8740971248944145,,,EXPLOIT
964,57,,,0,0,0,0,common,1.0,0.17765408055923293,0.4270097356961142,0.37218993466554867,0.0,0.8167882295650328,0.8761334420280954,,,EXPLOIT
965,57,,,0,0,0,0,common,1.0,0.11547515236350137,0.3729508779599562,0.2951754999749345,0.0,0.8192852609219757,0.878085533680004,,,EXPLOIT
966,57,,,0,0,0,0,common,1.0,0.07505884903627591,0.33942661750202524,0.22914050469333688,0.0,0.8216911670414341,0.8799584268570212,,,EXPLOIT
967,57,,,0,0,0,0,common,1.0,0.04878825187357938,0.3185132228198488,0.17503482884740962,0.0,0.824010731694205,0.8817567564648424,,,EXPLOIT
968,57,,,0,0,0,0,common,0.0,0.9682876362821734,0.30532931684000264,0.41301067107783873,0.0,0.8262484097719806,0.8834848028087072,,,EXPLOIT
969,57,,,0,0,0,0,common,1.0,0.37061303641658727,0.5931664016924798,0.40029138067946324,0.0,0.8284083550755466,0.885146524870997,,,EXPLOIT
970,57,,,0,0,0,0,common,0.0,0.7591015263292182,0.4835015442018872,0.5079344243743897,0.0,0.8207728459198333,0.8790763109089524,,,EXPLOIT
971,57,,,0,1,1,0,common,0.0,0.39355143854675445,0.6735922236107078,0.47361952862609913,0.0,0.8231251976651113,0.8809095857342578,,,EXPLOIT
972,57,,,0,0,0,0,common,0.0,0.4934159921139919,0.5918147804845859,0.47955846767246696,0.0,0.8253939801487954,0.8826705814514781,,,EXPLOIT
973,57,,,0,0,0,0,common,1.0,0.6792796051259052,0.6847905435572139,0.5394748089084984,0.0,0.8175151714395382,0.8763566996603886,,,EXPLOIT
974,57,,,0,0,0,0,common,1.0,0.4415317433318384,0.5387779845342268,0.5100918892355004,0.0,0.8089819925815683,0.8693989061255329,,,EXPLOIT
975,57,,,0,0,0,0,common,1.0,0.286995633165695,0.40201768740282917,0.44316301241455874,0.0,0.8117738273526964,0.8716358099876926,,,EXPLOIT
976,57,,,0,0,0,0,common,0.0,0.8134528384422982,0.318525657940768,0.5542499602228805,0.0,0.8027469409773361,0.8641753035214069,,,EXPLOIT
977,57,,,0,0,0,0,common,1.0,0.4712556550125062,0.5637480111408247,0.5293516686597682,0.0,0.7929149396644556,0.8558830072125663,,,EXPLOIT
978,57,,,0,0,0,0,common,1.0,0.3063161757581291,0.41897534699737216,0.4624410207892765,0.0,0.7963607315058773,0.8587454693233312,,,EXPLOIT
979,57,,,0,0,0,0,common,0.0,0.8008944857572161,0.3284307445700725,0.5639770602796583,0.0,0.78593772666946,0.8498188383818529,,,EXPLOIT
980,57,,,0,0,0,0,common,0.0,0.5205814157421904,0.5704077448847041,0.5509583669184179,0.0,0.7745118279105063,0.8397959257510285,,,EXPLOIT
981,57,,,0,0,0,0,common,1.0,0.6616220797675763,0.6796954381510216,0.5841574807731654,0.0,0.761931640462484,0.8284621771870472,,,EXPLOIT
982,57,,,0,0,0,0,common,1.0,0.4300543518489246,0.528886078265663,0.5379265420958932,0.0,0.7480136831702079,0.8155431440092912,,,EXPLOIT
983,57,,,0,0,0,0,common,0.0,0.720464671298199,0.3955283637270465,0.5926879808565849,0.0,0.7325334124426485,0.8006820150646881,,,EXPLOIT
984,57,,,0,0,0,0,common,1.0,0.5316979636561706,0.6103875608316779,0.5743909756964606,0.0,0.7152130544082529,0.78340621428626,,,EXPLOIT
985,57,,,0,0,0,0,common,1.0,0.3456036763765109,0.4539345763422924,0.5057547859004756,0.0,0.6957048377188036,0.7630763075458455,,,EXPLOIT
986,57,,,0,0,0,0,common,1.0,0.22464238964473204,0.34908780439423437,0.4214210670237525,0.0,0.704441078015713,0.7721348529977915,,,EXPLOIT
987,57,,,0,1,1,0,common,1.0,0.7441915649446096,0.2877893683851151,0.5182522164000096,0.0,0.6835028294262642,0.7496667417758767,,,EXPLOIT
988,57,,,0,1,1,0,common,0.0,0.5162754827860038,0.5082508467911432,0.5176591963158078,0.0,0.6596312501335542,0.7225865752565422,,,EXPLOIT
989,57,,,0,0,0,0,common,1.0,0.14601755326907584,0.3500300676831017,0.40616670340178823,0.0,0.6709021719734785,0.7353573860304605,,,EXPLOIT
990,57,,,0,0,0,0,common,1.0,0.0949114096248993,0.30932920786574186,0.3127901152687215,0.0,0.6813484362156634,0.7468927366331297,,,EXPLOIT
991,57,,,0,0,0,0,common,1.0,0.06169241625618449,0.28445776711628196,0.23746080556496038,0.0,0.691056882031905,0.7573631302935585,,,EXPLOIT
992,57,,,0,1,1,0,common,0.0,0.33557906381090247,0.2690115724176442,0.266896283038743,0.0,0.7001025698584994,0.766909076006139,,,EXPLOIT
993,57,,,0,0,0,0,common,1.0,0.040100070566519874,0.19536675597809916,0.19885741929707607,0.0,0.7085507129736857,0.7756474062768891,,,EXPLOIT
994,57,,,0,0,0,0,common,1.0,0.02606504586823788,0.1877369152383105,0.1470197072684246,0.0,0.7164582410379822,0.7836760625569065,,,EXPLOIT
995,57,,,0,0,0,0,common,1.0,0.01694227981435459,0.1829079963892516,0.10799647903220358,0.0,0.7238750748915047,0.7910777651069847,,,EXPLOIT
996,57,,,0,0,0,0,common,1.0,0.01101248187933046,0.17982381729573568,0.07890127988634164,0.0,0.7308451729607564,0.7979228593480812,,,EXPLOIT
997,57,,,0,0,0,0,common,1.0,0.007158113221564788,0.17784202770872018,0.05737832988690858,0.0,0.7374073956285223,0.8042715465202014,,,EXPLOIT
998,57,,,0,0,0,0,common,1.0,0.004652773594017168,0.1765635084277607,0.041560662999041154,0.0,0.7435962234716429,0.8101756486193872,,,EXPLOIT
999,57,,,0,0,0,0,common,1.0,0.0030243028361112145,0.17573653347964607,0.029999754950162168,0.0,0.7494423573997377,0.8156800172383559,,,EXPLOIT
1000,57,,,0,0,0,0,common,0.0,0.9980342031565277,0.17520071286603706,0.3204100894120718,0.0,0.7549732227459502,0.8208236674048046,,,EXPLOIT
1001,57,,,0,0,0,0,common,0.0,0.648722232051743,0.4254131725056147,0.4189037322039731,0.0,0.7602133947775506,0.8256406970705873,,,EXPLOIT
1002,57,,,0,1,1,0,common,1.0,0.7818736085229134,0.6166809654634613,0.5277946950996552,0.0,0.7461072520764285,0.8123098632063256,,,EXPLOIT
1003,57,,,0,1,1,0,common,1.0,0.5082178455398937,0.6834114202254027,0.5219216402317267,0.0,0.730406211725327,0.7969399323756724,,,EXPLOIT
1004,57,,,0,1,1,0,common,1.0,0.3303415996009309,0.5837812542774944,0.46444762804248796,0.0,0.7369937791609901,0.8033588147227271,,,EXPLOIT
1005,57,,,0,1,1,0,common,0.0,0.7852779602593949,0.4852356009780978,0.56069672770756,0.0,0.7202147255578563,0.7865323523043416,,,EXPLOIT
1006,57,,,0,1,1,0,common,1.0,0.48956932583139334,0.677634925718116,0.5393585071447099,0.0,0.7013523801669971,0.7667750055255984,,,EXPLOIT
1007,57,,,0,1,1,0,common,1.0,0.31822006179040563,0.5741676459582288,0.4730169735384186,0.0,0.7097194811631165,0.775524445087823,,,EXPLOIT
1008,57,,,0,0,0,0,common,0.0,0.42166945083363294,0.4781940439967669,0.4576127167269829,0.0,0.7175535479854457,0.7835628904490224,,,EXPLOIT
1009,57,,,0,1,1,0,common,1.0,0.20684304016376365,0.34948021384901407,0.3823818137580171,0.0,0.7249035846733993,0.7909732630596884,,,EXPLOIT
1010,57,,,0,1,1,0,common,1.0,0.13444797610644632,0.29274153905193057,0.30800166246254584,0.0,0.7318127673703637,0.7978260726162905,,,EXPLOIT
1011,57,,,0,1,1,0,common,0.0,0.9126088155308099,0.25916996258161706,0.48938380838302503,0.0,0.7383192856858029,0.804181655559249,,,EXPLOIT
1012,57,,,0,1,1,0,common,1.0,0.40680426990497365,0.5245646848281588,0.4646099468396096,0.0,0.7444570423888263,0.8100919459734275,,,EXPLOIT
1013,57,,,0,1,1,0,common,0.0,0.7355772245617671,0.3982763252082344,0.5459001301562568,0.0,0.728563581838118,0.7943676918737261,,,EXPLOIT
1014,57,,,0,1,1,0,common,1.0,0.5218748040348513,0.6163363272601751,0.5386925323198352,0.0,0.7107538520701941,0.7760066652781972,,,EXPLOIT
1015,57,,,0,1,1,0,common,1.0,0.33921862262265345,0.4645799357057985,0.4788503594106806,0.0,0.7185231751725895,0.7840067528259567,,,EXPLOIT
1016,57,,,0,1,1,0,common,1.0,0.2204921047047248,0.3607920822837174,0.40134288299889387,0.0,0.7258143173437648,0.7913831488446205,,,EXPLOIT
1017,57,,,0,1,1,0,common,1.0,0.14331986805807118,0.2993751939996355,0.32393597851664707,0.0,0.7326697708313806,0.7982057203601453,,,EXPLOIT
1018,57,,,0,1,1,0,common,0.0,0.9068420857622538,0.26313518041242473,0.49880781069032903,0.0,0.7391271384577532,0.8045342748023814,,,EXPLOIT
1019,57,,,0,1,1,0,common,1.0,0.4105526442545351,0.5278235110407693,0.4723312607595908,0.0,0.7452198172248277,0.8104203076101839,,,EXPLOIT
1020,57,,,0,1,1,0,common,0.0,0.7331407812345522,0.4003967089606989,0.5505741169020792,0.0,0.7294154513964135,0.7947487835810233,,,EXPLOIT
1021,57,,,0,1,1,0,common,1.0,0.5234584921975411,0.6174325185848181,0.5424394294907178,0.0,0.7117113378467924,0.7764542642584259,,,EXPLOIT
1022,57,,,0,1,1,0,common,1.0,0.3402480199284017,0.4655017459701509,0.4817820066220229,0.0,0.7194209558499048,0.7844188254895937,,,EXPLOIT
1023,57,,,0,1,1,0,common,1.0,0.22116121295346114,0.3613510615546348,0.40359576852145435,0.0,0.7266577668439649,0.7917637444103859,,,EXPLOIT
1024,57,,,0,1,1,0,common,0.0,0.8562452115802502,0.29970280298434643,0.5393906014390931,0.0,0.7086105544533741,0.7729447986690177,,,EXPLOIT
1025,57,,,0,1,1,0,common,1.0,0.4434406124728374,0.5558505493183767,0.5106056047492165,0.0,0.6882321632380187,0.7506342109777697,,,EXPLOIT
1026,57,,,0,1,1,0,common,1.0,0.28823639810734436,0.41914919211507656,0.4438948427566548,0.0,0.6974683982154394,0.7607696395668115,,,EXPLOIT
1027,57,,,0,1,1,0,common,1.0,0.18735365876977383,0.3336445051004389,0.3669324875605905,0.0,0.7060885586882916,0.770023519585805,,,EXPLOIT
1028,57,,,0,0,0,0,common,0.0,0.27408514304186143,0.28343407985026736,0.33907828420497177,0.0,0.7141519011739148,0.7785056588656659,,,EXPLOIT
1029,57,,,0,0,0,0,common,0.0,0.17815534297720992,0.219501315402845,0.2908014018366432,0.0,0.7217103192674311,0.786308355327883,,,EXPLOIT
1030,57,,,0,1,1,0,common,1.0,0.12177987820035296,0.18422756829408915,0.2400949447457561,0.0,0.7288094527991896,0.7935097533486616,,,EXPLOIT
1031,57,,,0,1,1,0,common,1.0,0.0791569208302294,0.16286981744006113,0.1918135375710981,0.0,0.7354896023548385,0.8001764565951399,,,EXPLOIT
1032,57,,,0,1,1,0,common,0.0,0.9485480014603509,0.1501299238989131,0.4188338767378739,0.0,0.741786487873661,0.8063655826554678,,,EXPLOIT
1033,57,,,0,1,1,0,common,1.0,0.38344379905077197,0.3646997531380899,0.40821685343174335,0.0,0.7477318814828654,0.8121263938100595,,,EXPLOIT
1034,57,,,0,1,1,0,common,1.0,0.24923846938300176,0.26161499403132593,0.36052333821712085,0.0,0.7533541382385095,0.8175016025661745,,,EXPLOIT
1035,57,,,0,1,1,0,common,1.0,0.1620050050989511,0.2064221163123309,0.3009678382816699,0.0,0.7586786434854322,0.8225284251963986,,,EXPLOIT
1036,57,,,0,1,1,0,common,1.0,0.10530325331431822,0.17571298282399958,0.24226846279146438,0.0,0.7637281917288787,0.8272394382597553,,,EXPLOIT
1037,57,,,0,1,1,0,common,1.0,0.06844711465430686,0.15784076089741395,0.19012205835031712,0.0,0.768523308946168,0.8316632797901005,,,EXPLOIT
1038,57,,,0,1,1,0,common,0.0,0.9555093754747005,0.14706538643471606,0.41973825348763216,0.0,0.7730825279500829,0.835825227052651,,,EXPLOIT
1039,57,,,0,0,0,0,common,0.0,0.11580097293518646,0.3609112036627764,0.32855706932189843,0.0,0.7774226245931815,0.8397476754954671,,,EXPLOIT
1040,57,,,0,1,1,0,common,1.0,0.3789189059414446,0.3278547039123249,0.34366562030776227,0.0,0.7815588211594982,0.8434505380629201,,,EXPLOIT
1041,57,,,0,1,1,0,common,0.0,0.753702711138061,0.23289197844074394,0.46667674755685185,0.0,0.7855049621412009,0.846951579903407,,,EXPLOIT
1042,57,,,0,1,1,0,common,1.0,0.5100932377602603,0.43959935578293186,0.4797016946178744,0.0,0.7892736666776741,0.8502667003459264,,,EXPLOIT
1043,57,,,0,1,1,0,common,1.0,0.33156060454416925,0.2914798094393452,0.4352593675957628,0.0,0.792876461193673,0.8534101715895818,,,EXPLOIT
1044,57,,,0,1,1,0,common,0.0,0.78448560704629,0.21401760146753615,0.5400272394309209,0.0,0.7821234993374542,0.8438363331249253,,,EXPLOIT
1045,57,,,0,1,1,0,common,1.0,0.49008435541991147,0.4218293044865008,0.5250443742276181,0.0,0.7703186750520049,0.833041232796699,,,EXPLOIT
1046,57,,,0,1,1,0,common,0.0,0.6814451689770575,0.28195391034488426,0.5719646126524498,0.0,0.757300401659472,0.8207759317965194,,,EXPLOIT
1047,57,,,0,1,1,0,common,1.0,0.5570606401649125,0.48160842904882994,0.5674934209061886,0.0,0.7428722095783249,0.8067189021885973,,,EXPLOIT
1048,57,,,0,1,1,0,common,1.0,0.36208941610719325,0.31463421848992834,0.50587221946649,0.0,0.7267927962623209,0.7904474882381125,,,EXPLOIT
1049,57,,,0,1,1,0,common,0.0,0.7646418795303244,0.2260456311750102,0.5835031174856402,0.0,0.708762464281272,0.771394754602927,,,EXPLOIT
1050,57,,,0,1,1,0,common,1.0,0.5029827783052891,0.4332682804658755,0.5593470157315349,0.0,0.6884043194269066,0.7487821771611727,,,EXPLOIT
1051,57,,,0,1,1,0,common,1.0,0.32693880589843793,0.2880710154569271,0.48962455278160577,0.0,0.6976288875368432,0.7590827721886376,,,EXPLOIT
1052,57,,,0,1,1,0,common,1.0,0.21251022383398466,0.21224048502795276,0.4064902540973194,0.0,0.7062385208283992,0.7684807448361929,,,EXPLOIT
1053,57,,,0,1,1,0,common,1.0,0.13813164549209,0.17184535935254866,0.32598267151575056,0.0,0.7142923320773248,0.7770893412807007,,,EXPLOIT
1054,57,,,0,1,1,0,common,1.0,0.0897855695698585,0.14915702527536803,0.2551235409319829,0.0,0.7218420931045072,0.7850036241137617,,,EXPLOIT
1055,57,,,0,1,1,0,common,0.0,0.941639379779592,0.1358205321690095,0.4610782925862656,0.0,0.7289333400245819,0.7923039811078796,,,EXPLOIT
1056,57,,,0,1,1,0,common,1.0,0.3879344031432652,0.33506358591976004,0.43913512575336544,0.0,0.7356062846451973,0.7990588516970193,,,EXPLOIT
1057,57,,,0,1,1,0,common,1.0,0.25215736204312234,0.23662272772801285,0.3830417966402925,0.0,0.7418965705561017,0.805326867362003,,,EXPLOIT
1058,57,,,0,1,1,0,common,1.0,0.16390228532802953,0.18506783567419616,0.3172999432466136,0.0,0.7478359039325198,0.8111585478243056,,,EXPLOIT
1059,57,,,0,1,1,0,common,1.0,0.10653648546321914,0.15671305344220188,0.25407090591159526,0.0,0.7534525826220548,0.8165976569990872,,,EXPLOIT
1060,57,,,0,1,1,0,common,0.0,0.9307512844489075,0.14031991477626127,0.4570750194727889,0.0,0.7587719421496252,0.821682295755606,,,EXPLOIT
1061,57,,,0,1,1,0,common,1.0,0.39501166510821006,0.34078232855056406,0.43845601316341526,0.0,0.7638167334728959,0.8264457892177964,,,EXPLOIT
1062,57,,,0,1,1,0,common,1.0,0.2567575823203365,0.2395822949427295,0.3839464839104916,0.0,0.7686074443696406,0.8309174123043903,,,EXPLOIT
1063,57,,,0,1,1,0,common,0.0,0.8331075714917813,0.18665439908758075,0.5186948101848785,0.0,0.7554081463538866,0.818351143168305,,,EXPLOIT
1064,57,,,0,1,1,0,common,0.0,0.5415199214696578,0.3941473651753432,0.5255423435703123,0.0,0.740768720304409,0.803924474653702,,,EXPLOIT
1065,57,,,0,1,1,0,common,1.0,0.6480120510447225,0.5606314305521369,0.5622832558126353,0.0,0.724440748057512,0.787192152505394,,,EXPLOIT
1066,57,,,0,1,1,0,common,1.0,0.4212078331790696,0.36238143446201965,0.5199606290225656,0.0,0.7061151911319316,0.7675545199070103,,,EXPLOIT
1067,57,,,0,1,1,0,common,1.0,0.2737850915663953,0.25077312542906194,0.4461079677857145,0.0,0.7141768405339386,0.7762394609604276,,,EXPLOIT
1068,57,,,0,1,1,0,common,1.0,0.177960309518157,0.19262300695374518,0.3656636703054472,0.0,0.7217337208624381,0.7842210619915945,,,EXPLOIT
1069,57,,,0,1,1,0,common,1.0,0.11567420118680205,0.160969822270989,0.2906668295698537,0.0,0.7288314535159999,0.791581079582224,,,EXPLOIT
1070,57,,,0,1,1,0,common,1.0,0.07518823077142134,0.14282819726136503,0.22602324993032397,0.0,0.7355103233037054,0.798389072013004,,,EXPLOIT
1071,57,,,0,1,1,0,common,1.0,0.04887235000142387,0.13200222277892668,0.1728779799516539,0.0,0.7418060365973677,0.8047045924892627,,,EXPLOIT
1072,57,,,0,1,1,0,common,1.0,0.031767027500925527,0.12535479792729173,0.1305446942164354,0.0,0.7477503538047631,0.8105789255880091,,,EXPLOIT
1073,57,,,0,1,1,0,common,1.0,0.020648567875601542,0.1211931917650302,0.09757585631418524,0.0,0.7533716198165168,0.8160564741907981,,,EXPLOIT
1074,57,,,0,1,1,0,common,1.0,0.013421569119141052,0.11855393381317038,0.07232957015567198,0.0,0.7586952111251617,0.821175876314148,,,EXPLOIT
1075,57,,,0,1,1,0,common,1.0,0.00872401992744165,0.11686580045496145,0.05324790508720288,0.0,0.7637439144983535,0.8259709112771294,,,EXPLOIT
1076,57,,,0,1,1,0,common,1.0,0.005670612952837106,0.11577997062426487,0.038974717446893146,0.0,0.7685382491262389,0.8304712401522623,,,EXPLOIT
1077,57,,,0,0,0,0,common,1.0,0.9247293675921288,0.11507899067001318,0.3047011124904638,0.0,0.7730967418481234,0.834703014810572,,,EXPLOIT
1078,57,,,0,0,0,0,common,0.0,0.3989259110651162,0.28836675270100703,0.33296855206285947,0.0,0.7774361632424668,0.8386893819861475,,,EXPLOIT
1079,57,,,0,1,1,0,common,1.0,0.0036858984193440802,0.1980108479022558,0.2341837559698048,0.0,0.7815717309225757,0.8424509028819313,,,EXPLOIT
1080,57,,,0,1,1,0,common,1.0,0.002395833972573702,0.19729163184830414,0.16464737937063548,0.0,0.7855172852322846,0.8460059043783232,,,EXPLOIT
1081,57,,,0,1,1,0,common,1.0,0.001557292082172923,0.19682525884326715,0.11572035318409671,0.0,0.7892854416164629,0.8493707745077148,,,EXPLOIT
1082,57,,,0,0,0,0,common,0.0,0.25930184219232555,0.19652258818245089,0.15879479988656536,0.0,0.7928877232008713,0.8525602122477252,,,EXPLOIT
1083,57,,,0,1,1,0,common,1.0,0.0010122398534123667,0.15115677700565033,0.11146003187661946,0.0,0.7963346765167529,0.8555874396657168,,,EXPLOIT
1084,57,,,0,1,1,0,common,0.0,0.9993420440952819,0.15099859103231789,0.37782463554221823,0.0,0.7996359728182838,0.8584643828724956,,,EXPLOIT
1085,57,,,0,1,1,0,common,0.0,0.6495723286619333,0.38142292562469604,0.4593489434781327,0.0,0.8028004970429059,0.8612018270074118,,,EXPLOIT
1086,57,,,0,1,1,0,common,1.0,0.5777779863697434,0.5793009550257197,0.49487765634561587,0.0,0.8058364261378235,0.8638095495011614,,,EXPLOIT
1087,57,,,0,1,1,0,common,1.0,0.37555569114033316,0.40315017215711124,0.45908106678403104,0.0,0.8087512982066606,0.8662964350871766,,,EXPLOIT
1088,57,,,0,1,1,0,common,1.0,0.2441111992412166,0.29581362156320135,0.39459010652118665,0.0,0.8115520737074183,0.8686705754128087,,,EXPLOIT
1089,57,,,0,1,1,0,common,1.0,0.15867227950679075,0.23648858075395057,0.32381475841686785,0.0,0.8142451897477144,0.8709393556035855,,,EXPLOIT
1090,57,,,0,1,1,0,common,1.0,0.10313698167941399,0.2029130917163991,0.2576114253956317,0.0,0.8168366083688915,0.8731095297316278,,,EXPLOIT
1091,57,,,0,1,1,0,common,1.0,0.06703903809161904,0.18317870113198187,0.20043970920442788,0.0,0.8193318595813446,0.8751872868128323,,,EXPLOIT
1092,57,,,0,1,1,0,common,0.0,0.9564246252404476,0.1712091207376476,0.42723518401523375,0.0,0.8217360798048942,0.8771783086911477,,,EXPLOIT
1093,57,,,0,1,1,0,common,1.0,0.37832399359370905,0.4055691997803096,0.4125618268887763,0.0,0.8240540462765765,0.8790878209501056,,,EXPLOIT
1094,57,,,0,1,1,0,common,0.0,0.7540894041640891,0.2971603355337445,0.5150201000713701,0.0,0.816065834927616,0.8724125390685588,,,EXPLOIT
1095,57,,,0,1,1,0,common,1.0,0.5098418872933421,0.5223840127846187,0.5134666362379616,0.0,0.8074093692136047,0.8650359990919245,,,EXPLOIT
1096,57,,,0,1,1,0,common,0.0,0.6686027732593276,0.3652863354964371,0.5600074773443714,0.0,0.7979976303990548,0.8568420077826858,,,EXPLOIT
1097,57,,,0,1,1,0,common,1.0,0.5654081973814371,0.5693758054799989,0.5616276933554911,0.0,0.7877278060874933,0.8476872017658752,,,EXPLOIT
1098,57,,,0,1,1,0,common,0.0,0.6324846717020659,0.39615113783068745,0.5828847868594635,0.0,0.7764775367595403,0.8373926127344342,,,EXPLOIT
1099,57,,,0,1,1,0,common,1.0,0.5888849633936571,0.5879996579571345,0.5846848398197215,0.0,0.7641000384521985,0.8257318824086975,,,EXPLOIT
1100,57,,,0,1,1,0,common,1.0,0.3827752262058771,0.40946817970441907,0.5241119557355681,0.0,0.7504176883697441,0.8124144647132042,,,EXPLOIT
1101,57,,,0,1,1,0,common,1.0,0.2488038970338201,0.2993338433222791,0.4415195381250437,0.0,0.7558967566636631,0.817770723002048,,,EXPLOIT
1102,57,,,0,1,1,0,common,1.0,0.16172253307198303,0.23844711686586864,0.3575804366091255,0.0,0.761089107816379,0.8227803931082178,,,EXPLOIT
1103,57,,,0,1,1,0,common,1.0,0.10511964649678895,0.20404418883726394,0.2818421995754245,0.0,0.7660164311427652,0.8274758311501293,,,EXPLOIT
1104,57,,,0,1,1,0,common,1.0,0.06832777022291281,0.18385548262967133,0.217787870769671,0.0,0.7706982824162223,0.8318854874987026,,,EXPLOIT
1105,57,,,0,1,1,0,common,0.0,0.9555869493551067,0.17162504634414877,0.4391275943453017,0.0,0.7751523399200562,0.8360344788546668,,,EXPLOIT
1106,57,,,0,1,1,0,common,0.0,0.6211315170808194,0.4060455249623501,0.4937287711659569,0.0,0.7793946244879776,0.8399450626365358,,,EXPLOIT
1107,57,,,0,1,1,0,common,0.0,0.4037354861025326,0.5936578478536854,0.4667307856469296,0.0,0.7834396893070328,0.8436370326026397,,,EXPLOIT
1108,57,,,0,1,1,0,common,1.0,0.7375719340333537,0.6758255055594706,0.5479831301628568,0.0,0.7717663460770139,0.8328156871321545,,,EXPLOIT
1109,57,,,0,1,1,0,common,1.0,0.4794217571216799,0.49555342769076177,0.5274147182505038,0.0,0.7589002013704689,0.8205186075643784,,,EXPLOIT
1110,57,,,0,1,1,0,common,1.0,0.31162414212909195,0.3488573369083956,0.46267754541408024,0.0,0.7639384567092659,0.8253547259863196,,,EXPLOIT
1111,57,,,0,1,1,0,common,1.0,0.2025556923839098,0.2658120254086055,0.3846409895050291,0.0,0.7687231130908372,0.8298924317074083,,,EXPLOIT
1112,57,,,0,0,0,0,common,0.0,0.16854619742501162,0.21966606863474128,0.31981255188102387,0.0,0.7732726235604446,0.8341583094101422,,,EXPLOIT
1113,57,,,0,1,1,0,common,1.0,0.1316612000495414,0.18615082241839304,0.2633671463315791,0.0,0.7776036935380408,0.8381758772623037,,,EXPLOIT
1114,57,,,0,1,1,0,common,1.0,0.0855797800322019,0.1629540095654167,0.2100309364417659,0.0,0.7817314829290867,0.8419660166789641,,,EXPLOIT
1115,57,,,0,1,1,0,common,0.0,0.9443731429790687,0.14921254203399825,0.4303335984029567,0.0,0.7856697808207795,0.8455473317793859,,,EXPLOIT
1116,57,,,0,1,1,0,common,1.0,0.38615745706360527,0.3617407095296007,0.41708075600115124,0.0,0.7894311570060965,0.8489364516008305,,,EXPLOIT
1117,57,,,0,1,1,0,common,0.0,0.7489976529086566,0.2585419856555199,0.5166558250734028,0.0,0.7783467010631754,0.8388015432262431,,,EXPLOIT
1118,57,,,0,0,0,0,common,0.0,0.10955502832625755,0.4729989320310791,0.3945255860492592,0.0,0.7824400755646032,0.8425568267703256,,,EXPLOIT
1119,57,,,0,0,0,0,common,0.0,0.07121076841206742,0.4387066485321789,0.2975311407581016,0.0,0.7863462620264207,0.8461060921815481,,,EXPLOIT
1120,57,,,0,0,0,0,common,0.0,0.04628699946784382,0.4166059868601094,0.22215789837102426,0.0,0.7900776292148964,0.8494656751896781,,,EXPLOIT
1121,57,,,0,0,0,0,common,0.0,0.030086549654098484,0.40239628958514306,0.1645364937559465,0.0,0.7936454799240898,0.8526502291177067,,,EXPLOIT
1122,57,,,0,0,0,0,common,0.0,0.019556257275164017,0.39324419310261477,0.12104242281171175,0.0,0.7970601633943489,0.8556729360375483,,,EXPLOIT
1123,57,,,0,1,1,0,common,1.0,0.5131515256093733,0.38733553880265426,0.23867515365101022,0.0,0.800331173797741,0.8585456869023556,,,EXPLOIT
1124,57,,,0,1,1,0,common,1.0,0.33354849164609257,0.24891028140160637,0.2671371550495349,0.0,0.8034672367643065,0.8612792358460297,,,EXPLOIT
1125,57,,,0,1,1,0,common,1.0,0.21680651956996022,0.1800197704767885,0.25203796440566245,0.0,0.8064763856097753,0.8638833328711643,,,EXPLOIT
1126,57,,,0,1,1,0,common,1.0,0.14092423772047413,0.1441856098383372,0.21870384640010593,0.0,0.8093660286669759,0.8663668383763291,,,EXPLOIT
1127,57,,,0,1,1,0,common,1.0,0.09160075451830818,0.1243232488811725,0.18057291883556661,0.0,0.8121430089091295,0.8687378223578919,,,EXPLOIT
1128,57,,,0,1,1,0,common,1.0,0.05954049043690035,0.11273884396154103,0.1442631903159667,0.0,0.8148136568752518,0.8710036506267486,,,EXPLOIT
1129,57,,,0,1,1,0,common,0.0,0.9612986812160148,0.105733583747331,0.3893738375859811,0.0,0.817383837759352,0.8731710599806045,,,EXPLOIT
1130,57,,,0,1,1,0,common,1.0,0.3751558572095903,0.2776593680976147,0.38510844347306383,0.0,0.819858993400712,0.8752462239479056,,,EXPLOIT
1131,57,,,0,1,1,0,common,1.0,0.2438513071862337,0.19444958982527216,0.3427313025870148,0.0,0.8222441798079674,0.8772348104547917,,,EXPLOIT
1132,57,,,0,1,1,0,common,0.0,0.841496650328948,0.15189826049805188,0.4923609069095948,0.0,0.8245441007615488,0.8791420325495293,,,EXPLOIT
1133,57,,,0,1,1,0,common,1.0,0.4530271772861838,0.337104987145391,0.48056078802257146,0.0,0.8267631379644537,0.8809726931403464,,,EXPLOIT
1134,57,,,0,0,0,0,common,0.0,0.01271156722885661,0.2239185613566651,0.34020602178445697,0.0,0.828905378148037,0.8827312245550843,,,EXPLOIT
1135,57,,,0,0,0,0,common,1.0,0.9917374813012432,0.22119766653153228,0.5356654596394927,0.0,0.8213096109963188,0.8764233702416193,,,EXPLOIT
1136,57,,,0,0,0,0,common,0.0,0.35537063715419187,0.49721627041250455,0.4815770128939025,0.0,0.8236427731192525,0.8783636036211262,,,EXPLOIT
1137,57,,,0,0,0,0,common,0.0,0.2309909141502247,0.3869873927163657,0.40640118327079916,0.0,0.825893352168042,0.8802253382327754,,,EXPLOIT
1138,57,,,0,0,0,0,common,0.0,0.15014409419764607,0.3202923380310806,0.3295240565488532,0.0,0.8280655486804364,0.8820131550176085,,,EXPLOIT
1139,57,,,0,0,0,0,common,0.0,0.09759366122846995,0.2806777534579833,0.2599449379527382,0.0,0.8301632832648357,0.8837312854205257,,,EXPLOIT
1140,57,,,0,1,1,0,common,0.0,0.7055323347639806,0.25673448441456637,0.3936211569961109,0.0,0.8321902195396585,0.8853836440992939,,,EXPLOIT
1141,57,,,0,0,0,0,common,0.0,0.06343587979850547,0.4570019784928563,0.29456557383682924,0.0,0.8341497848532905,0.8869738580275925,,,EXPLOIT
1142,57,,,0,0,0,0,common,0.0,0.04123332186902856,0.43716983390175157,0.218565898246489,0.0,0.8360451890311598,0.8885052924475174,,,EXPLOIT
1143,57,,,0,0,0,0,common,1.0,0.9731983407851315,0.4243516519179339,0.44495563100808166,0.0,0.8378794413656734,0.8899810740623982,,,EXPLOIT
1144,57,,,0,0,0,0,common,1.0,0.6325789215103355,0.6767938284716255,0.5012426181587578,0.0,0.8309830589852922,0.8843723679831069,,,EXPLOIT
1145,57,,,0,0,0,0,common,1.0,0.41117629898171804,0.6603454321534494,0.47422272240564584,0.0,0.8329826247942008,0.8860004865448537,,,EXPLOIT
1146,57,,,0,0,0,0,common,0.0,0.7327354056618833,0.5627582204726371,0.551776527382517,0.0,0.8257088810135236,0.8800131638538005,,,EXPLOIT
1147,57,,,0,0,0,0,common,0.0,0.47627801368022415,0.692522265179282,0.5291269732718291,0.0,0.8178556713438426,0.8734322225693056,,,EXPLOIT
1148,57,,,0,0,0,0,common,0.0,0.30958070889214573,0.650633376638751,0.4632630939579241,0.0,0.8203135595280128,0.875496396847733,,,EXPLOIT
1149,57,,,0,1,1,0,common,1.0,0.5414039824034126,0.5763631135590936,0.48670536049157065,0.0,0.8226823875829103,0.8774746611536721,,,EXPLOIT
1150,57,,,0,1,1,0,common,0.0,0.6480874114377818,0.4110643672434134,0.5351199757754339,0.0,0.8145813840297165,0.8706332467754246,,,EXPLOIT
1151,57,,,0,1,1,0,common,1.0,0.5787431825654418,0.6049511307092486,0.5482069378124362,0.0,0.8057977040949211,0.8630636282223164,,,EXPLOIT
1152,57,,,0,1,1,0,common,1.0,0.37618306866753715,0.432518858529515,0.49659977706896646,0.0,0.8087141059285872,0.8655848053793697,,,EXPLOIT
1153,57,,,0,1,1,0,common,1.0,0.24451899463389914,0.3211829975892809,0.42097554233844625,0.0,0.8115163240701427,0.8679909593597293,,,EXPLOIT
1154,57,,,0,1,1,0,common,0.0,0.8410626534879655,0.2582740465719615,0.547001675683302,0.0,0.8024669605300326,0.8601298122262248,,,EXPLOIT
1155,57,,,0,1,1,0,common,1.0,0.4533092752328224,0.5013872682132591,0.5188939555481581,0.0,0.792609421387251,0.8513672319329482,,,EXPLOIT
1156,57,,,0,1,1,0,common,1.0,0.29465102890133454,0.36187952353122166,0.451621077554111,0.0,0.7960682617596987,0.8544546677880676,,,EXPLOIT
1157,57,,,0,1,1,0,common,1.0,0.1915231687858675,0.28117593082945963,0.3735917049236379,0.0,0.7993807120945656,0.8573874268669296,,,EXPLOIT
1158,57,,,0,1,1,0,common,0.0,0.8755099402891862,0.23552921726462378,0.5241671755333024,0.0,0.7892394044242511,0.848298311107444,,,EXPLOIT
1159,57,,,0,1,1,0,common,1.0,0.4309185388120289,0.4814428355336602,0.4961925845169203,0.0,0.7928436916411703,0.8515431843792647,,,EXPLOIT
1160,57,,,0,1,1,0,common,1.0,0.28009705022781883,0.3498061808494988,0.4313639242301898,0.0,0.7962925244070027,0.8546217051604423,,,EXPLOIT
1161,57,,,0,1,1,0,common,0.0,0.8179369173519178,0.2743902531044205,0.5473358221667082,0.0,0.7858631113679113,0.8451969217337906,,,EXPLOIT
1162,57,,,0,1,1,0,common,1.0,0.4683410037212534,0.5146596893370898,0.5236373766330717,0.0,0.7744298613249667,0.8345800939406222,,,EXPLOIT
1163,57,,,0,1,1,0,common,1.0,0.3044216524188148,0.37009268423091796,0.4578726593687946,0.0,0.7787061694257965,0.8385734919963711,,,EXPLOIT
1164,57,,,0,1,1,0,common,0.0,0.8021259259277704,0.2857933969759054,0.5611486393364873,0.0,0.7665564042376102,0.8270740405819811,,,EXPLOIT
1165,57,,,0,1,1,0,common,1.0,0.47861814814694914,0.5236552615345195,0.5363894919796258,0.0,0.7531384200088418,0.813953264656493,,,EXPLOIT
1166,57,,,0,0,0,0,common,0.0,0.20122746077989473,0.3757549164837514,0.4358408826197065,0.0,0.7584742090856825,0.8192088304057584,,,EXPLOIT
1167,57,,,0,1,1,0,common,1.0,0.31110179629551693,0.3181693175956727,0.3984191567224496,0.0,0.7635341879612855,0.8241273116186948,,,EXPLOIT
1168,57,,,0,1,1,0,common,1.0,0.20221616759208605,0.24022004823005672,0.3395582599833405,0.0,0.7683389664988687,0.8287399050641845,,,EXPLOIT
1169,57,,,0,1,1,0,common,1.0,0.13144050893485593,0.19759281062060163,0.2771229346687951,0.0,0.7729071513351344,0.8330740733082864,,,EXPLOIT
1170,57,,,0,1,1,0,common,1.0,0.08543633080765634,0.1732591677073792,0.21961695351045346,0.0,0.7772555834988892,0.8371540872094894,,,EXPLOIT
1171,57,,,0,1,1,0,common,1.0,0.05553361502497667,0.15880867710642368,0.1703919519648104,0.0,0.7813995429904448,0.8410014765095162,,,EXPLOIT
1172,57,,,0,1,1,0,common,0.0,0.9639031502337652,0.14997088485637855,0.4084453114454968,0.0,0.7853529255599313,0.8446354061854063,,,EXPLOIT
1173,57,,,0,1,1,0,common,1.0,0.3734629523480526,0.368920619386884,0.3979506037162635,0.0,0.7891283959945695,0.8480729924515407,,,EXPLOIT
1174,57,,,0,1,1,0,common,0.0,0.7572490809737658,0.26751914123774523,0.5057401468935141,0.0,0.7780145607293406,0.8378278560219544,,,EXPLOIT
1175,57,,,0,1,1,0,common,1.0,0.5077880973670522,0.48719443017789565,0.5063545320355756,0.0,0.7657943582835168,0.8262267075033831,,,EXPLOIT
1176,57,,,0,1,1,0,common,0.0,0.6699377367114161,0.33318027052165017,0.5554294934383277,0.0,0.7522946464012507,0.8129819685074111,,,EXPLOIT
1177,57,,,0,1,1,0,common,1.0,0.5645404711375795,0.5370613758471425,0.5581627867481032,0.0,0.7373041668651402,0.7977185570328184,,,EXPLOIT
1178,57,,,0,1,1,0,common,1.0,0.36695130623942673,0.3634454975703726,0.5007993425955002,0.0,0.7205624459194466,0.7799378655539969,,,EXPLOIT
1179,57,,,0,1,1,0,common,1.0,0.2385183490556274,0.26457096601883434,0.4221150445335383,0.0,0.7277304541339522,0.787628485453717,,,EXPLOIT
1180,57,,,0,1,1,0,common,1.0,0.15503692688615778,0.21109541148885008,0.3419916092393241,0.0,0.7344735102186025,0.7947304065538517,,,EXPLOIT
1181,57,,,0,1,1,0,common,1.0,0.10077400247600254,0.18108406318904985,0.2696263272103276,0.0,0.7408280041989032,0.8013084123743437,,,EXPLOIT
1182,57,,,0,0,0,0,common,0.0,0.13079784950693157,0.1635098804768066,0.22797778389930876,0.0,0.7468262868159984,0.8074181175441346,,,EXPLOIT
1183,57,,,0,0,0,0,common,0.0,0.08501860217950552,0.14285494023413564,0.1850900293833678,0.0,0.7524972148526136,0.8131075344824584,,,EXPLOIT
1184,57,,,0,1,1,0,common,1.0,0.06550310160940165,0.13066566697755572,0.14921395105117793,0.0,0.7578666104352451,0.8184183294581165,,,EXPLOIT
1185,57,,,0,1,1,0,common,1.0,0.04257701604611108,0.12190299314033837,0.11722287054965788,0.0,0.7629576497387229,0.8233868375790442,,,EXPLOIT
1186,57,,,0,1,1,0,common,1.0,0.027675060429972254,0.11648872213697434,0.09035852751375219,0.0,0.7677911934367755,0.8280448890176781,,,EXPLOIT
1187,57,,,0,1,1,0,common,1.0,0.017988789279481998,0.11308477007602005,0.06864760604347113,0.0,0.7723860688357979,0.8324204861974517,,,EXPLOIT
1188,57,,,0,1,1,0,common,1.0,0.011692713031663304,0.11091993275673263,0.051561138139928776,0.0,0.7767593117378263,0.8365383623901197,,,EXPLOIT
1189,57,,,0,1,1,0,common,0.0,0.9923997365294188,0.10953268193793508,0.3338127176567758,0.0,0.7809263745830194,0.8404204452654274,,,EXPLOIT
1190,57,,,0,1,1,0,common,0.0,0.6450598287441223,0.2939823865509501,0.4271868509829797,0.0,0.784901306231948,0.8440862437410065,,,EXPLOIT
1191,57,,,0,1,1,0,common,1.0,0.5807111113163205,0.48486209351351656,0.4732441290829819,0.0,0.7886969077958016,0.8475531725411812,,,EXPLOIT
1192,57,,,0,1,1,0,common,0.0,0.6225377776443917,0.3110483596330946,0.5180322236514048,0.0,0.7775411322562914,0.8372413735941268,,,EXPLOIT
1193,57,,,0,0,0,0,common,0.0,0.055262091416678594,0.4979042131381567,0.3792011839809869,0.0,0.7816718255154557,0.8410838565364979,,,EXPLOIT
1194,57,,,0,1,1,0,common,1.0,0.5953504445311454,0.4806605151972062,0.4440459621460344,0.0,0.785612832499185,0.8447132783758914,,,EXPLOIT
1195,57,,,0,1,1,0,common,1.0,0.3869777889452445,0.30352937199049357,0.42692551018579744,0.0,0.789376740034326,0.8481467133111323,,,EXPLOIT
1196,57,,,0,1,1,0,common,1.0,0.2515355628144089,0.21204895881316557,0.37430852597438086,0.0,0.7929750456914332,0.8513994588215043,,,EXPLOIT
1197,57,,,0,1,1,0,common,1.0,0.1634981158293658,0.16500373161560045,0.3110654029308763,0.0,0.796418273124262,0.8544852609159055,,,EXPLOIT
1198,57,,,0,1,1,0,common,1.0,0.10627377528908777,0.13934836983219429,0.24962791463833972,0.0,0.7997160730574508,0.8574165059613921,,,EXPLOIT
1199,57,,,0,1,1,0,common,1.0,0.06907795393790706,0.12458219376099924,0.19546292642820992,0.0,0.8028773119635105,0.8602043847366195,,,EXPLOIT
1200,57,,,0,1,1,0,common,0.0,0.9550993299403604,0.11573740407979997,0.42335384748185506,0.0,0.8059101501450814,0.8628590332914888,,,EXPLOIT
1201,57,,,0,1,1,0,common,1.0,0.3791854355387657,0.2976470127180057,0.41010332389892823,0.0,0.8088221106704083,0.8653896543505738,,,EXPLOIT
1202,57,,,0,1,1,0,common,1.0,0.24647053310019773,0.20908082555692956,0.3610134866593091,0.0,0.8116201403881534,0.8678046223250612,,,EXPLOIT
1203,57,,,0,1,1,0,common,0.0,0.8397941534848714,0.1634264827313774,0.5046476867069778,0.0,0.8025798423090749,0.8599226992297029,,,EXPLOIT
1204,57,,,0,1,1,0,common,1.0,0.45413380023483363,0.3570241762287025,0.4894935207653345,0.0,0.8056246582717705,0.8625906708039742,,,EXPLOIT
1205,57,,,0,1,1,0,common,1.0,0.29518697015264184,0.23898766578382194,0.4312015555815267,0.0,0.8085479010133689,0.8651337041663846,,,EXPLOIT
1206,57,,,0,1,1,0,common,0.0,0.8081284694007828,0.17912919478442293,0.5442796297273035,0.0,0.7992373528026256,0.8569508335833744,,,EXPLOIT
1207,57,,,0,1,1,0,common,0.0,0.5252835051105088,0.3743169101701443,0.5385807923422651,0.0,0.7890827628876796,0.8478091543655422,,,EXPLOIT
1208,57,,,0,1,1,0,common,0.0,0.3414342783218307,0.5363294111510135,0.47943683813613475,0.0,0.7926938781486229,0.8510794609566711,,,EXPLOIT
1209,57,,,0,1,1,0,common,1.0,0.7780677190908101,0.6284568862924775,0.5690261024225373,0.0,0.7819234793680854,0.8412154150108554,,,EXPLOIT
1210,57,,,0,1,1,0,common,1.0,0.5057440174090265,0.4010240412092178,0.550041476918484,0.0,0.7700986072340904,0.830072485405839,,,EXPLOIT
1211,57,,,0,1,1,0,common,1.0,0.3287336113158672,0.2613497044439358,0.48364911723769893,0.0,0.774581544865518,0.8343277406195165,,,EXPLOIT
1212,57,,,0,1,1,0,common,0.0,0.7863231526446863,0.19064670925335017,0.5744513278597951,0.0,0.7620085753561711,0.8222428704803408,,,EXPLOIT
1213,57,,,0,1,1,0,common,1.0,0.4888899507809539,0.38642970712569175,0.5487829147361427,0.0,0.7480990132971701,0.8084069815471473,,,EXPLOIT
1214,57,,,0,1,1,0,common,1.0,0.31777846800762,0.25388904059055767,0.47948158071758584,0.0,0.7537015947152165,0.8140297066802844,,,EXPLOIT
1215,57,,,0,1,1,0,common,1.0,0.20655600420495301,0.18682127335981852,0.39760390776379595,0.0,0.7590079487313217,0.8192802939361682,,,EXPLOIT
1216,57,,,0,0,0,0,common,0.0,0.03592035942084108,0.15143543101250512,0.28909884326090945,0.0,0.7640407164249737,0.8241942643622369,,,EXPLOIT
1217,57,,,0,1,1,0,common,0.0,0.8657385972667806,0.14589909872142476,0.4620907694626708,0.0,0.7688202891792707,0.8288027579286408,,,EXPLOIT
1218,57,,,0,1,1,0,common,1.0,0.4372699117765926,0.3329862646825626,0.4546445121568473,0.0,0.7733650813372271,0.8331331887702559,,,EXPLOIT
1219,57,,,0,1,1,0,common,0.0,0.7157745573452148,0.22416101406971334,0.5329835257133575,0.0,0.7606658600003416,0.8208808315193801,,,EXPLOIT
1220,57,,,0,1,1,0,common,0.0,0.46525346227438963,0.41542200216928016,0.5126645066816671,0.0,0.7466093999435612,0.8068396775776476,,,EXPLOIT
1221,57,,,0,0,0,0,common,0.0,0.023348233623546703,0.5586856730391745,0.36586962476423096,0.0,0.7522920138641483,0.8125682784336694,,,EXPLOIT
1222,57,,,0,0,0,0,common,1.0,0.9848236481446947,0.5518627879178567,0.55155583177837,0.0,0.7373012356647629,0.7972393497190353,,,EXPLOIT
1223,57,,,0,0,0,0,common,0.0,0.3598646287059485,0.6865895220019276,0.4940484708566435,0.0,0.743496022032769,0.803636810696431,,,EXPLOIT
1224,57,,,0,0,0,0,common,0.0,0.23391200865886652,0.68384928301724,0.41600753219731035,0.0,0.7493476312036187,0.809584675148733,,,EXPLOIT
1225,57,,,0,0,0,0,common,0.0,0.15204280562826325,0.6498897294152868,0.3368181142265962,0.0,0.7548835393902869,0.815128458408866,,,EXPLOIT
1226,57,,,0,0,0,0,common,0.0,0.09882782365837112,0.616650568921437,0.26542102705612863,0.0,0.7601283662160404,0.8203077328886574,,,EXPLOIT
1227,57,,,0,1,1,0,common,1.0,0.6975852495216468,0.5913794463645938,0.39507029379578407,0.0,0.7651042365526821,0.8251570673820852,,,EXPLOIT
1228,57,,,0,0,0,0,common,0.0,0.06423808537794123,0.38030666914640343,0.2958206312704312,0.0,0.7698310887177328,0.829706793674588,,,EXPLOIT
1229,57,,,0,1,1,0,common,1.0,0.45343041218907043,0.36129992744311623,0.34310356554602295,0.0,0.7743269380842699,0.8339836363991938,,,EXPLOIT
1230,57,,,0,1,1,0,common,1.0,0.29472976792289574,0.24247517328383844,0.3285914262590848,0.0,0.7786081034518442,0.8380112337785552,,,EXPLOIT
1231,57,,,0,1,1,0,common,1.0,0.19157434914988225,0.1819987770427986,0.287486303126324,0.0,0.7826894021746248,0.8418105706869995,,,EXPLOIT
1232,57,,,0,1,1,0,common,1.0,0.12452332694742352,0.1496975017280215,0.23859741027265383,0.0,0.7865843189643206,0.8454003407860972,,,EXPLOIT
1233,57,,,0,1,1,0,common,1.0,0.08094016251582525,0.13142778565304403,0.19130023594560525,0.0,0.7903051524202901,0.8487972509259576,,,EXPLOIT
1234,57,,,0,1,1,0,common,1.0,0.05261110563528637,0.1206215838101371,0.14969349685250957,0.0,0.7938631426416678,0.8520162782727917,,,EXPLOIT
1235,57,,,0,0,0,0,common,0.0,0.04175475549566181,0.114024985006663,0.11731187444545524,0.0,0.7972685827109862,0.8550708885118825,,,EXPLOIT
1236,57,,,0,1,1,0,common,0.0,0.9658027813370639,0.10901986882261976,0.37185914651293783,0.0,0.8005309163784033,0.8579732218313711,,,EXPLOIT
1237,57,,,0,1,1,0,common,1.0,0.3722281921309085,0.28598878587440135,0.371969860198329,0.0,0.80365882389902,0.8607342521038264,,,EXPLOIT
1238,57,,,0,1,1,0,common,1.0,0.24194832488509055,0.20144056627583468,0.33296339960435745,0.0,0.8066602976663005,0.8633639236661369,,,EXPLOIT
1239,57,,,0,0,0,0,common,0.0,0.027140591072180177,0.15791441520656013,0.24121655704470427,0.0,0.8095427090292567,0.8658712692914594,,,EXPLOIT
1240,57,,,0,0,0,0,common,0.0,0.017641384196917118,0.15356243436532704,0.17414400519036813,0.0,0.8123128674694893,0.8682645123028467,,,EXPLOIT
1241,57,,,0,1,1,0,common,1.0,0.15726641117530882,0.15078858058180022,0.16908072698585033,0.0,0.814977073138233,0.8705511552610954,,,EXPLOIT
1242,57,,,0,1,1,0,common,0.0,0.8977768327360492,0.12790436819837953,0.38768955871090993,0.0,0.8175411636066668,0.8727380572420572,,,EXPLOIT
1243,57,,,0,1,1,0,common,1.0,0.416445058721568,0.3073519505287747,0.39631620871410733,0.0,0.8200105555596997,0.8748315013802136,,,EXPLOIT
1244,57,,,0,1,1,0,common,1.0,0.27068928816901927,0.20894407733454504,0.3586281325505809,0.0,0.8223902820599981,0.8768372540794883,,,EXPLOIT
1245,57,,,0,1,1,0,common,1.0,0.17594803730986253,0.15931402350167137,0.30382410397836535,0.0,0.8246850259217857,0.8787606170664712,,,EXPLOIT
1246,57,,,0,1,1,0,common,0.0,0.8856337757485894,0.13267545699649486,0.47836700550943256,0.0,0.8268991496601199,0.880606473275556,,,EXPLOIT
1247,57,,,0,1,1,0,common,1.0,0.42433804576341694,0.3134285775089986,0.46215831758562786,0.0,0.8290367224187147,0.8823793274021804,,,EXPLOIT
1248,57,,,0,1,1,0,common,1.0,0.27581972974622104,0.2119492256171881,0.4062567412338058,0.0,0.8311015442260543,0.8840833418332741,,,EXPLOIT
1249,57,,,0,0,0,0,common,0.0,0.011466899727996128,0.16087792396622935,0.2878197887820629,0.0,0.8330971678840239,0.8857223685582434,,,EXPLOIT
1250,57,,,0,1,1,0,common,1.0,0.17928282433504372,0.1589973437856036,0.25525869944795715,0.0,0.8350269187543313,0.8872999775754806,,,EXPLOIT
1251,57,,,0,1,1,0,common,1.0,0.11653383581777843,0.1319403680065731,0.21364124035890353,0.0,0.8368939126745574,0.8888194822353359,,,EXPLOIT
1252,57,,,0,1,1,0,common,1.0,0.07574699328155599,0.11658251671491306,0.17227296623569924,0.0,0.8387010722069022,0.8902839618981996,,,EXPLOIT
1253,57,,,0,1,1,0,common,1.0,0.04923554563301136,0.10746937810368565,0.13536174005489288,0.0,0.8404511413978882,0.8916962822337883,,,EXPLOIT
1254,57,,,0,1,1,0,common,0.0,0.9679968953385426,0.10189284174963681,0.3851522866399878,0.0,0.8421466992058239,0.8930591134432363,,,EXPLOIT
1255,57,,,0,1,1,0,common,1.0,0.3708020180299473,0.2708240674349992,0.3808472060569756,0.0,0.8437901717342378,0.8943749466478129,,,EXPLOIT
1256,57,,,0,1,1,0,common,0.0,0.7589786882805343,0.19003956932512578,0.49428665072404315,0.0,0.8453838433933539,0.8956461086559248,,,EXPLOIT
1257,57,,,0,1,1,0,common,1.0,0.5066638526176527,0.37727674117877086,0.497999811292126,0.0,0.8469298670976126,0.8968747752925803,,,EXPLOIT
1258,57,,,0,1,1,0,common,1.0,0.3293315042014743,0.2426711416757498,0.4473993191649304,0.0,0.8484302735949858,0.8980629834519791,,,EXPLOIT
1259,57,,,0,1,1,0,common,1.0,0.2140654777309583,0.17592326889004867,0.3773991667347388,0.0,0.8498869800131185,0.8992126420136811,,,EXPLOIT
1260,57,,,0,1,1,0,common,1.0,0.13914256052512286,0.14119255998753652,0.30592218487185396,0.0,0.8513017976979416,0.9003255417454364,,,EXPLOIT
1261,57,,,0,1,1,0,common,1.0,0.09044266434132986,0.12192413775998161,0.24127832871269672,0.0,0.8526764394121626,0.9014033643007435,,,EXPLOIT
1262,57,,,0,1,1,0,common,0.0,0.9412122681781356,0.11067691931080109,0.45125851055232835,0.0,0.854012525953803,0.9024476904062396,,,EXPLOIT
1263,57,,,0,1,1,0,common,1.0,0.38821202568421187,0.2832890631464874,0.43234456509189334,0.0,0.8553115922485703,0.9034600073227714,,,EXPLOIT
1264,57,,,0,1,1,0,common,1.0,0.25233781669473776,0.19623263419699194,0.37834254057274663,0.0,0.8565750929642301,0.9044417156542215,,,EXPLOIT
1265,57,,,0,1,1,0,common,1.0,0.16401958085157953,0.1520140929970479,0.31404565265639645,0.0,0.8578044076901631,0.9053941355696606,,,EXPLOIT
1266,57,,,0,1,1,0,common,0.0,0.8933872724464733,0.12804987574089233,0.48784813859341947,0.0,0.8590008457208995,0.9063185124969627,,,EXPLOIT
1267,57,,,0,1,1,0,common,1.0,0.41929827290979227,0.30646479763844797,0.46728317888833126,0.0,0.8601656504785055,0.907216022339531,,,EXPLOIT
1268,57,,,0,1,1,0,common,0.0,0.727456122608635,0.20768953681933766,0.5453350620044224,0.0,0.8548580222314079,0.9031002649925749,,,EXPLOIT
1269,57,,,0,1,1,0,common,1.0,0.5271535203043872,0.3948894643775718,0.5398805994944118,0.0,0.849191079062531,0.8986494656778148,,,EXPLOIT
1270,57,,,0,1,1,0,common,1.0,0.34264978819785175,0.2514737148222653,0.48071135610544374,0.0,0.8506258417112149,0.8997803058422609,,,EXPLOIT
1271,57,,,0,1,1,0,common,1.0,0.22272236232860365,0.18036007341198784,0.4033146579723917,0.0,0.8520196157628711,0.9008752512751524,,,EXPLOIT
1272,57,,,0,1,1,0,common,0.0,0.8552304644864076,0.14358060569645464,0.5388893999265965,0.0,0.8461556422214983,0.89623773570063,,,EXPLOIT
1273,57,,,0,1,1,0,common,0.0,0.555899801916165,0.32576350027239986,0.543992520523467,0.0,0.8398738237986524,0.8911983943054905,,,EXPLOIT
1274,57,,,0,1,1,0,common,1.0,0.6386651287544928,0.49390799786914485,0.5723943029927747,0.0,0.8331282026899208,0.88570292679146,,,EXPLOIT
1275,57,,,0,1,1,0,common,1.0,0.41513233369042035,0.3032922205475935,0.5252157122020684,0.0,0.8258658252258209,0.8796867878647242,,,EXPLOIT
1276,57,,,0,1,1,0,common,1.0,0.26983601689877323,0.2061242896960381,0.4486018036110799,0.0,0.8280389728565294,0.8814958455693128,,,EXPLOIT
1277,57,,,0,1,1,0,common,0.0,0.8246065890157974,0.15719258671034564,0.5614032392324951,0.0,0.8203738592736532,0.8750646149620975,,,EXPLOIT
1278,57,,,0,1,1,0,common,0.0,0.5359942828602684,0.34173830211189016,0.553780552320827,0.0,0.8120811966512294,0.8679710444683569,,,EXPLOIT
1279,57,,,0,1,1,0,common,0.0,0.3483962838591745,0.5053910438704767,0.49216527178233127,0.0,0.8147541907625014,0.8702706376102611,,,EXPLOIT
1280,57,,,0,1,1,0,common,0.0,0.22645758450846343,0.6056979373106731,0.41245296560017086,0.0,0.8173265895449209,0.872469664370544,,,EXPLOIT
1281,57,,,0,1,1,0,common,1.0,0.8528025700694988,0.6555646131417874,0.5445578469409692,0.0,0.8087774204024353,0.8650992802498028,,,EXPLOIT
1282,57,,,0,1,1,0,common,0.0,0.4456783294548258,0.41866690156020825,0.5148939916951261,0.0,0.7994872033338158,0.8569124924603819,,,EXPLOIT
1283,57,,,0,1,1,0,common,1.0,0.7103090858543633,0.5560480461224164,0.5735185199428972,0.0,0.7893557562786648,0.8477661895826515,,,EXPLOIT
1284,57,,,0,0,0,0,common,0.0,0.007453484823197483,0.33986747753086427,0.4036990094069873,0.0,0.7929549755707046,0.8510387345474564,,,EXPLOIT
1285,57,,,0,1,1,0,common,0.0,0.5382990941946639,0.3377565247061066,0.44407903484329025,0.0,0.7963990591918714,0.8541428468977318,,,EXPLOIT
1286,57,,,0,1,1,0,common,1.0,0.6501055887734685,0.501754002893002,0.5058870010223437,0.0,0.7859796544313099,0.8446592963850175,,,EXPLOIT
1287,57,,,0,1,1,0,common,1.0,0.42256863270275447,0.30697053232099003,0.48089149052646696,0.0,0.789727270624161,0.8480956088248109,,,EXPLOIT
1288,57,,,0,1,1,0,common,1.0,0.27466961125679035,0.2074096720192193,0.41902492674556396,0.0,0.7933103300589489,0.8513510101301595,,,EXPLOIT
1289,57,,,0,1,1,0,common,1.0,0.17853524731691373,0.15743893439934054,0.34687802291696884,0.0,0.7967392688930607,0.8544392685123572,,,EXPLOIT
1290,57,,,0,1,1,0,common,1.0,0.11604791075599397,0.1307158953487633,0.27762898926867635,0.0,0.8000236593235936,0.8573727898295672,,,EXPLOIT
1291,57,,,0,1,1,0,common,1.0,0.07543114199139611,0.11554455909639816,0.21696963508549227,0.0,0.8031722971833198,0.8601627820280872,,,EXPLOIT
1292,57,,,0,1,1,0,common,1.0,0.049030242294407445,0.10654044415385747,0.1665878172481668,0.0,0.8061932790909345,0.8628193963266062,,,EXPLOIT
1293,57,,,0,1,1,0,common,1.0,0.03186965749136483,0.10102985791158567,0.1261723693211262,0.0,0.8090940705805151,0.8653518488925414,,,EXPLOIT
1294,57,,,0,1,1,0,common,1.0,0.020715277369387164,0.0975869924198381,0.09453524173560447,0.0,0.8118815664172149,0.867768526084385,,,EXPLOIT
1295,57,,,0,1,1,0,common,1.0,0.013464930290101651,0.09540635686516229,0.07021414830195362,0.0,0.8145621441251037,0.8700770757926186,,,EXPLOIT
1296,57,,,0,1,1,0,common,1.0,0.008752204688566079,0.09401271045973479,0.05177556521793735,0.0,0.8171417116019566,0.8722844869753226,,,EXPLOIT
1297,57,,,0,1,1,0,common,0.0,0.9943110669524321,0.0931167691286662,0.33453621573828574,0.0,0.8196257495692787,0.8743971591310099,,,EXPLOIT
1298,57,,,0,1,1,0,common,1.0,0.3536978064809191,0.25716890128427333,0.3402846929610757,0.0,0.8220193494995491,0.8764209631633365,,,EXPLOIT
1299,57,,,0,1,1,0,common,1.0,0.22990357421259744,0.18274029077668685,0.3071703573365322,0.0,0.8243272475730593,0.878361294856871,,,EXPLOIT
1300,57,,,0,1,1,0,common,0.0,0.8505626767618116,0.14446310060674425,0.47018805316411605,0.0,0.8265538551409489,0.8802231219896927,,,EXPLOIT
1301,57,,,0,1,1,0,common,0.0,0.5528657398951775,0.32610044335766925,0.49499135918343445,0.0,0.8287032861067516,0.882011025948991,,,EXPLOIT
1302,57,,,0,1,1,0,common,1.0,0.6406372690681346,0.49334133127821644,0.5386851321488445,0.0,0.821091372433104,0.8756313965401583,,,EXPLOIT
1303,57,,,0,1,1,0,common,0.0,0.5835857751057125,0.3022860390122667,0.5521553250359049,0.0,0.8128585250387195,0.8685975535087845,,,EXPLOIT
1304,57,,,0,1,1,0,common,1.0,0.6206692461812868,0.47551152613303876,0.5727095013795195,0.0,0.8039260055550962,0.8608038413989488,,,EXPLOIT
1305,57,,,0,1,1,0,common,1.0,0.40343501001783644,0.2925534953377802,0.5219271539710145,0.0,0.7942011757849216,0.8521205594736141,,,EXPLOIT
1306,57,,,0,1,1,0,common,1.0,0.2622327565115937,0.20030471275869638,0.44401883473318826,0.0,0.7975922837249613,0.8551699110151633,,,EXPLOIT
1307,57,,,0,1,1,0,common,1.0,0.17045129173253593,0.15373829864232816,0.3619485718329925,0.0,0.8008411624622449,0.8580673689769265,,,EXPLOIT
1308,57,,,0,1,1,0,common,1.0,0.11079333962614835,0.12865951371376733,0.28660200217093923,0.0,0.8039564221234421,0.8608238708641777,,,EXPLOIT
1309,57,,,0,1,1,0,common,1.0,0.07201567075699644,0.11434276704035425,0.2222261027467564,0.0,0.8069459918445739,0.8634493288592269,,,EXPLOIT
1310,57,,,0,1,1,0,common,1.0,0.04681018599204767,0.10581266724008835,0.16960132772034378,0.0,0.8098171857959023,0.8659527472210612,,,EXPLOIT
1311,57,,,0,1,1,0,common,1.0,0.030426620894830947,0.1005783708685979,0.12784891567268994,0.0,0.8125767616712537,0.8683423239153599,,,EXPLOIT
1312,57,,,0,1,1,0,common,0.0,0.9802226964183599,0.09730236814253028,0.3835610498963909,0.0,0.8152309726264348,0.8706255388920572,,,EXPLOIT
1313,57,,,0,1,1,0,common,1.0,0.36285524732806607,0.26345118488788494,0.37734930912589343,0.0,0.8177856135070558,0.8728092310132582,,,EXPLOIT
1314,57,,,0,1,1,0,common,1.0,0.23585591076324297,0.18587708750663923,0.33490128961709825,0.0,0.820246062085098,0.8748996652981966,,,EXPLOIT
1315,57,,,0,1,1,0,common,0.0,0.8466936580038921,0.14613392402547573,0.48843900013313635,0.0,0.8226173159218416,0.8769025918779447,,,EXPLOIT
1316,57,,,0,1,1,0,common,1.0,0.4496491222974701,0.3280966488085744,0.4768020367824365,0.0,0.8249040253889439,0.8788232978282722,,,EXPLOIT
1317,57,,,0,1,1,0,common,1.0,0.29227192949335556,0.21780077834126035,0.42144300459571216,0.0,0.8271105233068183,0.880666652864565,,,EXPLOIT
1318,57,,,0,0,0,0,common,1.0,0.9951552348649216,0.16280494292107245,0.593556673676475,0.0,0.8193707400436837,0.8741519164656654,,,EXPLOIT
1319,57,,,0,1,1,0,common,1.0,0.18997675417068116,0.40229838110953486,0.47248269782473684,0.0,0.8217735540193539,0.8761859458247528,,,EXPLOIT
1320,57,,,0,1,1,0,common,1.0,0.12348489021094278,0.34595822221224004,0.3677833555405986,0.0,0.8240901873862022,0.8781358875624434,,,EXPLOIT
1321,57,,,0,1,1,0,common,1.0,0.0802651786371128,0.3115805089346488,0.28152790246955284,0.0,0.8263250840760299,0.8800067578313876,,,EXPLOIT
1322,57,,,0,1,1,0,common,1.0,0.05217236611412335,0.29036343284349186,0.21272124156292396,0.0,0.828482387847612,0.8818031817307055,,,EXPLOIT
1323,57,,,0,1,1,0,common,1.0,0.03391203797418019,0.2770815727028808,0.15907848048630083,0.0,0.830565967213463,0.8835294306876756,,,EXPLOIT
1324,57,,,0,1,1,0,common,1.0,0.022042824683217166,0.2686697517651496,0.11796778374537573,0.0,0.8325794379232226,0.8851894556317746,,,EXPLOIT
1325,57,,,0,1,1,0,common,1.0,0.014327836044091158,0.263296882963771,0.08687579943499035,0.0,0.8345261832785921,0.8867869165034366,,,EXPLOIT
1326,57,,,0,1,1,0,common,1.0,0.00931309342865927,0.259844856363719,0.06360698763309103,0.0,0.8364093725199582,0.8883252085614458,,,EXPLOIT
1327,57,,,0,1,1,0,common,1.0,0.006053510728628475,0.25761814623033086,0.04634094456175226,0.0,0.8382319774949228,0.8898074858869648,,,EXPLOIT
1328,57,,,0,1,1,0,common,1.0,0.0039347819736085254,0.2561780279528365,0.03361909578530914,0.0,0.8399967877931651,0.8912366824266346,,,EXPLOIT
1329,57,,,0,1,1,0,common,0.0,0.9974423917171544,0.25524501526608145,0.32276608456486267,0.0,0.8417064245097812,0.892615530870203,,,EXPLOIT
1330,57,,,0,1,1,0,common,1.0,0.3516624453838496,0.545149312320294,0.33143499281055877,0.0,0.8433633527799448,0.8939465796182748,,,EXPLOIT
1331,57,,,0,1,1,0,common,1.0,0.22858058949950222,0.43636158101441325,0.3005786718172418,0.0,0.8449698932109824,0.8952322080618782,,,EXPLOIT
1332,57,,,0,1,1,0,common,1.0,0.1485773831746764,0.3667853152798773,0.2549782852244722,0.0,0.846528232323377,0.8964746403666062,,,EXPLOIT
1333,57,,,0,1,1,0,common,1.0,0.09657529906353968,0.3243166433894769,0.2074573893761924,0.0,0.8480404320995104,0.8976759579293461,,,EXPLOIT
1334,57,,,0,1,1,0,common,1.0,0.0627739443913008,0.29826056786016286,0.1640523558807249,0.0,0.8495084387278551,0.8988381106543731,,,EXPLOIT
1335,57,,,0,1,1,0,common,0.0,0.9591969361456545,0.282045709699403,0.40259572996020376,0.0,0.8509340906206055,0.8999629271773293,,,EXPLOIT
1336,57,,,0,1,1,0,common,1.0,0.3765219915053246,0.5658852517476679,0.39477360842374,0.0,0.8523191257742211,0.9010521241498624,,,EXPLOIT
1337,57,,,0,1,1,0,common,1.0,0.244739294478461,0.45078284209748176,0.3497633142401563,0.0,0.8536651885348584,0.9021073146840912,,,EXPLOIT
1338,57,,,0,1,1,0,common,1.0,0.1590805414109997,0.37567020785137106,0.29255848239140925,0.0,0.8549738358240847,0.9031300160442801,,,EXPLOIT
1339,57,,,0,1,1,0,common,0.0,0.8965976480828501,0.3297349396120287,0.4737702320988415,0.0,0.8562465428744421,0.9041216566628701,,,EXPLOIT
1340,57,,,0,1,1,0,common,1.0,0.4172115287461473,0.5978453898507653,0.45680262109303316,0.0,0.8574847085193041,0.9050835825491055,,,EXPLOIT
1341,57,,,0,1,1,0,common,1.0,0.27118749368499573,0.47445786861116307,0.4011180828706219,0.0,0.8586896600769119,0.9060170631507346,,,EXPLOIT
1342,57,,,0,1,1,0,common,0.0,0.8237281291047528,0.3904027296912794,0.5279010967408612,0.0,0.8532833016555318,0.9018050878495875,,,EXPLOIT
1343,57,,,0,0,0,0,common,0.0,0.3531490973378009,0.6308678942565176,0.47547549691994306,0.0,0.854602517842821,0.9028370489025437,,,EXPLOIT
1344,57,,,0,1,1,0,common,1.0,0.46457671608191065,0.5360179041276787,0.47220586266853326,0.0,0.8558853790271856,0.9038375442222765,,,EXPLOIT
1345,57,,,0,1,1,0,common,0.0,0.6980251345467581,0.39221802296285635,0.5399516442320007,0.0,0.8502889123882137,0.8994477487132075,,,EXPLOIT
1346,57,,,0,1,1,0,common,0.0,0.45371633745539275,0.6019130782653019,0.5140810521990183,0.0,0.844303129601248,0.8946883698890813,,,EXPLOIT
1347,57,,,0,1,1,0,common,1.0,0.7050843806539947,0.6846735304990466,0.5713820507355112,0.0,0.8378862785623287,0.8895109559816587,,,EXPLOIT
1348,57,,,0,1,1,0,common,1.0,0.4583048474250966,0.5306086593217496,0.5374588897423868,0.0,0.8309904159211454,0.8838581991835206,,,EXPLOIT
1349,57,,,0,1,1,0,common,1.0,0.29789815082631277,0.3886982101332251,0.4655906680675645,0.0,0.8329897368541404,0.8855057460990619,,,EXPLOIT
1350,57,,,0,1,1,0,common,1.0,0.19363379803710334,0.30374402002033307,0.3840036070584261,0.0,0.834923008669818,0.8870914109871211,,,EXPLOIT
1351,57,,,0,1,1,0,common,1.0,0.12586196872411715,0.2550435623344036,0.3065611155581334,0.0,0.8367933582325926,0.8886185403158571,,,EXPLOIT
1352,57,,,0,1,1,0,common,1.0,0.08181027967067611,0.22649675838043015,0.23913586479189622,0.0,0.8386037182826872,0.8900902436623085,,,EXPLOIT
1353,57,,,0,1,1,0,common,1.0,0.053176681785939484,0.20927479102718255,0.1833481098901092,0.0,0.8403568422730539,0.8915094143113956,,,EXPLOIT
1354,57,,,0,1,1,0,common,1.0,0.034564843160860614,0.19863919130793184,0.13871312987133463,0.0,0.8420553178659808,0.8928787477422181,,,EXPLOIT
1355,57,,,0,1,1,0,common,0.0,0.9775328519454406,0.19195935007055562,0.3903590464935664,0.0,0.8437015792285497,0.8942007582501942,,,EXPLOIT
1356,57,,,0,1,1,0,common,1.0,0.3646036462354636,0.4474417751774487,0.3826324264161355,0.0,0.8452979182498368,0.8954777939207343,,,EXPLOIT
1357,57,,,0,1,1,0,common,1.0,0.2369923700530514,0.3377513645006291,0.33894040950721027,0.0,0.846846494788583,0.8967120501420716,,,EXPLOIT
1358,57,,,0,1,1,0,common,1.0,0.15404504053448342,0.2746047385529946,0.2834717988153922,0.0,0.8483493460477116,0.8979055818208689,,,EXPLOIT
1359,57,,,0,1,1,0,common,1.0,0.1001292763474142,0.23806571777853147,0.2284690420749988,0.0,0.8498083951612762,0.8990603144435987,,,EXPLOIT
1360,57,,,0,1,1,0,common,1.0,0.06508402962581927,0.2163094405532282,0.17945353834024494,0.0,0.8512254590699612,0.9001780541089609,,,EXPLOIT
1361,57,,,0,1,1,0,common,1.0,0.04230461925678253,0.20300894357582647,0.13830886261520622,0.0,0.8526022557529725,0.9012604966413057,,,EXPLOIT
1362,57,,,0,1,1,0,common,1.0,0.027498002516908593,0.1947149927241541,0.10506560458571693,0.0,0.8539404108768531,0.9023092358817938,,,EXPLOIT
1363,57,,,0,1,1,0,common,1.0,0.017873701635990558,0.18947075663793495,0.07890803370079902,0.0,0.8552414639153436,0.9033257712425684,,,EXPLOIT
1364,57,,,0,1,1,0,common,1.0,0.011617906063393857,0.1861235118834697,0.05872099540957747,0.0,0.856506873788743,0.9043115145992486,,,EXPLOIT
1365,57,,,0,1,1,0,common,0.0,0.992448361058794,0.18397363193481206,0.3388392051043424,0.0,0.8577380240662099,0.9052677965883904,,,EXPLOIT
1366,57,,,0,1,1,0,common,1.0,0.35490856531178383,0.43878969227352516,0.3436600131665748,0.0,0.8589362277700245,0.9061958723689939,,,EXPLOIT
1367,57,,,0,0,0,0,common,0.0,0.2295469132695706,0.3326811785733902,0.3094260831974735,0.0,0.8601027318168886,0.9070969269005296,,,EXPLOIT
1368,57,,,0,1,1,0,common,1.0,0.23069056745265948,0.27198254922495185,0.2858054284740293,0.0,0.8612387211278622,0.9079720797841621,,,EXPLOIT
1369,57,,,0,1,1,0,common,1.0,0.14994886884422864,0.21902917321040394,0.24504846058508908,0.0,0.8623453224354234,0.9088223897087737,,,EXPLOIT
1370,57,,,0,1,1,0,common,0.0,0.9025332352512514,0.18906779477578792,0.4422938929849378,0.0,0.863423607813377,0.9096488585389193,,,EXPLOIT
1371,57,,,0,1,1,0,common,1.0,0.4133533970866865,0.4193587424836123,0.4336117442154624,0.0,0.8644745979528666,0.9104524350779102,,,EXPLOIT
1372,57,,,0,1,1,0,common,1.0,0.2686797081063462,0.2997369162371811,0.3841321333827275,0.0,0.865499265205547,0.9112340185357567,,,EXPLOIT
1373,57,,,0,1,1,0,common,1.0,0.17464181026912506,0.23433788196156893,0.32128503644864675,0.0,0.8664985364129933,0.9119944617286219,,,EXPLOIT
1374,57,,,0,1,1,0,common,0.0,0.8864828233250687,0.19786289997886092,0.4908443725115733,0.0,0.8674732955396661,0.9127345740337343,,,EXPLOIT
1375,57,,,0,1,1,0,common,1.0,0.42378616483870535,0.4285940815482582,0.4707269102097129,0.0,0.8684243861251609,0.9134551241212853,,,EXPLOIT
1376,57,,,0,1,1,0,common,1.0,0.2754610071451584,0.30487423324862584,0.4121471392903465,0.0,0.8693526135700478,0.9141568424827101,,,EXPLOIT
1377,57,,,0,1,1,0,common,1.0,0.17904965464435296,0.23715287675518626,0.34221789389654844,0.0,0.8702587472683313,0.9148404237728353,,,EXPLOIT
1378,57,,,0,1,1,0,common,1.0,0.1163822755188294,0.19946671360487228,0.27446720838323274,0.0,0.871143522598403,0.9155065289816872,,,EXPLOIT
1379,57,,,0,1,1,0,common,1.0,0.07564847908723915,0.17762177976956237,0.21482158959443465,0.0,0.872007642783321,0.9161557874502462,,,EXPLOIT
1380,57,,,0,1,1,0,common,1.0,0.049171511406705504,0.16450341567144203,0.16512656613811588,0.0,0.872851780630318,0.9167887987430652,,,EXPLOIT
1381,57,,,0,1,1,0,common,1.0,0.03196148241435859,0.15641844332107194,0.1251770410209887,0.0,0.8736765801585821,0.91740613438948,,,EXPLOIT
1382,57,,,0,1,1,0,common,1.0,0.02077496356933306,0.15134539093472138,0.093856417785492,0.0,0.874482658123598,0.9180083395040397,,,EXPLOIT
1383,57,,,0,1,1,0,common,1.0,0.013503726320066467,0.14812355477207131,0.06975061034586434,0.0,0.8752706054456355,0.9185959342958215,,,EXPLOIT
1384,57,,,0,1,1,0,common,0.0,0.9912225778919568,0.14606094803506686,0.3461922006096921,0.0,0.8760409885493428,0.9191694154754203,,,EXPLOIT
1385,57,,,0,1,1,0,common,1.0,0.35570532437022806,0.36946918301317055,0.34904613773785287,0.0,0.8767943506208342,0.9197292575676133,,,EXPLOIT
1386,57,,,0,1,1,0,common,1.0,0.23120846084064828,0.27234895978342116,0.31369483466869147,0.0,0.8775312127881407,0.9202759141369962,,,EXPLOIT
1387,57,,,0,1,1,0,common,1.0,0.15028549954642134,0.219232619631883,0.2646720341320104,0.0,0.8782520752304168,0.9208098189332519,,,EXPLOIT
1388,57,,,0,1,1,0,common,1.0,0.09768557470517392,0.18918554406717752,0.21457609630395946,0.0,0.8789574182208724,0.9213313869621284,,,EXPLOIT
1389,57,,,0,1,1,0,common,1.0,0.06349562355836302,0.17149678915164288,0.16925195448028052,0.0,0.8796477031080037,0.9218410154876918,,,EXPLOIT
1390,57,,,0,1,1,0,common,1.0,0.04127215531293593,0.16074984786700935,0.13085801473007713,0.0,0.8803233732393383,0.9223390849709444,,,EXPLOIT
1391,57,,,0,1,1,0,common,1.0,0.02682690095340834,0.15407229478728277,0.09964868059707649,0.0,0.8809848548315884,0.9228259599494699,,,EXPLOIT
1392,57,,,0,1,1,0,common,0.0,0.9825625143802845,0.14985923090188566,0.36452283073203884,0.0,0.8816325577908027,0.9233019898623867,,,EXPLOIT
1393,57,,,0,1,1,0,common,1.0,0.36133436565281496,0.37423456606491184,0.36356629120827166,0.0,0.8822668764858383,0.9237675098245337,,,EXPLOIT
1394,57,,,0,1,1,0,common,1.0,0.23486733767432977,0.27494716834117366,0.32495660514808905,0.0,0.8828881904782218,0.9242228413534979,,,EXPLOIT
1395,57,,,0,1,1,0,common,1.0,0.1526637694883144,0.22067408140520473,0.27326875445015664,0.0,0.8834968652112435,0.9246682930528004,,,EXPLOIT
1396,57,,,0,0,0,0,common,0.0,0.1492054936252209,0.19001912102168822,0.23604977620267592,0.0,0.884093252660915,0.9251041612542942,,,EXPLOIT
1397,57,,,0,0,0,0,common,0.0,0.09698357085639359,0.16346886558453613,0.1943299145987912,0.0,0.884677691951231,0.9255307306225882,,,EXPLOIT
1398,57,,,0,1,1,0,common,1.0,0.09923145016740431,0.14793116826754718,0.1658003752693751,0.0,0.8852505099359992,0.9259482747240902,,,EXPLOIT
1399,57,,,0,1,1,0,common,0.0,0.9354995573911872,0.13335829555576528,0.3967101299059187,0.0,0.8858120217493339,0.9263570565630601,,,EXPLOIT
1400,57,,,0,1,1,0,common,1.0,0.3919252876957283,0.3284710493548576,0.3952746772428616,0.0,0.886362531326773,0.9267573290868862,,,EXPLOIT
1401,57,,,0,1,1,0,common,0.0,0.7452485629977765,0.2305106579206981,0.500266842969336,0.0,0.8826554868419787,0.9240508874101409,,,EXPLOIT
1402,57,,,0,1,1,0,common,0.0,0.4844115659485548,0.43360119446265616,0.4955102598631016,0.0,0.8832688839592564,0.9245000602319146,,,EXPLOIT
1403,57,,,0,1,1,0,common,0.0,0.31486751786656064,0.5807625138949365,0.4413174372641393,0.0,0.8838698626557744,0.9249395382858335,,,EXPLOIT
1404,57,,,0,1,1,0,common,1.0,0.7953361133867356,0.6545858733855008,0.5475230401009181,0.0,0.8800228274812602,0.9221145422619292,,,EXPLOIT
1405,57,,,0,1,1,0,common,1.0,0.5169684737013781,0.4348288999830683,0.538356670181056,0.0,0.8759546789632816,0.9191002238673532,,,EXPLOIT
1406,57,,,0,0,0,0,common,0.0,0.06303932105665583,0.2857694912523078,0.39576146544373597,0.0,0.8767099405196321,0.9196617044381594,,,EXPLOIT
1407,57,,,0,0,0,0,common,0.0,0.040975558686826286,0.2699433356957945,0.28932569341666303,0.0,0.8774486442741627,0.920209945260879,,,EXPLOIT
1408,57,,,0,0,0,0,common,0.0,0.026634113146437086,0.25998290155450193,0.21051821933559522,0.0,0.8781712927229988,0.9207453824426833,,,EXPLOIT
1409,57,,,0,0,0,0,common,0.0,0.017312173545184106,0.2536483886527596,0.1525564055984719,0.0,0.8788783683414845,0.9212684332199991,,,EXPLOIT
1410,57,,,0,1,1,0,common,1.0,0.3360295079058958,0.2495903558593671,0.20759833629069907,0.0,0.8795703345721781,0.9217794969688596,,,EXPLOIT
1411,57,,,0,1,1,0,common,1.0,0.21841918013883233,0.18009940087730952,0.210844589445139,0.0,0.880247636754901,0.9222789561510241,,,EXPLOIT
1412,57,,,0,1,1,0,common,1.0,0.14197246709024103,0.14400962599641232,0.19018295273866961,0.0,0.8809107030027687,0.9227671772005783,,,EXPLOIT
1413,57,,,0,1,1,0,common,1.0,0.09228210360865663,0.12403040734584854,0.16081269799966572,0.0,0.8815599450278303,0.9232445113553407,,,EXPLOIT
1414,57,,,0,1,1,0,common,0.0,0.9400166326543732,0.11238801243894486,0.39457387839607794,0.0,0.8821957589196634,0.9237112954370387,,,EXPLOIT
1415,57,,,0,1,1,0,common,1.0,0.3889891887746575,0.2866278892936127,0.3928984715096518,0.0,0.8828185258800229,0.924167852583904,,,EXPLOIT
1416,57,,,0,0,0,0,common,0.0,0.011252912804369668,0.19863030817423438,0.2784048038980671,0.0,0.8834286129164134,0.9246144929390362,,,EXPLOIT
1417,57,,,0,0,0,0,common,0.0,0.007314393322840285,0.19643563164518602,0.19707768072549903,0.0,0.8840263734972361,0.9250515142976187,,,EXPLOIT
1418,57,,,0,1,1,0,common,1.0,0.2528429727035274,0.1950194970895942,0.2138072683189075,0.0,0.8846121481709728,0.9254792027158313,,,EXPLOIT
1419,57,,,0,1,1,0,common,1.0,0.16434793225729283,0.1509531347584222,0.19896946750042308,0.0,0.8851862651516893,0.9258978330840745,,,EXPLOIT
1420,57,,,0,1,1,0,common,0.0,0.8931738440327597,0.1270909916331006,0.40723078046012406,0.0,0.885749040872978,0.9263076696669243,,,EXPLOIT
1421,57,,,0,1,1,0,common,0.0,0.5805629986212938,0.30451251914353994,0.45923044590847495,0.0,0.8863007805123012,0.9267089666120492,,,EXPLOIT
1422,57,,,0,1,1,0,common,1.0,0.622634050896159,0.47718855171960495,0.5082515274047801,0.0,0.8825902991478156,0.9239994038708144,,,EXPLOIT
1423,57,,,0,1,1,0,common,1.0,0.4047121330825034,0.29343499640401566,0.47718970910809705,0.0,0.8832050216154816,0.9244496931575215,,,EXPLOIT
1424,57,,,0,0,0,0,common,0.0,0.004754355659846185,0.20072184842859037,0.33545910307362176,0.0,0.8838072887786879,0.9248902542112859,,,EXPLOIT
1425,57,,,0,1,1,0,common,1.0,0.2630628865036273,0.1997844552160785,0.3137402381026234,0.0,0.884397445881829,0.9253213773808573,,,EXPLOIT
1426,57,,,0,1,1,0,common,1.0,0.17099087622735776,0.15318859768672932,0.2709154295400437,0.0,0.8849758256226913,0.9257433416402471,,,EXPLOIT
1427,57,,,0,1,1,0,common,0.0,0.8888559304522174,0.12811498436227808,0.4562975798136958,0.0,0.8855427487177995,0.9261564151407745,,,EXPLOIT
1428,57,,,0,1,1,0,common,1.0,0.4222436452060586,0.3053828097837386,0.44608139943140457,0.0,0.8860985244374577,0.9265608557312646,,,EXPLOIT
1429,57,,,0,1,1,0,common,1.0,0.2744583693839381,0.206273714788883,0.3945944904171646,0.0,0.8866434511123688,0.9269569114485227,,,EXPLOIT
1430,57,,,0,1,1,0,common,0.0,0.8216020599004402,0.1565662532314843,0.5226967612621473,0.0,0.8829520219098583,0.9242633306696474,,,EXPLOIT
1431,57,,,0,1,1,0,common,1.0,0.46595866106471384,0.3397820547269962,0.5056753312029172,0.0,0.8790527908230247,0.9213935805356279,,,EXPLOIT
1432,57,,,0,1,1,0,common,0.0,0.697126870307936,0.2231725173627367,0.5631107929344228,0.0,0.8749279173204818,0.9183299535977978,,,EXPLOIT
1433,57,,,0,1,1,0,common,1.0,0.5468675342998416,0.4082725987934398,0.5582378153440484,0.0,0.8705574587457601,0.915052287193395,,,EXPLOIT
1434,57,,,0,1,1,0,common,1.0,0.355463897294897,0.2571768305614195,0.4974056399293029,0.0,0.8714352385581229,0.9157130145320375,,,EXPLOIT
1435,57,,,0,1,1,0,common,1.0,0.23105153324168304,0.18242312217872814,0.417499407923017,0.0,0.872292591896522,0.9163570872882488,,,EXPLOIT
1436,57,,,0,1,1,0,common,1.0,0.15018349660709396,0.14403039008142196,0.33730463452824005,0.0,0.8731301817492119,0.9169850960057055,,,EXPLOIT
1437,57,,,0,1,1,0,common,0.0,0.902380727205389,0.12297106854477005,0.5068274623313846,0.0,0.8686504712004526,0.913611161212487,,,EXPLOIT
1438,57,,,0,1,1,0,common,1.0,0.41345252731649706,0.29872643027038276,0.47881498182691834,0.0,0.8695732973456576,0.9143088292593522,,,EXPLOIT
1439,57,,,0,1,1,0,common,1.0,0.2687441427557231,0.20299922965581138,0.41579373010555976,0.0,0.8704742102646091,0.9149885085330273,,,EXPLOIT
1440,57,,,0,1,1,0,common,1.0,0.1746836927912201,0.154864733226795,0.34346071891125785,0.0,0.8713539374096428,0.9156508528898838,,,EXPLOIT
1441,57,,,0,1,1,0,common,1.0,0.11354440031429303,0.12904735672164802,0.27448582333216837,0.0,0.8722131745082816,0.91629648496126,,,EXPLOIT
1442,57,,,0,1,1,0,common,0.0,0.9261961397957095,0.11435458994325669,0.4699989182712307,0.0,0.8730525872749787,0.9169259979961932,,,EXPLOIT
1443,57,,,0,1,1,0,common,1.0,0.3979725091327888,0.2872293629463864,0.44839099552969813,0.0,0.8738728130132044,0.917539957575168,,,EXPLOIT
1444,57,,,0,1,1,0,common,0.0,0.7413178690636872,0.19733326840163576,0.5362690575898948,0.0,0.8694383971215046,0.914205912257476,,,EXPLOIT
1445,57,,,0,1,1,0,common,1.0,0.5181433851086032,0.3833584801751858,0.5308313558455073,0.0,0.8647300975943825,0.9106285583850712,,,EXPLOIT
1446,57,,,0,1,1,0,common,1.0,0.33679320032059223,0.2446988117744438,0.47261990918803276,0.0,0.8657484076442736,0.9114053564622827,,,EXPLOIT
1447,57,,,0,1,1,0,common,1.0,0.21891558020838497,0.1761704338014681,0.3965086104941384,0.0,0.8667415438738861,0.9121611983829016,,,EXPLOIT
1448,57,,,0,1,1,0,common,1.0,0.14229512713545023,0.14068329406908933,0.3202445654865319,0.0,0.8677103800415342,0.9128968842196232,,,EXPLOIT
1449,57,,,0,1,1,0,common,1.0,0.09249183263804261,0.1210689642139556,0.25191874563198513,0.0,0.8686557500602107,0.9136131739187621,,,EXPLOIT
1450,57,,,0,1,1,0,common,1.0,0.06011969121472771,0.10964992859245498,0.1943790293068079,0.0,0.8695784502443773,0.9143107897855826,,,EXPLOIT
1451,57,,,0,1,1,0,common,1.0,0.039077799289573,0.10275270651156672,0.14778866030163743,0.0,0.8704792414064103,0.9149904187871591,,,EXPLOIT
1452,57,,,0,1,1,0,common,1.0,0.02540056953822245,0.09848120517097406,0.11107223307261294,0.0,0.8713588508143081,0.9156527146882082,,,EXPLOIT
1453,57,,,0,1,1,0,common,1.0,0.016510370199844582,0.09579138578069057,0.08270367421078242,0.0,0.8722179740212542,0.9162983000338534,,,EXPLOIT
1454,57,,,0,1,1,0,common,1.0,0.010731740629899011,0.09407885546912034,0.06111209413651739,0.0,0.8730572765767187,0.9169277679919745,,,EXPLOIT
1455,57,,,0,1,1,0,common,0.0,0.9930243685905656,0.09298065063919807,0.34068577647273185,0.0,0.8738773956279475,0.9175416840666046,,,EXPLOIT
1456,57,,,0,1,1,0,common,1.0,0.3545341604161323,0.2565449439990573,0.344840291655752,0.0,0.8746789414199482,0.9181405876927842,,,EXPLOIT
1457,57,,,0,1,1,0,common,1.0,0.23044720427048604,0.18210752271428732,0.3105223654401722,0.0,0.8754624987013974,0.91872499372233,,,EXPLOIT
1458,57,,,0,1,1,0,common,1.0,0.14979068277581598,0.14386210971484614,0.26230286064086533,0.0,0.8762286280432829,0.9192953938091292,,,EXPLOIT
1459,57,,,0,1,1,0,common,1.0,0.09736394380428037,0.12287573098137773,0.21282118558988983,0.0,0.8769778670765355,0.9198522577017927,,,EXPLOIT
1460,57,,,0,1,1,0,common,1.0,0.06328656347278228,0.11072308806701699,0.16796079895475757,0.0,0.8777107316543978,0.9203960344508186,,,EXPLOIT
1461,57,,,0,1,1,0,common,1.0,0.041136266257308485,0.10340982513105175,0.12991343914552284,0.0,0.8784277169448159,0.9209271535367906,,,EXPLOIT
1462,57,,,0,1,1,0,common,1.0,0.02673857306725047,0.09889188912590084,0.09896097932204112,0.0,0.8791292984577201,0.9214460259255693,,,EXPLOIT
1463,57,,,0,1,1,0,common,1.0,0.01738007249371276,0.09605155803350574,0.07448670727354262,0.0,0.8798159330116776,0.9219530450559341,,,EXPLOIT
1464,57,,,0,1,1,0,common,1.0,0.011297047120913284,0.0942451539043343,0.055529809227753815,0.0,0.8804880596440517,0.9224485877646625,,,EXPLOIT
1465,57,,,0,1,1,0,common,0.0,0.9926569193714063,0.09308756897178774,0.33666794227084956,0.0,0.8811461004684815,0.9229330151536255,,,EXPLOIT
1466,57,,,0,1,1,0,common,1.0,0.3547730024085859,0.25670716563390467,0.3420994603121704,0.0,0.8817904614832041,0.9234066734030937,,,EXPLOIT
1467,57,,,0,0,0,0,common,0.0,0.00309033117890002,0.1821885551391411,0.24039672157218928,0.0,0.8824215333334798,0.9238698945351078,,,EXPLOIT
1468,57,,,0,1,1,0,common,1.0,0.2306024515655808,0.18162460941682373,0.2374584405702067,0.0,0.8830396920311281,0.9243229971304547,,,EXPLOIT
1469,57,,,0,1,1,0,common,1.0,0.14989159351762749,0.14344271584299934,0.21118838645443294,0.0,0.8836452996339647,0.9247662870025034,,,EXPLOIT
1470,57,,,0,1,1,0,common,1.0,0.09742953578645785,0.12249700133663083,0.1770607312540404,0.0,0.8842387048877225,0.925200057830902,,,EXPLOIT
1471,57,,,0,1,1,0,common,0.0,0.9366708017388023,0.11036997931570049,0.404943752399469,0.0,0.8848202438328524,0.9256245917578967,,,EXPLOIT
1472,57,,,0,1,1,0,common,0.0,0.6088360211302215,0.28148125719099076,0.46611143301869473,0.0,0.8853902403784231,0.9260401599498179,,,EXPLOIT
1473,57,,,0,1,1,0,common,1.0,0.6042565862653559,0.45827790952715985,0.5075549789926931,0.0,0.8816288974677001,0.9232872505164167,,,EXPLOIT
1474,57,,,0,1,1,0,common,1.0,0.3927667810724814,0.28264274178169246,0.4731185196166296,0.0,0.8822632915018671,0.9237530945110582,,,EXPLOIT
1475,57,,,0,1,1,0,common,0.0,0.744701592302887,0.1948594807590355,0.5545934414225068,0.0,0.878324663963125,0.9208493404139002,,,EXPLOIT
1476,57,,,0,1,1,0,common,1.0,0.5159439650031235,0.3805495684337613,0.5429985984966917,0.0,0.8741569544863405,0.9177482238347863,,,EXPLOIT
1477,57,,,0,0,0,0,common,1.0,0.997991284733715,0.24305452456469395,0.6794964043677987,0.0,0.8697398081086343,0.9144290889256641,,,EXPLOIT
1478,57,,,0,0,0,0,common,0.0,0.35130566492308524,0.5295849219411535,0.5810391825343846,0.0,0.8650503850383079,0.9108682933905046,,,EXPLOIT
1479,57,,,0,0,0,0,common,0.0,0.22834868220000543,0.42037739762936893,0.4752320324340708,0.0,0.8660607490733466,0.9116385979086212,,,EXPLOIT
1480,57,,,0,1,1,0,common,0.0,0.6646364227479697,0.35183756090128193,0.5320533495282405,0.0,0.8611383165652841,0.9078679566920602,,,EXPLOIT
1481,57,,,0,1,1,0,common,1.0,0.5679863252138196,0.5549215856163203,0.5428332422339142,0.0,0.855895249700976,0.9038040415333704,,,EXPLOIT
1482,57,,,0,1,1,0,common,1.0,0.36919111138898275,0.3802633044520898,0.4907406029804347,0.0,0.8571429088973822,0.904775441658393,,,EXPLOIT
1483,57,,,0,1,1,0,common,1.0,0.23997422240283883,0.27804208125032837,0.4155106888071559,0.0,0.8583569908797123,0.9057179937013697,,,EXPLOIT
1484,57,,,0,1,1,0,common,1.0,0.1559832445618452,0.2222219410741122,0.33765245553356266,0.0,0.859538774210935,0.9066329183982411,,,EXPLOIT
1485,57,,,0,0,0,0,common,0.0,0.14842664343000353,0.19076510765585494,0.2808847119024949,0.0,0.8606894734972341,0.9075213686677027,,,EXPLOIT
1486,57,,,0,1,1,0,common,1.0,0.10138910896519937,0.16425860136241055,0.22703603102130623,0.0,0.8618102433391284,0.9083844342572858,,,EXPLOIT
1487,57,,,0,1,1,0,common,0.0,0.9340970791726204,0.14797918152896064,0.43915434546670046,0.0,0.8629021819932425,0.9092231460126353,,,EXPLOIT
1488,57,,,0,1,1,0,common,1.0,0.3928368985377967,0.35640957274765217,0.4252591113880293,0.0,0.8639663347691535,0.9100384798051607,,,EXPLOIT
1489,57,,,0,0,0,0,common,0.0,0.0964773182295023,0.2526257482556761,0.3266245734404712,0.0,0.8650036971834058,0.9108313601495334,,,EXPLOIT
1490,57,,,0,1,1,0,common,1.0,0.2553439840495678,0.230676177004193,0.3052403966232002,0.0,0.8660152178907101,0.9116026635392339,,,EXPLOIT
1491,57,,,0,1,1,0,common,1.0,0.1659735896322191,0.17958891920175146,0.2634603545259058,0.0,0.8670018014104777,0.912353221525457,,,EXPLOIT
1492,57,,,0,1,1,0,common,1.0,0.10788283326094239,0.1516195524081906,0.21678709814641678,0.0,0.8679643106651671,0.9130838235621201,,,EXPLOIT
1493,57,,,0,1,1,0,common,0.0,0.9298761583803874,0.135496085762894,0.430713816216608,0.0,0.8689035693454271,0.9137952196374485,,,EXPLOIT
1494,57,,,0,1,1,0,common,0.0,0.6044195029472519,0.33112336143778076,0.4828255222358011,0.0,0.8698203641156689,0.9144881227105802,,,EXPLOIT
1495,57,,,0,1,1,0,common,1.0,0.6071273230842863,0.5148961451466388,0.5201160624903467,0.0,0.8651359795880352,0.9109317005953605,,,EXPLOIT
1496,57,,,0,1,1,0,common,1.0,0.3946327600047861,0.3303664179318378,0.4824710717446785,0.0,0.8661442244783064,0.9117002915336123,,,EXPLOIT
1497,57,,,0,1,1,0,common,1.0,0.2565112940031109,0.2314105493688048,0.4146831384222082,0.0,0.8671276460963019,0.9124482408519154,,,EXPLOIT
1498,57,,,0,1,1,0,common,1.0,0.16673234110202206,0.17998074875056932,0.34029789922615233,0.0,0.8680871021599162,0.9131763327878175,,,EXPLOIT
1499,57,,,0,1,1,0,common,1.0,0.10837602171631433,0.1518405679519662,0.2707213359732009,0.0,0.8690234114492507,0.9138853124369488,,,EXPLOIT
1500,57,,,0,1,1,0,common,1.0,0.07044441411560431,0.1356264796813324,0.2106382594159219,0.0,0.8699373559924749,0.9145758881658068,,,EXPLOIT
1501,57,,,0,1,1,0,common,1.0,0.0457888691751428,0.1259110581695908,0.16118344234368817,0.0,0.8708296831060625,0.9152487338482352,,,EXPLOIT
1502,57,,,0,1,1,0,common,1.0,0.02976276496384278,0.1199282626302353,0.12175723912973455,0.0,0.8717011073005946,0.9159044909404394,,,EXPLOIT
1503,57,,,0,1,1,0,common,1.0,0.019345797226497763,0.11617536897189665,0.0910338065587635,0.0,0.872552312062353,0.9165437704079828,,,EXPLOIT
1504,57,,,0,1,1,0,common,1.0,0.012574768197223585,0.11379218472117975,0.06749609505030152,0.0,0.8733839515200477,0.9171671545169351,,,EXPLOIT
1505,57,,,0,1,1,0,common,1.0,0.00817359932819528,0.11226651882503244,0.049699346333669646,0.0,0.874196652005224,0.9177751985002137,,,EXPLOIT
1506,57,,,0,1,1,0,common,0.0,0.994687160436673,0.11128463085405252,0.33319569056457066,0.0,0.8749910135141812,0.918368432109153,,,EXPLOIT
1507,57,,,0,1,1,0,common,1.0,0.3534533457161625,0.2984413223335496,0.33927298711004816,0.0,0.8757676110785784,0.9189473610594133,,,EXPLOIT
1508,57,,,0,1,1,0,common,1.0,0.22974467471550564,0.21501040635399513,0.30641449339168536,0.0,0.876526996051312,0.9195124683795358,,,EXPLOIT
1509,57,,,0,1,1,0,common,1.0,0.14933403856507865,0.17117079316196945,0.25929035694370334,0.0,0.8772696973137161,0.9200642156697,,,EXPLOIT
1510,57,,,0,1,1,0,common,1.0,0.09706712506730109,0.1468411559824471,0.21062338738078265,0.0,0.8779962224096419,0.9206030442775889,,,EXPLOIT
1511,57,,,0,1,1,0,common,1.0,0.06309363129374568,0.13266378610734325,0.16636446055467155,0.0,0.8787070586115343,0.9211293763976557,,,EXPLOIT
1512,57,,,0,1,1,0,common,1.0,0.04101086034093471,0.12410046355158331,0.1287583804905505,0.0,0.8794026739232134,0.9216436160995563,,,EXPLOIT
1513,57,,,0,1,1,0,common,1.0,0.02665705922160755,0.11879831176996206,0.0981279841098676,0.0,0.8800835180237042,0.9221461502910107,,,EXPLOIT
1514,57,,,0,1,1,0,common,0.0,0.9826729115059551,0.11546025414408828,0.3634914623286939,0.0,0.8807500231561189,0.9226373496199237,,,EXPLOIT
1515,57,,,0,1,1,0,common,1.0,0.36126260752112915,0.3043462751553535,0.36282280588642446,0.0,0.8814026049652843,0.9231175693201866,,,EXPLOIT
1516,57,,,0,0,0,0,common,0.0,0.0627102568491765,0.21805008087824806,0.27278904117525005,0.0,0.882041663287534,0.9235871500052207,,,EXPLOIT
1517,57,,,0,1,1,0,common,1.0,0.23482069488873392,0.2051422666319247,0.2613985372892952,0.0,0.8826675828958204,0.9240464184129891,,,EXPLOIT
1518,57,,,0,1,1,0,common,1.0,0.15263345167767706,0.16212769021171236,0.22876901160580976,0.0,0.8832807342030664,0.9244956881059082,,,EXPLOIT
1519,57,,,0,1,1,0,common,1.0,0.09921174359049012,0.1384259164664539,0.18990183120121384,0.0,0.8838814739264652,0.9249352601288079,,,EXPLOIT
1520,57,,,0,1,1,0,common,1.0,0.06448763333381857,0.12467705351815656,0.15227757184099525,0.0,0.8844701457152325,0.9253654236278485,,,EXPLOIT
1521,57,,,0,1,1,0,common,1.0,0.04191696166698211,0.11639670345906639,0.1191693887887913,0.0,0.8850470807441349,0.9257864564330699,,,EXPLOIT
1522,57,,,0,1,1,0,common,1.0,0.02724602508353835,0.11127936445287402,0.0915923796772154,0.0,0.8856125982749548,0.9261986256070406,,,EXPLOIT
1523,57,,,0,1,1,0,common,1.0,0.017709916304299966,0.10806155931196895,0.06942764066534075,0.0,0.8861670061878912,0.9266021879618879,,,EXPLOIT
1524,57,,,0,1,1,0,common,1.0,0.011511445597794934,0.1060148633707816,0.052052782145077005,0.0,0.88671060148476,0.9269973905468126,,,EXPLOIT
1525,57,,,0,1,1,0,common,1.0,0.007482439638566651,0.10470321118718214,0.0386816793931239,0.0,0.8872436707657231,0.9273844711080398,,,EXPLOIT
1526,57,,,0,1,1,0,common,1.0,0.00486358576506829,0.10385846661773661,0.028536251304707213,0.0,0.8877664906811582,0.9277636585229999,,,EXPLOIT
1527,57,,,0,1,1,0,common,1.0,0.0031613307472944108,0.10331267093676885,0.02092377513748337,0.0,0.8882793283601675,0.9281351732104172,,,EXPLOIT
1528,57,,,0,1,1,0,common,0.0,0.9979451350142586,0.10295928766434649,0.31403018310051595,0.0,0.888782441817122,0.9284992275178435,,,EXPLOIT
1529,57,,,0,1,1,0,common,0.0,0.6486643377592681,0.2807037590596839,0.4144204294981416,0.0,0.8892760803375458,0.9288560260880763,,,EXPLOIT
1530,57,,,0,1,1,0,common,1.0,0.5783681804564758,0.46979690113584416,0.46360475478564184,0.0,0.8897604848445523,0.9292057662057899,,,EXPLOIT
1531,57,,,0,1,1,0,common,1.0,0.37593931729670915,0.2988453527223497,0.437305123538962,0.0,0.8902358882469679,0.9295486381256138,,,EXPLOIT
1532,57,,,0,1,1,0,common,1.0,0.24436055624286102,0.21067734950583994,0.3794217533501317,0.0,0.8907025157702022,0.9298848253828085,,,EXPLOIT
1533,57,,,0,1,1,0,common,0.0,0.8411656384421403,0.16508915399535817,0.5179449188777343,0.0,0.8872330695223771,0.9273763830593066,,,EXPLOIT
1534,57,,,0,0,0,0,common,0.0,0.040761666951964724,0.36031351026962466,0.37478994330000337,0.0,0.8877560925658368,0.9277557347742715,,,EXPLOIT
1535,57,,,0,0,0,0,common,1.0,0.973504916481223,0.3485017674163907,0.5544044352543692,0.0,0.8841261899144571,0.9251133214140386,,,EXPLOIT
1536,57,,,0,1,1,0,common,1.0,0.4532423350126088,0.6326110642155028,0.5240558051818411,0.0,0.8802936691634677,0.9222997698563127,,,EXPLOIT
1537,57,,,0,1,1,0,common,1.0,0.2946075177581957,0.5078413553539085,0.4552213189547475,0.0,0.8809557720893202,0.9227875247938822,,,EXPLOIT
1538,57,,,0,1,1,0,common,1.0,0.1914948865428272,0.4159698653225389,0.37610338923117137,0.0,0.8816040785124085,0.9232644073269576,,,EXPLOIT
1539,57,,,0,1,1,0,common,0.0,0.8755283237471623,0.35838762084325765,0.5259308695859686,0.0,0.8776275584813474,0.9203278961505235,,,EXPLOIT
1540,57,,,0,0,0,0,common,0.0,0.3672218042872051,0.6178357881829007,0.4783181499963395,0.0,0.8783463390879408,0.9208605947101611,,,EXPLOIT
1541,57,,,0,1,1,0,common,1.0,0.43090658956434447,0.5146880699397549,0.46409468186674097,0.0,0.8790496623884942,0.9213809955296924,,,EXPLOIT
1542,57,,,0,1,1,0,common,1.0,0.2800892832168239,0.38126001654429353,0.4088930622717658,0.0,0.8797379872964423,0.9218894942145778,,,EXPLOIT
1543,57,,,0,1,1,0,common,1.0,0.18205803409093557,0.30190227351240567,0.3408425538175167,0.0,0.88041175484245,0.9223864696544498,,,EXPLOIT
1544,57,,,0,1,1,0,common,1.0,0.1183377221591081,0.2561427655320057,0.2740911043199941,0.0,0.8810713890377477,0.92287228489731,,,EXPLOIT
1545,57,,,0,1,1,0,common,1.0,0.07691951940342023,0.22914644182322322,0.21493962884502193,0.0,0.8817172976879156,0.9233472879694262,,,EXPLOIT
1546,57,,,0,1,1,0,common,0.0,0.9500023123877769,0.21277817564826434,0.43545843390784844,0.0,0.8823498731604128,0.9238118126448228,,,EXPLOIT
1547,57,,,0,1,1,0,common,1.0,0.382498496947945,0.47164374432609946,0.41957045281987737,0.0,0.8829694931088808,0.9242661791679441,,,EXPLOIT
1548,57,,,0,1,1,0,common,0.0,0.7513759769838357,0.3547542117163627,0.5191121100690649,0.0,0.8790712588409358,0.9213966183017465,,,EXPLOIT
1549,57,,,0,1,1,0,common,1.0,0.5116056149605068,0.5824387999846818,0.5168601615364975,0.0,0.8749474689503058,0.9183331999723428,,,EXPLOIT
1550,57,,,0,1,1,0,common,1.0,0.33254364972432937,0.4270383784363938,0.461565207992847,0.0,0.8757250361526112,0.9189129744757487,,,EXPLOIT
1551,57,,,0,1,1,0,common,1.0,0.2161533723208141,0.32837791741914263,0.3879416572912371,0.0,0.8764853608122921,0.9194788989462522,,,EXPLOIT
1552,57,,,0,1,1,0,common,1.0,0.1404996920085292,0.27148628007033,0.3137090677064247,0.0,0.877228973025477,0.9200314362374349,,,EXPLOIT
1553,57,,,0,1,1,0,common,0.0,0.908675200194456,0.2382863009641938,0.492198907452834,0.0,0.8779563814897989,0.9205710288819586,,,EXPLOIT
1554,57,,,0,1,1,0,common,1.0,0.4093611198736036,0.4956311052853333,0.46734757117906484,0.0,0.8786680745741121,0.9210981001952685,,,EXPLOIT
1555,57,,,0,1,1,0,common,1.0,0.2660847279178423,0.3693578257825193,0.406968718200698,0.0,0.8793645213246645,0.921613055308126,,,EXPLOIT
1556,57,,,0,1,1,0,common,1.0,0.17295507314659753,0.29506078799314417,0.33676462468446783,0.0,0.8800461724120864,0.9221162821332702,,,EXPLOIT
1557,57,,,0,1,1,0,common,1.0,0.11242079754528844,0.2521516574999937,0.269461476542714,0.0,0.8807134610232158,0.922608152271059,,,EXPLOIT
1558,57,,,0,1,1,0,common,1.0,0.07307351840443754,0.22675128214508855,0.21054508910123104,0.0,0.8813668037014771,0.9230890218585361,,,EXPLOIT
1559,57,,,0,1,1,0,common,1.0,0.047497786962884425,0.2113052173351625,0.16163089845972706,0.0,0.8820066011392368,0.9235592323660052,,,EXPLOIT
1560,57,,,0,0,0,0,common,0.0,0.2386941727866833,0.2017117096784088,0.1847498807578139,0.0,0.8826332389253124,0.9240191113448594,,,EXPLOIT
1561,57,,,0,1,1,0,common,0.0,0.9691264384741252,0.1586658780883336,0.4200628480727073,0.0,0.8832470882505672,0.9244689731301085,,,EXPLOIT
1562,57,,,0,1,1,0,common,1.0,0.3700678149918186,0.38678127768790493,0.4050643381484407,0.0,0.8838485065743046,0.9249091195007771,,,EXPLOIT
1563,57,,,0,1,1,0,common,1.0,0.24054407974468206,0.283310707107787,0.3557082606273131,0.0,0.8844378382539837,0.9253398403010887,,,EXPLOIT
1564,57,,,0,1,1,0,common,1.0,0.15635365183404337,0.2265882949812127,0.29590187798933215,0.0,0.8850154151405865,0.9257614140251281,,,EXPLOIT
1565,57,,,0,1,1,0,common,1.0,0.10162987369212817,0.19456969711685435,0.23762027670017094,0.0,0.8855815571418048,0.9261741083674608,,,EXPLOIT
1566,57,,,0,1,1,0,common,1.0,0.06605941789988334,0.17576691365993782,0.18615201906008466,0.0,0.8861365727550576,0.9265781807420018,,,EXPLOIT
1567,57,,,0,1,1,0,common,1.0,0.04293862163492412,0.16436568394520532,0.1431879998325365,0.0,0.8866807595722069,0.9269738787712481,,,EXPLOIT
1568,57,,,0,1,1,0,common,1.0,0.02791010406270067,0.15729162904751315,0.10860463110158573,0.0,0.8872144047577109,0.9273614407478308,,,EXPLOIT
1569,57,,,0,1,1,0,common,0.0,0.9818584323592445,0.15283274041267458,0.37058077147888335,0.0,0.8877377855018304,0.9277410960701992,,,EXPLOIT
1570,57,,,0,1,1,0,common,1.0,0.36179201896649105,0.3796870484615026,0.36794414572516565,0.0,0.8882511694503946,0.9281130656541088,,,EXPLOIT
1571,57,,,0,1,1,0,common,0.0,0.7648351876717808,0.27941900168508466,0.48701145830915016,0.0,0.8887548151125283,0.928477562321471,,,EXPLOIT
1572,57,,,0,1,1,0,common,1.0,0.5028571280133425,0.5044629331220014,0.49176515922040787,0.0,0.8892489722476472,0.9288347911679999,,,EXPLOIT
1573,57,,,0,1,1,0,common,0.0,0.6731428667913274,0.3503689711346141,0.5461784714916837,0.0,0.8857008175571263,0.9262607131891349,,,EXPLOIT
1574,57,,,0,1,1,0,common,1.0,0.5624571365856372,0.5559194376869101,0.5510620710198698,0.0,0.8819568616752105,0.9235221364638836,,,EXPLOIT
1575,57,,,0,1,1,0,common,1.0,0.36559713878066413,0.38294243713790743,0.49542259134810807,0.0,0.8825845188087033,0.9239828272388859,,,EXPLOIT
1576,57,,,0,0,0,0,common,1.0,0.8448487876886559,0.2812039343076246,0.6002504502502723,0.0,0.8786642904767937,0.9210944083241428,,,EXPLOIT
1577,57,,,0,0,0,0,common,0.0,0.4508482880023737,0.5311576165029294,0.5554298015759027,0.0,0.8745165888060379,0.9180102015960463,,,EXPLOIT
1578,57,,,0,0,0,0,common,1.0,0.7069486127984571,0.39149851243973854,0.600885444942669,0.0,0.8701212519392607,0.9147097743990391,,,EXPLOIT
1579,57,,,0,0,0,0,common,1.0,0.45951659831899716,0.6035986355402146,0.5584747909555674,0.0,0.8654556630622573,0.9111697486221898,,,EXPLOIT
1580,57,,,0,0,0,0,common,0.0,0.7013142110926518,0.6857487403789346,0.6013266169966927,0.0,0.8604943650122643,0.9073632501000373,,,EXPLOIT
1581,57,,,0,0,0,0,common,1.0,0.5441457627897763,0.5354750854350427,0.5841723607346176,0.0,0.8552085999322147,0.9032592297071466,,,EXPLOIT
1582,57,,,0,0,0,0,common,0.0,0.6463052541866454,0.6669175922766489,0.602812228770226,0.0,0.8495657563936706,0.8988216198543966,,,EXPLOIT
1583,57,,,0,0,0,0,common,0.0,0.4200984152213195,0.5042223498675049,0.547998084705554,0.0,0.8435287015372788,0.8940082778691743,,,EXPLOIT
1584,57,,,0,0,0,0,common,0.0,0.2730639698938577,0.3743723135345838,0.46551785026204506,0.0,0.8451302512382365,0.8952918181588148,,,EXPLOIT
1585,57,,,0,0,0,0,common,0.0,0.17749158043100755,0.2976649638352946,0.3791099693127338,0.0,0.8466838144703713,0.8965322636908358,,,EXPLOIT
1586,57,,,0,0,0,0,common,1.0,0.8846304727198451,0.2534234707447972,0.5307661203348671,0.0,0.8404402286088629,0.8915189522586364,,,EXPLOIT
1587,57,,,0,0,0,0,common,0.0,0.4249901927321007,0.5085468653281212,0.49903334205403715,0.0,0.8421361239647538,0.8928879534703245,,,EXPLOIT
1588,57,,,0,0,0,0,common,0.0,0.27624362527586543,0.37707610016169,0.43219642702058564,0.0,0.8437799191285571,0.8942096483778252,,,EXPLOIT
1589,57,,,0,0,0,0,common,0.0,0.17955835642931253,0.2992182074953613,0.3564050058432037,0.0,0.8453738993750877,0.8954863839771527,,,EXPLOIT
1590,57,,,0,1,1,0,common,1.0,0.23763814020743168,0.2543289554301532,0.3207749461524721,0.0,0.8469202184216013,0.8967203546549811,,,EXPLOIT
1591,57,,,0,1,1,0,common,1.0,0.15446479113483058,0.20262552535677575,0.2708818996471796,0.0,0.8484209077623319,0.897913614395887,,,EXPLOIT
1592,57,,,0,1,1,0,common,1.0,0.1004021142376399,0.17370089074753198,0.2197379640243177,0.0,0.8498778852193478,0.8990680878362801,,,EXPLOIT
1593,57,,,0,1,1,0,common,1.0,0.06526137425446588,0.15679007503721978,0.17339498709336215,0.0,0.8512929627854263,0.900185580290175,,,EXPLOIT
1594,57,,,0,1,1,0,common,1.0,0.04241989326540285,0.14656050201469623,0.13410245894497436,0.0,0.8526678538264025,0.9012677868566711,,,EXPLOIT
1595,57,,,0,1,1,0,common,0.0,0.9724270693774881,0.14022209388934898,0.3855998420747285,0.0,0.8540041797032059,0.9023163007057914,,,EXPLOIT
1596,57,,,0,1,1,0,common,1.0,0.3679224049046327,0.35253515645520506,0.3802966109236997,0.0,0.8553034758674082,0.9033326206278806,,,EXPLOIT
1597,57,,,0,1,1,0,common,1.0,0.23914956318801128,0.2553504387605642,0.33795249660299315,0.0,0.8565671974784828,0.9043181579218098,,,EXPLOIT
1598,57,,,0,1,1,0,common,1.0,0.15544721607220735,0.2031847461698425,0.2832009124437574,0.0,0.8577967245859908,0.9052742426885754,,,EXPLOIT
1599,57,,,0,1,1,0,common,1.0,0.10104069044693476,0.17402169572853168,0.22855284584471058,0.0,0.8589933669155091,0.9062021295893271,,,EXPLOIT
1600,57,,,0,1,1,0,common,0.0,0.9343235512094924,0.15698143344385318,0.4402840574541451,0.0,0.8601583682932032,0.9071030031202517,,,EXPLOIT
1601,57,,,0,1,1,0,common,1.0,0.39268969171382995,0.3732696853243156,0.4260057477320505,0.0,0.8612929107404838,0.9079779824509568,,,EXPLOIT
1602,57,,,0,1,1,0,common,1.0,0.25524829961398954,0.2664107033527172,0.3747785132966322,0.0,0.8623981182670892,0.9088281258679219,,,EXPLOIT
1603,57,,,0,1,1,0,common,0.0,0.8340886052509068,0.2092169027452757,0.5125715408829146,0.0,0.8572380804036358,0.9048399534783493,,,EXPLOIT
1604,57,,,0,1,1,0,common,1.0,0.45784240658691056,0.4299821034984561,0.4961528005941134,0.0,0.8584496171439718,0.9057806031690318,,,EXPLOIT
1605,57,,,0,1,1,0,common,1.0,0.29759756428149187,0.2970506985945135,0.4365862297003269,0.0,0.8596289514944387,0.9066937054104557,,,EXPLOIT
1606,57,,,0,1,1,0,common,1.0,0.1934384167829697,0.22575034091434243,0.3636418858251197,0.0,0.8607772932785992,0.9075804087157581,,,EXPLOIT
1607,57,,,0,1,1,0,common,1.0,0.12573497090893027,0.18680610917969803,0.29226981135026286,0.0,0.861895792607835,0.9084417987265104,,,EXPLOIT
1608,57,,,0,1,1,0,common,0.0,0.9182722689091953,0.16453395999140963,0.48007054861794257,0.0,0.8629855435217682,0.909278902457877,,,EXPLOIT
1609,57,,,0,1,1,0,common,1.0,0.403123025209023,0.3821608411300283,0.4569862915952667,0.0,0.8640475873655454,0.9100926922043788,,,EXPLOIT
1610,57,,,0,1,1,0,common,1.0,0.26202996638586495,0.2711678900745871,0.39849939403244616,0.0,0.8650829159259166,0.9108840891375082,,,EXPLOIT
1611,57,,,0,1,1,0,common,1.0,0.17031947815081216,0.21179952905650345,0.33004541926795594,0.0,0.8660924743459626,0.9116539666231873,,,EXPLOIT
1612,57,,,0,1,1,0,common,1.0,0.11070766079802796,0.17893810843434155,0.26424409172697755,0.0,0.8670771638364919,0.9124031532841975,,,EXPLOIT
1613,57,,,0,1,1,0,common,1.0,0.07195997951871813,0.15990245950159943,0.20655885806449972,0.0,0.8680378442004628,0.9131324358301628,,,EXPLOIT
1614,57,,,0,1,1,0,common,1.0,0.04677398668716681,0.14846532659157552,0.15862339665129985,0.0,0.8689753361853024,0.9138425616754144,,,EXPLOIT
1615,57,,,0,1,1,0,common,1.0,0.030403091346658417,0.1414117901706221,0.12015730505990742,0.0,0.869890423676658,0.9145342413630566,,,EXPLOIT
1616,57,,,0,1,1,0,common,1.0,0.019762009375328016,0.136983427128119,0.0900387163545336,0.0,0.8707838557459118,0.9152081508117657,,,EXPLOIT
1617,57,,,0,1,1,0,common,1.0,0.012845306093963171,0.13416984729921028,0.06688069327636247,0.0,0.8716563485627072,0.9158649334002673,,,EXPLOIT
1618,57,,,0,1,1,0,common,1.0,0.008349448961076034,0.1323680765849122,0.04932131998177654,0.0,0.872508587182757,0.916505201903008,,,EXPLOIT
1619,57,,,0,1,1,0,common,1.0,0.0054271418246993886,0.131208261097519,0.03615306653465339,0.0,0.8733412272203195,0.9171295402892686,,,EXPLOIT
1620,57,,,0,1,1,0,common,1.0,0.0035276421860546137,0.1304591438340581,0.026365439230073753,0.0,0.8741548964139296,0.9177385053968309,,,EXPLOIT
1621,57,,,0,0,0,0,common,0.0,0.11671293167905315,0.12997422261433386,0.05346968696476757,0.0,0.8749501960932502,0.918332628490281,,,EXPLOIT
1622,57,,,0,1,1,0,common,1.0,0.0022929674209355433,0.1147974511139748,0.03811667110161796,0.0,0.8757277025542549,0.9189124167131262,,,EXPLOIT
1623,57,,,0,1,1,0,common,1.0,0.0014904288236080587,0.11451568864244464,0.02712879841821499,0.0,0.8764879683493527,0.9194783544420676,,,EXPLOIT
1624,57,,,0,1,1,0,common,0.0,0.9990312212646547,0.11433287272945312,0.31869952527214684,0.0,0.8772315234985337,0.9200309045510372,,,EXPLOIT
1625,57,,,0,1,1,0,common,1.0,0.3506297061779744,0.3062672359981254,0.3282785795438951,0.0,0.8779588766271169,0.9205705095919366,,,EXPLOIT
1626,57,,,0,0,0,0,common,0.0,0.07586340559138455,0.2218329709654722,0.2525540273581419,0.0,0.8786705160352397,0.921097592898411,,,EXPLOIT
1627,57,,,0,1,1,0,common,1.0,0.2279093090156834,0.2060845383918535,0.24516061185540433,0.0,0.8793669107038175,0.9216125596184491,,,EXPLOIT
1628,57,,,0,1,1,0,common,1.0,0.14814105086019425,0.16406024079008724,0.2160547435568413,0.0,0.8800485112413334,0.922115797681107,,,EXPLOIT
1629,57,,,0,1,1,0,common,1.0,0.09629168305912628,0.1407746484354134,0.18012582540752675,0.0,0.8807157507754805,0.9226076787022052,,,EXPLOIT
1630,57,,,0,1,1,0,common,1.0,0.06258959398843211,0.12721419484698968,0.14486495598179835,0.0,0.8813690457933666,0.9230885588334498,,,EXPLOIT
1631,57,,,0,1,1,0,common,1.0,0.04068323609248092,0.11902572071049866,0.11361044001500312,0.0,0.8820087969337103,0.9235587795590552,,,EXPLOIT
1632,57,,,0,1,1,0,common,1.0,0.02644410346011261,0.1139562973734096,0.08746053904853596,0.0,0.8826353897341991,0.9240186684436199,,,EXPLOIT
1633,57,,,0,1,1,0,common,0.0,0.9828113327509268,0.11076495288860255,0.3560657771592532,0.0,0.8832491953369431,0.9244685398346959,,,EXPLOIT
1634,57,,,0,1,1,0,common,1.0,0.36117263371189756,0.2941920478472685,0.3575978341250465,0.0,0.8838505711547396,0.9249086955232264,,,EXPLOIT
1635,57,,,0,1,1,0,common,0.0,0.7652377880872666,0.21006318328475018,0.4798898203137125,0.0,0.8844398615006632,0.9253394253647665,,,EXPLOIT
1636,57,,,0,1,1,0,common,1.0,0.5025954377432766,0.4099816298889084,0.48670150554258174,0.0,0.8850173981833199,0.9257610078641806,,,EXPLOIT
1637,57,,,0,1,1,0,common,1.0,0.32668703453312986,0.26923561935259777,0.43869716423974614,0.0,0.8855835010699248,0.9261737107262928,,,EXPLOIT
1638,57,,,0,1,1,0,common,1.0,0.21234657244653443,0.19726942618729046,0.3707919867017826,0.0,0.8861384786192184,0.9265777913747876,,,EXPLOIT
1639,57,,,0,1,1,0,common,1.0,0.1380252720902474,0.15927738726793492,0.300961972318322,0.0,0.8866826283860874,0.9269734974414668,,,EXPLOIT
1640,57,,,0,1,1,0,common,1.0,0.08971642685866077,0.13803466538313708,0.23758830868042363,0.0,0.8872162374996286,0.9273610672278317,,,EXPLOIT
1641,57,,,0,1,1,0,common,1.0,0.05831567745812949,0.12557880975506777,0.18380651931373537,0.0,0.8877395831162723,0.9277407301407882,,,EXPLOIT
1642,57,,,0,1,1,0,common,1.0,0.03790519034778417,0.11802127307395267,0.14003612062395,0.0,0.8882529328494678,0.9281127071041596,,,EXPLOIT
1643,57,,,0,1,1,0,common,1.0,0.024638373726059704,0.11332731697717702,0.1054167965545829,0.0,0.8887565451773375,0.9284772109475565,,,EXPLOIT
1644,57,,,0,1,1,0,common,1.0,0.016014942921938835,0.11036598934102557,0.07859624046478968,0.0,0.889250669829602,0.9288344467740449,,,EXPLOIT
1645,57,,,0,1,1,0,common,1.0,0.010409712899260293,0.1084783414341066,0.05814028219513086,0.0,0.8897355481549992,0.9291846123079477,,,EXPLOIT
1646,57,,,0,1,1,0,common,1.0,0.0067663133845191625,0.10726690088122785,0.042728091551947345,0.0,0.8902114134703316,0.9295278982240232,,,EXPLOIT
1647,57,,,0,1,1,0,common,1.0,0.004398103699937428,0.10648597327135956,0.031229095196344366,0.0,0.8906784913922079,0.9298644884591721,,,EXPLOIT
1648,57,,,0,1,1,0,common,1.0,0.0028587674049593836,0.10598110574392368,0.02271799685892887,0.0,0.8911370001524699,0.9301945605077452,,,EXPLOIT
1649,57,,,0,1,1,0,common,0.0,0.9981418011867764,0.10565409357745181,0.3153451381572831,0.0,0.8915871508982329,0.9305182857014496,,,EXPLOIT
1650,57,,,0,1,1,0,common,1.0,0.3512078292285953,0.28683075225761195,0.3261039454786767,0.0,0.8920291479774098,0.9308358294747846,,,EXPLOIT
1651,57,,,0,1,1,0,common,1.0,0.2282850889985869,0.206301166064667,0.29675828853464975,0.0,0.8924631892105301,0.9311473516168688,,,EXPLOIT
1652,57,,,0,1,1,0,common,0.0,0.8516146921509185,0.16417720182956774,0.46321520961953033,0.0,0.892889466149616,0.931453006510469,,,EXPLOIT
1653,57,,,0,1,1,0,common,1.0,0.446450450101903,0.3617818302348151,0.4581857817642421,0.0,0.8933081643248281,0.9317529433589818,,,EXPLOIT
1654,57,,,0,1,1,0,common,1.0,0.290192792566237,0.24444979096484587,0.40778788500484053,0.0,0.8937194634795518,0.9320473064020689,,,EXPLOIT
1655,57,,,0,1,1,0,common,0.0,0.811374684831946,0.18441501963488022,0.5288639249529722,0.0,0.8904105975624529,0.9296713629168318,,,EXPLOIT
1656,57,,,0,0,0,0,common,1.0,0.9506887863656001,0.38394504999034457,0.6554113833767605,0.0,0.8869254142099061,0.9271496462476582,,,EXPLOIT
1657,57,,,0,1,1,0,common,1.0,0.472606454859235,0.6526192209002606,0.6005699048215029,0.0,0.883249625417188,0.9244684559094944,,,EXPLOIT
1658,57,,,0,1,1,0,common,0.0,0.6928058043414972,0.5318145717083776,0.6282406746775011,0.0,0.8793673567916205,0.9216123192026155,,,EXPLOIT
1659,57,,,0,1,1,0,common,1.0,0.5496762271780268,0.6839113744264569,0.6046713404276588,0.0,0.8752609210904807,0.9185636950769145,,,EXPLOIT
1660,57,,,0,1,1,0,common,1.0,0.3572895476657174,0.5737277138263666,0.5304568025990763,0.0,0.8709105518248924,0.9153026165621964,,,EXPLOIT
1661,57,,,0,1,1,0,common,1.0,0.23223820598271638,0.46546353724973083,0.44099122361416837,0.0,0.8717800915796847,0.9159570131212437,,,EXPLOIT
1662,57,,,0,1,1,0,common,1.0,0.15095483388876563,0.3935033445225502,0.3539803066965475,0.0,0.8726294731585875,0.9165949803885829,,,EXPLOIT
1663,57,,,0,1,1,0,common,1.0,0.09812064202769766,0.34885946579195737,0.27722240729589254,0.0,0.8734593480746703,0.9172170983743773,,,EXPLOIT
1664,57,,,0,1,1,0,common,1.0,0.06377841731800349,0.32124918566957245,0.2131892103025258,0.0,0.8742703401820535,0.9178239201857953,,,EXPLOIT
1665,57,,,0,1,1,0,common,1.0,0.041455971256702306,0.30399295850307284,0.16166923858877874,0.0,0.8750630471291536,0.9184159735696676,,,EXPLOIT
1666,57,,,0,1,1,0,common,1.0,0.02694638131685645,0.29308729429346014,0.12125238140720204,0.0,0.8758380417212432,0.9189937623501928,,,EXPLOIT
1667,57,,,0,1,1,0,common,1.0,0.017515147855956648,0.2861340807152846,0.09013121134182842,0.0,0.8765958731988621,0.9195577677699251,,,EXPLOIT
1668,57,,,0,1,1,0,common,1.0,0.011384846106371804,0.2816726686140932,0.06650730177119142,0.0,0.8773370684380776,0.9201084497415539,,,EXPLOIT
1669,57,,,0,1,1,0,common,1.0,0.007400149969141623,0.27879755670440975,0.048775156230576475,0.0,0.8780621330781146,0.9206462480173185,,,EXPLOIT
1670,57,,,0,1,1,0,common,1.0,0.004810097479942099,0.2769392710615932,0.03558563860538616,0.0,0.8787715525814304,0.9211715832823163,,,EXPLOIT
1671,57,,,0,1,1,0,common,0.0,0.9968734366380376,0.2757358518861903,0.32397197801518157,0.0,0.8794657932309073,0.9216848581774184,,,EXPLOIT
1672,57,,,0,0,0,0,common,0.0,0.3820522888623599,0.5694814589469577,0.341396071269335,0.0,0.880145303068477,0.9221864582570254,,,EXPLOIT
1673,57,,,0,0,0,0,common,0.0,0.24833398776053395,0.45299894362136167,0.3134774462166947,0.0,0.8808105127791448,0.9226767528864542,,,EXPLOIT
1674,57,,,0,0,0,0,common,0.0,0.16141709204434707,0.37670792672969,0.2678593399649904,0.0,0.8814618365240892,0.9231560960833483,,,EXPLOIT
1675,57,,,0,1,1,0,common,1.0,0.3520322661852755,0.33005549563050923,0.2931112178310759,0.0,0.8820996727262228,0.9236248273071453,,,EXPLOIT
1676,57,,,0,1,1,0,common,0.0,0.7711790269795709,0.24069186244490573,0.43653156057562437,0.0,0.8827244048113524,0.9240832722003038,,,EXPLOIT
1677,57,,,0,1,1,0,common,1.0,0.49873363246327895,0.45594130320879767,0.4551921821419207,0.0,0.8833364019078346,0.9245317432846912,,,EXPLOIT
1678,57,,,0,1,1,0,common,1.0,0.3241768611011313,0.30826045396101287,0.4158875858296838,0.0,0.8839360195074202,0.9249705406162703,,,EXPLOIT
1679,57,,,0,1,1,0,common,1.0,0.2107149597157354,0.22916043321820423,0.3543357979954993,0.0,0.8845236000897674,0.9253999524009647,,,EXPLOIT
1680,57,,,0,1,1,0,common,1.0,0.13696472381522806,0.18650684043268315,0.2891244757414179,0.0,0.8850994737129414,0.925820255574366,,,EXPLOIT
1681,57,,,0,1,1,0,common,1.0,0.08902707047989822,0.1623900017562656,0.229095254162962,0.0,0.8856639585720364,0.9262317163477324,,,EXPLOIT
1682,57,,,0,1,1,0,common,1.0,0.05786759581193379,0.14815845512454967,0.17772695665765353,0.0,0.8862173615279122,0.9266345907225448,,,EXPLOIT
1683,57,,,0,1,1,0,common,1.0,0.03761393727775697,0.1394904488469102,0.13569305084368455,0.0,0.886759978607893,0.9270291249757151,,,EXPLOIT
1684,57,,,0,1,1,0,common,1.0,0.02444905923054208,0.1340940509800392,0.10231985335974181,0.0,0.8872920954801498,0.9274155561173748,,,EXPLOIT
1685,57,,,0,1,1,0,common,1.0,0.015891888499852347,0.13068450033782952,0.07639146390177497,0.0,0.887813987903364,0.9277941123230428,,,EXPLOIT
1686,57,,,0,1,1,0,common,1.0,0.01032972752490402,0.12850908174907666,0.056572942988713674,0.0,0.8883259221531624,0.9281650133418232,,,EXPLOIT
1687,57,,,0,1,1,0,common,0.0,0.9932856771088124,0.12711210983264348,0.3375867632247433,0.0,0.8888281554267126,0.928528470882175,,,EXPLOIT
1688,57,,,0,1,1,0,common,1.0,0.3543643098792719,0.3319188144176679,0.34262002722110185,0.0,0.8893209362267711,0.9288846889766724,,,EXPLOIT
1689,57,,,0,1,1,0,common,0.0,0.7696631985784732,0.24167635876276264,0.4707329786283132,0.0,0.8898045047263933,0.9292338643270858,,,EXPLOIT
1690,57,,,0,1,1,0,common,0.0,0.5002810790760076,0.4568231209472837,0.4795974087626215,0.0,0.8902790931154295,0.9295761866310055,,,EXPLOIT
1691,57,,,0,1,1,0,common,1.0,0.674817298600595,0.6047816602831932,0.5381633757140135,0.0,0.8867868089460813,0.9270485400306552,,,EXPLOIT
1692,57,,,0,0,0,0,common,0.0,0.1049211098288256,0.4026705198210332,0.4081906959484571,0.0,0.8873184085618667,0.9274345740620246,,,EXPLOIT
1693,57,,,0,1,1,0,common,1.0,0.4386312440903868,0.37109089200197226,0.41732286039103594,0.0,0.8878397972527999,0.9278127442861019,,,EXPLOIT
1694,57,,,0,1,1,0,common,1.0,0.2851103086587514,0.25362639561546274,0.3776590948713506,0.0,0.8883512408315404,0.9281832700430195,,,EXPLOIT
1695,57,,,0,1,1,0,common,0.0,0.8146782993718116,0.19278115334146106,0.5087648562214888,0.0,0.8847540381721845,0.9255680394330793,,,EXPLOIT
1696,57,,,0,1,1,0,common,1.0,0.4704591054083225,0.39840667756066417,0.4972731309775389,0.0,0.8853253444436135,0.9259847977000576,,,EXPLOIT
1697,57,,,0,1,1,0,common,0.0,0.6942015814845903,0.26783277426021534,0.5563516661296544,0.0,0.8815603634172082,0.9232282846309846,,,EXPLOIT
1698,57,,,0,1,1,0,common,1.0,0.5487689720350163,0.46786089411668796,0.5540768579012629,0.0,0.877581324199375,0.9202893447714184,,,EXPLOIT
1699,57,,,0,1,1,0,common,1.0,0.35669983182276055,0.3050509843710036,0.4948637500777122,0.0,0.8783011035423949,0.9208229378058567,,,EXPLOIT
1700,57,,,0,0,0,0,common,0.0,0.06819872138873664,0.2195729679108095,0.3668642414710195,0.0,0.8790053957756371,0.9213442041636546,,,EXPLOIT
1701,57,,,0,1,1,0,common,0.0,0.7681451093152056,0.20548796947247108,0.48724850182427526,0.0,0.8796946609799419,0.921853540679873,,,EXPLOIT
1702,57,,,0,1,1,0,common,0.0,0.4992943210548837,0.4039649090786507,0.49086224759345776,0.0,0.8803693412967328,0.9223513274090803,,,EXPLOIT
1703,57,,,0,1,1,0,common,1.0,0.6754586913143256,0.5577341977330685,0.546241180709718,0.0,0.8763213610692929,0.9193531153219547,,,EXPLOIT
1704,57,,,0,1,1,0,common,1.0,0.4390481493543117,0.35149698210185054,0.5140832713030961,0.0,0.8720346575621412,0.9161477446603277,,,EXPLOIT
1705,57,,,0,1,1,0,common,0.0,0.7146187029196974,0.23808776806711418,0.5742439007880764,0.0,0.8674877082959244,0.9127131566917376,,,EXPLOIT
1706,57,,,0,1,1,0,common,1.0,0.5354978431021966,0.4346680373028944,0.5626200834823124,0.0,0.862656323727347,0.9090240457990216,,,EXPLOIT
1707,57,,,0,1,1,0,common,1.0,0.3480735980164279,0.28092444813156253,0.498256137842547,0.0,0.863726706555828,0.9098449034795433,,,EXPLOIT
1708,57,,,0,1,1,0,common,1.0,0.2262478387106781,0.20228418265432038,0.41665364810298633,0.0,0.8647700768344289,0.9106430903540034,,,EXPLOIT
1709,57,,,0,1,1,0,common,0.0,0.8529389048380592,0.1611797893855847,0.5475392251235082,0.0,0.8597645570516979,0.9067961072900662,,,EXPLOIT
1710,57,,,0,1,1,0,common,1.0,0.4455897118552614,0.3569117742478801,0.5169543711430341,0.0,0.8544301900648779,0.9026467804333915,,,EXPLOIT
1711,57,,,0,1,1,0,common,1.0,0.28963331270591997,0.24083482331036832,0.44875805361189985,0.0,0.8557177754995545,0.9036530449989869,,,EXPLOIT
1712,57,,,0,0,0,0,common,1.0,0.9556708310973212,0.1816140155461558,0.6008318868575262,0.0,0.8501098416763214,0.8992480241094969,,,EXPLOIT
1713,57,,,0,0,0,0,common,1.0,0.6211860402132587,0.42335134669931623,0.6069381328642459,0.0,0.8441113833167414,0.8944714658531869,,,EXPLOIT
1714,57,,,0,0,0,0,common,0.0,0.5962290738613818,0.6082267475874562,0.6037254151633866,0.0,0.8376804723825851,0.88927456920357,,,EXPLOIT
1715,57,,,0,1,1,0,common,0.0,0.811738346741152,0.43109696512664963,0.6661292946367161,0.0,0.8307689563646231,0.8835995954284838,,,EXPLOIT
1716,57,,,0,1,1,0,common,1.0,0.4723700746182512,0.6553899983903924,0.6080015286311766,0.0,0.8233212586725739,0.8773777237692157,,,EXPLOIT
1717,57,,,0,1,1,0,common,0.0,0.6929594514981368,0.5364182253476941,0.6334889054912647,0.0,0.815272890469079,0.870526258648899,,,EXPLOIT
1718,57,,,0,1,1,0,common,1.0,0.5495763565262111,0.6853027889488934,0.6083151408017485,0.0,0.8065485895877301,0.862944947476196,,,EXPLOIT
1719,57,,,0,0,0,0,common,0.0,0.38754889800989817,0.578069983131499,0.5420852679641934,0.0,0.7970599727606088,0.8545110600706236,,,EXPLOIT
1720,57,,,0,0,0,0,common,0.0,0.2519067837064338,0.46084386478451955,0.45503172268686554,0.0,0.8003309911051778,0.8574410286178035,,,EXPLOIT
1721,57,,,0,0,0,0,common,0.0,0.163739409409182,0.38312729923327804,0.3676440287035605,0.0,0.8034670615355236,0.8602277221916618,,,EXPLOIT
1722,57,,,0,0,0,0,common,0.0,0.1064306161159683,0.3354258317808496,0.2892800049272828,0.0,0.8064762174048759,0.8628812683404578,,,EXPLOIT
1723,57,,,0,1,1,0,common,0.0,0.6427753682579628,0.30619959413568354,0.39532861392648677,0.0,0.8093658670799512,0.8654108622541994,,,EXPLOIT
1724,57,,,0,1,1,0,common,0.0,0.4178039893676758,0.498582274219894,0.4020712265588434,0.0,0.8121428535646575,0.8678248716475186,,,EXPLOIT
1725,57,,,0,1,1,0,common,0.0,0.2715725930889893,0.6174764680984851,0.36292163651788717,0.0,0.8148135074258515,0.8701309277958732,,,EXPLOIT
1726,57,,,0,1,1,0,common,1.0,0.823477814492157,0.6706228384670736,0.5010884899101681,0.0,0.8060497827654085,0.8625063297045976,,,EXPLOIT
1727,57,,,0,1,1,0,common,1.0,0.535260579419902,0.4566445183208482,0.5113401167630882,0.0,0.7965164692073099,0.8540216622211144,,,EXPLOIT
1728,57,,,0,0,0,0,common,0.0,0.06917990047537939,0.29914503041143375,0.37869205187677557,0.0,0.7998101643471498,0.8569758897134552,,,EXPLOIT
1729,57,,,0,1,1,0,common,1.0,0.34791937662293626,0.2812740610590537,0.36946024930062377,0.0,0.8029675461015131,0.8597851040106,,,EXPLOIT
1730,57,,,0,1,1,0,common,1.0,0.22614759480490854,0.20258959614362587,0.3264664529519092,0.0,0.8059967552530228,0.8624595948162699,,,EXPLOIT
1731,57,,,0,1,1,0,common,1.0,0.14699593662319055,0.16145004362642335,0.2726252980532936,0.0,0.8089052972361039,0.8650087009980615,,,EXPLOIT
1732,57,,,0,1,1,0,common,0.0,0.9044526411949262,0.13865010299564065,0.46217350099578336,0.0,0.8117001029372349,0.8674409179406246,,,EXPLOIT
1733,57,,,0,1,1,0,common,1.0,0.41210578322329794,0.3301507103273161,0.4471531856640377,0.0,0.8143875826442923,0.8697639906752812,,,EXPLOIT
1734,57,,,0,1,1,0,common,1.0,0.2678687590951436,0.22741449541002323,0.39336785769336946,0.0,0.8169736740289998,0.8719849949371964,,,EXPLOIT
1735,57,,,0,1,1,0,common,1.0,0.17411469341184338,0.1746904205686186,0.3275919084089116,0.0,0.8194638849184829,0.8741104079372746,,,EXPLOIT
1736,57,,,0,1,1,0,common,1.0,0.11317455071769822,0.1461297487147604,0.2632667011015476,0.0,0.8218633315044155,0.8761461703398509,,,EXPLOIT
1737,57,,,0,1,1,0,common,1.0,0.07356345796650388,0.12978788708982997,0.20635572816103448,0.0,0.8241767725476178,0.8780977406952186,,,EXPLOIT
1738,57,,,0,1,1,0,common,1.0,0.047816247678227564,0.1200416287322533,0.15879388401619238,0.0,0.826408640059351,0.8799701433773219,,,EXPLOIT
1739,57,,,0,1,1,0,common,1.0,0.031080560990847883,0.11405836189774166,0.12047988710858902,0.0,0.8285630668755727,0.881768010913099,,,EXPLOIT
1740,57,,,0,0,0,0,common,0.0,0.044966935308996606,0.1103127690781622,0.0978260015687113,0.0,0.8306439114851458,0.8834956214543277,,,EXPLOIT
1741,57,,,0,1,1,0,common,0.0,0.9797976353559489,0.10508804459203298,0.3624174917048826,0.0,0.8326547804258403,0.8851569320300924,,,EXPLOIT
1742,57,,,0,1,1,0,common,1.0,0.3631315370186332,0.28089357315555263,0.36263170529900773,0.0,0.8345990485216365,0.8867556081239525,,,EXPLOIT
1743,57,,,0,1,1,0,common,1.0,0.23603549906211163,0.19928496320077488,0.3246528434279389,0.0,0.836479877200241,0.888295050041167,,,EXPLOIT
1744,57,,,0,1,1,0,common,1.0,0.15342307439037262,0.15710241595325256,0.27328391271666896,0.0,0.83830023109998,0.8897784164651783,,,EXPLOIT
1745,57,,,0,0,0,0,common,1.0,0.9707714920491523,0.13392625825672236,0.48253018651641394,0.0,0.8400628931495883,0.8912086455468193,,,EXPLOIT
1746,57,,,0,1,1,0,common,1.0,0.09972499835374216,0.3395183461089196,0.3676886300676124,0.0,0.8417704782822526,0.8925884738225575,,,EXPLOIT
1747,57,,,0,1,1,0,common,1.0,0.06482124892993246,0.3118935169060669,0.2768284157263084,0.0,0.8434254459260707,0.89392045321811,,,EXPLOIT
1748,57,,,0,1,1,0,common,1.0,0.04213381180445608,0.29467526366272456,0.2064200345497527,0.0,0.8450301113964239,0.8952069663597435,,,EXPLOIT
1749,57,,,0,1,1,0,common,1.0,0.02738697767289644,0.2838126316940768,0.1527101174866958,0.0,0.8465866563012648,0.8964502403865576,,,EXPLOIT
1750,57,,,0,1,1,0,common,1.0,0.017801535487382725,0.2768946603751621,0.11223754288690188,0.0,0.848097138057679,0.8976523594322172,,,EXPLOIT
1751,57,,,0,1,1,0,common,1.0,0.011570998066798732,0.27245909404714735,0.08203757944087094,0.0,0.8495634986070328,0.898815275923308,,,EXPLOIT
1752,57,,,0,1,1,0,common,1.0,0.007521148743419137,0.26960198642068517,0.059682650231635395,0.0,0.8509875724063604,0.8999408208231728,,,EXPLOIT
1753,57,,,0,1,1,0,common,1.0,0.004888746683222478,0.26775590233001023,0.043244479167111514,0.0,0.8523710937651482,0.9010307129342929,,,EXPLOIT
1754,57,,,0,1,1,0,common,1.0,0.003177685344094572,0.26656062210625275,0.03122444102020643,0.0,0.8537157035892398,0.9020865673586402,,,EXPLOIT
1755,57,,,0,1,1,0,common,1.0,0.002065495473661416,0.26578566797467995,0.022476757356242924,0.0,0.8550229555870065,0.9031099032035971,,,EXPLOIT
1756,57,,,0,1,1,0,common,1.0,0.0013425720578799094,0.26528278431163144,0.016136501766734018,0.0,0.8562943219871548,0.9041021506107814,,,EXPLOIT
1757,57,,,0,1,1,0,common,0.0,0.999127328162378,0.2649562635789465,0.31103374968542724,0.0,0.8575311988124229,0.9050646571761879,,,EXPLOIT
1758,57,,,0,1,1,0,common,1.0,0.35056723669445433,0.5575495478244804,0.3228937957881354,0.0,0.8587349107488959,0.9059986938222632,,,EXPLOIT
1759,57,,,0,1,1,0,common,0.0,0.7721312961486047,0.44986983630432853,0.4576650458962761,0.0,0.8599067156466577,0.9069054601757348,,,EXPLOIT
1760,57,,,0,1,1,0,common,1.0,0.498114657503407,0.6590387014425885,0.46979992937841536,0.0,0.8610478086839398,0.9077860894990565,,,EXPLOIT
1761,57,,,0,0,0,0,common,0.0,0.36899853016805106,0.5348560863327745,0.4395595096153061,0.0,0.8621593262237573,0.908641653218106,,,EXPLOIT
1762,57,,,0,0,0,0,common,1.0,0.7601509553907668,0.4202990470804381,0.5357369433479443,0.0,0.8569836016660097,0.9046388278337407,,,EXPLOIT
1763,57,,,0,0,0,0,common,0.0,0.5059018789960016,0.6383278294024951,0.5267864240423614,0.0,0.8514619806908384,0.9003148435927688,,,EXPLOIT
1764,57,,,0,0,0,0,common,0.0,0.32883622134740104,0.49967860354792004,0.4674013632338733,0.0,0.8528321053295662,0.9013930009679336,,,EXPLOIT
1765,57,,,0,0,0,0,common,1.0,0.7862564561241894,0.39741597154119,0.563057891100968,0.0,0.8470248790889845,0.8967992843055838,,,EXPLOIT
1766,57,,,0,0,0,0,common,0.0,0.48893330351927694,0.6276227823922674,0.5408205148264607,0.0,0.8408059188532874,0.8918095118931301,,,EXPLOIT
1767,57,,,0,0,0,0,common,1.0,0.68219335271247,0.4898659985781924,0.5832323661922634,0.0,0.8341301767409973,0.8863704433054309,,,EXPLOIT
1768,57,,,0,0,0,0,common,0.0,0.5565743207368945,0.6653138511015376,0.5752349525556527,0.0,0.8269457848959867,0.8804188481406563,,,EXPLOIT
1769,57,,,0,0,0,0,common,0.0,0.3617733084789814,0.5286130068808208,0.5111964593326513,0.0,0.8191927140761258,0.8738790475473711,,,EXPLOIT
1770,57,,,0,1,1,0,common,1.0,0.32377452737721457,0.4161553318865431,0.45496987974602027,0.0,0.8216019700459064,0.8759244820921566,,,EXPLOIT
1771,57,,,0,1,1,0,common,1.0,0.21045344279518952,0.32107274544832787,0.381614948660771,0.0,0.8239247101753409,0.8778851410205076,,,EXPLOIT
1772,57,,,0,1,1,0,common,1.0,0.13679473781687324,0.2664010519888661,0.3081688854076017,0.0,0.8261654012442547,0.8797660947093171,,,EXPLOIT
1773,57,,,0,1,1,0,common,0.0,0.9110834204190323,0.23447901498441687,0.4890432459110309,0.0,0.8283282079453431,0.8815720172428889,,,EXPLOIT
1774,57,,,0,1,1,0,common,1.0,0.407795776727629,0.4910846482247603,0.4646690051560103,0.0,0.8304170180001895,0.8833072243905236,,,EXPLOIT
1775,57,,,0,1,1,0,common,0.0,0.7349327451270411,0.36551858536700566,0.5457481271473195,0.0,0.8229414711840599,0.8770564715539033,,,EXPLOIT
1776,57,,,0,1,1,0,common,1.0,0.5222937156674232,0.588011418942447,0.5387118037033506,0.0,0.8148618341852109,0.870171643293805,,,EXPLOIT
1777,57,,,0,1,1,0,common,1.0,0.3394909151838251,0.4300604469914259,0.47894553714749294,0.0,0.8174302188477341,0.8723749562935236,,,EXPLOIT
1778,57,,,0,1,1,0,common,0.0,0.7793309051305136,0.32915340773693963,0.5690611475423991,0.0,0.8088898385671389,0.864994364915268,,,EXPLOIT
1779,57,,,0,1,1,0,common,1.0,0.4934349116651662,0.5649981178895546,0.5463732767792292,0.0,0.7996095713170203,0.8567956324329961,,,EXPLOIT
1780,57,,,0,1,1,0,common,0.0,0.679267307417642,0.413477250126071,0.586241485970753,0.0,0.7894894488856592,0.8476352295195404,,,EXPLOIT
1781,57,,,0,1,1,0,common,1.0,0.5584762501785328,0.6147122280587016,0.5779119152330869,0.0,0.7784106448522701,0.837333968831469,,,EXPLOIT
1782,57,,,0,1,1,0,common,1.0,0.3630095626160462,0.45102769142365473,0.5134412094479748,0.0,0.7662308076577898,0.8256651982078166,,,EXPLOIT
1783,57,,,0,1,1,0,common,1.0,0.23595621570043002,0.34145358512398255,0.4301957113237113,0.0,0.7709021124406633,0.8301840529266615,,,EXPLOIT
1784,57,,,0,1,1,0,common,1.0,0.15337154020527954,0.27813060989484484,0.3471484599881818,0.0,0.7753463734411086,0.8344327323459351,,,EXPLOIT
1785,57,,,0,1,1,0,common,1.0,0.09969150113343173,0.24140733874217507,0.2729113723317568,0.0,0.77957954204374,0.838434566947947,,,EXPLOIT
1786,57,,,0,1,1,0,common,1.0,0.06479947573673062,0.21951154558840344,0.2104778033532489,0.0,0.7836161098433231,0.8422102763678813,,,EXPLOIT
1787,57,,,0,1,1,0,common,0.0,0.957880340771125,0.20611438172641522,0.4346985645786117,0.0,0.7874692719063423,0.8457783246754205,,,EXPLOIT
1788,57,,,0,1,1,0,common,1.0,0.37737777849876863,0.46388742939376937,0.41750232875465876,0.0,0.7911510686010863,0.849155219177796,,,EXPLOIT
1789,57,,,0,1,1,0,common,1.0,0.2452955560241996,0.34908565276071135,0.365840296935521,0.0,0.7946725092081979,0.8523557629485948,,,EXPLOIT
1790,57,,,0,1,1,0,common,1.0,0.15944211141572973,0.282511612831303,0.30392084127958363,0.0,0.7980436799850169,0.8553932692326173,,,EXPLOIT
1791,57,,,0,1,1,0,common,1.0,0.1036373724202243,0.24398182006334473,0.24383580062177582,0.0,0.8012738389179648,0.8582797442767526,,,EXPLOIT
1792,57,,,0,1,1,0,common,0.0,0.9326357079268542,0.22106789143870487,0.4504757728132993,0.0,0.8043714990376242,0.8610260438815632,,,EXPLOIT
1793,57,,,0,0,0,0,common,0.0,0.23515265051133794,0.4785759007614008,0.38587883612271084,0.0,0.8073445018754138,0.8636420079772862,,,EXPLOIT
1794,57,,,0,1,1,0,common,1.0,0.39378678984754467,0.4053643914204962,0.38825122224016095,0.0,0.8102000823964673,0.8661365767408841,,,EXPLOIT
1795,57,,,0,1,1,0,common,1.0,0.25596141340090406,0.2929476139020063,0.3485642795883838,0.0,0.8129449265407601,0.8685178911420064,,,EXPLOIT
1796,57,,,0,1,1,0,common,0.0,0.8336250812894124,0.2314121811568702,0.49408252009869236,0.0,0.8155852223358997,0.870793380300674,,,EXPLOIT
1797,57,,,0,1,1,0,common,1.0,0.45814369716188197,0.4625106569027509,0.48330087321764925,0.0,0.8181267054041128,0.872969837631679,,,EXPLOIT
1798,57,,,0,1,1,0,common,1.0,0.2977934031552233,0.3250424519044328,0.42764863219892146,0.0,0.8205746995678402,0.8750534874197653,,,EXPLOIT
1799,57,,,0,1,1,0,common,0.0,0.8064342879491049,0.24901321890771144,0.5412843289239765,0.0,0.8122988022696294,0.8679587416760253,,,EXPLOIT
1800,57,,,0,1,1,0,common,0.0,0.5241822871669182,0.4783321800764685,0.5361537163968589,0.0,0.8033176514280271,0.8600940044242565,,,EXPLOIT
1801,57,,,0,0,0,0,common,0.0,0.15284922283236968,0.6272454256204918,0.42116236832751214,0.0,0.8063327990093075,0.8627538699805135,,,EXPLOIT
1802,57,,,0,0,0,0,common,1.0,0.9006480051589597,0.5889283597638298,0.5650080593769464,0.0,0.7968248590360041,0.8542978805770299,,,EXPLOIT
1803,57,,,0,0,0,0,common,0.0,0.4145787966466762,0.682354388833544,0.5198792805578654,0.0,0.7864454059952773,0.8448333773246504,,,EXPLOIT
1804,57,,,0,0,0,0,common,1.0,0.7305237821796604,0.6830983780433164,0.5830726310444039,0.0,0.7750694600705422,0.8341690690964182,,,EXPLOIT
1805,57,,,0,0,0,0,common,0.0,0.5251595415832206,0.6294745779473804,0.5656987042060488,0.0,0.7625469451957457,0.8220620221386582,,,EXPLOIT
1806,57,,,0,0,0,0,common,1.0,0.6586462979709066,0.6931463733634624,0.5935829823355061,0.0,0.7486960568574448,0.8081989713346516,,,EXPLOIT
1807,57,,,0,0,0,0,common,0.0,0.5718799063189107,0.5967029244210457,0.5870720595305274,0.0,0.7332944092960103,0.792168882408809,,,EXPLOIT
1808,57,,,0,0,0,0,common,0.0,0.371721939107292,0.6912284416573088,0.5224670234035568,0.0,0.7160670434181481,0.7734215822033935,,,EXPLOIT
1809,57,,,0,0,0,0,common,0.0,0.2416192604197398,0.6738850235679825,0.43821269450841166,0.0,0.7235078035392198,0.7816283107959523,,,EXPLOIT
1810,57,,,0,1,1,0,common,1.0,0.6592815133415032,0.6299743700689129,0.5045333401583391,0.0,0.7050644459601595,0.7609688244920366,,,EXPLOIT
1811,57,,,0,1,1,0,common,1.0,0.4285329836719771,0.43979693521770624,0.48173323321243045,0.0,0.7131930209544519,0.7702057594497098,,,EXPLOIT
1812,57,,,0,1,1,0,common,1.0,0.27854643938678514,0.31326908610517556,0.4207771950647368,0.0,0.720810675778269,0.7786730193826301,,,EXPLOIT
1813,57,,,0,1,1,0,common,1.0,0.18105518560141032,0.24353521435089465,0.34886059222573884,0.0,0.7279637631175196,0.7864625796047087,,,EXPLOIT
1814,57,,,0,1,1,0,common,0.0,0.8823141293590833,0.20465813726619353,0.5088966533657422,0.0,0.710079468638031,0.7666925502660523,,,EXPLOIT
1815,57,,,0,1,1,0,common,1.0,0.4264958159165959,0.4379813744892397,0.48417640213099833,0.0,0.7178909742059196,0.775448825510681,,,EXPLOIT
1816,57,,,0,0,0,0,common,0.0,0.15705251927283087,0.312244971250637,0.38603923727354805,0.0,0.7252204904768556,0.7834932938315343,,,EXPLOIT
1817,57,,,0,1,1,0,common,1.0,0.27722228034578733,0.27156578412535604,0.3533941501952198,0.0,0.7321109546858597,0.7909090005875836,,,EXPLOIT
1818,57,,,0,1,1,0,common,1.0,0.18019448222476175,0.20901540226806412,0.30143424980408234,0.0,0.7386003514975946,0.7977665566392288,,,EXPLOIT
1819,57,,,0,1,1,0,common,0.0,0.8828735865539048,0.17475545285029281,0.4758660508290291,0.0,0.7447224070664963,0.8041263816783244,,,EXPLOIT
1820,57,,,0,0,0,0,common,0.0,0.10208413752734008,0.38936319323321417,0.3637314768385224,0.0,0.7505071695592688,0.810040478804136,,,EXPLOIT
1821,57,,,0,0,0,0,common,0.0,0.06635468939277106,0.3590483737009216,0.274518440604797,0.0,0.7559814972331772,0.8155538507725322,,,EXPLOIT
1822,57,,,0,0,0,0,common,0.0,0.04313054810530119,0.3399552851063209,0.20510207285494825,0.0,0.7611694708007126,0.8207056395833469,,,EXPLOIT
1823,57,,,0,1,1,0,common,1.0,0.42613216873996185,0.3278368107094829,0.27141110162045234,0.0,0.7660927434379666,0.825530050470737,,,EXPLOIT
1824,57,,,0,1,1,0,common,1.0,0.27698590968097525,0.22259534693177038,0.27308354403860924,0.0,0.7707708391671146,0.8300571064285195,,,EXPLOIT
1825,57,,,0,0,0,0,common,1.0,0.9719651437315542,0.16921200736384448,0.4827480239464927,0.0,0.775221408283753,0.8343132684559289,,,EXPLOIT
1826,57,,,0,1,1,0,common,0.0,0.819959158707366,0.40678842375304847,0.5839113643747547,0.0,0.7627145846455547,0.822226376499536,,,EXPLOIT
1827,57,,,0,1,1,0,common,1.0,0.46702654684021205,0.6416725385749183,0.5488459191143918,0.0,0.7488819399399261,0.808388011488052,,,EXPLOIT
1828,57,,,0,1,1,0,common,0.0,0.6964327445538622,0.516610167663755,0.593121966746233,0.0,0.7335016735536336,0.7923886063611572,,,EXPLOIT
1829,57,,,0,1,1,0,common,0.0,0.4526812839600104,0.6790816443093219,0.5509897619103662,0.0,0.7162995893644384,0.7736801009970566,,,EXPLOIT
1830,57,,,0,1,1,0,common,1.0,0.7057571654259932,0.6823198127322397,0.5974199829650543,0.0,0.6969326530465267,0.7515119981607702,,,EXPLOIT
1831,57,,,0,0,0,0,common,1.0,0.6317773434255103,0.636669105728463,0.6077271911031911,0.0,0.6749659426834776,0.7248283864836639,,,EXPLOIT
1832,57,,,0,0,0,0,common,0.0,0.5893447267734183,0.6885437837201314,0.6022124518042592,0.0,0.6498396734009945,0.6920949843376912,,,EXPLOIT
1833,57,,,0,1,1,0,common,1.0,0.4587421575268956,0.6455005360975569,0.5591713635210501,0.0,0.6208209234732661,0.6509936373680151,,,EXPLOIT
1834,57,,,0,1,1,0,common,1.0,0.29818240239248217,0.5248842931756716,0.48087467518247967,0.0,0.6351568091101942,0.671767886405633,,,EXPLOIT
1835,57,,,0,1,1,0,common,1.0,0.19381856155511346,0.43205850884546504,0.39475784109426976,0.0,0.648320054026384,0.6900338049192015,,,EXPLOIT
1836,57,,,0,1,1,0,common,1.0,0.12598206501082376,0.3729759237941508,0.31412510826923595,0.0,0.6604482952524223,0.7062190497190137,,,EXPLOIT
1837,57,,,0,1,1,0,common,1.0,0.08188834225703545,0.33647879093549443,0.2444540784655758,0.0,0.6716584413434277,0.7206592883441632,,,EXPLOIT
1838,57,,,0,1,1,0,common,1.0,0.053227422467073016,0.31381324399832294,0.18708608166602494,0.0,0.6820504330056287,0.7336216705924321,,,EXPLOIT
1839,57,,,0,1,1,0,common,1.0,0.034597824603597505,0.2995762024415186,0.14133960454729672,0.0,0.6917102136716893,0.7453214623298436,,,EXPLOIT
1840,57,,,0,1,1,0,common,1.0,0.022488585992338384,0.2905415952704177,0.10568429898080922,0.0,0.7007120971148812,0.7559340579258349,,,EXPLOIT
1841,57,,,0,1,1,0,common,1.0,0.014617580895019966,0.2847640596784108,0.07836428355507244,0.0,0.7091206702155335,0.7656038029712945,,,EXPLOIT
1842,57,,,0,1,1,0,common,1.0,0.009501427581762978,0.28104930455892985,0.0577054267630796,0.0,0.7169923339832911,0.7744505735453721,,,EXPLOIT
1843,57,,,0,1,1,0,common,1.0,0.006175927928145919,0.27865201351227403,0.04224657711259949,0.0,0.7243765606060607,0.7825747505172387,,,EXPLOIT
1844,57,,,0,1,1,0,common,1.0,0.004014353153294792,0.27710111598797005,0.03077690992480808,0.0,0.7313169257574912,0.7900610278102872,,,EXPLOIT
1845,57,,,0,1,1,0,common,1.0,0.002609329549641659,0.27609614290195134,0.022326635812258154,0.0,0.7378519616837182,0.79698136152777,,,EXPLOIT
1846,57,,,0,1,1,0,common,0.0,0.9983039357927329,0.27544422673898405,0.3151198258064006,0.0,0.7440158663491754,0.8033972778695071,,,EXPLOIT
1847,57,,,0,1,1,0,common,0.0,0.6488975582652764,0.5695560888049773,0.4152531455440633,0.0,0.749839096201375,0.8093616968012735,,,EXPLOIT
1848,57,,,0,1,1,0,common,1.0,0.5782165871275703,0.6901593113841777,0.4641421780191154,0.0,0.7553488642444943,0.814920386010579,,,EXPLOIT
1849,57,,,0,1,1,0,common,1.0,0.3758407816329207,0.5891452960132588,0.43765175910325693,0.0,0.7605695606116156,0.8201131297351122,,,EXPLOIT
1850,57,,,0,1,1,0,common,1.0,0.24429650806139847,0.4771726048524587,0.3796451837906994,0.0,0.7655231093492492,0.8249746756331093,,,EXPLOIT
1851,57,,,0,1,1,0,common,0.0,0.841207269760091,0.40120046841290935,0.5181138095815168,0.0,0.7519942442839698,0.811545631507359,,,EXPLOIT
1852,57,,,0,1,1,0,common,1.0,0.4532152746559408,0.6422871089800024,0.498644249103844,0.0,0.757390070644048,0.8169591413015905,,,EXPLOIT
1853,57,,,0,1,1,0,common,1.0,0.29458992852636157,0.5217518866975648,0.4374279529305992,0.0,0.7625055330352574,0.8220206221354807,,,EXPLOIT
1854,57,,,0,1,1,0,common,1.0,0.19148345354213503,0.4299840460615006,0.36364460311405994,0.0,0.7673616904124221,0.8267630982765487,,,EXPLOIT
1855,57,,,0,1,1,0,common,0.0,0.8755357551976122,0.3716902456957681,0.5172119487391256,0.0,0.7540297905058104,0.813596904138378,,,EXPLOIT
1856,57,,,0,1,1,0,common,0.0,0.569098240878448,0.6284489270668637,0.5327778363809222,0.0,0.7392354880776083,0.798430604402811,,,EXPLOIT
1857,57,,,0,1,1,0,common,0.0,0.3699138565709912,0.692800917742418,0.4839186424379429,0.0,0.7453221328698585,0.8047431742203275,,,EXPLOIT
1858,57,,,0,1,1,0,common,1.0,0.7595559932288557,0.6540580476201712,0.5666098476752167,0.0,0.7295296979141168,0.7881466025770959,,,EXPLOIT
1859,57,,,0,0,0,0,common,0.0,0.38307407240272195,0.6636812323087996,0.5115491150934682,0.0,0.7118397237265438,0.7686814498149721,,,EXPLOIT
1860,57,,,0,1,1,0,common,1.0,0.4937113955987562,0.5764254741938821,0.5061977992450546,0.0,0.6918894245485022,0.7455349269662188,,,EXPLOIT
1861,57,,,0,1,1,0,common,1.0,0.32091240713919156,0.42586186225612127,0.45061218161329564,0.0,0.700879309882334,0.7561281507395332,,,EXPLOIT
1862,57,,,0,1,1,0,common,0.0,0.7914069353595254,0.3305645548954673,0.5528506077371645,0.0,0.679456444517025,0.730422553649925,,,EXPLOIT
1863,57,,,0,1,1,0,common,1.0,0.4855854920163085,0.5698863432726005,0.5326710730209077,0.0,0.6549944187243938,0.6990140341723928,,,EXPLOIT
1864,57,,,0,1,1,0,common,0.0,0.6843694301893994,0.4211872479127765,0.5781805801714551,0.0,0.626798661870176,0.6597701976687813,,,EXPLOIT
1865,57,,,0,1,1,0,common,1.0,0.5551598703768903,0.6219465346733857,0.5712743672330857,0.0,0.5939455012479549,0.6093441755477316,,,EXPLOIT
1866,57,,,0,1,1,0,common,1.0,0.3608539157449788,0.4614891155668349,0.5081482317866536,0.0,0.5551792117456835,0.5421664734623451,,,EXPLORE
1867,57,,,0,1,1,0,common,1.0,0.2345550452342362,0.3516420301900659,0.4260702758209283,0.0,0.5754824846470712,0.5784784633402533,,,EXPLOIT
1868,57,,,0,1,1,0,common,1.0,0.15246077940225355,0.2875199262487864,0.34398742689532585,0.0,0.593835932854929,0.6091665215247433,,,EXPLOIT
1869,57,,,0,1,1,0,common,1.0,0.09909950661146483,0.25013360613925745,0.27052105081016753,0.0,0.6105067610144189,0.635442047092226,,,EXPLOIT
1870,57,,,0,1,1,0,common,1.0,0.06441467929745215,0.22777349427077365,0.2086891393563529,0.0,0.6257154833768105,0.6581918315077673,,,EXPLOIT
1871,57,,,0,1,1,0,common,1.0,0.04186954154334388,0.2140666634118088,0.1586432600124502,0.0,0.6396456951141973,0.6780799599577784,,,EXPLOIT
1872,57,,,0,1,1,0,common,1.0,0.02721520200317351,0.205504809298172,0.11921484260966718,0.0,0.6524514883023192,0.6956135935645079,,,EXPLOIT
1873,57,,,0,1,1,0,common,1.0,0.017689881302062727,0.2000853500947803,0.08875735421738583,0.0,0.6642631493551496,0.7111867355749963,,,EXPLOIT
1874,57,,,0,0,0,0,common,0.0,0.2489981470617693,0.19662388336993786,0.13682959207070086,0.0,0.6751915852574437,0.7251101237415267,,,EXPLOIT
1875,57,,,0,1,1,0,common,1.0,0.011498422846340728,0.15285728866029236,0.09923024130339282,0.0,0.6853317976313208,0.737632122381995,,,EXPLOIT
1876,57,,,0,1,1,0,common,1.0,0.0074739748501214676,0.15105153725508708,0.07170336136741141,0.0,0.6947656353326791,0.7489536246138238,,,EXPLOIT
1877,57,,,0,1,1,0,common,1.0,0.004858083652579004,0.1498875679249666,0.051649778052961684,0.0,0.7035639945311839,0.7592388769127909,,,EXPLOIT
1878,57,,,0,1,1,0,common,1.0,0.0031577543741763137,0.14913509788826396,0.03710217094932607,0.0,0.7117885914735552,0.7686234709502032,,,EXPLOIT
1879,57,,,0,1,1,0,common,0.0,0.9979474596567854,0.14864772403940196,0.3253557575615639,0.0,0.7194934017235198,0.7772203314207446,,,EXPLOIT
1880,57,,,0,1,1,0,common,1.0,0.3513341512230894,0.37648116541114773,0.3331492756600215,0.0,0.7267258368590478,0.7851242626145841,,,EXPLOIT
1881,57,,,0,1,1,0,common,1.0,0.22836719829500818,0.27934697129627023,0.3017146524505175,0.0,0.7335277128527306,0.7924154428484974,,,EXPLOIT
1882,57,,,0,1,1,0,common,1.0,0.14843867889175533,0.22583450953036624,0.2557318603828888,0.0,0.739936051928155,0.799162140267264,,,EXPLOIT
1883,57,,,0,1,1,0,common,1.0,0.09648514127964092,0.19542612758454822,0.20795784465191441,0.0,0.745983750369774,0.8054228451777911,,,EXPLOIT
1884,57,,,0,1,1,0,common,1.0,0.06271534183176664,0.17747363452342146,0.16438509380587008,0.0,0.7517001377209607,0.811247960105649,,,EXPLOIT
1885,57,,,0,1,1,0,common,1.0,0.04076497219064834,0.16654667674815563,0.12729905732130353,0.0,0.7571114474349476,0.8166811510219634,,,EXPLOIT
1886,57,,,0,1,1,0,common,1.0,0.026497231923921394,0.15974937903917813,0.09705850970208889,0.0,0.7622412149160349,0.8217604364298282,,,EXPLOIT
1887,57,,,0,1,1,0,common,0.0,0.982776799249451,0.15545755330315275,0.36277399656629755,0.0,0.7671106156923114,0.8265190717836024,,,EXPLOIT
1888,57,,,0,1,1,0,common,1.0,0.36119508048785676,0.3849116733510698,0.3623003217427653,0.0,0.7717387539684432,0.830986272750855,,,EXPLOIT
1889,57,,,0,1,1,0,common,0.0,0.7652231976828932,0.283987362163754,0.4831771845248036,0.0,0.7761429098499275,0.8351878105672723,,,EXPLOIT
1890,57,,,0,1,1,0,common,1.0,0.5026049215061195,0.5101573381595081,0.4890055056191983,0.0,0.7803387519837203,0.8391465051190033,,,EXPLOIT
1891,57,,,0,1,1,0,common,1.0,0.32669319897897764,0.35576870245167497,0.4403118136271321,0.0,0.7843405211307721,0.8428826356788763,,,EXPLOIT
1892,57,,,0,1,1,0,common,1.0,0.2123505793363355,0.2679743191944384,0.3719234433398931,0.0,0.788161189203099,0.8464142849060534,,,EXPLOIT
1893,57,,,0,1,1,0,common,0.0,0.861972123431382,0.21946588700415362,0.5189380473673397,0.0,0.776953228553736,0.8359556364623024,,,EXPLOIT
1894,57,,,0,1,1,0,common,0.0,0.5602818802303984,0.4540730771970401,0.5313411972262573,0.0,0.7646245231492853,0.8240970460811042,,,EXPLOIT
1895,57,,,0,1,1,0,common,1.0,0.635816777850241,0.6175166777246153,0.5626838714134523,0.0,0.7509988462021107,0.8105380023391222,,,EXPLOIT
1896,57,,,0,1,1,0,common,1.0,0.41328090560265673,0.43049217300188564,0.5178629816702136,0.0,0.7358609811254311,0.7948853552730377,,,EXPLOIT
1897,57,,,0,1,1,0,common,1.0,0.2686325886417269,0.30932222459234127,0.4430938637616676,0.0,0.7421368726031515,0.8014521420944571,,,EXPLOIT
1898,57,,,0,1,1,0,common,1.0,0.1746111826171225,0.24245916962664327,0.362549059418304,0.0,0.7480629870619896,0.8075517975251315,,,EXPLOIT
1899,57,,,0,1,1,0,common,1.0,0.11349726870112964,0.20500662805004313,0.28783352220315167,0.0,0.7536674977640043,0.8132321769772861,,,EXPLOIT
1900,57,,,0,1,1,0,common,1.0,0.07377322465573433,0.18319799056354297,0.22361543293892647,0.0,0.7589756317270239,0.8185348152081454,,,EXPLOIT
1901,57,,,0,1,1,0,common,0.0,0.9520474039737727,0.1700614600690223,0.4421450242493803,0.0,0.7640100450528402,0.8234959364981023,,,EXPLOIT
1902,57,,,0,1,1,0,common,1.0,0.38116918741704775,0.4022042796100401,0.4238522731996805,0.0,0.768791142304312,0.8281472770916292,,,EXPLOIT
1903,57,,,0,1,1,0,common,1.0,0.247759971821081,0.29354079601255684,0.3710245827861006,0.0,0.7733373494263587,0.8325167593831798,,,EXPLOIT
1904,57,,,0,1,1,0,common,1.0,0.1610439816837026,0.23373157572549294,0.3080304024553812,0.0,0.7776653479079205,0.8366290481175793,,,EXPLOIT
1905,57,,,0,1,1,0,common,1.0,0.10467858809440667,0.19999493051967537,0.24702485814708885,0.0,0.7817902764581837,0.8405060120115071,,,EXPLOIT
1906,57,,,0,1,1,0,common,1.0,0.0680410822613643,0.18021205793812883,0.19332972538137147,0.0,0.7857259053361847,0.8441671090420462,,,EXPLOIT
1907,57,,,0,0,0,0,common,0.0,0.16184879559015003,0.1682318512215169,0.18388544644400504,0.0,0.7894847875643181,0.8476297097333345,,,EXPLOIT
1908,57,,,0,1,1,0,common,1.0,0.044226703469886774,0.14239028781738824,0.14198782355176956,0.0,0.7930783905244784,0.850909369777743,,,EXPLOIT
1909,57,,,0,1,1,0,common,1.0,0.02874735725542643,0.1359500753601645,0.10801568366286661,0.0,0.7965172108431867,0.8540200610194452,,,EXPLOIT
1910,57,,,0,1,1,0,common,1.0,0.018685782216027125,0.13190071566710618,0.08121671322881477,0.0,0.7998108749901508,0.8569743680354364,,,EXPLOIT
1911,57,,,0,1,1,0,common,1.0,0.012145758440417653,0.12932535195884048,0.06049542679229563,0.0,0.8029682276208826,0.8597836561470852,,,EXPLOIT
1912,57,,,0,1,1,0,common,1.0,0.007894742986271464,0.1276750327363807,0.04471522165048838,0.0,0.8059974093707075,0.8624582155917169,,,EXPLOIT
1913,57,,,0,1,1,0,common,1.0,0.005131582941076407,0.1266122425154281,0.03284013003766478,0.0,0.8089059255409816,0.8650073857096151,,,EXPLOIT
1914,57,,,0,1,1,0,common,1.0,0.0033355289116996367,0.12592559628458788,0.023988749699875238,0.0,0.8117007068977257,0.8674396623053581,,,EXPLOIT
1915,57,,,0,1,1,0,common,1.0,0.0021680937926047417,0.12548103073623842,0.01744255292769409,0.0,0.814388163619562,0.8697627907843487,,,EXPLOIT
1916,57,,,0,1,1,0,common,1.0,0.0014092609651931154,0.1251928026934507,0.012632565338943797,0.0,0.8169742332789357,0.8719838472158647,,,EXPLOIT
1917,57,,,0,1,1,0,common,0.0,0.9990839803726245,0.1250057664603486,0.308567989849048,0.0,0.8194644236125971,0.8741093091099709,,,EXPLOIT
1918,57,,,0,1,1,0,common,1.0,0.35059541275779416,0.3291338005694537,0.3211762167216718,0.0,0.8218638507298056,0.8761451173995086,,,EXPLOIT
1919,57,,,0,1,1,0,common,1.0,0.2278870182925662,0.24026843721913616,0.2931894571929401,0.0,0.8241772733161019,0.8780967308763171,,,EXPLOIT
1920,57,,,0,1,1,0,common,1.0,0.14812656189016804,0.19267617172923873,0.24967058860210845,0.0,0.8264091233138731,0.8799691741321095,,,EXPLOIT
1921,57,,,0,1,1,0,common,1.0,0.09628226522860928,0.16599975360230787,0.20365409159005868,0.0,0.8285635334959657,0.8817670798905718,,,EXPLOIT
1922,57,,,0,1,1,0,common,1.0,0.06258347239859607,0.15036644402136912,0.1613329058326199,0.0,0.830644362293325,0.8834947264815958,,,EXPLOIT
1923,57,,,0,1,1,0,common,1.0,0.04067925705908748,0.1408915542432462,0.12513681120056014,0.0,0.8326552161904927,0.885156071095825,,,EXPLOIT
1924,57,,,0,1,1,0,common,1.0,0.02644151708840692,0.13501265054911069,0.09552822296691417,0.0,0.8345994699624616,0.8867547793636362,,,EXPLOIT
1925,57,,,0,1,1,0,common,1.0,0.017186986107464497,0.13130659201366096,0.07202585190907926,0.0,0.8364802849917923,0.8882942517239487,,,EXPLOIT
1926,57,,,0,0,0,0,common,0.0,0.10520171713359752,0.12894550401980187,0.08197861147643473,0.0,0.838300625875151,0.8897776469820983,,,EXPLOIT
1927,57,,,0,1,1,0,common,1.0,0.011171540969851956,0.11528913913038502,0.060736490324459894,0.0,0.84006327550278,0.8912079034002652,,,EXPLOIT
1928,57,,,0,1,1,0,common,1.0,0.007261501630403733,0.11391695076459764,0.04469399371624304,0.0,0.8417708487722568,0.8925877576167963,,,EXPLOIT
1929,57,,,0,1,1,0,common,1.0,0.004719976059762376,0.11303283312437507,0.03270178841929884,0.0,0.8434258050786972,0.8939197616507675,,,EXPLOIT
1930,57,,,0,1,1,0,common,1.0,0.0030679844388455946,0.11246143622587161,0.023811647225162866,0.0,0.8450304597068994,0.8952062982141269,,,EXPLOIT
1931,57,,,0,1,1,0,common,1.0,0.0019941898852496864,0.11209140892552147,0.017266410023188912,0.0,0.846586994236425,0.8964495945247224,,,EXPLOIT
1932,57,,,0,1,1,0,common,0.0,0.9987037765745878,0.11185147316403175,0.3116976199886085,0.0,0.8480974660579742,0.897651734788697,,,EXPLOIT
1933,57,,,0,1,1,0,common,0.0,0.6491574547734821,0.30074660370286255,0.4129355704240706,0.0,0.8495638170883674,0.8988146714994338,,,EXPLOIT
1934,57,,,0,1,1,0,common,1.0,0.5780476543972366,0.49418404100268565,0.4624691956160204,0.0,0.8509878817617789,0.8999402356819179,,,EXPLOIT
1935,57,,,0,1,1,0,common,0.0,0.6242690246417962,0.3199005859622569,0.5110091443237531,0.0,0.8450514458901679,0.8952230827325278,,,EXPLOIT
1936,57,,,0,1,1,0,common,0.0,0.40577486601716756,0.5085273712623583,0.47943886083177745,0.0,0.84660735534863,0.89646581930543,,,EXPLOIT
1937,57,,,0,1,1,0,common,1.0,0.736246337088841,0.6222628951204451,0.5564811037088965,0.0,0.8403582421997295,0.8914466416662368,,,EXPLOIT
1938,57,,,0,1,1,0,common,0.0,0.5214398808922533,0.40563134020436786,0.5459687368639035,0.0,0.8336489840047625,0.8859741206222647,,,EXPLOIT
1939,57,,,0,1,1,0,common,0.0,0.3389359225799647,0.5657004368555877,0.4838588925787218,0.0,0.8355606948656437,0.8875423908635456,,,EXPLOIT
1940,57,,,0,1,1,0,common,1.0,0.7796916503230229,0.6490303612327875,0.5726087199020121,0.0,0.8284868998105985,0.8817032436650888,,,EXPLOIT
1941,57,,,0,1,1,0,common,1.0,0.506799572709965,0.4305374589957143,0.5528659757443979,0.0,0.8208576781426161,0.8752928122570873,,,EXPLOIT
1942,57,,,0,1,1,0,common,1.0,0.3294197222614772,0.2848436874589138,0.4858320996995216,0.0,0.8232069923503259,0.8772794746386645,,,EXPLOIT
1943,57,,,0,1,1,0,common,1.0,0.21412281946996015,0.20914671388332942,0.40431931563065315,0.0,0.8254728936530281,0.8791848872735297,,,EXPLOIT
1944,57,,,0,1,1,0,common,1.0,0.13917983265547407,0.16895931242915646,0.32477747073809937,0.0,0.8276596384367508,0.8810138441398857,,,EXPLOIT
1945,57,,,0,1,1,0,common,0.0,0.9095331087739419,0.14643663277682975,0.5002041621488521,0.0,0.8199640619095163,0.8745341404315965,,,EXPLOIT
1946,57,,,0,1,1,0,common,1.0,0.4088034792969377,0.34640880293037823,0.47278395729327777,0.0,0.8223454627027286,0.8765522434327196,,,EXPLOIT
1947,57,,,0,1,1,0,common,1.0,0.2657222615430095,0.24092624769896615,0.4106654485681973,0.0,0.8246417941638502,0.8784872165062573,,,EXPLOIT
1948,57,,,0,1,1,0,common,1.0,0.17271947000295618,0.18608939321617132,0.33928165499862495,0.0,0.8268574246876083,0.8803440005581586,,,EXPLOIT
1949,57,,,0,1,1,0,common,1.0,0.11226765550192153,0.15618029533147043,0.2711774551496139,0.0,0.8289964288071923,0.8821271526889802,,,EXPLOIT
1950,57,,,0,1,1,0,common,1.0,0.072973976076249,0.13899922219951416,0.2117164114276044,0.0,0.8310626114986026,0.8838408827536193,,,EXPLOIT
1951,57,,,0,1,1,0,common,1.0,0.047433084449561846,0.1287279681476012,0.16243141333419162,0.0,0.8330595301120716,0.8854890858201246,,,EXPLOIT
1952,57,,,0,1,1,0,common,1.0,0.0308315048922152,0.1224130359250219,0.12295144080159869,0.0,0.8349905141965166,0.8870753710544051,,,EXPLOIT
1953,57,,,0,0,0,0,common,0.0,0.0683811161368384,0.11845610435435423,0.1065803434021706,0.0,0.8368586834494612,0.8886030874817031,,,EXPLOIT
1954,57,,,0,1,1,0,common,1.0,0.020040478179939925,0.11008194382207007,0.08061838383550139,0.0,0.8386669639960036,0.8900753470118519,,,EXPLOIT
1955,57,,,0,1,1,0,common,1.0,0.013026310816960929,0.10772980581602802,0.06034076192993925,0.0,0.8404181031755347,0.8914950450614799,,,EXPLOIT
1956,57,,,0,1,1,0,common,1.0,0.008467102031024631,0.10622513004302206,0.044778663960264864,0.0,0.8421146829933926,0.8928648790607551,,,EXPLOIT
1957,57,,,0,1,1,0,common,0.0,0.994496383679834,0.10525721750856681,0.3296939798761356,0.0,0.843759132375999,0.8941873650935868,,,EXPLOIT
1958,57,,,0,1,1,0,common,0.0,0.6464226493918921,0.28500726792378794,0.4247125807308625,0.0,0.8453537383518307,0.8954648528872879,,,EXPLOIT
1959,57,,,0,1,1,0,common,1.0,0.5798252778952702,0.474400960562913,0.47124638988018475,0.0,0.8469006562664885,0.8966995393395926,,,EXPLOIT
1960,57,,,0,1,1,0,common,1.0,0.3768864306319256,0.30234298486082495,0.442938402105707,0.0,0.8484019191278293,0.8978934807468699,,,EXPLOIT
1961,57,,,0,1,1,0,common,1.0,0.2449761799107517,0.21321100698870082,0.38354973544722043,0.0,0.8498594461663871,0.8990486038767344,,,EXPLOIT
1962,57,,,0,1,1,0,common,1.0,0.15923451694198865,0.16706530269911593,0.3162551698956509,0.0,0.851275050686893,0.9001667160104847,,,EXPLOIT
1963,57,,,0,1,1,0,common,1.0,0.10350243601229259,0.14176408807505844,0.25242934973064335,0.0,0.8526504472784542,0.9012495140654841,,,EXPLOIT
1964,57,,,0,1,1,0,common,1.0,0.06727658340799014,0.12714629092066895,0.1968835198338474,0.0,0.8539872584436871,0.9022985928943433,,,EXPLOIT
1965,57,,,0,1,1,0,common,1.0,0.04372977921519361,0.11836792277692312,0.15093739764825123,0.0,0.8552870207007096,0.9033154528462871,,,EXPLOIT
1966,57,,,0,1,1,0,common,1.0,0.028424356489875846,0.11295346825126977,0.11418348530073862,0.0,0.8565511902062567,0.904301506666117,,,EXPLOIT
1967,57,,,0,1,1,0,common,1.0,0.018475831718419267,0.10955331355415485,0.0854711892260428,0.0,0.8577811479432002,0.9052580857974889,,,EXPLOIT
1968,57,,,0,0,0,0,common,0.0,0.04444772548894496,0.10739251470694477,0.07316415010491344,0.0,0.8589782045113339,0.9061864461496691,,,EXPLOIT
1969,57,,,0,1,1,0,common,1.0,0.012009290616972534,0.10234985556687284,0.05481769225853116,0.0,0.8601436045563818,0.9070877733802938,,,EXPLOIT
1970,57,,,0,1,1,0,common,1.0,0.007806038901032153,0.10102441492700309,0.04071419625128146,0.0,0.8612785308687039,0.9079631877408773,,,EXPLOIT
1971,57,,,0,1,1,0,common,1.0,0.005073925285670855,0.10017119081330564,0.03002211496159828,0.0,0.862384108180084,0.9088137485267112,,,EXPLOIT
1972,57,,,0,1,1,0,common,1.0,0.003298051435686067,0.09962008491299935,0.022004895903824612,0.0,0.8634614066842347,0.9096404581683337,,,EXPLOIT
1973,57,,,0,1,1,0,common,1.0,0.00214373343319596,0.09926333442439596,0.016046547162636017,0.0,0.8645114453041882,0.9104442659978077,,,EXPLOIT
1974,57,,,0,1,1,0,common,1.0,0.0013934267315773852,0.09903206531405458,0.011650611033318426,0.0,0.8655351947275601,0.9112260717195598,,,EXPLOIT
1975,57,,,0,1,1,0,common,1.0,0.0009057273755253004,0.09888200133798436,0.008427145935980488,0.0,0.8665335802286915,0.91198672861248,,,EXPLOIT
1976,57,,,0,1,1,0,common,1.0,0.0005887227940915007,0.09878456987729753,0.006075618993413792,0.0,0.8675074842949353,0.9127270464872373,,,EXPLOIT
1977,57,,,0,1,1,0,common,1.0,0.000382669816159531,0.09872128592060483,0.004367734240237514,0.0,0.8684577490727544,0.9134477944203764,,,EXPLOIT
1978,57,,,0,1,1,0,common,1.0,0.00024873538050373956,0.09868017098246062,0.0031320345823173815,0.0,0.8693851786478983,0.9141497032846029,,,EXPLOIT
1979,57,,,0,1,1,0,common,1.0,0.00016167799732746957,0.09865345456530379,0.002240927606820408,0.0,0.8702905411726385,0.9148334680927664,,,EXPLOIT
1980,57,,,0,1,1,0,common,1.0,0.00010509069826281081,0.09863609239707585,0.0016001765342531287,0.0,0.8711745708518979,0.9154997501713522,,,EXPLOIT
1981,57,,,0,1,1,0,common,1.0,6.830895387077707e-05,0.09862480846751673,0.001140616260138423,0.0,0.8720379697990771,0.9161491791777711,,,EXPLOIT
1982,57,,,0,1,1,0,common,0.0,0.999955599179984,0.09861747453846023,0.3007851111360921,0.0,0.8728814097714418,0.9167823549743959,,,EXPLOIT
1983,57,,,0,1,1,0,common,1.0,0.3500288605330104,0.27129281337497335,0.3155582359551676,0.0,0.8737055337940921,0.9173998493710676,,,EXPLOIT
1984,57,,,0,1,1,0,common,1.0,0.22751875934645682,0.1943653600528683,0.2891463929725543,0.0,0.8745109576807715,0.9180022077467205,,,EXPLOIT
1985,57,,,0,1,1,0,common,1.0,0.14788719357519697,0.15441121977653177,0.24676863315334707,0.0,0.8752982714590821,0.9185899505597971,,,EXPLOIT
1986,57,,,0,1,1,0,common,1.0,0.09612667582387802,0.1323502754862878,0.20157604595450634,0.0,0.8760680407070407,0.919163574756249,,,EXPLOIT
1987,57,,,0,1,1,0,common,0.0,0.9375176607144793,0.11952709063671162,0.42235853038249815,0.0,0.876820807807347,0.919723555083135,,,EXPLOIT
1988,57,,,0,1,1,0,common,1.0,0.3906135205355885,0.30095875922532267,0.41283502742842526,0.0,0.8775570931252115,0.9202703453151221,,,EXPLOIT
1989,57,,,0,1,1,0,common,1.0,0.2538987883481325,0.20931341103108228,0.3651541557043374,0.0,0.8782773961151269,0.9208043794005468,,,EXPLOIT
1990,57,,,0,1,1,0,common,1.0,0.16503421242628613,0.16237911147213738,0.305118172720922,0.0,0.8789821963615316,0.9213260725331325,,,EXPLOIT
1991,57,,,0,1,1,0,common,1.0,0.10727223807708597,0.13685554864386137,0.24576439232777117,0.0,0.8796719545579271,0.9218358221549228,,,EXPLOIT
1992,57,,,0,1,1,0,common,0.0,0.9302730452498941,0.12219198917817595,0.45111698820440804,0.0,0.8803471134286558,0.922334008895531,,,EXPLOIT
1993,57,,,0,1,1,0,common,1.0,0.3953225205875688,0.30452940220175106,0.43437864791935626,0.0,0.8810080985972172,0.922820997452371,,,EXPLOIT
1994,57,,,0,1,1,0,common,1.0,0.2569596383819197,0.21110473788143702,0.38115294505812525,0.0,0.8816553194047064,0.923297137416154,,,EXPLOIT
1995,57,,,0,1,1,0,common,0.0,0.8329762350517522,0.16332562974572604,0.5166999320562133,0.0,0.8776817512418765,0.9203628259494299,,,EXPLOIT
1996,57,,,0,1,1,0,common,1.0,0.45856544721636106,0.3548687651092999,0.4992595866042576,0.0,0.878399361884005,0.9208947145856874,,,EXPLOIT
1997,57,,,0,1,1,0,common,0.0,0.7019324593093653,0.23632224451263448,0.56006144841579,0.0,0.874236057069352,0.9177967323779354,,,EXPLOIT
1998,57,,,0,1,1,0,common,0.0,0.4562560985510875,0.4282775501855712,0.5289198434563792,0.0,0.8698237123839235,0.9144810654814043,,,EXPLOIT
1999,57,,,0,1,1,0,common,1.0,0.7034335359417931,0.5680507379165224,0.5812739512020033,0.0,0.8651395372219218,0.9109241206867085,,,EXPLOIT
2000,57,,,0,1,1,0,common,0.0,0.5427682016378345,0.3537646452420508,0.5697222263327526,0.0,0.8601578728952013,0.9070987677302086,,,EXPLOIT
