trial,seed,config_version,git_commit,s1,a1,s2,a2,trans_type,reward,u_delta,u_s,u_v,u_c,V_G,V_p,eta_G,eta_p,mode
1,59,,,0,1,1,0,common,0.0,0.5,0.6931471803599453,0.15,0.0,0.5260663507109005,0.0,,,EXPLOIT
2,59,,,0,0,0,0,common,0.0,0.5,0.6354546081677416,0.255,0.0,0.5493262427328857,0.0,,,EXPLOIT
3,59,,,0,0,0,0,common,1.0,0.675,0.6931471803599453,0.381,0.0,0.570208762497792,0.0,,,EXPLOIT
4,59,,,0,1,1,0,common,0.0,0.325,0.5928507886370986,0.36419999999999997,0.0,0.5890597666503006,0.0,,,EXPLORE
5,59,,,0,1,1,0,common,1.0,0.78875,0.4973599657364365,0.4915649999999999,0.0,0.6061611288293314,0.0,,,EXPLOIT
6,59,,,0,1,1,0,common,1.0,0.5126875,0.6823320630543122,0.4979017499999999,0.0,0.621744881595395,0.0,,,EXPLORE
7,59,,,0,1,1,0,common,1.0,0.33324687499999994,0.6713713255070952,0.4485052874999999,0.0,0.6360037662619006,0.0,,,EXPLOIT
8,59,,,0,0,0,0,common,0.0,0.56125,0.6034071021271334,0.48232870124999994,0.0,0.6490992118689946,0.0,,,EXPLOIT
9,59,,,0,0,0,0,common,1.0,0.6351875,0.436088498840896,0.5281863408749999,0.0,0.6199612001357326,0.0,,,EXPLOIT
10,59,,,0,1,1,0,common,0.0,0.78338953125,0.6216634236601626,0.6047472979874999,0.0,0.5859208406568411,0.0,,,EXPLOIT
11,59,,,0,0,0,0,common,1.0,0.412871875,0.6811485061537539,0.5471846710912499,0.0,0.5456295200471611,0.0,,,EXPLORE
12,59,,,0,1,1,0,common,0.0,0.5092031953125,0.6031937732946918,0.5357902283576249,0.0,0.4971940236524048,0.0,,,EXPLORE
13,59,,,0,0,0,0,common,1.0,0.26836671875000007,0.45208885992539116,0.4555631754753374,0.0,0.5235713875040211,0.0,,,EXPLORE
14,59,,,0,1,1,0,common,0.0,0.33098207695312504,0.36989952028472084,0.41818884591867367,0.0,0.5470934168239333,0.0,,,EXPLOIT
15,59,,,0,1,1,0,common,0.0,0.2151383500195313,0.2788869318022985,0.3572736971489309,0.0,0.5681989273907776,0.0,,,EXPLOIT
16,59,,,0,0,0,0,common,1.0,0.17443836718750005,0.22831265062141004,0.30242309816050167,0.0,0.587241199450103,0.0,,,EXPLOIT
17,59,,,0,0,0,0,common,1.0,0.11338493867187505,0.19261968882104583,0.24571165031391368,0.0,0.6045078504407763,0.0,,,EXPLOIT
18,59,,,0,1,1,0,common,1.0,0.8601600724873046,0.1719139630085208,0.43004617696593095,0.0,0.6202354132303209,0.0,,,EXPLOIT
19,59,,,0,0,0,0,common,1.0,0.07370021013671879,0.37768470266879983,0.3231423869171673,0.0,0.6346201955446537,0.0,,,EXPLOIT
20,59,,,0,0,0,0,common,1.0,0.04790513658886719,0.3559836642022169,0.24057121181867724,0.0,0.6478264822053095,0.0,,,EXPLOIT
21,59,,,0,0,0,0,common,1.0,0.03113833878276373,0.34220594554765404,0.17774134990790316,0.0,0.6599928090040592,0.0,,,EXPLOIT
22,59,,,0,0,0,0,common,1.0,0.02023992020879639,0.3334014463012983,0.13049092099817114,0.0,0.6712368171935524,0.0,,,EXPLOIT
23,59,,,0,1,1,0,common,0.0,0.44089595288325195,0.32774532076176033,0.2236124305636954,0.0,0.6816590496182038,0.0,,,EXPLOIT
24,59,,,0,0,0,0,common,1.0,0.013155948135717632,0.21938218510785396,0.16047548583530205,0.0,0.6913459482434372,0.0,,,EXPLOIT
25,59,,,0,0,0,0,common,1.0,0.008551366288216511,0.21661045683284563,0.11489824997117637,0.0,0.7003722424482404,0.0,,,EXPLOIT
26,59,,,0,0,0,0,common,1.0,0.005558388087340771,0.21482334977653622,0.08209629140602569,0.0,0.7088028678103961,0.0,,,EXPLOIT
27,59,,,0,0,0,0,common,1.0,0.0036129522567714956,0.21366785555488899,0.05855128966124943,0.0,0.7166945196503828,0.0,,,EXPLOIT
28,59,,,0,0,0,0,common,1.0,0.002348418966901522,0.2129193699676958,0.04169042845294506,0.0,0.7240969199509139,0.0,,,EXPLOIT
29,59,,,0,0,0,0,common,0.0,0.998473527671514,0.2124339461113662,0.32872535821851573,0.0,0.7310538575065436,0.0,,,EXPLOIT
30,59,,,0,0,0,0,common,0.0,0.6490077929864841,0.4862918032946568,0.42481008864890624,0.0,0.7376040472868645,0.0,,,EXPLOIT
31,59,,,0,1,1,0,common,0.0,0.28658236937411374,0.6578468899620351,0.3833417728664685,0.0,0.7437818446404062,0.0,,,EXPLOIT
32,59,,,0,0,0,0,common,0.0,0.4218550654412147,0.5933634592476443,0.3948957606388923,0.0,0.7496178421621302,0.0,,,EXPLOIT
33,59,,,0,1,1,0,common,1.0,0.8137214599068261,0.6779206193924813,0.5205434704192724,0.0,0.7343220703347775,0.0,,,EXPLOIT
34,59,,,0,0,0,0,common,1.0,0.7257942074632104,0.6212483021471976,0.5821186915324538,0.0,0.717219865244273,0.0,,,EXPLOIT
35,59,,,0,1,1,0,common,0.0,0.4710810510605631,0.6866567467717116,0.5488073993908865,0.0,0.6979721673890815,0.0,,,EXPLOIT
36,59,,,0,0,0,0,common,1.0,0.4717662348510868,0.6034866819673725,0.5256950500289466,0.0,0.6761494014750034,0.0,,,EXPLOIT
37,59,,,0,0,0,0,common,1.0,0.3066480526532065,0.46417425633816317,0.45998095081622453,0.0,0.686221861039241,0.0,,,EXPLOIT
38,59,,,0,0,0,0,common,0.0,0.8006787657754157,0.3699869219131894,0.5621902953039819,0.0,0.6627427366835328,0.0,,,EXPLOIT
39,59,,,0,1,1,0,common,0.0,0.30620268318936605,0.609139709846392,0.4853940116695971,0.0,0.6737830421052946,0.0,,,EXPLOIT
40,59,,,0,0,0,0,common,1.0,0.4795588022459798,0.5225606933885203,0.48364344884251187,0.0,0.6840232802640503,0.0,,,EXPLOIT
41,59,,,0,0,0,0,common,1.0,0.3117132214598869,0.3744087004830621,0.43206438062772434,0.0,0.6935469146951871,0.0,,,EXPLOIT
42,59,,,0,1,1,0,common,0.0,0.19903174407308794,0.2876567413355995,0.3621545896613334,0.0,0.7024261901734642,0.0,,,EXPLOIT
43,59,,,0,0,0,0,common,1.0,0.20261359394892653,0.23955386704920786,0.31429229094761135,0.0,0.7107239564073805,0.0,,,EXPLOIT
44,59,,,0,0,0,0,common,1.0,0.13169883606680222,0.19694215871574355,0.2595142544833686,0.0,0.7184951471888034,0.0,,,EXPLOIT
45,59,,,0,0,0,0,common,1.0,0.08560424344342143,0.17262928508708303,0.20734125117138444,0.0,0.7257879886222793,0.0,,,EXPLOIT
46,59,,,0,0,0,0,common,1.0,0.055642758238223955,0.15819573344311583,0.16183170329143629,0.0,0.7326449926110342,0.0,,,EXPLOIT
47,59,,,0,0,0,0,common,1.0,0.036167792854845615,0.14937012913938844,0.12413253016045908,0.0,0.7391037788469403,0.0,,,EXPLOIT
48,59,,,0,0,0,0,common,1.0,0.023509065355649672,0.14386154667712142,0.09394549071901626,0.0,0.7451977588762696,0.0,,,EXPLOIT
49,59,,,0,0,0,0,common,1.0,0.015280892481172259,0.14037531810194695,0.07034611124766306,0.0,0.750956708506552,0.0,,,EXPLOIT
50,59,,,0,0,0,0,common,1.0,0.00993258011276199,0.13814856704497805,0.052222051907192736,0.0,0.7564072492549356,0.0,,,EXPLOIT
51,59,,,0,1,1,0,common,0.0,0.12937063364750717,0.13671762454562375,0.07536662642928707,0.0,0.7615732552657246,0.0,,,EXPLOIT
52,59,,,0,0,0,0,common,1.0,0.006456177073295266,0.11922643575235062,0.05469349162248953,0.0,0.7664761988192716,0.0,,,EXPLOIT
53,59,,,0,0,0,0,common,1.0,0.004196515097641962,0.1184076268962299,0.03954439866503526,0.0,0.7711354449787912,0.0,,,EXPLOIT
54,59,,,0,1,1,0,common,0.0,0.08409091187087966,0.11787807314388679,0.05290835262678857,0.0,0.7755685039011654,0.0,,,EXPLOIT
55,59,,,0,0,0,0,common,1.0,0.0027277348134673307,0.10770084621890946,0.037854167282792194,0.0,0.7797912477426053,0.0,,,EXPLOIT
56,59,,,0,0,0,0,common,1.0,0.0017730276287537539,0.10738426998289413,0.02702982538658066,0.0,0.7838180978229107,0.0,,,EXPLOIT
57,59,,,0,0,0,0,common,1.0,0.0011524679586899511,0.1071789423821695,0.019266618158213445,0.0,0.7876621866997465,0.0,,,EXPLOIT
58,59,,,0,0,0,0,common,1.0,0.0007491041731484405,0.10704566801778168,0.013711363962693943,0.0,0.7913354989911471,0.0,,,EXPLOIT
59,59,,,0,0,0,0,common,1.0,0.0004869177125464974,0.10695911928253682,0.00974403008764971,0.0,0.7948489941277581,0.0,,,EXPLOIT
60,59,,,0,0,0,0,common,1.0,0.00031649651315523997,0.10690289621659319,0.006915770015301369,0.0,0.7982127136834025,0.0,,,EXPLOIT
61,59,,,0,0,0,0,common,1.0,0.00020572273355090598,0.10686636541937153,0.004902755830776229,0.0,0.8014358754979845,0.0,,,EXPLOIT
62,59,,,0,0,0,0,common,1.0,0.00013371977680809444,0.10684262639734943,0.0034720450145857883,0.0,0.8045269564507845,0.0,,,EXPLOIT
63,59,,,0,0,0,0,common,1.0,8.691785492520587e-05,0.10682719856600938,0.0024565068666876134,0.0,0.8074937654493539,0.0,,,EXPLOIT
64,59,,,0,0,0,0,common,0.0,0.9999435033942986,0.10681717154570804,0.30170260582497094,0.0,0.8103435079572864,0.0,,,EXPLOIT
65,59,,,0,0,0,0,common,1.0,0.3500367227937059,0.2899016166672946,0.3162028409155914,0.0,0.8130828431834954,0.0,,,EXPLOIT
66,59,,,0,0,0,0,common,1.0,0.22752386981590889,0.20895967376671282,0.28959914958568667,0.0,0.8157179348885586,0.0,,,EXPLOIT
67,59,,,0,0,0,0,common,1.0,0.14789051538034081,0.16651557714565685,0.24708655932408288,0.0,0.8182544966240876,0.0,,,EXPLOIT
68,59,,,0,0,0,0,common,1.0,0.09612883499722158,0.1429682845058401,0.20179924202602448,0.0,0.820697832104012,0.0,,,EXPLOIT
69,59,,,0,0,0,0,common,1.0,0.062483742748194016,0.12924548158324659,0.16000459224267533,0.0,0.8230528713081579,0.0,,,EXPLOIT
70,59,,,0,0,0,0,common,1.0,0.04061443278632615,0.12095530245002378,0.12418754440577057,0.0,0.8253242028353431,0.0,,,EXPLOIT
71,59,,,0,1,1,0,common,0.0,0.054659092716071785,0.11582149282223306,0.10332900889886092,0.0,0.8275161029527934,0.0,,,EXPLOIT
72,59,,,0,0,0,0,common,1.0,0.02639938131111197,0.10921806672530589,0.08025012062253623,0.0,0.8296325617288661,0.0,,,EXPLOIT
73,59,,,0,0,0,0,common,1.0,0.017159597852222763,0.1061507668953623,0.061322963791442184,0.0,0.8316773065851162,0.0,,,EXPLOIT
74,59,,,0,1,1,0,common,0.0,0.03552841026544666,0.10419864244552704,0.053584597733643526,0.0,0.8336538235602081,0.0,,,EXPLOIT
75,59,,,0,0,0,0,common,1.0,0.011153738603944752,0.10025903668794092,0.0408553399947339,0.0,0.8355653765408931,0.0,,,EXPLOIT
76,59,,,0,0,0,0,common,0.0,0.9927500699074359,0.09905021754194891,0.3264237589685445,0.0,0.8374150246832469,0.0,,,EXPLOIT
77,59,,,0,0,0,0,common,1.0,0.35471245456016665,0.2705071835639632,0.3349103676460311,0.0,0.8392056382197891,0.0,,,EXPLOIT
78,59,,,0,0,0,0,common,1.0,0.23056309546410836,0.1928555643263447,0.3036061859914543,0.0,0.8409399128243076,0.0,,,EXPLOIT
79,59,,,0,0,0,0,common,1.0,0.14986601205167038,0.15268251609590863,0.25748413380951907,0.0,0.8426203826856252,0.0,,,EXPLOIT
80,59,,,0,0,0,0,common,1.0,0.0974129078335857,0.13056374406008325,0.20946276601673905,0.0,0.8442494324236774,0.0,,,EXPLOIT
81,59,,,0,0,0,0,common,1.0,0.06331839009183071,0.11773178044966855,0.16561945323926652,0.0,0.8458293079657707,0.0,,,EXPLOIT
82,59,,,0,0,0,0,common,0.0,0.95884304644031,0.11000146001042971,0.4035865311995796,0.0,0.8473621264873544,0.0,,,EXPLOIT
83,59,,,0,0,0,0,common,1.0,0.37675201981379847,0.2863375268088012,0.3955361777838452,0.0,0.8488498855098588,0.0,,,EXPLOIT
84,59,,,0,0,0,0,common,1.0,0.24488881287896902,0.2008150085088255,0.3503419683123823,0.0,0.8502944712378244,0.0,,,EXPLOIT
85,59,,,0,0,0,0,common,1.0,0.15917772837132982,0.1569269272897558,0.2929926963300665,0.0,0.8516976662085091,0.0,,,EXPLOIT
86,59,,,0,0,0,0,common,1.0,0.1034655234413644,0.13296550819406236,0.2361345444634559,0.0,0.8530611563192239,0.0,,,EXPLOIT
87,59,,,0,0,0,0,common,1.0,0.0672525902368869,0.1191533875919639,0.18546995819548517,0.0,0.8543865372906629,0.0,,,EXPLOIT
88,59,,,0,0,0,0,common,0.0,0.9562858163460235,0.11086978026879485,0.41671471564064666,0.0,0.8556753206183395,0.0,,,EXPLOIT
89,59,,,0,0,0,0,common,1.0,0.3784142193750847,0.287555708818392,0.405224566760978,0.0,0.8569289390588145,0.0,,,EXPLOIT
90,59,,,0,0,0,0,common,0.0,0.754030757406195,0.20142573438248174,0.5098664239545431,0.0,0.8514036047618698,0.0,,,EXPLOIT
91,59,,,0,0,0,0,common,1.0,0.5098800076859733,0.39347421060448695,0.5098704990739722,0.0,0.8454964207323882,0.0,,,EXPLOIT
92,59,,,0,0,0,0,common,0.0,0.6685779950041174,0.2544399226081743,0.5574827478530158,0.0,0.8391667175241321,0.0,,,EXPLOIT
93,59,,,0,0,0,0,common,1.0,0.5654243032473236,0.4424121947434764,0.5598652144713081,0.0,0.8323678380418625,0.0,,,EXPLOIT
94,59,,,0,0,0,0,common,1.0,0.3675257971107604,0.27963743449173867,0.5021633892631437,0.0,0.8250459934893798,0.0,,,EXPLOIT
95,59,,,0,0,0,0,common,0.0,0.7611082318780058,0.19745176640160733,0.5798468420476023,0.0,0.8171388465844349,0.0,,,EXPLOIT
96,59,,,0,0,0,0,common,1.0,0.5052796492792961,0.3894984502715336,0.5574766842171104,0.0,0.8085737430482767,0.0,,,EXPLOIT
97,59,,,0,0,0,0,common,1.0,0.3284317720315426,0.25242695253971825,0.48876321056144,0.0,0.8113814087545926,0.0,,,EXPLOIT
98,59,,,0,0,0,0,common,1.0,0.2134806518205027,0.18369783447146454,0.4061784429391588,0.0,0.8140810297058,0.0,,,EXPLOIT
99,59,,,0,0,0,0,common,1.0,0.1387624236833267,0.14774931990059592,0.3259536371624091,0.0,0.8166785961303469,0.0,,,EXPLOIT
100,59,,,0,0,0,0,common,1.0,0.09019557539416234,0.1277493957931818,0.25522621863193506,0.0,0.8191796636942572,0.0,,,EXPLOIT
101,59,,,0,0,0,0,common,1.0,0.05862712400620551,0.11605626160093863,0.19624649024421617,0.0,0.8215893922095068,0.0,,,EXPLOIT
102,59,,,0,0,0,0,common,1.0,0.03810763060403355,0.10897398767317576,0.14880483235216138,0.0,0.8239125802772882,0.0,,,EXPLOIT
103,59,,,0,0,0,0,common,0.0,0.9752300401073782,0.1045800360457613,0.39673239467872645,0.0,0.826153696355663,0.0,,,EXPLOIT
104,59,,,0,0,0,0,common,1.0,0.36610047393020406,0.2786117183356177,0.3875428184541697,0.0,0.8283169066748756,0.0,,,EXPLOIT
105,59,,,0,0,0,0,common,0.0,0.7620346919453673,0.1969362133381951,0.49989038050152895,0.0,0.8304061003672903,0.0,,,EXPLOIT
106,59,,,0,1,1,0,common,0.0,0.02309346667254033,0.3889791160749368,0.35685130635283235,0.0,0.8324249121308913,0.0,,,EXPLOIT
107,59,,,0,0,0,0,common,1.0,0.5046774502355111,0.382034329209283,0.40119914951763597,0.0,0.8343767427042196,0.0,,,EXPLOIT
108,59,,,0,0,0,0,common,0.0,0.6719596573469178,0.246784367799002,0.48242730186642047,0.0,0.8362647773954105,0.0,,,EXPLOIT
109,59,,,0,0,0,0,common,1.0,0.5632262227245034,0.43325366579252017,0.5066669781238453,0.0,0.8292450958270189,0.0,,,EXPLOIT
110,59,,,0,0,0,0,common,0.0,0.6339029552290728,0.27284038119850895,0.5448377712554135,0.0,0.8216764316152189,0.0,,,EXPLOIT
111,59,,,0,0,0,0,common,0.0,0.4120369208988973,0.45533195822318645,0.5049975161484587,0.0,0.813492193404558,0.0,,,EXPLOIT
112,59,,,0,1,1,0,common,0.0,0.015010753337151215,0.5799839940706646,0.3580014873050664,0.0,0.8161118664866895,0.0,,,EXPLOIT
113,59,,,0,0,0,0,common,1.0,0.7321760014157167,0.5758049852537905,0.47025384153826144,0.0,0.8186338458097364,0.0,,,EXPLOIT
114,59,,,0,0,0,0,common,1.0,0.47591440092021586,0.3533912910410673,0.47195200935284776,0.0,0.8210633757274639,0.0,,,EXPLOIT
115,59,,,0,0,0,0,common,1.0,0.3093443605981403,0.23133484857633416,0.4231697147264355,0.0,0.8234053320353337,0.0,,,EXPLOIT
116,59,,,0,0,0,0,common,1.0,0.20107383438879123,0.17056987086243272,0.3565409506251422,0.0,0.8256642537913388,0.0,,,EXPLOIT
117,59,,,0,0,0,0,common,1.0,0.1306979923527143,0.13862550387645944,0.2887880631434138,0.0,0.8278443718959388,0.0,,,EXPLOIT
118,59,,,0,0,0,0,common,1.0,0.08495369502926431,0.12074826835827791,0.22763775270916897,0.0,0.829949634809761,0.0,,,EXPLOIT
119,59,,,0,0,0,0,common,1.0,0.055219901769021806,0.11024751760137425,0.1759123974271248,0.0,0.831983731738002,0.0,,,EXPLOIT
120,59,,,0,0,0,0,common,0.0,0.9641070638501358,0.10386639659107805,0.41237079735402804,0.0,0.833950113567955,0.0,,,EXPLOIT
121,59,,,0,0,0,0,common,1.0,0.3733304084974117,0.274245757609055,0.40065868069704313,0.0,0.8358520118096685,0.0,,,EXPLOIT
122,59,,,0,0,0,0,common,1.0,0.24266476552331762,0.19218149133725454,0.35326050614492543,0.0,0.8376924557584502,0.0,,,EXPLOIT
123,59,,,0,0,0,0,common,1.0,0.1577320975901565,0.15023481564245397,0.29460198357849476,0.0,0.8394742880709676,0.0,,,EXPLOIT
124,59,,,0,0,0,0,common,0.0,0.8974741365663983,0.1273612871411355,0.4754636294748658,0.0,0.8412001789234294,0.0,,,EXPLOIT
125,59,,,0,0,0,0,common,1.0,0.4166418112318411,0.3061952178540925,0.4578170840019584,0.0,0.8428726389001862,0.0,,,EXPLOIT
126,59,,,0,0,0,0,common,0.0,0.7291828226993033,0.20802415208945177,0.5392268056111619,0.0,0.8363505200229261,0.0,,,EXPLOIT
127,59,,,0,0,0,0,common,1.0,0.5260311652454528,0.39591390427014017,0.5352681135014491,0.0,0.8293374139033712,0.0,,,EXPLOIT
128,59,,,0,0,0,0,common,1.0,0.34192025740954435,0.25252900655290994,0.47726375667387766,0.0,0.8313920928233685,0.0,,,EXPLOIT
129,59,,,0,0,0,0,common,1.0,0.22224816731620378,0.18130926450961288,0.40075907986657544,0.0,0.8333780643288767,0.0,,,EXPLOIT
130,59,,,0,0,0,0,common,1.0,0.14446130875553242,0.1444356911165373,0.3238697485332625,0.0,0.835298622654552,0.0,,,EXPLOIT
131,59,,,0,0,0,0,common,1.0,0.09389985069109608,0.12407626310031297,0.2548787791806126,0.0,0.8371568549406884,0.0,,,EXPLOIT
132,59,,,0,0,0,0,common,0.0,0.9389650970507876,0.1122348348270619,0.46010467454166504,0.0,0.838955657257865,0.0,,,EXPLOIT
133,59,,,0,0,0,0,common,1.0,0.3896726869169881,0.28603331806506216,0.4389750782542619,0.0,0.8406977491662994,0.0,,,EXPLOIT
134,59,,,0,0,0,0,common,1.0,0.2532872464960423,0.19804239204964583,0.383268728726796,0.0,0.8423856869638721,0.0,,,EXPLOIT
135,59,,,0,0,0,0,common,1.0,0.16463671022242754,0.15332983606850834,0.31767912317548547,0.0,0.8440218757585848,0.0,,,EXPLOIT
136,59,,,0,0,0,0,common,1.0,0.10701386164457793,0.12910040782702575,0.2544795447162132,0.0,0.8456085804853704,0.0,,,EXPLOIT
137,59,,,0,1,1,0,common,0.0,0.00975698966914829,0.11520567111863372,0.18106277820209374,0.0,0.8471479359734093,0.0,,,EXPLOIT
138,59,,,0,0,0,0,common,1.0,0.06955901006897569,0.11400719605046443,0.14761164776215832,0.0,0.8486419561580647,0.0,,,EXPLOIT
139,59,,,0,0,0,0,common,1.0,0.04521335654483416,0.1057801370753732,0.11689216039696107,0.0,0.8500925425210484,0.0,,,EXPLOIT
140,59,,,0,0,0,0,common,0.0,0.9706113182458578,0.10072188792845774,0.37300790775163006,0.0,0.8515014918332114,0.0,,,EXPLOIT
141,59,,,0,0,0,0,common,1.0,0.3691026431401925,0.26884705012900356,0.37183632836819874,0.0,0.8528705032662719,0.0,,,EXPLOIT
142,59,,,0,0,0,0,common,1.0,0.23991671804112513,0.18884543915881002,0.33226044527007664,0.0,0.8542011849326784,0.0,,,EXPLOIT
143,59,,,0,0,0,0,common,1.0,0.15594586672673139,0.14793868456490536,0.27936607170707306,0.0,0.8554950599065537,0.0,,,EXPLOIT
144,59,,,0,0,0,0,common,0.0,0.8986351866276245,0.1256092378533137,0.46514680618323845,0.0,0.8567535717731233,0.0,,,EXPLOIT
145,59,,,0,0,0,0,common,1.0,0.41588712869204403,0.3030215594977901,0.4503689029358801,0.0,0.8579780897491557,0.0,,,EXPLOIT
146,59,,,0,0,0,0,common,1.0,0.2703266336498287,0.20576673710064555,0.39635622215006466,0.0,0.8591699134126131,0.0,,,EXPLOIT
147,59,,,0,0,0,0,common,1.0,0.17571231187238867,0.15682696411464714,0.33016304906676186,0.0,0.8603302770758672,0.0,,,EXPLOIT
148,59,,,0,0,0,0,common,1.0,0.11421300271705259,0.13058290562889135,0.26537803516184905,0.0,0.8614603538334334,0.0,,,EXPLOIT
149,59,,,0,0,0,0,common,1.0,0.07423845176608423,0.1156522763305042,0.2080361601431196,0.0,0.8625612593121366,0.0,,,EXPLOIT
150,59,,,0,0,0,0,common,1.0,0.048254993647954714,0.10677810403383013,0.16010181019457012,0.0,0.8636340551489213,0.0,,,EXPLOIT
151,59,,,0,0,0,0,common,1.0,0.03136574587117058,0.10134171566238093,0.12148099089755025,0.0,0.8646797522191085,0.0,,,EXPLOIT
152,59,,,0,0,0,0,common,1.0,0.020387734816260883,0.09794299832018877,0.09115301407316344,0.0,0.86569931363574,0.0,,,EXPLOIT
153,59,,,0,1,1,0,common,1.0,0.9936579567150536,0.09578940472488394,0.3619044968657305,0.0,0.8666936575387308,0.0,,,EXPLOIT
154,59,,,0,0,0,0,common,0.0,0.9867479723694305,0.26322595201304755,0.5493575395168404,0.0,0.8618117134122116,0.0,,,EXPLOIT
155,59,,,0,0,0,0,common,0.0,0.6413861820401299,0.5518414076405257,0.5769661322738272,0.0,0.8566131106942129,0.0,,,EXPLOIT
156,59,,,0,1,1,0,common,0.0,0.3541223281352151,0.6853265511439142,0.5101129910322435,0.0,0.8510662969905273,0.0,,,EXPLOIT
157,59,,,0,0,0,0,common,0.0,0.4169010183260844,0.6279950984497527,0.4821493992203957,0.0,0.8524475913629733,0.0,,,EXPLOIT
158,59,,,0,1,1,0,common,0.0,0.23017951328788983,0.6898279548784354,0.4065584334406439,0.0,0.853790063675008,0.0,,,EXPLOIT
159,59,,,0,0,0,0,common,1.0,0.7290143380880452,0.664532091083859,0.5032952048348642,0.0,0.8480493865315688,0.0,,,EXPLOIT
160,59,,,0,0,0,0,common,1.0,0.4738593197572294,0.47368764661442764,0.49446443931157374,0.0,0.8495171331742967,0.0,,,EXPLOIT
161,59,,,0,0,0,0,common,1.0,0.30800855784219916,0.33059172640483714,0.43852767487076133,0.0,0.8509425358215864,0.0,,,EXPLOIT
162,59,,,0,0,0,0,common,1.0,0.2002055625974295,0.2512856295687354,0.3670310411887618,0.0,0.8523273318873134,0.0,,,EXPLOIT
163,59,,,0,0,0,0,common,1.0,0.13013361568832915,0.20754633998241676,0.29596181353863193,0.0,0.8536731651740342,0.0,,,EXPLOIT
164,59,,,0,0,0,0,common,0.0,0.915413149802586,0.1824553529506046,0.48179721441781814,0.0,0.8549815920956099,0.0,,,EXPLOIT
165,59,,,0,0,0,0,common,1.0,0.4049814526283191,0.41234540636375727,0.4587524858809684,0.0,0.8562540874099638,0.0,,,EXPLOIT
166,59,,,0,0,0,0,common,1.0,0.2632379442084074,0.2959610456132809,0.4000981233792001,0.0,0.8574920495063829,0.0,,,EXPLOIT
167,59,,,0,0,0,0,common,0.0,0.8288953362645352,0.23235666161944246,0.5287372872448006,0.0,0.8520049079065517,0.0,,,EXPLOIT
168,59,,,0,1,1,0,common,1.0,0.8503833163628716,0.46236899492316846,0.6252310959802219,0.0,0.8461399045425999,0.0,,,EXPLOIT
169,59,,,0,0,0,0,common,1.0,0.46121803142805207,0.6766679239883131,0.5760271766145709,0.0,0.8398569451083129,0.0,,,EXPLOIT
170,59,,,0,0,0,0,common,1.0,0.2997917204282339,0.5798699005766579,0.4931565397586698,0.0,0.8415709254405876,0.0,,,EXPLOIT
171,59,,,0,1,1,0,common,0.0,0.4472508443641334,0.490342283370237,0.47938483114030883,0.0,0.8432320045828973,0.0,,,EXPLOIT
172,59,,,0,0,0,0,common,1.0,0.194864618278352,0.3533138013920931,0.39402876728172176,0.0,0.8448425143661399,0.0,,,EXPLOIT
173,59,,,0,0,0,0,common,1.0,0.1266620018809288,0.2993526342359765,0.3138187376614838,0.0,0.846404651728992,0.0,,,EXPLOIT
174,59,,,0,0,0,0,common,1.0,0.08233030122260376,0.2671659074943462,0.2443722067298198,0.0,0.847920488335021,0.0,,,EXPLOIT
175,59,,,0,0,0,0,common,1.0,0.05351469579469248,0.24756235827112796,0.18711495344928158,0.0,0.8493919793785684,0.0,,,EXPLOIT
176,59,,,0,0,0,0,common,1.0,0.034784552266550084,0.23538889475871164,0.14141583309446212,0.0,0.8508209716581332,0.0,,,EXPLOIT
177,59,,,0,0,0,0,common,1.0,0.02260995897325757,0.22771759551209975,0.10577407085810075,0.0,0.8522092109873687,0.0,,,EXPLOIT
178,59,,,0,0,0,0,common,0.0,0.9853035266673826,0.2228332272731252,0.3696329076008853,0.0,0.8535583490062395,0.0,,,EXPLOIT
179,59,,,0,0,0,0,common,0.0,0.6404472923337987,0.497596112546138,0.4508772230207593,0.0,0.854869949448231,0.0,,,EXPLOIT
180,59,,,0,1,1,0,common,0.0,0.29071304883668675,0.6625752489877057,0.4028279707655375,0.0,0.8561454939136212,0.0,,,EXPLOIT
181,59,,,0,0,0,0,common,1.0,0.5837092599830308,0.5995721198883371,0.4570923575307855,0.0,0.8573863871936466,0.0,,,EXPLOIT
182,59,,,0,0,0,0,common,1.0,0.37941101898897,0.4245011731478311,0.4337879559682408,0.0,0.8585939621857955,0.0,,,EXPLOIT
183,59,,,0,0,0,0,common,1.0,0.2466171623428305,0.31325490784291793,0.3776367178806177,0.0,0.8597694844364033,0.0,,,EXPLOIT
184,59,,,0,0,0,0,common,1.0,0.16030115552283986,0.2509127324414358,0.3124360491732843,0.0,0.860914156343103,0.0,,,EXPLOIT
185,59,,,0,0,0,0,common,0.0,0.8958042489101541,0.21543019867178562,0.4874465090943452,0.0,0.8620291210464812,0.0,,,EXPLOIT
186,59,,,0,0,0,0,common,1.0,0.41772723820839985,0.45865873995235273,0.4665307278285616,0.0,0.8631154660374301,0.0,,,EXPLOIT
187,59,,,0,0,0,0,common,0.0,0.7284772951645401,0.3328804881174223,0.5451146980293551,0.0,0.8580024080192242,0.0,,,EXPLOIT
188,59,,,0,0,0,0,common,1.0,0.526489758143049,0.554119171351767,0.5395272160634632,0.0,0.8525497658212643,0.0,,,EXPLOIT
189,59,,,0,0,0,0,common,1.0,0.3422183427929818,0.39192406245557115,0.4803345540823188,0.0,0.8538893854389471,0.0,,,EXPLOIT
190,59,,,0,0,0,0,common,0.0,0.7775580771845618,0.29487888299768283,0.5695016110129917,0.0,0.8481555859750359,0.0,,,EXPLOIT
191,59,,,0,0,0,0,common,1.0,0.49458724983003477,0.5268795742062515,0.5470273026581046,0.0,0.8420179125774999,0.0,,,EXPLOIT
192,59,,,0,0,0,0,common,1.0,0.3214817123895226,0.3741542073713875,0.47936362557753,0.0,0.8436653160993841,0.0,,,EXPLOIT
193,59,,,0,1,1,0,common,0.0,0.1889634817438464,0.2849354186430829,0.3922435824274249,0.0,0.8452627475037857,0.0,,,EXPLOIT
194,59,,,0,1,1,0,common,1.0,0.8771737368664998,0.2394279688305916,0.5377226287591474,0.0,0.8389160263828637,0.0,,,EXPLOIT
195,59,,,0,0,0,0,common,1.0,0.2089631130531897,0.4873855985343435,0.43909477404736014,0.0,0.8406593590418335,0.0,,,EXPLOIT
196,59,,,0,0,0,0,common,1.0,0.1358260234845733,0.4221017559201649,0.3481141488785241,0.0,0.8423484820714671,0.0,,,EXPLOIT
197,59,,,0,0,0,0,common,1.0,0.08828691526497268,0.3806960190767306,0.27016597879445864,0.0,0.8439858038394658,0.0,,,EXPLOIT
198,59,,,0,0,0,0,common,1.0,0.057386494922232245,0.3546758252254177,0.2063321336327907,0.0,0.8455735923046437,0.0,,,EXPLOIT
199,59,,,0,0,0,0,common,0.0,0.9626987783005491,0.33823545449366876,0.43324212703311815,0.0,0.8471139851044217,0.0,,,EXPLOIT
200,59,,,0,0,0,0,common,1.0,0.3742457941046431,0.6218958383817057,0.4155432271545756,0.0,0.8486089987849579,0.0,,,EXPLOIT
201,59,,,0,1,1,0,common,0.0,0.42983707103677504,0.517756181754542,0.4198313803192354,0.0,0.8500605372577408,0.0,,,EXPLOIT
202,59,,,0,0,0,0,common,1.0,0.24325976616801803,0.38457681712138775,0.36685989607387015,0.0,0.8514703995572355,0.0,,,EXPLOIT
203,59,,,0,0,0,0,common,1.0,0.15811884800921172,0.31475290368231157,0.3042375816544726,0.0,0.8528402869660624,0.0,,,EXPLOIT
204,59,,,0,0,0,0,common,1.0,0.10277725120598757,0.273594817990123,0.2437994825199271,0.0,0.8541718095670612,0.0,,,EXPLOIT
205,59,,,0,0,0,0,common,1.0,0.06680521328389188,0.24886991300610029,0.19070120174911653,0.0,0.8554664922753084,0.0,,,EXPLOIT
206,59,,,0,0,0,0,common,1.0,0.04342338863452977,0.23368380044440357,0.1465178578147405,0.0,0.8567257803976192,0.0,,,EXPLOIT
207,59,,,0,0,0,0,common,1.0,0.028225202612444322,0.2241890697126454,0.11103006125405164,0.0,0.8579510447621553,0.0,,,EXPLOIT
208,59,,,0,0,0,0,common,1.0,0.018346381698088776,0.2181762585173408,0.08322495738726278,0.0,0.8591435864564334,0.0,,,EXPLOIT
209,59,,,0,0,0,0,common,1.0,0.011925148103757666,0.21433482255769395,0.06183501460221125,0.0,0.860304641208168,0.0,,,EXPLOIT
210,59,,,0,0,0,0,common,0.0,0.9922486537325576,0.2118660778585047,0.34095910634131515,0.0,0.8614353834399744,0.0,,,EXPLOIT
211,59,,,0,0,0,0,common,0.0,0.6449616249261625,0.4834859635806211,0.43215986191676936,0.0,0.8625369300259097,0.0,,,EXPLOIT
212,59,,,0,0,0,0,common,1.0,0.5807749437979943,0.6555195719647819,0.4767443864811368,0.0,0.8636103437751206,0.0,,,EXPLOIT
213,59,,,0,0,0,0,common,1.0,0.37750371346869627,0.5034796711633877,0.4469721845774046,0.0,0.8646566366654524,0.0,,,EXPLOIT
214,59,,,0,0,0,0,common,1.0,0.2453774137546526,0.386396338259755,0.38649375333057895,0.0,0.8656767728477059,0.0,,,EXPLOIT
215,59,,,0,0,0,0,common,1.0,0.15949531894052416,0.3158225798431472,0.3183942230135625,0.0,0.8666716714393011,0.0,,,EXPLOIT
216,59,,,0,0,0,0,common,1.0,0.10367195731134071,0.2742305783068426,0.25397754330289596,0.0,0.8676422091243713,0.0,,,EXPLOIT
217,59,,,0,1,1,0,common,1.0,0.7206059038260962,0.2492565565532952,0.393966051459856,0.0,0.8685892225757548,0.0,,,EXPLOIT
218,59,,,0,0,0,0,common,0.0,0.9326132277476286,0.45177058888947796,0.5555602043461878,0.0,0.8638275374069294,0.0,,,EXPLOIT
219,59,,,0,1,1,0,common,0.0,0.5316061625130375,0.6821417378329291,0.5483739917962427,0.0,0.8587608999535933,0.0,,,EXPLOIT
220,59,,,0,0,0,0,common,1.0,0.39380140196404145,0.5737305838644688,0.5020022148465824,0.0,0.8533593278861378,0.0,,,EXPLOIT
221,59,,,0,0,0,0,common,1.0,0.25597091127662697,0.4540265545947856,0.4281928237755957,0.0,0.8546764370990393,0.0,,,EXPLOIT
222,59,,,0,0,0,0,common,1.0,0.16638109232980758,0.37541129709748183,0.34964930434185926,0.0,0.8559572741177892,0.0,,,EXPLOIT
223,59,,,0,1,1,0,common,1.0,0.6544559943665256,0.32745917102842553,0.44109131134925916,0.0,0.8572032548804305,0.0,,,EXPLOIT
224,59,,,0,0,0,0,common,1.0,0.10814771001437495,0.5261848020270299,0.3412082309487939,0.0,0.8584157227218544,0.0,,,EXPLOIT
225,59,,,0,0,0,0,common,1.0,0.07029601150934373,0.49282275652383145,0.2599345651169588,0.0,0.8595959529698922,0.0,,,EXPLOIT
226,59,,,0,0,0,0,common,1.0,0.045692407481073394,0.4708409992151053,0.19566191782619316,0.0,0.8607451571966163,0.0,,,EXPLOIT
227,59,,,0,0,0,0,common,0.0,0.9702999351373023,0.456522071205651,0.42805332301952587,0.0,0.8618644871546525,0.0,,,EXPLOIT
228,59,,,0,1,1,0,common,0.0,0.5746036036617583,0.6868940753472397,0.47201840721219557,0.0,0.8629550384254036,0.0,,,EXPLOIT
229,59,,,0,1,1,0,common,0.0,0.37349234238014295,0.5764956023177059,0.4424605877625798,0.0,0.8640178538034817,0.0,,,EXPLOIT
230,59,,,0,0,0,0,common,1.0,0.36930504216075355,0.4634796647618868,0.4205139240820319,0.0,0.8650539264393393,0.0,,,EXPLOIT
231,59,,,0,0,0,0,common,1.0,0.24004827740448986,0.35103614203854494,0.3663742300787693,0.0,0.8660642027600175,0.0,,,EXPLOIT
232,59,,,0,0,0,0,common,1.0,0.1560313803129184,0.28557407050107675,0.303271375149014,0.0,0.8670495851860719,0.0,,,EXPLOIT
233,59,,,0,0,0,0,common,1.0,0.10142039720339702,0.24753765214456502,0.24271608176532888,0.0,0.868010934661085,0.0,,,EXPLOIT
234,59,,,0,0,0,0,common,1.0,0.06592325818220801,0.22485028733371884,0.1896782346903926,0.0,0.8689490730086717,0.0,,,EXPLOIT
235,59,,,0,0,0,0,common,0.0,0.9571498821815648,0.2109694144975291,0.4199197289377442,0.0,0.8698647851305488,0.0,,,EXPLOIT
236,59,,,0,0,0,0,common,0.0,0.6221474234180171,0.471133387590799,0.48058803728182603,0.0,0.8707588210580363,0.0,,,EXPLOIT
237,59,,,0,1,1,0,common,1.0,0.7572299774529071,0.6435096326388365,0.5635806193331503,0.0,0.8661329342963209,0.0,,,EXPLOIT
238,59,,,0,1,1,0,common,0.0,0.5078005146556104,0.6722109036064498,0.5468465879298883,0.0,0.861215128099908,0.0,,,EXPLOIT
239,59,,,0,1,1,0,common,1.0,0.6699296654738532,0.6822195061482311,0.5837715111930777,0.0,0.855977142704883,0.0,,,EXPLOIT
240,59,,,0,1,1,0,common,0.0,0.5645457174419954,0.6443675213053988,0.578003773067753,0.0,0.8503869493813361,0.0,,,EXPLOIT
241,59,,,0,1,1,0,common,0.0,0.36695471633729704,0.690351348131546,0.5146890560486161,0.0,0.8444081004236086,0.0,,,EXPLOIT
242,59,,,0,0,0,0,common,1.0,0.5956041747782889,0.641004689996739,0.538963591667518,0.0,0.8379989398109597,0.0,,,EXPLOIT
243,59,,,0,0,0,0,common,1.0,0.3871427136058878,0.47564509261784726,0.4934173282490289,0.0,0.8397710935992333,0.0,,,EXPLOIT
244,59,,,0,0,0,0,common,1.0,0.2516427638438271,0.35711489680841957,0.42088495892746836,0.0,0.8414877429564345,0.0,,,EXPLOIT
245,59,,,0,0,0,0,common,1.0,0.16356779649848763,0.28798206469470433,0.3436898101987741,0.0,0.8431513725753329,0.0,,,EXPLOIT
246,59,,,0,0,0,0,common,1.0,0.106319067724017,0.24796763455472853,0.27247858745634695,0.0,0.8447643211964945,0.0,,,EXPLOIT
247,59,,,0,0,0,0,common,1.0,0.06910739402061106,0.22419439602124,0.21146722942562618,0.0,0.8463287921719802,0.0,,,EXPLOIT
248,59,,,0,0,0,0,common,1.0,0.04491980611339719,0.20969314900243635,0.16150300243195748,0.0,0.8478468631246263,0.0,,,EXPLOIT
249,59,,,0,0,0,0,common,0.0,0.9708021260262918,0.2006660928791616,0.40429273951025774,0.0,0.849320494791976,0.0,,,EXPLOIT
250,59,,,0,0,0,0,common,1.0,0.3689786180829103,0.4593825054470106,0.39369850308205345,0.0,0.8507515391340408,0.0,,,EXPLOIT
251,59,,,0,0,0,0,common,1.0,0.2398361017538917,0.3473689454697181,0.3475397826836049,0.0,0.8521417467754079,0.0,,,EXPLOIT
252,59,,,0,0,0,0,common,1.0,0.15589346614002964,0.28238052714452416,0.2900458877205323,0.0,0.8534927738445892,0.0,,,EXPLOIT
253,59,,,0,0,0,0,common,1.0,0.10133075299101924,0.2446776685180792,0.23343134730167836,0.0,0.8548061882668121,0.0,,,EXPLOIT
254,59,,,0,0,0,0,common,1.0,0.06586498944416252,0.2222070772005884,0.1831614399444236,0.0,0.8560834755605361,0.0,,,EXPLOIT
255,59,,,0,1,1,0,common,0.0,0.2385205656192431,0.2084648966286973,0.19976917764686947,0.0,0.8573260441827657,0.0,,,EXPLOIT
256,59,,,0,0,0,0,common,1.0,0.042812243138705686,0.1642510225108453,0.1526820972944203,0.0,0.8585352304636108,0.0,,,EXPLOIT
257,59,,,0,0,0,0,common,1.0,0.027827958040158696,0.1572015593360012,0.11522585551814181,0.0,0.8597123031664508,0.0,,,EXPLOIT
258,59,,,0,0,0,0,common,1.0,0.01808817272610319,0.15275779781944968,0.08608455068053021,0.0,0.8608584677064312,0.0,,,EXPLOIT
259,59,,,0,0,0,0,common,1.0,0.01175731227196708,0.14992695496856911,0.06378637915796127,0.0,0.8619748700567904,0.0,,,EXPLOIT
260,59,,,0,0,0,0,common,1.0,0.007642252976778563,0.14811099918567955,0.04694314130360646,0.0,0.8630626003696352,0.0,,,EXPLOIT
261,59,,,0,0,0,0,common,1.0,0.004967464434906033,0.14694073851878006,0.03435043824299633,0.0,0.8641226963352306,0.0,,,EXPLOIT
262,59,,,0,0,0,0,common,1.0,0.0032288518826889545,0.1461843218724607,0.025013962334904116,0.0,0.8651561463015667,0.0,,,EXPLOIT
263,59,,,0,0,0,0,common,1.0,0.0020987537237477927,0.14569444262353265,0.01813939975155722,0.0,0.8661638921739305,0.0,,,EXPLOIT
264,59,,,0,0,0,0,common,1.0,0.0013641899204360763,0.14537677660858173,0.013106836802220875,0.0,0.8671468321123719,0.0,,,EXPLOIT
265,59,,,0,0,0,0,common,0.0,0.9991132765517166,0.14517061249935465,0.30890876872706957,0.0,0.8681058230433066,0.0,,,EXPLOIT
266,59,,,0,0,0,0,common,1.0,0.3505763702413842,0.3700636434944314,0.3214090491813639,0.0,0.8690416830000318,0.0,,,EXPLOIT
267,59,,,0,0,0,0,common,1.0,0.22787464065689977,0.27412175664488103,0.29334872662402467,0.0,0.8699551933055948,0.0,,,EXPLOIT
268,59,,,0,0,0,0,common,0.0,0.8518814835730152,0.22145752379104416,0.46090855370872186,0.0,0.8708471006102683,0.0,,,EXPLOIT
269,59,,,0,0,0,0,common,1.0,0.44627703567754007,0.4538480545216217,0.4565190982993673,0.0,0.871718118794803,0.0,,,EXPLOIT
270,59,,,0,0,0,0,common,1.0,0.2900800731904011,0.3206898721333909,0.40658739076667744,0.0,0.8725689307496646,0.0,,,EXPLOIT
271,59,,,0,0,0,0,common,1.0,0.18855204757376076,0.2471407412437513,0.34117678780880245,0.0,0.8734001900395792,0.0,,,EXPLOIT
272,59,,,0,0,0,0,common,1.0,0.1225588309229445,0.20630168276640734,0.27559140074304506,0.0,0.8742125224619223,0.0,,,EXPLOIT
273,59,,,0,0,0,0,common,1.0,0.07966324009991399,0.18271583554231868,0.21681295255010574,0.0,0.8750065275067643,0.0,,,EXPLOIT
274,59,,,0,0,0,0,common,0.0,0.9482188939350559,0.16859586731833126,0.4362347349655908,0.0,0.8757827797257415,0.0,,,EXPLOIT
275,59,,,0,0,0,0,common,1.0,0.3836577189422137,0.398439948580001,0.4204616301585776,0.0,0.8765418300163224,0.0,,,EXPLOIT
276,59,,,0,0,0,0,common,1.0,0.24937751731243885,0.2896951421884154,0.369136396304736,0.0,0.8772842068275095,0.0,,,EXPLOIT
277,59,,,0,0,0,0,common,1.0,0.16209538625308528,0.23009831812451356,0.3070240932892408,0.0,0.8780104172925295,0.0,,,EXPLOIT
278,59,,,0,1,1,0,common,0.0,0.155038367652508,0.19657047891421986,0.26142837559822096,0.0,0.8787209482936124,0.0,,,EXPLOIT
279,59,,,0,1,1,0,common,0.0,0.1007749389741302,0.16826188859806296,0.21323234461099372,0.0,0.8794162674635686,0.0,,,EXPLOIT
280,59,,,0,0,0,0,common,1.0,0.10536200106450544,0.15174168997301785,0.1808712415470472,0.0,0.880096824128496,0.0,,,EXPLOIT
281,59,,,0,0,0,0,common,1.0,0.0684853006919286,0.13596636099262435,0.1471554592905116,0.0,0.8807630501956133,0.0,,,EXPLOIT
282,59,,,0,0,0,0,common,1.0,0.04451544544975361,0.12649190609513566,0.11636345513828421,0.0,0.8814153609899105,0.0,,,EXPLOIT
283,59,,,0,0,0,0,common,1.0,0.02893503954233989,0.12064835258363206,0.09013493045950091,0.0,0.8820541560430301,0.0,,,EXPLOIT
284,59,,,0,0,0,0,common,1.0,0.0188077757025209,0.11697898591424641,0.0687367840324069,0.0,0.8826798198375234,0.0,,,EXPLOIT
285,59,,,0,0,0,0,common,1.0,0.012225054206638553,0.11464724591759898,0.05178326508467639,0.0,0.8832927225094084,0.0,,,EXPLOIT
286,59,,,0,0,0,0,common,0.0,0.9920537147656849,0.11315384309856673,0.33386439998897893,0.0,0.8838932205117216,0.0,,,EXPLOIT
287,59,,,0,0,0,0,common,1.0,0.35516508540230474,0.301839138753363,0.34025460561297666,0.0,0.8844816572415728,0.0,,,EXPLOIT
288,59,,,0,0,0,0,common,1.0,0.23085730551149808,0.2173465707689245,0.30743541558253307,0.0,0.8850583636330203,0.0,,,EXPLOIT
289,59,,,0,0,0,0,common,1.0,0.1500572485824737,0.17292219743421783,0.26022196548251525,0.0,0.8856236587179215,0.0,,,EXPLOIT
290,59,,,0,0,0,0,common,1.0,0.09753721157860795,0.14826924407742856,0.21141653931134305,0.0,0.8861778501567599,0.0,,,EXPLOIT
291,59,,,0,0,0,0,common,1.0,0.06339918752609519,0.13390589035795158,0.16701133377576868,0.0,0.8867212347413062,0.0,,,EXPLOIT
292,59,,,0,0,0,0,common,0.0,0.9587905281080381,0.1252315890473159,0.40454509207544953,0.0,0.8872540988708402,0.0,,,EXPLOIT
293,59,,,0,0,0,0,common,1.0,0.3767861567297752,0.3184742738171369,0.3962174114717472,0.0,0.8877767190035458,0.0,,,EXPLOIT
294,59,,,0,0,0,0,common,1.0,0.24491100187435388,0.22591320387324554,0.3508254885925292,0.0,0.8882893620845714,0.0,,,EXPLOIT
295,59,,,0,0,0,0,common,1.0,0.15919215121833008,0.17754095087403812,0.29333548738026943,0.0,0.8887922859521552,0.0,,,EXPLOIT
296,59,,,0,0,0,0,common,1.0,0.10347489829191459,0.15089795996233346,0.23637731065376294,0.0,0.8892857397231121,0.0,,,EXPLOIT
297,59,,,0,0,0,0,common,1.0,0.06725868388974443,0.13546693472320168,0.18564172262455736,0.0,0.8897699641588986,0.0,,,EXPLOIT
298,59,,,0,0,0,0,common,1.0,0.04371814452833389,0.12618694154708882,0.1430646491956903,0.0,0.8902451920133851,0.0,,,EXPLOIT
299,59,,,0,0,0,0,common,0.0,0.971583206056583,0.12045813804033734,0.39162021625395815,0.0,0.8907116483633956,0.0,,,EXPLOIT
300,59,,,0,1,1,0,common,0.0,0.06550371033318464,0.31201309320213605,0.29378526447772607,0.0,0.8911695509230001,0.0,,,EXPLOIT
301,59,,,0,0,0,0,common,1.0,0.368470916063221,0.29461263332474397,0.31619095995337454,0.0,0.8916191103424879,0.0,,,EXPLOIT
302,59,,,0,0,0,0,common,0.0,0.7604939045589063,0.2089017448268902,0.44948184333503405,0.0,0.892060530492881,0.0,,,EXPLOIT
303,59,,,0,1,1,0,common,1.0,0.95742258828343,0.4067821868796532,0.6018640668195527,0.0,0.8886638310714873,0.0,,,EXPLOIT
304,59,,,0,0,0,0,common,1.0,0.5056789620367108,0.6666577424148523,0.5730085353847001,0.0,0.8850837447537463,0.0,,,EXPLOIT
305,59,,,0,0,0,0,common,1.0,0.32869132532386214,0.5464680837513968,0.4997133723664487,0.0,0.8856485395593909,0.0,,,EXPLOIT
306,59,,,0,0,0,0,common,1.0,0.2136493614605104,0.4449176387469951,0.4138941690946672,0.0,0.8862022441458316,0.0,,,EXPLOIT
307,59,,,0,0,0,0,common,0.0,0.8611279150506682,0.37934905174756084,0.5480642928814675,0.0,0.8824862752481358,0.0,,,EXPLOIT
308,59,,,0,1,1,0,common,0.0,0.3776753176157705,0.6310063425915463,0.4969476003017584,0.0,0.8831031148866054,0.0,,,EXPLOIT
309,59,,,0,0,0,0,common,1.0,0.44026685521706566,0.5287933369352716,0.47994337677635057,0.0,0.8837074402287788,0.0,,,EXPLOIT
310,59,,,0,0,0,0,common,1.0,0.28617345589109267,0.3923396531467627,0.4218124005107732,0.0,0.8842995986742958,0.0,,,EXPLOIT
311,59,,,0,0,0,0,common,1.0,0.18601274632921028,0.31010673384794163,0.3510725042563043,0.0,0.8848799249785627,0.0,,,EXPLOIT
312,59,,,0,0,0,0,common,1.0,0.12090828511398666,0.26255095887652535,0.282023238513609,0.0,0.8854487418233586,0.0,,,EXPLOIT
313,59,,,0,0,0,0,common,0.0,0.9214096146759087,0.23448544697192755,0.47383915136229887,0.0,0.8860063603568108,0.0,,,EXPLOIT
314,59,,,0,0,0,0,common,1.0,0.40108375046065936,0.49431213457336587,0.452012531091807,0.0,0.8865530807046393,0.0,,,EXPLOIT
315,59,,,0,0,0,0,common,1.0,0.26070443779942853,0.3705526339220565,0.39462010310409346,0.0,0.8870891924544392,0.0,,,EXPLOIT
316,59,,,0,0,0,0,common,1.0,0.16945788456962851,0.29752776900878486,0.32707143754375395,0.0,0.8876149751146439,0.0,,,EXPLOIT
317,59,,,0,0,0,0,common,1.0,0.11014762497025854,0.2551975719008513,0.2619942937717053,0.0,0.8881306985497027,0.0,,,EXPLOIT
318,59,,,0,0,0,0,common,0.0,0.9284040437693319,0.2300676871996918,0.4619172187709933,0.0,0.8886366233928954,0.0,,,EXPLOIT
319,59,,,0,0,0,0,common,1.0,0.3965373715499343,0.4902628312461555,0.44230326460467556,0.0,0.8891330014381157,0.0,,,EXPLOIT
320,59,,,0,0,0,0,common,1.0,0.2577492915074573,0.368058395224573,0.3869370726755101,0.0,0.8896200760118613,0.0,,,EXPLOIT
321,59,,,0,1,1,0,common,0.0,0.24548895645025084,0.29608917558495235,0.3445026378079323,0.0,0.8900980823265896,0.0,,,EXPLOIT
322,59,,,0,0,0,0,common,1.0,0.16753703947984722,0.2364158599973057,0.29141295830950675,0.0,0.8905672478165165,0.0,,,EXPLOIT
323,59,,,0,0,0,0,common,1.0,0.10889907566190071,0.2010887629036942,0.23665879351522492,0.0,0.8910277924568692,0.0,,,EXPLOIT
324,59,,,0,0,0,0,common,1.0,0.07078439918023549,0.18045141266321044,0.18689647521472808,0.0,0.8914799290675369,0.0,,,EXPLOIT
325,59,,,0,0,0,0,common,1.0,0.04600985946715308,0.16798864173766104,0.14463049049045557,0.0,0.891923863601999,0.0,,,EXPLOIT
326,59,,,0,0,0,0,common,0.0,0.9700935913463505,0.1602782419551419,0.39226942074722404,0.0,0.8923597954223621,0.0,,,EXPLOIT
327,59,,,0,0,0,0,common,0.0,0.6305608343751279,0.39004537784506593,0.46375684483559515,0.0,0.8927879175612716,0.0,,,EXPLOIT
328,59,,,0,1,1,0,common,0.0,0.15956782169266304,0.5819696789778113,0.3725001378927155,0.0,0.8932084169714307,0.0,,,EXPLOIT
329,59,,,0,0,0,0,common,1.0,0.5901354576561668,0.5357865588835922,0.4377907338217509,0.0,0.8936214747633987,0.0,,,EXPLOIT
330,59,,,0,0,0,0,common,1.0,0.38358804747650843,0.354745046245308,0.4215299279181781,0.0,0.8940272664323106,0.0,,,EXPLOIT
331,59,,,0,0,0,0,common,1.0,0.24933223085973055,0.2534528539421548,0.3698706188006438,0.0,0.894425962074114,0.0,,,EXPLOIT
332,59,,,0,0,0,0,common,1.0,0.16206595005882485,0.1995775168220258,0.30752921817809814,0.0,0.8948177265918822,0.0,,,EXPLOIT
333,59,,,0,0,0,0,common,0.0,0.8946571324617638,0.16969704651476558,0.4836675924631978,0.0,0.8952027198927365,0.0,,,EXPLOIT
334,59,,,0,1,1,0,common,1.0,0.896280915899769,0.3841803762234276,0.6074515894941692,0.0,0.8919714249838185,0.0,,,EXPLOIT
335,59,,,0,1,1,0,common,0.0,0.4174174046651501,0.6420516772589537,0.5504413340454635,0.0,0.8885699756591331,0.0,,,EXPLOIT
336,59,,,0,0,0,0,common,1.0,0.4184728638998535,0.5322876580582531,0.5108507930017805,0.0,0.8849847543958147,0.0,,,EXPLOIT
337,59,,,0,0,0,0,common,1.0,0.2720073615349048,0.40247533765526633,0.43919776356171775,0.0,0.88555150129316,0.0,,,EXPLOIT
338,59,,,0,0,0,0,common,1.0,0.17680478499768815,0.3230554815952347,0.36047986999250886,0.0,0.8861071055504709,0.0,,,EXPLOIT
339,59,,,0,0,0,0,common,1.0,0.11492311024849733,0.27649713113694174,0.28681284206930535,0.0,0.8866518653317055,0.0,,,EXPLOIT
340,59,,,0,0,0,0,common,0.0,0.9252999783384768,0.24875167475572954,0.47835898295005674,0.0,0.8871860683484389,0.0,,,EXPLOIT
341,59,,,0,0,0,0,common,1.0,0.39855501407999006,0.5149301862620695,0.4544177922890367,0.0,0.8877099923143685,0.0,,,EXPLOIT
342,59,,,0,0,0,0,common,1.0,0.25906075915199356,0.3912328286682802,0.39581068234792377,0.0,0.8882239053762991,0.0,,,EXPLOIT
343,59,,,0,0,0,0,common,1.0,0.16838949344879584,0.3164619148337914,0.32758432567818535,0.0,0.8887280665230164,0.0,,,EXPLOIT
344,59,,,0,0,0,0,common,1.0,0.10945317074171734,0.27260423300541975,0.26214497919724494,0.0,0.8892227259733628,0.0,,,EXPLOIT
345,59,,,0,0,0,0,common,1.0,0.0711445609821163,0.24639808391514637,0.20484485373270636,0.0,0.8897081255447378,0.0,,,EXPLOIT
346,59,,,0,0,0,0,common,1.0,0.046243964638375545,0.230369082615274,0.1572645870044071,0.0,0.8901844990031635,0.0,,,EXPLOIT
347,59,,,0,0,0,0,common,1.0,0.030058577014944077,0.2203768827682952,0.11910278400756819,0.0,0.8906520723959874,0.0,,,EXPLOIT
348,59,,,0,0,0,0,common,1.0,0.01953807505971361,0.21406173653258612,0.0892333713232118,0.0,0.8911110643682141,0.0,,,EXPLOIT
349,59,,,0,0,0,0,common,1.0,0.012699748788813858,0.2100325561940553,0.06627328456289241,0.0,0.8915616864634,0.0,,,EXPLOIT
350,59,,,0,1,1,0,common,0.0,0.2713213130323476,0.20744544993358938,0.12778769310372895,0.0,0.8920041434099828,0.0,,,EXPLOIT
351,59,,,0,0,0,0,common,0.0,0.991745163287271,0.15801025505599395,0.38697493415879153,0.0,0.8924386333938623,0.0,,,EXPLOIT
352,59,,,0,0,0,0,common,1.0,0.35536564386327374,0.3923933531180663,0.3774921470701362,0.0,0.8928653483179947,0.0,,,EXPLOIT
353,59,,,0,0,0,0,common,1.0,0.23098766851112795,0.29186145897100574,0.33354080350243365,0.0,0.8932844740497188,0.0,,,EXPLOIT
354,59,,,0,0,0,0,common,0.0,0.8498580154677668,0.2360295279692038,0.48843596709203363,0.0,0.8936961906564832,0.0,,,EXPLOIT
355,59,,,0,1,1,0,common,1.0,0.8236411465289741,0.4741129040484553,0.5889975209231157,0.0,0.8903861003942591,0.0,,,EXPLOIT
356,59,,,0,0,0,0,common,1.0,0.44759228994595146,0.6779726887819807,0.5465759516299664,0.0,0.8868995948151432,0.0,,,EXPLOIT
357,59,,,0,0,0,0,common,1.0,0.2909349884648684,0.5865556095452108,0.46988366268043696,0.0,0.8874290220539905,0.0,,,EXPLOIT
358,59,,,0,0,0,0,common,1.0,0.18910774250216444,0.5006815129630339,0.3856508866269552,0.0,0.8879482951051112,0.0,,,EXPLOIT
359,59,,,0,1,1,0,common,0.0,0.46463325475616685,0.4415517371962048,0.4093455970657187,0.0,0.8884576778410815,0.0,,,EXPLOIT
360,59,,,0,0,0,0,common,1.0,0.12292003262640694,0.3050761975008817,0.3234179277339252,0.0,0.8889574251579914,0.0,,,EXPLOIT
361,59,,,0,0,0,0,common,1.0,0.0798980212071645,0.27340904054269793,0.250361955775897,0.0,0.8894477833543419,0.0,,,EXPLOIT
362,59,,,0,0,0,0,common,1.0,0.05193371378465694,0.25405523330132335,0.19083348317852497,0.0,0.8899289904909062,0.0,,,EXPLOIT
363,59,,,0,0,0,0,common,1.0,0.033756913960027,0.2420086575296248,0.14371051241297556,0.0,0.8904012767326556,0.0,,,EXPLOIT
364,59,,,0,0,0,0,common,0.0,0.9780580059259825,0.23440547877450785,0.3940147604668776,0.0,0.8908648646737904,0.0,,,EXPLOIT
365,59,,,0,1,1,0,common,0.0,0.30201161559150846,0.5117613677058175,0.36641381700426684,0.0,0.8913199696468392,0.0,,,EXPLOIT
366,59,,,0,1,1,0,common,0.0,0.1963075501344805,0.4176034862213578,0.31538193694333094,0.0,0.8917668000167286,0.0,,,EXPLOIT
367,59,,,0,0,0,0,common,1.0,0.36426229614811145,0.3585280910124916,0.33004604470476506,0.0,0.8922055574606732,0.0,,,EXPLOIT
368,59,,,0,0,0,0,common,1.0,0.23677049249627247,0.261154665411209,0.30206337904221725,0.0,0.8926364372346719,0.0,,,EXPLOIT
369,59,,,0,0,0,0,common,1.0,0.1539008201225771,0.20856255035959653,0.2576146113663252,0.0,0.8930596284273589,0.0,,,EXPLOIT
370,59,,,0,0,0,0,common,1.0,0.10003553307967517,0.17904865855152208,0.21034088788033017,0.0,0.893475314201896,0.0,,,EXPLOIT
371,59,,,0,0,0,0,common,1.0,0.06502309650178884,0.16176207928807704,0.16674555046676776,0.0,0.8938836720265659,0.0,,,EXPLOIT
372,59,,,0,0,0,0,common,1.0,0.04226501272616279,0.15129373396609622,0.12940138914458627,0.0,0.8942848738946737,0.0,,,EXPLOIT
373,59,,,0,0,0,0,common,1.0,0.027472258272005834,0.14480295436145138,0.09882264988281213,0.0,0.8946790865343286,0.0,,,EXPLOIT
374,59,,,0,0,0,0,common,1.0,0.017856967876803798,0.1407132935638615,0.07453294528100962,0.0,0.895066471608651,0.0,,,EXPLOIT
375,59,,,0,1,1,0,common,0.0,0.12759990758741235,0.13810876397087762,0.09045303397293045,0.0,0.8954471859069043,0.0,,,EXPLOIT
376,59,,,0,0,0,0,common,0.0,0.9883929708800775,0.1206881063167484,0.35983501504507454,0.0,0.895821381527033,0.0,,,EXPLOIT
377,59,,,0,0,0,0,common,0.0,0.6424554310720504,0.31706482589602153,0.44462113985316726,0.0,0.896189206050051,0.0,,,EXPLOIT
378,59,,,0,0,0,0,common,1.0,0.5824039698031672,0.510942049307563,0.48595598883816726,0.0,0.8965508027067033,0.0,,,EXPLOIT
379,59,,,0,1,1,0,common,0.0,0.08293993993181803,0.3336956427616677,0.3650511741662624,0.0,0.8969063105367977,0.0,,,EXPLOIT
380,59,,,0,0,0,0,common,1.0,0.3785625803720587,0.31085508079336255,0.3691045960280013,0.0,0.8972558645415785,0.0,,,EXPLOIT
381,59,,,0,0,0,0,common,1.0,0.24606567724183814,0.2195263797628064,0.3321929203921523,0.0,0.8975995958294952,0.0,,,EXPLOIT
382,59,,,0,0,0,0,common,1.0,0.15994269020719476,0.17207006236534333,0.280517851336665,0.0,0.8979376317556983,0.0,,,EXPLOIT
383,59,,,0,0,0,0,common,1.0,0.10396274863467658,0.14601358168380393,0.22755132052606847,0.0,0.8982700960555724,0.0,,,EXPLOIT
384,59,,,0,0,0,0,common,1.0,0.06757578661253982,0.13095018249364782,0.17955866035200987,0.0,0.8985971089726059,0.0,,,EXPLOIT
385,59,,,0,0,0,0,common,1.0,0.04392426129815086,0.12190155306132562,0.13886834063585218,0.0,0.898918787380872,0.0,,,EXPLOIT
386,59,,,0,0,0,0,common,1.0,0.028550769843798007,0.11631955065162862,0.10577306939823593,0.0,0.8992352449023855,0.0,,,EXPLOIT
387,59,,,0,0,0,0,common,0.0,0.9814419996015313,0.11281388485783371,0.36847374845922454,0.0,0.8995465920195842,0.0,,,EXPLOIT
388,59,,,0,0,0,0,common,1.0,0.36206270025900467,0.2982985970086312,0.3665504339991586,0.0,0.8998529361831681,0.0,,,EXPLOIT
389,59,,,0,0,0,0,common,1.0,0.23534075516835307,0.2131091364184042,0.32718753034991693,0.0,0.9001543819155212,0.0,,,EXPLOIT
390,59,,,0,0,0,0,common,1.0,0.15297149085942952,0.16862671167175414,0.27492271850277067,0.0,0.9004510309099217,0.0,,,EXPLOIT
391,59,,,0,1,1,0,common,0.0,0.05391096095568172,0.1440597964326824,0.20861919123864398,0.0,0.900742982125743,0.0,,,EXPLOIT
392,59,,,0,0,0,0,common,0.0,0.9005685309413708,0.13616410230757453,0.416203993149462,0.0,0.9010303318798311,0.0,,,EXPLOIT
393,59,,,0,0,0,0,common,1.0,0.414630454888109,0.3242757125516006,0.41573193167105604,0.0,0.9013131739342365,0.0,,,EXPLOIT
394,59,,,0,0,0,0,common,1.0,0.26950979567727085,0.22230871724480725,0.3718652908729204,0.0,0.9015915995804707,0.0,,,EXPLOIT
395,59,,,0,0,0,0,common,0.0,0.824818632809774,0.17026977233049603,0.5077512934539765,0.0,0.8986840761205351,0.0,,,EXPLOIT
396,59,,,0,0,0,0,common,0.0,0.5361321113263531,0.3644188452222251,0.5162655388156894,0.0,0.8956312886482215,0.0,,,EXPLOIT
397,59,,,0,0,0,0,common,1.0,0.6515141276378704,0.5294870418622594,0.5568401154623437,0.0,0.8924222380763911,0.0,,,EXPLOIT
398,59,,,0,0,0,0,common,1.0,0.4234841829646159,0.33131164312684536,0.5168333357130254,0.0,0.8890447863642629,0.0,,,EXPLOIT
399,59,,,0,0,0,0,common,1.0,0.27526471892700033,0.2258464876249507,0.44436275067721787,0.0,0.8895335097550269,0.0,,,EXPLOIT
400,59,,,0,0,0,0,common,1.0,0.17892206730255023,0.17212512894183568,0.36473054566481755,0.0,0.8900131233393227,0.0,,,EXPLOIT
401,59,,,0,0,0,0,common,1.0,0.11629934374665762,0.14320420099402484,0.2902011850893696,0.0,0.8904838559205867,0.0,,,EXPLOIT
402,59,,,0,0,0,0,common,1.0,0.0755945734353275,0.12672855773968233,0.22581920159315697,0.0,0.8909459287872588,0.0,,,EXPLOIT
403,59,,,0,0,0,0,common,1.0,0.049136472732962844,0.11693150102623673,0.17281438293509874,0.0,0.8913995560191611,0.0,,,EXPLOIT
404,59,,,0,0,0,0,common,1.0,0.03193870727642589,0.11092880543522181,0.1305516802374969,0.0,0.8918449447790016,0.0,,,EXPLOIT
405,59,,,0,0,0,0,common,1.0,0.02076015972967682,0.10717587574806588,0.09761422408515087,0.0,0.8922822955898387,0.0,,,EXPLOIT
406,59,,,0,0,0,0,common,1.0,0.01349410382428995,0.10479782020099195,0.0723781880068926,0.0,0.8927118025992917,0.0,,,EXPLOIT
407,59,,,0,0,0,0,common,1.0,0.008771167485788434,0.10327758450940512,0.053296081850561346,0.0,0.8931336538312262,0.0,,,EXPLOIT
408,59,,,0,0,0,0,common,0.0,0.9942987411342376,0.10230009021941397,0.3355968796356642,0.0,0.8935480314256046,0.0,,,EXPLOIT
409,59,,,0,0,0,0,common,1.0,0.3537058182627455,0.27829127829744904,0.3410295612237886,0.0,0.8939551118671454,0.0,,,EXPLOIT
410,59,,,0,0,0,0,common,1.0,0.22990878187078456,0.19910932305757162,0.30769332741788735,0.0,0.8943550662033936,0.0,,,EXPLOIT
411,59,,,0,1,1,0,common,0.0,0.03504212462119312,0.15794957165485726,0.22589796657887906,0.0,0.8947480602527741,0.0,,,EXPLOIT
412,59,,,0,0,0,0,common,1.0,0.14944070821600997,0.1523488098615959,0.20296078907001833,0.0,0.8951342548031564,0.0,,,EXPLOIT
413,59,,,0,0,0,0,common,1.0,0.09713646034040646,0.1303306654204204,0.17121349045113474,0.0,0.8955138058014347,0.0,,,EXPLOIT
414,59,,,0,0,0,0,common,1.0,0.06313869922126425,0.11755370315638292,0.13879105308217357,0.0,0.8958868645345924,0.0,,,EXPLOIT
415,59,,,0,0,0,0,common,1.0,0.04104015449382181,0.10985507410613919,0.10946578350566805,0.0,0.8962535778026957,0.0,,,EXPLOIT
416,59,,,0,0,0,0,common,1.0,0.026676100420984228,0.1050953882772161,0.0846288785802629,0.0,0.8966140880842307,0.0,,,EXPLOIT
417,59,,,0,0,0,0,common,0.0,0.9826605347263603,0.10210161919646474,0.3540383754240921,0.0,0.8969685336941785,0.0,,,EXPLOIT
418,59,,,0,0,0,0,common,1.0,0.3612706524278658,0.27492950289134244,0.3562080585252242,0.0,0.8973170489351965,0.0,,,EXPLOIT
419,59,,,0,0,0,0,common,1.0,0.23482592407811276,0.19502279369634887,0.31979341819109075,0.0,0.8976597642422545,0.0,,,EXPLOIT
420,59,,,0,0,0,0,common,1.0,0.15263685065077326,0.1537918602192042,0.2696464479289955,0.0,0.897996806321054,0.0,,,EXPLOIT
421,59,,,0,0,0,0,common,1.0,0.09921395292300261,0.13114946659620855,0.21851669942719762,0.0,0.8983282982805401,0.0,,,EXPLOIT
422,59,,,0,0,0,0,common,1.0,0.06448906939995169,0.1180393016083444,0.17230841041902384,0.0,0.8986543597597969,0.0,,,EXPLOIT
423,59,,,0,0,0,0,common,0.0,0.9580821048900314,0.11015207554220101,0.4080405187603261,0.0,0.8989751070496063,0.0,,,EXPLOIT
424,59,,,0,0,0,0,common,1.0,0.37724663182147955,0.28646820243187293,0.3988023526786721,0.0,0.899290653208923,0.0,,,EXPLOIT
425,59,,,0,0,0,0,common,1.0,0.2452103106839617,0.20081806412420483,0.35272474008025895,0.0,0.89960110817652,0.0,,,EXPLOIT
426,59,,,0,0,0,0,common,1.0,0.15938670194457516,0.15687754188855066,0.2947233286395538,0.0,0.8999065788780308,0.0,,,EXPLOIT
427,59,,,0,0,0,0,common,0.0,0.8963986437360262,0.132893428888512,0.47522592316849543,0.0,0.9002071693286117,0.0,,,EXPLOIT
428,59,,,0,0,0,0,common,1.0,0.4173408815715829,0.31677934287303683,0.4578604106894216,0.0,0.900502980731429,0.0,,,EXPLOIT
429,59,,,0,0,0,0,common,1.0,0.27127157302152893,0.2159614133397259,0.4018837593890538,0.0,0.9007941115721704,0.0,,,EXPLOIT
430,59,,,0,0,0,0,common,0.0,0.8236734775360062,0.164852479238144,0.5284206748331395,0.0,0.8978470901397138,0.0,,,EXPLOIT
431,59,,,0,0,0,0,common,1.0,0.4646122396015959,0.35481338193464407,0.5092781442636763,0.0,0.8947518414809946,0.0,,,EXPLOIT
432,59,,,0,0,0,0,common,0.0,0.6980020442589626,0.23492848119391324,0.5658953142622623,0.0,0.8914970625788625,0.0,,,EXPLOIT
433,59,,,0,0,0,0,common,1.0,0.5462986712316743,0.42512251034521975,0.5600163213530859,0.0,0.8880702714708397,0.0,,,EXPLOIT
434,59,,,0,0,0,0,common,1.0,0.3550941363005883,0.2705534026221012,0.49853966583733655,0.0,0.8885773409178165,0.0,,,EXPLOIT
435,59,,,0,0,0,0,common,0.0,0.7691888114046176,0.19281839832420486,0.5797344095075209,0.0,0.8849925227486644,0.0,,,EXPLOIT
436,59,,,0,0,0,0,common,1.0,0.5000272725869985,0.3847062692983524,0.5558222684313642,0.0,0.8812088560499187,0.0,,,EXPLOIT
437,59,,,0,0,0,0,common,1.0,0.3250177271815491,0.24993189845223268,0.4865809060564196,0.0,0.8818519181850291,0.0,,,EXPLOIT
438,59,,,0,0,0,0,common,1.0,0.2112615226680069,0.18236932134251185,0.40398509103989577,0.0,0.882481728058666,0.0,,,EXPLOIT
439,59,,,0,0,0,0,common,1.0,0.13731998973420445,0.14698065688536668,0.32398556064818834,0.0,0.883098660307419,0.0,,,EXPLOIT
440,59,,,0,0,0,0,common,1.0,0.08925799332723294,0.12726598772178666,0.2535672904519017,0.0,0.8837030756774,0.0,,,EXPLOIT
441,59,,,0,0,0,0,common,1.0,0.05801769566270143,0.11572821642124367,0.1949024120151416,0.0,0.8842953216626745,0.0,,,EXPLOIT
442,59,,,0,0,0,0,common,1.0,0.03771150218075592,0.10873524532259041,0.1477451390648259,0.0,0.8848757331087931,0.0,,,EXPLOIT
443,59,,,0,0,0,0,common,1.0,0.024512476417491325,0.10439469418834424,0.11077534027062552,0.0,0.8854446327836304,0.0,,,EXPLOIT
444,59,,,0,0,0,0,common,0.0,0.9840668903286306,0.10165738305304986,0.372762805288027,0.0,0.886002331917575,0.0,,,EXPLOIT
445,59,,,0,0,0,0,common,1.0,0.3603565212863902,0.2742788310541052,0.369040920087536,0.0,0.886549130714979,0.0,,,EXPLOIT
446,59,,,0,0,0,0,common,1.0,0.23423173883615367,0.1946952741891213,0.32859816571212125,0.0,0.8870853188386291,0.0,,,EXPLOIT
447,59,,,0,0,0,0,common,0.0,0.8477493697565002,0.15361686826144105,0.4843435269254349,0.0,0.8876111758688906,0.0,,,EXPLOIT
448,59,,,0,1,1,0,common,0.0,0.022777381003775528,0.34196683209791473,0.34587368314893707,0.0,0.8881269717390515,0.0,,,EXPLOIT
449,59,,,0,0,0,0,common,1.0,0.4489629096582748,0.33551675344895626,0.3768004511017384,0.0,0.8886329671482969,0.0,,,EXPLOIT
450,59,,,0,0,0,0,common,1.0,0.2918258912778786,0.22358202644642106,0.3513080831545804,0.0,0.88912941395364,0.0,,,EXPLOIT
451,59,,,0,0,0,0,common,1.0,0.1896868293306211,0.16745930873601697,0.3028217070073926,0.0,0.8896165555420532,0.0,,,EXPLOIT
452,59,,,0,0,0,0,common,1.0,0.12329643906490373,0.1376525602840794,0.24896412662464593,0.0,0.8900946271839558,0.0,,,EXPLOIT
453,59,,,0,0,0,0,common,1.0,0.08014268539218738,0.1208355174801881,0.19831769425490833,0.0,0.8905638563691364,0.0,,,EXPLOIT
454,59,,,0,0,0,0,common,1.0,0.05209274550492182,0.11090058520035245,0.15445020962991238,0.0,0.891024463126123,0.0,,,EXPLOIT
455,59,,,0,0,0,0,common,1.0,0.03386028457819923,0.10483973829963072,0.11827323211439843,0.0,0.8914766603259447,0.0,,,EXPLOIT
456,59,,,0,0,0,0,common,1.0,0.022009184975829488,0.10106123157272588,0.08939401797282774,0.0,0.8919206539711653,0.0,,,EXPLOIT
457,59,,,0,0,0,0,common,1.0,0.014305970234289145,0.0986714274591642,0.06686760365126615,0.0,0.8923566434710156,0.0,,,EXPLOIT
458,59,,,0,0,0,0,common,1.0,0.0092988806522879,0.09714553827716813,0.04959698675157267,0.0,0.8927848219034017,0.0,,,EXPLOIT
459,59,,,0,0,0,0,common,1.0,0.006044272423987085,0.09616518615012094,0.03653117245329699,0.0,0.8932053762645097,0.0,,,EXPLOIT
460,59,,,0,1,1,0,common,0.0,0.014805297652454093,0.0955327685754915,0.03001341001304412,0.0,0.8936184877066875,0.0,,,EXPLOIT
461,59,,,0,0,0,0,common,1.0,0.003928777075591583,0.09399956615380181,0.022188020131808355,0.0,0.8940243317652439,0.0,,,EXPLOIT
462,59,,,0,1,1,0,common,0.0,0.009623443474095161,0.09359647502373686,0.018418647134494395,0.0,0.8944230785747586,0.0,,,EXPLOIT
463,59,,,0,0,0,0,common,0.0,0.9974462949008654,0.09261573291556985,0.31212694146440567,0.0,0.8948148930754672,0.0,,,EXPLOIT
464,59,,,0,0,0,0,common,1.0,0.3516599083144374,0.2567423666291288,0.3239868315194152,0.0,0.8951999352102489,0.0,,,EXPLOIT
465,59,,,0,0,0,0,common,1.0,0.2285789404043843,0.18278521852895557,0.2953644641849059,0.0,0.8955783601127091,0.0,,,EXPLOIT
466,59,,,0,1,1,0,common,0.0,0.0062552382581618545,0.14469938003009747,0.20863169640688267,0.0,0.8959503182868287,0.0,,,EXPLOIT
467,59,,,0,1,1,0,common,1.0,0.9959340951321948,0.14375989199820943,0.44482241602447625,0.0,0.8963159557786107,0.0,,,EXPLOIT
468,59,,,0,0,0,0,common,0.0,0.8514236887371502,0.36635852941770164,0.5668027978382784,0.0,0.8931422850201938,0.0,,,EXPLOIT
469,59,,,0,0,0,0,common,1.0,0.44657460232085233,0.6185846818655015,0.5307343391830506,0.0,0.8898029887519963,0.0,,,EXPLOIT
470,59,,,0,0,0,0,common,1.0,0.2902734915085541,0.4910560457815283,0.4585960848807016,0.0,0.890277605200605,0.0,,,EXPLOIT
471,59,,,0,0,0,0,common,1.0,0.18867776948056014,0.4007244826736044,0.3776205902606591,0.0,0.8907434653758014,0.0,,,EXPLOIT
472,59,,,0,1,1,0,common,1.0,0.6473571618359266,0.3448542558467198,0.4585415617332393,0.0,0.8912007864956101,0.0,,,EXPLOIT
473,59,,,0,0,0,0,common,1.0,0.12264055016236408,0.5426378364010599,0.35777125826197675,0.0,0.8916497787343287,0.0,,,EXPLOIT
474,59,,,0,0,0,0,common,1.0,0.07971635760553664,0.5052822335509903,0.2743547880650447,0.0,0.8920906455060762,0.0,,,EXPLOIT
475,59,,,0,0,0,0,common,1.0,0.05181563244359877,0.48044834938454517,0.2075930413786109,0.0,0.892523583734749,0.0,,,EXPLOIT
476,59,,,0,1,1,0,common,0.0,0.5792178448066476,0.4642165856378387,0.3190804824070219,0.0,0.892948784111135,0.0,,,EXPLOIT
477,59,,,0,0,0,0,common,1.0,0.033680161088339156,0.2939596808569853,0.23346038601141708,0.0,0.8933664313378941,0.0,,,EXPLOIT
478,59,,,0,1,1,0,common,0.0,0.37649159912432095,0.28526901332891386,0.27636974994528823,0.0,0.8937767043630708,0.0,,,EXPLOIT
479,59,,,0,0,0,0,common,1.0,0.021892104707420423,0.20004235284885893,0.20002645637392788,0.0,0.894179776602756,0.0,,,EXPLOIT
480,59,,,0,0,0,0,common,1.0,0.014229868059823292,0.19576640577621465,0.1442874798796965,0.0,0.8945758161534854,0.0,,,EXPLOIT
481,59,,,0,0,0,0,common,1.0,0.009249414238885145,0.19302639733372925,0.1037760601874531,0.0,0.8949649859949176,0.0,,,EXPLOIT
482,59,,,0,0,0,0,common,1.0,0.006012119255275339,0.1912619496162407,0.07444687790779976,0.0,0.8953474441833142,0.0,,,EXPLOIT
483,59,,,0,0,0,0,common,1.0,0.003907877515928915,0.19012203386609638,0.0532851777902385,0.0,0.8957233440362976,0.0,,,EXPLOIT
484,59,,,0,0,0,0,common,0.0,0.9974598796146462,0.18938402990634703,0.33653758833756076,0.0,0.8960928343093464,0.0,,,EXPLOIT
485,59,,,0,1,1,0,common,0.0,0.24471953943080862,0.4494258804115912,0.3089921736655351,0.0,0.8964560593644555,0.0,,,EXPLOIT
486,59,,,0,0,0,0,common,1.0,0.3516510782504799,0.3743864661942535,0.32178984504101854,0.0,0.8968131593313624,0.0,,,EXPLOIT
487,59,,,0,0,0,0,common,0.0,0.771426799137188,0.27749695783992173,0.45668093126986936,0.0,0.8971642702617206,0.0,,,EXPLOIT
488,59,,,0,0,0,0,common,1.0,0.49857258056082776,0.5041371196293892,0.4692484260571569,0.0,0.8975095242765778,0.0,,,EXPLOIT
489,59,,,0,0,0,0,common,1.0,0.3240721773645381,0.3513012058326098,0.4256955514493712,0.0,0.8978490497074929,0.0,,,EXPLOIT
490,59,,,0,1,1,0,common,1.0,0.8409322993699744,0.2648475181315293,0.550266575825552,0.0,0.8947539007962905,0.0,,,EXPLOIT
491,59,,,0,0,0,0,common,1.0,0.2106469152869498,0.5097933035204494,0.4483806776639714,0.0,0.8951399945913303,0.0,,,EXPLOIT
492,59,,,0,0,0,0,common,1.0,0.13692049493651737,0.44401574313925785,0.35494262284573513,0.0,0.8955194471366824,0.0,,,EXPLOIT
493,59,,,0,1,1,0,common,0.0,0.45339400540951663,0.40165861587426854,0.38447803761486954,0.0,0.8958924096507942,0.0,,,EXPLOIT
494,59,,,0,0,0,0,common,1.0,0.08899832170873634,0.2746848029123199,0.2958341228430295,0.0,0.8962590288677302,0.0,,,EXPLOIT
495,59,,,0,0,0,0,common,1.0,0.05784890911067864,0.2531188897098269,0.22443855872332424,0.0,0.8966194472023981,0.0,,,EXPLOIT
496,59,,,0,0,0,0,common,1.0,0.03760179092194116,0.23976310373320853,0.1683875283829093,0.0,0.8969738029085171,0.0,,,EXPLOIT
497,59,,,0,1,1,0,common,1.0,0.7052938964838142,0.23136376454613516,0.32945943881318074,0.0,0.8973222302296989,0.0,,,EXPLOIT
498,59,,,0,0,0,0,common,1.0,0.02444116409926178,0.42239983772216094,0.23795395639900505,0.0,0.8976648595439888,0.0,,,EXPLOIT
499,59,,,0,0,0,0,common,0.0,0.9841132433354799,0.414850448640005,0.4618017424799475,0.0,0.898001817502193,0.0,,,EXPLOIT
500,59,,,0,1,1,0,common,0.0,0.5415589672855208,0.6742586500370545,0.48572890992161943,0.0,0.8983332271603047,0.0,,,EXPLOIT
501,59,,,0,1,1,0,common,0.0,0.35201332873558855,0.5515083451840649,0.44561423556581015,0.0,0.8986592081063184,0.0,,,EXPLOIT
502,59,,,0,1,1,0,common,0.0,0.22880866367813257,0.4429630234798521,0.38057256399950684,0.0,0.8989798765817082,0.0,,,EXPLOIT
503,59,,,0,0,0,0,common,1.0,0.36032639183193804,0.3729724362537612,0.3744987123492362,0.0,0.8992953455978321,0.0,,,EXPLOIT
504,59,,,0,1,1,0,common,0.0,0.14872563139078618,0.27413937271782,0.3067667880617012,0.0,0.8996057250475031,0.0,,,EXPLOIT
505,59,,,0,0,0,0,common,1.0,0.23421215469075973,0.23884350333021392,0.28500039805041877,0.0,0.8999111218119674,0.0,,,EXPLOIT
506,59,,,0,0,0,0,common,0.0,0.8477620994510062,0.19027455914226643,0.453828908470595,0.0,0.9002116398634995,0.0,,,EXPLOIT
507,59,,,0,1,1,0,common,1.0,0.903328339595989,0.40448168081614655,0.5886787378082132,0.0,0.897235604718426,0.0,,,EXPLOIT
508,59,,,0,0,0,0,common,0.0,0.5510453646431541,0.6563553360333623,0.5773887258586955,0.0,0.8941091525522215,0.0,,,EXPLOIT
509,59,,,0,1,1,0,common,0.0,0.4128365792626072,0.6872078944431,0.528023081879869,0.0,0.890820754355217,0.0,,,EXPLOIT
510,59,,,0,1,1,0,common,0.0,0.2683437765206947,0.6772631122364217,0.4501192902721167,0.0,0.8912766641297732,0.0,,,EXPLOIT
511,59,,,0,0,0,0,common,1.0,0.6418205129819499,0.6299163744848194,0.5076296570850667,0.0,0.8878380670951415,0.0,,,EXPLOIT
512,59,,,0,1,1,0,common,0.0,0.17442345473845156,0.445169548698346,0.40766779638108214,0.0,0.8883495435612584,0.0,,,EXPLOIT
513,59,,,0,0,0,0,common,0.0,0.5828166665617326,0.39138534687028537,0.4602124574352772,0.0,0.8888513308234883,0.0,,,EXPLOIT
514,59,,,0,1,1,0,common,0.0,0.11337524557999351,0.5698545336867463,0.3561612938786921,0.0,0.8893436769884042,0.0,,,EXPLOIT
515,59,,,0,0,0,0,common,1.0,0.6211691667348738,0.5366532865041518,0.43566365573554655,0.0,0.8898268218494221,0.0,,,EXPLOIT
516,59,,,0,0,0,0,common,1.0,0.403759958377668,0.3466292667922016,0.42609254652818296,0.0,0.890300997232477,0.0,,,EXPLOIT
517,59,,,0,0,0,0,common,0.0,0.7375560270545158,0.2422492325165605,0.5195315906860828,0.0,0.8868098963109982,0.0,,,EXPLOIT
518,59,,,0,0,0,0,common,1.0,0.5205885824145646,0.4475596597783449,0.5198486882046273,0.0,0.8831277037558084,0.0,,,EXPLOIT
519,59,,,0,0,0,0,common,1.0,0.3383825785694671,0.29537968131266945,0.46540885531407916,0.0,0.8837315322432192,0.0,,,EXPLOIT
520,59,,,0,0,0,0,common,0.0,0.7800513239298464,0.21571866281081917,0.5598015958988093,0.0,0.8798766528436766,0.0,,,EXPLOIT
521,59,,,0,0,0,0,common,1.0,0.4929666394455998,0.42298406824745505,0.5397511089628464,0.0,0.8757999814899171,0.0,,,EXPLOIT
522,59,,,0,0,0,0,common,1.0,0.3204283156396399,0.2821689613544644,0.4739542709658844,0.0,0.876558652309859,0.0,,,EXPLOIT
523,59,,,0,0,0,0,common,1.0,0.208278405165766,0.20883699439900477,0.39425151122584884,0.0,0.8773006612480493,0.0,,,EXPLOIT
524,59,,,0,0,0,0,common,1.0,0.13538096335774785,0.16970340888608798,0.3165903468654185,0.0,0.8780265149723343,0.0,,,EXPLOIT
525,59,,,0,0,0,0,common,1.0,0.08799762618253615,0.14767733379134348,0.24801253066055376,0.0,0.8787366999226911,0.0,,,EXPLOIT
526,59,,,0,0,0,0,common,1.0,0.05719845701864845,0.13470860415044492,0.19076830856798216,0.0,0.8794316833114404,0.0,,,EXPLOIT
527,59,,,0,0,0,0,common,1.0,0.037178997062121466,0.12681917910510712,0.14469151511622394,0.0,0.8801119140646777,0.0,,,EXPLOIT
528,59,,,0,0,0,0,common,1.0,0.024166348090378986,0.12191083288849595,0.10853396500847044,0.0,0.8807778237089223,0.0,,,EXPLOIT
529,59,,,0,0,0,0,common,1.0,0.01570812625874629,0.11881089168755031,0.0806862133835532,0.0,0.881429827206661,0.0,,,EXPLOIT
530,59,,,0,0,0,0,common,1.0,0.010210282068185084,0.11683350217553795,0.05954343398894276,0.0,0.8820683237441926,0.0,,,EXPLOIT
531,59,,,0,0,0,0,common,1.0,0.006636683344320327,0.11556389213286485,0.043671408795556026,0.0,0.8826936974749218,0.0,,,EXPLOIT
532,59,,,0,1,1,0,common,0.0,0.07369390962699579,0.11474522612217054,0.05267815904498795,0.0,0.8833063182210109,0.0,,,EXPLOIT
533,59,,,0,0,0,0,common,1.0,0.004313844173808201,0.10599580293522504,0.03816886458363403,0.0,0.8839065421360891,0.0,,,EXPLOIT
534,59,,,0,0,0,0,common,1.0,0.0028039987129753197,0.1055026320677136,0.027559404822436413,0.0,0.8844947123315141,0.0,,,EXPLOIT
535,59,,,0,0,0,0,common,0.0,0.998177400836566,0.10518317558059083,0.3187448036266753,0.0,0.8850711594685088,0.0,,,EXPLOIT
536,59,,,0,0,0,0,common,1.0,0.35118468945623205,0.2857818450900342,0.32847676937554227,0.0,0.8856362023183153,0.0,,,EXPLOIT
537,59,,,0,0,0,0,common,0.0,0.7717299518534492,0.20548051268264675,0.4614527241189143,0.0,0.8861901482923726,0.0,,,EXPLOIT
538,59,,,0,0,0,0,common,0.0,0.501624468704742,0.40505009402319236,0.4735042474946626,0.0,0.8867332939443646,0.0,,,EXPLOIT
539,59,,,0,0,0,0,common,1.0,0.6739440953419177,0.5594416188594203,0.5336362018488391,0.0,0.8830468518713172,0.0,,,EXPLOIT
540,59,,,0,0,0,0,common,1.0,0.43806366197224644,0.3536338529707542,0.5049644398858613,0.0,0.8791530297835122,0.0,,,EXPLOIT
541,59,,,0,0,0,0,common,1.0,0.28474138028196017,0.23997950239203905,0.4388975220046909,0.0,0.8798391609270655,0.0,,,EXPLOIT
542,59,,,0,1,1,0,common,1.0,0.9520989587424528,0.18181828711453052,0.5928579530260194,0.0,0.8757603021437952,0.0,,,EXPLOIT
543,59,,,0,0,0,0,common,1.0,0.18508189718327417,0.4225921746351853,0.4705251362731958,0.0,0.8765198484021648,0.0,,,EXPLOIT
544,59,,,0,0,0,0,common,0.0,0.8796967668308718,0.36654337268285175,0.5932766254404986,0.0,0.8722450094319676,0.0,,,EXPLOIT
545,59,,,0,1,1,0,common,0.0,0.3811356768174057,0.6254038999564453,0.5296343408535708,0.0,0.8677110095699856,0.0,,,EXPLOIT
546,59,,,0,1,1,0,common,0.0,0.2477381899313137,0.5202411932281279,0.44506549557689357,0.0,0.868656364417739,0.0,,,EXPLOIT
547,59,,,0,0,0,0,common,1.0,0.4281971015599333,0.44304501023617815,0.44000497737180544,0.0,0.8695790499429248,0.0,,,EXPLOIT
548,59,,,0,0,0,0,common,1.0,0.2783281160139567,0.3161871654293008,0.3915019189644508,0.0,0.8704798269352235,0.0,,,EXPLOIT
549,59,,,0,0,0,0,common,1.0,0.18091327540907187,0.24605338983588665,0.3283253258978371,0.0,0.871359422641182,0.0,,,EXPLOIT
550,59,,,0,0,0,0,common,1.0,0.11759362901589676,0.20689420395374075,0.26510581683325496,0.0,0.8722185325936964,0.0,,,EXPLOIT
551,59,,,0,0,0,0,common,1.0,0.07643585886033288,0.18416690457755017,0.20850482944137833,0.0,0.8730578223230377,0.0,,,EXPLOIT
552,59,,,0,0,0,0,common,1.0,0.04968330825921641,0.17051168176585713,0.16085837308672973,0.0,0.8738779289582719,0.0,,,EXPLOIT
553,59,,,0,0,0,0,common,1.0,0.032294150368490704,0.16209397279210935,0.12228910627125801,0.0,0.874679462727182,0.0,,,EXPLOIT
554,59,,,0,0,0,0,common,1.0,0.020991197739518963,0.1568116019357142,0.09189973371173629,0.0,0.8754630083621151,0.0,,,EXPLOIT
555,59,,,0,0,0,0,common,1.0,0.013644278530687282,0.1534566645811567,0.06842309715742159,0.0,0.8762291264185701,0.0,,,EXPLOIT
556,59,,,0,0,0,0,common,1.0,0.008868781044946705,0.15130879274019032,0.05055680232367912,0.0,0.8769783545127771,0.0,,,EXPLOIT
557,59,,,0,0,0,0,common,1.0,0.005764707679215331,0.14992644537288918,0.03711917393033998,0.0,0.8777112084840193,0.0,,,EXPLOIT
558,59,,,0,0,0,0,common,1.0,0.0037470599914899427,0.14903370807233235,0.027107539748684965,0.0,0.8784281834869806,0.0,,,EXPLOIT
559,59,,,0,0,0,0,common,1.0,0.002435588994468496,0.14845586642351066,0.01970595452242002,0.0,0.8791297550189835,0.0,,,EXPLOIT
560,59,,,0,0,0,0,common,0.0,0.9984168671535955,0.14808129701787795,0.3133192283117726,0.0,0.8798163798866051,0.0,,,EXPLOIT
561,59,,,0,1,1,0,common,1.0,0.8389701765446461,0.3755250078225195,0.47101451278163464,0.0,0.8804884971157991,0.0,,,EXPLOIT
562,59,,,0,1,1,0,common,0.0,0.45466938524598,0.6229826195994395,0.4661109745209382,0.0,0.8811465288093424,0.0,,,EXPLOIT
563,59,,,0,0,0,0,common,1.0,0.3510290363501629,0.494304507926254,0.4315863930697056,0.0,0.8817908809551271,0.0,,,EXPLOIT
564,59,,,0,0,0,0,common,1.0,0.22816887362760596,0.3854786758804444,0.3705611372370757,0.0,0.8824219441885551,0.0,,,EXPLOIT
565,59,,,0,0,0,0,common,1.0,0.14830976785794392,0.3196911903153852,0.3038857264233361,0.0,0.8830400945120469,0.0,,,EXPLOIT
566,59,,,0,0,0,0,common,1.0,0.09640134910766351,0.2805875643554686,0.24164041322863433,0.0,0.8836456939744538,0.0,,,EXPLOIT
567,59,,,0,0,0,0,common,1.0,0.06266087691998123,0.2569332184318696,0.18794655233603838,0.0,0.8842390913129552,0.0,,,EXPLOIT
568,59,,,0,0,0,0,common,1.0,0.040729569997987825,0.2423318550488156,0.1437814576346232,0.0,0.8848206225598361,0.0,,,EXPLOIT
569,59,,,0,1,1,0,common,0.0,0.295535100409887,0.23317145506022052,0.18930755046720232,0.0,0.8853906116163669,0.0,,,EXPLOIT
570,59,,,0,0,0,0,common,1.0,0.02647422049869208,0.1744335619267034,0.14045755147664926,0.0,0.8859493707958468,0.0,,,EXPLOIT
571,59,,,0,0,0,0,common,1.0,0.01720824332414983,0.16981727640127398,0.10348275903089943,0.0,0.8864972013377264,0.0,,,EXPLOIT
572,59,,,0,0,0,0,common,0.0,0.9888146418393026,0.16687144153470046,0.3690823238734203,0.0,0.8870343938945929,0.0,,,EXPLOIT
573,59,,,0,0,0,0,common,0.0,0.6427295171955467,0.40775598394907936,0.4511764818700582,0.0,0.8875612289936717,0.0,,,EXPLOIT
574,59,,,0,0,0,0,common,0.0,0.4177741861771054,0.6007984764188614,0.44115579316217235,0.0,0.8880779774743877,0.0,,,EXPLOIT
575,59,,,0,0,0,0,common,0.0,0.2715532210151185,0.6806785111109768,0.39027502151805615,0.0,0.8885849009034233,0.0,,,EXPLOIT
576,59,,,0,0,0,0,common,1.0,0.823490406340173,0.6926614311339645,0.5202396369646912,0.0,0.8850004964623324,0.0,,,EXPLOIT
577,59,,,0,0,0,0,common,1.0,0.5352687641211125,0.5639964786169174,0.5247483751116175,0.0,0.8812172779702012,0.0,,,EXPLOIT
578,59,,,0,1,1,0,common,0.0,0.19209781526642655,0.3995939987798969,0.42495320715806023,0.0,0.8818601658690608,0.0,,,EXPLOIT
579,59,,,0,0,0,0,common,0.0,0.652075303321277,0.34281956675119507,0.4930898360070252,0.0,0.8824898064542478,0.0,,,EXPLOIT
580,59,,,0,1,1,0,common,0.0,0.12486357992317726,0.5419185918779021,0.3826219591818708,0.0,0.8831065741780615,0.0,,,EXPLOIT
581,59,,,0,0,0,0,common,1.0,0.57615105284117,0.5038467997579356,0.4406806872796606,0.0,0.8837108296108312,0.0,,,EXPLOIT
582,59,,,0,0,0,0,common,1.0,0.3744981843467605,0.32902419414298834,0.4208259363997905,0.0,0.884302920078882,0.0,,,EXPLOIT
583,59,,,0,0,0,0,common,0.0,0.7565761801746056,0.23480735438720132,0.521551009532235,0.0,0.8804803907267669,0.0,,,EXPLOIT
584,59,,,0,1,1,0,common,0.0,0.08116132695006523,0.443187700475809,0.389434104757584,0.0,0.8811385916242848,0.0,,,EXPLOIT
585,59,,,0,1,1,0,common,1.0,0.9472451374824576,0.4179655816482154,0.556777414575046,0.0,0.8771352060185078,0.0,,,EXPLOIT
586,59,,,0,0,0,0,common,1.0,0.5082254828865063,0.6705647349711172,0.5422118350684841,0.0,0.8728970455960863,0.0,,,EXPLOIT
587,59,,,0,1,1,0,common,0.0,0.38429066063640255,0.5534360307872076,0.49483548273885963,0.0,0.8737208132317396,0.0,,,EXPLOIT
588,59,,,0,1,1,0,common,0.0,0.24978892941366165,0.4349425340323945,0.4213215167413002,0.0,0.8745258920329608,0.0,,,EXPLOIT
589,59,,,0,0,0,0,common,1.0,0.33034656387622907,0.35923379154903495,0.3940290308817789,0.0,0.8753128715566595,0.0,,,EXPLOIT
590,59,,,0,0,0,0,common,1.0,0.21472526651954893,0.2700017379603125,0.34023790157310985,0.0,0.8760823169344274,0.0,,,EXPLOIT
591,59,,,0,0,0,0,common,0.0,0.8604285767622932,0.22071355754290584,0.4962951041298649,0.0,0.8768347701253209,0.0,,,EXPLOIT
592,59,,,0,0,0,0,common,0.0,0.5592785748954906,0.455430748689045,0.5151901453595525,0.0,0.8725787218511478,0.0,,,EXPLOIT
593,59,,,0,0,0,0,common,0.0,0.36353107368206894,0.6183197653329308,0.46969242385630744,0.0,0.8734097571932297,0.0,,,EXPLOIT
594,59,,,0,0,0,0,common,1.0,0.7637048021066551,0.6823335406243873,0.5578961373314117,0.0,0.8689471255616683,0.0,,,EXPLOIT
595,59,,,0,0,0,0,common,0.0,0.5035918786306741,0.5051377795015621,0.5416048597211904,0.0,0.8642079777181417,0.0,,,EXPLOIT
596,59,,,0,0,0,0,common,1.0,0.6726652788900618,0.6415414925211445,0.5809229854718518,0.0,0.859166054264281,0.0,,,EXPLOIT
597,59,,,0,0,0,0,common,1.0,0.43723243127854017,0.4523092788328315,0.5378158192138583,0.0,0.8537916624440016,0.0,,,EXPLOIT
598,59,,,0,0,0,0,common,1.0,0.28420108033105107,0.3218255080229231,0.46173139754901615,0.0,0.8550968175630207,0.0,,,EXPLOIT
599,59,,,0,0,0,0,common,1.0,0.18473070221518317,0.24946458945254685,0.37863118894886627,0.0,0.8563661691499725,0.0,,,EXPLOIT
600,59,,,0,0,0,0,common,1.0,0.1200749564398691,0.20910814110734546,0.3010643191961671,0.0,0.8576011090089015,0.0,,,EXPLOIT
601,59,,,0,1,1,0,common,0.0,0.1623628041188801,0.1857237049981742,0.259453864672981,0.0,0.8588029578749291,0.0,,,EXPLOIT
602,59,,,0,0,0,0,common,1.0,0.07804872168591492,0.1575335330263138,0.20503232177686115,0.0,0.8599729698947711,0.0,,,EXPLOIT
603,59,,,0,0,0,0,common,1.0,0.0507316690958447,0.1453184314041362,0.15874212597255621,0.0,0.8611123367724964,0.0,,,EXPLOIT
604,59,,,0,1,1,0,common,1.0,0.894464177322728,0.13782151153798095,0.3794587413776077,0.0,0.8622221916093479,0.0,,,EXPLOIT
605,59,,,0,0,0,0,common,1.0,0.032975584912299016,0.32577948714165994,0.2755137944380151,0.0,0.8633036124636425,0.0,,,EXPLOIT
606,59,,,0,0,0,0,common,1.0,0.02143413019299434,0.31671244786098246,0.19928989516450887,0.0,0.8643576256542742,0.0,,,EXPLOIT
607,59,,,0,0,0,0,common,1.0,0.01393218462544632,0.31089895083650665,0.1436825820027901,0.0,0.8653852088291067,0.0,,,EXPLOIT
608,59,,,0,0,0,0,common,1.0,0.009055920006540097,0.3071547229368112,0.1032945834039151,0.0,0.866387293817551,0.0,,,EXPLOIT
609,59,,,0,1,1,0,common,0.0,0.41859828474022687,0.3047357508616431,0.19788569380480864,0.0,0.8673647692848276,0.0,,,EXPLOIT
610,59,,,0,0,0,0,common,1.0,0.00588634800425103,0.2065197908628888,0.14028589006464134,0.0,0.8683184832038199,0.0,,,EXPLOIT
611,59,,,0,0,0,0,common,1.0,0.003826126202763125,0.20533333235882298,0.09934796090607786,0.0,0.8692492451589722,0.0,,,EXPLOIT
612,59,,,0,0,0,0,common,1.0,0.002486982031795981,0.20456501231589216,0.07028966724379329,0.0,0.8701578284954015,0.0,,,EXPLOIT
613,59,,,0,0,0,0,common,1.0,0.0016165383206674377,0.20406681917055788,0.049687728566855535,0.0,0.8710449723252184,0.0,,,EXPLOIT
614,59,,,0,0,0,0,common,1.0,0.0010507499084337901,0.2037435066151734,0.03509663496932901,0.0,0.8719113834020069,0.0,,,EXPLOIT
615,59,,,0,0,0,0,common,1.0,0.000682987440482008,0.20353357010892884,0.024772540710674907,0.0,0.872757737873458,0.0,,,EXPLOIT
616,59,,,0,0,0,0,common,1.0,0.00044394183631335515,0.20339720289348312,0.01747396104836644,0.0,0.8735846829213008,0.0,,,EXPLOIT
617,59,,,0,0,0,0,common,1.0,0.00028856219360373636,0.203308602861589,0.012318341391937628,0.0,0.8743928382968967,0.0,,,EXPLOIT
618,59,,,0,0,0,0,common,1.0,0.00018756542584241753,0.20325102917217278,0.008679108602109065,0.0,0.8751827977601573,0.0,,,EXPLOIT
619,59,,,0,0,0,0,common,1.0,0.00012191752679757695,0.2032136131735507,0.006111951279515618,0.0,0.8759551304288161,0.0,,,EXPLOIT
620,59,,,0,0,0,0,common,1.0,7.924639241840836e-05,0.20318929568935182,0.004302139813386455,0.0,0.8767103820445012,0.0,,,EXPLOIT
621,59,,,0,1,1,0,common,0.0,0.2720888850811475,0.2031734905561338,0.08463816339371476,0.0,0.8774490761615344,0.0,,,EXPLOIT
622,59,,,0,0,0,0,common,1.0,5.151015507198764e-05,0.1544708476627349,0.059262167422121925,0.0,0.878171715263902,0.0,,,EXPLOIT
623,59,,,0,0,0,0,common,1.0,3.348160079674756e-05,0.15446264476491578,0.04149356167572437,0.0,0.8788787818154108,0.0,,,EXPLOIT
624,59,,,0,0,0,0,common,1.0,2.176304051793032e-05,0.15445731307946609,0.029052022085162436,0.0,0.8795707392476486,0.0,,,EXPLOIT
625,59,,,0,0,0,0,common,1.0,1.4145976336643606e-05,0.1544538475676333,0.020340659252514697,0.0,0.8802480328899991,0.0,,,EXPLOIT
626,59,,,0,0,0,0,common,1.0,9.194884618812793e-06,0.15445159502030886,0.01424121994214593,0.0,0.8809110908456439,0.0,,,EXPLOIT
627,59,,,0,0,0,0,common,1.0,5.976675002239418e-06,0.15445013087949036,0.009970646962002823,0.0,0.8815603248171712,0.0,,,EXPLOIT
628,59,,,0,0,0,0,common,0.0,0.9999961151612485,0.15444917919427145,0.3069782874217765,0.0,0.8821961308851444,0.0,,,EXPLOIT
629,59,,,0,0,0,0,common,1.0,0.35000252514518837,0.38819429807319966,0.3198855587388001,0.0,0.882818890242727,0.0,,,EXPLOIT
630,59,,,0,0,0,0,common,1.0,0.22750164134437245,0.28965350313771426,0.29217038352047175,0.0,0.88342896988923,0.0,,,EXPLOIT
631,59,,,0,0,0,0,common,1.0,0.14787606687384214,0.23490205047354906,0.24888208852648286,0.0,0.8840267232852373,0.0,,,EXPLOIT
632,59,,,0,0,0,0,common,0.0,0.9038805565320026,0.2036507705819927,0.44538162892813876,0.0,0.8846124909717695,0.0,,,EXPLOIT
633,59,,,0,0,0,0,common,1.0,0.41247763825419836,0.44314183086713355,0.4355104317259566,0.0,0.8851866011557684,0.0,,,EXPLOIT
634,59,,,0,0,0,0,common,1.0,0.26811046486522894,0.32057199736992775,0.3852904416677383,0.0,0.8857493702640193,0.0,,,EXPLOIT
635,59,,,0,0,0,0,common,1.0,0.1742718021623988,0.25216145537373186,0.32198484981613645,0.0,0.8863011034674804,0.0,,,EXPLOIT
636,59,,,0,0,0,0,common,1.0,0.11327667140555919,0.21363177662632296,0.25937239629296327,0.0,0.8868420951778464,0.0,,,EXPLOIT
637,59,,,0,0,0,0,common,1.0,0.07362983641361343,0.19112946236127495,0.2036496283291583,0.0,0.8873726295180443,0.0,,,EXPLOIT
638,59,,,0,0,0,0,common,1.0,0.047859393668848726,0.17755184179760963,0.15691255793106543,0.0,0.8878929807682504,0.0,,,EXPLOIT
639,59,,,0,0,0,0,common,0.0,0.9688913941152484,0.1691583166730997,0.40050620878632026,0.0,0.888403413788893,0.0,,,EXPLOIT
640,59,,,0,0,0,0,common,0.0,0.6297794061749115,0.40575129578908586,0.4692881680028976,0.0,0.8889041844220225,0.0,,,EXPLOIT
641,59,,,0,1,1,0,common,1.0,0.8231422246972542,0.5956953039307711,0.5754443850112045,0.0,0.885337231518851,0.0,,,EXPLOIT
642,59,,,0,1,1,0,common,1.0,0.5350424460532152,0.6870022709250969,0.5633238033238077,0.0,0.8815729170215498,0.0,,,EXPLOIT
643,59,,,0,1,1,0,common,1.0,0.34777758993458985,0.5877698857083408,0.49865993930704233,0.0,0.8822084637041899,0.0,,,EXPLOIT
644,59,,,0,1,1,0,common,0.0,0.7739445665425166,0.4843609499435284,0.5812453274776846,0.0,0.8782666914670723,0.0,,,EXPLOIT
645,59,,,0,0,0,0,common,0.0,0.4093566140136925,0.6758887285440354,0.529678713438487,0.0,0.8740955619645203,0.0,,,EXPLOIT
646,59,,,0,0,0,0,common,1.0,0.7339182008910998,0.5922924689171902,0.5909505596742709,0.0,0.8696746871329688,0.0,,,EXPLOIT
647,59,,,0,0,0,0,common,1.0,0.4770468305792148,0.6923566452090035,0.556779440945754,0.0,0.8649811889518586,0.0,,,EXPLOIT
648,59,,,0,1,1,0,common,0.0,0.5030639682526359,0.6279076915449708,0.5406647991378185,0.0,0.8599893073466701,0.0,,,EXPLOIT
649,59,,,0,0,0,0,common,1.0,0.3100804398764896,0.4858431859634358,0.47148949135941975,0.0,0.8611282487449358,0.0,,,EXPLOIT
650,59,,,0,0,0,0,common,1.0,0.2015522859197183,0.3896457509657236,0.3905083297275093,0.0,0.862237693736905,0.0,,,EXPLOIT
651,59,,,0,0,0,0,common,1.0,0.13100898584781695,0.3308914903462403,0.3126585265636016,0.0,0.863318719626115,0.0,,,EXPLOIT
652,59,,,0,0,0,0,common,1.0,0.08515584080108107,0.2954326460433917,0.24440772083484544,0.0,0.8643723520217024,0.0,,,EXPLOIT
653,59,,,0,0,0,0,common,0.0,0.9446487034792973,0.2737166253237645,0.45448001562818097,0.0,0.865399567903611,0.0,,,EXPLOIT
654,59,,,0,1,1,0,common,1.0,0.6730084206357867,0.5520377308621983,0.5200385371304627,0.0,0.8604346590049746,0.0,,,EXPLOIT
655,59,,,0,1,1,0,common,0.0,0.5625445265867386,0.6878753464426712,0.5327903339673454,0.0,0.8551449261903692,0.0,,,EXPLOIT
656,59,,,0,0,0,0,common,1.0,0.38597834273845666,0.5834845513389562,0.4887467365986788,0.0,0.8564129662016513,0.0,,,EXPLOIT
657,59,,,0,0,0,0,common,1.0,0.2508859227799969,0.46747779448317484,0.4173884924530742,0.0,0.8576466451299651,0.0,,,EXPLOIT
658,59,,,0,1,1,0,common,1.0,0.63434605771862,0.3898061684458899,0.4824757620327379,0.0,0.8588472811415888,0.0,,,EXPLOIT
659,59,,,0,1,1,0,common,0.0,0.587675062482897,0.5827931839236694,0.5140355521677856,0.0,0.8534515098526246,0.0,,,EXPLOIT
660,59,,,0,0,0,0,common,1.0,0.16307584980699796,0.40399093503889566,0.40874764145954934,0.0,0.8547660662968997,0.0,,,EXPLOIT
661,59,,,0,0,0,0,common,1.0,0.10599930237454869,0.35530936115443895,0.3179231397340491,0.0,0.8560444507944804,0.0,,,EXPLOIT
662,59,,,0,1,1,0,common,0.0,0.3819887906138831,0.32523682884817495,0.3371428349979993,0.0,0.857288074112615,0.0,,,EXPLOIT
663,59,,,0,0,0,0,common,0.0,0.9311004534565434,0.23013501471026857,0.5153301205355625,0.0,0.8517871134144278,0.0,,,EXPLOIT
664,59,,,0,0,0,0,common,1.0,0.3947847052532468,0.49119959090854776,0.47916649595086774,0.0,0.853148089234147,0.0,,,EXPLOIT
665,59,,,0,1,1,0,common,1.0,0.7517072861009759,0.36946239087166244,0.5609287329959002,0.0,0.8473628571501954,0.0,,,EXPLOIT
666,59,,,0,1,1,0,common,0.0,0.5113902640343655,0.5960717819987449,0.5460671923074397,0.0,0.8411682510328491,0.0,,,EXPLOIT
667,59,,,0,0,0,0,common,1.0,0.2566100584146105,0.44285475256422835,0.4592300521395909,0.0,0.8428416927055034,0.0,,,EXPLOIT
668,59,,,0,0,0,0,common,0.0,0.8332034620305032,0.36466235353651183,0.5714220751068646,0.0,0.836317286932195,0.0,,,EXPLOIT
669,59,,,0,0,0,0,common,1.0,0.4584177496801729,0.6127396417092158,0.5375207774788571,0.0,0.8293016325986051,0.0,,,EXPLOIT
670,59,,,0,0,0,0,common,1.0,0.29797153729211234,0.4798598173925289,0.46565600542283364,0.0,0.8313575173127329,0.0,,,EXPLOIT
671,59,,,0,0,0,0,common,1.0,0.193681499239873,0.38752672187257986,0.3840636535679454,0.0,0.8333446363327199,0.0,,,EXPLOIT
672,59,,,0,1,1,0,common,0.0,0.3324036716223376,0.3311280704650966,0.368565658984263,0.0,0.8352662875861583,0.0,,,EXPLOIT
673,59,,,0,0,0,0,common,1.0,0.1258929745059174,0.24606147095940423,0.29576385364075936,0.0,0.8371255616182932,0.0,,,EXPLOIT
674,59,,,0,0,0,0,common,1.0,0.08183043342884633,0.21826803488437496,0.23158382757718543,0.0,0.8389253576432067,0.0,,,EXPLOIT
675,59,,,0,0,0,0,common,0.0,0.9468102182712499,0.20153297974461842,0.44615174478540476,0.0,0.8406683981268958,0.0,,,EXPLOIT
676,59,,,0,1,1,0,common,0.0,0.21606238655451943,0.4532400184459504,0.37712493731613916,0.0,0.8423572420565483,0.0,,,EXPLOIT
677,59,,,0,0,0,0,common,1.0,0.38457335812368754,0.3866048238782343,0.3793594635584036,0.0,0.8439942970320693,0.0,,,EXPLOIT
678,59,,,0,0,0,0,common,1.0,0.24997268278039697,0.279489012325719,0.3405434293250016,0.0,0.8455818303000281,0.0,,,EXPLOIT
679,59,,,0,0,0,0,common,1.0,0.16248224380725806,0.22131493644487307,0.2871250736696785,0.0,0.847121978836399,0.0,,,EXPLOIT
680,59,,,0,0,0,0,common,1.0,0.1056134584747177,0.1887354134139867,0.23267158911119024,0.0,0.8486167585724046,0.0,,,EXPLOIT
681,59,,,0,0,0,0,common,0.0,0.9313512519914335,0.1697105125114817,0.4422754879752632,0.0,0.8500680728472402,0.0,,,EXPLOIT
682,59,,,0,0,0,0,common,0.0,0.6053783137944317,0.3952841880149395,0.4912063357210138,0.0,0.8514777201622185,0.0,,,EXPLOIT
683,59,,,0,1,1,0,common,0.0,0.14044055126043764,0.5797924016189606,0.38597660038284093,0.0,0.8528474013027798,0.0,,,EXPLOIT
684,59,,,0,0,0,0,common,1.0,0.6065040960336193,0.5391635640112404,0.45213484907807444,0.0,0.8541787258876823,0.0,,,EXPLOIT
685,59,,,0,0,0,0,common,1.0,0.3942276624218526,0.35326118395518546,0.43476269308120785,0.0,0.855473218398411,0.0,,,EXPLOIT
686,59,,,0,0,0,0,common,1.0,0.25624798057420417,0.24975813693925422,0.3812082793291067,0.0,0.8567323237363049,0.0,,,EXPLOIT
687,59,,,0,0,0,0,common,1.0,0.16656118737323267,0.19515754877400326,0.3168141517423445,0.0,0.8579574123500077,0.0,,,EXPLOIT
688,59,,,0,0,0,0,common,1.0,0.10826477179260119,0.16506754950200658,0.2542493377574215,0.0,0.8591497849715043,0.0,,,EXPLOIT
689,59,,,0,0,0,0,common,1.0,0.07037210166519081,0.14766285044518962,0.19908616692975228,0.0,0.8603106769951699,0.0,,,EXPLOIT
690,59,,,0,0,0,0,common,1.0,0.04574186608237407,0.13721068655667723,0.1530828766755388,0.0,0.8614412625308298,0.0,,,EXPLOIT
691,59,,,0,1,1,0,common,0.0,0.09128635831928447,0.13076551479077445,0.13454392116866248,0.0,0.8625426581587978,0.0,,,EXPLOIT
692,59,,,0,1,1,0,common,0.0,0.05933613290753491,0.11869003561310001,0.11198158469032421,0.0,0.8636159264121512,0.0,,,EXPLOIT
693,59,,,0,0,0,0,common,1.0,0.029732212953543113,0.11137957498639944,0.08730677316928988,0.0,0.8646620790090768,0.0,,,EXPLOIT
694,59,,,0,0,0,0,common,1.0,0.019325938419803013,0.1078695028664646,0.06691252274444381,0.0,0.8656820798559717,0.0,,,EXPLOIT
695,59,,,0,0,0,0,common,1.0,0.012561859972871958,0.10564134412486959,0.05060732391297225,0.0,0.8666768478400444,0.0,,,EXPLOIT
696,59,,,0,0,0,0,common,1.0,0.008165208982366723,0.10421525892580036,0.03787468943379058,0.0,0.8676472594284301,0.0,,,EXPLOIT
697,59,,,0,0,0,0,common,1.0,0.005307385838538403,0.10329759779080679,0.02810449835521493,0.0,0.8685941510892836,0.0,,,EXPLOIT
698,59,,,0,0,0,0,common,1.0,0.003449800795049973,0.10270501939866106,0.02070808908716544,0.0,0.8695183215489136,0.0,,,EXPLOIT
699,59,,,0,0,0,0,common,1.0,0.0022423705167824437,0.10232148477258815,0.01516837351605054,0.0,0.8704205338977672,0.0,,,EXPLOIT
700,59,,,0,1,1,0,common,0.0,0.038568486389897697,0.10207287880864634,0.022188407378204687,0.0,0.8713015175569447,0.0,,,EXPLOIT
701,59,,,0,0,0,0,common,0.0,0.9985424591640915,0.09788121673161719,0.3150946229139707,0.0,0.8721619701159009,0.0,,,EXPLOIT
702,59,,,0,0,0,0,common,1.0,0.3509474015433405,0.26924873102239555,0.3258504565027816,0.0,0.8730025590510718,0.0,,,EXPLOIT
703,59,,,0,0,0,0,common,1.0,0.22811581100317135,0.1925980965709695,0.2965300628528985,0.0,0.8738239233343322,0.0,,,EXPLOIT
704,59,,,0,0,0,0,common,0.0,0.8517247228479387,0.15285619501120734,0.46308846085141053,0.0,0.8746266749394339,0.0,,,EXPLOIT
705,59,,,0,0,0,0,common,0.0,0.5536210698511601,0.34172955916257325,0.4902482435513354,0.0,0.875411400253898,0.0,,,EXPLOIT
706,59,,,0,0,0,0,common,1.0,0.6401463045967459,0.5108291657143629,0.5352176618649586,0.0,0.8710700938630382,0.0,,,EXPLOIT
707,59,,,0,0,0,0,common,1.0,0.4160950979878849,0.31759535674391876,0.49948089270183643,0.0,0.8719359207338856,0.0,,,EXPLOIT
708,59,,,0,0,0,0,common,1.0,0.2704618136921252,0.21684872040890923,0.43077516899892304,0.0,0.8727817099469442,0.0,,,EXPLOIT
709,59,,,0,0,0,0,common,1.0,0.17580017889988142,0.16570301045019842,0.35428267196921054,0.0,0.8736081078767355,0.0,,,EXPLOIT
710,59,,,0,0,0,0,common,1.0,0.1142701162849229,0.13816362592394954,0.28227890526392424,0.0,0.8744157335099716,0.0,,,EXPLOIT
711,59,,,0,0,0,0,common,1.0,0.07427557558519993,0.12246232710636777,0.21987790636030694,0.0,0.8752051798818083,0.0,,,EXPLOIT
712,59,,,0,0,0,0,common,0.0,0.9517208758696201,0.11311867822292199,0.43943079721310085,0.0,0.8759770154226457,0.0,,,EXPLOIT
713,59,,,0,0,0,0,common,1.0,0.38138143068474695,0.29119835057772336,0.42201598725459466,0.0,0.8767317852219039,0.0,,,EXPLOIT
714,59,,,0,0,0,0,common,0.0,0.7521020700549145,0.20364519166621123,0.5210418120946906,0.0,0.8724695966083437,0.0,,,EXPLOIT
715,59,,,0,0,0,0,common,1.0,0.5111336544643056,0.39627407797135905,0.5180693648055751,0.0,0.8679494020853663,0.0,,,EXPLOIT
716,59,,,0,0,0,0,common,1.0,0.3322368754017986,0.2563290029882105,0.4623196179844421,0.0,0.8688890191209486,0.0,,,EXPLOIT
717,59,,,0,0,0,0,common,1.0,0.21595396901116914,0.18604844628556794,0.38840992329246016,0.0,0.8698061601883075,0.0,,,EXPLOIT
718,59,,,0,0,0,0,common,0.0,0.8596299201427401,0.14932643296631434,0.5297759223475441,0.0,0.8651208874436647,0.0,,,EXPLOIT
719,59,,,0,0,0,0,common,1.0,0.4412405519072189,0.3375662219829048,0.5032153112154465,0.0,0.8601380203033452,0.0,,,EXPLOIT
720,59,,,0,0,0,0,common,1.0,0.2868063587396923,0.22681839593689074,0.4382926254727202,0.0,0.8612730918234991,0.0,,,EXPLOIT
721,59,,,0,0,0,0,common,0.0,0.8135758668192,0.1708978908023233,0.5508775978766641,0.0,0.8560389393780812,0.0,,,EXPLOIT
722,59,,,0,0,0,0,common,1.0,0.47117568656751996,0.3621862595553993,0.5269670244839209,0.0,0.8504529687100845,0.0,,,EXPLOIT
723,59,,,0,0,0,0,common,0.0,0.693735803731112,0.23913374364177392,0.5769976582580782,0.0,0.8444787867876432,0.0,,,EXPLOIT
724,59,,,0,0,0,0,common,1.0,0.5490717275747772,0.4296144375960591,0.5686198790530879,0.0,0.8380748021994345,0.0,,,EXPLOIT
725,59,,,0,0,0,0,common,0.0,0.6431033770763948,0.273449141919405,0.5909649284600799,0.0,0.8311932626001642,0.0,,,EXPLOIT
726,59,,,0,0,0,0,common,0.0,0.4180171950996566,0.45898245239233426,0.5390806084519528,0.0,0.8237790700540124,0.0,,,EXPLOIT
727,59,,,0,1,1,0,common,0.0,0.025069516153433502,0.5848346373960883,0.384877280762397,0.0,0.8260248664947504,0.0,,,EXPLOIT
728,59,,,0,1,1,0,common,0.0,0.016295185499731777,0.5779192655442329,0.2743026521835974,0.0,0.8281925214811886,0.0,,,EXPLOIT
729,59,,,0,0,0,0,common,1.0,0.7282888231852231,0.5733569320577269,0.4104985034840851,0.0,0.8302859396982237,0.0,,,EXPLOIT
730,59,,,0,0,0,0,common,1.0,0.473387735070395,0.35199382807150625,0.42936527295997806,0.0,0.8323087701342433,0.0,,,EXPLOIT
731,59,,,0,0,0,0,common,1.0,0.3077020277957567,0.2308268064569052,0.3928662994107116,0.0,0.8342644266770084,0.0,,,EXPLOIT
732,59,,,0,0,0,0,common,1.0,0.2000063180672419,0.1704548678613723,0.33500830500767065,0.0,0.8361561067503283,0.0,,,EXPLOIT
733,59,,,0,0,0,0,common,1.0,0.13000410674370722,0.1386839864983711,0.2735070455284816,0.0,0.8379868082055667,0.0,,,EXPLOIT
734,59,,,0,0,0,0,common,1.0,0.08450266938340967,0.1208894308638092,0.21680573268496,0.0,0.8397593446557067,0.0,,,EXPLOIT
735,59,,,0,0,0,0,common,1.0,0.054926735099216306,0.11043131717920328,0.16824203340923688,0.0,0.8414763594169727,0.0,,,EXPLOIT
736,59,,,0,0,0,0,common,1.0,0.03570237781449059,0.10407367553417057,0.128480136730813,0.0,0.8431403382033281,0.0,,,EXPLOIT
737,59,,,0,1,1,0,common,0.0,0.010591870574825656,0.10011939485736913,0.09311365688401678,0.0,0.8447536207020866,0.0,,,EXPLOIT
738,59,,,0,0,0,0,common,0.0,0.9767934544205811,0.09897259759056364,0.35821759614498605,0.0,0.8463184111440302,0.0,,,EXPLOIT
739,59,,,0,0,0,0,common,1.0,0.3650842546266223,0.26641609926051,0.3602775936894769,0.0,0.8478367879684713,0.0,,,EXPLOIT
740,59,,,0,0,0,0,common,1.0,0.2373047655073045,0.18773586892452296,0.32338574523482516,0.0,0.8493107126724014,0.0,,,EXPLOIT
741,59,,,0,0,0,0,common,1.0,0.1542480975797479,0.14743284176711696,0.272644450938302,0.0,0.8507420379229677,0.0,,,EXPLOIT
742,59,,,0,0,0,0,common,0.0,0.8997387365731638,0.12539595206589157,0.4607727366287605,0.0,0.8521325150038438,0.0,,,EXPLOIT
743,59,,,0,0,0,0,common,1.0,0.4151698212274435,0.3028890825747151,0.44709186200836537,0.0,0.8534838006584463,0.0,,,EXPLOIT
744,59,,,0,0,0,0,common,1.0,0.2698603837978383,0.20581072505254183,0.3939224185452072,0.0,0.854797463386231,0.0,,,EXPLOIT
745,59,,,0,0,0,0,common,1.0,0.17540924946859493,0.1569374275209808,0.3283684678222235,0.0,0.8560749892423967,0.0,,,EXPLOIT
746,59,,,0,0,0,0,common,0.0,0.8859839878454133,0.13071906846438983,0.4956531238291804,0.0,0.8573177871860983,0.0,,,EXPLOIT
747,59,,,0,0,0,0,common,1.0,0.4241104079004814,0.3097170822105354,0.4741903090505707,0.0,0.8585271940176469,0.0,,,EXPLOIT
748,59,,,0,0,0,0,common,1.0,0.2756717651353129,0.2091773460328365,0.4146347458759933,0.0,0.8597044789410826,0.0,,,EXPLOIT
749,59,,,0,0,0,0,common,1.0,0.17918664733795342,0.158687563703441,0.34400031631458133,0.0,0.8608508477848722,0.0,,,EXPLOIT
750,59,,,0,0,0,0,common,1.0,0.1164713207696697,0.13168977585102665,0.27574161765110783,0.0,0.8619674469102433,0.0,,,EXPLOIT
751,59,,,0,0,0,0,common,1.0,0.07570635850028529,0.11636555404384047,0.21573103990586107,0.0,0.8630553668338045,0.0,,,EXPLOIT
752,59,,,0,0,0,0,common,1.0,0.04920913302518548,0.10727230084154074,0.16577446784165836,0.0,0.8641156455885174,0.0,,,EXPLOIT
753,59,,,0,0,0,0,common,1.0,0.0319859364663706,0.10170788657721627,0.12563790842907202,0.0,0.8651492718448126,0.0,,,EXPLOIT
754,59,,,0,0,0,0,common,1.0,0.020790858703140902,0.09823170663346496,0.09418379351129268,0.0,0.8661571878115815,0.0,,,EXPLOIT
755,59,,,0,0,0,0,common,1.0,0.013514058157041542,0.09603010580681667,0.06998287290501733,0.0,0.8671402919349457,0.0,,,EXPLOIT
756,59,,,0,0,0,0,common,1.0,0.008784137802076986,0.0946231180923731,0.051623252374135224,0.0,0.8680994414110631,0.0,,,EXPLOIT
757,59,,,0,0,0,0,common,1.0,0.005709689571349985,0.09371862440049783,0.03784918353329965,0.0,0.8690354545277481,0.0,,,EXPLOIT
758,59,,,0,0,0,0,common,1.0,0.0037112982213775014,0.09313491770085836,0.027607817939723004,0.0,0.8699491128483618,0.0,,,EXPLOIT
759,59,,,0,0,0,0,common,1.0,0.002412343843895326,0.09275728028987867,0.0200491757109747,0.0,0.8708411632502258,0.0,,,EXPLOIT
760,59,,,0,0,0,0,common,1.0,0.001568023498531912,0.09251256227251356,0.014504830047241865,0.0,0.8717123198287452,0.0,,,EXPLOIT
761,59,,,0,0,0,0,common,0.0,0.9989807847259543,0.09235381022905223,0.30984761645085557,0.0,0.872563265677449,0.0,,,EXPLOIT
762,59,,,0,1,1,0,common,0.0,0.0068847158736366765,0.2564924669857128,0.2189587462776899,0.0,0.8733946545532779,0.0,,,EXPLOIT
763,59,,,0,0,0,0,common,1.0,0.35066248992812965,0.2548601307235677,0.2584698693728218,0.0,0.8742071124356616,0.0,,,EXPLOIT
764,59,,,0,0,0,0,common,1.0,0.22793061845328433,0.18151763353294786,0.24930809409696053,0.0,0.8750012389872031,0.0,,,EXPLOIT
765,59,,,0,0,0,0,common,1.0,0.14815490199463488,0.14375465055954936,0.21896213646626284,0.0,0.8757776089231395,0.0,,,EXPLOIT
766,59,,,0,0,0,0,common,1.0,0.09630068629651267,0.12299577810365862,0.18216370141533778,0.0,0.8765367732961592,0.0,,,EXPLOIT
767,59,,,0,0,0,0,common,1.0,0.06259544609273326,0.11095938175765625,0.14629322481855642,0.0,0.877279260702613,0.0,,,EXPLOIT
768,59,,,0,0,0,0,common,1.0,0.04068703996027667,0.10370971121487546,0.11461136936107248,0.0,0.8780055784156777,0.0,,,EXPLOIT
769,59,,,0,0,0,0,common,1.0,0.026446575974179876,0.09922843789700617,0.0881619313450047,0.0,0.8787162134505786,0.0,,,EXPLOIT
770,59,,,0,0,0,0,common,1.0,0.017190274383216964,0.09641006759981342,0.06687043425646838,0.0,0.8794116335665754,0.0,,,EXPLOIT
771,59,,,0,0,0,0,common,1.0,0.011173678349090999,0.094617176155463,0.05016140748425516,0.0,0.8800922882100535,0.0,,,EXPLOIT
772,59,,,0,0,0,0,common,0.0,0.9927371090730909,0.0934680602650339,0.33293411796090583,0.0,0.8807586094027129,0.0,,,EXPLOIT
773,59,,,0,1,1,0,common,0.0,0.00447506531786384,0.2576136079406196,0.23439640216799323,0.0,0.8814110125785539,0.0,,,EXPLOIT
774,59,,,0,0,0,0,common,1.0,0.35472087910249095,0.256548461463797,0.2704937452483425,0.0,0.8820498973730665,0.0,,,EXPLOIT
775,59,,,0,0,0,0,common,1.0,0.23056857141661913,0.18207612364534329,0.2585161930988255,0.0,0.8826756483677799,0.0,,,EXPLOIT
776,59,,,0,0,0,0,common,1.0,0.14986957142080248,0.1438181625637955,0.2259222065954186,0.0,0.8832886357930902,0.0,,,EXPLOIT
777,59,,,0,0,0,0,common,1.0,0.09741522142352166,0.1228271177286562,0.18737011104384949,0.0,0.8838892161920674,0.0,,,EXPLOIT
778,59,,,0,0,0,0,common,1.0,0.06331989392528903,0.11067265635676854,0.15015504590828133,0.0,0.8844777330477472,0.0,,,EXPLOIT
779,59,,,0,0,0,0,common,0.0,0.9588420689485622,0.10335865404292036,0.39276115282036556,0.0,0.88505451737623,0.0,,,EXPLOIT
780,59,,,0,1,1,0,common,0.0,0.002908792456611496,0.27181667021778544,0.2758054447112393,0.0,0.8856198882877397,0.0,,,EXPLOIT
781,59,,,0,0,0,0,common,1.0,0.3767526551834346,0.27109765612064246,0.30608960785289785,0.0,0.8861741535176475,0.0,,,EXPLOIT
782,59,,,0,0,0,0,common,1.0,0.24488922586923256,0.18912573514751438,0.2877294932577983,0.0,0.8867176099293148,0.0,,,EXPLOIT
783,59,,,0,1,1,0,common,1.0,0.9981092849032025,0.1474048136537904,0.5008434307514196,0.0,0.8830302974854968,0.0,,,EXPLOIT
784,59,,,0,0,0,0,common,1.0,0.1591779968150011,0.3741217549137807,0.398343800570494,0.0,0.8836360951105869,0.0,,,EXPLOIT
785,59,,,0,1,1,0,common,0.0,0.3512289648129183,0.3282563115238375,0.3842093498432213,0.0,0.8842296851299986,0.0,,,EXPLOIT
786,59,,,0,0,0,0,common,1.0,0.10346569792975069,0.2394119154176976,0.2999862542691801,0.0,0.8848114037748216,0.0,,,EXPLOIT
787,59,,,0,0,0,0,common,1.0,0.067252703654338,0.21686083147521087,0.23016618908472744,0.0,0.885381575136192,0.0,,,EXPLOIT
788,59,,,0,0,0,0,common,1.0,0.043714257375319754,0.2031009566426382,0.17423060957190512,0.0,0.8859405117088122,0.0,,,EXPLOIT
789,59,,,0,0,0,0,common,1.0,0.028414267293957796,0.19453226705027835,0.1304857068885209,0.0,0.8864885149055237,0.0,,,EXPLOIT
790,59,,,0,0,0,0,common,1.0,0.018469273741072545,0.1891193636893011,0.09688077694428639,0.0,0.8870258755447127,0.0,,,EXPLOIT
791,59,,,0,0,0,0,common,1.0,0.01200502793169711,0.18566661625117817,0.07141805224050961,0.0,0.8875528743122066,0.0,,,EXPLOIT
792,59,,,0,0,0,0,common,1.0,0.007803268155603171,0.18344988742709967,0.05233361701503767,0.0,0.8880697821992087,0.0,,,EXPLOIT
793,59,,,0,0,0,0,common,1.0,0.005072124301142011,0.18202060572589326,0.03815516920086897,0.0,0.8885768609177045,0.0,,,EXPLOIT
794,59,,,0,0,0,0,common,1.0,0.0032968807957423074,0.18109645587123785,0.02769768267933097,0.0,0.8890743632946845,0.0,,,EXPLOIT
795,59,,,0,0,0,0,common,1.0,0.0021429725172325,0.18049781761441946,0.02003126963070143,0.0,0.8895625336464298,0.0,,,EXPLOIT
796,59,,,0,0,0,0,common,0.0,0.9986070678637988,0.18010957161937458,0.31360400910063063,0.0,0.8900416081340288,0.0,,,EXPLOIT
797,59,,,0,0,0,0,common,1.0,0.3509054058885308,0.434113962388576,0.32479442813700066,0.0,0.8905118151012142,0.0,,,EXPLOIT
798,59,,,0,0,0,0,common,0.0,0.771911486172455,0.3296041050276815,0.45892954554763693,0.0,0.8909733753955356,0.0,,,EXPLOIT
799,59,,,0,0,0,0,common,1.0,0.4982575339879043,0.5633306752296287,0.47072794207971713,0.0,0.8914265026738205,0.0,,,EXPLOIT
800,59,,,0,0,0,0,common,1.0,0.32386739709213774,0.41020942672280114,0.4266697785834433,0.0,0.8918714036928141,0.0,,,EXPLOIT
801,59,,,0,0,0,0,common,1.0,0.2105138081098895,0.31576285665565856,0.36182298744137714,0.0,0.892308278585827,0.0,,,EXPLOIT
802,59,,,0,0,0,0,common,1.0,0.13683397527142815,0.26167927470783603,0.29432628379039244,0.0,0.892737321126173,0.0,,,EXPLOIT
803,59,,,0,0,0,0,common,0.0,0.9110579160735717,0.23016553278917323,0.4793457734753461,0.0,0.8931587189781275,0.0,,,EXPLOIT
804,59,,,0,0,0,0,common,1.0,0.40781235455217835,0.48498530545822294,0.45788574779839575,0.0,0.8935726539360876,0.0,,,EXPLOIT
805,59,,,0,0,0,0,common,1.0,0.265078030458916,0.359790283686884,0.4000434325965518,0.0,0.8939793021525804,0.0,,,EXPLOIT
806,59,,,0,0,0,0,common,1.0,0.17230071979829542,0.2868897400502257,0.33172061875707487,0.0,0.8943788343557159,0.0,,,EXPLOIT
807,59,,,0,0,0,0,common,1.0,0.11199546786889203,0.24496853715277467,0.26580307349062,0.0,0.8947714160566576,0.0,,,EXPLOIT
808,59,,,0,0,0,0,common,1.0,0.07279705411477977,0.22020454334524997,0.20790126767786793,0.0,0.8951572077476337,0.0,,,EXPLOIT
809,59,,,0,0,0,0,common,1.0,0.047318085174606894,0.2051621050651215,0.1597263129268896,0.0,0.8955363650909937,0.0,,,EXPLOIT
810,59,,,0,0,0,0,common,1.0,0.030756755363494426,0.19582515511129595,0.12103544565787104,0.0,0.8959090390997766,0.0,,,EXPLOIT
811,59,,,0,0,0,0,common,1.0,0.01999189098627141,0.18994014561744352,0.09072237925639115,0.0,0.8962753763102335,0.0,,,EXPLOIT
812,59,,,0,0,0,0,common,1.0,0.012994729141076466,0.18619190820344853,0.06740408422179674,0.0,0.8966355189467189,0.0,,,EXPLOIT
813,59,,,0,0,0,0,common,1.0,0.008446573941699675,0.18378787421087042,0.04971683113776762,0.0,0.8969896050793409,0.0,,,EXPLOIT
814,59,,,0,0,0,0,common,1.0,0.005490273062104811,0.18223884350214808,0.03644886371506877,0.0,0.8973377687747419,0.0,,,EXPLOIT
815,59,,,0,0,0,0,common,1.0,0.003568677490368155,0.18123769774276047,0.026584807847658588,0.0,0.8976801402403509,0.0,,,EXPLOIT
816,59,,,0,0,0,0,common,1.0,0.0023196403687393286,0.18058936638393308,0.01930525760398281,0.0,0.8980168459624414,0.0,,,EXPLOIT
817,59,,,0,0,0,0,common,1.0,0.0015077662396805191,0.18016896923980266,0.013966010194692123,0.0,0.8983480088382972,0.0,,,EXPLOIT
818,59,,,0,0,0,0,common,1.0,0.0009800480557923263,0.17989614091010558,0.010070221553022184,0.0,0.8986737483027817,0.0,,,EXPLOIT
819,59,,,0,0,0,0,common,1.0,0.0006370312362650177,0.1797189839839874,0.007240264457995034,0.0,0.8989941804495819,0.0,,,EXPLOIT
820,59,,,0,0,0,0,common,1.0,0.00041407030357221153,0.1796039086309477,0.0051924062116681866,0.0,0.89930941814739,0.0,,,EXPLOIT
821,59,,,0,0,0,0,common,1.0,0.0002691456973219486,0.1795291420274404,0.003715428057364315,0.0,0.8996195711512637,0.0,,,EXPLOIT
822,59,,,0,0,0,0,common,1.0,0.00017494470325929434,0.17948055741175034,0.0026532830511328083,0.0,0.8999247462094019,0.0,,,EXPLOIT
823,59,,,0,0,0,0,common,1.0,0.00011371405711857463,0.17944898318929048,0.001891412352928538,0.0,0.9002250471655482,0.0,,,EXPLOIT
824,59,,,0,0,0,0,common,1.0,7.391413712709571e-05,0.17942846238561572,0.0013461628881881055,0.0,0.9005205750572365,0.0,,,EXPLOIT
825,59,,,0,0,0,0,common,1.0,4.8044189132623316e-05,0.17941512489447067,0.0009567272784714607,0.0,0.9008114282100695,0.0,,,EXPLOIT
826,59,,,0,0,0,0,common,1.0,3.122872293626067e-05,0.17940645596091406,0.0006790777118109007,0.0,0.9010977023282166,0.0,,,EXPLOIT
827,59,,,0,0,0,0,common,0.0,0.9999797013300914,0.1794008213381766,0.300469264797295,0.0,0.9013794905813088,0.0,,,EXPLOIT
828,59,,,0,0,0,0,common,1.0,0.3500131941354405,0.4333204012088693,0.31533244359873863,0.0,0.9016568836878956,0.0,,,EXPLOIT
829,59,,,0,0,0,0,common,1.0,0.22750857618803633,0.3291419836616271,0.2889852833755279,0.0,0.9019299699956206,0.0,,,EXPLOIT
830,59,,,0,0,0,0,common,0.0,0.8521194254777764,0.2693628625029761,0.45792552600620245,0.0,0.9021988355582674,0.0,,,EXPLOIT
831,59,,,0,0,0,0,common,1.0,0.4461223734394453,0.5189163230543496,0.45438458023617534,0.0,0.9024635642098165,0.0,,,EXPLOIT
832,59,,,0,0,0,0,common,1.0,0.2899795427356394,0.3808280221197241,0.4050630689860145,0.0,0.9027242376356459,0.0,,,EXPLOIT
833,59,,,0,0,0,0,common,1.0,0.1884867027781656,0.298908949590982,0.3400901591236598,0.0,0.9029809354410069,0.0,,,EXPLOIT
834,59,,,0,0,0,0,common,1.0,0.12251635680580764,0.2519506330881687,0.27481801842830417,0.0,0.9032337352168921,0.0,,,EXPLOIT
835,59,,,0,0,0,0,common,1.0,0.07963563192377499,0.2243829509380398,0.21626330247694542,0.0,0.9034827126034136,0.0,,,EXPLOIT
836,59,,,0,0,0,0,common,0.0,0.9482368392495463,0.20772700640465336,0.43585536350872567,0.0,0.9037279413507995,0.0,,,EXPLOIT
837,59,,,0,1,1,0,common,0.0,0.22829882712839691,0.4633630905933685,0.373588402594627,0.0,0.9039694933781104,0.0,,,EXPLOIT
838,59,,,0,0,0,0,common,1.0,0.3836460544877949,0.3926665387684196,0.3766056981625774,0.0,0.9042074388297802,0.0,,,EXPLOIT
839,59,,,0,0,0,0,common,1.0,0.24936993541706665,0.2848169460989221,0.33843496933892414,0.0,0.9044418461300677,0.0,,,EXPLOIT
840,59,,,0,0,0,0,common,1.0,0.16209045802109334,0.22595649627922648,0.2855316159435749,0.0,0.9046727820355145,0.0,,,EXPLOIT
841,59,,,0,0,0,0,common,1.0,0.1053587977137107,0.19290830826909122,0.23147977047461563,0.0,0.9049003116854898,0.0,,,EXPLOIT
842,59,,,0,0,0,0,common,1.0,0.06848321851391193,0.17358165628615885,0.1825808048864045,0.0,0.9051244986509066,0.0,,,EXPLOIT
843,59,,,0,0,0,0,common,1.0,0.044514092034042774,0.16189710562335738,0.14116079103069595,0.0,0.9053454049811811,0.0,,,EXPLOIT
844,59,,,0,0,0,0,common,1.0,0.02893415982212777,0.15466164558352016,0.10749280166812548,0.0,0.9055630912495151,0.0,,,EXPLOIT
845,59,,,0,0,0,0,common,1.0,0.01880720388438306,0.15010704060816005,0.08088712233300276,0.0,0.9057776165965647,0.0,,,EXPLOIT
846,59,,,0,0,0,0,common,1.0,0.012224682524848984,0.14720827244964896,0.06028839039055662,0.0,0.9059890387725671,0.0,,,EXPLOIT
847,59,,,0,0,0,0,common,0.0,0.9920539563588482,0.1453498722362795,0.3398180601810441,0.0,0.9061974141779838,0.0,,,EXPLOIT
848,59,,,0,0,0,0,common,1.0,0.3551649283667486,0.3683288986905081,0.3444221206367554,0.0,0.9064027979027272,0.0,,,EXPLOIT
849,59,,,0,0,0,0,common,0.0,0.7691427965616133,0.27152694821115864,0.4718383234142128,0.0,0.906605243764019,0.0,,,EXPLOIT
850,59,,,0,0,0,0,common,0.0,0.4999428177650487,0.4959833812608095,0.48026967171946355,0.0,0.9068048043429467,0.0,,,EXPLOIT
851,59,,,0,0,0,0,common,1.0,0.6750371684527183,0.6344775029565968,0.53869992073944,0.0,0.9041490538213849,0.0,,,EXPLOIT
852,59,,,0,1,1,0,common,0.0,0.148394237633458,0.44120842544434313,0.42160821580764535,0.0,0.9043843279435153,0.0,,,EXPLOIT
853,59,,,0,0,0,0,common,1.0,0.4387741594942669,0.39543004587363084,0.42675799891363175,0.0,0.9046161143498875,0.0,,,EXPLOIT
854,59,,,0,0,0,0,common,1.0,0.2852032036712735,0.2732315290818603,0.38429156034092427,0.0,0.9048444785743344,0.0,,,EXPLOIT
855,59,,,0,0,0,0,common,1.0,0.1853820823863278,0.2087589961262793,0.3246187169545453,0.0,0.9050694845703768,0.0,,,EXPLOIT
856,59,,,0,0,0,0,common,1.0,0.12049835355111305,0.17362036754318289,0.2633826079335156,0.0,0.9052911947586105,0.0,,,EXPLOIT
857,59,,,0,0,0,0,common,1.0,0.07832392980822345,0.1535046698239298,0.20786500449592793,0.0,0.9055096700723946,0.0,,,EXPLOIT
858,59,,,0,1,1,0,common,0.0,0.0964562544617477,0.14151762999118817,0.17444237948567387,0.0,0.9057249700019128,0.0,,,EXPLOIT
859,59,,,0,0,0,0,common,1.0,0.050910554375345196,0.12787230050836917,0.13738283195257528,0.0,0.9059371526366742,0.0,,,EXPLOIT
860,59,,,0,0,0,0,common,1.0,0.03309186034397438,0.1211449765100947,0.106095540469995,0.0,0.9061462747065183,0.0,,,EXPLOIT
861,59,,,0,1,1,0,common,0.0,0.06269656540013602,0.11694138948941245,0.0930758479490373,0.0,0.9063523916211831,0.0,,,EXPLOIT
862,59,,,0,1,1,0,common,0.0,0.04075276751008841,0.10933064358919,0.07737892381735263,0.0,0.9065555575084988,0.0,,,EXPLOIT
863,59,,,0,0,0,0,common,1.0,0.021509709223583307,0.10462389070979418,0.06061815943922183,0.0,0.9067558252512582,0.0,,,EXPLOIT
864,59,,,0,0,0,0,common,0.0,0.9860186890046708,0.10221363985835219,0.3382383183088565,0.0,0.9069532465228202,0.0,,,EXPLOIT
865,59,,,0,0,0,0,common,1.0,0.3590878521469639,0.27602024446794643,0.3444931784602887,0.0,0.9071478718214946,0.0,,,EXPLOIT
866,59,,,0,0,0,0,common,1.0,0.23340710389552655,0.19629089991391152,0.31116735609086005,0.0,0.9073397505037581,0.0,,,EXPLOIT
867,59,,,0,1,1,0,common,0.0,0.026489298881557467,0.15506086450108292,0.22576393892806926,0.0,0.9075289308163481,0.0,,,EXPLOIT
868,59,,,0,0,0,0,common,1.0,0.15171461753209226,0.1508774669200893,0.20354914250927614,0.0,0.9077154599272749,0.0,,,EXPLOIT
869,59,,,0,0,0,0,common,0.0,0.9013854986041401,0.12873510133731875,0.41290004933773533,0.0,0.9078993839557999,0.0,,,EXPLOIT
870,59,,,0,1,1,0,common,0.0,0.017218044273012354,0.30996499121430704,0.29419544781831847,0.0,0.9080807480014149,0.0,,,EXPLOIT
871,59,,,0,0,0,0,common,1.0,0.41409942590730897,0.3053501665995561,0.3301666412450156,0.0,0.9082595961718646,0.0,,,EXPLOIT
872,59,,,0,0,0,0,common,1.0,0.26916462683975084,0.20789774607840053,0.3118660369234362,0.0,0.9084359716102458,0.0,,,EXPLOIT
873,59,,,0,0,0,0,common,1.0,0.1749570074458381,0.1587235834767185,0.2707933280801567,0.0,0.9086099165212231,0.0,,,EXPLOIT
874,59,,,0,0,0,0,common,1.0,0.1137220548397948,0.13230888594981444,0.22367194610804814,0.0,0.9087814721963887,0.0,,,EXPLOIT
875,59,,,0,0,0,0,common,1.0,0.07391933564586661,0.1172650588295965,0.17874616296939366,0.0,0.9089506790388047,0.0,,,EXPLOIT
876,59,,,0,0,0,0,common,1.0,0.04804756816981326,0.10831749935842105,0.13953658452951953,0.0,0.9091175765867531,0.0,,,EXPLOIT
877,59,,,0,0,0,0,common,1.0,0.03123091931037858,0.10283375151542373,0.10704488496377723,0.0,0.9092822035367283,0.0,,,EXPLOIT
878,59,,,0,0,0,0,common,1.0,0.02030009755174611,0.09940445758872517,0.0810214487401679,0.0,0.9094445977656956,0.0,,,EXPLOIT
879,59,,,0,0,0,0,common,1.0,0.013195063408634966,0.09723109230443341,0.060673533140708016,0.0,0.909604796352646,0.0,,,EXPLOIT
880,59,,,0,0,0,0,common,1.0,0.008576791215612722,0.09584153913332571,0.04504451056317943,0.0,0.9097628355994716,0.0,,,EXPLOIT
881,59,,,0,0,0,0,common,1.0,0.005574914290148225,0.09494799741843725,0.033203631681270065,0.0,0.9099187510511875,0.0,,,EXPLOIT
882,59,,,0,0,0,0,common,1.0,0.003623694288596324,0.09437125083010493,0.02432965046346794,0.0,0.9100725775155221,0.0,,,EXPLOIT
883,59,,,0,0,0,0,common,1.0,0.0023554012875875996,0.09399807101979353,0.017737375710703836,0.0,0.9102243490819021,0.0,,,EXPLOIT
884,59,,,0,0,0,0,common,1.0,0.0015310108369319675,0.09375622251409282,0.012875466248572274,0.0,0.9103740991398498,0.0,,,EXPLOIT
885,59,,,0,1,1,0,common,0.0,0.01119172877745803,0.09359932389593259,0.012370345007238,0.0,0.9105218603968174,0.0,,,EXPLOIT
886,59,,,0,0,0,0,common,1.0,0.0009951570440057678,0.09245961087543063,0.00895778861826833,0.0,0.910667664895475,0.0,,,EXPLOIT
887,59,,,0,0,0,0,common,0.0,0.9993531479213963,0.09235888147913124,0.3060763964092067,0.0,0.910811544030476,0.0,,,EXPLOIT
888,59,,,0,0,0,0,common,1.0,0.35042045385109244,0.2565928784721554,0.3193796136417724,0.0,0.9109535285647132,0.0,,,EXPLOIT
889,59,,,0,0,0,0,common,1.0,0.22777329500321009,0.18289712784518258,0.2918977180502037,0.0,0.9110936486450885,0.0,,,EXPLOIT
890,59,,,0,0,0,0,common,1.0,0.14805264175208654,0.14491283258012155,0.24874419516076854,0.0,0.9112319338178083,0.0,,,EXPLOIT
891,59,,,0,0,0,0,common,1.0,0.09623421713885627,0.12402055654506558,0.20299120175419486,0.0,0.9113684130432259,0.0,,,EXPLOIT
892,59,,,0,0,0,0,common,1.0,0.06255224114025659,0.11190283602662518,0.16085951357001338,0.0,0.9115031147102437,0.0,,,EXPLOIT
893,59,,,0,0,0,0,common,0.0,0.9593410432588332,0.10460272567962171,0.4004039724766593,0.0,0.9116360666502885,0.0,,,EXPLOIT
894,59,,,0,1,1,0,common,0.0,0.0072746237053477195,0.2746837495090254,0.2824651678452658,0.0,0.9117672961508818,0.0,,,EXPLOIT
895,59,,,0,0,0,0,common,1.0,0.37642832188175834,0.27287512935205044,0.31065411405621357,0.0,0.9118968299688089,0.0,,,EXPLOIT
896,59,,,0,0,0,0,common,0.0,0.7553215907768571,0.19054366555769994,0.4440543570724066,0.0,0.9120246943429089,0.0,,,EXPLOIT
897,59,,,0,0,0,0,common,1.0,0.5090409659950428,0.37698047286367675,0.46355033974919746,0.0,0.9121509150064937,0.0,,,EXPLOIT
898,59,,,0,1,1,0,common,0.0,0.004728505408476018,0.2419022865845677,0.325903789446981,0.0,0.9122755171994107,0.0,,,EXPLOIT
899,59,,,0,0,0,0,common,1.0,0.33087662789677785,0.24082682697071223,0.32739564098192003,0.0,0.9123985256797589,0.0,,,EXPLOIT
900,59,,,0,1,1,0,common,0.0,0.003073528515509412,0.17421771907722938,0.23009900724199683,0.0,0.9125199647352726,0.0,,,EXPLOIT
901,59,,,0,0,0,0,common,1.0,0.21506980813290566,0.17367707543744862,0.22559024750926945,0.0,0.9126398581943816,0.0,,,EXPLOIT
902,59,,,0,0,0,0,common,0.0,0.8602046247136113,0.13918142293034683,0.4159745606705719,0.0,0.9127582294369602,0.0,,,EXPLOIT
903,59,,,0,0,0,0,common,1.0,0.4408669939361527,0.3189238818849782,0.4234422906502461,0.0,0.9128751014047723,0.0,,,EXPLOIT
904,59,,,0,0,0,0,common,0.0,0.7134364539415008,0.21270107515217623,0.5104405396376225,0.0,0.9104985027464942,0.0,,,EXPLOIT
905,59,,,0,0,0,0,common,1.0,0.5362663049380245,0.3980643432039444,0.5181882692277431,0.0,0.9080144056018797,0.0,,,EXPLOIT
906,59,,,0,0,0,0,common,0.0,0.6514269017902841,0.2517869056671947,0.5581598589965053,0.0,0.9054154819292075,0.0,,,EXPLOIT
907,59,,,0,0,0,0,common,0.0,0.42342748616368464,0.4335501016744745,0.5177401471466592,0.0,0.9026937223511499,0.0,,,EXPLOIT
908,59,,,0,0,0,0,common,1.0,0.724772133993605,0.5635062626422815,0.5798497432007429,0.0,0.8998403550805855,0.0,,,EXPLOIT
909,59,,,0,0,0,0,common,1.0,0.4711018870958432,0.34307316624258544,0.547225386369273,0.0,0.8968457529874455,0.0,,,EXPLOIT
910,59,,,0,0,0,0,common,0.0,0.6937837733877019,0.22455503869706556,0.5911929024748016,0.0,0.8936993267322749,0.0,,,EXPLOIT
911,59,,,0,0,0,0,common,1.0,0.5490405472979938,0.4092198846750887,0.5785471959217592,0.0,0.8903894014668877,0.0,,,EXPLOIT
912,59,,,0,0,0,0,common,1.0,0.3568763557436959,0.2573945159104436,0.5120459438683402,0.0,0.886903074076535,0.0,,,EXPLOIT
913,59,,,0,0,0,0,common,1.0,0.2319696312334023,0.18233197856013442,0.4280230500778588,0.0,0.8874324343524053,0.0,,,EXPLOIT
914,59,,,0,0,0,0,common,1.0,0.15078026030171154,0.1438180298448743,0.3448502131450146,0.0,0.8879516421878678,0.0,,,EXPLOIT
915,59,,,0,0,0,0,common,1.0,0.09800716919611252,0.12270811985375449,0.2707972999603439,0.0,0.8884609613958064,0.0,,,EXPLOIT
916,59,,,0,0,0,0,common,1.0,0.0637046599774731,0.11049375749614021,0.20866950796548267,0.0,0.8889606468151491,0.0,,,EXPLOIT
917,59,,,0,0,0,0,common,1.0,0.04140802898535756,0.10314735991669166,0.15849106427144513,0.0,0.8894509446896371,0.0,,,EXPLOIT
918,59,,,0,0,0,0,common,1.0,0.026915218840482424,0.09861060061222263,0.11901831064215632,0.0,0.8899320930275657,0.0,,,EXPLOIT
919,59,,,0,0,0,0,common,0.0,0.9825051077536864,0.09575911740343286,0.3780643497756153,0.0,0.8904043219435976,0.0,,,EXPLOIT
920,59,,,0,0,0,0,common,1.0,0.3613716799601039,0.26046704607745547,0.3730565488309619,0.0,0.8908678539836875,0.0,,,EXPLOIT
921,59,,,0,0,0,0,common,1.0,0.2348915919740675,0.1838635916733314,0.33160706177389354,0.0,0.891322904434079,0.0,,,EXPLOIT
922,59,,,0,0,0,0,common,1.0,0.1526795347831439,0.1446330283116218,0.2779288036766686,0.0,0.8917696816152813,0.0,,,EXPLOIT
923,59,,,0,0,0,0,common,1.0,0.09924169760904356,0.12316913155172488,0.2243226718563811,0.0,0.8922083871618676,0.0,,,EXPLOIT
924,59,,,0,0,0,0,common,1.0,0.06450710344587829,0.11076666068044197,0.17637800133323026,0.0,0.8926392162888886,0.0,,,EXPLOIT
925,59,,,0,0,0,0,common,1.0,0.041929617239820915,0.10331408256625475,0.13604348610520745,0.0,0.8930623580456419,0.0,,,EXPLOIT
926,59,,,0,0,0,0,common,1.0,0.02725425120588365,0.09871463982748709,0.1034067156354103,0.0,0.8934779955574903,0.0,,,EXPLOIT
927,59,,,0,0,0,0,common,1.0,0.017715263283824334,0.09582496108251765,0.0776992799299345,0.0,0.893886306256382,0.0,,,EXPLOIT
928,59,,,0,1,1,0,common,0.0,0.0019977935350811177,0.09398796338743727,0.05498883401147848,0.0,0.8942874621006851,0.0,,,EXPLOIT
929,59,,,0,0,0,0,common,1.0,0.011514921134485823,0.09378281705264699,0.04194666014838068,0.0,0.8946816297849055,0.0,,,EXPLOIT
930,59,,,0,0,0,0,common,0.0,0.9925153012625842,0.09260829182745899,0.32711725248264173,0.0,0.8950689709398331,0.0,,,EXPLOIT
931,59,,,0,0,0,0,common,0.0,0.6451349458206798,0.255554299519302,0.4225225604840531,0.0,0.8954496423236161,0.0,,,EXPLOIT
932,59,,,0,0,0,0,common,1.0,0.5806622852165582,0.4365674139332829,0.4699644779038046,0.0,0.8958237960042447,0.0,,,EXPLOIT
933,59,,,0,0,0,0,common,1.0,0.37743048539076285,0.2711581179808705,0.44220428014989205,0.0,0.8961915795338876,0.0,,,EXPLOIT
934,59,,,0,0,0,0,common,1.0,0.2453298155039958,0.1890441901135177,0.3831419407561232,0.0,0.8965531361155057,0.0,,,EXPLOIT
935,59,,,0,0,0,0,common,0.0,0.8405356199224028,0.14727118156401042,0.520360044506007,0.0,0.8933916765018494,0.0,,,EXPLOIT
936,59,,,0,0,0,0,common,0.0,0.5463481529495618,0.32845975478044337,0.5281564770390734,0.0,0.8900655456628809,0.0,,,EXPLOIT
937,59,,,0,0,0,0,common,1.0,0.6448737005827848,0.49395575184950424,0.5631716441021868,0.0,0.8865617153921344,0.0,,,EXPLOIT
938,59,,,0,0,0,0,common,0.0,0.5808320946211898,0.30168603124572857,0.5684697792578877,0.0,0.8828657461776492,0.0,,,EXPLOIT
939,59,,,0,0,0,0,common,1.0,0.6224591384962266,0.4739397758440119,0.5846665870293892,0.0,0.8789615907731405,0.0,,,EXPLOIT
940,59,,,0,1,1,0,common,0.0,0.0012985657978027264,0.29078868271726904,0.40965618065991327,0.0,0.8796517869565158,0.0,,,EXPLOIT
941,59,,,0,0,0,0,common,0.0,0.5954015599774527,0.2904528353374046,0.4653797944551751,0.0,0.8803273709831586,0.0,,,EXPLOIT
942,59,,,0,0,0,0,common,1.0,0.6129889860146558,0.46505390505393407,0.5096625519230192,0.0,0.8762769505966291,0.0,,,EXPLOIT
943,59,,,0,0,0,0,common,1.0,0.3984428409095262,0.28592891702135126,0.4762966386189713,0.0,0.8770251292701992,0.0,,,EXPLOIT
944,59,,,0,0,0,0,common,0.0,0.741012153408808,0.19625514738383662,0.5557112930559223,0.0,0.8727804192792389,0.0,,,EXPLOIT
945,59,,,0,0,0,0,common,1.0,0.5183421002842747,0.3816045928773139,0.544500535224428,0.0,0.8682792962273337,0.0,,,EXPLOIT
946,59,,,0,0,0,0,common,1.0,0.3369223651847786,0.24331206152780657,0.48222708421253313,0.0,0.8692109967369228,0.0,,,EXPLOIT
947,59,,,0,0,0,0,common,1.0,0.21899953737010613,0.17507507440133271,0.403258820159805,0.0,0.8701204871721606,0.0,,,EXPLOIT
948,59,,,0,0,0,0,common,1.0,0.14234969929056895,0.13976533228941893,0.32498608389903416,0.0,0.8710085080301396,0.0,,,EXPLOIT
949,59,,,0,0,0,0,common,1.0,0.09252730453886981,0.12025687608975652,0.25524845009098485,0.0,0.8718757673739895,0.0,,,EXPLOIT
950,59,,,0,0,0,0,common,1.0,0.06014274795026542,0.10890210880219961,0.196716739448769,0.0,0.8727229425903887,0.0,,,EXPLOIT
951,59,,,0,0,0,0,common,0.0,0.9609072138323275,0.10204466631952877,0.42597388176383655,0.0,0.8735506820340101,0.0,,,EXPLOIT
952,59,,,0,0,0,0,common,1.0,0.37541031100898714,0.2694155388853927,0.4108048105373817,0.0,0.874359606567294,0.0,,,EXPLOIT
953,59,,,0,0,0,0,common,1.0,0.2440167021558417,0.18809524181934872,0.36076837802291967,0.0,0.8751503110032418,0.0,,,EXPLOIT
954,59,,,0,0,0,0,common,0.0,0.8413891435987029,0.1467006934575703,0.5049546076956546,0.0,0.8707932740282919,0.0,,,EXPLOIT
955,59,,,0,0,0,0,common,1.0,0.4530970566608431,0.32765729923545317,0.48939734238521115,0.0,0.8716655471822482,0.0,,,EXPLOIT
956,59,,,0,0,0,0,common,1.0,0.294513086829548,0.21674431874770095,0.43093206571851217,0.0,0.8725175732870101,0.0,,,EXPLOIT
957,59,,,0,0,0,0,common,1.0,0.1914335064392062,0.1615987360477566,0.35908249793472036,0.0,0.873350007651336,0.0,,,EXPLOIT
958,59,,,0,0,0,0,common,1.0,0.12443177918548409,0.13245314697527355,0.2886872823099495,0.0,0.8741634777244202,0.0,,,EXPLOIT
959,59,,,0,0,0,0,common,1.0,0.08088065647056464,0.11605772857556784,0.226345294558134,0.0,0.8749585845617294,0.0,,,EXPLOIT
960,59,,,0,0,0,0,common,0.0,0.947427573294133,0.10638976830708613,0.44266997817893367,0.0,0.8757359041992426,0.0,,,EXPLOIT
961,59,,,0,0,0,0,common,0.0,0.6158279226411865,0.2756197328523032,0.4946173615176095,0.0,0.8764959889427039,0.0,,,EXPLOIT
962,59,,,0,0,0,0,common,1.0,0.5997118502832288,0.4531686079578104,0.5261457081472953,0.0,0.8722197246465391,0.0,,,EXPLOIT
963,59,,,0,0,0,0,common,1.0,0.38981270268409873,0.2796644596417764,0.4852458065083364,0.0,0.8730589870038361,0.0,,,EXPLOIT
964,59,,,0,0,0,0,common,1.0,0.2533782567446642,0.193165043731668,0.41568554157923465,0.0,0.8738790671422665,0.0,,,EXPLOIT
965,59,,,0,0,0,0,common,1.0,0.1646958668840317,0.14937079602619105,0.34038863917067375,0.0,0.8746805752528546,0.0,,,EXPLOIT
966,59,,,0,1,1,0,common,0.0,0.0008440677685717722,0.12568138065749535,0.23852526775004315,0.0,0.8754640960331004,0.0,,,EXPLOIT
967,59,,,0,0,0,0,common,0.0,0.8929476865253794,0.12556894303276045,0.434851993382644,0.0,0.8762301900054476,0.0,,,EXPLOIT
968,59,,,0,0,0,0,common,0.0,0.5804159962414965,0.3014335185168556,0.4785211942402997,0.0,0.8769793947547556,0.0,,,EXPLOIT
969,59,,,0,1,1,0,common,0.0,0.000548644049571652,0.4735106447289347,0.33512942918308125,0.0,0.8777122260905177,0.0,,,EXPLOIT
970,59,,,0,0,0,0,common,1.0,0.6227296024430272,0.47333876925530094,0.421409481161065,0.0,0.8784291791391142,0.0,,,EXPLOIT
971,59,,,0,0,0,0,common,1.0,0.4047742415879677,0.2902226906152731,0.41641890928913583,0.0,0.8791307293709637,0.0,,,EXPLOIT
972,59,,,0,0,0,0,common,1.0,0.26310325703217896,0.1982745862722467,0.37042421361204875,0.0,0.8798173335670545,0.0,,,EXPLOIT
973,59,,,0,0,0,0,common,1.0,0.17101711707091627,0.15196951430566435,0.310602084649709,0.0,0.8804894307289926,0.0,,,EXPLOIT
974,59,,,0,0,0,0,common,1.0,0.11116112609609563,0.1270668603385735,0.250769797083625,0.0,0.8811474429363749,0.0,,,EXPLOIT
975,59,,,0,0,0,0,common,1.0,0.07225473196246213,0.11286317060001899,0.19721527754727614,0.0,0.8817917761550154,0.0,,,EXPLOIT
976,59,,,0,0,0,0,common,0.0,0.9530344242243997,0.10440513564001216,0.42396102155041315,0.0,0.8824228209992775,0.0,,,EXPLOIT
977,59,,,0,0,0,0,common,1.0,0.3805276242541402,0.2726819803499112,0.41093100236153124,0.0,0.8830409534515247,0.0,,,EXPLOIT
978,59,,,0,0,0,0,common,0.0,0.7526570442348088,0.18962114308071024,0.5134488149235145,0.0,0.8791467950330556,0.0,,,EXPLOIT
979,59,,,0,0,0,0,common,1.0,0.5107729212473742,0.37473529555783763,0.5126460468206724,0.0,0.8750274357554507,0.0,,,EXPLOIT
980,59,,,0,0,0,0,common,1.0,0.3320023988107933,0.23979616485046706,0.4584529524177086,0.0,0.8758032226476893,0.0,,,EXPLOIT
981,59,,,0,0,0,0,common,1.0,0.2158015592270156,0.17322109871541352,0.38565753446050066,0.0,0.8765618219761154,0.0,,,EXPLOIT
982,59,,,0,1,1,0,common,0.0,0.00035661863222157377,0.13869711934694387,0.27006725971201695,0.0,0.8773037616074726,0.0,,,EXPLOIT
983,59,,,0,0,0,0,common,1.0,0.1402710134975601,0.13864534210135726,0.23112838584767986,0.0,0.8780295481219536,0.0,,,EXPLOIT
984,59,,,0,0,0,0,common,1.0,0.09117615877341412,0.11953969512797225,0.18914271772540012,0.0,0.8787396678762383,0.0,,,EXPLOIT
985,59,,,0,0,0,0,common,1.0,0.05926450320271914,0.10840330174503426,0.1501792533685958,0.0,0.8794345880034469,0.0,,,EXPLOIT
986,59,,,0,0,0,0,common,0.0,0.9614780729182325,0.10167101516083897,0.3935688992334868,0.0,0.880114757354335,0.0,,,EXPLOIT
987,59,,,0,0,0,0,common,1.0,0.37503925260314885,0.2687252497486989,0.38801000524438545,0.0,0.8807806073837154,0.0,,,EXPLOIT
988,59,,,0,0,0,0,common,0.0,0.7562244858079532,0.18763844313466227,0.4984743494134557,0.0,0.881432552985796,0.0,,,EXPLOIT
989,59,,,0,0,0,0,common,1.0,0.5084540842248304,0.3726621235577913,0.5014682698568681,0.0,0.8774461438331108,0.0,,,EXPLOIT
990,59,,,0,0,0,0,common,1.0,0.3304951547461398,0.238742371135028,0.45017633532364953,0.0,0.8781688463948834,0.0,,,EXPLOIT
991,59,,,0,0,0,0,common,1.0,0.21482185058499081,0.1726686317090809,0.3795699899020519,0.0,0.878875974508111,0.0,,,EXPLOIT
992,59,,,0,0,0,0,common,0.0,0.860365797119756,0.13838143613254292,0.523808732067363,0.0,0.8747407191164156,0.0,,,EXPLOIT
993,59,,,0,0,0,0,common,1.0,0.44076223187215857,0.31746224320291333,0.49889478200880166,0.0,0.8755228967013649,0.0,,,EXPLOIT
994,59,,,0,0,0,0,common,1.0,0.2864954507169031,0.21161994673062673,0.43517498262123205,0.0,0.876287689105747,0.0,,,EXPLOIT
995,59,,,0,1,1,0,common,0.0,0.00023180211094402296,0.15886568926602873,0.3046920284681456,0.0,0.8770356322203876,0.0,,,EXPLOIT
996,59,,,0,0,0,0,common,1.0,0.186222042965987,0.1588278917990877,0.26915103281749797,0.0,0.877767240246111,0.0,,,EXPLOIT
997,59,,,0,1,1,0,common,0.0,0.00015067137211361494,0.1308350784475591,0.18845092438388264,0.0,0.8784830067808814,0.0,,,EXPLOIT
998,59,,,0,0,0,0,common,0.0,0.8789556720721085,0.13081428223331598,0.3956023486903504,0.0,0.8791834058421976,0.0,,,EXPLOIT
999,59,,,0,0,0,0,common,1.0,0.4286788131531295,0.30801423271617906,0.4055252880291841,0.0,0.8798688928291912,0.0,,,EXPLOIT
1000,59,,,0,0,0,0,common,0.0,0.7213587714504658,0.2069610957193417,0.5002753330555686,0.0,0.875791768772882,0.0,,,EXPLOIT
1001,59,,,0,0,0,0,common,0.0,0.46888320144280277,0.3919525167886574,0.4908576935717388,0.0,0.8765506207559005,0.0,,,EXPLOIT
1002,59,,,0,0,0,0,common,0.0,0.30477408093782177,0.5370489578391189,0.43503260978156366,0.0,0.8772928053206606,0.0,,,EXPLOIT
1003,59,,,0,0,0,0,common,0.0,0.19810315260958417,0.6204817748327551,0.36395377262996975,0.0,0.8780188293571591,0.0,,,EXPLOIT
1004,59,,,0,1,1,0,common,1.0,0.9999020636081262,0.6611006843273763,0.5547382599234166,0.0,0.8738330617169734,0.0,,,EXPLOIT
1005,59,,,0,1,1,0,common,1.0,0.6499363413452821,0.6040249912492321,0.5832976843499762,0.0,0.8693962271398773,0.0,,,EXPLOIT
1006,59,,,0,1,1,0,common,1.0,0.4224586218744333,0.4093841891080367,0.5350459656073132,0.0,0.8646852836037953,0.0,,,EXPLOIT
1007,59,,,0,0,0,0,common,0.0,0.12876704919622972,0.2889209794341936,0.41316229068398813,0.0,0.8657047075031095,0.0,,,EXPLOIT
1008,59,,,0,1,1,0,common,1.0,0.2745981042183816,0.2570016843423222,0.37159303474430616,0.0,0.8666989186916055,0.0,,,EXPLOIT
1009,59,,,0,1,1,0,common,1.0,0.178488767741948,0.19756438135471405,0.3136617546435987,0.0,0.867668792711632,0.0,,,EXPLOIT
1010,59,,,0,1,1,0,common,1.0,0.11601769903226622,0.16514702949832294,0.2543685379601989,0.0,0.8686151651590278,0.0,,,EXPLOIT
1011,59,,,0,1,1,0,common,1.0,0.0754115043709731,0.14655060953774304,0.20068142788343116,0.0,0.8695388339367249,0.0,,,EXPLOIT
1012,59,,,0,1,1,0,common,1.0,0.04901747784113253,0.13544810057503046,0.15518224287074156,0.0,0.8704405613574746,0.0,,,EXPLOIT
1013,59,,,0,0,0,0,common,0.0,0.08369858197754931,0.1286291396223616,0.13373714460278388,0.0,0.8713210761073533,0.0,,,EXPLOIT
1014,59,,,0,1,1,0,common,1.0,0.031861360596736166,0.1176791639685676,0.10317440940096956,0.0,0.8721810750806854,0.0,,,EXPLOIT
1015,59,,,0,1,1,0,common,1.0,0.020709884387878463,0.11373254311008024,0.07843505189704222,0.0,0.8730212250960988,0.0,,,EXPLOIT
1016,59,,,0,1,1,0,common,1.0,0.013461424852120984,0.11123076383951547,0.05894296378356585,0.0,0.8738421645026033,0.0,,,EXPLOIT
1017,59,,,0,1,1,0,common,1.0,0.008749926153878596,0.10963102964369342,0.04388505249465967,0.0,0.8746445046838246,0.0,,,EXPLOIT
1018,59,,,0,1,1,0,common,1.0,0.005687452000021076,0.10860225136048271,0.03242577234626809,0.0,0.8754288314678531,0.0,,,EXPLOIT
1019,59,,,0,1,1,0,common,0.0,0.9963031561999863,0.10793818221537842,0.32158898750238357,0.0,0.8761957064495427,0.0,,,EXPLOIT
1020,59,,,0,1,1,0,common,1.0,0.35240294847000886,0.29146188587258637,0.33083317579267113,0.0,0.8769456682315374,0.0,,,EXPLOIT
1021,59,,,0,1,1,0,common,1.0,0.22906191650550578,0.20970811637798425,0.3003017980065215,0.0,0.8776792335897972,0.0,,,EXPLOIT
1022,59,,,0,0,0,0,common,1.0,0.945595921714593,0.1668768557568992,0.4938900351189429,0.0,0.8783968985689242,0.0,,,EXPLOIT
1023,59,,,0,1,1,0,common,0.0,0.8511097542714212,0.3945825196192759,0.6010559508646864,0.0,0.8742334485386525,0.0,,,EXPLOIT
1024,59,,,0,0,0,0,common,0.0,0.3853626508855146,0.6398179738911467,0.5363479608709348,0.0,0.8698209455515777,0.0,,,EXPLOIT
1025,59,,,0,0,0,0,common,0.0,0.2504857230755845,0.5387130598845249,0.45058928953232974,0.0,0.8707160144056337,0.0,,,EXPLOIT
1026,59,,,0,1,1,0,common,0.0,0.5532213402764239,0.4612583893849782,0.481378904755558,0.0,0.8715900901487211,0.0,,,EXPLOIT
1027,59,,,0,1,1,0,common,1.0,0.6404061288203244,0.6213140325133809,0.5290870719749878,0.0,0.8670157121929523,0.0,,,EXPLOIT
1028,59,,,0,1,1,0,common,1.0,0.41626398373321094,0.43400318624861867,0.4952401455024547,0.0,0.8679778837539804,0.0,,,EXPLOIT
1029,59,,,0,1,1,0,common,1.0,0.2705715894265871,0.3115597001209417,0.42783957867969435,0.0,0.8689168162286158,0.0,,,EXPLOIT
1030,59,,,0,1,1,0,common,1.0,0.17587153312728165,0.24391451474944353,0.3522491650139705,0.0,0.8698332957678256,0.0,,,EXPLOIT
1031,59,,,0,1,1,0,common,1.0,0.11431649653273313,0.20603365807149457,0.2808693644695993,0.0,0.8707280735831425,0.0,,,EXPLOIT
1032,59,,,0,0,0,0,common,1.0,0.8371842800008701,0.18398567764244597,0.4477638391289805,0.0,0.8716018678674005,0.0,,,EXPLOIT
1033,59,,,0,1,1,0,common,1.0,0.07430572274627656,0.3910201847927508,0.3357264042141693,0.0,0.872455365590131,0.0,,,EXPLOIT
1034,59,,,0,1,1,0,common,1.0,0.04829871978507971,0.3688093803387662,0.24949809888544244,0.0,0.8732892241770582,0.0,,,EXPLOIT
1035,59,,,0,1,1,0,common,1.0,0.0313941678603018,0.3546765043527174,0.18406691957790025,0.0,0.8741040730823307,0.0,,,EXPLOIT
1036,59,,,0,0,0,0,common,0.0,0.4558302179994344,0.3456330720430011,0.2655959091043605,0.0,0.8749005152613963,0.0,,,EXPLOIT
1037,59,,,0,1,1,0,common,1.0,0.020406209109196216,0.22982379517969048,0.19203899910581118,0.0,0.8756791285517697,0.0,,,EXPLOIT
1038,59,,,0,1,1,0,common,0.0,0.9867359640790224,0.22538107385049092,0.4304480885977745,0.0,0.8764404669683432,0.0,,,EXPLOIT
1039,59,,,0,0,0,0,common,0.0,0.29628964169963234,0.50171934799024,0.3902005545283318,0.0,0.8771850619193491,0.0,,,EXPLOIT
1040,59,,,0,1,1,0,common,1.0,0.35862162334863545,0.40937034742330314,0.38072687517442283,0.0,0.8779134233485848,0.0,,,EXPLOIT
1041,59,,,0,1,1,0,common,1.0,0.23310405517661303,0.3056560623685787,0.33644002917507987,0.0,0.8786260408090679,0.0,,,EXPLOIT
1042,59,,,0,1,1,0,common,1.0,0.1515176358647985,0.24748171529395413,0.28096331118199547,0.0,0.8793233844728743,0.0,,,EXPLOIT
1043,59,,,0,1,1,0,common,1.0,0.09848646331211897,0.21418958422256498,0.2262202568210325,0.0,0.8800059060815417,0.0,,,EXPLOIT
1044,59,,,0,1,1,0,common,0.0,0.9359837988471227,0.19447247918854627,0.4391493194288595,0.0,0.8806740398410811,0.0,,,EXPLOIT
1045,59,,,0,1,1,0,common,1.0,0.39161053074937024,0.43856095081463375,0.42488768282501266,0.0,0.8813282032653237,0.0,,,EXPLOIT
1046,59,,,0,1,1,0,common,1.0,0.2545468449870907,0.3222749391234395,0.373785431473636,0.0,0.8819687979710531,0.0,,,EXPLOIT
1047,59,,,0,1,1,0,common,1.0,0.16545544924160893,0.25682972983583247,0.3112864368040279,0.0,0.8825962104281042,0.0,,,EXPLOIT
1048,59,,,0,1,1,0,common,0.0,0.8924539579929542,0.21962181762397306,0.4856366931607058,0.0,0.8832108126673813,0.0,,,EXPLOIT
1049,59,,,0,0,0,0,common,0.0,0.192588267104761,0.46385408682116674,0.39772216534392235,0.0,0.8838129629495189,0.0,,,EXPLOIT
1050,59,,,0,1,1,0,common,1.0,0.41990492730457973,0.40401073097698803,0.40437699393211957,0.0,0.8844030063967183,0.0,,,EXPLOIT
1051,59,,,0,1,1,0,common,0.0,0.7270617972520231,0.28507695366727875,0.5011824349280907,0.0,0.8805861296560843,0.0,,,EXPLOIT
1052,59,,,0,0,0,0,common,0.0,0.12518237361809464,0.4996621448738634,0.3883824165350918,0.0,0.8812421247806796,0.0,,,EXPLOIT
1053,59,,,0,1,1,0,common,1.0,0.527409831786185,0.46052776964379594,0.4300906411104197,0.0,0.8818844987428773,0.0,,,EXPLOIT
1054,59,,,0,1,1,0,common,0.0,0.6571836093389798,0.304507630894499,0.49821853157898777,0.0,0.8825136399822681,0.0,,,EXPLOIT
1055,59,,,0,1,1,0,common,1.0,0.5728306539296631,0.5010879324647042,0.5206021682841904,0.0,0.8785893555477666,0.0,,,EXPLOIT
1056,59,,,0,1,1,0,common,1.0,0.37233992505428104,0.32747247677358016,0.4761234953152175,0.0,0.8792874823641587,0.0,,,EXPLOIT
1057,59,,,0,1,1,0,common,1.0,0.24202095128528267,0.23404693956865527,0.40589273210623705,0.0,0.8799707640685392,0.0,,,EXPLOIT
1058,59,,,0,1,1,0,common,0.0,0.8426863816645662,0.18480849068149535,0.5369308269737358,0.0,0.8758995809679319,0.0,,,EXPLOIT
1059,59,,,0,1,1,0,common,1.0,0.4522538519180319,0.3940362038989188,0.5115277344570246,0.0,0.8715876111386643,0.0,,,EXPLOIT
1060,59,,,0,1,1,0,common,1.0,0.29396500374672074,0.2687690826264285,0.44625891524393346,0.0,0.8724414384721022,0.0,,,EXPLOIT
1061,59,,,0,1,1,0,common,1.0,0.19107725243536855,0.20334757227223854,0.369704416401364,0.0,0.87327561604914,0.0,,,EXPLOIT
1062,59,,,0,1,1,0,common,1.0,0.12420021408298954,0.16798428447116595,0.2960531557058516,0.0,0.8740907737734221,0.0,,,EXPLOIT
1063,59,,,0,1,1,0,common,1.0,0.08073013915394323,0.14785571581917148,0.2314562507402791,0.0,0.8748875150263469,0.0,,,EXPLOIT
1064,59,,,0,1,1,0,common,1.0,0.052474590450063086,0.1359068821847963,0.17776175265321426,0.0,0.8756664180492985,0.0,,,EXPLOIT
1065,59,,,0,1,1,0,common,0.0,0.9658915162074589,0.12859692506907844,0.41420068171948765,0.0,0.8764280372403184,0.0,,,EXPLOIT
1066,59,,,0,1,1,0,common,1.0,0.3721705144651517,0.32733793372129216,0.4015916315431869,0.0,0.8771729043713293,0.0,,,EXPLOIT
1067,59,,,0,1,1,0,common,1.0,0.24191083440234862,0.23397699940539518,0.3536873924009354,0.0,0.877901529731536,0.0,,,EXPLOIT
1068,59,,,0,1,1,0,common,1.0,0.1572420423615266,0.18477069036926708,0.29475378738911273,0.0,0.878614403202171,0.0,,,EXPLOIT
1069,59,,,0,1,1,0,common,1.0,0.10220732753499229,0.15752952022632058,0.23698984943287657,0.0,0.87931199526735,0.0,,,EXPLOIT
1070,59,,,0,1,1,0,common,0.0,0.933565237102255,0.1417020088255414,0.4459624657336901,0.0,0.8799947579654237,0.0,,,EXPLOIT
1071,59,,,0,1,1,0,common,1.0,0.3931825958835342,0.3442564818178575,0.43012850477864334,0.0,0.8806631257848713,0.0,,,EXPLOIT
1072,59,,,0,1,1,0,common,1.0,0.2555686873242973,0.24277047994148077,0.3777605595423395,0.0,0.8813175165084716,0.0,,,EXPLOIT
1073,59,,,0,1,1,0,common,1.0,0.16611964676079327,0.1895071771758306,0.31426828570787557,0.0,0.8819583320092055,0.0,,,EXPLOIT
1074,59,,,0,1,1,0,common,1.0,0.10797777039451562,0.1602182047959252,0.25238113111386756,0.0,0.8825859590010733,0.0,,,EXPLOIT
1075,59,,,0,1,1,0,common,1.0,0.07018555075643518,0.14329490988121057,0.19772245700663785,0.0,0.883200769747783,0.0,,,EXPLOIT
1076,59,,,0,1,1,0,common,1.0,0.04562060799168288,0.13313765794106266,0.15209190230215133,0.0,0.8838031227320426,0.0,,,EXPLOIT
1077,59,,,0,1,1,0,common,1.0,0.029653395194593868,0.1268763841663229,0.11536035016988408,0.0,0.8843933632879828,0.0,,,EXPLOIT
1078,59,,,0,1,1,0,common,1.0,0.019274706876486025,0.1229462862002414,0.08653465718186465,0.0,0.8849718241990638,0.0,,,EXPLOIT
1079,59,,,0,1,1,0,common,1.0,0.012528559469715872,0.12044955494328775,0.06433282786822002,0.0,0.8855388262636409,0.0,,,EXPLOIT
1080,59,,,0,1,1,0,common,1.0,0.008143563655315322,0.11885078100713965,0.04747604860434861,0.0,0.8860946788302113,0.0,,,EXPLOIT
1081,59,,,0,1,1,0,common,1.0,0.005293316375954982,0.11782166906644428,0.03482122893583052,0.0,0.8866396803042251,0.0,,,EXPLOIT
1082,59,,,0,1,1,0,common,1.0,0.0034406556443707936,0.11715698456910259,0.0254070569483926,0.0,0.8871741186282015,0.0,,,EXPLOIT
1083,59,,,0,1,1,0,common,1.0,0.0022364261688410103,0.11672672337578371,0.018455867714527122,0.0,0.887698271736783,0.0,,,EXPLOIT
1084,59,,,0,1,1,0,common,1.0,0.0014536770097466345,0.11644780531994867,0.013355210503092976,0.0,0.8882124079882349,0.0,,,EXPLOIT
1085,59,,,0,1,1,0,common,1.0,0.0009448900563353568,0.11626682566164033,0.00963211436906569,0.0,0.8887167865738048,0.0,,,EXPLOIT
1086,59,,,0,1,1,0,common,1.0,0.0006141785366179375,0.1161493227053525,0.006926733619331364,0.0,0.8892116579062532,0.0,,,EXPLOIT
1087,59,,,0,1,1,0,common,1.0,0.00039921604880166495,0.11607300228389074,0.0049684783481724545,0.0,0.8896972639887823,0.0,,,EXPLOIT
1088,59,,,0,1,1,0,common,1.0,0.0002594904317211322,0.11602341787039319,0.003555781973237058,0.0,0.890173838765508,0.0,,,EXPLOIT
1089,59,,,0,1,1,0,common,1.0,0.00016866878061871926,0.11599119807968103,0.002539648015451556,0.0,0.8906416084545414,0.0,,,EXPLOIT
1090,59,,,0,1,1,0,common,0.0,0.9998903652925978,0.11597025947288069,0.30174486319859545,0.0,0.8911007918646813,0.0,,,EXPLOIT
1091,59,,,0,1,1,0,common,1.0,0.35007126255981147,0.3100591076497526,0.31624278300696024,0.0,0.8915516006966457,0.0,,,EXPLOIT
1092,59,,,0,1,1,0,common,1.0,0.22754632066387748,0.2249868930060033,0.2896338443040354,0.0,0.891994239829724,0.0,,,EXPLOIT
1093,59,,,0,0,0,0,common,0.0,0.08136854285176152,0.17989344186474843,0.2271542538683532,0.0,0.8924289075946568,0.0,,,EXPLOIT
1094,59,,,0,1,1,0,common,1.0,0.14790510843152038,0.16566679435829326,0.20337951023730333,0.0,0.892855796033517,0.0,,,EXPLOIT
1095,59,,,0,1,1,0,common,0.0,0.9038616795195118,0.14222037864318937,0.4135241610219659,0.0,0.8932750911473041,0.0,,,EXPLOIT
1096,59,,,0,1,1,0,common,0.0,0.5875100916876828,0.3368151075046952,0.46571994022168095,0.0,0.8936869731319288,0.0,,,EXPLOIT
1097,59,,,0,1,1,0,common,0.0,0.38188155959699377,0.5159239861720828,0.44056842603427476,0.0,0.894091616603211,0.0,,,EXPLOIT
1098,59,,,0,1,1,0,common,1.0,0.7517769862619541,0.6222892114657828,0.5339309941025785,0.0,0.8908022987075254,0.0,,,EXPLOIT
1099,59,,,0,1,1,0,common,1.0,0.48865504107027014,0.40091965467916696,0.520348208192886,0.0,0.8873382236126984,0.0,,,EXPLOIT
1100,59,,,0,1,1,0,common,1.0,0.3176257766956756,0.2654039209019233,0.45953147874372285,0.0,0.8878592330843418,0.0,,,EXPLOIT
1101,59,,,0,1,1,0,common,0.0,0.7935432451478108,0.19598609286920196,0.5597350086649493,0.0,0.8842350079145419,0.0,,,EXPLOIT
1102,59,,,0,1,1,0,common,0.0,0.5158031093460771,0.3970410098016987,0.5465554388692876,0.0,0.8804086406964874,0.0,,,EXPLOIT
1103,59,,,0,0,0,0,common,0.0,0.052889552853644994,0.5559270962950882,0.3984556730645948,0.0,0.8810683399516268,0.0,,,EXPLOIT
1104,59,,,0,1,1,0,common,1.0,0.6647279789250499,0.5402891044160671,0.4783373648227313,0.0,0.881714311793151,0.0,,,EXPLOIT
1105,59,,,0,1,1,0,common,1.0,0.43207318630128244,0.3376803691631838,0.4644581112662966,0.0,0.8823469486589172,0.0,,,EXPLOIT
1106,59,,,0,1,1,0,common,0.0,0.7191524289041664,0.2289040029232545,0.5408664065576575,0.0,0.8784131169474981,0.0,,,EXPLOIT
1107,59,,,0,1,1,0,common,1.0,0.5325509212122919,0.4232217199577904,0.5383717609540478,0.0,0.8742506229652556,0.0,,,EXPLOIT
1108,59,,,0,1,1,0,common,0.0,0.6538419012120104,0.27243557423540504,0.5730128030314365,0.0,0.8698391621755701,0.0,,,EXPLOIT
1109,59,,,0,0,0,0,common,1.0,0.9656217906451308,0.4610673105053288,0.6907954993155447,0.0,0.8651559530209997,0.0,,,EXPLOIT
1110,59,,,0,1,1,0,common,1.0,0.5750027642121933,0.687633429497442,0.6560576787845392,0.0,0.8601753473071283,0.0,,,EXPLOIT
1111,59,,,0,0,0,0,common,0.0,0.37234583608066496,0.5791213546031272,0.570944125973377,0.0,0.8548683646574645,0.0,,,EXPLOIT
1112,59,,,0,1,1,0,common,1.0,0.3737517967379256,0.46679430811586775,0.5117864272027415,0.0,0.849202133196512,0.0,,,EXPLOIT
1113,59,,,0,1,1,0,common,1.0,0.24293866787965168,0.3528061889283588,0.43113209940581454,0.0,0.8506365780798343,0.0,,,EXPLOIT
1114,59,,,0,1,1,0,common,0.0,0.8420898658782264,0.2864029899860374,0.5544194293475381,0.0,0.8446753661660884,0.0,,,EXPLOIT
1115,59,,,0,1,1,0,common,1.0,0.4526415871791528,0.5364843225769942,0.5238860766970225,0.0,0.8382857649917108,0.0,,,EXPLOIT
1116,59,,,0,1,1,0,common,1.0,0.2942170316664493,0.3963076303015959,0.4549853631878505,0.0,0.840048882258058,0.0,,,EXPLOIT
1117,59,,,0,1,1,0,common,1.0,0.19124107058319206,0.3114659967610813,0.37586207540645294,0.0,0.8417569021286754,0.0,,,EXPLOIT
1118,59,,,0,1,1,0,common,1.0,0.12430669587907484,0.2625055804421504,0.3003954615482395,0.0,0.8434122852404583,0.0,,,EXPLOIT
1119,59,,,0,0,0,0,common,0.0,0.24202479345243222,0.23368802672914085,0.28288426111949727,0.0,0.845017348029678,0.0,,,EXPLOIT
1120,59,,,0,1,1,0,common,1.0,0.08079935232139868,0.18450938390202878,0.22225878848006766,0.0,0.8465742731448298,0.0,,,EXPLOIT
1121,59,,,0,1,1,0,common,1.0,0.052519579008909134,0.17007838123398583,0.17133702563872008,0.0,0.8480851189700085,0.0,,,EXPLOIT
1122,59,,,0,1,1,0,common,1.0,0.03413772635579093,0.16120977758580474,0.13017723585384133,0.0,0.8495518283462061,0.0,,,EXPLOIT
1123,59,,,0,1,1,0,common,1.0,0.022189522131264128,0.15565603742412853,0.09778092173706816,0.0,0.8509762365682542,0.0,,,EXPLOIT
1124,59,,,0,0,0,0,common,0.0,0.15731611574408094,0.15213363453761583,0.11564147993917198,0.0,0.8523600787266405,0.0,,,EXPLOIT
1125,59,,,0,1,1,0,common,1.0,0.014423189385321722,0.129064477058553,0.0852759927730169,0.0,0.8537049964559708,0.0,,,EXPLOIT
1126,59,,,0,1,1,0,common,1.0,0.009375073100459153,0.12711023156923082,0.06250571687124958,0.0,0.8550125441452774,0.0,,,EXPLOIT
1127,59,,,0,1,1,0,common,0.0,0.9939062024847015,0.12585392179246999,0.3419258625552852,0.0,0.8562841946595877,0.0,,,EXPLOIT
1128,59,,,0,1,1,0,common,1.0,0.35396096838494406,0.3294678885810467,0.3455363943041828,0.0,0.8575213446170417,0.0,,,EXPLOIT
1129,59,,,0,1,1,0,common,1.0,0.23007462945021362,0.23977746663059823,0.31089786484799203,0.0,0.8587253192613243,0.0,,,EXPLOIT
1130,59,,,0,1,1,0,common,1.0,0.14954850914263884,0.19184496547932295,0.26249305813638607,0.0,0.8598973769651627,0.0,,,EXPLOIT
1131,59,,,0,1,1,0,common,1.0,0.09720653094271525,0.16502467129201515,0.2129070999782848,0.0,0.8610387133970709,0.0,,,EXPLOIT
1132,59,,,0,1,1,0,common,1.0,0.06318424511276488,0.14932648793232292,0.16799024351862882,0.0,0.8621504653803612,0.0,,,EXPLOIT
1133,59,,,0,1,1,0,common,1.0,0.04106975932329715,0.13982024957790196,0.1299140982600293,0.0,0.8632337144706121,0.0,,,EXPLOIT
1134,59,,,0,1,1,0,common,1.0,0.026695343560143137,0.13392517657211783,0.09894847185006345,0.0,0.8642894902752706,0.0,,,EXPLOIT
1135,59,,,0,1,1,0,common,1.0,0.017351973314092994,0.13021028544528626,0.07446952228927231,0.0,0.8653187735368159,0.0,,,EXPLOIT
1136,59,,,0,1,1,0,common,1.0,0.01127878265416049,0.12784413765170055,0.055512300398738765,0.0,0.866322498998902,0.0,,,EXPLOIT
1137,59,,,0,1,1,0,common,1.0,0.007331208725204319,0.12632640713690768,0.04105797289667843,0.0,0.8673015580730915,0.0,,,EXPLOIT
1138,59,,,0,0,0,0,common,0.0,0.10225547523365261,0.12534837850361857,0.05941722359777068,0.0,0.8682568013221851,0.0,,,EXPLOIT
1139,59,,,0,1,1,0,common,1.0,0.004765285671382791,0.11238631015443785,0.043021642219854314,0.0,0.8691890407746912,0.0,,,EXPLOIT
1140,59,,,0,1,1,0,common,0.0,0.9969025643136011,0.11181238079653827,0.3291859188479783,0.0,0.8700990520836853,0.0,,,EXPLOIT
1141,59,,,0,1,1,0,common,1.0,0.35201333319615924,0.300184891241986,0.3360341431524326,0.0,0.8709875765421273,0.0,,,EXPLOIT
1142,59,,,0,1,1,0,common,1.0,0.22880866657750354,0.21669492375372934,0.30386650017995387,0.0,0.8718553229656494,0.0,,,EXPLOIT
1143,59,,,0,1,1,0,common,1.0,0.14872563327537724,0.172737597184999,0.2573242401085809,0.0,0.8727029694528742,0.0,,,EXPLOIT
1144,59,,,0,0,0,0,common,0.0,0.06646605890187421,0.14831178280822976,0.2000667857465689,0.0,0.8735311650324548,0.0,,,EXPLOIT
1145,59,,,0,1,1,0,common,0.0,0.9033283383710048,0.1383849951310252,0.41104525153389965,0.0,0.8743405312052519,0.0,,,EXPLOIT
1146,59,,,0,0,0,0,common,0.0,0.04320293828621824,0.32932690045425017,0.30069255755959523,0.0,0.8751316633893564,0.0,,,EXPLOIT
1147,59,,,0,1,1,0,common,1.0,0.41283658005884694,0.31740330226504054,0.33433576430937073,0.0,0.8759051322750223,0.0,,,EXPLOIT
1148,59,,,0,1,1,0,common,1.0,0.2683437770382505,0.21738541336783035,0.31453816812803465,0.0,0.8766614850959954,0.0,,,EXPLOIT
1149,59,,,0,1,1,0,common,1.0,0.1744234550748629,0.1664941343539892,0.2725037542120831,0.0,0.8774012468231955,0.0,,,EXPLOIT
1150,59,,,0,1,1,0,common,1.0,0.11337524579866087,0.13904165305079766,0.22476520168805644,0.0,0.8781249212862301,0.0,,,EXPLOIT
1151,59,,,0,1,1,0,common,1.0,0.0736939097691296,0.12336988815725293,0.1794438141123784,0.0,0.8788329922277757,0.0,,,EXPLOIT
1152,59,,,0,1,1,0,common,1.0,0.047901041349934226,0.11403580791780872,0.13998098228364514,0.0,0.8795259242954719,0.0,,,EXPLOIT
1153,59,,,0,1,1,0,common,1.0,0.03113567687745722,0.10831025418420534,0.10732739066178876,0.0,0.8802041639756056,0.0,,,EXPLOIT
1154,59,,,0,1,1,0,common,1.0,0.02023818997034721,0.10472781561766334,0.08120063045435628,0.0,0.8808681404725315,0.0,,,EXPLOIT
1155,59,,,0,1,1,0,common,1.0,0.01315482348072572,0.10245661511489265,0.060786888362267116,0.0,0.8815182665374718,0.0,,,EXPLOIT
1156,59,,,0,1,1,0,common,1.0,0.008550635262471684,0.10100419188138673,0.04511601243232849,0.0,0.8821549392500669,0.0,,,EXPLOIT
1157,59,,,0,0,0,0,common,0.0,0.028081909886041857,0.10007009010492322,0.0400057816684425,0.0,0.8827785407557827,0.0,,,EXPLOIT
1158,59,,,0,1,1,0,common,0.0,0.9944420870793934,0.0970569047643096,0.3263366732917278,0.0,0.8833894389620635,0.0,,,EXPLOIT
1159,59,,,0,1,1,0,common,1.0,0.35361264339839427,0.26634423235597615,0.3345194643237277,0.0,0.8839879881958924,0.0,,,EXPLOIT
1160,59,,,0,1,1,0,common,0.0,0.7701517817910437,0.18983796782079704,0.4652091595639225,0.0,0.8845745298252379,0.0,,,EXPLOIT
1161,59,,,0,1,1,0,common,1.0,0.49940134183582163,0.3802947777973063,0.4754668142454922,0.0,0.8851493928466736,0.0,,,EXPLOIT
1162,59,,,0,0,0,0,common,1.0,0.9817467585740728,0.24666089981245357,0.6273507975440664,0.0,0.8813745390567373,0.0,,,EXPLOIT
1163,59,,,0,1,1,0,common,0.0,0.6753891278067159,0.52941706374271,0.6417622966228612,0.0,0.8773847824067291,0.0,,,EXPLOIT
1164,59,,,0,0,0,0,common,0.0,0.3618646069268527,0.6813866797794665,0.5577929897140587,0.0,0.873161453092274,0.0,,,EXPLOIT
1165,59,,,0,1,1,0,common,1.0,0.5609970669256347,0.6165091465782239,0.5587542128775315,0.0,0.8686836544917879,0.0,,,EXPLOIT
1166,59,,,0,1,1,0,common,0.0,0.6353519064983375,0.4525461762065678,0.5817335209637733,0.0,0.8639279209535679,0.0,,,EXPLOIT
1167,59,,,0,1,1,0,common,1.0,0.5870212607760806,0.6337266888598181,0.5833198429074654,0.0,0.8588678104729257,0.0,,,EXPLOIT
1168,59,,,0,1,1,0,common,1.0,0.3815638195044524,0.46768907597177956,0.5227930358865616,0.0,0.8534734173334879,0.0,,,EXPLOIT
1169,59,,,0,1,1,0,common,0.0,0.7519835173221059,0.3513742520491373,0.5915501803172248,0.0,0.8477107857439657,0.0,,,EXPLOIT
1170,59,,,0,1,1,0,common,1.0,0.5112107137406312,0.579379034941099,0.5674483403442467,0.0,0.8415412001837694,0.0,,,EXPLOIT
1171,59,,,0,1,1,0,common,1.0,0.3322869639314102,0.42372602964916123,0.49689992742039574,0.0,0.8432031905406288,0.0,,,EXPLOIT
1172,59,,,0,1,1,0,common,1.0,0.2159865265554166,0.32548230282919033,0.412625907160902,0.0,0.8448145716621849,0.0,,,EXPLOIT
1173,59,,,0,1,1,0,common,0.0,0.8596087577389792,0.2689583042131245,0.5467207623343251,0.0,0.838435146019201,0.0,,,EXPLOIT
1174,59,,,0,0,0,0,common,0.0,0.23521199450245425,0.5207054620114323,0.45326813198476384,0.0,0.840193565101757,0.0,,,EXPLOIT
1175,59,,,0,1,1,0,common,1.0,0.44125430746966354,0.4474342200219158,0.4496639846302337,0.0,0.8418970980265106,0.0,,,EXPLOIT
1176,59,,,0,1,1,0,common,1.0,0.2868152998552813,0.3164559100171531,0.40080937919774795,0.0,0.8435481929685826,0.0,,,EXPLOIT
1177,59,,,0,1,1,0,common,1.0,0.1864299449059329,0.2443276431213071,0.33649554891020345,0.0,0.8451491548082422,0.0,,,EXPLOIT
1178,59,,,0,1,1,0,common,1.0,0.12117946418885639,0.2042737982903459,0.27190072349379935,0.0,0.8467021554658848,0.0,,,EXPLOIT
1179,59,,,0,1,1,0,common,1.0,0.07876665172275665,0.18112697319330526,0.2139605019624865,0.0,0.848209243355237,0.0,,,EXPLOIT
1180,59,,,0,1,1,0,common,1.0,0.05119832361979182,0.1672616910257657,0.16513184845967807,0.0,0.8496723520413259,0.0,,,EXPLOIT
1181,59,,,0,1,1,0,common,1.0,0.03327891035286468,0.1587319503697483,0.12557596702763404,0.0,0.8510933081801831,0.0,,,EXPLOIT
1182,59,,,0,1,1,0,common,0.0,0.9783687082706379,0.15338653935430777,0.38141378940053516,0.0,0.8524738388088523,0.0,,,EXPLOIT
1183,59,,,0,1,1,0,common,1.0,0.36406033962408535,0.3796912374004978,0.3762077544676002,0.0,0.8538155780468909,0.0,,,EXPLOIT
1184,59,,,0,0,0,0,common,0.0,0.15288779642659528,0.2788511876131814,0.3092117670552987,0.0,0.8551200732640567,0.0,,,EXPLOIT
1185,59,,,0,1,1,0,common,0.0,0.7633607792443445,0.24217001387519033,0.44545647071201244,0.0,0.8563887907631386,0.0,,,EXPLOIT
1186,59,,,0,1,1,0,common,0.0,0.49618450650882395,0.4555276926999544,0.46067488145105584,0.0,0.8576231210218223,0.0,,,EXPLOIT
1187,59,,,0,0,0,0,common,1.0,0.9006229323227131,0.6026697033456889,0.592659296712553,0.0,0.8521448501144722,0.0,,,EXPLOIT
1188,59,,,0,1,1,0,common,1.0,0.6774800707692644,0.6764747317802853,0.6181055289295664,0.0,0.8462896415950473,0.0,,,EXPLOIT
1189,59,,,0,1,1,0,common,1.0,0.44036204600002193,0.6527786907559274,0.564782484050703,0.0,0.8400175341243213,0.0,,,EXPLOIT
1190,59,,,0,0,0,0,common,0.0,0.4145950939902365,0.5417614701600347,0.519726267032563,0.0,0.8332827110673602,0.0,,,EXPLOIT
1191,59,,,0,1,1,0,common,1.0,0.2862353299000142,0.4133336981928522,0.4496789858927983,0.0,0.8352063877002467,0.0,,,EXPLOIT
1192,59,,,0,1,1,0,common,1.0,0.1860529644350093,0.32892884705193304,0.3705911794554616,0.0,0.8370675922274013,0.0,,,EXPLOIT
1193,59,,,0,1,1,0,common,0.0,0.879065573117244,0.27949477731630995,0.5231334975539963,0.0,0.8301093542975311,0.0,,,EXPLOIT
1194,59,,,0,1,1,0,common,1.0,0.4286073774737914,0.5394235446409288,0.4947756615299348,0.0,0.8321380969892974,0.0,,,EXPLOIT
1195,59,,,0,0,0,0,common,0.0,0.2694868110936537,0.4066291943458381,0.42718900639905044,0.0,0.8340993819580504,0.0,,,EXPLOIT
1196,59,,,0,1,1,0,common,0.0,0.7214052046420356,0.3275143799776261,0.515453865871946,0.0,0.8269125996842375,0.0,,,EXPLOIT
1197,59,,,0,1,1,0,common,1.0,0.5310866169826769,0.5463718377671384,0.5201436912051652,0.0,0.8191568507852142,0.0,,,EXPLOIT
1198,59,,,0,1,1,0,common,1.0,0.34520630103873995,0.38262058553071676,0.46766247415523765,0.0,0.8215674054415566,0.0,,,EXPLOIT
1199,59,,,0,1,1,0,common,0.0,0.775615904324819,0.28612170808929727,0.560048503206112,0.0,0.8133741200474088,0.0,,,EXPLOIT
1200,59,,,0,0,0,0,common,0.0,0.1751664272108749,0.5159310930539567,0.4445838804075409,0.0,0.8159982362493653,0.0,,,EXPLOIT
1201,59,,,0,1,1,0,common,0.0,0.5041503378111323,0.46135997980913224,0.46245381762861826,0.0,0.8185244179614397,0.0,,,EXPLOIT
1202,59,,,0,1,1,0,common,0.0,0.327697719577236,0.609425619856319,0.4220269882132035,0.0,0.8209579266096636,0.0,,,EXPLOIT
1203,59,,,0,1,1,0,common,1.0,0.7869964822747966,0.6738674400946634,0.5315178364316814,0.0,0.8127139713340179,0.0,,,EXPLOIT
1204,59,,,0,1,1,0,common,1.0,0.5115477134786178,0.475414777444351,0.5255267995457623,0.0,0.8037689053270961,0.0,,,EXPLOIT
1205,59,,,0,1,1,0,common,1.0,0.33250601376110156,0.3216684783665469,0.46762056381036404,0.0,0.8067659732571224,0.0,,,EXPLOIT
1206,59,,,0,1,1,0,common,0.0,0.783871091055284,0.2382657757682971,0.56249572198384,0.0,0.7972968017821372,0.0,,,EXPLOIT
1207,59,,,0,0,0,0,common,1.0,0.8861418223129314,0.4565563497634817,0.6595895520825674,0.0,0.7869615373903038,0.0,,,EXPLOIT
1208,59,,,0,0,0,0,common,0.0,0.42400781549659466,0.6787349070358719,0.5889150311067756,0.0,0.77563625979533,0.0,,,EXPLOIT
1209,59,,,0,1,1,0,common,1.0,0.49048379081406535,0.5946275174983466,0.5593856590189624,0.0,0.7631722246015219,0.0,,,EXPLOIT
1210,59,,,0,1,1,0,common,0.0,0.6811855359708575,0.44768212235520327,0.5959256221045309,0.0,0.7493893195055855,0.0,,,EXPLOIT
1211,59,,,0,1,1,0,common,0.0,0.44277059838105737,0.6402339670428152,0.5499791149874889,0.0,0.7340673353063829,0.0,,,EXPLOIT
1212,59,,,0,0,0,0,common,0.0,0.2756050800727865,0.6928497933200037,0.46766690451307813,0.0,0.7404449269629851,0.0,,,EXPLOIT
1213,59,,,0,1,1,0,common,1.0,0.7121991110523127,0.6700803363658814,0.5410265664748485,0.0,0.7240785161550847,0.0,,,EXPLOIT
1214,59,,,0,1,1,0,common,1.0,0.46292942218400324,0.49030418784472585,0.5175974231875948,0.0,0.7057072682649645,0.0,,,EXPLOIT
1215,59,,,0,1,1,0,common,1.0,0.3009041244196021,0.3487563665378712,0.45258943355719694,0.0,0.7137948686440378,0.0,,,EXPLOIT
1216,59,,,0,1,1,0,common,0.0,0.8044123191272586,0.2683466386646979,0.5581362992282154,0.0,0.6941014324223826,0.0,,,EXPLOIT
1217,59,,,0,1,1,0,common,1.0,0.4771319925672819,0.5029282420183826,0.5338350072299353,0.0,0.6717401312420084,0.0,,,EXPLOIT
1218,59,,,0,1,1,0,common,1.0,0.31013579516873324,0.3563804148004528,0.46672524361157464,0.0,0.6821262685454189,0.0,,,EXPLOIT
1219,59,,,0,1,1,0,common,1.0,0.20158826685967657,0.27257383855925804,0.3871841505860052,0.0,0.6917807989166462,0.0,,,EXPLOIT
1220,59,,,0,1,1,0,common,1.0,0.13103237345878982,0.22576538092127907,0.3103386174478406,0.0,0.7007779557979875,0.0,,,EXPLOIT
1221,59,,,0,1,1,0,common,1.0,0.08517104274821341,0.19875261004760078,0.2427883450379524,0.0,0.7091822586615583,0.0,,,EXPLOIT
1222,59,,,0,1,1,0,common,0.0,0.9446388222136612,0.18261270538361585,0.45334348819066506,0.0,0.7170500516148621,0.0,,,EXPLOIT
1223,59,,,0,1,1,0,common,1.0,0.38598476556112016,0.42162867132713433,0.4331358714018016,0.0,0.7244307585443389,0.0,,,EXPLOIT
1224,59,,,0,1,1,0,common,1.0,0.25089009761472814,0.30897815424107267,0.3784621392656795,0.0,0.7313679139087527,0.0,,,EXPLOIT
1225,59,,,0,0,0,0,common,0.0,0.17914330204731121,0.2462371522721742,0.318666488100169,0.0,0.737900014613929,0.0,,,EXPLOIT
1226,59,,,0,1,1,0,common,1.0,0.16307856344957328,0.2074139191210511,0.2719901107049903,0.0,0.7440612281816763,0.0,,,EXPLOIT
1227,59,,,0,1,1,0,common,1.0,0.10600106624222261,0.17639315064031513,0.22219339736615995,0.0,0.7498819847220799,0.0,,,EXPLOIT
1228,59,,,0,0,0,0,common,0.0,0.1164431463307523,0.15834921371274985,0.19046832205553765,0.0,0.7553894743602654,0.0,,,EXPLOIT
1229,59,,,0,0,0,0,common,0.0,0.075688045114989,0.14034899777432275,0.15603423897337304,0.0,0.7606080672776678,0.0,,,EXPLOIT
1230,59,,,0,0,0,0,common,0.0,0.04919722932474285,0.12961861833098526,0.12398313607878397,0.0,0.7655596700583152,0.0,,,EXPLOIT
1231,59,,,0,1,1,0,common,1.0,0.06890069305744473,0.12303431512989721,0.1074584031723822,0.0,0.7702640293308334,0.0,,,EXPLOIT
1232,59,,,0,0,0,0,common,0.0,0.03197819906108286,0.11430887352567966,0.08481434193899239,0.0,0.774738991581628,0.0,,,EXPLOIT
1233,59,,,0,1,1,0,common,0.0,0.9552145495126609,0.11044920372120834,0.34593440421109295,0.0,0.7790007263466686,0.0,,,EXPLOIT
1234,59,,,0,1,1,0,common,1.0,0.37911054281677037,0.28637476957774194,0.3558872457927962,0.0,0.7830639186658533,0.0,,,EXPLOIT
1235,59,,,0,0,0,0,common,0.0,0.020785829389703858,0.20037806171414,0.25535682087186845,0.0,0.7869419356277331,0.0,,,EXPLOIT
1236,59,,,0,1,1,0,common,1.0,0.2464218528309008,0.19631099326952606,0.25267633045957816,0.0,0.7906469709847996,0.0,,,EXPLOIT
1237,59,,,0,1,1,0,common,1.0,0.16017420434008556,0.15300967833284232,0.22492569262373036,0.0,0.7941901711357551,0.0,,,EXPLOIT
1238,59,,,0,1,1,0,common,1.0,0.10411323282105567,0.12943335567172726,0.18868195468292792,0.0,0.7975817452167939,0.0,,,EXPLOIT
1239,59,,,0,1,1,0,common,1.0,0.06767360133368616,0.11586610692313938,0.15237944867815537,0.0,0.8008310615922541,0.0,,,EXPLOIT
1240,59,,,0,0,0,0,common,0.0,0.013510789103307507,0.10773797394412385,0.110718850805701,0.0,0.8039467326653413,0.0,,,EXPLOIT
1241,59,,,0,1,1,0,common,1.0,0.043987840866896,0.10617759476141427,0.09069954782405949,0.0,0.8069366896257697,0.0,,,EXPLOIT
1242,59,,,0,1,1,0,common,1.0,0.028592096563482383,0.101236863595358,0.07206731244588635,0.0,0.8098082485003251,0.0,,,EXPLOIT
1243,59,,,0,1,1,0,common,1.0,0.018584862766263588,0.09813739059339996,0.05602257754199952,0.0,0.8125681686644742,0.0,,,EXPLOIT
1244,59,,,0,1,1,0,common,1.0,0.012080160798071282,0.09616896528177808,0.042839852518821046,0.0,0.8152227048001844,0.0,,,EXPLOIT
1245,59,,,0,1,1,0,common,1.0,0.007852104518746295,0.09490872425143801,0.03234352811879862,0.0,0.8177776531406828,0.0,,,EXPLOIT
1246,59,,,0,1,1,0,common,1.0,0.0051038679371850915,0.09409761309214149,0.02417163006431456,0.0,0.820238392721847,0.0,,,EXPLOIT
1247,59,,,0,1,1,0,common,1.0,0.003317514159170365,0.09357376775359069,0.0179153952927713,0.0,0.8226099222581378,0.0,,,EXPLOIT
1248,59,,,0,1,1,0,common,1.0,0.0021563842034607594,0.09323468891302089,0.013187691965978137,0.0,0.824896893175115,0.0,,,EXPLOIT
1249,59,,,0,1,1,0,common,1.0,0.0014016497322495436,0.09301488620466747,0.009651879295859558,0.0,0.8271036392578996,0.0,,,EXPLOIT
1250,59,,,0,0,0,0,common,0.0,0.008782012917149879,0.09287226686610345,0.009390919382246654,0.0,0.8292342033132594,0.0,,,EXPLOIT
1251,59,,,0,1,1,0,common,0.0,0.9990889276740378,0.09198319962009019,0.306300321869784,0.0,0.8312923611904625,0.0,,,EXPLOIT
1252,59,,,0,1,1,0,common,1.0,0.3505921970118755,0.25564700871341856,0.3195878844124114,0.0,0.8332816434611972,0.0,,,EXPLOIT
1253,59,,,0,0,0,0,common,0.0,0.005708308396147422,0.18213659286359613,0.2254240116075322,0.0,0.8352053550204618,0.0,,,EXPLOIT
1254,59,,,0,1,1,0,common,1.0,0.2278849280577191,0.18109625877049865,0.22616228654258824,0.0,0.837066592837363,0.0,,,EXPLOIT
1255,59,,,0,1,1,0,common,1.0,0.14812520323751743,0.143415082029353,0.20275116155106698,0.0,0.8388682620564013,0.0,,,EXPLOIT
1256,59,,,0,1,1,0,common,1.0,0.0962813821043863,0.122703206174301,0.17081022771706275,0.0,0.8406130906253444,0.0,,,EXPLOIT
1257,59,,,0,1,1,0,common,1.0,0.06258289836785114,0.11069463989735284,0.13834202891229924,0.0,0.8423036426046264,0.0,,,EXPLOIT
1258,59,,,0,1,1,0,common,1.0,0.04067888393910324,0.10346191996434739,0.10904308542034043,0.0,0.8439423302948692,0.0,,,EXPLOIT
1259,59,,,0,1,1,0,common,1.0,0.026441274560417116,0.09899119092546399,0.08426254216236342,0.0,0.8455314253031827,0.0,,,EXPLOIT
1260,59,,,0,1,1,0,common,0.0,0.9828131715357289,0.09617947709934137,0.3538277309743731,0.0,0.8470730686550231,0.0,,,EXPLOIT
1261,59,,,0,1,1,0,common,1.0,0.36117143850177613,0.26150650535837583,0.356030843232594,0.0,0.8485692800462905,0.0,,,EXPLOIT
1262,59,,,0,1,1,0,common,1.0,0.23476143502615443,0.18469743252168777,0.31965002077066207,0.0,0.8500219663197555,0.0,,,EXPLOIT
1263,59,,,0,1,1,0,common,0.0,0.8474050672329996,0.1453347759824336,0.4779765347093633,0.0,0.8514329292406377,0.0,,,EXPLOIT
1264,59,,,0,1,1,0,common,1.0,0.4491867062985502,0.32682838910794315,0.4693395861861193,0.0,0.8528038726380258,0.0,,,EXPLOIT
1265,59,,,0,1,1,0,common,1.0,0.2919713590940576,0.2169389200247191,0.4161291180585008,0.0,0.8541364089716652,0.0,,,EXPLOIT
1266,59,,,0,1,1,0,common,1.0,0.18978138341113748,0.16217351188152615,0.34822479766429176,0.0,0.8554320653773478,0.0,,,EXPLOIT
1267,59,,,0,1,1,0,common,1.0,0.12335789921723939,0.1331693543239695,0.28076472813017606,0.0,0.85669228923857,0.0,,,EXPLOIT
1268,59,,,0,1,1,0,common,1.0,0.08018263449120555,0.11682951929272752,0.2205901000384849,0.0,0.8579184533272077,0.0,,,EXPLOIT
1269,59,,,0,1,1,0,common,1.0,0.052118712419283564,0.1071847451307695,0.17004868375272447,0.0,0.8591118605516121,0.0,,,EXPLOIT
1270,59,,,0,1,1,0,common,0.0,0.9661228369274657,0.1013039259321321,0.4088709297051468,0.0,0.8602737483466586,0.0,,,EXPLOIT
1271,59,,,0,1,1,0,common,1.0,0.3720201559971472,0.26904766675203634,0.39781569759274693,0.0,0.8614052927368604,0.0,,,EXPLOIT
1272,59,,,0,1,1,0,common,1.0,0.2418131013981457,0.1884505795394757,0.3510149187343665,0.0,0.8625076121006039,0.0,,,EXPLOIT
1273,59,,,0,1,1,0,common,0.0,0.8428214840912053,0.14732622318448454,0.4985568883414181,0.0,0.8635817706608426,0.0,,,EXPLOIT
1274,59,,,0,1,1,0,common,1.0,0.45216603534071653,0.3291969730485863,0.48463963244120756,0.0,0.8646287817251641,0.0,,,EXPLOIT
1275,59,,,0,1,1,0,common,0.0,0.7060920770285343,0.2181026897097069,0.5510753658174056,0.0,0.8596141236092949,0.0,,,EXPLOIT
1276,59,,,0,0,0,0,common,0.0,0.003710400457495824,0.4037165815535607,0.38686587620943264,0.0,0.860762852898141,0.0,,,EXPLOIT
1277,59,,,0,1,1,0,common,0.0,0.4589598500685473,0.40258286907153606,0.408494068367167,0.0,0.8618817254391554,0.0,,,EXPLOIT
1278,59,,,0,1,1,0,common,1.0,0.7016760974554442,0.5445347159869639,0.49644867709365015,0.0,0.862971835964567,0.0,,,EXPLOIT
1279,59,,,0,1,1,0,common,1.0,0.45608946334603884,0.33129159033692446,0.4843409129693667,0.0,0.8640342264706634,0.0,,,EXPLOIT
1280,59,,,0,1,1,0,common,0.0,0.7035418488250748,0.2188573750854229,0.5501011937260791,0.0,0.858981023399869,0.0,,,EXPLOIT
1281,59,,,0,0,0,0,common,0.0,0.002411760297372286,0.4040301752780929,0.38579436369746706,0.0,0.8601463493230924,0.0,,,EXPLOIT
1282,59,,,0,1,1,0,common,0.0,0.4573022017362986,0.40329296290809913,0.4072467151091165,0.0,0.8612812042658711,0.0,,,EXPLOIT
1283,59,,,0,0,0,0,common,1.0,0.998432355806708,0.544732956426137,0.584602407318394,0.0,0.8560475881567955,0.0,,,EXPLOIT
1284,59,,,0,0,0,0,common,0.0,0.35101896872563976,0.6873974804523761,0.5145273757405677,0.0,0.850462208343817,0.0,,,EXPLOIT
1285,59,,,0,0,0,0,common,0.0,0.22816232967166583,0.6836922987290659,0.42861786191989715,0.0,0.8518606310856962,0.0,,,EXPLOIT
1286,59,,,0,1,1,0,common,1.0,0.7027535688714059,0.6506739937902759,0.5108585740053497,0.0,0.8459855208215719,0.0,,,EXPLOIT
1287,59,,,0,1,1,0,common,0.0,0.5432101802335861,0.4572306419264157,0.5205640558738206,0.0,0.8396913627052823,0.0,,,EXPLOIT
1288,59,,,0,1,1,0,common,1.0,0.646913382848169,0.6158213819586296,0.5584688539661251,0.0,0.8329320192345301,0.0,,,EXPLOIT
1289,59,,,0,0,0,0,common,1.0,0.8516944857134172,0.4248773000574626,0.6464365434903128,0.0,0.8256543221905408,0.0,,,EXPLOIT
1290,59,,,0,1,1,0,common,1.0,0.42049369885130994,0.6589291204355918,0.5786536900986119,0.0,0.8177966803541525,0.0,,,EXPLOIT
1291,59,,,0,1,1,0,common,1.0,0.27332090425335154,0.5576773597616774,0.48705385434503373,0.0,0.8202567243930319,0.0,,,EXPLOIT
1292,59,,,0,0,0,0,common,0.0,0.44639858428627877,0.4742077981699573,0.47485727332740724,0.0,0.8226275949635276,0.0,,,EXPLOIT
1293,59,,,0,1,1,0,common,1.0,0.17765858776467847,0.33878493933160436,0.38569766765858854,0.0,0.8249139409724022,0.0,,,EXPLOIT
1294,59,,,0,1,1,0,common,1.0,0.11547808204704102,0.29059664264220414,0.30463179197512424,0.0,0.8271200938991475,0.0,,,EXPLOIT
1295,59,,,0,1,1,0,common,1.0,0.07506075333057671,0.26173920740781886,0.23576048038175998,0.0,0.8292500944367802,0.0,,,EXPLOIT
1296,59,,,0,1,1,0,common,0.0,0.9512105103351252,0.2440856808450635,0.4503954893677695,0.0,0.8313077164938482,0.0,,,EXPLOIT
1297,59,,,0,0,0,0,common,1.0,0.7098409202139188,0.5166823994889296,0.5282291186216143,0.0,0.8239025485504724,0.0,,,EXPLOIT
1298,59,,,0,1,1,0,common,1.0,0.3817131682821686,0.6806077435142939,0.48427433351978055,0.0,0.8261440161497561,0.0,,,EXPLOIT
1299,59,,,0,1,1,0,common,1.0,0.24811355938340962,0.6098238352581549,0.41342610127886925,0.0,0.8283075602958878,0.0,,,EXPLOIT
1300,59,,,0,1,1,0,common,1.0,0.16127381359921622,0.5409478744171878,0.33778041497497335,0.0,0.8303970712882629,0.0,,,EXPLOIT
1301,59,,,0,1,1,0,common,0.0,0.8951720211605094,0.49151497384443127,0.5049978968306341,0.0,0.8229199444871661,0.0,,,EXPLOIT
1302,59,,,0,1,1,0,common,1.0,0.4181381862456688,0.6894185604193734,0.47893998365514445,0.0,0.8251959642161885,0.0,,,EXPLOIT
1303,59,,,0,1,1,0,common,1.0,0.27178982105968474,0.6261041760415973,0.41679493487650654,0.0,0.8273923149595916,0.0,,,EXPLOIT
1304,59,,,0,1,1,0,common,1.0,0.17666338368879508,0.553963149279685,0.3447554695201931,0.0,0.8295130025596846,0.0,,,EXPLOIT
1305,59,,,0,1,1,0,common,1.0,0.1148311993977168,0.5004096910893885,0.2757781884834502,0.0,0.8315617689240636,0.0,,,EXPLOIT
1306,59,,,0,1,1,0,common,1.0,0.07464027960851594,0.46452613135953746,0.2154368158209699,0.0,0.8335421134136813,0.0,,,EXPLOIT
1307,59,,,0,1,1,0,common,1.0,0.0485161817455354,0.44116488782652463,0.16536062559833956,0.0,0.8354573121842396,0.0,,,EXPLOIT
1308,59,,,0,1,1,0,common,0.0,0.968464481865402,0.4260642394494001,0.4062917824784583,0.0,0.837310435705808,0.0,,,EXPLOIT
1309,59,,,0,1,1,0,common,0.0,0.6295019132125113,0.676891224197701,0.47325482169867417,0.0,0.839104364657772,0.0,,,EXPLOIT
1310,59,,,0,1,1,0,common,0.0,0.4091762435881323,0.6607343375364716,0.45403124826551156,0.0,0.8408418043722035,0.0,,,EXPLOIT
1311,59,,,0,0,0,0,common,0.0,0.5386034018609528,0.5639920252944388,0.4794028943441439,0.0,0.8425252979779937,0.0,,,EXPLOIT
1312,59,,,0,1,1,0,common,1.0,0.734035441667714,0.6791901272687414,0.5557926585412148,0.0,0.8359774875621139,0.0,,,EXPLOIT
1313,59,,,0,1,1,0,common,1.0,0.47712303708401405,0.6368231477065657,0.5321917721040546,0.0,0.8289357513852076,0.0,,,EXPLOIT
1314,59,,,0,1,1,0,common,1.0,0.3101299741046091,0.5064212678272116,0.4655732327042209,0.0,0.8310039841676274,0.0,,,EXPLOIT
1315,59,,,0,1,1,0,common,0.0,0.7984155168320041,0.40977985434680964,0.5654259179425558,0.0,0.8235748548580988,0.0,,,EXPLOIT
1316,59,,,0,1,1,0,common,1.0,0.48102991405919737,0.6392038850600279,0.5401071167775483,0.0,0.81554733128968,0.0,,,EXPLOIT
1317,59,,,0,0,0,0,common,0.0,0.3500922112096193,0.50866455284168,0.48310264510716955,0.0,0.8180902202562143,0.0,,,EXPLOIT
1318,59,,,0,0,0,0,common,0.0,0.22755993728625257,0.3997740857249949,0.40643983276089446,0.0,0.8205395452423369,0.0,,,EXPLOIT
1319,59,,,0,1,1,0,common,1.0,0.3126694441384783,0.33295841411955035,0.37830871617416956,0.0,0.8229002598287422,0.0,,,EXPLOIT
1320,59,,,0,1,1,0,common,1.0,0.20323513869001086,0.25217454933415107,0.32578664292892195,0.0,0.8251769741887558,0.0,,,EXPLOIT
1321,59,,,0,1,1,0,common,1.0,0.13210284014850704,0.20770080582120828,0.26768150209479746,0.0,0.8273739843430022,0.0,,,EXPLOIT
1322,59,,,0,1,1,0,common,1.0,0.08586684609652961,0.18223451222289583,0.2131371052953171,0.0,0.8294952984735265,0.0,,,EXPLOIT
1323,59,,,0,1,1,0,common,1.0,0.05581344996274429,0.16708725580202777,0.16594000869554526,0.0,0.8315446606365241,0.0,,,EXPLOIT
1324,59,,,0,1,1,0,common,0.0,0.9637212575242162,0.15781509727980306,0.40527438334414656,0.0,0.8335255721688456,0.0,,,EXPLOIT
1325,59,,,0,1,1,0,common,1.0,0.37358118260925943,0.38358264172280665,0.3957664231236804,0.0,0.8354413110457822,0.0,,,EXPLOIT
1326,59,,,0,1,1,0,common,1.0,0.24282776869601863,0.27972568155010286,0.3498848267953818,0.0,0.8372949494152935,0.0,,,EXPLOIT
1327,59,,,0,1,1,0,common,1.0,0.1578380496524121,0.22304295563739582,0.29227079365249087,0.0,0.8390893695059921,0.0,,,EXPLOIT
1328,59,,,0,1,1,0,common,1.0,0.1025947322740679,0.1911409031609956,0.23536797523896397,0.0,0.8408272780821757,0.0,,,EXPLOIT
1329,59,,,0,1,1,0,common,1.0,0.06668657597814409,0.17244241124141926,0.18476355546071802,0.0,0.842511219598405,0.0,,,EXPLOIT
1330,59,,,0,1,1,0,common,1.0,0.04334627438579364,0.16111847181931746,0.1423383711382407,0.0,0.8441435881881092,0.0,,,EXPLOIT
1331,59,,,0,1,1,0,common,1.0,0.028175078350765825,0.1540980130339232,0.10808938330199823,0.0,0.8457266386050327,0.0,,,EXPLOIT
1332,59,,,0,1,1,0,common,0.0,0.9816861990720022,0.14967520963119224,0.37016842803299943,0.0,0.8472624962227038,0.0,,,EXPLOIT
1333,59,,,0,1,1,0,common,1.0,0.36190397060319857,0.37362192587496756,0.3676890908040592,0.0,0.8487531661851978,0.0,,,EXPLOIT
1334,59,,,0,1,1,0,common,1.0,0.23523758089207902,0.2742913756808497,0.32795363783046516,0.0,0.8502005417920645,0.0,,,EXPLOIT
1335,59,,,0,1,1,0,common,1.0,0.15290442757985134,0.22003625657049775,0.275438874755281,0.0,0.8516064121911644,0.0,,,EXPLOIT
1336,59,,,0,1,1,0,common,1.0,0.0993878779269034,0.1894067530443261,0.22262357570676772,0.0,0.8529724694451578,0.0,,,EXPLOIT
1337,59,,,0,1,1,0,common,1.0,0.06460212065248716,0.17140489878368634,0.17521713919048354,0.0,0.8543003150303432,0.0,,,EXPLOIT
1338,59,,,0,1,1,0,common,1.0,0.0419913784241166,0.1604807191777942,0.13524941096057347,0.0,0.8555914658203443,0.0,,,EXPLOIT
1339,59,,,0,1,1,0,common,1.0,0.027294395975675845,0.15369855895530768,0.10286290646510417,0.0,0.8568473596016642,0.0,,,EXPLOIT
1340,59,,,0,1,1,0,common,1.0,0.01774135738418925,0.14942182414993432,0.07732644174082969,0.0,0.8580693601632838,0.0,,,EXPLOIT
1341,59,,,0,1,1,0,common,1.0,0.011531882299723017,0.14669673873109224,0.05758807390849768,0.0,0.8592587619981966,0.0,,,EXPLOIT
1342,59,,,0,1,1,0,common,0.0,0.99250427650518,0.1449483471980767,0.33806293468750237,0.0,0.8604167946509672,0.0,,,EXPLOIT
1343,59,,,0,1,1,0,common,0.0,0.645127779728367,0.3676774949964255,0.43018238819976173,0.0,0.8615446267420163,0.0,,,EXPLOIT
1344,59,,,0,1,1,0,common,1.0,0.5806669431765614,0.5649926601430089,0.47532775469280164,0.0,0.8626433696963395,0.0,,,EXPLOIT
1345,59,,,0,1,1,0,common,1.0,0.3774335130647649,0.38689178890629583,0.4459594822043906,0.0,0.8637140812016731,0.0,,,EXPLOIT
1346,59,,,0,1,1,0,common,1.0,0.24533178349209717,0.2815341236743216,0.3857711725907025,0.0,0.8647577684187411,0.0,,,EXPLOIT
1347,59,,,0,1,1,0,common,0.0,0.8405343407301369,0.22404170769652795,0.5222001230325328,0.0,0.859751452916004,0.0,,,EXPLOIT
1348,59,,,0,1,1,0,common,1.0,0.453652678525411,0.4540728288311586,0.5016358896803963,0.0,0.8544162112051373,0.0,,,EXPLOIT
1349,59,,,0,1,1,0,common,1.0,0.29487424104151716,0.318863966671045,0.43960739508873253,0.0,0.855704180187238,0.0,,,EXPLOIT
1350,59,,,0,1,1,0,common,1.0,0.19166825667698617,0.2445010921945001,0.3652256535652086,0.0,0.8569570159514798,0.0,,,EXPLOIT
1351,59,,,0,1,1,0,common,1.0,0.12458436684004104,0.20337752731491016,0.29303326754765835,0.0,0.8581760759606143,0.0,,,EXPLOIT
1352,59,,,0,1,1,0,common,0.0,0.9190201615539734,0.17969727086081796,0.48082933574955283,0.0,0.8593626487805579,0.0,,,EXPLOIT
1353,59,,,0,1,1,0,common,0.0,0.5973631050100827,0.40879240931521904,0.5157894665277118,0.0,0.8540014208322491,0.0,,,EXPLOIT
1354,59,,,0,0,0,0,common,0.0,0.14791395923606418,0.5896944885846296,0.40542681434021755,0.0,0.8553007929841225,0.0,,,EXPLOIT
1355,59,,,0,1,1,0,common,1.0,0.6117139817434463,0.5477303562816447,0.4673129645611861,0.0,0.8565645876161758,0.0,,,EXPLOIT
1356,59,,,0,0,0,0,common,0.0,0.09614407350344173,0.36010836296536314,0.35596229724386275,0.0,0.8577941849301077,0.0,,,EXPLOIT
1357,59,,,0,1,1,0,common,0.0,0.6023859118667599,0.33257722876994406,0.42988938163073187,0.0,0.858990894794,0.0,,,EXPLOIT
1358,59,,,0,0,0,0,common,0.0,0.06249364777723713,0.5158667617389167,0.3196706614746834,0.0,0.8601559611676154,0.0,,,EXPLOIT
1359,59,,,0,1,1,0,common,1.0,0.608449157286606,0.49653339257758566,0.40630421021826013,0.0,0.861290566197711,0.0,,,EXPLOIT
1360,59,,,0,1,1,0,common,1.0,0.39549195223629396,0.31366705101837405,0.40306053282367027,0.0,0.8623958340117274,0.0,,,EXPLOIT
1361,59,,,0,1,1,0,common,1.0,0.2570697689535911,0.21814624083362696,0.3592633036626465,0.0,0.8634728342354523,0.0,,,EXPLOIT
1362,59,,,0,1,1,0,common,1.0,0.1670953498198342,0.16903550384935176,0.30161291750980285,0.0,0.8645225852578122,0.0,,,EXPLOIT
1363,59,,,0,1,1,0,common,1.0,0.10861197738289219,0.14230730573287959,0.24371263547172964,0.0,0.865546057263744,0.0,,,EXPLOIT
1364,59,,,0,1,1,0,common,0.0,0.92940221470112,0.12695192830288712,0.44941950924054674,0.0,0.866544175054147,0.0,,,EXPLOIT
1365,59,,,0,0,0,0,common,0.0,0.040620871055204136,0.313974411447716,0.326779917784944,0.0,0.8675178206701502,0.0,,,EXPLOIT
1366,59,,,0,1,1,0,common,0.0,0.6041114395557281,0.30306932528485514,0.40997937431617915,0.0,0.8684678358373547,0.0,,,EXPLOIT
1367,59,,,0,1,1,0,common,1.0,0.6073275642887768,0.48285937811476104,0.4691838313079584,0.0,0.8693950242443003,0.0,,,EXPLOIT
1368,59,,,0,1,1,0,common,1.0,0.3947629167877049,0.30221596476930307,0.44685755695188234,0.0,0.8703001536681214,0.0,,,EXPLOIT
1369,59,,,0,1,1,0,common,1.0,0.25659589591200826,0.209435727961775,0.38977905863992013,0.0,0.8711839579592238,0.0,,,EXPLOIT
1370,59,,,0,1,1,0,common,1.0,0.1667873323428054,0.16203092067084407,0.3228815407507857,0.0,0.8720471388957628,0.0,,,EXPLOIT
1371,59,,,0,1,1,0,common,1.0,0.10841176602282354,0.13630370386819873,0.258540608332397,0.0,0.872890367917788,0.0,,,EXPLOIT
1372,59,,,0,1,1,0,common,0.0,0.9295323520851647,0.1215447001525363,0.4598381314582273,0.0,0.8737142877500614,0.0,,,EXPLOIT
1373,59,,,0,0,0,0,common,0.0,0.026403566185882688,0.30300514564700687,0.3298077618765239,0.0,0.8745195139218005,0.0,,,EXPLOIT
1374,59,,,0,1,1,0,common,1.0,0.39580397114464294,0.2960445295296024,0.3496066246569596,0.0,0.8753066361909033,0.0,,,EXPLOIT
1375,59,,,0,1,1,0,common,1.0,0.257272581244018,0.20448426529337071,0.3219064116330771,0.0,0.8760762198795892,0.0,,,EXPLOIT
1376,59,,,0,1,1,0,common,1.0,0.16722717780861163,0.15790629984981974,0.27550264148573744,0.0,0.8768288071278133,0.0,,,EXPLOIT
1377,59,,,0,1,1,0,common,1.0,0.10869766557559757,0.13268618009164615,0.22546114871269546,0.0,0.8775649180703053,0.0,,,EXPLOIT
1378,59,,,0,0,0,0,common,0.0,0.01716231802082375,0.11823735778122901,0.16297149950513393,0.0,0.8782850519426032,0.0,,,EXPLOIT
1379,59,,,0,1,1,0,common,1.0,0.0706534826241384,0.11608763731599213,0.13527609444083527,0.0,0.8789896881210321,0.0,,,EXPLOIT
1380,59,,,0,1,1,0,common,1.0,0.045924763705689986,0.10759910245182494,0.10847069522029168,0.0,0.879679287101184,0.0,,,EXPLOIT
1381,59,,,0,0,0,0,common,0.0,0.011155506713535436,0.10238357500165843,0.0792761386682648,0.0,0.8803542914191008,0.0,,,EXPLOIT
1382,59,,,0,1,1,0,common,1.0,0.02985109640869854,0.10115148622379594,0.06444862599039491,0.0,0.8810151265190365,0.0,,,EXPLOIT
1383,59,,,0,1,1,0,common,0.0,0.980596787334346,0.09791998895544594,0.3392930743935802,0.0,0.8816622015713761,0.0,,,EXPLOIT
1384,59,,,0,1,1,0,common,1.0,0.3626120882326751,0.2649506831126137,0.34628877854530865,0.0,0.882295910244026,0.0,,,EXPLOIT
1385,59,,,0,1,1,0,common,0.0,0.7643021426487612,0.1870732084246399,0.4716927877763444,0.0,0.8829166314303266,0.0,,,EXPLOIT
1386,59,,,0,1,1,0,common,1.0,0.5032036072783053,0.3741622649744758,0.48114603362693265,0.0,0.8835247299363251,0.0,,,EXPLOIT
1387,59,,,0,0,0,0,common,0.0,0.007251079363798034,0.24107557454406647,0.33897754734799224,0.0,0.8841205571300295,0.0,,,EXPLOIT
1388,59,,,0,1,1,0,common,1.0,0.32708234473089837,0.23943195475451304,0.33540898656286405,0.0,0.8847044515550744,0.0,,,EXPLOIT
1389,59,,,0,1,1,0,common,1.0,0.21260352407508398,0.17380215685870115,0.29856734781653005,0.0,0.885276739511055,0.0,,,EXPLOIT
1390,59,,,0,1,1,0,common,1.0,0.13819229064880456,0.13964497784500798,0.2504548306662124,0.0,0.8858377356026222,0.0,,,EXPLOIT
1391,59,,,0,1,1,0,common,1.0,0.08982498892172297,0.1206848811350308,0.20226587814286554,0.0,0.886387743259281,0.0,,,EXPLOIT
1392,59,,,0,1,1,0,common,1.0,0.05838624279911997,0.1096126253480948,0.15910198753974186,0.0,0.8869270552277051,0.0,,,EXPLOIT
1393,59,,,0,1,1,0,common,1.0,0.03795105781942798,0.1029107400029845,0.1227567086236477,0.0,0.8874559540382405,0.0,,,EXPLOIT
1394,59,,,0,1,1,0,common,1.0,0.02466818758262823,0.09875435800130494,0.09333015231134185,0.0,0.8879747124471714,0.0,,,EXPLOIT
1395,59,,,0,1,1,0,common,0.0,0.9839656780712916,0.09613459300131881,0.3605208100393268,0.0,0.8884835938561987,0.0,,,EXPLOIT
1396,59,,,0,1,1,0,common,1.0,0.3604223092536605,0.26168113969937434,0.3604912598036269,0.0,0.8889828527104918,0.0,,,EXPLOIT
1397,59,,,0,0,0,0,common,0.0,0.004713201586468723,0.18496992223784564,0.2537578423384794,0.0,0.8894727348765803,0.0,,,EXPLOIT
1398,59,,,0,1,1,0,common,1.0,0.23427450101487934,0.18409971173364195,0.2479128399413994,0.0,0.8899534780012653,0.0,,,EXPLOIT
1399,59,,,0,1,1,0,common,1.0,0.15227842565967153,0.1449191842105352,0.21922251565688103,0.0,0.8904253118526544,0.0,,,EXPLOIT
1400,59,,,0,1,1,0,common,1.0,0.09898097667878647,0.12347058951443074,0.18315005396345266,0.0,0.8908884586443496,0.0,,,EXPLOIT
1401,59,,,0,1,1,0,common,1.0,0.06433763484121124,0.11107220076479751,0.14750632822678023,0.0,0.8913431333437533,0.0,,,EXPLOIT
1402,59,,,0,1,1,0,common,1.0,0.041819462646787264,0.1036201736331184,0.11580026855278233,0.0,0.8917895439653885,0.0,,,EXPLOIT
1403,59,,,0,1,1,0,common,1.0,0.027182650720411705,0.0990202987500046,0.08921498320307114,0.0,0.8922278918500821,0.0,,,EXPLOIT
1404,59,,,0,1,1,0,common,1.0,0.017668722968267603,0.0961300310067937,0.06775110513263008,0.0,0.8926583719307941,0.0,,,EXPLOIT
1405,59,,,0,1,1,0,common,1.0,0.011484669929373914,0.09429252715440521,0.05087117457165322,0.0,0.893081172985836,0.0,,,EXPLOIT
1406,59,,,0,1,1,0,common,1.0,0.00746503545409305,0.09311528930234939,0.03784933283638517,0.0,0.8934964778801685,0.0,,,EXPLOIT
1407,59,,,0,0,0,0,common,1.0,0.9969364189687954,0.09235725650566969,0.3255754586761082,0.0,0.89390446379543,0.0,,,EXPLOIT
1408,59,,,0,1,1,0,common,1.0,0.004852273045160449,0.2560150691924199,0.22935850298682386,0.0,0.8943053024493037,0.0,,,EXPLOIT
1409,59,,,0,1,1,0,common,0.0,0.9968460225206457,0.25486536877762855,0.4596047588469704,0.0,0.8946991603047962,0.0,,,EXPLOIT
1410,59,,,0,1,1,0,common,1.0,0.3520500853615802,0.5444952532497565,0.42733835680135335,0.0,0.8950861987699639,0.0,,,EXPLOIT
1411,59,,,0,1,1,0,common,1.0,0.22883255548502712,0.43555519566251943,0.3677866164064555,0.0,0.8954665743885935,0.0,,,EXPLOIT
1412,59,,,0,0,0,0,common,1.0,0.6480086723297169,0.3659493432740533,0.45185323318343396,0.0,0.8958404390223097,0.0,,,EXPLOIT
1413,59,,,0,1,1,0,common,0.0,0.8512588389347324,0.5641351963800126,0.5716749149088234,0.0,0.8926422166689316,0.0,,,EXPLOIT
1414,59,,,0,1,1,0,common,1.0,0.4466817546924239,0.6918507982471261,0.5341769668439035,0.0,0.8892764443685428,0.0,,,EXPLOIT
1415,59,,,0,0,0,0,common,0.0,0.578794362985684,0.6600355535759651,0.5475621856864377,0.0,0.8857297853737032,0.0,,,EXPLOIT
1416,59,,,0,1,1,0,common,0.0,0.7096568594499244,0.5120128452148522,0.5961905878154836,0.0,0.8819874491577459,0.0,,,EXPLOIT
1417,59,,,0,1,1,0,common,1.0,0.5387230413575491,0.6788832993926007,0.5789503238781033,0.0,0.878032987771437,0.0,,,EXPLOIT
1418,59,,,0,0,0,0,common,0.0,0.3762163359406946,0.5631908223648938,0.5181301274968807,0.0,0.8738480569816666,0.0,,,EXPLOIT
1419,59,,,0,1,1,0,common,0.0,0.6498300231175931,0.4479422024403297,0.5576400961830944,0.0,0.8694121348756116,0.0,,,EXPLOIT
1420,59,,,0,0,0,0,common,0.0,0.2445406183614515,0.6336750678225027,0.4637102528366015,0.0,0.8703168592522081,0.0,,,EXPLOIT
1421,59,,,0,0,0,0,common,0.0,0.15895140193494348,0.571487566259141,0.37228259756610405,0.0,0.8712002718960066,0.0,,,EXPLOIT
1422,59,,,0,1,1,0,common,1.0,0.5776104849735645,0.5245990687022213,0.4338809637883422,0.0,0.8720630740028116,0.0,,,EXPLOIT
1423,59,,,0,1,1,0,common,1.0,0.375446815232817,0.3477039484645734,0.4163507192216846,0.0,0.8729059364616345,0.0,,,EXPLOIT
1424,59,,,0,1,1,0,common,1.0,0.244040429901331,0.249641244386752,0.3646576324255785,0.0,0.8737295014755135,0.0,,,EXPLOIT
1425,59,,,0,1,1,0,common,1.0,0.15862627943586516,0.1974291820873582,0.3028482265286645,0.0,0.8745343840794044,0.0,,,EXPLOIT
1426,59,,,0,1,1,0,common,1.0,0.10310708163331239,0.16840301657752824,0.24292588306005886,0.0,0.8753211735626892,0.0,,,EXPLOIT
1427,59,,,0,1,1,0,common,1.0,0.067019603061653,0.1515053512265551,0.1901539990605371,0.0,0.8760904348032234,0.0,,,EXPLOIT
1428,59,,,0,1,1,0,common,1.0,0.04356274199007448,0.14131272932539413,0.14617662193939832,0.0,0.8768427095192725,0.0,,,EXPLOIT
1429,59,,,0,1,1,0,common,1.0,0.028315782293548364,0.13500898619645424,0.11081837004564332,0.0,0.8775785174451756,0.0,,,EXPLOIT
1430,59,,,0,1,1,0,common,1.0,0.01840525849080643,0.13104372090555313,0.08309443657919226,0.0,0.8782983574361003,0.0,,,EXPLOIT
1431,59,,,0,1,1,0,common,1.0,0.01196341801902423,0.128521114728132,0.06175513101114184,0.0,0.8790027085068337,0.0,,,EXPLOIT
1432,59,,,0,1,1,0,common,0.0,0.9922237782876342,0.1269042960160945,0.34089572519408956,0.0,0.8796920308091529,0.0,,,EXPLOIT
1433,59,,,0,1,1,0,common,0.0,0.6449454558869623,0.3311890596320887,0.43211064440195135,0.0,0.8803667665519753,0.0,,,EXPLOIT
1434,59,,,0,1,1,0,common,1.0,0.5807854536734744,0.5273600025228065,0.4767130871834082,0.0,0.8810273408681578,0.0,,,EXPLOIT
1435,59,,,0,1,1,0,common,1.0,0.3775105448877585,0.3493986266379644,0.4469523244947132,0.0,0.8816741626315179,0.0,,,EXPLOIT
1436,59,,,0,1,1,0,common,1.0,0.24538185417704306,0.25053571723859136,0.3864811833994122,0.0,0.8823076252273827,0.0,,,EXPLOIT
1437,59,,,0,1,1,0,common,1.0,0.15949820521507796,0.19791532558350539,0.3183862899441119,0.0,0.8829281072797188,0.0,,,EXPLOIT
1438,59,,,0,1,1,0,common,1.0,0.10367383338980063,0.16868049538900812,0.2539725529778185,0.0,0.8835359733376694,0.0,,,EXPLOIT
1439,59,,,0,0,0,0,common,0.0,0.10331841125771327,0.15167030774058415,0.20877631046178693,0.0,0.8841315745241235,0.0,,,EXPLOIT
1440,59,,,0,0,0,0,common,0.0,0.06715696731751362,0.13619324508575079,0.16629050751850494,0.0,0.8847152491487379,0.0,,,EXPLOIT
1441,59,,,0,1,1,0,common,1.0,0.0673879917033704,0.1268833265636532,0.13661975277396457,0.0,0.8852873232876686,0.0,,,EXPLOIT
1442,59,,,0,1,1,0,common,1.0,0.0438021946071907,0.11810696596803155,0.1087744853239324,0.0,0.8858481113321017,0.0,,,EXPLOIT
1443,59,,,0,1,1,0,common,0.0,0.9715285735053261,0.1126943731257973,0.36760071177835046,0.0,0.8863979165075226,0.0,,,EXPLOIT
1444,59,,,0,1,1,0,common,0.0,0.631493572778462,0.2954408869996796,0.4467685700783839,0.0,0.8869370313655315,0.0,,,EXPLOIT
1445,59,,,0,1,1,0,common,1.0,0.5895291776939997,0.4823679985784317,0.48959675236306865,0.0,0.8874657382498827,0.0,,,EXPLOIT
1446,59,,,0,1,1,0,common,1.0,0.38319396550109985,0.30653679769222364,0.45767591630447796,0.0,0.8879843097383097,0.0,,,EXPLOIT
1447,59,,,0,1,1,0,common,1.0,0.24907607757571493,0.21517315457296562,0.395095964685849,0.0,0.8884930090615917,0.0,,,EXPLOIT
1448,59,,,0,1,1,0,common,1.0,0.16189945042421472,0.16797584884893363,0.3251370104073587,0.0,0.8889920905012182,0.0,,,EXPLOIT
1449,59,,,0,1,1,0,common,1.0,0.10523464277573957,0.14216052352898662,0.25916630011787295,0.0,0.889481799766915,0.0,,,EXPLOIT
1450,59,,,0,1,1,0,common,1.0,0.06840251780423068,0.12727336835302056,0.20193716542378026,0.0,0.889962374355211,0.0,,,EXPLOIT
1451,59,,,0,1,1,0,common,1.0,0.04446163657274993,0.11834486928869176,0.15469450676847116,0.0,0.8904340438901501,0.0,,,EXPLOIT
1452,59,,,0,1,1,0,common,1.0,0.028900063772287488,0.11284265704688785,0.11695617386961606,0.0,0.8908970304471743,0.0,,,EXPLOIT
1453,59,,,0,1,1,0,common,1.0,0.018785041451986895,0.10938941211748347,0.0875048341443273,0.0,0.8913515488611391,0.0,,,EXPLOIT
1454,59,,,0,1,1,0,common,1.0,0.01221027694379151,0.10719571942941147,0.06491646698416656,0.0,0.8917978070193653,0.0,,,EXPLOIT
1455,59,,,0,1,1,0,common,1.0,0.007936680013464481,0.10579102036817481,0.04782253089295593,0.0,0.8922360061405634,0.0,,,EXPLOIT
1456,59,,,0,1,1,0,common,1.0,0.00515884200875194,0.1048868381203698,0.035023424227694736,0.0,0.8926663410404218,0.0,,,EXPLOIT
1457,59,,,0,1,1,0,common,1.0,0.0033532473056887557,0.10430284471547263,0.02552237115109294,0.0,0.8930890003845948,0.0,,,EXPLOIT
1458,59,,,0,1,1,0,common,1.0,0.002179610748697658,0.10392481640974852,0.018519543030374352,0.0,0.8935041669297862,0.0,,,EXPLOIT
1459,59,,,0,1,1,0,common,0.0,0.9985832530133465,0.10367975847597923,0.312538656025266,0.0,0.8939120177535712,0.0,,,EXPLOIT
1460,59,,,0,1,1,0,common,0.0,0.6490791144586752,0.28249576435693186,0.4135007935552887,0.0,0.8943127244735707,0.0,,,EXPLOIT
1461,59,,,0,0,0,0,common,1.0,0.9563479712436161,0.4721432134441451,0.5763549468617869,0.0,0.891034993626069,0.0,,,EXPLOIT
1462,59,,,0,1,1,0,common,1.0,0.5780985756018611,0.6893721860654705,0.5768780354838091,0.0,0.887583428138256,0.0,,,EXPLOIT
1463,59,,,0,1,1,0,common,0.0,0.6242359258587902,0.585442695133059,0.5910854025963034,0.0,0.8839440111311624,0.0,,,EXPLOIT
1464,59,,,0,0,0,0,common,1.0,0.6216261813083506,0.6916501475342518,0.6002476362099175,0.0,0.8801011773846711,0.0,,,EXPLOIT
1465,59,,,0,1,1,0,common,0.0,0.4057533518082136,0.6257196324784986,0.5418993508894063,0.0,0.876037593466882,0.0,,,EXPLOIT
1466,59,,,0,0,0,0,common,0.0,0.5959429821495722,0.5131018238008341,0.5581124402674561,0.0,0.8717338993012393,0.0,,,EXPLOIT
1467,59,,,0,1,1,0,common,0.0,0.2637396786753389,0.6634912649368462,0.4698006117898209,0.0,0.8725843469388262,0.0,,,EXPLOIT
1468,59,,,0,1,1,0,common,1.0,0.8285692088610297,0.607922159485309,0.5774311909111836,0.0,0.8680711979695468,0.0,,,EXPLOIT
1469,59,,,0,0,0,0,common,1.0,0.6126370616027781,0.682294535494075,0.5879929521186619,0.0,0.8632767975669313,0.0,,,EXPLOIT
1470,59,,,0,0,0,0,common,0.0,0.6017859099581943,0.6552473478660377,0.5921308394705216,0.0,0.8581742755478573,0.0,,,EXPLOIT
1471,59,,,0,1,1,0,common,1.0,0.5385699857596693,0.6833683438633329,0.5760625833572659,0.0,0.8527332266177272,0.0,,,EXPLOIT
1472,59,,,0,1,1,0,common,1.0,0.35007049074378505,0.5752435182550009,0.5082649555732216,0.0,0.8469191092284332,0.0,,,EXPLOIT
1473,59,,,0,1,1,0,common,1.0,0.22754581898346027,0.4694179922806183,0.4240492145962932,0.0,0.8484198310857811,0.0,,,EXPLOIT
1474,59,,,0,1,1,0,common,1.0,0.1479047823392492,0.39876134951444503,0.34120588491917997,0.0,0.8498768397022666,0.0,,,EXPLOIT
1475,59,,,0,0,0,0,common,0.0,0.39116084147282626,0.35473826879479875,0.35619237188527386,0.0,0.851291947145037,0.0,,,EXPLOIT
1476,59,,,0,0,0,0,common,1.0,0.7457454530426629,0.25166749776855923,0.4730582962324905,0.0,0.8526668668492723,0.0,,,EXPLOIT
1477,59,,,0,1,1,0,common,1.0,0.09613810852051197,0.4628783649306234,0.3599822399188969,0.0,0.8540032202406211,0.0,,,EXPLOIT
1478,59,,,0,1,1,0,common,1.0,0.06248977053833282,0.43282530560590204,0.27073449910472763,0.0,0.8553025428311158,0.0,,,EXPLOIT
1479,59,,,0,0,0,0,common,0.0,0.5152654555222691,0.41347589836723675,0.3440937860299901,0.0,0.8565662898367631,0.0,,,EXPLOIT
1480,59,,,0,1,1,0,common,1.0,0.040618350849916385,0.26891455686122406,0.25305115547596796,0.0,0.8577958413600317,0.0,,,EXPLOIT
1481,59,,,0,1,1,0,common,0.0,0.9735980719475543,0.25906611778480126,0.46921523041744384,0.0,0.8589925071760571,0.0,,,EXPLOIT
1482,59,,,0,1,1,0,common,1.0,0.36716125323408966,0.5428298522856776,0.43859903726243754,0.0,0.8601575311574652,0.0,,,EXPLOIT
1483,59,,,0,1,1,0,common,1.0,0.23865481460215832,0.42911388045856064,0.37861577046435374,0.0,0.8612920953692577,0.0,,,EXPLOIT
1484,59,,,0,1,1,0,common,1.0,0.15512562949140296,0.35701920375690777,0.3115687281724685,0.0,0.862397323862106,0.0,,,EXPLOIT
1485,59,,,0,1,1,0,common,1.0,0.10083165916941195,0.3133892858987083,0.24834760747155152,0.0,0.8634742861896546,0.0,,,EXPLOIT
1486,59,,,0,1,1,0,common,1.0,0.06554057846011774,0.28678978385077064,0.19350549876812137,0.0,0.8645240006729823,0.0,,,EXPLOIT
1487,59,,,0,1,1,0,common,0.0,0.9573986240009235,0.27030854813844907,0.42267343633796195,0.0,0.8655474374331705,0.0,,,EXPLOIT
1488,59,,,0,0,0,0,common,0.0,0.3349225460894749,0.551738334606679,0.3963481692634158,0.0,0.8665455212109769,0.0,,,EXPLOIT
1489,59,,,0,1,1,0,common,1.0,0.37769089439939973,0.44854986414285214,0.39075098680421094,0.0,0.8675191339908455,0.0,,,EXPLOIT
1490,59,,,0,1,1,0,common,1.0,0.24549908135960985,0.33505851898918193,0.3471754151708306,0.0,0.8684691174449147,0.0,,,EXPLOIT
1491,59,,,0,1,1,0,common,1.0,0.15957440288374647,0.2701326313253455,0.29089511148470537,0.0,0.8693962752112651,0.0,,,EXPLOIT
1492,59,,,0,1,1,0,common,1.0,0.1037233618744352,0.23280028527821958,0.2347435866016243,0.0,0.8703013750193768,0.0,,,EXPLOIT
1493,59,,,0,1,1,0,common,0.0,0.9325798147816171,0.21067595244818246,0.4440944550556221,0.0,0.8711851506746195,0.0,,,EXPLOIT
1494,59,,,0,1,1,0,common,1.0,0.3938231203919489,0.4629851126787496,0.4290130546565201,0.0,0.872048303912561,0.0,,,EXPLOIT
1495,59,,,0,1,1,0,common,1.0,0.25598502825476677,0.343549841117375,0.3771046467359941,0.0,0.8728915061329536,0.0,,,EXPLOIT
1496,59,,,0,1,1,0,common,1.0,0.16639026836559845,0.27495934476527895,0.31389033322487536,0.0,0.8737154000224058,0.0,,,EXPLOIT
1497,59,,,0,1,1,0,common,1.0,0.10815367443763901,0.235615902966789,0.25216933558870447,0.0,0.8745206010739897,0.0,,,EXPLOIT
1498,59,,,0,1,1,0,common,1.0,0.07029988838446533,0.21236946164535253,0.19760850142743272,0.0,0.8753076990113415,0.0,,,EXPLOIT
1499,59,,,0,1,1,0,common,1.0,0.045694927449902445,0.19823809629543432,0.15203442923417362,0.0,0.8760772591241849,0.0,,,EXPLOIT
1500,59,,,0,1,1,0,common,1.0,0.02970170284243656,0.1894603787279488,0.1153346113166525,0.0,0.8768298235216376,0.0,,,EXPLOIT
1501,59,,,0,1,1,0,common,0.0,0.9806938931524163,0.1839248093271606,0.3749423958673816,0.0,0.8775659123091496,0.0,,,EXPLOIT
1502,59,,,0,1,1,0,common,1.0,0.3625489694509294,0.4350432094733345,0.37122436794244595,0.0,0.8782860246944433,0.0,,,EXPLOIT
1503,59,,,0,1,1,0,common,1.0,0.23565683014310412,0.327192972672882,0.3305541066026434,0.0,0.8789906400274051,0.0,,,EXPLOIT
1504,59,,,0,1,1,0,common,0.0,0.8468230604069823,0.26565522289675625,0.4854347927439451,0.0,0.8796802187784856,0.0,,,EXPLOIT
1505,59,,,0,0,0,0,common,1.0,0.7823003450418413,0.5126336516466667,0.5744944584333139,0.0,0.8755920801781822,0.0,,,EXPLOIT
1506,59,,,0,0,0,0,common,0.0,0.4915047757228031,0.6862495846717274,0.5495975536201607,0.0,0.8712616430838288,0.0,,,EXPLOIT
1507,59,,,0,1,1,0,common,0.0,0.5504349892645385,0.5968567148675828,0.5498487843134741,0.0,0.8666669477273857,0.0,,,EXPLOIT
1508,59,,,0,0,0,0,common,0.0,0.31947810421982203,0.6902212784821664,0.4807375802853784,0.0,0.867637600487567,0.0,,,EXPLOIT
1509,59,,,0,0,0,0,common,0.0,0.20766076774288433,0.6500271696310378,0.39881453652263016,0.0,0.8685847250840674,0.0,,,EXPLOIT
1510,59,,,0,0,0,0,common,0.0,0.13497949903287482,0.602919539131603,0.3196640252757036,0.0,0.8695091206127257,0.0,,,EXPLOIT
1511,59,,,0,1,1,0,common,0.0,0.35778274302195,0.5661165561192429,0.3310996405995775,0.0,0.8704115505130146,0.0,,,EXPLOIT
1512,59,,,0,0,0,0,common,0.0,0.08773667437136863,0.6528964890163462,0.2580907507311148,0.0,0.8712927445359049,0.0,,,EXPLOIT
1513,59,,,0,1,1,0,common,1.0,0.7674412170357325,0.6351252401217952,0.4108958906225001,0.0,0.8721534005828154,0.0,,,EXPLOIT
1514,59,,,0,1,1,0,common,1.0,0.4988367910732261,0.4134599093153478,0.43727816075771786,0.0,0.8729941864253937,0.0,,,EXPLOIT
1515,59,,,0,1,1,0,common,1.0,0.324243914197597,0.272957300295806,0.4033678867896816,0.0,0.8738157413150411,0.0,,,EXPLOIT
1516,59,,,0,1,1,0,common,1.0,0.2107585442284381,0.20070499698508462,0.3455850840213085,0.0,0.8746186774903412,0.0,,,EXPLOIT
1517,59,,,0,1,1,0,common,0.0,0.8630069462515152,0.16242498939740493,0.5008116426903705,0.0,0.8702295218147491,0.0,,,EXPLOIT
1518,59,,,0,1,1,0,common,1.0,0.4390454849365151,0.3620433129099363,0.4822817953642138,0.0,0.8711149827835466,0.0,,,EXPLOIT
1519,59,,,0,1,1,0,common,1.0,0.28537956520873475,0.24636017338862262,0.42321112631757,0.0,0.8719797661507372,0.0,,,EXPLOIT
1520,59,,,0,1,1,0,common,0.0,0.8145032826143224,0.18684748550401337,0.5405987732065957,0.0,0.8674294346908898,0.0,,,EXPLOIT
1521,59,,,0,0,0,0,common,1.0,0.9429711616586104,0.3888332347770024,0.6613104897422001,0.0,0.8625943486509577,0.0,,,EXPLOIT
1522,59,,,0,0,0,0,common,0.0,0.38706874492190324,0.6542009714134676,0.5790379662961109,0.0,0.857447183594846,0.0,,,EXPLOIT
1523,59,,,0,1,1,0,common,0.0,0.5294271336993095,0.5597087064839534,0.5641547165170705,0.0,0.8519570038851021,0.0,,,EXPLOIT
1524,59,,,0,1,1,0,common,1.0,0.6558723630954488,0.6763113410011918,0.591670010490584,0.0,0.8460886457177093,0.0,,,EXPLOIT
1525,59,,,0,1,1,0,common,1.0,0.42631703601204174,0.5219681889606229,0.5420641181470213,0.0,0.8398019691934326,0.0,,,EXPLOIT
1526,59,,,0,1,1,0,common,1.0,0.2771060734078271,0.38978111590172393,0.462576704725263,0.0,0.8415176584523176,0.0,,,EXPLOIT
1527,59,,,0,1,1,0,common,1.0,0.18011894771508763,0.3102698335815745,0.37783937762221037,0.0,0.8431803706268666,0.0,,,EXPLOIT
1528,59,,,0,1,1,0,common,1.0,0.11707731601480698,0.2641242349297456,0.29961075913998936,0.0,0.8447924419709593,0.0,,,EXPLOIT
1529,59,,,0,0,0,0,common,0.0,0.25159468419923714,0.23679372532157503,0.28520593665776367,0.0,0.8463560735286155,0.0,,,EXPLOIT
1530,59,,,0,1,1,0,common,1.0,0.0761002554096245,0.18531325057209663,0.22247423228332192,0.0,0.8478733407780942,0.0,,,EXPLOIT
1531,59,,,0,1,1,0,common,0.0,0.950534833983744,0.17164615233687702,0.44089241279344854,0.0,0.8493462024621243,0.0,,,EXPLOIT
1532,59,,,0,1,1,0,common,0.0,0.6178476420894337,0.4045363951708627,0.49397898158224407,0.0,0.8507765086832911,0.0,,,EXPLOIT
1533,59,,,0,1,1,0,common,1.0,0.5983990326418681,0.5914653529232418,0.5253049969001313,0.0,0.8448251717707596,0.0,,,EXPLOIT
1534,59,,,0,1,1,0,common,1.0,0.38895937121721424,0.4104988118893554,0.48440130919525615,0.0,0.8463878265777504,0.0,,,EXPLOIT
1535,59,,,0,1,1,0,common,1.0,0.25282359129118925,0.2985890462156907,0.414927993824036,0.0,0.8479041586230924,0.0,,,EXPLOIT
1536,59,,,0,1,1,0,common,0.0,0.835664665660727,0.23690711820233995,0.5411489953750432,0.0,0.8417484568882058,0.0,,,EXPLOIT
1537,59,,,0,1,1,0,common,1.0,0.4568179673205275,0.4708933745366948,0.5158496869586885,0.0,0.8351430007355491,0.0,,,EXPLOIT
1538,59,,,0,1,1,0,common,0.0,0.7030683212416571,0.3328660905467044,0.572015277243579,0.0,0.8280370030712025,0.0,,,EXPLOIT
1539,59,,,0,1,1,0,common,1.0,0.5430055911929229,0.5466167415129506,0.5633123714283821,0.0,0.8203717314615265,0.0,,,EXPLOIT
1540,59,,,0,1,1,0,common,1.0,0.35295363427539994,0.3793001989381036,0.5002047502824875,0.0,0.8120788911250604,0.0,,,EXPLOIT
1541,59,,,0,1,1,0,common,1.0,0.22941986227901,0.281324765160997,0.4189692838814442,0.0,0.8147519727630748,0.0,,,EXPLOIT
1542,59,,,0,1,1,0,common,1.0,0.1491229104813565,0.22730495283540975,0.3380153718614179,0.0,0.8173244542867572,0.0,,,EXPLOIT
1543,59,,,0,1,1,0,common,1.0,0.0969298918128817,0.19660715409924268,0.265689727846857,0.0,0.819801787052557,0.0,,,EXPLOIT
1544,59,,,0,1,1,0,common,1.0,0.06300442967837316,0.17848608467294877,0.20488413839631187,0.0,0.8221890357500963,0.0,,,EXPLOIT
1545,59,,,0,1,1,0,common,1.0,0.0409528792909426,0.16745799246667653,0.15570476066470107,0.0,0.8244909120912467,0.0,,,EXPLOIT
1546,59,,,0,1,1,0,common,1.0,0.026619371539112646,0.16059850677196477,0.11697914392702455,0.0,0.826711805037244,0.0,,,EXPLOIT
1547,59,,,0,1,1,0,common,0.0,0.9826974084995768,0.15626774433050095,0.3766946232987902,0.0,0.8288558079719011,0.0,,,EXPLOIT
1548,59,,,0,1,1,0,common,1.0,0.3612466844752751,0.3864064169111189,0.3720602416517356,0.0,0.8309267431749255,0.0,,,EXPLOIT
1549,59,,,0,1,1,0,common,1.0,0.23481034490892883,0.2852421371409922,0.33088527262889356,0.0,0.832928183903209,0.0,,,EXPLOIT
1550,59,,,0,0,0,0,common,0.0,0.16353654472950413,0.2294902494578811,0.2806806542590767,0.0,0.8348634743484806,0.0,,,EXPLOIT
1551,59,,,0,1,1,0,common,1.0,0.1526267241908037,0.1957531670703017,0.24226447523859476,0.0,0.8367357477058426,0.0,,,EXPLOIT
1552,59,,,0,1,1,0,common,1.0,0.09920737072402241,0.167953706883888,0.19934734388422304,0.0,0.838547942558567,0.0,,,EXPLOIT
1553,59,,,0,1,1,0,common,1.0,0.06448479097061455,0.15170486966033098,0.1588885780101405,0.0,0.8403028177594056,0.0,,,EXPLOIT
1554,59,,,0,1,1,0,common,1.0,0.041915114130899433,0.14187562169311163,0.12379653884636817,0.0,0.8420029659669437,0.0,,,EXPLOIT
1555,59,,,0,1,1,0,common,1.0,0.02724482418508467,0.1357848152169729,0.09483102444798312,0.0,0.8436508259767065,0.0,,,EXPLOIT
1556,59,,,0,1,1,0,common,1.0,0.01770913572030508,0.13194854005012144,0.07169445782967972,0.0,0.8452486939703887,0.0,,,EXPLOIT
1557,59,,,0,0,0,0,common,0.0,0.10629875407417769,0.12950591248665164,0.08207574670302911,0.0,0.8467987337923453,0.0,,,EXPLOIT
1558,59,,,0,1,1,0,common,1.0,0.011510938218198263,0.1156609917737695,0.06090630415757985,0.0,0.8483029863500875,0.0,,,EXPLOIT
1559,59,,,0,1,1,0,common,1.0,0.007482109841828843,0.1142432911386646,0.04487904586285455,0.0,0.849763378224676,0.0,,,EXPLOIT
1560,59,,,0,1,1,0,common,1.0,0.004863371397188732,0.11333008778088516,0.032874343523154805,0.0,0.8511817295674211,0.0,,,EXPLOIT
1561,59,,,0,0,0,0,common,0.0,0.0690941901482155,0.1127399935731331,0.04374029751067301,0.0,0.8525597613509599,0.0,,,EXPLOIT
1562,59,,,0,1,1,0,common,1.0,0.0031611914081727255,0.1046476415008843,0.03156656567992292,0.0,0.8538991020354694,0.0,,,EXPLOIT
1563,59,,,0,1,1,0,common,1.0,0.0020547744153123215,0.1042901733096087,0.02271302830053974,0.0,0.8552012937043197,0.0,,,EXPLOIT
1564,59,,,0,1,1,0,common,1.0,0.0013356033699529757,0.10405840737740966,0.01629980082136371,0.0,0.8564677977177881,0.0,,,EXPLOIT
1565,59,,,0,1,1,0,common,1.0,0.0008681421904694897,0.10390800771110648,0.011670303232095442,0.0,0.8576999999284265,0.0,,,EXPLOIT
1566,59,,,0,1,1,0,common,1.0,0.0005642924238051794,0.10381035267663644,0.008338499989608363,0.0,0.8588992154972285,0.0,,,EXPLOIT
1567,59,,,0,0,0,0,common,0.0,0.044911223596340075,0.103746921129912,0.019310317071627878,0.0,0.8600666933457932,0.0,,,EXPLOIT
1568,59,,,0,1,1,0,common,1.0,0.0003667900754733555,0.09880894723910186,0.01362725897278152,0.0,0.8612036202761854,0.0,,,EXPLOIT
1569,59,,,0,1,1,0,common,1.0,0.00023841354905762557,0.09876950655177354,0.00961060534566435,0.0,0.8623111247870698,0.0,,,EXPLOIT
1570,59,,,0,1,1,0,common,1.0,0.00015496880688747883,0.09874387772856308,0.006773914384031289,0.0,0.8633902806119297,0.0,,,EXPLOIT
1571,59,,,0,0,0,0,common,0.0,0.02919229533762105,0.09872722221379757,0.013499428670108216,0.0,0.864442110002695,0.0,,,EXPLOIT
1572,59,,,0,1,1,0,common,0.0,0.9998992702755232,0.09563464665825902,0.3094193811517327,0.0,0.865467586779901,0.0,,,EXPLOIT
1573,59,,,0,1,1,0,common,1.0,0.35006547432090995,0.26437969027468755,0.32161320910248586,0.0,0.866467639168519,0.0,,,EXPLOIT
1574,59,,,0,1,1,0,common,1.0,0.2275425583085915,0.18898457665865967,0.2933920138643175,0.0,0.8674431524368209,0.0,,,EXPLOIT
1575,59,,,0,1,1,0,common,1.0,0.14790266290058451,0.14996332233259937,0.2497452085751976,0.0,0.8683949713540612,0.0,,,EXPLOIT
1576,59,,,0,0,0,0,common,0.0,0.01897499196945368,0.1284550810516626,0.1805141435934744,0.0,0.8693239024813216,0.0,,,EXPLOIT
1577,59,,,0,1,1,0,common,0.0,0.90386326911462,0.12590013253955462,0.39751888124981805,0.0,0.8702307163085838,0.0,,,EXPLOIT
1578,59,,,0,1,1,0,common,1.0,0.4124888750754969,0.30499314006670875,0.40200987939752164,0.0,0.8711161492499427,0.0,,,EXPLOIT
1579,59,,,0,1,1,0,common,1.0,0.268117768799073,0.20795296325140886,0.36184224621798705,0.0,0.8719809055078204,0.0,,,EXPLOIT
1580,59,,,0,1,1,0,common,1.0,0.17427654971939743,0.1589385978780358,0.30557253726841016,0.0,0.8728256588161115,0.0,,,EXPLOIT
1581,59,,,0,1,1,0,common,0.0,0.8867202426823917,0.1325878062381413,0.4799168488926046,0.0,0.8736510540713333,0.0,,,EXPLOIT
1582,59,,,0,1,1,0,common,1.0,0.42363184225644535,0.3135529924927205,0.46303134690175685,0.0,0.8744577088600839,0.0,,,EXPLOIT
1583,59,,,0,0,0,0,common,0.0,0.012333744780144894,0.21218953681756894,0.3278220662652732,0.0,0.8752462148904224,0.0,,,EXPLOIT
1584,59,,,0,1,1,0,common,1.0,0.27536069746668945,0.2096565036758035,0.31208365562569806,0.0,0.8760171393341452,0.0,,,EXPLOIT
1585,59,,,0,1,1,0,common,0.0,0.8210155466466519,0.1591209785811633,0.4647632229319842,0.0,0.8767710260863637,0.0,,,EXPLOIT
1586,59,,,0,1,1,0,common,1.0,0.4663398946796762,0.3440979462898818,0.46523622445629176,0.0,0.8775083969482695,0.0,,,EXPLOIT
1587,59,,,0,1,1,0,common,0.0,0.6968790684582105,0.2263608561049343,0.5347290776568674,0.0,0.873292403837828,0.0,,,EXPLOIT
1588,59,,,0,1,1,0,common,1.0,0.5470286055021631,0.4127387105156066,0.5384189360104561,0.0,0.8688226072087495,0.0,,,EXPLOIT
1589,59,,,0,1,1,0,common,1.0,0.355568593576406,0.26061536407495356,0.48356383328024105,0.0,0.8697413295652928,0.0,,,EXPLOIT
1590,59,,,0,1,1,0,common,1.0,0.23111958582466396,0.18504859075766528,0.4078305590435679,0.0,0.8706382755310836,0.0,,,EXPLOIT
1591,59,,,0,1,1,0,common,1.0,0.15022773078603158,0.146174531008527,0.33054971056630694,0.0,0.8715141665645241,0.0,,,EXPLOIT
1592,59,,,0,0,0,0,common,0.0,0.00801693410709418,0.12483429015034801,0.2337898776285431,0.0,0.8723696927240217,0.0,,,EXPLOIT
1593,59,,,0,1,1,0,common,1.0,0.09764802501092051,0.12377623085018323,0.1929473218432563,0.0,0.8732055143588366,0.0,,,EXPLOIT
1594,59,,,0,1,1,0,common,0.0,0.9365287837429017,0.11151017944950098,0.41602176041314987,0.0,0.874022263691821,0.0,,,EXPLOIT
1595,59,,,0,1,1,0,common,0.0,0.6087437094328861,0.28387214802427485,0.47383834511907075,0.0,0.8748205463020328,0.0,,,EXPLOIT
1596,59,,,0,0,0,0,common,0.0,0.005211007169611218,0.4611985926069133,0.33325014373423284,0.0,0.8756009425145326,0.0,,,EXPLOIT
1597,59,,,0,1,1,0,common,1.0,0.6043165888686239,0.45956564179459697,0.41457007727455014,0.0,0.8763640087040777,0.0,,,EXPLOIT
1598,59,,,0,1,1,0,common,1.0,0.39280578276460565,0.28367253575036055,0.4080407889215668,0.0,0.8771102785188682,0.0,,,EXPLOIT
1599,59,,,0,1,1,0,common,1.0,0.25532375879699365,0.1956344922911292,0.36222567988419485,0.0,0.8778402640300113,0.0,,,EXPLOIT
1600,59,,,0,1,1,0,common,0.0,0.8340395567819541,0.15106262129226947,0.5037698429535226,0.0,0.8736439349045044,0.0,,,EXPLOIT
1601,59,,,0,1,1,0,common,1.0,0.4578742880917298,0.3335021870227049,0.49000117649498476,0.0,0.8744507505974052,0.0,,,EXPLOIT
1602,59,,,0,0,0,0,common,1.0,0.9966128453397527,0.22014968550684816,0.6419846771484151,0.0,0.8700514251009057,0.0,,,EXPLOIT
1603,59,,,0,1,1,0,common,1.0,0.29761828725962436,0.49719994975410786,0.5386747601817778,0.0,0.865381477703733,0.0,,,EXPLOIT
1604,59,,,0,1,1,0,common,0.0,0.8065481132812442,0.40450548782354634,0.6190367661116177,0.0,0.860415404056462,0.0,,,EXPLOIT
1605,59,,,0,1,1,0,common,1.0,0.4757437263671913,0.6372712678121634,0.5760488541882898,0.0,0.8551243913435855,0.0,,,EXPLOIT
1606,59,,,0,1,1,0,common,1.0,0.30923342213867433,0.5074931162247468,0.4960042245734051,0.0,0.856392991121221,0.0,,,EXPLOIT
1607,59,,,0,1,1,0,common,1.0,0.2010017243901383,0.41111997984477106,0.40750347451842506,0.0,0.8576272082040811,0.0,,,EXPLOIT
1608,59,,,0,1,1,0,common,1.0,0.13065112085358987,0.35106455068235337,0.3244477684189745,0.0,0.8588283618544994,0.0,,,EXPLOIT
1609,59,,,0,1,1,0,common,1.0,0.08492322855483336,0.314451720047749,0.25259040645973213,0.0,0.8599977048386533,0.0,,,EXPLOIT
1610,59,,,0,0,0,0,common,0.0,0.35220165052916075,0.29190238234406796,0.2824737796805607,0.0,0.8611364275654758,0.0,,,EXPLOIT
1611,59,,,0,1,1,0,common,1.0,0.055200098560641675,0.2100969623755209,0.214291675344585,0.0,0.8622456619202127,0.0,,,EXPLOIT
1612,59,,,0,1,1,0,common,1.0,0.03588006406441713,0.1990309561699947,0.1607681919605346,0.0,0.8633264848185894,0.0,,,EXPLOIT
1613,59,,,0,1,1,0,common,1.0,0.023322041641871127,0.19208957857434572,0.11953434686493555,0.0,0.8643799215050607,0.0,,,EXPLOIT
1614,59,,,0,1,1,0,common,1.0,0.015159327067216233,0.18768287295336705,0.08822184092561976,0.0,0.865406948616382,0.0,,,EXPLOIT
1615,59,,,0,1,1,0,common,0.0,0.9901464374063095,0.18486261976472804,0.35879921986982666,0.0,0.8664084970297592,0.0,,,EXPLOIT
1616,59,,,0,1,1,0,common,1.0,0.35640481568589877,0.4395744118920326,0.3580808986146483,0.0,0.8673854545130409,0.0,,,EXPLOIT
1617,59,,,0,1,1,0,common,0.0,0.7683368698041658,0.33296707141600423,0.48115768997150354,0.0,0.8683386681928253,0.0,,,EXPLOIT
1618,59,,,0,1,1,0,common,1.0,0.5005810346272922,0.5657551895758126,0.48698469336824013,0.0,0.8692689468549072,0.0,,,EXPLOIT
1619,59,,,0,1,1,0,common,0.0,0.67462232749226,0.41209106443750165,0.543275983605446,0.0,0.8645500184805331,0.0,,,EXPLOIT
1620,59,,,0,1,1,0,common,1.0,0.561495487130031,0.6124607707149456,0.5487418346628214,0.0,0.8595302626756091,0.0,,,EXPLOIT
1621,59,,,0,1,1,0,common,1.0,0.3649720666345201,0.44722070914741613,0.493610904254331,0.0,0.8606811845842053,0.0,,,EXPLOIT
1622,59,,,0,1,1,0,common,1.0,0.23723184331243807,0.33744739258070894,0.4166971859717631,0.0,0.861802168829621,0.0,,,EXPLOIT
1623,59,,,0,1,1,0,common,1.0,0.1542006981530848,0.2742773152326433,0.3379482396261596,0.0,0.8628943140671089,0.0,,,EXPLOIT
1624,59,,,0,1,1,0,common,1.0,0.10023045379950513,0.2377348118815306,0.26663290387816324,0.0,0.8639586659809863,0.0,,,EXPLOIT
1625,59,,,0,1,1,0,common,1.0,0.06514979496967832,0.21598048646760837,0.20618797120561774,0.0,0.8649962204403472,0.0,,,EXPLOIT
1626,59,,,0,1,1,0,common,1.0,0.042347366730290936,0.20268279987431642,0.1570357898630197,0.0,0.8660079264318215,0.0,,,EXPLOIT
1627,59,,,0,1,1,0,common,1.0,0.02752578837468911,0.1943912598262725,0.11818278941652051,0.0,0.8669946887875389,0.0,,,EXPLOIT
1628,59,,,0,1,1,0,common,1.0,0.017891762443547954,0.18914881912833467,0.08809548132462873,0.0,0.8679573707247946,0.0,,,EXPLOIT
1629,59,,,0,1,1,0,common,1.0,0.011629645588306148,0.18580283286006805,0.06515573060373195,0.0,0.868896796212406,0.0,,,EXPLOIT
1630,59,,,0,1,1,0,common,1.0,0.007559269632398946,0.18365380821873867,0.047876792312332044,0.0,0.8698137521774016,0.0,,,EXPLOIT
1631,59,,,0,1,1,0,common,0.0,0.9950864747389407,0.1822678246970473,0.33203969704031466,0.0,0.8707089905644754,0.0,,,EXPLOIT
1632,59,,,0,1,1,0,common,1.0,0.35319379141968854,0.4367134643047432,0.3383859253541268,0.0,0.8715832302595359,0.0,,,EXPLOIT
1633,59,,,0,1,1,0,common,0.0,0.7704240355772024,0.33129623784692336,0.4679973584210495,0.0,0.8724371588877053,0.0,,,EXPLOIT
1634,59,,,0,0,0,0,common,0.0,0.22893107284395448,0.564643869011428,0.396277472747921,0.0,0.8732714344952213,0.0,,,EXPLOIT
1635,59,,,0,0,0,0,common,0.0,0.1488051973485704,0.4956082318709799,0.32203579012811584,0.0,0.874086687123897,0.0,,,EXPLOIT
1636,59,,,0,1,1,0,common,1.0,0.49922437687481835,0.4490478913894147,0.3751923661521266,0.0,0.8748835202860606,0.0,,,EXPLOIT
1637,59,,,0,1,1,0,common,1.0,0.32449584496863193,0.30225591437572596,0.35998340979707816,0.0,0.8756625123472396,0.0,,,EXPLOIT
1638,59,,,0,1,1,0,common,1.0,0.2109222992296108,0.2242052925705527,0.31526507662683795,0.0,0.8764242178232478,0.0,,,EXPLOIT
1639,59,,,0,1,1,0,common,1.0,0.13709949449924708,0.18225647921020297,0.2618154019885607,0.0,0.8771691685977989,0.0,,,EXPLOIT
1640,59,,,0,1,1,0,common,1.0,0.08911467142451057,0.15857899005754958,0.21000518281934563,0.0,0.8778978750662677,0.0,,,EXPLOIT
1641,59,,,0,1,1,0,common,1.0,0.05792453642593187,0.1446203764432566,0.1643809889013215,0.0,0.878610827210772,0.0,,,EXPLOIT
1642,59,,,0,1,1,0,common,1.0,0.0376509486768557,0.13612357470453376,0.12636197683398176,0.0,0.879308495611341,0.0,,,EXPLOIT
1643,59,,,0,1,1,0,common,0.0,0.9755268833600438,0.1308356682909702,0.38111144879180037,0.0,0.8799913323975568,0.0,,,EXPLOIT
1644,59,,,0,1,1,0,common,0.0,0.6340924741840285,0.3346019409358438,0.4570057564094687,0.0,0.880659772144721,0.0,,,EXPLOIT
1645,59,,,0,1,1,0,common,1.0,0.5878398917803815,0.5277588350299267,0.4962559970207425,0.0,0.881314232718279,0.0,,,EXPLOIT
1646,59,,,0,1,1,0,common,1.0,0.3820959296572479,0.34774830548617097,0.46200797681169414,0.0,0.8819551160699581,0.0,,,EXPLOIT
1647,59,,,0,1,1,0,common,0.0,0.7516376457227889,0.24813077018533025,0.5488968774850226,0.0,0.8779987966371747,0.0,,,EXPLOIT
1648,59,,,0,1,1,0,common,0.0,0.4885644697198128,0.4599731471351178,0.5307971551554597,0.0,0.8738118447959797,0.0,,,EXPLOIT
1649,59,,,0,0,0,0,common,0.0,0.09672337827657077,0.6043565020941317,0.40057502209179296,0.0,0.8746148688749977,0.0,,,EXPLOIT
1650,59,,,0,0,0,0,common,0.0,0.062870195879771,0.5784909692353248,0.29926357422818634,0.0,0.8753998581227964,0.0,,,EXPLOIT
1651,59,,,0,1,1,0,common,1.0,0.6824330946821217,0.5606446897920938,0.4142144303643669,0.0,0.8761673750164182,0.0,,,EXPLOIT
1652,59,,,0,1,1,0,common,1.0,0.4435815115433791,0.3523797507091469,0.42302455471807054,0.0,0.8769179589957418,0.0,,,EXPLOIT
1653,59,,,0,1,1,0,common,0.0,0.7116720174968035,0.2377554300335914,0.5096187935516905,0.0,0.8726668675227437,0.0,,,EXPLOIT
1654,59,,,0,1,1,0,common,1.0,0.5374131886270777,0.43329087249770826,0.5179571120743066,0.0,0.8681587818343435,0.0,,,EXPLOIT
1655,59,,,0,1,1,0,common,1.0,0.34931857260760046,0.2793240796198193,0.4673655502342947,0.0,0.8690933711694653,0.0,,,EXPLOIT
1656,59,,,0,1,1,0,common,1.0,0.2270570721949403,0.2007813729009737,0.3952730068224884,0.0,0.870005653521072,0.0,,,EXPLOIT
1657,59,,,0,0,0,0,common,0.0,0.040865627321851145,0.15979933181634298,0.2889507929722972,0.0,0.8708963736571284,0.0,,,EXPLOIT
1658,59,,,0,0,0,0,common,0.0,0.026562657759203245,0.15321956978693607,0.21023435240836902,0.0,0.871766243678799,0.0,,,EXPLOIT
1659,59,,,0,1,1,0,common,1.0,0.14758709692671124,0.14906722688851295,0.19144017576387168,0.0,0.8726159447930295,0.0,,,EXPLOIT
1660,59,,,0,1,1,0,common,1.0,0.0959316130023623,0.1277139816930534,0.16278760693541885,0.0,0.8734461289709358,0.0,,,EXPLOIT
1661,59,,,0,1,1,0,common,1.0,0.06235554845153546,0.1153133507494098,0.13265798939025383,0.0,0.8742574205004903,0.0,,,EXPLOIT
1662,59,,,0,1,1,0,common,1.0,0.040531106493498004,0.10783705856090021,0.10501992452122708,0.0,0.8750504174412848,0.0,,,EXPLOIT
1663,59,,,0,1,1,0,common,0.0,0.9736547807792263,0.10321289780950292,0.3656103813986268,0.0,0.8758256929884982,0.0,,,EXPLOIT
1664,59,,,0,1,1,0,common,0.0,0.6328756075064972,0.27517326539237486,0.4457899492309879,0.0,0.8765837967526149,0.0,,,EXPLOIT
1665,59,,,0,1,1,0,common,1.0,0.5886308551207768,0.45794784751005446,0.48864222099792454,0.0,0.8773252559608986,0.0,,,EXPLOIT
1666,59,,,0,1,1,0,common,1.0,0.38261005582850494,0.2863597004269947,0.4568325714470986,0.0,0.8780505765861513,0.0,,,EXPLOIT
1667,59,,,0,1,1,0,common,0.0,0.7513034637114717,0.19967710791484666,0.5451738391264105,0.0,0.8738666852885939,0.0,,,EXPLOIT
1668,59,,,0,1,1,0,common,1.0,0.5116527485875433,0.3899689899848985,0.5351175119647503,0.0,0.8694318965957386,0.0,,,EXPLOIT
1669,59,,,0,1,1,0,common,1.0,0.33257428658190324,0.2512975182527543,0.4743545443498962,0.0,0.8703361532597033,0.0,,,EXPLOIT
1670,59,,,0,1,1,0,common,0.0,0.7838267137217629,0.1820561139124752,0.5671961951614561,0.0,0.8656839655097275,0.0,,,EXPLOIT
1671,59,,,0,1,1,0,common,1.0,0.49051263608085405,0.371893450330236,0.5441911274372755,0.0,0.8607373496875126,0.0,,,EXPLOIT
1672,59,,,0,1,1,0,common,0.0,0.6811667865474449,0.24222385999636364,0.5852838251703263,0.0,0.8554677165725312,0.0,,,EXPLOIT
1673,59,,,0,1,1,0,common,0.0,0.4427584112558392,0.4299394625300167,0.5425262009959801,0.0,0.8498426520627081,0.0,,,EXPLOIT
1674,59,,,0,1,1,0,common,0.0,0.2877929673162955,0.5657229942163099,0.4661062308920747,0.0,0.8512587366020172,0.0,,,EXPLOIT
1675,59,,,0,1,1,0,common,1.0,0.8129345712444079,0.6386459613798706,0.5701547329977746,0.0,0.8453413673983725,0.0,,,EXPLOIT
1676,59,,,0,1,1,0,common,1.0,0.5284074713088651,0.4045226708590236,0.5576305544911018,0.0,0.8390003745799736,0.0,,,EXPLOIT
1677,59,,,0,1,1,0,common,0.0,0.6565351436492376,0.25866026770242717,0.5873019312385425,0.0,0.8321889354114712,0.0,,,EXPLOIT
1678,59,,,0,1,1,0,common,1.0,0.5732521566279956,0.444197307243848,0.5830869988553784,0.0,0.8248530631978542,0.0,,,EXPLOIT
1679,59,,,0,1,1,0,common,1.0,0.3726139018081971,0.2791048519115792,0.519945069741224,0.0,0.8169301826559534,0.0,,,EXPLOIT
1680,59,,,0,1,1,0,common,1.0,0.24219903617532812,0.1960516972562501,0.4366212596714552,0.0,0.8194219923533954,0.0,,,EXPLOIT
1681,59,,,0,1,1,0,common,0.0,0.8425706264860368,0.1534661662444067,0.5584060697158296,0.0,0.811049635436118,0.0,,,EXPLOIT
1682,59,,,0,1,1,0,common,1.0,0.45232909278407607,0.34022455783396033,0.5265829766363035,0.0,0.8019594620041377,0.0,,,EXPLOIT
1683,59,,,0,0,0,0,common,0.0,0.017265727543482108,0.22644869569261614,0.37378780190845706,0.0,0.8050293278671479,0.0,,,EXPLOIT
1684,59,,,0,1,1,0,common,1.0,0.2940139103096495,0.2227274124393194,0.3498556344288148,0.0,0.8079761616710468,0.0,,,EXPLOIT
1685,59,,,0,1,1,0,common,1.0,0.1911090417012722,0.16641001980852668,0.30223165661055196,0.0,0.8108070741474176,0.0,,,EXPLOIT
1686,59,,,0,1,1,0,common,1.0,0.12422087710582697,0.1365606776927055,0.24882842275913444,0.0,0.8135286386512964,0.0,,,EXPLOIT
1687,59,,,0,1,1,0,common,1.0,0.08074357011878752,0.11974325317199325,0.19840296696703036,0.0,0.816146940987456,0.0,,,EXPLOIT
1688,59,,,0,1,1,0,common,1.0,0.052483320577211945,0.10981739973331717,0.15462707305008483,0.0,0.8186676237936541,0.0,,,EXPLOIT
1689,59,,,0,0,0,0,common,1.0,0.9887772770967367,0.10376582391100263,0.40487213426408036,0.0,0.8210959261621373,0.0,,,EXPLOIT
1690,59,,,0,1,1,0,common,0.0,0.9658858416248123,0.28020678841512076,0.5731762464722999,0.0,0.8128634576797816,0.0,,,EXPLOIT
1691,59,,,0,1,1,0,common,1.0,0.37217420294387193,0.5657198951146453,0.5128756334137715,0.0,0.8039313661646845,0.0,,,EXPLOIT
1692,59,,,0,1,1,0,common,1.0,0.24191323191351677,0.4519629359730988,0.43158691296369506,0.0,0.8069219372947957,0.0,,,EXPLOIT
1693,59,,,0,1,1,0,common,1.0,0.15724360074378585,0.37763545358204814,0.3492839192977223,0.0,0.8097940749424907,0.0,,,EXPLOIT
1694,59,,,0,1,1,0,common,1.0,0.10220834048346084,0.3320930458406909,0.27516124565344385,0.0,0.8125545411507704,0.0,,,EXPLOIT
1695,59,,,0,1,1,0,common,1.0,0.06643542131424951,0.30416169846647406,0.21254349835168554,0.0,0.8152095930224841,0.0,,,EXPLOIT
1696,59,,,0,1,1,0,common,1.0,0.043183023854262204,0.2868005308268229,0.16173535600245853,0.0,0.8177650289919582,0.0,,,EXPLOIT
1697,59,,,0,1,1,0,common,1.0,0.028068965505270382,0.2758678372820466,0.12163543885330208,0.0,0.8202262300999048,0.0,,,EXPLOIT
1698,59,,,0,1,1,0,common,1.0,0.018244827578425715,0.2689136449994771,0.09061825547083917,0.0,0.8225981968899856,0.0,,,EXPLOIT
1699,59,,,0,1,1,0,common,0.0,0.9881408620740233,0.2644583731414774,0.3598750374517944,0.0,0.8248855824594729,0.0,,,EXPLOIT
1700,59,,,0,1,1,0,common,0.0,0.6422915603481152,0.5537425209385143,0.4445999943206906,0.0,0.8270927221237071,0.0,,,EXPLOIT
1701,59,,,0,1,1,0,common,1.0,0.5825104857737251,0.6859525459695924,0.48597314175660095,0.0,0.8292236600923152,0.0,,,EXPLOIT
1702,59,,,0,1,1,0,common,1.0,0.3786318157529214,0.5709739813510214,0.45377074395549705,0.0,0.8312821735025742,0.0,,,EXPLOIT
1703,59,,,0,1,1,0,common,1.0,0.24611068023939886,0.45571820632536425,0.3914727248406676,0.0,0.833271794110434,0.0,,,EXPLOIT
1704,59,,,0,0,0,0,common,1.0,0.6427052301128788,0.37996335873530224,0.46684247642233095,0.0,0.8351958279012744,0.0,,,EXPLOIT
1705,59,,,0,1,1,0,common,0.0,0.8400280578443907,0.5760292649387178,0.5787981508489488,0.0,0.8280939071225759,0.0,,,EXPLOIT
1706,59,,,0,1,1,0,common,1.0,0.45398176240114596,0.6905297870636851,0.5413532343146079,0.0,0.8204331999925424,0.0,,,EXPLOIT
1707,59,,,0,1,1,0,common,1.0,0.2950881455607449,0.6639333396795838,0.467473707688449,0.0,0.8227977310733544,0.0,,,EXPLOIT
1708,59,,,0,1,1,0,common,1.0,0.1918072946144842,0.600594773180418,0.38477378376625954,0.0,0.8250780650129013,0.0,,,EXPLOIT
1709,59,,,0,0,0,0,common,0.0,0.5822416004266288,0.5469336133480355,0.4440141287643703,0.0,0.8272785111401807,0.0,,,EXPLOIT
1710,59,,,0,1,1,0,common,1.0,0.12467474149941471,0.3679686739285156,0.34821231258488355,0.0,0.8294030898398858,0.0,,,EXPLOIT
1711,59,,,0,1,1,0,common,1.0,0.08103858197461955,0.33208705179761283,0.2680601934018043,0.0,0.8314555563735736,0.0,,,EXPLOIT
1712,59,,,0,1,1,0,common,1.0,0.05267507828350271,0.30982242705038376,0.20344465886631383,0.0,0.8334394223824027,0.0,,,EXPLOIT
1713,59,,,0,1,1,0,common,1.0,0.03423880088427678,0.29584235395362246,0.15268290147170271,0.0,0.8353579753304885,0.0,,,EXPLOIT
1714,59,,,0,1,1,0,common,1.0,0.02225522057477991,0.2869723422788211,0.11355459720262587,0.0,0.8372142961153685,0.0,,,EXPLOIT
1715,59,,,0,1,1,0,common,1.0,0.01446589337360693,0.2813005510565314,0.08382798605392018,0.0,0.8390112750440368,0.0,,,EXPLOIT
1716,59,,,0,0,0,0,common,0.0,0.3784570402773087,0.2776539514580146,0.17221670232093672,0.0,0.8407516263488288,0.0,,,EXPLOIT
1717,59,,,0,1,1,0,common,1.0,0.009402830692844533,0.19381047427475698,0.12337254083250905,0.0,0.8424379013965111,0.0,,,EXPLOIT
1718,59,,,0,1,1,0,common,1.0,0.0061118399503489185,0.19201101543445043,0.08819433056786101,0.0,0.8440725007258019,0.0,,,EXPLOIT
1719,59,,,0,1,1,0,common,1.0,0.003972695967726758,0.19084858435230884,0.06292784018782073,0.0,0.8456576850327835,0.0,,,EXPLOIT
1720,59,,,0,1,1,0,common,1.0,0.0025822523790224317,0.19009604742043115,0.04482416384518124,0.0,0.8471955852099509,0.0,,,EXPLOIT
1721,59,,,0,1,1,0,common,0.0,0.9983215359536354,0.18960818252209835,0.33087337547771745,0.0,0.8486882115326638,0.0,,,EXPLOIT
1722,59,,,0,1,1,0,common,0.0,0.648908998369863,0.4500672756458032,0.4262840623453611,0.0,0.8501374620763004,0.0,,,EXPLOIT
1723,59,,,0,1,1,0,common,1.0,0.578209151059589,0.634960983826286,0.47186158895962943,0.0,0.8515451304382383,0.0,,,EXPLOIT
1724,59,,,0,1,1,0,common,1.0,0.3758359481887329,0.47221699470210843,0.44305389672836043,0.0,0.8529129128307369,0.0,,,EXPLOIT
1725,59,,,0,1,1,0,common,0.0,0.7557066336773236,0.35722054223799293,0.5368497178130494,0.0,0.847111315235493,0.0,,,EXPLOIT
1726,59,,,0,1,1,0,common,1.0,0.5087906881097397,0.5859487875315806,0.5284320089020564,0.0,0.840898588048671,0.0,,,EXPLOIT
1727,59,,,0,1,1,0,common,1.0,0.33071394727133074,0.4318971000565559,0.4691165904128387,0.0,0.8425803312647283,0.0,,,EXPLOIT
1728,59,,,0,1,1,0,common,1.0,0.21496406572636495,0.33326129243204444,0.39287083300689657,0.0,0.8442105983284807,0.0,,,EXPLOIT
1729,59,,,0,0,0,0,common,0.0,0.24599707618025066,0.2761249462638488,0.3488087059589028,0.0,0.8457916384026863,0.0,,,EXPLOIT
1730,59,,,0,1,1,0,common,0.0,0.8602733572778628,0.21931349255078805,0.5022481013545907,0.0,0.8394834021261609,0.0,,,EXPLOIT
1731,59,,,0,0,0,0,common,1.0,0.8401019004828371,0.4533157649332964,0.6036042410930647,0.0,0.8327084012652769,0.0,,,EXPLOIT
1732,59,,,0,1,1,0,common,1.0,0.4408223177693892,0.6714758675947785,0.554769664095962,0.0,0.8254132222665997,0.0,,,EXPLOIT
1733,59,,,0,1,1,0,common,0.0,0.713465493449897,0.574632039837664,0.6023784129021424,0.0,0.8175359790163588,0.0,,,EXPLOIT
1734,59,,,0,1,1,0,common,1.0,0.536247429257567,0.6929543996275769,0.5825391178087698,0.0,0.8090045635398068,0.0,,,EXPLOIT
1735,59,,,0,1,1,0,common,0.0,0.6514391709825815,0.6208212105021008,0.6032091337609132,0.0,0.7997344446263279,0.0,,,EXPLOIT
1736,59,,,0,1,1,0,common,1.0,0.576564538861322,0.6912903422980453,0.5952157552910358,0.0,0.7896258719433744,0.0,,,EXPLOIT
1737,59,,,0,1,1,0,common,1.0,0.3747669502598593,0.6377333176317951,0.5290811137816828,0.0,0.7785602894955792,0.0,,,EXPLOIT
1738,59,,,0,1,1,0,common,1.0,0.2435985176689086,0.5389425109457953,0.44343633494785045,0.0,0.7826437957951408,0.0,,,EXPLOIT
1739,59,,,0,1,1,0,common,1.0,0.15833903648479064,0.4636567311624795,0.3579071454089325,0.0,0.786540772880639,0.0,,,EXPLOIT
1740,59,,,0,1,1,0,common,1.0,0.10292037371511387,0.41432968236224355,0.2814111139007869,0.0,0.7902635321642665,0.0,,,EXPLOIT
1741,59,,,0,1,1,0,common,1.0,0.06689824291482405,0.3830141326623481,0.21705725260499803,0.0,0.7938233251943116,0.0,,,EXPLOIT
1742,59,,,0,1,1,0,common,1.0,0.0434838578946356,0.3631677359601104,0.1649852341918893,0.0,0.7972304553093095,0.0,,,EXPLOIT
1743,59,,,0,1,1,0,common,1.0,0.028264507631513114,0.35052535966556964,0.12396901622377643,0.0,0.8004943754684285,0.0,,,EXPLOIT
1744,59,,,0,1,1,0,common,0.0,0.9816280700395165,0.3424267573793437,0.3812667323684984,0.0,0.8036237742144776,0.0,,,EXPLOIT
1745,59,,,0,1,1,0,common,0.0,0.6380582455256858,0.6296788996104297,0.45830418631565456,0.0,0.8066266514157577,0.0,,,EXPLOIT
1746,59,,,0,0,0,0,common,0.0,0.45393376468615587,0.6900839577928959,0.45699305982680494,0.0,0.8095103851770765,0.0,,,EXPLOIT
1747,59,,,0,1,1,0,common,1.0,0.5852621404083043,0.6653003915360397,0.49547378400125475,0.0,0.8122817910982221,0.0,,,EXPLOIT
1748,59,,,0,1,1,0,common,1.0,0.38042039126539773,0.5198406399946862,0.4609577661804976,0.0,0.8149471748818813,0.0,,,EXPLOIT
1749,59,,,0,1,1,0,common,0.0,0.7527267456774914,0.40160444628871034,0.5484884600295957,0.0,0.8061949308315483,0.0,,,EXPLOIT
1750,59,,,0,0,0,0,common,0.0,0.2950569470460013,0.6230403865795837,0.47245900613451736,0.0,0.8090956572201604,0.0,,,EXPLOIT
1751,59,,,0,0,0,0,common,0.0,0.19178701557990085,0.5431967190004696,0.3882574089681324,0.0,0.8118830916546546,0.0,,,EXPLOIT
1752,59,,,0,1,1,0,common,1.0,0.5107276153096305,0.484340522395659,0.42499847087058173,0.0,0.8145636113842428,0.0,,,EXPLOIT
1753,59,,,0,1,1,0,common,1.0,0.3319729499512599,0.32980117046212865,0.3970908145947852,0.0,0.8171431240569099,0.0,,,EXPLOIT
1754,59,,,0,1,1,0,common,0.0,0.7842175825316811,0.24506687908042832,0.513228844975854,0.0,0.8085783837339563,0.0,,,EXPLOIT
1755,59,,,0,1,1,0,common,1.0,0.4902585713544073,0.46602736752674134,0.5063377628894199,0.0,0.7992705370402859,0.0,,,EXPLOIT
1756,59,,,0,1,1,0,common,0.0,0.6813319286196352,0.3192876762383173,0.5588360126084845,0.0,0.7891190224438017,0.0,,,EXPLOIT
1757,59,,,0,1,1,0,common,1.0,0.5571342463972371,0.5253537120670558,0.5583254827451102,0.0,0.7780042769459857,0.0,,,EXPLOIT
1758,59,,,0,1,1,0,common,1.0,0.36213726015820413,0.3543240918324659,0.49946901596903837,0.0,0.7821134952794695,0.0,,,EXPLOIT
1759,59,,,0,1,1,0,common,1.0,0.23538921910283273,0.25819625583097294,0.4202450769091766,0.0,0.7860344662385085,0.0,,,EXPLOIT
1760,59,,,0,1,1,0,common,0.0,0.8469970075831588,0.20634052958983037,0.5482706561113713,0.0,0.7746180948565774,0.0,,,EXPLOIT
1761,59,,,0,1,1,0,common,0.0,0.5505480549290532,0.4295898114100558,0.5489538757566759,0.0,0.762048908582629,0.0,,,EXPLOIT
1762,59,,,0,0,0,0,common,0.0,0.12466156012693556,0.5951696845166181,0.4216661810677538,0.0,0.7669279552996187,0.0,,,EXPLOIT
1763,59,,,0,0,0,0,common,0.0,0.08103001408250812,0.5605413885717666,0.31947533097218006,0.0,0.7715650401143694,0.0,,,EXPLOIT
1764,59,,,0,1,1,0,common,1.0,0.6421437642961154,0.5366105086734514,0.41627586096936064,0.0,0.7759775091384997,0.0,,,EXPLOIT
1765,59,,,0,1,1,0,common,1.0,0.41739344679247503,0.3406043178823566,0.41661113671629496,0.0,0.7801810894179954,0.0,,,EXPLOIT
1766,59,,,0,1,1,0,common,1.0,0.2713057404151088,0.2344192407502566,0.3730195178259391,0.0,0.7841900735340445,0.0,,,EXPLOIT
1767,59,,,0,1,1,0,common,0.0,0.8236512687301792,0.17976151856938466,0.5082090430972112,0.0,0.7725913485959292,0.0,,,EXPLOIT
1768,59,,,0,1,1,0,common,1.0,0.4646266753253835,0.37998853752302963,0.4951343327656629,0.0,0.7769548094681424,0.0,,,EXPLOIT
1769,59,,,0,1,1,0,common,1.0,0.3020073389614992,0.25454888259304415,0.4371962346244137,0.0,0.7811127639919155,0.0,,,EXPLOIT
1770,59,,,0,1,1,0,common,1.0,0.1963047703249745,0.19030955947375833,0.3649287953345819,0.0,0.7850792005649335,0.0,,,EXPLOIT
1771,59,,,0,1,1,0,common,1.0,0.12759810071123345,0.1560053230945429,0.29372958694757734,0.0,0.7888668664695562,0.0,,,EXPLOIT
1772,59,,,0,1,1,0,common,1.0,0.08293876546230172,0.1366281022759784,0.23049234050199463,0.0,0.7924874025383257,0.0,,,EXPLOIT
1773,59,,,0,1,1,0,common,1.0,0.053910197550496086,0.12518093734187485,0.17751769761654507,0.0,0.7959514606578341,0.0,,,EXPLOIT
1774,59,,,0,1,1,0,common,1.0,0.035041628407822434,0.11819960113677798,0.13477487685392828,0.0,0.7992688066094561,0.0,,,EXPLOIT
1775,59,,,0,1,1,0,common,1.0,0.0227770584650846,0.11384853274696788,0.10117553133727517,0.0,0.8024484103382096,0.0,,,EXPLOIT
1776,59,,,0,1,1,0,common,1.0,0.014805088002304956,0.1110972484720198,0.0752643983367841,0.0,0.8054985254069437,0.0,,,EXPLOIT
1777,59,,,0,1,1,0,common,1.0,0.009623307201498177,0.10934085394376537,0.05557207099619831,0.0,0.8084267591178614,0.0,,,EXPLOIT
1778,59,,,0,1,1,0,common,1.0,0.006255149680973848,0.10821253994710167,0.04077699460163097,0.0,0.8112401345557312,0.0,,,EXPLOIT
1779,59,,,0,1,1,0,common,1.0,0.00406584729263304,0.1074847312102589,0.02976365040893159,0.0,0.8139451456181017,0.0,,,EXPLOIT
1780,59,,,0,1,1,0,common,1.0,0.002642800740211504,0.10701400808893119,0.02162739550831556,0.0,0.8165478059402418,0.0,,,EXPLOIT
1781,59,,,0,1,1,0,common,1.0,0.0017178204811374442,0.10670902886313034,0.015654523000162124,0.0,0.8190536924906958,0.0,,,EXPLOIT
1782,59,,,0,1,1,0,common,1.0,0.0011165833127393388,0.10651121011506492,0.011293141093935286,0.0,0.8214679845026593,0.0,,,EXPLOIT
1783,59,,,0,1,1,0,common,1.0,0.0007257791532805369,0.10638280418997273,0.00812293251173886,0.0,0.8237954983131524,0.0,,,EXPLOIT
1784,59,,,0,1,1,0,common,1.0,0.00047175644963237673,0.1062994147437332,0.005827579693106915,0.0,0.8260407186031868,0.0,,,EXPLOIT
1785,59,,,0,1,1,0,common,0.0,0.999693358307739,0.10624524302189738,0.3039873132774965,0.0,0.8282078264653393,0.0,,,EXPLOIT
1786,59,,,0,1,1,0,common,1.0,0.35019931709996965,0.28855575953745544,0.3178509144242384,0.0,0.8303007246683652,0.0,,,EXPLOIT
1787,59,,,0,0,0,0,common,0.0,0.05266950915363028,0.20786450782596338,0.23829649284305596,0.0,0.8323230604400749,0.0,,,EXPLOIT
1788,59,,,0,1,1,0,common,1.0,0.22762955611498026,0.1973846514828739,0.23509641182463326,0.0,0.8342782460483039,0.0,,,EXPLOIT
1789,59,,,0,1,1,0,common,1.0,0.14795921147473723,0.15689151512680446,0.20895525171966445,0.0,0.8361694774243157,0.0,,,EXPLOIT
1790,59,,,0,0,0,0,common,0.0,0.03423518094985968,0.1345130570068159,0.156539230488723,0.0,0.8379997510424737,0.0,,,EXPLOIT
1791,59,,,0,1,1,0,common,0.0,0.9038265125414208,0.1297471489855667,0.38072541510453234,0.0,0.8397718792437375,0.0,,,EXPLOIT
1792,59,,,0,0,0,0,common,0.0,0.022252867617408793,0.3126243534589049,0.2731836508583953,0.0,0.8414885041678246,0.0,,,EXPLOIT
1793,59,,,0,1,1,0,common,1.0,0.4125127668480765,0.30663700784840836,0.3149823856552996,0.0,0.8431521104392287,0.0,,,EXPLOIT
1794,59,,,0,1,1,0,common,1.0,0.26813329845124967,0.20920135580816349,0.3009276594940846,0.0,0.8447650367352172,0.0,,,EXPLOIT
1795,59,,,0,0,0,0,common,0.0,0.014464363951315716,0.15993905068586425,0.21498867083125395,0.0,0.8463294863491002,0.0,,,EXPLOIT
1796,59,,,0,1,1,0,common,1.0,0.17428664399331228,0.15758162324712535,0.20277806277987143,0.0,0.8478475368491254,0.0,,,EXPLOIT
1797,59,,,0,1,1,0,common,1.0,0.11328631859565297,0.13142510800089716,0.17593053952460588,0.0,0.8493211489220588,0.0,,,EXPLOIT
1798,59,,,0,1,1,0,common,1.0,0.07363610708717439,0.11652461541660747,0.14524220979337643,0.0,0.8507521744806332,0.0,,,EXPLOIT
1799,59,,,0,1,1,0,common,0.0,0.9521365303933367,0.10766050399131265,0.38731050597336447,0.0,0.8521423641053689,0.0,,,EXPLOIT
1800,59,,,0,1,1,0,common,0.0,0.6188887447556688,0.279560942504116,0.4567839776080558,0.0,0.8534933738836653,0.0,,,EXPLOIT
1801,59,,,0,1,1,0,common,1.0,0.5977223159088153,0.4590467584216391,0.4990654790982836,0.0,0.8548067717023564,0.0,,,EXPLOIT
1802,59,,,0,1,1,0,common,1.0,0.38851950534073,0.28493158661240336,0.46590168697101747,0.0,0.8560840430440145,0.0,,,EXPLOIT
1803,59,,,0,1,1,0,common,0.0,0.7474623215285254,0.19742629923680086,0.5503698773382698,0.0,0.8505011533577066,0.0,,,EXPLOIT
1804,59,,,0,1,1,0,common,0.0,0.48585050899354154,0.3853475287413812,0.5310140668348513,0.0,0.844530376537943,0.0,,,EXPLOIT
1805,59,,,0,0,0,0,common,0.0,0.009401836568355216,0.535566802000709,0.37453039775490243,0.0,0.8461018385213135,0.0,,,EXPLOIT
1806,59,,,0,1,1,0,common,1.0,0.6841971691541979,0.5327315622419283,0.467430429174691,0.0,0.8476266026897709,0.0,,,EXPLOIT
1807,59,,,0,1,1,0,common,1.0,0.44472815995022874,0.32519807382376054,0.4606197484073523,0.0,0.8491066464329908,0.0,,,EXPLOIT
1808,59,,,0,1,1,0,common,1.0,0.28907330396764874,0.21664086544017894,0.4091558150754412,0.0,0.8505438372149465,0.0,,,EXPLOIT
1809,59,,,0,1,1,0,common,0.0,0.8121023524210284,0.16241879434110273,0.5300397762791172,0.0,0.8445760759486272,0.0,,,EXPLOIT
1810,59,,,0,1,1,0,common,1.0,0.4721334709263316,0.3472771361761252,0.5126678846732815,0.0,0.8381792119109378,0.0,,,EXPLOIT
1811,59,,,0,1,1,0,common,1.0,0.3068867561021156,0.22751538153899523,0.4509335461019317,0.0,0.8399456837752017,0.0,,,EXPLOIT
1812,59,,,0,1,1,0,common,0.0,0.8005236085336249,0.16799347752808352,0.5558105648314396,0.0,0.8332054631531739,0.0,,,EXPLOIT
1813,59,,,0,1,1,0,common,1.0,0.47965965445314374,0.3534735307644574,0.5329652917179508,0.0,0.8259491142908513,0.0,,,EXPLOIT
1814,59,,,0,1,1,0,common,1.0,0.31177877539454346,0.23057297156218953,0.46660933682092853,0.0,0.8281193846710131,0.0,,,EXPLOIT
1815,59,,,0,1,1,0,common,1.0,0.20265620400645323,0.16955206422085245,0.3874233969765859,0.0,0.8302152886434322,0.0,,,EXPLOIT
1816,59,,,0,1,1,0,common,1.0,0.13172653260419465,0.13754377555150682,0.3107143376648685,0.0,0.8322404836182201,0.0,,,EXPLOIT
1817,59,,,0,1,1,0,common,1.0,0.08562224619272651,0.11965832184826758,0.24318671022322588,0.0,0.8341983912318335,0.0,,,EXPLOIT
1818,59,,,0,1,1,0,common,1.0,0.05565446002527219,0.10916356626397328,0.18692703516383977,0.0,0.8360922160472745,0.0,,,EXPLOIT
1819,59,,,0,1,1,0,common,1.0,0.03617539901642697,0.10279042083337249,0.14170154431961593,0.0,0.8379249625022375,0.0,,,EXPLOIT
1820,59,,,0,1,1,0,common,1.0,0.02351400936067749,0.09882926590991481,0.10624528383193439,0.0,0.8396994502937667,0.0,,,EXPLOIT
1821,59,,,0,1,1,0,common,0.0,0.9847158939155596,0.09632894338269507,0.369786466857022,0.0,0.8414183283651501,0.0,,,EXPLOIT
1822,59,,,0,1,1,0,common,1.0,0.35993466895488624,0.26230852079851547,0.36683092748638124,0.0,0.8430840876409998,0.0,,,EXPLOIT
1823,59,,,0,0,0,0,common,0.0,0.00611119376943089,0.18554199796839663,0.2586150073712961,0.0,0.8446990726393033,0.0,,,EXPLOIT
1824,59,,,0,1,1,0,common,1.0,0.23395753482067605,0.18441147762125945,0.2512177656061101,0.0,0.8462654920743122,0.0,,,EXPLOIT
1825,59,,,0,1,1,0,common,1.0,0.1520723976334395,0.14522222317196426,0.22147415521430888,0.0,0.847785428551129,0.0,,,EXPLOIT
1826,59,,,0,1,1,0,common,1.0,0.09884705846173569,0.1237613183672977,0.1846860261885369,0.0,0.8492608474414878,0.0,,,EXPLOIT
1827,59,,,0,1,1,0,common,1.0,0.06425058800012817,0.11135294689697292,0.1485553947320143,0.0,0.8506936050202958,0.0,,,EXPLOIT
1828,59,,,0,1,1,0,common,1.0,0.041762882200083284,0.10389379458020041,0.11651764097243497,0.0,0.8520854559337807,0.0,,,EXPLOIT
1829,59,,,0,1,1,0,common,0.0,0.9728541265699459,0.0992890693821967,0.37341858665168826,0.0,0.8534380600624373,0.0,,,EXPLOIT
1830,59,,,0,0,0,0,common,1.0,0.99602772404987,0.2661708410316008,0.5602013278711427,0.0,0.847672974373845,0.0,,,EXPLOIT
1831,59,,,0,0,0,0,common,0.0,0.3525819793675845,0.5580989474830541,0.49791552332007527,0.0,0.8491516671674556,0.0,,,EXPLOIT
1832,59,,,0,1,1,0,common,1.0,0.36764481772953517,0.4498303843414483,0.4588343116429132,0.0,0.8505875630107192,0.0,,,EXPLOIT
1833,59,,,0,1,1,0,common,1.0,0.23896913152419785,0.3390518158252743,0.39287475760729856,0.0,0.8519824239285554,0.0,,,EXPLOIT
1834,59,,,0,0,0,0,common,0.0,0.22917828658892994,0.27525745585115813,0.34376581630178793,0.0,0.8533379166850089,0.0,,,EXPLOIT
1835,59,,,0,1,1,0,common,1.0,0.1553299354907286,0.2221522697891792,0.2872350520584701,0.0,0.8546556191367952,0.0,,,EXPLOIT
1836,59,,,0,1,1,0,common,1.0,0.10096445806897358,0.19082721220027304,0.23135387386162112,0.0,0.8559370260850134,0.0,,,EXPLOIT
1837,59,,,0,1,1,0,common,1.0,0.06562689774483288,0.172438543570013,0.18163578102658462,0.0,0.8571835546706743,0.0,,,EXPLOIT
1838,59,,,0,1,1,0,common,1.0,0.04265748353414134,0.16128976258271704,0.13994229177885165,0.0,0.8583965493549975,0.0,,,EXPLOIT
1839,59,,,0,1,1,0,common,1.0,0.027727364297191914,0.15437257723509412,0.10627781353435373,0.0,0.859577286521288,0.0,,,EXPLOIT
1840,59,,,0,0,0,0,common,1.0,0.8510341137171955,0.15001258644507887,0.3297047035892062,0.0,0.86072697873152,0.0,,,EXPLOIT
1841,59,,,0,1,1,0,common,0.0,0.9819772132068253,0.3363886619342189,0.5253864564744919,0.0,0.8554566575869902,0.0,,,EXPLOIT
1842,59,,,0,1,1,0,common,1.0,0.3617148114155635,0.6248802878183539,0.47628496295681333,0.0,0.8567162129903297,0.0,,,EXPLOIT
1843,59,,,0,0,0,0,common,0.0,0.4468278260838229,0.5254813104042747,0.4674478218949162,0.0,0.8579417343500161,0.0,,,EXPLOIT
1844,59,,,0,1,1,0,common,1.0,0.23511462742011624,0.3870683996905889,0.39774786355247616,0.0,0.859134523273535,0.0,,,EXPLOIT
1845,59,,,0,1,1,0,common,1.0,0.15282450782307555,0.3192351973468177,0.324270856833656,0.0,0.8602958159761129,0.0,,,EXPLOIT
1846,59,,,0,1,1,0,common,1.0,0.09933593008499908,0.2790288597351187,0.2567903788090589,0.0,0.8614267873378212,0.0,,,EXPLOIT
1847,59,,,0,1,1,0,common,0.0,0.9354316454447505,0.25477152434083017,0.4603827587997664,0.0,0.8625285546623126,0.0,,,EXPLOIT
1848,59,,,0,1,1,0,common,1.0,0.39196943046091215,0.5258858540854332,0.4398587602981101,0.0,0.8636021811624828,0.0,,,EXPLOIT
1849,59,,,0,1,1,0,common,0.0,0.7452198702004071,0.404125103472819,0.5314670932687992,0.0,0.8585208755610348,0.0,,,EXPLOIT
1850,59,,,0,1,1,0,common,0.0,0.48439291563026465,0.6232150427533882,0.5173448399772388,0.0,0.8531031685792986,0.0,,,EXPLOIT
1851,59,,,0,1,1,0,common,0.0,0.31485539515967204,0.691956190815781,0.45659800653196875,0.0,0.8544273827151494,0.0,,,EXPLOIT
1852,59,,,0,0,0,0,common,0.0,0.2904380869544849,0.6786438453151422,0.4067500306587236,0.0,0.855715045173048,0.0,,,EXPLOIT
1853,59,,,0,1,1,0,common,1.0,0.7953439931462132,0.6926436408796082,0.5233282194049704,0.0,0.8501069244468555,0.0,,,EXPLOIT
1854,59,,,0,1,1,0,common,1.0,0.5169735955450385,0.5459525478246866,0.5214218322469908,0.0,0.8441082594780023,0.0,,,EXPLOIT
1855,59,,,0,0,0,0,common,1.0,0.8112152434795847,0.3864359711112947,0.608359855616769,0.0,0.8376771193574953,0.0,,,EXPLOIT
1856,59,,,0,1,1,0,common,1.0,0.3360328371042751,0.6250131650356512,0.5266617500630207,0.0,0.8307653481628852,0.0,,,EXPLOIT
1857,59,,,0,1,1,0,common,1.0,0.2184213441177788,0.533441644806171,0.4341896282794481,0.0,0.8327721665704202,0.0,,,EXPLOIT
1858,59,,,0,1,1,0,common,1.0,0.14197387367655623,0.46581588454234146,0.34652490189858054,0.0,0.8347125778241334,0.0,,,EXPLOIT
1859,59,,,0,1,1,0,common,1.0,0.09228301788976156,0.4215093581551542,0.27025233669593485,0.0,0.8365897312073612,0.0,,,EXPLOIT
1860,59,,,0,1,1,0,common,1.0,0.05998396162834507,0.39323230833743494,0.20717182417565788,0.0,0.8384065801513118,0.0,,,EXPLOIT
1861,59,,,0,1,1,0,common,1.0,0.038989575058424264,0.3752196913613095,0.15671714944048779,0.0,0.8401658972293753,0.0,,,EXPLOIT
1862,59,,,0,1,1,0,common,0.0,0.9746567762120242,0.3637004116087571,0.4020990374719487,0.0,0.8418702877946453,0.0,,,EXPLOIT
1863,59,,,0,1,1,0,common,1.0,0.3664730954621842,0.6439806461814566,0.39141125486901934,0.0,0.8435222024017588,0.0,,,EXPLOIT
1864,59,,,0,1,1,0,common,1.0,0.23820751205041968,0.5503120191632654,0.34545013202343944,0.0,0.8451239481376326,0.0,,,EXPLOIT
1865,59,,,0,1,1,0,common,1.0,0.1548348828327728,0.47732861245602975,0.2882655572662394,0.0,0.8466776989712967,0.0,,,EXPLOIT
1866,59,,,0,1,1,0,common,0.0,0.8993573261586977,0.4289145414343985,0.4715930879339769,0.0,0.8481855052204854,0.0,,,EXPLOIT
1867,59,,,0,1,1,0,common,1.0,0.41541773799684645,0.6687293048988509,0.45474048295283775,0.0,0.8496493022216873,0.0,,,EXPLOIT
1868,59,,,0,1,1,0,common,1.0,0.27002152969795024,0.5764431018288914,0.39932479697637147,0.0,0.8510709182807711,0.0,,,EXPLOIT
1869,59,,,0,0,0,0,common,1.0,0.5272899082617302,0.49578122036721645,0.43771433036197904,0.0,0.852452081972877,0.0,,,EXPLOIT
1870,59,,,0,1,1,0,common,1.0,0.17551399430366765,0.6401986551750817,0.3590542295444856,0.0,0.85379442885288,0.0,,,EXPLOIT
1871,59,,,0,0,0,0,common,0.0,0.6572615596298754,0.5985823290220673,0.44851642857010254,0.0,0.8550995076312083,0.0,,,EXPLOIT
1872,59,,,0,0,0,0,common,0.0,0.42722001375941904,0.4007101086261855,0.44212750412689744,0.0,0.856368785864066,0.0,,,EXPLOIT
1873,59,,,0,0,0,0,common,0.0,0.27769300894362237,0.28047251008210616,0.39279715557191486,0.0,0.857603655202027,0.0,,,EXPLOIT
1874,59,,,0,1,1,0,common,0.0,0.885915903702616,0.21628168317965316,0.5407327800111252,0.0,0.8521240673394763,0.0,,,EXPLOIT
1875,59,,,0,1,1,0,common,1.0,0.4241546625932996,0.4568366249004243,0.5057593447857776,0.0,0.8462674047140527,0.0,,,EXPLOIT
1876,59,,,0,1,1,0,common,0.0,0.7242994693143553,0.3294555697810697,0.5713213821443508,0.0,0.8399936862607381,0.0,,,EXPLOIT
1877,59,,,0,1,1,0,common,1.0,0.5292053449456691,0.5492907673916059,0.5586865709847463,0.0,0.8332570719405766,0.0,,,EXPLOIT
1878,59,,,0,1,1,0,common,0.0,0.6560165257853151,0.3861490494297366,0.5878855574249169,0.0,0.8260047486689448,0.0,,,EXPLOIT
1879,59,,,0,0,0,0,common,0.0,0.18050045581335455,0.5854051460702823,0.46567002694144816,0.0,0.828173098097574,0.0,,,EXPLOIT
1880,59,,,0,1,1,0,common,1.0,0.5735892582395452,0.5332545952806457,0.49804579633087726,0.0,0.8302671763422308,0.0,,,EXPLOIT
1881,59,,,0,1,1,0,common,1.0,0.37283301785570433,0.35711072880608435,0.46048196278832537,0.0,0.8322906346265261,0.0,,,EXPLOIT
1882,59,,,0,0,0,0,common,0.0,0.11732529627868046,0.2579343953346279,0.3575349628354319,0.0,0.8342468888948507,0.0,,,EXPLOIT
1883,59,,,0,1,1,0,common,1.0,0.24234146160620784,0.2310211315279271,0.32297691246666466,0.0,0.8361391384659037,0.0,,,EXPLOIT
1884,59,,,0,1,1,0,common,1.0,0.15752195004403513,0.18223586320588234,0.27334042373987577,0.0,0.8379703829392262,0.0,,,EXPLOIT
1885,59,,,0,1,1,0,common,0.0,0.8976107324713771,0.15526492975137282,0.46062151635932613,0.0,0.8397434375426895,0.0,,,EXPLOIT
1886,59,,,0,1,1,0,common,0.0,0.5834469761063952,0.35932138606771635,0.49746915428344685,0.0,0.841460947086129,0.0,,,EXPLOIT
1887,59,,,0,1,1,0,common,1.0,0.6207594655308432,0.5385044675037628,0.5344562476576658,0.0,0.8348340911111499,0.0,,,EXPLOIT
1888,59,,,0,1,1,0,common,0.0,0.5965063474049519,0.3485162821280466,0.5530712775818516,0.0,0.8277042297868772,0.0,,,EXPLOIT
1889,59,,,0,0,0,0,common,0.0,0.07626144258114231,0.5311972944959958,0.4100283270816388,0.0,0.8298142690840854,0.0,,,EXPLOIT
1890,59,,,0,1,1,0,common,1.0,0.6122708741867813,0.5078515030391667,0.4707010912131815,0.0,0.8318529088023008,0.0,,,EXPLOIT
1891,59,,,0,1,1,0,common,0.0,0.6020239317785921,0.3225984452004738,0.5100979433828047,0.0,0.8244906519132635,0.0,,,EXPLOIT
1892,59,,,0,1,1,0,common,1.0,0.6086844443439151,0.5046806976939128,0.5396738936711378,0.0,0.8165381731763491,0.0,,,EXPLOIT
1893,59,,,0,0,0,0,common,0.0,0.04956993767774251,0.32076552703529476,0.3926427068731192,0.0,0.8190444148146615,0.0,,,EXPLOIT
1894,59,,,0,1,1,0,common,0.0,0.6043551111764551,0.30731627974737175,0.45615642816411994,0.0,0.821459043079539,0.0,,,EXPLOIT
1895,59,,,0,1,1,0,common,1.0,0.6071691777353041,0.487911517241154,0.5014602530354751,0.0,0.8132567605162907,0.0,,,EXPLOIT
1896,59,,,0,0,0,0,common,0.0,0.032220459490532635,0.3065631065923068,0.3606883149719924,0.0,0.8158852963847978,0.0,,,EXPLOIT
1897,59,,,0,0,0,0,common,1.0,0.9790567013311537,0.29802039745294573,0.5461988308797407,0.0,0.8072134097568833,0.0,,,EXPLOIT
1898,59,,,0,1,1,0,common,1.0,0.3946599655279477,0.5886502591696638,0.5007371712742028,0.0,0.7977841976793695,0.0,,,EXPLOIT
1899,59,,,0,0,0,0,common,0.0,0.36361314413475,0.470703222414806,0.4595999631323669,0.0,0.8010251114684426,0.0,,,EXPLOIT
1900,59,,,0,1,1,0,common,0.0,0.7434710224068339,0.35937394406503365,0.544761280914707,0.0,0.791035516520231,0.0,,,EXPLOIT
1901,59,,,0,0,0,0,common,0.0,0.2363485436875875,0.5846269443048566,0.4522374597465711,0.0,0.7945619394814799,0.0,,,EXPLOIT
1902,59,,,0,1,1,0,common,1.0,0.5167438354355579,0.5153641584700199,0.47158937245326715,0.0,0.7979377824166182,0.0,,,EXPLOIT
1903,59,,,0,1,1,0,common,1.0,0.3358834930331127,0.35657218107811584,0.4308776086272208,0.0,0.8011723285297639,0.0,,,EXPLOIT
1904,59,,,0,1,1,0,common,0.0,0.7816757295284767,0.2664034472370965,0.5361170448975976,0.0,0.7911962583829973,0.0,,,EXPLOIT
1905,59,,,0,1,1,0,common,1.0,0.4919107758064901,0.49339055895129535,0.5228551641702653,0.0,0.7802822837842137,0.0,,,EXPLOIT
1906,59,,,0,0,0,0,common,0.0,0.15362655339693188,0.34329221133496607,0.4120865809382653,0.0,0.784286636338323,0.0,,,EXPLOIT
1907,59,,,0,1,1,0,common,1.0,0.3197420042742186,0.30103032579011524,0.3843832079390513,0.0,0.7881097170450208,0.0,,,EXPLOIT
1908,59,,,0,1,1,0,common,0.0,0.792167697221758,0.22423228371788,0.5067185547238633,0.0,0.776896735784114,0.0,,,EXPLOIT
1909,59,,,0,1,1,0,common,1.0,0.4850909968058573,0.43922888431430906,0.5002302873484614,0.0,0.7645622410096296,0.0,,,EXPLOIT
1910,59,,,0,1,1,0,common,1.0,0.31530914792380726,0.2976924909203271,0.4447539455210651,0.0,0.7693159266406799,0.0,,,EXPLOIT
1911,59,,,0,0,0,0,common,0.0,0.09985725970800571,0.22246536303265194,0.3412849397771473,0.0,0.7738366891255389,0.0,,,EXPLOIT
1912,59,,,0,1,1,0,common,1.0,0.2049509461504747,0.20187631426029348,0.30038474168914553,0.0,0.7781410261956595,0.0,,,EXPLOIT
1913,59,,,0,1,1,0,common,1.0,0.13321811499780856,0.16438270500111224,0.2502347536817444,0.0,0.7822439137713175,0.0,,,EXPLOIT
1914,59,,,0,1,1,0,common,1.0,0.0865917747485756,0.14327139869021033,0.20114186000179377,0.0,0.7861589774841243,0.0,,,EXPLOIT
1915,59,,,0,1,1,0,common,0.0,0.9437153464134258,0.13083384526243183,0.42391390592528333,0.0,0.7898986415122757,0.0,,,EXPLOIT
1916,59,,,0,1,1,0,common,1.0,0.3865850248312732,0.32571484624756214,0.4127152415970803,0.0,0.7934742581540045,0.0,,,EXPLOIT
1917,59,,,0,1,1,0,common,0.0,0.7487197338596724,0.2295054075889254,0.513516589275858,0.0,0.7827782845743111,0.0,,,EXPLOIT
1918,59,,,0,1,1,0,common,1.0,0.5133321729912129,0.4332558140068328,0.5134612643904644,0.0,0.7710389655844945,0.0,,,EXPLOIT
1919,59,,,0,1,1,0,common,1.0,0.33366591244428845,0.28540733097067894,0.4595226588066116,0.0,0.7754766547904481,0.0,,,EXPLOIT
1920,59,,,0,1,1,0,common,1.0,0.21688284308878747,0.208730897360067,0.3867307140912643,0.0,0.7797037077298546,0.0,,,EXPLOIT
1921,59,,,0,1,1,0,common,1.0,0.14097384800771184,0.1681368262580634,0.3130036542661985,0.0,0.783734574750097,0.0,,,EXPLOIT
1922,59,,,0,1,1,0,common,1.0,0.09163300120501272,0.14543626418058597,0.24659245834784277,0.0,0.7875824142296277,0.0,,,EXPLOIT
1923,59,,,0,1,1,0,common,1.0,0.05956145078325825,0.13213172172866366,0.19048315607846739,0.0,0.7912592338163871,0.0,,,EXPLOIT
1924,59,,,0,1,1,0,common,1.0,0.03871494300911782,0.12406320823213882,0.1449526921576625,0.0,0.7947760135343627,0.0,,,EXPLOIT
1925,59,,,0,1,1,0,common,1.0,0.025164712955926594,0.11905384367167965,0.1090162983971417,0.0,0.7981428134170805,0.0,,,EXPLOIT
1926,59,,,0,1,1,0,common,1.0,0.016357063421352236,0.11589442170864475,0.08121852790440486,0.0,0.8013688678903897,0.0,,,EXPLOIT
1927,59,,,0,1,1,0,common,1.0,0.010632091223878981,0.1138808936463126,0.06004259690024709,0.0,0.8044626687694465,0.0,,,EXPLOIT
1928,59,,,0,1,1,0,common,1.0,0.0069108592955213766,0.1125888359914197,0.044103075618829375,0.0,0.8074320384407485,0.0,,,EXPLOIT
1929,59,,,0,1,1,0,common,1.0,0.004492058542088895,0.11175601292563155,0.03221977049580723,0.0,0.8102841945571806,0.0,,,EXPLOIT
1930,59,,,0,1,1,0,common,1.0,0.002919838052357737,0.11121762603259017,0.023429790762772382,0.0,0.8130258073725797,0.0,,,EXPLOIT
1931,59,,,0,1,1,0,common,1.0,0.001897894734032568,0.11086891587003538,0.016970221954150436,0.0,0.8156630506746226,0.0,,,EXPLOIT
1932,59,,,0,1,1,0,common,1.0,0.001233631577121197,0.1106427775528134,0.012249244841041663,0.0,0.8182016471347134,0.0,,,EXPLOIT
1933,59,,,0,1,1,0,common,1.0,0.0008018605251287614,0.1104960084151104,0.008815029546267792,0.0,0.8206469087760296,0.0,,,EXPLOIT
1934,59,,,0,1,1,0,common,1.0,0.000521209341333706,0.11040070166217064,0.006326883484787565,0.0,0.8230037731620379,0.0,,,EXPLOIT
1935,59,,,0,1,1,0,common,1.0,0.00033878607186688114,0.11033879161988427,0.004530454260911359,0.0,0.8252768358243182,0.0,,,EXPLOIT
1936,59,,,0,1,1,0,common,1.0,0.00022021094671342833,0.1102985667099122,0.0032373812666519797,0.0,0.8274703793778833,0.0,,,EXPLOIT
1937,59,,,0,1,1,0,common,1.0,0.00014313711536373397,0.11027242753750503,0.0023091080212655057,0.0,0.8295883997121499,0.0,,,EXPLOIT
1938,59,,,0,0,0,0,common,0.0,0.06490721881020373,0.11025544004049816,0.02108854125794697,0.0,0.8316346295945954,0.0,,,EXPLOIT
1939,59,,,0,1,1,0,common,1.0,9.303912498648259e-05,0.10278919128943806,0.014789890618058825,0.0,0.8336125599804606,0.0,,,EXPLOIT
1940,59,,,0,1,1,0,common,1.0,6.0475431241213684e-05,0.10277882300187209,0.01037106606201354,0.0,0.8355254592844517,0.0,,,EXPLOIT
1941,59,,,0,1,1,0,common,1.0,3.93090303068e-05,0.10277208411936357,0.007271538952501518,0.0,0.8373763908382638,0.0,,,EXPLOIT
1942,59,,,0,1,1,0,common,0.0,0.9999744491303005,0.10276770405883584,0.3050824120058412,0.0,0.839168228730097,0.0,,,EXPLOIT
1943,59,,,0,1,1,0,common,0.0,0.6499833919346953,0.28078248114913973,0.40855270598449744,0.0,0.8409036721984533,0.0,,,EXPLOIT
1944,59,,,0,1,1,0,common,1.0,0.577510795242448,0.4703078204068506,0.4592401327618826,0.0,0.8425852587318589,0.0,,,EXPLOIT
1945,59,,,0,1,1,0,common,1.0,0.3753820169075912,0.2995007348014755,0.4340826980055952,0.0,0.8442153760082395,0.0,,,EXPLOIT
1946,59,,,0,1,1,0,common,1.0,0.2439983109899343,0.21130289241977018,0.3770573819008969,0.0,0.8457962727921178,0.0,,,EXPLOIT
1947,59,,,0,1,1,0,common,1.0,0.1585989021434573,0.16566386636640063,0.311519837973665,0.0,0.8473300688942403,0.0,,,EXPLOIT
1948,59,,,0,1,1,0,common,1.0,0.10308928639324721,0.14063857644626973,0.24899067249953966,0.0,0.8488187642864186,0.0,,,EXPLOIT
1949,59,,,0,1,1,0,common,1.0,0.06700803615561068,0.126177723325246,0.19439588159636095,0.0,0.8502642474540114,0.0,,,EXPLOIT
1950,59,,,0,1,1,0,common,1.0,0.043555223501146934,0.1174922782399628,0.14914368416779675,0.0,0.8516683030594222,0.0,,,EXPLOIT
1951,59,,,0,1,1,0,common,1.0,0.028310895275745485,0.1121345246992402,0.11289384750018136,0.0,0.8530326189820129,0.0,,,EXPLOIT
1952,59,,,0,1,1,0,common,0.0,0.9815979180707655,0.10876970664031513,0.3735050686713566,0.0,0.8543587927928405,0.0,,,EXPLOIT
1953,59,,,0,1,1,0,common,1.0,0.36196135325400247,0.28949988624574247,0.3700419540461503,0.0,0.8556483377164588,0.0,,,EXPLOIT
1954,59,,,0,1,1,0,common,1.0,0.23527487961510163,0.20622520624881546,0.32961183171683567,0.0,0.8569026881265651,0.0,,,EXPLOIT
1955,59,,,0,1,1,0,common,1.0,0.15292867174981606,0.16294618228760738,0.27660688372672976,0.0,0.8581232046174794,0.0,,,EXPLOIT
1956,59,,,0,0,0,0,common,0.0,0.04218969222663242,0.13909828176859473,0.20628172627670052,0.0,0.8593111786891553,0.0,,,EXPLOIT
1957,59,,,0,1,1,0,common,1.0,0.0994036366373805,0.13307271723602518,0.17421829938490452,0.0,0.8604678370796599,0.0,,,EXPLOIT
1958,59,,,0,1,1,0,common,1.0,0.06461236381429736,0.11976856590100048,0.14133651871372235,0.0,0.8615943457756788,0.0,,,EXPLOIT
1959,59,,,0,1,1,0,common,1.0,0.04199803647929323,0.11176358327113327,0.11153497404339362,0.0,0.8626918137286269,0.0,,,EXPLOIT
1960,59,,,0,1,1,0,common,1.0,0.02729872371154063,0.1068192922702543,0.08626409894383773,0.0,0.8637612963012683,0.0,,,EXPLOIT
1961,59,,,0,1,1,0,common,0.0,0.9822558295874986,0.10371143329508023,0.355061618136936,0.0,0.8648037984673758,0.0,,,EXPLOIT
1962,59,,,0,1,1,0,common,1.0,0.3615337107681259,0.2784414584777773,0.35700324592629296,0.0,0.8658202777848291,0.0,,,EXPLOIT
1963,59,,,0,1,1,0,common,0.0,0.7650030880007181,0.1976941916027377,0.47940319854862046,0.0,0.8668116471606521,0.0,,,EXPLOIT
1964,59,,,0,1,1,0,common,1.0,0.5027479927995332,0.3910507243442779,0.48640663682389423,0.0,0.8677787774247757,0.0,,,EXPLOIT
1965,59,,,0,1,1,0,common,0.0,0.6732138046803035,0.254233421128468,0.542448787180817,0.0,0.8629658599325928,0.0,,,EXPLOIT
1966,59,,,0,1,1,0,common,1.0,0.5624110269578028,0.44358712230528013,0.5484374591139127,0.0,0.8578430218941647,0.0,,,EXPLOIT
1967,59,,,0,1,1,0,common,1.0,0.3655671675225718,0.2813494053851252,0.4935763716365104,0.0,0.8590384333722,0.0,,,EXPLOIT
1968,59,,,0,1,1,0,common,1.0,0.2376186588896717,0.19916038804563227,0.4167890578124588,0.0,0.8602022501515736,0.0,,,EXPLOIT
1969,59,,,0,1,1,0,common,1.0,0.15445212827828658,0.15674451936079672,0.3380879789522071,0.0,0.861335651970314,0.0,,,EXPLOIT
1970,59,,,0,1,1,0,common,1.0,0.10039388338088628,0.13346958168313847,0.26677975028081086,0.0,0.8624397606940167,0.0,,,EXPLOIT
1971,59,,,0,1,1,0,common,0.0,0.9347439758024239,0.12000365705286253,0.4671690179372947,0.0,0.8635156438228877,0.0,,,EXPLOIT
1972,59,,,0,1,1,0,common,1.0,0.39241641572842445,0.3012120452320951,0.4447432372746336,0.0,0.8645643177468013,0.0,,,EXPLOIT
1973,59,,,0,1,1,0,common,0.0,0.744929329776524,0.2091409047745721,0.5347990650252007,0.0,0.8595454876077144,0.0,,,EXPLOIT
1974,59,,,0,1,1,0,common,1.0,0.5157959356452594,0.4023798525665395,0.5290981262112182,0.0,0.8541964878577164,0.0,,,EXPLOIT
1975,59,,,0,1,1,0,common,1.0,0.33526735816941855,0.260001434647233,0.4709488957986783,0.0,0.8554904919725282,0.0,,,EXPLOIT
1976,59,,,0,1,1,0,common,0.0,0.782076217189878,0.1883559357503044,0.5642870922160382,0.0,0.8498669888196991,0.0,,,EXPLOIT
1977,59,,,0,0,0,0,common,0.0,0.027423299947311075,0.3815083984721859,0.40322795453542004,0.0,0.85128237777468,0.0,,,EXPLOIT
1978,59,,,0,1,1,0,common,1.0,0.4916504588265793,0.37333157304007053,0.4297547058227678,0.0,0.8526575675570062,0.0,,,EXPLOIT
1979,59,,,0,0,0,0,common,1.0,0.9821748550342478,0.24307127902680623,0.5954807505862119,0.0,0.8468381744750065,0.0,,,EXPLOIT
1980,59,,,0,0,0,0,common,1.0,0.6384136557722611,0.5247995539846261,0.6083606221420266,0.0,0.8406057398599681,0.0,,,EXPLOIT
1981,59,,,0,1,1,0,common,1.0,0.3195727982372766,0.675272349151915,0.5217242749706016,0.0,0.8339150215458216,0.0,,,EXPLOIT
1982,59,,,0,0,0,0,common,0.0,0.5850311237480303,0.6140990425891435,0.5407163296038302,0.0,0.826713919918422,0.0,,,EXPLOIT
1983,59,,,0,1,1,0,common,1.0,0.20772231885422976,0.44194359320404686,0.44081812637895,0.0,0.8288578502160459,0.0,,,EXPLOIT
1984,59,,,0,1,1,0,common,1.0,0.13501950725524936,0.3782759554933189,0.3490785406418398,0.0,0.8309287163629643,0.0,,,EXPLOIT
1985,59,,,0,1,1,0,common,1.0,0.08776267971591212,0.3389591286232771,0.2706837823640615,0.0,0.8329300913846839,0.0,,,EXPLOIT
1986,59,,,0,0,0,0,common,0.0,0.38027023043621977,0.3146000092300346,0.303559716785709,0.0,0.8348653192599431,0.0,,,EXPLOIT
1987,59,,,0,1,1,0,common,1.0,0.05704574181534283,0.22210681705612673,0.22960552429459913,0.0,0.8367375329875205,0.0,,,EXPLOIT
1988,59,,,0,1,1,0,common,0.0,0.9629202678200272,0.21016963509652423,0.4495999473522275,0.0,0.8385496709694902,0.0,,,EXPLOIT
1989,59,,,0,1,1,0,common,1.0,0.3741018259169824,0.4717196650484088,0.426950510921654,0.0,0.8403044918911544,0.0,,,EXPLOIT
1990,59,,,0,1,1,0,common,1.0,0.24316618684603852,0.357263260875083,0.3718152136989693,0.0,0.8420045882561649,0.0,,,EXPLOIT
1991,59,,,0,1,1,0,common,1.0,0.1580580214499251,0.2902986012334008,0.30768805602425603,0.0,0.8436523987165228,0.0,,,EXPLOIT
1992,59,,,0,1,1,0,common,1.0,0.10273771394245135,0.2513466015165564,0.2462029533997146,0.0,0.8452502193208146,0.0,,,EXPLOIT
1993,59,,,0,1,1,0,common,1.0,0.06677951406259341,0.2281112390401229,0.19237592159857822,0.0,0.8468002137898089,0.0,,,EXPLOIT
1994,59,,,0,1,1,0,common,1.0,0.043406684140685714,0.21389733773801486,0.14768515036121044,0.0,0.8483044229161466,0.0,,,EXPLOIT
1995,59,,,0,0,0,0,common,1.0,0.7528243502164571,0.2050318393394872,0.3292269103177844,0.0,0.8497647731740066,0.0,,,EXPLOIT
1996,59,,,0,1,1,0,common,1.0,0.02821434469144568,0.3985986044922787,0.23892314062988276,0.0,0.8511830846151485,0.0,,,EXPLOIT
1997,59,,,0,1,1,0,common,1.0,0.01833932404943972,0.39004236497881695,0.17274799565574983,0.0,0.8525610781193946,0.0,,,EXPLOIT
1998,59,,,0,0,0,0,common,0.0,0.5106641723593028,0.38451747623467053,0.2741228486668157,0.0,0.8539003820603034,0.0,,,EXPLOIT
1999,59,,,0,1,1,0,common,1.0,0.011920560632135868,0.24731390671400677,0.19546216225641175,0.0,0.8552025384403323,0.0,,,EXPLOIT
2000,59,,,0,1,1,0,common,0.0,0.9922516355891117,0.24456529431224944,0.4344990042562217,0.0,0.8564690085441077,0.0,,,EXPLOIT
