trial,seed,config_version,git_commit,s1,a1,s2,a2,trans_type,reward,u_delta,u_s,u_v,u_c,V_G,V_p,eta_G,eta_p,mode
1,56,,,0,0,1,1,rare,0.0,0.5,0.6931471803599453,0.15,0.0,0.5,0.5,,,EXPLOIT
2,56,,,0,0,0,0,common,1.0,0.5,0.6354546081677416,0.255,0.0,0.5260663507109005,0.5433789954337899,,,EXPLOIT
3,56,,,0,0,1,0,rare,0.0,0.5,0.6856999791554921,0.3285,0.0,0.5493262427328857,0.5794962364913165,,,EXPLOIT
4,56,,,0,0,0,1,common,1.0,0.5,0.6578897610714223,0.37995,0.0,0.570208762497792,0.6100329171214658,,,EXPLOIT
5,56,,,0,0,1,1,rare,0.0,0.325,0.678192000721634,0.36346500000000004,0.0,0.5890597666503006,0.6361884525043351,,,EXPLOIT
6,56,,,0,0,0,0,common,1.0,0.32499999999999996,0.6658919143832673,0.3519255,0.0,0.6061611288293314,0.65884152052499,,,EXPLOIT
7,56,,,0,0,0,1,common,0.0,0.675,0.6742786675771266,0.44884785,0.0,0.621744881595395,0.678650554588017,,,EXPLOIT
8,56,,,0,1,1,0,common,0.0,0.325,0.6689893580378086,0.41169349499999996,0.0,0.6360037662619006,0.6961186809978029,,,EXPLOIT
9,56,,,0,1,0,1,rare,0.0,0.4387500000000001,0.6850871411381783,0.4198104465,0.0,0.6490992118689946,0.7116369601865663,,,EXPLOIT
10,56,,,0,1,1,1,common,0.0,0.21125000000000002,0.6339004128701535,0.35724231255,0.0,0.661167445672263,0.7255139427248888,,,EXPLOIT
11,56,,,0,1,1,0,common,0.0,0.21125000000000002,0.5810786888943573,0.313444618785,0.0,0.6723242264513416,0.7379963399676884,,,EXPLOIT
12,56,,,0,1,1,1,common,1.0,0.8626875,0.5414906950890008,0.4782174831495,0.0,0.6826685496483146,0.7492837770280747,,,EXPLOIT
13,56,,,0,1,1,1,common,1.0,0.560746875,0.692404721678451,0.5029763007046499,0.0,0.6922855757947949,0.7595395145573263,,,EXPLOIT
14,56,,,0,1,1,1,common,1.0,0.36448546875,0.6002100758474688,0.46142905111825494,0.0,0.6696692353504318,0.7345438532178641,,,EXPLOIT
15,56,,,0,1,1,1,common,1.0,0.23691555468750003,0.48743354799499805,0.3940750021890284,0.0,0.6802042660243358,0.7461561412808504,,,EXPLOIT
16,56,,,0,1,1,1,common,1.0,0.15399511054687498,0.40946172979156964,0.32205103469638235,0.0,0.6899922779163419,0.7566930850227617,,,EXPLOIT
17,56,,,0,1,1,1,common,0.0,0.8999031781445312,0.3606550699689178,0.495406677730827,0.0,0.6991095602945658,0.7662969824919401,,,EXPLOIT
18,56,,,0,1,0,0,rare,0.0,0.7887500000000001,0.6241387088686721,0.5834096744115789,0.0,0.7076223567548049,0.7750860860308191,,,EXPLOIT
19,56,,,0,1,0,1,rare,1.0,0.7148125,0.6929101852397257,0.6228305220881052,0.0,0.6871120001147858,0.7531890507238014,,,EXPLOIT
20,56,,,0,1,1,1,common,0.0,0.5849370657939453,0.6143668844537917,0.6114624851998571,0.0,0.6637606044904037,0.7268630663284312,,,EXPLOIT
21,56,,,0,0,0,0,common,1.0,0.4873124999999999,0.6931420787935855,0.5742174896398999,0.0,0.6369354004100644,0.6946150485879676,,,EXPLOIT
22,56,,,0,0,0,1,common,0.0,0.535371875,0.6082059964718003,0.5625638052479299,0.0,0.6058006384567427,0.6541958192530821,,,EXPLOIT
23,56,,,0,0,0,0,common,1.0,0.31675312499999997,0.6931048670115247,0.4888206011735509,0.0,0.5692291031078214,0.6020521271750603,,,EXPLORE
24,56,,,0,0,0,0,common,0.0,0.79411046875,0.6067968822651886,0.5804075614464856,0.0,0.5881732240036777,0.6293225185616046,,,EXPLOIT
25,56,,,0,1,1,0,common,1.0,0.8626875,0.6930783102637759,0.6650915430125399,0.0,0.5483131774817276,0.5691113851227151,,,EXPLORE
26,56,,,0,0,0,0,common,1.0,0.4838281953125,0.6131253425144596,0.610712538702528,0.0,0.5004456298122588,0.4865416221072105,,,EXPLORE
27,56,,,0,0,0,0,common,1.0,0.314488326953125,0.6931180815869709,0.5218452751777071,0.0,0.4418914912540264,0.36632730034219874,,,EXPLORE
28,56,,,0,1,1,1,common,1.0,0.6197909072339355,0.654439317172639,0.5512289647945756,0.0,0.3686265237229774,0.17513578018707598,,,EXPLORE
29,56,,,0,0,0,1,common,0.0,0.34799171875,0.6931348859217602,0.4902577909812029,0.0,0.27431592422045853,0.09090909090909093,,,EXPLORE
30,56,,,0,0,0,0,common,0.0,0.7955825874804687,0.5760486756158,0.5818552299309826,0.0,0.33075899444186646,0.23017705927636645,,,EXPLORE
31,56,,,0,1,1,1,common,1.0,0.4028640897020581,0.4286732090322111,0.5281578878623052,0.0,0.22437793680364893,0.09090909090909093,,,EXPLORE
32,56,,,0,1,1,1,common,0.0,0.7381383416936622,0.35073647066622204,0.5911520240117123,0.0,0.09090909090909093,0.09090909090909093,,,EXPLORE
33,56,,,0,1,0,1,rare,0.0,0.2261946171875,0.6002226430264443,0.48166480196444855,0.0,0.09090909090909093,0.09090909090909093,,,EXPLORE
34,56,,,0,1,1,1,common,1.0,0.5202100778991195,0.6903809156026264,0.49322838474484987,0.0,0.17965545529122232,0.23017705927636645,,,EXPLORE
35,56,,,0,1,1,0,common,1.0,0.560746875,0.5708268472223279,0.5134839318213948,0.0,0.25195053896963665,0.33155527035247095,,,EXPLORE
36,56,,,0,0,0,0,common,0.0,0.5171286818623047,0.44211628853965884,0.5145773568336678,0.0,0.117731574948835,0.11586571025734585,,,EXPLORE
37,56,,,0,1,1,1,common,1.0,0.3381365506344277,0.3472684503559621,0.4616451149738957,0.0,0.09090909090909093,0.09090909090909093,,,EXPLORE
38,56,,,0,1,0,0,rare,1.0,0.663866356789502,0.2737010727853814,0.5223114875185776,0.0,0.17965545529122232,0.23017705927636645,,,EXPLORE
39,56,,,0,1,1,0,common,1.0,0.36448546875,0.23188704225695111,0.4749636818880043,0.0,0.09090909090909093,0.09090909090909093,,,EXPLORE
40,56,,,0,0,0,0,common,1.0,0.4315131319131763,0.20737481721685685,0.4619285168955559,0.0,0.17965545529122232,0.23017705927636645,,,EXPLORE
41,56,,,0,0,1,0,rare,0.0,0.7630844453125,0.4153256348910954,0.5522752954206391,0.0,0.25195053896963665,0.33155527035247095,,,EXPLORE
42,56,,,0,1,1,1,common,0.0,0.7802112420876219,0.27849434233992554,0.6206560794207339,0.0,0.117731574948835,0.11586571025734585,,,EXPLORE
43,56,,,0,1,1,1,common,1.0,0.4928626926430457,0.5518030507375176,0.5823180633874274,0.0,0.09090909090909093,0.09090909090909093,,,EXPLORE
44,56,,,0,0,1,0,rare,0.0,0.496004889453125,0.4286630634523353,0.5564241112071366,0.0,0.09090909090909093,0.09090909090909093,,,EXPLORE
45,56,,,0,0,1,1,rare,1.0,0.3203607502179797,0.3350988000526329,0.48560510291038955,0.0,0.09090909090909093,0.09090909090909093,,,EXPLORE
46,56,,,0,1,1,1,common,0.0,0.7917655123583132,0.5757509599141629,0.5774532257447667,0.0,0.17965545529122232,0.23017705927636645,,,EXPLORE
47,56,,,0,1,1,0,common,1.0,0.6775968218554688,0.6931447084871742,0.6074963045779772,0.0,0.09090909090909093,0.09090909090909093,,,EXPLORE
48,56,,,0,1,1,0,common,0.0,0.5595620657939453,0.6320769647276763,0.5931160329427676,0.0,0.09090909090909093,0.09090909090909093,,,EXPLORE
49,56,,,0,1,1,1,common,1.0,0.4853524169670964,0.6878393772996934,0.5607869481500662,0.0,0.09090909090909093,0.09090909090909093,,,EXPLORE
50,56,,,0,0,0,0,common,0.0,0.7195164642564353,0.6514432632311811,0.6084058029819769,0.0,0.09090909090909093,0.09090909090909093,,,EXPLORE
51,56,,,0,0,1,0,rare,0.0,0.36371534276606443,0.5269003938302739,0.5349986649172032,0.0,0.09090909090909093,0.09090909090909093,,,EXPLORE
52,56,,,0,0,0,1,common,1.0,0.852973498828125,0.42930281976260987,0.6303911150904797,0.0,0.09090909090909093,0.09090909090909093,,,EXPLORE
53,56,,,0,0,1,1,rare,1.0,0.3154790710286126,0.6514196565541015,0.5359175018719196,0.0,0.09090909090909093,0.09090909090909093,,,EXPLORE
54,56,,,0,0,0,0,common,1.0,0.532314298233317,0.6909015185448324,0.5348365407803388,0.0,0.09090909090909093,0.09090909090909093,,,EXPLORE
55,56,,,0,0,0,0,common,1.0,0.3460042938516561,0.6493934024097172,0.478186866701734,0.0,0.09090909090909093,0.09090909090909093,,,EXPLORE
56,56,,,0,0,1,1,rare,0.0,0.7949386038314018,0.5992249001975052,0.5732123878406343,0.0,0.17965545529122232,0.23017705927636645,,,EXPLORE
57,56,,,0,0,0,1,common,0.0,0.4455672257617187,0.68275335072126,0.5349188392169596,0.0,0.09090909090909093,0.09090909090909093,,,EXPLORE
58,56,,,0,0,1,1,rare,0.0,0.5167100924904111,0.5680817799943652,0.529456215198995,0.0,0.09090909090909093,0.09090909090909093,,,EXPLORE
59,56,,,0,0,0,0,common,1.0,0.22490279100357646,0.45759501405215836,0.4380901879403694,0.0,0.09090909090909093,0.09090909090909093,,,EXPLORE
60,56,,,0,1,1,1,common,1.0,0.6641384398812328,0.6619213197850828,0.5059046635226284,0.0,0.17965545529122232,0.23017705927636645,,,EXPLORE
61,56,,,0,0,0,0,common,1.0,0.1461868141523247,0.5771171202081656,0.39798930871153726,0.0,0.09090909090909093,0.09090909090909093,,,EXPLORE
62,56,,,0,0,0,0,common,1.0,0.09502142919901102,0.6797107300002547,0.3070989448577794,0.0,0.17965545529122232,0.23017705927636645,,,EXPLORE
63,56,,,0,0,0,0,common,1.0,0.06176392897935712,0.6912884219851356,0.2334984400942527,0.0,0.25195053896963665,0.33155527035247095,,,EXPLORE
64,56,,,0,0,0,1,common,1.0,0.7103813032548828,0.6719792705300598,0.3765632990424417,0.0,0.31197800201026266,0.40865139461585376,,,EXPLORE
65,56,,,0,1,1,0,common,1.0,0.7635850272020581,0.6491313150792523,0.49266981749032657,0.0,0.3626137856372424,0.46925370836719743,,,EXPLORE
66,56,,,0,0,0,0,common,1.0,0.040146553836582166,0.6840926754322254,0.35691283839420324,0.0,0.4059000327452924,0.5181414926281387,,,EXPLORE
67,56,,,0,1,0,0,rare,1.0,0.026095259993778375,0.6740618491170702,0.25766756487407577,0.0,0.4433268371345312,0.5584101936095955,,,EXPLOIT
68,56,,,0,0,0,0,common,0.0,0.9830380810040441,0.6893015141476108,0.47527871971306623,0.0,0.4760069778008542,0.5921529537657815,,,EXPLOIT
69,56,,,0,1,0,0,rare,1.0,0.3610252473473713,0.5529961981588756,0.44100267800335774,0.0,0.5047882362938754,0.6208359130085537,,,EXPLORE
70,56,,,0,1,1,1,common,1.0,0.4316899859228014,0.5225319152162816,0.43820887037919076,0.0,0.5303278475182935,0.6455166258956538,,,EXPLOIT
71,56,,,0,1,1,1,common,1.0,0.2805984908498209,0.5021942154037521,0.39092575652037975,0.0,0.5531431856165939,0.6669771225069359,,,EXPLOIT
72,56,,,0,1,1,1,common,1.0,0.18238901905238358,0.4888351095828827,0.3283647352799809,0.0,0.5736470880232013,0.6858081495669813,,,EXPLOIT
73,56,,,0,1,1,1,common,0.0,0.8814471376159507,0.4801151885713987,0.4942894559807718,0.0,0.5921729883276855,0.7024642847715783,,,EXPLOIT
74,56,,,0,0,1,0,rare,0.0,0.5036697323186622,0.6918293863270539,0.4971035388821389,0.0,0.6089931308257707,0.7173010333450142,,,EXPLORE
75,56,,,0,0,0,1,common,0.0,0.5382521528843262,0.589926488840141,0.509448123082795,0.0,0.6243319910980096,0.7306004237646555,,,EXPLOIT
76,56,,,0,1,1,1,common,1.0,0.427059360549632,0.4710948813396186,0.48473149432284607,0.0,0.5910531557799811,0.6992335335919269,,,EXPLOIT
77,56,,,0,1,1,0,common,0.0,0.32738532600713044,0.36027194767055704,0.43752764382813136,0.0,0.6079742005455988,0.7144154802369899,,,EXPLOIT
78,56,,,0,1,1,0,common,0.0,0.2128004619046348,0.5912449729669885,0.37010948925108234,0.0,0.6234009602982503,0.7280076840145229,,,EXPLOIT
79,56,,,0,1,0,0,rare,1.0,0.2346664107757913,0.6849330359314294,0.32947656570849504,0.0,0.6375223204855074,0.740246834045412,,,EXPLOIT
80,56,,,0,1,0,0,rare,0.0,0.8474668329957357,0.5399836968412934,0.4848736458946672,0.0,0.6504966193510318,0.7513248553820647,,,EXPLOIT
81,56,,,0,1,0,0,rare,1.0,0.44914655855277186,0.6714791784564724,0.47415551969209857,0.0,0.6624575832337585,0.7613990138167054,,,EXPLOIT
82,56,,,0,0,0,0,common,1.0,0.2919452630593017,0.5169473138827827,0.4194924427022595,0.0,0.6735189297632881,0.7705994017198472,,,EXPLOIT
83,56,,,0,1,1,1,common,1.0,0.27758858435726075,0.6838760330561975,0.3769212851987599,0.0,0.6837779751776009,0.7790345640342433,,,EXPLOIT
84,56,,,0,0,0,0,common,1.0,0.18976442098854607,0.609964145763977,0.3207742259356957,0.0,0.6933184883769062,0.7867957820772538,,,EXPLOIT
85,56,,,0,0,0,0,common,1.0,0.12334687364255492,0.6892090041624743,0.2615460202477535,0.0,0.702212969050545,0.7939603744396744,,,EXPLOIT
86,56,,,0,0,0,0,common,1.0,0.08017546786766072,0.6847312127657987,0.20713485453372565,0.0,0.7105244810526562,0.8005942684010628,,,EXPLOIT
87,56,,,0,1,0,0,rare,1.0,0.05211405411397951,0.657283606737244,0.16062861440780182,0.0,0.7183081391329899,0.8067540232614003,,,EXPLOIT
88,56,,,0,1,1,1,common,1.0,0.1804325798322195,0.689574044568571,0.1665698040351271,0.0,0.7256123231522409,0.8124884372048947,,,EXPLOIT
89,56,,,0,1,0,0,rare,1.0,0.03387413517408666,0.6924419084280893,0.12676110337681495,0.0,0.7324796763312862,0.8178398343886686,,,EXPLOIT
90,56,,,0,1,1,1,common,1.0,0.11728117689094264,0.6863448709791466,0.12391712543105325,0.0,0.7389479310589504,0.8228451041161721,,,EXPLOIT
91,56,,,0,1,1,1,common,1.0,0.07623276497911269,0.6791186522602048,0.10961181729547106,0.0,0.7450505960386584,0.8275365460739587,,,EXPLOIT
92,56,,,0,1,0,0,rare,0.0,0.9779818121368437,0.6731022371183373,0.37012281574788286,0.0,0.7508175311974796,0.8319425625838933,,,EXPLOIT
93,56,,,0,1,1,1,common,0.0,0.9504487027635767,0.5915492477034113,0.5442205818525909,0.0,0.7562754311789351,0.836088229229377,,,EXPLOIT
94,56,,,0,0,0,0,common,1.0,0.3643118221110516,0.40100099902046504,0.4902479539301291,0.0,0.7417330197818183,0.8242479696467369,,,EXPLOIT
95,56,,,0,0,1,1,rare,1.0,0.38220834320367514,0.36142046015126317,0.4578360707121929,0.0,0.7476813579469411,0.8288531757917091,,,EXPLOIT
96,56,,,0,0,0,0,common,1.0,0.23680268437218355,0.33669362234206557,0.3915260548101901,0.0,0.7533063248995127,0.8331806097493332,,,EXPLOIT
97,56,,,0,0,1,1,rare,1.0,0.24843542308238886,0.3211178197279956,0.3485988652918497,0.0,0.7586333302079028,0.8372544676256976,,,EXPLOIT
98,56,,,0,0,1,1,rare,0.0,0.8385169749964472,0.3112192785102512,0.49557429820322896,0.0,0.7636851895501131,0.8410962148084138,,,EXPLOIT
99,56,,,0,0,0,0,common,0.0,0.8460782551580807,0.6010622094421753,0.6007254852896844,0.0,0.7684824474751596,0.8447249606300621,,,EXPLOIT
100,56,,,0,1,1,1,common,0.0,0.5450360337476907,0.6931267838371579,0.5840186498270863,0.0,0.7552698755359669,0.8340464710832497,,,EXPLOIT
101,56,,,0,0,0,0,common,1.0,0.45004913414724756,0.652019851278707,0.5438277951231346,0.0,0.7406149513540534,0.8219222743813005,,,EXPLOIT
102,56,,,0,0,0,1,common,1.0,0.650136100625188,0.4955145315833688,0.5757202867737506,0.0,0.72426873060214,0.8080382152197148,,,EXPLOIT
103,56,,,0,0,0,0,common,1.0,0.2925319371957109,0.3774091945320945,0.49076378190033865,0.0,0.7059214833211144,0.7919820085916244,,,EXPLOIT
104,56,,,0,0,1,1,rare,1.0,0.645726578064001,0.30695983653691106,0.5372526207494374,0.0,0.71399545099071,0.7987605147761339,,,EXPLOIT
105,56,,,0,0,0,0,common,1.0,0.1901457591772121,0.265693566201076,0.43312056227776974,0.0,0.6943282675277722,0.7811582357386146,,,EXPLOIT
106,56,,,0,0,0,0,common,1.0,0.12359474346518784,0.2410069254165501,0.3402628166339951,0.0,0.7031556252401462,0.7887539610780848,,,EXPLOIT
107,56,,,0,0,0,1,common,0.0,0.5774115345936278,0.22588559042762238,0.4114074320218849,0.0,0.7114064481415118,0.7957715899363155,,,EXPLOIT
108,56,,,0,0,1,1,rare,1.0,0.4197222757416007,0.49278981492966933,0.4139018851377996,0.0,0.7191350542804241,0.802274383317515,,,EXPLOIT
109,56,,,0,0,1,1,rare,1.0,0.2728194792320404,0.37571539618897176,0.3715771633660718,0.0,0.7263891464245772,0.8083166971348795,,,EXPLOIT
110,56,,,0,0,0,0,common,0.0,0.9196634167476279,0.30597160646970695,0.5360030393805386,0.0,0.7332107893915992,0.8139454958846948,,,EXPLOIT
111,56,,,0,0,0,0,common,1.0,0.4022187791140419,0.5579860480812266,0.49586776130058957,0.0,0.7159732182011355,0.7988340992057373,,,EXPLOIT
112,56,,,0,0,0,0,common,1.0,0.2614422064241273,0.41814275080843744,0.4255400948376509,0.0,0.7234197222299629,0.8051180367667042,,,EXPLOIT
113,56,,,0,0,1,1,rare,0.0,0.8226673384991737,0.3308030361189016,0.5446782679361077,0.0,0.7304168699386329,0.810964014739261,,,EXPLOIT
114,56,,,0,0,1,0,rare,0.0,0.13832030023801262,0.5748582856416857,0.4227708776266792,0.0,0.7128364917514695,0.7953795936328674,,,EXPLOIT
115,56,,,0,0,0,0,common,1.0,0.16993743417568274,0.6819077640880824,0.3469208445913803,0.0,0.7204762275544759,0.8019106558323146,,,EXPLOIT
116,56,,,0,0,1,1,rare,1.0,0.465266229975537,0.5360134959618483,0.38242446020662724,0.0,0.7276494217108285,0.8079783037633789,,,EXPLOIT
117,56,,,0,0,0,1,common,0.0,0.3753174974858581,0.4033223525141219,0.38029237139039646,0.0,0.734397213276315,0.8136298945033189,,,EXPLOIT
118,56,,,0,0,1,1,rare,1.0,0.30242304948409904,0.6169991282985396,0.35693157481850724,0.0,0.7407560429716716,0.8189065452711705,,,EXPLOIT
119,56,,,0,0,0,0,common,1.0,0.1104593322141938,0.4626224782471443,0.2829899020372132,0.0,0.7467583052971555,0.823844128381052,,,EXPLOIT
120,56,,,0,0,0,0,common,1.0,0.07179856593922596,0.35726892162028756,0.21963250120781702,0.0,0.7524328949668885,0.8284740817030781,,,EXPLOIT
121,56,,,0,0,1,1,rare,0.0,0.8034250178353356,0.29520963154932134,0.39477025619607253,0.0,0.7578056671181774,0.8328240733471657,,,EXPLOIT
122,56,,,0,0,1,1,rare,1.0,0.47777373840703186,0.5502329679460775,0.41967130085936033,0.0,0.7628998267626441,0.8369185502703422,,,EXPLOIT
123,56,,,0,1,0,0,rare,0.0,0.9533309321395032,0.41283715167040175,0.5797691902434032,0.0,0.7677362598544727,0.8407791937880973,,,EXPLOIT
124,56,,,0,0,1,1,rare,1.0,0.31055292996457073,0.3341234960113758,0.4990043121597535,0.0,0.7544443027997747,0.8295778061651752,,,EXPLOIT
125,56,,,0,0,0,0,common,1.0,0.380334894109323,0.2587434614212539,0.46340348674462434,0.0,0.7597119551411319,0.833862275570832,,,EXPLOIT
126,56,,,0,0,0,0,common,1.0,0.2472176811710599,0.21658030404299042,0.39854774507255497,0.0,0.7647089363598614,0.8378968482907708,,,EXPLOIT
127,56,,,0,0,1,1,rare,1.0,0.20185940447697104,0.19213341716918508,0.33954124289387977,0.0,0.7694553522818388,0.841702581304198,,,EXPLOIT
128,56,,,0,0,1,1,rare,1.0,0.13120861291003116,0.1774644502616029,0.2770414538987252,0.0,0.7739693658209894,0.8452982306689706,,,EXPLOIT
129,56,,,0,0,0,0,common,1.0,0.160691492761189,0.16843181796520648,0.24213646555746432,0.0,0.7782674261397968,0.8487005574503326,,,EXPLOIT
130,56,,,0,0,0,0,common,1.0,0.1044494702947728,0.1627681624023179,0.20083036697865686,0.0,0.7823644661227301,0.8519245861027333,,,EXPLOIT
131,56,,,0,0,1,1,rare,0.0,0.9147144016084797,0.15917309182841613,0.4149955773676037,0.0,0.7862740731592056,0.8549838237083163,,,EXPLOIT
132,56,,,0,0,1,1,rare,1.0,0.4054356389544882,0.3927639217584973,0.412127595843669,0.0,0.7900086373520897,0.8578904468200194,,,EXPLOIT
133,56,,,0,0,0,0,common,1.0,0.06789215569160234,0.2911818903752947,0.30885696379804894,0.0,0.7935794805579653,0.8606554613597073,,,EXPLOIT
134,56,,,0,0,0,0,common,1.0,0.04412990119954152,0.23488559414302282,0.2294388450184967,0.0,0.7969969690903961,0.8632888399983467,,,EXPLOIT
135,56,,,0,0,0,0,common,0.0,0.971315564220298,0.20285980159252912,0.45200186077903703,0.0,0.8002706124493743,0.8657996406330335,,,EXPLOIT
136,56,,,0,0,1,0,rare,0.0,0.0899081951547082,0.4411140284440285,0.34337376109173834,0.0,0.8034091500573708,0.8681961089273686,,,EXPLOIT
137,56,,,0,0,0,0,common,1.0,0.36864488325680633,0.6136542869973811,0.3509550977412587,0.0,0.8064206276680048,0.8704857673613056,,,EXPLOIT
138,56,,,0,0,0,1,common,0.0,0.24395637336580775,0.4307387940079459,0.3188554804286234,0.0,0.8093124648540074,0.872675492816701,,,EXPLOIT
139,56,,,0,0,1,1,rare,1.0,0.2635331653204174,0.6082651880582458,0.30225878589616156,0.0,0.8120915147663597,0.874771584384303,,,EXPLOIT
140,56,,,0,0,0,0,common,0.0,0.7603808258830759,0.4263692355329454,0.43969539789223583,0.0,0.8147641171779009,0.8767798228004502,,,EXPLOIT
141,56,,,0,0,1,1,rare,0.0,0.8287034425417287,0.6059504991139777,0.5563978112870837,0.0,0.8173361456756667,0.8787055226946442,,,EXPLOIT
142,56,,,0,0,0,0,common,0.0,0.49424753682399936,0.6800061284993008,0.5377527289481583,0.0,0.8087877871881917,0.871991061246318,,,EXPLOIT
143,56,,,0,1,1,1,common,1.0,0.4613427623478763,0.6930349633081805,0.5148297389680736,0.0,0.7994984878843219,0.8645690198284569,,,EXPLOIT
144,56,,,0,1,1,1,common,1.0,0.29987279552611956,0.5436424360044342,0.45034265593548733,0.0,0.7893680854385215,0.8563217681933812,,,EXPLOIT
145,56,,,0,1,0,0,rare,1.0,0.6787391010644004,0.3779287038235266,0.5188615894741612,0.0,0.7929667679046013,0.8591627966336928,,,EXPLOIT
146,56,,,0,0,0,0,common,1.0,0.4411804156918603,0.28105334999769505,0.4955572373394709,0.0,0.7822224250640322,0.8502857887344456,,,EXPLOIT
147,56,,,0,0,1,1,rare,1.0,0.19491731709197768,0.5278545833146195,0.4053652612652229,0.0,0.7861384618127639,0.8534282840332367,,,EXPLOIT
148,56,,,0,0,0,0,common,0.0,0.7132327298002908,0.6626278002230943,0.49772550182574327,0.0,0.7898790352202797,0.8564120502940917,,,EXPLOIT
149,56,,,0,1,1,1,common,1.0,0.12669625610978552,0.49553104506983053,0.3864167281109559,0.0,0.7934555030173254,0.859248677765144,,,EXPLOIT
150,56,,,0,0,0,0,common,1.0,0.536398725629811,0.4245652952206306,0.43141132736661236,0.0,0.7968782636457821,0.8619486552722794,,,EXPLOIT
151,56,,,0,0,0,0,common,1.0,0.3486591716593771,0.5984456823869426,0.4065856806544418,0.0,0.8001568554478501,0.8645214980222444,,,EXPLOIT
152,56,,,0,0,0,0,common,1.0,0.22662846157859518,0.6746506032568509,0.35259851493168776,0.0,0.8033000437973289,0.8669758580138464,,,EXPLOIT
153,56,,,0,0,0,0,common,1.0,0.14730850002608686,0.6928862154123165,0.29101151046000745,0.0,0.8063158978491497,0.8693196197572247,,,EXPLOIT
154,56,,,0,0,0,0,common,0.0,0.9042494749830435,0.6892469579336835,0.47498289981691827,0.0,0.8092118583222176,0.8715599835325252,,,EXPLOIT
155,56,,,0,0,1,1,rare,1.0,0.08235256647136058,0.5665076858923436,0.35719379981325095,0.0,0.8119947975143995,0.8737035380402455,,,EXPLOIT
156,56,,,0,0,0,0,common,1.0,0.4122378412610217,0.6635269657929599,0.3737070122475822,0.0,0.8146710725687467,0.8757563239873856,,,EXPLOIT
157,56,,,0,0,0,0,common,1.0,0.26795459681966416,0.6915101757371623,0.34198128761920676,0.0,0.8172465728600573,0.8777238899018979,,,EXPLOIT
158,56,,,0,0,1,1,rare,1.0,0.053529168206384425,0.6909659015579861,0.25544565179536005,0.0,0.8197267622452777,0.8796113412615119,,,EXPLOIT
159,56,,,0,0,0,0,common,0.0,0.8258295120672183,0.6825553719830753,0.4265608098769175,0.0,0.8221167168157043,0.8814233838529367,,,EXPLOIT
160,56,,,0,0,0,1,common,0.0,0.15857164268777504,0.5815951254368966,0.3461640597201747,0.0,0.8244211586999628,0.8831643621367775,,,EXPLOIT
161,56,,,0,0,0,0,common,1.0,0.4632108171563081,0.3984174699821438,0.3812780869510147,0.0,0.8266444863914839,0.8848382932766563,,,EXPLOIT
162,56,,,0,0,0,0,common,0.0,0.6989129688483997,0.5836222070314281,0.4765685515202302,0.0,0.8287908020103473,0.8864488973936503,,,EXPLOIT
163,56,,,0,0,1,1,rare,1.0,0.03479395933414986,0.39987692730995816,0.3440361738644061,0.0,0.8308639358550376,0.8879996245256686,,,EXPLOIT
164,56,,,0,0,0,0,common,0.0,0.4542934297514598,0.58447522688781,0.3771133506305222,0.0,0.832867468553303,0.8894936787029845,,,EXPLOIT
165,56,,,0,0,1,1,rare,1.0,0.022616073567197414,0.40049408482610427,0.27076416751152477,0.0,0.8348047510816294,0.8909340394935219,,,EXPLOIT
166,56,,,0,0,0,1,common,0.0,0.10307156774705378,0.5848350100719879,0.22045638758218344,0.0,0.8366789228888274,0.8923234813227897,,,EXPLOIT
167,56,,,0,1,0,0,rare,1.0,0.7047092706615511,0.4007549287578285,0.3657322525059937,0.0,0.838492928329936,0.8936645908320873,,,EXPLOIT
168,56,,,0,1,1,1,common,1.0,0.014700447818678297,0.35671601558316074,0.2604227110997991,0.0,0.8402495315914271,0.8949597825035034,,,EXPLOIT
169,56,,,0,1,0,0,rare,1.0,0.4580610259300082,0.32937208338585827,0.3197142055488618,0.0,0.8419513302668544,0.8962113127503071,,,EXPLOIT
170,56,,,0,1,1,1,common,1.0,0.009555291082140926,0.31223714270008984,0.22666653120884556,0.0,0.8436007677232088,0.8974212926457389,,,EXPLOIT
171,56,,,0,1,1,1,common,1.0,0.006210939203391552,0.3013892877420191,0.16052985360720934,0.0,0.8452001443818083,0.898591699441276,,,EXPLOIT
172,56,,,0,1,1,1,common,1.0,0.0040371104822045645,0.294465060638116,0.1135820306697079,0.0,0.8467516280232846,0.8997243870065827,,,EXPLOIT
173,56,,,0,1,1,1,common,1.0,0.002624121813432967,0.290018949427859,0.08029465801282541,0.0,0.848257263213754,0.9008210953071137,,,EXPLOIT
174,56,,,0,0,1,1,rare,0.0,0.9982943208212686,0.2871523129170953,0.35569455685535833,0.0,0.849718979938391,0.9018834590212964,,,EXPLOIT
175,56,,,0,1,1,1,common,1.0,0.3511086914661754,0.19810460684579348,0.35431879723860343,0.0,0.8511386015190783,0.9029130153870646,,,EXPLOIT
176,56,,,0,1,1,1,common,1.0,0.228220649453014,0.19669383488965517,0.31648935290292657,0.0,0.8525178518844513,0.9039112113569712,,,EXPLOIT
177,56,,,0,1,0,0,rare,1.0,0.29773966685450537,0.19578113828526372,0.3108644470884002,0.0,0.8538583622533052,0.9048794101319314,,,EXPLOIT
178,56,,,0,1,0,0,rare,1.0,0.1935307834554285,0.195189701950499,0.2756643479985087,0.0,0.8551616772858547,0.9058188971356531,,,EXPLOIT
179,56,,,0,1,1,1,common,1.0,0.14834342214445906,0.19480603509448097,0.2374680702422938,0.0,0.8564292607516343,0.9067308854848277,,,EXPLOIT
180,56,,,0,1,1,1,common,0.0,0.9035767756061016,0.19455697540263903,0.4373006818514361,0.0,0.8576625007577781,0.9076165210040426,,,EXPLOIT
181,56,,,0,1,1,1,common,1.0,0.4126750958560339,0.4584558394583111,0.42991300605281546,0.0,0.8588627145769514,0.9084768868290208,,,EXPLOIT
182,56,,,0,1,1,1,common,0.0,0.7317611876935779,0.3518233717885314,0.5204674605450441,0.0,0.8600311531102496,0.9093130076370768,,,EXPLOIT
183,56,,,0,1,1,1,common,0.0,0.47564477200082567,0.5853538026481357,0.5070206539817785,0.0,0.8547145661905187,0.9053628089488279,,,EXPLOIT
184,56,,,0,1,0,0,rare,1.0,0.1257950092460285,0.6833562280831544,0.3926529605610535,0.0,0.8490377465235702,0.9010978498600712,,,EXPLOIT
185,56,,,0,1,0,0,rare,0.0,0.9182332439900814,0.5357980027985326,0.5503270455897619,0.0,0.8504769200663909,0.902151623211128,,,EXPLOIT
186,56,,,0,1,1,0,common,0.0,0.05844032685056033,0.6697654206360366,0.4027610299680014,0.0,0.8445044308562155,0.8976216974318015,,,EXPLOIT
187,56,,,0,0,1,1,rare,0.0,0.3091691018005367,0.6924666953274217,0.37468345151776195,0.0,0.8460766690205909,0.8987856066336841,,,EXPLOIT
188,56,,,0,0,0,0,common,0.0,0.5968516085935529,0.6831326520422725,0.4413338986404992,0.0,0.8476021762694261,0.8999120982307766,,,EXPLOIT
189,56,,,0,0,0,0,common,0.0,0.3879535455858094,0.6607761510332539,0.42531979272409226,0.0,0.8490829318454524,0.9010028938230865,,,EXPLOIT
190,56,,,0,0,0,0,common,1.0,0.7478301953692239,0.6402224491251117,0.5220729135176317,0.0,0.8505208049377861,0.9020596111006572,,,EXPLOIT
191,56,,,0,0,1,1,rare,0.0,0.20095991617034886,0.6454816415584421,0.42573901431344685,0.0,0.8445514165697893,0.8975219725755573,,,EXPLOIT
192,56,,,0,0,0,0,common,1.0,0.48608962698999547,0.6923694240382239,0.4438441981164114,0.0,0.846122249251095,0.8986891130745385,,,EXPLOIT
193,56,,,0,0,1,0,rare,0.0,0.03798621245286422,0.5581516267665152,0.3220868024173472,0.0,0.8476464109488068,0.8998186860664755,,,EXPLOIT
194,56,,,0,0,1,0,rare,0.0,0.02469103809436174,0.6740376341000589,0.23286807312045157,0.0,0.8491258775508255,0.9009124222727561,,,EXPLOIT
195,56,,,0,0,0,0,common,1.0,0.31595825754349705,0.6924287795376748,0.2577951284473652,0.0,0.8505625151229934,0.9019719478213076,,,EXPLOIT
196,56,,,0,0,0,0,common,1.0,0.2053728674032731,0.5785969985836981,0.24206845013413752,0.0,0.8519580874364421,0.9029987920316093,,,EXPLOIT
197,56,,,0,0,0,0,common,0.0,0.8665076361878725,0.4238571818177361,0.42940020595025796,0.0,0.8533142628841788,0.903994394514558,,,EXPLOIT
198,56,,,0,0,0,0,common,0.0,0.5632299635221172,0.6205422927807746,0.4695491332218157,0.0,0.8546326208439513,0.904960111656517,,,EXPLOIT
199,56,,,0,0,0,0,common,0.0,0.36609947628937617,0.6890179270043635,0.4385142361420838,0.0,0.8559146575384328,0.9058972225489758,,,EXPLOIT
200,56,,,0,0,0,0,common,1.0,0.7620353404119055,0.6874516453384598,0.5355705674230302,0.0,0.8571617914384516,0.906806934418345,,,EXPLOIT
201,56,,,0,1,0,1,rare,0.0,0.06699651903558496,0.5959956863310915,0.39499835290679663,0.0,0.8516522664469949,0.9026584748696915,,,EXPLOIT
202,56,,,0,1,1,0,common,0.0,0.016049174761335133,0.5279522910778954,0.28131359946315815,0.0,0.8530170334758714,0.9036643844203224,,,EXPLOIT
203,56,,,0,1,1,1,common,0.0,0.13062394551072676,0.48020617649154895,0.23610670327742872,0.0,0.8543436403776001,0.9046399632991421,,,EXPLOIT
204,56,,,0,0,0,0,common,1.0,0.4953229712677386,0.4487793141578911,0.31387158367452167,0.0,0.8556336013216437,0.9055865158534633,,,EXPLOIT
205,56,,,0,0,0,1,common,0.0,0.043547737373130224,0.29382863729769526,0.23277442978410423,0.0,0.8568883515654426,0.9065052727997649,,,EXPLOIT
206,56,,,0,1,1,1,common,0.0,0.0849055645819724,0.48785131806066123,0.18841377022346467,0.0,0.8581092525305832,0.9073973963482027,,,EXPLOIT
207,56,,,0,1,0,0,rare,1.0,0.3219599313240301,0.46743958784077294,0.2284776185536343,0.0,0.8592975964920867,0.9082639849050045,,,EXPLOIT
208,56,,,0,1,1,1,common,1.0,0.944811383021718,0.6884956067515893,0.44337774789405937,0.0,0.8604546109147904,0.9091060773927636,,,EXPLOIT
209,56,,,0,0,0,0,common,0.0,0.7907260446393805,0.63881705626104,0.5475822369176557,0.0,0.8615814624674212,0.9099246572243717,,,EXPLOIT
210,56,,,0,0,0,0,common,1.0,0.4860280709844027,0.525026964899493,0.5291159871376798,0.0,0.8563676778093059,0.9060220960143192,,,EXPLOIT
211,56,,,0,0,1,1,rare,1.0,0.6141273989641167,0.6846474557746229,0.5546194106856108,0.0,0.8508041432419202,0.901810526980378,,,EXPLOIT
212,56,,,0,0,0,0,common,1.0,0.31591824613986175,0.673903346639938,0.48300906132188604,0.0,0.8448547555401887,0.8972519757119706,,,EXPLOIT
213,56,,,0,0,0,0,common,1.0,0.20534685999091018,0.6149786468193197,0.39971040092259325,0.0,0.8464165277132006,0.8984278847342386,,,EXPLOIT
214,56,,,0,0,0,0,common,1.0,0.13347545899409163,0.5616366966467976,0.31983991834404274,0.0,0.8479320146574093,0.8995658184938953,,,EXPLOIT
215,56,,,0,0,0,0,common,0.0,0.9132409516538404,0.5231954416940124,0.497860228336982,0.0,0.8494031707003878,0.9006675325827497,,,EXPLOIT
216,56,,,0,0,1,1,rare,1.0,0.3991828093266758,0.6931471753873192,0.46825700263389014,0.0,0.8508318418335264,0.9017346761311651,,,EXPLOIT
217,56,,,0,0,1,1,rare,0.0,0.7405311739376608,0.6545782631850938,0.5499392540250213,0.0,0.8522197731181683,0.9027687997589416,,,EXPLOIT
218,56,,,0,0,0,0,common,1.0,0.4063933814250037,0.6667980802383591,0.506875492245016,0.0,0.8463698052123857,0.8982904339859614,,,EXPLOIT
219,56,,,0,0,0,0,common,1.0,0.2641556979262524,0.6845121644906598,0.4340595539493869,0.0,0.84010350356847,0.8934310666666584,,,EXPLOIT
220,56,,,0,0,1,1,rare,0.0,0.4813452630594795,0.6294348811539356,0.44824526668241466,0.0,0.8418098288942751,0.8947342020855612,,,EXPLOIT
221,56,,,0,0,0,1,common,0.0,0.028306029292534646,0.6777361195604406,0.32226349546545063,0.0,0.8434635925599131,0.8959932883618793,,,EXPLOIT
222,56,,,0,0,0,0,common,0.0,0.8282987963479359,0.5694967199732496,0.47407408573019616,0.0,0.8450671066340878,0.8972104613752947,,,EXPLOIT
223,56,,,0,0,0,0,common,0.0,0.5383942176261584,0.46947817716076373,0.49337012529898483,0.0,0.8466225497107472,0.8983877212307939,,,EXPLOIT
224,56,,,0,1,1,1,common,1.0,0.6871255790113383,0.40289513054348997,0.5514967614126909,0.0,0.8481319764059191,0.8995269428802541,,,EXPLOIT
225,56,,,0,1,1,1,common,0.0,0.55336837364263,0.28806630006001555,0.5520582450816727,0.0,0.8419926112482329,0.8947743671969447,,,EXPLOIT
226,56,,,0,1,1,1,common,0.0,0.35968944286770954,0.5063651164761797,0.4943476044174837,0.0,0.8354053002977677,0.8896046673107989,,,EXPLOIT
227,56,,,0,1,1,0,common,0.0,0.010431963594867838,0.6372004542332719,0.3491729121706989,0.0,0.8372600975715547,0.8910410749837282,,,EXPLOIT
228,56,,,0,0,0,0,common,0.0,0.34995624145700294,0.685226071802453,0.3494079109565901,0.0,0.8390556231866924,0.8924267660696356,,,EXPLOIT
229,56,,,0,0,0,0,common,1.0,0.7725284430529481,0.6687129368771634,0.47634407058549744,0.0,0.8407945871327194,0.8937643136375831,,,EXPLOIT
230,56,,,0,0,1,1,rare,0.0,0.2337981378640112,0.6146800957523627,0.40358029076905155,0.0,0.8424795368494348,0.8950561197165525,,,EXPLOIT
231,56,,,0,0,1,0,rare,0.0,0.006780776336664095,0.6851896882760171,0.2845404364393353,0.0,0.8441128692366188,0.8963044292768981,,,EXPLOIT
232,56,,,0,0,0,0,common,1.0,0.5021434879844162,0.6913888807691371,0.34982135190285957,0.0,0.8456968416144618,0.8975113428623732,,,EXPLOIT
233,56,,,0,0,0,0,common,0.0,0.6736067328101294,0.5743613483529726,0.4469569661750405,0.0,0.84723358174012,0.8986788280222736,,,EXPLOIT
234,56,,,0,0,1,1,rare,1.0,0.8480312103883927,0.6742740416455889,0.5672792394390461,0.0,0.8487250969738871,0.899808729674594,,,EXPLOIT
235,56,,,0,1,1,1,common,0.0,0.44877971324754473,0.5036525745422787,0.5317293815815957,0.0,0.8426281607336525,0.8950803202797335,,,EXPLOIT
236,56,,,0,0,0,1,common,0.0,0.01839891904014752,0.4403911566600141,0.3777302428191612,0.0,0.8360879640446229,0.8899380166304598,,,EXPLOIT
237,56,,,0,0,1,1,rare,1.0,0.7082931863890959,0.602856093074049,0.47689912589014155,0.0,0.8379208466328151,0.8913625809004555,,,EXPLOIT
238,56,,,0,0,0,1,common,1.0,0.9880407026239041,0.4093340492013774,0.6302415989102703,0.0,0.8396954643211142,0.8927370333252541,,,EXPLOIT
239,56,,,0,0,1,1,rare,1.0,0.4603905711529124,0.28961428374821907,0.5792862905830629,0.0,0.8329364294765732,0.8873829911743619,,,EXPLOIT
240,56,,,0,0,0,1,common,0.0,0.3577735432944623,0.22494427267215672,0.5128324663964827,0.0,0.8256590770004951,0.8815286147589021,,,EXPLOIT
241,56,,,0,0,0,0,common,1.0,0.5621556236734159,0.44980653547205324,0.5276294135795626,0.0,0.8178018214789696,0.8751006727775752,,,EXPLOIT
242,56,,,0,0,0,0,common,0.0,0.6345988446122797,0.31200517476537254,0.5597202428893777,0.0,0.8092929189361614,0.8680109098816216,,,EXPLOIT
243,56,,,0,0,0,1,common,1.0,0.7674471968585995,0.5221531076660659,0.6220383290801442,0.0,0.8000482821493032,0.8601519854688182,,,EXPLOIT
244,56,,,0,0,1,1,rare,0.0,0.7007461287506069,0.3543474183713211,0.645650668981283,0.0,0.7899687068215671,0.851392019827371,,,EXPLOIT
245,56,,,0,0,1,1,rare,1.0,0.5445150163121055,0.5516297886774207,0.6153099731805297,0.0,0.7789363145377852,0.8415671567019554,,,EXPLOIT
246,56,,,0,0,1,1,rare,1.0,0.35393476060286855,0.37306520310907837,0.5368974094072313,0.0,0.7668099417544361,0.8304712463006877,,,EXPLOIT
247,56,,,0,0,1,1,rare,1.0,0.23005759439186457,0.2699409248645378,0.4448454649026213,0.0,0.7534190915534188,0.8178412583259438,,,EXPLOIT
248,56,,,0,0,0,1,common,0.0,0.5011593220419103,0.21420326112264196,0.46173962204440794,0.0,0.7587402014076067,0.8228464374093997,,,EXPLOIT
249,56,,,0,0,0,0,common,1.0,0.5875107510020182,0.4395069773688336,0.49947096073169106,0.0,0.7637866108264598,0.8275377970495239,,,EXPLOIT
250,56,,,0,0,1,1,rare,0.0,0.850462563645288,0.3062464184865829,0.6047684416057701,0.0,0.7685788205775638,0.8319437385788189,,,EXPLOIT
251,56,,,0,0,0,1,common,0.0,0.3257535593272417,0.5178899737403491,0.5210639769222116,0.0,0.7553764834989578,0.8195233942485004,,,EXPLOIT
252,56,,,0,0,1,1,rare,0.0,0.5528006663694373,0.6407269485594529,0.5305849837563793,0.0,0.7407335092633641,0.8052760646783875,,,EXPLOIT
253,56,,,0,0,0,0,common,0.0,0.6181180118486882,0.6854995472000174,0.556844892184072,0.0,0.7244013592951206,0.7887675340562615,,,EXPLOIT
254,56,,,0,0,0,1,common,0.0,0.2117398135627071,0.6930822519901018,0.45331336859766247,0.0,0.7060708368781181,0.769414149299976,,,EXPLOIT
255,56,,,0,0,0,0,common,1.0,0.5982232922983527,0.6882213840447833,0.4967863457078695,0.0,0.7141353060716534,0.7779461314523604,,,EXPLOIT
256,56,,,0,0,0,0,common,1.0,0.3888451399939292,0.564831611864838,0.46440398399368743,0.0,0.721694747503745,0.7857928215243541,,,EXPLOIT
257,56,,,0,0,0,0,common,0.0,0.747250659003946,0.3818702683198213,0.5492579864967649,0.0,0.7287948132726304,0.7930332445613304,,,EXPLOIT
258,56,,,0,0,0,1,common,0.0,0.13763087881575964,0.5691850451535921,0.4257698541924633,0.0,0.7110137846233185,0.7744383075648866,,,EXPLOIT
259,56,,,0,0,0,0,common,1.0,0.514287071647435,0.6618837246752357,0.45232501942895487,0.0,0.7187668778314601,0.7825634662623971,,,EXPLOIT
260,56,,,0,1,1,1,common,0.0,0.35932043314013423,0.46473194903011683,0.42442364354230866,0.0,0.7260432528345866,0.7900506124747476,,,EXPLOIT
261,56,,,0,1,1,1,common,1.0,0.7664417184589127,0.42366218302414627,0.5270290660172898,0.0,0.7328852312585252,0.796971718948226,,,EXPLOIT
262,56,,,0,0,0,0,common,1.0,0.3342865965708328,0.6684597813745328,0.4692063251833527,0.0,0.7156078973958734,0.779062551855958,,,EXPLOIT
263,56,,,0,0,0,0,common,1.0,0.2172862877710413,0.5569352445333409,0.39363031395965925,0.0,0.7230767860170298,0.7868215779157941,,,EXPLOIT
264,56,,,0,0,1,1,rare,0.0,0.5018128830017067,0.46089861366413565,0.42608508467227346,0.0,0.7300943380371844,0.7939842249149323,,,EXPLOIT
265,56,,,0,0,0,0,common,1.0,0.14123608705117685,0.6686449542067695,0.3406303853859444,0.0,0.7366999404348641,0.8006163844788013,,,EXPLOIT
266,56,,,0,0,1,1,rare,1.0,0.6738216260488906,0.5571697249303635,0.44058775758482827,0.0,0.7429285271413801,0.8067745864711061,,,EXPLOIT
267,56,,,0,0,0,0,common,1.0,0.09180345658326494,0.46106257353030977,0.3359524672843593,0.0,0.7488111910720726,0.812507604600379,,,EXPLOIT
268,56,,,0,0,1,1,rare,0.0,0.5620159430682211,0.3978772971302267,0.40377151001951783,0.0,0.7543756979161788,0.8178577425383095,,,EXPLOIT
269,56,,,0,0,1,0,rare,0.0,0.004407504618831662,0.6454261403554169,0.28396230839931197,0.0,0.7596469196036029,0.8228618723372385,,,EXPLOIT
270,56,,,0,0,0,0,common,1.0,0.059672246779122196,0.690106500541241,0.21667528991325502,0.0,0.7646472017267066,0.8275522790729607,,,EXPLOIT
271,56,,,0,0,0,0,common,0.0,0.9612130395935705,0.6306193367678075,0.4400366148173497,0.0,0.7693966763664474,0.8319573526264298,,,EXPLOIT
272,56,,,0,0,0,0,common,0.0,0.6247884757358209,0.6920696031318682,0.495462173092891,0.0,0.77391352955864,0.8361021579344711,,,EXPLOIT
273,56,,,0,0,0,1,common,0.0,0.08946007123024377,0.6461484496729154,0.37366154253409684,0.0,0.7782142308926746,0.8400089079096634,,,EXPLOIT
274,56,,,0,1,1,0,common,1.0,0.9971351219977594,0.5868616682476901,0.5607036163731955,0.0,0.7823137313532766,0.8436973578745622,,,EXPLOIT
275,56,,,0,1,1,1,common,0.0,0.3653103629943437,0.40648523821627597,0.50208564035954,0.0,0.7705279575179929,0.8328839599645279,,,EXPLOIT
276,56,,,0,1,1,1,common,1.0,0.7625482640536766,0.5920404099821945,0.5802244274677809,0.0,0.7575317340984106,0.820596504394536,,,EXPLOIT
277,56,,,0,1,1,1,common,1.0,0.49565637163488974,0.4103168256538111,0.5548540107179135,0.0,0.7431292559208519,0.8065122978286493,,,EXPLOIT
278,56,,,0,1,0,0,rare,1.0,0.5938874907717164,0.2979647565163789,0.5665640547340544,0.0,0.7270800795380463,0.7902070432657193,,,EXPLOIT
279,56,,,0,1,0,0,rare,1.0,0.38602686900161576,0.2361156336682885,0.5124028990143228,0.0,0.7090856340089047,0.7711114344881075,,,EXPLOIT
280,56,,,0,1,0,0,rare,0.0,0.7490825351489497,0.20130802118120897,0.5834067898547108,0.0,0.6887705254636707,0.7484434200314987,,,EXPLOIT
281,56,,,0,1,1,1,common,1.0,0.32217664156267833,0.4359764477540159,0.5050377453671011,0.0,0.6656561300413673,0.7210985858254038,,,EXPLOIT
282,56,,,0,1,1,0,common,0.0,0.35186217070145637,0.3123298877112257,0.45908507296740764,0.0,0.6391224901286864,0.6874649743470823,,,EXPLOIT
283,56,,,0,0,0,0,common,1.0,0.5130963521531826,0.5315079105481756,0.47528845672314013,0.0,0.6519697069164612,0.7039357271895029,,,EXPLOIT
284,56,,,0,0,0,1,common,0.0,0.058149046299658454,0.6925245268988702,0.3501466335960956,0.0,0.6638180816378453,0.718616489036277,,,EXPLOIT
285,56,,,0,1,0,0,rare,1.0,0.3335126288995688,0.6342689803901109,0.34515643218713754,0.0,0.6747792091461717,0.7317833866967582,,,EXPLOIT
286,56,,,0,1,1,1,common,1.0,0.20941481701574094,0.48714230408126846,0.3044339476357185,0.0,0.684948657791525,0.743658530566362,,,EXPLOIT
287,56,,,0,1,0,0,rare,0.0,0.7832167912152803,0.3810660599897956,0.448068800709587,0.0,0.6944087467446561,0.7544226072782396,,,EXPLOIT
288,56,,,0,1,1,1,common,1.0,0.13611963106023162,0.61256612623431,0.3544840498147803,0.0,0.703230765110051,0.7642241064746903,,,EXPLOIT
289,56,,,0,1,0,0,rare,1.0,0.49090908571006775,0.46823725791063575,0.3954115605833666,0.0,0.7114767594787095,0.7731861865418251,,,EXPLOIT
290,56,,,0,1,0,0,rare,0.0,0.6809090942884559,0.3693891569500548,0.4810608206948933,0.0,0.7192009847618488,0.7814118553354823,,,EXPLOIT
291,56,,,0,1,0,0,rare,1.0,0.5574090887125036,0.6061690338464069,0.5039653011001763,0.0,0.7264510900516509,0.7889879294023935,,,EXPLOIT
292,56,,,0,1,1,1,common,1.0,0.08847776018915054,0.46303864917836146,0.37931903882686857,0.0,0.7083780243174881,0.769674132339235,,,EXPLOIT
293,56,,,0,1,0,0,rare,0.0,0.6376840923368726,0.36620996164891445,0.4568285548798698,0.0,0.7162964339345763,0.7781848325542521,,,EXPLOIT
294,56,,,0,1,1,1,common,1.0,0.05751054412294787,0.6043820596018685,0.3370331516527932,0.0,0.7237231597559443,0.7860127401302021,,,EXPLOIT
295,56,,,0,1,1,1,common,0.0,0.9626181463200839,0.4616110505267107,0.5247086500529804,0.0,0.7307022766543001,0.7932365035166195,,,EXPLOIT
296,56,,,0,0,0,0,common,1.0,0.5855053399810328,0.6500975558359177,0.542947657031396,0.0,0.7131570798345519,0.7746772981097482,,,EXPLOIT
297,56,,,0,0,1,1,rare,1.0,0.37429820489194543,0.6748667419596655,0.4923528213895608,0.0,0.6933800452807529,0.7527016371276202,,,EXPLOIT
298,56,,,0,0,1,1,rare,1.0,0.2432938331797645,0.5768899449806704,0.41763512492662186,0.0,0.7022704272094382,0.7626541778875282,,,EXPLOIT
299,56,,,0,0,0,0,common,1.0,0.3805784709876713,0.48769879905225166,0.40651812874493665,0.0,0.7105782339869829,0.7717483233096742,,,EXPLOIT
300,56,,,0,0,0,0,common,1.0,0.2473760061419863,0.4272353366630696,0.3587754919640515,0.0,0.718358531555889,0.7800901318159239,,,EXPLOIT
301,56,,,0,0,0,0,common,1.0,0.16079440399229106,0.38871161482767486,0.29938116557252337,0.0,0.7256596583083471,0.7877688812709297,,,EXPLOIT
302,56,,,0,0,0,0,common,0.0,0.8954836374050108,0.36437777060851595,0.4782119071222696,0.0,0.7325242220500612,0.7948602614878548,,,EXPLOIT
303,56,,,0,1,1,1,common,1.0,0.1581409915668469,0.6386890422809198,0.3821906324556428,0.0,0.7389899247778069,0.8014288646001725,,,EXPLOIT
304,56,,,0,1,1,0,common,0.0,0.22871041095594663,0.6919714997082116,0.3361465660057339,0.0,0.7450902489947716,0.8075301470878806,,,EXPLOIT
305,56,,,0,1,1,1,common,1.0,0.10279164451845046,0.6193619563238331,0.2661400895595488,0.0,0.7508550319444774,0.8132119897652165,,,EXPLOIT
306,56,,,0,1,0,0,rare,1.0,0.41793563568674297,0.6931008682351261,0.31167875339770706,0.0,0.7563109485520014,0.8185159486678089,,,EXPLOIT
307,56,,,0,1,1,1,common,1.0,0.06681456893699278,0.6566100174950181,0.23821949805949275,0.0,0.7614819195682532,0.8234782660088071,,,EXPLOIT
308,56,,,0,1,1,1,common,1.0,0.043429469809045274,0.6019675495227224,0.1797824895843585,0.0,0.7663894580923529,0.8281306932317496,,,EXPLOIT
309,56,,,0,1,1,1,common,1.0,0.028229155375879444,0.5577064941677532,0.13431648932181478,0.0,0.7710529650600152,0.8325011656817094,,,EXPLOIT
310,56,,,0,1,1,1,common,0.0,0.9816510490056783,0.5266244670756006,0.3885168572269738,0.0,0.77548998225655,0.8366143591933302,,,EXPLOIT
311,56,,,0,1,1,1,common,1.0,0.3619268181463091,0.6929654258886093,0.38053984550277437,0.0,0.779716409811108,0.8404921520241689,,,EXPLOIT
312,56,,,0,1,1,1,common,1.0,0.2352524317951009,0.6612368672458322,0.3369536213904723,0.0,0.78374669385645,0.8441540103957874,,,EXPLOIT
313,56,,,0,1,0,0,rare,1.0,0.2716581631963829,0.6064022015529524,0.3173649839322455,0.0,0.7875939890221062,0.8476173119861826,,,EXPLOIT
314,56,,,0,1,0,0,rare,1.0,0.17657780607764895,0.5609716157004168,0.2751288305758665,0.0,0.7912702996123829,0.8508976187196196,,,EXPLOIT
315,56,,,0,1,0,0,rare,0.0,0.8852244260495282,0.5288472384988384,0.45815750921796505,0.0,0.7947866026614574,0.8540089078891947,,,EXPLOIT
316,56,,,0,1,0,0,rare,1.0,0.4246041230678066,0.6928964360206491,0.4480914933729175,0.0,0.7981529555228725,0.8569637688530032,,,EXPLOIT
317,56,,,0,1,1,1,common,1.0,0.15291408066681555,0.6617555079091705,0.35953826956108687,0.0,0.801378590214577,0.8597735711415528,,,EXPLOIT
318,56,,,0,1,0,1,rare,0.0,0.037796880094777996,0.6069117283848633,0.26301585272119415,0.0,0.8044719963834223,0.8624486087095344,,,EXPLOIT
319,56,,,0,1,1,1,common,0.0,0.9006058475665699,0.6822700698727406,0.4542928511748069,0.0,0.8074409944591473,0.8649982241901941,,,EXPLOIT
320,56,,,0,1,0,0,rare,1.0,0.2759926799940743,0.5713445344069008,0.4008027998205871,0.0,0.8102928003251318,0.8674309163135118,,,EXPLOIT
321,56,,,0,1,0,0,rare,1.0,0.1793952419961483,0.6904509191997967,0.33438053247325544,0.0,0.8130340826318622,0.869754433090888,,,EXPLOIT
322,56,,,0,1,1,1,common,1.0,0.4146061990817296,0.66923236310841,0.35844823245579766,0.0,0.8156710137114439,0.8719758529191457,,,EXPLOIT
323,56,,,0,1,0,1,rare,1.0,0.9754320279383943,0.6146020291992205,0.5435433711005766,0.0,0.8182093149114382,0.8741016553923984,,,EXPLOIT
324,56,,,0,1,1,1,common,1.0,0.2694940294031243,0.5671122614239097,0.4613285685913409,0.0,0.8097348618662374,0.8669060057037467,,,EXPLOIT
325,56,,,0,1,1,1,common,1.0,0.17517111911203076,0.5330515574906918,0.37548133374754783,0.0,0.8124976098261874,0.8692528823153288,,,EXPLOIT
326,56,,,0,1,1,1,common,1.0,0.11386122742282001,0.5100730764690441,0.29699530185012946,0.0,0.8151548167706839,0.8714961603150261,,,EXPLOIT
327,56,,,0,1,1,1,common,1.0,0.07400979782483297,0.49491432633955385,0.23009965064254048,0.0,0.8177122903361697,0.8736424452685132,,,EXPLOIT
328,56,,,0,1,1,1,common,1.0,0.04810636858614148,0.4850010854529853,0.17550166602562078,0.0,0.8201754199447564,0.8756977930124,,,EXPLOIT
329,56,,,0,1,1,1,common,0.0,0.968730860419008,0.47854102072185956,0.4134704243436369,0.0,0.8225492137870846,0.8776677656786784,,,EXPLOIT
330,56,,,0,1,1,1,common,1.0,0.37032494072764477,0.6918178734887567,0.4005267792588392,0.0,0.8248383319488781,0.8795574810044853,,,EXPLOIT
331,56,,,0,1,1,0,common,0.0,0.1486617671213653,0.6493490332653763,0.32496727561759703,0.0,0.8270471161423008,0.8813716558476958,,,EXPLOIT
332,56,,,0,1,1,1,common,0.0,0.7592887885270309,0.666484122245858,0.45526372949042715,0.0,0.8291796164412742,0.8831146446874111,,,EXPLOIT
333,56,,,0,0,0,0,common,1.0,0.11660690729749645,0.5482802636497079,0.35366668283254793,0.0,0.8312396153671707,0.8847904737709431,,,EXPLOIT
334,56,,,0,1,0,0,rare,1.0,0.07579448974337266,0.429422809419013,0.27030502490579533,0.0,0.8332306496262585,0.8864028714710026,,,EXPLOIT
335,56,,,0,1,0,0,rare,0.0,0.9507335816668078,0.6261947248317858,0.47443359193409906,0.0,0.8351560297617322,0.887955295334887,,,EXPLOIT
336,56,,,0,1,1,1,common,1.0,0.5064622874574299,0.4654936135464417,0.48404220059109826,0.0,0.837018857950065,0.8894509562387154,,,EXPLOIT
337,56,,,0,1,1,1,common,0.0,0.6707995131526705,0.6425817070612472,0.5400693943595699,0.0,0.8388220441429459,0.890892840001848,,,EXPLOIT
338,56,,,0,1,1,1,common,1.0,0.5639803164507642,0.4807693314569869,0.5472426709869281,0.0,0.831997127083156,0.8853690609380906,,,EXPLOIT
339,56,,,0,1,1,0,common,1.0,0.9033698513711126,0.6489257305044799,0.6540808251021835,0.0,0.8246462000725908,0.8793205046262812,,,EXPLOIT
340,56,,,0,1,0,0,rare,0.0,0.617976828083425,0.6928875078250378,0.6432496259965559,0.0,0.8167064318943126,0.8726690109071459,,,EXPLOIT
341,56,,,0,1,1,0,common,0.0,0.41280959660877686,0.5662128492722117,0.5741176171802221,0.0,0.8081045699596056,0.8653200875188257,,,EXPLOIT
342,56,,,0,0,1,1,rare,1.0,0.36658720569299674,0.41888810236302243,0.5118584937340545,0.0,0.7987546861736826,0.8571584090718372,,,EXPLOIT
343,56,,,0,0,1,1,rare,0.0,0.7617183162995521,0.3442527934385743,0.5868164405037037,0.0,0.7885553112654936,0.8480417406460184,,,EXPLOIT
344,56,,,0,0,0,0,common,1.0,0.5983150617457738,0.5958341421045056,0.5902660268763247,0.0,0.777385754857378,0.8377926028720742,,,EXPLOIT
345,56,,,0,0,1,1,rare,1.0,0.5048830944052911,0.4600325211439978,0.5646511471350146,0.0,0.7651013279287162,0.8261866344525779,,,EXPLOIT
346,56,,,0,0,0,1,common,0.0,0.36596918184004373,0.36918679896314055,0.5050465575465234,0.0,0.7515270657489738,0.8129360174975436,,,EXPLOIT
347,56,,,0,0,0,0,common,1.0,0.388904790134753,0.610172096792142,0.4702040273229922,0.0,0.7364493718674469,0.7976653360447752,,,EXPLOIT
348,56,,,0,1,1,1,common,1.0,0.32817401136343927,0.47139314858120773,0.4275950225351263,0.0,0.742692069240619,0.8040323788163803,,,EXPLOIT
349,56,,,0,0,0,0,common,1.0,0.25278811358758946,0.6562997810533872,0.3751529498508652,0.0,0.7485876955728941,0.8099529525793334,,,EXPLOIT
350,56,,,0,0,1,1,rare,1.0,0.21331310738623555,0.5850180103535119,0.3266009971114763,0.0,0.7541641378316253,0.8154721581772243,,,EXPLOIT
351,56,,,0,0,0,0,common,1.0,0.16431227383193314,0.5266921758076102,0.2779143801276133,0.0,0.7594463736257503,0.8206292199905832,,,EXPLOIT
352,56,,,0,0,0,0,common,1.0,0.10680297799075655,0.48637447461223415,0.22658095948655627,0.0,0.76445684097475,0.8254584128515866,,,EXPLOIT
353,56,,,0,0,0,0,common,1.0,0.0694219356939918,0.45981573675678844,0.1794332523487869,0.0,0.7692157530800137,0.8299898188777033,,,EXPLOIT
354,56,,,0,0,0,0,common,0.0,0.9548757417989053,0.4425644646732648,0.4120659991838224,0.0,0.773741367411176,0.8342499495536955,,,EXPLOIT
355,56,,,0,0,0,0,common,1.0,0.3793307678307115,0.6823564692741455,0.40224542977788913,0.0,0.7780502166604141,0.8382622602460467,,,EXPLOIT
356,56,,,0,0,1,1,rare,1.0,0.13865351980105312,0.6160133142285216,0.32316785678483834,0.0,0.7821573077235234,0.8420475782420637,,,EXPLOIT
357,56,,,0,1,1,1,common,1.0,0.09012478787068456,0.5500201666684565,0.2532549361105922,0.0,0.7860762937553887,0.8456244608080117,,,EXPLOIT
358,56,,,0,0,0,0,common,0.0,0.7534350009100375,0.6590181223749254,0.40330895555042573,0.0,0.7898196234568569,0.8490094962604259,,,EXPLOIT
359,56,,,0,0,0,0,common,1.0,0.5102672494084757,0.6433663780156698,0.4353964437078407,0.0,0.7933986710323557,0.852217558358546,,,EXPLOIT
360,56,,,0,0,1,1,rare,1.0,0.05858111211594497,0.6931228081262559,0.32235184423027197,0.0,0.7968238496764,0.855262022248605,,,EXPLOIT
361,56,,,0,0,0,0,common,1.0,0.3316737121155091,0.6737486746390688,0.3251484045958431,0.0,0.8001047109741144,0.8581549485728316,,,EXPLOIT
362,56,,,0,0,0,0,common,0.0,0.784412087124919,0.6407085394303311,0.46292750935456584,0.0,0.8032500322141854,0.8609072410873387,,,EXPLOIT
363,56,,,0,0,0,0,common,1.0,0.4901321433688026,0.6553631288026096,0.4710888995588368,0.0,0.8062678932950619,0.8635287821318032,,,EXPLOIT
364,56,,,0,0,0,0,common,1.0,0.31858589318972175,0.692920853340178,0.42533799764810226,0.0,0.8091657446433184,0.8660285494987797,,,EXPLOIT
365,56,,,0,0,1,1,rare,0.0,0.9619222771246357,0.6700873161274912,0.5863132814910623,0.0,0.8119504673462209,0.8684147176155238,,,EXPLOIT
366,56,,,0,0,0,0,common,1.0,0.20708083057331916,0.6337949122843076,0.47254354621573935,0.0,0.8029389830707415,0.8606007115752269,,,EXPLOIT
367,56,,,0,0,0,0,common,1.0,0.13460253987265747,0.6927690663283593,0.3711612443128148,0.0,0.8059693407517577,0.8632366676071136,,,EXPLOIT
368,56,,,0,0,0,0,common,1.0,0.08749165091722733,0.6762205856391927,0.2860603662941385,0.0,0.8088789646611596,0.8657498702839238,,,EXPLOIT
369,56,,,0,0,1,1,rare,0.0,0.6252494801310132,0.6432697985806508,0.3878171004452009,0.0,0.8116747907352725,0.8681485808190553,,,EXPLOIT
370,56,,,0,0,0,0,common,1.0,0.05686957309619778,0.6538889678922997,0.28853284224049996,0.0,0.8143632338421023,0.8704403355559808,,,EXPLOIT
371,56,,,0,1,0,0,rare,1.0,0.03696522251252854,0.6929920674742776,0.21306255632210852,0.0,0.8169502358152537,0.8726320237685727,,,EXPLOIT
372,56,,,0,1,1,1,common,1.0,0.5935878379148414,0.6761732969980985,0.32722014079992834,0.0,0.8194413082704955,0.8747299556516146,,,EXPLOIT
373,56,,,0,1,1,1,common,1.0,0.38583209464464696,0.645008740981266,0.34480372695334394,0.0,0.8218415708543648,0.8767399219148664,,,EXPLOIT
374,56,,,0,1,1,1,common,1.0,0.2507908615190205,0.6177345218190511,0.3165998673230469,0.0,0.8241557854834396,0.8786672461660174,,,EXPLOIT
375,56,,,0,1,1,1,common,1.0,0.1630140599873633,0.5976089344651792,0.2705241251223418,0.0,0.8263883870561791,0.8805168310804047,,,EXPLOIT
376,56,,,0,1,0,0,rare,0.0,0.9759726053668565,0.5836837112295576,0.48215866919569617,0.0,0.8285435110541451,0.8822931992006194,,,EXPLOIT
377,56,,,0,1,0,1,rare,0.0,0.23787996819602844,0.6771768103985584,0.40887505889579584,0.0,0.8306250183940707,0.8840005290808538,,,EXPLOIT
378,56,,,0,1,1,1,common,1.0,0.1059591389917861,0.5325418852756808,0.3180002829245929,0.0,0.8326365178450165,0.8856426873841223,,,EXPLOIT
379,56,,,0,1,0,0,rare,1.0,0.3656178065115432,0.672450143243205,0.332285540000678,0.0,0.8345813862844697,0.8872232574513574,,,EXPLOIT
380,56,,,0,1,0,0,rare,1.0,0.23765157423250305,0.6911258548414633,0.3038953502702255,0.0,0.8364627870325918,0.8887455647866879,,,EXPLOIT
381,56,,,0,1,0,0,rare,1.0,0.15447352325112695,0.665459876981223,0.25906880216449596,0.0,0.8382836864740341,0.8902126998403908,,,EXPLOIT
382,56,,,0,1,0,0,rare,1.0,0.10040779011323253,0.6347040038311532,0.21147049854911693,0.0,0.8400468691510622,0.8916275384180057,,,EXPLOIT
383,56,,,0,1,1,1,common,1.0,0.06887344034466092,0.6098998634054642,0.16869138108778012,0.0,0.8417549514895344,0.8929927599992532,,,EXPLOIT
384,56,,,0,1,1,0,common,0.0,0.26832623779570497,0.5921203088556873,0.19858183810015756,0.0,0.8434103943000638,0.8943108642123044,,,EXPLOIT
385,56,,,0,1,0,0,rare,1.0,0.06526506357360118,0.6746130589011545,0.15858680574219064,0.0,0.8450155141800048,0.895584185676537,,,EXPLOIT
386,56,,,0,0,0,0,common,0.0,0.9575777086771592,0.6906357159929957,0.39828407662268117,0.0,0.8465724939273886,0.8968149073992192,,,EXPLOIT
387,56,,,0,0,0,0,common,1.0,0.3775744893598465,0.5521989216563491,0.39207120044383076,0.0,0.8480833920652778,0.8980050728878617,,,EXPLOIT
388,56,,,0,0,1,1,rare,1.0,0.04476773622402963,0.6734554379069397,0.28788016117789045,0.0,0.8495501515639482,0.8991565971196279,,,EXPLOIT
389,56,,,0,0,0,0,common,1.0,0.24542341808390022,0.6922591228285973,0.2751431382496934,0.0,0.8509746078386285,0.9002712764916787,,,EXPLOIT
390,56,,,0,0,0,0,common,1.0,0.1595252217545351,0.6735680912115534,0.24045776330114588,0.0,0.8523584960920422,0.901350797861218,,,EXPLOIT
391,56,,,0,0,1,0,rare,1.0,0.8255879454327918,0.6494456340873478,0.4159968179406396,0.0,0.8537034580635221,0.9023967467709386,,,EXPLOIT
392,56,,,0,0,0,0,common,0.0,0.8963086058595522,0.6294431169547556,0.5600903543163134,0.0,0.8550110482399156,0.9034106149442368,,,EXPLOIT
393,56,,,0,0,0,1,common,0.0,0.1546219793274185,0.6534096536839942,0.4384498418196449,0.0,0.8493546308582158,0.8989855470525853,,,EXPLOIT
394,56,,,0,0,0,0,common,0.0,0.5826005938087089,0.49087874178651403,0.4816950674163641,0.0,0.8507846951185128,0.9001056657309293,,,EXPLOIT
395,56,,,0,0,1,1,rare,1.0,0.0290990285456193,0.3686928643230046,0.3459162557551406,0.0,0.8521739626849228,0.9011903789959008,,,EXPLOIT
396,56,,,0,0,0,0,common,1.0,0.6213096140243393,0.5929029949912556,0.42853426323590016,0.0,0.8535240875414489,0.9022412871543312,,,EXPLOIT
397,56,,,0,0,0,0,common,0.0,0.5961487508841795,0.6841717354548078,0.47881860953038397,0.0,0.8548366356106383,0.9032598956084492,,,EXPLOIT
398,56,,,0,0,0,0,common,1.0,0.6125033119252833,0.534607011395678,0.5189240202488538,0.0,0.8561130905389914,0.9042476217897445,,,EXPLOIT
399,56,,,0,1,1,1,common,1.0,0.01891436855465256,0.6679620992340372,0.3689211247405934,0.0,0.8505321846008834,0.8998915704200333,,,EXPLOIT
400,56,,,0,0,1,1,rare,1.0,0.01229433956052417,0.6191994083487427,0.26193308918657265,0.0,0.8519286185544415,0.9009830119266299,,,EXPLOIT
401,56,,,0,0,1,1,rare,1.0,0.007991320714340722,0.6823487899701538,0.18575055864490306,0.0,0.8532856208666146,0.9020403460632233,,,EXPLOIT
402,56,,,0,0,1,1,rare,0.0,0.9948056415356785,0.6930184231979537,0.4284670835121357,0.0,0.8546047727583809,0.9030650960492519,,,EXPLOIT
403,56,,,0,1,1,0,common,0.0,0.4633678354686853,0.5506016355915266,0.43893730909910056,0.0,0.8558875721750846,0.9040586958394262,,,EXPLOIT
404,56,,,0,1,0,0,rare,0.0,0.6018728472485658,0.6930927764135931,0.48781797054394016,0.0,0.857135439199007,0.9050224965695783,,,EXPLOIT
405,56,,,0,1,0,0,rare,1.0,0.6087826492884322,0.6216469194820767,0.5241073741672877,0.0,0.8583497210451871,0.9059577724519037,,,EXPLOIT
406,56,,,0,1,1,0,common,1.0,0.6988109069453545,0.6914075208245896,0.5765184340007077,0.0,0.8529204939013945,0.9017410095279673,,,EXPLOIT
407,56,,,0,1,1,1,common,1.0,0.35337633300180893,0.6346506347333196,0.509575803701038,0.0,0.8471194242239642,0.8971766128814682,,,EXPLOIT
408,56,,,0,1,1,1,common,1.0,0.22969461645117584,0.5647674892609694,0.4256114475260793,0.0,0.8409072816267634,0.8922200065504388,,,EXPLOIT
409,56,,,0,1,1,1,common,1.0,0.1493015006932643,0.511779650149605,0.3427184634762348,0.0,0.8425887569291992,0.8935646888381833,,,EXPLOIT
410,56,,,0,1,1,0,common,0.0,0.5457729104855196,0.47593490667319227,0.4036347975790202,0.0,0.8442187678694736,0.8948632761819654,,,EXPLOIT
411,56,,,0,0,0,0,common,1.0,0.39570872203748086,0.688129864343242,0.4012569749165584,0.0,0.8457995629294176,0.896118036501247,,,EXPLOIT
412,56,,,0,0,1,1,rare,1.0,0.09704597545062177,0.6708073185552617,0.3099936750767774,0.0,0.8473332616572076,0.8973310914558716,,,EXPLOIT
413,56,,,0,0,1,1,rare,1.0,0.0630798840429041,0.6128589472491685,0.2359195377666154,0.0,0.8488218637805109,0.898504428051134,,,EXPLOIT
414,56,,,0,1,1,1,common,1.0,0.041001924627887654,0.5617308038673127,0.17744425382499707,0.0,0.8502672575574403,0.8996399091551247,,,EXPLOIT
415,56,,,0,0,1,1,rare,1.0,0.02665125100812693,0.6575526590781801,0.13220635297993602,0.0,0.851671227438664,0.9007392830454651,,,EXPLOIT
416,56,,,0,0,1,1,rare,0.0,0.9826766868447175,0.6329492581435894,0.38734745313937047,0.0,0.8530354611060681,0.901804192088349,,,EXPLOIT
417,56,,,0,0,1,1,rare,1.0,0.36126015355093366,0.6538868421183565,0.3795212632628394,0.0,0.8543615559463562,0.9028361806405292,,,EXPLOIT
418,56,,,0,1,1,1,common,1.0,0.2348190998081069,0.6931372680113768,0.33611061422641964,0.0,0.8556510250118167,0.9038367022542196,,,EXPLOIT
419,56,,,0,1,1,1,common,1.0,0.15263241487526946,0.676172356284706,0.28106715442107455,0.0,0.8569053025150328,0.9048071262556188,,,EXPLOIT
420,56,,,0,0,0,0,common,0.0,0.7427893306756375,0.6490609522903189,0.4195838072974434,0.0,0.8581257488995051,0.9057487437596778,,,EXPLOIT
421,56,,,0,0,1,1,rare,1.0,0.09921106966892512,0.44337934936506085,0.3234719860088879,0.0,0.8593136555238838,0.9066627731766825,,,EXPLOIT
422,56,,,0,1,1,1,common,1.0,0.06448719528480129,0.5987419895064034,0.2457765487916619,0.0,0.8604702489937367,0.9075503652600487,,,EXPLOIT
423,56,,,0,1,1,1,common,0.0,0.9580833230648792,0.5687962902171726,0.4594685810736271,0.0,0.8615966951714038,0.9084126077393119,,,EXPLOIT
424,56,,,0,1,1,0,common,0.0,0.3547523918155877,0.6863874991455667,0.42805372429621524,0.0,0.862694102891514,0.9092505295775437,,,EXPLOIT
425,56,,,0,1,1,1,common,1.0,0.37724584000782846,0.5664447465790663,0.4128113590096992,0.0,0.8637635274070595,0.9100651048882433,,,EXPLOIT
426,56,,,0,1,1,0,common,0.0,0.23058905468013202,0.6866919893731973,0.35814466771082903,0.0,0.8648059735885563,0.9108572565430566,,,EXPLOIT
427,56,,,0,0,0,0,common,1.0,0.5171869350608356,0.5671546164376374,0.40585734791583095,0.0,0.8658223988966834,0.91162785949843,,,EXPLOIT
428,56,,,0,0,0,1,common,0.0,0.10050428656282204,0.46426528556554947,0.31425142950992824,0.0,0.866813716146898,0.9123777438664155,,,EXPLOIT
429,56,,,0,0,0,0,common,1.0,0.3361715077895432,0.6678480490370862,0.3208274529938127,0.0,0.867780796082813,0.9131076977522915,,,EXPLOIT
430,56,,,0,0,0,0,common,1.0,0.2185114800632031,0.552570748884248,0.2901326611146298,0.0,0.8687244697735935,0.9138184698794014,,,EXPLOIT
431,56,,,0,0,0,0,common,1.0,0.142032462041082,0.45401267029024817,0.24570260139256545,0.0,0.8696455308492549,0.9145107720195951,,,EXPLOIT
432,56,,,0,0,0,1,common,1.0,0.9346722137341656,0.38972071018769516,0.4523934850950455,0.0,0.8705447375865086,0.9151852812458636,,,EXPLOIT
433,56,,,0,1,1,1,common,0.0,0.7547902039949115,0.34975815081031686,0.5431125007650053,0.0,0.8714228148566806,0.9158426420221614,,,EXPLOIT
434,56,,,0,0,0,0,common,0.0,0.9076788996732967,0.2471536804060136,0.6524824204374926,0.0,0.8668380950550642,0.9123858178695355,,,EXPLOIT
435,56,,,0,0,0,0,common,0.0,0.589991284787643,0.508718683863116,0.6337350797425376,0.0,0.8619653673484193,0.9086719667067009,,,EXPLOIT
436,56,,,0,1,0,1,rare,0.0,0.3924630610727923,0.6606075684707673,0.561353474141614,0.0,0.8567768836364363,0.9046715252173105,,,EXPLOIT
437,56,,,0,0,1,0,rare,0.0,0.14988288554208581,0.6055808380651047,0.4379122975617555,0.0,0.8512412133374802,0.9003502156915333,,,EXPLOIT
438,56,,,0,0,1,1,rare,1.0,0.5093863674033074,0.6791344834980869,0.45935451851422104,0.0,0.8526175651726436,0.9014272662024979,,,EXPLOIT
439,56,,,0,0,0,1,common,0.0,0.255100989697315,0.5003490890213086,0.3980784598691492,0.0,0.8539552932864896,0.9024708547887507,,,EXPLOIT
440,56,,,0,0,0,1,common,0.0,0.16581564330325474,0.6402419536960797,0.32839961489938085,0.0,0.8552559362133744,0.9034824666852412,,,EXPLOIT
441,56,,,0,1,1,1,common,1.0,0.33110113881214986,0.6880747365919995,0.3292100720732115,0.0,0.8565209519952645,0.9044635006164317,,,EXPLOIT
442,56,,,0,1,1,1,common,1.0,0.21521574022789747,0.5889402487456299,0.2950117725196173,0.0,0.8577517233793379,0.9054152750059201,,,EXPLOIT
443,56,,,0,1,0,1,rare,1.0,0.8922198318528844,0.4250132820705065,0.4741741903195974,0.0,0.8589495626179617,0.9063390336587616,,,EXPLOIT
444,56,,,0,0,0,0,common,0.0,0.38349433511196795,0.3211074043682444,0.44697023375730854,0.0,0.8601157159060842,0.9072359509679949,,,EXPLOIT
445,56,,,0,0,0,1,common,0.0,0.4200571092956251,0.2649202019459201,0.4388962964188035,0.0,0.8612513674876011,0.9081071366912171,,,EXPLOIT
446,56,,,0,1,1,1,common,0.0,0.8601097688518666,0.23223526940195996,0.5652603381487225,0.0,0.86235764345915,0.9089536403380649,,,EXPLOIT
447,56,,,0,1,1,1,common,1.0,0.4409286502462867,0.44407647543250856,0.5279608317779917,0.0,0.8571949484163919,0.9049753154295013,,,EXPLOIT
448,56,,,0,1,0,1,rare,1.0,0.7269628789578437,0.29815854211234605,0.5876614459319472,0.0,0.8516876727298953,0.9006788161319398,,,EXPLOIT
449,56,,,0,1,1,1,common,1.0,0.2866036226600863,0.2209360840934231,0.49734409895038895,0.0,0.8458004347645607,0.896024627422011,,,EXPLOIT
450,56,,,0,1,0,1,rare,0.0,0.5274741286774016,0.17951148695551972,0.5063831078684927,0.0,0.8473341076901223,0.8972407653147266,,,EXPLOIT
451,56,,,0,1,1,1,common,1.0,0.18629235472905614,0.39140861580055686,0.4103558819266617,0.0,0.8411374318204297,0.8922897864918871,,,EXPLOIT
452,56,,,0,1,0,1,rare,0.0,0.34285818364031106,0.26988289377464847,0.3901065724407565,0.0,0.8428118213412381,0.893632058946029,,,EXPLOIT
453,56,,,0,1,1,1,common,1.0,0.12109003057388645,0.47687330575582865,0.3094016098806955,0.0,0.844435058007656,0.8949283559382326,,,EXPLOIT
454,56,,,0,1,1,1,common,1.0,0.07870851987302618,0.31638495645326786,0.24019368287839468,0.0,0.8460093723288776,0.896180937623921,,,EXPLOIT
455,56,,,0,1,1,1,common,0.0,0.948839462082533,0.2305078974202162,0.4527874166396362,0.0,0.8475368671584489,0.8973919185195336,,,EXPLOIT
456,56,,,0,1,0,1,rare,0.0,0.2228578193662022,0.44248530582796713,0.38380853745760596,0.0,0.8490195266998883,0.8985632790489984,,,EXPLOIT
457,56,,,0,0,0,0,common,1.0,0.7507286821772208,0.5935192713445514,0.4938845808734904,0.0,0.8504592247605255,0.8996968760088359,,,EXPLOIT
458,56,,,0,0,0,0,common,1.0,0.48797364341519356,0.6796889043181154,0.4921112996360013,0.0,0.8518577323257692,0.9007944520682286,,,EXPLOIT
459,56,,,0,1,1,1,common,1.0,0.3832543496463535,0.5501584577597427,0.4594542146391069,0.0,0.8532167245181994,0.901857644406309,,,EXPLOIT
460,56,,,0,1,1,1,common,1.0,0.24911532727012986,0.6874164226538189,0.3963525484284138,0.0,0.8545377869989949,0.9028879925767164,,,EXPLOIT
461,56,,,0,1,1,1,common,1.0,0.16192496272558443,0.673753182105064,0.32602427271756496,0.0,0.8558224218631449,0.9038869456788934,,,EXPLOIT
462,56,,,0,1,1,1,common,1.0,0.10525122577162993,0.6198196543767449,0.2597923586337844,0.0,0.8570720530745425,0.9048558689063856,,,EXPLOIT
463,56,,,0,1,0,0,rare,1.0,0.31718286821987585,0.5712968097361568,0.27700951150961184,0.0,0.8582880314823153,0.9057960495343832,,,EXPLOIT
464,56,,,0,1,1,1,common,1.0,0.0684132967515595,0.5361463715361695,0.2144306470821961,0.0,0.8594716394555619,0.9067087024017426,,,EXPLOIT
465,56,,,0,1,1,1,common,0.0,0.9555313571114863,0.5123468197657687,0.43676086009098314,0.0,0.860624095169933,0.9075949749365894,,,EXPLOIT
466,56,,,0,1,0,0,rare,1.0,0.20616886434291937,0.6931458076030738,0.367583261366564,0.0,0.8617465565761935,0.9084559517692273,,,EXPLOIT
467,56,,,0,1,0,0,rare,1.0,0.1340097618228976,0.6580457021462736,0.2975112115034641,0.0,0.8628401250779545,0.9092926589713631,,,EXPLOIT
468,56,,,0,1,1,1,common,1.0,0.37890461787753393,0.6035029609646283,0.321929233415685,0.0,0.8639058489431414,0.9101060679564861,,,EXPLOIT
469,56,,,0,1,1,1,common,0.0,0.7537119983796029,0.5590357581654685,0.45146406290486035,0.0,0.864944726471417,0.9108970990725902,,,EXPLOIT
470,56,,,0,1,1,1,common,0.0,0.4899127989467419,0.6907665106466127,0.4629986837174248,0.0,0.8659577089376901,0.9116666249151828,,,EXPLOIT
471,56,,,0,0,1,1,rare,1.0,0.6815566806846177,0.5914275294896371,0.5285660828075827,0.0,0.8669457033299633,0.9124154733856601,,,EXPLOIT
472,56,,,0,0,0,0,common,1.0,0.08710634518488347,0.47733082827428785,0.39612816152077285,0.0,0.8620798363219718,0.9087038670510519,,,EXPLOIT
473,56,,,0,0,0,0,common,1.0,0.056619124370174245,0.3997722688027795,0.2942754503755933,0.0,0.8631648869460418,0.9095336414916633,,,EXPLOIT
474,56,,,0,0,0,0,common,1.0,0.0368024308406133,0.35157274942081473,0.21703354451509926,0.0,0.8642223995713854,0.9103403928347715,,,EXPLOIT
475,56,,,0,0,0,0,common,1.0,0.02392158004639866,0.3218353715512746,0.15909995517448908,0.0,0.8652533579945814,0.9111250270888471,,,EXPLOIT
476,56,,,0,0,1,1,rare,1.0,0.4430118424450016,0.30330004652449677,0.24427352135564281,0.0,0.8662586998352371,0.9118884034323732,,,EXPLOIT
477,56,,,0,0,0,0,common,0.0,0.9844509729698409,0.29161138578463763,0.4663267568399022,0.0,0.8672393192150495,0.9126313372019071,,,EXPLOIT
478,56,,,0,0,0,0,common,0.0,0.6398931324303966,0.5797390556983513,0.5183966695170505,0.0,0.8681960692524768,0.9133546026542284,,,EXPLOIT
479,56,,,0,0,0,0,common,1.0,0.5840694639202422,0.6910767238169047,0.5380985078380081,0.0,0.8634095652256362,0.9097137284844565,,,EXPLOIT
480,56,,,0,0,0,0,common,1.0,0.37964515154815737,0.5910445294592852,0.4905625009510528,0.0,0.8583157056008351,0.905794772653975,,,EXPLOIT
481,56,,,0,0,1,1,rare,1.0,0.28795769758925105,0.4770400206228771,0.42978105994251226,0.0,0.8594985811829969,0.9067074626653809,,,EXPLOIT
482,56,,,0,0,0,0,common,0.0,0.7532306514936977,0.3995883251594554,0.5268159374078679,0.0,0.8606503318924243,0.9075937708067108,,,EXPLOIT
483,56,,,0,0,0,0,common,1.0,0.5104000765290965,0.6405316190399657,0.5218911791442364,0.0,0.8553749244438957,0.9035080930949944,,,EXPLOIT
484,56,,,0,0,1,1,rare,0.0,0.8128274965669868,0.518536227233922,0.6091720743710616,0.0,0.8497434963507191,0.8990910914563813,,,EXPLOIT
485,56,,,0,1,1,0,common,1.0,0.9025761243976442,0.680637725013332,0.6971932893790364,0.0,0.8437190638491275,0.8943010122584584,,,EXPLOIT
486,56,,,0,1,1,0,common,0.0,0.4133255191415312,0.6564153654152343,0.6120329583077848,0.0,0.8372593372270851,0.8890887787086595,,,EXPLOIT
487,56,,,0,1,1,1,common,0.0,0.5283378727685415,0.6833274805283924,0.5869244326460118,0.0,0.8303157338790504,0.883396311709367,,,EXPLOIT
488,56,,,0,1,0,0,rare,1.0,0.3317600497439127,0.6150078685956561,0.510375117775382,0.0,0.8228321625539071,0.8771543664890351,,,EXPLOIT
489,56,,,0,1,1,1,common,0.0,0.34341961729955195,0.6869238388961109,0.460288467632633,0.0,0.8147435144228478,0.8702797138727802,,,EXPLOIT
490,56,,,0,1,0,0,rare,1.0,0.21564403233354323,0.663406662788379,0.38689513704290607,0.0,0.8173163114914597,0.8724783478442848,,,EXPLOIT
491,56,,,0,1,1,1,common,1.0,0.7767772487552912,0.6697923623861362,0.5038597705566216,0.0,0.8197939428573847,0.874582791778317,,,EXPLOIT
492,56,,,0,1,1,1,common,1.0,0.5049052116909393,0.57353282468651,0.5041734028969168,0.0,0.811452773667996,0.8674382401359931,,,EXPLOIT
493,56,,,0,1,1,1,common,1.0,0.3281883875991105,0.48898352336942796,0.4513778983075749,0.0,0.8023978584691346,0.8595153831524197,,,EXPLOIT
494,56,,,0,1,1,1,common,1.0,0.2133224519394219,0.43176406327568156,0.37996126439712896,0.0,0.8054500128303761,0.8622026748308207,,,EXPLOIT
495,56,,,0,1,1,1,common,1.0,0.1386595937606242,0.3951796830698374,0.30757076320617754,0.0,0.8083801671842658,0.8647637038432525,,,EXPLOIT
496,56,,,0,0,0,0,common,0.0,0.8598313789831968,0.37198711376892124,0.4732489479392833,0.0,0.8111953536407978,0.8672070440623852,,,EXPLOIT
497,56,,,0,0,0,0,common,1.0,0.4411096036609221,0.2498765927089876,0.4636071446557749,0.0,0.8139020742805763,0.8695405104292228,,,EXPLOIT
498,56,,,0,0,0,0,common,1.0,0.2867212423795994,0.44694733812559406,0.41054137397292223,0.0,0.8165063501723295,0.8717712411112486,,,EXPLOIT
499,56,,,0,1,1,1,common,1.0,0.09012873594440574,0.5848846719692146,0.31441758256436725,0.0,0.8190137650493788,0.8739057692139017,,,EXPLOIT
500,56,,,0,1,1,1,common,1.0,0.05858367836386369,0.5709024443580981,0.23766741130421618,0.0,0.8214295043119187,0.8759500855629359,,,EXPLOIT
501,56,,,0,1,1,1,common,1.0,0.03807939093651136,0.561561219130573,0.17779100519390473,0.0,0.8237583899284774,0.8779096938283981,,,EXPLOIT
502,56,,,0,1,1,1,common,0.0,0.9752483958912677,0.5553943163613448,0.41702822240311355,0.0,0.8260049117309269,0.8797896590583982,,,EXPLOIT
503,56,,,0,1,0,0,rare,1.0,0.18636880754673957,0.68548122457714,0.34783039794620135,0.0,0.8281732555304571,0.8815946505239018,,,EXPLOIT
504,56,,,0,1,1,1,common,1.0,0.3660885426706759,0.6851500093865615,0.3533078413635437,0.0,0.8302673284249976,0.8833289796376235,,,EXPLOIT
505,56,,,0,1,1,1,common,1.0,0.23795755273593933,0.6527191877192184,0.3187027547752624,0.0,0.8322907816200381,0.8849966335953204,,,EXPLOIT
506,56,,,0,1,1,0,common,1.0,0.7313384125580047,0.6203243649983896,0.44249345211008506,0.0,0.8342470310432964,0.8866013052920759,,,EXPLOIT
507,56,,,0,1,1,1,common,0.0,0.8453275907216394,0.5955130293979684,0.5633436936935513,0.0,0.8361392759981096,0.8881464199860541,,,EXPLOIT
508,56,,,0,0,0,0,common,1.0,0.12113972490538072,0.6754792313789486,0.4306825030571001,0.0,0.8291099642957789,0.8823647964206541,,,EXPLOIT
509,56,,,0,0,0,0,common,1.0,0.07874082118849746,0.6199961048793204,0.32509999849651927,0.0,0.8311723134499898,0.8840693700054123,,,EXPLOIT
510,56,,,0,1,1,1,common,1.0,0.45053706603093435,0.5692139085882796,0.3627311187568438,0.0,0.8331655841914289,0.8857089248858269,,,EXPLOIT
511,56,,,0,1,1,1,common,0.0,0.7071509070798927,0.6608601654909174,0.4660570552537584,0.0,0.8350930942804412,0.887287033308828,,,EXPLOIT
512,56,,,0,1,1,1,common,1.0,0.5403519103980697,0.4615618689978496,0.48834551179705177,0.0,0.8369579525471053,0.8888070106730417,,,EXPLOIT
513,56,,,0,0,0,0,common,1.0,0.051181533772523324,0.6124057201737392,0.35719631838969323,0.0,0.8387630750851629,0.8902719382079013,,,EXPLOIT
514,56,,,0,1,1,1,common,1.0,0.3512287417587453,0.5794059339779466,0.3554060454004088,0.0,0.8405111999627181,0.8916846832914296,,,EXPLOIT
515,56,,,0,1,1,1,common,1.0,0.2282986821431845,0.657341617890556,0.31727383642324153,0.0,0.8422049006058147,0.8930479176886371,,,EXPLOIT
516,56,,,0,1,1,0,common,0.0,0.524630031837297,0.685987359825703,0.3794806950474582,0.0,0.8438465979925063,0.8943641339546496,,,EXPLOIT
517,56,,,0,1,0,0,rare,1.0,0.03326799695214011,0.4880088062640634,0.2756168856188627,0.0,0.8454385717789568,0.8956356602144684,,,EXPLOIT
518,56,,,0,1,1,0,common,0.0,0.34100952069424306,0.615114051842618,0.2952346761414768,0.0,0.8469829704651248,0.8968646735037585,,,EXPLOIT
519,56,,,0,1,1,1,common,0.0,0.8516058566069301,0.4037269169124138,0.4621460302811128,0.0,0.848481820695383,0.8980532118315039,,,EXPLOIT
520,56,,,0,0,0,0,common,0.0,0.978375801981109,0.273917305383066,0.6170149617911116,0.0,0.8499370357787519,0.8992031851051456,,,EXPLOIT
521,56,,,0,0,0,1,common,0.0,0.14485758258803144,0.5445412512616249,0.4753677480301875,0.0,0.8439263324367491,0.894422765628931,,,EXPLOIT
522,56,,,0,0,1,1,rare,1.0,0.44645619320549534,0.678252569931022,0.4666942815827798,0.0,0.8455159083594707,0.8956923173011722,,,EXPLOIT
523,56,,,0,0,0,0,common,1.0,0.3640557287122792,0.5400891750356608,0.4359027157216296,0.0,0.8470580120110432,0.8969194513781481,,,EXPLOIT
524,56,,,0,0,0,0,common,1.0,0.23663622366298154,0.4167977580278198,0.37612276810403517,0.0,0.8485546642473334,0.8981061998292218,,,EXPLOIT
525,56,,,0,0,0,0,common,0.0,0.8461864546190621,0.33987649572833256,0.5171418740585432,0.0,0.850007772990604,0.899254466992899,,,EXPLOIT
526,56,,,0,0,1,1,rare,1.0,0.290196525583572,0.5902470727819822,0.4490582695160518,0.0,0.844002083597471,0.8944784634208702,,,EXPLOIT
527,56,,,0,0,1,1,rare,1.0,0.18862774162932183,0.45232641057716516,0.3709291111500328,0.0,0.8455893829162477,0.8957461405890241,,,EXPLOIT
528,56,,,0,0,0,0,common,1.0,0.44997880449760963,0.36126086223221615,0.3946440191543058,0.0,0.8471293075261671,0.8969714906387682,,,EXPLOIT
529,56,,,0,0,1,1,rare,1.0,0.12260803205905924,0.30682956273938905,0.31303322302573183,0.0,0.8486238727947977,0.8981565398140497,,,EXPLOIT
530,56,,,0,0,0,0,common,1.0,0.2924862229234463,0.27424614304129336,0.30686912299504615,0.0,0.8500749815367626,0.8993031871738498,,,EXPLOIT
531,56,,,0,0,1,1,rare,1.0,0.07969522083838854,0.2543594307758264,0.23871695234804885,0.0,0.8514844317646781,0.9004132144186414,,,EXPLOIT
532,56,,,0,0,0,0,common,1.0,0.19011604490024014,0.24199438786550262,0.22413668011370624,0.0,0.8528539238082585,0.9014882948196582,,,EXPLOIT
533,56,,,0,0,0,0,common,0.0,0.8764245708148439,0.23419616800241785,0.4198230473240475,0.0,0.8541850668608731,0.9025300013451073,,,EXPLOIT
534,56,,,0,0,0,0,common,1.0,0.4303240289703514,0.5112953793052445,0.42297334181793866,0.0,0.8554793850065631,0.9035398140663436,,,EXPLOIT
535,56,,,0,0,0,0,common,1.0,0.27971061883072834,0.3979419060758348,0.37999452492177554,0.0,0.8567383227749943,0.9045191269173558,,,EXPLOIT
536,56,,,0,0,0,0,common,0.0,0.8181880977600265,0.3286338344350191,0.5114525967732508,0.0,0.8579632502669289,0.9054692538724963,,,EXPLOIT
537,56,,,0,0,0,0,common,1.0,0.4681777364559827,0.5831840829197921,0.4984701386780704,0.0,0.8525079649553223,0.9012129381201622,,,EXPLOIT
538,56,,,0,0,0,1,common,0.0,0.09415742868222043,0.4470400529341378,0.37717632567931536,0.0,0.8538487513304043,0.9022631482512203,,,EXPLOIT
539,56,,,0,0,0,0,common,1.0,0.3043155286963888,0.6452010771095049,0.35531808658443736,0.0,0.8551523314363373,0.9032810895274681,,,EXPLOIT
540,56,,,0,0,1,1,rare,1.0,0.05180189354495257,0.4993411659962303,0.2642632286725919,0.0,0.8564201696114431,0.9042681775911755,,,EXPLOIT
541,56,,,0,0,0,0,common,0.0,0.8021949063473472,0.3903319283382393,0.42564273197501845,0.0,0.857653654495117,0.905225746576451,,,EXPLOIT
542,56,,,0,0,1,1,rare,1.0,0.03367123080421919,0.6187506785387619,0.30805128162377865,0.0,0.8588541038585398,0.906155054893495,,,EXPLOIT
543,56,,,0,0,0,0,common,1.0,0.4785733108742243,0.47508527183192595,0.3592078903989123,0.0,0.8600227690701109,0.9070572905271577,,,EXPLOIT
544,56,,,0,0,0,0,common,1.0,0.31107265206824586,0.3751889975868363,0.3447673188997124,0.0,0.8611608392274297,0.907933575896728,,,EXPLOIT
545,56,,,0,0,1,1,rare,1.0,0.0218863000227425,0.3151081407595101,0.24790301323662142,0.0,0.8622694449845166,0.908784972318765,,,EXPLOIT
546,56,,,0,0,0,0,common,0.0,0.7978027761556402,0.2792417277671163,0.41287294211232706,0.0,0.8633496621001778,0.9096124841102906,,,EXPLOIT
547,56,,,0,0,1,1,rare,0.0,0.9857739049852173,0.5486398268710883,0.5847432309741941,0.0,0.8644025147309371,0.9104170623657096,,,EXPLOIT
548,56,,,0,0,0,0,common,1.0,0.48142819549883387,0.6792959689807361,0.5537487203315861,0.0,0.8593732052342599,0.9065526375044703,,,EXPLOIT
549,56,,,0,0,1,1,rare,1.0,0.3592469617596088,0.5418351148640268,0.49539819275999286,0.0,0.8540126836806835,0.9023837830303626,,,EXPLOIT
550,56,,,0,0,0,1,common,0.0,0.061202328643443285,0.4179696520068604,0.3651394335250279,0.0,0.855311745631562,0.9033980461223624,,,EXPLOIT
551,56,,,0,0,0,1,common,0.0,0.03978151361823813,0.632335568443747,0.267532057552991,0.0,0.8565752421729094,0.9043816160532295,,,EXPLOIT
552,56,,,0,1,1,1,common,1.0,0.2335105251437457,0.6928785084424748,0.25732559783021736,0.0,0.8578045528854117,0.9053358178161838,,,EXPLOIT
553,56,,,0,1,1,1,common,1.0,0.15178184134343475,0.5953024453367157,0.22566247088418256,0.0,0.8590009870554537,0.9062619013240555,,,EXPLOIT
554,56,,,0,1,1,1,common,0.0,0.9013418031267674,0.459816421370656,0.428366270556958,0.0,0.860165788097466,0.907161046654234,,,EXPLOIT
555,56,,,0,1,1,1,common,1.0,0.41412782796760117,0.6526069130810629,0.42409473778015094,0.0,0.8613001376465456,0.9080343688599866,,,EXPLOIT
556,56,,,0,1,1,0,common,0.0,0.221656188451258,0.5106032067181748,0.363363172981483,0.0,0.8624051593496792,0.9088829223893999,,,EXPLOIT
557,56,,,0,1,1,0,common,0.0,0.1440765224933177,0.6702159608456684,0.2975771778350334,0.0,0.8634819223811517,0.9097077051487831,,,EXPLOIT
558,56,,,0,1,0,0,rare,1.0,0.312928327074242,0.6901094998636417,0.30218252260679596,0.0,0.8645314447052675,0.910509662243458,,,EXPLOIT
559,56,,,0,0,0,0,common,1.0,0.20340341259825734,0.6084613473818583,0.27254878960423434,0.0,0.865554696107326,0.9112896894254315,,,EXPLOIT
560,56,,,0,1,1,1,common,1.0,0.26918308817894077,0.6918615038533336,0.27153907917664627,0.0,0.866552601011829,0.912048636274402,,,EXPLOIT
561,56,,,0,1,0,0,rare,1.0,0.1322122181888673,0.6554998330151807,0.22974102088031256,0.0,0.8675260411051443,0.9127873091358535,,,EXPLOIT
562,56,,,0,1,0,0,rare,0.0,0.9140620581772363,0.584339964980545,0.43503733206938966,0.0,0.8684758577782742,0.9135064738376091,,,EXPLOIT
563,56,,,0,1,1,1,common,1.0,0.1749690073163115,0.6909855444349735,0.3570168346434662,0.0,0.86940285440396,0.9142068582040904,,,EXPLOIT
564,56,,,0,0,1,1,rare,1.0,0.11372985475560249,0.6580003369422064,0.28403074067710704,0.0,0.8703077984610872,0.9148891543856411,,,EXPLOIT
565,56,,,0,0,1,1,rare,1.0,0.07392440559114166,0.6922327472632249,0.2209988401513174,0.0,0.8711914235182017,0.9155540210185934,,,EXPLOIT
566,56,,,0,0,0,0,common,1.0,0.4058596621847964,0.6637684971883784,0.2764570867613611,0.0,0.872054431086921,0.9162020852302555,,,EXPLOIT
567,56,,,0,0,0,0,common,0.0,0.7361912195798823,0.6264454255670568,0.41437732660691745,0.0,0.8728974923550897,0.9168339445016532,,,EXPLOIT
568,56,,,0,0,0,0,common,0.0,0.47852429272692354,0.6660688035915441,0.4336214164429193,0.0,0.8737212498086823,0.917450168399663,,,EXPLOIT
569,56,,,0,0,0,0,common,1.0,0.6889592097274997,0.5259141329692563,0.5102227544282933,0.0,0.8745263187506978,0.9180513001890978,,,EXPLOIT
570,56,,,0,0,1,1,rare,0.0,0.951949136365758,0.6745679285281381,0.6427406690095328,0.0,0.8701315711929348,0.9147538029649511,,,EXPLOIT
571,56,,,0,0,0,0,common,0.0,0.5521765136771252,0.537527174331375,0.6155714224098104,0.0,0.8654666262602969,0.9112170295532629,,,EXPLOIT
572,56,,,0,1,0,1,rare,1.0,0.9741420161481452,0.4183746710768158,0.7231426005313109,0.0,0.8605060337578465,0.9074141548791517,,,EXPLOIT
573,56,,,0,1,1,1,common,1.0,0.3812330613622573,0.3263728354182022,0.6205697387805947,0.0,0.8552210439436293,0.9033141886201227,,,EXPLOIT
574,56,,,0,1,1,1,common,1.0,0.24780148988546724,0.27304315399048584,0.5087392641120565,0.0,0.8495790548859917,0.8988811341028746,,,EXPLOIT
575,56,,,0,1,1,1,common,1.0,0.16107096842555368,0.24169729293174147,0.4044387754061056,0.0,0.8435429448962467,0.8940729348058478,,,EXPLOIT
576,56,,,0,1,1,1,common,0.0,0.8953038705233901,0.22278005605418955,0.5516983039412909,0.0,0.845144065008367,0.8953542884434534,,,EXPLOIT
577,56,,,0,1,1,1,common,0.0,0.5819475158402037,0.4847465524920153,0.5607730675109648,0.0,0.8387886916256104,0.8902364534257287,,,EXPLOIT
578,56,,,0,1,0,1,rare,0.0,0.36680768950370557,0.6504682521150906,0.502583454108787,0.0,0.8319612523390792,0.8846516022165649,,,EXPLOIT
579,56,,,0,1,0,0,rare,0.0,0.3589147338901314,0.6929601111808978,0.45948283804319034,0.0,0.8246075078175146,0.8785330777934243,,,EXPLOIT
580,56,,,0,0,0,1,common,1.0,0.7615750018225914,0.6801647014322801,0.5501104871770106,0.0,0.8268243336755312,0.8803880266942331,,,EXPLOIT
581,56,,,0,0,0,1,common,0.0,0.5049762488153156,0.5029385693865793,0.536570215668502,0.0,0.8190614593231182,0.8738451051768068,,,EXPLOIT
582,56,,,0,0,0,1,common,0.0,0.32823456172995513,0.6418722344925228,0.474069519486938,0.0,0.8106588151144503,0.8666221316601542,,,EXPLOIT
583,56,,,0,0,1,1,rare,1.0,0.6217341147038676,0.6885852898686509,0.5183688980520169,0.0,0.813386057340368,0.8689816866301143,,,EXPLOIT
584,56,,,0,1,1,1,common,1.0,0.404127174557514,0.52194529441333,0.48409638100366603,0.0,0.8044992482691087,0.8612305218050526,,,EXPLOIT
585,56,,,0,1,0,1,rare,0.0,0.21335246512447084,0.6912146868051239,0.4028732062399074,0.0,0.8074671608006414,0.8638369000939005,,,EXPLOIT
586,56,,,0,0,1,0,rare,1.0,0.9063502603793435,0.62454329116057,0.5539163224817383,0.0,0.8103179434708844,0.86632253247546,,,EXPLOIT
587,56,,,0,0,0,0,common,0.0,0.23329457702858541,0.4793235881775074,0.4577297988457924,0.0,0.8011635968453237,0.8582743413954904,,,EXPLOIT
588,56,,,0,0,0,0,common,1.0,0.8483585249314195,0.6574327344753563,0.5749184166714805,0.0,0.8042657368061723,0.8610209003297243,,,EXPLOIT
589,56,,,0,0,1,1,rare,0.0,0.7373173365376159,0.5116010084497262,0.6236380926313211,0.0,0.7945716747983849,0.8523630746384141,,,EXPLOIT
590,56,,,0,0,1,0,rare,0.0,0.4108723307534268,0.6684665278728852,0.5598083640679528,0.0,0.7839799113582474,0.8426594210927759,,,EXPLOIT
591,56,,,0,0,1,0,rare,0.0,0.2670670149897274,0.6911746989651759,0.4719859593444851,0.0,0.7723603128620214,0.831708850165455,,,EXPLOIT
592,56,,,0,1,0,0,rare,1.0,0.5514330412054227,0.6628540810097736,0.4958200839027664,0.0,0.7767347838151182,0.8358681388771253,,,EXPLOIT
593,56,,,0,1,1,0,common,1.0,0.8264064402566772,0.47913706482324603,0.5949959908089396,0.0,0.7809029900829447,0.8397881528221071,,,EXPLOIT
594,56,,,0,1,1,0,common,0.0,0.4628358138331598,0.34057439476621043,0.5553479377162056,0.0,0.7689755605470533,0.8284533546431085,,,EXPLOIT
595,56,,,0,0,1,1,rare,1.0,0.5207437312505496,0.5548476883721309,0.5449666757765088,0.0,0.7558153139449174,0.8155330444997637,,,EXPLOIT
596,56,,,0,1,1,1,common,1.0,0.33848342531285736,0.6930863105568097,0.48302170063741334,0.0,0.7412214756854373,0.800670340505037,,,EXPLOIT
597,56,,,0,1,1,1,common,0.0,0.7799857735466427,0.6295081558203834,0.5721109225101821,0.0,0.7471980199199948,0.8068247547818164,,,EXPLOIT
598,56,,,0,1,0,1,rare,0.0,0.13867910233090605,0.6896028310497191,0.4420813764563993,0.0,0.7316234935291575,0.7905706642749685,,,EXPLOIT
599,56,,,0,1,0,0,rare,1.0,0.3584314767835248,0.6262161930931882,0.41698640655453695,0.0,0.738140890718102,0.7974532358306556,,,EXPLOIT
600,56,,,0,1,0,0,rare,1.0,0.23298045990929117,0.684808603155018,0.3617846225609632,0.0,0.7442886228945187,0.8038354153750903,,,EXPLOIT
601,56,,,0,1,1,1,common,1.0,0.4930092471946823,0.597483731440297,0.4011520099510789,0.0,0.7500969883996036,0.8097695704506652,,,EXPLOIT
602,56,,,0,1,0,0,rare,1.0,0.1514372989410393,0.5083856541925189,0.326237596648067,0.0,0.7555930628818629,0.8153010079355482,,,EXPLOIT
603,56,,,0,1,1,1,common,1.0,0.3204560106765435,0.44606965615797256,0.32450312085660993,0.0,0.7608011166850153,0.8204691252269737,,,EXPLOIT
604,56,,,0,1,0,0,rare,0.0,0.9015657556883244,0.4058790832717446,0.49762191130612426,0.0,0.7657429690040349,0.8253083433077676,,,EXPLOIT
605,56,,,0,1,1,1,common,1.0,0.20829640693975326,0.659339307356116,0.4108242599962129,0.0,0.7704382897099127,0.8298488684349596,,,EXPLOIT
606,56,,,0,1,0,0,rare,1.0,0.4139822588025891,0.562908723142599,0.4117716596381258,0.0,0.7749048576477193,0.8341173180831815,,,EXPLOIT
607,56,,,0,0,1,1,rare,1.0,0.13539266451083964,0.48305776002968637,0.3288579610999399,0.0,0.7791587825593302,0.8381372385526903,,,EXPLOIT
608,56,,,0,1,0,0,rare,1.0,0.269088468221683,0.633534940762327,0.3109271132364628,0.0,0.7832146964701527,0.8419295355039144,,,EXPLOIT
609,56,,,0,1,1,1,common,1.0,0.08800523193204579,0.5915678673821749,0.2440505488451377,0.0,0.7870859193319151,0.8455128340414957,,,EXPLOIT
610,56,,,0,1,1,0,common,0.0,0.3008432789915539,0.560531164962664,0.26108836788906253,0.0,0.7907846028729633,0.8489037814402892,,,EXPLOIT
611,56,,,0,1,1,1,common,1.0,0.05720340075582975,0.6885848133886728,0.19992287774909268,0.0,0.7943218559292308,0.8521173028970204,,,EXPLOIT
612,56,,,0,1,1,1,common,1.0,0.037182210491289336,0.6768316909475972,0.15110067757175166,0.0,0.7977078539790008,0.8551668185971228,,,EXPLOIT
613,56,,,0,1,0,0,rare,1.0,0.17490750434409397,0.6314407430626471,0.15824272560345434,0.0,0.8009519351563753,0.8580644287555673,,,EXPLOIT
614,56,,,0,1,0,0,rare,1.0,0.11368987782366113,0.589919678362864,0.14487687126951637,0.0,0.8040626846514909,0.8608210720120117,,,EXPLOIT
615,56,,,0,1,1,1,common,1.0,0.024168436819338113,0.559374917843363,0.1086643409344629,0.0,0.8070480091038834,0.8634466615517941,,,EXPLOIT
616,56,,,0,1,1,1,common,1.0,0.015709483932569768,0.5384550354043445,0.08077788383389495,0.0,0.809915202346373,0.8659502025234124,,,EXPLOIT
617,56,,,0,1,0,0,rare,1.0,0.07389842058537976,0.5245236493863729,0.07871404485934039,0.0,0.8126710036504269,0.8683398936836146,,,EXPLOIT
618,56,,,0,1,1,1,common,1.0,0.010211164556170327,0.5153582766754585,0.05816318076838937,0.0,0.815321649452179,0.8706232156877508,,,EXPLOIT
619,56,,,0,1,1,1,common,1.0,0.00663725696151074,0.5093625435836566,0.04270540362632578,0.0,0.81787291939484,0.872807008028583,,,EXPLOIT
620,56,,,0,1,1,1,common,1.0,0.0043142170249820255,0.5054513646155292,0.03118804764592265,0.0,0.8203301774029872,0.8748975362905506,,,EXPLOIT
621,56,,,0,1,1,1,common,1.0,0.0028042410662383332,0.5029037985245509,0.022672905672017355,0.0,0.8226984084031078,0.8769005511124675,,,EXPLOIT
622,56,,,0,1,0,0,rare,1.0,0.048033973380496864,0.5012458029737923,0.030281225984561205,0.0,0.824982251219447,0.8788213400272508,,,EXPLOIT
623,56,,,0,1,0,0,rare,0.0,0.968777917302677,0.5001672721073716,0.31183023337999594,0.0,0.8271860281019908,0.8806647731627711,,,EXPLOIT
624,56,,,0,1,1,1,common,1.0,0.0018227566930548722,0.6931359362375149,0.21882799037391362,0.0,0.829313771282106,0.8824353436355383,,,EXPLOIT
625,56,,,0,1,1,1,common,1.0,0.0011847918504857002,0.6648638685927594,0.15353503081688524,0.0,0.8313692468991412,0.8841372033425993,,,EXPLOIT
626,56,,,0,1,0,0,rare,1.0,0.3702943537532599,0.6187089319425387,0.21856282769779764,0.0,0.8333559765967211,0.8857741947518811,,,EXPLOIT
627,56,,,0,1,0,0,rare,1.0,0.24069132993961895,0.5801726252593905,0.22520137837034404,0.0,0.8352772570492871,0.8873498792033664,,,EXPLOIT
628,56,,,0,1,1,1,common,1.0,0.0007701147028157385,0.5526022842658893,0.15787199927008552,0.0,0.8371361776466659,0.8888675621598594,,,EXPLOIT
629,56,,,0,1,1,0,common,1.0,0.80445186865549,0.5339179230038781,0.35184596008570684,0.0,0.8389356365362481,0.8903303157841546,,,EXPLOIT
630,56,,,0,1,1,1,common,1.0,0.00050057455683028,0.5215306930935872,0.24644234442704385,0.0,0.8406783551980122,0.8917409991671472,,,EXPLOIT
631,56,,,0,1,0,0,rare,1.0,0.1564493644607523,0.5133978290819625,0.21944445043715638,0.0,0.8423668917065903,0.8931022764871681,,,EXPLOIT
632,56,,,0,1,0,1,rare,1.0,0.9098585834849111,0.5080828388259319,0.42656869035148276,0.0,0.8440036528163212,0.8944166333432502,,,EXPLOIT
633,56,,,0,1,1,1,common,1.0,0.0003253734619397264,0.5046175211278625,0.29869569528461987,0.0,0.8455909049893822,0.8956863914730229,,,EXPLOIT
634,56,,,0,1,1,1,common,0.0,0.9997885072497392,0.5023610086138032,0.5090235388741556,0.0,0.8471307844732952,0.8969137220386002,,,EXPLOIT
635,56,,,0,0,1,1,rare,0.0,0.6498625297123305,0.6931155157158762,0.551275236125608,0.0,0.840919460807297,0.8919340203776445,,,EXPLOIT
636,56,,,0,0,0,0,common,1.0,0.10169208689948905,0.6021582153369505,0.4164002913577723,0.0,0.8342522056496968,0.8865064056764038,,,EXPLOIT
637,56,,,0,0,1,1,rare,0.0,0.42241064431301484,0.6921873329804208,0.4182033972443451,0.0,0.8361442825637116,0.8880550139706157,,,EXPLOIT
638,56,,,0,0,0,0,common,0.0,0.9339001435153321,0.5894651168168538,0.5729124211256411,0.0,0.8379753624083367,0.8895470616417314,,,EXPLOIT
639,56,,,0,0,0,1,common,0.0,0.4085919207348078,0.46801603367923195,0.523616271008391,0.0,0.8310862697807694,0.8838976942995523,,,EXPLOIT
640,56,,,0,0,0,1,common,0.0,0.2655847484776251,0.38635039137660876,0.4462068142491612,0.0,0.8236636358618107,0.8777051983254487,,,EXPLOIT
641,56,,,0,0,0,0,common,1.0,0.39296490671503403,0.33622150621126506,0.430234241988923,0.0,0.8259134825465942,0.87959340353613,,,EXPLOIT
642,56,,,0,0,0,0,common,1.0,0.25542718936477216,0.6017388164409556,0.37779212620167774,0.0,0.8280849836276379,0.881406156128858,,,EXPLOIT
643,56,,,0,0,0,0,common,0.0,0.8339723269128981,0.6921547393448447,0.5146461864150438,0.0,0.8301820572729192,0.8831478038989334,,,EXPLOIT
644,56,,,0,0,0,0,common,1.0,0.45791798750661616,0.5892801724811929,0.49762772674251543,0.0,0.8226878883316543,0.876881273904057,,,EXPLOIT
645,56,,,0,0,1,0,rare,0.0,0.4771062853739315,0.6909719274734027,0.49147129433194026,0.0,0.824972102944708,0.8788028465881874,,,EXPLOIT
646,56,,,0,0,0,0,common,0.0,0.7023533081206995,0.5838639224380462,0.554735898468568,0.0,0.8271762327428811,0.8806470175261277,,,EXPLOIT
647,56,,,0,1,1,1,common,0.0,0.2745669188034596,0.46381745048814293,0.47068520456903545,0.0,0.8194417462574358,0.8741302969330067,,,EXPLOIT
648,56,,,0,1,1,1,common,1.0,0.8215315027777512,0.6438019093618197,0.5759390940316501,0.0,0.8218419930097473,0.8761652288549691,,,EXPLOIT
649,56,,,0,1,0,0,rare,1.0,0.5434703497215453,0.48493166564433954,0.5661984707386186,0.0,0.8136714835911782,0.8691874009724833,,,EXPLOIT
650,56,,,0,1,1,1,common,0.0,0.4660045231944617,0.368882026658502,0.5361402864753715,0.0,0.8048093563767366,0.8614589714830256,,,EXPLOIT
651,56,,,0,1,1,1,common,0.0,0.30290294007640006,0.5964644380786626,0.46616908255568,0.0,0.7951644228588935,0.8528524026938561,,,EXPLOIT
652,56,,,0,1,0,0,rare,1.0,0.35325572731900445,0.6860744072648857,0.4322950759846773,0.0,0.7985148439673381,0.8558649683326566,,,EXPLOIT
653,56,,,0,1,1,1,common,1.0,0.80311308895034,0.5427503006288825,0.543540479874376,0.0,0.8017255166124059,0.8587283132639892,,,EXPLOIT
654,56,,,0,1,1,1,common,1.0,0.522023507817721,0.4057488710414388,0.5370853882573795,0.0,0.7918001833387103,0.8497996392473003,,,EXPLOIT
655,56,,,0,1,0,0,rare,0.0,0.7703837772426471,0.3216816711082353,0.6070749049529598,0.0,0.7809442248652488,0.8397742967652528,,,EXPLOIT
656,56,,,0,1,1,1,common,1.0,0.3393152800815187,0.566913461110679,0.5267470174915274,0.0,0.7690209482560751,0.828437627410486,,,EXPLOIT
657,56,,,0,1,0,0,rare,1.0,0.49925054479227937,0.42229887769925145,0.518498075681753,0.0,0.7558655124166429,0.8155150407579386,,,EXPLOIT
658,56,,,0,1,1,0,common,1.0,0.6898809145069444,0.3313767325171517,0.5699129273293104,0.0,0.7412772893986502,0.8006495288021205,,,EXPLOIT
659,56,,,0,0,0,0,common,0.0,0.6754871458850185,0.2783838712277169,0.6015851928960227,0.0,0.7250095954083225,0.7833682356540862,,,EXPLOIT
660,56,,,0,1,0,0,rare,1.0,0.560933355174738,0.2183898927636878,0.5893896415796372,0.0,0.7067556705200188,0.7630313185987354,,,EXPLOIT
661,56,,,0,1,1,1,common,1.0,0.22055493205298715,0.19237137865535797,0.4787392287216422,0.0,0.6861292046934819,0.7387510967213334,,,EXPLOIT
662,56,,,0,1,1,1,common,0.0,0.8566392941655583,0.176833087674329,0.5921092483548169,0.0,0.6955085177516539,0.7499680954538185,,,EXPLOIT
663,56,,,0,1,1,0,common,1.0,0.44842259442951393,0.4119593150824641,0.549003252177226,0.0,0.6733437892207597,0.7229529105620363,,,EXPLOIT
664,56,,,0,1,0,0,rare,0.0,0.6353933191364203,0.30073736307871884,0.5749202722649842,0.0,0.6479752373299497,0.6897685432431647,,,EXPLOIT
665,56,,,0,1,1,1,common,0.0,0.5568155412076129,0.5250924635061174,0.5694888529477727,0.0,0.6186556928030282,0.6480317984647894,,,EXPLOIT
666,56,,,0,1,1,0,common,0.0,0.7085253136208159,0.6511755986145994,0.6111997911496857,0.0,0.5843860725345348,0.5939505278925172,,,EXPLORE
667,56,,,0,1,1,1,common,1.0,0.6380698982150517,0.6903864628649155,0.6192608232692954,0.0,0.5437994385822268,0.5211018229234412,,,EXPLORE
668,56,,,0,0,1,0,rare,0.0,0.4605414538535304,0.5279861614165657,0.5716450124445659,0.0,0.49497453257141394,0.4176720081983653,,,EXPLORE
669,56,,,0,1,1,0,common,0.0,0.2993519450047948,0.47578265758873967,0.4899570922126345,0.0,0.4351230906980235,0.2592992215113598,,,EXPLORE
670,56,,,0,1,0,0,rare,1.0,0.5869943425613268,0.6157639675720206,0.5190682673172422,0.0,0.4688180834417682,0.35340874465891725,,,EXPLORE
671,56,,,0,1,0,0,rare,1.0,0.38154632266486244,0.41286922099339685,0.47781168392152823,0.0,0.4025457288131639,0.15333621755426358,,,EXPLORE
672,56,,,0,0,0,0,common,1.0,0.2480051097321606,0.28588833824965226,0.4088697116647179,0.0,0.4404124871404658,0.2749921034653572,,,EXPLORE
673,56,,,0,0,0,0,common,0.0,0.8387966786740956,0.5502770561699463,0.5378478017675312,0.0,0.473451497795716,0.36528181746633553,,,EXPLOIT
674,56,,,0,0,0,0,common,1.0,0.4547821588618379,0.42014140828975005,0.5129281088958232,0.0,0.4083430757719292,0.17338111617082191,,,EXPLORE
675,56,,,0,0,0,0,common,0.0,0.7043915967398053,0.6307969365318844,0.5703671552490178,0.0,0.3258125424771948,0.09090909090909093,,,EXPLORE
676,56,,,0,1,0,0,rare,1.0,0.5421454621191265,0.4820500544685521,0.5619006473100504,0.0,0.21779321376588362,0.09090909090909093,,,EXPLORE
677,56,,,0,1,1,1,common,1.0,0.4147454338397836,0.3921557319020824,0.5177540832689703,0.0,0.09090909090909093,0.09090909090909093,,,EXPLORE
678,56,,,0,1,1,1,common,1.0,0.2695845319958593,0.33695717583545304,0.443303217887037,0.0,0.09090909090909093,0.09090909090909093,,,EXPLORE
679,56,,,0,1,1,1,common,0.0,0.8247700542026914,0.3033973889897941,0.5577432687817334,0.0,0.17965545529122232,0.23017705927636645,,,EXPLORE
680,56,,,0,0,1,1,rare,1.0,0.4638994647682506,0.578157849313441,0.5295901275776885,0.0,0.09090909090909093,0.09090909090909093,,,EXPLORE
681,56,,,0,1,0,1,rare,0.0,0.1726300865104563,0.6918757764684367,0.42250211525751885,0.0,0.09090909090909093,0.09090909090909093,,,EXPLORE
682,56,,,0,0,1,1,rare,0.0,0.6984653479006371,0.6296465476387707,0.5052910850504543,0.0,0.17965545529122232,0.23017705927636645,,,EXPLORE
683,56,,,0,1,0,0,rare,1.0,0.3523945503774323,0.6926096174384758,0.45942212464854765,0.0,0.09090909090909093,0.09090909090909093,,,EXPLORE
684,56,,,0,1,1,0,common,0.0,0.1945787642531166,0.5973602145579862,0.3799691165299183,0.0,0.17965545529122232,0.23017705927636645,,,EXPLORE
685,56,,,0,1,0,0,rare,1.0,0.229056457745331,0.6924017233346009,0.3346953188945421,0.0,0.25195053896963665,0.33155527035247095,,,EXPLORE
686,56,,,0,0,0,0,common,1.0,0.14888669753446515,0.5959351880621498,0.27895273248651903,0.0,0.31197800201026266,0.40865139461585376,,,EXPLORE
687,56,,,0,0,1,0,rare,0.0,0.1264761967645258,0.6928320891035085,0.23320977176992105,0.0,0.3626137856372424,0.46925370836719743,,,EXPLORE
688,56,,,0,1,1,1,common,1.0,0.5459975238645859,0.6051212750913773,0.32704609739832047,0.0,0.4059000327452924,0.5181414926281387,,,EXPLORE
689,56,,,0,1,1,1,common,1.0,0.3548983905119808,0.49009682293099166,0.33540178533241854,0.0,0.4433268371345312,0.5584101936095955,,,EXPLORE
690,56,,,0,1,0,0,rare,1.0,0.09677635339740231,0.40997894148777836,0.26381415575191364,0.0,0.4760069778008542,0.5921529537657815,,,EXPLOIT
691,56,,,0,1,1,1,common,1.0,0.2306839538327875,0.3598469977222475,0.2538750951761758,0.0,0.5047882362938754,0.6208359130085537,,,EXPLOIT
692,56,,,0,1,1,1,common,1.0,0.1499445699913119,0.3288547253227166,0.2226959376207166,0.0,0.5303278475182935,0.6455166258956538,,,EXPLOIT
693,56,,,0,1,0,0,rare,1.0,0.06290462970831157,0.309527003911945,0.17475854524699508,0.0,0.5531431856165939,0.6669771225069359,,,EXPLOIT
694,56,,,0,1,1,1,common,1.0,0.09746397049435274,0.29733788378278553,0.15157017282120236,0.0,0.5736470880232013,0.6858081495669813,,,EXPLOIT
695,56,,,0,1,1,1,common,1.0,0.0633515808213293,0.28957901618432147,0.12510459522124043,0.0,0.5921729883276855,0.7024642847715783,,,EXPLOIT
696,56,,,0,1,1,1,common,1.0,0.041178527533864084,0.28460644730163276,0.09992677491502752,0.0,0.6089931308257707,0.7173010333450142,,,EXPLOIT
697,56,,,0,0,1,1,rare,0.0,0.9732339571029883,0.2814044755774062,0.36191892957141575,0.0,0.6243319910980096,0.7306004237646555,,,EXPLOIT
698,56,,,0,0,0,0,common,0.0,0.9591119906895975,0.19544000834764322,0.5410768479068703,0.0,0.6383763127966292,0.7425890580670904,,,EXPLOIT
699,56,,,0,1,1,1,common,1.0,0.3673979278830576,0.1517118706138222,0.48897317189972644,0.0,0.6074817933014985,0.7139580209341377,,,EXPLOIT
700,56,,,0,1,1,1,common,1.0,0.23880865312398747,0.1504323611068037,0.41392381626700475,0.0,0.6229511161859645,0.7275969204919425,,,EXPLOIT
701,56,,,0,1,1,1,common,1.0,0.15522562453059185,0.14960562216097834,0.33631435874608084,0.0,0.637109770180817,0.7398759828202375,,,EXPLOIT
702,56,,,0,1,1,1,common,0.0,0.8991033440551153,0.14907032363320416,0.5051510543387912,0.0,0.6501169287268267,0.7509883859669142,,,EXPLOIT
703,56,,,0,1,1,1,common,1.0,0.415582826364175,0.37723882560985716,0.47828058594640627,0.0,0.6211427672903757,0.724192573333457,,,EXPLOIT
704,56,,,0,1,1,1,common,1.0,0.27012883713671376,0.2799560258300807,0.41583506130349845,0.0,0.6354518088349567,0.7368047727138255,,,EXPLOIT
705,56,,,0,0,1,0,rare,0.0,0.08220952789694178,0.22633972336988656,0.31574740128153145,0.0,0.6485914201164561,0.748203836270472,,,EXPLOIT
706,56,,,0,1,1,1,common,0.0,0.8244162558611361,0.19314725386228687,0.46834805765541276,0.0,0.6606987459161577,0.7585562661781571,,,EXPLOIT
707,56,,,0,1,1,0,common,1.0,0.9465638068669878,0.4102543758201961,0.6118127824188853,0.0,0.6718902933909079,0.7679994281654444,,,EXPLOIT
708,56,,,0,1,1,1,common,0.0,0.5358705663097385,0.2834852390248434,0.5890301175861412,0.0,0.6463035969867127,0.744717624419779,,,EXPLOIT
709,56,,,0,1,1,0,common,0.0,0.3847335255364579,0.4923351181061697,0.5277411399712362,0.0,0.6167129487152803,0.7165579921557375,,,EXPLOIT
710,56,,,0,1,1,0,common,1.0,0.7499232084013023,0.6230660841202917,0.594395760500256,0.0,0.5821006253505977,0.6818101659069709,,,EXPLOIT
711,56,,,0,0,0,1,common,0.0,0.1122095562317966,0.4177879083279278,0.44973989921971813,0.0,0.5410720634207384,0.6378583185544499,,,EXPLORE
712,56,,,0,1,0,0,rare,1.0,0.3765772060517616,0.38554819283537134,0.4277910912693311,0.0,0.5627844631918648,0.6602957034685711,,,EXPLOIT
713,56,,,0,1,1,1,common,1.0,0.6516841318986699,0.26124812859314184,0.49495900345813276,0.0,0.5823465249209169,0.6799282341614732,,,EXPLOIT
714,56,,,0,1,0,0,rare,1.0,0.24477518393364506,0.19688977777648342,0.4199038576007864,0.0,0.6000617695459702,0.6972500916124588,,,EXPLOIT
715,56,,,0,1,1,1,common,0.0,0.5764053142658645,0.1622627797373755,0.4668542946003098,0.0,0.6161791626189238,0.7126458054430374,,,EXPLOIT
716,56,,,0,0,0,0,common,1.0,0.15910386955686928,0.36528191346435024,0.3745291670872776,0.0,0.6309048445763287,0.7264190680750687,,,EXPLOIT
717,56,,,0,0,0,0,common,1.0,0.10341751521196507,0.6360072927054621,0.29319567152468384,0.0,0.6444109591661483,0.7388129164420618,,,EXPLOIT
718,56,,,0,0,1,1,rare,0.0,0.37466345427281195,0.6903033505794449,0.31763600634912226,0.0,0.6568423843713701,0.750024154994557,,,EXPLOIT
719,56,,,0,1,1,1,common,1.0,0.7564687547226723,0.6357507563459945,0.44928583086118723,0.0,0.6683219250772255,0.7602138500408595,,,EXPLOIT
720,56,,,0,1,1,1,common,1.0,0.49170469056973687,0.5190249937234505,0.4620114887737521,0.0,0.6789543625709616,0.7695150896840514,,,EXPLOIT
721,56,,,0,1,1,1,common,1.0,0.319608048870329,0.43165569507182555,0.41929045680272514,0.0,0.6888296440957579,0.7780388059822041,,,EXPLOIT
722,56,,,0,1,0,0,rare,0.0,0.9327786151122227,0.3760451615958712,0.5733369042955744,0.0,0.6980254182289332,0.7858782013165818,,,EXPLOIT
723,56,,,0,1,0,0,rare,0.0,0.6063060998229448,0.633089215823847,0.5832276629537855,0.0,0.6762100126105574,0.7660017769425858,,,EXPLOIT
724,56,,,0,0,0,1,common,0.0,0.07293621155066779,0.6921994810574483,0.43014022753285014,0.0,0.6512687172292255,0.7423212610953632,,,EXPLOIT
725,56,,,0,1,1,1,common,0.0,0.7922547682342861,0.6668515837630099,0.538774589743281,0.0,0.6631706063409655,0.7532078868656733,,,EXPLOIT
726,56,,,0,0,0,0,common,1.0,0.6059010351150859,0.692746558112681,0.5589125233548224,0.0,0.6362543033059526,0.7268859042192943,,,EXPLOIT
727,56,,,0,0,0,0,common,0.0,0.6061643271751942,0.5624894505690476,0.573088064500934,0.0,0.6050056345258865,0.6946433118127207,,,EXPLORE
728,56,,,0,1,1,1,common,1.0,0.4850344006477141,0.6759032815660126,0.546671965344968,0.0,0.5682890832267232,0.6542316963469161,,,EXPLORE
729,56,,,0,1,1,1,common,1.0,0.31527236042101414,0.6375512364805243,0.4772520838677818,0.0,0.5245343186248382,0.6020991640078985,,,EXPLORE
730,56,,,0,1,0,0,rare,1.0,0.6059931873361237,0.5026673985181148,0.5158744149082843,0.0,0.5479550128698831,0.6293629219039933,,,EXPLOIT
731,56,,,0,0,1,0,rare,0.0,0.5125499145391534,0.4029797762199806,0.514877064797545,0.0,0.5000118780627024,0.5691654335399655,,,EXPLORE
732,56,,,0,0,0,0,common,1.0,0.39389557176848045,0.3061866518927694,0.4785826168888256,0.0,0.4413554623793555,0.48661760027846646,,,EXPLORE
733,56,,,0,0,0,0,common,1.0,0.2560321216495123,0.5410528651911606,0.4118174683170316,0.0,0.47427815663894146,0.5323578236801827,,,EXPLOIT
734,56,,,0,0,0,1,common,0.0,0.04740853750793406,0.6641726336467855,0.3024947890743023,0.0,0.5032598824013507,0.5702627374800029,,,EXPLOIT
735,56,,,0,1,1,1,common,0.0,0.7950729657263408,0.4915312538448474,0.4502682420699138,0.0,0.5289670766345943,0.6021853078827758,,,EXPLOIT
736,56,,,0,0,0,0,common,1.0,0.16642087907218295,0.680696117087285,0.3651140331705945,0.0,0.5519239314107968,0.6294369190448619,,,EXPLORE
737,56,,,0,0,0,0,common,1.0,0.10817357139691897,0.665947625977886,0.2880318946384918,0.0,0.5725484225404444,0.6529717655640163,,,EXPLOIT
738,56,,,0,0,0,0,common,1.0,0.07031282140799733,0.5847821951307639,0.22271617266934346,0.0,0.5911779155334956,0.6735007117087692,,,EXPLOIT
739,56,,,0,0,0,0,common,1.0,0.04570333391519821,0.5148525054420486,0.16961232104309987,0.0,0.6080877047714506,0.6915642077815846,,,EXPLOIT
740,56,,,0,0,0,0,common,1.0,0.029707167044878857,0.4665562898541413,0.12764077484363356,0.0,0.6235046611921274,0.7075804689141524,,,EXPLOIT
741,56,,,0,1,1,0,common,0.0,0.33315744445044976,0.43502722378267134,0.1892957757256784,0.0,0.637617430763521,0.72187818349424,,,EXPLOIT
742,56,,,0,1,1,1,common,0.0,0.5167974277221214,0.28651066501792066,0.2875462713246113,0.0,0.6505841596543923,0.734719252336674,,,EXPLOIT
743,56,,,0,0,0,1,common,1.0,0.9691844506198428,0.20942751700823659,0.4920377251131807,0.0,0.6625384187031397,0.7463149321948793,,,EXPLOIT
744,56,,,0,0,0,0,common,1.0,0.01930965857917122,0.19637791046358075,0.35021930515297783,0.0,0.6735937985634196,0.7568375126600636,,,EXPLOIT
745,56,,,0,0,0,0,common,0.0,0.9874487219235387,0.18824888719635424,0.5413881301841461,0.0,0.6838475109657285,0.7664289046931556,,,EXPLOIT
746,56,,,0,0,1,1,rare,0.0,0.33591832801937893,0.4396838470709732,0.47974718953471596,0.0,0.6600258730738235,0.7428339495619857,,,EXPLOIT
747,56,,,0,0,1,0,rare,0.0,0.21655233889279235,0.6236270470572407,0.40078873434213885,0.0,0.671267421564425,0.753673514672213,,,EXPLOIT
748,56,,,0,0,0,0,common,1.0,0.3581583307496998,0.6882592920365405,0.38799961326440713,0.0,0.6816874575089067,0.7635406243694995,,,EXPLOIT
749,56,,,0,0,0,0,common,0.0,0.7671970850126951,0.5358259620450444,0.5017588547888935,0.0,0.6913723866140271,0.772560088156152,,,EXPLOIT
750,56,,,0,0,1,1,rare,0.0,0.2183469132125963,0.6638492849695334,0.4167352723160043,0.0,0.6686272078348501,0.7501747545732003,,,EXPLOIT
751,56,,,0,1,1,1,common,1.0,0.8580745064118124,0.6931191914579922,0.5491370425447467,0.0,0.6792375370900615,0.7603510405998662,,,EXPLOIT
752,56,,,0,1,1,1,common,1.0,0.5577484291676781,0.5660346602990267,0.5517204585316261,0.0,0.6547433496189191,0.7355226660028238,,,EXPLOIT
753,56,,,0,1,1,1,common,0.0,0.6374635210410092,0.4099118196170717,0.577443377284441,0.0,0.6265078011845306,0.7052957115321123,,,EXPLOIT
754,56,,,0,0,0,1,common,1.0,0.6299698929028978,0.6093893040709293,0.593201331969978,0.0,0.5936045999923585,0.6676967630074772,,,EXPLOIT
755,56,,,0,1,1,0,common,0.0,0.14075902028031503,0.686305871053186,0.4574686384630791,0.0,0.5547741734288556,0.619657125311479,,,EXPLORE
756,56,,,0,1,1,1,common,1.0,0.585648711323344,0.6114706867923285,0.4959226603211585,0.0,0.5751172848248579,0.6444968431937298,,,EXPLOIT
757,56,,,0,0,0,1,common,0.0,0.5905195696131164,0.6899503548186563,0.5243017331087458,0.0,0.5935049863518922,0.6660862575716443,,,EXPLORE
758,56,,,0,1,0,1,rare,0.0,0.38383772024852564,0.610119930728439,0.48216252925067976,0.0,0.5546558076548015,0.6175670636575263,,,EXPLORE
759,56,,,0,1,1,1,common,1.0,0.3806716623601736,0.6917940221476573,0.4517152691835279,0.0,0.5750105681242572,0.6426898666548941,,,EXPLOIT
760,56,,,0,1,0,0,rare,1.0,0.5013218947417482,0.5785814030094734,0.46659725685099396,0.0,0.5934082846455174,0.6645085932374275,,,EXPLOIT
761,56,,,0,1,1,1,common,1.0,0.24743658053411277,0.44986069866323103,0.40084905395592957,0.0,0.6101174510244779,0.6836339329152058,,,EXPLOIT
762,56,,,0,1,0,0,rare,1.0,0.32585923158213626,0.36557992510006776,0.37835210724379154,0.0,0.6253595952508528,0.7005348120227587,,,EXPLOIT
763,56,,,0,1,0,1,rare,0.0,0.24949451816154167,0.31476323300600056,0.33969483051911653,0.0,0.6393191185209973,0.7155772728936546,,,EXPLOIT
764,56,,,0,0,0,0,common,1.0,0.21180850052838862,0.5796208097133492,0.30132893152189816,0.0,0.6521507602764496,0.729051223034631,,,EXPLOIT
765,56,,,0,0,0,0,common,1.0,0.13767552534345262,0.6926602021806234,0.2522329096683645,0.0,0.6639853316912914,0.7411892512723373,,,EXPLOIT
766,56,,,0,0,0,0,common,0.0,0.9105109085267558,0.6560137369070429,0.44971630932588186,0.0,0.6749341687493873,0.7521801264133092,,,EXPLOIT
767,56,,,0,0,0,0,common,0.0,0.5918320905423913,0.6692205274000187,0.49235104369083466,0.0,0.6850926265404662,0.7621786527454595,,,EXPLOIT
768,56,,,0,1,1,1,common,1.0,0.1608337773471733,0.5637408489289676,0.3928958637877362,0.0,0.6945428472703378,0.7713129801313775,,,EXPLOIT
769,56,,,0,1,0,0,rare,1.0,0.6153091411474456,0.43307535978065015,0.459619846995649,0.0,0.7033559722059473,0.7796901040190523,,,EXPLOIT
770,56,,,0,1,1,1,common,0.0,0.8954580447243373,0.3496825055696558,0.5903713063142555,0.0,0.7115939236589288,0.7874000575480338,,,EXPLOIT
771,56,,,0,1,0,0,rare,1.0,0.3999509417458398,0.5962325457982169,0.5332451969437307,0.0,0.6916112074184738,0.7678000657772159,,,EXPLOIT
772,56,,,0,1,0,0,rare,1.0,0.25996811213479587,0.45695676786217965,0.45126207150105024,0.0,0.6688997604331448,0.7444786368446462,,,EXPLOIT
773,56,,,0,1,0,0,rare,1.0,0.16897927288761738,0.36412821363574543,0.36657723191702035,0.0,0.6794903701152786,0.7551678813648468,,,EXPLOIT
774,56,,,0,0,0,0,common,1.0,0.10983652737695127,0.30858164723076675,0.2895550205549996,0.0,0.689328182152803,0.764904309420435,,,EXPLOIT
775,56,,,0,0,0,0,common,1.0,0.07139374279501831,0.518605549246232,0.22410663722700522,0.0,0.6984902600252134,0.773809452758351,,,EXPLOIT
776,56,,,0,0,0,0,common,0.0,0.9535940671832381,0.6403471687712097,0.4429528662138751,0.0,0.7070434960972202,0.7819850178422142,,,EXPLOIT
777,56,,,0,1,1,1,common,0.0,0.5820477290708193,0.44047471239008307,0.4846813250709583,0.0,0.715046236057407,0.7895167700435772,,,EXPLOIT
778,56,,,0,0,1,1,rare,1.0,0.6216689761039675,0.6701312653637217,0.5257776203808611,0.0,0.7225496016647448,0.7964775390726829,,,EXPLOIT
779,56,,,0,0,0,0,common,1.0,0.3801638563308951,0.6801559942541311,0.48209349116587125,0.0,0.7039848405273135,0.7784830863446751,,,EXPLOIT
780,56,,,0,0,1,1,rare,1.0,0.4040848344675789,0.6160840630070881,0.45869089415638353,0.0,0.7121824515191427,0.7862875553397558,,,EXPLOIT
781,56,,,0,0,1,1,rare,0.0,0.7373448575960737,0.5541294998752404,0.5422870831882906,0.0,0.7198627725502118,0.7934905259535255,,,EXPLOIT
782,56,,,0,0,0,0,common,1.0,0.24710650661508182,0.6927892400561059,0.4537329102163279,0.0,0.7009553538585832,0.7749759239342193,,,EXPLOIT
783,56,,,0,0,1,1,rare,1.0,0.520725842562552,0.6538762417785944,0.4738307899201951,0.0,0.7093481594384095,0.7830581063261055,,,EXPLOIT
784,56,,,0,0,1,0,rare,0.0,0.09149336318220477,0.5864202071717065,0.35912956189879797,0.0,0.7172055300537151,0.7905072086157868,,,EXPLOIT
785,56,,,0,0,0,0,common,1.0,0.1606192292998032,0.6900624300683853,0.29957646211909955,0.0,0.7245767596546279,0.7973944766750886,,,EXPLOIT
786,56,,,0,1,1,1,common,0.0,0.6615282023343412,0.6623258155467963,0.408161984183672,0.0,0.7315052718194697,0.8037808526393309,,,EXPLOIT
787,56,,,0,0,0,0,common,0.0,0.8955975009551279,0.5199190598576993,0.5543926392151088,0.0,0.7380294683716973,0.80971877260694,,,EXPLOIT
788,56,,,0,0,0,0,common,1.0,0.41786162437916685,0.679887970611289,0.5134333347643263,0.0,0.7213748148215271,0.7939344771656901,,,EXPLOIT
789,56,,,0,0,0,1,common,1.0,0.8378285631949979,0.5625712527084228,0.6107519032935277,0.0,0.7026606364951764,0.7754976889159866,,,EXPLOIT
790,56,,,0,0,0,0,common,1.0,0.2716100558464585,0.4531855313298163,0.509009349059407,0.0,0.6814808730779652,0.7536796660970915,,,EXPLOIT
791,56,,,0,0,0,0,common,1.0,0.176546536300198,0.3816906082124956,0.40927050523164427,0.0,0.6573152097365367,0.727457804536208,,,EXPLOIT
792,56,,,0,0,0,0,common,1.0,0.11475524859512876,0.33767873028775375,0.3209159282406896,0.0,0.6687592538072595,0.7397503980713462,,,EXPLOIT
793,56,,,0,0,0,0,common,0.0,0.9254090884131663,0.31057125511888944,0.5022638762924325,0.0,0.6793600271803435,0.7508744556162942,,,EXPLOIT
794,56,,,0,0,1,1,rare,0.0,0.4299933315173218,0.5898125217819709,0.4805827128598993,0.0,0.6548838386110525,0.7240541955033588,,,EXPLOIT
795,56,,,0,0,1,1,rare,1.0,0.7205043345137409,0.6916665296963963,0.5525591993560517,0.0,0.6665109674082733,0.7366800246612953,,,EXPLOIT
796,56,,,0,0,1,1,rare,1.0,0.4683278174339316,0.5909127676426374,0.5272897847794157,0.0,0.6401082598362965,0.7067177232337546,,,EXPLOIT
797,56,,,0,1,1,1,common,1.0,0.3044130813320556,0.4738901061712095,0.46042677374520763,0.0,0.6095011850591087,0.6694856830856418,,,EXPLOIT
798,56,,,0,1,1,1,common,1.0,0.19786850286583613,0.6471922669654906,0.3816592924813962,0.0,0.6247963058481948,0.6880198045792941,,,EXPLOIT
799,56,,,0,1,0,0,rare,1.0,0.3984840925314419,0.6928825530217445,0.38670673249640986,0.0,0.6388022820220056,0.704428694207185,,,EXPLOIT
800,56,,,0,1,1,1,common,1.0,0.1286145268627935,0.6799082261556798,0.3092790708063249,0.0,0.6516748817566799,0.71905736972207,,,EXPLOIT
801,56,,,0,1,0,0,rare,0.0,0.7409853398545627,0.6540628394278604,0.43879095152079617,0.0,0.6635457498943217,0.7321800012609057,,,EXPLOIT
802,56,,,0,1,1,1,common,0.0,0.9164005575391843,0.6397849448318282,0.5820738333263126,0.0,0.6745269037795136,0.7440172086282927,,,EXPLOIT
803,56,,,0,1,1,1,common,0.0,0.5956603624004697,0.4797379254165267,0.5861497920485597,0.0,0.6493351824632859,0.7157029330910539,,,EXPLOIT
804,56,,,0,1,1,0,common,0.0,0.0594706860684331,0.3645262470005475,0.4281460602545217,0.0,0.6202352055735846,0.6807430258838905,,,EXPLOIT
805,56,,,0,0,0,0,common,1.0,0.5183595290945342,0.2966364740403977,0.4552101009065254,0.0,0.6346200052435279,0.6979719057875913,,,EXPLOIT
806,56,,,0,0,0,0,common,1.0,0.33693369391144723,0.23467338823347,0.4197271788080019,0.0,0.64782630718,0.7132896634930237,,,EXPLOIT
807,56,,,0,0,0,0,common,0.0,0.7809930989575593,0.19985346297289866,0.5281069548528691,0.0,0.659992647494269,0.7269969216465427,,,EXPLOIT
808,56,,,0,0,0,0,common,1.0,0.49235448567758644,0.4334979959440961,0.5173812141002843,0.0,0.632582811996156,0.6947806951713644,,,EXPLOIT
809,56,,,0,0,0,0,common,1.0,0.3200304156904312,0.310078480090324,0.45817597457732834,0.0,0.6007162707505201,0.6544060781498232,,,EXPLOIT
810,56,,,0,0,0,0,common,1.0,0.20801977019878026,0.24208424352682695,0.38312911326376387,0.0,0.6167759949823227,0.6747580060223587,,,EXPLOIT
811,56,,,0,0,0,0,common,0.0,0.8647871493707928,0.20409651746521282,0.5276265240958725,0.0,0.6314512808946294,0.692675288330294,,,EXPLOIT
812,56,,,0,0,0,0,common,1.0,0.43788835290898465,0.43782663737673866,0.5007050727398061,0.0,0.5993930038249343,0.6517315822825858,,,EXPLOIT
813,56,,,0,0,0,0,common,1.0,0.28462742939084007,0.31251631081737474,0.43588177973511627,0.0,0.5616438167668402,0.5988181211346674,,,EXPLOIT
814,56,,,0,0,0,1,common,0.0,0.45541143392325134,0.24342500819749302,0.44174067599155675,0.0,0.5813162200559285,0.6265463782985365,,,EXPLOIT
815,56,,,0,0,0,0,common,0.0,0.814992170895954,0.47513464472835953,0.5537161244628759,0.0,0.5991265816232224,0.650463504104476,,,EXPLOIT
816,56,,,0,1,0,0,rare,0.0,0.5297449110823701,0.62699122417575,0.5465247604487241,0.0,0.5613279914950079,0.597151419935557,,,EXPLORE
817,56,,,0,1,1,1,common,1.0,0.6128207644396947,0.587131595212799,0.5664135616460152,0.0,0.5161629219822127,0.5255039363834597,,,EXPLORE
818,56,,,0,0,0,1,common,0.0,0.2960174320501134,0.6833655501364129,0.4852947227672446,0.0,0.4612484957576289,0.42410380776811685,,,EXPLORE
819,56,,,0,1,1,0,common,0.0,0.03865594594448152,0.6247844524704015,0.35130308972041563,0.0,0.4917619378034725,0.4816127557403678,,,EXPLORE
820,56,,,0,0,0,0,common,1.0,0.6556658077964594,0.6889909267892993,0.4426119051432288,0.0,0.5187462896144769,0.5282505315148033,,,EXPLOIT
821,56,,,0,1,1,1,common,0.0,0.6016665031141984,0.6009596288762629,0.49032828453451965,0.0,0.5427791795309006,0.5668317006662827,,,EXPLORE
822,56,,,0,1,0,0,rare,1.0,0.42618277506769864,0.5235222377042188,0.47108463169447334,0.0,0.564318699541923,0.5992764225098878,,,EXPLORE
823,56,,,0,0,1,1,rare,1.0,0.608916772975771,0.6911086837719105,0.5124342740788627,0.0,0.5837328058246932,0.6269395805544691,,,EXPLOIT
824,56,,,0,0,0,0,common,1.0,0.2770188037940041,0.6134295648464484,0.4418096329934051,0.0,0.5430201176514468,0.5659205319218069,,,EXPLORE
825,56,,,0,0,0,0,common,1.0,0.1800622224661027,0.5213847222922733,0.36328540983521435,0.0,0.5645352900991073,0.598504571282658,,,EXPLOIT
826,56,,,0,0,1,1,rare,1.0,0.3957959024342511,0.4551600136226794,0.3730385576149254,0.0,0.5839285518387982,0.626277407017886,,,EXPLOIT
827,56,,,0,0,0,0,common,1.0,0.11704044460296681,0.4121549349876107,0.29623912371133776,0.0,0.6014982120406447,0.6502302497008786,,,EXPLOIT
828,56,,,0,0,0,0,common,1.0,0.07607628899192842,0.38480637937723067,0.23019027329551495,0.0,0.6174891663501728,0.6710995266209681,,,EXPLOIT
829,56,,,0,0,1,1,rare,1.0,0.2572673365822632,0.3674129996742785,0.23831339228153942,0.0,0.6321043395946345,0.6894438015778335,,,EXPLOIT
830,56,,,0,0,0,0,common,1.0,0.049449587844753506,0.3562983285334363,0.18165425095050364,0.0,0.6455133077207698,0.7056944147107287,,,EXPLOIT
831,56,,,0,0,0,0,common,1.0,0.03214223209908973,0.3491614807131843,0.13680064529507946,0.0,0.6578588781956723,0.7201897531221858,,,EXPLOIT
832,56,,,0,0,1,1,rare,1.0,0.16722376877847112,0.34456131897090214,0.14592758234009695,0.0,0.6692621714296917,0.7331990099111392,,,EXPLOIT
833,56,,,0,1,1,1,common,1.0,0.1086954497060062,0.34158804986848657,0.13475794254986972,0.0,0.6798265870186787,0.7449390101824029,,,EXPLOIT
834,56,,,0,1,0,0,rare,1.0,0.020892450864408274,0.5050759219215554,0.10059829504423128,0.0,0.6896409302603549,0.7555863548450641,,,EXPLOIT
835,56,,,0,0,0,0,common,1.0,0.013580093061865361,0.605357644485915,0.0744928344495215,0.0,0.6987818992914729,0.7652863349091853,,,EXPLOIT
836,56,,,0,0,0,0,common,1.0,0.008827060490212535,0.6036236539135724,0.05479310226172881,0.0,0.7073160803645847,0.7741595757442031,,,EXPLOIT
837,56,,,0,0,0,0,common,0.0,0.9942624106813619,0.6024902594980728,0.33663389478761874,0.0,0.7153015611263202,0.7823070582542305,,,EXPLOIT
838,56,,,0,0,0,0,common,1.0,0.3537294330571148,0.6625595534850189,0.3417625562684675,0.0,0.7227892445819852,0.7898139614484134,,,EXPLOIT
839,56,,,0,0,0,0,common,0.0,0.7700758685128754,0.6931350837366247,0.47025654994178984,0.0,0.7298239265906306,0.7967526370137012,,,EXPLOIT
840,56,,,0,0,0,0,common,0.0,0.500549314533369,0.5641792554755471,0.47934437931926355,0.0,0.7364451850940948,0.8031849363408957,,,EXPLOIT
841,56,,,0,0,1,1,rare,0.0,0.929347957691096,0.41016951214930314,0.6143454528308132,0.0,0.7426881183714507,0.8091640487074102,,,EXPLOIT
842,56,,,0,1,1,1,common,1.0,0.3959238275007876,0.3151826307676212,0.5488189652318055,0.0,0.72658703167324,0.7932902750035513,,,EXPLOIT
843,56,,,0,1,1,1,common,1.0,0.25735048787551196,0.257397466424186,0.4613784220249174,0.0,0.7085309731622911,0.7747405160728846,,,EXPLOIT
844,56,,,0,0,0,1,common,1.0,0.8075886691674263,0.22405819116714876,0.56524149616767,0.0,0.7164397447246813,0.782841503390871,,,EXPLOIT
845,56,,,0,0,1,1,rare,0.0,0.8327221828809173,0.43773431326579626,0.6454857021816442,0.0,0.697090993147587,0.7624072241273516,,,EXPLOIT
846,56,,,0,1,1,1,common,1.0,0.45873058112740384,0.29575801848118477,0.5894591658653721,0.0,0.6751462409469183,0.7379999631466665,,,EXPLOIT
847,56,,,0,1,1,1,common,0.0,0.7018251222671875,0.2714384628064947,0.6231689527859167,0.0,0.650046824313319,0.7083379265107588,,,EXPLOIT
848,56,,,0,1,1,1,common,1.0,0.5438136705263281,0.5473253562057654,0.5993623681080401,0.0,0.621061392080064,0.6715214880264163,,,EXPLOIT
849,56,,,0,1,1,0,common,0.0,0.025126364863912988,0.42660030206005206,0.42709156713480195,0.0,0.5872135938573646,0.6246099383028635,,,EXPLORE
850,56,,,0,1,1,1,common,0.0,0.6465211141578867,0.6396912675032899,0.49292043124172735,0.0,0.6044827596800513,0.6487847554450314,,,EXPLOIT
851,56,,,0,1,1,1,common,1.0,0.5797612757973736,0.693141385964696,0.5189726846084213,0.0,0.6202125097829118,0.669834521977345,,,EXPLOIT
852,56,,,0,1,1,1,common,0.0,0.6231551707317071,0.5915556529421625,0.550227430445407,0.0,0.5862161877026097,0.6224272772803862,,,EXPLORE
853,56,,,0,0,0,0,common,1.0,0.6746429455533101,0.6893392242778791,0.5875520849777779,0.0,0.5459815621076498,0.5598613719400521,,,EXPLORE
854,56,,,0,0,1,0,rare,0.0,0.016332137161543442,0.6222882859669931,0.4161861006329075,0.0,0.4976207782913095,0.4734878297413952,,,EXPLORE
855,56,,,0,0,1,1,rare,1.0,0.5949491390243904,0.6931461460192547,0.4698150121503524,0.0,0.5239507296397229,0.5215994079547949,,,EXPLOIT
856,56,,,0,1,1,0,common,0.0,0.010615889155003238,0.6018765223398115,0.3320552752517476,0.0,0.5474328140082542,0.5612871791271766,,,EXPLORE
857,56,,,0,0,0,0,common,1.0,0.4385179146096516,0.4969445351859543,0.36399406705911874,0.0,0.5685043575128376,0.5945838803234407,,,EXPLOIT
858,56,,,0,0,0,0,common,1.0,0.28503664449627353,0.36891798903204465,0.3403068402902652,0.0,0.5875175044820284,0.6229169171465886,,,EXPLOIT
859,56,,,0,0,0,0,common,0.0,0.8147261810774222,0.2937046240283112,0.48263264252641225,0.0,0.604758993966652,0.647318079004144,,,EXPLOIT
860,56,,,0,0,0,0,common,1.0,0.47042798229967553,0.5397283139175265,0.47897124445839123,0.0,0.6204646709619184,0.6685517177307646,,,EXPLOIT
861,56,,,0,0,0,1,common,0.0,0.4750673650411729,0.3961448434126371,0.47780008063322565,0.0,0.6348302983197689,0.687196123548992,,,EXPLOIT
862,56,,,0,0,0,0,common,1.0,0.3057781884947891,0.6053346663694913,0.42619351299169467,0.0,0.6480197247419195,0.7036968922218809,,,EXPLOIT
863,56,,,0,0,0,0,common,0.0,0.801244177478387,0.4431855887211703,0.5387087123377023,0.0,0.6601711336092823,0.7184029202949773,,,EXPLOIT
864,56,,,0,1,1,1,common,1.0,0.3867169403658538,0.629217636324932,0.49311118074614774,0.0,0.632789143734526,0.6841102521391375,,,EXPLOIT
865,56,,,0,1,1,1,common,1.0,0.251366011237805,0.6795244316661746,0.4205876298936449,0.0,0.646142798494347,0.700957370991266,,,EXPLOIT
866,56,,,0,1,1,1,common,0.0,0.8366120926954268,0.5764498722249295,0.5453949687341795,0.0,0.6584394681873802,0.715954666924242,,,EXPLOIT
867,56,,,0,1,1,1,common,0.0,0.5437978602520275,0.6923103385179084,0.5449158361895339,0.0,0.6307866825731118,0.6810572719459279,,,EXPLOIT
868,56,,,0,0,0,0,common,1.0,0.4791912846390485,0.6587572823822181,0.5251984707243882,0.0,0.598615502217159,0.6368925263288976,,,EXPLORE
869,56,,,0,1,1,1,common,0.0,0.35346860916381784,0.5091410241166872,0.4736795122562171,0.0,0.560722043916271,0.5792070199555928,,,EXPLORE
870,56,,,0,0,0,0,common,1.0,0.31147433501538146,0.419973676416463,0.4250179590839664,0.0,0.5804838290043881,0.609786682010926,,,EXPLOIT
871,56,,,0,0,0,0,common,0.0,0.7975416822400021,0.30983310248641593,0.536775076030777,0.0,0.5983712114196721,0.6359762935908029,,,EXPLOIT
872,56,,,0,0,1,1,rare,1.0,0.7702454040435184,0.5370070148070651,0.6068161744345993,0.0,0.560432361594339,0.5779883979340358,,,EXPLORE
873,56,,,0,0,1,1,rare,1.0,0.5006595126282869,0.3797003872834305,0.5749691758927056,0.0,0.5150840653236982,0.4989746686559484,,,EXPLORE
874,56,,,0,1,0,0,rare,0.0,0.5184020934560014,0.2872224047007276,0.5579990511616943,0.0,0.45992392007695,0.38497418014512147,,,EXPLORE
875,56,,,0,1,1,1,common,0.0,0.6745713167916134,0.24217455022340315,0.59297073085067,0.0,0.3913850827535456,0.20615296055469187,,,EXPLORE
876,56,,,0,1,0,0,rare,1.0,0.6630386392535991,0.21578501019108828,0.6139911033715487,0.0,0.30393348998973735,0.09090909090909093,,,EXPLORE
877,56,,,0,1,1,1,common,0.0,0.4384713559145488,0.4672437257464841,0.5613351791344487,0.0,0.18849472472153264,0.09090909090909093,,,EXPLORE
878,56,,,0,0,1,0,rare,0.0,0.006900327950752105,0.3453740459286371,0.39500472377933976,0.0,0.09090909090909093,0.09090909090909093,,,EXPLORE
879,56,,,0,0,0,0,common,1.0,0.43097511551483936,0.5826597531947681,0.4057958412999896,0.0,0.17965545529122232,0.23017705927636645,,,EXPLORE
880,56,,,0,1,1,0,common,1.0,0.9955147868320111,0.43403096594759727,0.582711524959596,0.0,0.25195053896963665,0.33155527035247095,,,EXPLORE
881,56,,,0,1,1,1,common,1.0,0.7149936186555432,0.6432195988267095,0.6223961530683801,0.0,0.117731574948835,0.11586571025734585,,,EXPLORE
882,56,,,0,0,1,0,rare,0.0,0.35291538855919274,0.6930733497210513,0.5415519237156239,0.0,0.09090909090909093,0.09090909090909093,,,EXPLORE
883,56,,,0,0,0,0,common,1.0,0.28013382508464557,0.5864089798640391,0.4631264941263304,0.0,0.09090909090909093,0.09090909090909093,,,EXPLORE
884,56,,,0,0,0,0,common,1.0,0.18208698630501963,0.6882363431393015,0.3788146417799372,0.0,0.17965545529122232,0.23017705927636645,,,EXPLORE
885,56,,,0,0,0,0,common,0.0,0.8816434589017372,0.6814161093984341,0.5296632869164772,0.0,0.25195053896963665,0.33155527035247095,,,EXPLORE
886,56,,,0,1,1,0,common,1.0,0.7706049974365248,0.6254518997447129,0.6019458000724915,0.0,0.117731574948835,0.11586571025734585,,,EXPLORE
887,56,,,0,1,0,0,rare,0.0,0.5730682482861292,0.5411179526604358,0.5932825345365829,0.0,0.09090909090909093,0.09090909090909093,,,EXPLORE
888,56,,,0,0,0,1,common,1.0,0.6912062127232376,0.6922670121369547,0.6226596379925793,0.0,0.09090909090909093,0.09090909090909093,,,EXPLORE
889,56,,,0,1,1,0,common,1.0,0.500893248333741,0.6472832337396774,0.5861297210949278,0.0,0.09090909090909093,0.09090909090909093,,,EXPLORE
890,56,,,0,1,1,0,common,1.0,0.32558061141693173,0.692775120142257,0.5079649881915289,0.0,0.09090909090909093,0.09090909090909093,,,EXPLORE
891,56,,,0,1,1,0,common,0.0,0.7883726025789943,0.6636456021374584,0.5920872725077685,0.0,0.09090909090909093,0.09090909090909093,,,EXPLORE
892,56,,,0,0,0,0,common,1.0,0.627505638614016,0.6470647214401082,0.6027127823396428,0.0,0.09090909090909093,0.09090909090909093,,,EXPLORE
893,56,,,0,0,0,1,common,0.0,0.5507159617298956,0.5662681145286526,0.5871137361567186,0.0,0.09090909090909093,0.09090909090909093,,,EXPLORE
894,56,,,0,1,1,1,common,1.0,0.4647458521261032,0.6930807449790705,0.550403370947534,0.0,0.09090909090909093,0.09090909090909093,,,EXPLORE
895,56,,,0,0,0,1,common,0.0,0.35796537512443216,0.6357085548740786,0.49267197220060344,0.0,0.09090909090909093,0.09090909090909093,,,EXPLORE
896,56,,,0,0,1,1,rare,0.0,0.6979151961180329,0.4940281540199417,0.5542449393758323,0.0,0.17965545529122232,0.23017705927636645,,,EXPLORE
897,56,,,0,1,1,1,common,1.0,0.5463551225232786,0.3907320334029558,0.5518779943200661,0.0,0.09090909090909093,0.09090909090909093,,,EXPLORE
898,56,,,0,0,0,1,common,0.0,0.2326774938308809,0.3013822499433128,0.4561178441733105,0.0,0.09090909090909093,0.09090909090909093,,,EXPLORE
899,56,,,0,0,0,0,common,1.0,0.4078786650991104,0.24765754018270855,0.44164609045105047,0.0,0.17965545529122232,0.23017705927636645,,,EXPLORE
900,56,,,0,0,1,1,rare,1.0,0.3551308296401311,0.4930642723199738,0.4156915122077746,0.0,0.25195053896963665,0.33155527035247095,,,EXPLORE
901,56,,,0,1,1,0,common,1.0,0.4875578083236536,0.6448531411311258,0.43725140104253835,0.0,0.31197800201026266,0.40865139461585376,,,EXPLORE
902,56,,,0,0,0,0,common,1.0,0.2651211323144218,0.5970956105258195,0.38561232042410337,0.0,0.3626137856372424,0.46925370836719743,,,EXPLORE
903,56,,,0,0,1,1,rare,1.0,0.23083503926608517,0.6721527743523925,0.3391791360766979,0.0,0.4059000327452924,0.5181414926281387,,,EXPLORE
904,56,,,0,0,0,0,common,1.0,0.17232873600437415,0.692270629358313,0.28912401605500077,0.0,0.4433268371345312,0.5584101936095955,,,EXPLORE
905,56,,,0,0,1,1,rare,1.0,0.15004277552295542,0.6910066027325809,0.24739964389538716,0.0,0.4760069778008542,0.5921529537657815,,,EXPLOIT
906,56,,,0,0,1,1,rare,1.0,0.09752780408992101,0.6840767555183389,0.2024380919537473,0.0,0.5047882362938754,0.6208359130085537,,,EXPLOIT
907,56,,,0,0,0,1,common,0.0,0.1512403709900726,0.6770879465954216,0.18707877566464487,0.0,0.5303278475182935,0.6455166258956538,,,EXPLOIT
908,56,,,0,1,0,0,rare,1.0,0.11201367840284315,0.5861789523524731,0.16455924648610434,0.0,0.5531431856165939,0.6669771225069359,,,EXPLOIT
909,56,,,0,1,1,1,common,1.0,0.06339307265844862,0.548458360836179,0.13420939433780762,0.0,0.5736470880232013,0.6858081495669813,,,EXPLOIT
910,56,,,0,1,1,0,common,0.0,0.6830874245896251,0.5225540133982002,0.29887280341335287,0.0,0.5921729883276855,0.7024642847715783,,,EXPLOIT
911,56,,,0,1,1,0,common,0.0,0.44400682598325636,0.6929854201422305,0.3424130101843239,0.0,0.6089931308257707,0.7173010333450142,,,EXPLOIT
912,56,,,0,0,0,0,common,1.0,0.07280889096184806,0.6022141247137134,0.26153177441758113,0.0,0.6243319910980096,0.7306004237646555,,,EXPLOIT
913,56,,,0,0,0,0,common,1.0,0.047325779125201195,0.49215858460137585,0.19726997582986713,0.0,0.6383763127966292,0.7425890580670904,,,EXPLOIT
914,56,,,0,0,0,0,common,1.0,0.030761756431380793,0.41560165144542205,0.1473175100103212,0.0,0.6512827158657106,0.7534510902583895,,,EXPLOIT
915,56,,,0,0,0,0,common,0.0,0.9800048583196025,0.36743047553677366,0.3971237145031056,0.0,0.6631835351894628,0.763337721105509,,,EXPLOIT
916,56,,,0,0,1,1,rare,1.0,0.041205497227991605,0.6299003590250103,0.29034824932057135,0.0,0.6741913519251206,0.7723742534998811,,,EXPLOIT
917,56,,,0,0,1,1,rare,1.0,0.026783573198194577,0.5151628083318197,0.2112788464838583,0.0,0.6844025467383026,0.7806654095703525,,,EXPLOIT
918,56,,,0,0,0,0,common,1.0,0.36299684209225835,0.4305461375299453,0.25679424516637833,0.0,0.6939001126991532,0.7882993894728533,,,EXPLOIT
919,56,,,0,0,0,0,common,1.0,0.23594794735996794,0.37672764378798795,0.2505403558244552,0.0,0.7027559017630366,0.7953510060940612,,,EXPLOIT
920,56,,,0,0,1,1,rare,0.0,0.9825906774211736,0.34328186418807366,0.47015545230347067,0.0,0.7110324335798719,0.8018841321522703,,,EXPLOIT
921,56,,,0,0,0,0,common,1.0,0.1533661657839791,0.617250463763463,0.3751186663476232,0.0,0.7187843629845116,0.807953629454032,,,EXPLOIT
922,56,,,0,0,0,0,common,1.0,0.09968800775958642,0.5043057254230836,0.2924894687712122,0.0,0.7260596790176933,0.8136068837988685,,,EXPLOIT
923,56,,,0,0,0,0,common,1.0,0.06479720504373121,0.4234514283722117,0.22418178965296787,0.0,0.7329006910829777,0.8188850364764139,,,EXPLOIT
924,56,,,0,0,1,1,rare,1.0,0.36131605967623714,0.37231094801254705,0.2653220706599486,0.0,0.7393448450610686,0.8238239800953084,,,EXPLOIT
925,56,,,0,0,0,0,common,0.0,0.9578818167215747,0.34053304322477784,0.4730899944784364,0.0,0.7454254026330255,0.8284551697332807,,,EXPLOIT
926,56,,,0,0,1,1,rare,1.0,0.23485543878955417,0.6157264946289556,0.40161962777177174,0.0,0.7511720098346687,0.8328062881677234,,,EXPLOIT
927,56,,,0,0,0,0,common,1.0,0.3773768191309764,0.5030408261872448,0.3943467851795331,0.0,0.7566111753566471,0.8369017949200293,,,EXPLOIT
928,56,,,0,0,0,0,common,1.0,0.24529493243513467,0.42262993895989454,0.34963122935621355,0.0,0.7617666748745046,0.8407633821186997,,,EXPLOIT
929,56,,,0,0,1,1,rare,0.0,0.8473439647867897,0.37179992848574256,0.49894504998538636,0.0,0.7666598944195828,0.8444103551237022,,,EXPLOIT
930,56,,,0,0,0,0,common,0.0,0.8405582939171624,0.6320522103554145,0.6014290231649191,0.0,0.7713101232502598,0.8478599520117893,,,EXPLOIT
931,56,,,0,0,1,1,rare,1.0,0.4492264228885867,0.6921511324432451,0.5557682430820193,0.0,0.7583961366475944,0.837587522494163,,,EXPLOIT
932,56,,,0,1,1,1,common,1.0,0.29199717487758137,0.6219152536171497,0.4766369226206879,0.0,0.7440895298781603,0.8259534939463327,,,EXPLOIT
933,56,,,0,0,0,0,common,1.0,0.45363710895384446,0.6927261078686406,0.4697369785206349,0.0,0.7499087435452632,0.8304548773257673,,,EXPLOIT
934,56,,,0,0,0,0,common,1.0,0.2948641208199989,0.6617444934734418,0.4172751212104441,0.0,0.7554148118751028,0.8346876142985505,,,EXPLOIT
935,56,,,0,0,0,0,common,0.0,0.8083383214670007,0.6053197612794309,0.534594081287411,0.0,0.7606320926070725,0.8386748620392243,,,EXPLOIT
936,56,,,0,0,0,1,common,0.0,0.09830624114354719,0.6832911352767942,0.40370772924425186,0.0,0.7465719279003857,0.8271891998782425,,,EXPLOIT
937,56,,,0,0,1,0,rare,0.0,0.28860443688911663,0.5749814178978332,0.3691767415377113,0.0,0.7522565619640087,0.8316160588229878,,,EXPLOIT
938,56,,,0,0,0,1,common,0.0,0.06389905674330568,0.46909730761399426,0.2775934360993896,0.0,0.7576385960935753,0.8357807617760867,,,EXPLOIT
939,56,,,0,1,1,1,common,1.0,0.1897981636704279,0.3984323617857347,0.25125485437070105,0.0,0.7627413144926147,0.839705733599277,,,EXPLOIT
940,56,,,0,1,1,1,common,1.0,0.12336880638577818,0.28786320032754603,0.21288903997522418,0.0,0.7675856725355197,0.8434109126316675,,,EXPLOIT
941,56,,,0,1,1,1,common,1.0,0.08018972415075587,0.22753655127909853,0.17307924522788368,0.0,0.7721905808269228,0.846914086038842,,,EXPLOIT
942,56,,,0,1,1,1,common,0.0,0.9478766793020087,0.19372851043461958,0.40551847545012115,0.0,0.7765731486733476,0.8502311723145034,,,EXPLOIT
943,56,,,0,1,0,0,rare,0.0,0.5254199089535505,0.4238974343872699,0.44148890550114994,0.0,0.7807488935756797,0.8533764604022237,,,EXPLOIT
944,56,,,0,1,1,1,common,1.0,0.3838801584536944,0.5981593243417791,0.42420628138691324,0.0,0.7847319221492322,0.8563628130148349,,,EXPLOIT
945,56,,,0,1,0,0,rare,1.0,0.6584770591801922,0.41075409648574385,0.4944875147248969,0.0,0.7885350869167992,0.8592018402530996,,,EXPLOIT
946,56,,,0,1,1,1,common,1.0,0.2495221029949013,0.294644518742881,0.4209978912058982,0.0,0.7921701226468428,0.8619040484651187,,,EXPLOIT
947,56,,,0,1,0,0,rare,0.0,0.571989911532875,0.2312640841057043,0.4662954973039912,0.0,0.7956477652838091,0.8644789683701616,,,EXPLOIT
948,56,,,0,1,1,1,common,1.0,0.16218936694668584,0.46083594496633984,0.3750636581967996,0.0,0.7989778560096485,0.8669352657402548,,,EXPLOIT
949,56,,,0,1,1,0,common,0.0,0.1875928839779258,0.3227271532835002,0.31882242593113747,0.0,0.8021694325610024,0.8692808373483273,,,EXPLOIT
950,56,,,0,1,0,0,rare,1.0,0.6282065575036312,0.5348714165211783,0.4116376654028856,0.0,0.8052308095865545,0.871522894421382,,,EXPLOIT
951,56,,,0,1,1,1,common,1.0,0.10542308851534576,0.3670944646056185,0.31977329233662366,0.0,0.8081696495490722,0.8736680354567311,,,EXPLOIT
952,56,,,0,1,1,1,common,0.0,0.9314749924650253,0.27074313994667976,0.5032838023751441,0.0,0.8109930254451719,0.8757223099501412,,,EXPLOIT
953,56,,,0,1,1,1,common,1.0,0.3945412548977336,0.4952005353591582,0.47066103813192095,0.0,0.8018978953003528,0.8686980229365582,,,EXPLOIT
954,56,,,0,1,1,1,common,0.0,0.7435481843164731,0.3427485362511632,0.5525271819872866,0.0,0.8049702522784853,0.8709655980548718,,,EXPLOIT
955,56,,,0,1,0,1,rare,0.0,0.04153438688314869,0.5487250781020789,0.3992293434560452,0.0,0.7953398347505126,0.8634322418226054,,,EXPLOIT
956,56,,,0,0,1,1,rare,0.0,0.4833063198057075,0.656795843966844,0.4244524363609439,0.0,0.7986828710551271,0.8659364456833654,,,EXPLOIT
957,56,,,0,0,1,1,rare,0.0,0.31414910787370987,0.6264200854528538,0.3913614378147736,0.0,0.8018866076476118,0.868326755699617,,,EXPLOIT
958,56,,,0,0,0,0,common,0.0,0.5916657376226397,0.6029338260535116,0.4514527277571334,0.0,0.8049594214483171,0.8706106563410957,,,EXPLOIT
959,56,,,0,0,1,1,rare,1.0,0.7958030798820885,0.5863776746118545,0.5547578333946199,0.0,0.8079090311408351,0.8727949905106717,,,EXPLOIT
960,56,,,0,0,1,1,rare,1.0,0.5172720019233576,0.6768134783839435,0.5435120839532412,0.0,0.7985417706183707,0.8654596127027009,,,EXPLOIT
961,56,,,0,0,0,0,common,1.0,0.6154172705452842,0.5330037472827241,0.5650836399308541,0.0,0.7883226076908838,0.8573137797321331,,,EXPLOIT
962,56,,,0,0,1,1,rare,1.0,0.33622680125018245,0.4072203007884884,0.49642658832665254,0.0,0.7771303843098808,0.8482158084080811,,,EXPLOIT
963,56,,,0,0,0,0,common,1.0,0.40002122585443467,0.3297283243137762,0.46750497958498716,0.0,0.7812801666526582,0.8514649648065293,,,EXPLOIT
964,56,,,0,0,0,0,common,0.0,0.7399862031946174,0.2839718782744268,0.5492493466678762,0.0,0.7852389807248051,0.8545474472870023,,,EXPLOIT
965,56,,,0,0,0,0,common,0.0,0.4809910320765013,0.5475494150916411,0.5287718522904636,0.0,0.7737441438914999,0.8451135632579169,,,EXPLOIT
966,56,,,0,0,1,1,rare,1.0,0.21854742081261858,0.6771430660556708,0.4357045228471101,0.0,0.7610843342188707,0.8344858583721303,,,EXPLOIT
967,56,,,0,0,0,0,common,0.0,0.31264417084972584,0.5335302889247999,0.39878641724789476,0.0,0.7660118982071533,0.8384846505077054,,,EXPLOIT
968,56,,,0,0,0,0,common,1.0,0.7967812889476782,0.6732135227340591,0.5181848787578298,0.0,0.7706939726036076,0.8422575692060501,,,EXPLOIT
969,56,,,0,0,0,0,common,0.0,0.48209216218400913,0.5275312279455697,0.5073570637856836,0.0,0.7577152266856687,0.8312536445476937,,,EXPLOIT
970,56,,,0,0,0,1,common,0.0,0.026997351474046652,0.6714318908551071,0.36324915009219244,0.0,0.7433331277189552,0.8187352811197994,,,EXPLOIT
971,56,,,0,0,0,0,common,0.0,0.31335990541960596,0.6911826672487592,0.3482823766904165,0.0,0.7491936429656783,0.8236837022138994,,,EXPLOIT
972,56,,,0,0,1,1,rare,1.0,0.14205582352820212,0.6650456453149807,0.28641441074175217,0.0,0.7547377534744102,0.8283235037411337,,,EXPLOIT
973,56,,,0,0,0,0,common,1.0,0.7963160614772561,0.6373103678360371,0.4393849059624033,0.0,0.7599901511002375,0.8326824707571568,,,EXPLOIT
974,56,,,0,0,1,1,rare,0.0,0.9076637147066686,0.4867226160876154,0.5798685485856829,0.0,0.7649730239117355,0.8367851503892968,,,EXPLOIT
975,56,,,0,0,0,0,common,1.0,0.5176054399602165,0.6577769897513295,0.561189615998043,0.0,0.7513849364214045,0.8250409924788763,,,EXPLOIT
976,56,,,0,1,1,1,common,1.0,0.4100185854406654,0.5078453076896071,0.5158383068308297,0.0,0.7362910644479669,0.8116217445070867,,,EXPLOIT
977,56,,,0,1,1,1,common,1.0,0.2665120805364325,0.6778898322547318,0.44104043894251044,0.0,0.7194273288502285,0.7961423457151697,,,EXPLOIT
978,56,,,0,1,0,0,rare,0.0,0.6635564640258593,0.6821456028663007,0.5077952464675151,0.0,0.7266637548537221,0.8026184553924836,,,EXPLOIT
979,56,,,0,1,1,1,common,1.0,0.17323285234868113,0.6386864263083103,0.40742652823186487,0.0,0.7086172912172406,0.7856683496146625,,,EXPLOIT
980,56,,,0,1,1,1,common,1.0,0.11260135402664273,0.6922266118944794,0.31897897597029823,0.0,0.7165206259043289,0.7929182098994279,,,EXPLOIT
981,56,,,0,1,0,1,rare,0.0,0.017548278458130326,0.6524045006093809,0.22854976671664784,0.0,0.7239336475636446,0.7996280989979335,,,EXPLOIT
982,56,,,0,0,0,0,common,0.0,0.43131170161680854,0.6635593072324026,0.289378347186696,0.0,0.7309002697865232,0.8058558735474028,,,EXPLOIT
983,56,,,0,0,0,1,common,0.0,0.011406380997784713,0.675515791949796,0.2059867573300226,0.0,0.7374593145238811,0.8116514098709411,,,EXPLOIT
984,56,,,0,0,0,0,common,1.0,0.7196473939490744,0.5926079696821417,0.3600849483157381,0.0,0.7436452292571204,0.8170579340527262,,,EXPLOIT
985,56,,,0,0,0,0,common,1.0,0.46777080606689836,0.6922458951591933,0.3923907056410862,0.0,0.7494886862717475,0.822113094574994,,,EXPLOIT
986,56,,,0,0,1,1,rare,1.0,0.07319088011731778,0.6266270601638767,0.29663075798395566,0.0,0.7550170860423175,0.8268498338323297,,,EXPLOIT
987,56,,,0,0,0,1,common,1.0,0.9925858523514399,0.5429838348962129,0.5054172862942009,0.0,0.7602549821638791,0.8312971011863294,,,EXPLOIT
988,56,,,0,0,1,1,rare,1.0,0.047574072076256524,0.480833659091376,0.36806432202881756,0.0,0.7461534097532033,0.8187849222876173,,,EXPLOIT
989,56,,,0,0,0,0,common,1.0,0.30405102394348393,0.43967115902871245,0.3488603326032174,0.0,0.7518606293554906,0.8237302008207148,,,EXPLOIT
990,56,,,0,0,0,0,common,1.0,0.1976331655632646,0.41316591350319987,0.30349218249123155,0.0,0.7572634873417579,0.828367146885298,,,EXPLOIT
991,56,,,0,0,0,0,common,1.0,0.128461557616122,0.3961740180299966,0.2509829950286987,0.0,0.7623854464572265,0.8327235116034589,,,EXPLOIT
992,56,,,0,0,0,0,common,1.0,0.08350001245047933,0.38526016052268924,0.20073810025523287,0.0,0.7672476185590903,0.8368238130382697,,,EXPLOIT
993,56,,,0,0,1,0,rare,0.0,0.12193537458565178,0.3782290703300862,0.17709728255435853,0.0,0.7718690518673361,0.8406897936970468,,,EXPLOIT
994,56,,,0,0,0,0,common,0.0,0.9457249919071884,0.6553776127458504,0.4076855953602075,0.0,0.7762669771018589,0.8443408024844146,,,EXPLOIT
995,56,,,0,0,0,0,common,0.0,0.6147212447396725,0.6792565784668749,0.469796290174047,0.0,0.780457019211204,0.8477941152706855,,,EXPLOIT
996,56,,,0,0,0,1,common,0.0,0.354819195971564,0.5979173530298088,0.4353031619133021,0.0,0.7844533801769115,0.8510652052848202,,,EXPLOIT
997,56,,,0,0,0,0,common,1.0,0.6004311909192128,0.5201266863245424,0.48484157061507527,0.0,0.7882689974007812,0.854167972261405,,,EXPLOIT
998,56,,,0,0,1,1,rare,0.0,0.9690768531504332,0.6906018882627811,0.6301121553756827,0.0,0.7919156813971373,0.857114937499971,,,EXPLOIT
999,56,,,0,0,0,0,common,1.0,0.39028027409748844,0.620342335213689,0.5581625909922243,0.0,0.7810708000529489,0.8479930341562768,,,EXPLOIT
1000,56,,,0,0,0,0,common,0.0,0.7463178218366325,0.6889017999755019,0.6146091602455468,0.0,0.7691602666744314,0.8377376585752961,,,EXPLOIT
1001,56,,,0,0,0,0,common,0.0,0.48510658419381114,0.6528114672143008,0.575758387430026,0.0,0.756019591845423,0.8261241759180351,,,EXPLOIT
1002,56,,,0,0,0,1,common,1.0,0.7693675226184834,0.5667829209256765,0.6338411279865632,0.0,0.7414485972301462,0.8128643947104611,,,EXPLOIT
1003,56,,,0,0,0,1,common,1.0,0.5000888897020141,0.6931471802411049,0.5937154565011984,0.0,0.7252011812285913,0.7975823780167414,,,EXPLOIT
1004,56,,,0,0,1,1,rare,0.0,0.6298999545477817,0.635446840446856,0.6045708059151733,0.0,0.7069713485286837,0.77977829731128,,,EXPLOIT
1005,56,,,0,0,0,1,common,1.0,0.3250577783063092,0.6857037522533962,0.520716897632514,0.0,0.6863738092717138,0.7587728138672122,,,EXPLOIT
1006,56,,,0,0,0,1,common,1.0,0.21128755589910098,0.6578808742706665,0.4278880951124901,0.0,0.6629165146170514,0.7336185419384486,,,EXPLOIT
1007,56,,,0,1,0,1,rare,1.0,0.1373369113344156,0.571929486123365,0.34072273997906777,0.0,0.6739440064763197,0.7453186310723449,,,EXPLOIT
1008,56,,,0,1,0,0,rare,0.0,0.3153192797259773,0.677935586648963,0.3331017019031406,0.0,0.6841727904768624,0.7559314837157781,,,EXPLOIT
1009,56,,,0,0,1,1,rare,0.0,0.40943497045605814,0.5201854231409907,0.35600168246901587,0.0,0.6936861444520604,0.7656014524417563,,,EXPLOIT
1010,56,,,0,0,0,1,common,0.0,0.9107310076326298,0.6866631834952162,0.5224204800181,0.0,0.7025561581348021,0.7744484188641179,,,EXPLOIT
1011,56,,,0,1,1,1,common,1.0,0.7338672692035622,0.6667536423671331,0.5858545167737386,0.0,0.6813621768284198,0.7524286687269987,,,EXPLOIT
1012,56,,,0,1,1,1,common,1.0,0.4770137249823154,0.5299845746272349,0.5532022792363116,0.0,0.6571791901802333,0.725940862412057,,,EXPLOIT
1013,56,,,0,1,1,1,common,1.0,0.310058921238505,0.4166110621580539,0.4802592718369696,0.0,0.6293284280509199,0.6934733451242632,,,EXPLOIT
1014,56,,,0,1,1,1,common,0.0,0.7984617011949717,0.34580617223378335,0.5757200006443701,0.0,0.6429627193525089,0.7092799670290624,,,EXPLOIT
1015,56,,,0,1,1,1,common,1.0,0.4809998942232683,0.5994439150307366,0.5473039687180395,0.0,0.6128262433995086,0.6727039782269394,,,EXPLOIT
1016,56,,,0,0,0,1,common,0.0,0.5919751549612093,0.46604040811764913,0.5607053245909904,0.0,0.5775227730752003,0.6261381340741118,,,EXPLORE
1017,56,,,0,0,1,1,rare,0.0,0.6873500687548756,0.3671210398923078,0.598698747840156,0.0,0.535601178900396,0.5648459695423051,,,EXPLORE
1018,56,,,0,0,0,1,common,1.0,0.615216149275214,0.3080315312185876,0.6036539682706734,0.0,0.4850108168582654,0.48053472375567347,,,EXPLORE
1019,56,,,0,0,0,1,common,1.0,0.399890497028889,0.5670831364352269,0.542524926898138,0.0,0.4227562665598373,0.35724630846465616,,,EXPLORE
1020,56,,,0,1,1,1,common,0.0,0.44677754469066916,0.6827887454203612,0.5138007122358974,0.0,0.3442824047864404,0.15983886142191456,,,EXPLORE
1021,56,,,0,1,1,1,common,1.0,0.709594595951065,0.6353059733947983,0.5725388773504476,0.0,0.24230731745640957,0.09090909090909093,,,EXPLORE
1022,56,,,0,1,1,1,common,1.0,0.4612364873681922,0.6927646624529169,0.539148160355771,0.0,0.1044228119956292,0.09090909090909093,,,EXPLORE
1023,56,,,0,1,1,1,common,0.0,0.7001962832106751,0.6571105885957571,0.5874625972122421,0.0,0.09090909090909093,0.09090909090909093,,,EXPLORE
1024,56,,,0,1,1,1,common,0.0,0.4551275840869388,0.6587896417199565,0.5477620932746512,0.0,0.09090909090909093,0.09090909090909093,,,EXPLORE
1025,56,,,0,0,1,1,rare,0.0,0.2958329296565102,0.5333587793122374,0.4721833441892089,0.0,0.09090909090909093,0.09090909090909093,,,EXPLORE
1026,56,,,0,0,1,1,rare,0.0,0.19229140427673164,0.6783355967834424,0.3882157622154657,0.0,0.17965545529122232,0.23017705927636645,,,EXPLORE
1027,56,,,0,1,0,1,rare,1.0,0.25992882306877785,0.6865171969405754,0.3497296804714593,0.0,0.25195053896963665,0.33155527035247095,,,EXPLORE
1028,56,,,0,0,0,1,common,0.0,0.8310462650052944,0.5464595876141258,0.4941246558316098,0.0,0.31197800201026266,0.40865139461585376,,,EXPLORE
1029,56,,,0,1,1,1,common,1.0,0.8750105872201244,0.46381616708660894,0.6083904352481642,0.0,0.3626137856372424,0.46925370836719743,,,EXPLORE
1030,56,,,0,0,0,1,common,1.0,0.45981992774655867,0.33179589267021914,0.5638192829976825,0.0,0.26644182952689394,0.34006380567581695,,,EXPLORE
1031,56,,,0,0,0,1,common,1.0,0.29888295303526313,0.5807003327868361,0.4843383840089566,0.0,0.13762342039147688,0.13054442996824825,,,EXPLORE
1032,56,,,0,0,1,0,rare,1.0,0.9207420065193264,0.685001105374575,0.6152594707620676,0.0,0.21752148422081047,0.2585142454885592,,,EXPLORE
1033,56,,,0,0,0,1,common,1.0,0.19427391947292105,0.6864632628218807,0.4889638053753236,0.0,0.09090909090909093,0.09090909090909093,,,EXPLORE
1034,56,,,0,0,0,1,common,1.0,0.1262780476573987,0.6567893446802656,0.38015807805994606,0.0,0.17965545529122232,0.23017705927636645,,,EXPLORE
1035,56,,,0,1,1,1,common,0.0,0.4312431183069191,0.6265421395828392,0.3954835901340379,0.0,0.25195053896963665,0.33155527035247095,,,EXPLORE
1036,56,,,0,1,0,1,rare,1.0,0.08208073097730917,0.4177324095480457,0.30146273238701926,0.0,0.31197800201026266,0.40865139461585376,,,EXPLORE
1037,56,,,0,1,0,1,rare,1.0,0.05335247513525099,0.5806215656800853,0.22702965521148877,0.0,0.3626137856372424,0.46925370836719743,,,EXPLOIT
1038,56,,,0,0,0,1,common,0.0,0.9653208911620869,0.6603216765301383,0.44851702599666815,0.0,0.4059000327452924,0.5181414926281387,,,EXPLOIT
1039,56,,,0,0,0,1,common,1.0,0.3725414207446436,0.628337440057452,0.4257243444210607,0.0,0.4433268371345312,0.5584101936095955,,,EXPLORE
1040,56,,,0,0,0,1,common,1.0,0.24215192348401837,0.6896478319155799,0.370652618139948,0.0,0.4760069778008542,0.5921529537657815,,,EXPLORE
1041,56,,,0,1,0,1,rare,1.0,0.15739875026461192,0.6877913036850426,0.3066764577773472,0.0,0.5047882362938754,0.6208359130085537,,,EXPLORE
1042,56,,,0,1,0,1,rare,1.0,0.1023091876719977,0.6916657101175256,0.24536627674574235,0.0,0.5303278475182935,0.6455166258956538,,,EXPLOIT
1043,56,,,0,0,1,0,rare,0.0,0.4015176957624379,0.6809215050711003,0.292211702450751,0.0,0.5531431856165939,0.6669771225069359,,,EXPLOIT
1044,56,,,0,1,1,1,common,1.0,0.7196919731005026,0.4815770707175665,0.4204557836456765,0.0,0.5736470880232013,0.6858081495669813,,,EXPLOIT
1045,56,,,0,1,1,0,common,1.0,0.7390134977544154,0.45165708369932445,0.5160230978782981,0.0,0.5921729883276855,0.7024642847715783,,,EXPLOIT
1046,56,,,0,0,0,1,common,1.0,0.0665009719867985,0.4322751856901186,0.38116646011084826,0.0,0.553072591005228,0.6641287837116465,,,EXPLORE
1047,56,,,0,1,1,1,common,0.0,0.5322002174846733,0.5736642779936084,0.42647658732299576,0.0,0.5735834664153586,0.6832995951972433,,,EXPLOIT
1048,56,,,0,1,1,1,common,1.0,0.6540698586349624,0.6819817755965439,0.49475456871658574,0.0,0.5921153581569544,0.7002382574649889,,,EXPLOIT
1049,56,,,0,0,0,1,common,1.0,0.04322563179141903,0.6867938159571882,0.3592958876390357,0.0,0.6089406864668061,0.7153124533608944,,,EXPLORE
1050,56,,,0,0,1,0,rare,1.0,0.48035877354037004,0.6883991267958967,0.39561475340943597,0.0,0.6242840651421948,0.7288133156077451,,,EXPLOIT
1051,56,,,0,0,0,1,common,1.0,0.0280966606644224,0.6663506289533816,0.2853593255859319,0.0,0.6383323476336943,0.7409743630081912,,,EXPLOIT
1052,56,,,0,0,0,1,common,0.0,0.9817371705681255,0.6433714233500403,0.49427267908058997,0.0,0.6512422419991762,0.7519850805379671,,,EXPLOIT
1053,56,,,0,0,0,1,common,1.0,0.3618708391307184,0.6449181436043567,0.4545521270956285,0.0,0.6631461544953116,0.7620008312318394,,,EXPLOIT
1054,56,,,0,0,0,1,common,0.0,0.764783954565033,0.6925078108996524,0.5476216753364498,0.0,0.6741567245872846,0.7711502060463855,,,EXPLOIT
1055,56,,,0,1,1,0,common,1.0,0.31223320280124056,0.5611968194832082,0.477005133575887,0.0,0.6489097463930704,0.7484897823495984,,,EXPLOIT
1056,56,,,0,1,0,1,rare,0.0,0.4971095704672715,0.48700570284069633,0.4830364646433023,0.0,0.6609925590769211,0.7588165684790452,,,EXPLOIT
1057,56,,,0,1,0,0,rare,0.0,0.20495753182188525,0.68418039966275,0.3996127847968772,0.0,0.6721623064211117,0.7682373762685973,,,EXPLOIT
1058,56,,,0,0,0,1,common,1.0,0.6768787791962735,0.663279957800885,0.48279258311669604,0.0,0.6825182131312697,0.7768660016734579,,,EXPLOIT
1059,56,,,0,0,0,1,common,1.0,0.4399712064775778,0.5356703731455743,0.46994617012496054,0.0,0.6921456296548468,0.7847979489246527,,,EXPLOIT
1060,56,,,0,0,1,0,rare,1.0,0.20295158182080641,0.43063169966643444,0.3898477936337143,0.0,0.701118375277879,0.7921139638507028,,,EXPLOIT
1061,56,,,0,0,0,1,common,1.0,0.28598128421042557,0.36391189138293567,0.35868784080672766,0.0,0.7095006218910844,0.7988827786463656,,,EXPLOIT
1062,56,,,0,0,1,1,rare,0.0,0.5748545918872745,0.32316716901285003,0.4235378661308917,0.0,0.7173484201542958,0.805163266042531,,,EXPLOIT
1063,56,,,0,0,0,1,common,1.0,0.1858878347367766,0.594365600128878,0.3522428567126572,0.0,0.7247109448291623,0.8110061460051643,,,EXPLOIT
1064,56,,,0,0,1,0,rare,1.0,0.13191852818352423,0.47245800301549423,0.2861455581539173,0.0,0.7316315177751248,0.8164553497763667,,,EXPLOIT
1065,56,,,0,0,1,0,rare,1.0,0.08574704331929073,0.389811203627461,0.22602600370352932,0.0,0.7381484535814159,0.8215491189210223,,,EXPLOIT
1066,56,,,0,0,1,0,rare,0.0,0.9442644218424611,0.3389707911407074,0.4414975291452088,0.0,0.7442957627034946,0.8263208975563614,,,EXPLOIT
1067,56,,,0,1,1,1,common,0.0,0.37365548472672844,0.6039492229375589,0.4211449158196646,0.0,0.7501037393522019,0.830800061788681,,,EXPLOIT
1068,56,,,0,1,1,0,common,0.0,0.6137718741975997,0.5011159231891172,0.4789330033330451,0.0,0.7555994555874442,0.8350125199875437,,,EXPLOIT
1069,56,,,0,1,1,1,common,0.0,0.2428760650723735,0.4289482998015622,0.4081159218548436,0.0,0.7608071786230088,0.8389812098154118,,,EXPLOIT
1070,56,,,0,1,0,1,rare,1.0,0.12082709257890478,0.383025123889331,0.32192927307206193,0.0,0.7657487249140156,0.8427265121526103,,,EXPLOIT
1071,56,,,0,1,0,1,rare,1.0,0.07853761017628813,0.6425229833801596,0.24891177420332977,0.0,0.7704437619247619,0.8462665976893134,,,EXPLOIT
1072,56,,,0,1,1,1,common,0.0,0.15786944229704278,0.6896333765802052,0.22159907463144368,0.0,0.7749100663793288,0.8496177186257807,,,EXPLOIT
1073,56,,,0,1,1,0,common,1.0,0.6010482817715601,0.635723679666413,0.3354338367734786,0.0,0.7791637461445512,0.8527944553624464,,,EXPLOIT
1074,56,,,0,0,1,0,rare,0.0,0.6093186168484859,0.690748542107376,0.4175992707959808,0.0,0.783219431583298,0.8558099260794301,,,EXPLOIT
1075,56,,,0,0,0,1,common,1.0,0.051049446614587324,0.592635869632814,0.3076343235415628,0.0,0.7870904411690033,0.8586759655593021,,,EXPLOIT
1076,56,,,0,0,0,1,common,1.0,0.033182140299481744,0.6925181277832284,0.22529866856893846,0.0,0.790788925311993,0.8614032783933538,,,EXPLOIT
1077,56,,,0,0,0,1,common,1.0,0.02156839119466314,0.663094075173474,0.16417958535665583,0.0,0.7943259916700465,0.8640015707527197,,,EXPLOIT
1078,56,,,0,0,0,1,common,1.0,0.014019454276531063,0.6072138623458229,0.11913154603261839,0.0,0.7977118146657179,0.8664796641434566,,,EXPLOIT
1079,56,,,0,1,0,1,rare,0.0,0.9908873547202548,0.5603984504516494,0.38065828863890927,0.0,0.8009557314848519,0.8688455939552823,,,EXPLOIT
1080,56,,,0,0,1,1,rare,0.0,0.10261513749307781,0.37293364654399386,0.29724534329515984,0.0,0.8040663264639326,0.8711066951237979,,,EXPLOIT
1081,56,,,0,0,1,1,rare,1.0,0.9333001606294994,0.6322856668195553,0.48806178849546167,0.0,0.8070515054723436,0.8732696768301907,,,EXPLOIT
1082,56,,,0,0,0,1,common,1.0,0.35592321943183436,0.5168509814064408,0.4484202177763735,0.0,0.8099185616466411,0.8753406878409687,,,EXPLOIT
1083,56,,,0,0,0,1,common,1.0,0.2313500926306924,0.43121056614334874,0.3832991802326691,0.0,0.8126742336275701,0.8773253738280218,,,EXPLOIT
1084,56,,,0,0,0,1,common,1.0,0.15037756020995008,0.3767140135423933,0.3134226942258534,0.0,0.8153247572788169,0.8792289277943606,,,EXPLOIT
1085,56,,,0,0,0,1,common,0.0,0.9022545858635325,0.3428643427647175,0.4900722617171571,0.0,0.8178759117230768,0.8810561345539626,,,EXPLOIT
1086,56,,,0,0,0,0,common,1.0,0.8667776043157746,0.616672456966058,0.6030838644967423,0.0,0.8203330604107893,0.8828114100679072,,,EXPLOIT
1087,56,,,0,0,0,1,common,1.0,0.4135345191887039,0.5033802585870627,0.5462190609043308,0.0,0.8120369899433819,0.8765115210247667,,,EXPLOIT
1088,56,,,0,0,0,1,common,1.0,0.2687974374726575,0.42240605018000804,0.4629925738748288,0.0,0.8030330450650951,0.8695699051682714,,,EXPLOIT
1089,56,,,0,0,0,1,common,1.0,0.1747183343572274,0.3712357287174004,0.3765103020195484,0.0,0.8060596212371657,0.871799355391283,,,EXPLOIT
1090,56,,,0,0,0,0,common,0.0,0.4365945571947465,0.3394566045220835,0.39453557857210775,0.0,0.8089656828823931,0.8739326835851148,,,EXPLOIT
1091,56,,,0,0,0,1,common,1.0,0.11356691733219781,0.6147740382164234,0.31024498020013475,0.0,0.8117581493173219,0.8759758739602295,,,EXPLOIT
1092,56,,,0,0,0,1,common,1.0,0.07381849626592862,0.5018093410778521,0.23931703501987292,0.0,0.8144434203357839,0.8779344242368471,,,EXPLOIT
1093,56,,,0,0,0,1,common,1.0,0.047982022572853555,0.42138712572927683,0.1819165312857671,0.0,0.8170274240734845,0.8798133940999701,,,EXPLOIT
1094,56,,,0,1,0,1,rare,1.0,0.031188314672354833,0.37060232886886524,0.1366980663017434,0.0,0.8195156596764902,0.8816174479760939,,,EXPLOIT
1095,56,,,0,0,0,1,common,1.0,0.02027240453703061,0.5555417491525072,0.10177036777232955,0.0,0.821913235420014,0.8833508928930566,,,EXPLOIT
1096,56,,,0,0,1,1,rare,0.0,0.39335489559082537,0.5229736698206248,0.1892457261178783,0.0,0.8242249028336025,0.8850177120699878,,,EXPLOIT
1097,56,,,0,0,0,1,common,1.0,0.013177062949069951,0.6931101277993891,0.1364251271672358,0.0,0.8264550873124772,0.886621594788814,,,EXPLOIT
1098,56,,,0,0,1,0,rare,0.0,0.3960571009515158,0.6583402506161202,0.21431471930251977,0.0,0.828607915630029,0.8881659630188651,,,EXPLOIT
1099,56,,,0,0,1,0,rare,1.0,0.7425628843815147,0.6625531080367989,0.37278916882621826,0.0,0.8306872407113809,0.8896539951989986,,,EXPLOIT
1100,56,,,0,0,1,0,rare,1.0,0.4826658748479846,0.6870394899990115,0.4057521806327482,0.0,0.8326966639809353,0.8910886475250962,,,EXPLOIT
1101,56,,,0,1,1,0,common,0.0,0.6862671813488099,0.6366183936487978,0.48990668084756667,0.0,0.8346395555566279,0.8924726730429751,,,EXPLOIT
1102,56,,,0,1,0,1,rare,1.0,0.008565090916895501,0.46517625265135565,0.3455042038683653,0.0,0.8365190725291171,0.8938086388062074,,,EXPLOIT
1103,56,,,0,1,0,0,rare,0.0,0.2837864621765852,0.6358119803174842,0.32698888136083126,0.0,0.8383381755344953,0.8950989413238587,,,EXPLOIT
1104,56,,,0,1,1,0,common,1.0,0.5539263321232735,0.46441605519141227,0.3950701165895639,0.0,0.8400996438035334,0.896345820493743,,,EXPLOIT
1105,56,,,0,1,1,0,common,1.0,0.36005211588012775,0.6354698750774002,0.384564716376733,0.0,0.8418060888483805,0.8975513721916331,,,EXPLOIT
1106,56,,,0,0,0,0,common,0.0,0.1844612004147804,0.6903815285005659,0.32453366158814717,0.0,0.8434599669285053,0.8987175596652943,,,EXPLOIT
1107,56,,,0,1,0,1,rare,1.0,0.00556730909598202,0.5928386092092954,0.2288437558404976,0.0,0.8450635904210467,0.8998462238636542,,,EXPLOIT
1108,56,,,0,1,1,0,common,1.0,0.23403387532208308,0.5187267002884464,0.23040079168497324,0.0,0.8466191382062872,0.9009390928154342,,,EXPLOIT
1109,56,,,0,1,1,0,common,1.0,0.15212201895935396,0.4670038142361318,0.20691715986728743,0.0,0.8481286651663615,0.9019977901577554,,,EXPLOIT
1110,56,,,0,1,1,0,common,1.0,0.09887931232358005,0.43320690638286274,0.1745058056041752,0.0,0.849594110884294,0.9030238429032605,,,EXPLOIT
1111,56,,,0,1,1,0,common,1.0,0.06427155301032705,0.4114660524980823,0.14143552982602076,0.0,0.8510173076208208,0.9040186885239114,,,EXPLOIT
1112,56,,,0,1,1,0,common,1.0,0.04177650945671263,0.39750091928552833,0.11153782371522832,0.0,0.8523999876379966,0.9049836814205826,,,EXPLOIT
1113,56,,,0,1,1,0,common,1.0,0.027154731146863176,0.3885109813845544,0.08622289594471877,0.0,0.8537437899311517,0.9059200988396987,,,EXPLOIT
1114,56,,,0,1,1,0,common,1.0,0.017650575245461098,0.38270873951542694,0.06565119973494146,0.0,0.8550502664242208,0.9068291462912784,,,EXPLOIT
1115,56,,,0,1,0,0,rare,1.0,0.8801002197303928,0.37895580496737624,0.3099859057335768,0.0,0.8563208876776957,0.9077119625167237,,,EXPLOIT
1116,56,,,0,1,1,0,common,0.0,0.9885271260904502,0.3765245152326884,0.5135482718406388,0.0,0.8575570481533554,0.9085696240494138,,,EXPLOIT
1117,56,,,0,1,1,1,common,1.0,0.7443193178659635,0.6561440296944321,0.5827795856482362,0.0,0.8520743064537831,0.9045611312858819,,,EXPLOIT
1118,56,,,0,1,0,1,rare,1.0,0.00361875091238828,0.572385344465029,0.40903133522748175,0.0,0.8462141614723673,0.90023078790786,,,EXPLOIT
1119,56,,,0,1,1,1,common,0.0,0.5161924433871237,0.5038055492228097,0.4411796676753743,0.0,0.8477356114540645,0.9013115775746847,,,EXPLOIT
1120,56,,,0,1,1,0,common,1.0,0.3574573680412073,0.6891135776248443,0.4160629777851242,0.0,0.8492124802905294,0.9023587379978907,,,EXPLOIT
1121,56,,,0,0,0,1,common,0.0,0.9976478119069476,0.6181107206164071,0.5905384280216712,0.0,0.8506466277609611,0.9033737642367698,,,EXPLOIT
1122,56,,,0,1,1,1,common,1.0,0.6644749117983696,0.4712476201275152,0.6127193731546807,0.0,0.8446861253363858,0.8989456450113723,,,EXPLOIT
1123,56,,,0,1,1,1,common,0.0,0.5680913073310597,0.38148209884718637,0.5993309534075943,0.0,0.8382973109205445,0.8941430169822284,,,EXPLOIT
1124,56,,,0,1,1,0,common,1.0,0.23234728922678483,0.6211186941195694,0.48923585415335147,0.0,0.8314326568814413,0.8889165467198245,,,EXPLOIT
1125,56,,,0,1,1,0,common,1.0,0.15102573799741015,0.4861913892716361,0.3877728193065691,0.0,0.8334172824992482,0.8903775427796903,,,EXPLOIT
1126,56,,,0,1,0,1,rare,0.0,0.648471077739516,0.39082135216174574,0.4659822968364531,0.0,0.8353365589416528,0.8917865592606997,,,EXPLOIT
1127,56,,,0,1,1,0,common,1.0,0.09816672969831663,0.6258409661138566,0.35563762669501214,0.0,0.8371935693577082,0.8931462542151757,,,EXPLOIT
1128,56,,,0,1,1,0,common,0.0,0.9361916256960942,0.49028534497392207,0.5298038263953367,0.0,0.8389912061331326,0.8944591076250112,,,EXPLOIT
1129,56,,,0,1,1,0,common,0.0,0.6085245567024612,0.6664516518560335,0.553420045487474,0.0,0.8321790743603943,0.889261099801369,,,EXPLOIT
1130,56,,,0,1,1,1,common,0.0,0.3692593497651888,0.6900468709853769,0.4981718367707884,0.0,0.8248424285488776,0.8835848587404299,,,EXPLOIT
1131,56,,,0,1,1,0,common,0.0,0.3955409618565998,0.654814596658013,0.46738257429653185,0.0,0.8270510701403879,0.8852427769594963,,,EXPLOIT
1132,56,,,0,1,1,1,common,0.0,0.24001857734737272,0.6140426587999495,0.3991733752117841,0.0,0.8291834349662845,0.8868382464285746,,,EXPLOIT
1133,56,,,0,0,0,1,common,1.0,0.5784937994693147,0.5819530090559103,0.4529695024890432,0.0,0.8312433050809214,0.8883746541448205,,,EXPLOIT
1134,56,,,0,0,0,0,common,0.0,0.4279348571752447,0.37823140590698506,0.44545910889490364,0.0,0.8332342167611799,0.8898551466546243,,,EXPLOIT
1135,56,,,0,0,1,0,rare,1.0,0.7428983747932101,0.5519357714280408,0.5346908886643955,0.0,0.8351594801549188,0.8912826510213021,,,EXPLOIT
1136,56,,,0,0,0,1,common,1.0,0.3760209696550545,0.35805651785739295,0.48708991296159315,0.0,0.828054754401769,0.8857949772332984,,,EXPLOIT
1137,56,,,0,0,0,1,common,1.0,0.24441363027578544,0.2495929444927927,0.41428702815585083,0.0,0.8301528561159378,0.8873698902282281,,,EXPLOIT
1138,56,,,0,0,0,1,common,1.0,0.15886885967926057,0.19286850379694642,0.33766157761287374,0.0,0.8321801416045972,0.8888868429436964,,,EXPLOIT
1139,56,,,0,0,0,1,common,1.0,0.10326475879151942,0.16186300091688266,0.26734253196646746,0.0,0.8341400393622201,0.8903489046596618,,,EXPLOIT
1140,56,,,0,0,0,1,common,1.0,0.06712209321448759,0.14403634200906312,0.2072764003408735,0.0,0.8360357602701097,0.8917589318319229,,,EXPLOIT
1141,56,,,0,0,0,1,common,1.0,0.04362936058941691,0.1333748905072076,0.1581822884154365,0.0,0.8378703145947228,0.8931195862263388,,,EXPLOIT
1142,56,,,0,0,1,0,rare,1.0,0.4828839436155865,0.12681878333264393,0.2555927849754815,0.0,0.8396465274171495,0.8944333512298996,,,EXPLOIT
1143,56,,,0,0,0,1,common,1.0,0.028359084383120958,0.12271031475862501,0.18742267479777333,0.0,0.841367052660111,0.8957025465489664,,,EXPLOIT
1144,56,,,0,0,1,0,rare,1.0,0.3138745633501312,0.12010307365794753,0.22535824136348068,0.0,0.8430343858589876,0.8969293414777166,,,EXPLOIT
1145,56,,,0,0,0,0,common,0.0,0.27815765716390906,0.118434714188493,0.24119806610360917,0.0,0.8446508758061454,0.8981157668964751,,,EXPLOIT
1146,56,,,0,0,1,0,rare,1.0,0.20401846617758523,0.31309936493875556,0.23004418612580196,0.0,0.8462187351828537,0.8992637261395461,,,EXPLOIT
1147,56,,,0,0,1,0,rare,1.0,0.1326120030154304,0.22623888122150548,0.2008145311926905,0.0,0.8477400502800153,0.9003750048548945,,,EXPLOIT
1148,56,,,0,0,0,1,common,0.0,0.9815665951509713,0.18029789260333523,0.43504015038017474,0.0,0.8492167898975372,0.9014512799631242,,,EXPLOIT
1149,56,,,0,0,0,1,common,0.0,0.6380182868481314,0.3887286331898285,0.4959335913205617,0.0,0.8506508135021821,0.9024941278103058,,,EXPLOIT
1150,56,,,0,0,1,1,rare,0.0,0.15601207527579228,0.5585801804237666,0.3939571365071308,0.0,0.8520438787149994,0.9035050315980357,,,EXPLOIT
1151,56,,,0,0,0,1,common,0.0,0.4147118864512854,0.6481362034813443,0.40018356149037715,0.0,0.8533976481917421,0.9044853881643903,,,EXPLOIT
1152,56,,,0,0,0,0,common,0.0,0.1808024771565409,0.6829275471009497,0.33436923619022624,0.0,0.8547136959529195,0.9054365141809834,,,EXPLOIT
1153,56,,,0,0,0,1,common,1.0,0.7304372738066645,0.6924438497072707,0.45318964747515766,0.0,0.8559935132141705,0.9063596518239578,,,EXPLOIT
1154,56,,,0,0,0,1,common,1.0,0.47478422797433195,0.5113003636228735,0.45966802162490994,0.0,0.8572385137623766,0.9072559739702816,,,EXPLOIT
1155,56,,,0,1,1,0,common,1.0,0.0861978019600298,0.33303745222345504,0.3476269557254459,0.0,0.8584500389182771,0.9081265889650693,,,EXPLOIT
1156,56,,,0,1,1,0,common,0.0,0.9439714287259806,0.6069616760819607,0.5265302976256063,0.0,0.8596293621222193,0.9089725450006855,,,EXPLOIT
1157,56,,,0,0,1,0,rare,1.0,0.3864185713281125,0.4903054842536968,0.48449677973635813,0.0,0.854285967163836,0.9049957022185042,,,EXPLOIT
1158,56,,,0,1,0,1,rare,1.0,0.30860974818331577,0.3727415480004639,0.43173067027044537,0.0,0.8555775120936313,0.9059317660461355,,,EXPLOIT
1159,56,,,0,1,1,0,common,1.0,0.25117207136327313,0.5955798527940989,0.3775630905982937,0.0,0.8568337846705988,0.9068404747173658,,,EXPLOIT
1160,56,,,0,1,0,1,rare,1.0,0.2005963363191553,0.6848745335494864,0.32447306431455214,0.0,0.8580561494683688,0.90772296615905,,,EXPLOIT
1161,56,,,0,1,0,1,rare,0.0,0.869612381392549,0.6891734657131743,0.4880148594379512,0.0,0.859245901715047,0.9085803161452689,,,EXPLOIT
1162,56,,,0,1,0,1,rare,1.0,0.4347519520948431,0.5943119423128619,0.4720359872350187,0.0,0.8604042716444764,0.9094135424847054,,,EXPLOIT
1163,56,,,0,1,1,0,common,0.0,0.8367381536138725,0.6845955367615659,0.5814466371486748,0.0,0.8615324285239128,0.910223608873974,,,EXPLOIT
1164,56,,,0,0,1,0,rare,1.0,0.45612020015098287,0.5358729625617364,0.5438487060493673,0.0,0.8563154078614557,0.9063442239602416,,,EXPLOIT
1165,56,,,0,0,0,1,common,1.0,0.28258876886164797,0.45921632781457966,0.46547072489305147,0.0,0.8507483089641262,0.9021586163747081,,,EXPLOIT
1166,56,,,0,0,0,1,common,0.0,0.8163173002399289,0.40918328509572305,0.5707246974971146,0.0,0.852138608205533,0.90317974959579,,,EXPLOIT
1167,56,,,0,0,1,0,rare,1.0,0.29647813009813884,0.6576772265774289,0.48845072727742184,0.0,0.8462829629783742,0.8987355477028593,,,EXPLOIT
1168,56,,,0,0,1,0,rare,1.0,0.1927107845637902,0.5563265602677356,0.39972874446333234,0.0,0.8478023844682256,0.899863637398754,,,EXPLOIT
1169,56,,,0,0,0,1,common,1.0,0.4693937548440462,0.4732666353367747,0.42062824757754647,0.0,0.8492773099914983,0.9009559580993316,,,EXPLOIT
1170,56,,,0,0,0,1,common,1.0,0.30510594064863006,0.41815623982037653,0.3859715554988715,0.0,0.8507095946314618,0.9020141318680879,,,EXPLOIT
1171,56,,,0,0,0,1,common,0.0,0.8016811385783904,0.3831756835295481,0.5106844304227272,0.0,0.8521009919237097,0.9030396842602323,,,EXPLOIT
1172,56,,,0,1,0,1,rare,1.0,0.47890725992404626,0.6472582728826837,0.5011512792731229,0.0,0.8462427145694652,0.8985838532282813,,,EXPLOIT
1173,56,,,0,1,0,1,rare,1.0,0.31128971895063007,0.6901663908739488,0.444192811176375,0.0,0.8399672071576537,0.8937499374232375,,,EXPLOIT
1174,56,,,0,1,1,1,common,0.0,0.101407848929265,0.6417585714468355,0.341357322502242,0.0,0.8416777622639071,0.8950422313292586,,,EXPLOIT
1175,56,,,0,1,0,1,rare,1.0,0.20233831731790952,0.6721603754986952,0.2996516209469422,0.0,0.8433355681901215,0.8962910049679643,,,EXPLOIT
1176,56,,,0,1,1,1,common,0.0,0.06591510180402224,0.6828352788640426,0.2295306652040662,0.0,0.8449429479144684,0.8974983603987103,,,EXPLOIT
1177,56,,,0,0,0,0,common,0.0,0.1175216101517516,0.6423466325213814,0.19592794868837182,0.0,0.846502090158227,0.8986662665673746,,,EXPLOIT
1178,56,,,0,0,0,1,common,1.0,0.13151990625664123,0.6887642582534619,0.17660553595885264,0.0,0.8480150589489555,0.8997965696805554,,,EXPLOIT
1179,56,,,0,0,0,1,common,1.0,0.08548793906681684,0.6407859181903899,0.1492702568912419,0.0,0.8494838023777033,0.9008910026244358,,,EXPLOIT
1180,56,,,0,0,0,1,common,1.0,0.0555671603934309,0.5369467319744847,0.1211593279418986,0.0,0.8509101606284104,0.9019511935293959,,,EXPLOIT
1181,56,,,0,0,1,1,rare,1.0,0.9571551838273855,0.4572754491527112,0.37195808470754466,0.0,0.8522958733490988,0.9029786735694199,,,EXPLOIT
1182,56,,,0,0,0,1,common,1.0,0.03611865425573013,0.40533883495848577,0.2712062555720003,0.0,0.8536425864269582,0.9039748840748868,,,EXPLOIT
1183,56,,,0,0,1,1,rare,0.0,0.37784913051219937,0.372552656872247,0.30319911805405997,0.0,0.8549518582228174,0.9049411830282468,,,EXPLOIT
1184,56,,,0,0,0,1,common,0.0,0.9765228747337754,0.6408255460436837,0.5051962450579746,0.0,0.8562251653146699,0.9058788510041573,,,EXPLOIT
1185,56,,,0,0,0,1,common,1.0,0.3652601314230459,0.6890691288891528,0.46321541096749597,0.0,0.8506519099938806,0.9016557109967678,,,EXPLOIT
1186,56,,,0,0,0,0,common,0.0,0.07638904659863854,0.6401374555868419,0.3471675016568387,0.0,0.852044944085719,0.9026922622785069,,,EXPLOIT
1187,56,,,0,1,0,1,rare,1.0,0.2374190854249798,0.689202304818562,0.31424297678728097,0.0,0.8533986836962887,0.9036971464343361,,,EXPLOIT
1188,56,,,0,1,1,0,common,1.0,0.12526200996646364,0.5890276449002929,0.25754868674103576,0.0,0.8547147027796556,0.9046717443175197,,,EXPLOIT
1189,56,,,0,1,1,0,common,1.0,0.08142030647820131,0.48031358099146115,0.2047101726621854,0.0,0.8559944924893556,0.9056173577520029,,,EXPLOIT
1190,56,,,0,1,1,0,common,1.0,0.052923199210830885,0.4063486201473521,0.15917408062677904,0.0,0.8572394665541736,0.906535215107688,,,EXPLOIT
1191,56,,,0,1,1,0,common,0.0,0.96559992051296,0.3600864944219878,0.40110183259263327,0.0,0.8584509662404514,0.9074264764102883,,,EXPLOIT
1192,56,,,0,1,0,1,rare,0.0,0.8456775944737631,0.6249270051409124,0.5344745611569721,0.0,0.8596302649375593,0.9082922380304628,,,EXPLOIT
1193,56,,,0,1,1,0,common,0.0,0.6276399483334241,0.6927942828324329,0.5624241773099077,0.0,0.8542869302923844,0.9042618818564867,,,EXPLOIT
1194,56,,,0,1,1,1,common,1.0,0.7543980651670704,0.6520926204115121,0.6200163436670565,0.0,0.8485806176977484,0.8999070015114803,,,EXPLOIT
1195,56,,,0,1,1,0,common,1.0,0.5920340335832743,0.6664109531006142,0.6116216506419219,0.0,0.8424733598522811,0.8951870051350213,,,EXPLOIT
1196,56,,,0,1,0,1,rare,1.0,0.450309563592054,0.550806832653275,0.5632280245269614,0.0,0.8359217033554355,0.89005423685583,,,EXPLOIT
1197,56,,,0,1,1,1,common,0.0,0.5096412576414042,0.4528196543476314,0.5471519944612943,0.0,0.8288756806641714,0.8844523702415953,,,EXPLOIT
1198,56,,,0,1,1,0,common,0.0,0.6151778781708717,0.6641480890819415,0.5675597595741675,0.0,0.8212775418734906,0.8783143424070029,,,EXPLOIT
1199,56,,,0,1,1,1,common,0.0,0.3312668174669128,0.6864058978949632,0.49667187694199105,0.0,0.8130601782057144,0.8715596678899039,,,EXPLOIT
1200,56,,,0,1,1,1,common,0.0,0.2153234313534933,0.6351112617843582,0.41226734326544173,0.0,0.8156961248195991,0.8737032358972913,,,EXPLOIT
1201,56,,,0,0,0,1,common,1.0,0.29270121633483503,0.5807876674910221,0.3763975051862597,0.0,0.8182334950315927,0.8757560345105244,,,EXPLOIT
1202,56,,,0,0,0,1,common,1.0,0.19025579061764275,0.3960030915213532,0.32055499081567457,0.0,0.8206775958564391,0.8777236123247768,,,EXPLOIT
1203,56,,,0,0,0,1,common,0.0,0.8763337360985322,0.28490701659728523,0.48728861440053184,0.0,0.8230333602865654,0.8796110748783558,,,EXPLOIT
1204,56,,,0,0,0,1,common,0.0,0.569616928464046,0.5046197639360597,0.5119871086195861,0.0,0.8253053796748581,0.881423128012679,,,EXPLOIT
1205,56,,,0,0,0,0,common,1.0,0.9503471197108849,0.636923870122295,0.6434951119469756,0.0,0.8174193607462196,0.8749845965565494,,,EXPLOIT
1206,56,,,0,0,0,0,common,0.0,0.38227437218792476,0.4413748656116737,0.5651288900192603,0.0,0.8088780598010085,0.8678825725594573,,,EXPLOIT
1207,56,,,0,1,1,0,common,1.0,0.6001343791889334,0.6059475771534814,0.5756305367701622,0.0,0.7995967503021888,0.8600093441395542,,,EXPLOIT
1208,56,,,0,0,0,1,common,1.0,0.6297489964983701,0.6799478169710707,0.5918660746886245,0.0,0.7894754416480322,0.8512325511964772,,,EXPLOIT
1209,56,,,0,0,0,1,common,1.0,0.40933684772394063,0.6543212318691625,0.5371073065992193,0.0,0.7783952796260603,0.8413877071108896,,,EXPLOIT
1210,56,,,0,0,1,0,rare,1.0,0.39008734647280674,0.5514992643023,0.4930013185612956,0.0,0.7662138778410877,0.8302678218453853,,,EXPLOIT
1211,56,,,0,0,0,1,common,1.0,0.2660689510205614,0.46854067261572463,0.4249216082990753,0.0,0.7708860151001634,0.8345115670739115,,,EXPLOIT
1212,56,,,0,0,0,1,common,1.0,0.17294481816336493,0.41378530654529166,0.3493285712583622,0.0,0.7753310494062203,0.8385088872932436,,,EXPLOIT
1213,56,,,0,0,0,1,common,1.0,0.1124141318061872,0.37910896112454306,0.27825423942270966,0.0,0.7795649376204797,0.8422804558349838,,,EXPLOIT
1214,56,,,0,0,1,1,rare,1.0,0.8600397696202293,0.35721689406979595,0.4527898984819655,0.0,0.7836021761950313,0.8458446966775919,,,EXPLOIT
1215,56,,,0,0,1,0,rare,0.0,0.7464432247926756,0.3433170115337315,0.5408858963751785,0.0,0.7874559645165712,0.8492180822754426,,,EXPLOIT
1216,56,,,0,0,0,1,common,1.0,0.07306918567402165,0.6274362516842438,0.4005408831648314,0.0,0.7761791147716242,0.8391189906943898,,,EXPLOIT
1217,56,,,0,0,0,1,common,1.0,0.047494970688114035,0.526216369620522,0.2946271094218162,0.0,0.780373263973406,0.8428566472188102,,,EXPLOIT
1218,56,,,0,0,1,1,rare,0.0,0.4409741497468509,0.45135212446943207,0.3385312215193266,0.0,0.784373454587337,0.8463897001047822,,,EXPLOIT
1219,56,,,0,0,0,0,common,0.0,0.2484783419221511,0.6710705440992795,0.3115153576401739,0.0,0.7881926484478804,0.8497343377061158,,,EXPLOIT
1220,56,,,0,0,0,1,common,1.0,0.030871730947274134,0.6786867052542643,0.22732226963230395,0.0,0.7918426778704227,0.8529050846758365,,,EXPLOIT
1221,56,,,0,0,0,1,common,1.0,0.02006662511572821,0.6556327357351861,0.16514557627733123,0.0,0.7953343660689474,0.8559150103434046,,,EXPLOIT
1222,56,,,0,0,0,1,common,1.0,0.013043306325223325,0.5528727434001348,0.11951489529169886,0.0,0.7986776324900677,0.8587759065383812,,,EXPLOIT
1223,56,,,0,0,0,1,common,0.0,0.9915218508886048,0.4694929456046828,0.3811169819707706,0.0,0.8018815852226324,0.8614984399624631,,,EXPLOIT
1224,56,,,0,0,0,1,common,1.0,0.35551079692240695,0.6761175481818738,0.3734351264562615,0.0,0.8049546022959492,0.8640922832608687,,,EXPLOIT
1225,56,,,0,0,1,1,rare,0.0,0.2866331973354531,0.5776260253421845,0.347394547720019,0.0,0.8079044033947158,0.8665662281879503,,,EXPLOIT
1226,56,,,0,0,1,1,rare,0.0,0.18631157826804454,0.6928805906576934,0.29906965688442666,0.0,0.8107381132832036,0.8689282836573149,,,EXPLOIT
1227,56,,,0,0,0,1,common,1.0,0.23108201799956452,0.6516156099425269,0.278673365218968,0.0,0.813462318035764,0.8711857609806269,,,EXPLOIT
1228,56,,,0,0,0,1,common,0.0,0.8497966883002831,0.6736929026925969,0.45001036214336254,0.0,0.8160831150079091,0.8733453482063928,,,EXPLOIT
1229,56,,,0,0,0,1,common,1.0,0.4476321526048159,0.6772157370408411,0.4492968992817985,0.0,0.8186061573460651,0.875413175150961,,,EXPLOIT
1230,56,,,0,0,0,1,common,1.0,0.2909608991931304,0.6570717285442309,0.40179609925519805,0.0,0.8210366937198904,0.8773948704535793,,,EXPLOIT
1231,56,,,0,0,1,0,rare,1.0,0.514811903884761,0.5544005372386417,0.4357008406440669,0.0,0.8233796038648887,0.8792956117739272,,,EXPLOIT
1232,56,,,0,0,0,1,common,0.0,0.8108754155244653,0.470554769060783,0.5482532131081864,0.0,0.8256394304418488,0.8811201700748186,,,EXPLOIT
1233,56,,,0,0,0,1,common,1.0,0.4729309799090975,0.6763937444318666,0.5256565431484597,0.0,0.8177805786301767,0.8746511753962033,,,EXPLOIT
1234,56,,,0,0,0,1,common,1.0,0.3074051369409134,0.5780246669050456,0.46018112128619576,0.0,0.8092698782523984,0.8675138709101003,,,EXPLOIT
1235,56,,,0,0,1,1,rare,0.0,0.12110252587422896,0.4873665263243244,0.3584575426626057,0.0,0.812050574187069,0.8698337059414517,,,EXPLOIT
1236,56,,,0,1,1,0,common,0.0,0.6653722624749054,0.6804839858117959,0.4505319586062956,0.0,0.8147247309531112,0.8720516800560183,,,EXPLOIT
1237,56,,,0,1,0,1,rare,1.0,0.1998133390115937,0.5939582360970017,0.375316372727885,0.0,0.8172982288167502,0.8741742531005351,,,EXPLOIT
1238,56,,,0,0,0,1,common,0.0,0.8701213296424641,0.6927185446445663,0.5237578598022588,0.0,0.8197765233414266,0.8762073501538602,,,EXPLOIT
1239,56,,,0,0,0,0,common,0.0,0.16151092224939823,0.6209035380988588,0.41508377853640055,0.0,0.8114338948713524,0.8692339321586313,,,EXPLOIT
1240,56,,,0,0,0,1,common,1.0,0.43442113573239827,0.527125728238938,0.42088498569519983,0.0,0.8141315145447001,0.8714780379754791,,,EXPLOIT
1241,56,,,0,0,0,1,common,1.0,0.28237373822605893,0.6893986651399127,0.3793316114544575,0.0,0.8167271896009308,0.8736250985213183,,,EXPLOIT
1242,56,,,0,0,0,1,common,1.0,0.18354292984693832,0.6585145716229024,0.3205950069722017,0.0,0.8192264678068047,0.8756811739338287,,,EXPLOIT
1243,56,,,0,0,1,0,rare,0.0,0.43249197060868855,0.5828355707881481,0.35416409606314775,0.0,0.8216345017722115,0.8776518302122169,,,EXPLOIT
1244,56,,,0,1,1,0,common,1.0,0.7188802191043524,0.6918084477477331,0.4635789329755091,0.0,0.8239560835208803,0.8795421885784556,,,EXPLOIT
1245,56,,,0,1,1,0,common,0.0,0.532727857582171,0.6271446349645318,0.4843236103575077,0.0,0.8261956754941343,0.8813569690373666,,,EXPLOIT
1246,56,,,0,1,1,0,common,1.0,0.6537268925715889,0.6867831388051231,0.5351445950217321,0.0,0.8283574384098056,0.8831005289156718,,,EXPLOIT
1247,56,,,0,1,1,1,common,0.0,0.07871664181824883,0.6582791251740503,0.3982162090606871,0.0,0.8207178519739753,0.8768293163595342,,,EXPLOIT
1248,56,,,0,0,1,0,rare,1.0,0.4249224801715328,0.6767010941799164,0.4062280903939408,0.0,0.823072173806363,0.8787530022583678,,,EXPLOIT
1249,56,,,0,0,0,0,common,0.0,0.10498209946210885,0.5721379975693544,0.3158542931143912,0.0,0.8253428249166895,0.8805991624301375,,,EXPLOIT
1250,56,,,0,1,1,0,common,0.0,0.7238003878885036,0.6920051837851335,0.4382381215466249,0.0,0.8275340790784924,0.8823723030238528,,,EXPLOIT
1251,56,,,0,0,0,1,common,1.0,0.11930290440050995,0.6380920317191832,0.34255755640279034,0.0,0.8296499240733123,0.8840765877432548,,,EXPLOIT
1252,56,,,0,0,0,1,common,1.0,0.07754688786033148,0.4835096640871155,0.26305435584005266,0.0,0.8316940852225009,0.8857158697729541,,,EXPLOIT
1253,56,,,0,0,0,1,common,1.0,0.0504054771092155,0.3719283318884254,0.1992596922208015,0.0,0.8336700466331521,0.8872937201981742,,,EXPLOIT
1254,56,,,0,0,0,1,common,1.0,0.03276356012099013,0.30551238646438067,0.14931085259085808,0.0,0.8355810704130894,0.888813453359303,,,EXPLOIT
1255,56,,,0,0,0,1,common,1.0,0.02129631407864363,0.26643687411613226,0.11090649103719374,0.0,0.8374302140778519,0.8902781495201398,,,EXPLOIT
1256,56,,,0,0,0,0,common,1.0,0.9317616353496292,0.2429553359562291,0.3571630343309244,0.0,0.8392203463450939,0.8916906751761201,,,EXPLOIT
1257,56,,,0,0,1,0,rare,1.0,0.5295297478724725,0.22852234106049235,0.40887304839338884,0.0,0.8409541614880314,0.8930537012842884,,,EXPLOIT
1258,56,,,0,0,0,0,common,0.0,0.39435493702274094,0.21949248225374557,0.40451761498219446,0.0,0.8426341923990129,0.894369719658981,,,EXPLOIT
1259,56,,,0,0,1,0,rare,1.0,0.34419433611710715,0.48878566204646945,0.38642063132266824,0.0,0.8442628224964522,0.8956410577449935,,,EXPLOIT
1260,56,,,0,0,1,0,rare,0.0,0.7762736815238803,0.375187225248988,0.5033765463830319,0.0,0.8458422965928583,0.8968698919525193,,,EXPLOIT
1261,56,,,0,1,1,0,common,0.0,0.5045778929905222,0.6035103395519184,0.5037369503652789,0.0,0.83953774024012,0.8918863343909439,,,EXPLOIT
1262,56,,,0,1,0,1,rare,1.0,0.013842604151118376,0.5260358060347405,0.35676864650103074,0.0,0.8327668322832106,0.8864543343918408,,,EXPLOIT
1263,56,,,0,1,1,1,common,0.0,0.05116581718186174,0.6914163030790477,0.26508779770528,0.0,0.8347074187261188,0.8880048611463675,,,EXPLOIT
1264,56,,,0,0,1,0,rare,1.0,0.6720243695561605,0.6243472653403843,0.38716876926054417,0.0,0.8365847390558083,0.8894987255724259,,,EXPLOIT
1265,56,,,0,0,0,1,common,1.0,0.008997692698226922,0.4802946042823033,0.27371744629184896,0.0,0.838401747212099,0.8909389065000898,,,EXPLOIT
1266,56,,,0,0,0,1,common,1.0,0.005848500253847533,0.37878799573646793,0.19335676248044853,0.0,0.8401612162383538,0.8923281776799731,,,EXPLOIT
1267,56,,,0,0,0,1,common,0.0,0.9961984748349991,0.3175906394164989,0.4342092761868137,0.0,0.8418657519224693,0.8936691251350972,,,EXPLOIT
1268,56,,,0,0,1,0,rare,0.0,0.5631841597884957,0.5763245244279326,0.47290174126731827,0.0,0.8435178052218275,0.8949641627802856,,,EXPLOIT
1269,56,,,0,0,0,1,common,0.0,0.6475290086427494,0.6856417195552443,0.5252899214799476,0.0,0.8451196835968274,0.8962155465075843,,,EXPLOIT
1270,56,,,0,0,0,0,common,1.0,0.7436692909352184,0.6845465356255513,0.5908037323165288,0.0,0.8387625320056727,0.8911742412561511,,,EXPLOIT
1271,56,,,0,0,0,0,common,0.0,0.516614960892108,0.6181877209205738,0.5685471008892026,0.0,0.8319331141112506,0.8856765385390424,,,EXPLOIT
1272,56,,,0,0,0,0,common,0.0,0.33579972457987023,0.6918933323684959,0.49872288799640285,0.0,0.8245771592996985,0.8796578406707791,,,EXPLOIT
1273,56,,,0,0,0,0,common,1.0,0.7817301790230844,0.6773641769466499,0.5836250753044073,0.0,0.8267950434493849,0.8814680433430685,,,EXPLOIT
1274,56,,,0,0,0,1,common,0.0,0.42089385561778714,0.6284868560675114,0.5348057093984213,0.0,0.8190298038450607,0.8750340218970052,,,EXPLOIT
1275,56,,,0,0,0,1,common,1.0,0.7264189938484383,0.6926945175950845,0.5922896947334264,0.0,0.8106244976794982,0.8679372200329823,,,EXPLOIT
1276,56,,,0,0,1,0,rare,1.0,0.6339302961374778,0.5790828151329287,0.6047818751546418,0.0,0.8014970656857641,0.8600700840798423,,,EXPLOIT
1277,56,,,0,0,1,1,rare,0.0,0.033257781168210133,0.44441517586262336,0.43332464695871226,0.0,0.7915507956874519,0.851300458655183,,,EXPLOIT
1278,56,,,0,0,0,0,common,1.0,0.5081246163650048,0.6443531532698381,0.45576463778060006,0.0,0.7950550261238938,0.8543912809106127,,,EXPLOIT
1279,56,,,0,0,0,0,common,0.0,0.6697189993627468,0.49888471876125273,0.5199509462552441,0.0,0.7984100566283163,0.8573271781286264,,,EXPLOIT
1280,56,,,0,0,0,0,common,1.0,0.5646826504142146,0.6649041041593795,0.5333704575029352,0.0,0.7881786425160578,0.848230818206857,,,EXPLOIT
1281,56,,,0,0,0,1,common,0.0,0.5278276539985151,0.5215822863976509,0.5317076164516091,0.0,0.7769723840045565,0.8380058765205411,,,EXPLOIT
1282,56,,,0,0,0,0,common,1.0,0.36704372276923947,0.6720481205666669,0.48230844834689823,0.0,0.7646456413273388,0.8264290512355911,,,EXPLOIT
1283,56,,,0,1,0,0,rare,1.0,0.2385784198000056,0.5310401389406212,0.4091894397828304,0.0,0.7693951932909281,0.8309016846386417,,,EXPLOIT
1284,56,,,0,1,1,0,common,0.0,0.5879453075106393,0.6841224915865141,0.4628162001011731,0.0,0.7739121182681937,0.8351081814862878,,,EXPLOIT
1285,56,,,0,0,0,0,common,1.0,0.15507597287000363,0.5752432454745977,0.37049413193182223,0.0,0.7782128863650716,0.8390714151101869,,,EXPLOIT
1286,56,,,0,0,1,0,rare,1.0,0.6178355501180844,0.45816425829164853,0.44469655738770086,0.0,0.7823124490239907,0.8428117108938178,,,EXPLOIT
1287,56,,,0,0,0,0,common,0.0,0.8992006176344977,0.38087056226033333,0.5810477754617398,0.0,0.7862244101256137,0.8463471914477596,,,EXPLOIT
1288,56,,,0,0,0,1,common,1.0,0.6569120249009652,0.6266688554887014,0.6038070502935073,0.0,0.7748267333581369,0.8358798577461681,,,EXPLOIT
1289,56,,,0,0,1,0,rare,1.0,0.4015931075767549,0.49882714213934665,0.5431428674784816,0.0,0.7622791316228974,0.8240107842985306,,,EXPLOIT
1290,56,,,0,0,0,0,common,1.0,0.4155195985375766,0.40648053633108816,0.5048558867962101,0.0,0.7483990720381601,0.810438926968603,,,EXPLOIT
1291,56,,,0,0,0,0,common,0.0,0.7299122609505753,0.34911247803811946,0.5723727990425196,0.0,0.7329632315953084,0.7947703900945243,,,EXPLOIT
1292,56,,,0,0,1,0,rare,1.0,0.2610355199248907,0.6097764904234242,0.4789716153072309,0.0,0.7156954288377763,0.7764796375968148,,,EXPLOIT
1293,56,,,0,0,0,0,common,1.0,0.5255570303821261,0.4845834502112665,0.49294723982969946,0.0,0.7231589511858516,0.784442187161765,,,EXPLOIT
1294,56,,,0,0,0,0,common,0.0,0.658387930251618,0.3974158789530773,0.542579446956275,0.0,0.7301716119193357,0.7917853234544742,,,EXPLOIT
1295,56,,,0,0,1,0,rare,0.0,0.830326912048821,0.6346608141561069,0.6289036864840388,0.0,0.7125609718039486,0.7729701975181742,,,EXPLOIT
1296,56,,,0,0,0,1,common,0.0,0.5730071838143725,0.6929567262677909,0.6121347356831389,0.0,0.6927056332480626,0.7506645398196058,,,EXPLOIT
1297,56,,,0,0,1,0,rare,1.0,0.4602875071682664,0.6601239002867046,0.5665805671286771,0.0,0.6701484267542988,0.7237992034008279,,,EXPLOIT
1298,56,,,0,0,1,0,rare,1.0,0.2991868796593732,0.6550587270297807,0.4863624608878859,0.0,0.6442989948322886,0.6908187536499325,,,EXPLOIT
1299,56,,,0,0,0,1,common,1.0,0.6275453305206579,0.5262889205309353,0.5287173217777175,0.0,0.6567391559365069,0.7069172225431141,,,EXPLOIT
1300,56,,,0,0,0,1,common,0.0,0.5920955351615724,0.4243505494755277,0.5477307857928739,0.0,0.6288190911546573,0.6697364968309212,,,EXPLOIT
1301,56,,,0,0,0,0,common,1.0,0.5720478453364483,0.6465590585758021,0.5550259036559462,0.0,0.5963124004412451,0.6223003579902812,,,EXPLOIT
1302,56,,,0,1,1,0,common,1.0,0.1944714717785926,0.5174296985215261,0.4468595740927401,0.0,0.5579898344725229,0.5596906210147394,,,EXPLORE
1303,56,,,0,1,1,0,common,1.0,0.1264064566560852,0.6729152054946455,0.35072363886174357,0.0,0.5780176733526862,0.593234523650873,,,EXPLOIT
1304,56,,,0,1,1,0,common,1.0,0.08216419682645537,0.6891016672912227,0.2701558062511571,0.0,0.5961341667366499,0.6217615511542572,,,EXPLOIT
1305,56,,,0,1,1,0,common,1.0,0.05340672793719603,0.6552200362343734,0.20513108275696876,0.0,0.6125996717815811,0.6463177369419741,,,EXPLOIT
1306,56,,,0,1,1,0,common,0.0,0.9652856268408225,0.6174846466078432,0.43317744598212493,0.0,0.6276293133255929,0.6676772110268934,,,EXPLOIT
1307,56,,,0,1,1,0,common,1.0,0.37256434255346527,0.6706249589270732,0.414993514953527,0.0,0.641402397898058,0.686425156562348,,,EXPLOIT
1308,56,,,0,0,0,0,common,1.0,0.3718310994686914,0.689739816083848,0.40204479030807627,0.0,0.6540695705286715,0.703012141439454,,,EXPLOIT
1309,56,,,0,1,1,0,common,0.0,0.7578331773402476,0.6835056845297578,0.5087813064177277,0.0,0.6657583215043145,0.7177907217896865,,,EXPLOIT
1310,56,,,0,1,0,0,rare,0.0,0.7583097853453505,0.5210626885348111,0.5836398500960145,0.0,0.6392403520765448,0.6833473890021141,,,EXPLOIT
1311,56,,,0,0,1,0,rare,1.0,0.507408434728839,0.37563968726057945,0.5607704254858619,0.0,0.6084894142121082,0.6398284294146949,,,EXPLORE
1312,56,,,0,0,1,0,rare,0.0,0.6701845174262546,0.31666286286148826,0.5935946530679796,0.0,0.5724060376823231,0.5831057812961865,,,EXPLOIT
1313,56,,,0,0,1,0,rare,1.0,0.5643800636729345,0.576675301694897,0.584830276249466,0.0,0.5294738933782918,0.5061004290789242,,,EXPLORE
1314,56,,,0,1,1,0,common,1.0,0.3668470413874074,0.44374169268475294,0.5194353057908484,0.0,0.47754154357291884,0.39557174744751183,,,EXPLORE
1315,56,,,0,1,1,0,common,1.0,0.23845057690181481,0.6403119369286159,0.4351398871241383,0.0,0.41345103524371674,0.2235491477995686,,,EXPLORE
1316,56,,,0,1,1,0,common,1.0,0.15499287498617964,0.6929811073831287,0.3510957834827507,0.0,0.4498961654073328,0.32661402241622656,,,EXPLORE
1317,56,,,0,1,1,0,common,1.0,0.1007453687410168,0.675950625419472,0.2759906590602305,0.0,0.4817740562211063,0.40482641173271006,,,EXPLOIT
1318,56,,,0,1,0,1,rare,1.0,0.6151379021449779,0.6443047128532526,0.3777348319856547,0.0,0.5098912857104178,0.46620554323353175,,,EXPLOIT
1319,56,,,0,1,0,0,rare,0.0,0.49290136047447786,0.616622320766312,0.4122847905323016,0.0,0.534875068098005,0.5156555763809927,,,EXPLORE
1320,56,,,0,1,0,1,rare,1.0,0.3998396363942356,0.6659744925162898,0.4085512442908818,0.0,0.557220485834926,0.5563442760782843,,,EXPLORE
1321,56,,,0,1,1,0,common,1.0,0.06548448968166087,0.692122970122427,0.3056312179081155,0.0,0.5773235431730283,0.5904090169113392,,,EXPLOIT
1322,56,,,0,0,0,1,common,1.0,0.2598957636562531,0.6677389331176093,0.29191058163255673,0.0,0.595504770242695,0.6193442254762676,,,EXPLOIT
1323,56,,,0,0,0,1,common,1.0,0.16893224637656457,0.6927141953905412,0.25501708105575904,0.0,0.6120263860001979,0.6442262292251222,,,EXPLOIT
1324,56,,,0,0,1,0,rare,1.0,0.04256491829307962,0.6881855279750726,0.1912814322269552,0.0,0.6271049814531866,0.6658499139495881,,,EXPLOIT
1325,56,,,0,1,1,0,common,1.0,0.02766719689050179,0.6765179408927433,0.14219716162601917,0.0,0.64092103042978,0.6848150696799195,,,EXPLOIT
1326,56,,,0,1,1,0,common,0.0,0.9820163220211738,0.691044853574043,0.39414290974456556,0.0,0.6536261166227939,0.7015827854206613,,,EXPLOIT
1327,56,,,0,0,1,0,rare,1.0,0.36168939068623707,0.5028773724747936,0.384406854027067,0.0,0.6653484920534417,0.7165133511190438,,,EXPLOIT
1328,56,,,0,1,0,1,rare,1.0,0.10980596014476696,0.478543967500442,0.3020265858623769,0.0,0.6761973997495453,0.7298923750125933,,,EXPLOIT
1329,56,,,0,0,0,1,common,1.0,0.07137387409409857,0.6024373826872534,0.2328307723318934,0.0,0.6862664697224219,0.7419491805512506,,,EXPLOIT
1330,56,,,0,0,0,1,common,1.0,0.046393018161164035,0.5890470597020974,0.17689944608067457,0.0,0.6956364120252979,0.7528700204401635,,,EXPLOIT
1331,56,,,0,0,1,0,rare,1.0,0.23509810394605413,0.5800318144284601,0.19435904344028843,0.0,0.70437717097583,0.7628077349101791,,,EXPLOIT
1332,56,,,0,0,1,0,rare,1.0,0.15281376756493514,0.5740524563841478,0.18189546067768242,0.0,0.7125496622643703,0.7718889225958665,,,EXPLOIT
1333,56,,,0,0,0,1,common,1.0,0.03015546180475659,0.5701187406862952,0.13637346101580466,0.0,0.7202071842273251,0.7802193406323873,,,EXPLOIT
1334,56,,,0,1,1,0,common,1.0,0.0993289489172079,0.5675428239238716,0.12526010738622562,0.0,0.7273965724282533,0.7878880239622132,,,EXPLOIT
1335,56,,,0,1,0,1,rare,1.0,0.019601050173091772,0.6370997889025474,0.09356239022228545,0.0,0.7341591504145246,0.7949704647809223,,,EXPLOIT
1336,56,,,0,0,0,1,common,1.0,0.012740682612509602,0.6695383843104162,0.06931587793935269,0.0,0.7405315174289682,0.8015310931355478,,,EXPLOIT
1337,56,,,0,0,0,1,common,1.0,0.008281443698131219,0.6686674732364398,0.05100554766698625,0.0,0.7465462047907026,0.8076252315515394,,,EXPLOIT
1338,56,,,0,0,0,1,common,0.0,0.9946170615962147,0.6680935703928653,0.33408900184575474,0.0,0.7522322257999062,0.8133006493584449,,,EXPLOIT
1339,56,,,0,1,1,0,common,1.0,0.06456381679618517,0.593213715663003,0.25323144633088385,0.0,0.757615538786983,0.81859880920128,,,EXPLOIT
1340,56,,,0,1,1,0,common,0.0,0.9580335190824797,0.5609611111138905,0.4646720681563625,0.0,0.7627194389005816,0.8235558745837075,,,EXPLOIT
1341,56,,,0,1,1,0,common,0.0,0.6227217874036118,0.6886874209975948,0.5120869839305373,0.0,0.7675648911090621,0.8282035302360601,,,EXPLOIT
1342,56,,,0,0,1,0,rare,1.0,0.5952308381876523,0.5761007362848889,0.5370301402076718,0.0,0.7542546675966736,0.8152470329332223,,,EXPLOIT
1343,56,,,0,0,0,0,common,1.0,0.6796141156915894,0.4698930654052019,0.579805332852847,0.0,0.7394856911792396,0.8003396875100213,,,EXPLOIT
1344,56,,,0,0,1,0,rare,1.0,0.38690004482197404,0.3989169804720435,0.521933746443585,0.0,0.7230051282236085,0.783005963116792,,,EXPLOIT
1345,56,,,0,0,0,0,common,1.0,0.44174917519953305,0.3546971057692216,0.4978783750703694,0.0,0.7044981343008,0.7626021099368336,,,EXPLOIT
1346,56,,,0,0,0,1,common,0.0,0.6465010900375395,0.32726906970048175,0.5424651895605204,0.0,0.7126628880284717,0.7717006510341071,,,EXPLOIT
1347,56,,,0,0,1,0,rare,0.0,0.7485149708657168,0.60605293035327,0.6042801239520793,0.0,0.69282094863406,0.7491478452180982,,,EXPLOIT
1348,56,,,0,0,0,0,common,0.0,0.7128630361203034,0.6930911121860877,0.6368549976025465,0.0,0.6702799614001042,0.7219555870487215,,,EXPLOIT
1349,56,,,0,1,1,0,common,1.0,0.5134652689372841,0.6588342814291852,0.5998380790029677,0.0,0.6444504195300244,0.6885300161233281,,,EXPLOIT
1350,56,,,0,1,0,0,rare,0.0,0.46336097347819727,0.5004159592226229,0.5588949473455366,0.0,0.6145576624894421,0.6464527714910783,,,EXPLOIT
1351,56,,,0,1,1,0,common,1.0,0.3337524248092346,0.6578949780042405,0.49135219058464596,0.0,0.5795629898325371,0.5918686619018076,,,EXPLOIT
1352,56,,,0,1,1,0,common,1.0,0.2169390761260025,0.49933233247367736,0.40902825624705286,0.0,0.597535759484976,0.6205926728539463,,,EXPLOIT
1353,56,,,0,1,0,1,rare,1.0,0.5797742914755992,0.37720167812283134,0.4602520668156167,0.0,0.6138766358866314,0.6453061574102016,,,EXPLOIT
1354,56,,,0,1,1,0,common,0.0,0.8589896005180984,0.3045227306534082,0.5798733269263612,0.0,0.6287975052253415,0.6667932314393157,,,EXPLOIT
1355,56,,,0,1,1,0,common,0.0,0.558343240336764,0.5544250200091424,0.573414300949482,0.0,0.5962871233300603,0.6184848835918382,,,EXPLORE
1356,56,,,0,1,0,0,rare,1.0,0.6988153672391717,0.6755525271700988,0.6110346208363888,0.0,0.5579598332733472,0.5545492008829268,,,EXPLORE
1357,56,,,0,1,1,1,common,1.0,0.9783824422406634,0.5225471549768287,0.7212389672576711,0.0,0.5121036067693268,0.4659453855689515,,,EXPLORE
1358,56,,,0,0,1,1,rare,0.0,0.36405141254356876,0.39190481108262776,0.6140827008434403,0.0,0.45626149074701783,0.334992745512956,,,EXPLORE
1359,56,,,0,1,0,1,rare,0.0,0.6231467105408605,0.31752446196103157,0.6168019037526663,0.0,0.38677699816585887,0.121809858998093,,,EXPLORE
1360,56,,,0,1,1,0,common,1.0,0.6370768937811034,0.5369887390980176,0.6228844007611974,0.0,0.2979602904293073,0.09090909090909093,,,EXPLORE
1361,56,,,0,0,0,0,common,0.0,0.5457700112945383,0.3741758367421527,0.5997500839211997,0.0,0.1804465306053859,0.09090909090909093,,,EXPLORE
1362,56,,,0,1,1,0,common,0.0,0.5859000190422827,0.3260496431668194,0.5955950644575245,0.0,0.09090909090909093,0.09090909090909093,,,EXPLORE
1363,56,,,0,0,0,1,common,1.0,0.5949546381484407,0.5253625287584116,0.5954029365647994,0.0,0.09090909090909093,0.09090909090909093,,,EXPLORE
1364,56,,,0,0,0,0,common,1.0,0.6452494926585501,0.6930689287666101,0.6103569033929246,0.0,0.09090909090909093,0.09090909090909093,,,EXPLORE
1365,56,,,0,1,1,0,common,1.0,0.6191649876225163,0.6214988796820191,0.6129993286618021,0.0,0.09090909090909093,0.09090909090909093,,,EXPLORE
1366,56,,,0,0,1,0,rare,0.0,0.5975427580453645,0.6931141175676253,0.6083623574768707,0.0,0.09090909090909093,0.09090909090909093,,,EXPLORE
1367,56,,,0,0,0,0,common,0.0,0.5805878297719425,0.6033099919525632,0.6000299991653922,0.0,0.09090909090909093,0.09090909090909093,,,EXPLORE
1368,56,,,0,0,0,1,common,0.0,0.6132794852035135,0.484791682569921,0.6040048449768286,0.0,0.09090909090909093,0.09090909090909093,,,EXPLORE
1369,56,,,0,1,1,0,common,0.0,0.38840279272948697,0.40280144291329556,0.5393242293026261,0.0,0.09090909090909093,0.09090909090909093,,,EXPLORE
1370,56,,,0,0,1,1,rare,1.0,0.7633665818466803,0.5925316533904369,0.6065369350658423,0.0,0.09090909090909093,0.09090909090909093,,,EXPLORE
1371,56,,,0,1,0,1,rare,1.0,0.6013683346177162,0.687475040175,0.6049863549314045,0.0,0.09090909090909093,0.09090909090909093,,,EXPLORE
1372,56,,,0,1,1,1,common,0.0,0.5038117217996578,0.6479665391840628,0.5746339649918805,0.0,0.09090909090909093,0.09090909090909093,,,EXPLORE
1373,56,,,0,0,0,1,common,0.0,0.6091105824984845,0.6856495483115714,0.5849769502438616,0.0,0.09090909090909093,0.09090909090909093,,,EXPLORE
1374,56,,,0,0,1,1,rare,0.0,0.3274776191697776,0.6735430663044464,0.5077271509216363,0.0,0.09090909090909093,0.09090909090909093,,,EXPLORE
1375,56,,,0,1,0,1,rare,1.0,0.604078121375985,0.6157137689212367,0.5366324420579409,0.0,0.09090909090909093,0.09090909090909093,,,EXPLORE
1376,56,,,0,1,1,1,common,1.0,0.7871395475396445,0.4392793429672167,0.611784573702452,0.0,0.09090909090909093,0.09090909090909093,,,EXPLORE
1377,56,,,0,0,0,1,common,1.0,0.39265077889439026,0.32332365553159814,0.5460444352600334,0.0,0.09090909090909093,0.09090909090909093,,,EXPLORE
1378,56,,,0,1,0,1,rare,1.0,0.25522300628135364,0.5663611403586626,0.45879800656642944,0.0,0.09090909090909093,0.09090909090909093,,,EXPLORE
1379,56,,,0,0,0,0,common,0.0,0.3773820893517626,0.48979636423653516,0.4343732314020293,0.0,0.17965545529122232,0.23017705927636645,,,EXPLORE
1380,56,,,0,0,0,1,common,0.0,0.8341050459171201,0.3443490354372317,0.5542927757565566,0.0,0.25195053896963665,0.33155527035247095,,,EXPLORE
1381,56,,,0,0,0,1,common,1.0,0.45783172015387197,0.2624283206292357,0.5253544590757511,0.0,0.117731574948835,0.11586571025734585,,,EXPLORE
1382,56,,,0,0,0,1,common,1.0,0.29759061810001675,0.49356230511233823,0.4570253067830307,0.0,0.09090909090909093,0.09090909090909093,,,EXPLORE
1383,56,,,0,0,1,1,rare,1.0,0.511640705900769,0.6369441878525268,0.4734099265183522,0.0,0.17965545529122232,0.23017705927636645,,,EXPLORE
1384,56,,,0,0,0,1,common,1.0,0.19343390176501085,0.6872429712107323,0.3894171190923498,0.0,0.25195053896963665,0.33155527035247095,,,EXPLORE
1385,56,,,0,0,0,1,common,0.0,0.874267963852743,0.6921566004635362,0.5348723725204676,0.0,0.31197800201026266,0.40865139461585376,,,EXPLORE
1386,56,,,0,1,0,1,rare,0.0,0.5682741765042829,0.5597029126715976,0.5448929137156121,0.0,0.1993001761833469,0.24479250504532032,,,EXPLORE
1387,56,,,0,1,0,0,rare,0.0,0.2452983580786457,0.6927284207606068,0.45501454702452215,0.0,0.09090909090909093,0.09090909090909093,,,EXPLORE
1388,56,,,0,1,1,1,common,1.0,0.33256645883549985,0.6160334942690565,0.41828012056781544,0.0,0.17965545529122232,0.23017705927636645,,,EXPLORE
1389,56,,,0,0,1,0,rare,1.0,0.7475381847258334,0.6921781906173714,0.5170575398152208,0.0,0.25195053896963665,0.33155527035247095,,,EXPLORE
1390,56,,,0,1,0,1,rare,1.0,0.6306217852722161,0.6590274789199249,0.5511268134523194,0.0,0.117731574948835,0.11586571025734585,,,EXPLORE
1391,56,,,0,0,0,1,common,1.0,0.40990416042694044,0.6927375529345181,0.5087600175447057,0.0,0.09090909090909093,0.09090909090909093,,,EXPLORE
1392,56,,,0,0,0,1,common,0.0,0.7335622957224888,0.6784402131127721,0.5762007009980405,0.0,0.09090909090909093,0.09090909090909093,,,EXPLORE
1393,56,,,0,0,0,0,common,1.0,0.8405560672488803,0.6203830944096657,0.6555073108732925,0.0,0.09090909090909093,0.09090909090909093,,,EXPLORE
1394,56,,,0,1,0,0,rare,1.0,0.5463614437117722,0.6909604456494087,0.6227635507248364,0.0,0.09090909090909093,0.09090909090909093,,,EXPLORE
1395,56,,,0,1,0,0,rare,1.0,0.355134938412652,0.6610386581549227,0.542474967031181,0.0,0.09090909090909093,0.09090909090909093,,,EXPLORE
1396,56,,,0,1,1,1,common,1.0,0.21616819824307487,0.6251837349504286,0.44458293639474916,0.0,0.09090909090909093,0.09090909090909093,,,EXPLORE
1397,56,,,0,0,0,1,common,0.0,0.4768154922196177,0.5965000634067956,0.4542527031422097,0.0,0.17965545529122232,0.23017705927636645,,,EXPLORE
1398,56,,,0,1,0,0,rare,1.0,0.23083770996822384,0.38732441277764607,0.38722820519001394,0.0,0.25195053896963665,0.33155527035247095,,,EXPLORE
1399,56,,,0,1,1,0,common,1.0,0.4858998200717918,0.36497260511031143,0.41682968965454725,0.0,0.31197800201026266,0.40865139461585376,,,EXPLORE
1400,56,,,0,1,0,0,rare,0.0,0.8499554885206545,0.35076365514361435,0.5467674293143794,0.0,0.3626137856372424,0.46925370836719743,,,EXPLORE
1401,56,,,0,1,1,0,common,1.0,0.3158348830466646,0.633192269503402,0.47748766543406496,0.0,0.26644182952689394,0.34006380567581695,,,EXPLORE
1402,56,,,0,0,0,0,common,0.0,0.5524710675384255,0.5339032764744345,0.4999826860653731,0.0,0.3241353663312081,0.41525427127022185,,,EXPLORE
1403,56,,,0,1,0,0,rare,0.0,0.35910619389997656,0.39427644296443215,0.45771973841575414,0.0,0.3729583366315129,0.4745259581707185,,,EXPLORE
1404,56,,,0,0,0,1,common,1.0,0.6900699300572485,0.6188357657267226,0.5274247959082023,0.0,0.414808546973562,0.5224480780585465,,,EXPLORE
1405,56,,,0,0,0,0,common,1.0,0.7665809739650152,0.6887421354168133,0.5991716493252461,0.0,0.334111992469071,0.4196415389825118,,,EXPLORE
1406,56,,,0,0,0,1,common,1.0,0.4485454545372115,0.6136555740134979,0.5539837908888358,0.0,0.22883330066591218,0.2624510865255677,,,EXPLORE
1407,56,,,0,0,1,0,rare,1.0,0.20529267398033202,0.5303680114109088,0.4493764558162846,0.0,0.09090909090909093,0.09090909090909093,,,EXPLORE
1408,56,,,0,0,0,1,common,0.0,0.7084454545508125,0.4702333831129874,0.5270971554366429,0.0,0.17965545529122232,0.23017705927636645,,,EXPLORE
1409,56,,,0,1,0,0,rare,0.0,0.5017223669227401,0.6821528762771363,0.519484718882472,0.0,0.09090909090909093,0.09090909090909093,,,EXPLORE
1410,56,,,0,1,1,0,common,1.0,0.13344023808721583,0.584360391347045,0.4036713746438952,0.0,0.09090909090909093,0.09090909090909093,,,EXPLORE
1411,56,,,0,0,1,0,rare,1.0,0.08673615475669028,0.6929667081323134,0.3085908086777337,0.0,0.17965545529122232,0.23017705927636645,,,EXPLORE
1412,56,,,0,1,1,0,common,1.0,0.05637850059184868,0.6440417238444663,0.23292711625196819,0.0,0.25195053896963665,0.33155527035247095,,,EXPLORE
1413,56,,,0,1,1,1,common,0.0,0.8594906711420013,0.6930709228957845,0.4208961827189781,0.0,0.31197800201026266,0.40865139461585376,,,EXPLORE
1414,56,,,0,1,1,0,common,0.0,0.9633539746152984,0.5776723658004749,0.5836335202878742,0.0,0.3626137856372424,0.46925370836719743,,,EXPLORE
1415,56,,,0,1,1,0,common,1.0,0.37381991650005597,0.43666051945961126,0.5206894391515287,0.0,0.26644182952689394,0.34006380567581695,,,EXPLORE
1416,56,,,0,1,1,1,common,0.0,0.5586689362423009,0.6364629054469919,0.5320832882787603,0.0,0.13762342039147688,0.13054442996824825,,,EXPLORE
1417,56,,,0,0,0,0,common,1.0,0.673880461500219,0.48452614544655614,0.5746224402451978,0.0,0.09090909090909093,0.09090909090909093,,,EXPLORE
1418,56,,,0,0,0,0,common,1.0,0.4380222999751423,0.39723477813821273,0.5336423981641811,0.0,0.09090909090909093,0.09090909090909093,,,EXPLORE
1419,56,,,0,0,0,0,common,0.0,0.7152855050161575,0.34333627525471755,0.588135330219774,0.0,0.09090909090909093,0.09090909090909093,,,EXPLORE
1420,56,,,0,1,1,0,common,1.0,0.24298294572503643,0.6063518592159798,0.4845896148713527,0.0,0.09090909090909093,0.09090909090909093,,,EXPLORE
1421,56,,,0,1,0,1,rare,0.0,0.46048954545802817,0.6930278522230031,0.4773595940473553,0.0,0.17965545529122232,0.23017705927636645,,,EXPLORE
1422,56,,,0,1,1,1,common,0.0,0.3631348085574956,0.622185994065388,0.44309215840039734,0.0,0.25195053896963665,0.33155527035247095,,,EXPLORE
1423,56,,,0,1,1,0,common,1.0,0.15793891472127364,0.5171679314810875,0.3575461852966602,0.0,0.31197800201026266,0.40865139461585376,,,EXPLORE
1424,56,,,0,0,0,0,common,0.0,0.4649355782605024,0.6851644896397446,0.3897630031858128,0.0,0.3626137856372424,0.46925370836719743,,,EXPLORE
1425,56,,,0,0,0,0,common,0.0,0.30220812586932655,0.6569336362523563,0.3634965399908669,0.0,0.4059000327452924,0.5181414926281387,,,EXPLORE
1426,56,,,0,1,0,1,rare,0.0,0.2993182045477183,0.5682693664450009,0.3442430393579223,0.0,0.4433268371345312,0.5584101936095955,,,EXPLORE
1427,56,,,0,1,1,0,common,1.0,0.10266029456882786,0.6775181784865395,0.27176821592119393,0.0,0.4760069778008542,0.5921529537657815,,,EXPLORE
1428,56,,,0,0,0,1,common,1.0,0.8054431670439831,0.5209967657748251,0.4318707012580306,0.0,0.5047882362938754,0.6208359130085537,,,EXPLOIT
1429,56,,,0,1,0,0,rare,0.0,0.19643528181506226,0.6864836331717898,0.3612400754251401,0.0,0.5303278475182935,0.6455166258956538,,,EXPLORE
1430,56,,,0,0,1,0,rare,1.0,0.0667291914697381,0.6554735928705506,0.27288681023851946,0.0,0.5531431856165939,0.6669771225069359,,,EXPLOIT
1431,56,,,0,0,1,0,rare,1.0,0.043373974455329756,0.530429498700358,0.20403295950356254,0.0,0.5736470880232013,0.6858081495669813,,,EXPLOIT
1432,56,,,0,0,0,1,common,0.0,0.47646194142141096,0.43087581185910284,0.28576165407891707,0.0,0.5921729883276855,0.7024642847715783,,,EXPLOIT
1433,56,,,0,1,1,0,common,1.0,0.02819308339596438,0.6515697440729141,0.20849108287403126,0.0,0.6089931308257707,0.7173010333450142,,,EXPLOIT
1434,56,,,0,1,1,0,common,0.0,0.9816744957926231,0.6822806267647635,0.4404461067496088,0.0,0.6243319910980096,0.7306004237646555,,,EXPLOIT
1435,56,,,0,1,0,1,rare,1.0,0.6902997380760829,0.6594917599090484,0.515402196147551,0.0,0.6383763127966292,0.7425890580670904,,,EXPLORE
1436,56,,,0,0,0,1,common,1.0,0.44869482974945385,0.6792074980585469,0.4953899862281218,0.0,0.6074817933014985,0.7139580209341377,,,EXPLORE
1437,56,,,0,1,0,0,rare,1.0,0.8723170668202096,0.6786443483194754,0.6084681104057481,0.0,0.6229511161859645,0.7275969204919425,,,EXPLOIT
1438,56,,,0,1,1,0,common,1.0,0.361911577734795,0.6872097609110541,0.5345011506044621,0.0,0.5894326936504377,0.695522983388263,,,EXPLORE
1439,56,,,0,1,0,1,rare,1.0,0.291651639337145,0.6523052199874589,0.461646297224267,0.0,0.5498127055908582,0.6553479421948486,,,EXPLORE
1440,56,,,0,1,0,1,rare,1.0,0.1895735655691443,0.6154889161456745,0.3800244777277301,0.0,0.570646790271915,0.6755840160128486,,,EXPLOIT
1441,56,,,0,0,1,0,rare,0.0,0.7647574744723833,0.5870274723906855,0.495444376751126,0.0,0.5894562296861331,0.6934055414481144,,,EXPLOIT
1442,56,,,0,0,1,0,rare,1.0,0.5029076415929508,0.3793785244573897,0.49768335620367343,0.0,0.6065216569784377,0.7092195866274345,,,EXPLORE
1443,56,,,0,1,0,1,rare,0.0,0.8767771823800562,0.550251476479481,0.6114115040565882,0.0,0.622074132058367,0.7233465852817214,,,EXPLOIT
1444,56,,,0,1,0,0,rare,0.0,0.4329939065668638,0.6905935535096706,0.5578862248096709,0.0,0.5884030685036044,0.6902571620735476,,,EXPLORE
1445,56,,,0,1,0,1,rare,1.0,0.43009483145296346,0.5845669611856175,0.5195488068026586,0.0,0.5485868897039777,0.6486543227992694,,,EXPLORE
1446,56,,,0,1,0,1,rare,1.0,0.2795616404444262,0.6908040383146661,0.44755265689518886,0.0,0.5007770623107335,0.5947705648358288,,,EXPLORE
1447,56,,,0,0,0,1,common,0.0,0.818284933711123,0.6719754843303107,0.5587723399399691,0.0,0.5267575888733034,0.6230768108617484,,,EXPLORE
1448,56,,,0,1,1,0,common,1.0,0.32688996703541806,0.517035189412602,0.4892076280686038,0.0,0.4742241372120011,0.5607349454884084,,,EXPLORE
1449,56,,,0,1,1,0,common,1.0,0.2124784785730217,0.43696022241084465,0.4061888832199292,0.0,0.5032121373116992,0.5941170566356415,,,EXPLORE
1450,56,,,0,1,1,0,common,1.0,0.13811101107246415,0.385720010527016,0.3257655215756896,0.0,0.5289245750220888,0.6225171376152058,,,EXPLOIT
1451,56,,,0,0,1,0,rare,1.0,0.08977215719710174,0.3536743660022997,0.2549675122621132,0.0,0.551885856465291,0.6469718894602637,,,EXPLOIT
1452,56,,,0,0,1,0,rare,0.0,0.9416480978218839,0.5329747185091451,0.4609716879300444,0.0,0.5725141186967964,0.6682490371072848,,,EXPLOIT
1453,56,,,0,1,1,1,common,0.0,0.23603762556237212,0.34345214889119374,0.3934914692197427,0.0,0.5911468505609084,0.6869292494226059,,,EXPLORE
1454,56,,,0,1,1,0,common,1.0,0.3879287364157755,0.6183554016470347,0.39182264937855255,0.0,0.6080594420766584,0.7034598385041742,,,EXPLOIT
1455,56,,,0,0,0,0,common,0.0,0.28144603926846146,0.506526106381147,0.3587096663455252,0.0,0.6234788392644266,0.7181909644978961,,,EXPLOIT
1456,56,,,0,0,0,1,common,1.0,0.46811479308777004,0.38168004513460957,0.39153120436819866,0.0,0.6375937477019479,0.7314006528474569,,,EXPLOIT
1457,56,,,0,0,0,1,common,1.0,0.3042746155070506,0.6032020174410742,0.3653542277098542,0.0,0.6505623613692857,0.7433124596534397,,,EXPLOIT
1458,56,,,0,1,0,1,rare,1.0,0.19777850007958286,0.6872375964343269,0.3150815094207728,0.0,0.6625182898129611,0.7541081880577676,,,EXPLOIT
1459,56,,,0,1,0,1,rare,1.0,0.1285560250517288,0.6530296329856782,0.2591238641100596,0.0,0.6735751552949292,0.763937201035716,,,EXPLOIT
1460,56,,,0,1,1,0,common,1.0,0.25215367867025407,0.6169831543227975,0.25703280847811794,0.0,0.6838301955614025,0.772923348025331,,,EXPLOIT
1461,56,,,0,1,0,1,rare,1.0,0.08356141628362368,0.5890922853541017,0.20499139081976964,0.0,0.6933671144359808,0.7811701894726847,,,EXPLOIT
1462,56,,,0,0,0,1,common,1.0,0.054314920584355386,0.5695064362714564,0.15978844974914533,0.0,0.7022583572863653,0.788764988057677,,,EXPLOIT
1463,56,,,0,1,0,1,rare,1.0,0.03530469837983097,0.6463196302987814,0.12244332433835102,0.0,0.7105669423355251,0.7957817934065499,,,EXPLOIT
1464,56,,,0,0,0,1,common,1.0,0.022948053946890146,0.6367983809380584,0.09259474322091275,0.0,0.7183479457759848,0.8022838517385638,,,EXPLOIT
1465,56,,,0,0,0,1,common,1.0,0.014916235065478567,0.6728082924422049,0.06929119077428249,0.0,0.7256497147088685,0.8083255067368038,,,EXPLOIT
1466,56,,,0,1,0,1,rare,0.0,0.9903044472074389,0.6869632818959918,0.3455951677042294,0.0,0.7325148643776321,0.8139537127102561,,,EXPLOIT
1467,56,,,0,0,0,0,common,0.0,0.18293992552449995,0.5547660991855261,0.29679859505031053,0.0,0.7389811031619462,0.8192092492723136,,,EXPLOIT
1468,56,,,0,0,1,0,rare,1.0,0.16389989113566517,0.6905251101216977,0.2569289838759169,0.0,0.7450819190675986,0.8241277040406457,,,EXPLOIT
1469,56,,,0,0,1,0,rare,1.0,0.10653492923818231,0.6712814854351412,0.2118107674845965,0.0,0.7508471541021856,0.828740273451,,,EXPLOIT
1470,56,,,0,0,1,0,rare,1.0,0.0692477040048185,0.620476344836135,0.16904184844066308,0.0,0.7563034873321607,0.8330744197853873,,,EXPLOIT
1471,56,,,0,0,1,0,rare,1.0,0.045011007603132036,0.5758583516730573,0.13183259618940377,0.0,0.7614748431222879,0.8371544136589054,,,EXPLOIT
1472,56,,,0,0,0,1,common,1.0,0.3563021093151646,0.5436167212742833,0.199173450127132,0.0,0.7663827377366463,0.8410017846037545,,,EXPLOIT
1473,56,,,0,0,0,1,common,1.0,0.23159637105485698,0.5217515440684551,0.20890032640544948,0.0,0.7710465748923016,0.8446356974158179,,,EXPLOIT
1474,56,,,0,0,1,0,rare,0.0,0.9707428450579642,0.5072763041211773,0.43745308200120386,0.0,0.775483898826776,0.8480732681521997,,,EXPLOIT
1475,56,,,0,0,1,0,rare,1.0,0.3690171507123232,0.6931467164907603,0.41692230261453966,0.0,0.7797106118379526,0.8513298307759869,,,EXPLOIT
1476,56,,,0,0,0,1,common,1.0,0.15053764118565705,0.6609513194922243,0.33700690418587487,0.0,0.7837411619822783,0.8544191632127114,,,EXPLOIT
1477,56,,,0,0,0,1,common,1.0,0.09784946677067707,0.6099347944290539,0.26525967296131553,0.0,0.7875887056004127,0.8573536798481822,,,EXPLOIT
1478,56,,,0,0,1,0,rare,1.0,0.23986114796301006,0.5679291512702148,0.25764011546182386,0.0,0.7912652485228088,0.8601445961395265,,,EXPLOIT
1479,56,,,0,0,0,1,common,1.0,0.06360215340094011,0.538162777934988,0.19942872684355872,0.0,0.7947817691482962,0.8628020699415428,,,EXPLOIT
1480,56,,,0,0,0,1,common,0.0,0.9586586002893889,0.5181206587645513,0.4271976888773077,0.0,0.7981483260536569,0.8653353233024943,,,EXPLOIT
1481,56,,,0,0,0,1,common,1.0,0.3768719098118972,0.6930029862395242,0.41209995515768455,0.0,0.8013741523558925,0.8677527478073066,,,EXPLOIT
1482,56,,,0,1,1,0,common,1.0,0.15590974617595654,0.6634219326357755,0.33524289246316613,0.0,0.8044677386915489,0.8700619960039608,,,EXPLOIT
1483,56,,,0,0,0,1,common,1.0,0.24496674137773322,0.6930862532704247,0.30816004713753625,0.0,0.8074369063835038,0.8722700610118375,,,EXPLOIT
1484,56,,,0,0,1,0,rare,1.0,0.1013413350143717,0.680367833623504,0.24611443350058687,0.0,0.8102888721228079,0.8743833460566608,,,EXPLOIT
1485,56,,,0,0,0,1,common,0.0,0.8407716181044734,0.6573112415130802,0.4245115888817528,0.0,0.8130303052917792,0.8764077253884348,,,EXPLOIT
1486,56,,,0,0,0,1,common,1.0,0.4534984482320923,0.6339921985614423,0.43320764668685463,0.0,0.8156673788869048,0.8783485978029801,,,EXPLOIT
1487,56,,,0,0,1,0,rare,1.0,0.06587186775934162,0.6911998750388275,0.3230069130086007,0.0,0.8182058148600017,0.8802109337940046,,,EXPLOIT
1488,56,,,0,0,1,0,rare,1.0,0.04281671404357201,0.6850877589534607,0.23894985331909208,0.0,0.8206509245786272,0.8819993172028605,,,EXPLOIT
1489,56,,,0,0,1,0,rare,1.0,0.02783086412832181,0.6626265063212896,0.175614156561861,0.0,0.8230076450078894,0.883717982100787,,,EXPLOIT
1490,56,,,0,1,1,0,common,1.0,0.01809006168340921,0.641171796148742,0.12835692809832544,0.0,0.8252805711323735,0.8853708455283991,,,EXPLOIT
1491,56,,,0,1,1,0,common,1.0,0.011758540094215952,0.6800196708388517,0.0933774116970926,0.0,0.8274739850662601,0.886961536625328,,,EXPLOIT
1492,56,,,0,1,1,0,common,1.0,0.0076430510612404134,0.69169892452243,0.06765710350633694,0.0,0.8295918822396979,0.8884934226059932,,,EXPLOIT
1493,56,,,0,1,1,1,common,0.0,0.15342445661554188,0.6930000517947787,0.09338730943909843,0.0,0.8316379949983896,0.8899696319728252,,,EXPLOIT
1494,56,,,0,1,1,0,common,1.0,0.004967983189806291,0.5252328916635112,0.06686151156431079,0.0,0.8336158139096809,0.8913930753037349,,,EXPLOIT
1495,56,,,0,1,1,0,common,1.0,0.0032291890733741058,0.6317824208800265,0.04777181481702978,0.0,0.8355286070310477,0.8927664639045038,,,EXPLOIT
1496,56,,,0,0,0,0,common,0.0,0.11891095159092496,0.6766911890376025,0.06911355584919833,0.0,0.8373794373647571,0.8940923265776328,,,EXPLOIT
1497,56,,,0,1,1,0,common,1.0,0.002098972897693119,0.5957298483546148,0.04900918096374676,0.0,0.8391711786948247,0.8953730247258771,,,EXPLOIT
1498,56,,,0,1,1,0,common,1.0,0.0013643323835005328,0.5490770957483675,0.034715726389672893,0.0,0.8409065299785274,0.8966107659802722,,,EXPLOIT
1499,56,,,0,1,1,0,common,0.0,0.9991131839507247,0.5165235093961327,0.3240349636579884,0.0,0.8425880284440762,0.8978076165181301,,,EXPLOIT
1500,56,,,0,1,1,0,common,1.0,0.3505764304320289,0.6931308927832145,0.33199740369020053,0.0,0.8442180615281532,0.8989655122156032,,,EXPLOIT
1501,56,,,0,1,1,0,common,0.0,0.7721253202191812,0.6547514321186372,0.46403577864889467,0.0,0.8457988777714562,0.9000862687614636,,,EXPLOIT
1502,56,,,0,1,0,1,rare,1.0,0.29477399135086,0.6657438692069138,0.41325724245948425,0.0,0.8473325967768395,0.9011715908432522,,,EXPLOIT
1503,56,,,0,1,1,0,common,1.0,0.49811854185753224,0.6854444337768877,0.43871563227889865,0.0,0.8488212183228102,0.9022230805035646,,,EXPLOIT
1504,56,,,0,1,1,1,common,0.0,0.09972589680010223,0.632349953247675,0.3370187116352597,0.0,0.8502666307148027,0.9032422447526411,,,EXPLOIT
1505,56,,,0,1,1,0,common,0.0,0.6762229477926041,0.6759345122935909,0.43877998248246297,0.0,0.8516706184475769,0.9042305025133497,,,EXPLOIT
1506,56,,,0,0,1,0,rare,1.0,0.5604550839348074,0.5650291931570969,0.47528251291816626,0.0,0.8530348692441406,0.9051891909658835,,,EXPLOIT
1507,56,,,0,0,1,0,rare,0.0,0.6357041954423752,0.4429964285652731,0.5234090176754289,0.0,0.8543609805295878,0.9061195713518481,,,EXPLOIT
1508,56,,,0,0,0,1,common,1.0,0.191603094378059,0.6492826736828514,0.42386724068621795,0.0,0.8486597805118966,0.9019158668584121,,,EXPLOIT
1509,56,,,0,0,0,0,common,0.0,0.07729211853410123,0.5124967702638765,0.3198947040405829,0.0,0.8501098520580007,0.9029444295674982,,,EXPLOIT
1510,56,,,0,0,0,1,common,0.0,0.8754579886542616,0.6732264377255728,0.48656368942468653,0.0,0.8515183077022972,0.9039416753744209,,,EXPLOIT
1511,56,,,0,0,0,1,common,1.0,0.4309523073747299,0.6881646633106906,0.4698802748096995,0.0,0.8528868454756474,0.9049089649815018,,,EXPLOIT
1512,56,,,0,0,0,1,common,1.0,0.28011899979357446,0.617809491624167,0.41295189230486196,0.0,0.8542170724255681,0.9058475814907723,,,EXPLOIT
1513,56,,,0,0,0,1,common,1.0,0.18207734986582347,0.48338957133300725,0.3436895295731504,0.0,0.8555105106311897,0.9067587358593427,,,EXPLOIT
1514,56,,,0,0,0,1,common,1.0,0.11835027741278525,0.38907049234115976,0.2760877539250408,0.0,0.8567686027472442,0.9076435719009214,,,EXPLOIT
1515,56,,,0,0,0,1,common,1.0,0.07692768031831043,0.33143924563602145,0.2163397318430217,0.0,0.8579927171195543,0.9085031708769324,,,EXPLOIT
1516,56,,,0,0,0,1,common,0.0,0.9499970077930983,0.29660226639082843,0.4364369146280446,0.0,0.8591841525101659,0.9093385557159903,,,EXPLOIT
1517,56,,,0,0,0,1,common,0.0,0.6174980550655138,0.5698011352486482,0.49075525675928533,0.0,0.8603441424664463,0.9101506948963621,,,EXPLOIT
1518,56,,,0,0,1,0,rare,1.0,0.5867922729624561,0.6866859829072559,0.5195663616202365,0.0,0.861473859365051,0.9109405060224076,,,EXPLOIT
1519,56,,,0,0,1,1,rare,1.0,0.9351781670799335,0.5649271493986519,0.6442499032581456,0.0,0.8562529720953638,0.9071164122829194,,,EXPLOIT
1520,56,,,0,0,0,1,common,1.0,0.598626264207416,0.4429242021068439,0.6305628115429267,0.0,0.8506816141428818,0.9029927043471522,,,EXPLOIT
1521,56,,,0,0,0,0,common,0.0,0.0502398770471658,0.3640543218694438,0.4564659311941984,0.0,0.8447235813598044,0.8985329692518916,,,EXPLOIT
1522,56,,,0,1,1,0,common,1.0,0.3814149774255965,0.6118581304877673,0.4339506450636178,0.0,0.8462892687880752,0.8996675364211706,,,EXPLOIT
1523,56,,,0,1,1,1,common,1.0,0.6078658086019568,0.6919956408818615,0.48612519412511945,0.0,0.8478085044213406,0.9007660382527832,,,EXPLOIT
1524,56,,,0,1,1,0,common,0.0,0.7520802646733623,0.6345883494693165,0.5659117152895923,0.0,0.8492832518897131,0.9018301145958558,,,EXPLOIT
1525,56,,,0,1,0,0,rare,0.0,0.03265592008065778,0.6821510785241773,0.40593497672691187,0.0,0.8432261072130501,0.8972732096599907,,,EXPLOIT
1526,56,,,0,1,1,1,common,0.0,0.604887224408728,0.591760192185214,0.46562065103145667,0.0,0.8448367953162368,0.8984484280193309,,,EXPLOIT
1527,56,,,0,0,0,1,common,0.0,0.6108929282651796,0.5029448005711975,0.5092023342015735,0.0,0.8463991033078125,0.8995857032851351,,,EXPLOIT
1528,56,,,0,0,1,1,rare,0.0,0.3931766958656732,0.6475977714661071,0.47439464270080334,0.0,0.840134922889874,0.8948381721625175,,,EXPLOIT
1529,56,,,0,0,0,1,common,1.0,0.6029195966276333,0.691166388519201,0.5129521288788523,0.0,0.8418402738149213,0.8960937733271181,,,EXPLOIT
1530,56,,,0,0,0,1,common,0.0,0.6081022621920383,0.5397206520773719,0.5414971688728081,0.0,0.8352416443388774,0.8910416835271252,,,EXPLOIT
1531,56,,,0,0,1,0,rare,0.0,0.4888521720376855,0.6618551952533372,0.5257036698222712,0.0,0.8281432584348093,0.8855317051341296,,,EXPLOIT
1532,56,,,0,0,1,0,rare,0.0,0.3177539118244956,0.6927722432593816,0.4633187424229385,0.0,0.8204865088277128,0.8794989523486454,,,EXPLOIT
1533,56,,,0,0,0,1,common,1.0,0.604733529575175,0.6859948646857916,0.5057431785686094,0.0,0.8228491264233418,0.8813154455656699,,,EXPLOIT
1534,56,,,0,0,0,0,common,1.0,0.9787736519475725,0.5883838090461475,0.6476523205822983,0.0,0.8147618770884656,0.8748660948943829,,,EXPLOIT
1535,56,,,0,1,1,0,common,1.0,0.7934599573140779,0.41848659479024297,0.6913946116018321,0.0,0.8059937158649327,0.867751542228889,,,EXPLOIT
1536,56,,,0,0,0,1,common,0.0,0.6069232057761362,0.6459794678700028,0.6660531898541233,0.0,0.7964553715462206,0.8598636956400163,,,EXPLOIT
1537,56,,,0,0,0,0,common,0.0,0.3637971262340779,0.6847626681498937,0.5753763707681097,0.0,0.7860412549765409,0.8510697031805947,,,EXPLOIT
1538,56,,,0,1,0,1,rare,1.0,0.6054999162455115,0.6124701896270637,0.5844134344113302,0.0,0.7746255520275961,0.8412044326653861,,,EXPLOIT
1539,56,,,0,1,0,1,rare,1.0,0.3935749455595825,0.4595948049156107,0.5271618877558059,0.0,0.7620571375617232,0.8300600332996287,,,EXPLOIT
1540,56,,,0,1,0,1,rare,1.0,0.25582371461372866,0.35613130414493177,0.44576043581318264,0.0,0.7481528733129035,0.8173711667207338,,,EXPLOIT
1541,56,,,0,1,1,1,common,0.0,0.2555648523126876,0.2951633885444122,0.38870176076303414,0.0,0.7537525709913067,0.82240631270846,,,EXPLOIT
1542,56,,,0,0,0,1,common,1.0,0.16628541449892364,0.550896267126681,0.32197685688380095,0.0,0.7590562644399694,0.8271248827342018,,,EXPLOIT
1543,56,,,0,0,0,1,common,1.0,0.10808551942430034,0.6910599742401929,0.25780945564595076,0.0,0.7640865722931606,0.8315556061081165,,,EXPLOIT
1544,56,,,0,0,0,1,common,1.0,0.0702555876257952,0.6584381444864735,0.20154329523990408,0.0,0.7688638662412248,0.8357238381768148,,,EXPLOIT
1545,56,,,0,0,0,1,common,1.0,0.04566613195676683,0.5882271818087603,0.1547801462549629,0.0,0.7734065432915618,0.8396520414993296,,,EXPLOIT
1546,56,,,0,0,0,1,common,0.0,0.9703170142281016,0.5302244408258044,0.39944120664690447,0.0,0.7777312593785806,0.8433601869595279,,,EXPLOIT
1547,56,,,0,0,0,0,common,0.0,0.23646813205215064,0.6930094636161672,0.3505492842684783,0.0,0.7818531305761959,0.846866089937789,,,EXPLOIT
1548,56,,,0,0,1,0,rare,1.0,0.5157489722541506,0.6261797097094755,0.40010919066417994,0.0,0.7857859070362044,0.8501856934859959,,,EXPLOIT
1549,56,,,0,0,0,0,common,0.0,0.15370428583389792,0.6911105199807319,0.3261877192150953,0.0,0.7895421238703932,0.8533333080035631,,,EXPLOIT
1550,56,,,0,0,0,1,common,0.0,0.6307060592482661,0.6359981409843041,0.4175432212250465,0.0,0.793133232464883,0.856321815015501,,,EXPLOIT
1551,56,,,0,1,1,0,common,0.0,0.6647631680348021,0.5341333850943734,0.4917092052679731,0.0,0.7965697151247464,0.8591628411725537,,,EXPLOIT
1552,56,,,0,1,0,1,rare,1.0,0.590041061488627,0.6681695665515335,0.5212087621341692,0.0,0.799861185466579,0.8618669074293638,,,EXPLOIT
1553,56,,,0,1,1,0,common,1.0,0.5679039407773786,0.5093128467860903,0.535217315727132,0.0,0.7897643283097803,0.8533079262616,,,EXPLOIT
1554,56,,,0,1,0,1,rare,1.0,0.3835266899676075,0.3808770644803823,0.48971012799927466,0.0,0.7787121561588733,0.8437214522995435,,,EXPLOIT
1555,56,,,0,1,1,0,common,1.0,0.3691375615052961,0.3043527410033854,0.45353835805108106,0.0,0.7827886526775346,0.8472079372226797,,,EXPLOIT
1556,56,,,0,1,1,1,common,0.0,0.16611715400324695,0.25997427184399535,0.36731199683673077,0.0,0.7866790875183044,0.8505096313131817,,,EXPLOIT
1557,56,,,0,1,0,0,rare,0.0,0.09990778579203366,0.5174839938416927,0.28709073352332165,0.0,0.7903957314306759,0.8536406926707035,,,EXPLOIT
1558,56,,,0,1,0,1,rare,1.0,0.24929234847894488,0.6625525653592763,0.2757512180100086,0.0,0.7939497996268552,0.8566138692660817,,,EXPLOIT
1559,56,,,0,1,1,0,common,1.0,0.2399394149784424,0.5021582735860917,0.26500767710053874,0.0,0.7973515628950079,0.8594406702393902,,,EXPLOIT
1560,56,,,0,1,1,1,common,1.0,0.8920238498978895,0.3763912656077659,0.45311252893974396,0.0,0.8006104449660186,0.8621315128197524,,,EXPLOIT
1561,56,,,0,1,0,0,rare,1.0,0.9350599392351782,0.3017593720037381,0.5976967520283742,0.0,0.8037351080777876,0.8646958488207411,,,EXPLOIT
1562,56,,,0,1,1,0,common,1.0,0.15596061973598752,0.2584545843264867,0.4651759123406582,0.0,0.7939929676455955,0.8564630802413651,,,EXPLOIT
1563,56,,,0,1,1,1,common,1.0,0.5798155024336282,0.2327491721905012,0.4995677893685492,0.0,0.7973929000081006,0.8592972215746103,,,EXPLOIT
1564,56,,,0,1,0,0,rare,0.0,0.3922110394971342,0.21709118550090972,0.46736076440712465,0.0,0.8006500632741098,0.8619948880202293,,,EXPLOIT
1565,56,,,0,1,1,0,common,1.0,0.10137440282839183,0.4790068148432708,0.3575648559335048,0.0,0.8037731107164122,0.8645655787269759,,,EXPLOIT
1566,56,,,0,1,1,0,common,1.0,0.06589336183845473,0.3621375474443853,0.27006340770498977,0.0,0.8067700103913622,0.8670179314354339,,,EXPLOIT
1567,56,,,0,1,1,0,common,1.0,0.042830685194995555,0.2935228817445938,0.2018935909519915,0.0,0.8096481116508703,0.8693598179605435,,,EXPLOIT
1568,56,,,0,1,0,1,rare,1.0,0.16204002651131422,0.2536157239107739,0.1899375216197883,0.0,0.8124142040545554,0.8715984272490842,,,EXPLOIT
1569,56,,,0,1,1,0,common,1.0,0.027839945376747166,0.22982872339805338,0.14130824874687595,0.0,0.8150745696762366,0.8737403378584041,,,EXPLOIT
1570,56,,,0,1,1,0,common,1.0,0.018095964494885708,0.21528786889636167,0.10434456347127888,0.0,0.8176350296530281,0.8757915813956669,,,EXPLOIT
1571,56,,,0,1,0,1,rare,0.0,0.8946739827676458,0.20622344010494556,0.3414433892601889,0.0,0.8201009857030611,0.8777576982061261,,,EXPLOIT
1572,56,,,0,1,1,0,common,1.0,0.011762376921675699,0.4682597511482601,0.24253908555863493,0.0,0.8224774572350685,0.8796437863932208,,,EXPLOIT
1573,56,,,0,1,0,1,rare,1.0,0.41846191120103016,0.355635723422208,0.2953159332513535,0.0,0.8247691145863771,0.8814545450838003,,,EXPLOIT
1574,56,,,0,1,0,0,rare,0.0,0.25493717567313723,0.289765460277374,0.28320230597788865,0.0,0.8269803088524922,0.8831943127115615,,,EXPLOIT
1575,56,,,0,1,1,0,common,1.0,0.007645544999089204,0.5410488390339167,0.2005352776842488,0.0,0.8291150987091882,0.8848671009753329,,,EXPLOIT
1576,56,,,0,0,0,0,common,1.0,0.8342908358124608,0.40136903759125997,0.39066194512271235,0.0,0.8311772745750244,0.8864766250317537,,,EXPLOIT
1577,56,,,0,0,0,1,common,1.0,0.27200024228066955,0.622511587052814,0.35506343427009945,0.0,0.8331703804169449,0.8880263304006645,,,EXPLOIT
1578,56,,,0,0,0,1,common,0.0,0.8231998425175648,0.6919874849714285,0.495504356744339,0.0,0.8350977334628938,0.8895194169933313,,,EXPLOIT
1579,56,,,0,0,0,0,common,1.0,0.5422890432780996,0.5718388191372885,0.5095397627044672,0.0,0.8369624420521313,0.8909588606161688,,,EXPLOIT
1580,56,,,0,0,0,0,common,0.0,0.6475121218692352,0.683905298112311,0.5509314704538976,0.0,0.8299961720729269,0.8854412051360899,,,EXPLOIT
1581,56,,,0,0,1,1,rare,0.0,0.6231199234181417,0.5480758057145578,0.5725880063431708,0.0,0.8224872538026687,0.8793996614447638,,,EXPLOIT
1582,56,,,0,0,0,1,common,0.0,0.5350798976364172,0.419775891468356,0.5613355737311446,0.0,0.8143701385568466,0.8727562501894942,,,EXPLOIT
1583,56,,,0,0,0,1,common,1.0,0.6521980665363288,0.33944117399106305,0.5885943215726999,0.0,0.8055682779476229,0.8654167083299132,,,EXPLOIT
1584,56,,,0,0,1,0,rare,1.0,0.004969604249407955,0.5878721064460299,0.41350690637571225,0.0,0.7959917155101237,0.8572660045458678,,,EXPLOIT
1585,56,,,0,0,0,0,common,1.0,0.5791171207849971,0.6871076956182172,0.4631899706984977,0.0,0.7993073738370199,0.860061162346996,,,EXPLOIT
1586,56,,,0,0,1,0,rare,1.0,0.003230242762115143,0.6842936923099521,0.3252020523175829,0.0,0.8024853920561754,0.8627225810703144,,,EXPLOIT
1587,56,,,0,0,1,0,rare,1.0,0.0020996577953747986,0.6522136832732293,0.22827133396092048,0.0,0.805534015657999,0.8652595097798882,,,EXPLOIT
1588,56,,,0,0,0,1,common,1.0,0.42392874324861374,0.6207424309840097,0.28696855674722843,0.0,0.8084608446545026,0.8676803640689087,,,EXPLOIT
1589,56,,,0,0,0,1,common,1.0,0.275553683111599,0.5967401764037745,0.2835440946565396,0.0,0.8112728955332819,0.8699928178790993,,,EXPLOIT
1590,56,,,0,0,0,0,common,0.0,0.6235738714897519,0.5799306659316579,0.38555302770650324,0.0,0.8139766562101511,0.8722038834434315,,,EXPLOIT
1591,56,,,0,0,0,1,common,0.0,0.8208901059774607,0.6795665143189041,0.5161541511877904,0.0,0.8165781348864528,0.8743199811065974,,,EXPLOIT
1592,56,,,0,0,1,0,rare,1.0,0.0013647775669936024,0.5399654536091006,0.36171733910155135,0.0,0.8079653512451046,0.8671475417099203,,,EXPLOIT
1593,56,,,0,0,0,0,common,1.0,0.5946769835316613,0.6760830326792335,0.43160523243058435,0.0,0.8107966850721325,0.8694836558731517,,,EXPLOIT
1594,56,,,0,0,0,1,common,1.0,0.4664214311146505,0.689615221619174,0.44205009203580414,0.0,0.8135186472591285,0.8717168641544707,,,EXPLOIT
1595,56,,,0,1,1,1,common,0.0,0.4050279502217921,0.6604457403463614,0.43094344949160046,0.0,0.8161373253499762,0.8738537139356632,,,EXPLOIT
1596,56,,,0,0,1,0,rare,1.0,0.0008871054185458638,0.47293604882354456,0.30192654626968407,0.0,0.8186583635646764,0.8759002088526553,,,EXPLOIT
1597,56,,,0,0,0,1,common,1.0,0.3031739302245229,0.4219451046295286,0.3023007614561357,0.0,0.8210870024375303,0.8778618640965373,,,EXPLOIT
1598,56,,,0,0,0,1,common,1.0,0.19706305464593987,0.3894683476468806,0.270729449413077,0.0,0.8234281142770938,0.879743755099934,,,EXPLOIT
1599,56,,,0,0,0,0,common,0.0,0.6134599607044201,0.36886274059122204,0.37354860280047986,0.0,0.8256862349528606,0.88155056051373,,,EXPLOIT
1600,56,,,0,0,1,1,rare,0.0,0.2632681676441649,0.643581414900461,0.34046447225358534,0.0,0.827865592445069,0.8832866002403672,,,EXPLOIT
1601,56,,,0,1,0,1,rare,1.0,0.12809098551986087,0.6869594396034184,0.27675242623346796,0.0,0.8299701325357646,0.884955869174628,,,EXPLOIT
1602,56,,,0,1,1,0,common,1.0,0.000576618522054817,0.5860958374270674,0.193899683920044,0.0,0.8320035419695987,0.8865620672066702,,,EXPLOIT
1603,56,,,0,1,0,0,rare,0.0,0.39874897445787305,0.4812933883795313,0.2553544710813927,0.0,0.8339692693703992,0.8881086259616332,,,EXPLOIT
1604,56,,,0,0,0,1,common,1.0,0.08325914058790951,0.6743132915289531,0.20372587193334774,0.0,0.8358705441631862,0.8895987326825613,,,EXPLOIT
1605,56,,,0,0,1,0,rare,1.0,0.00037480203933559775,0.6691896925673347,0.14272055096514408,0.0,0.8377103937200576,0.8910353516064693,,,EXPLOIT
1606,56,,,0,1,1,1,common,0.0,0.17112430896870717,0.5849626276130485,0.151241678366213,0.0,0.839491658921449,0.8924212431352616,,,EXPLOIT
1607,56,,,0,0,0,1,common,0.0,0.9458815586178588,0.4330331242448351,0.38963364244170673,0.0,0.841217008301041,0.8937589810624089,,,EXPLOIT
1608,56,,,0,0,1,1,rare,0.0,0.11123080082965967,0.6443324191681232,0.30611278995809255,0.0,0.8428889509224599,0.895050968081605,,,EXPLOIT
1609,56,,,0,1,1,0,common,0.0,0.9997563786744319,0.692948822083727,0.5142058665729943,0.0,0.8445098481184777,0.8962994497740256,,,EXPLOIT
1610,56,,,0,1,1,0,common,0.0,0.6498416461383807,0.6719197309213563,0.5548966004426101,0.0,0.8381081373320189,0.891265568319394,,,EXPLOIT
1611,56,,,0,0,0,1,common,1.0,0.38517698689839175,0.6333915014324718,0.5039807163793446,0.0,0.8312291287859391,0.8857763148464878,,,EXPLOIT
1612,56,,,0,0,0,1,common,1.0,0.25036504148395466,0.43687928273501586,0.42789601391072757,0.0,0.8238177648644949,0.879767289602346,,,EXPLOIT
1613,56,,,0,0,1,1,rare,0.0,0.07230002053927878,0.3064313999606927,0.3212172158992929,0.0,0.8260622043574791,0.8815731649183233,,,EXPLOIT
1614,56,,,0,0,0,1,common,1.0,0.16273727696457052,0.5199182657123249,0.2736732342188762,0.0,0.8282285707534894,0.8833083275382131,,,EXPLOIT
1615,56,,,0,0,1,0,rare,1.0,0.5776029300100525,0.35475885158981224,0.36485214295622903,0.0,0.8303207642252647,0.88497676840824,,,EXPLOIT
1616,56,,,0,0,0,1,common,0.0,0.8942207699730291,0.26156465260672457,0.523662731061269,0.0,0.8323424296153314,0.886582183831075,,,EXPLOIT
1617,56,,,0,1,1,0,common,1.0,0.37544190450653414,0.48438051480111455,0.4791964830948486,0.0,0.8250185936355098,0.8806509871634668,,,EXPLOIT
1618,56,,,0,1,1,0,common,1.0,0.24403723792924725,0.6853282309315324,0.4086487095451682,0.0,0.8272211068863002,0.8824220975230208,,,EXPLOIT
1619,56,,,0,1,1,0,common,1.0,0.15862420465401073,0.6587867234735458,0.3336413580778209,0.0,0.829347649530385,0.8841244666431571,,,EXPLOIT
1620,56,,,0,1,0,1,rare,1.0,0.418756499517531,0.5735314299407384,0.3591759005097339,0.0,0.8314019835784602,0.885761939241777,,,EXPLOIT
1621,56,,,0,1,1,0,common,1.0,0.10310573302510695,0.5028769916069273,0.2823548502643458,0.0,0.8333876268777977,0.8873380787049358,,,EXPLOIT
1622,56,,,0,1,1,0,common,1.0,0.06701872646631957,0.4547695361929493,0.21775401312493795,0.0,0.8353078726071994,0.8888561923593861,,,EXPLOIT
1623,56,,,0,1,1,0,common,0.0,0.9564378277968922,0.4235750786727093,0.4393591575265242,0.0,0.8371658069334288,0.8903193540688611,,,EXPLOIT
1624,56,,,0,1,1,0,common,1.0,0.37831541193202,0.6713998057359144,0.4210460338481729,0.0,0.8389643250282752,0.8917304244789962,,,EXPLOIT
1625,56,,,0,1,1,1,common,0.0,0.04699501335053121,0.5878771416679933,0.3088307276988804,0.0,0.8407061456211239,0.8930920691914891,,,EXPLOIT
1626,56,,,0,1,0,0,rare,1.0,0.7408131666023825,0.6924973487105177,0.43842545936993105,0.0,0.8423938242409083,0.8944067751104646,,,EXPLOIT
1627,56,,,0,0,0,1,common,1.0,0.2721917246863952,0.6430127699105788,0.38855533896487027,0.0,0.8440297652831165,0.8956768651719704,,,EXPLOIT
1628,56,,,0,0,0,0,common,0.0,0.5184714417084514,0.6928725234048185,0.42753016978794456,0.0,0.8456162330217041,0.8969045116401604,,,EXPLOIT
1629,56,,,0,1,1,0,common,1.0,0.24590501775581308,0.6012606693690513,0.3730426241783051,0.0,0.8471553616720006,0.8980917481302884,,,EXPLOIT
1630,56,,,0,1,0,1,rare,1.0,0.17692462104615692,0.504117585435935,0.3142072232386606,0.0,0.8486491645986696,0.8992404804985156,,,EXPLOIT
1631,56,,,0,0,0,1,common,1.0,0.11500100368000199,0.4360271114467604,0.254445357371063,0.0,0.8500995427522853,0.9003524967212053,,,EXPLOIT
1632,56,,,0,1,1,1,common,0.0,0.030546758677845287,0.6031070323143389,0.18727577776309767,0.0,0.8515082924088765,0.9014294758714413,,,EXPLOIT
1633,56,,,0,1,1,0,common,1.0,0.15983826154127856,0.6811621387387511,0.17904452289655193,0.0,0.852877112278715,0.9024729962875676,,,EXPLOIT
1634,56,,,0,1,1,0,common,1.0,0.10389487000183106,0.681475952332036,0.15649962702813566,0.0,0.8542076100435142,0.9034845430173465,,,EXPLOIT
1635,56,,,0,1,0,1,rare,1.0,0.0747506523920013,0.6339502854705836,0.13197493463729534,0.0,0.8555013083749518,0.9044655146115842,,,EXPLOIT
1636,56,,,0,1,1,0,common,1.0,0.06753166550119016,0.5878359333028406,0.11264195389646378,0.0,0.8567596504818974,0.9054172293325974,,,EXPLOIT
1637,56,,,0,1,1,0,common,1.0,0.04389558257577364,0.5535129999392473,0.09201804250025673,0.0,0.8579840052288492,0.9063409308354913,,,EXPLOIT
1638,56,,,0,1,1,0,common,0.0,0.9714678713257471,0.5299669297651166,0.3558529911479038,0.0,0.859175671863759,0.9072377933737437,,,EXPLOIT
1639,56,,,0,1,0,1,rare,0.0,0.9514120759451992,0.6924136506401048,0.5345207165870924,0.0,0.8603358843895801,0.9081089265749275,,,EXPLOIT
1640,56,,,0,1,0,1,rare,1.0,0.3815821506356205,0.5938098488173817,0.4886391468016509,0.0,0.8550395842623243,0.9040640886035831,,,EXPLOIT
1641,56,,,0,1,1,0,common,1.0,0.36854588363826446,0.6918707164702487,0.4526111678526349,0.0,0.8563104969447753,0.9050277286856845,,,EXPLOIT
1642,56,,,0,1,0,1,rare,1.0,0.24802839791315334,0.669085857367807,0.3912363368707904,0.0,0.8575469375877255,0.9059628507402426,,,EXPLOIT
1643,56,,,0,1,1,0,common,1.0,0.23955482436487197,0.6193711970729214,0.3457318831190148,0.0,0.8587502299870348,0.9068706570744294,,,EXPLOIT
1644,56,,,0,1,0,1,rare,1.0,0.16121845864354967,0.5764769913776235,0.29037785577637526,0.0,0.8599216311583658,0.9077522834469823,,,EXPLOIT
1645,56,,,0,1,1,0,common,0.0,0.8442893641628332,0.5455973808495108,0.4565513082923126,0.0,0.8610623354971865,0.9086088036108795,,,EXPLOIT
1646,56,,,0,0,0,1,common,1.0,0.1047919981183073,0.6912279875961154,0.351023515240111,0.0,0.8621734786316138,0.9094412334889125,,,EXPLOIT
1647,56,,,0,0,1,0,rare,1.0,0.45121191329415844,0.6453358811693312,0.38108003465632523,0.0,0.863256140994239,0.9102505350163058,,,EXPLOIT
1648,56,,,0,0,1,1,rare,0.0,0.019855393140599437,0.5889626407028088,0.27271264220160746,0.0,0.864311351136557,0.9110376196809506,,,EXPLOIT
1649,56,,,0,0,0,1,common,0.0,0.9318852012231003,0.6871716547443594,0.47046440990805527,0.0,0.8653400888073846,0.9118033517886562,,,EXPLOIT
1650,56,,,0,1,1,0,common,1.0,0.293287743641203,0.584304743828576,0.41731141002799954,0.0,0.8663432878146439,0.9125485514780182,,,EXPLOIT
1651,56,,,0,1,1,0,common,1.0,0.19063703336678195,0.4655293750299976,0.34930909702963425,0.0,0.8673218386880922,0.9132739975070201,,,EXPLOIT
1652,56,,,0,1,1,0,common,1.0,0.12391407168840829,0.3861272402386445,0.28169058942726644,0.0,0.8682765911589613,0.9139804298312812,,,EXPLOIT
1653,56,,,0,1,0,0,rare,1.0,0.6629935628895066,0.33733202111401694,0.39608148146593847,0.0,0.8692083564710341,0.9146685519919019,,,EXPLOIT
1654,56,,,0,1,1,0,common,1.0,0.08054414659746545,0.30744610049112026,0.30142028100539653,0.0,0.8701179095363708,0.9153390333291094,,,EXPLOIT
1655,56,,,0,1,1,0,common,0.0,0.9476463047116475,0.2889059091081875,0.49528808811727176,0.0,0.8710059909477371,0.9159925110363566,,,EXPLOIT
1656,56,,,0,1,0,1,rare,0.0,0.6057253807950151,0.5720802713109191,0.5284192759205948,0.0,0.8718733088587233,0.9166295920681264,,,EXPLOIT
1657,56,,,0,0,1,0,rare,1.0,0.38402990193742914,0.6889992404552687,0.4851024637256451,0.0,0.8673164143298947,0.9132299734231688,,,EXPLOIT
1658,56,,,0,0,1,0,rare,1.0,0.24961943625932892,0.6327967020261966,0.4144575554857502,0.0,0.8682712980566976,0.9139375535197218,,,EXPLOIT
1659,56,,,0,0,0,1,common,1.0,0.6062785024832401,0.5190613674068743,0.47200383958499714,0.0,0.869203190175399,0.9146267812270068,,,EXPLOIT
1660,56,,,0,0,0,1,common,0.0,0.605918973385894,0.4344446100981797,0.5121783797252661,0.0,0.8701128657962062,0.915298327926152,,,EXPLOIT
1661,56,,,0,0,0,1,common,0.0,0.39384733270083105,0.6593876551790817,0.4766790656179356,0.0,0.8654467535724348,0.9118016528369194,,,EXPLOIT
1662,56,,,0,1,1,0,common,1.0,0.1622526335685638,0.6870951353475447,0.38235113600312404,0.0,0.866447319839838,0.9125468978191046,,,EXPLOIT
1663,56,,,0,1,1,0,common,1.0,0.10546421181956644,0.5709668775299975,0.2992850587480567,0.0,0.8674233291944456,0.9132723874338103,,,EXPLOIT
1664,56,,,0,1,0,0,rare,0.0,0.5690541841218206,0.4527868786115562,0.3802157963601859,0.0,0.868375627214888,0.9139788617211834,,,EXPLOIT
1665,56,,,0,1,1,0,common,0.0,0.9314482623172818,0.6563939637622085,0.5455855361473146,0.0,0.8693050212260951,0.9146670243016806,,,EXPLOIT
1666,56,,,0,1,1,0,common,1.0,0.39455862949376685,0.6911038911693407,0.5002774641512503,0.0,0.8645883566401109,0.9111238391471775,,,EXPLOIT
1667,56,,,0,0,0,0,common,0.0,0.3698852196791834,0.6139773092137861,0.4611597908096302,0.0,0.8595710824702002,0.90731382021097,,,EXPLOIT
1668,56,,,0,1,0,0,rare,1.0,0.7595746072085308,0.5157390465661282,0.5506842357293004,0.0,0.8607209368878413,0.9081827872877345,,,EXPLOIT
1669,56,,,0,1,1,0,common,1.0,0.2564631091709485,0.37817978960620335,0.46241789776179476,0.0,0.855450214894708,0.9041437875774826,,,EXPLOIT
1670,56,,,0,1,1,0,common,1.0,0.1667010209611165,0.29683586019517744,0.37370283472159127,0.0,0.8567099454066696,0.9051050548304067,,,EXPLOIT
1671,56,,,0,1,1,0,common,1.0,0.1083556636247257,0.25025130791046885,0.2940986833925316,0.0,0.8579356351356594,0.9060379047322048,,,EXPLOIT
1672,56,,,0,1,1,1,common,1.0,0.9870939944586103,0.2229111951893803,0.5019972767123552,0.0,0.859128586029875,0.9069435339823279,,,EXPLOIT
1673,56,,,0,1,0,0,rare,0.0,0.506276505314455,0.20639424185439142,0.5032810452929851,0.0,0.8537516835093591,0.9028060088016702,,,EXPLOIT
1674,56,,,0,1,1,0,common,1.0,0.07043118135607174,0.46135401575301993,0.3734260861119111,0.0,0.8480083475598574,0.8983307418777726,,,EXPLOIT
1675,56,,,0,1,1,0,common,1.0,0.045780267881446624,0.3450021596023971,0.2751323406427717,0.0,0.8494772859047693,0.8994717917494373,,,EXPLOIT
1676,56,,,0,1,1,0,common,0.0,0.9702428258770597,0.277905535012677,0.48366548621305805,0.0,0.8509038310170863,0.900576478909502,,,EXPLOIT
1677,56,,,0,1,1,0,common,1.0,0.3693421631799112,0.5250924366524532,0.44936848930311396,0.0,0.8522897229818702,0.9016464611018037,,,EXPLOIT
1678,56,,,0,1,1,0,common,1.0,0.24007240606694225,0.38412793178796256,0.38657966433226243,0.0,0.8536366080940966,0.9026832969207783,,,EXPLOIT
1679,56,,,0,1,1,0,common,1.0,0.15604706394351242,0.30023342643614587,0.3174198842156374,0.0,0.8549460450954465,0.9036884531162895,,,EXPLOIT
1680,56,,,0,1,1,0,common,1.0,0.10143059156328305,0.25221683022332886,0.2526230964199311,0.0,0.8562195109199385,0.9046633112620062,,,EXPLOIT
1681,56,,,0,1,1,0,common,0.0,0.934070115483866,0.22408286919867332,0.45705720213911155,0.0,0.8574584059929442,0.905609173851096,,,EXPLOIT
1682,56,,,0,1,1,1,common,1.0,0.6416110963980968,0.4786291438436109,0.5124233704168071,0.0,0.8586640591235716,0.9065272698758056,,,EXPLOIT
1683,56,,,0,1,1,0,common,1.0,0.39285442493548706,0.3553258894393268,0.476552686772411,0.0,0.8532559801432602,0.9023563780847829,,,EXPLOIT
1684,56,,,0,1,1,1,common,0.0,0.5829527873412371,0.28379692166828574,0.5084727169430588,0.0,0.8545759538666737,0.9033714762455761,,,EXPLOIT
1685,56,,,0,1,1,0,common,1.0,0.2553553762080666,0.5296940603418596,0.43253751472256113,0.0,0.8488895829258053,0.8989431675331062,,,EXPLOIT
1686,56,,,0,1,0,1,rare,1.0,0.7439992337444599,0.3870880990707461,0.5259760304291308,0.0,0.8503330242548743,0.9000646356775507,,,EXPLOIT
1687,56,,,0,1,1,0,common,1.0,0.1659809945352433,0.30192546247809526,0.41797751966096447,0.0,0.844350361856245,0.8953581182588219,,,EXPLOIT
1688,56,,,0,0,0,0,common,0.0,0.32907972845439576,0.25319458473517953,0.39130818229899383,0.0,0.8459272125515996,0.8965963557184746,,,EXPLOIT
1689,56,,,0,1,1,0,common,1.0,0.10788764644790816,0.20395444190606157,0.3062820215436681,0.0,0.8474571354709453,0.897793678783611,,,EXPLOIT
1690,56,,,0,0,0,1,common,0.0,0.5164004980661011,0.17987290625621954,0.369317564500398,0.0,0.848942120886466,0.8989520248119015,,,EXPLOIT
1691,56,,,0,1,0,0,rare,0.0,0.21390182349535725,0.15486780029702552,0.3226928421988857,0.0,0.8503840482547977,0.9000732108595323,,,EXPLOIT
1692,56,,,0,1,0,0,rare,0.0,0.13903618527198222,0.3644960558242674,0.26759584512081463,0.0,0.8517846938255973,0.9011589428777399,,,EXPLOIT
1693,56,,,0,1,1,0,common,0.0,0.9298730298088597,0.547677777556517,0.46627900052722815,0.0,0.8531457376317056,0.9022108240783971,,,EXPLOIT
1694,56,,,0,1,1,0,common,1.0,0.3955825306242412,0.6464686093476313,0.44507005955633205,0.0,0.8544687699187604,0.9032303625549433,,,EXPLOIT
1695,56,,,0,1,1,0,common,0.0,0.7428713550942432,0.43635942323778143,0.5344104482177053,0.0,0.8557552970660097,0.904218978234861,,,EXPLOIT
1696,56,,,0,1,0,1,rare,0.0,0.3356603237429657,0.5911833761106761,0.4747854108752835,0.0,0.8501499314419068,0.8998605741938593,,,EXPLOIT
1697,56,,,0,1,1,0,common,1.0,0.5171336191887419,0.664455223431246,0.4874898733693209,0.0,0.8515572443102275,0.900952991328146,,,EXPLOIT
1698,56,,,0,1,1,0,common,1.0,0.3361368524726822,0.4566491713034916,0.44208396710032927,0.0,0.8529246856113735,0.9020112571903993,,,EXPLOIT
1699,56,,,0,1,1,0,common,1.0,0.21848895410724345,0.30614592403432633,0.37500546320240347,0.0,0.8542538599290067,0.9030368975921325,,,EXPLOIT
1700,56,,,0,1,1,0,common,1.0,0.1420178201697082,0.22600420473250538,0.3051091702925949,0.0,0.8555462870401747,0.9040313488915761,,,EXPLOIT
1701,56,,,0,1,1,0,common,1.0,0.09231158311031029,0.18303427883221182,0.2412698941379095,0.0,0.8568034074467191,0.9049959644557517,,,EXPLOIT
1702,56,,,0,1,0,1,rare,0.0,0.21817921043292773,0.15883867877947155,0.23434268902641497,0.0,0.8580265874793084,0.9059320205703304,,,EXPLOIT
1703,56,,,0,1,1,0,common,1.0,0.06000252902170167,0.36920840538822036,0.18204064102500098,0.0,0.8592171240121315,0.9068407218515616,,,EXPLOIT
1704,56,,,0,1,1,0,common,1.0,0.039001643864106095,0.25914221886942174,0.1391289418767325,0.0,0.8603762488224646,0.9077232062085347,,,EXPLOIT
1705,56,,,0,1,0,0,rare,0.0,0.09037352042678845,0.2010384077956351,0.12450231544174928,0.0,0.8615051326259322,0.9085805493987708,,,EXPLOIT
1706,56,,,0,1,0,1,rare,0.0,0.14181648678140302,0.4152417590802514,0.1296965668436454,0.0,0.8626048888152638,0.9094137692155002,,,EXPLOIT
1707,56,,,0,1,1,0,common,1.0,0.025351068511668906,0.5791019207894926,0.09839291734405244,0.0,0.8636765769276543,0.9102238293409067,,,EXPLOIT
1708,56,,,0,1,1,1,common,0.0,0.37891931177180416,0.38092526058355153,0.18255083567237795,0.0,0.8647212058634421,0.9110116428960151,,,EXPLOIT
1709,56,,,0,1,1,0,common,0.0,0.9835218054674152,0.5582423119524994,0.4228421266108891,0.0,0.8657397368766604,0.9117780757147291,,,EXPLOIT
1710,56,,,0,1,1,1,common,0.0,0.24629755265167272,0.6510254948744929,0.3698787544231242,0.0,0.8667330863561118,0.9125239493667026,,,EXPLOIT
1711,56,,,0,1,1,0,common,1.0,0.36071082644618013,0.6852847065533025,0.3671283760300409,0.0,0.8677021284138825,0.9132500439512441,,,EXPLOIT
1712,56,,,0,1,1,0,common,0.0,0.7655379628099829,0.49071043517962315,0.4866512520640235,0.0,0.8686476972966753,0.9139571006822325,,,EXPLOIT
1713,56,,,0,1,1,0,common,1.0,0.5024003241735111,0.6198644733558532,0.49137597369686975,0.0,0.8695705896339511,0.9146458242820595,,,EXPLOIT
1714,56,,,0,1,1,0,common,1.0,0.3265602107127823,0.41195314954542867,0.4419312448016435,0.0,0.8704715665356189,0.915316885200859,,,EXPLOIT
1715,56,,,0,1,0,0,rare,0.0,0.05874278827741249,0.28182190151798164,0.32697470784437416,0.0,0.871351355550893,0.9159709216757183,,,EXPLOIT
1716,56,,,0,1,1,1,common,0.0,0.16009340922358728,0.48784282810089846,0.27691031825813806,0.0,0.8722106524989187,0.9166085416431767,,,EXPLOIT
1717,56,,,0,1,1,0,common,1.0,0.21226413696330848,0.6184338479576359,0.2575164638696892,0.0,0.8730501231808553,0.9172303245170585,,,EXPLOIT
1718,56,,,0,1,1,0,common,1.0,0.13797168902615053,0.41075971342113315,0.2216530314166276,0.0,0.8738704049822753,0.9178368228425774,,,EXPLOIT
1719,56,,,0,1,1,0,common,1.0,0.08968159786699781,0.28118275329458514,0.18206160135173866,0.0,0.874672108373993,0.9184285638366437,,,EXPLOIT
1720,56,,,0,1,0,0,rare,0.0,0.03818281238031812,0.21280578538584738,0.13889796466031248,0.0,0.8754558183187522,0.9190060508234018,,,EXPLOIT
1721,56,,,0,1,0,0,rare,0.0,0.02481882804720678,0.42693801819368626,0.10467422367638077,0.0,0.8762220955905937,0.9195697645732218,,,EXPLOIT
1722,56,,,0,1,0,0,rare,0.0,0.01613223823068441,0.5858614616834508,0.07811162804267185,0.0,0.8769714780131606,0.9201201645526338,,,EXPLOIT
1723,56,,,0,1,1,0,common,1.0,0.05829303861354862,0.6623679308522081,0.07216605121393488,0.0,0.8777044816226921,0.9206576900920412,,,EXPLOIT
1724,56,,,0,1,0,1,rare,1.0,0.9078192835920881,0.45404356676566093,0.3228620209273808,0.0,0.878421601760998,0.9211827614774543,,,EXPLOIT
1725,56,,,0,1,1,0,common,0.0,0.9621095249011934,0.30470299331105977,0.5146362721195246,0.0,0.8791233141032798,0.9216957809719494,,,EXPLOIT
1726,56,,,0,1,1,0,common,1.0,0.3746288088142242,0.505633756720075,0.4726340331279344,0.0,0.8750025777942687,0.9186528715086963,,,EXPLOIT
1727,56,,,0,1,1,0,common,1.0,0.24350872572924576,0.33410314430448734,0.40389644090832777,0.0,0.8757789179290809,0.9192249925651722,,,EXPLOIT
1728,56,,,0,1,1,0,common,1.0,0.15828067172400972,0.24069771324399836,0.3302117101530323,0.0,0.8765380534211115,0.9197835199866286,,,EXPLOIT
1729,56,,,0,1,0,1,rare,1.0,0.5900825343348572,0.19107256771610012,0.40817295740757975,0.0,0.8772805128294073,0.920328905342225,,,EXPLOIT
1730,56,,,0,1,1,0,common,1.0,0.10288243662060637,0.16345852254974003,0.3165858011714877,0.0,0.8780068033917137,0.9208615804945823,,,EXPLOIT
1731,56,,,0,1,0,1,rare,0.0,0.6164463526823428,0.14736176005916576,0.40654396662474424,0.0,0.8787174120895846,0.9213819586637717,,,EXPLOIT
1732,56,,,0,1,1,0,common,1.0,0.06687358380339414,0.3553815755874878,0.3046428517783392,0.0,0.8794128066502676,0.9218904354231016,,,EXPLOIT
1733,56,,,0,1,1,0,common,1.0,0.043467829472206176,0.25186902087549956,0.2262903450864993,0.0,0.8800934364896941,0.9223873896317427,,,EXPLOIT
1734,56,,,0,1,1,0,common,1.0,0.02825408915693406,0.19712334479952917,0.1668794683076297,0.0,0.8807597336005808,0.9228731843088195,,,EXPLOIT
1735,56,,,0,1,1,0,common,0.0,0.9816348420479929,0.16690461033570014,0.41130608042973865,0.0,0.8814121133893301,0.9233481674532095,,,EXPLOIT
1736,56,,,0,1,0,1,rare,0.0,0.4006901292435229,0.37856019787677536,0.40812129507387385,0.0,0.8820509754651409,0.923812672812942,,,EXPLOIT
1737,56,,,0,0,0,1,common,0.0,0.26044858400828985,0.556745463681227,0.36381948175419865,0.0,0.8826767043844842,0.9242670206077792,,,EXPLOIT
1738,56,,,0,0,1,0,rare,0.0,0.6380626473311954,0.5282722556657218,0.4460924314272977,0.0,0.8832896703538623,0.9247115182082628,,,EXPLOIT
1739,56,,,0,0,0,1,common,1.0,0.8307084203946116,0.5092420217106242,0.5614772281174918,0.0,0.8838902298935517,0.9251464607742647,,,EXPLOIT
1740,56,,,0,0,0,1,common,1.0,0.5399604732564975,0.6931461598492354,0.5550222016591935,0.0,0.8800443490021094,0.9223350889507824,,,EXPLOIT
1741,56,,,0,0,1,0,rare,1.0,0.585259279234723,0.6067163719757191,0.5640933249318523,0.0,0.8759774545642822,0.9193357737016901,,,EXPLOIT
1742,56,,,0,0,1,0,rare,0.0,0.61958146849743,0.4888966742272409,0.5807397680015256,0.0,0.871670155256769,0.9161291844919205,,,EXPLOIT
1743,56,,,0,0,0,1,common,0.0,0.6490256923832766,0.6728643418301476,0.6012255453160509,0.0,0.8671007232131573,0.912693245918649,,,EXPLOIT
1744,56,,,0,0,1,0,rare,0.0,0.40272795452332955,0.6845620400666222,0.5416762680782344,0.0,0.8622447311603098,0.9090026325713106,,,EXPLOIT
1745,56,,,0,0,0,1,common,0.0,0.4218667000491298,0.635637375860729,0.5057333976695031,0.0,0.8570746197640509,0.9050281480753233,,,EXPLOIT
1746,56,,,0,1,1,0,common,1.0,0.7382268295598358,0.5857300494614185,0.5754814272366029,0.0,0.851559179005295,0.9007359561091695,,,EXPLOIT
1747,56,,,0,0,0,1,common,1.0,0.7257866449680657,0.3964809553088791,0.6205729925560417,0.0,0.8456629229745605,0.8960866205229604,,,EXPLOIT
1748,56,,,0,0,0,1,common,0.0,0.5282386807707573,0.644702516881789,0.5928726990204564,0.0,0.8393453316245708,0.8910338968836549,,,EXPLOIT
1749,56,,,0,0,1,0,rare,0.0,0.5201525607861067,0.5307555438189029,0.5710566575501514,0.0,0.8325599252370182,0.8855231969596689,,,EXPLOIT
1750,56,,,0,1,1,0,common,1.0,0.6619008354890306,0.4428036204298295,0.5983099109318152,0.0,0.8252531269017643,0.8794896179969298,,,EXPLOIT
1751,56,,,0,1,1,0,common,1.0,0.43023554306786993,0.322337035510465,0.5478876005726316,0.0,0.8173628541133969,0.8728553857425246,,,EXPLOIT
1752,56,,,0,1,1,0,common,0.0,0.7203468970058845,0.25482219251746435,0.5996253895026075,0.0,0.8088167611173003,0.8655264971365939,,,EXPLOIT
1753,56,,,0,1,0,1,rare,1.0,0.6566448574990078,0.4930859928849786,0.6167312299015275,0.0,0.7995300266091913,0.8573882543337068,,,EXPLOIT
1754,56,,,0,1,0,1,rare,1.0,0.42681915737435505,0.3518202420496883,0.5597576081433757,0.0,0.7894025434044587,0.8482992380457429,,,EXPLOIT
1755,56,,,0,1,1,0,common,1.0,0.5317745169461751,0.2712380610969426,0.5513626807842155,0.0,0.7783153125760642,0.838083044561704,,,EXPLOIT
1756,56,,,0,1,1,0,common,1.0,0.34565343601501386,0.2260524848277673,0.4896499073534549,0.0,0.7661257663254756,0.8265167544795184,,,EXPLOIT
1757,56,,,0,1,1,0,common,1.0,0.22467473340975896,0.1998716190265768,0.4101573551703461,0.0,0.770802237342096,0.8309840952491687,,,EXPLOIT
1758,56,,,0,1,1,0,common,1.0,0.14603857671634335,0.1841811110644978,0.3309217216341453,0.0,0.7752512972917431,0.8351857606883974,,,EXPLOIT
1759,56,,,0,1,1,0,common,1.0,0.09492507486562318,0.1745295517851769,0.2601227276035886,0.0,0.7794889315607402,0.8391445720580119,,,EXPLOIT
1760,56,,,0,1,1,0,common,1.0,0.06170129866265506,0.1684825284424971,0.20059629892130856,0.0,0.7835296618999207,0.8428808098168894,,,EXPLOIT
1761,56,,,0,1,1,0,common,1.0,0.04010584413072582,0.16464620292250065,0.15244916248413373,0.0,0.7873867101965678,0.8464125576518554,,,EXPLOIT
1762,56,,,0,1,0,0,rare,0.0,0.010485954849944867,0.16219198503608453,0.10986020019387707,0.0,0.7910721407375623,0.8497559920825576,,,EXPLOIT
1763,56,,,0,1,1,0,common,1.0,0.026068798684971806,0.3997374560715168,0.08472277974120548,0.0,0.7945969841887832,0.8529256274282361,,,EXPLOIT
1764,56,,,0,1,1,0,common,0.0,0.9830552808547683,0.2979534292234105,0.3542225300752743,0.0,0.7979713459747495,0.8559345239623329,,,EXPLOIT
1765,56,,,0,1,0,1,rare,1.0,0.2774324522933308,0.5276834889050028,0.33118550674069125,0.0,0.801204501301449,0.8587944655511452,,,EXPLOIT
1766,56,,,0,1,0,1,rare,1.0,0.18033109399066505,0.37318438298035883,0.28592918291568337,0.0,0.8043049787041635,0.8615161118713682,,,EXPLOIT
1767,56,,,0,1,1,0,common,0.0,0.6389859325555994,0.28312421569045476,0.39184620780765816,0.0,0.807280633705071,0.8641091293518797,,,EXPLOIT
1768,56,,,0,1,1,0,common,1.0,0.5846591438388604,0.5162921196317373,0.4496900886170188,0.0,0.8101387139201154,0.8665823042301675,,,EXPLOIT
1769,56,,,0,1,1,0,common,0.0,0.6199715565047408,0.36602303558795,0.5007745289833354,0.0,0.8128859167512329,0.8689436405100849,,,EXPLOIT
1770,56,,,0,1,0,1,rare,1.0,0.11721521109393229,0.5741964723770763,0.3857067336165145,0.0,0.8039557737093965,0.8611882670493278,,,EXPLOIT
1771,56,,,0,1,1,1,common,1.0,0.8959392840046683,0.40423486426756994,0.5387764987329606,0.0,0.8069453693436821,0.8637966248704789,,,EXPLOIT
1772,56,,,0,1,1,1,common,0.0,0.4176394653969656,0.30047645171814524,0.5024353887321621,0.0,0.7974922297090472,0.8554608832649868,,,EXPLOIT
1773,56,,,0,1,1,1,common,0.0,0.2714656525080277,0.5295726734120261,0.4331444678649217,0.0,0.7871752350217615,0.8461386239144688,,,EXPLOIT
1774,56,,,0,1,1,1,common,0.0,0.17645267413021798,0.6558034002486964,0.3561369297445106,0.0,0.7908699809611125,0.8494964909946802,,,EXPLOIT
1775,56,,,0,1,1,0,common,0.0,0.4029815117280815,0.6917823536012286,0.37019030433958183,0.0,0.7944035471455394,0.852679459824372,,,EXPLOIT
1776,56,,,0,1,0,1,rare,1.0,0.07618988721105602,0.6886736324330709,0.28199017920102404,0.0,0.7977860882151929,0.855700699507506,,,EXPLOIT
1777,56,,,0,1,0,1,rare,1.0,0.049523426687186456,0.5784111489897352,0.21225015344687276,0.0,0.8010269235868385,0.8585720895971397,,,EXPLOIT
1778,56,,,0,1,1,1,common,0.0,0.1146942381846417,0.4072355478683046,0.18298337886820343,0.0,0.8041346216002345,0.8613043741728459,,,EXPLOIT
1779,56,,,0,1,1,1,common,1.0,0.9254487451799829,0.5983953692724419,0.4057229887617373,0.0,0.8071170736924105,0.8639072943424245,,,EXPLOIT
1780,56,,,0,1,0,1,rare,1.0,0.03219022734667121,0.42204985358051617,0.29366316033721745,0.0,0.809981559951884,0.8663897026123399,,,EXPLOIT
1781,56,,,0,1,1,0,common,0.0,0.26193798262325296,0.31051739616927687,0.2841456070230281,0.0,0.8127348071993453,0.8687596619569001,,,EXPLOIT
1782,56,,,0,1,1,1,common,0.0,0.3984583156330111,0.536955664057688,0.31843941960602296,0.0,0.815383040570292,0.8710245319223764,,,EXPLOIT
1783,56,,,0,0,0,1,common,1.0,0.020923647775336285,0.6586256676216569,0.22918468805681694,0.0,0.8179320294322625,0.8731910437033176,,,EXPLOIT
1784,56,,,0,0,1,0,rare,1.0,0.8297403112948856,0.6490510898932336,0.4093513750282375,0.0,0.8203871283495592,0.8752653658044038,,,EXPLOIT
1785,56,,,0,0,0,1,common,1.0,0.013600371053968607,0.5084027930700088,0.2906260738359568,0.0,0.8227533137076499,0.8772531616369681,,,EXPLOIT
1786,56,,,0,0,0,1,common,1.0,0.008840241185079645,0.40113866115395824,0.20609032404069363,0.0,0.8250352165244514,0.879159640182781,,,EXPLOIT
1787,56,,,0,0,0,1,common,0.0,0.9942538432296982,0.33518895747662913,0.442539379797395,0.0,0.8272371519037602,0.8809896006795108,,,EXPLOIT
1788,56,,,0,1,1,1,common,0.0,0.2589979051614572,0.5918038361113847,0.3874769374066136,0.0,0.8293631455250169,0.8827474721349964,,,EXPLOIT
1789,56,,,0,1,0,1,rare,1.0,0.3537350019006962,0.49841234200606765,0.3773543567548383,0.0,0.8314169575115787,0.8844373483552954,,,EXPLOIT
1790,56,,,0,0,0,1,common,0.0,0.7700722487645475,0.6831405126788915,0.49516972435775103,0.0,0.833402103975254,0.886063019069699,,,EXPLOIT
1791,56,,,0,0,0,1,common,1.0,0.4994530383030441,0.663655497298993,0.49645471854133894,0.0,0.8353218764968237,0.8876279976508461,,,EXPLOIT
1792,56,,,0,0,0,1,common,1.0,0.3246444748969787,0.673387973928424,0.4449116454480308,0.0,0.837179359769614,0.889135545856713,,,EXPLOIT
1793,56,,,0,0,1,0,rare,1.0,0.5393312023416756,0.585508523323183,0.4732375125161242,0.0,0.8389774476050861,0.890588695961192,,,EXPLOIT
1794,56,,,0,0,1,0,rare,1.0,0.3505652815220892,0.5059806313265994,0.43643584321791373,0.0,0.8407188574751425,0.8919902705892632,,,EXPLOIT
1795,56,,,0,0,0,1,common,1.0,0.2110189086830362,0.4511506861083368,0.3688107628574504,0.0,0.8424061437448891,0.8933429005297984,,,EXPLOIT
1796,56,,,0,0,1,0,rare,1.0,0.22786743298935797,0.4156680607681875,0.32652776389702265,0.0,0.8440417097313928,0.8946490407625446,,,EXPLOIT
1797,56,,,0,0,0,1,common,1.0,0.13716229064397356,0.3929972273661912,0.2697181219211079,0.0,0.8456278187081846,0.8959109849047293,,,EXPLOIT
1798,56,,,0,0,1,0,rare,1.0,0.14811383144308266,0.3785012214230228,0.2332368347777003,0.0,0.8471666039614906,0.8971308782561576,,,EXPLOIT
1799,56,,,0,1,1,0,common,1.0,0.09627399043800378,0.36919779435206385,0.19214798147579135,0.0,0.848660077992178,0.8983107295989027,,,EXPLOIT
1800,56,,,0,1,1,0,common,1.0,0.06257809378470247,0.5282332686297782,0.15327701516846468,0.0,0.8501101409468986,0.8994524218881306,,,EXPLOIT
1801,56,,,0,1,1,0,common,1.0,0.04067576096005665,0.6207899227550012,0.11949663890594227,0.0,0.851518588352722,0.9005577219537583,,,EXPLOIT
1802,56,,,0,1,1,0,common,1.0,0.026439244624036795,0.6645721360561755,0.09157942062137063,0.0,0.8528871182214735,0.9016282893180971,,,EXPLOIT
1803,56,,,0,1,0,1,rare,1.0,0.08915548891858283,0.6829684704417496,0.09085224111053428,0.0,0.8542173375829009,0.9026656842220547,,,EXPLOIT
1804,56,,,0,0,0,1,common,1.0,0.057951067797078815,0.6900392281424483,0.08098188911649763,0.0,0.8555107684995321,0.9036713749415483,,,EXPLOIT
1805,56,,,0,0,0,1,common,1.0,0.03766819406810118,0.6888212052149856,0.06798778060197869,0.0,0.856768853610574,0.9046467444662969,,,EXPLOIT
1806,56,,,0,0,0,1,common,1.0,0.024484326144265767,0.6879232593362199,0.05493674426466481,0.0,0.857992961247316,0.9055930966048975,,,EXPLOIT
1807,56,,,0,1,0,1,rare,1.0,0.01591481199377276,0.6872949671600522,0.043230164583397186,0.0,0.8591843901581904,0.9065116615728626,,,EXPLOIT
1808,56,,,0,1,1,0,common,1.0,0.017185509005623878,0.690933389594838,0.03541676791006519,0.0,0.8603443738777993,0.9074036011140021,,,EXPLOIT
1809,56,,,0,0,0,1,common,0.0,0.9896553722040478,0.6923722111379444,0.32168834919825995,0.0,0.8614740847708201,0.9082700131999857,,,EXPLOIT
1810,56,,,0,0,0,1,common,1.0,0.3567240080673689,0.5164869830188971,0.3321990468589926,0.0,0.8625746377786704,0.9091119363480713,,,EXPLOIT
1811,56,,,0,0,1,1,rare,0.0,0.16834863835494718,0.6159624453486578,0.28304392430777897,0.0,0.8636470938941108,0.9099303535927105,,,EXPLOIT
1812,56,,,0,1,1,0,common,1.0,0.01117058085365552,0.38734462929975055,0.20148192127154194,0.0,0.8646924633865616,0.9107261961429758,,,EXPLOIT
1813,56,,,0,1,0,1,rare,1.0,0.23187060524378977,0.3797561307718471,0.21059852646321628,0.0,0.86571170879875,0.9115003467544247,,,EXPLOIT
1814,56,,,0,0,0,1,common,1.0,0.15071589340846336,0.37485623810296553,0.1926337365467904,0.0,0.8667057477333823,0.9122536428410821,,,EXPLOIT
1815,56,,,0,1,1,0,common,1.0,0.007260877554876144,0.5290619447803877,0.1370218788492161,0.0,0.8676754554468062,0.912986879350611,,,EXPLOIT
1816,56,,,0,1,1,0,common,1.0,0.004719570410669505,0.5258156057716308,0.09733118631765211,0.0,0.8686216672650867,0.9137008114234323,,,EXPLOIT
1817,56,,,0,1,0,1,rare,0.0,0.9020346692844988,0.5236995691600118,0.33874223120770613,0.0,0.8695451808365133,0.9143961568545008,,,EXPLOIT
1818,56,,,0,1,1,0,common,0.0,0.9969322792330648,0.6915460724917752,0.5361992456153137,0.0,0.8704467582333196,0.9150735983746137,,,EXPLOIT
1819,56,,,0,1,1,0,common,1.0,0.35199401849850787,0.578416914159454,0.48093767748027194,0.0,0.865801460220453,0.9115604025288544,,,EXPLOIT
1820,56,,,0,1,0,1,rare,1.0,0.41367746496507574,0.6877687975309552,0.46075961372571306,0.0,0.8667932920811661,0.9123120909480595,,,EXPLOIT
1821,56,,,0,1,1,1,common,0.0,0.10942661493071568,0.6805660272429517,0.35535971408721384,0.0,0.8677608688808502,0.9130437806558217,,,EXPLOIT
1822,56,,,0,1,1,0,common,1.0,0.22879611202403016,0.6294347964107537,0.3173906334682587,0.0,0.8687050224927404,0.9137562237653745,,,EXPLOIT
1823,56,,,0,1,0,1,rare,1.0,0.2688903522272992,0.6930675349075693,0.3028405490959708,0.0,0.8696265473058719,0.9144501352304374,,,EXPLOIT
1824,56,,,0,1,1,0,common,1.0,0.14871747281561964,0.6697239099331157,0.25660362621186544,0.0,0.8705262023139191,0.9151261951129854,,,EXPLOIT
1825,56,,,0,1,1,0,common,1.0,0.09666635733015272,0.6292425934638202,0.2086224455473516,0.0,0.8714047130658839,0.9157850506869337,,,EXPLOIT
1826,56,,,0,1,1,0,common,1.0,0.0628331322645993,0.5947601767526125,0.16488565156252588,0.0,0.8722627734891683,0.9164273183914289,,,EXPLOIT
1827,56,,,0,1,0,1,rare,1.0,0.1747787289477445,0.5697825810807393,0.16785357477809146,0.0,0.8731010475946752,0.9170535856461374,,,EXPLOIT
1828,56,,,0,1,1,0,common,0.0,0.9591584640280104,0.5527177415212458,0.4052450415530671,0.0,0.8739201710727431,0.9176644125397797,,,EXPLOIT
1829,56,,,0,0,0,1,common,0.0,0.8863938261839661,0.6881042769199488,0.5495896769423367,0.0,0.8747207527879843,0.91826033340211,,,EXPLOIT
1830,56,,,0,0,0,0,common,0.0,0.006815870652464164,0.6284367964463904,0.38675753505537497,0.0,0.870337773146771,0.9149777180391983,,,EXPLOIT
1831,56,,,0,0,0,1,common,0.0,0.576155987019578,0.5064967132571017,0.4435770706446359,0.0,0.8712206955824362,0.9156403361372527,,,EXPLOIT
1832,56,,,0,1,1,0,common,1.0,0.3765469983817933,0.41748479262318317,0.42346804896578305,0.0,0.8720830235206896,0.9162862321750267,,,EXPLOIT
1833,56,,,0,1,0,1,rare,1.0,0.6254986084372742,0.3083386049773449,0.48407721680723037,0.0,0.872925427161144,0.9169159998601406,,,EXPLOIT
1834,56,,,0,1,0,1,rare,1.0,0.4065740954842283,0.2473434294261105,0.4608262804103297,0.0,0.8737485480541054,0.9175302052050693,,,EXPLOIT
1835,56,,,0,1,1,0,common,0.0,0.7552444510518344,0.21263529798416497,0.5491517316027811,0.0,0.8745530006161475,0.9181293881241495,,,EXPLOIT
1836,56,,,0,1,1,0,common,1.0,0.5090911068163076,0.4548269275819917,0.537133544166839,0.0,0.8701598688838416,0.9148374542617953,,,EXPLOIT
1837,56,,,0,1,0,0,rare,0.0,0.004430315924101707,0.3296804535122342,0.37732257569401784,0.0,0.8654966895615074,0.9113068559431339,,,EXPLOIT
1838,56,,,0,1,1,0,common,1.0,0.33090921943060003,0.550912438293221,0.36339856881499244,0.0,0.8664960242741861,0.9120653416370771,,,EXPLOIT
1839,56,,,0,1,1,0,common,1.0,0.21509099262989007,0.38872583879242745,0.31890629595946174,0.0,0.8674708447083024,0.9128035708690481,,,EXPLOIT
1840,56,,,0,1,1,0,common,1.0,0.13980914520942855,0.2921806139702298,0.2651771507344518,0.0,0.8684219945033825,0.9135223085919245,,,EXPLOIT
1841,56,,,0,1,1,0,common,0.0,0.9091240556138714,0.23825611976911562,0.4583612221982777,0.0,0.8693502791543092,0.9142222818091295,,,EXPLOIT
1842,56,,,0,1,0,1,rare,0.0,0.7357268379352516,0.4789867374066719,0.5415709069193698,0.0,0.8702564681441558,0.9149041819000122,,,EXPLOIT
1843,56,,,0,1,1,0,common,0.0,0.5909306361490165,0.6348487987677499,0.5563788256882638,0.0,0.8655993135275417,0.9113785054515836,,,EXPLOIT
1844,56,,,0,1,1,0,common,1.0,0.6158950865031392,0.6882772567814764,0.5742337039327264,0.0,0.860647256249892,0.907587993855582,,,EXPLOIT
1845,56,,,0,1,1,0,common,0.0,0.5996681937729594,0.5261958982106093,0.5818640508847963,0.0,0.8553716446493723,0.9035018569804081,,,EXPLOIT
1846,56,,,0,0,1,0,rare,1.0,0.6102156740475764,0.6547626929265102,0.5903695378336302,0.0,0.8497399915649859,0.8990843395329025,,,EXPLOIT
1847,56,,,0,0,1,0,rare,1.0,0.3966401881309247,0.6534417277115578,0.5322507329228185,0.0,0.8437153102972903,0.8942936781653332,,,EXPLOIT
1848,56,,,0,0,0,1,common,1.0,0.5217775553420865,0.5158286417787152,0.5291087796485989,0.0,0.837255307662809,0.8890807841939998,,,EXPLOIT
1849,56,,,0,0,1,0,rare,0.0,0.7421838777148989,0.4087055672332177,0.5930313090684889,0.0,0.8303113969270342,0.883387563842278,,,EXPLOIT
1850,56,,,0,1,1,0,common,0.0,0.4824195205146843,0.6336812092900208,0.5598477725023475,0.0,0.8228274818970406,0.8771447540489814,,,EXPLOIT
1851,56,,,0,0,0,0,common,1.0,0.9971202946493339,0.5476759153618345,0.6910295291464434,0.0,0.8147384477895041,0.870269102618319,,,EXPLOIT
1852,56,,,0,0,0,1,common,1.0,0.33915541097235613,0.3947139805422483,0.5854672936942172,0.0,0.8059682729207212,0.8626596486449675,,,EXPLOIT
1853,56,,,0,0,1,0,rare,0.0,0.31357268833454477,0.3026214959676676,0.5038989120863154,0.0,0.7964276452116538,0.8541927494842282,,,EXPLOIT
1854,56,,,0,0,1,1,rare,0.0,0.0711272997049652,0.5397234996158944,0.3740674283719103,0.0,0.786010925085434,0.8447153321419762,,,EXPLOIT
1855,56,,,0,0,1,1,rare,1.0,0.9537672551917726,0.6643930632539417,0.547977376417869,0.0,0.789757154001392,0.8481486576237977,,,EXPLOIT
1856,56,,,0,0,0,1,common,0.0,0.7795489828679685,0.4931362919767186,0.6174488583528988,0.0,0.7787042871839832,0.8379132056223241,,,EXPLOIT
1857,56,,,0,0,1,1,rare,0.0,0.3800512841253478,0.6466051998078588,0.5462295860846335,0.0,0.7665543305845804,0.8263237219315963,,,EXPLOIT
1858,56,,,0,0,0,1,common,0.0,0.5067068388641796,0.6916672652473574,0.5343727619184973,0.0,0.7531361243119483,0.8130932073742054,,,EXPLOIT
1859,56,,,0,0,0,0,common,0.0,0.351871808477933,0.6867710004582464,0.47962247588632795,0.0,0.7382409517303204,0.7978473875011362,,,EXPLOIT
1860,56,,,0,0,0,1,common,0.0,0.32935944526171673,0.6690327874398858,0.43454356669894456,0.0,0.7443830877648488,0.8042014515171589,,,EXPLOIT
1861,56,,,0,0,0,1,common,0.0,0.21408363942011588,0.6519483621600548,0.3684055885152959,0.0,0.7501863094079454,0.8101103788657262,,,EXPLOIT
1862,56,,,0,0,0,0,common,0.0,0.22871667551065644,0.6387531954377372,0.32649891461390407,0.0,0.7556776448567354,0.8156190940840105,,,EXPLOIT
1863,56,,,0,0,0,1,common,1.0,0.8608456343769246,0.6293760818298813,0.4868029305428102,0.0,0.7608813230673103,0.820766673472972,,,EXPLOIT
1864,56,,,0,1,1,0,common,1.0,0.7961777525825459,0.6469295451207607,0.5796153771547309,0.0,0.7658191270041343,0.8255872667577618,,,EXPLOIT
1865,56,,,0,0,0,1,common,0.0,0.4404503376549989,0.6651623372903053,0.5378658653048113,0.0,0.7523220755726634,0.8122485683110153,,,EXPLOIT
1866,56,,,0,0,0,1,common,0.0,0.2862927194757493,0.5831370687439752,0.4623939215560927,0.0,0.7373347077112735,0.796868903370241,,,EXPLOIT
1867,56,,,0,0,0,0,common,1.0,0.8513341609180733,0.5127991951280926,0.579075993364687,0.0,0.7435276150755508,0.8032928723501668,,,EXPLOIT
1868,56,,,0,1,0,0,rare,1.0,0.5533672045967477,0.6904202130859829,0.5713633567343052,0.0,0.7275252396654058,0.7864554169768528,,,EXPLOIT
1869,56,,,0,1,1,0,common,0.0,0.4824844608213451,0.6077609814420654,0.5446996879604171,0.0,0.7095863277516055,0.766684085440732,,,EXPLOIT
1870,56,,,0,0,0,0,common,1.0,0.35968868298788603,0.692543597399727,0.4891963864686578,0.0,0.6893378012716441,0.7431401666843189,,,EXPLOIT
1871,56,,,0,1,1,0,common,0.0,0.31361489953387434,0.6125135163215742,0.43652194038822273,0.0,0.6984992295614149,0.7539516693494968,,,EXPLOIT
1872,56,,,0,1,1,0,common,1.0,0.7961503153029816,0.48730039318557306,0.5444104528626503,0.0,0.7070518792864565,0.7637943923193152,,,EXPLOIT
1873,56,,,0,1,1,0,common,0.0,0.48250229505306186,0.6695359755708793,0.5258380055197738,0.0,0.6864651352518043,0.7396690083770397,,,EXPLOIT
1874,56,,,0,0,0,0,common,1.0,0.23379764394212588,0.5439525265344489,0.4382258970464794,0.0,0.6630209557903505,0.7103842683466859,,,EXPLOIT
1875,56,,,0,0,1,0,rare,1.0,0.6863735082155098,0.4335089408378999,0.5126701803971885,0.0,0.6740407500362435,0.7243905487383868,,,EXPLOIT
1876,56,,,0,0,0,0,common,0.0,0.8480315314376181,0.36311338289545914,0.6132785857093173,0.0,0.6487764469829768,0.6915521727186231,,,EXPLOIT
1877,56,,,0,0,0,1,common,0.0,0.18609026765923706,0.6153843432174013,0.48512209029429315,0.0,0.6195863674021431,0.6503030620930288,,,EXPLOIT
1878,56,,,0,0,0,0,common,0.0,0.5512204954344517,0.692849419331186,0.5049516118363407,0.0,0.6340254441725601,0.6711632665009852,,,EXPLOIT
1879,56,,,0,1,0,1,rare,1.0,0.8790413260214959,0.6680834169902601,0.6171785260918872,0.0,0.6024024578094106,0.6241467039942484,,,EXPLORE
1880,56,,,0,0,0,0,common,0.0,0.3582933220323936,0.5043955908787058,0.5395129648740391,0.0,0.5652088901486896,0.5621728621164023,,,EXPLORE
1881,56,,,0,0,0,0,common,0.0,0.23289065932105585,0.4315345888755052,0.4475262732081441,0.0,0.5208330940270836,0.4767593152726839,,,EXPLORE
1882,56,,,0,1,1,0,common,1.0,0.44614278034008137,0.38508365469019495,0.44711122534772524,0.0,0.5446444108744666,0.5242749881518801,,,EXPLOIT
1883,56,,,0,1,1,0,common,0.0,0.7100071927789471,0.26825277571288386,0.5259800155770917,0.0,0.5659957807825089,0.5635158925838518,,,EXPLOIT
1884,56,,,0,1,0,1,rare,1.0,0.5713768619139724,0.47771451604608356,0.539599069478156,0.0,0.5217790922891391,0.47865722177812214,,,EXPLORE
1885,56,,,0,1,0,1,rare,1.0,0.37139496024408203,0.3187738328153474,0.48913783670793376,0.0,0.4681340427543208,0.354398275743507,,,EXPLORE
1886,56,,,0,1,1,0,common,1.0,0.5384953246936843,0.23330858298165152,0.5039450831036589,0.0,0.49783346446448046,0.42642565533669646,,,EXPLOIT
1887,56,,,0,0,0,1,common,0.0,0.7585932758413467,0.18759981179154697,0.5803395409249652,0.0,0.4386618930310665,0.27326564917104723,,,EXPLORE
1888,56,,,0,1,1,1,common,0.0,0.24703333468147606,0.16988659820993096,0.48034767905191844,0.0,0.3645318372560174,0.09090909090909093,,,EXPLORE
1889,56,,,0,1,0,1,rare,0.0,0.4930856292968754,0.37255358487730145,0.4841690641254055,0.0,0.40755013233906157,0.23017705927636645,,,EXPLOIT
1890,56,,,0,1,1,0,common,0.0,0.6499780389491051,0.5435927554793113,0.5339117565725153,0.0,0.44476138210039756,0.33155527035247095,,,EXPLORE
1891,56,,,0,0,1,0,rare,0.0,0.4224857253169183,0.6381319102798662,0.5004839471958362,0.0,0.3722603832657481,0.11586571025734585,,,EXPLORE
1892,56,,,0,0,1,1,rare,1.0,0.8394283324570406,0.6238114541209923,0.6021672627741975,0.0,0.27906469652295157,0.09090909090909093,,,EXPLORE
1893,56,,,0,1,1,1,common,0.0,0.45437158390292365,0.654197145663203,0.5578285591128154,0.0,0.15484588157722348,0.09090909090909093,,,EXPLORE
1894,56,,,0,0,0,1,common,1.0,0.679494340957031,0.6016622895537928,0.59432829366608,0.0,0.09090909090909093,0.09090909090909093,,,EXPLORE
1895,56,,,0,0,0,0,common,0.0,0.1513789285586863,0.4148650576070734,0.4614434841338618,0.0,0.09090909090909093,0.09090909090909093,,,EXPLORE
1896,56,,,0,0,0,1,common,1.0,0.4416713216220701,0.5943659609349011,0.45551183538032425,0.0,0.17965545529122232,0.23017705927636645,,,EXPLORE
1897,56,,,0,0,0,1,common,1.0,0.28708635905434554,0.4092972892081212,0.4049841924825306,0.0,0.25195053896963665,0.33155527035247095,,,EXPLORE
1898,56,,,0,1,0,1,rare,1.0,0.1866061333853246,0.2950430549817386,0.33947077475336873,0.0,0.31197800201026266,0.40865139461585376,,,EXPLORE
1899,56,,,0,0,0,1,common,1.0,0.12129398670046099,0.5480467035762251,0.2740177383374964,0.0,0.3626137856372424,0.46925370836719743,,,EXPLOIT
1900,56,,,0,0,1,1,rare,0.0,0.2953415295369004,0.4683881882510413,0.28041487569731754,0.0,0.4059000327452924,0.5181414926281387,,,EXPLOIT
1901,56,,,0,0,1,1,rare,0.0,0.19197199419898525,0.6767204588492051,0.25388201124781784,0.0,0.4433268371345312,0.5584101936095955,,,EXPLOIT
1902,56,,,0,0,0,1,common,1.0,0.0788410913552996,0.6743747438008597,0.20136973528006236,0.0,0.4760069778008542,0.5921529537657815,,,EXPLOIT
1903,56,,,0,0,0,1,common,1.0,0.05124670938094478,0.6608346502778917,0.15633282751032707,0.0,0.5047882362938754,0.6208359130085537,,,EXPLOIT
1904,56,,,0,0,1,1,rare,0.0,0.12478179622934042,0.5605734802169593,0.14686751812603105,0.0,0.5303278475182935,0.6455166258956538,,,EXPLOIT
1905,56,,,0,0,0,1,common,0.0,0.9666896389023859,0.6921170958759664,0.39281415435893746,0.0,0.5531431856165939,0.6669771225069359,,,EXPLOIT
1906,56,,,0,0,1,0,rare,1.0,0.7253842785440031,0.6541546334713975,0.49258519161445713,0.0,0.5736470880232013,0.6858081495669813,,,EXPLORE
1907,56,,,0,1,1,0,common,1.0,0.471499781053602,0.6734616208237487,0.48625956844620055,0.0,0.5921729883276855,0.7024642847715783,,,EXPLORE
1908,56,,,0,1,0,1,rare,1.0,0.37165173471344914,0.6762908423503846,0.45187721832637506,0.0,0.6089931308257707,0.7173010333450142,,,EXPLOIT
1909,56,,,0,1,1,0,common,0.0,0.6935251423151587,0.6064948839206004,0.5243715955230102,0.0,0.6243319910980096,0.7306004237646555,,,EXPLOIT
1910,56,,,0,1,1,0,common,1.0,0.5492086574951468,0.6880449992049251,0.5318227141146511,0.0,0.5910531557799811,0.6992335335919269,,,EXPLORE
1911,56,,,0,1,0,1,rare,0.0,0.7584263724362581,0.6629372986646753,0.5998038116111332,0.0,0.5517408751789776,0.6600478383306575,,,EXPLORE
1912,56,,,0,1,0,1,rare,1.0,0.5070228579164322,0.669035257660819,0.5719695255027228,0.0,0.5045934095919943,0.6097065134061541,,,EXPLORE
1913,56,,,0,1,0,0,rare,1.0,0.9016036964368539,0.6787461840872677,0.670859776782962,0.0,0.44701232221635495,0.5426590922171249,,,EXPLORE
1914,56,,,0,1,0,1,rare,0.0,0.6704351423543191,0.609825044651566,0.6707323864543692,0.0,0.375107392932906,0.448940836204937,,,EXPLORE
1915,56,,,0,1,0,0,rare,1.0,0.586042402683955,0.6874247433704503,0.6453253913232448,0.0,0.2827799455521279,0.30869537870313984,,,EXPLORE
1916,56,,,0,0,0,0,common,0.0,0.6190724382554291,0.663848222683102,0.6374495054029001,0.0,0.15989648328493375,0.09090909090909093,,,EXPLORE
1917,56,,,0,1,1,0,common,1.0,0.35698562737184547,0.528023905576957,0.5533103419935838,0.0,0.09090909090909093,0.09090909090909093,,,EXPLORE
1918,56,,,0,0,0,0,common,0.0,0.40239708486602893,0.4260693940879946,0.5080363648553172,0.0,0.09090909090909093,0.09090909090909093,,,EXPLORE
1919,56,,,0,1,1,0,common,0.0,0.7679593422083004,0.3207261489357621,0.5860132580612122,0.0,0.09090909090909093,0.09090909090909093,,,EXPLORE
1920,56,,,0,0,0,1,common,1.0,0.5642171574696926,0.5584039628818511,0.5794744278837562,0.0,0.09090909090909093,0.09090909090909093,,,EXPLORE
1921,56,,,0,1,1,0,common,1.0,0.5008264275646047,0.6929206860024293,0.5558800277880107,0.0,0.09090909090909093,0.09090909090909093,,,EXPLORE
1922,56,,,0,0,0,1,common,1.0,0.36674115235530014,0.631290059837265,0.4991383651581975,0.0,0.09090909090909093,0.09090909090909093,,,EXPLORE
1923,56,,,0,0,0,1,common,1.0,0.2383817490309451,0.6930514739750044,0.4209113803200218,0.0,0.17965545529122232,0.23017705927636645,,,EXPLORE
1924,56,,,0,1,1,0,common,1.0,0.3255371779169931,0.6709123160583185,0.3922991195991131,0.0,0.25195053896963665,0.33155527035247095,,,EXPLORE
1925,56,,,0,0,0,0,common,0.0,0.2615581051629188,0.6931067421772379,0.3530768152682548,0.0,0.31197800201026266,0.40865139461585376,,,EXPLORE
1926,56,,,0,1,1,0,common,0.0,0.7884008343539545,0.5573387951804765,0.48367402099396467,0.0,0.3626137856372424,0.46925370836719743,,,EXPLORE
1927,56,,,0,0,0,1,common,1.0,0.15494813687011433,0.6931300948287495,0.3850562557568095,0.0,0.4059000327452924,0.5181414926281387,,,EXPLORE
1928,56,,,0,0,0,1,common,0.0,0.8992837110344257,0.6400015694081269,0.5393244923400944,0.0,0.4433268371345312,0.5584101936095955,,,EXPLORE
1929,56,,,0,0,0,1,common,0.0,0.5845344121723768,0.6829876705124294,0.5528874682897791,0.0,0.37044452077678974,0.47143071844741774,,,EXPLORE
1930,56,,,0,1,0,1,rare,0.0,0.3799473679120449,0.5997326382563348,0.5010054381764588,0.0,0.27669264685122463,0.3433928097630087,,,EXPLORE
1931,56,,,0,1,1,0,common,1.0,0.48753945766992957,0.6888294136050059,0.4969656440245,0.0,0.15161688392271766,0.1362562465702104,,,EXPLORE
1932,56,,,0,1,0,1,rare,0.0,0.2469657891428292,0.5585675607447917,0.42196568755999875,0.0,0.2289457630593501,0.26263109287457315,,,EXPLORE
1933,56,,,0,1,0,0,rare,1.0,0.8299872316441028,0.6803754245573123,0.5443721507852299,0.0,0.29276459979667185,0.35592388844101097,,,EXPLORE
1934,56,,,0,1,1,0,common,0.0,0.6830993525145458,0.5400102899462796,0.5859903113040247,0.0,0.1734285770580679,0.1576006378837971,,,EXPLORE
1935,56,,,0,1,1,1,common,0.0,0.08110816754907127,0.6755149002220877,0.4345256681775386,0.0,0.09090909090909093,0.09090909090909093,,,EXPLORE
1936,56,,,0,0,0,0,common,0.0,0.4605082994313332,0.6900394695936267,0.442320457553677,0.0,0.17965545529122232,0.23017705927636645,,,EXPLORE
1937,56,,,0,1,1,0,common,1.0,0.5559854208655453,0.685620685852571,0.4764199465472374,0.0,0.25195053896963665,0.33155527035247095,,,EXPLORE
1938,56,,,0,1,1,0,common,1.0,0.3613905235626045,0.5200023945250842,0.44191111965184754,0.0,0.31197800201026266,0.40865139461585376,,,EXPLORE
1939,56,,,0,1,0,0,rare,0.0,0.2993303946303666,0.3694332110436358,0.39913690214540326,0.0,0.3626137856372424,0.46925370836719743,,,EXPLORE
1940,56,,,0,1,1,0,common,1.0,0.2349038403156929,0.5773366483810273,0.34986698359649016,0.0,0.4059000327452924,0.5181414926281387,,,EXPLORE
1941,56,,,0,1,1,0,common,1.0,0.1526874962052004,0.40760118183687827,0.2907131373791032,0.0,0.4433268371345312,0.5584101936095955,,,EXPLORE
1942,56,,,0,1,1,0,common,0.0,0.9007531274666197,0.303350264940156,0.47372513440535813,0.0,0.4760069778008542,0.5921529537657815,,,EXPLOIT
1943,56,,,0,0,1,0,rare,1.0,0.41451046714669715,0.532826375373166,0.45596073422775985,0.0,0.5047882362938754,0.6208359130085537,,,EXPLORE
1944,56,,,0,1,1,1,common,0.0,0.05272030890689633,0.6918717122273697,0.33498860663150076,0.0,0.5303278475182935,0.6455166258956538,,,EXPLORE
1945,56,,,0,0,0,0,common,0.0,0.19456475650973828,0.6507662429236157,0.292861451594972,0.0,0.5531431856165939,0.6669771225069359,,,EXPLOIT
1946,56,,,0,1,1,0,common,1.0,0.26943180364535313,0.692607897767467,0.2858325572100863,0.0,0.5736470880232013,0.6858081495669813,,,EXPLOIT
1947,56,,,0,0,1,0,rare,1.0,0.17513067236947955,0.5796000466042457,0.2526219917579043,0.0,0.5921729883276855,0.7024642847715783,,,EXPLOIT
1948,56,,,0,0,1,0,rare,1.0,0.11383493704016168,0.6929192624768057,0.21098587534258148,0.0,0.6089931308257707,0.7173010333450142,,,EXPLOIT
1949,56,,,0,0,1,0,rare,1.0,0.07399270907610511,0.6517127104809921,0.16988792546263856,0.0,0.6243319910980096,0.7306004237646555,,,EXPLOIT
1950,56,,,0,0,0,1,common,0.0,0.160527762942839,0.5825681157271843,0.16707987670669866,0.0,0.6383763127966292,0.7425890580670904,,,EXPLOIT
1951,56,,,0,0,0,1,common,1.0,0.8956569540871546,0.6908628910633239,0.3856529999208354,0.0,0.6512827158657106,0.7534510902583895,,,EXPLOIT
1952,56,,,0,0,0,1,common,0.0,0.4178229798433495,0.6594892390170344,0.39530399389758963,0.0,0.6631835351894628,0.763337721105509,,,EXPLOIT
1953,56,,,0,1,1,0,common,1.0,0.04809526089946836,0.6694161221324816,0.2911413739981532,0.0,0.6741913519251206,0.7723742534998811,,,EXPLOIT
1954,56,,,0,1,1,0,common,0.0,0.9687380804153456,0.5708585460875228,0.49442038592331095,0.0,0.6844025467383026,0.7806654095703525,,,EXPLOIT
1955,56,,,0,1,1,0,common,1.0,0.37032024773002536,0.6927386536015018,0.45719034446532525,0.0,0.6939001126991532,0.7882993894728533,,,EXPLOIT
1956,56,,,0,1,0,1,rare,1.0,0.7284150631018228,0.6178532405565484,0.5385577600562745,0.0,0.7027559017630366,0.7953510060940612,,,EXPLOIT
1957,56,,,0,1,1,0,common,0.0,0.7592918389754835,0.5205123453208033,0.6047779837320372,0.0,0.6815890980756415,0.7771613202299682,,,EXPLOIT
1958,56,,,0,1,1,0,common,1.0,0.5064603046659357,0.6875616294736353,0.5752826800122067,0.0,0.6574392240453237,0.7556610736488781,,,EXPLOIT
1959,56,,,0,1,0,1,rare,0.0,0.5265302089838151,0.5998147003049805,0.5606569387036892,0.0,0.6296293723446902,0.7298574267035713,,,EXPLOIT
1960,56,,,0,1,1,0,common,0.0,0.6708008019671418,0.6929514110822488,0.5937000976827249,0.0,0.5972610761877934,0.69831644053236,,,EXPLOIT
1961,56,,,0,1,1,0,common,1.0,0.5639794787213579,0.6421890378361429,0.5847839119943148,0.0,0.5591155819583178,0.6588875044320391,,,EXPLORE
1962,56,,,0,1,1,0,common,0.0,0.6334133388311174,0.6785596213257878,0.5993727400453556,0.0,0.513497164938474,0.6081916701163825,,,EXPLORE
1963,56,,,0,1,0,0,rare,1.0,0.8735329082686701,0.6729505971675346,0.6816207905123499,0.0,0.4579744898364983,0.5405986032458915,,,EXPLORE
1964,56,,,0,0,0,1,common,1.0,0.6577553641605202,0.6621079416235883,0.6744611626068009,0.0,0.3889332010978871,0.4459766915544617,,,EXPLORE
1965,56,,,0,0,0,0,common,0.0,0.4322036096253644,0.6845130934658756,0.6017838967123699,0.0,0.30075674434249217,0.3040711144294396,,,EXPLORE
1966,56,,,0,0,0,1,common,1.0,0.42754098670433816,0.6451181167521041,0.5495110237099603,0.0,0.1842170814154923,0.09090909090909093,,,EXPLORE
1967,56,,,0,0,1,0,rare,1.0,0.5882813297597737,0.6891126816922559,0.5611421155249042,0.0,0.09090909090909093,0.09090909090909093,,,EXPLORE
1968,56,,,0,1,1,0,common,1.0,0.38238286434385294,0.6338878979787677,0.5075143401705888,0.0,0.09090909090909093,0.09090909090909093,,,EXPLORE
1969,56,,,0,0,0,1,common,1.0,0.2779016413578198,0.691438621315436,0.4386305305267581,0.0,0.09090909090909093,0.09090909090909093,,,EXPLORE
1970,56,,,0,0,0,1,common,1.0,0.18063606688258282,0.6672139232204339,0.3612321914335055,0.0,0.17965545529122232,0.23017705927636645,,,EXPLORE
1971,56,,,0,1,0,1,rare,0.0,0.8825865565263211,0.6376931896860668,0.5176385009613502,0.0,0.25195053896963665,0.33155527035247095,,,EXPLORE
1972,56,,,0,0,1,0,rare,1.0,0.24854886182350444,0.430378776684658,0.4369116092199965,0.0,0.117731574948835,0.11586571025734585,,,EXPLORE
1973,56,,,0,0,1,0,rare,1.0,0.16155676018527787,0.39836748728805094,0.3543051545095809,0.0,0.20134651763173989,0.24797294925007637,,,EXPLORE
1974,56,,,0,1,1,0,common,1.0,0.10501189412043066,0.3779945914301798,0.2795171763928358,0.0,0.26985256608828223,0.3448817607084164,,,EXPLORE
1975,56,,,0,0,1,0,rare,0.0,0.9317422688217201,0.5411366539720195,0.47518470412150104,0.0,0.3270029173428919,0.41900242740819416,,,EXPLOIT
1976,56,,,0,0,0,0,common,0.0,0.2809323462564869,0.6907414945958896,0.4169089967619968,0.0,0.3754027234234347,0.47752462754236397,,,EXPLORE
1977,56,,,0,1,1,1,common,0.0,0.03426820078948262,0.5804448110532754,0.3021167579702425,0.0,0.4169168696970501,0.5249013802859563,,,EXPLORE
1978,56,,,0,0,1,1,rare,0.0,0.0222743305131637,0.692129363549836,0.21816402973311885,0.0,0.4529154730353734,0.5640379987336683,,,EXPLOIT
1979,56,,,0,1,1,0,common,1.0,0.3943675252658819,0.642146094636205,0.27102507839294776,0.0,0.48442775810588756,0.5969107420657045,,,EXPLOIT
1980,56,,,0,1,0,1,rare,1.0,0.42631873825789124,0.4842869405168572,0.3176131763524308,0.0,0.5122418687153475,0.6249106881457865,,,EXPLOIT
1981,56,,,0,1,0,1,rare,1.0,0.27710717986762934,0.36942671086700807,0.30546137740699036,0.0,0.5369715501052006,0.6490453992711813,,,EXPLOIT
1982,56,,,0,1,1,0,common,1.0,0.2563388914228233,0.30137545794635934,0.2907246316117402,0.0,0.5591018584836528,0.6700625675214087,,,EXPLOIT
1983,56,,,0,1,0,1,rare,1.0,0.1801196669139591,0.261541616961201,0.2575431422024059,0.0,0.5790212101722467,0.6885287218393064,,,EXPLOIT
1984,56,,,0,1,1,0,common,1.0,0.16662027942483515,0.2376971333161828,0.23026628336913463,0.0,0.5970443072310473,0.7048809632262009,,,EXPLOIT
1985,56,,,0,1,0,1,rare,0.0,0.8829222165059266,0.22308057592966857,0.4260630633101722,0.0,0.6134288323989123,0.7194619288360226,,,EXPLOIT
1986,56,,,0,1,0,1,rare,1.0,0.42610055927114776,0.48905823926043723,0.4260743120984648,0.0,0.628387803331164,0.7325440026807575,,,EXPLOIT
1987,56,,,0,1,1,0,common,1.0,0.10830318162614283,0.3723652270532675,0.3307429729567682,0.0,0.6420988481331178,0.7443464432795381,,,EXPLOIT
1988,56,,,0,1,1,0,common,1.0,0.07039706805699286,0.30308636567354447,0.25263920148683555,0.0,0.6547112615856451,0.7550477334306359,,,EXPLOIT
1989,56,,,0,1,1,0,common,0.0,0.9542419057629546,0.2625535649496539,0.46312001276967124,0.0,0.6663514378084059,0.7647946379828902,,,EXPLOIT
1990,56,,,0,1,0,0,rare,1.0,0.8173939749332835,0.523839678016069,0.5694022014187549,0.0,0.6771270990900082,0.7737089498398598,,,EXPLOIT
1991,56,,,0,1,1,1,common,1.0,0.9855216851664436,0.3943059241896292,0.6942380465430614,0.0,0.6523216944458999,0.7515464271397528,,,EXPLOIT
1992,56,,,0,1,1,0,common,1.0,0.37974276125407946,0.31587239749902635,0.5998894609563667,0.0,0.6237007994380603,0.7248701839499458,,,EXPLORE
1993,56,,,0,1,1,0,common,1.0,0.24683279481515163,0.2700919659971673,0.49397246111400217,0.0,0.5903125647567932,0.692146793230088,,,EXPLOIT
1994,56,,,0,1,1,0,common,0.0,0.8395586833701514,0.24286831403434703,0.5976483277908469,0.0,0.6073004965336624,0.7080989446271316,,,EXPLOIT
1995,56,,,0,1,1,0,common,1.0,0.45428685580940154,0.5071115214944169,0.5546398861964132,0.0,0.5710017042037526,0.6712213679148884,,,EXPLORE
1996,56,,,0,0,1,1,rare,0.0,0.35941090464181163,0.3836284829681742,0.4960711917300327,0.0,0.5277899119470455,0.6242218468812529,,,EXPLORE
1997,56,,,0,1,0,0,rare,0.0,0.46869391629336565,0.30868545115191826,0.4878580090990326,0.0,0.550869519812718,0.6484484628542777,,,EXPLOIT
1998,56,,,0,1,0,1,rare,1.0,0.2769653635262461,0.5316072707104521,0.4245902154271966,0.0,0.571598563999033,0.6695403236027526,,,EXPLOIT
1999,56,,,0,1,0,1,rare,1.0,0.18002748629206,0.3717314794734802,0.3512213966866556,0.0,0.5903178378323163,0.6880680024883236,,,EXPLOIT
2000,56,,,0,1,1,0,common,1.0,0.29528645627611105,0.27894994304210585,0.33444091456349223,0.0,0.6073052929280521,0.7044715232181743,,,EXPLOIT
