trial,seed,config_version,git_commit,s1,a1,s2,a2,trans_type,reward,u_delta,u_s,u_v,u_c,V_G,V_p,eta_G,eta_p,mode
1,52,,,0,1,1,0,common,0.0,0.5,0.6931471803599453,0.15,0.0,0.5,0.5,,,EXPLOIT
2,52,,,0,1,1,0,common,0.0,0.325,0.6354546081677416,0.2025,0.0,0.5260663507109005,0.5433789954337899,,,EXPLOIT
3,52,,,0,1,0,0,rare,1.0,0.5,0.5505918514747258,0.29174999999999995,0.0,0.5493262427328857,0.5794962364913165,,,EXPLOIT
4,52,,,0,0,1,0,rare,0.0,0.21125000000000002,0.6928253386665761,0.26759999999999995,0.0,0.570208762497792,0.6100329171214658,,,EXPLOIT
5,52,,,0,0,0,0,common,0.0,0.675,0.643108341319719,0.38981999999999994,0.0,0.5890597666503006,0.6361884525043351,,,EXPLOIT
6,52,,,0,1,1,1,common,1.0,0.5,0.5611724967858519,0.42287399999999997,0.0,0.6061611288293314,0.65884152052499,,,EXPLOIT
7,52,,,0,1,1,1,common,1.0,0.32499999999999996,0.40349504277748105,0.3935117999999999,0.0,0.621744881595395,0.678650554588017,,,EXPLOIT
8,52,,,0,1,1,1,common,1.0,0.21124999999999994,0.3073125455579967,0.33883325999999986,0.0,0.6360037662619006,0.6961186809978029,,,EXPLOIT
9,52,,,0,1,0,1,rare,0.0,0.5,0.2527772398244383,0.38718328199999985,0.0,0.6490992118689946,0.7116369601865663,,,EXPLOIT
10,52,,,0,1,1,1,common,1.0,0.13731249999999995,0.4998181024577052,0.31222204739999987,0.0,0.661167445672263,0.7255139427248888,,,EXPLOIT
11,52,,,0,1,0,0,rare,1.0,0.5612499999999999,0.3638541025840937,0.38693043317999987,0.0,0.6723242264513416,0.7379963399676884,,,EXPLOIT
12,52,,,0,1,1,1,common,0.0,0.9107468750000001,0.2848367470037215,0.5440753657259999,0.0,0.6826685496483146,0.7492837770280747,,,EXPLOIT
13,52,,,0,1,0,0,rare,1.0,0.3648125,0.5259678985749817,0.4902965060081999,0.0,0.6586758602311789,0.7221209073038365,,,EXPLOIT
14,52,,,0,1,1,1,common,0.0,0.5919854687500001,0.38021711895250354,0.5208031948307399,0.0,0.6700180455626873,0.7349378824807616,,,EXPLOIT
15,52,,,0,1,1,1,common,1.0,0.6152094453124999,0.5902526491496676,0.5491250699752679,0.0,0.6441488899536879,0.7045767173521946,,,EXPLOIT
16,52,,,0,1,1,1,common,0.0,0.6001138605468751,0.42431791711452654,0.56442170714675,0.0,0.6142068212976548,0.6667914889979268,,,EXPLOIT
17,52,,,0,1,1,1,common,1.0,0.6099259906445311,0.6144445356762069,0.5780729921960843,0.0,0.5791496945987044,0.6184826221285226,,,EXPLOIT
18,52,,,0,1,0,0,rare,0.0,0.762871875,0.4433312597153597,0.633512657037259,0.0,0.5375466727663433,0.5545461487662815,,,EXPLORE
19,52,,,0,0,1,1,rare,1.0,0.3964518939189453,0.6239492713372743,0.5623944281017649,0.0,0.48737837728196753,0.4659410423798663,,,EXPLORE
20,52,,,0,0,0,1,common,1.0,0.675,0.6794901026087435,0.5961760996712354,0.0,0.4256996008028222,0.3349860785786443,,,EXPLORE
21,52,,,0,1,0,1,rare,0.0,0.56125,0.5721265798220917,0.5856982697698647,0.0,0.3480400363650025,0.12179834868711284,,,EXPLORE
22,52,,,0,0,0,0,common,0.0,0.49586671875,0.4490196083500988,0.5587488044639053,0.0,0.24727031163292312,0.09090909090909093,,,EXPLORE
23,52,,,0,1,0,1,rare,0.0,0.36481250000000004,0.6380864286412566,0.5005679131247337,0.0,0.11127951024927026,0.09090909090909093,,,EXPLORE
24,52,,,0,0,1,1,rare,1.0,0.2576937310473144,0.5721201891406447,0.4277056585015079,0.0,0.09090909090909093,0.09090909090909093,,,EXPLORE
25,52,,,0,1,1,1,common,1.0,0.16750092518075443,0.3987319361587295,0.3496442385052818,0.0,0.17965545529122232,0.23017705927636645,,,EXPLORE
26,52,,,0,0,1,0,rare,0.0,0.1373125,0.638083292478831,0.2859447169536973,0.0,0.25195053896963665,0.33155527035247095,,,EXPLORE
27,52,,,0,0,0,0,common,1.0,0.6776866328125,0.6880984043256411,0.40346729171133805,0.0,0.31197800201026266,0.40865139461585376,,,EXPLORE
28,52,,,0,1,1,1,common,1.0,0.10887560136749042,0.6467928648276601,0.3150897846081837,0.0,0.3626137856372424,0.46925370836719743,,,EXPLORE
29,52,,,0,0,0,0,common,1.0,0.44049631132812506,0.691007829852176,0.3527117426241661,0.0,0.4059000327452924,0.5181414926281387,,,EXPLORE
30,52,,,0,0,1,1,rare,0.0,0.9292308591111312,0.6730195781023589,0.5256674775702557,0.0,0.4433268371345312,0.5584101936095955,,,EXPLORE
31,52,,,0,0,0,0,common,1.0,0.28632260236328133,0.6435844181312852,0.4538640150081633,0.0,0.37044452077678974,0.47143071844741774,,,EXPLORE
32,52,,,0,1,1,1,common,1.0,0.39599994157776464,0.6925242313732975,0.4365047929790437,0.0,0.41264164445169293,0.5199187120719959,,,EXPLORE
33,52,,,0,1,1,0,common,0.0,0.089253125,0.6715847123870395,0.3323292925853306,0.0,0.44919142138966994,0.5598883617365792,,,EXPLORE
34,52,,,0,1,1,1,common,0.0,0.742600037974453,0.6413357148954484,0.4554105162020673,0.0,0.48115493160889206,0.5934016020360139,,,EXPLOIT
35,52,,,0,0,1,0,rare,1.0,0.94198546875,0.5053329053857591,0.601383001966447,0.0,0.5093431012082946,0.6219045764351516,,,EXPLORE
36,52,,,0,0,0,0,common,1.0,0.18610969153613288,0.401789887856414,0.4768010088373527,0.0,0.45286521674040614,0.559158042539654,,,EXPLORE
37,52,,,0,0,1,1,rare,0.0,0.48269002468339445,0.33800345096728435,0.47856771359116523,0.0,0.4843835712419937,0.5927845923228482,,,EXPLOIT
38,52,,,0,0,0,0,common,1.0,0.1209712994984864,0.5958089183105955,0.37128878936336157,0.0,0.5122027165311157,0.6213764396881297,,,EXPLOIT
39,52,,,0,0,0,0,common,1.0,0.07863134467401611,0.464461970266262,0.2834915559565579,0.0,0.5369366203607749,0.6459843995628822,,,EXPLOIT
40,52,,,0,0,0,0,common,0.0,0.9488896259618895,0.3761214762251015,0.4831109769581574,0.0,0.5590705047035094,0.6673858816142082,,,EXPLOIT
41,52,,,0,0,1,1,rare,1.0,0.6862514839557936,0.6173972525421312,0.5440531290574483,0.0,0.5789929114186695,0.6861683792563694,,,EXPLORE
42,52,,,0,1,1,0,common,0.0,0.38770944531249996,0.48182050753404027,0.4971500239339638,0.0,0.5373592469533461,0.6434375553438446,,,EXPLORE
43,52,,,0,0,0,0,common,0.0,0.6167782568752282,0.38090651418176624,0.5330384938163432,0.0,0.5594498827221556,0.6651612610149912,,,EXPLOIT
44,52,,,0,0,1,0,rare,0.0,0.252011139453125,0.5908786110087587,0.44873028750737765,0.0,0.5139001262728259,0.6163654126279255,,,EXPLORE
45,52,,,0,0,0,1,common,0.0,0.23712812500000002,0.6801919664503727,0.3852496387551643,0.0,0.5384512797714075,0.6416516421717335,,,EXPLOIT
46,52,,,0,0,0,0,common,1.0,0.5990941330311016,0.6922173492713037,0.44940298703794546,0.0,0.5604303485662451,0.6636026318271295,,,EXPLOIT
47,52,,,0,0,0,0,common,1.0,0.3894111864702161,0.5728498736142434,0.4314054468676266,0.0,0.5802204582392412,0.68283651869623,,,EXPLORE
48,52,,,0,0,0,1,common,0.0,0.15413328125000003,0.4119005391832169,0.3482237971823386,0.0,0.5981322428505474,0.6998275778583575,,,EXPLOIT
49,52,,,0,0,1,1,rare,1.0,0.4460634645712659,0.6081533091611574,0.37757569739901675,0.0,0.6144202158084131,0.7149457733020042,,,EXPLOIT
50,52,,,0,0,0,0,common,1.0,0.2531172712056404,0.4384565442787596,0.34023816954100383,0.0,0.6292948959887401,0.7284839407725546,,,EXPLOIT
51,52,,,0,0,1,1,rare,1.0,0.2899412519713228,0.3276103447108967,0.3251490942700995,0.0,0.6429319199560344,0.7406768912800671,,,EXPLOIT
52,52,,,0,0,0,0,common,1.0,0.1645262262836663,0.26452661700083685,0.27696223387416957,0.0,0.6554789794645397,0.7517151046191168,,,EXPLOIT
53,52,,,0,0,1,1,rare,0.0,0.8115381862186402,0.22829061068450682,0.43733501957751075,0.0,0.6670611665963188,0.7617547197574918,,,EXPLOIT
54,52,,,0,0,0,0,common,1.0,0.10694204708438315,0.47817113587135474,0.3382171278295724,0.0,0.6777851372355115,0.7709249400475067,,,EXPLOIT
55,52,,,0,0,1,0,rare,1.0,0.8361927593554688,0.35097609628577764,0.4876098172873413,0.0,0.6877423868208202,0.7793336014425329,,,EXPLOIT
56,52,,,0,0,0,0,common,1.0,0.06951233060484907,0.277764131348681,0.3621805712825936,0.0,0.697011851621488,0.7870714142598272,,,EXPLOIT
57,52,,,0,0,1,1,rare,1.0,0.4725001789578839,0.23598919556096118,0.39527645358518065,0.0,0.7056619921815275,0.7942152330625344,,,EXPLOIT
58,52,,,0,0,1,1,rare,0.0,0.6928748836773755,0.21143542508316887,0.48455598261283905,0.0,0.7137524753347567,0.8008306048974813,,,EXPLOIT
59,52,,,0,1,1,0,common,0.0,0.4564747064189453,0.46197771215525074,0.4761315997546709,0.0,0.7213355422196873,0.8069737751033484,,,EXPLOIT
60,52,,,0,0,0,0,common,0.0,0.9548169851068481,0.39624421914523195,0.619737215360324,0.0,0.7284571286181734,0.81269328078194,,,EXPLOIT
61,52,,,0,0,1,0,rare,0.0,0.2967085591723144,0.5796450492212688,0.5228286185039211,0.0,0.7106341773850229,0.7973841648610219,,,EXPLOIT
62,52,,,0,0,0,1,common,0.0,0.10018663281250002,0.6667847408445887,0.3960360227964948,0.0,0.6905246199803151,0.7795460107706282,,,EXPLOIT
63,52,,,0,1,0,0,rare,1.0,0.37936895968054873,0.6916496642918938,0.39103590386171094,0.0,0.6996060690427605,0.7872672189083303,,,EXPLOIT
64,52,,,0,1,1,0,common,0.0,0.19286056346200436,0.5625706237599133,0.33158330174179895,0.0,0.7080865094573949,0.794396297833245,,,EXPLOIT
65,52,,,0,1,1,1,common,0.0,0.45036867439029404,0.6649262928815578,0.3672189135363475,0.0,0.7160233042047476,0.8009985254670453,,,EXPLOIT
66,52,,,0,1,0,0,rare,1.0,0.24658982379235672,0.6923077670082484,0.33103018661315026,0.0,0.7234667417465338,0.8071299248777701,,,EXPLOIT
67,52,,,0,1,0,0,rare,1.0,0.16028338546503185,0.5363510253262918,0.2798061462687147,0.0,0.7304610940329714,0.8128388482925493,,,EXPLOIT
68,52,,,0,1,0,0,rare,0.0,0.8958157994477293,0.3731534287225703,0.46460904222241906,0.0,0.7370454901519511,0.8181672465445162,,,EXPLOIT
69,52,,,0,1,1,1,common,0.0,0.2927396383536911,0.5733369043167746,0.4130482210618006,0.0,0.743254642040887,0.8231516944994617,,,EXPLOIT
70,52,,,0,1,1,1,common,0.0,0.1902807649298992,0.6687129724885001,0.34621798422223016,0.0,0.7491194506847934,0.8278242254881817,,,EXPLOIT
71,52,,,0,0,1,0,rare,1.0,0.8746406337496971,0.6927028436298919,0.5047447790804702,0.0,0.7546675151496262,0.8322130149982566,,,EXPLOIT
72,52,,,0,0,0,0,common,0.0,0.5822802696410241,0.5601841089370321,0.5280054262486363,0.0,0.7399449752737177,0.819830807084801,,,EXPLOIT
73,52,,,0,0,0,0,common,0.0,0.37848217526666567,0.6664270229780471,0.4831484509540451,0.0,0.723519120507784,0.8056303095940776,,,EXPLOIT
74,52,,,0,0,1,1,rare,0.0,0.12368249720443449,0.6928037092739523,0.37530866482916186,0.0,0.730510359372621,0.8114412444945174,,,EXPLOIT
75,52,,,0,0,0,0,common,1.0,0.7539865860766672,0.6872349633749304,0.48891204120341347,0.0,0.7370919093586533,0.8168616521954176,,,EXPLOIT
76,52,,,0,0,1,0,rare,0.0,0.4314835880626968,0.58101902140792,0.47168350526119845,0.0,0.7432984526630388,0.8219293735969047,,,EXPLOIT
77,52,,,0,0,0,0,common,1.0,0.4900912809498338,0.6733761651163969,0.47720583796778904,0.0,0.7491608645547758,0.8266775139063404,,,EXPLOIT
78,52,,,0,0,0,0,common,1.0,0.318559332617392,0.4953813007430123,0.4296118863626699,0.0,0.7547067217718597,0.8311351609954115,,,EXPLOIT
79,52,,,0,0,0,0,common,1.0,0.20706356620130484,0.35209699325569804,0.36284739031426033,0.0,0.7599607315650366,0.8353279768463393,,,EXPLOIT
80,52,,,0,0,0,0,common,1.0,0.13459131803084812,0.27044610829071025,0.29437056862923666,0.0,0.7649450954720003,0.8392786874970034,,,EXPLOIT
81,52,,,0,1,1,0,common,1.0,0.719535667759247,0.2247735294205024,0.42192009836823974,0.0,0.7696798191197951,0.8430074912421712,,,EXPLOIT
82,52,,,0,0,1,0,rare,1.0,0.4676981840435106,0.4486633258057,0.43565352407082103,0.0,0.7741829771721762,0.8465324005718166,,,EXPLOIT
83,52,,,0,0,0,0,common,1.0,0.08748435672005128,0.40880891021116206,0.3312027738655901,0.0,0.7784709408201768,0.8498695300650743,,,EXPLOIT
84,52,,,0,0,0,0,common,1.0,0.05686483186803337,0.3834612592735404,0.24890139126632305,0.0,0.7825585738516699,0.8530333399495786,,,EXPLOIT
85,52,,,0,0,0,0,common,1.0,0.03696214071422166,0.3673212076291592,0.1853196161006926,0.0,0.7864594022491775,0.8560368430921236,,,EXPLOIT
86,52,,,0,0,0,0,common,1.0,0.024025391464244095,0.3569952404158325,0.13693134870975804,0.0,0.7901857613938331,0.858891781669877,,,EXPLOIT
87,52,,,0,0,0,0,common,1.0,0.015616504451758662,0.35035869899874483,0.10053689543235822,0.0,0.7937489242509415,0.8616087785799698,,,EXPLOIT
88,52,,,0,0,1,0,rare,0.0,0.6959961803717181,0.3460781830647368,0.2791746809141662,0.0,0.7971592133433584,0.8641974677034592,,,EXPLOIT
89,52,,,0,0,0,0,common,1.0,0.01015072789364313,0.6344520580368236,0.19846749500800925,0.0,0.8004260988554709,0.8666666063906522,,,EXPLOIT
90,52,,,0,0,0,0,common,0.0,0.9934020268691319,0.5399309159538102,0.436947854566346,0.0,0.8035582848314674,0.8690241729356969,,,EXPLOIT
91,52,,,0,0,0,1,common,0.0,0.06512131132812501,0.6910559321557492,0.32539989159487964,0.0,0.8065637851201409,0.8712774513265714,,,EXPLOIT
92,52,,,0,1,1,0,common,0.0,0.45239751724161675,0.6541565832751113,0.36349917928890074,0.0,0.809449990461514,0.8734331051671615,,,EXPLOIT
93,52,,,0,0,1,0,rare,0.0,0.29405838620705094,0.6922625592867846,0.3426669413643458,0.0,0.8122237278977161,0.8754972423517488,,,EXPLOIT
94,52,,,0,0,0,0,common,0.0,0.6457113174649358,0.6762917049138142,0.4335802541945228,0.0,0.8148913135135347,0.877475471814017,,,EXPLOIT
95,52,,,0,0,1,1,rare,0.0,0.08039362318288241,0.6406642040798607,0.32762426489103064,0.0,0.8174585993643171,0.8793729534609955,,,EXPLOIT
96,52,,,0,0,0,0,common,1.0,0.5802876436477917,0.6089850038108584,0.4034232785180589,0.0,0.8199310153251359,0.8811944422280309,,,EXPLOIT
97,52,,,0,0,0,0,common,1.0,0.3771869683710647,0.6718383422506866,0.39555238547396065,0.0,0.822313606491106,0.8829443270467706,,,EXPLOIT
98,52,,,0,0,0,0,common,0.0,0.754828470558808,0.5311198371878221,0.5033352109994148,0.0,0.8246110666710139,0.8846266653985092,,,EXPLOIT
99,52,,,0,1,1,0,common,1.0,0.8088620489654169,0.6749574947796249,0.5949932623892153,0.0,0.8166684284890671,0.8785057015947267,,,EXPLOIT
100,52,,,0,1,1,0,common,1.0,0.525760331827521,0.6514640187210979,0.574223383220707,0.0,0.8080633321296262,0.8717707142496884,,,EXPLOIT
101,52,,,0,1,0,0,rare,1.0,0.5093614941367748,0.5359837643751464,0.5547648164955273,0.0,0.7987097850866717,0.8643248268253602,,,EXPLOIT
102,52,,,0,1,1,0,common,0.0,0.6582557843121113,0.44472194900347606,0.5858121068405024,0.0,0.788506238791767,0.8560496524325165,,,EXPLOIT
103,52,,,0,1,1,1,common,1.0,0.9477441449311265,0.6624558673240182,0.6943917182676895,0.0,0.777331904356053,0.8467989727690503,,,EXPLOIT
104,52,,,0,1,1,0,common,0.0,0.42786625980287235,0.5479866101656706,0.6144340807282443,0.0,0.7650419691640182,0.8363900488543415,,,EXPLOIT
105,52,,,0,1,1,1,common,1.0,0.6160336942052322,0.6882225828891084,0.6149139647713406,0.0,0.7514613117328006,0.8245914594889935,,,EXPLOIT
106,52,,,0,1,1,0,common,0.0,0.27811306887186704,0.588143528797733,0.5138736960014986,0.0,0.7363761344253418,0.811105733139042,,,EXPLOIT
107,52,,,0,1,1,1,common,0.0,0.5995780987665991,0.6925281953749844,0.5395850168310287,0.0,0.7195226622509898,0.7955439728973117,,,EXPLOIT
108,52,,,0,1,0,0,rare,1.0,0.3310849711889037,0.6611762003664969,0.4770350031383911,0.0,0.7005716330519671,0.7773878095798331,,,EXPLOIT
109,52,,,0,1,1,0,common,1.0,0.8192265052332864,0.6621310077211109,0.5796924537668597,0.0,0.7089893171814834,0.7852785149538157,,,EXPLOIT
110,52,,,0,0,1,1,rare,1.0,0.6102742358017106,0.5476098774307915,0.588866988377315,0.0,0.6886613872178995,0.765292587359697,,,EXPLOIT
111,52,,,0,0,0,0,common,0.0,0.7847947687272125,0.6798026210522771,0.6476453224822842,0.0,0.6655314355898924,0.7414696362550066,,,EXPLOIT
112,52,,,0,0,0,0,common,1.0,0.4898834003273118,0.5447119453029995,0.6003167458357924,0.0,0.6389786677940031,0.7125889573369767,,,EXPLORE
113,52,,,0,1,1,1,common,1.0,0.39667825327111195,0.6790819131939391,0.5392251980663882,0.0,0.6081842824781793,0.6768506182599383,,,EXPLOIT
114,52,,,0,1,1,0,common,1.0,0.5324972284016362,0.6243818824259558,0.5372068071669626,0.0,0.572045686309048,0.6314856616686858,,,EXPLORE
115,52,,,0,0,0,0,common,0.0,0.6815757897872473,0.5724508882629765,0.580517501953048,0.0,0.5290418787838624,0.572002571121115,,,EXPLORE
116,52,,,0,0,0,1,common,0.0,0.04232885236328126,0.3866489969252168,0.41906090707611793,0.0,0.4770141810371642,0.49060108251050266,,,EXPLORE
117,52,,,0,1,0,0,rare,1.0,0.5569757366382893,0.2769064783375924,0.46043535594476936,0.0,0.5056789475695292,0.5356325463932118,,,EXPLOIT
118,52,,,0,0,0,0,common,1.0,0.362034228814888,0.24562485088279867,0.43091501780580493,0.0,0.5311211294422965,0.5730021847546027,,,EXPLOIT
119,52,,,0,1,1,0,common,1.0,0.34612319846106354,0.45395127360764864,0.4054774720023825,0.0,0.5538541576454873,0.6045106405704439,,,EXPLOIT
120,52,,,0,1,1,1,common,1.0,0.2578408646262228,0.4275724566267892,0.36118648978953455,0.0,0.5742878957009866,0.6314353104038002,,,EXPLOIT
121,52,,,0,1,1,0,common,0.0,0.7750199210003087,0.4105955536042375,0.48533651915276677,0.0,0.5927535000801935,0.6547075339621056,,,EXPLOIT
122,52,,,0,1,0,0,rare,0.0,0.7646777512703228,0.6695640919066685,0.5691388887880335,0.0,0.609521447642973,0.6750223477779086,,,EXPLOIT
123,52,,,0,0,1,1,rare,1.0,0.16759656200704487,0.6697390445319191,0.4486761907537369,0.0,0.5736244999157873,0.6291300982816289,,,EXPLORE
124,52,,,0,0,1,1,rare,1.0,0.10893776530457921,0.5590994854135818,0.34675466311898956,0.0,0.5921525273055079,0.6527053871307833,,,EXPLOIT
125,52,,,0,0,0,0,common,1.0,0.5029594616742902,0.46298613364438307,0.3936161026855797,0.0,0.6089745108885152,0.6732672873068141,,,EXPLOIT
126,52,,,0,0,1,1,rare,1.0,0.07080954744797652,0.39964701846305245,0.29677413611429876,0.0,0.6243149753106533,0.6913579898623421,,,EXPLOIT
127,52,,,0,0,0,0,common,0.0,0.6730763499117114,0.3600157011913213,0.40966480025352253,0.0,0.6383607032016905,0.7073969727551486,,,EXPLOIT
128,52,,,0,0,1,0,rare,1.0,0.49623705134979934,0.6281156142301036,0.43563647558240554,0.0,0.6512683457857248,0.7217138585030609,,,EXPLOIT
129,52,,,0,0,0,1,common,0.0,0.02751375403613282,0.5162190260132641,0.31319965911852365,0.0,0.6631702632841194,0.7345712509212072,,,EXPLOIT
130,52,,,0,1,1,0,common,0.0,0.6774459166226304,0.6831566158409543,0.4224735363697557,0.0,0.6741790575535533,0.7461809440112452,,,EXPLOIT
131,52,,,0,1,1,1,common,1.0,0.046026205841184775,0.609578283836059,0.30953933721118443,0.0,0.6843911263039664,0.756715643638037,,,EXPLOIT
132,52,,,0,1,1,1,common,1.0,0.02991703379677013,0.6893443638669905,0.22565264618686012,0.0,0.693889476742719,0.7663175873365687,,,EXPLOIT
133,52,,,0,1,1,1,common,1.0,0.019446071967900602,0.6114909203427612,0.16379067392117228,0.0,0.7027459726306142,0.7751049794410237,,,EXPLOIT
134,52,,,0,0,0,0,common,0.0,0.4374996274426124,0.5240876178998833,0.24590335997760432,0.0,0.7110231435379785,0.7831768613419382,,,EXPLOIT
135,52,,,0,1,1,1,common,0.0,0.9873600532208646,0.3762294657419763,0.4683403679505824,0.0,0.7187756526850252,0.79061684354208,,,EXPLOIT
136,52,,,0,1,1,0,common,1.0,0.5596601541952901,0.6137260462372871,0.4957363038239947,0.0,0.7260514962392614,0.7974959982130093,,,EXPLOIT
137,52,,,0,1,1,0,common,0.0,0.6362208997730614,0.47396855298762636,0.5378816826087147,0.0,0.7328929896924934,0.8038751246037666,,,EXPLOIT
138,52,,,0,1,0,1,rare,0.0,0.017883940123486333,0.6576360018353866,0.38188235986314617,0.0,0.7156166039808662,0.7871346006358639,,,EXPLOIT
139,52,,,0,1,0,1,rare,1.0,0.9883754389197339,0.6922953715355837,0.5638302835801225,0.0,0.7230849587475611,0.7942736612910644,,,EXPLOIT
140,52,,,0,1,0,0,rare,1.0,0.7156252421623019,0.599268784568059,0.6093687711547763,0.0,0.7045880787038865,0.775896204682373,,,EXPLOIT
141,52,,,0,1,1,1,common,1.0,0.35821596540643796,0.4623540928575596,0.5340229294302747,0.0,0.6836697051220344,0.7541545343566315,,,EXPLOIT
142,52,,,0,1,1,1,common,1.0,0.23284037751418474,0.37028541898644307,0.4436681638554477,0.0,0.6598223116283513,0.7280332384440914,,,EXPLOIT
143,52,,,0,1,1,1,common,1.0,0.15134624538422004,0.31487148252031116,0.3559715883140794,0.0,0.6710790074791861,0.7402699074690752,,,EXPLOIT
144,52,,,0,1,1,1,common,1.0,0.09837505949974301,0.2815937778053415,0.2786926296697785,0.0,0.6815125694042338,0.751345791314537,,,EXPLOIT
145,52,,,0,1,0,0,rare,1.0,0.46515640740549635,0.2612498286681231,0.3346317629904938,0.0,0.6912096265131545,0.7614180951644289,,,EXPLOIT
146,52,,,0,1,0,0,rare,0.0,0.6976483351864273,0.2485888718348913,0.4435367346492738,0.0,0.7002450641714424,0.7706168635812687,,,EXPLOIT
147,52,,,0,1,1,1,common,0.0,0.936056211325167,0.5269223695193516,0.5912925776520417,0.0,0.7086839488094943,0.7790506033879354,,,EXPLOIT
148,52,,,0,1,1,0,common,1.0,0.58645641514751,0.6747467262949973,0.5898417289006822,0.0,0.688315340834111,0.7579081697488809,,,EXPLOIT
149,52,,,0,1,0,0,rare,1.0,0.5465285821288222,0.5375571616029735,0.5768477848691241,0.0,0.6651360281589606,0.7325743670957937,,,EXPLOIT
150,52,,,0,1,1,0,common,1.0,0.3811966698458815,0.4181513348095651,0.5181524503621513,0.0,0.638522556992568,0.7016674184805217,,,EXPLOIT
151,52,,,0,1,0,0,rare,1.0,0.35524357838373444,0.3434967564538586,0.4692797887686262,0.0,0.6076523648559713,0.6631231848588144,,,EXPLOIT
152,52,,,0,0,0,0,common,0.0,0.7690916740505727,0.29884324773952337,0.5592233543532101,0.0,0.6231069374631123,0.6824146321068528,,,EXPLOIT
153,52,,,0,1,1,0,common,0.0,0.752222164600177,0.2243326487725948,0.6171229974273001,0.0,0.5896155968747203,0.6386332924668313,,,EXPLOIT
154,52,,,0,1,1,1,common,1.0,0.3915634626386414,0.47134039184124166,0.5494551369907025,0.0,0.550030405249649,0.5815198072403437,,,EXPLORE
155,52,,,0,0,0,0,common,0.0,0.49990958813287223,0.3440552924224613,0.5345914723333534,0.0,0.5025243550748179,0.5038952568132574,,,EXPLORE
156,52,,,0,0,0,0,common,1.0,0.675058767713633,0.28906074406646637,0.5767316609474372,0.0,0.4444590031222548,0.3922990916558711,,,EXPLORE
157,52,,,0,1,1,0,common,0.0,0.48894440699011504,0.5474848638617641,0.5503954847602406,0.0,0.3718777217861027,0.2181947152070127,,,EXPLORE
158,52,,,0,1,1,1,common,1.0,0.25451625071511685,0.6903142703328083,0.46163171454670343,0.0,0.27856498459471746,0.09090909090909093,,,EXPLORE
159,52,,,0,0,0,0,common,0.0,0.5612118009861385,0.6034314669672947,0.49150574047853396,0.0,0.33433846907200404,0.23017705927636645,,,EXPLORE
160,52,,,0,1,0,1,rare,1.0,0.6424440352978271,0.47550076072628467,0.5367872289243218,0.0,0.3816634729042314,0.33155527035247095,,,EXPLORE
161,52,,,0,1,1,1,common,1.0,0.16543556296482598,0.37007728452436733,0.42538172913647304,0.0,0.29131788450886226,0.11586571025734585,,,EXPLORE
162,52,,,0,0,1,0,rare,0.0,0.3178138645435748,0.30720098474506863,0.39311136975860356,0.0,0.3451036537017478,0.24797294925007637,,,EXPLORE
163,52,,,0,1,0,1,rare,1.0,0.41758862294358756,0.23741272743347755,0.4004545457140988,0.0,0.39087145580249244,0.3448817607084164,,,EXPLORE
164,52,,,0,1,1,1,common,1.0,0.10753311592713688,0.20654247787287575,0.3125781167780102,0.0,0.43028795805674863,0.41900242740819416,,,EXPLOIT
165,52,,,0,0,0,1,common,0.0,0.728567395086668,0.18822073379432075,0.4373749002706075,0.0,0.46458783492593625,0.47752462754236397,,,EXPLOIT
166,52,,,0,0,1,1,rare,0.0,0.930103474647361,0.15620816466755816,0.5851934725836335,0.0,0.4947052138720396,0.5249013802859563,,,EXPLORE
167,52,,,0,1,1,0,common,0.0,0.20657901195332362,0.1379649531034489,0.4716091343945405,0.0,0.4347895048280323,0.4232248519525311,,,EXPLORE
168,52,,,0,1,1,1,common,1.0,0.39543274147921537,0.33849651880503856,0.4487562165199429,0.0,0.4685260691885584,0.48090781877258,,,EXPLOIT
169,52,,,0,1,1,1,common,0.0,0.7429687180385101,0.23895236752707472,0.537019966975513,0.0,0.4981794537047958,0.5276726468054886,,,EXPLOIT
170,52,,,0,0,0,1,common,0.0,0.47356880680633423,0.4458663894968258,0.5179846189247593,0.0,0.4390898690069503,0.42726361096652704,,,EXPLORE
171,52,,,0,0,0,1,common,1.0,0.6921802755758828,0.4216782965991777,0.5702433159200964,0.0,0.3650747788974327,0.2745969211968848,,,EXPLORE
172,52,,,0,0,0,0,common,0.0,0.36478767064099005,0.6725690207818533,0.5086066223363644,0.0,0.26966717140315416,0.09090909090909093,,,EXPLORE
173,52,,,0,1,0,1,rare,0.0,0.5500828208756763,0.5926672157046011,0.521049481898158,0.0,0.14203326182155362,0.09090909090909093,,,EXPLORE
174,52,,,0,0,0,1,common,0.0,0.35755383356918957,0.6843479937612238,0.47200078739946744,0.0,0.09090909090909093,0.09090909090909093,,,EXPLORE
175,52,,,0,1,1,0,common,0.0,0.13427635776966035,0.648031301527228,0.3706834585105253,0.0,0.17965545529122232,0.23017705927636645,,,EXPLORE
176,52,,,0,1,1,0,common,0.0,0.08727963255027923,0.6894105094262668,0.2856623107224515,0.0,0.25195053896963665,0.33155527035247095,,,EXPLORE
177,52,,,0,0,0,1,common,0.0,0.23240999181997324,0.6915294365755449,0.26968661505170805,0.0,0.31197800201026266,0.40865139461585376,,,EXPLORE
178,52,,,0,1,0,0,rare,1.0,0.7628880140833565,0.6915650206823627,0.4176470347612026,0.0,0.3626137856372424,0.46925370836719743,,,EXPLORE
179,52,,,0,1,1,1,common,1.0,0.5170703332749684,0.5137216902755024,0.4474740243153323,0.0,0.4059000327452924,0.5181414926281387,,,EXPLORE
180,52,,,0,0,1,1,rare,1.0,0.3360957166287295,0.3416282492992554,0.41406053200935145,0.0,0.4433268371345312,0.5584101936095955,,,EXPLORE
181,52,,,0,0,1,1,rare,1.0,0.2184622158086742,0.6082520770778065,0.35538103714914826,0.0,0.4760069778008542,0.5921529537657815,,,EXPLOIT
182,52,,,0,0,0,0,common,0.0,0.5041227908458182,0.6928643873369662,0.40000356325814923,0.0,0.5047882362938754,0.6208359130085537,,,EXPLOIT
183,52,,,0,1,1,1,common,1.0,0.1420004402756383,0.5979012374482205,0.32260262636339593,0.0,0.5303278475182935,0.6455166258956538,,,EXPLORE
184,52,,,0,1,1,1,common,1.0,0.09230028617916486,0.4904797959055177,0.2535119243081266,0.0,0.5531431856165939,0.6669771225069359,,,EXPLOIT
185,52,,,0,1,0,0,rare,1.0,0.6723201859502181,0.4161861932136097,0.3791544028007541,0.0,0.5736470880232013,0.6858081495669813,,,EXPLOIT
186,52,,,0,0,0,0,common,1.0,0.43700812086764185,0.36938601779267355,0.3965105182208204,0.0,0.5921729883276855,0.7024642847715783,,,EXPLOIT
187,52,,,0,0,1,1,rare,1.0,0.05999518601645715,0.5523361595168443,0.2955559185595114,0.0,0.6089931308257707,0.7173010333450142,,,EXPLOIT
188,52,,,0,1,1,1,common,1.0,0.038996870910697146,0.6494656810540594,0.2185882042648671,0.0,0.6243319910980096,0.7306004237646555,,,EXPLOIT
189,52,,,0,1,1,1,common,0.0,0.9746520339080469,0.6282445328187019,0.445407353157821,0.0,0.6383763127966292,0.7425890580670904,,,EXPLOIT
190,52,,,0,1,1,1,common,1.0,0.3664761779597695,0.6550251184783245,0.42172800059840554,0.0,0.6512827158657106,0.7534510902583895,,,EXPLOIT
191,52,,,0,1,1,1,common,0.0,0.7617904843261498,0.6931238935915736,0.5237467457167287,0.0,0.6631835351894628,0.763337721105509,,,EXPLOIT
192,52,,,0,0,0,0,common,1.0,0.2840552785639672,0.5709353390457199,0.45183930557090024,0.0,0.6362692302068695,0.739119737363161,,,EXPLOIT
193,52,,,0,0,0,0,common,1.0,0.1846359310665786,0.4953880483275237,0.3716782932196038,0.0,0.6493434593506172,0.7503024078594138,,,EXPLOIT
194,52,,,0,0,1,1,rare,1.0,0.5048361851880026,0.44419839218066925,0.41162566081012336,0.0,0.6613929112138597,0.760467334466838,,,EXPLOIT
195,52,,,0,0,0,0,common,1.0,0.12001335519327605,0.4112032615405734,0.32414196912506915,0.0,0.6725329858750347,0.7697469601871417,,,EXPLOIT
196,52,,,0,1,1,1,common,1.0,0.32814352037220174,0.3901296437418051,0.3253424344992089,0.0,0.6828623837852007,0.7782517032920321,,,EXPLOIT
197,52,,,0,0,0,0,common,1.0,0.0780086808756294,0.5492384974062479,0.25114230841213503,0.0,0.6924660210832652,0.7860743528739649,,,EXPLOIT
198,52,,,0,0,0,0,common,1.0,0.050705642569159104,0.5358411247655188,0.19101130865924226,0.0,0.7014173547903536,0.7932934521194711,,,EXPLOIT
199,52,,,0,1,0,0,rare,1.0,0.03295866766995337,0.5270059576806347,0.14359551636245557,0.0,0.7097802526967649,0.7999759312289826,,,EXPLOIT
200,52,,,0,1,1,1,common,1.0,0.21329328824193117,0.6198362521431313,0.16450484792629824,0.0,0.7176105086694159,0.806179177214218,,,EXPLOIT
201,52,,,0,0,0,0,common,1.0,0.02142313398546969,0.6639309231686592,0.12158033374404967,0.0,0.7249570794203724,0.8119526762492382,,,EXPLOIT
202,52,,,0,0,0,0,common,1.0,0.013925037090555259,0.6607864107385192,0.08928374474800134,0.0,0.7318631006943409,0.8173393281353122,,,EXPLOIT
203,52,,,0,0,0,0,common,1.0,0.009051274108860863,0.6586652564509913,0.0652140035562592,0.0,0.7383667274482616,0.8223765067910086,,,EXPLOIT
204,52,,,0,1,1,1,common,1.0,0.1386406373572553,0.6572543749138544,0.08724199369655802,0.0,0.7445018325912891,0.827096922231877,,,EXPLOIT
205,52,,,0,1,0,0,rare,0.0,0.9941166718292405,0.6782808721426075,0.35930439713636275,0.0,0.7502985913060379,0.8315293260799114,,,EXPLOIT
206,52,,,0,1,0,1,rare,0.0,0.1510664946829826,0.4485247510002056,0.2968330264003487,0.0,0.7557839722291332,0.8356990927667061,,,EXPLOIT
207,52,,,0,1,1,1,common,1.0,0.09011641428221595,0.27833602696522114,0.23481804276490886,0.0,0.7609821523638571,0.8396287012536656,,,EXPLOIT
208,52,,,0,0,0,0,common,1.0,0.35382416331099376,0.4567437161165355,0.2705198789287343,0.0,0.7659148691925807,0.8433381365845031,,,EXPLOIT
209,52,,,0,0,0,0,common,1.0,0.22998570615214597,0.4551107765361087,0.25835962709575777,0.0,0.7706017208056245,0.8468452264150217,,,EXPLOIT
210,52,,,0,0,1,1,rare,1.0,0.05857566928344038,0.4540495646068854,0.19842443975206256,0.0,0.7750604227851301,0.8501659244812262,,,EXPLOIT
211,52,,,0,0,0,0,common,0.0,0.8505092910011052,0.4533598700419213,0.39404989512677535,0.0,0.7793070289430601,0.853314550516626,,,EXPLOIT
212,52,,,0,0,0,0,common,1.0,0.4471689608492816,0.6882251207730818,0.40998561484352714,0.0,0.7833561217110852,0.8563039942299481,,,EXPLOIT
213,52,,,0,0,0,0,common,1.0,0.2906598245520331,0.6369630344036548,0.3741878777560789,0.0,0.7872209769411167,0.859145889471307,,,EXPLOIT
214,52,,,0,0,0,0,common,1.0,0.1889288859588215,0.5803156931824541,0.3186101802169017,0.0,0.790913707041131,0.8618507635491051,,,EXPLOIT
215,52,,,0,0,1,1,rare,1.0,0.03807418503423621,0.5373823894363304,0.23444938166210202,0.0,0.7944453856977644,0.8644281657378714,,,EXPLOIT
216,52,,,0,0,1,1,rare,1.0,0.02474822027225354,0.5079755967831822,0.1715390332451475,0.0,0.7978261568911669,0.8668867782835612,,,EXPLOIT
217,52,,,0,0,0,0,common,1.0,0.12280377587323399,0.4885060921824991,0.15691845603357343,0.0,0.8010653304626275,0.8692345126256981,,,EXPLOIT
218,52,,,0,0,1,1,rare,0.0,0.9839136568230352,0.47577173803356787,0.405017016270412,0.0,0.8041714661311927,0.8714785930833636,,,EXPLOIT
219,52,,,0,0,1,1,rare,0.0,0.6395438769349728,0.6909132323306761,0.4753750744697802,0.0,0.8071524475559422,0.8736256298699989,,,EXPLOIT
220,52,,,0,0,0,0,common,1.0,0.07982245431760204,0.6271465638074264,0.35670928842412675,0.0,0.8100155477932395,0.8756816829915038,,,EXPLOIT
221,52,,,0,1,1,1,common,1.0,0.5842964799922676,0.6924982663559835,0.424985445894569,0.0,0.8127674872932177,0.8776523183285985,,,EXPLOIT
222,52,,,0,1,0,0,rare,1.0,0.051884595306441295,0.6641443050239688,0.3130551907181307,0.0,0.8154144854091053,0.8795426569964866,,,EXPLOIT
223,52,,,0,1,1,1,common,1.0,0.379792711994974,0.6097661182649623,0.33307644710118367,0.0,0.8179623062504509,0.8813574189035727,,,EXPLOIT
224,52,,,0,1,0,0,rare,1.0,0.0337249869491868,0.5640143584835514,0.2432710090555846,0.0,0.82041629959182,0.8831009612893342,,,EXPLOIT
225,52,,,0,1,1,0,common,1.0,0.9432682388423185,0.5314954634838437,0.45327017799160474,0.0,0.8227814374480334,0.8847773129038052,,,EXPLOIT
226,52,,,0,1,1,1,common,1.0,0.24686526279673315,0.5096204839581854,0.3913487034331432,0.0,0.8250623468422047,0.8863902043930943,,,EXPLOIT
227,52,,,0,1,1,0,common,1.0,0.613124355247507,0.4952030478386864,0.4578813989774523,0.0,0.827263339221043,0.8879430953733332,,,EXPLOIT
228,52,,,0,0,0,0,common,1.0,0.02192124151697139,0.48577703397507016,0.327093351739308,0.0,0.8293884369109293,0.8894391986066086,,,EXPLOIT
229,52,,,0,0,0,0,common,0.0,0.9857511930139686,0.5982664525657255,0.5246907041217062,0.0,0.8314413969563531,0.8908815016344424,,,EXPLOIT
230,52,,,0,1,0,0,rare,1.0,0.3592617245409204,0.3720595269403616,0.4750620102474704,0.0,0.824046762518468,0.8853566705551671,,,EXPLOIT
231,52,,,0,1,1,1,common,1.0,0.16046242081787654,0.36625835514160654,0.38068213341859225,0.0,0.8262831791246565,0.8869478902133091,,,EXPLOIT
232,52,,,0,1,1,1,common,1.0,0.10430057353161981,0.362509608607034,0.2977676654525005,0.0,0.8284419263970613,0.8884802763850346,,,EXPLOIT
233,52,,,0,1,1,1,common,1.0,0.06779537279555292,0.36008249205529785,0.2287759776554162,0.0,0.8305268778824213,0.889956959566231,,,EXPLOIT
234,52,,,0,1,1,1,common,1.0,0.04406699231710942,0.358508980207358,0.17336328205392418,0.0,0.8325416539567067,0.8913808521561851,,,EXPLOIT
235,52,,,0,1,0,0,rare,1.0,0.23352012095159824,0.3574879547673502,0.1914103337232264,0.0,0.8344896421790817,0.8927546671274961,,,EXPLOIT
236,52,,,0,1,0,0,rare,0.0,0.8482119213814612,0.3568250358574561,0.3884508100206968,0.0,0.8363740157132671,0.8940809348103985,,,EXPLOIT
237,52,,,0,0,1,0,rare,0.0,0.6014691690891204,0.6440461837692429,0.45235631774122387,0.0,0.8381977500270498,0.8953620180099973,,,EXPLOIT
238,52,,,0,0,0,1,common,0.0,0.0981932215439387,0.5136143981596977,0.3461073888820383,0.0,0.8399636380548259,0.8966001256464405,,,EXPLOIT
239,52,,,0,0,0,1,common,0.0,0.06382559400356017,0.41470773090605495,0.26142285041849483,0.0,0.8416743039857163,0.8977973250837156,,,EXPLOIT
240,52,,,0,1,1,1,common,0.0,0.9713564549938789,0.3528953314287312,0.47440293179111004,0.0,0.8433322158204425,0.8989555532918262,,,EXPLOIT
241,52,,,0,1,1,1,common,1.0,0.3686183042539787,0.5514197869858715,0.4426675435299706,0.0,0.8449396968233523,0.9000766269691521,,,EXPLOIT
242,52,,,0,1,1,1,common,1.0,0.2396018977650861,0.37368332101764756,0.38174784980050525,0.0,0.8464989359813728,0.9011622517362649,,,EXPLOIT
243,52,,,0,1,1,1,common,1.0,0.15574123354730596,0.27090245930368534,0.3139458649245454,0.0,0.8480119975689228,0.9022140304990797,,,EXPLOIT
244,52,,,0,1,0,0,rare,1.0,0.44866225110205016,0.21526148594072148,0.3543607807777968,0.0,0.8494808299066982,0.9032334710676032,,,EXPLOIT
245,52,,,0,1,1,1,common,1.0,0.10123180180574887,0.18408364715004039,0.2784220870861824,0.0,0.8509072733924914,0.9042219931064496,,,EXPLOIT
246,52,,,0,1,1,1,common,1.0,0.06580067117373678,0.16585666599199808,0.21463566231244868,0.0,0.8522930678736688,0.9051809344845171,,,EXPLOIT
247,52,,,0,1,0,0,rare,0.0,0.7083695367836673,0.15483558742597375,0.3627558246538143,0.0,0.8536398594234219,0.9061115570835612,,,EXPLOIT
248,52,,,0,1,1,1,common,1.0,0.04277043626292887,0.3758572051815161,0.26676020813654866,0.0,0.8549492065762958,0.9070150521187088,,,EXPLOIT
249,52,,,0,1,0,0,rare,1.0,0.5395598010906162,0.27207739978333045,0.34860008602276893,0.0,0.8562225860726762,0.9078925450180935,,,EXPLOIT
250,52,,,0,1,1,0,common,0.0,0.3909549599079283,0.21590681267796133,0.3613065481883167,0.0,0.8574613981567625,0.9087450999036557,,,EXPLOIT
251,52,,,0,1,1,1,common,0.0,0.9721992164290962,0.44195951847107706,0.5445743486605505,0.0,0.8586669714680013,0.9095737237106248,,,EXPLOIT
252,52,,,0,1,1,0,common,0.0,0.2541207239401534,0.6043479165236834,0.4574382612444313,0.0,0.8532590882310395,0.9056438665485325,,,EXPLOIT
253,52,,,0,1,0,0,rare,1.0,0.3507138707089006,0.6748199993478936,0.42542094408377207,0.0,0.8545789757679236,0.9065609510076321,,,EXPLOIT
254,52,,,0,1,1,1,common,1.0,0.3680705093210874,0.4832213753968301,0.4082158136549666,0.0,0.8558624819035008,0.9074514714853961,,,EXPLOIT
255,52,,,0,1,1,1,common,1.0,0.2392458310587069,0.3317917070008351,0.35752481887608867,0.0,0.8571110282139981,0.9083165226050673,,,EXPLOIT
256,52,,,0,1,0,0,rare,0.0,0.7720359840392146,0.24831946300805124,0.4818781684250264,0.0,0.8583259633131539,0.9091571397605562,,,EXPLOIT
257,52,,,0,1,1,1,common,1.0,0.15550979018815947,0.4718549794030512,0.3839676549539663,0.0,0.8595085674754457,0.9099743030701309,,,EXPLOIT
258,52,,,0,1,0,0,rare,1.0,0.49817661037451044,0.3252196141917931,0.4182303415801295,0.0,0.8606600569121662,0.91076894101757,,,EXPLOIT
259,52,,,0,1,0,0,rare,1.0,0.32381479674343183,0.24477608761009617,0.3899056781291202,0.0,0.861781587730384,0.9115419338092278,,,EXPLOIT
260,52,,,0,1,1,1,common,0.0,0.8989186363776963,0.20079045218303984,0.542609565603693,0.0,0.862874259601889,0.9122941164725357,,,EXPLOIT
261,52,,,0,1,0,0,rare,1.0,0.21047961788323066,0.42691456361856905,0.44297058128755423,0.0,0.8577454288453698,0.9085733194380834,,,EXPLOIT
262,52,,,0,1,1,1,common,1.0,0.41570288635449737,0.29993785109674426,0.43479027280763716,0.0,0.8589434355419079,0.9094067414438479,,,EXPLOIT
263,52,,,0,1,1,1,common,1.0,0.27020687613042327,0.23110526850255592,0.38541525380447295,0.0,0.8601097499905901,0.9102169957342632,,,EXPLOIT
264,52,,,0,1,0,1,rare,1.0,0.9585133638976859,0.19310728126964427,0.5573446868324368,0.0,0.8612455567464201,0.9110049958485937,,,EXPLOIT
265,52,,,0,1,1,1,common,0.0,0.8243655305152249,0.17120530567273295,0.6374509399372732,0.0,0.8560095836734176,0.9071858561177321,,,EXPLOIT
266,52,,,0,1,1,0,common,0.0,0.16517847056109972,0.39506718928570084,0.4957691991244211,0.0,0.8504216072887124,0.9030676918163879,,,EXPLOIT
267,52,,,0,1,0,0,rare,1.0,0.13681175162409998,0.5779047561391326,0.3880819648743247,0.0,0.851821184510935,0.9040612132382522,,,EXPLOIT
268,52,,,0,1,1,0,common,0.0,0.10736600586471481,0.39168537254539976,0.30386717717144174,0.0,0.8531812031456146,0.9050249389747507,,,EXPLOIT
269,52,,,0,1,1,0,common,1.0,0.9302120961879354,0.5758799040673042,0.4917706528763899,0.0,0.8545032511467539,0.9059601430473299,,,EXPLOIT
270,52,,,0,1,0,1,rare,0.0,0.37696631346650417,0.3902597259916942,0.45732935105342415,0.0,0.8557888327520525,0.906868027965829,,,EXPLOIT
271,52,,,0,1,1,1,common,1.0,0.4641624051651039,0.575021327098825,0.4593792672869281,0.0,0.8570393739296424,0.907749729677724,,,EXPLOIT
272,52,,,0,1,1,1,common,1.0,0.3017055633573176,0.3896579675486909,0.4120771561080449,0.0,0.8582562274050203,0.9086063221119368,,,EXPLOIT
273,52,,,0,1,1,0,common,1.0,0.604637862522158,0.2795520070859513,0.46984536803227883,0.0,0.8594406773054506,0.9094388213554342,,,EXPLOIT
274,52,,,0,1,1,1,common,1.0,0.1961086161822564,0.22000293279399713,0.38772434247727205,0.0,0.8605939434553703,0.9102481894967795,,,EXPLOIT
275,52,,,0,1,1,0,common,1.0,0.3930146106394027,0.18679880533464702,0.3893114229259112,0.0,0.8617171853530181,0.9110353381672145,,,EXPLOIT
276,52,,,0,1,1,0,common,1.0,0.25545949691561176,0.16747297873983732,0.34915584512282133,0.0,0.8628115058555456,0.9118011318066805,,,EXPLOIT
277,52,,,0,1,1,0,common,0.0,0.8339513270048523,0.15582577322811225,0.4945944896874306,0.0,0.8638779545972447,0.9125463906793891,,,EXPLOIT
278,52,,,0,1,0,0,rare,1.0,0.08892763855566499,0.37705538107063985,0.37289443434790087,0.0,0.8649175311631723,0.9132718936610649,,,EXPLOIT
279,52,,,0,1,1,1,common,1.0,0.1274706005184667,0.272725239967344,0.2992672841990706,0.0,0.8659311880383498,0.9139783808177782,,,EXPLOIT
280,52,,,0,1,1,1,common,1.0,0.08285589033700336,0.21626245877705697,0.23434386604045043,0.0,0.8669198333508388,0.9146665557943247,,,EXPLOIT
281,52,,,0,1,1,0,common,0.0,0.5420683625531539,0.18465795366038804,0.3266612149942615,0.0,0.8678843334253061,0.9153370880283629,,,EXPLOIT
282,52,,,0,0,0,0,common,0.0,0.9421970349388178,0.4099723273160415,0.5113219609776284,0.0,0.8688255151621802,0.9159906148049599,,,EXPLOIT
283,52,,,0,1,1,1,common,0.0,0.9461436712809478,0.36950908156313356,0.6417684740686241,0.0,0.8640787154661701,0.9125445841451307,,,EXPLOIT
284,52,,,0,1,1,1,common,1.0,0.385006613667384,0.5484692433683567,0.564739915948252,0.0,0.8590284017473594,0.9088427430400642,,,EXPLOIT
285,52,,,0,1,0,0,rare,1.0,0.3875719272897684,0.35796507962233814,0.511589519350707,0.0,0.8536447830989083,0.904855718107687,,,EXPLOIT
286,52,,,0,1,1,1,common,1.0,0.2502542988837996,0.2512576496037238,0.4331889532106347,0.0,0.8478940382883218,0.900549460139491,,,EXPLOIT
287,52,,,0,1,1,1,common,0.0,0.8373347057255303,0.1951682629638327,0.5544326789651033,0.0,0.849366298200519,0.9016202852975476,,,EXPLOIT
288,52,,,0,1,1,0,common,0.0,0.3523444356595501,0.4066656083172434,0.49380620597343733,0.0,0.8433150627253723,0.897045728429255,,,EXPLOIT
289,52,,,0,1,0,0,rare,0.0,0.7480782472616505,0.5716716373241222,0.5700878183599013,0.0,0.8449230619849536,0.8982283553465101,,,EXPLOIT
290,52,,,0,1,0,0,rare,1.0,0.5137491392799272,0.6551324427366376,0.553186214635909,0.0,0.8385515609762029,0.8933635944610481,,,EXPLOIT
291,52,,,0,1,1,1,common,1.0,0.4557324412784053,0.4429626615579939,0.5239500826286578,0.0,0.831706175428343,0.8880665990117684,,,EXPLOIT
292,52,,,0,1,1,1,common,0.0,0.7037739131690366,0.2964042571757061,0.5778972317907715,0.0,0.8243323819414279,0.8822773907079018,,,EXPLOIT
293,52,,,0,1,1,0,common,1.0,0.7709761168212924,0.49669370366893806,0.6358208972999277,0.0,0.8163669595630815,0.8759243562861041,,,EXPLOIT
294,52,,,0,1,1,0,common,0.0,0.4988655240661599,0.32653118841322937,0.5947342853297974,0.0,0.8077361834497442,0.8689212824189209,,,EXPLOIT
295,52,,,0,1,1,1,common,1.0,0.5425469564401262,0.5191159766364066,0.5790780866628961,0.0,0.7983535488424283,0.8611634351654172,,,EXPLOIT
296,52,,,0,1,0,0,rare,1.0,0.33393694053195266,0.339768037654235,0.505535742823613,0.0,0.788116876419907,0.8525223043819723,,,EXPLOIT
297,52,,,0,0,0,0,common,1.0,0.21705901134576921,0.24175596560759677,0.41899272338025983,0.0,0.7769045935564837,0.8428384507994149,,,EXPLOIT
298,52,,,0,1,0,0,rare,0.0,0.85891164262525,0.5016832971083514,0.5509683991537568,0.0,0.781064886773325,0.8463724866455797,,,EXPLOIT
299,52,,,0,1,0,0,rare,0.0,0.5582925677064126,0.6798769925823023,0.5531656497195535,0.0,0.7691537582199306,0.8359084278574148,,,EXPLOIT
300,52,,,0,1,1,1,common,1.0,0.35265552168608205,0.6775424972720463,0.493012611309512,0.0,0.7560123940016779,0.8240433073144348,,,EXPLOIT
301,52,,,0,1,1,1,common,1.0,0.22922608909595332,0.6502041659793723,0.4138766546454444,0.0,0.7611987719143317,0.8286610472327601,,,EXPLOIT
302,52,,,0,1,1,0,common,1.0,0.6757374093569961,0.5367378897739805,0.49243488105890987,0.0,0.7661205680200354,0.8329999067295827,,,EXPLOIT
303,52,,,0,1,1,1,common,1.0,0.14899695791236967,0.4473575729781759,0.3894035041149478,0.0,0.7707972947736316,0.8370842088058178,,,EXPLOIT
304,52,,,0,1,1,1,common,0.0,0.9031519773569597,0.389580216570196,0.5435280460875513,0.0,0.7752465922741228,0.8409355280881052,,,EXPLOIT
305,52,,,0,0,0,1,common,0.0,0.24502810375322773,0.6420192897663488,0.45397806338725427,0.0,0.7627423683240148,0.8297551094165463,,,EXPLOIT
306,52,,,0,1,1,1,common,1.0,0.41295121471797613,0.5354852001074434,0.4416700087864708,0.0,0.7675866736596791,0.8340290970126867,,,EXPLOIT
307,52,,,0,1,1,1,common,0.0,0.7315817104333155,0.40244423605668156,0.5286435192805241,0.0,0.7721915330544923,0.8380540829603869,,,EXPLOIT
308,52,,,0,1,0,0,rare,0.0,0.36289016900916815,0.6161251403605661,0.47891751419911727,0.0,0.7593698925636895,0.8264838395521892,,,EXPLOIT
309,52,,,0,1,1,0,common,0.0,0.5607706839179526,0.6899081778142956,0.5034734651147679,0.0,0.7643842467534857,0.8309531662944281,,,EXPLOIT
310,52,,,0,1,0,0,rare,1.0,0.7641213901440407,0.684428608333137,0.5816678426235496,0.0,0.7507326219770507,0.8183919959315687,,,EXPLOIT
311,52,,,0,0,1,0,rare,1.0,0.6354990554533309,0.6090382495395013,0.5978172064724839,0.0,0.7355643829522736,0.8039715974838165,,,EXPLOIT
312,52,,,0,0,1,1,rare,0.0,0.4755281117816551,0.6894449170116134,0.5611304780652353,0.0,0.7186128418816894,0.7872471049844542,,,EXPLOIT
313,52,,,0,0,0,0,common,1.0,0.49667890359362654,0.6556751046330781,0.5417950057237526,0.0,0.6995448910337395,0.7676194252267902,,,EXPLOIT
314,52,,,0,0,0,0,common,1.0,0.32284128733585726,0.6765878521208349,0.476108890207384,0.0,0.6779389519703296,0.74426206055665,,,EXPLOIT
315,52,,,0,0,0,0,common,1.0,0.2098468367683073,0.5883669694740365,0.396230274175661,0.0,0.6878854001394622,0.7549710431013198,,,EXPLOIT
316,52,,,0,0,0,1,common,1.0,0.840731732560402,0.5063905408252392,0.5295807116910832,0.0,0.6971451560951677,0.7647246375714001,,,EXPLOIT
317,52,,,0,1,1,1,common,0.0,0.30909327265807585,0.44969365608265877,0.463434479981181,0.0,0.67520791239009,0.740787282254124,,,EXPLOIT
318,52,,,0,1,1,0,common,1.0,0.41307438604466507,0.3082787455770114,0.4483264518002262,0.0,0.6853469680365994,0.751815288202242,,,EXPLOIT
319,52,,,0,1,1,0,common,0.0,0.7315016490709677,0.5152280463836433,0.5332790109814486,0.0,0.6947797670305585,0.7618460445164926,,,EXPLOIT
320,52,,,0,1,1,0,common,1.0,0.5245239281038709,0.3461973449817539,0.5306524861181753,0.0,0.6725133454132975,0.7373242421813581,,,EXPLOIT
321,52,,,0,1,0,1,rare,1.0,0.5464756261642613,0.5421519354776112,0.535399428132001,0.0,0.6470202801743358,0.7075086981319331,,,EXPLOIT
322,52,,,0,1,1,0,common,1.0,0.34094055326751616,0.6485023397667636,0.47706176567265557,0.0,0.6175460260893637,0.6704798775442985,,,EXPLOIT
323,52,,,0,0,1,0,rare,1.0,0.22161135962388556,0.6864450652428236,0.40042664385802457,0.0,0.6321564116830132,0.6888969379362547,,,EXPLOIT
324,52,,,0,1,1,0,common,1.0,0.14404738375552562,0.6737817990311783,0.32351286582727484,0.0,0.6455611700208156,0.7052082498260662,,,EXPLOIT
325,52,,,0,0,0,0,common,0.0,0.8635995561006002,0.690304522581255,0.48553887290927245,0.0,0.6579030191832607,0.719754735500996,,,EXPLOIT
326,52,,,0,1,0,1,rare,1.0,0.3552091570067698,0.5533967034828448,0.44643995813852166,0.0,0.6693030068322067,0.7328074917970013,,,EXPLOIT
327,52,,,0,1,1,0,common,0.0,0.9063692005589084,0.5190205526812532,0.5844187308646376,0.0,0.679864472870539,0.7445847958517259,,,EXPLOIT
328,52,,,0,1,1,1,common,1.0,0.7990893727722507,0.6931427266633466,0.6488199234369215,0.0,0.6554623342363117,0.7163958724264704,,,EXPLOIT
329,52,,,0,0,0,0,common,1.0,0.4386602885346098,0.6549572879386106,0.5857720329662279,0.0,0.6273406565408347,0.6816078905865632,,,EXPLORE
330,52,,,0,1,1,0,common,0.0,0.5891399803632904,0.6931452986682927,0.5867824171853466,0.0,0.5945806329954124,0.6375989021029811,,,EXPLOIT
331,52,,,0,0,1,0,rare,0.0,0.3829409872361388,0.5755335907299886,0.5256299882005843,0.0,0.555933683709371,0.5801459066316625,,,EXPLORE
332,52,,,0,1,1,1,common,1.0,0.5194080923019629,0.693146385344358,0.5237634194309978,0.0,0.5096589211663438,0.5019826085951291,,,EXPLORE
333,52,,,0,0,0,0,common,1.0,0.2851291875474964,0.6310203589846617,0.4521731498659473,0.0,0.4532539740237966,0.389455550099457,,,EXPLORE
334,52,,,0,0,0,1,common,0.0,0.7691140479455996,0.6931468444657054,0.5472554192898429,0.0,0.48472539265137077,0.4540005157553748,,,EXPLORE
335,52,,,0,0,0,0,common,1.0,0.18533397190587264,0.5958054622235975,0.43867898507465175,0.0,0.42240122872455527,0.31656107037918424,,,EXPLORE
336,52,,,0,1,1,1,common,0.0,0.662384740003724,0.6909586662212521,0.5057907115533734,0.0,0.4576984644465599,0.39706611431051503,,,EXPLORE
337,52,,,0,1,1,0,common,1.0,0.7510883582965098,0.6198244191666553,0.5793800055763143,0.0,0.38858586667463635,0.22598886312977823,,,EXPLORE
338,52,,,0,1,1,1,common,1.0,0.5694499189975794,0.6931471204007076,0.5764009796026939,0.0,0.30030645152887964,0.09090909090909093,,,EXPLORE
339,52,,,0,0,0,0,common,1.0,0.12046708173881726,0.6606424863474056,0.43962081024353084,0.0,0.18361025258724428,0.09090909090909093,,,EXPLORE
340,52,,,0,0,0,1,common,0.0,0.49992413116463974,0.6931471550271664,0.45771180651986343,0.0,0.25520763913554084,0.23017705927636645,,,EXPLORE
341,52,,,0,0,1,1,rare,1.0,0.3701424473484266,0.5694656674963648,0.43144099876843234,0.0,0.3147068509523145,0.33155527035247095,,,EXPLORE
342,52,,,0,0,0,0,common,1.0,0.07830360313023121,0.6776493021272814,0.325499780076972,0.0,0.3649330920309734,0.40865139461585376,,,EXPLORE
343,52,,,0,1,1,1,common,0.0,0.7594074092235227,0.6917477541738545,0.4556720688209372,0.0,0.40789542881714935,0.46925370836719743,,,EXPLORE
344,52,,,0,1,1,1,common,1.0,0.5063851840047102,0.5475693262861798,0.4708860033760691,0.0,0.44506164503821494,0.5181414926281387,,,EXPLORE
345,52,,,0,0,1,1,rare,1.0,0.32915036960306165,0.6673184587510386,0.4283653132441668,0.0,0.4775290288863414,0.5584101936095955,,,EXPLORE
346,52,,,0,1,1,1,common,1.0,0.21394774024199004,0.6258342501693422,0.36404004134351375,0.0,0.5061343338688505,0.5921529537657815,,,EXPLORE
347,52,,,0,1,0,0,rare,1.0,0.05089734203465024,0.6820686080969276,0.2700972315508547,0.0,0.5315267711977427,0.6208359130085537,,,EXPLOIT
348,52,,,0,1,0,0,rare,1.0,0.03308327232252262,0.6931471795527294,0.19899304378235505,0.0,0.5542177644616532,0.6455166258956538,,,EXPLOIT
349,52,,,0,1,1,1,common,0.0,0.8609339688427065,0.6884298988098152,0.39757532130046047,0.0,0.5746156626030968,0.6669771225069359,,,EXPLOIT
350,52,,,0,1,0,0,rare,1.0,0.021504127009639662,0.5664078726098623,0.2847539630132142,0.0,0.5930504619693778,0.6858081495669813,,,EXPLORE
351,52,,,0,1,1,0,common,1.0,0.4882074328927314,0.6620766064026061,0.3457900039770693,0.0,0.6097917386747892,0.7024642847715783,,,EXPLOIT
352,52,,,0,0,0,0,common,0.0,0.9860223174437343,0.6908887243642061,0.5378596980170688,0.0,0.6250618715665264,0.7173010333450142,,,EXPLOIT
353,52,,,0,0,1,1,rare,0.0,0.5596070797477593,0.5680387275171321,0.5443839125362759,0.0,0.5919092995010635,0.68273692206406,,,EXPLORE
354,52,,,0,1,1,1,common,1.0,0.6362553981639565,0.3964830269228927,0.5719453582245801,0.0,0.5527590655747447,0.6390463414297785,,,EXPLORE
355,52,,,0,0,0,0,common,1.0,0.3590854936615727,0.3454409046038563,0.5080873988556779,0.0,0.5058243488666219,0.5820681063814086,,,EXPLORE
356,52,,,0,0,0,0,common,1.0,0.23340557088002223,0.539931996574575,0.42568285046298115,0.0,0.44853030137465155,0.5046579518377023,,,EXPLORE
357,52,,,0,1,1,0,common,0.0,0.6826651686197246,0.6464249994535456,0.5027775459100041,0.0,0.4805742282517227,0.5472283691901794,,,EXPLOIT
358,52,,,0,1,0,0,rare,1.0,0.15171362107201447,0.64779098734136,0.3974583684586072,0.0,0.4172327312874763,0.45549568944992086,,,EXPLORE
359,52,,,0,1,0,0,rare,1.0,0.09861385369680942,0.6930725075463964,0.3078050140300678,0.0,0.4531907669778208,0.5069440580360395,,,EXPLORE
360,52,,,0,1,0,0,rare,1.0,0.06409900490292608,0.6771663255129543,0.2346932112919253,0.0,0.48466981457167846,0.5491201474929595,,,EXPLOIT
361,52,,,0,1,0,0,rare,1.0,0.04166435318690198,0.6486234845467362,0.1767845538604183,0.0,0.5124563526625869,0.5843217629839937,,,EXPLOIT
362,52,,,0,1,1,1,common,1.0,0.4135660088065718,0.6236440017464635,0.24781899034426436,0.0,0.5371629086236689,0.6141454023737493,,,EXPLOIT
363,52,,,0,1,1,0,common,0.0,0.443732359602821,0.6051626895505704,0.3065930011218313,0.0,0.559273631311735,0.639734843853644,,,EXPLOIT
364,52,,,0,1,1,1,common,1.0,0.26881790572427167,0.6682106953668208,0.2952604725025634,0.0,0.5791762498349282,0.6619309951945311,,,EXPLOIT
365,52,,,0,1,0,0,rare,1.0,0.027081829571486304,0.6923007753267238,0.21480687962324024,0.0,0.597184938063869,0.681365918795752,,,EXPLOIT
366,52,,,0,1,0,0,rare,1.0,0.017603189221466087,0.6705734191294235,0.155645772502708,0.0,0.613556967373494,0.698523876746193,,,EXPLOIT
367,52,,,0,1,0,0,rare,1.0,0.011442072993952945,0.6421541774379017,0.11238466265008148,0.0,0.6285050311911626,0.7137821464770497,,,EXPLOIT
368,52,,,0,0,0,0,common,0.0,0.9925626525539306,0.6186799202438191,0.37643805962123617,0.0,0.6422064992844883,0.7274390186606009,,,EXPLOIT
369,52,,,0,1,1,1,common,0.0,0.8252683612792234,0.40257382765354527,0.5110871501186324,0.0,0.654810458548012,0.7397334399535168,,,EXPLOIT
370,52,,,0,1,0,1,rare,0.0,0.32495068525701587,0.6602524481599656,0.4552462106601474,0.0,0.6265855490505046,0.7104632117070142,,,EXPLOIT
371,52,,,0,1,0,0,rare,1.0,0.3548342758399451,0.6800140540144349,0.4251226302140867,0.0,0.6404442232672465,0.7244613272736096,,,EXPLOIT
372,52,,,0,1,1,1,common,1.0,0.46357556516850473,0.6601475847383775,0.43665851070041206,0.0,0.6531869166183578,0.7370470750113128,,,EXPLOIT
373,52,,,0,0,1,0,rare,0.0,0.2884260337418336,0.567324182328502,0.3921887676128385,0.0,0.6649426389521916,0.7484233977089435,,,EXPLOIT
374,52,,,0,1,0,0,rare,0.0,0.7693577207040356,0.4215935617782682,0.5053394535401976,0.0,0.6758212532847256,0.758756134572125,,,EXPLOIT
375,52,,,0,1,0,1,rare,1.0,0.7887820545829397,0.6357221570240643,0.5903722338530202,0.0,0.6508222335883364,0.7335984060327724,,,EXPLOIT
376,52,,,0,1,1,1,common,1.0,0.301324117359528,0.4926043453939862,0.5036577989049725,0.0,0.6219613345372373,0.7029285876935176,,,EXPLORE
377,52,,,0,0,0,1,common,0.0,0.4872916645210892,0.38844329309629944,0.49874795858980747,0.0,0.5882706112013338,0.6647144150585012,,,EXPLOIT
378,52,,,0,0,0,0,common,0.0,0.5000825184576232,0.3005968549900473,0.4991483265501522,0.0,0.6054436073843497,0.683815134212425,,,EXPLOIT
379,52,,,0,0,0,1,common,0.0,0.316739581938708,0.25056542577668356,0.44442570316671887,0.0,0.6210896970483105,0.700695552420041,,,EXPLOIT
380,52,,,0,1,1,1,common,1.0,0.1958606762836932,0.22139995724333655,0.36985619510181117,0.0,0.6354031633978677,0.7157208251621611,,,EXPLOIT
381,52,,,0,1,1,1,common,1.0,0.12730943958440055,0.17855956789434918,0.297092168446588,0.0,0.6485466704828763,0.7291801974370247,,,EXPLOIT
382,52,,,0,1,1,1,common,0.0,0.9172488642701396,0.15452951456470893,0.4831391771936535,0.0,0.6606574441668194,0.7413057550970424,,,EXPLOIT
383,52,,,0,1,1,1,common,1.0,0.40378823822440923,0.3609517075348395,0.4593338955028802,0.0,0.6718520577289251,0.7522858795349484,,,EXPLOIT
384,52,,,0,1,0,0,rare,1.0,0.674946363002545,0.2522710791360381,0.5240176357527796,0.0,0.6822301762817121,0.7622750727292542,,,EXPLOIT
385,52,,,0,1,1,1,common,0.0,0.737537645154134,0.19526045983480353,0.588073638573186,0.0,0.6581737188183555,0.7378408649159913,,,EXPLOIT
386,52,,,0,0,0,1,common,0.0,0.20588072826016018,0.4060463531247268,0.4734157654792782,0.0,0.6304792495653055,0.7081427243234579,,,EXPLOIT
387,52,,,0,0,0,0,common,1.0,0.4387151359516541,0.38035246818473856,0.46300557662099096,0.0,0.6440199124708783,0.7223817710306443,,,EXPLOIT
388,52,,,0,1,0,0,rare,1.0,0.2851648383685752,0.6492235656485423,0.40965335514526624,0.0,0.6564818613044129,0.735172875610521,,,EXPLOIT
389,52,,,0,0,0,0,common,1.0,0.1853571449395739,0.5294550773991427,0.3423644920835585,0.0,0.667988502638682,0.7467256546354261,,,EXPLOIT
390,52,,,0,0,0,0,common,1.0,0.12048214421072301,0.6741029055634289,0.2757997877217079,0.0,0.6786451110708961,0.7572111264328063,,,EXPLOIT
391,52,,,0,0,1,1,rare,0.0,0.4793994693501871,0.6897647325737434,0.3368796922102516,0.0,0.688542041385321,0.7667702043438731,,,EXPLOIT
392,52,,,0,0,0,0,common,1.0,0.07831339373697,0.6064362452646436,0.2593098026682671,0.0,0.697757281223085,0.7755200418631855,,,EXPLOIT
393,52,,,0,0,1,1,rare,1.0,0.6883903449223784,0.6904962054821868,0.38803396534450046,0.0,0.7063584970006848,0.7835588378746579,,,EXPLOIT
394,52,,,0,0,0,0,common,1.0,0.050903705929030485,0.6800243614797579,0.2868948875198595,0.0,0.7144046866842353,0.7909695210400568,,,EXPLOIT
395,52,,,0,0,0,0,common,0.0,0.9669125911461302,0.6454698247219346,0.4909001986077407,0.0,0.7219475248221211,0.7978226069436366,,,EXPLOIT
396,52,,,0,1,0,0,rare,1.0,0.37150681575501543,0.6544366269041085,0.45508218375192305,0.0,0.7290324646745776,0.8041784368712438,,,EXPLOIT
397,52,,,0,1,1,0,common,0.0,0.18747692193219184,0.584440888418427,0.37480060520600367,0.0,0.7356996471224355,0.81008894892466,,,EXPLOIT
398,52,,,0,1,1,1,common,1.0,0.447453724199546,0.6907791022162502,0.3965965409040663,0.0,0.7419846547535122,0.815599091610383,,,EXPLOIT
399,52,,,0,0,1,1,rare,0.0,0.7091550792702951,0.6592244569814465,0.4903641024139349,0.0,0.7479191410448944,0.8207479613626474,,,EXPLOIT
400,52,,,0,1,0,0,rare,1.0,0.24147943024076002,0.5171390998485843,0.41569870076198245,0.0,0.7535313581294582,0.8255697249176274,,,EXPLOIT
401,52,,,0,1,1,1,common,1.0,0.5390491984743082,0.42051450462521694,0.45270385007568015,0.0,0.7588466017190294,0.8300943725629533,,,EXPLOIT
402,52,,,0,1,1,1,common,1.0,0.35038197900830037,0.35974775747706744,0.42200728875546617,0.0,0.7638875879686148,0.834348337368472,,,EXPLOIT
403,52,,,0,1,1,1,common,1.0,0.22774828635539524,0.3225416138725933,0.36372958803544486,0.0,0.7686747741257068,0.8383550074159299,,,EXPLOIT
404,52,,,0,1,0,0,rare,1.0,0.15696162965649396,0.2995747906178271,0.3016992005217596,0.0,0.7732266325101996,0.8421351519947472,,,EXPLOIT
405,52,,,0,1,1,1,common,1.0,0.1480363861310069,0.28520611332206625,0.25560035620453375,0.0,0.7775598855618914,0.8457072781634019,,,EXPLOIT
406,52,,,0,1,1,1,common,1.0,0.09622365098515451,0.27611187927774306,0.20778734463871995,0.0,0.7816897082605767,0.8490879305980469,,,EXPLOIT
407,52,,,0,1,0,1,rare,0.0,0.13382247336910413,0.2703061775210265,0.1855978832578352,0.0,0.7856299030831643,0.8522919449804228,,,EXPLOIT
408,52,,,0,1,1,1,common,0.0,0.9374546268596495,0.5597359015022155,0.4111549063383795,0.0,0.7893930517486901,0.8553326631124177,,,EXPLOIT
409,52,,,0,0,1,1,rare,1.0,0.39065449254122786,0.6874006303800377,0.40500478219923397,0.0,0.7929906472663858,0.8582221163362113,,,EXPLOIT
410,52,,,0,0,0,0,common,0.0,0.8979749407232789,0.6388698496870757,0.5528958297564475,0.0,0.7964332092064799,0.860971182577499,,,EXPLOIT
411,52,,,0,0,0,0,common,1.0,0.4163162885298687,0.6906333630683965,0.5119219673884738,0.0,0.7860170115770959,0.852307529544576,,,EXPLOIT
412,52,,,0,0,0,0,common,1.0,0.27060558754441466,0.6314907199898084,0.43952705343525605,0.0,0.7745989214805893,0.8425969640524001,,,EXPLOIT
413,52,,,0,0,0,0,common,1.0,0.17589363190386953,0.5218554931641406,0.36043702697584007,0.0,0.7788672566963114,0.8461440570518293,,,EXPLOIT
414,52,,,0,1,1,1,common,1.0,0.2539254201517981,0.4403322853050435,0.3284835449286274,0.0,0.7829365999616968,0.8495016375943881,,,EXPLOIT
415,52,,,0,1,0,0,rare,1.0,0.1143308607375152,0.6125541494393255,0.2642377396712937,0.0,0.7868203582653533,0.8526843417302147,,,EXPLOIT
416,52,,,0,1,1,1,common,0.0,0.8349484769013312,0.6815486573307645,0.43545096084030493,0.0,0.790530760928793,0.8557053363983892,,,EXPLOIT
417,52,,,0,1,0,0,rare,1.0,0.07431505947938488,0.5060024756815017,0.32711019043202894,0.0,0.794078986140842,0.8585764992487913,,,EXPLOIT
418,52,,,0,0,0,0,common,1.0,0.04830478866160015,0.6435097456467064,0.24346856990090027,0.0,0.7974752715206508,0.8613085726824559,,,EXPLOIT
419,52,,,0,0,1,1,rare,0.0,0.5427165099858653,0.6041224564760492,0.33324295192638975,0.0,0.8007290110127768,0.8639112963222003,,,EXPLOIT
420,52,,,0,0,0,0,common,1.0,0.03139811263004011,0.6771581262663264,0.24268950013748483,0.0,0.8038488400457934,0.8663935213568835,,,EXPLOIT
421,52,,,0,0,1,1,rare,1.0,0.6472342685091875,0.6865741065240932,0.36405293064899563,0.0,0.8068427105801261,0.8687633095884475,,,EXPLOIT
422,52,,,0,0,0,0,common,1.0,0.020408773209526054,0.6481576581337785,0.26095968341715475,0.0,0.8097179574184533,0.87102801951724,,,EXPLOIT
423,52,,,0,0,0,0,common,0.0,0.986734297413808,0.6079615260303022,0.47869206761615074,0.0,0.8124813569428759,0.873194381402309,,,EXPLOIT
424,52,,,0,0,0,0,common,1.0,0.3586227066810248,0.6759374025642138,0.4426712593356129,0.0,0.8151391792690921,0.8752685629095593,,,EXPLOIT
425,52,,,0,0,1,1,rare,1.0,0.42070227453097186,0.6870715919285355,0.43608056389422056,0.0,0.8176972346625508,0.8772562266965144,,,EXPLOIT
426,52,,,0,1,1,1,common,1.0,0.27345647844513166,0.6489668024513151,0.38729333825949386,0.0,0.8201609149398384,0.8791625810659794,,,EXPLOIT
427,52,,,0,1,1,1,common,0.0,0.8222532890106644,0.6905711972984057,0.517781323484845,0.0,0.8225352304762048,0.8809924246427578,,,EXPLOIT
428,52,,,0,1,1,0,common,0.0,0.1218599992559247,0.5320633911708635,0.3990049262161689,0.0,0.8144220780590644,0.8745105624750313,,,EXPLOIT
429,52,,,0,0,0,1,common,1.0,0.9130153923100823,0.37470140139533964,0.5532080660443429,0.0,0.817006879646144,0.8765296462387654,,,EXPLOIT
430,52,,,0,0,0,0,common,1.0,0.23310475934266617,0.32311170604674216,0.4571770740338399,0.0,0.8084305665157374,0.8695899230521114,,,EXPLOIT
431,52,,,0,0,0,1,common,1.0,0.5934600050015535,0.2918399505198676,0.4980619533241539,0.0,0.8112437939844764,0.8718185014749107,,,EXPLOIT
432,52,,,0,0,0,0,common,1.0,0.15151809357273305,0.2725837307620416,0.3940987953987276,0.0,0.8139486653646097,0.8739510126986668,,,EXPLOIT
433,52,,,0,0,0,0,common,1.0,0.09848676082227648,0.2605386326030975,0.30541518502579224,0.0,0.816551193684253,0.875993436431847,,,EXPLOIT
434,52,,,0,0,1,1,rare,0.0,0.5344646378569319,0.25291185988299336,0.37413002087513414,0.0,0.819056955359406,0.877951266345454,,,EXPLOIT
435,52,,,0,0,0,1,common,0.0,0.6142509967489902,0.5367277614025459,0.446166313637291,0.0,0.821471129119538,0.8798295584744871,,,EXPLOIT
436,52,,,0,0,0,0,common,1.0,0.06401639453447971,0.6797840173038863,0.3315213379064476,0.0,0.8237985308416755,0.8816329739483355,,,EXPLOIT
437,52,,,0,0,0,0,common,0.0,0.9583893435525882,0.5516416912500508,0.5195817396002897,0.0,0.8260436447860919,0.8833658168104633,,,EXPLOIT
438,52,,,0,0,1,1,rare,1.0,0.6525979853929943,0.6831973897355093,0.5594866133381011,0.0,0.8182176021676666,0.8771208574364522,,,EXPLOIT
439,52,,,0,0,0,0,common,1.0,0.37704692669081763,0.5578379631345274,0.504754707343916,0.0,0.8097438489840411,0.8702427226174763,,,EXPLOIT
440,52,,,0,0,0,1,common,1.0,0.6007368521131564,0.43832358827100437,0.5335493507746881,0.0,0.8005389888639461,0.8626303785785091,,,EXPLOIT
441,52,,,0,0,1,1,rare,1.0,0.4241886905054463,0.36160088187660555,0.5007411526939155,0.0,0.7905046668463799,0.8541600887788925,,,EXPLOIT
442,52,,,0,0,1,1,rare,1.0,0.27572264882854003,0.3152038558972301,0.43323560153430285,0.0,0.7795240580539538,0.8446786575783448,,,EXPLOIT
443,52,,,0,0,1,1,rare,1.0,0.17921972173855105,0.2869999928037241,0.3570308375955773,0.0,0.7835631744858285,0.848113937841378,,,EXPLOIT
444,52,,,0,0,0,1,common,1.0,0.3904789538735516,0.269571745157446,0.3670652724789696,0.0,0.7874187160208986,0.8513683865084211,,,EXPLOIT
445,52,,,0,0,0,0,common,1.0,0.24508050234903145,0.2586386912212561,0.3304698414399881,0.0,0.7911027376695642,0.854455763824667,,,EXPLOIT
446,52,,,0,1,1,1,common,0.0,0.8835071808699418,0.2517015633919654,0.4963810432689742,0.0,0.7946262618038888,0.8573884686550898,,,EXPLOIT
447,52,,,0,0,0,1,common,1.0,0.2538113200178085,0.18258648417897202,0.42361012629362443,0.0,0.7979993864149219,0.8601777027865279,,,EXPLOIT
448,52,,,0,0,0,0,common,0.0,0.8406976734731295,0.17912733697222194,0.548736390447476,0.0,0.8012313800306138,0.8628336119954494,,,EXPLOIT
449,52,,,0,0,0,1,common,1.0,0.16497735801157554,0.4290055793685348,0.4336086807167059,0.0,0.7912607322795485,0.8543868500577888,,,EXPLOIT
450,52,,,0,0,0,1,common,0.0,0.8927647172924759,0.32306559482834873,0.5713554916894368,0.0,0.7947774474481514,0.8573229666959491,,,EXPLOIT
451,52,,,0,0,0,0,common,1.0,0.4535465122424658,0.5551473690152429,0.5360127978553455,0.0,0.7842051654138478,0.8482261002884955,,,EXPLOIT
452,52,,,0,0,1,1,rare,1.0,0.4257203324345378,0.4006517060117598,0.5029250582291032,0.0,0.772607938671027,0.8380005552208751,,,EXPLOIT
453,52,,,0,0,0,1,common,1.0,0.41970293375989065,0.3068051135574952,0.4779584208883394,0.0,0.7598298055660873,0.8264230032697153,,,EXPLOIT
454,52,,,0,0,1,1,rare,1.0,0.2767182160824495,0.2534661369284917,0.4175863594465724,0.0,0.7648208078444176,0.8308960017587604,,,EXPLOIT
455,52,,,0,0,0,1,common,1.0,0.27280690694392895,0.22251484678601557,0.37415252369577934,0.0,0.7695616833084594,0.8351028318677016,,,EXPLOIT
456,52,,,0,0,1,1,rare,1.0,0.17986684045359214,0.20398990884070023,0.31586681872312317,0.0,0.7740705530274173,0.8390663705221351,,,EXPLOIT
457,52,,,0,0,0,1,common,0.0,0.8226755104864462,0.19261377656006226,0.46790942625212006,0.0,0.7783638291942637,0.8428069462061057,,,EXPLOIT
458,52,,,0,0,1,1,rare,1.0,0.11691344629483491,0.4437190097951994,0.3626106322649345,0.0,0.782456411933118,0.8463426842164852,,,EXPLOIT
459,52,,,0,0,0,0,common,1.0,0.29480523295760275,0.3315955149975895,0.34226901247273495,0.0,0.7863618595199531,0.8496897972693372,,,EXPLOIT
460,52,,,0,0,1,1,rare,0.0,0.9240062599083573,0.2676009867874725,0.5167901867034216,0.0,0.7900925361145565,0.8528628312904116,,,EXPLOIT
461,52,,,0,0,0,0,common,1.0,0.19162340142244183,0.5135232175277864,0.4192401511191276,0.0,0.7790721191853671,0.8432212503242633,,,EXPLOIT
462,52,,,0,0,0,0,common,0.0,0.8754447890754128,0.3735831203444611,0.5561015425060132,0.0,0.7831320231473797,0.8467346346635676,,,EXPLOIT
463,52,,,0,0,1,1,rare,0.0,0.6006040689404322,0.5874684027340427,0.5694523004363389,0.0,0.7714280138896165,0.8363174031427021,,,EXPLOIT
464,52,,,0,0,1,0,rare,0.0,0.07920899951635105,0.6796460913477462,0.4223793101603425,0.0,0.7585263987576465,0.8245087911796276,,,EXPLOIT
465,52,,,0,0,1,0,rare,0.0,0.05148584968562818,0.6922129379754332,0.3111112720179282,0.0,0.7635837138571612,0.8290980476010513,,,EXPLOIT
466,52,,,0,1,0,1,rare,0.0,0.53473908181619,0.6773977697533964,0.3781996149574067,0.0,0.7683860251563948,0.8334109400755789,,,EXPLOIT
467,52,,,0,1,1,1,common,0.0,0.3903926448112809,0.6927522498461265,0.3818575239135689,0.0,0.772951920425462,0.837471503688862,,,EXPLOIT
468,52,,,0,1,1,1,common,1.0,0.7462447808726674,0.6907100731811324,0.4911737010012985,0.0,0.777298224037356,0.8413010651815441,,,EXPLOIT
469,52,,,0,1,0,0,rare,0.0,0.5690391128990183,0.5552481446964272,0.5145333245706144,0.0,0.7814402012436134,0.8449186139832916,,,EXPLOIT
470,52,,,0,1,1,1,common,1.0,0.4850591075672339,0.6554365286197785,0.5056910594696002,0.0,0.7695668177316928,0.8342654480545411,,,EXPLOIT
471,52,,,0,1,1,0,common,0.0,0.03346580229565832,0.4554375621236495,0.36402348231741766,0.0,0.7564691683572468,0.8221718741281901,,,EXPLOIT
472,52,,,0,1,1,1,common,0.0,0.684711580081298,0.6093793567112569,0.4602299116465818,0.0,0.7616319831678274,0.8269049684742611,,,EXPLOIT
473,52,,,0,0,0,0,common,0.0,0.3698754233843619,0.6754356044629317,0.4331235651679158,0.0,0.7665319732688473,0.8313489171902815,,,EXPLOIT
474,52,,,0,0,0,1,common,0.0,0.3475804031805235,0.6559293109702674,0.4074606165716981,0.0,0.7711884806837409,0.8355292260162553,,,EXPLOIT
475,52,,,0,0,0,1,common,0.0,0.22592726206734032,0.6399171135702584,0.3530006102203907,0.0,0.7756189952544845,0.839468486752623,,,EXPLOIT
476,52,,,0,0,0,0,common,1.0,0.7595809748001647,0.6282564844714019,0.4749747195943229,0.0,0.7798393711694906,0.8431867818446793,,,EXPLOIT
477,52,,,0,0,0,0,common,0.0,0.5062723663798929,0.6492268787099981,0.4843640136299939,0.0,0.7838640138098182,0.8467020233791009,,,EXPLOIT
478,52,,,0,0,1,1,rare,1.0,0.5549374729471563,0.6922488472874082,0.5055360514251426,0.0,0.7877060415545706,0.8500302385709039,,,EXPLOIT
479,52,,,0,0,0,1,common,0.0,0.14685272034377123,0.5525138574222028,0.39793105210073115,0.0,0.7764536453061724,0.8400340603417568,,,EXPLOIT
480,52,,,0,0,0,0,common,1.0,0.6709229618530697,0.6699873356572481,0.47982862502643264,0.0,0.7806349679104948,0.8437211240037634,,,EXPLOIT
481,52,,,0,1,1,1,common,1.0,0.3607093574156517,0.5031681882266257,0.4440928447431983,0.0,0.7846231979716876,0.847207626549816,,,EXPLOIT
482,52,,,0,1,1,1,common,1.0,0.2344610823201736,0.6832289976717929,0.38120331601629087,0.0,0.7884312210939046,0.8505093368958819,,,EXPLOIT
483,52,,,0,1,1,1,common,1.0,0.15239970350811283,0.6709795197347863,0.31256223226383745,0.0,0.7920708015690203,0.8536404132794807,,,EXPLOIT
484,52,,,0,1,0,0,rare,1.0,0.43609992520449525,0.6037462589237406,0.34962354014603475,0.0,0.7955527017564555,0.8566136037923662,,,EXPLOIT
485,52,,,0,1,1,1,common,1.0,0.0990598072802733,0.5439822828587096,0.2744544202863063,0.0,0.7988867865293193,0.8594404176810218,,,EXPLOIT
486,52,,,0,1,1,0,common,0.0,0.021752771492177907,0.5015876316353088,0.19864392564806777,0.0,0.8020821149218187,0.8621312722685122,,,EXPLOIT
487,52,,,0,1,1,1,common,0.0,0.9356111252678223,0.6917046050722356,0.4197340855339941,0.0,0.805147020771052,0.8646956194515962,,,EXPLOIT
488,52,,,0,0,0,0,common,0.0,0.7165350486170781,0.6322798754529195,0.5087743744589193,0.0,0.8080891838648261,0.8671420550107222,,,EXPLOIT
489,52,,,0,0,1,1,rare,1.0,0.39185276857591544,0.6925371840047165,0.4736978926940181,0.0,0.7987379333808682,0.8591860259435373,,,EXPLOIT
490,52,,,0,1,1,1,common,1.0,0.25470429957434504,0.616268864571554,0.40799981475811614,0.0,0.8019393985417762,0.8618889875294884,,,EXPLOIT
491,52,,,0,1,1,1,common,1.0,0.16555779472332433,0.6928893660701143,0.33526720874767857,0.0,0.8050100761113679,0.8644646089367751,,,EXPLOIT
492,52,,,0,1,0,0,rare,1.0,0.5342522183988992,0.6493085113283771,0.39496271164304475,0.0,0.8079576742563509,0.8669215605914276,,,EXPLOIT
493,52,,,0,1,1,1,common,1.0,0.10761256657016083,0.5880754601163335,0.30875766812117955,0.0,0.8107893073216447,0.869267743409875,,,EXPLOIT
494,52,,,0,1,1,1,common,1.0,0.06994816827060457,0.5396420608737225,0.23711481816600705,0.0,0.8135115519374939,0.8715103723178689,,,EXPLOIT
495,52,,,0,0,0,0,common,1.0,0.34726394195928456,0.5061212261333193,0.2701595553039903,0.0,0.8161304968830243,0.873656049122798,,,EXPLOIT
496,52,,,0,0,0,0,common,1.0,0.22572156227353501,0.6217907964073882,0.2568281573948537,0.0,0.8186517875020543,0.8757108262898355,,,EXPLOIT
497,52,,,0,1,0,0,rare,1.0,0.14671901547779775,0.6725901491263104,0.2237954148197369,0.0,0.8210806653531249,0.8776802629195672,,,EXPLOIT
498,52,,,0,1,0,0,rare,0.0,0.9046326399394314,0.66168720898153,0.42804658235564524,0.0,0.8234220036798575,0.8795694740174174,,,EXPLOIT
499,52,,,0,1,1,1,common,0.0,0.954533690624107,0.6147616075859719,0.5859927148361838,0.0,0.8256803392067947,0.8813831739743776,,,EXPLOIT
500,52,,,0,0,1,1,rare,1.0,0.3795531010943305,0.4319436851597672,0.5240608307136277,0.0,0.8178248110606402,0.874940629301433,,,EXPLOIT
501,52,,,0,0,0,0,common,1.0,0.41198878403936956,0.37880049721966863,0.49043921671135027,0.0,0.8093178539637914,0.8678339581768588,,,EXPLOIT
502,52,,,0,0,0,0,common,1.0,0.2677927096255902,0.3457230714803325,0.42364526458562224,0.0,0.8120966956125432,0.8701396123202049,,,EXPLOIT
503,52,,,0,0,0,0,common,1.0,0.17406526125663369,0.3250353625903976,0.3487712635869256,0.0,0.8147691013569718,0.8723443130205535,,,EXPLOIT
504,52,,,0,0,0,0,common,1.0,0.11314241981681195,0.3119711583479073,0.2780826104558915,0.0,0.8173409439392882,0.87445444433656,,,EXPLOIT
505,52,,,0,0,0,0,common,1.0,0.0735425728809278,0.30364977134191506,0.2167205991834024,0.0,0.8198176720719683,0.8764758633091779,,,EXPLOIT
506,52,,,0,0,0,0,common,1.0,0.04780267237260305,0.2983148340797701,0.1660452211401626,0.0,0.8222043480329948,0.8784139532479832,,,EXPLOIT
507,52,,,0,0,1,1,rare,1.0,0.24670951571131483,0.2948788591585561,0.19024450951150826,0.0,0.8245056813308604,0.8802736706803491,,,EXPLOIT
508,52,,,0,0,0,0,common,1.0,0.031071737042192016,0.29265900536772715,0.14249267777071337,0.0,0.8267260589104662,0.8820595868256453,,,EXPLOIT
509,52,,,0,0,0,0,common,0.0,0.9798033709225752,0.291221848446949,0.3936858857162719,0.0,0.8288695723076003,0.883775924325136,,,EXPLOIT
510,52,,,0,1,1,1,common,0.0,0.8396388147876453,0.5862866964025149,0.5274717644376838,0.0,0.830940042105672,0.8854265898488881,,,EXPLOIT
511,52,,,0,0,0,0,common,1.0,0.36312780890032603,0.46539482054182424,0.4781685777764765,0.0,0.8235058633919149,0.8793836258501456,,,EXPLOIT
512,52,,,0,0,0,0,common,1.0,0.23603307578521193,0.3577227313288832,0.4055279271790971,0.0,0.8257612511834361,0.8812046912383854,,,EXPLOIT
513,52,,,0,0,0,0,common,1.0,0.15342149926038773,0.2943805240837235,0.32989599880348425,0.0,0.8279380137967469,0.882954176893314,,,EXPLOIT
514,52,,,0,0,1,1,rare,1.0,0.4542347703880305,0.2572314074650324,0.3671976302788481,0.0,0.8300400878825737,0.8846361384849997,,,EXPLOIT
515,52,,,0,0,0,0,common,1.0,0.09972397451925197,0.23492373477084388,0.28695553355096926,0.0,0.8320711517972735,0.8862543311107776,,,EXPLOIT
516,52,,,0,0,1,1,rare,1.0,0.2952526007522198,0.22121253858481044,0.2894446537113444,0.0,0.8340346464480143,0.8878122366359927,,,EXPLOIT
517,52,,,0,0,0,0,common,1.0,0.06482058343751373,0.2126329541076608,0.2220574326291952,0.0,0.8359337941512771,0.8893130881036859,,,EXPLOIT
518,52,,,0,0,0,0,common,1.0,0.04213337923438387,0.2071960586744276,0.1680802166107518,0.0,0.8377716157221256,0.8907598915733816,,,EXPLOIT
519,52,,,0,0,0,1,common,0.0,0.0954542682234513,0.20372086605766154,0.14629243209456164,0.0,0.8395509459849063,0.892155445699429,,,EXPLOIT
520,52,,,0,0,0,0,common,1.0,0.027386696502349483,0.4698332834344063,0.11062071141689798,0.0,0.8412744478729212,0.8935023593172353,,,EXPLOIT
521,52,,,0,0,0,0,common,1.0,0.017801352726527164,0.36040724052316325,0.08277490380978673,0.0,0.8429446252645896,0.8948030672699261,,,EXPLOIT
522,52,,,0,0,0,0,common,0.0,0.9884291207277573,0.2959434465284965,0.35447116888517793,0.0,0.8445638346862542,0.8960598446774585,,,EXPLOIT
523,52,,,0,0,0,0,common,1.0,0.35752107152695767,0.5495352306558412,0.3553861396777118,0.0,0.8461342959966858,0.897274819824133,,,EXPLOIT
524,52,,,0,0,0,0,common,1.0,0.23238869649252247,0.41107546948763884,0.318486906722155,0.0,0.8476581021551798,0.8984499858180908,,,EXPLOIT
525,52,,,0,0,0,0,common,1.0,0.15105265272013957,0.3254872246718924,0.26825663052155035,0.0,0.8491372281636547,0.8995872111571795,,,EXPLOIT
526,52,,,0,0,0,0,common,0.0,0.9018157757319093,0.27556438136132894,0.45832437408465804,0.0,0.8505735392631059,0.9006882493190251,,,EXPLOIT
527,52,,,0,0,0,0,common,1.0,0.41381974577425895,0.5340744771267233,0.4449729855915383,0.0,0.8519687984559617,0.9017547474788473,,,EXPLOIT
528,52,,,0,0,0,0,common,1.0,0.26898283475326834,0.4007658658162697,0.3921759403400573,0.0,0.8533246734181441,0.9027882544461999,,,EXPLOIT
529,52,,,0,0,0,0,common,0.0,0.8251611574103755,0.3194561182316508,0.5220715054611527,0.0,0.8546427428578306,0.9037902279010752,,,EXPLOIT
530,52,,,0,0,1,1,rare,1.0,0.19191419048894287,0.5661211754448089,0.42302431096948967,0.0,0.8489609751171044,0.8993965302914316,,,EXPLOIT
531,52,,,0,0,0,0,common,1.0,0.4636452476832559,0.4225140170559065,0.4352105919836195,0.0,0.8504023593406076,0.9005035997376879,,,EXPLOIT
532,52,,,0,1,1,1,common,1.0,0.12474422381781292,0.33220221717042764,0.34207068153387754,0.0,0.8518024840173177,0.9015758563792056,,,EXPLOIT
533,52,,,0,1,1,1,common,1.0,0.08108374548157837,0.5562326409606109,0.26377460071818776,0.0,0.8531630279831007,0.9026148652148055,,,EXPLOIT
534,52,,,0,1,0,0,rare,1.0,0.3013694109941163,0.6677756009270712,0.2750530438009663,0.0,0.854485580366061,0.9036220989301671,,,EXPLOIT
535,52,,,0,1,1,1,common,1.0,0.05270443456302598,0.6930983454815511,0.2083484610295842,0.0,0.8557716465011116,0.9045989446067508,,,EXPLOIT
536,52,,,0,1,1,0,common,0.0,0.014139301469915641,0.6845088508532268,0.15008571316168362,0.0,0.8570226533826717,0.9055467098540022,,,EXPLOIT
537,52,,,0,1,0,0,rare,1.0,0.19589011714617555,0.5916083267575392,0.1638270343570312,0.0,0.8582399546970323,0.9064666284218615,,,EXPLOIT
538,52,,,0,1,1,1,common,0.0,0.9657421175340332,0.6787702064834238,0.4044015593101318,0.0,0.8594248354717096,0.9073598653442432,,,EXPLOIT
539,52,,,0,1,1,1,common,1.0,0.37226762360287835,0.5094987380431973,0.3947613785979557,0.0,0.8605785163753736,0.9082275216585898,,,EXPLOIT
540,52,,,0,1,1,1,common,1.0,0.24197395534187094,0.6504383196865184,0.34892515162113025,0.0,0.8617021576986066,0.9090706387417085,,,EXPLOIT
541,52,,,0,1,1,1,common,0.0,0.8427169290277838,0.6915957209046873,0.4970626848431263,0.0,0.8627968630427958,0.9098902022978032,,,EXPLOIT
542,52,,,0,1,1,1,common,0.0,0.5477660038680595,0.5419918336887073,0.5122736805506063,0.0,0.8638636827418251,0.9106871460308188,,,EXPLOIT
543,52,,,0,0,1,1,rare,1.0,0.6439520974857613,0.38653580041193036,0.5517772056311527,0.0,0.8587993959579093,0.9068435579119645,,,EXPLOIT
544,52,,,0,1,1,1,common,1.0,0.41856886336574484,0.3290686523755195,0.5118147029515303,0.0,0.8534004094107469,0.9026980314051559,,,EXPLOIT
545,52,,,0,1,1,1,common,1.0,0.2720697611877342,0.5335067029626035,0.4398912204223914,0.0,0.8476327098622247,0.8982137688607698,,,EXPLOIT
546,52,,,0,0,1,1,rare,1.0,0.17684534477202718,0.6469023242834735,0.3609774577272821,0.0,0.8491125756540154,0.8993585759825121,,,EXPLOIT
547,52,,,0,0,0,0,common,0.0,0.8726714238549859,0.6186306856320751,0.5144856475655932,0.0,0.8505495958638383,0.9004668476784802,,,EXPLOIT
548,52,,,0,0,1,1,rare,1.0,0.11494947410181766,0.6651378793438991,0.39462479552646057,0.0,0.8445822413788105,0.8957946329741033,,,EXPLOIT
549,52,,,0,0,0,0,common,1.0,0.4327635744942592,0.6922261631294704,0.40606642921680014,0.0,0.8461521522974066,0.8970183766903271,,,EXPLOIT
550,52,,,0,0,0,0,common,1.0,0.2812963234212684,0.6680530667593565,0.3686353974781406,0.0,0.8476754315242379,0.8982018957926883,,,EXPLOIT
551,52,,,0,0,1,1,rare,1.0,0.07471715816618152,0.6365443234745234,0.28045992568455286,0.0,0.8491540527485051,0.8993470845926107,,,EXPLOIT
552,52,,,0,0,0,1,common,0.0,0.062045274345243345,0.6106682686801369,0.21493553028275997,0.0,0.8505898799890571,0.9004557204068468,,,EXPLOIT
553,52,,,0,0,0,0,common,1.0,0.18284261022382453,0.6684013565190376,0.20530765426507933,0.0,0.8519846751093487,0.9015294724537912,,,EXPLOIT
554,52,,,0,0,0,0,common,1.0,0.11884769664548589,0.6917678929152618,0.1793696669792013,0.0,0.8533401047228016,0.9025699099501701,,,EXPLOIT
555,52,,,0,1,0,0,rare,1.0,0.07725100281956587,0.6666882651898043,0.14873406773131068,0.0,0.8546577465454852,0.9035785094907193,,,EXPLOIT
556,52,,,0,0,1,1,rare,0.0,0.951433847191982,0.692563966761099,0.3895440015695121,0.0,0.8559390952470495,0.9045566617838542,,,EXPLOIT
557,52,,,0,1,1,1,common,1.0,0.3815679993252117,0.5626875930246105,0.38715120089622196,0.0,0.8571855678455385,0.9055056778079548,,,EXPLOIT
558,52,,,0,1,1,1,common,1.0,0.24801919956138763,0.5071997009049842,0.34541160049577163,0.0,0.8583985086870399,0.9064267944455928,,,EXPLOIT
559,52,,,0,1,1,1,common,1.0,0.16121247971490194,0.4697399580492185,0.2901518642615107,0.0,0.8595791940469708,0.907321179646627,,,EXPLOIT
560,52,,,0,1,1,1,common,1.0,0.10478811181468628,0.4452906373933494,0.23454273852746332,0.0,0.86072883638612,0.9081899371654969,,,EXPLOIT
561,52,,,0,1,1,1,common,0.0,0.9318877273204539,0.42947295436581107,0.4437462351653605,0.0,0.8618485882912973,0.9090341109131291,,,EXPLOIT
562,52,,,0,0,1,1,rare,1.0,0.39427297724170496,0.6780447914520953,0.4289042577882638,0.0,0.8629395461275219,0.9098546889595441,,,EXPLOIT
563,52,,,0,1,1,1,common,0.0,0.7437225647928918,0.6825764737645112,0.5233497498896522,0.0,0.8640027534260903,0.9106526072194385,,,EXPLOIT
564,52,,,0,0,0,0,common,1.0,0.050213151832717795,0.5469329829355589,0.3814087704725719,0.0,0.8589475058266653,0.9068063576575567,,,EXPLOIT
565,52,,,0,0,1,1,rare,1.0,0.5165803328846204,0.45490138681103015,0.4219602391961864,0.0,0.8601137132135447,0.9076898273857621,,,EXPLOIT
566,52,,,0,0,1,1,rare,1.0,0.33577721637500324,0.39489877703823306,0.3961053323498314,0.0,0.8612494168843834,0.9085481157793993,,,EXPLOIT
567,52,,,0,0,1,1,rare,0.0,0.7817448093562479,0.35739395575461447,0.5117971754517563,0.0,0.8623557430338757,0.9093822427819206,,,EXPLOIT
568,52,,,0,0,0,0,common,1.0,0.03263854869126659,0.6270431359670031,0.3680495874236093,0.0,0.8571929232108981,0.9054374511611202,,,EXPLOIT
569,52,,,0,0,0,0,common,1.0,0.021215056649323327,0.5156375785921773,0.26399922819132354,0.0,0.8584056673401171,0.9063605614120318,,,EXPLOIT
570,52,,,0,0,0,0,common,0.0,0.9862102131779399,0.43387950689651766,0.48066252368730844,0.0,0.8595861634275325,0.9072568573061874,,,EXPLOIT
571,52,,,0,0,1,1,rare,0.0,0.5081341260815612,0.6601193725170751,0.48890400440558424,0.0,0.8607356235642928,0.9081274471264196,,,EXPLOIT
572,52,,,0,0,0,0,common,1.0,0.35896336143433905,0.6864531079981917,0.4499218115142107,0.0,0.8618551999902504,0.9089733790070068,,,EXPLOIT
573,52,,,0,0,1,1,rare,1.0,0.6697128180469852,0.6389662033803525,0.515859113474043,0.0,0.8629459887445007,0.9097956449606113,,,EXPLOIT
574,52,,,0,0,1,1,rare,1.0,0.43531333173054043,0.5263760681261295,0.4916953789509922,0.0,0.8578218509835756,0.9058830603190307,,,EXPLOIT
575,52,,,0,0,1,1,rare,1.0,0.28295366562485125,0.4409948055222419,0.4290728649531499,0.0,0.8590178252406891,0.9067931836213863,,,EXPLOIT
576,52,,,0,1,1,1,common,1.0,0.18391988265615333,0.38616397910706585,0.3555269702640509,0.0,0.8601821836536444,0.9076770312331675,,,EXPLOIT
577,52,,,0,0,1,1,rare,1.0,0.1195479237264997,0.5673819768113193,0.2847332563027855,0.0,0.8613161070042271,0.9085356821007602,,,EXPLOIT
578,52,,,0,1,1,1,common,1.0,0.07770615042222484,0.5332643305693703,0.2226251245386173,0.0,0.86242071813815,0.9093701569928017,,,EXPLOIT
579,52,,,0,1,1,1,common,0.0,0.9494910022255538,0.6357507000482041,0.4406848878446982,0.0,0.8634970854766985,0.9101814223703434,,,EXPLOIT
580,52,,,0,0,0,0,common,1.0,0.23332618493232038,0.41969173883848443,0.3784772769709849,0.0,0.8645462262760043,0.9109703939521159,,,EXPLOIT
581,52,,,0,1,1,1,common,1.0,0.38283084855339,0.39658414476237747,0.3797833484457064,0.0,0.8655691096548553,0.9117379400025564,,,EXPLOIT
582,52,,,0,1,0,0,rare,1.0,0.15166202020600827,0.5544998650021924,0.31134694997379697,0.0,0.8665666594099966,0.9124848843674261,,,EXPLOIT
583,52,,,0,0,0,0,common,1.0,0.09858031313390536,0.6400241834150493,0.24751695892182948,0.0,0.8675397566361208,0.9132120092793412,,,EXPLOIT
584,52,,,0,0,1,1,rare,1.0,0.24884005155970357,0.6293334134121102,0.2479138867131917,0.0,0.8684892421661752,0.9139200579533069,,,EXPLOIT
585,52,,,0,0,0,0,common,0.0,0.9359227964629615,0.6219726546135604,0.4543165596381226,0.0,0.8694159188462013,0.914609736990367,,,EXPLOIT
586,52,,,0,1,1,1,common,0.0,0.8382539664861927,0.6517529632597521,0.5694977816925436,0.0,0.8703205536576473,0.9152817186057202,,,EXPLOIT
587,52,,,0,1,1,1,common,1.0,0.45513492178397474,0.6617709106904075,0.535188923719973,0.0,0.865667393775218,0.9117838238521963,,,EXPLOIT
588,52,,,0,1,1,1,common,0.0,0.7041623008404164,0.6892056047002891,0.585880936856106,0.0,0.8607197129533563,0.908024254394667,,,EXPLOIT
589,52,,,0,1,1,1,common,0.0,0.4577054955462707,0.6232658932244842,0.5474283044631554,0.0,0.8554489097559163,0.9039727182855746,,,EXPLOIT
590,52,,,0,0,1,1,rare,0.0,0.297508572105076,0.4984144356730017,0.47245238475573154,0.0,0.8498225557885428,0.8995940605911926,,,EXPLOIT
591,52,,,0,0,1,1,rare,0.0,0.19338057186829938,0.6623655859423795,0.3887308408895019,0.0,0.851239214823944,0.9006948823758141,,,EXPLOIT
592,52,,,0,0,0,0,common,0.0,0.608349817700925,0.6924412976525295,0.4546165339329288,0.0,0.8526156230870081,0.901761173932497,,,EXPLOIT
593,52,,,0,0,0,0,common,1.0,0.6045726184943987,0.6682799994696146,0.4996033593013697,0.0,0.8539534053662176,0.9027944834915187,,,EXPLOIT
594,52,,,0,0,0,0,common,0.0,0.6070277979786408,0.6348992122956402,0.531830690904551,0.0,0.8552541003150725,0.9037962681958905,,,EXPLOIT
595,52,,,0,0,1,1,rare,1.0,0.8743026282856055,0.6927761356585607,0.6345722721188674,0.0,0.8496143807900515,0.8994030688183746,,,EXPLOIT
596,52,,,0,0,1,1,rare,1.0,0.5682967083856435,0.5757403235970682,0.6146896029989002,0.0,0.8435807803655031,0.894639849583974,,,EXPLOIT
597,52,,,0,0,1,1,rare,0.0,0.6306071395493317,0.4374136979248753,0.6194648639640297,0.0,0.8371108813000439,0.8894580807580414,,,EXPLOIT
598,52,,,0,0,1,0,rare,0.0,0.009190545955445167,0.6382810136524051,0.4363825685614543,0.0,0.8301559486987835,0.883800358350436,,,EXPLOIT
599,52,,,0,0,1,1,rare,1.0,0.5901053592929344,0.6929450886381896,0.48249940578089834,0.0,0.8321831306114706,0.8854500974270008,,,EXPLOIT
600,52,,,0,0,0,0,common,1.0,0.6054319313138834,0.5775919257180705,0.5193791634407938,0.0,0.8341429297671581,0.8870378348284015,,,EXPLOIT
601,52,,,0,0,0,0,common,1.0,0.39353075535402426,0.4387575614422834,0.48162464101476293,0.0,0.8269595277504492,0.881150411549504,,,EXPLOIT
602,52,,,0,0,0,0,common,1.0,0.2557949909801158,0.34919383210300214,0.41387574600436877,0.0,0.8290950300235721,0.8829020116874374,,,EXPLOIT
603,52,,,0,0,0,0,common,0.0,0.8337332558629247,0.29613262494495796,0.5398329989619355,0.0,0.8311578832522535,0.8845859690557838,,,EXPLOIT
604,52,,,0,0,0,0,common,1.0,0.4580733836890989,0.5572551850429731,0.5153051143800845,0.0,0.8237408999369921,0.8784610231552662,,,EXPLOIT
605,52,,,0,0,1,1,rare,1.0,0.3835684835404074,0.4243421593742178,0.47578412512818136,0.0,0.8157270096593466,0.8717214419299315,,,EXPLOIT
606,52,,,0,0,1,1,rare,1.0,0.24931951430126476,0.34058074446161507,0.4078447418801064,0.0,0.8182632350372075,0.8738580962133576,,,EXPLOIT
607,52,,,0,1,0,0,rare,1.0,0.29774769939791423,0.2910343454651541,0.37481562913544875,0.0,0.8207062521019629,0.8759044076860804,,,EXPLOIT
608,52,,,0,1,1,1,common,1.0,0.16205768429582212,0.5022607606324148,0.31098824568356076,0.0,0.8230609895803428,0.8778658905686069,,,EXPLOIT
609,52,,,0,0,1,1,rare,1.0,0.10533749479228438,0.6307632153978119,0.24929302041617782,0.0,0.825332034925595,0.8797476194187466,,,EXPLOIT
610,52,,,0,0,0,0,common,1.0,0.19353600460864429,0.6021039927444443,0.23256591567391774,0.0,0.8275236633560173,0.8815542720972164,,,EXPLOIT
611,52,,,0,0,1,1,rare,1.0,0.0684693716149849,0.5815197223998954,0.18333695245623788,0.0,0.8296398639780584,0.8832901677912974,,,EXPLOIT
612,52,,,0,0,0,0,common,1.0,0.12579840299561873,0.5674681752548119,0.16607538761805213,0.0,0.8316843633298638,0.884959300747232,,,EXPLOIT
613,52,,,0,0,0,0,common,0.0,0.9182310380528478,0.5580932761886699,0.39172208274849085,0.0,0.8336606466376234,0.8865653702659491,,,EXPLOIT
614,52,,,0,1,0,0,rare,1.0,0.4031498252656489,0.6853171338961114,0.3951504055036382,0.0,0.8355719770398221,0.8881118074362782,,,EXPLOIT
615,52,,,0,1,1,1,common,1.0,0.04450509154974014,0.6396469724271152,0.28995681131746875,0.0,0.8374214130024829,0.8896017990122698,,,EXPLOIT
616,52,,,0,1,1,1,common,1.0,0.02892830950733105,0.5925801964055829,0.21164826077442744,0.0,0.8392118241209346,0.891038308784339,,,EXPLOIT
617,52,,,0,1,0,0,rare,1.0,0.2620473864226718,0.556991207453323,0.22676799846890072,0.0,0.840945905479852,0.8924240967458485,,,EXPLOIT
618,52,,,0,1,1,1,common,1.0,0.0188034011797652,0.5324390043225946,0.16437861928216005,0.0,0.842626190722731,0.8937617363159605,,,EXPLOIT
619,52,,,0,1,1,1,common,1.0,0.012222210766847375,0.5160644945867924,0.11873169672756624,0.0,0.8442550639641218,0.8950536298449056,,,EXPLOIT
620,52,,,0,1,1,1,common,1.0,0.007944436998450821,0.5052937040045978,0.0854955188088316,0.0,0.8458347706624239,0.8963020225982433,,,EXPLOIT
621,52,,,0,1,1,1,common,1.0,0.005163884048993039,0.4982515860572887,0.06139602838088003,0.0,0.847367427557546,0.8975090153913811,,,EXPLOIT
622,52,,,0,1,1,1,common,1.0,0.0033565246318454367,0.4936602245895444,0.04398417725616965,0.0,0.8488550317659341,0.8986765760239372,,,EXPLOIT
623,52,,,0,0,0,0,common,0.0,0.8296691988252634,0.4906708394124424,0.27968968372689773,0.0,0.8502994691151633,0.8998065496448769,,,EXPLOIT
624,52,,,0,1,1,0,common,0.0,0.005973854871039359,0.3011791261708284,0.1975749350701402,0.0,0.8517025217912509,0.9009006681632775,,,EXPLOIT
625,52,,,0,1,1,1,common,1.0,0.002181741010699567,0.5957809469426218,0.138956976852308,0.0,0.8530658753639144,0.9019605588056947,,,EXPLOIT
626,52,,,0,1,0,0,rare,0.0,0.5392849792364212,0.4917513292914919,0.25905537756754193,0.0,0.8543911252480153,0.9029877519090713,,,EXPLOIT
627,52,,,0,1,0,1,rare,0.0,0.040329428324408174,0.6782859015964156,0.1934375927946018,0.0,0.8556797826532845,0.9039836880276934,,,EXPLOIT
628,52,,,0,0,1,1,rare,0.0,0.9985818683430453,0.6777950738700578,0.43498087545913483,0.0,0.8569332800689926,0.9049497244236167,,,EXPLOIT
629,52,,,0,0,0,1,common,1.0,0.9737858715891347,0.6868138054315989,0.5966223742981347,0.0,0.8581529763254294,0.9058871410020746,,,EXPLOIT
630,52,,,0,0,0,1,common,0.0,0.3670391834670624,0.6194891078855849,0.527747417048813,0.0,0.8527104913386151,0.9016646710821603,,,EXPLOIT
631,52,,,0,0,0,0,common,1.0,0.6494647634963262,0.6926477595791674,0.5642626209830669,0.0,0.8468947888766074,0.897093851092934,,,EXPLOIT
632,52,,,0,0,0,0,common,1.0,0.4221520962726121,0.5849998477339791,0.5216294635699305,0.0,0.8406664416562086,0.8921299799724096,,,EXPLOIT
633,52,,,0,0,0,1,common,1.0,0.7614245307464095,0.455950064368978,0.5935679837228741,0.0,0.8339802664910168,0.8867203669414645,,,EXPLOIT
634,52,,,0,0,0,0,common,1.0,0.2743988625771978,0.3705801708515888,0.4978172473791712,0.0,0.8267842341272365,0.8808024629294683,,,EXPLOIT
635,52,,,0,0,0,1,common,0.0,0.5050740550148338,0.31894431606955537,0.49999428966987,0.0,0.8289257500669303,0.8825676453468176,,,EXPLOIT
636,52,,,0,0,1,1,rare,0.0,0.6490782144229794,0.5835557236269159,0.5447194670958028,0.0,0.8309943208487971,0.8842644208859054,,,EXPLOIT
637,52,,,0,0,0,0,common,1.0,0.1783592606751786,0.688648189658293,0.43481140516961553,0.0,0.8235644285544085,0.8781079646786317,,,EXPLOIT
638,52,,,0,0,0,0,common,0.0,0.8840664805611339,0.5685561518388138,0.569587927787071,0.0,0.8258177587668706,0.8799799565923223,,,EXPLOIT
639,52,,,0,0,1,1,rare,0.0,0.4219008393749366,0.6860597652324758,0.5252818012634306,0.0,0.8179733901223062,0.8733956418126102,,,EXPLOIT
640,52,,,0,1,0,0,rare,0.0,0.574643212364737,0.6820189157024951,0.5400902245938225,0.0,0.8094790007238839,0.8661246683414084,,,EXPLOIT
641,52,,,0,1,1,1,common,1.0,0.7257644544062912,0.6901404270184599,0.5957924935375631,0.0,0.8002507889474316,0.8580541427160613,,,EXPLOIT
642,52,,,0,1,1,0,common,1.0,0.9961169943338244,0.5921494267428296,0.7158898437764415,0.0,0.7901899016571841,0.849044989158846,,,EXPLOIT
643,52,,,0,1,1,1,common,0.0,0.5282531046359107,0.43787555702424147,0.6595988220342822,0.0,0.7791788960877414,0.8389238921158376,,,EXPLOIT
644,52,,,0,1,1,0,common,0.0,0.35252395368301415,0.6302862774527632,0.5674763615289018,0.0,0.7670771544551702,0.8274720680750682,,,EXPLOIT
645,52,,,0,1,0,0,rare,0.0,0.3735180880370791,0.6911693837645404,0.5092888794813549,0.0,0.7537148708766895,0.814409308816167,,,EXPLOIT
646,52,,,0,0,0,1,common,0.0,0.328298135759642,0.6842151236795366,0.45499165636484107,0.0,0.738885063605834,0.7993707974609686,,,EXPLOIT
647,52,,,0,0,0,0,common,1.0,0.7572132427758986,0.6923106054822011,0.5456581322881583,0.0,0.7449912336568758,0.8056167459425758,,,EXPLOIT
648,52,,,0,0,1,0,rare,1.0,0.7708594301060407,0.5640189816813699,0.613218521633523,0.0,0.7291601960009471,0.789164369025831,,,EXPLOIT
649,52,,,0,1,0,0,rare,1.0,0.49218860780433404,0.39687965163882044,0.5769095474847663,0.0,0.7114244701107716,0.7698822327211295,,,EXPLOIT
650,52,,,0,1,0,0,rare,0.0,0.6800774049271828,0.6340861322735121,0.6078599047174913,0.0,0.6914193894999375,0.7469728458596276,,,EXPLOIT
651,52,,,0,0,1,0,rare,0.0,0.49894137043107345,0.5050260251941628,0.575184344431566,0.0,0.6686808516537351,0.7193079795628645,,,EXPLOIT
652,52,,,0,0,1,0,rare,1.0,0.6756881092198023,0.6673038012338517,0.6053354738680368,0.0,0.6426089461969074,0.6852373787045857,,,EXPLOIT
653,52,,,0,1,1,0,common,1.0,0.43919727099287154,0.5253926258431894,0.5554940130054872,0.0,0.612414357978934,0.6422473449346102,,,EXPLORE
654,52,,,0,1,1,0,common,0.0,0.7145217738546334,0.6820622250683688,0.603202341260231,0.0,0.5770372124241941,0.5863110423134913,,,EXPLOIT
655,52,,,0,0,0,0,common,1.0,0.5579496867973311,0.5688258360922183,0.589626544921361,0.0,0.5350202829705087,0.5105482503669188,,,EXPLORE
656,52,,,0,1,1,1,common,0.0,0.34336451801334195,0.4538683802281236,0.5157479368489553,0.0,0.48430352170269647,0.40215390303802806,,,EXPLORE
657,52,,,0,0,1,1,rare,1.0,0.7768130632913277,0.34595518807847286,0.594067474781667,0.0,0.4218763863679721,0.23427071840654348,,,EXPLORE
658,52,,,0,1,0,1,rare,0.0,0.2133937882437673,0.27981797461552627,0.47986536882029707,0.0,0.34315817150264183,0.09090909090909093,,,EXPLORE
659,52,,,0,0,0,0,common,0.0,0.6373327035817348,0.22553918786965402,0.5271055692487283,0.0,0.389205616618905,0.23017705927636645,,,EXPLOIT
660,52,,,0,1,0,0,rare,1.0,0.5857337426718724,0.45630878479296927,0.5446940212756715,0.0,0.30110986288065283,0.09090909090909093,,,EXPLORE
661,52,,,0,0,0,0,common,0.0,0.6192730672632829,0.6740659015893851,0.5670677350719548,0.0,0.18469287037731366,0.09090909090909093,,,EXPLORE
662,52,,,0,1,1,1,common,0.0,0.49507150886063694,0.6762721365651021,0.5454688672085595,0.0,0.09090909090909093,0.09090909090909093,,,EXPLORE
663,52,,,0,1,1,0,common,0.0,0.46443915300551175,0.6849952352259949,0.5211599529476452,0.0,0.09090909090909093,0.09090909090909093,,,EXPLORE
664,52,,,0,0,0,0,common,1.0,0.5974725062788662,0.6409354241437067,0.5440537189470115,0.0,0.09090909090909093,0.09090909090909093,,,EXPLORE
665,52,,,0,0,0,0,common,0.0,0.611642870918737,0.46012765546189527,0.5643304645385291,0.0,0.09090909090909093,0.09090909090909093,,,EXPLORE
666,52,,,0,0,0,1,common,0.0,0.13870596235844876,0.6269248211806604,0.43664311388450494,0.0,0.09090909090909093,0.09090909090909093,,,EXPLORE
667,52,,,0,0,1,0,rare,0.0,0.30188544945358264,0.6868684100053069,0.3962158145552282,0.0,0.17965545529122232,0.23017705927636645,,,EXPLORE
668,52,,,0,0,0,0,common,1.0,0.6024321339028209,0.691387127424437,0.45808071035950604,0.0,0.25195053896963665,0.33155527035247095,,,EXPLORE
669,52,,,0,0,0,1,common,0.0,0.0901588755329917,0.570649334572081,0.3477041599115517,0.0,0.31197800201026266,0.40865139461585376,,,EXPLORE
670,52,,,0,0,0,0,common,1.0,0.3915808870368336,0.6712988373549569,0.3608671780491362,0.0,0.3626137856372424,0.46925370836719743,,,EXPLORE
671,52,,,0,1,1,0,common,0.0,0.19622554214482874,0.495165963087146,0.31147468727784394,0.0,0.4059000327452924,0.5181414926281387,,,EXPLORE
672,52,,,0,0,1,1,rare,1.0,0.678203519240586,0.4359846898398153,0.42149333686666657,0.0,0.4433268371345312,0.5584101936095955,,,EXPLOIT
673,52,,,0,1,1,1,common,1.0,0.4408322875063809,0.3020111516051695,0.42729502205858083,0.0,0.4760069778008542,0.5921529537657815,,,EXPLORE
674,52,,,0,1,1,1,common,1.0,0.28654098687914764,0.5643925944750912,0.38506881150475086,0.0,0.5047882362938754,0.6208359130085537,,,EXPLOIT
675,52,,,0,1,0,0,rare,1.0,0.25452757657394187,0.6827068379073105,0.34590644102550816,0.0,0.5303278475182935,0.6455166258956538,,,EXPLOIT
676,52,,,0,1,0,0,rare,1.0,0.16544292477306222,0.6866784739065519,0.2917673861497744,0.0,0.5531431856165939,0.6669771225069359,,,EXPLOIT
677,52,,,0,1,0,0,rare,0.0,0.8924620988975096,0.654727707726511,0.47197579997409495,0.0,0.5736470880232013,0.6858081495669813,,,EXPLOIT
678,52,,,0,0,0,1,common,0.0,0.05860326909644461,0.6479559041558668,0.34796404071079984,0.0,0.5921729883276855,0.7024642847715783,,,EXPLORE
679,52,,,0,0,0,0,common,1.0,0.4198996357166187,0.6765442744745895,0.3695447192125455,0.0,0.6089931308257707,0.7173010333450142,,,EXPLOIT
680,52,,,0,0,0,0,common,1.0,0.2729347632158021,0.6741531062753627,0.34056173241352244,0.0,0.6243319910980096,0.7306004237646555,,,EXPLOIT
681,52,,,0,0,0,0,common,1.0,0.17740759609027135,0.6034571127010919,0.2916154915165471,0.0,0.6383763127966292,0.7425890580670904,,,EXPLOIT
682,52,,,0,1,1,1,common,0.0,0.813748358528554,0.5389475100354071,0.4482553516201491,0.0,0.6512827158657106,0.7534510902583895,,,EXPLOIT
683,52,,,0,0,1,1,rare,1.0,0.4710635669564399,0.3700964762194275,0.4550978162210364,0.0,0.6631835351894628,0.763337721105509,,,EXPLOIT
684,52,,,0,0,1,1,rare,1.0,0.306191318521686,0.32722734368830636,0.41042586691123123,0.0,0.6741913519251206,0.7723742534998811,,,EXPLOIT
685,52,,,0,0,1,1,rare,0.0,0.8009756429609041,0.3009060672151346,0.5275907997261331,0.0,0.6844025467383026,0.7806654095703525,,,EXPLOIT
686,52,,,0,0,0,0,common,0.0,0.8846850625413236,0.5801190968429224,0.6347190785706902,0.0,0.660661211972063,0.7598262261172438,,,EXPLOIT
687,52,,,0,0,1,1,rare,1.0,0.4793658320754124,0.6900375442691892,0.5881131046221069,0.0,0.6333556014788885,0.734889737178078,,,EXPLORE
688,52,,,0,1,0,0,rare,1.0,0.4249547093481396,0.5814589348606592,0.5391655860399166,0.0,0.6016196526678215,0.7045175078533115,,,EXPLORE
689,52,,,0,0,1,1,rare,1.0,0.3115877908490181,0.6918309943206575,0.470892247482647,0.0,0.5642819889685214,0.6667169163672336,,,EXPLORE
690,52,,,0,0,0,0,common,1.0,0.2762205610762908,0.6426379922146366,0.4124907415607401,0.0,0.5836996292983,0.685578866469805,,,EXPLOIT
691,52,,,0,1,1,1,common,0.0,0.7974679359481383,0.5802687572464041,0.5279838998769595,0.0,0.6012903208471508,0.7022607325676147,,,EXPLOIT
692,52,,,0,0,1,1,rare,0.0,0.5183541583662898,0.4030399407213032,0.5250949774237585,0.0,0.563891944767017,0.6638719729037572,,,EXPLORE
693,52,,,0,1,1,1,common,0.0,0.3369302029380884,0.6420606334586882,0.46864554507805745,0.0,0.519249167417881,0.6146890271870786,,,EXPLORE
694,52,,,0,0,0,0,common,0.0,0.820456635300411,0.5441066077741309,0.5741888721447634,0.0,0.5432285747537118,0.6402040653736667,,,EXPLORE
695,52,,,0,0,0,0,common,1.0,0.4667031870547328,0.6709012856765908,0.5419431666177542,0.0,0.49428184914252027,0.5836039416431728,,,EXPLORE
696,52,,,0,0,0,0,common,0.0,0.6966429284144237,0.5121179838436831,0.588353095156755,0.0,0.4342650359186887,0.50679248342926,,,EXPLORE
697,52,,,0,1,0,0,rare,1.0,0.5471820965306247,0.6601394807837568,0.576001795568916,0.0,0.3589480738595078,0.39659753847440543,,,EXPLORE
698,52,,,0,0,1,0,rare,1.0,0.8724533976058613,0.6588130926868618,0.6649372761799995,0.0,0.2616311596700356,0.22522421512147614,,,EXPLORE
699,52,,,0,1,0,0,rare,0.0,0.644331637255094,0.6789289488590018,0.6587555845025278,0.0,0.13103422396568423,0.09090909090909093,,,EXPLORE
700,52,,,0,1,0,0,rare,0.0,0.4188155642158111,0.5715763822173601,0.5867735784165127,0.0,0.09090909090909093,0.09090909090909093,,,EXPLORE
701,52,,,0,1,1,0,common,0.0,0.4329052915561901,0.47120992912761545,0.5406130923584159,0.0,0.09090909090909093,0.09090909090909093,,,EXPLORE
702,52,,,0,1,0,0,rare,1.0,0.7277698832597228,0.40422422679843145,0.596760129628808,0.0,0.09090909090909093,0.09090909090909093,,,EXPLORE
703,52,,,0,0,0,1,common,0.0,0.038092124912689,0.6480627051090788,0.42915972821397225,0.0,0.09090909090909093,0.09090909090909093,,,EXPLORE
704,52,,,0,0,0,0,common,0.0,0.5269495758811802,0.6872491963831844,0.45849668251413456,0.0,0.17965545529122232,0.23017705927636645,,,EXPLORE
705,52,,,0,1,1,0,common,0.0,0.2813884395115236,0.626010309764655,0.4053642096133513,0.0,0.25195053896963665,0.33155527035247095,,,EXPLORE
706,52,,,0,0,1,1,rare,1.0,0.7809953680902425,0.6906467574993114,0.5180535571564187,0.0,0.31197800201026266,0.40865139461585376,,,EXPLORE
707,52,,,0,1,1,1,common,1.0,0.5076469892586577,0.6000661939964339,0.5149315867870903,0.0,0.1993001761833469,0.24479250504532032,,,EXPLORE
708,52,,,0,1,0,1,rare,0.0,0.02475988119324785,0.6920892234127078,0.36788007510893755,0.0,0.09090909090909093,0.09090909090909093,,,EXPLORE
709,52,,,0,1,1,1,common,0.0,0.6700294569818726,0.6417027987041766,0.45852488967081806,0.0,0.17965545529122232,0.23017705927636645,,,EXPLORE
710,52,,,0,1,0,1,rare,0.0,0.016093922775611103,0.5523046433721331,0.32579559960225596,0.0,0.25195053896963665,0.33155527035247095,,,EXPLORE
711,52,,,0,0,1,1,rare,1.0,0.5644808529617829,0.48308155888649934,0.397401175610114,0.0,0.31197800201026266,0.40865139461585376,,,EXPLORE
712,52,,,0,1,1,1,common,1.0,0.3669125544251588,0.3354112421337405,0.3882545892546274,0.0,0.3626137856372424,0.46925370836719743,,,EXPLORE
713,52,,,0,0,0,0,common,1.0,0.6574827756772329,0.5915811128028011,0.469023045181409,0.0,0.4059000327452924,0.5181414926281387,,,EXPLORE
714,52,,,0,1,0,0,rare,1.0,0.42736380419020137,0.4985718099997398,0.4565252728840467,0.0,0.4433268371345312,0.5584101936095955,,,EXPLORE
715,52,,,0,1,1,0,common,0.0,0.18290248568249035,0.6475121166184739,0.3744384367235798,0.0,0.4760069778008542,0.5921529537657815,,,EXPLORE
716,52,,,0,1,1,1,common,1.0,0.23849316037635326,0.47187544461366104,0.33365485381941185,0.0,0.5047882362938754,0.6208359130085537,,,EXPLOIT
717,52,,,0,0,0,0,common,1.0,0.2777864727236309,0.6360204187491975,0.3168943394906775,0.0,0.5303278475182935,0.6455166258956538,,,EXPLOIT
718,52,,,0,1,1,1,common,0.0,0.8449794457553703,0.5852911411571631,0.47531987137008536,0.0,0.5531431856165939,0.6669771225069359,,,EXPLOIT
719,52,,,0,1,1,1,common,0.0,0.5492366397409907,0.3968301134506428,0.4974949018813569,0.0,0.5736470880232013,0.6858081495669813,,,EXPLORE
720,52,,,0,1,1,1,common,0.0,0.357003815831644,0.28333499429524495,0.455347576066443,0.0,0.5921729883276855,0.7024642847715783,,,EXPLOIT
721,52,,,0,0,0,0,common,1.0,0.18056120727036007,0.22197411438907716,0.3729116654276181,0.0,0.6089931308257707,0.7173010333450142,,,EXPLOIT
722,52,,,0,0,0,0,common,0.0,0.8826352152742659,0.19481347998759369,0.5258287303816125,0.0,0.6243319910980096,0.7306004237646555,,,EXPLOIT
723,52,,,0,0,1,1,rare,0.0,0.23205248029056857,0.43199077731671176,0.4376958553542993,0.0,0.5910531557799811,0.6992335335919269,,,EXPLOIT
724,52,,,0,0,0,0,common,1.0,0.42628711007172715,0.6082706509867667,0.4342732317695276,0.0,0.6079742005455988,0.7144154802369899,,,EXPLOIT
725,52,,,0,0,1,0,rare,0.0,0.11888661569361873,0.42556866989021025,0.3396572469467549,0.0,0.6234009602982503,0.7280076840145229,,,EXPLOIT
726,52,,,0,0,0,0,common,1.0,0.27708662154662267,0.6048615247431735,0.3208860593267152,0.0,0.6375223204855074,0.740246834045412,,,EXPLOIT
727,52,,,0,0,0,0,common,1.0,0.1801063040053047,0.42286160880927215,0.27865213273029205,0.0,0.6504966193510318,0.7513248553820647,,,EXPLOIT
728,52,,,0,0,0,0,common,0.0,0.8829309023965519,0.30731252129955144,0.45993576363016997,0.0,0.6624575832337585,0.7613990138167054,,,EXPLOIT
729,52,,,0,0,0,0,common,1.0,0.42609491344224115,0.5305035894712344,0.4497835085737913,0.0,0.6735189297632881,0.7705994017198472,,,EXPLOIT
730,52,,,0,0,0,0,common,1.0,0.2769616937374568,0.37093510272149616,0.3979369641228909,0.0,0.6837779751776009,0.7790345640342433,,,EXPLOIT
731,52,,,0,0,0,1,common,0.0,0.010461049804147218,0.2784298069251724,0.2816941898272678,0.0,0.6933184883769062,0.7867957820772538,,,EXPLOIT
732,52,,,0,0,1,0,rare,1.0,0.9227236997991478,0.5083740360880667,0.47400304281883177,0.0,0.702212969050545,0.7939603744396744,,,EXPLOIT
733,52,,,0,0,1,0,rare,1.0,0.5997704048694461,0.35714721203818506,0.511733251434016,0.0,0.7105244810526562,0.8005942684010628,,,EXPLOIT
734,52,,,0,0,0,0,common,1.0,0.18002510092934698,0.2708219401302218,0.4122208062826153,0.0,0.6904003990654939,0.7833036303617916,,,EXPLOIT
735,52,,,0,0,1,0,rare,0.0,0.61014923683486,0.2228795345851492,0.4715993354482887,0.0,0.6994902037912155,0.7907338828441828,,,EXPLOIT
736,52,,,0,0,0,0,common,1.0,0.11701631560407555,0.45999776344734655,0.36522442949502476,0.0,0.7079781896022862,0.7976043811652439,,,EXPLOIT
737,52,,,0,0,1,1,rare,1.0,0.8491658878111304,0.32845322815583966,0.5104068669898565,0.0,0.715921820950071,0.8039757723109952,,,EXPLOIT
738,52,,,0,0,0,0,common,1.0,0.07606060514264912,0.25499257947830134,0.3801029884356943,0.0,0.6965058254366137,0.7872519733811987,,,EXPLOIT
739,52,,,0,0,0,0,common,1.0,0.04943939334272196,0.21390058716616073,0.28090390990780256,0.0,0.7051892527351287,0.7943821994496983,,,EXPLOIT
740,52,,,0,0,0,0,common,1.0,0.032135605672769296,0.19005487365237994,0.2062734186372926,0.0,0.7133098646755841,0.8009854500966773,,,EXPLOIT
741,52,,,0,0,1,0,rare,1.0,0.603402996057341,0.1757352076929947,0.3254122918633071,0.0,0.7209202895648562,0.8071177656736626,,,EXPLOIT
742,52,,,0,0,1,0,rare,0.0,0.6077880525627284,0.16691229243590858,0.41012502007313345,0.0,0.7280667927871927,0.8128275127845987,,,EXPLOIT
743,52,,,0,0,0,0,common,0.0,0.9791118563126999,0.4011507767400371,0.5808210709450033,0.0,0.7347902102228059,0.8181566543002224,,,EXPLOIT
744,52,,,0,0,1,0,rare,0.0,0.39506223416577346,0.5913596022844668,0.5250934199112344,0.0,0.7177448619344712,0.8037001157590115,,,EXPLOIT
745,52,,,0,0,0,0,common,1.0,0.36357729339674505,0.6753405350837207,0.4766385819568875,0.0,0.69856501303045,0.7869304884881194,,,EXPLOIT
746,52,,,0,0,0,0,common,1.0,0.2363252407078843,0.4953454568803028,0.4045445795821865,0.0,0.7071133630091768,0.794084924875513,,,EXPLOIT
747,52,,,0,0,1,1,rare,0.0,0.44804217292276527,0.3492500571813093,0.4175938575843601,0.0,0.7151116775335816,0.80070976394018,,,EXPLOIT
748,52,,,0,1,0,0,rare,1.0,0.15361140646012483,0.559605047916694,0.33839912224708946,0.0,0.7226110222271429,0.8068614113866206,,,EXPLOIT
749,52,,,0,0,1,0,rare,1.0,0.7432095477922472,0.6928386955540717,0.45984224991063677,0.0,0.7296563315418866,0.8125885376811023,,,EXPLOIT
750,52,,,0,0,0,0,common,1.0,0.09984741419908116,0.6318899380312806,0.35184379919717007,0.0,0.7362873021242815,0.8179333600795633,,,EXPLOIT
751,52,,,0,0,1,0,rare,0.0,0.5169137939350392,0.535753928906441,0.40136479761853083,0.0,0.7425391343987354,0.8229326778583744,,,EXPLOIT
752,52,,,0,0,1,0,rare,0.0,0.33599396605777554,0.6903028254576371,0.38175354815030427,0.0,0.7484431516259354,0.8276187144529255,,,EXPLOIT
753,52,,,0,0,0,0,common,1.0,0.06490081922940272,0.6571221358084096,0.2866977294740338,0.0,0.7540273194207849,0.8320198072555451,,,EXPLOIT
754,52,,,0,0,1,1,rare,0.0,0.29122741239979744,0.6735834648027743,0.2880566343517629,0.0,0.759316683915578,0.836160976282819,,,EXPLOIT
755,52,,,0,0,1,1,rare,1.0,0.8107021819401317,0.6749282363720881,0.4448502986282735,0.0,0.7643337430535533,0.8400643958227114,,,EXPLOIT
756,52,,,0,1,1,1,common,1.0,0.5269564182610855,0.6623122876121763,0.4694821345181171,0.0,0.7690987626235737,0.8437497878389113,,,EXPLOIT
757,52,,,0,1,1,1,common,1.0,0.3425216718697057,0.6853675848895759,0.43139399572359366,0.0,0.7736300463984458,0.8472347518681947,,,EXPLOIT
758,52,,,0,1,0,0,rare,1.0,0.04218553249911172,0.6289204584406762,0.3146314567562491,0.0,0.777944167969325,0.8505350430579688,,,EXPLOIT
759,52,,,0,1,1,1,common,1.0,0.22263908671530874,0.5701890675462931,0.28703374574396695,0.0,0.782056170466384,0.8536648076122525,,,EXPLOIT
760,52,,,0,1,1,1,common,1.0,0.14471540636495073,0.5265075783992117,0.24433824393026207,0.0,0.785979739238429,0.8566367830684481,,,EXPLOIT
761,52,,,0,1,0,0,rare,1.0,0.027420596124422603,0.49685359016939074,0.17926294958851025,0.0,0.7897273516686133,0.8594624693849024,,,EXPLOIT
762,52,,,0,1,1,1,common,1.0,0.09406501413721802,0.4773153756104276,0.15370356895312257,0.0,0.7933104075818704,0.8621522756847468,,,EXPLOIT
763,52,,,0,1,0,0,rare,1.0,0.017823387480874642,0.4645722111134931,0.1129395145114482,0.0,0.7967393431154196,0.8647156466035267,,,EXPLOIT
764,52,,,0,1,1,0,common,0.0,0.2183960779375541,0.45628820768903333,0.14457648353927996,0.0,0.8000237304482561,0.8671611714731305,,,EXPLOIT
765,52,,,0,1,0,0,rare,1.0,0.011585201862568506,0.6877740594093479,0.10467909903626652,0.0,0.8031723653968665,0.869496679002001,,,EXPLOIT
766,52,,,0,1,0,0,rare,0.0,0.9924696187893305,0.6333401294753498,0.3710162549621857,0.0,0.8061933445652625,0.8717293196506821,,,EXPLOIT
767,52,,,0,1,1,1,common,1.0,0.061142259189191694,0.6773961219918738,0.2780540562302875,0.0,0.8090941334742543,0.8738656375287882,,,EXPLOIT
768,52,,,0,1,1,1,common,0.0,0.9602575315270254,0.6784187151031416,0.48271509881930885,0.0,0.8118816268769843,0.875911633336189,,,EXPLOIT
769,52,,,0,1,1,1,common,0.0,0.6241673954925666,0.6505299285064547,0.5251507878212862,0.0,0.8145622022866267,0.8778728196234421,,,EXPLOIT
770,52,,,0,1,0,0,rare,1.0,0.3548947477869351,0.5390145933569761,0.4740739758109808,0.0,0.8057768722865364,0.8710726070531066,,,EXPLOIT
771,52,,,0,1,1,0,common,0.0,0.14195745065941018,0.6877786063550158,0.37443901826550957,0.0,0.8086940972605553,0.873237053001663,,,EXPLOIT
772,52,,,0,1,0,0,rare,1.0,0.2306815860615078,0.5906197680032511,0.33131178860430904,0.0,0.8114970916536195,0.875309437442351,,,EXPLOIT
773,52,,,0,1,1,1,common,0.0,0.4057088070701683,0.6929113712975545,0.3536308941440668,0.0,0.8141923025561512,0.8772954134019467,,,EXPLOIT
774,52,,,0,1,1,1,common,1.0,0.7362892754043906,0.6104120187555964,0.46842840852216394,0.0,0.8167857010797004,0.8792001805085143,,,EXPLOIT
775,52,,,0,1,1,1,common,0.0,0.5214119709871461,0.6930626634155184,0.4843234772616586,0.0,0.8192828254905842,0.8810285295564644,,,EXPLOIT
776,52,,,0,0,1,0,rare,0.0,0.09227234292861662,0.6183151931924467,0.366708136961746,0.0,0.8216888197364357,0.8827848819165165,,,EXPLOIT
777,52,,,0,0,0,0,common,0.0,0.8500569690600199,0.6931114702079414,0.5117127865912281,0.0,0.8240084679297128,0.8844733244731195,,,EXPLOIT
778,52,,,0,1,1,1,common,1.0,0.661082218858355,0.6565973889601704,0.5565236162713662,0.0,0.816016521642086,0.8783373494223864,,,EXPLOIT
779,52,,,0,1,1,1,common,1.0,0.4297034422579308,0.49491776907764046,0.5184775640673355,0.0,0.8073558451726247,0.871585043461819,,,EXPLOIT
780,52,,,0,0,0,0,common,1.0,0.447462970110987,0.37165477063012503,0.4971731858804309,0.0,0.7979393353947943,0.8641190317585209,,,EXPLOIT
781,52,,,0,0,0,0,common,1.0,0.2908509305721416,0.5981104949957025,0.4352765092879441,0.0,0.8011738171504729,0.8665917540417022,,,EXPLOIT
782,52,,,0,0,0,0,common,1.0,0.18905310487189209,0.6864198266940644,0.36140948796312844,0.0,0.8042755416693885,0.8689526676155517,,,EXPLOIT
783,52,,,0,0,0,0,common,1.0,0.12288451816672985,0.6875571706033679,0.28985199702420883,0.0,0.8072523706709401,0.8712090768362611,,,EXPLOIT
784,52,,,0,0,0,0,common,0.0,0.9201250631916256,0.6627049400087324,0.4789339168744339,0.0,0.8101115573745806,0.8733676635299954,,,EXPLOIT
785,52,,,0,0,0,1,common,0.0,0.006799682372695692,0.6337615269875947,0.3372936465239124,0.0,0.812859804259014,0.8754345519330771,,,EXPLOIT
786,52,,,0,0,1,1,rare,1.0,0.27930723746765507,0.4753465849598967,0.3198977238070352,0.0,0.8155033143648944,0.8774153656690934,,,EXPLOIT
787,52,,,0,0,0,0,common,1.0,0.40191870892544335,0.6486041916188389,0.3445040193425576,0.0,0.8180478369676399,0.8793152778792902,,,EXPLOIT
788,52,,,0,0,0,0,common,0.0,0.7387528391984618,0.6930057819973708,0.4627786652993288,0.0,0.8204987083282042,0.8811390554472766,,,EXPLOIT
789,52,,,0,1,1,0,common,1.0,0.9400229770963991,0.5705285961471493,0.6059519588384499,0.0,0.8228608881297216,0.8828910981140926,,,EXPLOIT
790,52,,,0,1,1,1,common,1.0,0.18154970435397577,0.49249736800751864,0.47863128249310766,0.0,0.8147746085616473,0.8765991197598538,,,EXPLOIT
791,52,,,0,1,1,1,common,1.0,0.11800730783008428,0.4397090479386716,0.37044409009420065,0.0,0.8173462457262056,0.8785321810834702,,,EXPLOIT
792,52,,,0,1,1,1,common,1.0,0.0767047500895548,0.4057756107684277,0.28232228809280685,0.0,0.8198227794702766,0.8803871658583519,,,EXPLOIT
793,52,,,0,1,1,1,common,0.0,0.9501419124417894,0.38415182550327626,0.48266817539750156,0.0,0.8222092712966276,0.8821686225356664,,,EXPLOIT
794,52,,,0,1,1,0,common,0.0,0.38898506488734047,0.6533035037465957,0.4545632422444532,0.0,0.8245104300054742,0.8838807531367181,,,EXPLOIT
795,52,,,0,1,1,1,common,1.0,0.3824077569128369,0.6826295629341097,0.4329165966449683,0.0,0.8267306418935622,0.8855274456211373,,,EXPLOIT
796,52,,,0,1,1,1,common,0.0,0.7514349580066559,0.6574426833535746,0.5284721050534746,0.0,0.8288739979026238,0.8871123026924973,,,EXPLOIT
797,52,,,0,1,0,1,rare,1.0,0.9955802064577478,0.6810976979504392,0.6686045354747565,0.0,0.8212757247154092,0.8812320174443427,,,EXPLOIT
798,52,,,0,1,1,0,common,0.0,0.2528402921767713,0.6591309059794708,0.5438752624853609,0.0,0.8130582099865696,0.8747742779960327,,,EXPLOIT
799,52,,,0,1,1,1,common,1.0,0.5115672772956736,0.6804203661053052,0.5341828669284547,0.0,0.8041430072656278,0.867650010028318,,,EXPLOIT
800,52,,,0,1,0,0,rare,0.0,0.48018934547900016,0.6598332045000546,0.5179848104936183,0.0,0.7944378360483172,0.8597508264429112,,,EXPLOIT
801,52,,,0,1,0,0,rare,1.0,0.6878769254386499,0.6801288454090293,0.5689524449771277,0.0,0.7838333915610125,0.8509434932135069,,,EXPLOIT
802,52,,,0,1,0,0,rare,1.0,0.44712000153512244,0.6601279544470859,0.5324027119445262,0.0,0.7721992290403717,0.8410623765468709,,,EXPLOIT
803,52,,,0,1,1,0,common,0.0,0.16434618991490135,0.5674619810502856,0.4219857553356387,0.0,0.7593783933479222,0.8298989566622432,,,EXPLOIT
804,52,,,0,1,0,0,rare,1.0,0.2906280009978296,0.6930217719432116,0.38257842903429595,0.0,0.7643923154499038,0.834164449199116,,,EXPLOIT
805,52,,,0,1,1,1,common,0.0,0.6674812697578121,0.6267613046400735,0.4680492812513508,0.0,0.7691544285113385,0.8381816647259449,,,EXPLOIT
806,52,,,0,1,1,1,common,1.0,0.5661371746574222,0.6892997846512023,0.4974756492731722,0.0,0.7736830142622891,0.841971481028057,,,EXPLOIT
807,52,,,0,1,1,1,common,0.0,0.6320108364726756,0.647369707174717,0.5378362054330232,0.0,0.7779946268242441,0.8455524990829428,,,EXPLOIT
808,52,,,0,1,1,1,common,1.0,0.5891929562927608,0.6845475433458114,0.5532432306909445,0.0,0.7657723910663241,0.8349820030832283,,,EXPLOIT
809,52,,,0,1,0,0,rare,1.0,0.18890820064858926,0.6550927646628251,0.4439427216782379,0.0,0.7522703194190845,0.8229883487271051,,,EXPLOIT
810,52,,,0,0,0,0,common,0.0,0.877209669578417,0.5621440582150955,0.5739228060482915,0.0,0.7576516306620075,0.8276709506471075,,,EXPLOIT
811,52,,,0,1,1,1,common,1.0,0.3829754215902945,0.4158453748595008,0.5166385907108924,0.0,0.7432624702444699,0.8146371293941593,,,EXPLOIT
812,52,,,0,1,0,1,rare,0.0,0.3528728658024639,0.34162905016471695,0.46750887323836376,0.0,0.7272289524297869,0.7996343496486711,,,EXPLOIT
813,52,,,0,0,0,1,common,0.0,0.22936736277160155,0.5935067387683927,0.3960664200983351,0.0,0.7340013411097928,0.805861683008597,,,EXPLOIT
814,52,,,0,1,1,1,common,1.0,0.24893402403369147,0.5030042711879511,0.351926701278942,0.0,0.7403826893429517,0.8116568229927351,,,EXPLOIT
815,52,,,0,1,1,1,common,1.0,0.16180711562189942,0.3628160892526753,0.2948908255818292,0.0,0.7464056193790342,0.8170629898061422,,,EXPLOIT
816,52,,,0,1,1,1,common,1.0,0.10517462515423459,0.28165413547327617,0.23797596545355082,0.0,0.7520992233214907,0.8221178269846147,,,EXPLOIT
817,52,,,0,1,1,1,common,1.0,0.06836350635025246,0.2357609621953897,0.1870922277225613,0.0,0.757489528066993,0.8268542727369005,,,EXPLOIT
818,52,,,0,1,1,1,common,1.0,0.044436279127664124,0.20903679798863256,0.14429544314409215,0.0,0.762599888648776,0.831301272863209,,,EXPLOIT
819,52,,,0,1,1,1,common,1.0,0.028883581432981642,0.19297116638834894,0.10967188463075898,0.0,0.767451322524564,0.8354843678662361,,,EXPLOIT
820,52,,,0,1,0,0,rare,0.0,0.570186285225971,0.1830696396284583,0.2478262048093226,0.0,0.7720627949006987,0.8394261794158764,,,EXPLOIT
821,52,,,0,1,1,1,common,1.0,0.018774327931438073,0.4289193536435427,0.17911064174595723,0.0,0.7764514632602068,0.8431468157374927,,,EXPLOIT
822,52,,,0,1,0,0,rare,0.0,0.3706210853968812,0.3190655413082555,0.23656377484123442,0.0,0.7806328877416673,0.846664211262346,,,EXPLOIT
823,52,,,0,1,1,1,common,1.0,0.01220331315543477,0.5481400929369088,0.16925563633549454,0.0,0.7846212128062218,0.8499944126496412,,,EXPLOIT
824,52,,,0,1,1,1,common,0.0,0.9920678464489674,0.39158174460617645,0.4160992993695364,0.0,0.7884293246626389,0.8531518208056864,,,EXPLOIT
825,52,,,0,1,0,1,rare,1.0,0.8509112141984589,0.5940854155040249,0.5465428738182131,0.0,0.7920689881423617,0.856149396600586,,,EXPLOIT
826,52,,,0,1,1,1,common,1.0,0.3551558998081712,0.42404207127743626,0.4891267816152005,0.0,0.781238801036131,0.8469108146572399,,,EXPLOIT
827,52,,,0,1,1,1,common,1.0,0.2308513348753113,0.316273932607503,0.4116441475932337,0.0,0.7851994980121303,0.8502280724800028,,,EXPLOIT
828,52,,,0,1,0,0,rare,0.0,0.2409037055079728,0.25545578009203107,0.36042201496765536,0.0,0.7889818019644347,0.8533735191114297,,,EXPLOIT
829,52,,,0,1,0,1,rare,0.0,0.4469077107710016,0.498936477081424,0.38636772370865924,0.0,0.7925973213156743,0.8563600185459458,,,EXPLOIT
830,52,,,0,1,1,1,common,0.0,0.8499466323310476,0.6467551511159259,0.5254413962953757,0.0,0.7960566789463575,0.859199182011817,,,EXPLOIT
831,52,,,0,1,1,1,common,0.0,0.5524653110151809,0.6912256320399709,0.5335485707113172,0.0,0.7856050920536142,0.8503264937079164,,,EXPLOIT
832,52,,,0,1,1,1,common,0.0,0.3591024521598676,0.6881331869476283,0.4812147351458823,0.0,0.7741464024388931,0.8403677176911257,,,EXPLOIT
833,52,,,0,1,1,0,common,1.0,0.8931749765553141,0.6723748344044311,0.6048028075687119,0.0,0.7784360940614756,0.8440364146849673,,,EXPLOIT
834,52,,,0,0,0,1,common,0.0,0.29049001200115104,0.6102451395297745,0.5105089688984435,0.0,0.7662588480469398,0.833267628514369,,,EXPLOIT
835,52,,,0,0,1,0,rare,0.0,0.41943626523904576,0.5553648869190438,0.48318715780062416,0.0,0.7528089823595467,0.8210341819966369,,,EXPLOIT
836,52,,,0,0,0,1,common,0.0,0.1888185078007482,0.516099370723965,0.39487656280066136,0.0,0.7581620253701206,0.8258380597553863,,,EXPLOIT
837,52,,,0,0,1,0,rare,0.0,0.2726335724053798,0.4897752929111726,0.35820366568207684,0.0,0.7632379519320578,0.8303464348595792,,,EXPLOIT
838,52,,,0,1,1,1,common,1.0,0.7665834060960861,0.47250610548534155,0.4807175878062796,0.0,0.7680575004951881,0.8345855520523148,,,EXPLOIT
839,52,,,0,1,1,1,common,1.0,0.498279213962456,0.2990414439787292,0.48598607565313245,0.0,0.7726393908406508,0.8385786377887998,,,EXPLOIT
840,52,,,0,1,1,0,common,0.0,0.17721182206349687,0.20977781653190994,0.3933537995762417,0.0,0.7770005638725921,0.8423463220151154,,,EXPLOIT
841,52,,,0,1,1,1,common,1.0,0.32388148907559644,0.4055871209981947,0.3725121064260481,0.0,0.7811563880220642,0.8459069911421582,,,EXPLOIT
842,52,,,0,1,0,1,rare,1.0,0.8772679699295136,0.2636859042817754,0.5239388654770878,0.0,0.7851208375637266,0.8492770849629826,,,EXPLOIT
843,52,,,0,1,1,1,common,1.0,0.21052296789913771,0.19183501434590322,0.42991409620370274,0.0,0.773614323535281,0.8391854886752428,,,EXPLOIT
844,52,,,0,1,0,1,rare,1.0,0.5702241804541839,0.15415791819764915,0.47200712147884705,0.0,0.7779291900060037,0.8429194576887175,,,EXPLOIT
845,52,,,0,1,1,1,common,1.0,0.13683992913443954,0.13318359345399935,0.37145696377552473,0.0,0.782041886398187,0.8464491185770103,,,EXPLOIT
846,52,,,0,1,1,1,common,1.0,0.08894595393738569,0.12092004681965093,0.286703660824083,0.0,0.7859661026121043,0.849790628944406,,,EXPLOIT
847,52,,,0,1,1,1,common,1.0,0.05781487005930075,0.1134928819749973,0.2180370235946483,0.0,0.7897143200857599,0.8529584865924136,,,EXPLOIT
848,52,,,0,1,0,1,rare,1.0,0.37064571729521956,0.10888539999645526,0.26381963170481965,0.0,0.7932979422659554,0.8559657373187132,,,EXPLOIT
849,52,,,0,1,0,1,rare,1.0,0.24091971624189268,0.10598087565868433,0.25694965706594153,0.0,0.7967274085331144,0.8588241522602125,,,EXPLOIT
850,52,,,0,1,1,1,common,1.0,0.037579665538545526,0.10413036562889089,0.19113865960772272,0.0,0.8000122939773051,0.8615443798637358,,,EXPLOIT
851,52,,,0,1,0,1,rare,0.0,0.8434021844427697,0.10294314636801297,0.3868177170582368,0.0,0.8031613970339505,0.8641360766207238,,,EXPLOIT
852,52,,,0,1,1,1,common,0.0,0.9755732173999454,0.2794492880896518,0.5634443671607494,0.0,0.8061828166683503,0.8666080199491927,,,EXPLOIT
853,52,,,0,1,1,1,common,1.0,0.3658774086900355,0.4672567263024427,0.5041742796195352,0.0,0.7966614344874605,0.8585919972002225,,,EXPLOIT
854,52,,,0,1,1,1,common,1.0,0.23782031564852302,0.29618242211917534,0.4242680904282315,0.0,0.7862666571025628,0.8496470809079276,,,EXPLOIT
855,52,,,0,1,0,1,rare,0.0,0.5482114198878003,0.208334318284563,0.4614510892661021,0.0,0.7900015497999522,0.8528223090450427,,,EXPLOIT
856,52,,,0,1,1,1,common,1.0,0.15458320517154,0.40417956623160856,0.36939072403773343,0.0,0.7935727004917131,0.8558363832073601,,,EXPLOIT
857,52,,,0,1,1,1,common,0.0,0.899520916638499,0.26296208790852804,0.5284297818179631,0.0,0.796990477246519,0.8587011273521064,,,EXPLOIT
858,52,,,0,1,1,1,common,1.0,0.4153114041849757,0.45366019710677874,0.4944942685280668,0.0,0.7866265423467623,0.8497692153263834,,,EXPLOIT
859,52,,,0,1,1,1,common,1.0,0.2699524127202342,0.28885738800461475,0.42713171178571696,0.0,0.7903455089137286,0.8529381719488408,,,EXPLOIT
860,52,,,0,1,1,1,common,0.0,0.8245309317318478,0.20463122769705544,0.5463514777695562,0.0,0.7939017514716136,0.855946440119235,,,EXPLOIT
861,52,,,0,1,1,1,common,1.0,0.4640548943742989,0.4005407080340557,0.5216625027509789,0.0,0.7832464351061634,0.8466832333434713,,,EXPLOIT
862,52,,,0,1,0,1,rare,0.0,0.3563374229270702,0.261093555952544,0.47206497880380627,0.0,0.7715538345074383,0.836259362157548,,,EXPLOIT
863,52,,,0,1,1,0,common,0.0,0.11518768434127297,0.45208387836844244,0.36500179046504627,0.0,0.7759668400316877,0.8401572138454881,,,EXPLOIT
864,52,,,0,1,1,1,common,1.0,0.3016356813432943,0.5838769913919604,0.34599195772852065,0.0,0.7801709196855929,0.8438374933125897,,,EXPLOIT
865,52,,,0,1,0,1,rare,1.0,0.7683806750974044,0.3665500973403699,0.4727085729391858,0.0,0.7841803693977518,0.8473177517782573,,,EXPLOIT
866,52,,,0,1,1,1,common,1.0,0.19606319287314133,0.24379238931848762,0.3897149589193724,0.0,0.7880082101697922,0.8506137023160387,,,EXPLOIT
867,52,,,0,1,1,1,common,0.0,0.8725589246324581,0.18161135257029198,0.534568148633298,0.0,0.7916663271066715,0.8537394543559094,,,EXPLOIT
868,52,,,0,0,1,1,rare,0.0,0.5671633010110978,0.37695618384070584,0.544346694346638,0.0,0.7807975235049719,0.8442062491977926,,,EXPLOIT
869,52,,,0,0,0,0,common,1.0,0.8434125914198176,0.36632620203579563,0.6340664634685919,0.0,0.7688594685786293,0.8334597725825308,,,EXPLOIT
870,52,,,0,0,0,0,common,1.0,0.5482181844228815,0.6461866985192536,0.6083119797548787,0.0,0.755686912919434,0.8212533267880172,,,EXPLOIT
871,52,,,0,0,1,1,rare,1.0,0.6313438543427864,0.6847143159397758,0.615221542131251,0.0,0.7410787064835913,0.8072684695194537,,,EXPLOIT
872,52,,,0,0,1,1,rare,1.0,0.41037350532281114,0.6124169082223292,0.553767131088719,0.0,0.7247874893178,0.7910868880702717,,,EXPLOIT
873,52,,,0,0,1,1,rare,0.0,0.7332572215401727,0.5380475615900817,0.6076141582241551,0.0,0.7065056133151224,0.7721479164967191,,,EXPLOIT
874,52,,,0,0,0,0,common,1.0,0.356341819874873,0.6927250003351242,0.5322324567193705,0.0,0.6858455831457746,0.7496823507307521,,,EXPLOIT
875,52,,,0,0,0,0,common,1.0,0.23162218291866743,0.6343985371853219,0.44204937457915955,0.0,0.6623123542571759,0.7226055521113232,,,EXPLOIT
876,52,,,0,0,0,1,common,0.0,0.5005525611866871,0.5561619773076769,0.4596003305614178,0.0,0.6733844243260326,0.7353744832578311,,,EXPLOIT
877,52,,,0,0,1,1,rare,0.0,0.47661719400111224,0.6931464248934753,0.4647053895933261,0.0,0.6836530540489089,0.7469082195233486,,,EXPLOIT
878,52,,,0,1,0,0,rare,1.0,0.15055441889713383,0.6308184459386967,0.37046009838446836,0.0,0.6932021681571089,0.7573772164645248,,,EXPLOIT
879,52,,,0,1,1,0,common,0.0,0.07487199482182744,0.4977149355718372,0.28178366731567606,0.0,0.7021043964098167,0.7669219456497934,,,EXPLOIT
880,52,,,0,1,0,0,rare,0.0,0.902139627716863,0.6702232819717263,0.4678904554360321,0.0,0.7104229119162566,0.7756592098721369,,,EXPLOIT
881,52,,,0,1,0,1,rare,1.0,0.6746408352286534,0.688459946103533,0.5299155693738185,0.0,0.7182129217393549,0.783686926750862,,,EXPLOIT
882,52,,,0,1,1,1,common,1.0,0.690198823899277,0.6194418910086055,0.578000545731456,0.0,0.6990934569454045,0.7634087949680831,,,EXPLOIT
883,52,,,0,1,0,1,rare,1.0,0.43851654289862474,0.48777158942316756,0.5361553448816065,0.0,0.6774253972882376,0.7392052356801254,,,EXPLOIT
884,52,,,0,1,1,1,common,0.0,0.55137076446547,0.3947353539158131,0.5407199707567656,0.0,0.6526641082886204,0.7098159242466784,,,EXPLOIT
885,52,,,0,1,1,1,common,1.0,0.6416090030974445,0.6299569056633596,0.5709866804589693,0.0,0.6240978696751824,0.6733763433012917,,,EXPLOIT
886,52,,,0,0,0,0,common,0.0,0.586390758015961,0.4969399532804339,0.5756079037260667,0.0,0.5907784785391104,0.6270064234745865,,,EXPLORE
887,52,,,0,0,0,1,common,0.0,0.7149642471158939,0.3914207008066223,0.6174148067430149,0.0,0.5514141314425153,0.5660101217960559,,,EXPLORE
888,52,,,0,0,1,0,rare,0.0,0.04866679663418784,0.3271452324304335,0.4467904037103667,0.0,0.5041982818289772,0.48217629907304455,,,EXPLORE
889,52,,,0,1,1,0,common,0.0,0.03163341781222209,0.2886885302814459,0.32224330794092326,0.0,0.5298025204070886,0.5287126182602991,,,EXPLOIT
890,52,,,0,0,1,1,rare,1.0,0.4170458520133389,0.4925939027312233,0.3506840711626479,0.0,0.5526724425415293,0.5672174346453548,,,EXPLOIT
891,52,,,0,0,1,1,rare,1.0,0.27107980380867025,0.6902647860780613,0.3268027909564546,0.0,0.5732228637890664,0.5996032601736454,,,EXPLOIT
892,52,,,0,0,1,1,rare,1.0,0.17620187247563568,0.639580931243229,0.2816225154122089,0.0,0.5917887317890503,0.6272200358211167,,,EXPLOIT
893,52,,,0,0,0,1,common,0.0,0.464726760625331,0.5390616521104478,0.3365537889761455,0.0,0.6086434655855799,0.6510478144442018,,,EXPLOIT
894,52,,,0,0,0,0,common,0.0,0.38115399271037465,0.6900398571150446,0.3499338500964142,0.0,0.6240124635243786,0.67181532708008,,,EXPLOIT
895,52,,,0,0,1,1,rare,1.0,0.11453121710916325,0.6597844221463858,0.2793130602002389,0.0,0.638083202223289,0.6900756897399319,,,EXPLOIT
896,52,,,0,0,0,0,common,1.0,0.7522499047382565,0.6705291056528963,0.42119411356164416,0.0,0.6510128897824985,0.7062562986723688,,,EXPLOIT
897,52,,,0,0,0,1,common,0.0,0.30207239440646516,0.5719340351638822,0.3854575978150904,0.0,0.6629343374553044,0.7206926289668638,,,EXPLOIT
898,52,,,0,1,1,1,common,1.0,0.0744452911209561,0.6927642504545146,0.2921539058068501,0.0,0.6739605155405665,0.7336516857835111,,,EXPLOIT
899,52,,,0,1,1,1,common,1.0,0.04838943922862149,0.6328711499021606,0.2190245658333815,0.0,0.6841881251055983,0.74534862458581,,,EXPLOIT
900,52,,,0,1,1,1,common,1.0,0.03145313549860396,0.5371560174805214,0.16275313673294825,0.0,0.6937004249548157,0.7559587542929299,,,EXPLOIT
901,52,,,0,1,1,1,common,0.0,0.9795554619259075,0.4651327829395574,0.407793834290836,0.0,0.702569488933033,0.7656263535240204,,,EXPLOIT
902,52,,,0,1,1,0,common,0.0,0.02056172157794436,0.67752792144141,0.29162420047696846,0.0,0.7108580231377861,0.7744712452693113,,,EXPLOIT
903,52,,,0,1,1,1,common,0.0,0.6367110502518398,0.6719810768824217,0.39515025540942983,0.0,0.7186208399921331,0.7825937678763961,,,EXPLOIT
904,52,,,0,0,1,1,rare,1.0,0.5861378173363041,0.5979733706519842,0.4524465239874921,0.0,0.7259060624646816,0.7900785808872506,,,EXPLOIT
905,52,,,0,1,1,0,common,0.0,0.013365119025663834,0.4369683469955249,0.32072210249894356,0.0,0.7327561143648081,0.7969976123630464,,,EXPLOIT
906,52,,,0,0,0,1,common,1.0,0.8036529436357976,0.36604432819556365,0.46560135483999976,0.0,0.7392085397747938,0.8034123654482492,,,EXPLOIT
907,52,,,0,0,1,1,rare,0.0,0.6190104187314023,0.2710439116081004,0.5116240740074205,0.0,0.7452966850511674,0.8093757410125061,,,EXPLOIT
908,52,,,0,0,1,1,rare,1.0,0.5976432278245885,0.4965478705248704,0.5374298201525709,0.0,0.7295012831045015,0.7935361457408676,,,EXPLOIT
909,52,,,0,0,0,0,common,1.0,0.4889624380798667,0.3445605889546801,0.5228896055307596,0.0,0.7118077928019112,0.7750295478974095,,,EXPLOIT
910,52,,,0,0,1,1,rare,1.0,0.3884680980859826,0.25933533610168474,0.48256315329732646,0.0,0.6918532840205118,0.7531216472483879,,,EXPLOIT
911,52,,,0,0,0,0,common,1.0,0.31782558475191336,0.21244901496473595,0.43314188273370247,0.0,0.7008455883419479,0.7630372251967977,,,EXPLOIT
912,52,,,0,0,0,0,common,0.0,0.7934133699112563,0.1856672137444199,0.5412233288869686,0.0,0.7092455070191405,0.7720990638591093,,,EXPLOIT
913,52,,,0,0,0,0,common,1.0,0.48428130955768345,0.4164097466081905,0.5241407230881829,0.0,0.6889516708746862,0.7496239782293344,,,EXPLOIT
914,52,,,0,1,1,0,common,1.0,0.9913126726333185,0.29870018335662374,0.6642923079517236,0.0,0.6658630830597473,0.7225345835637883,,,EXPLOIT
915,52,,,0,1,0,0,rare,1.0,0.3147828512124943,0.5524745226182054,0.5594394709299547,0.0,0.6393611730982487,0.6892491613818235,,,EXPLOIT
916,52,,,0,0,0,1,common,0.0,0.4776255866367315,0.6759741279530765,0.5348953056419877,0.0,0.6086302840415174,0.6473698156048677,,,EXPLOIT
917,52,,,0,0,0,0,common,1.0,0.20460885328812128,0.6422528890235467,0.43580936993582775,0.0,0.572572385304922,0.5930780607466701,,,EXPLORE
918,52,,,0,1,1,1,common,1.0,0.25250426375588875,0.6924237732078429,0.380817838081846,0.0,0.5911996159593176,0.6216276215796727,,,EXPLOIT
919,52,,,0,1,1,1,common,1.0,0.16412777144132773,0.6709875835570163,0.31581081808969047,0.0,0.6081074477969162,0.6462018070379442,,,EXPLOIT
920,52,,,0,1,1,1,common,1.0,0.10668305143686307,0.6271542919269599,0.25307248809384225,0.0,0.6235226993175195,0.667575886537715,,,EXPLOIT
921,52,,,0,1,0,0,rare,0.0,0.8670042453627211,0.58919423621052,0.4372520152745059,0.0,0.6376339748567337,0.6863358459476964,,,EXPLOIT
922,52,,,0,1,1,1,common,1.0,0.06934398343396098,0.6821629350491447,0.3268796057223424,0.0,0.6505993871906646,0.7029328318831839,,,EXPLOIT
923,52,,,0,1,1,1,common,1.0,0.04507358923207461,0.6833382420671011,0.24233780077526207,0.0,0.6625524801225909,0.7177198262312666,,,EXPLOIT
924,52,,,0,1,1,1,common,1.0,0.02929783300084854,0.6417842781993253,0.178425810442938,0.0,0.6736068222295474,0.7309769682264646,,,EXPLOIT
925,52,,,0,1,1,1,common,1.0,0.019043591450551567,0.6007205411417277,0.13061114474522206,0.0,0.6838596070713078,0.742929422729927,,,EXPLOIT
926,52,,,0,1,0,0,rare,1.0,0.4364472405142312,0.569758382543669,0.2223619734759248,0.0,0.6933945018359459,0.7537602347819513,,,EXPLOIT
927,52,,,0,1,0,0,rare,1.0,0.2836907063342503,0.5483241432868793,0.24076059333342242,0.0,0.7022839213094284,0.7636197383912162,,,EXPLOIT
928,52,,,0,1,0,0,rare,1.0,0.18439895911726267,0.5339733917598288,0.2238521030685745,0.0,0.7105908580248624,0.7726325510838407,,,EXPLOIT
929,52,,,0,1,1,1,common,1.0,0.012378334442858518,0.5245044119005614,0.1604099724808597,0.0,0.7183703664669562,0.7809028472984788,,,EXPLOIT
930,52,,,0,1,1,1,common,1.0,0.008045917387857981,0.5182995654306104,0.11470075595295917,0.0,0.7256707752927067,0.7885183852745868,,,EXPLOIT
931,52,,,0,1,0,0,rare,1.0,0.11985932342622074,0.5142478535883217,0.11624832619493763,0.0,0.7325346839935407,0.7955536181571076,,,EXPLOIT
932,52,,,0,1,0,1,rare,0.0,0.31045663131387546,0.5116070925117588,0.174510817730619,0.0,0.7389997874310766,0.8020721234201543,,,EXPLOIT
933,52,,,0,1,0,0,rare,1.0,0.07790856022704351,0.6927470072909265,0.14553014047954632,0.0,0.7450995619573457,0.8081285187289282,,,EXPLOIT
934,52,,,0,1,1,1,common,1.0,0.005229846302107655,0.6696796118340487,0.10344005222631472,0.0,0.7508638394902543,0.8137699865862642,,,EXPLOIT
935,52,,,0,1,1,1,common,0.0,0.99660059990363,0.6257992057433333,0.3713882165295093,0.0,0.7563192903253304,0.8190374978960082,,,EXPLOIT
936,52,,,0,1,1,1,common,1.0,0.3522096100626404,0.6705010205118571,0.3656346345894486,0.0,0.7614898311736175,0.8239668015995457,,,EXPLOIT
937,52,,,0,1,1,0,common,1.0,0.644353237211657,0.688397047989898,0.4492502153761111,0.0,0.7663969715961632,0.8285892309514002,,,EXPLOIT
938,52,,,0,0,1,0,rare,1.0,0.4188296041875771,0.649781122896746,0.44012403201955086,0.0,0.7710601094194258,0.832932364882145,,,EXPLOIT
939,52,,,0,0,0,1,common,1.0,0.7982031896459809,0.6911347247022506,0.5475477793074799,0.0,0.7754967836873873,0.8370205739510567,,,EXPLOIT
940,52,,,0,1,1,1,common,1.0,0.22893624654071631,0.6890278328385517,0.4519643194774508,0.0,0.7630183712037927,0.8253087859821289,,,EXPLOIT
941,52,,,0,1,1,0,common,0.0,0.7277607572780749,0.6922959282099841,0.534703250817638,0.0,0.7678488815424778,0.8298492841971192,,,EXPLOIT
942,52,,,0,1,1,1,common,1.0,0.1488085602514656,0.5525795453973781,0.4189348436477863,0.0,0.7545689218971445,0.817130185617738,,,EXPLOIT
943,52,,,0,1,0,0,rare,0.0,0.9493594358524218,0.6575051954702285,0.578062221309177,0.0,0.7598300935122957,0.8221807261750591,,,EXPLOIT
944,52,,,0,0,0,0,common,0.0,0.6170836333040741,0.46326224788590176,0.589768644907646,0.0,0.7456817911400959,0.8083355069007391,,,EXPLOIT
945,52,,,0,1,1,1,common,0.0,0.9032744358365473,0.677770097510596,0.6838203821863164,0.0,0.7299312579580995,0.7923275827220638,,,EXPLOIT
946,52,,,0,1,1,1,common,1.0,0.4128716167062443,0.5803826974119648,0.6025357525422947,0.0,0.712290934476892,0.7736083072661352,,,EXPLOIT
947,52,,,0,1,1,1,common,0.0,0.7316334491409412,0.6929898165942233,0.6412650615218887,0.0,0.6924000704041224,0.7514263142922961,,,EXPLOIT
948,52,,,0,1,1,1,common,1.0,0.5244382580583882,0.6186850807233357,0.6062170204828384,0.0,0.6697998561773401,0.7247243597178012,,,EXPLOIT
949,52,,,0,1,1,1,common,0.0,0.6591151322620477,0.6919268778115938,0.6220864540166011,0.0,0.6438976755721459,0.691966033475234,,,EXPLOIT
950,52,,,0,0,0,0,common,1.0,0.5988956383523518,0.6330732807312829,0.6151292093173263,0.0,0.6139144904767788,0.6508296105629061,,,EXPLORE
951,52,,,0,1,0,0,rare,0.0,0.6107178350709713,0.5115779030679055,0.6138057970434198,0.0,0.5788052793908622,0.5976327877743014,,,EXPLORE
952,52,,,0,1,0,1,rare,1.0,0.5188320732698877,0.3941702068734506,0.5853136799113601,0.0,0.5371349268807537,0.526164945797242,,,EXPLORE
953,52,,,0,1,0,1,rare,0.0,0.6627591523745731,0.6176021920464593,0.608547321650324,0.0,0.48687746676396126,0.4250675127306851,,,EXPLORE
954,52,,,0,0,0,1,common,1.0,0.5692065509565275,0.4700366521620117,0.596745090442185,0.0,0.4250771198765041,0.2711058460891713,,,EXPLORE
955,52,,,0,0,0,1,common,0.0,0.6300157418782572,0.38107160347104063,0.6067262858730067,0.0,0.34724573890300847,0.09090909090909093,,,EXPLORE
956,52,,,0,1,1,0,common,0.0,0.4730444922307487,0.6211779304527456,0.5666217477803293,0.0,0.24622190373064956,0.09090909090909093,,,EXPLORE
957,52,,,0,0,1,0,rare,0.0,0.30747891994998666,0.5299286025538683,0.4888788994312265,0.0,0.1098323389947055,0.09090909090909093,,,EXPLORE
958,52,,,0,1,1,1,common,0.0,0.428424835970331,0.6614049922537786,0.4707426803929578,0.0,0.1949442759640651,0.23017705927636645,,,EXPLORE
959,52,,,0,0,1,0,rare,1.0,0.8001387020325087,0.6167751794140248,0.5695614868848231,0.0,0.26455908609120177,0.33155527035247095,,,EXPLORE
960,52,,,0,1,1,0,common,0.0,0.47990984367886935,0.4230864803453076,0.5426659939230369,0.0,0.13504630536774279,0.11586571025734585,,,EXPLORE
961,52,,,0,1,1,0,common,1.0,0.6880586016087349,0.38040659579941116,0.5862837762287463,0.0,0.09090909090909093,0.09090909090909093,,,EXPLORE
962,52,,,0,0,0,0,common,0.0,0.39696659279613133,0.6420818354035095,0.5294886211989618,0.0,0.09090909090909093,0.09090909090909093,,,EXPLORE
963,52,,,0,0,0,1,common,0.0,0.40951023222086713,0.6904809668036777,0.49349510450553336,0.0,0.09090909090909093,0.09090909090909093,,,EXPLORE
964,52,,,0,0,0,0,common,1.0,0.7419717146825147,0.6403552590608661,0.5680380875586277,0.0,0.17965545529122232,0.23017705927636645,,,EXPLORE
965,52,,,0,0,1,0,rare,0.0,0.5527619089543223,0.6741978756604348,0.5634552339773361,0.0,0.09090909090909093,0.09090909090909093,,,EXPLORE
966,52,,,0,0,0,0,common,1.0,0.4822816145436346,0.6807205589449875,0.5391031481472256,0.0,0.09090909090909093,0.09090909090909093,,,EXPLORE
967,52,,,0,1,0,0,rare,1.0,0.3134830494533625,0.6471737579813903,0.47141711853906665,0.0,0.09090909090909093,0.09090909090909093,,,EXPLORE
968,52,,,0,0,0,0,common,1.0,0.2037639821446856,0.6878589069200598,0.39112117762075227,0.0,0.17965545529122232,0.23017705927636645,,,EXPLORE
969,52,,,0,1,1,0,common,0.0,0.3592952408203095,0.6731895477728774,0.3815733965806194,0.0,0.25195053896963665,0.33155527035247095,,,EXPLORE
970,52,,,0,0,0,0,common,1.0,0.13244658839404566,0.5268463953954331,0.30683535412464724,0.0,0.31197800201026266,0.40865139461585376,,,EXPLORE
971,52,,,0,1,1,1,common,1.0,0.7215238566192849,0.4387487884629171,0.4312419048730385,0.0,0.3626137856372424,0.46925370836719743,,,EXPLORE
972,52,,,0,0,1,1,rare,1.0,0.4689905068025352,0.6151693285381417,0.4425664854518875,0.0,0.4059000327452924,0.5181414926281387,,,EXPLORE
973,52,,,0,1,1,1,common,0.0,0.6951561705783521,0.5660448450049305,0.5183433909898268,0.0,0.4433268371345312,0.5584101936095955,,,EXPLORE
974,52,,,0,0,1,1,rare,1.0,0.5481484891240711,0.3791242433394667,0.5272849204301001,0.0,0.37044452077678974,0.47143071844741774,,,EXPLORE
975,52,,,0,0,1,1,rare,1.0,0.3562965179306462,0.34414381079087525,0.4759883996802639,0.0,0.27669264685122463,0.3433928097630087,,,EXPLORE
976,52,,,0,1,1,1,common,1.0,0.23159273665492008,0.32232357167168674,0.40266970077266073,0.0,0.3327607330352532,0.4178433713959345,,,EXPLORE
977,52,,,0,1,0,0,rare,0.0,0.9139097175438703,0.504781673437556,0.5560417058040236,0.0,0.3803159700610713,0.47659688476631257,,,EXPLOIT
978,52,,,0,1,1,1,common,0.0,0.8494647211743019,0.321091530642315,0.644068610415107,0.0,0.2895650315699841,0.35126755671435156,,,EXPLORE
979,52,,,0,0,0,1,common,1.0,0.7338183490564364,0.22402350564928544,0.6709935320075058,0.0,0.16909877507629098,0.14969808364656592,,,EXPLORE
980,52,,,0,1,1,1,common,0.0,0.5521520687632963,0.21335045469492186,0.6353410930342429,0.0,0.09090909090909093,0.09090909090909093,,,EXPLORE
981,52,,,0,1,1,1,common,1.0,0.6411011553038575,0.16517650126918493,0.6370691117151273,0.0,0.09090909090909093,0.09090909090909093,,,EXPLORE
982,52,,,0,0,0,0,common,1.0,0.40595868359648435,0.3581052336522409,0.5677359832795343,0.0,0.09090909090909093,0.09090909090909093,,,EXPLORE
983,52,,,0,0,1,1,rare,1.0,0.41671575094750735,0.348598631802563,0.5224299135799262,0.0,0.09090909090909093,0.09090909090909093,,,EXPLORE
984,52,,,0,0,0,0,common,1.0,0.2638731443377148,0.34248815385458553,0.4448628828072627,0.0,0.09090909090909093,0.09090909090909093,,,EXPLORE
985,52,,,0,1,1,1,common,1.0,0.2708652381158798,0.33854646100736874,0.3926635893998478,0.0,0.17965545529122232,0.23017705927636645,,,EXPLORE
986,52,,,0,1,0,0,rare,0.0,0.8284824561804853,0.5036124554209556,0.523409249434039,0.0,0.25195053896963665,0.33155527035247095,,,EXPLORE
987,52,,,0,0,1,1,rare,1.0,0.17606240477532187,0.3091359556858679,0.41920519603642387,0.0,0.117731574948835,0.11586571025734585,,,EXPLORE
988,52,,,0,1,1,1,common,1.0,0.11444056310395923,0.3067164201380927,0.3277758061566845,0.0,0.20134651763173989,0.24797294925007637,,,EXPLORE
989,52,,,0,0,0,0,common,1.0,0.46148640348268444,0.47921607525143206,0.36788898535448444,0.0,0.26985256608828223,0.3448817607084164,,,EXPLOIT
990,52,,,0,0,0,0,common,1.0,0.29996616226374484,0.47738022500585287,0.3475121384272626,0.0,0.3270029173428919,0.41900242740819416,,,EXPLORE
991,52,,,0,1,1,1,common,1.0,0.07438636601757354,0.4761865988620066,0.26557440670435584,0.0,0.3754027234234347,0.47752462754236397,,,EXPLORE
992,52,,,0,0,0,0,common,0.0,0.8050219945285658,0.5883943485265901,0.42740868305161883,0.0,0.4169168696970501,0.5249013802859563,,,EXPLOIT
993,52,,,0,0,0,0,common,1.0,0.47673570355643213,0.6707325487434628,0.4422067892030628,0.0,0.4529154730353734,0.5640379987336683,,,EXPLORE
994,52,,,0,0,0,0,common,1.0,0.3098782073116809,0.6926361332260527,0.4025082146356482,0.0,0.48442775810588756,0.5969107420657045,,,EXPLORE
995,52,,,0,0,0,0,common,1.0,0.20142083475259265,0.6750566213766811,0.34218200067073146,0.0,0.5122418687153475,0.6249106881457865,,,EXPLORE
996,52,,,0,1,1,1,common,0.0,0.9516488620885772,0.6511998440923463,0.5250220590960851,0.0,0.5369715501052006,0.6490453992711813,,,EXPLOIT
997,52,,,0,1,1,1,common,1.0,0.3814282396424248,0.44160465767699975,0.481943913259987,0.0,0.48667868624890476,0.5952855100976632,,,EXPLORE
998,52,,,0,0,0,0,common,0.0,0.8690764574108147,0.594366619668267,0.5980836765052353,0.0,0.5142368877880074,0.6235179176001853,,,EXPLOIT
999,52,,,0,1,0,0,rare,1.0,0.4351003026829704,0.6798944286637931,0.5491886643585558,0.0,0.45888336645640715,0.5613279368264842,,,EXPLORE
1000,52,,,0,0,1,1,rare,1.0,0.2479283557675761,0.6206660619857867,0.45881057178126194,0.0,0.3900765887737295,0.47556421409583016,,,EXPLORE
1001,52,,,0,1,1,1,common,1.0,0.16115343124892445,0.6875046162069858,0.3695134296215607,0.0,0.4295996535673157,0.523297188804594,,,EXPLORE
1002,52,,,0,1,0,0,rare,1.0,0.28281519674393074,0.6611691176245539,0.3435039597582717,0.0,0.46398604495163626,0.5627011357274389,,,EXPLORE
1003,52,,,0,0,1,1,rare,0.0,0.8952502696881991,0.6339277032908737,0.5090278527372498,0.0,0.49417462120444616,0.595779606759785,,,EXPLORE
1004,52,,,0,0,0,0,common,0.0,0.816170122116445,0.42280433310975996,0.6011705335510084,0.0,0.4341321857820112,0.5236187365498524,,,EXPLORE
1005,52,,,0,0,1,1,rare,0.0,0.5819126752973294,0.2864469457098767,0.5953931760749046,0.0,0.3587791970558827,0.42135234458260723,,,EXPLORE
1006,52,,,0,0,1,0,rare,0.0,0.23354190653320117,0.21461727817962606,0.48683779521239356,0.0,0.2614093494520408,0.2651844319327181,,,EXPLORE
1007,52,,,0,1,1,1,common,0.0,0.3782432389432641,0.1758954031848173,0.45425942833165467,0.0,0.3199086229228411,0.35785341996976544,,,EXPLORE
1008,52,,,0,1,0,0,rare,0.0,0.5305105793756892,0.3992840208454838,0.477134773644865,0.0,0.36935841462061014,0.42912732033751255,,,EXPLORE
1009,52,,,0,0,1,1,rare,0.0,0.2458581053131217,0.5794385951869951,0.407751773145342,0.0,0.4117058325798748,0.4856461946648758,,,EXPLORE
1010,52,,,0,0,0,1,common,1.0,0.4769819268866837,0.5417211289571289,0.4285208192677445,0.0,0.44837677471345133,0.5315600117893045,,,EXPLORE
1011,52,,,0,0,0,1,common,1.0,0.3100382524763444,0.6922602001194424,0.3929760492303244,0.0,0.48043938956490745,0.5695958577447662,,,EXPLORE
1012,52,,,0,1,1,1,common,0.0,0.15980776845352912,0.5981338774059226,0.3230255649972858,0.0,0.5087096508548122,0.6016196132905957,,,EXPLORE
1013,52,,,0,0,0,1,common,1.0,0.2015248641096239,0.48515876720118434,0.2865753547309872,0.0,0.5338216286675489,0.6289510359083033,,,EXPLOIT
1014,52,,,0,1,1,0,common,1.0,0.8481977607534192,0.3661615058903306,0.4550620765377168,0.0,0.556275502934018,0.652549941988902,,,EXPLOIT
1015,52,,,0,0,0,1,common,1.0,0.13099116167125557,0.5927353722067153,0.3578408020777784,0.0,0.5764711316821821,0.6731310838423364,,,EXPLORE
1016,52,,,0,0,1,0,rare,0.0,0.4486714555102775,0.5199830652907507,0.3850899981075281,0.0,0.5947320022437852,0.6912376702412463,,,EXPLOIT
1017,52,,,0,0,0,0,common,0.0,0.344831876594198,0.6911624937770502,0.37301256165352903,0.0,0.611322633338,0.7072899173006594,,,EXPLOIT
1018,52,,,0,0,0,0,common,1.0,0.7758592802137713,0.6451438787189556,0.49386657722160165,0.0,0.626461426197563,0.7216179934676931,,,EXPLOIT
1019,52,,,0,1,1,0,common,0.0,0.2916364460816804,0.6841234705566991,0.4331975378796253,0.0,0.6403302952614163,0.7344849133445641,,,EXPLOIT
1020,52,,,0,1,1,0,common,1.0,0.8104363100469077,0.5847290518168569,0.5463691695298101,0.0,0.6530819822167802,0.7461027848216096,,,EXPLOIT
1021,52,,,0,1,1,0,common,1.0,0.5267836015304901,0.6927923226873554,0.5404934991300141,0.0,0.6245823692523313,0.7182476093395116,,,EXPLORE
1022,52,,,0,0,1,0,rare,1.0,0.34240934099481857,0.6562456106635706,0.4810682516894554,0.0,0.5913468763989305,0.6839167532221468,,,EXPLORE
1023,52,,,0,1,1,0,common,1.0,0.2225660716466321,0.6929972222605929,0.4035175976766084,0.0,0.6082414280170821,0.7007857018759232,,,EXPLOIT
1024,52,,,0,1,0,0,rare,0.0,0.4956914678610487,0.6772146965357506,0.4311697587319404,0.0,0.6236451120861723,0.7158013388769948,,,EXPLOIT
1025,52,,,0,1,0,1,rare,1.0,0.08514425508631618,0.6218987105860628,0.3273621076382531,0.0,0.6377462505950974,0.72925253815204,,,EXPLOIT
1026,52,,,0,1,1,0,common,1.0,0.1446679465703109,0.6911363991301647,0.2725538593178704,0.0,0.6507027298437642,0.7413711038032906,,,EXPLOIT
1027,52,,,0,0,1,0,rare,1.0,0.09403416527070207,0.6820305103187656,0.2189979511037199,0.0,0.6626479102696222,0.7523452001831562,,,EXPLOIT
1028,52,,,0,0,0,0,common,0.0,0.32219945410968165,0.6922966373031276,0.2499584020055084,0.0,0.6736952107090365,0.7623291598912498,,,EXPLOIT
1029,52,,,0,0,1,0,rare,1.0,0.06112220742595631,0.5684158655927442,0.19330754363164276,0.0,0.6839417014694678,0.7714507603513987,,,EXPLOIT
1030,52,,,0,0,0,1,common,1.0,0.05534376580610556,0.6718408659612198,0.1519184102839816,0.0,0.6934709475449041,0.7798166997774997,,,EXPLOIT
1031,52,,,0,1,1,0,common,0.0,0.9602705651731284,0.6931424013290639,0.3944240567507256,0.0,0.7023552784110155,0.7875167717663891,,,EXPLOIT
1032,52,,,0,1,1,0,common,1.0,0.3758241326374665,0.5560936816931703,0.3888440795167479,0.0,0.7106576149344351,0.7946270855898661,,,EXPLOIT
1033,52,,,0,1,0,1,rare,1.0,0.0359734477739686,0.6675564713586699,0.2829828899939141,0.0,0.7184329510400873,0.8012125773541476,,,EXPLOIT
1034,52,,,0,1,1,0,common,1.0,0.2442856862143532,0.693082982856374,0.2713737288600458,0.0,0.7257295639285783,0.8073289877595315,,,EXPLOIT
1035,52,,,0,1,1,0,common,1.0,0.15878569603932957,0.6847323912756376,0.2375973190138309,0.0,0.7325900091442625,0.813024434124485,,,EXPLOIT
1036,52,,,0,1,1,0,common,1.0,0.10321070242556418,0.6690305646233206,0.19728133403735088,0.0,0.7390519438333316,0.8183406705726239,,,EXPLOIT
1037,52,,,0,1,1,0,common,0.0,0.9329130434233833,0.6548715686841533,0.41797084685316055,0.0,0.7451488118329749,0.8233141062407437,,,EXPLOIT
1038,52,,,0,1,1,0,common,1.0,0.3936065217748008,0.6261894510764561,0.4106615493296526,0.0,0.7509104169094546,0.8279766340353155,,,EXPLOIT
1039,52,,,0,0,0,1,common,1.0,0.02338274105307958,0.6872765911150598,0.2944779068466807,0.0,0.7563634048856533,0.8323563098255466,,,EXPLOIT
1040,52,,,0,0,0,1,common,1.0,0.015198781684501728,0.6637064070424179,0.21069416929802698,0.0,0.761531671116745,0.836477912643374,,,EXPLOIT
1041,52,,,0,0,0,1,common,1.0,0.00987920809492615,0.639796368693232,0.1504496809370967,0.0,0.7664367064602046,0.840363409522215,,,EXPLOIT
1042,52,,,0,0,0,1,common,0.0,0.993578514738298,0.6211828254061199,0.4033883310774571,0.0,0.7710978923055316,0.844032343390568,,,EXPLOIT
1043,52,,,0,0,0,1,common,0.0,0.6458260345798936,0.6584210809445241,0.476119642128188,0.0,0.7755327532045578,0.8475021584811154,,,EXPLOIT
1044,52,,,0,0,0,1,common,1.0,0.5802130775230692,0.4979440630952223,0.5073476727466524,0.0,0.779757174044923,0.8507884746912854,,,EXPLOIT
1045,52,,,0,0,0,1,common,1.0,0.37713850038999497,0.6558290007214205,0.46828492103965513,0.0,0.7677140445936704,0.8408878765334783,,,EXPLOIT
1046,52,,,0,1,0,1,rare,1.0,0.24514002525349676,0.6931330239212088,0.4013414523038076,0.0,0.7723126849593199,0.844528026720373,,,EXPLOIT
1047,52,,,0,1,0,1,rare,0.0,0.8406589835852271,0.6770308115787551,0.5331367116882334,0.0,0.7766894272467376,0.8479713412038118,,,EXPLOIT
1048,52,,,0,1,1,1,common,0.0,0.10387504949479393,0.6174695277794731,0.40435821303020153,0.0,0.764333675436907,0.8377131867775035,,,EXPLOIT
1049,52,,,0,1,1,0,common,1.0,0.25584423915362053,0.4591234705109123,0.3598040208672272,0.0,0.7690986983627143,0.8415292002078701,,,EXPLOIT
1050,52,,,0,1,1,0,common,1.0,0.1662987554498534,0.6406070200846017,0.301752441242015,0.0,0.7736299852526272,0.8451342984257832,,,EXPLOIT
1051,52,,,0,1,1,1,common,0.0,0.06751878217161605,0.6923887640929207,0.2314823435208953,0.0,0.7779441097202868,0.8485453298125165,,,EXPLOIT
1052,52,,,0,1,1,0,common,1.0,0.1080941910424047,0.5629628326113401,0.19446589777734813,0.0,0.7820561149157859,0.8517773949716028,,,EXPLOIT
1053,52,,,0,1,1,0,common,1.0,0.07026122417756309,0.6774637534677536,0.1572044956974126,0.0,0.7859796862056296,0.8548440676382812,,,EXPLOIT
1054,52,,,0,1,1,0,common,1.0,0.04566979571541596,0.6912590959383839,0.1237440857028136,0.0,0.7897273009887384,0.8577575829089601,,,EXPLOIT
1055,52,,,0,1,1,0,common,0.0,0.9703146327849796,0.6700370397038868,0.3777152498274634,0.0,0.7933103591041292,0.860528998295198,,,EXPLOIT
1056,52,,,0,1,1,0,common,1.0,0.36929548868976325,0.6254926162399461,0.37518932148615336,0.0,0.7967392967016332,0.8631683320719981,,,EXPLOIT
1057,52,,,0,0,0,0,common,1.0,0.7905703548287069,0.6906927245812711,0.4998036314889194,0.0,0.8000236859715654,0.865684682569279,,,EXPLOIT
1058,52,,,0,0,0,1,common,0.0,0.5464283393303976,0.6633872632344164,0.5137910438413629,0.0,0.8031723227405961,0.8680863314002806,,,EXPLOIT
1059,52,,,0,0,0,0,common,0.0,0.4861292693613405,0.6394608892463849,0.5054925114973562,0.0,0.7933790564296332,0.860235806859246,,,EXPLOIT
1060,52,,,0,1,0,0,rare,0.0,0.31598402508487133,0.4898418555974075,0.4486399655736107,0.0,0.7826740176966852,0.8514857216781929,,,EXPLOIT
1061,52,,,0,1,0,1,rare,0.0,0.35517842056475846,0.6697323430512233,0.420601502070955,0.0,0.7865696294328071,0.8545671526226514,,,EXPLOIT
1062,52,,,0,1,0,0,rare,0.0,0.2053896163051664,0.6877011760310094,0.3560379363412184,0.0,0.7902911124822684,0.8574943467041908,,,EXPLOIT
1063,52,,,0,0,0,1,common,0.0,0.23086597336709302,0.6458876752778524,0.31848634744898074,0.0,0.7938497108054217,0.8602784641816772,,,EXPLOIT
1064,52,,,0,0,1,0,rare,1.0,0.24004206764834612,0.6908389778028933,0.29495306350879036,0.0,0.7972557209436596,0.8629296141369261,,,EXPLOIT
1065,52,,,0,0,0,1,common,1.0,0.8499371173113895,0.5378531531603555,0.46144827964957014,0.0,0.8005185897529279,0.8654569753934418,,,EXPLOIT
1066,52,,,0,0,0,1,common,1.0,0.5524591262524032,0.38310515556016883,0.48875153363042,0.0,0.8036470002834238,0.8678689011191176,,,EXPLOIT
1067,52,,,0,0,1,0,rare,1.0,0.15602734397142504,0.2915887156790131,0.3889342767327215,0.0,0.8066489474495818,0.8701730096249248,,,EXPLOIT
1068,52,,,0,0,0,1,common,1.0,0.3590984320640621,0.24014906809915088,0.37998352333212365,0.0,0.8095318048788965,0.8723762634391213,,,EXPLOIT
1069,52,,,0,0,0,1,common,0.0,0.7665860191583596,0.21046293506930752,0.4959642720799944,0.0,0.812302384116425,0.8744850383860303,,,EXPLOIT
1070,52,,,0,0,0,1,common,1.0,0.5017190875470663,0.455767122017928,0.4976907167201159,0.0,0.8149669871857315,0.8765051841130317,,,EXPLOIT
1071,52,,,0,0,1,0,rare,0.0,0.8985822264185738,0.3329857938679119,0.6179581696296532,0.0,0.8175314533600538,0.8784420772759373,,,EXPLOIT
1072,52,,,0,0,0,1,common,1.0,0.3261174069055931,0.5560541569307451,0.5304059408124352,0.0,0.8089996543632332,0.8717005475259118,,,EXPLOIT
1073,52,,,0,0,0,1,common,1.0,0.21197631448863552,0.39515990613971286,0.43487705291529527,0.0,0.7997291013109288,0.8642470582754119,,,EXPLOIT
1074,52,,,0,0,1,1,rare,0.0,0.04388720841155044,0.29836781542481544,0.3175800995641718,0.0,0.802889806010865,0.8667139325085984,,,EXPLOIT
1075,52,,,0,0,0,1,common,1.0,0.1377846044176131,0.5314384352546362,0.2636414510202042,0.0,0.8059221415884146,0.8690693840019454,,,EXPLOIT
1076,52,,,0,0,1,0,rare,1.0,0.415921552827927,0.37896357807230585,0.30932548156252104,0.0,0.8088336286683845,0.8713206838870403,,,EXPLOIT
1077,52,,,0,1,0,1,rare,0.0,0.9104400071285514,0.2892638620094574,0.48965983923233014,0.0,0.8116312118876847,0.8734744842651676,,,EXPLOIT
1078,52,,,0,1,1,1,common,0.0,0.028526685467507785,0.24180930948715307,0.3513198931028834,0.0,0.8143213140054202,0.8755368827142641,,,EXPLOIT
1079,52,,,0,0,1,0,rare,1.0,0.27034900933815253,0.21415871943034462,0.32702862797346416,0.0,0.816909884025531,0.8775134788940936,,,EXPLOIT
1080,52,,,0,0,0,1,common,0.0,0.5917860046335585,0.1741709935266068,0.40645584097149245,0.0,0.8194024400909397,0.8794094243562952,,,EXPLOIT
1081,52,,,0,0,0,1,common,0.0,0.384660903011813,0.38283115714888616,0.3999173595835886,0.0,0.8218041078001653,0.8812294664923108,,,EXPLOIT
1082,52,,,0,0,1,0,rare,1.0,0.1757268560697991,0.5556519532266972,0.3326602085294517,0.0,0.8241196545063639,0.8829779874085979,,,EXPLOIT
1083,52,,,0,0,0,0,common,0.0,0.13350325059835816,0.3612477234229874,0.2729131211501236,0.0,0.8263535200818116,0.884659038399346,,,EXPLOIT
1084,52,,,0,0,0,0,common,1.0,0.9132228871110672,0.541663374268727,0.4650060509384067,0.0,0.8285098445656024,0.8862763705875822,,,EXPLOIT
1085,52,,,0,0,0,0,common,0.0,0.4064051233778063,0.3523001450545332,0.4474257726702266,0.0,0.8305924930568376,0.8878334622224906,,,EXPLOIT
1086,52,,,0,0,0,1,common,1.0,0.7499704130423215,0.5356654047515974,0.5381891647818551,0.0,0.8326050781682403,0.8893335430510552,,,EXPLOIT
1087,52,,,0,0,1,0,rare,1.0,0.11422245644536944,0.34855279490054103,0.41099915228090933,0.0,0.8253018143780153,0.8836641161856987,,,EXPLOIT
1088,52,,,0,0,0,1,common,1.0,0.4874807684775091,0.24527157645402353,0.43394363713988926,0.0,0.8274944912114996,0.885319024091307,,,EXPLOIT
1089,52,,,0,1,1,0,common,1.0,0.07424459668949013,0.19106927302040771,0.3260339250047695,0.0,0.8296116880102844,0.886911647912505,,,EXPLOIT
1090,52,,,0,1,1,0,common,0.0,0.9517410121518314,0.4272628886116444,0.513746051148888,0.0,0.831657134722034,0.888445362858323,,,EXPLOIT
1091,52,,,0,0,1,0,rare,1.0,0.38136834210130965,0.30911784412507204,0.47403273843461446,0.0,0.8242794834605899,0.8826920997706514,,,EXPLOIT
1092,52,,,0,0,1,0,rare,1.0,0.24788942236585132,0.2660677753390783,0.4061897436139855,0.0,0.8265077600437176,0.8843840990614338,,,EXPLOIT
1093,52,,,0,0,0,1,common,0.0,0.6831375004896191,0.24039502771987048,0.4892740706766756,0.0,0.8286587762578007,0.8860117755823682,,,EXPLOIT
1094,52,,,0,0,1,0,rare,0.0,0.8388718754621967,0.5048661148012925,0.5941534121123319,0.0,0.8307363787256016,0.8875786511812622,,,EXPLOIT
1095,52,,,0,1,1,1,common,1.0,0.98145765444612,0.6603738846993346,0.7103446848124683,0.0,0.8232861053697202,0.881742965470793,,,EXPLOIT
1096,52,,,0,1,0,1,rare,1.0,0.5559606246817476,0.6614217578524069,0.664029466773252,0.0,0.8152348455171732,0.8753365136329802,,,EXPLOIT
1097,52,,,0,1,1,0,common,0.0,0.5452667190504279,0.5446193246406763,0.6284006424564048,0.0,0.8065072831205262,0.868271628608157,,,EXPLOIT
1098,52,,,0,1,0,1,rare,1.0,0.36137440604313587,0.687157534592655,0.5482927715324241,0.0,0.7970149690367756,0.8604417211438036,,,EXPLOIT
1099,52,,,0,1,1,1,common,0.0,0.362052524610022,0.5835455487948267,0.49242069745570344,0.0,0.7866533279586201,0.851715883341307,,,EXPLOIT
1100,52,,,0,1,0,0,rare,0.0,0.26416333019557414,0.691996508651997,0.4239434872776646,0.0,0.7903711104367539,0.8547856656498175,,,EXPLOIT
1101,52,,,0,1,1,0,common,1.0,0.6455766326172219,0.6643396921210081,0.4904334308795318,0.0,0.7939262445109324,0.8577020633155312,,,EXPLOIT
1102,52,,,0,1,0,1,rare,0.0,0.7651066360719617,0.6587594885041037,0.5728353924372608,0.0,0.7973290070258061,0.8604761554613333,,,EXPLOIT
1103,52,,,0,0,0,0,common,1.0,0.8282938353728768,0.6880432318480143,0.6494729253179455,0.0,0.7869967545095493,0.8517543690220153,,,EXPLOIT
1104,52,,,0,0,1,0,rare,0.0,0.5803751887988058,0.5716329699627896,0.6287436043622036,0.0,0.7756749298927084,0.841974827824408,,,EXPLOIT
1105,52,,,0,1,1,0,common,1.0,0.6227561272807762,0.6878797271925021,0.6269473612377753,0.0,0.763214879314191,0.8309332815902591,,,EXPLOIT
1106,52,,,0,1,1,0,common,0.0,0.5952085172674955,0.6330242246019111,0.6174257080466913,0.0,0.749436605483097,0.818369275662758,,,EXPLOIT
1107,52,,,0,0,0,0,common,1.0,0.53839099299237,0.692232254920667,0.5937152935303949,0.0,0.7341200470818542,0.8039453902961624,,,EXPLOIT
1108,52,,,0,1,1,1,common,1.0,0.7646658590034857,0.5947672875008532,0.6450004631723221,0.0,0.7169932750376118,0.7872165436093175,,,EXPLOIT
1109,52,,,0,1,1,1,common,0.0,0.5029671916477343,0.692760419979912,0.6023904817149457,0.0,0.6977162543357038,0.7675833289966674,,,EXPLOIT
1110,52,,,0,1,1,1,common,0.0,0.3269286745710273,0.604222107015507,0.5197519395717701,0.0,0.6758580979417468,0.7442187799081251,,,EXPLOIT
1111,52,,,0,0,0,0,common,0.0,0.6500458545549596,0.4923294723626958,0.558840114066727,0.0,0.6508645521136536,0.7159490565658404,,,EXPLOIT
1112,52,,,0,0,0,1,common,0.0,0.49731931344677516,0.6535100442740539,0.5403838738807414,0.0,0.6220104412900042,0.6810502690632427,,,EXPLOIT
1113,52,,,0,1,1,1,common,0.0,0.21250363847116777,0.6930781192715711,0.44201980325786927,0.0,0.5883282776611706,0.636883540498362,,,EXPLORE
1114,52,,,0,1,1,0,common,1.0,0.6131144637761279,0.6760055747974855,0.49334820141334684,0.0,0.605496034508879,0.6594467134091424,,,EXPLOIT
1115,52,,,0,1,1,0,common,0.0,0.6014755985455168,0.6193016637253637,0.5257864205529978,0.0,0.6211375654289744,0.6791822020804021,,,EXPLOIT
1116,52,,,0,1,0,0,rare,0.0,0.4225298054607237,0.6899152638048691,0.4948094360253156,0.0,0.5873030776658943,0.6344847162948677,,,EXPLORE
1117,52,,,0,1,1,0,common,1.0,0.6090408609454141,0.6851740666201368,0.5290788635013451,0.0,0.6045640922620162,0.6573588274987823,,,EXPLOIT
1118,52,,,0,1,1,0,common,1.0,0.3958765596145192,0.605533239851503,0.4891181723352973,0.0,0.5677668655621755,0.6061937875431457,,,EXPLORE
1119,52,,,0,0,0,1,common,1.0,0.6767424462595961,0.4500462083718146,0.5454054545125869,0.0,0.586850373828988,0.632882942347157,,,EXPLOIT
1120,52,,,0,1,0,1,rare,1.0,0.43988259006873753,0.6541266041528804,0.513748595179432,0.0,0.5467373405563293,0.5738674291911885,,,EXPLORE
1121,52,,,0,1,1,0,common,1.0,0.25731976374943744,0.5727219724124791,0.4368199457504336,0.0,0.49853673944302307,0.4932143113868079,,,EXPLORE
1122,52,,,0,1,1,0,common,1.0,0.16725784643713437,0.5066461291801069,0.3559513159564438,0.0,0.5247650620599252,0.5377835318374653,,,EXPLOIT
1123,52,,,0,1,1,0,common,1.0,0.10871760018413734,0.46164537148620477,0.28178120122475186,0.0,0.548161504236399,0.5748034631885371,,,EXPLOIT
1124,52,,,0,1,1,0,common,1.0,0.07066644011968926,0.43236200400901437,0.21844677289323308,0.0,0.5691602068325109,0.606040975634136,,,EXPLOIT
1125,52,,,0,1,1,0,common,0.0,0.9540668139222019,0.4135068194819128,0.4391327852019237,0.0,0.5881108844525871,0.6327514733332122,,,EXPLOIT
1126,52,,,0,0,0,1,common,1.0,0.28592368354467945,0.6703787543873742,0.3931700547047504,0.0,0.6052983966780334,0.6558514761460542,,,EXPLORE
1127,52,,,0,0,0,1,common,0.0,0.8141496056959583,0.6856764712336609,0.5194639200021127,0.0,0.6209571162531127,0.6760257389161392,,,EXPLOIT
1128,52,,,0,1,1,0,common,1.0,0.3798565709505688,0.6331905395159699,0.4775817152866495,0.0,0.5870910923950231,0.6304233040068377,,,EXPLORE
1129,52,,,0,1,1,1,common,0.0,0.13812736500625905,0.532358105283805,0.3757454102025323,0.0,0.6043714200163721,0.6538283520457571,,,EXPLOIT
1130,52,,,0,1,1,0,common,1.0,0.24690677111786974,0.6890051660414739,0.3370938184771335,0.0,0.6201108780017509,0.6742514953035657,,,EXPLOIT
1131,52,,,0,1,0,1,rare,0.0,0.5291972437023729,0.6022858430340458,0.39472484604470526,0.0,0.634506070541658,0.6922276142778704,,,EXPLOIT
1132,52,,,0,1,1,0,common,1.0,0.16048940122661537,0.6929226707514109,0.32445421259927826,0.0,0.6477215197215495,0.7081708813462932,,,EXPLOIT
1133,52,,,0,1,1,0,common,1.0,0.10431811079730002,0.6277256663862636,0.25841338205868475,0.0,0.6598959530360416,0.7224069930166598,,,EXPLOIT
1134,52,,,0,1,1,0,common,1.0,0.06780677201824503,0.5275653365638114,0.20123139904655282,0.0,0.6711471679888614,0.7351955975626391,,,EXPLOIT
1135,52,,,0,1,1,1,common,0.0,0.08978278725406838,0.45338613994028654,0.16779681550880748,0.0,0.681575835809678,0.7467462296565728,,,EXPLOIT
1136,52,,,0,0,0,1,common,1.0,0.6560217915934576,0.6721720157635944,0.3142643083342025,0.0,0.6912685047409105,0.7572298441310257,,,EXPLOIT
1137,52,,,0,1,1,0,common,1.0,0.04407440181185929,0.6770243478735887,0.23320733637749952,0.0,0.7002999927462911,0.7667873044883081,,,EXPLOIT
1138,52,,,0,1,1,0,common,1.0,0.028648361177708526,0.6841761394559667,0.1718396438175622,0.0,0.7087353097162561,0.7755357246614565,,,EXPLOIT
1139,52,,,0,0,1,1,rare,1.0,0.9416411882848555,0.6386189046801263,0.4027801071577502,0.0,0.7166312136847874,0.7835732718081094,,,EXPLOIT
1140,52,,,0,0,1,0,rare,0.0,0.9813785652344894,0.6893371484713308,0.5763596445807719,0.0,0.7240374798555789,0.7909828489080232,,,EXPLOIT
1141,52,,,0,0,0,1,common,1.0,0.42641416453574754,0.5309483564283801,0.5313760005672645,0.0,0.7056610519796266,0.7720253917252625,,,EXPLOIT
1142,52,,,0,0,0,1,common,1.0,0.2771692069482359,0.6574940118040958,0.4551139624815559,0.0,0.6848874458776071,0.7495359455343038,,,EXPLOIT
1143,52,,,0,1,1,0,common,1.0,0.3621039325975819,0.6922051554084725,0.4272109535163637,0.0,0.6943517320277804,0.7597691667859986,,,EXPLOIT
1144,52,,,0,1,1,0,common,0.0,0.7646324438115718,0.677765169883662,0.528437400604926,0.0,0.7031775328438172,0.7691083806722986,,,EXPLOIT
1145,52,,,0,1,0,1,rare,0.0,0.8198400154836467,0.606221654563432,0.6158581850685422,0.0,0.6820680367656161,0.7460463223416485,,,EXPLOIT
1146,52,,,0,1,1,0,common,1.0,0.5029889115224784,0.4369445265764061,0.581997403004723,0.0,0.6579879708579641,0.7181787720101772,,,EXPLOIT
1147,52,,,0,0,0,1,common,1.0,0.4671039899356296,0.6210407069190588,0.547529379083995,0.0,0.6302643465151595,0.6838309825759649,,,EXPLOIT
1148,52,,,0,0,0,1,common,1.0,0.3036175934581593,0.564967180526454,0.47435584339624426,0.0,0.5980042808382936,0.6404477062373103,,,EXPLOIT
1149,52,,,0,0,0,1,common,0.0,0.8026485642521964,0.5240297462256795,0.5728436596530299,0.0,0.6143035962185848,0.6625525337808542,,,EXPLOIT
1150,52,,,0,1,1,0,common,1.0,0.3269427924896109,0.6931447466663425,0.49907339950400414,0.0,0.5792637026475196,0.6129716415803782,,,EXPLORE
1151,52,,,0,1,0,1,rare,1.0,0.47827843323607233,0.6542952424582651,0.4928349096236246,0.0,0.597264265719564,0.6387220710813435,,,EXPLOIT
1152,52,,,0,1,1,0,common,1.0,0.21251281511824704,0.5935643651865135,0.4087382812720113,0.0,0.6136292482935854,0.661048267537295,,,EXPLOIT
1153,52,,,0,1,1,0,common,1.0,0.13813332982686055,0.5445883900865662,0.32755679583846603,0.0,0.6285711610658209,0.68058974352994,,,EXPLOIT
1154,52,,,0,1,1,0,common,0.0,0.9102133356125406,0.5104645781867088,0.5023537577706884,0.0,0.6422672281980836,0.6978360969509184,,,EXPLOIT
1155,52,,,0,0,0,1,common,0.0,0.689119018396553,0.6929150524882145,0.5583833359584477,0.0,0.6120164509268937,0.6582794230299035,,,EXPLORE
1156,52,,,0,0,1,1,rare,0.0,0.3879332276148439,0.60651521198983,0.5072483034553665,0.0,0.5765680517287495,0.607397240972389,,,EXPLORE
1157,52,,,0,1,1,1,common,0.0,0.2521565979496485,0.49514057673625134,0.43072079180365114,0.0,0.5344588950346925,0.5395169968009557,,,EXPLORE
1158,52,,,0,1,1,0,common,1.0,0.40836133185184864,0.6545877016674444,0.4240129538181104,0.0,0.5568471302994492,0.5762561912572678,,,EXPLOIT
1159,52,,,0,1,0,0,rare,0.0,0.27464437354947047,0.49331081153188894,0.37920237973751836,0.0,0.5769867380061273,0.6072759699733424,,,EXPLOIT
1160,52,,,0,0,1,1,rare,0.0,0.16390178866727154,0.6538854810634067,0.3146122024164443,0.0,0.5951994142587994,0.6338142039417296,,,EXPLOIT
1161,52,,,0,0,0,1,common,1.0,0.5520726380422405,0.5972307641751449,0.38585033310418315,0.0,0.6117482849260643,0.65677558028985,,,EXPLOIT
1162,52,,,0,0,0,1,common,1.0,0.3588472147274564,0.6853546064671527,0.3777493975911651,0.0,0.626850654989245,0.6768366339726056,,,EXPLOIT
1163,52,,,0,1,1,1,common,0.0,0.1065361626337265,0.5796812660369813,0.2963854271039335,0.0,0.6406875665502277,0.6945134041010752,,,EXPLOIT
1164,52,,,0,0,0,1,common,0.0,0.7667493104271533,0.4609658772163818,0.43749459210089947,0.0,0.6534110601516245,0.7102063627950371,,,EXPLOIT
1165,52,,,0,1,1,0,common,1.0,0.26543486570370156,0.6417753063877351,0.3858766741817401,0.0,0.6651497584650782,0.7242310514990273,,,EXPLOIT
1166,52,,,0,0,0,1,common,1.0,0.5016129482223504,0.675040554410418,0.42059755639392316,0.0,0.6760132077748208,0.736839462131482,,,EXPLOIT
1167,52,,,0,0,1,0,rare,1.0,0.17253266270740597,0.6707731733672121,0.346178088287968,0.0,0.6860952881419441,0.7482352686622875,,,EXPLOIT
1168,52,,,0,0,1,0,rare,1.0,0.11214623075981389,0.5908063495773559,0.27596853102952174,0.0,0.6954769172842098,0.7585848782318961,,,EXPLOIT
1169,52,,,0,0,0,1,common,1.0,0.32604841634452764,0.5196926351677942,0.2909924966240235,0.0,0.7042282131366542,0.7680255818551862,,,EXPLOIT
1170,52,,,0,0,0,1,common,1.0,0.21193147062394302,0.4701816012191786,0.26727418882399934,0.0,0.7124102374451836,0.7766716555885892,,,EXPLOIT
1171,52,,,0,0,0,1,common,0.0,0.8622445440944371,0.43778052470120243,0.44576529540513066,0.0,0.720076412128498,0.7846189892367533,,,EXPLOIT
1172,52,,,0,0,1,0,rare,0.0,0.9271049500061209,0.677125301659082,0.5901671917854276,0.0,0.7272736778845069,0.7919486411594733,,,EXPLOIT
1173,52,,,0,0,1,0,rare,1.0,0.3973817824960214,0.6642612558182718,0.5323315689986058,0.0,0.7093033947945133,0.7731624112723863,,,EXPLOIT
1174,52,,,0,0,0,1,common,0.0,0.5604589536613841,0.6771649524741118,0.5407697843974393,0.0,0.6890172581849694,0.7508940436414828,,,EXPLOIT
1175,52,,,0,1,0,1,rare,1.0,0.6357016801201003,0.6642273029197393,0.5692493531142375,0.0,0.6659380107557699,0.7240779876495549,,,EXPLOIT
1176,52,,,0,1,0,1,rare,1.0,0.41320609207806525,0.5483373623771917,0.5224363748033858,0.0,0.6394475836824414,0.6911645595725199,,,EXPLOIT
1177,52,,,0,1,1,0,common,1.0,0.2582981586224139,0.4513049628468735,0.44319490994909416,0.0,0.6087310291268111,0.6498097511795613,,,EXPLOIT
1178,52,,,0,1,0,1,rare,1.0,0.26858395985074246,0.3882325207777605,0.3908116249195886,0.0,0.6240924773397291,0.6707314585795957,,,EXPLOIT
1179,52,,,0,1,1,0,common,1.0,0.16789380310456903,0.3490343016563321,0.3239362783750827,0.0,0.6381565986820029,0.6891189514693266,,,EXPLOIT
1180,52,,,0,1,1,0,common,1.0,0.10913097201796984,0.3246516821402559,0.2594946864679488,0.0,0.6510804538191286,0.7054056083594592,,,EXPLOIT
1181,52,,,0,0,0,1,common,1.0,0.17457957390298262,0.3093320309804678,0.23402015269845894,0.0,0.6629967346003455,0.7199313206311788,,,EXPLOIT
1182,52,,,0,1,1,0,common,1.0,0.07093513181168043,0.49077099132201596,0.18509464643242537,0.0,0.6740183137909371,0.7329664111058639,,,EXPLOIT
1183,52,,,0,1,1,0,common,1.0,0.046107835677592246,0.47936443882561947,0.14339860320597544,0.0,0.6842418121584204,0.7447285666406126,,,EXPLOIT
1184,52,,,0,1,1,0,common,0.0,0.970029906809565,0.4719343358241618,0.39138799428705234,0.0,0.6937504219120982,0.7553950547347382,,,EXPLOIT
1185,52,,,0,0,0,0,common,0.0,0.1785188428071558,0.6908566938011738,0.3275272488430834,0.0,0.7026161612924869,0.7651116885586717,,,EXPLOIT
1186,52,,,0,0,0,1,common,1.0,0.11347672303693868,0.585324478217427,0.26331209110123993,0.0,0.7109016896766687,0.7739995071998063,,,EXPLOIT
1187,52,,,0,0,1,0,rare,1.0,0.36948056057378276,0.6908539588073896,0.29516263194300274,0.0,0.7186617800007272,0.7821598227822367,,,EXPLOIT
1188,52,,,0,0,0,1,common,0.0,0.9262401300259898,0.671985025669259,0.48448588136789883,0.0,0.7259445216763325,0.789678082018456,,,EXPLOIT
1189,52,,,0,0,0,1,common,1.0,0.3979439154831066,0.6465135201586063,0.45852329160246114,0.0,0.732792309848527,0.796626854857032,,,EXPLOIT
1190,52,,,0,0,1,0,rare,1.0,0.2401623643729588,0.6919634700050428,0.3930150134336104,0.0,0.7392426639961613,0.8030681720747994,,,EXPLOIT
1191,52,,,0,0,0,1,common,1.0,0.25866354506401934,0.6544777521312566,0.3527095729227331,0.0,0.7453289092619274,0.8090553714821886,,,EXPLOIT
1192,52,,,0,0,1,0,rare,1.0,0.15610553684242323,0.6062831260272412,0.2937283620986401,0.0,0.7510807466370523,0.8146345691730706,,,EXPLOIT
1193,52,,,0,0,0,1,common,1.0,0.1681313042916126,0.5679187894032852,0.25604924475653185,0.0,0.7565247325937536,0.8198458417539053,,,EXPLOIT
1194,52,,,0,0,0,1,common,1.0,0.10928534778954824,0.5409649675706849,0.21202007566643677,0.0,0.7616846845104158,0.8247241836918802,,,EXPLOIT
1195,52,,,0,0,0,1,common,1.0,0.07103547606320637,0.5228523113662751,0.16972469578546764,0.0,0.7665820249474175,0.8293002881542606,,,EXPLOIT
1196,52,,,0,0,0,1,common,1.0,0.046173059441084185,0.5108969266352781,0.1326592048821526,0.0,0.7712360752699412,0.833601188174328,,,EXPLOIT
1197,52,,,0,1,1,0,common,0.0,0.8985314010524249,0.5030669395207379,0.36242086373323423,0.0,0.7756643071042859,0.8376507864483357,,,EXPLOIT
1198,52,,,0,0,1,0,rare,1.0,0.4159545893159238,0.31082943520624384,0.37848098140804104,0.0,0.7798825585272179,0.8414702956971184,,,EXPLOIT
1199,52,,,0,0,0,1,common,0.0,0.9699875113632953,0.30641051706458433,0.5559329403946174,0.0,0.7839052206271424,0.8450786067242617,,,EXPLOIT
1200,52,,,0,0,0,1,common,1.0,0.36950811761385804,0.5997687874539273,0.5000054935603896,0.0,0.7722781990753476,0.8344463387604718,,,EXPLOIT
1201,52,,,0,0,0,1,common,0.0,0.7598197235509923,0.4955851134742162,0.5779497625575704,0.0,0.7594656200609966,0.8223780304859628,,,EXPLOIT
1202,52,,,0,0,0,0,common,1.0,0.8839627521753487,0.6794910229394915,0.6697536594429039,0.0,0.7452771680373033,0.8085624228954074,,,EXPLOIT
1203,52,,,0,0,0,0,common,0.0,0.42542421108602335,0.5754685983543213,0.5964548249358397,0.0,0.7294794903814524,0.7925912991830553,,,EXPLOIT
1204,52,,,0,0,1,1,rare,0.0,0.06924850571192223,0.6921426676486575,0.4382929291686644,0.0,0.7117833031474318,0.7739185431817569,,,EXPLOIT
1205,52,,,0,0,1,0,rare,1.0,0.2703704830553505,0.6599584613014475,0.3879161953346702,0.0,0.7194884424625704,0.7820853534737199,,,EXPLOIT
1206,52,,,0,0,0,1,common,1.0,0.506117179691855,0.6654983870707377,0.4233764906418256,0.0,0.7267211771063793,0.7896093595006652,,,EXPLOIT
1207,52,,,0,1,1,0,common,1.0,0.17574081398597785,0.5563184454336461,0.34908578764507125,0.0,0.7335233264878391,0.7965632417893777,,,EXPLOIT
1208,52,,,0,1,0,0,rare,0.0,0.2765257372059152,0.6812751558557492,0.32731777251332445,0.0,0.7399319157816497,0.8030091219893758,,,EXPLOIT
1209,52,,,0,1,1,0,common,0.0,0.8857684709091144,0.5456112889082562,0.4948529820320614,0.0,0.7459798438180709,0.8090004131467596,,,EXPLOIT
1210,52,,,0,0,0,1,common,1.0,0.32897616679970576,0.42082361035966065,0.4450899374623547,0.0,0.7516964423459851,0.8145832940752484,,,EXPLOIT
1211,52,,,0,0,0,1,common,1.0,0.21383450841980878,0.33127572002968425,0.3757133087495909,0.0,0.757107946736997,0.8197978940031541,,,EXPLOIT
1212,52,,,0,0,0,1,common,1.0,0.13899243047287568,0.2790137678322002,0.3046970452665763,0.0,0.7622378940703608,0.8246792518114574,,,EXPLOIT
1213,52,,,0,0,0,1,common,1.0,0.09034507980736917,0.24812672093979662,0.24039145562881414,0.0,0.7671074613418454,0.8292580983629372,,,EXPLOIT
1214,52,,,0,0,0,1,common,1.0,0.05872430187478994,0.22941429299794885,0.18589130950260688,0.0,0.7717357540465593,0.8335614988517074,,,EXPLOIT
1215,52,,,0,0,1,0,rare,1.0,0.42425049390907565,0.21783127414768516,0.2573990648245475,0.0,0.7761400534282803,0.837613383547452,,,EXPLOIT
1216,52,,,0,0,1,1,rare,0.0,0.04501152871274945,0.21054648652525465,0.1936828039910081,0.0,0.7803360291411177,0.8414349889204207,,,EXPLOIT
1217,52,,,0,0,1,0,rare,0.0,0.7242371789591008,0.47677350706955035,0.3528491164814359,0.0,0.7843379228397651,0.8450452263187836,,,EXPLOIT
1218,52,,,0,0,0,1,common,1.0,0.03817079621861341,0.6496765732794479,0.2584456204025891,0.0,0.7881587072315585,0.8484609917099107,,,EXPLOIT
1219,52,,,0,0,0,1,common,0.0,0.9751889824579013,0.49179601213137236,0.47346862901918274,0.0,0.7918102243332845,0.851697427191972,,,EXPLOIT
1220,52,,,0,0,0,0,common,0.0,0.1797417291838449,0.6555229638792549,0.38535055906858134,0.0,0.7953033060371162,0.8547681428156942,,,EXPLOIT
1221,52,,,0,0,0,1,common,1.0,0.3661271614023641,0.6931457207614427,0.3795835397687161,0.0,0.7986478795714688,0.8576854055706167,,,EXPLOIT
1222,52,,,0,0,0,1,common,1.0,0.2379826549115367,0.5760947070418733,0.3371032743115623,0.0,0.8018530600194592,0.8604603010699224,,,EXPLOIT
1223,52,,,0,0,0,1,common,1.0,0.15468872569249892,0.42969517345793007,0.28237890972584323,0.0,0.8049272317108711,0.863102872427037,,,EXPLOIT
1224,52,,,0,0,0,0,common,0.0,0.11683212396949919,0.3365018910162438,0.23271487399894,0.0,0.8078781200180603,0.8656222399914716,,,EXPLOIT
1225,52,,,0,0,1,1,rare,0.0,0.029257493663287143,0.5774419959860763,0.17167765989824413,0.0,0.810712854850298,0.868026704952575,,,EXPLOIT
1226,52,,,0,0,0,1,common,1.0,0.10054767170012435,0.682119083032372,0.1503386634388082,0.0,0.8134380269452444,0.8703238392912328,,,EXPLOIT
1227,52,,,0,0,1,0,rare,0.0,0.47075416632341555,0.5352275272018137,0.24646331430419038,0.0,0.8160597378931481,0.8725205641331953,,,EXPLOIT
1228,52,,,0,0,0,1,common,1.0,0.0653559866050808,0.6704854186651895,0.19213111599445748,0.0,0.818583644693011,0.8746232182120715,,,EXPLOIT
1229,52,,,0,0,0,1,common,1.0,0.04248139129330253,0.5165753299793889,0.147236198584111,0.0,0.8210149995255568,0.8766376178684782,,,EXPLOIT
1230,52,,,0,0,0,1,common,0.0,0.9723870956593533,0.38950247446222935,0.3947814677066837,0.0,0.8233586853315384,0.878569109781452,,,EXPLOIT
1231,52,,,0,0,1,0,rare,1.0,0.6940097918897798,0.6087264842347307,0.4845499649616125,0.0,0.825619247702594,0.8804226174388652,,,EXPLOIT
1232,52,,,0,0,0,1,common,1.0,0.36794838782142025,0.4545597589760063,0.44956949181955486,0.0,0.8278009235229516,0.8822026821973076,,,EXPLOIT
1233,52,,,0,0,1,0,rare,1.0,0.45110636472835686,0.35127839416661255,0.45003055369219547,0.0,0.8299076667417459,0.8839134996523821,,,EXPLOIT
1234,52,,,0,1,0,0,rare,0.0,0.07594088058017448,0.2906896963955206,0.3378036517585891,0.0,0.8319431716058056,0.885558951932622,,,EXPLOIT
1235,52,,,0,0,0,1,common,1.0,0.23916645208392318,0.22815347044467443,0.3082124918561893,0.0,0.8339108936401431,0.8871426364402828,,,EXPLOIT
1236,52,,,0,0,0,1,common,1.0,0.15545819385455006,0.19843455615475541,0.26238620245569755,0.0,0.8358140686268335,0.888667891486882,,,EXPLOIT
1237,52,,,0,0,0,1,common,1.0,0.10104782600545759,0.18082144642544598,0.21398468952062555,0.0,0.8376557298015804,0.8901378192079809,,,EXPLOIT
1238,52,,,0,0,1,0,rare,1.0,0.29321913707343195,0.17007261077127955,0.23775502378646746,0.0,0.8394387234602395,0.8915553060882417,,,EXPLOIT
1239,52,,,0,0,0,1,common,1.0,0.06568108690354746,0.16337423645567928,0.18613284272159145,0.0,0.8411657231442121,0.8929230413825444,,,EXPLOIT
1240,52,,,0,0,1,1,rare,1.0,0.9809826291188634,0.15913990387715948,0.424587778640773,0.0,0.8428392425534338,0.8942435336805493,,,EXPLOIT
1241,52,,,0,0,0,1,common,1.0,0.04269270648730583,0.15643747683724582,0.3100192569947328,0.0,0.8444616473181465,0.8955191258293957,,,EXPLOIT
1242,52,,,0,0,0,1,common,1.0,0.027750259216748785,0.15470179430562458,0.2253385576613376,0.0,0.8460351657454167,0.8967520084013128,,,EXPLOIT
1243,52,,,0,0,0,1,common,0.0,0.9819623315091133,0.1535823776066742,0.4523256898156703,0.0,0.8475618986430826,0.8979442318690256,,,EXPLOIT
1244,52,,,0,0,1,0,rare,1.0,0.19059243909773071,0.3851744076953415,0.3738057146002884,0.0,0.8490438283122301,0.8990977176313327,,,EXPLOIT
1245,52,,,0,1,1,1,common,0.0,0.3623612910727388,0.28631043240640686,0.3703723875420235,0.0,0.8504828267891548,0.9002142680135725,,,EXPLOIT
1246,52,,,0,0,1,0,rare,0.0,0.8761149145864751,0.24489173508416331,0.5220951456553589,0.0,0.8518806634088897,0.9012955753524853,,,EXPLOIT
1247,52,,,0,0,0,1,common,0.0,0.6382755154809236,0.461510102521155,0.5569492566030283,0.0,0.8460069569779765,0.8966936332632041,,,EXPLOIT
1248,52,,,0,0,0,0,common,0.0,0.049361572377113416,0.6087218742004998,0.4046729513352538,0.0,0.8397143544014829,0.8916945540626731,,,EXPLOIT
1249,52,,,0,0,1,0,rare,0.0,0.5694746944812088,0.673203147192271,0.45411347427904025,0.0,0.841432768723389,0.8930574453412047,,,EXPLOIT
1250,52,,,0,0,0,1,common,1.0,0.5851209149373996,0.6917119702147756,0.493415706476548,0.0,0.8430980848664676,0.8943733356165139,,,EXPLOIT
1251,52,,,0,0,0,1,common,1.0,0.3803285947093098,0.5162113570564376,0.4594895729463765,0.0,0.8447126461459703,0.8956445518931374,,,EXPLOIT
1252,52,,,0,0,0,1,common,1.0,0.2472135865610514,0.34472754356855995,0.39580677703077893,0.0,0.846278660159876,0.8968732701764336,,,EXPLOIT
1253,52,,,0,0,0,1,common,1.0,0.16068883126468347,0.2497975905763251,0.3252713933009503,0.0,0.8477982084761226,0.898061527526671,,,EXPLOIT
1254,52,,,0,0,1,1,rare,0.0,0.23553483919728022,0.19896643392884025,0.29835042706984927,0.0,0.8492732555017554,0.8992112329765334,,,EXPLOIT
1255,52,,,0,0,0,1,common,0.0,0.8955522596779557,0.41781763290199814,0.47751097685228117,0.0,0.8507056566134752,0.9003241774351407,,,EXPLOIT
1256,52,,,0,0,0,1,common,1.0,0.4178910312093287,0.5847800502726848,0.4596249931593954,0.0,0.8520971656203616,0.9014020426866757,,,EXPLOIT
1257,52,,,0,0,0,1,common,1.0,0.2716291702860636,0.3895196465343658,0.4032262462973959,0.0,0.8534494416219057,0.9024464095787279,,,EXPLOIT
1258,52,,,0,0,1,0,rare,1.0,0.6298414485872142,0.2736284480151354,0.47121080698434137,0.0,0.8547640553177512,0.9034587654842204,,,EXPLOIT
1259,52,,,0,0,0,1,common,1.0,0.17655896068594135,0.21189960329290136,0.38281525309482134,0.0,0.8560424948196138,0.904440511111009,,,EXPLOIT
1260,52,,,0,0,0,1,common,1.0,0.1147633244458619,0.17792252922152438,0.3023996745001335,0.0,0.8572861710106068,0.9053929667247249,,,EXPLOIT
1261,52,,,0,0,1,0,rare,1.0,0.40939694158168927,0.15832761581430027,0.3344988546246002,0.0,0.8584964224925643,0.9063173778430165,,,EXPLOIT
1262,52,,,0,0,0,1,common,1.0,0.07459616088981025,0.1465912502613178,0.2565280465041632,0.0,0.8596745201578474,0.9072149204528395,,,EXPLOIT
1263,52,,,0,0,0,1,common,1.0,0.048487504578376694,0.1393685122980142,0.19411588392642726,0.0,0.8608216714184703,0.9080867057967658,,,EXPLOIT
1264,52,,,0,0,0,1,common,1.0,0.031516877975944824,0.1348403188940928,0.14533618214128252,0.0,0.8619390241221436,0.9089337847692784,,,EXPLOIT
1265,52,,,0,0,0,1,common,1.0,0.020485970684364085,0.1319659872744947,0.10788111870420698,0.0,0.8630276701819458,0.9097571519596371,,,EXPLOIT
1266,52,,,0,0,0,1,common,1.0,0.013315880944836711,0.13012643448889288,0.07951154737639589,0.0,0.8640886489437595,0.9105577493740192,,,EXPLOIT
1267,52,,,0,0,0,1,common,1.0,0.008655322614143812,0.12894277020911823,0.05825467994772026,0.0,0.8651229503133143,0.9113364698662394,,,EXPLOIT
1268,52,,,0,0,0,1,common,1.0,0.005625959699193439,0.12817844786057234,0.04246606387316221,0.0,0.8661315176626213,0.9120941603033174,,,EXPLOIT
1269,52,,,0,0,0,1,common,1.0,0.0036568738044757687,0.1276837677944582,0.030823306852556274,0.0,0.8671152505337468,0.9128316244895041,,,EXPLOIT
1270,52,,,0,0,1,1,rare,1.0,0.8469023545217679,0.12736312320634338,0.27564702115331974,0.0,0.8680750071562189,0.9135496258699933,,,EXPLOIT
1271,52,,,0,0,0,1,common,1.0,0.0023769679729092053,0.1271550827823103,0.19366600519919655,0.0,0.8690116067928884,0.9142488900334489,,,EXPLOIT
1272,52,,,0,0,1,1,rare,0.0,0.44951346956085086,0.12702001627813866,0.27042024450769286,0.0,0.8699258319277257,0.9149301070305957,,,EXPLOIT
1273,52,,,0,0,1,1,rare,0.0,0.2921837552145531,0.33342684134821887,0.2769492977197509,0.0,0.8708184303078412,0.9155939335244595,,,EXPLOIT
1274,52,,,0,0,0,1,common,0.0,0.998454970817609,0.531185872667318,0.49340099964910833,0.0,0.8716901168509383,0.9162409947863405,,,EXPLOIT
1275,52,,,0,0,0,1,common,1.0,0.3510042689685542,0.6422919920972563,0.45068198044494207,0.0,0.872541575428431,0.9168718865502891,,,EXPLOIT
1276,52,,,0,0,0,1,common,0.0,0.7718472251704398,0.4369172284246532,0.5470315538625914,0.0,0.8733734605335809,0.9174871767376394,,,EXPLOIT
1277,52,,,0,0,0,1,common,1.0,0.49829930363921404,0.5955359727817455,0.5324118787955782,0.0,0.8689086134270912,0.9141493473041843,,,EXPLOIT
1278,52,,,0,1,1,0,common,0.0,0.7338919879719019,0.3973992093617733,0.5928559115484753,0.0,0.8641670430298002,0.9105677904625221,,,EXPLOIT
1279,52,,,0,1,1,0,common,1.0,0.5229702078182638,0.3642750159397431,0.5718902004294117,0.0,0.859122463310868,0.9067150012299753,,,EXPLOIT
1280,52,,,0,0,0,1,common,1.0,0.32389454736548917,0.634548127947416,0.49749150451023494,0.0,0.8537451504583194,0.902559174421193,,,EXPLOIT
1281,52,,,0,0,1,1,rare,0.0,0.1899194408894595,0.5187051794609827,0.4052198854240023,0.0,0.8550515893902764,0.9035681002477094,,,EXPLOIT
1282,52,,,0,0,0,1,common,1.0,0.21053145578756793,0.6826283427173725,0.346813356533072,0.0,0.8563221745528007,0.9045465646767585,,,EXPLOIT
1283,52,,,0,0,0,1,common,0.0,0.8631545537380808,0.5754480269077653,0.5017157156945746,0.0,0.857558300332089,0.9054958794921618,,,EXPLOIT
1284,52,,,0,0,0,1,common,0.0,0.5610504599297526,0.6914497596662336,0.5195161389651279,0.0,0.852075643377751,0.9012417243411707,,,EXPLOIT
1285,52,,,0,0,0,1,common,1.0,0.6353172010456608,0.6651903944308915,0.5542564575892878,0.0,0.846215591970354,0.896635232495195,,,EXPLOIT
1286,52,,,0,0,0,1,common,1.0,0.41295618067967954,0.6588965643441924,0.5118663745164053,0.0,0.8399381190551547,0.8916310049524842,,,EXPLOIT
1287,52,,,0,0,0,1,common,1.0,0.26842151744179166,0.5430255198937977,0.43883291739402114,0.0,0.8331973300259055,0.8861754932942061,,,EXPLOIT
1288,52,,,0,0,1,0,rare,1.0,0.3399306350818715,0.4485404359380927,0.4091622327003762,0.0,0.8351238007657321,0.8877363117877474,,,EXPLOIT
1289,52,,,0,0,0,1,common,1.0,0.1744739863371646,0.387344230631756,0.3387557587914127,0.0,0.8369876684255678,0.8892399213379558,,,EXPLOIT
1290,52,,,0,0,0,1,common,1.0,0.11340809111915695,0.34928748304381096,0.27115145848973593,0.0,0.8387918461012402,0.8906893387870807,,,EXPLOIT
1291,52,,,0,0,1,0,rare,0.0,0.7790450871967836,0.325584117427999,0.42351954710185025,0.0,0.840539069089968,0.8920873726498416,,,EXPLOIT
1292,52,,,0,0,1,1,rare,0.0,0.12344763657814868,0.6066003045383314,0.3334979739447398,0.0,0.8422319082536152,0.8934366407927449,,,EXPLOIT
1293,52,,,0,0,1,0,rare,1.0,0.4936206933220907,0.693132938016544,0.381534789757945,0.0,0.84387278219453,0.8947395863430497,,,EXPLOIT
1294,52,,,0,0,1,0,rare,0.0,0.679146549340641,0.6101272477111153,0.47081831763275384,0.0,0.8454639683652604,0.8959984920308123,,,EXPLOIT
1295,52,,,0,0,0,1,common,1.0,0.07371525922745203,0.693146643210443,0.3516874001111633,0.0,0.8470076132194956,0.8972154931411535,,,EXPLOIT
1296,52,,,0,0,0,1,common,0.0,0.9520850815021562,0.6116015327741602,0.5318067045284611,0.0,0.8485057414993911,0.8983925892313693,,,EXPLOIT
1297,52,,,0,0,0,1,common,0.0,0.6188553029764016,0.6931402264137867,0.5579212840628432,0.0,0.8423931310168299,0.8935420907591284,,,EXPLOIT
1298,52,,,0,0,0,0,common,0.0,0.03208502204512372,0.6553862654599254,0.40017040545752736,0.0,0.8358355312238713,0.8882612893202477,,,EXPLOIT
1299,52,,,0,0,0,1,common,0.0,0.40225594693466105,0.5976249428193177,0.40079606790066746,0.0,0.8376765038295981,0.8897458753580971,,,EXPLOIT
1300,52,,,0,1,1,1,common,0.0,0.08024096377579665,0.5509427363584845,0.3046295366632062,0.0,0.839458840531852,0.8911772606963034,,,EXPLOIT
1301,52,,,0,1,0,1,rare,1.0,0.7385336344924703,0.6503919825567971,0.4348007660119854,0.0,0.8411852129681352,0.8925581861821621,,,EXPLOIT
1302,52,,,0,1,1,0,common,1.0,0.5585547429285833,0.44446053283761927,0.47192695908696475,0.0,0.8428581330757104,0.8938912076916803,,,EXPLOIT
1303,52,,,0,0,1,1,rare,1.0,0.9478433735457322,0.302838552735248,0.614701883424595,0.0,0.8444799648509885,0.8951787114764662,,,EXPLOIT
1304,52,,,0,0,0,1,common,1.0,0.48004686242010575,0.5694357751433701,0.5743053771232481,0.0,0.8380760665087512,0.8900452022459523,,,EXPLOIT
1305,52,,,0,0,1,0,rare,0.0,0.6369394170964209,0.6852356208208032,0.5930955891152,0.0,0.8311946229139643,0.8844424912838446,,,EXPLOIT
1306,52,,,0,1,0,1,rare,1.0,0.3120304605730687,0.5568221116203094,0.5087760505525606,0.0,0.8237805376604447,0.8783034955326733,,,EXPLOIT
1307,52,,,0,1,0,0,rare,0.0,0.020855264329330422,0.46068629230365554,0.3623998146855915,0.0,0.8157699001237612,0.8715477041876412,,,EXPLOIT
1308,52,,,0,1,1,0,common,0.0,0.4140106211126736,0.6685155908485063,0.37788305661371613,0.0,0.8183045360356355,0.8736917838976626,,,EXPLOIT
1309,52,,,0,1,1,1,common,1.0,0.6160981928047259,0.6837790471014362,0.44934759747101904,0.0,0.8207460484069834,0.87574506261524,,,EXPLOIT
1310,52,,,0,0,0,1,common,1.0,0.20281979937249472,0.6424124622749392,0.3753892580414617,0.0,0.8230993600450969,0.8777130914838156,,,EXPLOIT
1311,52,,,0,0,0,1,common,1.0,0.1318328695921216,0.6891675819322718,0.30232234150665965,0.0,0.8253690529916355,0.8796009783381513,,,EXPLOIT
1312,52,,,0,0,1,0,rare,1.0,0.7308930962767621,0.6323027979700351,0.4308935679376904,0.0,0.8275593975097564,0.8814134310935864,,,EXPLOIT
1313,52,,,0,0,0,0,common,0.0,0.013555921814064776,0.5677991312230735,0.3056922741006027,0.0,0.8296743781617842,0.8831547961370059,,,EXPLOIT
1314,52,,,0,0,0,0,common,1.0,0.9911886508208579,0.6919146190542402,0.5113411871166792,0.0,0.8317177173125124,0.8848290923786145,,,EXPLOIT
1315,52,,,0,0,0,1,common,1.0,0.08569136523487908,0.6580726021528853,0.38364624055213914,0.0,0.8243448316153577,0.878727915941474,,,EXPLOIT
1316,52,,,0,0,0,1,common,0.0,0.9443006125973286,0.5910512505992559,0.551842552165696,0.0,0.8265708248886534,0.8805750776545059,,,EXPLOIT
1317,52,,,0,0,0,1,common,1.0,0.38620460181173644,0.6893011527590363,0.5021511670595081,0.0,0.818787466933366,0.8740510847013555,,,EXPLOIT
1318,52,,,0,0,0,0,common,1.0,0.6442726230335576,0.664053115488227,0.544787603851723,0.0,0.8103617679788989,0.8668500532563678,,,EXPLOIT
1319,52,,,0,0,1,0,rare,1.0,0.47508051257989536,0.5971722218738498,0.5238754764701747,0.0,0.801211271521375,0.8588612497776978,,,EXPLOIT
1320,52,,,0,0,0,1,common,1.0,0.2510329911776287,0.5403531861559248,0.4420227308824109,0.0,0.7912387774798949,0.8499484004520492,,,EXPLOIT
1321,52,,,0,0,0,1,common,1.0,0.1631714442654586,0.5004658673486813,0.3583673448973252,0.0,0.794756438451433,0.8531081665766144,,,EXPLOIT
1322,52,,,0,1,1,1,common,0.0,0.5995361746769281,0.47398104351101383,0.430717993831206,0.0,0.7981240647709982,0.8561079256622948,,,EXPLOIT
1323,52,,,0,0,1,0,rare,1.0,0.30880233317693206,0.3049558375236521,0.3941432956349238,0.0,0.8013508953169068,0.8589593909894299,,,EXPLOIT
1324,52,,,0,0,0,1,common,1.0,0.10606143877254814,0.2904749741886538,0.30771873857621107,0.0,0.8044454259137043,0.8616731599590165,,,EXPLOIT
1325,52,,,0,0,0,0,common,0.0,0.5812227950281875,0.28130328898070195,0.389769955511804,0.0,0.8074154825660778,0.8642588438874876,,,EXPLOIT
1326,52,,,0,0,1,0,rare,1.0,0.2007215165650058,0.5700390358637726,0.3330554238277645,0.0,0.8102682861988263,0.8667251800966709,,,EXPLOIT
1327,52,,,0,0,0,0,common,0.0,0.37779481676832194,0.45891000159141765,0.3464772417099317,0.0,0.8130105100304458,0.8690801290538536,,,EXPLOIT
1328,52,,,0,0,0,1,common,1.0,0.06893993520215624,0.6623287955570247,0.26321604975759905,0.0,0.8156483305400026,0.871330958837616,,,EXPLOIT
1329,52,,,0,0,0,1,common,1.0,0.04481095788140155,0.5388337320015311,0.1976945221947398,0.0,0.8181874728466985,0.8734843188176378,,,EXPLOIT
1330,52,,,0,0,0,1,common,1.0,0.02912712262291106,0.4372105603612859,0.14712430232319118,0.0,0.8206332512039031,0.8755463041218897,,,EXPLOIT
1331,52,,,0,0,0,1,common,0.0,0.9810673702951078,0.3721772967728217,0.39730722271476615,0.0,0.822990605210477,0.8775225122076672,,,EXPLOIT
1332,52,,,0,0,1,0,rare,1.0,0.13046898576725374,0.6256093367320638,0.31725575163051245,0.0,0.8252641322586627,0.8794180926422308,,,EXPLOIT
1333,52,,,0,0,0,1,common,1.0,0.3623062093081799,0.502363391977293,0.3307708889338127,0.0,0.8274581166671006,0.8812377910253235,,,EXPLOIT
1334,52,,,0,0,1,0,rare,1.0,0.08480484074871497,0.41316840583030345,0.25698107447828333,0.0,0.8295765558874387,0.8829859878423617,,,EXPLOIT
1335,52,,,0,0,0,1,common,1.0,0.23549903605031697,0.3573671731654797,0.2505364629498934,0.0,0.8316231841218432,0.8846667329180092,,,EXPLOIT
1336,52,,,0,0,0,1,common,1.0,0.15307437343270602,0.3230924924334774,0.2212978360947372,0.0,0.8336014936449951,0.8862837760406029,,,EXPLOIT
1337,52,,,0,1,1,0,common,1.0,0.05512314648666472,0.30184920253530756,0.17144542921231543,0.0,0.8355147540867248,0.8878405942448919,,,EXPLOIT
1338,52,,,0,0,0,1,common,1.0,0.0994983427312589,0.48962644616230944,0.14986130326799846,0.0,0.8373660298992807,0.8893404161709105,,,EXPLOIT
1339,52,,,0,1,1,0,common,1.0,0.03583004521633204,0.4736584294870003,0.11565192585249853,0.0,0.839158196205539,0.8907862438581367,,,EXPLOIT
1340,52,,,0,0,0,1,common,1.0,0.06467392277531825,0.5952058143474042,0.10035852492934444,0.0,0.8408939532005821,0.8921808722845482,,,EXPLOIT
1341,52,,,0,0,0,0,common,0.0,0.24556663089940928,0.5862991198052547,0.14392095672036387,0.0,0.8425758392583867,0.8935269069181919,,,EXPLOIT
1342,52,,,0,0,0,1,common,0.0,0.9579619501960431,0.6744192994931681,0.38813325476306765,0.0,0.8442062428774553,0.8948267795131911,,,EXPLOIT
1343,52,,,0,0,0,1,common,1.0,0.3773247323725719,0.5235447477784636,0.3848906980459189,0.0,0.8457874135836324,0.8960827623516966,,,EXPLOIT
1344,52,,,0,1,1,0,common,1.0,0.023289529390615793,0.6673953519588891,0.27641034744932796,0.0,0.8473214718947957,0.8972969811072787,,,EXPLOIT
1345,52,,,0,1,0,1,rare,1.0,0.24526107604217173,0.6134413735170307,0.26706556602718107,0.0,0.848810418440258,0.8984714264829633,,,EXPLOIT
1346,52,,,0,0,0,1,common,1.0,0.15941969942741163,0.5671559347500763,0.23477180604725023,0.0,0.8502561423173749,0.8996079647579681,,,EXPLOIT
1347,52,,,0,0,1,0,rare,0.0,0.9848618058960997,0.6578236833243851,0.45979880600190504,0.0,0.8516604287587668,0.9007083473606863,,,EXPLOIT
1348,52,,,0,0,1,1,rare,0.0,0.3896985135400033,0.4539476172448468,0.43876871826333447,0.0,0.8530249661756107,0.9017742195712161,,,EXPLOIT
1349,52,,,0,1,0,1,rare,0.0,0.8963771953721824,0.3091915279998294,0.5760512613959888,0.0,0.8543513526354399,0.9028071284443994,,,EXPLOIT
1350,52,,,0,1,1,0,common,1.0,0.3598398261675352,0.5750000290581354,0.5111878308274527,0.0,0.8486494880195365,0.8983319547497354,,,EXPLOIT
1351,52,,,0,1,0,1,rare,0.0,0.5826451769919185,0.44626006008301655,0.5326250346767925,0.0,0.842547151375388,0.8934761931562506,,,EXPLOIT
1352,52,,,0,1,1,0,common,1.0,0.23389588700889785,0.6481892708427496,0.4430062903764241,0.0,0.8360009588872274,0.8881894161549934,,,EXPLOIT
1353,52,,,0,1,1,0,common,0.0,0.8479676734442164,0.5075425704465655,0.5644947052967617,0.0,0.8378366280432477,0.8896766001438648,,,EXPLOIT
1354,52,,,0,1,0,1,rare,1.0,0.6212806349552529,0.6700188375488664,0.5815304841943091,0.0,0.8309369906943819,0.8840393847269165,,,EXPLOIT
1355,52,,,0,1,1,0,common,1.0,0.44882101226125926,0.5328980471409831,0.5417176426143941,0.0,0.8235025709717161,0.8778608261778164,,,EXPLOIT
1356,52,,,0,1,1,0,common,1.0,0.29173365796981854,0.4171458156284268,0.46672244722102146,0.0,0.8154691087621809,0.8710593744029576,,,EXPLOIT
1357,52,,,0,1,0,0,rare,0.0,0.15961831008461602,0.34483359881737524,0.3745912060800998,0.0,0.8180149011958033,0.8732243888795006,,,EXPLOIT
1358,52,,,0,1,1,0,common,1.0,0.189626877680382,0.5976821632419373,0.3191019075601845,0.0,0.8204669745402047,0.8752973065803011,,,EXPLOIT
1359,52,,,0,1,1,1,common,0.0,0.25330403380100214,0.4632493397558117,0.29936254543242974,0.0,0.8228302932244898,0.8772837833890996,,,EXPLOIT
1360,52,,,0,1,1,0,common,1.0,0.12325747049224833,0.6548634502700132,0.24653102295037532,0.0,0.8251094773381868,0.8791890215073654,,,EXPLOIT
1361,52,,,0,1,1,0,common,0.0,0.9198826441800386,0.5146121348000307,0.4485365093192743,0.0,0.827308831980414,0.8810178140524679,,,EXPLOIT
1362,52,,,0,1,1,0,common,0.0,0.5979237187170251,0.6721371282566759,0.49335267213859957,0.0,0.8294323736575129,0.8827745844963305,,,EXPLOIT
1363,52,,,0,0,1,0,rare,1.0,0.6113495828339337,0.6893091137767907,0.5287517453471998,0.0,0.8314838540697325,0.8844634216277751,,,EXPLOIT
1364,52,,,0,0,0,1,common,0.0,0.5961675872790856,0.5556905096591427,0.5489764979267655,0.0,0.8240925634887643,0.8783264764878747,,,EXPLOIT
1365,52,,,0,0,1,0,rare,1.0,0.39737722884205695,0.677940203618036,0.5034967172013529,0.0,0.8161075077544386,0.8715730512198774,,,EXPLOIT
1366,52,,,0,0,1,0,rare,0.0,0.741704801252663,0.5313835594538284,0.574959142416746,0.0,0.8074545995748114,0.8641057387417509,,,EXPLOIT
1367,52,,,0,0,0,1,common,0.0,0.38750893173140566,0.6709871150780655,0.5187240792111438,0.0,0.7980468914817446,0.8558054702606118,,,EXPLOIT
1368,52,,,0,0,0,1,common,0.0,0.2518808056254137,0.6917266114001454,0.43867109713542474,0.0,0.787781658872148,0.8465251392741389,,,EXPLOIT
1369,52,,,0,0,0,0,common,0.0,0.10375190155500041,0.668161427316706,0.3381953384612974,0.0,0.7914497213290084,0.8498626506252497,,,EXPLOIT
1370,52,,,0,0,0,1,common,1.0,0.836277476343481,0.6388625490553335,0.4876199798259525,0.0,0.7949582998099038,0.8530268133402459,,,EXPLOIT
1371,52,,,0,0,0,1,common,1.0,0.5435803596232627,0.6533342056976061,0.5044080937651455,0.0,0.7983174082882188,0.856030643154743,,,EXPLOIT
1372,52,,,0,0,0,1,common,1.0,0.35332723375512076,0.49937042279977695,0.45908383576213807,0.0,0.788077372089642,0.8467776569607617,,,EXPLOIT
1373,52,,,0,0,0,1,common,0.0,0.7703372980591715,0.3821595569736709,0.5524598744512481,0.0,0.7917324553414781,0.850101900940717,,,EXPLOIT
1374,52,,,0,0,0,1,common,1.0,0.49928075626153845,0.6076969580217648,0.5365061389943352,0.0,0.7808699985268592,0.8401147768531657,,,EXPLOIT
1375,52,,,0,0,0,1,common,0.0,0.67546750843,0.4574176334274189,0.5781945498250346,0.0,0.7689392457338813,0.8288240399534013,,,EXPLOIT
1376,52,,,0,0,0,1,common,1.0,0.5609461195205,0.6440548314494103,0.5730200207336742,0.0,0.7557751493701401,0.8159573246231188,,,EXPLOIT
1377,52,,,0,0,1,0,rare,0.0,0.482108120814231,0.48971805030735494,0.5457464507578412,0.0,0.7411768174564165,0.8011607116287481,,,EXPLOIT
1378,52,,,0,1,1,0,common,0.0,0.31337027852925015,0.6568622482458135,0.47603359908926385,0.0,0.7248972242703445,0.7839657340743281,,,EXPLOIT
1379,52,,,0,0,1,0,rare,0.0,0.2036906810440126,0.5952562952795765,0.39433072367568844,0.0,0.7318067828986686,0.7913452668842905,,,EXPLOIT
1380,52,,,0,0,0,1,common,1.0,0.36461497768832496,0.6774867015367365,0.38541599987947933,0.0,0.7383136450518457,0.7981706303715023,,,EXPLOIT
1381,52,,,0,0,1,1,rare,0.0,0.16464762197065141,0.5012100362045817,0.31918548650683093,0.0,0.7444517170505308,0.8045016807131053,,,EXPLOIT
1382,52,,,0,0,0,1,common,1.0,0.23699973549741127,0.6430746856777989,0.294529761204005,0.0,0.7502512029921784,0.8103899537757797,,,EXPLOIT
1383,52,,,0,0,0,1,common,1.0,0.15404982807331735,0.45873020560867167,0.25238578126479866,0.0,0.7557390966387334,0.8158800622780351,,,EXPLOIT
1384,52,,,0,0,0,1,common,0.0,0.8998676117523438,0.32986288686473786,0.44663033041106215,0.0,0.7609395969100008,0.8210108205635277,,,EXPLOIT
1385,52,,,0,0,1,0,rare,1.0,0.8676010573213918,0.5488418728316531,0.572921548484161,0.0,0.7658744604755652,0.8258161569910047,,,EXPLOIT
1386,52,,,0,0,0,0,common,1.0,0.9325612639892498,0.3851093042003978,0.6808134631356877,0.0,0.7523833515208976,0.8125111322891476,,,EXPLOIT
1387,52,,,0,0,0,1,common,1.0,0.4150860523609765,0.28823982019672645,0.6010952399032743,0.0,0.737402933828261,0.7971731413805876,,,EXPLOIT
1388,52,,,0,0,0,1,common,1.0,0.2698059340346347,0.23436915292206958,0.5017084481426825,0.0,0.7206730831765029,0.7792986732324201,,,EXPLOIT
1389,52,,,0,0,0,1,common,1.0,0.17537385712251252,0.2035745922851293,0.40380807083663145,0.0,0.7018693529609928,0.7582029799337868,,,EXPLOIT
1390,52,,,0,0,0,1,common,1.0,0.11399300712963312,0.18532525882261908,0.31686355172453196,0.0,0.7102030395492703,0.7676765213609285,,,EXPLOIT
1391,52,,,0,0,1,0,rare,1.0,0.5639406872589047,0.17419073353549427,0.39098669238484374,0.0,0.7180068077250997,0.7763513881759577,,,EXPLOIT
1392,52,,,0,0,1,0,rare,0.0,0.633438553281712,0.1672535340887562,0.46372225065390416,0.0,0.7253292858788174,0.7843241081585368,,,EXPLOIT
1393,52,,,0,0,0,1,common,1.0,0.07409545463426148,0.4038961390425136,0.34683421184801133,0.0,0.732213329457303,0.7916762566443756,,,EXPLOIT
1394,52,,,0,0,1,0,rare,0.0,0.41173505963311274,0.2987186575337739,0.36630446618354173,0.0,0.7386968529543065,0.7984772438197245,,,EXPLOIT
1395,52,,,0,0,1,0,rare,1.0,0.7323722112384767,0.5264506913927771,0.4761247897000222,0.0,0.7448135220452595,0.8047865009280847,,,EXPLOIT
1396,52,,,0,0,0,1,common,0.0,0.95183795448773,0.3706412390784053,0.6188387391363346,0.0,0.7505933325466857,0.810655211372792,,,EXPLOIT
1397,52,,,0,0,0,1,common,1.0,0.38130532958297547,0.575382463117741,0.5475787162703268,0.0,0.7354091890835257,0.7950213512641396,,,EXPLOIT
1398,52,,,0,0,0,1,common,0.0,0.752151535771066,0.4032569673854556,0.6089505621205485,0.0,0.7184388648056941,0.776774320083636,,,EXPLOIT
1399,52,,,0,1,0,0,rare,0.0,0.3938351784069877,0.5946032117295201,0.5444159470064802,0.0,0.6993485128718153,0.7552003770581556,,,EXPLOIT
1400,52,,,0,1,1,0,common,1.0,0.4760419373050099,0.5442439741550161,0.5239037440960391,0.0,0.6777155623589445,0.7292998195136172,,,EXPLOIT
1401,52,,,0,1,1,0,common,1.0,0.3094272592482564,0.6927965195160206,0.4595607986417043,0.0,0.6529971460897002,0.6976278271695734,,,EXPLOIT
1402,52,,,0,1,0,1,rare,0.0,0.4888984982511929,0.609011586711318,0.46836210852455085,0.0,0.664767290880999,0.7129827223485603,,,EXPLOIT
1403,52,,,0,1,0,1,rare,1.0,0.6822159761367246,0.6931007172580914,0.532518268808203,0.0,0.6756587517900395,0.7267214277157903,,,EXPLOIT
1404,52,,,0,1,1,0,common,1.0,0.20112771851136668,0.61728097037567,0.43310110371915206,0.0,0.6506355822599477,0.694439751243814,,,EXPLOIT
1405,52,,,0,1,0,1,rare,0.0,0.556559615511129,0.5083910983000203,0.4701386572567451,0.0,0.6625859036080518,0.7101407464863397,,,EXPLOIT
1406,52,,,0,1,1,0,common,1.0,0.13073301703238838,0.6819593022338303,0.3683169651894381,0.0,0.6736377791977298,0.7241722275292413,,,EXPLOIT
1407,52,,,0,1,1,0,common,1.0,0.08497646107105239,0.5784894293577365,0.28331481395392233,0.0,0.6838883594076773,0.7367864304729813,,,EXPLOIT
1408,52,,,0,1,0,1,rare,1.0,0.6382362499177662,0.4783054483017028,0.38979124474307547,0.0,0.6934212756232564,0.7481872163789512,,,EXPLOIT
1409,52,,,0,1,0,1,rare,1.0,0.41485356244654803,0.4107703819555151,0.39730994005411724,0.0,0.7023089127433219,0.7585411376880672,,,EXPLOIT
1410,52,,,0,1,0,1,rare,1.0,0.2696548155902563,0.36829131274466687,0.35901340271495896,0.0,0.7106142381941787,0.7679855996459176,,,EXPLOIT
1411,52,,,0,0,0,1,common,0.0,0.8247243698663334,0.3417516698426722,0.49872669286037125,0.0,0.7183922852450477,0.776634969114275,,,EXPLOIT
1412,52,,,0,1,1,0,common,1.0,0.05523469969618411,0.23653083283747448,0.36567909491111505,0.0,0.7256913645268255,0.7845852088145602,,,EXPLOIT
1413,52,,,0,1,0,0,rare,0.0,0.25599286596454196,0.2234764750712681,0.3327732262271431,0.0,0.7325540601356948,0.7919174362028253,,,EXPLOIT
1414,52,,,0,1,1,0,common,1.0,0.03590255480251969,0.49106174080018106,0.2437120247997561,0.0,0.7390180537212255,0.7987006872632799,,,EXPLOIT
1415,52,,,0,1,1,0,common,1.0,0.02333666062163775,0.3751554114151429,0.17759941554632058,0.0,0.7451168102453475,0.8049940850133588,,,EXPLOIT
1416,52,,,0,0,0,1,common,1.0,0.4639291595868833,0.3061044201899439,0.2634983387584894,0.0,0.750880151764424,0.8108485571242959,,,EXPLOIT
1417,52,,,0,0,0,0,common,1.0,0.8336046371230477,0.5260146465822735,0.43453022826785687,0.0,0.7563347400012878,0.8163082083685975,,,EXPLOIT
1418,52,,,0,0,0,0,common,0.0,0.45815698587001896,0.6496179985880888,0.44161825554850553,0.0,0.7615044841861593,0.8214114261987395,,,EXPLOIT
1419,52,,,0,0,0,1,common,1.0,0.3015539537314742,0.4593038710991487,0.3995989650033961,0.0,0.7664108873284075,0.8261917780972661,,,EXPLOIT
1420,52,,,0,1,1,0,common,1.0,0.015168829404064499,0.619320223802581,0.2842699243235966,0.0,0.7710733414968374,0.8306787450606555,,,EXPLOIT
1421,52,,,0,1,1,0,common,0.0,0.9901402608873581,0.578104844824751,0.496031025292725,0.0,0.7755093806590614,0.8348983250969315,,,EXPLOIT
1422,52,,,0,1,1,0,common,1.0,0.35640883042321725,0.6862892217164644,0.45414436683187265,0.0,0.7797348980302146,0.8388735328411623,,,EXPLOIT
1423,52,,,0,1,0,1,rare,1.0,0.19601006992545822,0.6781750761759264,0.3767040777599483,0.0,0.7837643336102075,0.842624815568881,,,EXPLOIT
1424,52,,,0,0,0,1,common,1.0,0.12740654545154784,0.6310192620898907,0.30191481806742815,0.0,0.7876108365733205,0.8461704014855438,,,EXPLOIT
1425,52,,,0,0,0,1,common,1.0,0.0828142545435061,0.6867661614650681,0.23618464901025152,0.0,0.7912864063583172,0.8495265928147179,,,EXPLOIT
1426,52,,,0,0,0,1,common,1.0,0.05382926545327893,0.6919160497100009,0.18147803394315973,0.0,0.7948020156486634,0.8527080136294677,,,EXPLOIT
1427,52,,,0,0,0,1,common,1.0,0.03498902254463132,0.6811878624027936,0.1375313305236012,0.0,0.7981677178980102,0.8557278203753546,,,EXPLOIT
1428,52,,,0,0,0,1,common,0.0,0.9772571353459897,0.6685785490288487,0.38944907197031775,0.0,0.8013927416203162,0.8585978814771217,,,EXPLOIT
1429,52,,,0,0,1,0,rare,1.0,0.2316657397750912,0.6083092502672623,0.34211407231174973,0.0,0.8044855733070774,0.8613289311994249,,,EXPLOIT
1430,52,,,0,0,0,1,common,1.0,0.3647828620251067,0.6810194966134604,0.3489147092257568,0.0,0.8074540305405002,0.863930701966826,,,EXPLOIT
1431,52,,,0,0,0,1,common,0.0,0.7628911396836806,0.6929168585517249,0.4731076383631339,0.0,0.8103053266289095,0.8664120385811854,,,EXPLOIT
1432,52,,,0,0,1,0,rare,0.0,0.8494172691461908,0.5567748567099042,0.5860005275980509,0.0,0.8130461278895145,0.8687809971614091,,,EXPLOIT
1433,52,,,0,1,1,0,common,0.0,0.552121224945024,0.3898419622569991,0.5758367368021428,0.0,0.8041298778943614,0.8610076187653419,,,EXPLOIT
1434,52,,,0,1,1,0,common,0.0,0.35887879621426566,0.630474847921745,0.5107493546257796,0.0,0.7944235178471825,0.8523482365632232,,,EXPLOIT
1435,52,,,0,0,0,1,common,1.0,0.5041207592056076,0.6931060586968874,0.508760775999728,0.0,0.7838177162649703,0.8426427368435359,,,EXPLOIT
1436,52,,,0,0,0,0,common,0.0,0.2978020408155123,0.5967316648458268,0.44547315544446325,0.0,0.772181995064881,0.8316899534795638,,,EXPLOIT
1437,52,,,0,0,0,1,common,1.0,0.327678493483645,0.6915359948047438,0.41013475685621775,0.0,0.7765649726722006,0.8358503445163874,,,EXPLOIT
1438,52,,,0,0,0,1,common,1.0,0.21299102076436927,0.5848362528038445,0.3509916360286632,0.0,0.780741099070639,0.8397713678946613,,,EXPLOIT
1439,52,,,0,0,1,0,rare,0.0,0.23327121753927268,0.46297231655442905,0.31567551048184606,0.0,0.7847244834160158,0.8434729222243861,,,EXPLOIT
1440,52,,,0,0,0,1,common,0.0,0.8615558365031599,0.660117312889549,0.47943960828824017,0.0,0.7885279804924709,0.8469727602256514,,,EXPLOIT
1441,52,,,0,1,1,1,common,0.0,0.10702095428092342,0.6904354235787895,0.36771401208604515,0.0,0.7921633270866696,0.8502867704089653,,,EXPLOIT
1442,52,,,0,1,1,0,common,1.0,0.8483737085994727,0.6789192122072676,0.5119119210400733,0.0,0.7956412609488285,0.853429215520867,,,EXPLOIT
1443,52,,,0,1,0,1,rare,0.0,0.560011293727054,0.6285540703313099,0.5263417328461675,0.0,0.7851505579251078,0.8438577295412577,,,EXPLOIT
1444,52,,,0,1,1,0,common,1.0,0.5514429105896573,0.69286443992146,0.5338720861692143,0.0,0.7736469820163793,0.8330654448276109,,,EXPLOIT
1445,52,,,0,1,1,0,common,1.0,0.35843789188327724,0.5831372885655609,0.48124182788343317,0.0,0.7609770763543766,0.8208035526228581,,,EXPLOIT
1446,52,,,0,0,0,1,common,1.0,0.6359926590774149,0.4501601950674552,0.5276670772416276,0.0,0.765910049222616,0.8256218398491797,,,EXPLOIT
1447,52,,,0,0,0,0,common,0.0,0.19357132653008302,0.6434506346973909,0.4274383520281642,0.0,0.7524227615619163,0.8122882306106141,,,EXPLOIT
1448,52,,,0,1,1,1,common,0.0,0.06956362028260023,0.4928905947701618,0.320075932504495,0.0,0.757796065772379,0.8176527891950811,,,EXPLOIT
1449,52,,,0,1,0,1,rare,1.0,0.4133952284003197,0.6715247605672898,0.3480717212732424,0.0,0.7628907170943358,0.8226699724615517,,,EXPLOIT
1450,52,,,0,0,0,1,common,1.0,0.2687068984602079,0.5472698562539704,0.32426227442933203,0.0,0.7677276054668539,0.8273722329936859,,,EXPLOIT
1451,52,,,0,0,1,0,rare,1.0,0.23298462972413025,0.6838957847574147,0.2968789810177715,0.0,0.772325583939254,0.8317881032902964,,,EXPLOIT
1452,52,,,0,0,0,1,common,0.0,0.8253405160008649,0.6812767667994608,0.4554174415126995,0.0,0.7767017110308563,0.835942770325767,,,EXPLOIT
1453,52,,,0,1,1,0,common,1.0,0.1514400093206847,0.6337642218892154,0.364224211855095,0.0,0.7808714592903794,0.8398585519335215,,,EXPLOIT
1454,52,,,0,1,1,0,common,1.0,0.09843600605844505,0.5413741276182341,0.28448775011610006,0.0,0.7848488954296297,0.8435552940423671,,,EXPLOIT
1455,52,,,0,1,0,1,rare,0.0,0.5364713354005621,0.4715882994513818,0.3600828257014387,0.0,0.788646836451099,0.8470507036935905,,,EXPLOIT
1456,52,,,0,1,1,0,common,1.0,0.06398340393798929,0.6803906842868441,0.2712529991724038,0.0,0.7922769854208264,0.8503606296333596,,,EXPLOIT
1457,52,,,0,1,1,0,common,1.0,0.041589212559693056,0.5927667263036761,0.20235386318859055,0.0,0.7957500499166574,0.85349929986262,,,EXPLOIT
1458,52,,,0,1,1,0,common,1.0,0.02703298816380051,0.5082144511756261,0.1497576006811535,0.0,0.7990758456772544,0.8564795236555627,,,EXPLOIT
1459,52,,,0,1,0,1,rare,0.0,0.34870636801036536,0.4494071867502704,0.20944223087991706,0.0,0.8022633875650822,0.8593128640962185,,,EXPLOIT
1460,52,,,0,1,1,0,common,1.0,0.017571442306470342,0.6748688588974547,0.15188099430788304,0.0,0.805320969618633,0.8620097860335488,,,EXPLOIT
1461,52,,,0,1,1,0,common,0.0,0.9885785625007942,0.5846873322406532,0.4028902647657564,0.0,0.8082562356908015,0.8645797834461172,,,EXPLOIT
1462,52,,,0,1,1,0,common,1.0,0.3574239343744837,0.6930878589605843,0.38925036564837456,0.0,0.8110762419401221,0.867031489483638,,,EXPLOIT
1463,52,,,0,0,0,0,common,0.0,0.12582136224455398,0.6319526173725905,0.3102216646272284,0.0,0.8137875122504585,0.8693727718733172,,,EXPLOIT
1464,52,,,0,0,1,0,rare,1.0,0.23232555734341442,0.5005032999520517,0.2868528324420842,0.0,0.8163960874954558,0.8716108159125879,,,EXPLOIT
1465,52,,,0,0,0,1,common,0.0,0.2266591392067375,0.6718602495456111,0.2687947244714802,0.0,0.8189075694308334,0.8737521968926091,,,EXPLOIT
1466,52,,,0,0,1,0,rare,1.0,0.15101161227321935,0.5437181337629404,0.2334597908120019,0.0,0.8213271598857788,0.8758029434902317,,,EXPLOIT
1467,52,,,0,0,0,1,common,0.0,0.14732844048437937,0.682870426030521,0.20762038571371513,0.0,0.8236596958305176,0.8777685934156613,,,EXPLOIT
1468,52,,,0,1,1,1,common,0.0,0.04521635318369015,0.5612884805082976,0.15889917595470762,0.0,0.8259096808175801,0.8796542423975597,,,EXPLOIT
1469,52,,,0,0,1,0,rare,1.0,0.09815754797759257,0.6887792865228097,0.1406766875615731,0.0,0.8280813132268375,0.881464587418018,,,EXPLOIT
1470,52,,,0,0,1,0,rare,0.0,0.9361975938145648,0.6381288261053064,0.3793329594374706,0.0,0.8301785116870694,0.8832039649697678,,,EXPLOIT
1471,52,,,0,0,0,0,common,1.0,0.9182161145410399,0.690269987540933,0.5409979059685414,0.0,0.8322049379979461,0.884876384991662,,,EXPLOIT
1472,52,,,0,1,1,0,common,0.0,0.6085284359794672,0.6345801978275245,0.561257064971819,0.0,0.8248703210961961,0.8787798266598615,,,EXPLOIT
1473,52,,,0,1,1,1,common,1.0,0.9706093704306014,0.5191510298871429,0.6840627566094537,0.0,0.8169488486024477,0.8720729895202286,,,EXPLOIT
1474,52,,,0,1,1,0,common,1.0,0.6044565166133463,0.6828574897129669,0.6601808846106214,0.0,0.8083676037939764,0.864659804238059,,,EXPLOIT
1475,52,,,0,1,1,0,common,1.0,0.3928967357986751,0.6763277379173236,0.5799956399670375,0.0,0.7990410685821427,0.8564229209527738,,,EXPLOIT
1476,52,,,0,1,1,0,common,1.0,0.25538287826913886,0.6194844469626749,0.4826118114576679,0.0,0.7888682783847917,0.8472174714550476,,,EXPLOIT
1477,52,,,0,1,1,0,common,0.0,0.8340011291250597,0.566965576023034,0.5880286067578855,0.0,0.7924887528065387,0.8505186666971969,,,EXPLOIT
1478,52,,,0,0,1,0,rare,0.0,0.5421007339312889,0.6905913663422072,0.5742502449099065,0.0,0.781698746867967,0.8405841130626586,,,EXPLOIT
1479,52,,,0,0,0,1,common,0.0,0.0957634863148466,0.6355450024056517,0.4307042173313885,0.0,0.7698513289300305,0.8293565303431991,,,EXPLOIT
1480,52,,,0,1,1,0,common,0.0,0.3523654770553378,0.5309310924583289,0.4072025952485733,0.0,0.7743462007990592,0.8336540981151235,,,EXPLOIT
1481,52,,,0,0,0,0,common,0.0,0.403159525548324,0.6679645677674968,0.4059896743384984,0.0,0.7786264569035912,0.8377006493002956,,,EXPLOIT
1482,52,,,0,0,0,1,common,1.0,0.9377537338953497,0.6172959835279975,0.5655188922055537,0.0,0.7827069083928481,0.8415173649896572,,,EXPLOIT
1483,52,,,0,1,0,1,rare,1.0,0.6095399270319773,0.6773808672309465,0.5787252026534808,0.0,0.7709604580404436,0.8304148050458382,,,EXPLOIT
1484,52,,,0,1,1,0,common,0.0,0.22903756008596957,0.6596123642492466,0.4738189098832274,0.0,0.7580097412274073,0.8177767442664371,,,EXPLOIT
1485,52,,,0,1,0,1,rare,1.0,0.39620095257078525,0.6821743434576504,0.45053352268949476,0.0,0.7630934556600741,0.8227860309211226,,,EXPLOIT
1486,52,,,0,1,1,1,common,0.0,0.36910390922010905,0.654658565104533,0.42610463864867903,0.0,0.7679202163654903,0.8274811207485769,,,EXPLOIT
1487,52,,,0,1,0,1,rare,0.0,0.7424693808289896,0.6839475702712785,0.5210140613027722,0.0,0.7725087984975141,0.8318904599311598,,,EXPLOIT
1488,52,,,0,1,0,1,rare,1.0,0.5173949024611567,0.6160929049201096,0.5199283136502875,0.0,0.7597203138829777,0.8194625626095338,,,EXPLOIT
1489,52,,,0,1,0,0,rare,0.0,0.2620536916064106,0.6866812232665335,0.4425659270371244,0.0,0.7455599246560853,0.8052059560394835,,,EXPLOIT
1490,52,,,0,1,1,1,common,0.0,0.2399175409930709,0.6637699300034754,0.38177141122390834,0.0,0.7512992441743758,0.8110459126340104,,,EXPLOIT
1491,52,,,0,1,1,1,common,0.0,0.15594640164549609,0.5899290655232694,0.31402390835038463,0.0,0.7567316926487316,0.8164924815412099,,,EXPLOIT
1492,52,,,0,1,1,0,common,1.0,0.8511255859441198,0.5271433603295699,0.47515441162850514,0.0,0.7618809877047774,0.8215838675769139,,,EXPLOIT
1493,52,,,0,1,1,0,common,0.0,0.4467683691363221,0.6926609081886786,0.46663859888085024,0.0,0.7667684645223259,0.8263534837795952,,,EXPLOIT
1494,52,,,0,1,0,1,rare,1.0,0.33630668659975194,0.6383787789767206,0.42753902519652076,0.0,0.7714133676614395,0.8308306798286976,,,EXPLOIT
1495,52,,,0,1,1,0,common,0.0,0.2903994399386094,0.6807445147718572,0.3863971496191473,0.0,0.7758331010192053,0.8350413415076144,,,EXPLOIT
1496,52,,,0,1,1,1,common,0.0,0.10136516106957247,0.6701064666440688,0.3008875530542748,0.0,0.7800434427618772,0.8390083870824733,,,EXPLOIT
1497,52,,,0,1,1,1,common,0.0,0.06588735469522211,0.5970584329825175,0.23038749354655896,0.0,0.7840587308274195,0.8427521807013832,,,EXPLOIT
1498,52,,,0,1,1,1,common,0.0,0.04282678055189437,0.5324226695854781,0.17411927964815957,0.0,0.7878920235948207,0.8462908785590811,,,EXPLOIT
1499,52,,,0,1,1,1,common,1.0,0.9721625926412687,0.48699804056270773,0.41353227354609223,0.0,0.7915552395140236,0.849640720247713,,,EXPLOIT
1500,52,,,0,1,0,1,rare,1.0,0.2185993462898388,0.6890841608621193,0.3550523953692162,0.0,0.7950592788420707,0.8528162751595452,,,EXPLOIT
1501,52,,,0,1,1,1,common,0.0,0.3680943147831754,0.6441406129162048,0.3589649711934039,0.0,0.7984141301048225,0.8558306518288795,,,EXPLOIT
1502,52,,,0,1,1,0,common,0.0,0.1887596359600961,0.6869694573095282,0.30790337062341155,0.0,0.8016289634743697,0.8586956765573948,,,EXPLOIT
1503,52,,,0,1,1,1,common,0.0,0.239261304609064,0.6216106277278977,0.2873107508191073,0.0,0.8047122129005777,0.8614220464555781,,,EXPLOIT
1504,52,,,0,1,1,1,common,1.0,0.8444801520041084,0.5514558974366035,0.4544615711746076,0.0,0.807671648545792,0.8640194610755964,,,EXPLOIT
1505,52,,,0,0,1,1,rare,1.0,0.5489120988026704,0.6931306116566913,0.48279672946302643,0.0,0.8105144408325939,0.8664967360499165,,,EXPLOIT
1506,52,,,0,0,1,1,rare,0.0,0.6432071357782642,0.6278006226253566,0.5309198513575978,0.0,0.8132472172160988,0.8688619015415384,,,EXPLOIT
1507,52,,,0,1,1,1,common,0.0,0.4180846382558717,0.6900290792075894,0.49706928742707995,0.0,0.804348389389854,0.8610974821408472,,,EXPLOIT
1508,52,,,0,1,1,0,common,1.0,0.8773062366259375,0.6644432504109545,0.6111403721867372,0.0,0.8073223134850912,0.8637100953857425,,,EXPLOIT
1509,52,,,0,0,1,0,rare,0.0,0.4297509461931406,0.6634480503694411,0.5567235443886582,0.0,0.7979028141653643,0.8553644097007509,,,EXPLOIT
1510,52,,,0,0,0,1,common,0.0,0.8579104249116047,0.5653489677695862,0.6470796085455421,0.0,0.7876241489036998,0.8460303939388611,,,EXPLOIT
1511,52,,,0,1,1,0,common,0.0,0.2793381150255414,0.4824666332262737,0.5367571604895418,0.0,0.7763637479013817,0.8355219993973552,,,EXPLOIT
1512,52,,,0,1,0,1,rare,0.0,0.5576417761925432,0.6347453271336427,0.5430225452004421,0.0,0.7639745631546838,0.8236033542797765,,,EXPLOIT
1513,52,,,0,1,1,0,common,1.0,0.8184302252333981,0.687712580411296,0.6256448492103289,0.0,0.7502786366871033,0.8099708889465861,,,EXPLOIT
1514,52,,,0,1,0,1,rare,0.0,0.3624671545251531,0.5222593389150842,0.5466915408047761,0.0,0.7350585283244059,0.7942271709304273,,,EXPLOIT
1515,52,,,0,1,1,1,common,1.0,0.7282449851336834,0.6517710469459548,0.6011575741034483,0.0,0.7180457231560353,0.7758415881105507,,,EXPLOIT
1516,52,,,0,1,1,0,common,1.0,0.5319796464017088,0.467641673673521,0.5804041957929263,0.0,0.6989046996980424,0.7540894622718625,,,EXPLOIT
1517,52,,,0,0,0,1,common,1.0,0.7643963495586505,0.33497157258576904,0.6356018419226436,0.0,0.6772106376781335,0.727954398172385,,,EXPLOIT
1518,52,,,0,0,0,1,common,0.0,0.5031423727868771,0.5828865744611138,0.5958640011819136,0.0,0.6524175918599459,0.6959650710554744,,,EXPLOIT
1519,52,,,0,0,0,0,common,0.0,0.17033489954416692,0.44188455513912694,0.4682052706905896,0.0,0.6238120097177453,0.6559086288971592,,,EXPLOIT
1520,52,,,0,1,0,0,rare,1.0,0.8892823152962915,0.3503728846776184,0.5945283840723001,0.0,0.6378993329360505,0.6760758814683951,,,EXPLOIT
1521,52,,,0,0,0,0,common,0.0,0.42196649505741046,0.2735811820383188,0.5427598173678332,0.0,0.6069253975157758,0.6304879023050333,,,EXPLORE
1522,52,,,0,1,0,1,rare,1.0,0.6729574576885299,0.22770857638974243,0.5818191094640421,0.0,0.5705584984751244,0.5706696307401593,,,EXPLOIT
1523,52,,,0,0,0,1,common,0.0,0.5625776525024555,0.18999856717180072,0.5760466723755662,0.0,0.5272582443350887,0.4887307412798183,,,EXPLORE
1524,52,,,0,1,1,0,common,1.0,0.3457867701611107,0.16704989252717714,0.5069687017112295,0.0,0.4748358706639634,0.3696250192857409,,,EXPLORE
1525,52,,,0,1,0,0,rare,0.0,0.2742782217873168,0.1475756585915718,0.43716155773405574,0.0,0.4100729840397302,0.18065950146311097,,,EXPLOIT
1526,52,,,0,1,1,0,common,0.0,0.7752385993952781,0.3520395130268672,0.5385846702324224,0.0,0.44695578587945417,0.2949250145296521,,,EXPLOIT
1527,52,,,0,0,0,0,common,0.0,0.17828084416175594,0.535661540231466,0.43049352241122246,0.0,0.37503591894769417,0.09090909090909093,,,EXPLORE
1528,52,,,0,0,0,1,common,0.0,0.36567547412659607,0.5103063561968824,0.4110481079258345,0.0,0.41660041520168206,0.23017705927636645,,,EXPLORE
1529,52,,,0,1,1,0,common,1.0,0.4960949103930692,0.4935501036068082,0.4365621486660049,0.0,0.4526396836090546,0.33155527035247095,,,EXPLORE
1530,52,,,0,1,1,1,common,1.0,0.47335924033689425,0.3104939783620606,0.44760127616727163,0.0,0.4841852823493553,0.40865139461585376,,,EXPLORE
1531,52,,,0,1,1,1,common,0.0,0.6923164937810187,0.21539016943603828,0.5210158414513957,0.0,0.5120270260416246,0.46925370836719743,,,EXPLOIT
1532,52,,,0,0,0,1,common,0.0,0.23768905818228744,0.41076480314587993,0.4360178064706631,0.0,0.4561673263575191,0.34006380567581695,,,EXPLORE
1533,52,,,0,0,0,0,common,0.0,0.11588254870514136,0.4000183108862366,0.3399772291410066,0.0,0.4872880436197902,0.41525427127022185,,,EXPLOIT
1534,52,,,0,1,1,0,common,1.0,0.322461691755495,0.3930833979167358,0.3347225679253531,0.0,0.514777157089648,0.4745259581707185,,,EXPLOIT
1535,52,,,0,1,1,0,common,1.0,0.20960009964107174,0.2522968715469739,0.29718582744006866,0.0,0.5392341344499207,0.5224480780585465,,,EXPLOIT
1536,52,,,0,1,0,1,rare,1.0,0.8455021121815132,0.18211795918891072,0.461680712862502,0.0,0.5611333864703473,0.5619938583437094,,,EXPLOIT
1537,52,,,0,1,0,1,rare,1.0,0.5495763729179836,0.1456370487510599,0.48804941087914644,0.0,0.5808552612523543,0.5951814085820492,,,EXPLOIT
1538,52,,,0,1,1,0,common,1.0,0.1362400647666966,0.12543359870327983,0.38250660704541145,0.0,0.5987082558357235,0.6234287361496264,,,EXPLOIT
1539,52,,,0,1,1,0,common,1.0,0.08855604209835277,0.11365846599710538,0.2943214375612938,0.0,0.6149452176876782,0.6477613686208623,,,EXPLOIT
1540,52,,,0,1,1,0,common,1.0,0.05756142736392933,0.10654143172563711,0.22329343450208444,0.0,0.6297753514896209,0.6689393553341298,,,EXPLOIT
1541,52,,,0,0,0,1,common,1.0,0.3572246423966894,0.10213199778901812,0.26347279687046593,0.0,0.6433732458593597,0.6875379511821548,,,EXPLOIT
1542,52,,,0,1,1,0,common,1.0,0.037414927786554086,0.27562298805518703,0.19565543614529238,0.0,0.6558857486523958,0.7040005609389155,,,EXPLOIT
1543,52,,,0,1,1,0,common,1.0,0.02431970306126019,0.2693340106932446,0.1442547162200827,0.0,0.6674372662156531,0.718674467571057,,,EXPLOIT
1544,52,,,0,0,0,1,common,1.0,0.23219601755784813,0.2652992493869405,0.17063710662141232,0.0,0.6781338925789827,0.7318355399652468,,,EXPLOIT
1545,52,,,0,0,0,1,common,1.0,0.15092741141260135,0.447745003695681,0.16472419805876903,0.0,0.6880666592912345,0.7437056920720194,,,EXPLOIT
1546,52,,,0,0,1,1,rare,0.0,0.4500057209576621,0.5743937750956501,0.25030865492843696,0.0,0.697314116891591,0.7544654587760167,,,EXPLOIT
1547,52,,,0,0,0,1,common,1.0,0.09810281741819082,0.35272411797734543,0.20464690367536312,0.0,0.7059444030675281,0.7642632109968605,,,EXPLOIT
1548,52,,,0,0,0,0,common,0.0,0.0753236566583419,0.5140848828638064,0.16584992957025674,0.0,0.7140169127611199,0.7732220131596678,,,EXPLOIT
1549,52,,,0,1,0,1,rare,1.0,0.06376683132182404,0.31555645102248103,0.1352250000957269,0.0,0.7215836568260054,0.7814447979725397,,,EXPLOIT
1550,52,,,0,1,1,0,common,0.0,0.9841921930101809,0.3126466045247194,0.3899151579700631,0.0,0.7286903749530873,0.7890183213020637,,,EXPLOIT
1551,52,,,0,1,0,1,rare,1.0,0.0414484403591856,0.6066845408778165,0.28537514268679987,0.0,0.7353774531987829,0.7960162199726284,,,EXPLOIT
1552,52,,,0,1,0,1,rare,1.0,0.02694148623347059,0.5046941030484753,0.20784504575080107,0.0,0.7416806850017619,0.8025014012374002,,,EXPLOIT
1553,52,,,0,1,1,1,common,1.0,0.7074962813775196,0.4326996706853079,0.3577404164388166,0.0,0.7476319059743994,0.8085279283500388,,,EXPLOIT
1554,52,,,0,1,0,1,rare,0.0,0.9824880339482441,0.38675438340515506,0.5451647016916448,0.0,0.7532595262374888,0.8141425220022726,,,EXPLOIT
1555,52,,,0,0,0,1,common,0.0,0.6386172220663586,0.6450952961442631,0.5732004578040589,0.0,0.7383783036248049,0.7990621097707096,,,EXPLOIT
1556,52,,,0,0,0,1,common,1.0,0.5848988056568669,0.5336491118347828,0.5767099621599013,0.0,0.7217654405159013,0.7815112916543924,,,EXPLOIT
1557,52,,,0,0,1,0,rare,0.0,0.6397249254566176,0.6869235610738722,0.5956144511489162,0.0,0.7031010145607663,0.7608300121760078,,,EXPLOIT
1558,52,,,0,1,0,0,rare,0.0,0.04896037682792223,0.588653470398558,0.431618228852618,0.0,0.681981124310769,0.7361000841348821,,,EXPLOIT
1559,52,,,0,1,1,0,common,0.0,0.41582120154680147,0.6905082069962112,0.426879120660873,0.0,0.6916457045811759,0.7475654064779631,,,EXPLOIT
1560,52,,,0,1,0,1,rare,0.0,0.6198157763230365,0.6746383192154829,0.48476011735952207,0.0,0.7006519087381399,0.7579751992331014,,,EXPLOIT
1561,52,,,0,1,1,0,common,1.0,0.7297162189945791,0.6298461495315453,0.5582469478500391,0.0,0.7090643853130334,0.7674683521601933,,,EXPLOIT
1562,52,,,0,1,1,1,common,0.0,0.5401274171046122,0.6696290938118907,0.552811088626411,0.0,0.6887464485700681,0.7440809106176616,,,EXPLOIT
1563,52,,,0,1,1,0,common,1.0,0.47431554234647644,0.6882871402950066,0.5292624247424307,0.0,0.6656286217843441,0.7157807189502609,,,EXPLOIT
1564,52,,,0,1,1,1,common,1.0,0.6489171788820021,0.6210737899846255,0.5651588509843021,0.0,0.6390907627915943,0.6808401346863414,,,EXPLOIT
1565,52,,,0,1,1,0,common,1.0,0.3083051025252097,0.49078359446545894,0.4881027264465743,0.0,0.6083149926441931,0.6366138807921298,,,EXPLORE
1566,52,,,0,1,1,0,common,1.0,0.2003983166413863,0.39822065272741214,0.40179140350501785,0.0,0.6237123271055708,0.6592119088807917,,,EXPLOIT
1567,52,,,0,1,1,1,common,0.0,0.5782038337266986,0.3411503079247568,0.4547151325715221,0.0,0.6378079009856779,0.6789759167975191,,,EXPLOIT
1568,52,,,0,0,0,0,common,1.0,0.9681757550618506,0.6025724968678995,0.6087533193186206,0.0,0.6507594763316725,0.6964067411998024,,,EXPLOIT
1569,52,,,0,1,1,0,common,0.0,0.8697410941830989,0.6930757103331551,0.6870496517779641,0.0,0.621888508944265,0.6564685900091181,,,EXPLORE
1570,52,,,0,1,1,1,common,0.0,0.37583249192235413,0.6157586136736561,0.593684503821281,0.0,0.5881850893563632,0.6050291717956697,,,EXPLORE
1571,52,,,0,0,0,1,common,1.0,0.5971197453900262,0.5113862985215178,0.5947150762919046,0.0,0.5483273080768786,0.5362887071881995,,,EXPLORE
1572,52,,,0,0,0,1,common,1.0,0.38812783450351707,0.3795934657230603,0.5327389037553883,0.0,0.5004627411925248,0.439759929984975,,,EXPLORE
1573,52,,,0,0,1,1,rare,1.0,0.7557088802504698,0.30131375330601545,0.5996298967039128,0.0,0.44191263541332165,0.29433329557841104,,,EXPLORE
1574,52,,,0,0,1,1,rare,0.0,0.5087892278371946,0.256131747245476,0.5723776960438973,0.0,0.3686533128784262,0.09090909090909093,,,EXPLORE
1575,52,,,0,0,0,1,common,0.0,0.7477169075727139,0.5116016357950541,0.6249794595025423,0.0,0.27435096019447924,0.09090909090909093,,,EXPLORE
1576,52,,,0,1,1,0,common,1.0,0.43466828878098573,0.6589788756286642,0.5678861082860753,0.0,0.14842586816988726,0.09090909090909093,,,EXPLORE
1577,52,,,0,1,1,0,common,1.0,0.2825343877076407,0.659002333396326,0.4822805921125449,0.0,0.09090909090909093,0.09090909090909093,,,EXPLORE
1578,52,,,0,1,1,0,common,1.0,0.1836473520099665,0.536049931208045,0.39269062008177136,0.0,0.17965545529122232,0.23017705927636645,,,EXPLORE
1579,52,,,0,1,1,0,common,1.0,0.11937077880647828,0.43641490031280217,0.3106946676991834,0.0,0.25195053896963665,0.33155527035247095,,,EXPLORE
1580,52,,,0,1,0,1,rare,1.0,0.513984010077736,0.3727149396410705,0.3716814704127492,0.0,0.31197800201026266,0.40865139461585376,,,EXPLORE
1581,52,,,0,1,0,1,rare,1.0,0.33408960655052833,0.3335101210346956,0.3604039112540829,0.0,0.3626137856372424,0.46925370836719743,,,EXPLORE
1582,52,,,0,1,0,1,rare,1.0,0.21715824425784347,0.3092684264617476,0.31743021115521103,0.0,0.4059000327452924,0.5181414926281387,,,EXPLORE
1583,52,,,0,1,0,0,rare,0.0,0.3706857592097971,0.29409414523805866,0.3334068755715868,0.0,0.4433268371345312,0.5584101936095955,,,EXPLOIT
1584,52,,,0,1,0,1,rare,1.0,0.1411528587675983,0.5800846803528186,0.27573067053039024,0.0,0.4760069778008542,0.5921529537657815,,,EXPLOIT
1585,52,,,0,1,1,0,common,1.0,0.07759100622421089,0.4672980325219318,0.21628877123853643,0.0,0.5047882362938754,0.6208359130085537,,,EXPLOIT
1586,52,,,0,1,0,1,rare,1.0,0.09174935819893892,0.3919444618994626,0.17892694732665715,0.0,0.5303278475182935,0.6455166258956538,,,EXPLOIT
1587,52,,,0,1,1,1,common,0.0,0.33071299809417654,0.34533230991363906,0.22446276255691294,0.0,0.5531431856165939,0.6669771225069359,,,EXPLOIT
1588,52,,,0,1,1,0,common,1.0,0.050434154045737034,0.6120880068456204,0.17225418000356016,0.0,0.5736470880232013,0.6858081495669813,,,EXPLOIT
1589,52,,,0,1,1,0,common,0.0,0.9672177998702709,0.4920390712435184,0.41074326596357336,0.0,0.5921729883276855,0.7024642847715783,,,EXPLOIT
1590,52,,,0,0,0,1,common,0.0,0.9403629171706896,0.6732306657257017,0.5696291613257082,0.0,0.6089931308257707,0.7173010333450142,,,EXPLORE
1591,52,,,0,0,0,1,common,1.0,0.3887641038390517,0.5965330610647062,0.5153696440797112,0.0,0.5730008119718308,0.68273692206406,,,EXPLORE
1592,52,,,0,1,1,0,common,1.0,0.3713084300843239,0.6908765791221516,0.472151279881095,0.0,0.53018680829172,0.6390463414297785,,,EXPLORE
1593,52,,,0,0,0,1,common,1.0,0.25269666749538366,0.6498733661159521,0.4063148961653816,0.0,0.5530167950430569,0.6613308616012595,,,EXPLORE
1594,52,,,0,1,1,1,common,1.0,0.7850365512387852,0.6921865912903793,0.5199313926874027,0.0,0.5735331825040728,0.6808381966851792,,,EXPLOIT
1595,52,,,0,1,1,1,common,0.0,0.48972624169478957,0.6743919716566029,0.5108698473896187,0.0,0.5308247737830998,0.636611393597996,,,EXPLORE
1596,52,,,0,1,0,1,rare,0.0,0.8357471661280006,0.635800470448093,0.6083330430111333,0.0,0.47918995045333584,0.5788331997888525,,,EXPLORE
1597,52,,,0,0,0,1,common,1.0,0.4567643420167996,0.49613832443921424,0.5628624327128332,0.0,0.4155071717961602,0.5001531106515312,,,EXPLORE
1598,52,,,0,0,0,1,common,1.0,0.29689682231091974,0.39662949324303853,0.48307274959225915,0.0,0.3350073985772983,0.38673125759924015,,,EXPLORE
1599,52,,,0,0,0,1,common,1.0,0.1929829345020978,0.3355456159769317,0.39604580506521075,0.0,0.3822349430085651,0.4518446749802253,,,EXPLORE
1600,52,,,0,0,0,0,common,0.0,0.24094574348636813,0.29867805809791975,0.3495157865915579,0.0,0.4228164081750869,0.5039823851746932,,,EXPLOIT
1601,52,,,0,0,0,1,common,1.0,0.12543890742636354,0.5708043624075985,0.2822927228419996,0.0,0.45806080938557997,0.5466696480359673,,,EXPLOIT
1602,52,,,0,0,0,1,common,1.0,0.08153528982713631,0.4466120899857212,0.2220654929375406,0.0,0.4889545758057896,0.5822607689777316,,,EXPLOIT
1603,52,,,0,1,0,1,rare,1.0,0.052997938387638555,0.365838082970797,0.17134522657256998,0.0,0.5162551540465223,0.6123880038311085,,,EXPLOIT
1604,52,,,0,0,0,1,common,1.0,0.03444865995196511,0.5707050614028456,0.1302762565863885,0.0,0.5405538067510587,0.6382186560609058,,,EXPLOIT
1605,52,,,0,0,0,1,common,1.0,0.022391628968777333,0.5197643002820471,0.09791086830110514,0.0,0.5623188187730729,0.660609624594999,,,EXPLOIT
1606,52,,,0,0,0,1,common,1.0,0.014554558829705244,0.4851158507003297,0.07290397545968516,0.0,0.5819258898211369,0.6802041491969408,,,EXPLOIT
1607,52,,,0,0,0,1,common,1.0,0.009460463239308381,0.4623568245434857,0.05387092179357212,0.0,0.5996799381753231,0.6974944952546438,,,EXPLOIT
1608,52,,,0,0,0,1,common,1.0,0.006149301105550453,0.44756418618444616,0.03955443558716562,0.0,0.6158310198584864,0.7128637926799094,,,EXPLOIT
1609,52,,,0,0,1,0,rare,0.0,0.7586495204451895,0.4379746078237926,0.25528296104457276,0.0,0.6305861363637497,0.7266146919046956,,,EXPLOIT
1610,52,,,0,0,0,1,common,1.0,0.003997045718607817,0.6824742152649548,0.17989718644678326,0.0,0.6441181186525461,0.7389894412417845,,,EXPLOIT
1611,52,,,0,0,0,1,common,1.0,0.0025980797170950254,0.6187886609583311,0.1267074544278768,0.0,0.6565723985562081,0.7501842394005317,,,EXPLOIT
1612,52,,,0,0,0,1,common,0.0,0.9983112481838883,0.5553604389666493,0.38818859255468025,0.0,0.6680722313373539,0.7603596811999128,,,EXPLOIT
1613,52,,,0,0,0,1,common,1.0,0.35109768868047264,0.6927954468543589,0.37706132139241794,0.0,0.6787227675485045,0.7696484833206741,,,EXPLOIT
1614,52,,,0,0,1,0,rare,0.0,0.4931221882893732,0.6532676577985257,0.4118795814615045,0.0,0.6886142595046091,0.7781612820212531,,,EXPLOIT
1615,52,,,0,1,1,1,common,0.0,0.3183220571016132,0.6721442214855089,0.3838123241535371,0.0,0.6978246096014591,0.7859910417547501,,,EXPLOIT
1616,52,,,0,1,1,0,common,1.0,0.6794705776119074,0.6758982475676003,0.47250980019104816,0.0,0.7064214128732886,0.7932164480670206,,,EXPLOIT
1617,52,,,0,1,1,0,common,0.0,0.5583441245522601,0.6613725916106705,0.4982600974994117,0.0,0.7144636071470719,0.7999045476980539,,,EXPLOIT
1618,52,,,0,0,0,1,common,1.0,0.22821349764230725,0.6812059875731767,0.41724611754228036,0.0,0.7220028160152018,0.8061128238016317,,,EXPLOIT
1619,52,,,0,0,0,1,common,1.0,0.14833877346749968,0.5688178883282397,0.3365739143198462,0.0,0.729084449332354,0.8118908424352148,,,EXPLOIT
1620,52,,,0,0,0,1,common,1.0,0.09642020275387475,0.4619974301110994,0.26452780085005473,0.0,0.7357486108204143,0.8172815702160028,,,EXPLOIT
1621,52,,,0,0,1,0,rare,1.0,0.6370763190410309,0.39139406991588077,0.3762923563073476,0.0,0.7420308511063585,0.8223224372946761,,,EXPLOIT
1622,52,,,0,0,1,0,rare,1.0,0.41409960737667006,0.3476221368174759,0.3876345316281443,0.0,0.74796279605575,0.8270462012849521,,,EXPLOIT
1623,52,,,0,0,0,1,common,1.0,0.06267313179001854,0.3205407262464431,0.29014611167670656,0.0,0.7535726738478777,0.8314816543163402,,,EXPLOIT
1624,52,,,0,0,1,1,rare,0.0,0.2069093371160486,0.3036061890017361,0.26517507930850914,0.0,0.75888575933244,0.8356542054680838,,,EXPLOIT
1625,52,,,0,0,0,1,common,1.0,0.040737535663512014,0.5890146277614556,0.19784381621501,0.0,0.7639247504270643,0.8395863634779375,,,EXPLOIT
1626,52,,,0,0,0,1,common,1.0,0.026479398181282865,0.47682347575240214,0.14643449080489185,0.0,0.7687100883800838,0.8432981390939958,,,EXPLOIT
1627,52,,,0,0,1,1,rare,1.0,0.8655089308745685,0.40073531586882305,0.3621568228257948,0.0,0.773260231428735,0.8468073822548666,,,EXPLOIT
1628,52,,,0,0,0,1,common,1.0,0.0172116088178339,0.35338378221899974,0.2586732586234065,0.0,0.7775918895776317,0.850130066090126,,,EXPLOIT
1629,52,,,0,0,0,1,common,1.0,0.011187545731592086,0.3241207217865931,0.18442754475586215,0.0,0.781720226792875,0.8532805272757826,,,EXPLOIT
1630,52,,,0,0,1,0,rare,0.0,0.7308352552051645,0.30585680199178245,0.34834985789065287,0.0,0.7856590357685473,0.8562716703745457,,,EXPLOIT
1631,52,,,0,0,0,1,common,1.0,0.00727190472553485,0.5904929724859228,0.24602647194111746,0.0,0.7894208895102682,0.8591151423034908,,,EXPLOIT
1632,52,,,0,0,1,1,rare,0.0,0.43741919493153053,0.47794074786997753,0.30344428883824137,0.0,0.7930172732459861,0.8618214819028734,,,EXPLOIT
1633,52,,,0,0,0,1,common,1.0,0.004726738071597625,0.6704120302238419,0.21382902360824824,0.0,0.796458699579631,0.8644002486554058,,,EXPLOIT
1634,52,,,0,0,0,1,common,0.0,0.9969276202534616,0.552642041510398,0.4487586026018122,0.0,0.7997548093196478,0.8668601338697789,,,EXPLOIT
1635,52,,,0,0,0,1,common,1.0,0.35199704683525,0.6877052103039949,0.4197301358718435,0.0,0.8029144600192328,0.869209057053649,,,EXPLOIT
1636,52,,,0,1,0,1,rare,1.0,0.2287980804429125,0.5820435427390972,0.3624505192431642,0.0,0.8059458039407043,0.8714542497277952,,,EXPLOIT
1637,52,,,0,0,0,1,common,1.0,0.1487187522878931,0.6908406930654529,0.29833098915658285,0.0,0.8088563568890411,0.8736023285502234,,,EXPLOIT
1638,52,,,0,0,0,1,common,1.0,0.09666718898713056,0.6429212567976639,0.23783184910574715,0.0,0.8116530591382886,0.8756593593078152,,,EXPLOIT
1639,52,,,0,0,0,1,common,1.0,0.06283367284163488,0.5851454059219355,0.18533239622651346,0.0,0.8143423294906286,0.8776309130790265,,,EXPLOIT
1640,52,,,0,0,0,1,common,1.0,0.04084188734706262,0.5405479616403503,0.14198524356267822,0.0,0.8169301133545256,0.879522115662763,,,EXPLOIT
1641,52,,,0,0,0,1,common,1.0,0.026547226775590738,0.5098305825008949,0.10735383852655196,0.0,0.8194219255999645,0.8813376911969173,,,EXPLOIT
1642,52,,,0,1,1,0,common,0.0,0.4750429158833569,0.4894560377957046,0.21766056173359344,0.0,0.821822888840958,0.8830820007480906,,,EXPLOIT
1643,52,,,0,1,0,1,rare,1.0,0.01725569740413402,0.3102239915516264,0.15753910243475558,0.0,0.8241377677046127,0.8847590765361525,,,EXPLOIT
1644,52,,,0,1,1,0,common,1.0,0.691222104675818,0.4933576224348346,0.3176440031070743,0.0,0.8263709995692116,0.8863726523590502,,,EXPLOIT
1645,52,,,0,1,1,0,common,1.0,0.4492943680392817,0.6082337121439072,0.3571391125867365,0.0,0.8285267221886053,0.8879261907010979,,,EXPLOIT
1646,52,,,0,1,1,1,common,1.0,0.7156775232945052,0.6627769908627281,0.46470063579906706,0.0,0.8306087985647793,0.8894229069390025,,,EXPLOIT
1647,52,,,0,1,0,1,rare,1.0,0.011216203312687134,0.6844006629327504,0.328655306053153,0.0,0.8326208393831842,0.8908657910017727,,,EXPLOIT
1648,52,,,0,1,1,1,common,0.0,0.5348096098585716,0.6915536975089396,0.39050159719477856,0.0,0.8345662232849838,0.8922576267915838,,,EXPLOIT
1649,52,,,0,1,1,0,common,1.0,0.2920413392255331,0.4943037209946205,0.36096351980400493,0.0,0.8364481152156755,0.8936010096310536,,,EXPLOIT
1650,52,,,0,1,1,0,common,0.0,0.8101731295034035,0.6087305019304161,0.4957264027138245,0.0,0.838269483059727,0.8948983619670184,,,EXPLOIT
1651,52,,,0,0,0,1,common,0.0,0.9927094678467534,0.38685054009894654,0.6448213222537031,0.0,0.8400331127451554,0.8961519475307472,,,EXPLOIT
1652,52,,,0,0,1,1,rare,1.0,0.6523737535919284,0.6556258051235442,0.6470870516551707,0.0,0.8332994597004293,0.8911050112671709,,,EXPLOIT
1653,52,,,0,0,0,1,common,1.0,0.35473884589961024,0.5646582407417626,0.5593825899285025,0.0,0.8260504419089764,0.8856008991808163,,,EXPLOIT
1654,52,,,0,0,0,1,common,0.0,0.7694197501652533,0.4904551451365726,0.6223937379995277,0.0,0.818224950398429,0.8795748632365645,,,EXPLOIT
1655,52,,,0,0,0,0,common,0.0,0.15661473326613928,0.6851189861162112,0.4826600365795111,0.0,0.8097518177505855,0.8729493231717571,,,EXPLOIT
1656,52,,,0,0,1,0,rare,1.0,0.4733874658227877,0.661623172221413,0.47987826535249406,0.0,0.8125139122342121,0.8750338389825406,,,EXPLOIT
1657,52,,,0,0,0,1,common,1.0,0.4998771623925853,0.6742480995858795,0.48587793446452143,0.0,0.8151705019872804,0.8770312080131772,,,EXPLOIT
1658,52,,,0,0,0,1,common,1.0,0.3249201555551804,0.5862204355461749,0.43759060079171913,0.0,0.8177273920100929,0.8789466885878312,,,EXPLOIT
1659,52,,,0,0,0,1,common,0.0,0.7888018988891328,0.5060203096179902,0.5429539902209432,0.0,0.8201899693237641,0.8807851244774406,,,EXPLOIT
1660,52,,,0,0,0,1,common,0.0,0.5127212342779364,0.6877227791904146,0.5338841634380411,0.0,0.811881941085214,0.8742823532468773,,,EXPLOIT
1661,52,,,0,0,0,1,common,0.0,0.33326880228065864,0.657990968088118,0.47369955509082634,0.0,0.8028644832755918,0.8671059164007565,,,EXPLOIT
1662,52,,,0,0,0,0,common,0.0,0.10179957662299054,0.5769200115866121,0.36212956155047554,0.0,0.8058978375628387,0.8694438836792606,,,EXPLOIT
1663,52,,,0,1,0,1,rare,1.0,0.7833752785175718,0.5099639499933706,0.4885032766406044,0.0,0.8088102842495131,0.8716788259059223,,,EXPLOIT
1664,52,,,0,1,1,0,common,1.0,0.307701852784812,0.3513211431854288,0.4342628494838666,0.0,0.8116087724557989,0.8738173004630898,,,EXPLOIT
1665,52,,,0,1,1,1,common,1.0,0.4240429398347535,0.26191038727506616,0.43119687658913264,0.0,0.8142997290068669,0.8758653199597495,,,EXPLOIT
1666,52,,,0,1,0,0,rare,0.0,0.06616972480494385,0.21294024988647792,0.32168873105387596,0.0,0.8168891066012519,0.8778284076566809,,,EXPLOIT
1667,52,,,0,1,1,1,common,1.0,0.27562791089258976,0.44305638063119296,0.3078704850054901,0.0,0.8193824267449928,0.8797116462598062,,,EXPLOIT
1668,52,,,0,1,1,1,common,1.0,0.17915814208018332,0.312355222594833,0.26925678212789805,0.0,0.8217848181033054,0.8815197209894016,,,EXPLOIT
1669,52,,,0,1,1,0,common,1.0,0.20000620431012783,0.24071843329412168,0.24848160878256698,0.0,0.8241010508304296,0.8832569576935894,,,EXPLOIT
1670,52,,,0,1,1,1,common,0.0,0.8835472076478809,0.2010343867218613,0.43900128844216113,0.0,0.8263355673612495,0.8849273566588541,,,EXPLOIT
1671,52,,,0,1,1,0,common,0.0,0.8699959671984169,0.43113435316148363,0.5682996920690377,0.0,0.8284925100829452,0.8865346226738823,,,EXPLOIT
1672,52,,,0,1,1,0,common,1.0,0.434502621321029,0.6018284271674713,0.5281605708446351,0.0,0.8208637374147606,0.8805988472488415,,,EXPLOIT
1673,52,,,0,1,0,1,rare,1.0,0.5091939310364217,0.41325004808084587,0.5224705789021711,0.0,0.8126119373196441,0.874077257615598,,,EXPLOIT
1674,52,,,0,0,0,1,common,0.0,0.6690239448263259,0.29574776126227176,0.5664365886794175,0.0,0.8036580098377529,0.8668790117656685,,,EXPLOIT
1675,52,,,0,1,1,0,common,1.0,0.28242670385866886,0.25895201536305634,0.48123362323319285,0.0,0.7939088736109619,0.8588934617466193,,,EXPLOIT
1676,52,,,0,1,1,0,common,0.0,0.8164226424918652,0.20092102704111836,0.5817903290107945,0.0,0.7973123731149926,0.8616103784213757,,,EXPLOIT
1677,52,,,0,0,0,0,common,1.0,0.9569896788767865,0.41509909764268954,0.6943501339705922,0.0,0.7869785650306811,0.8530214880762786,,,EXPLOIT
1678,52,,,0,1,1,0,common,1.0,0.4693252823802876,0.6625224714047053,0.6268426784935008,0.0,0.7756549570346906,0.8433995693793386,,,EXPLOIT
1679,52,,,0,1,1,0,common,1.0,0.30506143354718696,0.5516625841644817,0.5303083050096067,0.0,0.7631928485104669,0.8325469093352926,,,EXPLOIT
1680,52,,,0,0,0,0,common,0.0,0.3779567087300888,0.45925930509629176,0.4846028261257513,0.0,0.7494121827709374,0.8202119029868057,,,EXPLOIT
1681,52,,,0,1,1,1,common,0.0,0.5743056849711226,0.3350113787388427,0.5115136837793626,0.0,0.7549446542581872,0.8250672490217912,,,EXPLOIT
1682,52,,,0,1,1,0,common,1.0,0.19828993180567156,0.578079119078545,0.4175465581872552,0.0,0.7402532437771743,0.8116518785477411,,,EXPLOIT
1683,52,,,0,1,1,0,common,0.0,0.8711115443263134,0.4329133039288066,0.5536160540289727,0.0,0.7462833473294834,0.8170583717875554,,,EXPLOIT
1684,52,,,0,1,1,0,common,1.0,0.4337774961878962,0.6319036783460306,0.5176644866766498,0.0,0.730602767851934,0.8024325375189125,,,EXPLOIT
1685,52,,,0,1,1,0,common,1.0,0.28195537252213254,0.4762335012667211,0.4469517524302946,0.0,0.713045309037863,0.7854513062287433,,,EXPLOIT
1686,52,,,0,1,1,0,common,0.0,0.8167290078606139,0.3660502449180733,0.5578849290593904,0.0,0.7206721084655276,0.7927176362712194,,,EXPLOIT
1687,52,,,0,1,1,1,common,1.0,0.6267013047687704,0.5970483042507615,0.5785298417722043,0.0,0.7018682537050895,0.7740671439550204,,,EXPLOIT
1688,52,,,0,1,1,0,common,1.0,0.469126144890601,0.4471175554298205,0.5457087327077234,0.0,0.6805805331827842,0.7519738419859915,,,EXPLOIT
1689,52,,,0,1,0,0,rare,0.0,0.24567186067455773,0.3484759129575069,0.4556976710977736,0.0,0.6562833034684341,0.7253889812205322,,,EXPLOIT
1690,52,,,0,1,0,1,rare,1.0,0.5651344358628881,0.5865436062959966,0.4885287005273079,0.0,0.6678048833546248,0.7378836267885563,,,EXPLOIT
1691,52,,,0,1,1,0,common,1.0,0.3049319941788906,0.43914420455722103,0.4334496886227827,0.0,0.6784748140594524,0.7491816007181731,,,EXPLOIT
1692,52,,,0,1,1,0,common,0.0,0.8017942037837211,0.3437241905637669,0.5439530431710642,0.0,0.6883836753860813,0.7594464682724897,,,EXPLOIT
1693,52,,,0,1,1,0,common,1.0,0.47883376754058127,0.5835987201823605,0.5244172604819193,0.0,0.6652141145734614,0.7344315872877465,,,EXPLOIT
1694,52,,,0,1,1,0,common,1.0,0.3112419489013778,0.43695815776328895,0.4604646670077568,0.0,0.6386126371788847,0.7039539599569197,,,EXPLOIT
1695,52,,,0,1,1,1,common,1.0,0.4073558480997007,0.34242513215553694,0.4445320213353399,0.0,0.6515002812507426,0.7186327938052781,,,EXPLOIT
1696,52,,,0,1,1,0,common,1.0,0.2023072667858956,0.28699365520369,0.3718645949705066,0.0,0.663384479881006,0.7317980531574577,,,EXPLOIT
1697,52,,,0,1,1,0,common,1.0,0.13149972341083216,0.2542444269642862,0.29975513350260424,0.0,0.674377501177255,0.7436717931515306,,,EXPLOIT
1698,52,,,0,1,0,1,rare,1.0,0.3673373833108773,0.23442907395573992,0.3200298084450861,0.0,0.6845754680157252,0.7544346577366607,,,EXPLOIT
1699,52,,,0,0,0,1,common,1.0,0.23876929915207024,0.2221779682770506,0.2956516556571813,0.0,0.6940611596320977,0.7642351031613075,,,EXPLOIT
1700,52,,,0,1,1,0,common,1.0,0.08547482021704089,0.4176247563142027,0.23259860502513918,0.0,0.7029062494060039,0.7731962613830456,,,EXPLOIT
1701,52,,,0,0,0,1,common,1.0,0.15520004444884572,0.4063998949724893,0.20937903685225112,0.0,0.7111731069171663,0.781421119121125,,,EXPLOIT
1702,52,,,0,1,1,1,common,0.0,0.7352186987351945,0.553225615191547,0.36713093541713415,0.0,0.7189162601448164,0.7889964758551822,,,EXPLOIT
1703,52,,,0,1,1,0,common,1.0,0.05555863314107656,0.6868959788931084,0.27365924473431685,0.0,0.7261835903089638,0.795996003937411,,,EXPLOIT
1704,52,,,0,1,1,0,common,1.0,0.036113111541699716,0.6829379910039557,0.2023954047765317,0.0,0.7330173146999719,0.8024826397977181,,,EXPLOIT
1705,52,,,0,0,0,1,common,1.0,0.10088002889174974,0.6473408283016603,0.17194079201109708,0.0,0.7394548001248318,0.8085104708306842,,,EXPLOIT
1706,52,,,0,1,1,0,common,0.0,0.9765264774978952,0.6888081743062445,0.4133164976571365,0.0,0.7455292400764628,0.8141262378412455,,,EXPLOIT
1707,52,,,0,1,1,1,common,0.0,0.47789215417787645,0.5827656936164649,0.4326891946133584,0.0,0.7512702215381483,0.8193705414299781,,,EXPLOIT
1708,52,,,0,1,0,1,rare,0.0,0.9344279812203626,0.4156377050557014,0.5832108305954596,0.0,0.7567042018532667,0.8242788182163631,,,EXPLOIT
1709,52,,,0,1,0,1,rare,0.0,0.6073781877932357,0.3114885519294442,0.5904610377547924,0.0,0.742209628438996,0.8107467543674051,,,EXPLOIT
1710,52,,,0,1,0,0,rare,1.0,0.8403132905615375,0.25275663276189075,0.6654167135968159,0.0,0.7260521367286821,0.7951275589106179,,,EXPLOIT
1711,52,,,0,0,1,0,rare,1.0,0.365257789626368,0.4966354299932727,0.5753690364056815,0.0,0.7079291105791612,0.7768990137676933,,,EXPLOIT
1712,52,,,0,0,0,0,common,0.0,0.4537963611350006,0.43376372073840286,0.5388972338244772,0.0,0.6874597664874953,0.7553488311067184,,,EXPLOIT
1713,52,,,0,0,0,1,common,1.0,0.6052041779343967,0.6665306808037061,0.558789317057453,0.0,0.6641581723993928,0.7294795235739363,,,EXPLOIT
1714,52,,,0,0,0,1,common,0.0,0.6066172843426421,0.5668355608143727,0.5731377072430097,0.0,0.6373942620077729,0.6978497843120022,,,EXPLOIT
1715,52,,,0,0,0,1,common,1.0,0.6056987651772827,0.6924911220574148,0.5829060246232916,0.0,0.6063361142236755,0.6582967534729256,,,EXPLOIT
1716,52,,,0,1,1,0,common,1.0,0.23741756325713925,0.6157135671666127,0.47925948621344583,0.0,0.5698620796419986,0.6074198877421874,,,EXPLORE
1717,52,,,0,1,1,0,common,0.0,0.8456785838828594,0.69286989065846,0.5891852155142698,0.0,0.588746011359263,0.6339380807161588,,,EXPLOIT
1718,52,,,0,1,1,1,common,0.0,0.3106299002156197,0.592871645603072,0.5056186209246747,0.0,0.5489952372962249,0.5752742501057743,,,EXPLORE
1719,52,,,0,1,0,1,rare,0.0,0.6062958026347662,0.46868436006753994,0.5358217754377022,0.0,0.5012714511505123,0.49518300890983097,,,EXPLORE
1720,52,,,0,1,1,0,common,1.0,0.45030892047614135,0.3849244800939482,0.5101679189492339,0.0,0.44291176552075845,0.3793086580090683,,,EXPLORE
1721,52,,,0,0,1,0,rare,1.0,0.2927007983094919,0.6267796768641861,0.4449277827573112,0.0,0.36991890981842035,0.19678435208571346,,,EXPLORE
1722,52,,,0,1,1,0,common,0.0,0.8097444810988302,0.5324551998675929,0.5543727922597669,0.0,0.4121887362275354,0.30678106491406876,,,EXPLORE
1723,52,,,0,1,1,1,common,0.0,0.2019094351401528,0.3886793280133928,0.44863378512388263,0.0,0.3307518506490233,0.09090909090909093,,,EXPLORE
1724,52,,,0,0,0,1,common,1.0,0.6059077282874019,0.30266259957244734,0.4958159680729384,0.0,0.37860097924575803,0.23017705927636645,,,EXPLORE
1725,52,,,0,0,1,0,rare,1.0,0.4736660872857603,0.24663511260398657,0.4891710038367849,0.0,0.4196773062766728,0.33155527035247095,,,EXPLORE
1726,52,,,0,1,1,0,common,1.0,0.3078829567357442,0.21445413800439775,0.43478458970647266,0.0,0.4553220908721599,0.40865139461585376,,,EXPLORE
1727,52,,,0,1,0,1,rare,1.0,0.39384002338681123,0.4284562118357408,0.4225012198105742,0.0,0.4865443668319825,0.46925370836719743,,,EXPLOIT
1728,52,,,0,1,1,0,common,0.0,0.7998760781217663,0.5866516194192117,0.5357136773039318,0.0,0.5141178082100571,0.5181414926281387,,,EXPLOIT
1729,52,,,0,0,1,0,rare,1.0,0.48008054922085186,0.3862041180018995,0.5190237388790078,0.0,0.458737075954309,0.41333318615415215,,,EXPLORE
1730,52,,,0,0,1,0,rare,1.0,0.3120523569935537,0.35797668069631217,0.4569323243133715,0.0,0.38989258201698246,0.2523362119455756,,,EXPLORE
1731,52,,,0,0,1,0,rare,0.0,0.79716596795419,0.34016658328095617,0.559002417405617,0.0,0.42944033433543854,0.3481624553440624,,,EXPLORE
1732,52,,,0,0,0,0,common,0.0,0.2949676347377504,0.6228049703942868,0.47979198260525696,0.0,0.3528087947183828,0.1444094298834577,,,EXPLORE
1733,52,,,0,1,1,1,common,1.0,0.8687588671589006,0.6920179163294198,0.5964820479713501,0.0,0.39747676816111194,0.268522207308594,,,EXPLORE
1734,52,,,0,1,1,0,common,0.0,0.5181578791702235,0.6023832222094687,0.572984797331012,0.0,0.31181146222314315,0.09090909090909093,,,EXPLORE
1735,52,,,0,0,0,1,common,0.0,0.7440039847985727,0.693124418430612,0.6242905535712802,0.0,0.19907686832286808,0.09090909090909093,,,EXPLORE
1736,52,,,0,1,1,0,common,0.0,0.33680262146064527,0.6526435677616438,0.5380441739380897,0.0,0.09090909090909093,0.09090909090909093,,,EXPLORE
1737,52,,,0,1,0,1,rare,0.0,0.48360259011907225,0.6931375633183854,0.5217116987923844,0.0,0.09090909090909093,0.09090909090909093,,,EXPLORE
1738,52,,,0,1,1,0,common,1.0,0.7810782960505805,0.6769174186029945,0.5995216779698432,0.0,0.09090909090909093,0.09090909090909093,,,EXPLORE
1739,52,,,0,1,0,0,rare,0.0,0.19172896257953775,0.6199987076262936,0.47718386335275154,0.0,0.09090909090909093,0.09090909090909093,,,EXPLORE
1740,52,,,0,0,0,1,common,1.0,0.685658316422603,0.6904291020512143,0.5397261992737069,0.0,0.17965545529122232,0.23017705927636645,,,EXPLORE
1741,52,,,0,0,0,1,common,1.0,0.445677905674692,0.6043625530528672,0.5115117111940024,0.0,0.09090909090909093,0.09090909090909093,,,EXPLORE
1742,52,,,0,0,0,1,common,0.0,0.7103093613114502,0.4630783032945408,0.5711510062292368,0.0,0.09090909090909093,0.09090909090909093,,,EXPLORE
1743,52,,,0,1,0,0,rare,0.0,0.12462382567669955,0.6515803555116391,0.4371928520634756,0.0,0.09090909090909093,0.09090909090909093,,,EXPLORE
1744,52,,,0,1,0,1,rare,1.0,0.5382989151475573,0.5802771570981373,0.4675246709887001,0.0,0.17965545529122232,0.23017705927636645,,,EXPLORE
1745,52,,,0,0,1,1,rare,0.0,0.4353067363467145,0.6914451407680388,0.45785929059610436,0.0,0.25195053896963665,0.33155527035247095,,,EXPLORE
1746,52,,,0,1,1,0,common,1.0,0.5077008924328774,0.6285215875909842,0.47281177114713624,0.0,0.31197800201026266,0.40865139461585376,,,EXPLORE
1747,52,,,0,1,0,1,rare,1.0,0.3498942948459123,0.48043798226373413,0.435936528256769,0.0,0.3626137856372424,0.46925370836719743,,,EXPLORE
1748,52,,,0,1,0,0,rare,0.0,0.08100548668985472,0.37549973013371307,0.3294572157866947,0.0,0.4059000327452924,0.5181414926281387,,,EXPLORE
1749,52,,,0,1,1,0,common,0.0,0.6699944199186296,0.6083657108723965,0.43161837702627515,0.0,0.4433268371345312,0.5584101936095955,,,EXPLOIT
1750,52,,,0,0,1,0,rare,1.0,0.5645036270528907,0.690253790971164,0.47148395203425975,0.0,0.4760069778008542,0.5921529537657815,,,EXPLORE
1751,52,,,0,0,0,1,common,1.0,0.227431291649843,0.6121276299588702,0.39826815391893466,0.0,0.5047882362938754,0.6208359130085537,,,EXPLORE
1752,52,,,0,0,1,0,rare,1.0,0.366927357584379,0.4783328584613907,0.38886591501856793,0.0,0.5303278475182935,0.6455166258956538,,,EXPLOIT
1753,52,,,0,0,0,1,common,1.0,0.147830339572398,0.38558749417479465,0.31655524238471694,0.0,0.5531431856165939,0.6669771225069359,,,EXPLOIT
1754,52,,,0,0,1,0,rare,1.0,0.23850278242984635,0.32904569973623404,0.29313950439825576,0.0,0.5736470880232013,0.6858081495669813,,,EXPLOIT
1755,52,,,0,0,0,1,common,0.0,0.9039102792779413,0.2948695189267736,0.4763707368621614,0.0,0.5921729883276855,0.7024642847715783,,,EXPLOIT
1756,52,,,0,0,0,1,common,1.0,0.4124583184693381,0.5682765466675026,0.4571970113443144,0.0,0.6089931308257707,0.7173010333450142,,,EXPLOIT
1757,52,,,0,0,1,0,rare,1.0,0.1550268085794001,0.44497408446751074,0.36654595051484007,0.0,0.6243319910980096,0.7306004237646555,,,EXPLOIT
1758,52,,,0,0,0,1,common,0.0,0.7319020929949303,0.36499689238727884,0.47615279325886706,0.0,0.6383763127966292,0.7425890580670904,,,EXPLOIT
1759,52,,,0,0,0,1,common,0.0,0.4757363604467047,0.6121136813971917,0.4760278634152183,0.0,0.6512827158657106,0.7534510902583895,,,EXPLOIT
1760,52,,,0,0,0,0,common,0.0,0.05265356634840557,0.6922367820899603,0.34901557429517444,0.0,0.6631835351894628,0.763337721105509,,,EXPLOIT
1761,52,,,0,0,0,0,common,0.0,0.03422481812646362,0.6730287853904346,0.25457834744456115,0.0,0.6741913519251206,0.7723742534998811,,,EXPLOIT
1762,52,,,0,1,0,1,rare,1.0,0.6907713657096419,0.6316457446979367,0.38543625292408534,0.0,0.6844025467383026,0.7806654095703525,,,EXPLOIT
1763,52,,,0,1,0,1,rare,1.0,0.4490013877112673,0.4385090117431877,0.40450579336023984,0.0,0.6939001126991532,0.7882993894728533,,,EXPLOIT
1764,52,,,0,1,1,0,common,1.0,0.10076742557661011,0.3101195139137236,0.3133842830251509,0.0,0.7027559017630366,0.7953510060940612,,,EXPLOIT
1765,52,,,0,1,1,0,common,1.0,0.06549882662479656,0.23976697514419576,0.23901864610504459,0.0,0.7110324335798719,0.8018841321522703,,,EXPLOIT
1766,52,,,0,1,0,1,rare,1.0,0.2918509020123238,0.20072961394983274,0.2548683228772283,0.0,0.7187843629845116,0.807953629454032,,,EXPLOIT
1767,52,,,0,1,0,1,rare,1.0,0.18970308630801047,0.1781660676072953,0.23531875190646295,0.0,0.7260596790176933,0.8136068837988685,,,EXPLOIT
1768,52,,,0,1,0,1,rare,1.0,0.12330700610020684,0.16464553481325522,0.2017152281645861,0.0,0.7329006910829777,0.8188850364764139,,,EXPLOIT
1769,52,,,0,0,0,1,common,1.0,0.08014955396513446,0.15632535711276602,0.16524552590475058,0.0,0.7393448450610686,0.8238239800953084,,,EXPLOIT
1770,52,,,0,0,0,1,common,1.0,0.052097210077337364,0.34800936056720666,0.1313010311565266,0.0,0.7454254026330255,0.8284551697332807,,,EXPLOIT
1771,52,,,0,1,1,0,common,1.0,0.04257423730611776,0.5176274686581058,0.10468299300140395,0.0,0.7511720098346687,0.8328062881677234,,,EXPLOIT
1772,52,,,0,1,1,1,common,0.0,0.28294937862536446,0.5074969303705437,0.15816290868859212,0.0,0.7566111753566471,0.8369017949200293,,,EXPLOIT
1773,52,,,0,0,1,0,rare,1.0,0.027673254248976598,0.6931158576942433,0.11901601235670746,0.0,0.7617666748745046,0.8407633821186997,,,EXPLOIT
1774,52,,,0,0,1,0,rare,1.0,0.01798761526183479,0.6604875694272718,0.08870749322824564,0.0,0.7666598944195828,0.8444103551237022,,,EXPLOIT
1775,52,,,0,0,1,0,rare,1.0,0.011691949920192624,0.6108665049825621,0.06560283023582973,0.0,0.7713101232502598,0.8478599520117893,,,EXPLOIT
1776,52,,,0,0,1,0,rare,1.0,0.007599767448125183,0.5701856568094748,0.04820191139951836,0.0,0.7757348046810475,0.8511276130814837,,,EXPLOIT
1777,52,,,0,0,0,1,common,1.0,0.03386318655026932,0.5413567736650768,0.04390029394474365,0.0,0.779949751746112,0.854227209268013,,,EXPLOIT
1778,52,,,0,0,0,1,common,1.0,0.022011071257675097,0.5219302507099182,0.037333527138623084,0.0,0.7839693333176952,0.857171236595995,,,EXPLOIT
1779,52,,,0,0,1,0,rare,1.0,0.004939848841281402,0.5090965582774492,0.02761542364942058,0.0,0.7878066352961856,0.8599709824187619,,,EXPLOIT
1780,52,,,0,0,1,0,rare,0.0,0.9967890982531671,0.5006895153732352,0.3183675260305445,0.0,0.7914736006821151,0.8626366681073248,,,EXPLOIT
1781,52,,,0,1,1,0,common,1.0,0.3520870861354414,0.6931354123079807,0.32848339406201355,0.0,0.7949811516889823,0.8651775719915122,,,EXPLOIT
1782,52,,,0,1,0,1,rare,0.0,0.9856928036825112,0.6628766818337147,0.5256462169481628,0.0,0.7983392965270821,0.8676021356699559,,,EXPLOIT
1783,52,,,0,1,0,1,rare,0.0,0.6407003223936323,0.6542440640286276,0.5601624485818036,0.0,0.788101297640765,0.8596976035265037,,,EXPLOIT
1784,52,,,0,1,1,0,common,0.0,0.7711433940119631,0.5272998320032459,0.6234567322108514,0.0,0.7768874950376288,0.8508839758454383,,,EXPLOIT
1785,52,,,0,0,1,0,rare,1.0,0.49875679389222394,0.4269487160712606,0.5860467507152631,0.0,0.7645520531386432,0.8409953818987076,,,EXPLOIT
1786,52,,,0,0,0,1,common,1.0,0.583544790444139,0.32030074037661616,0.5852961626339259,0.0,0.7509185527483626,0.8298229858570841,,,EXPLOIT
1787,52,,,0,0,0,1,common,1.0,0.37930411378869033,0.25979417873306365,0.5234985479803552,0.0,0.7357715302152942,0.8171001120942183,,,EXPLOIT
1788,52,,,0,0,0,1,common,0.0,0.7534523260373512,0.2249999048428865,0.592484681397454,0.0,0.7188450432913398,0.802480731160318,,,EXPLOIT
1789,52,,,0,0,1,0,rare,0.0,0.6758080839700544,0.47432846080070545,0.617481702169234,0.0,0.6998069688298928,0.7855075711722435,,,EXPLOIT
1790,52,,,0,0,1,0,rare,0.0,0.4392752545805354,0.6379820587014928,0.5640197678926244,0.0,0.6782370502432389,0.7655635078371618,,,EXPLOIT
1791,52,,,0,0,0,1,common,1.0,0.5102559880757217,0.6903132730940469,0.5478906339475536,0.0,0.653595585948682,0.7417950239843727,,,EXPLOIT
1792,52,,,0,0,1,1,rare,0.0,0.1839170961064869,0.5400968246461192,0.43869857259523354,0.0,0.6251777477175512,0.7129870325811934,,,EXPLOIT
1793,52,,,0,1,1,0,common,1.0,0.714471084522652,0.6640841932313493,0.5214303261734591,0.0,0.6391522594805845,0.7267252961156423,,,EXPLOIT
1794,52,,,0,0,0,1,common,1.0,0.3316663922492191,0.6477206118752202,0.4645011459961871,0.0,0.6083866992758475,0.6944445391810068,,,EXPLORE
1795,52,,,0,0,0,1,common,0.0,0.7844168450380076,0.680657457130979,0.5604758557087333,0.0,0.6237778456879665,0.710145011934642,,,EXPLOIT
1796,52,,,0,1,0,0,rare,0.0,0.022246131782201355,0.6658280636903896,0.3990069385307736,0.0,0.5904029751745852,0.6737890472741886,,,EXPLORE
1797,52,,,0,1,0,1,rare,0.0,0.5098709492747049,0.6878318574301157,0.43226614175395295,0.0,0.6073827348060546,0.691818963131758,,,EXPLOIT
1798,52,,,0,1,1,0,common,1.0,0.46440620493972373,0.6431041090810653,0.44190816070968414,0.0,0.6228606268801229,0.7078071752979845,,,EXPLOIT
1799,52,,,0,0,1,0,rare,1.0,0.30186403321082045,0.6670431260001265,0.399894922460025,0.0,0.6370267883969203,0.7220812208606293,,,EXPLOIT
1800,52,,,0,0,0,1,common,0.0,0.3314161170285582,0.6713694279797513,0.37935128083058495,0.0,0.6500405611952627,0.734902134007226,,,EXPLOIT
1801,52,,,0,0,0,1,common,1.0,0.7845795239314372,0.6732853497209375,0.5009197537608405,0.0,0.6620364839485475,0.7464805090651043,,,EXPLOIT
1802,52,,,0,1,0,0,rare,0.0,0.01445998565843088,0.6672367242190563,0.3549818233301176,0.0,0.6349446029233611,0.7187080415411136,,,EXPLOIT
1803,52,,,0,1,1,0,common,0.0,0.8037883784129667,0.5540993856614471,0.48962378985497224,0.0,0.6481248609517442,0.7318657412176786,,,EXPLOIT
1804,52,,,0,0,0,1,common,1.0,0.5099766905554342,0.4575238822632685,0.49572966006511077,0.0,0.6602681571506752,0.7437330031135244,,,EXPLOIT
1805,52,,,0,1,0,1,rare,1.0,0.33148484886103224,0.3365326642830194,0.4464562167038872,0.0,0.6714916894312953,0.7544902742807937,,,EXPLOIT
1806,52,,,0,1,1,0,common,1.0,0.4775375540315716,0.5770759484550825,0.4557806179021925,0.0,0.6818956363172034,0.7642858569193209,,,EXPLOIT
1807,52,,,0,1,1,0,common,1.0,0.3103994101205215,0.6818892493536475,0.41216625556769115,0.0,0.6915661381555909,0.773242761065174,,,EXPLOIT
1808,52,,,0,0,1,1,rare,0.0,0.1195461124692165,0.6895962132906253,0.32438021263814876,0.0,0.7005776728919201,0.7814638759259683,,,EXPLOIT
1809,52,,,0,1,1,0,common,1.0,0.20175961657833896,0.5402362707871509,0.2875940338202058,0.0,0.7089949651587123,0.7890359222415428,,,EXPLOIT
1810,52,,,0,1,1,0,common,0.0,0.8688562492240797,0.47286999243923034,0.4619726984413679,0.0,0.7168745322403953,0.7960325082208878,,,EXPLOIT
1811,52,,,0,0,0,1,common,0.0,0.784534848240329,0.6813829469593571,0.5587413433810562,0.0,0.7242659450187785,0.8025165176166567,,,EXPLOIT
1812,52,,,0,1,1,0,common,1.0,0.43524343800434817,0.5858537302245268,0.5216919717680437,0.0,0.7059183463815099,0.7855493496852758,,,EXPLOIT
1813,52,,,0,1,0,1,rare,1.0,0.4900523486437861,0.45253897429384093,0.5122000848307664,0.0,0.6851793758915307,0.7656129170263661,,,EXPLOIT
1814,52,,,0,1,1,0,common,1.0,0.28290823470282633,0.3646816493831066,0.4434125297923843,0.0,0.6615501916265039,0.7418543593245105,,,EXPLOIT
1815,52,,,0,1,1,0,common,1.0,0.18389035255683717,0.31188940864824727,0.3655558766217201,0.0,0.672678619429772,0.7527839264445391,,,EXPLOIT
1816,52,,,0,1,1,1,common,0.0,0.07770497310499072,0.28012732125789497,0.2792006055667013,0.0,0.6829976112801529,0.7627292202598654,,,EXPLOIT
1817,52,,,0,1,1,0,common,1.0,0.11952872916194413,0.552619879008724,0.23129904264527412,0.0,0.6925919131318419,0.7718170322264116,,,EXPLOIT
1818,52,,,0,1,1,0,common,1.0,0.07769367395526372,0.42877959180232034,0.18521743203827098,0.0,0.7015348400291794,0.780153273450004,,,EXPLOIT
1819,52,,,0,1,0,1,rare,1.0,0.318534026618461,0.3502796387061267,0.22521241041232798,0.0,0.7098901405635699,0.7878271030215221,,,EXPLOIT
1820,52,,,0,1,0,1,rare,0.0,0.7929528826980003,0.30326827309704557,0.3955345520980297,0.0,0.7177135079323838,0.7949141141348848,,,EXPLOIT
1821,52,,,0,1,1,0,common,0.0,0.9494991119290785,0.5693963106824546,0.5617239200473443,0.0,0.72505381335552,0.8014788196787969,,,EXPLOIT
1822,52,,,0,0,0,1,common,0.0,0.5154193737537003,0.6851237798491587,0.5478325561592511,0.0,0.7068054504230352,0.784337438904958,,,EXPLOIT
1823,52,,,0,1,0,1,rare,0.0,0.3350225929399052,0.6367441453014124,0.48398956719344727,0.0,0.6861856629437099,0.7641790137973868,,,EXPLOIT
1824,52,,,0,1,0,1,rare,0.0,0.2177646854109384,0.6897414932087229,0.40412210265869464,0.0,0.6955611211960531,0.7731448744237128,,,EXPLOIT
1825,52,,,0,1,1,0,common,1.0,0.3828255772460989,0.6892570096077067,0.39773314503491586,0.0,0.7043068534318307,0.7813738693644695,,,EXPLOIT
1826,52,,,0,1,1,0,common,0.0,0.7511633747900357,0.5820304994316107,0.5037622139614518,0.0,0.7124838442559389,0.7889528851763281,,,EXPLOIT
1827,52,,,0,1,1,0,common,1.0,0.5117438063864768,0.6766488284577135,0.5061566916889593,0.0,0.6926183623893265,0.7696327963518694,,,EXPLOIT
1828,52,,,0,1,1,0,common,1.0,0.3326334741512099,0.507574609038897,0.45409972642763446,0.0,0.6700488770221925,0.7466742590480313,,,EXPLOIT
1829,52,,,0,1,1,0,common,1.0,0.21621175819828642,0.36621658397420154,0.38273333595883,0.0,0.6805565372004201,0.7571643710418745,,,EXPLOIT
1830,52,,,0,1,0,0,rare,1.0,0.9906010093220199,0.2840708835499929,0.5650936379677869,0.0,0.6903200192948689,0.7667274900438211,,,EXPLOIT
1831,52,,,0,1,1,0,common,1.0,0.14053764282888614,0.23759171886799832,0.4377268394261166,0.0,0.667425884459584,0.7431922462539701,,,EXPLOIT
1832,52,,,0,1,0,0,rare,1.0,0.643890656059313,0.21052824531836606,0.4995759844160755,0.0,0.6781233378477517,0.7539989796366717,,,EXPLOIT
1833,52,,,0,1,1,0,common,1.0,0.09134946783877596,0.19426190908657465,0.3771080294428856,0.0,0.6880568450914819,0.763837557591427,,,EXPLOIT
1834,52,,,0,1,1,0,common,1.0,0.05937715409520439,0.18423854489028907,0.28178876683858123,0.0,0.6973049683832118,0.7728320702505055,,,EXPLOIT
1835,52,,,0,1,1,0,common,0.0,0.9614048498381171,0.17795168327345381,0.48567359173844193,0.0,0.7059358551652205,0.7810862704880497,,,EXPLOIT
1836,52,,,0,1,1,0,common,0.0,0.6249131523947762,0.42384356865472983,0.5274454599353422,0.0,0.7140089085953301,0.788687576311167,,,EXPLOIT
1837,52,,,0,1,1,0,common,0.0,0.40619354905660454,0.612172018016631,0.49106988667172086,0.0,0.6943434858385173,0.7693198186187246,,,EXPLOIT
1838,52,,,0,1,1,0,common,1.0,0.735974193113207,0.6846576245355016,0.5645411786041666,0.0,0.7031698337838248,0.777859528786824,,,EXPLOIT
1839,52,,,0,1,0,0,rare,1.0,0.41852892643855344,0.5225058831460767,0.5207375029544826,0.0,0.6820592919950133,0.7564918960092613,,,EXPLOIT
1840,52,,,0,1,0,0,rare,0.0,0.7279561978149403,0.37556051353312714,0.5829031114126199,0.0,0.6579779524486602,0.7308625156846432,,,EXPLOIT
1841,52,,,0,0,0,0,common,0.0,0.4731715285797112,0.5852751831831415,0.5499836365627473,0.0,0.6302527551454035,0.6995569107666393,,,EXPLOIT
1842,52,,,0,1,1,0,common,0.0,0.5216167744764154,0.5262839894166709,0.5414735779368477,0.0,0.5979907154825315,0.6604567841655598,,,EXPLOIT
1843,52,,,0,1,1,1,common,1.0,0.949491767481756,0.6444831973760663,0.6638790348003202,0.0,0.559981107313263,0.6102400652397917,,,EXPLORE
1844,52,,,0,0,0,0,common,0.0,0.3075614935768123,0.4457170921166531,0.5569837724332678,0.0,0.5145403405805185,0.5433842195567432,,,EXPLORE
1845,52,,,0,0,0,0,common,1.0,0.8000850291750721,0.4048366901725824,0.629914149455809,0.0,0.4592561280367614,0.4499827530157656,,,EXPLORE
1846,52,,,0,1,1,1,common,0.0,0.3828303511368586,0.6584902125051924,0.5557890099601239,0.0,0.39054540270574767,0.31031798092607804,,,EXPLORE
1847,52,,,0,0,1,0,rare,0.0,0.33905090340967003,0.6871507238129404,0.4907675779949877,0.0,0.30284595166406814,0.09090909090909093,,,EXPLORE
1848,52,,,0,0,1,0,rare,1.0,0.7796169127837145,0.6782038458466251,0.5774223784316057,0.0,0.35486333770173695,0.23017705927636645,,,EXPLORE
1849,52,,,0,1,1,0,common,1.0,0.5067509933094144,0.6381610839009895,0.5562209628949484,0.0,0.25626148585965025,0.09090909090909093,,,EXPLORE
1850,52,,,0,1,1,1,common,1.0,0.7511602717610419,0.6867785301726765,0.6147027555547764,0.0,0.12366259465640132,0.09090909090909093,,,EXPLORE
1851,52,,,0,1,0,1,rare,1.0,0.85845295448289,0.616158733008554,0.6878278152332105,0.0,0.09090909090909093,0.09090909090909093,,,EXPLORE
1852,52,,,0,1,1,0,common,1.0,0.3293881456511194,0.5408039486570911,0.5802959143585831,0.0,0.09090909090909093,0.09090909090909093,,,EXPLORE
1853,52,,,0,1,1,1,common,1.0,0.4882541766446773,0.48605710833899196,0.5526833930444113,0.0,0.09090909090909093,0.09090909090909093,,,EXPLORE
1854,52,,,0,1,1,1,common,0.0,0.6826347851809598,0.4497682224711751,0.5916688106853758,0.0,0.09090909090909093,0.09090909090909093,,,EXPLORE
1855,52,,,0,1,0,0,rare,0.0,0.47994473103620316,0.6806308074382439,0.5581515867906239,0.0,0.09090909090909093,0.09090909090909093,,,EXPLORE
1856,52,,,0,1,0,0,rare,0.0,0.3119640751735321,0.660088105410111,0.48429533330549634,0.0,0.09090909090909093,0.09090909090909093,,,EXPLORE
1857,52,,,0,0,0,1,common,1.0,0.5579944204138785,0.5682002629263915,0.506405059438011,0.0,0.17965545529122232,0.23017705927636645,,,EXPLORE
1858,52,,,0,1,1,0,common,0.0,0.7858977053267724,0.42152361120516135,0.5902528532046394,0.0,0.09090909090909093,0.09090909090909093,,,EXPLORE
1859,52,,,0,0,0,0,common,0.0,0.20277664886279587,0.3455463446802798,0.47400999190208626,0.0,0.09090909090909093,0.09090909090909093,,,EXPLORE
1860,52,,,0,0,1,1,rare,0.0,0.4437126103676239,0.5556254968393695,0.46492077744174753,0.0,0.17965545529122232,0.23017705927636645,,,EXPLORE
1861,52,,,0,0,0,1,common,1.0,0.36269637326902104,0.6623698276581002,0.43425345618992955,0.0,0.25195053896963665,0.33155527035247095,,,EXPLORE
1862,52,,,0,1,1,0,common,0.0,0.510833508462402,0.4758240313574097,0.45722747187167134,0.0,0.31197800201026266,0.40865139461585376,,,EXPLORE
1863,52,,,0,0,0,1,common,1.0,0.23575264262486373,0.42425101956320677,0.390785023097629,0.0,0.3626137856372424,0.46925370836719743,,,EXPLORE
1864,52,,,0,0,1,0,rare,1.0,0.6679582194994387,0.291464914388027,0.4739369820181719,0.0,0.4059000327452924,0.5181414926281387,,,EXPLORE
1865,52,,,0,0,0,1,common,0.0,0.8467607822938386,0.22074049535498963,0.5857841221008719,0.0,0.4433268371345312,0.5584101936095955,,,EXPLORE
1866,52,,,0,1,1,0,common,1.0,0.4341728426746352,0.43823890953119005,0.540300738273001,0.0,0.37044452077678974,0.47143071844741774,,,EXPLORE
1867,52,,,0,0,0,1,common,1.0,0.44960549150900486,0.672088142172832,0.5130921642438021,0.0,0.27669264685122463,0.3433928097630087,,,EXPLORE
1868,52,,,0,1,1,0,common,1.0,0.2822123477385129,0.5657406196020841,0.4438282192922153,0.0,0.15161688392271766,0.1362562465702104,,,EXPLORE
1869,52,,,0,1,1,0,common,1.0,0.18343802603003334,0.6841398222040045,0.3657111613135607,0.0,0.2289457630593501,0.26263109287457315,,,EXPLORE
1870,52,,,0,1,1,0,common,1.0,0.1192347169195217,0.6848711510075502,0.29176822799534896,0.0,0.29276459979667185,0.35592388844101097,,,EXPLORE
1871,52,,,0,0,1,0,rare,1.0,0.07750256599768912,0.6498733455411017,0.227488529396051,0.0,0.34632696205438285,0.42761814107647367,,,EXPLORE
1872,52,,,0,1,0,0,rare,0.0,0.13180482176081731,0.689633743707716,0.19878341710548086,0.0,0.39191932758889897,0.48443365089792023,,,EXPLOIT
1873,52,,,0,1,1,0,common,1.0,0.05037666789849793,0.5804381302670669,0.15426139234338598,0.0,0.43119555196841447,0.5305645698749085,,,EXPLOIT
1874,52,,,0,1,0,0,rare,0.0,0.08567313414453126,0.6759688516109643,0.13368491488372955,0.0,0.46538150608341006,0.5687640697012136,,,EXPLOIT
1875,52,,,0,0,0,0,common,0.0,0.05568753719394532,0.5059629114475509,0.11028570157679426,0.0,0.49540510622490463,0.600914237304692,,,EXPLOIT
1876,52,,,0,0,1,0,rare,0.0,0.9672551658659764,0.6858164115547306,0.3673765408635489,0.0,0.5219816529700797,0.6283453290373502,,,EXPLOIT
1877,52,,,0,0,1,0,rare,1.0,0.37128414218711536,0.6647332264884087,0.3685488212606188,0.0,0.5456714283227199,0.6520242052827827,,,EXPLORE
1878,52,,,0,0,0,1,common,1.0,0.29224356948085317,0.6691123600905304,0.3456572457266891,0.0,0.5669195316195935,0.6726704871045114,,,EXPLOIT
1879,52,,,0,0,0,1,common,0.0,0.8100416798374455,0.5728869508151933,0.484972575959916,0.0,0.5860840317204412,0.6908308357675921,,,EXPLOIT
1880,52,,,0,1,1,1,common,1.0,0.7115868032610444,0.6929597989754573,0.5529568441502545,0.0,0.6034562470803863,0.7069279706904195,,,EXPLORE
1881,52,,,0,0,0,1,common,1.0,0.47347290810566045,0.6323849056060041,0.5291116633368762,0.0,0.5664561812323576,0.6697500084543484,,,EXPLORE
1882,52,,,0,0,0,1,common,0.0,0.6922426097313207,0.6930680031567625,0.5780509472552096,0.0,0.52233244022061,0.6223178529262999,,,EXPLORE
1883,52,,,0,0,0,1,common,1.0,0.5500423036746416,0.6030046341198062,0.5696483541810391,0.0,0.4688115750084255,0.5597141588858017,,,EXPLORE
1884,52,,,0,1,0,1,rare,1.0,0.35752749738851697,0.6922214477370903,0.5060120971432824,0.0,0.40253757736000567,0.4732792624771913,,,EXPLORE
1885,52,,,0,1,1,1,common,0.0,0.5374685778803211,0.6529366029438994,0.5154490413643941,0.0,0.3183404480488535,0.3462145921216384,,,EXPLORE
1886,52,,,0,0,1,1,rare,0.0,0.34935457562220873,0.6627728028740373,0.4656207016417384,0.0,0.20781907716494488,0.14108409266461808,,,EXPLORE
1887,52,,,0,1,1,0,common,1.0,0.24133469242162497,0.6757516078275051,0.39833489887570434,0.0,0.27521238119139757,0.26611739052311373,,,EXPLORE
1888,52,,,0,1,1,0,common,0.0,0.8431324499259437,0.5672590180562073,0.531774164190776,0.0,0.3315138801818629,0.358558898133751,,,EXPLORE
1889,52,,,0,0,0,1,common,1.0,0.232392873302536,0.6910890640708895,0.441959776924304,0.0,0.22538158025032362,0.16205777035890384,,,EXPLORE
1890,52,,,0,1,0,1,rare,1.0,0.1510553676466484,0.6352188542175993,0.3546884541410073,0.0,0.2897972499066813,0.2813333433304683,,,EXPLORE
1891,52,,,0,0,0,0,common,0.0,0.03619689917606446,0.6922765911412814,0.25914098765152443,0.0,0.3438182991996865,0.37009899204857055,,,EXPLORE
1892,52,,,0,0,0,1,common,1.0,0.09818598897032149,0.5930386384293536,0.21085448804716353,0.0,0.38977076992766413,0.43873057488588635,,,EXPLORE
1893,52,,,0,0,0,0,common,0.0,0.0235279844644419,0.6918137337225607,0.15465653697234702,0.0,0.42933486925732733,0.49337814172358235,,,EXPLOIT
1894,52,,,0,1,1,0,common,1.0,0.45196390754813653,0.5905714465654138,0.24384874814508384,0.0,0.463754568921309,0.5379184546207934,,,EXPLOIT
1895,52,,,0,0,0,1,common,1.0,0.06382089283070902,0.48238939991802665,0.18984039155077137,0.0,0.493970551786616,0.5749165001341129,,,EXPLORE
1896,52,,,0,1,1,0,common,1.0,0.2937765399062888,0.6470288140318872,0.22102123605742657,0.0,0.5207073316858399,0.606137045642738,,,EXPLOIT
1897,52,,,0,1,1,0,common,1.0,0.19095475093908776,0.5911956928330406,0.2120012905219249,0.0,0.5445319745156019,0.6328341245420376,,,EXPLOIT
1898,52,,,0,1,1,0,common,1.0,0.12412058811040705,0.547586195304584,0.18563707979846952,0.0,0.5658946641780602,0.6559233321672956,,,EXPLOIT
1899,52,,,0,1,0,1,rare,0.0,0.9585164196600391,0.517369154772948,0.4175008817569404,0.0,0.585157341116453,0.6760887814592085,,,EXPLOIT
1900,52,,,0,1,0,1,rare,0.0,0.6230356727790254,0.6931471536144764,0.47916131906356585,0.0,0.6026143137626069,0.6938519088140448,,,EXPLORE
1901,52,,,0,1,1,1,common,1.0,0.7729195258455643,0.610323625788033,0.5672887810981654,0.0,0.6185073506427502,0.7096171148243058,,,EXPLOIT
1902,52,,,0,0,0,1,common,1.0,0.5950268126936336,0.6931457775496833,0.5756101905768058,0.0,0.5842116274306028,0.6731269675079792,,,EXPLORE
1903,52,,,0,1,1,0,common,1.0,0.0806783822717646,0.6563705524923285,0.42713064808529344,0.0,0.5435913533662832,0.6266844350858518,,,EXPLORE
1904,52,,,0,1,0,1,rare,0.0,0.6132325717491383,0.6931465876721294,0.48296122518444684,0.0,0.5650488522969916,0.6505832378166573,,,EXPLOIT
1905,52,,,0,0,0,1,common,1.0,0.6013988283630601,0.5733870988103658,0.5184925061380308,0.0,0.584392731220608,0.6714085490878916,,,EXPLORE
1906,52,,,0,0,0,1,common,1.0,0.3909092384359891,0.4970455033014234,0.4802175258274183,0.0,0.5438073810338357,0.6244639055986569,,,EXPLORE
1907,52,,,0,0,1,0,rare,1.0,0.05244094847664704,0.4451807481599961,0.35188455262218693,0.0,0.565243088164581,0.6486582078090151,,,EXPLOIT
1908,52,,,0,0,0,1,common,1.0,0.2540910049833929,0.4117335620834446,0.32254648833054866,0.0,0.5845683053040165,0.669723809902859,,,EXPLOIT
1909,52,,,0,0,0,1,common,0.0,0.8348408467607946,0.3903721588506768,0.4762347958596225,0.0,0.6020792535464851,0.6882298617446057,,,EXPLOIT
1910,52,,,0,0,1,0,rare,1.0,0.03408661650982059,0.6572013427832462,0.3435903420546819,0.0,0.6180191967411733,0.7046153585365623,,,EXPLOIT
1911,52,,,0,0,0,1,common,1.0,0.4573534496054834,0.5666377713259003,0.37771927431992236,0.0,0.6325897695793726,0.7192243339596082,,,EXPLOIT
1912,52,,,0,0,0,1,common,0.0,0.7027202577564358,0.49222996030154975,0.4752195693508764,0.0,0.645959517150532,0.732330219922656,,,EXPLOIT
1913,52,,,0,1,1,1,common,0.0,0.49760230820038315,0.6855426348016014,0.4819343910057284,0.0,0.6582704152380128,0.7441530736654516,,,EXPLOIT
1914,52,,,0,0,0,1,common,1.0,0.5432318324583167,0.5966378708123814,0.5003236234415048,0.0,0.6696429072859961,0.7548719953922318,,,EXPLOIT
1915,52,,,0,0,0,1,common,1.0,0.35310069109790587,0.4614119883592078,0.45615674373842513,0.0,0.6437169571131629,0.7289022391764914,,,EXPLOIT
1916,52,,,0,0,0,1,common,1.0,0.22951544921363887,0.3707483581785661,0.3881643553809892,0.0,0.6562025778140029,0.7410546802161692,,,EXPLOIT
1917,52,,,0,0,0,1,common,1.0,0.14918504198886529,0.31610568509694287,0.31647056136335205,0.0,0.6677302337359138,0.7520579794294084,,,EXPLOIT
1918,52,,,0,0,0,1,common,0.0,0.9030297227072376,0.2832354115947753,0.4924383097665177,0.0,0.6784055828023694,0.7620672908383601,,,EXPLOIT
1919,52,,,0,0,0,1,common,1.0,0.41303068024029554,0.555588491804963,0.468616020908651,0.0,0.6883192964152626,0.7712110404086344,,,EXPLOIT
1920,52,,,0,0,0,1,common,1.0,0.26846994215619213,0.4315004196977458,0.4085721972829133,0.0,0.6975496255857182,0.7795964439082935,,,EXPLOIT
1921,52,,,0,0,0,1,common,1.0,0.17450546240152487,0.3525465057754291,0.3383521768184967,0.0,0.7061644572480017,0.787313712011381,,,EXPLOIT
1922,52,,,0,0,0,1,common,1.0,0.11342855056099121,0.30520368564900835,0.27087508894124507,0.0,0.7142229751362599,0.7944392931201277,,,EXPLOIT
1923,52,,,0,0,1,0,rare,0.0,0.9778436992686166,0.2766022401090366,0.4829656720394565,0.0,0.7217770111870466,0.80103840137354,,,EXPLOIT
1924,52,,,0,0,1,0,rare,1.0,0.3644015954753992,0.5505762526716721,0.4473964490702393,0.0,0.7288721527170111,0.8071670071552005,,,EXPLOIT
1925,52,,,0,1,1,0,common,1.0,0.23686103705900952,0.4280491842061691,0.3842358254668703,0.0,0.7355486553623845,0.8128734188668212,,,EXPLOIT
1926,52,,,0,1,0,1,rare,1.0,0.07372855786464427,0.6273564903207483,0.29108364518620244,0.0,0.741842200406504,0.818199550645864,,,EXPLOIT
1927,52,,,0,1,1,0,common,1.0,0.1539596740883562,0.6911351586937836,0.24994645385684855,0.0,0.7477845265855728,0.823181946444281,,,EXPLOIT
1928,52,,,0,1,1,1,common,0.0,0.32344150033024904,0.6835470599743678,0.27199496779886867,0.0,0.7534039599919502,0.8278526134011462,,,EXPLOIT
1929,52,,,0,0,0,1,common,1.0,0.0479235626120188,0.6089569010733678,0.20477354624281371,0.0,0.7587258607478987,0.8322397046945866,,,EXPLOIT
1930,52,,,0,0,1,0,rare,0.0,0.8999262118425685,0.5369869013678548,0.4133193459227401,0.0,0.7637730013119713,0.8363680826637067,,,EXPLOIT
1931,52,,,0,0,0,1,common,0.0,0.9688496843021878,0.6927874271376164,0.5799784474365743,0.0,0.7685658883226226,0.8402597859972059,,,EXPLOIT
1932,52,,,0,0,0,1,common,0.0,0.629752294796422,0.6348617522739616,0.5949106016445287,0.0,0.7553621780732996,0.8289885816138721,,,EXPLOIT
1933,52,,,0,0,1,0,rare,0.0,0.5849520376976696,0.5418705342485447,0.591923032460471,0.0,0.7407176006033938,0.8161456182892647,,,EXPLOIT
1934,52,,,0,1,1,1,common,0.0,0.2102369752146619,0.47142706016744673,0.4774172152867282,0.0,0.7243835629199331,0.8013782857857031,,,EXPLOIT
1935,52,,,0,0,0,1,common,0.0,0.40933899161767434,0.6229319494232619,0.456993748186012,0.0,0.7313235133310195,0.8074831043532363,,,EXPLOIT
1936,52,,,0,0,0,0,common,0.0,0.015293189901887235,0.5850372215492974,0.3244835807007746,0.0,0.7378581699972278,0.8131681269852301,,,EXPLOIT
1937,52,,,0,1,0,1,rare,0.0,0.26607034455148837,0.5577564869594059,0.3069596098559887,0.0,0.7440217269487341,0.8184749559794487,,,EXPLOIT
1938,52,,,0,1,1,1,common,0.0,0.13665403388953024,0.6443684092154527,0.25586793706605115,0.0,0.7498446372293778,0.8234398725359473,,,EXPLOIT
1939,52,,,0,1,1,1,common,0.0,0.08882512202819465,0.6798381601603416,0.20575509255469418,0.0,0.7553541108866384,0.828094661140906,,,EXPLOIT
1940,52,,,0,1,1,0,common,1.0,0.6197811754965148,0.691178051905744,0.3299629174372404,0.0,0.7605745354752458,0.8324672852930888,,,EXPLOIT
1941,52,,,0,1,1,0,common,0.0,0.5971422359272653,0.4987425925508445,0.41011671298424784,0.0,0.7655278327850596,0.8365824449349102,,,EXPLOIT
1942,52,,,0,1,1,1,common,0.0,0.05773632931832652,0.6160055976204888,0.30440259788447144,0.0,0.7702337627996506,0.8404620390639598,,,EXPLOIT
1943,52,,,0,1,1,0,common,1.0,0.6118575466472775,0.6691148388190709,0.39663908251331326,0.0,0.7747101837733974,0.8441255518232631,,,EXPLOIT
1944,52,,,0,1,1,0,common,1.0,0.39770740532073035,0.45253345857799165,0.3969595793555384,0.0,0.7789732756443045,0.8475903764411767,,,EXPLOIT
1945,52,,,0,1,0,1,rare,1.0,0.8270542760415326,0.2952269630282982,0.5259879883613366,0.0,0.7830377326742995,0.8508720883879465,,,EXPLOIT
1946,52,,,0,1,0,1,rare,1.0,0.5375852794269962,0.21336782680286331,0.5294671756810345,0.0,0.7713243168500936,0.8409820006407435,,,EXPLOIT
1947,52,,,0,1,1,0,common,1.0,0.2585098134584747,0.17029266596803305,0.44817996701426654,0.0,0.7584118200534883,0.8298078112785594,,,EXPLOIT
1948,52,,,0,1,1,1,common,0.0,0.03752861405691224,0.1463494880328346,0.3249845611270602,0.0,0.7634749841468876,0.8340786855822049,,,EXPLOIT
1949,52,,,0,1,0,1,rare,1.0,0.3494304316275475,0.3446987663797576,0.33231832227720637,0.0,0.7682827128280014,0.8381008238829785,,,EXPLOIT
1950,52,,,0,1,1,0,common,1.0,0.16803137874800855,0.23877820497918162,0.283032239218447,0.0,0.7728536353053973,0.841895154710504,,,EXPLOIT
1951,52,,,0,1,1,0,common,1.0,0.1092203961862056,0.1839116533477092,0.23088868630877457,0.0,0.7772046125341067,0.8454803229628816,,,EXPLOIT
1952,52,,,0,1,1,0,common,0.0,0.9290067424789663,0.15406194302105117,0.44032410315983206,0.0,0.7813509421586003,0.8488729931160538,,,EXPLOIT
1953,52,,,0,1,1,0,common,0.0,0.6038543826113281,0.35397605699865237,0.48938318699528083,0.0,0.7853065355976924,0.8520881053724727,,,EXPLOIT
1954,52,,,0,1,1,0,common,1.0,0.6074946513026367,0.5308390051175523,0.5248166262874876,0.0,0.7890840715914037,0.8551390930557826,,,EXPLOIT
1955,52,,,0,1,1,0,common,0.0,0.6051284766532861,0.33994401759237536,0.5489101813972271,0.0,0.7779659317991399,0.8457775895650794,,,EXPLOIT
1956,52,,,0,1,1,1,common,0.0,0.024393599136992957,0.5211577536545158,0.39155520671915683,0.0,0.7657407687629894,0.8352363676553619,,,EXPLOIT
1957,52,,,0,1,0,1,rare,0.0,0.7728702194420941,0.6271674144539992,0.505949710536038,0.0,0.7704361979156423,0.8391922955252497,,,EXPLOIT
1958,52,,,0,0,1,0,rare,1.0,0.606666490175364,0.6734553916889412,0.5361647444278357,0.0,0.7574303091096054,0.8277768829137424,,,EXPLOIT
1959,52,,,0,0,0,1,common,1.0,0.49763435736263884,0.5992143166814762,0.5246056283082766,0.0,0.7430165599202285,0.8147584611963922,,,EXPLOIT
1960,52,,,0,0,0,1,common,0.0,0.6765376677142847,0.41619688225771045,0.570185240130079,0.0,0.7269541305264869,0.7997746927133004,,,EXPLOIT
1961,52,,,0,0,0,1,common,0.0,0.43974948401428504,0.5978618080769973,0.5310545132953408,0.0,0.7089439565037535,0.7823451402002565,,,EXPLOIT
1962,52,,,0,0,0,1,common,1.0,0.7141628353907147,0.676429496260375,0.5859870099239529,0.0,0.6886099867772854,0.7618188817531505,,,EXPLOIT
1963,52,,,0,1,0,1,rare,1.0,0.4642058430039646,0.4947972106777605,0.5494526598479564,0.0,0.6654727067755414,0.7372915278470082,,,EXPLOIT
1964,52,,,0,1,1,0,common,1.0,0.39433321861398674,0.6860149163122665,0.5029168274777654,0.0,0.6389109275470984,0.7074685408099295,,,EXPLOIT
1965,52,,,0,0,0,1,common,0.0,0.698266202047423,0.6602191899122827,0.5615216398486627,0.0,0.6081052899498689,0.6704294178303613,,,EXPLOIT
1966,52,,,0,0,1,0,rare,0.0,0.7436834079009086,0.531563027270392,0.6161701702643364,0.0,0.5719523910794009,0.6231973125874641,,,EXPLORE
1967,52,,,0,0,1,0,rare,1.0,0.5166057848644094,0.4273530744697499,0.5863008546443583,0.0,0.5289300192851963,0.5608969602964728,,,EXPLORE
1968,52,,,0,0,0,1,common,0.0,0.4538730313308249,0.6474842413493196,0.5465725076502983,0.0,0.47687761787690597,0.474954295573229,,,EXPLORE
1969,52,,,0,0,0,1,common,1.0,0.7049825296349638,0.5178651957859899,0.5940955142456978,0.0,0.4126224805142499,0.34876760074667057,,,EXPLORE
1970,52,,,0,1,1,0,common,0.0,0.6642062398381339,0.6776784993755034,0.6151287319234287,0.0,0.33130842958287693,0.1454413057348355,,,EXPLORE
1971,52,,,0,1,1,0,common,1.0,0.5682659441052129,0.6566700170600706,0.6010698955779639,0.0,0.22510846050249086,0.09090909090909093,,,EXPLORE
1972,52,,,0,1,1,0,common,1.0,0.3693728636683884,0.6846763313909263,0.5315607860050912,0.0,0.09090909090909093,0.09090909090909093,,,EXPLORE
1973,52,,,0,1,1,0,common,1.0,0.24009236138445245,0.6209765659699809,0.44412025861889953,0.0,0.09090909090909093,0.09090909090909093,,,EXPLORE
1974,52,,,0,0,1,0,rare,1.0,0.15606003489989406,0.5553922963255028,0.3577021915031979,0.0,0.17965545529122232,0.23017705927636645,,,EXPLORE
1975,52,,,0,1,1,0,common,1.0,0.1014390226849311,0.6613122193127038,0.28082324085771787,0.0,0.25195053896963665,0.33155527035247095,,,EXPLORE
1976,52,,,0,0,0,1,common,1.0,0.4582386442627264,0.6297815945959965,0.3340478618792204,0.0,0.31197800201026266,0.40865139461585376,,,EXPLORE
1977,52,,,0,1,1,0,common,1.0,0.06593536474520523,0.679443674740885,0.25361411273901585,0.0,0.3626137856372424,0.46925370836719743,,,EXPLORE
1978,52,,,0,1,1,0,common,1.0,0.042857987084383375,0.6653471982904215,0.1903872750426261,0.0,0.4059000327452924,0.5181414926281387,,,EXPLOIT
1979,52,,,0,1,0,1,rare,0.0,0.7021448812292278,0.6537967276499448,0.3439145568986066,0.0,0.4433268371345312,0.5584101936095955,,,EXPLOIT
1980,52,,,0,1,1,0,common,1.0,0.02785769160484919,0.6248068846263497,0.24909749731047937,0.0,0.4760069778008542,0.5921529537657815,,,EXPLORE
1981,52,,,0,1,0,0,rare,0.0,0.009940573436226703,0.6862056765787405,0.17735042014820354,0.0,0.5047882362938754,0.6208359130085537,,,EXPLOIT
1982,52,,,0,1,0,1,rare,1.0,0.5436058272010019,0.5211484241531649,0.28722704226404305,0.0,0.5303278475182935,0.6455166258956538,,,EXPLOIT
1983,52,,,0,0,0,1,common,1.0,0.3533437876806512,0.6530323927011298,0.3070620658890255,0.0,0.5531431856165939,0.6669771225069359,,,EXPLOIT
1984,52,,,0,1,1,1,common,1.0,0.9841441605609546,0.6121821521519939,0.5101866942906041,0.0,0.5736470880232013,0.6858081495669813,,,EXPLOIT
1985,52,,,0,1,0,1,rare,1.0,0.22967346199242333,0.6757940436298504,0.4260327246011499,0.0,0.5309612538654144,0.6429771347801725,,,EXPLORE
1986,52,,,0,1,1,0,common,1.0,0.01810749954315194,0.692458014202151,0.3036551570837505,0.0,0.5537108593230049,0.6647593307830342,,,EXPLOIT
1987,52,,,0,1,1,0,common,1.0,0.0117698747030488,0.6912974019363309,0.21608957236954,0.0,0.5741587300972387,0.6838546790558497,,,EXPLOIT
1988,52,,,0,1,1,0,common,1.0,0.007650418556981675,0.685445341153325,0.15355782622577246,0.0,0.592636480692767,0.7007306334756129,,,EXPLOIT
1989,52,,,0,1,1,0,common,0.0,0.9950272279379619,0.6795557896137734,0.40599864673942926,0.0,0.6094149435425443,0.7157521561896492,,,EXPLOIT
1990,52,,,0,0,0,1,common,1.0,0.14928775029507513,0.5794102516252264,0.328985377806123,0.0,0.6247174848968892,0.7292083477544482,,,EXPLORE
1991,52,,,0,0,1,1,rare,1.0,0.6396937043646205,0.5444191590457641,0.42219787577367224,0.0,0.6387299670259151,0.7413311843524297,,,EXPLOIT
1992,52,,,0,0,0,1,common,1.0,0.09703703769179883,0.5205777491454725,0.32464962434911016,0.0,0.651608302458146,0.752308962896358,,,EXPLOIT
1993,52,,,0,0,0,1,common,1.0,0.06307407449966929,0.504773840709185,0.2461769593942779,0.0,0.6634842529934727,0.7622961194377409,,,EXPLOIT
1994,52,,,0,0,0,1,common,0.0,0.959001851575215,0.49441228970988405,0.46002442704855906,0.0,0.6744699315494705,0.7714205130902718,,,EXPLOIT
1995,52,,,0,1,1,0,common,1.0,0.3532323018403247,0.6929094821924314,0.42798678948608876,0.0,0.6846613331941644,0.7797889072665926,,,EXPLOIT
1996,52,,,0,1,0,1,rare,0.0,0.6233512035238897,0.6649990898330455,0.48659611369742906,0.0,0.6941411311374601,0.7874911481106163,,,EXPLOIT
1997,52,,,0,0,0,0,common,1.0,0.9935386272664526,0.65315160617553,0.6386788677681361,0.0,0.702980910208007,0.7946033876251934,,,EXPLOIT
1998,52,,,0,0,1,1,rare,0.0,0.5841990921629967,0.5647005110054837,0.6223349350865942,0.0,0.6818446996363325,0.7762835094693012,,,EXPLOIT
1999,52,,,0,0,0,0,common,0.0,0.35419989227680576,0.6931047414642331,0.5418944222436577,0.0,0.6577320944013345,0.7546159044750387,,,EXPLOIT
2000,52,,,0,1,1,0,common,0.0,0.7703990038037889,0.6390979260533498,0.610445796711697,0.0,0.6299682807108722,0.7285921130006594,,,EXPLOIT
