trial,seed,config_version,git_commit,s1,a1,s2,a2,trans_type,reward,u_delta,u_s,u_v,u_c,V_G,V_p,eta_G,eta_p,mode
1,52,,,0,1,1,0,common,0.0,0.5,0.6931471803599453,0.15,0.0,0.5,0.0,,,EXPLOIT
2,52,,,0,1,1,0,common,0.0,0.325,0.6354546081677416,0.2025,0.0,0.5260663507109005,0.0,,,EXPLOIT
3,52,,,0,1,0,0,rare,1.0,0.5,0.5505918514747258,0.29174999999999995,0.0,0.5493262427328857,0.0,,,EXPLOIT
4,52,,,0,0,1,0,rare,0.0,0.21125000000000002,0.6928253386665761,0.26759999999999995,0.0,0.570208762497792,0.0,,,EXPLOIT
5,52,,,0,1,1,0,common,0.0,0.1373125,0.643108341319719,0.22851374999999996,0.0,0.5890597666503006,0.0,,,EXPLOIT
6,52,,,0,1,1,1,common,1.0,0.5,0.693011176965133,0.30995962499999996,0.0,0.6061611288293314,0.0,,,EXPLOIT
7,52,,,0,0,0,0,common,1.0,0.32499999999999996,0.5969073405600267,0.31447173749999996,0.0,0.621744881595395,0.0,,,EXPLOIT
8,52,,,0,0,0,0,common,1.0,0.21124999999999994,0.6930897144120518,0.2835052162499999,0.0,0.6360037662619006,0.0,,,EXPLOIT
9,52,,,0,0,1,1,rare,1.0,0.32499999999999996,0.6450758792942825,0.2959536513749999,0.0,0.6490992118689946,0.0,,,EXPLOIT
10,52,,,0,0,0,0,common,1.0,0.13731249999999995,0.5752675993720479,0.2483613059624999,0.0,0.661167445672263,0.0,,,EXPLOIT
11,52,,,0,1,0,0,rare,1.0,0.08925312499999993,0.5206311134739471,0.2006288516737499,0.0,0.6723242264513416,0.0,,,EXPLOIT
12,52,,,0,0,0,1,common,0.0,0.5,0.6396246367771858,0.29044019617162486,0.0,0.6826685496483146,0.0,,,EXPLOIT
13,52,,,0,0,1,1,rare,1.0,0.21124999999999994,0.6556143462340834,0.2666831373201374,0.0,0.6922855757947949,0.0,,,EXPLOIT
14,52,,,0,0,0,0,common,0.0,0.94198546875,0.6929365231576484,0.4692738367490961,0.0,0.7012489657746,0.0,,,EXPLOIT
15,52,,,0,1,1,1,common,1.0,0.13731249999999995,0.5882127678822963,0.36968543572436724,0.0,0.7096227585168867,0.0,,,EXPLOIT
16,52,,,0,1,1,1,common,0.0,0.9107468750000001,0.5032793445224523,0.5320038675070571,0.0,0.7174628924103941,0.0,,,EXPLOIT
17,52,,,0,1,1,1,common,1.0,0.40801453124999987,0.6862330721406209,0.4948070666299399,0.0,0.6982466183383663,0.0,,,EXPLOIT
18,52,,,0,1,0,0,rare,0.0,0.6122905546875,0.6018989655848493,0.5300521130472079,0.0,0.706815788760833,0.0,,,EXPLOIT
19,52,,,0,0,1,1,rare,1.0,0.2652094453124999,0.692467598716437,0.45059931272679543,0.0,0.6861973881036834,0.0,,,EXPLOIT
20,52,,,0,0,0,1,common,1.0,0.675,0.6161715046672016,0.5179195189087569,0.0,0.6955720458899995,0.0,,,EXPLOIT
21,52,,,0,1,0,1,rare,0.0,0.56125,0.5193599693942438,0.5309186632361298,0.0,0.673416170664759,0.0,,,EXPLOIT
22,52,,,0,0,0,0,common,0.0,0.39798886054687505,0.3799231626350519,0.49103972242935334,0.0,0.6480584559653434,0.0,,,EXPLOIT
23,52,,,0,1,0,1,rare,0.0,0.36481250000000004,0.6112395508616894,0.45317155570054735,0.0,0.660206875901543,0.0,,,EXPLOIT
24,52,,,0,0,1,1,rare,1.0,0.17238613945312498,0.529172102360977,0.3689359308263206,0.0,0.6714349637566153,0.0,,,EXPLOIT
25,52,,,0,0,0,0,common,1.0,0.7413072406445312,0.3760337341645699,0.48064732377178376,0.0,0.6818429790525693,0.0,,,EXPLOIT
26,52,,,0,0,1,0,rare,0.0,0.089253125,0.28634732970477494,0.36322906414024864,0.0,0.6915171291989184,0.0,,,EXPLOIT
27,52,,,0,0,0,0,common,1.0,0.4818497064189453,0.520769924462201,0.3988152568238576,0.0,0.7005319480486943,0.0,,,EXPLOIT
28,52,,,0,0,0,0,common,1.0,0.3132023091723144,0.37071275933284886,0.3731313725283946,0.0,0.7089522071418668,0.0,,,EXPLOIT
29,52,,,0,0,0,0,common,1.0,0.20358150096200434,0.28337271323614094,0.32226641105847753,0.0,0.7168344633544541,0.0,,,EXPLOIT
30,52,,,0,0,1,1,rare,0.0,0.8879490093554687,0.23436450077016457,0.4919711905475749,0.0,0.724228321171689,0.0,,,EXPLOIT
31,52,,,0,0,0,0,common,1.0,0.13232797562530285,0.4769839846240215,0.38407822607089326,0.0,0.7311774691464015,0.0,,,EXPLOIT
32,52,,,0,0,0,0,common,1.0,0.08601318415644688,0.3440398453778889,0.2946587134965593,0.0,0.7377205363081566,0.0,,,EXPLOIT
33,52,,,0,0,0,0,common,0.0,0.9440914302983096,0.2684772970615356,0.48948852853708436,0.0,0.7438918039866929,0.0,,,EXPLOIT
34,52,,,0,1,1,0,common,0.0,0.05801453125,0.5065148967201655,0.36004632935095904,0.0,0.7497218007487021,0.0,,,EXPLOIT
35,52,,,0,0,1,0,rare,1.0,0.9622905546875,0.44703593125829416,0.5407195969519213,0.0,0.7552378022440324,0.0,,,EXPLOIT
36,52,,,0,0,0,0,common,1.0,0.3863405703060987,0.30834885783247146,0.4944058889581745,0.0,0.7405792818925496,0.0,,,EXPLOIT
37,52,,,0,0,1,1,rare,0.0,0.5771668560810547,0.2333551799545554,0.5192341790950386,0.0,0.7465913250001565,0.0,,,EXPLOIT
38,52,,,0,0,0,0,common,1.0,0.2511213706989641,0.4551810438988585,0.4388003365762162,0.0,0.730946496519341,0.0,,,EXPLOIT
39,52,,,0,0,0,0,common,1.0,0.1632288909543267,0.3129092752806494,0.3561289028896493,0.0,0.7375028755042763,0.0,,,EXPLOIT
40,52,,,0,0,0,0,common,0.0,0.8939012208796876,0.23580392417628487,0.5174605982866608,0.0,0.7436863465790263,0.0,,,EXPLOIT
41,52,,,0,0,1,1,rare,1.0,0.6248415435473145,0.45741983792666707,0.5496748818648569,0.0,0.7277025996929037,0.0,,,EXPLOIT
42,52,,,0,1,1,0,common,0.0,0.374511139453125,0.3141686981414086,0.4971257591413373,0.0,0.7097857882510457,0.0,,,EXPLOIT
43,52,,,0,0,0,0,common,0.0,0.5810357935717969,0.28168151895962756,0.5222987694704752,0.0,0.7176156971447375,0.0,,,EXPLOIT
44,52,,,0,0,1,0,rare,0.0,0.24343224064453123,0.48300490490198167,0.43863881082269196,0.0,0.6984191670975137,0.0,,,EXPLOIT
45,52,,,0,0,0,1,common,0.0,0.23712812500000002,0.6122886036124221,0.37818560507588433,0.0,0.7069770512526016,0.0,,,EXPLOIT
46,52,,,0,0,0,0,common,1.0,0.6223267341783321,0.6702577249422286,0.45142794380661866,0.0,0.714984000964335,0.0,,,EXPLOIT
47,52,,,0,0,0,0,common,1.0,0.4045123772159158,0.4596545115789612,0.43735327382940775,0.0,0.7224911914199575,0.0,,,EXPLOIT
48,52,,,0,0,0,1,common,0.0,0.15413328125000003,0.3037768220587851,0.3523872760555854,0.0,0.7295436504385059,0.0,,,EXPLOIT
49,52,,,0,0,1,1,rare,1.0,0.4061470033057544,0.5002436369156006,0.36851519423063606,0.0,0.7361811546272343,0.0,,,EXPLOIT
50,52,,,0,0,0,0,common,1.0,0.2629330451903453,0.32672181431473946,0.33684054951854886,0.0,0.7424389732104231,0.0,,,EXPLOIT
51,52,,,0,0,1,1,rare,1.0,0.2639955521487404,0.23344928223886527,0.3149870503076063,0.0,0.7483484889062448,0.0,,,EXPLOIT
52,52,,,0,0,0,0,common,1.0,0.1709064793737245,0.1843129775488634,0.27176287902744173,0.0,0.7539377189266973,0.0,,,EXPLOIT
53,52,,,0,0,1,1,rare,0.0,0.8284028911033188,0.15711776744476846,0.4387548826502048,0.0,0.75923175435558,0.0,,,EXPLOIT
54,52,,,0,0,0,0,common,1.0,0.11108921159292096,0.3627318120443445,0.3404551813330196,0.0,0.7642531324433257,0.0,,,EXPLOIT
55,52,,,0,0,1,0,rare,1.0,0.8417690435810548,0.2521651079116385,0.4908493400074301,0.0,0.7690221534712757,0.0,,,EXPLOIT
56,52,,,0,0,0,0,common,1.0,0.07220798753539859,0.19435430876906598,0.36525693426582057,0.0,0.7735571515807455,0.0,,,EXPLOIT
57,52,,,0,0,1,1,rare,1.0,0.46153812078284284,0.16279719280471427,0.39414129022092725,0.0,0.7778747271852674,0.0,,,EXPLOIT
58,52,,,0,0,1,1,rare,0.0,0.7000002214911522,0.14467518567696883,0.4858989696019947,0.0,0.7819899471767975,0.0,,,EXPLOIT
59,52,,,0,1,1,0,common,0.0,0.4528501216723144,0.3476962867913695,0.4759843152230906,0.0,0.7859165180150429,0.0,,,EXPLOIT
60,52,,,0,0,0,0,common,0.0,0.9530648081019909,0.32501186932295156,0.6191084630867607,0.0,0.7896669358902981,0.0,,,EXPLOIT
61,52,,,0,0,1,0,rare,0.0,0.2943525790870044,0.5072777739218186,0.5216816978868337,0.0,0.7786053315996785,0.0,,,EXPLOIT
62,52,,,0,0,0,1,common,0.0,0.10018663281250002,0.6177976990872821,0.3952331783645336,0.0,0.7664453096855897,0.0,,,EXPLOIT
63,52,,,0,1,0,0,rare,1.0,0.38050787473370584,0.6682667592375948,0.3908155872752852,0.0,0.7711060729472571,0.0,,,EXPLOIT
64,52,,,0,1,1,0,common,0.0,0.19132917640655286,0.6058844813407094,0.33096966401466543,0.0,0.775540541266496,0.0,,,EXPLOIT
65,52,,,0,1,1,1,common,0.0,0.4550001439692489,0.6791161994601594,0.3681788080010404,0.0,0.7797645967568333,0.0,,,EXPLOIT
66,52,,,0,1,0,0,rare,1.0,0.2473301185769088,0.6931291460156493,0.3319242011738009,0.0,0.7837926695706997,0.0,,,EXPLOIT
67,52,,,0,1,0,0,rare,1.0,0.1607645770749907,0.5493570856154079,0.28057631394415783,0.0,0.7876379001227735,0.0,,,EXPLOIT
68,52,,,0,1,0,0,rare,0.0,0.895503024901256,0.38160995737579934,0.46505432723128726,0.0,0.7913122800389996,0.0,,,EXPLOIT
69,52,,,0,1,1,1,common,0.0,0.2957500935800118,0.5784944230157553,0.4142630571359046,0.0,0.7948267750166134,0.0,,,EXPLOIT
70,52,,,0,0,0,0,common,0.0,0.5820769661858164,0.6704686997679097,0.4646072298508781,0.0,0.7981914322468567,0.0,,,EXPLOIT
71,52,,,0,0,1,0,rare,1.0,0.8756360353357406,0.6411982180977429,0.5879158714963368,0.0,0.8014154746169402,0.0,,,EXPLOIT
72,52,,,0,1,1,1,common,0.0,0.1922375608270077,0.651803977339531,0.4692123782955381,0.0,0.7914617215740515,0.0,,,EXPLOIT
73,52,,,0,1,1,0,common,0.0,0.4308365770317686,0.5881360439897259,0.4576996379164072,0.0,0.7949697836943729,0.0,,,EXPLOIT
74,52,,,0,0,1,1,rare,0.0,0.124954414537555,0.5372092881040753,0.35787607090275153,0.0,0.7983284078931129,0.0,,,EXPLOIT
75,52,,,0,0,0,0,common,1.0,0.6216499719792193,0.6458604337738973,0.4370082412256918,0.0,0.8015467846070962,0.0,,,EXPLOIT
76,52,,,0,0,1,0,rare,0.0,0.2800437750706496,0.4419075564191768,0.3899189013791791,0.0,0.8046333660372206,0.0,,,EXPLOIT
77,52,,,0,1,1,1,common,1.0,0.9187796305505893,0.599467225316436,0.5485771201306022,0.0,0.8075959388185978,0.0,,,EXPLOIT
78,52,,,0,1,1,1,common,1.0,0.597206759857883,0.6798239033297043,0.5631660120487865,0.0,0.798200820504837,0.0,,,EXPLOIT
79,52,,,0,0,0,0,common,1.0,0.4040724817864926,0.5550502920880033,0.5154379529700983,0.0,0.7879499290318345,0.0,,,EXPLOIT
80,52,,,0,1,1,1,common,1.0,0.38818439390762394,0.6874743551303724,0.47726188525135593,0.0,0.7767213545824292,0.0,,,EXPLOIT
81,52,,,0,1,1,1,common,1.0,0.25231985603995555,0.6296099034857632,0.4097792764879358,0.0,0.780890186945235,0.0,,,EXPLOIT
82,52,,,0,1,0,0,rare,1.0,0.26264711316122025,0.5667543090795646,0.36563962748992107,0.0,0.7848667689004903,0.0,,,EXPLOIT
83,52,,,0,1,1,1,common,1.0,0.16400790642597107,0.519827537345406,0.30515011117073604,0.0,0.7886639120296752,0.0,,,EXPLOIT
84,52,,,0,1,1,1,common,1.0,0.10660513917688119,0.48804161463937956,0.24558661957257957,0.0,0.792293314560273,0.0,,,EXPLOIT
85,52,,,0,1,1,0,common,0.0,0.18202845379592225,0.46715822358159853,0.22651916983958237,0.0,0.7957656797405156,0.0,,,EXPLOIT
86,52,,,0,0,0,0,common,1.0,0.17072062355479312,0.6883688935796117,0.20977960595414558,0.0,0.7990908194254789,0.0,,,EXPLOIT
87,52,,,0,0,0,0,common,1.0,0.11096840531061558,0.6733402216597737,0.18013624576108656,0.0,0.8022777449860453,0.0,,,EXPLOIT
88,52,,,0,1,0,0,rare,1.0,0.07212946345190008,0.6206865917861788,0.1477342110683306,0.0,0.805334747314588,0.0,,,EXPLOIT
89,52,,,0,0,0,0,common,1.0,0.04688415124373502,0.684681598708769,0.11747919312095192,0.0,0.8082694674231253,0.0,,,EXPLOIT
90,52,,,0,0,0,0,common,0.0,0.9695253016915722,0.6611785808924231,0.37309302569213804,0.0,0.811088958899698,0.0,,,EXPLOIT
91,52,,,0,1,1,1,common,1.0,0.06929334046497282,0.6320427770412836,0.28195312012398843,0.0,0.813799743297755,0.0,,,EXPLOIT
92,52,,,0,1,1,1,common,0.0,0.9549593286977677,0.5690310038381939,0.48385498269612215,0.0,0.816407859374192,0.0,,,EXPLOIT
93,52,,,0,0,1,1,rare,1.0,0.3792764363464509,0.6916254263944398,0.4524814187912207,0.0,0.8189189069585616,0.0,,,EXPLOIT
94,52,,,0,1,1,1,common,0.0,0.7534703163748069,0.6343363051404327,0.5427780880662966,0.0,0.8213380861242389,0.0,,,EXPLOIT
95,52,,,0,0,1,1,rare,0.0,0.4897557056436245,0.48136305531615187,0.5268713733394949,0.0,0.8131257547110406,0.0,,,EXPLOIT
96,52,,,0,1,1,0,common,1.0,0.8816815050326505,0.6674171964837214,0.6333144128474415,0.0,0.8042164055924391,0.0,,,EXPLOIT
97,52,,,0,1,1,0,common,1.0,0.5730929782712229,0.6691683043436185,0.6152479824745759,0.0,0.7945178790184971,0.0,,,EXPLOIT
98,52,,,0,1,1,0,common,1.0,0.37251043587629484,0.5761970416598413,0.5424267184950915,0.0,0.7839210194401568,0.0,,,EXPLOIT
99,52,,,0,1,1,0,common,1.0,0.24213178331959162,0.49473041251347305,0.45233823794244155,0.0,0.7722955682406971,0.0,,,EXPLOIT
100,52,,,0,1,1,0,common,1.0,0.1573856591577345,0.4393153771915385,0.36385246430702944,0.0,0.7766731269444813,0.0,,,EXPLOIT
101,52,,,0,1,0,0,rare,1.0,0.36980855390047807,0.403713419727026,0.365639291185064,0.0,0.7808442081281598,0.0,,,EXPLOIT
102,52,,,0,1,1,0,common,0.0,0.8976993215474726,0.38106288063410276,0.5252573002937866,0.0,0.7848228873683366,0.0,,,EXPLOIT
103,52,,,0,1,1,1,common,1.0,0.6816587913316441,0.6509290512654492,0.5721777476051438,0.0,0.7732868968603634,0.0,,,EXPLOIT
104,52,,,0,1,1,1,common,1.0,0.4430782143655687,0.5562126408549699,0.5334478876332713,0.0,0.7605795386550531,0.0,,,EXPLOIT
105,52,,,0,1,1,1,common,1.0,0.28800083933761966,0.48054491030951385,0.45981377314457583,0.0,0.7465136071961599,0.0,,,EXPLOIT
106,52,,,0,1,1,0,common,0.0,0.5835045590058572,0.43011895823599744,0.4969210089029602,0.0,0.75220138603985,0.0,,,EXPLOIT
107,52,,,0,1,1,1,common,0.0,0.8127994544305472,0.6686870501199569,0.5916845425612363,0.0,0.75758631985132,0.0,,,EXPLOIT
108,52,,,0,0,1,1,rare,1.0,0.47168035462014424,0.6766129988529448,0.5556832861789086,0.0,0.7431899056970204,0.0,,,EXPLOIT
109,52,,,0,1,1,1,common,0.0,0.6934077694969063,0.5602168315646977,0.5970006311743079,0.0,0.7271478593351383,0.0,,,EXPLOIT
110,52,,,0,0,1,1,rare,1.0,0.5492849498270109,0.44409566921932475,0.5826859267701188,0.0,0.7091618751454226,0.0,,,EXPLOIT
111,52,,,0,0,0,0,common,0.0,0.7596244399646892,0.34039738511813056,0.6357674807284899,0.0,0.6888569125703183,0.0,,,EXPLOIT
112,52,,,0,0,0,0,common,1.0,0.506244114022952,0.5753948988501147,0.5969104707168285,0.0,0.6657548265424102,0.0,,,EXPLOIT
113,52,,,0,1,1,1,common,1.0,0.35703521738755706,0.42414173232420926,0.524947894718047,0.0,0.6392363212635154,0.0,,,EXPLOIT
114,52,,,0,1,1,0,common,1.0,0.6207220366461929,0.6396868424530617,0.5536801372964908,0.0,0.6084847144127377,0.0,,,EXPLOIT
115,52,,,0,0,0,0,common,0.0,0.6709413258850812,0.6931227671447915,0.5888584938730679,0.0,0.5724004877070632,0.0,,,EXPLORE
116,52,,,0,0,0,1,common,0.0,0.06512131132812501,0.5894034313875655,0.431737339109585,0.0,0.5294672401708178,0.0,,,EXPLORE
117,52,,,0,1,0,0,rare,1.0,0.5638881381746972,0.4571751060001268,0.4713825788291186,0.0,0.5523720315258497,0.0,,,EXPLOIT
118,52,,,0,0,0,0,common,1.0,0.3665272898135532,0.3599033517100297,0.43992599212444894,0.0,0.5729521652888337,0.0,,,EXPLOIT
119,52,,,0,1,1,0,common,1.0,0.4034693238200253,0.5768740069510413,0.4289889916331218,0.0,0.5915435579576519,0.0,,,EXPLOIT
120,52,,,0,1,1,1,common,1.0,0.2320728913019121,0.5157265310276632,0.3699141615337589,0.0,0.6084203801386695,0.0,,,EXPLOIT
121,52,,,0,1,1,0,common,0.0,0.7377449395169835,0.473857255778363,0.4802633949287263,0.0,0.6238086204068436,0.0,,,EXPLOIT
122,52,,,0,0,1,1,rare,0.0,0.8491526206537572,0.6866999556547771,0.5909301626462355,0.0,0.637896224118641,0.0,,,EXPLOIT
123,52,,,0,0,1,1,rare,1.0,0.44805079657505775,0.5864113524102799,0.5480663528248821,0.0,0.6069217707291427,0.0,,,EXPLORE
124,52,,,0,1,0,0,rare,1.0,0.2382427383788096,0.6925967517494972,0.4551192684910603,0.0,0.5705542128361248,0.0,,,EXPLORE
125,52,,,0,0,0,0,common,1.0,0.1548577799462263,0.6450307719990613,0.36504082192761006,0.0,0.5893724333848817,0.0,,,EXPLOIT
126,52,,,0,0,1,1,rare,1.0,0.2912330177737875,0.692914550318897,0.3428984806814633,0.0,0.6064454528948823,0.0,,,EXPLOIT
127,52,,,0,0,0,0,common,0.0,0.8993424430349529,0.6787198739074571,0.5098316693875101,0.0,0.6220045366035394,0.0,,,EXPLOIT
128,52,,,0,1,0,0,rare,1.0,0.4154274120272805,0.6178675662641324,0.4815103921794412,0.0,0.588321343801739,0.0,,,EXPLORE
129,52,,,0,1,1,1,common,1.0,0.1893014615529619,0.5458266382901433,0.39384771299149735,0.0,0.6054897305913081,0.0,,,EXPLOIT
130,52,,,0,1,1,1,common,1.0,0.1230459500094252,0.4933064290609439,0.31260718409687566,0.0,0.621131809628589,0.0,,,EXPLOIT
131,52,,,0,1,1,1,common,1.0,0.0799798675061264,0.4583396407093172,0.24281898911965086,0.0,0.6354417647304957,0.0,,,EXPLOIT
132,52,,,0,1,1,1,common,1.0,0.05198691387898213,0.43563513505893725,0.1855693665474502,0.0,0.6485821803563598,0.0,,,EXPLOIT
133,52,,,0,1,1,1,common,1.0,0.03379149402133841,0.4209765462436435,0.14003600478961667,0.0,0.6606902180260753,0.0,,,EXPLOIT
134,52,,,0,0,0,0,common,0.0,0.7299721821822677,0.41151238158652853,0.317016858007412,0.0,0.6718823985469541,0.0,,,EXPLOIT
135,52,,,0,1,1,1,common,0.0,0.97803552888613,0.26286613693650046,0.5153224592710274,0.0,0.6822583438966269,0.0,,,EXPLOIT
136,52,,,0,0,0,0,common,1.0,0.525518081581526,0.5494314246687675,0.518381145964177,0.0,0.6582059865445792,0.0,,,EXPLOIT
137,52,,,0,0,0,0,common,1.0,0.3415867530279919,0.6856285899158436,0.4653428280833214,0.0,0.6305165803777516,0.0,,,EXPLOIT
138,52,,,0,0,1,1,rare,1.0,0.36427690622401543,0.6782240071410912,0.43502305152552956,0.0,0.6440542112305644,0.0,,,EXPLOIT
139,52,,,0,1,0,0,rare,1.0,0.22203138946819478,0.6300107492321974,0.37112555290832905,0.0,0.6565134814172553,0.0,,,EXPLOIT
140,52,,,0,1,0,0,rare,1.0,0.1443204031543266,0.6867871977031281,0.3030840079821283,0.0,0.6680177446495552,0.0,,,EXPLOIT
141,52,,,0,1,1,1,common,1.0,0.23677998904561004,0.6917967156011587,0.28319280230117283,0.0,0.6786722321898185,0.0,,,EXPLOIT
142,52,,,0,0,0,0,common,1.0,0.09380826205031223,0.680609977344319,0.22637744022591463,0.0,0.6885672630254299,0.0,,,EXPLOIT
143,52,,,0,1,1,1,common,1.0,0.1539069928796465,0.6925761635719797,0.2046363060220342,0.0,0.6977807950182008,0.0,,,EXPLOIT
144,52,,,0,1,1,1,common,1.0,0.10003954537177018,0.6878115032272195,0.17325727782695496,0.0,0.7063804696485783,0.0,,,EXPLOIT
145,52,,,0,0,1,1,rare,1.0,0.06502570449165057,0.682178434459329,0.14078780582636363,0.0,0.7144252638745052,0.0,,,EXPLOIT
146,52,,,0,1,0,0,rare,0.0,0.939024629667297,0.6908858830141358,0.38025885297864365,0.0,0.7219668344443486,0.0,,,EXPLOIT
147,52,,,0,1,1,1,common,0.0,0.9577332920804271,0.5396880180299218,0.5535011847091786,0.0,0.7290506194560462,0.0,,,EXPLOIT
148,52,,,0,0,0,0,common,1.0,0.38963399071625693,0.3491153363351396,0.5043410265113021,0.0,0.7113013138617942,0.0,,,EXPLOIT
149,52,,,0,0,1,0,rare,0.0,0.4795342106860393,0.3276739909837779,0.49689898176372316,0.0,0.691279970880225,0.0,,,EXPLOIT
150,52,,,0,1,1,0,common,1.0,0.6883027630540745,0.6098279432522202,0.5543201161508285,0.0,0.7003106898121954,0.0,,,EXPLOIT
151,52,,,0,0,1,0,rare,0.0,0.5526032040148516,0.6930986790695839,0.5538050425100355,0.0,0.6788099142602408,0.0,,,EXPLOIT
152,52,,,0,0,0,0,common,0.0,0.746737906034433,0.611187699637332,0.6116849015673548,0.0,0.654252835981536,0.0,,,EXPLOIT
153,52,,,0,1,1,0,common,0.0,0.3591920826096536,0.49561652394381206,0.5359370558800444,0.0,0.625939460124477,0.0,,,EXPLORE
154,52,,,0,1,1,1,common,1.0,0.37747336014772237,0.6567738575738885,0.48839794716034773,0.0,0.5929383614456882,0.0,,,EXPLOIT
155,52,,,0,0,0,0,common,0.0,0.48537963892238145,0.499208041311732,0.48749245468895785,0.0,0.609689703816052,0.0,,,EXPLOIT
156,52,,,0,0,0,0,common,1.0,0.684503234700452,0.4177149999206833,0.5465956886924062,0.0,0.6249686096101287,0.0,,,EXPLOIT
157,52,,,0,1,1,0,common,0.0,0.23347485369627483,0.6508034726782286,0.45265943819356674,0.0,0.591799918404119,0.0,,,EXPLOIT
158,52,,,0,0,0,0,common,1.0,0.4449271025552939,0.6849074314340742,0.45033973750208484,0.0,0.6086536446929645,0.0,,,EXPLOIT
159,52,,,0,0,0,0,common,0.0,0.710797383339059,0.5795648970659584,0.528477031253177,0.0,0.6240217648995339,0.0,,,EXPLOIT
160,52,,,0,1,0,1,rare,1.0,0.9576711476367188,0.6917844010569218,0.6572352661682395,0.0,0.590689184740464,0.0,,,EXPLORE
161,52,,,0,1,1,1,common,1.0,0.24535768409601955,0.6289012313469968,0.5336719915465734,0.0,0.5513079034888934,0.0,,,EXPLORE
162,52,,,0,0,1,1,rare,1.0,0.1594824946624127,0.521373882210802,0.42141514248132517,0.0,0.504069809801918,0.0,,,EXPLORE
163,52,,,0,1,0,1,rare,1.0,0.6224862459638671,0.6649457491925639,0.4817364735260877,0.0,0.5296881321530371,0.0,,,EXPLOIT
164,52,,,0,1,1,1,common,1.0,0.1036636215305683,0.6123008089325729,0.36831461792743186,0.0,0.5525699478918745,0.0,,,EXPLORE
165,52,,,0,0,0,1,common,0.0,0.5953839401234863,0.5678933165338871,0.4364354145862481,0.0,0.573130504229829,0.0,,,EXPLOIT
166,52,,,0,0,1,1,rare,0.0,0.9326186460051306,0.37686187635195134,0.5852903840119128,0.0,0.591705079130744,0.0,,,EXPLOIT
167,52,,,0,1,1,0,common,0.0,0.15175865490257864,0.2661620676430455,0.45523086527911255,0.0,0.5525162243478939,0.0,,,EXPLORE
168,52,,,0,1,1,1,common,1.0,0.39379788009666505,0.5271478940460249,0.43680096972437826,0.0,0.5730820940277075,0.0,,,EXPLOIT
169,52,,,0,1,1,1,common,0.0,0.7440313779371677,0.3968143403473461,0.528970092188215,0.0,0.591661233412483,0.0,,,EXPLOIT
170,52,,,0,0,0,0,common,0.0,0.46201829917038834,0.6130442100935225,0.5088845542828669,0.0,0.5524640841132188,0.0,,,EXPLORE
171,52,,,0,0,0,1,common,1.0,0.6130004389197339,0.5401440783875268,0.540119319673927,0.0,0.5054677857578891,0.0,,,EXPLORE
172,52,,,0,0,0,0,common,0.0,0.30031189446075246,0.6929021811737948,0.4681770921099746,0.0,0.44809067366389344,0.0,,,EXPLORE
173,52,,,0,1,0,1,rare,0.0,0.601549714702173,0.6369531922436656,0.5081888788876341,0.0,0.4801881275822997,0.0,,,EXPLORE
174,52,,,0,0,0,1,common,0.0,0.39100731455641247,0.6930436535555292,0.4730344095882676,0.0,0.4167515432624421,0.0,,,EXPLORE
175,52,,,0,1,1,1,common,1.0,0.5163796043408411,0.6686012555027181,0.4860379680140396,0.0,0.45277138873985573,0.0,,,EXPLORE
176,52,,,0,1,1,1,common,0.0,0.6643532571784534,0.49319993453222155,0.5395325547633637,0.0,0.48430107626481805,0.0,,,EXPLORE
177,52,,,0,0,0,1,common,0.0,0.25415475446166813,0.643112993764981,0.453919214672855,0.0,0.4218733437660048,0.0,,,EXPLORE
178,52,,,0,1,0,0,rare,1.0,0.8047972686005109,0.5971699871355489,0.5591826308511517,0.0,0.4572378095968171,0.0,,,EXPLORE
179,52,,,0,1,1,1,common,1.0,0.5681703828340052,0.4034995541628295,0.5618789564460077,0.0,0.38800611370893423,0.0,,,EXPLORE
180,52,,,0,0,1,1,rare,1.0,0.36931074884210346,0.2851928042419653,0.5041084941648364,0.0,0.2995546941233941,0.0,,,EXPLORE
181,52,,,0,1,0,0,rare,1.0,0.5231182245903321,0.544397457917977,0.5098114132924851,0.0,0.18259689053189695,0.0,,,EXPLORE
182,52,,,0,1,1,1,common,0.0,0.7599480132526327,0.4606201478057954,0.5848523932805294,0.0,0.09090909090909093,0.0,,,EXPLORE
183,52,,,0,1,1,1,common,1.0,0.5060337913857886,0.6724114911723827,0.5612068127121072,0.0,0.09090909090909093,0.0,,,EXPLORE
184,52,,,0,0,0,0,common,1.0,0.3400268459837159,0.5697747428408082,0.49485282269358977,0.0,0.09090909090909093,0.0,,,EXPLORE
185,52,,,0,0,1,1,rare,1.0,0.3289219644007627,0.684279812472751,0.44507356520574165,0.0,0.17965545529122232,0.0,,,EXPLORE
186,52,,,0,0,0,0,common,1.0,0.2210174498894153,0.6854561067358772,0.3778567306108437,0.0,0.25195053896963665,0.0,,,EXPLORE
187,52,,,0,1,0,0,rare,1.0,0.1436613424281199,0.6521637241191238,0.3075981141560265,0.0,0.31197800201026266,0.0,,,EXPLORE
188,52,,,0,1,1,1,common,1.0,0.2137992768604957,0.6898831866867514,0.27945846296736726,0.0,0.3626137856372424,0.0,,,EXPLORE
189,52,,,0,0,0,0,common,0.0,0.906620127421722,0.6915526710052275,0.4676069623036737,0.0,0.4059000327452924,0.0,,,EXPLORE
190,52,,,0,1,1,1,common,1.0,0.1389695299593222,0.5205615369410332,0.36901573260036824,0.0,0.4433268371345312,0.0,,,EXPLORE
191,52,,,0,1,1,1,common,0.0,0.9096698055264405,0.4809835268057663,0.5312119544781899,0.0,0.4760069778008542,0.0,,,EXPLOIT
192,52,,,0,0,0,1,common,0.0,0.16520059040008428,0.6886731998086084,0.42140854525475824,0.0,0.4115355981048261,0.0,,,EXPLORE
193,52,,,0,0,0,0,common,1.0,0.41069691717588064,0.5904116103574606,0.4181950568310949,0.0,0.4482286014999792,0.0,,,EXPLORE
194,52,,,0,0,1,1,rare,1.0,0.40871462640781364,0.6927405052876672,0.41535092770411053,0.0,0.4803092574867717,0.0,,,EXPLORE
195,52,,,0,0,0,0,common,1.0,0.26695299616432244,0.6594266361487844,0.37083154824217407,0.0,0.5085944603605229,0.0,,,EXPLORE
196,52,,,0,1,1,1,common,1.0,0.26566450716507894,0.599637589104761,0.3392814359190455,0.0,0.533718951603956,0.0,,,EXPLOIT
197,52,,,0,0,0,0,common,1.0,0.1735194475068096,0.6786157215301771,0.28955283939537474,0.0,0.556183410131784,0.0,,,EXPLOIT
198,52,,,0,1,1,0,common,0.0,0.09864312568667613,0.6513460316514142,0.23227992528276514,0.0,0.5763880710669088,0.0,,,EXPLOIT
199,52,,,0,1,0,0,rare,1.0,0.11278764087942628,0.4474741689070496,0.19643223996176346,0.0,0.5946567110059778,0.0,,,EXPLOIT
200,52,,,0,1,1,1,common,1.0,0.17268192965730134,0.6023454572550782,0.1893071468704248,0.0,0.611254073554616,0.0,,,EXPLOIT
201,52,,,0,0,0,0,common,1.0,0.07331196657162709,0.6715202798015416,0.15450859278078546,0.0,0.6263987369119772,0.0,,,EXPLOIT
202,52,,,0,0,0,0,common,1.0,0.04765277827155756,0.6526257516758907,0.12245184842801708,0.0,0.6402727563141842,0.0,,,EXPLOIT
203,52,,,0,0,0,0,common,1.0,0.030974305876512398,0.6376375388980196,0.09500858566256568,0.0,0.6530289865978661,0.0,,,EXPLOIT
204,52,,,0,1,1,1,common,1.0,0.11224325427724591,0.6268722871523733,0.10017898624696973,0.0,0.6647967109442314,0.0,,,EXPLOIT
205,52,,,0,0,1,1,rare,0.0,0.9270418847197901,0.668910272940386,0.34823785578881583,0.0,0.6756860159422363,0.0,,,EXPLOIT
206,52,,,0,1,0,1,rare,0.0,0.10738038376005479,0.5994323940799904,0.2759806141801875,0.0,0.685791227079363,0.0,,,EXPLOIT
207,52,,,0,1,1,1,common,1.0,0.3974227749321364,0.6827611480292173,0.31241326240577216,0.0,0.6951936319341909,0.0,,,EXPLOIT
208,52,,,0,0,0,0,common,1.0,0.020133298819733025,0.6796891613120857,0.2247292733299604,0.0,0.7039636576142838,0.0,,,EXPLOIT
209,52,,,0,1,1,1,common,1.0,0.25832480370588873,0.6887325592760889,0.2348079324427389,0.0,0.7121626259187123,0.0,,,EXPLOIT
210,52,,,0,1,0,0,rare,1.0,0.013086644232826461,0.6874165329470141,0.16829154597976514,0.0,0.7198441787754001,0.0,,,EXPLOIT
211,52,,,0,0,0,0,common,0.0,0.9914936812486628,0.6655253242358463,0.41525218656043444,0.0,0.7270554440252776,0.0,,,EXPLOIT
212,52,,,0,1,1,1,common,1.0,0.16791112240882766,0.466193937579409,0.3410498673149524,0.0,0.7338379951078967,0.0,,,EXPLOIT
213,52,,,0,1,1,1,common,1.0,0.10914222956573794,0.4281855691518811,0.27147757599018807,0.0,0.7402286459406009,0.0,,,EXPLOIT
214,52,,,0,1,1,1,common,1.0,0.07094244921772963,0.40381005287674243,0.21131703795845053,0.0,0.7462601130916553,0.0,,,EXPLOIT
215,52,,,0,1,0,0,rare,1.0,0.35552910718836916,0.38820237418824477,0.2545806587274261,0.0,0.7519615703955882,0.0,,,EXPLOIT
216,52,,,0,1,0,0,rare,1.0,0.23109391967243997,0.3781802878413738,0.24753463701093023,0.0,0.7573591158560643,0.0,,,EXPLOIT
217,52,,,0,0,0,0,common,1.0,0.15021104778708594,0.3717235465679622,0.21833756024377693,0.0,0.7624761666043567,0.0,,,EXPLOIT
218,52,,,0,1,0,0,rare,0.0,0.9023628189383941,0.5280210390425844,0.4235451378521621,0.0,0.7673337945230331,0.0,,,EXPLOIT
219,52,,,0,0,1,1,rare,0.0,0.9538874080084757,0.6913593146345083,0.5826478188990561,0.0,0.7719510126803648,0.0,,,EXPLOIT
220,52,,,0,1,1,1,common,1.0,0.3799731847944907,0.6157821488614164,0.5218454286676865,0.0,0.7591042068290377,0.0,,,EXPLOIT
221,52,,,0,1,1,1,common,1.0,0.246982570116419,0.5145569591878334,0.43938657110230617,0.0,0.7448758836565179,0.0,,,EXPLOIT
222,52,,,0,1,0,0,rare,1.0,0.4134641676900438,0.44171779644879905,0.4316098500786274,0.0,0.7506523060280917,0.0,,,EXPLOIT
223,52,,,0,1,1,1,common,1.0,0.1605386705756724,0.39490642230841966,0.3502884962277409,0.0,0.7561189486236658,0.0,,,EXPLOIT
224,52,,,0,1,0,0,rare,1.0,0.2687517089985285,0.3654205388287202,0.32582746005897717,0.0,0.7612998253202675,0.0,,,EXPLOIT
225,52,,,0,1,1,0,common,1.0,0.9358819683036605,0.3468005450670262,0.5088438125323822,0.0,0.766216530770474,0.0,,,EXPLOIT
226,52,,,0,0,0,0,common,1.0,0.17468861084904352,0.33496051054695797,0.40859725202738056,0.0,0.7527621278272679,0.0,,,EXPLOIT
227,52,,,0,1,1,1,common,1.0,0.10435013587418707,0.5066500093397288,0.3173231171814225,0.0,0.7581176269172594,0.0,,,EXPLOIT
228,52,,,0,0,0,0,common,1.0,0.11354759705187834,0.4982483799152654,0.2561904611425592,0.0,0.763195823455028,0.0,,,EXPLOIT
229,52,,,0,1,1,0,common,0.0,0.3916767206026206,0.6044706517510263,0.2968363389805776,0.0,0.768017474225827,0.0,,,EXPLOIT
230,52,,,0,1,0,0,rare,1.0,0.07380593808372093,0.6637111827998593,0.22992721871152058,0.0,0.7726013151424783,0.0,,,EXPLOIT
231,52,,,0,0,0,0,common,1.0,0.04797385975441859,0.6931246589954997,0.17534121102439,0.0,0.776964301347436,0.0,,,EXPLOIT
232,52,,,0,0,0,0,common,1.0,0.031183008840372062,0.6804943582481674,0.1320937503691846,0.0,0.781121813877229,0.0,,,EXPLOIT
233,52,,,0,1,1,1,common,1.0,0.06782758831822155,0.6583551934302468,0.11281390175389569,0.0,0.7850878381988169,0.0,,,EXPLOIT
234,52,,,0,1,1,1,common,1.0,0.044087932406844055,0.6877619335186174,0.0921961109497802,0.0,0.7888751189852264,0.0,,,EXPLOIT
235,52,,,0,0,1,1,rare,1.0,0.02865715606444863,0.6931431600812532,0.07313442448418073,0.0,0.7924952947396751,0.0,,,EXPLOIT
236,52,,,0,1,0,0,rare,0.0,0.9797310442537581,0.6908648093742115,0.34511341041505395,0.0,0.7959590152641399,0.0,,,EXPLOIT
237,52,,,0,0,1,0,rare,0.0,0.2545898683917034,0.4981787361433756,0.31795634780804877,0.0,0.7992760444698763,0.0,,,EXPLOIT
238,52,,,0,0,0,1,common,0.0,0.06979724944403562,0.692181605463972,0.2435086182988448,0.0,0.8024553506203285,0.0,,,EXPLOIT
239,52,,,0,0,0,1,common,0.0,0.04536821213862315,0.625429214018665,0.18406649645077827,0.0,0.8055051857629587,0.0,,,EXPLOIT
240,52,,,0,1,1,1,common,0.0,0.9813728485581084,0.5160690289356502,0.42325840208297727,0.0,0.8084331558314433,0.0,,,EXPLOIT
241,52,,,0,1,1,1,common,1.0,0.36210764843722953,0.6633582118718888,0.4049131759892529,0.0,0.8112462826721306,0.0,,,EXPLOIT
242,52,,,0,1,1,1,common,1.0,0.23536997148419925,0.5055950533728989,0.3540502146377368,0.0,0.8139510590596889,0.0,,,EXPLOIT
243,52,,,0,1,1,1,common,1.0,0.1529904814647295,0.3809026700426247,0.29373229468583456,0.0,0.8165534976093505,0.0,,,EXPLOIT
244,52,,,0,1,0,0,rare,1.0,0.3631748212350572,0.3064758722658763,0.3145650526506013,0.0,0.819059174361365,0.0,,,EXPLOIT
245,52,,,0,0,0,1,common,0.0,0.02948933789010505,0.2631238295960092,0.2290423382224524,0.0,0.8214732677026501,0.0,,,EXPLOIT
246,52,,,0,1,1,1,common,1.0,0.09944381295207416,0.20618686468548036,0.19016278064133893,0.0,0.8238005931974197,0.0,,,EXPLOIT
247,52,,,0,1,0,0,rare,0.0,0.7639363661972128,0.1848164937404998,0.3622948563081011,0.0,0.8260456348198285,0.0,,,EXPLOIT
248,52,,,0,1,1,1,common,1.0,0.06463847841884818,0.42022683167172126,0.27299794294132523,0.0,0.8282125730149041,0.0,,,EXPLOIT
249,52,,,0,1,0,0,rare,1.0,0.5034413619718117,0.30489270679048275,0.3421309686504711,0.0,0.8303053099572882,0.0,,,EXPLOIT
250,52,,,0,1,1,1,common,0.0,0.9579849890277486,0.24114319598878256,0.5268871747636543,0.0,0.8323274923289082,0.0,,,EXPLOIT
251,52,,,0,0,0,0,common,0.0,0.6727631147183224,0.4757432598266301,0.5706499567500547,0.0,0.8250024854857514,0.0,,,EXPLOIT
252,52,,,0,1,1,0,common,0.0,0.1654834144546072,0.42362464670683764,0.4490999940614204,0.0,0.8170917918607191,0.0,,,EXPLOIT
253,52,,,0,1,0,0,rare,1.0,0.5627039754330905,0.5874742633352147,0.48318118847292146,0.0,0.8195776629197906,0.0,,,EXPLOIT
254,52,,,0,1,1,1,common,1.0,0.37730975713196335,0.39076599762257325,0.45141975907063403,0.0,0.8219729990944143,0.0,,,EXPLOIT
255,52,,,0,1,1,1,common,1.0,0.24525134213577615,0.2737214365323587,0.3895692339901766,0.0,0.8242825432648736,0.0,,,EXPLOIT
256,52,,,0,1,0,0,rare,0.0,0.6342424159684912,0.21147443564378482,0.462971188583671,0.0,0.8265107129127106,0.0,,,EXPLOIT
257,52,,,0,1,1,1,common,1.0,0.15941337238825448,0.429635058128938,0.371903843725046,0.0,0.8286616275594088,0.0,,,EXPLOIT
258,52,,,0,1,0,0,rare,1.0,0.5877424296204807,0.29469549397711003,0.43665541949367637,0.0,0.8307391334746391,0.0,,,EXPLOIT
259,52,,,0,1,0,0,rare,1.0,0.38203257925331247,0.2227088094325055,0.42026856742156715,0.0,0.8327468259658949,0.0,,,EXPLOIT
260,52,,,0,1,1,1,common,0.0,0.8963813079476346,0.18357304690806692,0.5631023895793874,0.0,0.834688069521283,0.0,,,EXPLOIT
261,52,,,0,1,0,0,rare,1.0,0.24832117651465313,0.4009429934125024,0.4686680256599671,0.0,0.8275469136601107,0.0,,,EXPLOIT
262,52,,,0,1,1,1,common,1.0,0.41735214983403757,0.2791727423617512,0.4532732629121883,0.0,0.8296623204768655,0.0,,,EXPLOIT
263,52,,,0,1,1,1,common,1.0,0.2712788973921244,0.21440399254062603,0.3986749532561691,0.0,0.8317060649154356,0.0,,,EXPLOIT
264,52,,,0,1,0,1,rare,1.0,0.9808319303714317,0.17892018221031955,0.5733220463907478,0.0,0.8336816297042877,0.0,,,EXPLOIT
265,52,,,0,1,1,1,common,0.0,0.8236687166951191,0.15853956911867736,0.6484260474820591,0.0,0.8264623796004197,0.0,,,EXPLOIT
266,52,,,0,1,1,0,common,0.0,0.10756421939549468,0.37266749031065344,0.48616749905608975,0.0,0.8186702508036506,0.0,,,EXPLOIT
267,52,,,0,0,1,1,rare,1.0,0.4646153341481726,0.556747968078153,0.4797018495837146,0.0,0.8210984577139542,0.0,,,EXPLOIT
268,52,,,0,0,0,0,common,1.0,0.1614087647345246,0.6912718665208851,0.38421392412895755,0.0,0.8234391601675642,0.0,,,EXPLOIT
269,52,,,0,0,0,0,common,1.0,0.10491569707744097,0.5949533035214158,0.3004244560135026,0.0,0.8256968924886399,0.0,,,EXPLOIT
270,52,,,0,0,1,1,rare,1.0,0.30199996719631217,0.48370636002205813,0.30089710936834546,0.0,0.8278758812420913,0.0,,,EXPLOIT
271,52,,,0,0,0,0,common,1.0,0.06819520310033667,0.40741861357330456,0.23108653748794283,0.0,0.8299800709117365,0.0,,,EXPLOIT
272,52,,,0,0,0,0,common,1.0,0.04432688201521884,0.3597101318550971,0.17505864084612563,0.0,0.8320131470496622,0.0,,,EXPLOIT
273,52,,,0,0,0,0,common,1.0,0.028812473309892228,0.3301518750340243,0.1311847905852556,0.0,0.8339785571826397,0.0,,,EXPLOIT
274,52,,,0,0,0,0,common,1.0,0.01872810765142996,0.3116774637378172,0.0974477857051079,0.0,0.8358795297251079,0.0,,,EXPLOIT
275,52,,,0,0,0,0,common,1.0,0.01217326997342949,0.3000063412681484,0.07186543098560437,0.0,0.8377190911170049,0.0,,,EXPLOIT
276,52,,,0,0,0,0,common,1.0,0.007912625482729196,0.29256806043540007,0.05267958933474181,0.0,0.839500081377838,0.0,,,EXPLOIT
277,52,,,0,0,0,0,common,0.0,0.994856793436226,0.2877969420534091,0.3353327505651871,0.0,0.8412251682451565,0.0,,,EXPLOIT
278,52,,,0,1,0,1,rare,1.0,0.6375407547414307,0.5803386862265653,0.42599515181806014,0.0,0.842896860045488,0.0,,,EXPLOIT
279,52,,,0,0,0,1,common,0.0,0.58559850941807,0.6901443536571458,0.473876159098063,0.0,0.8445175174283621,0.0,,,EXPLOIT
280,52,,,0,1,1,1,common,1.0,0.19629997867760296,0.6284887168418563,0.39060330497192497,0.0,0.8460893640788862,0.0,,,EXPLOIT
281,52,,,0,1,1,1,common,1.0,0.12759498614044196,0.5196191340714396,0.31170080932248007,0.0,0.8476144965111245,0.0,,,EXPLOIT
282,52,,,0,0,0,0,common,0.0,0.6466569157335469,0.43927124068931755,0.4121876412458001,0.0,0.8490948930330017,0.0,,,EXPLOIT
283,52,,,0,1,1,1,common,0.0,0.9170632590087128,0.3158274730051633,0.563650326574674,0.0,0.8505324219633585,0.0,,,EXPLOIT
284,52,,,0,0,0,0,common,1.0,0.5796730047731945,0.5663563121453532,0.5684571300342302,0.0,0.844563854301356,0.0,,,EXPLOIT
285,52,,,0,0,1,1,rare,1.0,0.4039088816443367,0.6927141411990524,0.5190926555172621,0.0,0.8381660959874462,0.0,,,EXPLOIT
286,52,,,0,0,0,1,common,0.0,0.3806390311217455,0.6495132456785822,0.47755656819860715,0.0,0.8312914869694,0.0,,,EXPLOIT
287,52,,,0,0,0,0,common,0.0,0.6232125468974236,0.6767875245780923,0.5212533618082521,0.0,0.8332807982723492,0.0,,,EXPLOIT
288,52,,,0,0,0,0,common,1.0,0.5949118445166747,0.5832602624935024,0.5433509066207789,0.0,0.8260303253209708,0.0,,,EXPLOIT
289,52,,,0,0,1,1,rare,0.0,0.7374592269311812,0.6931451663536581,0.6015834027138995,0.0,0.818203202708377,0.0,,,EXPLOIT
290,52,,,0,1,0,0,rare,1.0,0.3866926989358386,0.6258245204865245,0.5371161915804812,0.0,0.8097282334665923,0.0,,,EXPLOIT
291,52,,,0,1,1,1,common,1.0,0.5206515024947322,0.49678025052187347,0.5321767848547565,0.0,0.8005219973707849,0.0,,,EXPLOIT
292,52,,,0,1,1,1,common,0.0,0.6615765233784241,0.40388533793234926,0.5709967064118567,0.0,0.7904861101404604,0.0,,,EXPLOIT
293,52,,,0,1,1,0,common,1.0,0.9300832573929285,0.6367407014127058,0.6787226717061783,0.0,0.7795037105379289,0.0,,,EXPLOIT
294,52,,,0,1,1,0,common,0.0,0.3954458826945965,0.5066407684257428,0.5937396350027038,0.0,0.7674349091048261,0.0,,,EXPLOIT
295,52,,,0,1,1,1,common,1.0,0.5699752598040243,0.6743673627209489,0.5866103224430999,0.0,0.7541108219035764,0.0,,,EXPLOIT
296,52,,,0,1,0,0,rare,1.0,0.25135025430829505,0.5489319850257856,0.48603230200265835,0.0,0.7393256479707381,0.0,,,EXPLOIT
297,52,,,0,0,0,0,common,1.0,0.16337766530039177,0.43829478043259296,0.38923591099197835,0.0,0.7454072739172973,0.0,,,EXPLOIT
298,52,,,0,1,0,0,rare,0.0,0.8938045175547453,0.62652486587805,0.5406064929608084,0.0,0.7511548635683336,0.0,,,EXPLOIT
299,52,,,0,1,0,0,rare,0.0,0.5809729364105845,0.6806538126757442,0.5527164259957412,0.0,0.7360347839708016,0.0,,,EXPLOIT
300,52,,,0,1,1,1,common,1.0,0.3704839188726158,0.5789949002364501,0.4980466738588036,0.0,0.719140109126051,0.0,,,EXPLOIT
301,52,,,0,0,0,0,common,1.0,0.6223675913331201,0.6925347611362993,0.5353429491010985,0.0,0.7263938955641513,0.0,,,EXPLOIT
302,52,,,0,0,0,0,common,1.0,0.404538934366528,0.6414416792210498,0.4961017446807273,0.0,0.7083136718924417,0.0,,,EXPLOIT
303,52,,,0,1,1,1,common,1.0,0.2408145472672003,0.5733695964545779,0.4195155854566692,0.0,0.7162361383276266,0.0,,,EXPLOIT
304,52,,,0,0,0,0,common,0.0,0.7370496926617568,0.6706233175840011,0.5147758176181955,0.0,0.7236665518718561,0.0,,,EXPLOIT
305,52,,,0,0,0,1,common,0.0,0.2474153702291346,0.632137611433379,0.4345676834014772,0.0,0.7052432671151679,0.0,,,EXPLOIT
306,52,,,0,1,1,1,common,1.0,0.15652945572368027,0.4819932405675309,0.35115621509813816,0.0,0.7133604339162003,0.0,,,EXPLOIT
307,52,,,0,1,1,1,common,0.0,0.8982558537796078,0.3933380950323852,0.515286106702579,0.0,0.7209677307395411,0.0,,,EXPLOIT
308,52,,,0,1,0,0,rare,0.0,0.4790823002301419,0.6309484139969237,0.5044249647608479,0.0,0.7022016295694051,0.0,,,EXPLOIT
309,52,,,0,1,1,0,common,0.0,0.2570398237514877,0.6931276543611806,0.43020942245803984,0.0,0.6809593647756828,0.0,,,EXPLOIT
310,52,,,0,1,0,0,rare,1.0,0.6885965048504077,0.6635244001019627,0.5077255471757501,0.0,0.6906948323312515,0.0,,,EXPLOIT
311,52,,,0,0,1,0,rare,1.0,0.8329241145615329,0.6510938573290179,0.6052851173914849,0.0,0.6678538091016623,0.0,,,EXPLOIT
312,52,,,0,1,0,1,rare,0.0,0.16081999064893748,0.6804126602235574,0.47194557936872067,0.0,0.6416560821257512,0.0,,,EXPLOIT
313,52,,,0,0,0,0,common,1.0,0.44758772815276504,0.5792901658623122,0.46463822400393395,0.0,0.6543032955714155,0.0,,,EXPLOIT
314,52,,,0,0,0,0,common,1.0,0.29093202329929735,0.45070314145670903,0.4125263637925429,0.0,0.6659743429497069,0.0,,,EXPLOIT
315,52,,,0,0,0,0,common,1.0,0.18910581514454328,0.3663986926801941,0.345500199198143,0.0,0.6767775164321612,0.0,,,EXPLOIT
316,52,,,0,0,0,1,common,1.0,0.8954670060781906,0.3155359709756334,0.5104902412621573,0.0,0.6868056617887327,0.0,,,EXPLOIT
317,52,,,0,1,1,1,common,0.0,0.5838663049567451,0.28479636637353345,0.5325030603705335,0.0,0.6634103505152489,0.0,,,EXPLOIT
318,52,,,0,0,0,0,common,1.0,0.12291877984395316,0.21062831053174674,0.40962777621255936,0.0,0.6365310851863217,0.0,,,EXPLOIT
319,52,,,0,0,0,0,common,0.0,0.9201027931014304,0.19553357385532547,0.5627702812792206,0.0,0.6495844022259546,0.0,,,EXPLOIT
320,52,,,0,0,0,0,common,1.0,0.4019331844840702,0.44489269314750834,0.5145191522406755,0.0,0.6205245668525649,0.0,,,EXPLOIT
321,52,,,0,0,1,1,rare,1.0,0.6204869017781157,0.3305685245350999,0.5463094771019075,0.0,0.586582884273754,0.0,,,EXPLOIT
322,52,,,0,1,1,1,common,0.0,0.5966835138442248,0.2655259746948981,0.5614216881246026,0.0,0.5464185896737045,0.0,,,EXPLORE
323,52,,,0,0,1,1,rare,1.0,0.6121557160012538,0.21799383344719614,0.5766418964875979,0.0,0.49815046671593366,0.0,,,EXPLORE
324,52,,,0,1,1,1,common,0.0,0.602098784599185,0.1860089131559648,0.584278962921074,0.0,0.43905401558086243,0.0,,,EXPLORE
325,52,,,0,0,0,0,common,0.0,0.7387434300853544,0.16209890773680496,0.630618303070358,0.0,0.3650292981288506,0.0,,,EXPLORE
326,52,,,0,1,0,1,rare,1.0,0.5820535539508239,0.3709106706488407,0.6160488783344977,0.0,0.26960759643836574,0.0,,,EXPLORE
327,52,,,0,0,0,0,common,1.0,0.5198167704445196,0.6358682929985868,0.5871792459675043,0.0,0.14195186564197151,0.0,,,EXPLORE
328,52,,,0,1,1,1,common,1.0,0.6086357900105297,0.5231804108194122,0.5936162091804118,0.0,0.09090909090909093,0.0,,,EXPLORE
329,52,,,0,0,0,0,common,1.0,0.33788090078893784,0.6681108353213254,0.5168956166629696,0.0,0.09090909090909093,0.0,,,EXPLORE
330,52,,,0,1,1,1,common,0.0,0.6043867364931557,0.6132501978266868,0.5431429526120254,0.0,0.09090909090909093,0.0,,,EXPLORE
331,52,,,0,0,1,0,rare,0.0,0.45859932553500354,0.4315713437242794,0.5177798644889188,0.0,0.09090909090909093,0.0,,,EXPLORE
332,52,,,0,1,1,1,common,1.0,0.6071486212794488,0.6577347442664597,0.5445904915260777,0.0,0.09090909090909093,0.0,,,EXPLORE
333,52,,,0,0,0,0,common,1.0,0.21962258551280955,0.6821325548340312,0.4471001197220973,0.0,0.09090909090909093,0.0,,,EXPLORE
334,52,,,0,0,0,1,common,0.0,0.6216651899319644,0.6778712242267173,0.4994696407850574,0.0,0.17965545529122232,0.0,,,EXPLORE
335,52,,,0,0,0,0,common,1.0,0.1427546805833262,0.6466460542257944,0.392455152724538,0.0,0.25195053896963665,0.0,,,EXPLORE
336,52,,,0,1,1,0,common,0.0,0.29808956159775235,0.6906943444425416,0.36414547538650227,0.0,0.31197800201026266,0.0,,,EXPLORE
337,52,,,0,1,1,0,common,1.0,0.8062417849614609,0.5833920107502079,0.4967743682589898,0.0,0.3626137856372424,0.0,,,EXPLORE
338,52,,,0,1,1,1,common,1.0,0.39464660383164174,0.6903856012003682,0.46613603893078537,0.0,0.4059000327452924,0.0,,,EXPLORE
339,52,,,0,1,1,1,common,1.0,0.2565202924905672,0.6734945761572342,0.4032513149987199,0.0,0.4433268371345312,0.0,,,EXPLORE
340,52,,,0,1,1,1,common,1.0,0.1667381901188687,0.6262519600406695,0.33229737753476457,0.0,0.4760069778008542,0.0,,,EXPLORE
341,52,,,0,0,1,1,rare,1.0,0.10837982357726461,0.5842390352930866,0.26512211134751457,0.0,0.5047882362938754,0.0,,,EXPLOIT
342,52,,,0,1,1,1,common,1.0,0.07044688532522203,0.6637350220383132,0.2067195435408268,0.0,0.5303278475182935,0.0,,,EXPLOIT
343,52,,,0,1,1,1,common,0.0,0.9542095245386056,0.6439831183730576,0.4309665378401605,0.0,0.5531431856165939,0.0,,,EXPLOIT
344,52,,,0,1,1,1,common,1.0,0.37976380904990625,0.6417183994680349,0.4156057192030842,0.0,0.5736470880232013,0.0,,,EXPLORE
345,52,,,0,1,0,0,rare,1.0,0.09279054237916207,0.6917720825775266,0.31876116615590755,0.0,0.5921729883276855,0.0,,,EXPLOIT
346,52,,,0,1,1,1,common,1.0,0.24684647588243913,0.6850864045992636,0.297186759073867,0.0,0.6089931308257707,0.0,,,EXPLOIT
347,52,,,0,1,0,0,rare,1.0,0.06031385254645538,0.6641358854072943,0.2261248871156435,0.0,0.6243319910980096,0.0,,,EXPLOIT
348,52,,,0,1,0,0,rare,1.0,0.03920400415519598,0.644310164851102,0.17004862222750924,0.0,0.6383763127966292,0.0,,,EXPLOIT
349,52,,,0,1,1,1,common,0.0,0.8395497906764146,0.6291389076000005,0.3708989727621808,0.0,0.6512827158657106,0.0,,,EXPLOIT
350,52,,,0,1,0,0,rare,1.0,0.025482602700877433,0.6506541061513126,0.26727406174378976,0.0,0.6631835351894628,0.0,,,EXPLOIT
351,52,,,0,1,1,0,common,1.0,0.5240571602249497,0.6926330871967445,0.34430899128813774,0.0,0.6741913519251206,0.0,,,EXPLOIT
352,52,,,0,0,0,0,common,0.0,0.9834363082444296,0.6833392778121326,0.5360471863750252,0.0,0.6844025467383026,0.0,,,EXPLOIT
353,52,,,0,0,1,1,rare,0.0,0.5457073639396695,0.5065995940673211,0.5389452396444185,0.0,0.660661211972063,0.0,,,EXPLOIT
354,52,,,0,1,1,1,common,1.0,0.6452902134392149,0.3532024154912101,0.5708487317828574,0.0,0.6333556014788885,0.0,,,EXPLOIT
355,52,,,0,0,0,0,common,1.0,0.3607663996411208,0.3083966192773072,0.5078240321403364,0.0,0.6016196526678215,0.0,,,EXPLOIT
356,52,,,0,0,0,0,common,1.0,0.2344981597667285,0.5111129962904346,0.42582627042825405,0.0,0.5642819889685214,0.0,,,EXPLOIT
357,52,,,0,1,1,0,common,0.0,0.6593628458537827,0.6317505177378817,0.4958872430559126,0.0,0.5836996292983,0.0,,,EXPLOIT
358,52,,,0,1,0,0,rare,1.0,0.1524238038483735,0.6591809217296944,0.39284821129365083,0.0,0.6012903208471508,0.0,,,EXPLORE
359,52,,,0,1,0,0,rare,1.0,0.09907547250144277,0.6927757056276937,0.3047163896559884,0.0,0.6172995451232076,0.0,,,EXPLOIT
360,52,,,0,1,0,0,rare,1.0,0.06439905712593785,0.6700706047858689,0.23262118989697322,0.0,0.6319306900292588,0.0,,,EXPLOIT
361,52,,,0,1,0,0,rare,1.0,0.04185938713185955,0.6382427258545584,0.17539264906743912,0.0,0.6453537014351478,0.0,,,EXPLOIT
362,52,,,0,1,1,1,common,1.0,0.4194386387354896,0.6117184239714044,0.24860644596785425,0.0,0.6577116851925728,0.0,,,EXPLOIT
363,52,,,0,1,1,0,common,0.0,0.42858584980495873,0.5924885089102365,0.3026002671189856,0.0,0.6691260045395372,0.0,,,EXPLOIT
364,52,,,0,1,1,1,common,1.0,0.27263511517806827,0.6749353448480331,0.29361072153671036,0.0,0.6797002583088069,0.0,,,EXPLOIT
365,52,,,0,1,0,0,rare,1.0,0.027208601635708707,0.6903840615360449,0.21369008556640987,0.0,0.6895234165080596,0.0,,,EXPLOIT
366,52,,,0,1,0,0,rare,1.0,0.01768559106321066,0.6633089666726549,0.1548887372154501,0.0,0.6986723143959436,0.0,,,EXPLOIT
367,52,,,0,1,0,0,rare,1.0,0.011495634191086901,0.6320439265968205,0.11187080630814113,0.0,0.7072136531236727,0.0,,,EXPLOIT
368,52,,,0,0,0,0,common,0.0,0.9925278377757936,0.6070786320102168,0.3760679157484368,0.0,0.7152056171993104,0.0,,,EXPLOIT
369,52,,,0,1,1,1,common,0.0,0.8227871751342556,0.3932550960652178,0.5100836935641824,0.0,0.7226991917465437,0.0,,,EXPLOIT
370,52,,,0,1,0,1,rare,0.0,0.4040823734557769,0.6548520024610044,0.4782832975316607,0.0,0.7041534112019446,0.0,,,EXPLOIT
371,52,,,0,0,1,0,rare,1.0,0.7214191976267768,0.6831961020123283,0.5512240675601955,0.0,0.7123402246731095,0.0,,,EXPLOIT
372,52,,,0,1,1,1,common,1.0,0.4651883361627338,0.5756385900063782,0.525413348140957,0.0,0.6924558476111593,0.0,,,EXPLOIT
373,52,,,0,0,1,0,rare,0.0,0.531077521542595,0.6889185101382292,0.5271126001614483,0.0,0.6698634872245172,0.0,,,EXPLOIT
374,52,,,0,1,0,0,rare,0.0,0.6451430945542658,0.6309657927799619,0.5625217484792935,0.0,0.6439709400912803,0.0,,,EXPLOIT
375,52,,,0,1,0,1,rare,1.0,0.737346457253745,0.6913561905591523,0.6149691611116289,0.0,0.6139997493778905,0.0,,,EXPLORE
376,52,,,0,1,1,1,common,1.0,0.302372418505777,0.6309147586000987,0.5211901383298733,0.0,0.5789057331247562,0.0,,,EXPLORE
377,52,,,0,0,0,1,common,0.0,0.5207248027850657,0.5237025128211479,0.521050537666431,0.0,0.5372550247089743,0.0,,,EXPLORE
378,52,,,0,0,0,0,common,0.0,0.41934301146027275,0.3922591808229525,0.4905382798045835,0.0,0.4870235810613228,0.0,,,EXPLORE
379,52,,,0,1,1,1,common,1.0,0.19654207202875507,0.3129251744137111,0.40233941747183494,0.0,0.5145426689695566,0.0,,,EXPLOIT
380,52,,,0,1,1,1,common,1.0,0.12775234681869074,0.24841888843346266,0.31996329627589165,0.0,0.5390248092144039,0.0,,,EXPLOIT
381,52,,,0,0,0,0,common,1.0,0.7274270425508227,0.2119321708330418,0.44220242015837097,0.0,0.5609453898606663,0.0,,,EXPLOIT
382,52,,,0,1,1,1,common,0.0,0.916960974567851,0.430011157669634,0.5846299864812149,0.0,0.580685500212679,0.0,,,EXPLOIT
383,52,,,0,1,1,1,common,1.0,0.40397536653089683,0.668125353858883,0.5304336004961194,0.0,0.539381996729431,0.0,,,EXPLORE
384,52,,,0,1,0,0,rare,1.0,0.47282757765803474,0.5739364456926328,0.513151793644694,0.0,0.4896100891080586,0.0,,,EXPLORE
385,52,,,0,1,1,1,common,0.0,0.7374160117549171,0.4920004252363981,0.5804310590777609,0.0,0.4284713341285425,0.0,,,EXPLORE
386,52,,,0,0,0,1,common,0.0,0.3384711218102927,0.6839358401572051,0.5078430778975205,0.0,0.351574232872712,0.0,,,EXPLORE
387,52,,,0,0,0,0,common,1.0,0.30733792547772265,0.5965118384289069,0.4476915321715811,0.0,0.25193073694801466,0.0,,,EXPLORE
388,52,,,0,1,0,0,rare,1.0,0.19976965156051973,0.6928356925893913,0.3733149679882627,0.0,0.3119614180703281,0.0,,,EXPLORE
389,52,,,0,0,0,0,common,1.0,0.12985027351433787,0.6498632786661518,0.30027555964608527,0.0,0.362599695256534,0.0,,,EXPLORE
390,52,,,0,0,0,0,common,1.0,0.08440267778431965,0.6930155530980572,0.23551369508755557,0.0,0.4058879136303317,0.0,,,EXPLORE
391,52,,,0,0,1,1,rare,0.0,0.4793204076406961,0.6690318496025129,0.3086557088534977,0.0,0.4433163032883866,0.0,,,EXPLOIT
392,52,,,0,0,0,0,common,1.0,0.05486174055980775,0.6373903804005028,0.2325175183653907,0.0,0.47599773779930665,0.0,,,EXPLORE
393,52,,,0,0,1,1,rare,1.0,0.6884417350335476,0.6930793704337652,0.36929478336583776,0.0,0.5047800660006434,0.0,,,EXPLOIT
394,52,,,0,1,1,1,common,1.0,0.447487127771806,0.6727246654656702,0.3927524866876282,0.0,0.5303205717289355,0.0,,,EXPLORE
395,52,,,0,0,0,0,common,0.0,0.964339868636125,0.6931185295441495,0.5642287012721772,0.0,0.5531366653993011,0.0,,,EXPLORE
396,52,,,0,1,0,0,rare,1.0,0.37317908538651867,0.5548821345085124,0.5069138165064796,0.0,0.5062807136735817,0.0,,,EXPLORE
397,52,,,0,0,0,0,common,1.0,0.2425664055012371,0.4951725777677112,0.4276095932049068,0.0,0.44909288351604787,0.0,,,EXPLORE
398,52,,,0,1,1,1,common,1.0,0.29086663305167393,0.6295254566608246,0.3865867051589369,0.0,0.48106837362435306,0.0,,,EXPLOIT
399,52,,,0,0,1,1,rare,0.0,0.810936688516412,0.5982497981789124,0.5138917001661794,0.0,0.5092664677999647,0.0,,,EXPLORE
400,52,,,0,1,0,0,rare,1.0,0.15766816357580415,0.3910448821434055,0.40702463918906673,0.0,0.4527708773166802,0.0,,,EXPLORE
401,52,,,0,1,1,1,common,1.0,0.4728911524643322,0.3662461855892472,0.42678459317164635,0.0,0.484300626619133,0.0,,,EXPLOIT
402,52,,,0,1,1,1,common,1.0,0.3073792491018159,0.350513794220375,0.39096298995069717,0.0,0.5121292238209699,0.0,,,EXPLOIT
403,52,,,0,1,1,1,common,1.0,0.1997965119161803,0.34047077153646066,0.3336130465403421,0.0,0.5368710545194962,0.0,,,EXPLOIT
404,52,,,0,1,0,0,rare,1.0,0.10248430632427274,0.33402481713908433,0.26427442447552124,0.0,0.5590116519568581,0.0,,,EXPLOIT
405,52,,,0,1,1,1,common,1.0,0.12986773274551722,0.3298707594794561,0.22395241695652002,0.0,0.5789397937174162,0.0,,,EXPLOIT
406,52,,,0,1,1,1,common,1.0,0.08441402628458616,0.32718605123379096,0.18209089975493983,0.0,0.5969704595022339,0.0,,,EXPLOIT
407,52,,,0,1,0,1,rare,0.0,0.22000622917669027,0.3254475879714595,0.19346549858146495,0.0,0.6133615482652706,0.0,,,EXPLOIT
408,52,,,0,0,0,0,common,0.0,0.9333852008892227,0.618935590659428,0.41544140927379225,0.0,0.6283262480657084,0.0,,,EXPLOIT
409,52,,,0,0,1,1,rare,1.0,0.05486911708498099,0.491353839980042,0.3072697216171488,0.0,0.642042322774119,0.0,,,EXPLOIT
410,52,,,0,0,0,0,common,0.0,0.6067003805779948,0.6701619793464986,0.39709891930540264,0.0,0.6546591764162519,0.0,,,EXPLOIT
411,52,,,0,0,0,0,common,1.0,0.6056447526243034,0.5435478670971486,0.4596626693010728,0.0,0.6663032918184161,0.0,,,EXPLOIT
412,52,,,0,0,0,0,common,1.0,0.39366908920579724,0.6835326001489731,0.4398645952724901,0.0,0.6770824639027135,0.0,,,EXPLOIT
413,52,,,0,0,0,0,common,1.0,0.2558849079837682,0.6810827970686093,0.3846706890858735,0.0,0.6870891281911585,0.0,,,EXPLOIT
414,52,,,0,1,1,1,common,1.0,0.03566492610523764,0.635939248396497,0.2799689601916827,0.0,0.6964030023717096,0.0,,,EXPLOIT
415,52,,,0,1,0,0,rare,1.0,0.16632519018944936,0.6880141468050365,0.2458758291910127,0.0,0.7050932008252142,0.0,,,EXPLOIT
416,52,,,0,1,1,1,common,0.0,0.9768177980315955,0.6914172367220565,0.4651584198431875,0.0,0.713219940844316,0.0,,,EXPLOIT
417,52,,,0,1,0,0,rare,1.0,0.10811137362314205,0.5674470705716512,0.35804430597717385,0.0,0.7208359296597353,0.0,,,EXPLOIT
418,52,,,0,0,0,0,common,1.0,0.07027239285504239,0.6686661657387483,0.27171273204053437,0.0,0.7279874998329727,0.0,,,EXPLOIT
419,52,,,0,0,1,1,rare,0.0,0.6349315687205371,0.6357828453328878,0.38067838304453516,0.0,0.7347155447120747,0.0,,,EXPLOIT
420,52,,,0,0,0,0,common,1.0,0.045677055355777596,0.6580158508775571,0.2801779847379079,0.0,0.7410562938551596,0.0,,,EXPLOIT
421,52,,,0,1,0,0,rare,1.0,0.029690085981255443,0.6927582054886368,0.20503161511091214,0.0,0.7470419594765219,0.0,,,EXPLOIT
422,52,,,0,0,0,0,common,1.0,0.019298555887816038,0.6779950265733103,0.1493116973439833,0.0,0.752701278268713,0.0,,,EXPLOIT
423,52,,,0,1,1,1,common,0.0,0.4127055196683491,0.6929828015496433,0.22832984404129303,0.0,0.7580599678367287,0.0,,,EXPLOIT
424,52,,,0,0,0,0,common,1.0,0.012544061327080414,0.547013522625867,0.16359410922702924,0.0,0.7631411130418919,0.0,,,EXPLOIT
425,52,,,0,0,1,1,rare,1.0,0.7317414122155731,0.4921165984694872,0.33403830012359237,0.0,0.7679654944990306,0.0,,,EXPLOIT
426,52,,,0,1,1,1,common,1.0,0.4756319179401225,0.4555514510635015,0.3765163854685514,0.0,0.7725518690857824,0.0,,,EXPLOIT
427,52,,,0,1,1,1,common,0.0,0.6908392533389204,0.5965756318297056,0.47081324582966205,0.0,0.7769172104482134,0.0,,,EXPLOIT
428,52,,,0,0,0,0,common,0.0,0.9918463601373977,0.38763595487014,0.6271231801219828,0.0,0.7810769160040172,0.0,,,EXPLOIT
429,52,,,0,0,0,1,common,1.0,0.8569959510351512,0.6498935998325952,0.6960850113959333,0.0,0.7691669981831474,0.0,,,EXPLOIT
430,52,,,0,0,0,0,common,1.0,0.3552998659106914,0.5494208753663682,0.5938494677503606,0.0,0.7560270363499637,0.0,,,EXPLOIT
431,52,,,0,0,0,1,common,1.0,0.5570473681728484,0.4696862938005883,0.5828088378771069,0.0,0.7414568738733278,0.0,,,EXPLOIT
432,52,,,0,0,0,0,common,1.0,0.2309449128419494,0.4170580907110899,0.47724966036655964,0.0,0.7252104372559073,0.0,,,EXPLOIT
433,52,,,0,0,0,0,common,1.0,0.15011419334726717,0.38364311352318553,0.37910902026077187,0.0,0.7321014949046959,0.0,,,EXPLOIT
434,52,,,0,0,1,1,rare,0.0,0.4490455146702983,0.3624956492503217,0.4000899685836298,0.0,0.7385914345574228,0.0,,,EXPLOIT
435,52,,,0,1,1,1,common,0.0,0.2918795845356939,0.638765197447325,0.36762685336924894,0.0,0.7447139879610392,0.0,,,EXPLOIT
436,52,,,0,0,0,0,common,1.0,0.09757422567572371,0.5174957386869431,0.2866110650611914,0.0,0.7504992081229205,0.0,,,EXPLOIT
437,52,,,0,0,0,0,common,0.0,0.9365767533107796,0.39936380279319145,0.48160077153606784,0.0,0.7559739575072669,0.0,,,EXPLOIT
438,52,,,0,0,1,1,rare,1.0,0.810278270051799,0.621354023179399,0.5802040210907871,0.0,0.7611623204967859,0.0,,,EXPLOIT
439,52,,,0,0,0,1,common,1.0,0.36208078931235144,0.474667504904294,0.5147670515572563,0.0,0.7471602687941155,0.0,,,EXPLOIT
440,52,,,0,0,0,1,common,1.0,0.2353525130530284,0.3724277538552098,0.4309426900059879,0.0,0.7315813727440043,0.0,,,EXPLOIT
441,52,,,0,0,1,1,rare,1.0,0.5266808755336694,0.31118708419440166,0.4596641456642923,0.0,0.7381011920702889,0.0,,,EXPLOIT
442,52,,,0,0,1,1,rare,1.0,0.3423425690968851,0.2747713531137798,0.42446767269407015,0.0,0.7442511451496948,0.0,,,EXPLOIT
443,52,,,0,1,0,1,rare,1.0,0.15297913348446845,0.2526954788097924,0.3430211109311896,0.0,0.7500615520111146,0.0,,,EXPLOIT
444,52,,,0,0,0,1,common,1.0,0.09943643676490455,0.4522123711508813,0.2699457086813041,0.0,0.7555595071458222,0.0,,,EXPLOIT
445,52,,,0,0,0,1,common,0.0,0.9353663161028121,0.43371109638750505,0.4695718909077564,0.0,0.7607692973317304,0.0,,,EXPLOIT
446,52,,,0,1,1,1,common,0.0,0.7774773300870247,0.6789934525545063,0.5619435226615368,0.0,0.7657127561496558,0.0,,,EXPLOIT
447,52,,,0,0,0,1,common,1.0,0.3920118945331721,0.5630279698976166,0.5109640342230273,0.0,0.7522042773104615,0.0,,,EXPLOIT
448,52,,,0,0,0,1,common,0.0,0.7451922685534381,0.44813611063071124,0.5812325045221505,0.0,0.7372035435554817,0.0,,,EXPLOIT
449,52,,,0,0,0,0,common,1.0,0.39122511034799323,0.6552286334535438,0.5242302862699033,0.0,0.7204497246686885,0.0,,,EXPLOIT
450,52,,,0,1,1,1,common,0.0,0.505360264556566,0.5252271763444855,0.5185692797559021,0.0,0.7016174431767991,0.0,,,EXPLOIT
451,52,,,0,0,0,0,common,1.0,0.25429632172619565,0.4159950289691362,0.4392873923469901,0.0,0.6802954907968163,0.0,,,EXPLOIT
452,52,,,0,0,1,1,rare,1.0,0.6715158280382321,0.3190866145654295,0.5089559230543627,0.0,0.6900771476165549,0.0,,,EXPLOIT
453,52,,,0,0,0,1,common,1.0,0.5156250254402652,0.2635796304185845,0.5109566537701333,0.0,0.6671485625267078,0.0,,,EXPLOIT
454,52,,,0,0,1,1,rare,1.0,0.4364852882248509,0.2312798565876118,0.48861524410654855,0.0,0.6408432881207494,0.0,,,EXPLOIT
455,52,,,0,0,0,1,common,1.0,0.3351562665361725,0.2119261528510264,0.4425775508354357,0.0,0.6535545024906632,0.0,,,EXPLOIT
456,52,,,0,0,1,1,rare,1.0,0.2837154373461531,0.2000353447481818,0.39491891678865093,0.0,0.6652823122738323,0.0,,,EXPLOIT
457,52,,,0,0,0,1,common,0.0,0.7821484267514879,0.19259399844972497,0.511087769777502,0.0,0.6761360614139552,0.0,,,EXPLOIT
458,52,,,0,0,1,0,rare,0.0,0.3452003890026868,0.4477128496867198,0.4613215555450574,0.0,0.6511837909773502,0.0,,,EXPLOIT
459,52,,,0,1,1,0,common,0.0,0.22438025285174643,0.629941770274262,0.3902391647370641,0.0,0.6630921712014672,0.0,,,EXPLOIT
460,52,,,0,0,1,1,rare,0.0,0.8155849657250005,0.5713527564879379,0.517842905033445,0.0,0.674106718124871,0.0,,,EXPLOIT
461,52,,,0,1,1,1,common,1.0,0.4698697722787497,0.6654201919523293,0.5034509652070364,0.0,0.6488522704911835,0.0,,,EXPLOIT
462,52,,,0,0,0,0,common,0.0,0.8347073908779729,0.6331664612641491,0.6028278929083173,0.0,0.6196744270962831,0.0,,,EXPLOIT
463,52,,,0,0,1,1,rare,0.0,0.6945846480188127,0.5642047589160837,0.6303549194414659,0.0,0.5855837783664027,0.0,,,EXPLORE
464,52,,,0,1,0,0,rare,0.0,0.5425598040706824,0.5121368800937426,0.6040163848302308,0.0,0.5452277020797279,0.0,,,EXPLORE
465,52,,,0,0,1,0,rare,0.0,0.14584716435363518,0.6341782817079767,0.4665656186872521,0.0,0.4967068521388517,0.0,,,EXPLORE
466,52,,,0,1,0,1,rare,0.0,0.5083964773884672,0.6074079914210936,0.47911487629761657,0.0,0.5231383895657556,0.0,,,EXPLOIT
467,52,,,0,0,0,0,common,0.0,0.35266387264594357,0.6673455736523736,0.44117957520211465,0.0,0.5467060527142589,0.0,,,EXPLORE
468,52,,,0,1,1,1,common,1.0,0.5485199787877717,0.6550064174789544,0.47338169627781174,0.0,0.5678503622991482,0.0,,,EXPLOIT
469,52,,,0,0,1,1,rare,0.0,0.6434620137879483,0.4305525810563967,0.5244057915308526,0.0,0.5869258983222447,0.0,,,EXPLORE
470,52,,,0,0,0,1,common,1.0,0.6695422896974963,0.41575039641336725,0.5679467409808457,0.0,0.5468273320239518,0.0,,,EXPLORE
471,52,,,0,0,0,0,common,1.0,0.7707684827801367,0.6726046581283838,0.628793263520633,0.0,0.4986457846720427,0.0,,,EXPLORE
472,52,,,0,1,1,1,common,0.0,0.4182503089621664,0.6660449880042929,0.5656303771530931,0.0,0.4396666037742961,0.0,,,EXPLORE
473,52,,,0,0,0,0,common,0.0,0.49900048619291115,0.5550482193505735,0.5456414098650384,0.0,0.3658062817947184,0.0,,,EXPLORE
474,52,,,0,0,0,1,common,0.0,0.5647975116966274,0.6815136245244079,0.5513882404145151,0.0,0.2706251996354747,0.0,,,EXPLORE
475,52,,,0,0,0,1,common,0.0,0.3671183826028078,0.6865436610511801,0.4961072830710028,0.0,0.14334190094962143,0.0,,,EXPLORE
476,52,,,0,0,0,0,common,1.0,0.6756496839746078,0.6528065153200385,0.5499700033420843,0.0,0.22218549798206697,0.0,,,EXPLORE
477,52,,,0,0,0,0,common,0.0,0.560827705416505,0.6510564540532923,0.5532273139644105,0.0,0.09090909090909093,0.0,,,EXPLORE
478,52,,,0,0,1,1,rare,1.0,0.7281372991745918,0.6928980702535561,0.6057003095274649,0.0,0.09090909090909093,0.0,,,EXPLORE
479,52,,,0,1,1,1,common,1.0,0.47328924446348464,0.5936286478736907,0.5659769900082708,0.0,0.09090909090909093,0.0,,,EXPLORE
480,52,,,0,1,1,0,common,1.0,0.9051993431701372,0.6930419161959824,0.6677436959568307,0.0,0.09090909090909093,0.0,,,EXPLORE
481,52,,,0,1,1,1,common,1.0,0.307638008901265,0.6416024675121199,0.559711989840161,0.0,0.09090909090909093,0.0,,,EXPLORE
482,52,,,0,1,1,1,common,1.0,0.19996470578582226,0.5683416047827785,0.45178780462385937,0.0,0.09090909090909093,0.0,,,EXPLORE
483,52,,,0,1,1,1,common,1.0,0.12997705876078447,0.5115994301571837,0.3552445808649369,0.0,0.17965545529122232,0.0,,,EXPLORE
484,52,,,0,1,0,0,rare,1.0,0.6354619914792717,0.4730873563735232,0.4393098040492373,0.0,0.25195053896963665,0.0,,,EXPLORE
485,52,,,0,0,0,0,common,1.0,0.41305029446152663,0.4479061740945428,0.4314319511729241,0.0,0.31197800201026266,0.0,,,EXPLORE
486,52,,,0,1,1,0,common,0.0,0.41162042693941087,0.5859765731543878,0.4254884939028701,0.0,0.3626137856372424,0.0,,,EXPLORE
487,52,,,0,1,1,1,common,0.0,0.91551491180549,0.6783916897675313,0.5724964192736561,0.0,0.4059000327452924,0.0,,,EXPLORE
488,52,,,0,0,0,1,common,0.0,0.2386269486918251,0.5392157235481555,0.47233557809910676,0.0,0.32267046047166775,0.0,,,EXPLORE
489,52,,,0,0,1,1,rare,1.0,0.40491530732643144,0.6868592780998689,0.4521094968673042,0.0,0.37171025917319694,0.0,,,EXPLORE
490,52,,,0,1,1,1,common,1.0,0.2631949497621804,0.5850131693370986,0.39543513273576697,0.0,0.41373254236826185,0.0,,,EXPLORE
491,52,,,0,1,1,1,common,1.0,0.1710767173454173,0.6904808498365631,0.32812760811866204,0.0,0.45014130885562853,0.0,,,EXPLORE
492,52,,,0,1,0,0,rare,1.0,0.26848269139999226,0.673600801425585,0.3102341331030611,0.0,0.48198944222641793,0.0,,,EXPLOIT
493,52,,,0,1,1,1,common,1.0,0.11119986627452128,0.6268290664326386,0.25052385305449915,0.0,0.5100820120718337,0.0,,,EXPLOIT
494,52,,,0,1,1,1,common,1.0,0.07227991307843884,0.5852299569301165,0.19705067106168106,0.0,0.5350451313687602,0.0,,,EXPLOIT
495,52,,,0,0,0,0,common,1.0,0.17451374940999498,0.5549150773063778,0.19028959456617522,0.0,0.5573730633938077,0.0,,,EXPLOIT
496,52,,,0,0,0,0,common,1.0,0.11343393711649674,0.6444613838412989,0.16723289733127167,0.0,0.5774611928376786,0.0,,,EXPLOIT
497,52,,,0,1,0,0,rare,1.0,0.07373205912572289,0.6806202571182648,0.13918264586960705,0.0,0.5956295742360611,0.0,,,EXPLOIT
498,52,,,0,1,0,0,rare,0.0,0.9520741615682802,0.6719774614234892,0.38305010057920896,0.0,0.6121400565621009,0.0,,,EXPLOIT
499,52,,,0,1,1,1,common,0.0,0.9530180564990147,0.5974392197271086,0.5540404873551507,0.0,0.6272089395098613,0.0,,,EXPLORE
500,52,,,0,0,1,1,rare,1.0,0.38053826327564044,0.4105956396729947,0.5019898201312976,0.0,0.5944262946268666,0.0,,,EXPLORE
501,52,,,0,0,0,0,common,1.0,0.3811517949806178,0.3656549707246809,0.4657384125860936,0.0,0.5557503637590878,0.0,,,EXPLOIT
502,52,,,0,0,0,0,common,1.0,0.2477486667374016,0.33766844707918886,0.400341488831486,0.0,0.5759975220374751,0.0,,,EXPLOIT
503,52,,,0,0,0,0,common,1.0,0.16103663337931107,0.32010432699888197,0.3285500321958335,0.0,0.5943027142594365,0.0,,,EXPLOIT
504,52,,,0,0,0,0,common,1.0,0.10467381169655221,0.30897553535900135,0.2613871660460491,0.0,0.6109317433334377,0.0,,,EXPLOIT
505,52,,,0,0,0,0,common,1.0,0.06803797760275898,0.3018685700375182,0.20338240951306205,0.0,0.6261040209207935,0.0,,,EXPLOIT
506,52,,,0,0,0,0,common,1.0,0.044224685441793365,0.2973038017307211,0.15563509229168143,0.0,0.6400022652869511,0.0,,,EXPLOIT
507,52,,,0,0,1,1,rare,1.0,0.2473498711291663,0.2943601359528884,0.18314952594292688,0.0,0.6527798640384158,0.0,,,EXPLOIT
508,52,,,0,0,0,0,common,1.0,0.028746045537165643,0.29245672986298965,0.1368284818211985,0.0,0.6645665324114127,0.0,,,EXPLOIT
509,52,,,0,0,0,0,common,0.0,0.9813150704008423,0.2912237508843062,0.3901744583950916,0.0,0.6754727103472794,0.0,,,EXPLOIT
510,52,,,0,1,1,1,common,0.0,0.8392225837660419,0.5864277023746253,0.5248888960063767,0.0,0.6855930145804747,0.0,,,EXPLOIT
511,52,,,0,0,0,0,common,1.0,0.3621452042394524,0.46539631710223206,0.4760657884762994,0.0,0.6620234320665237,0.0,,,EXPLOIT
512,52,,,0,0,0,0,common,1.0,0.23539438275564406,0.3578208147948155,0.4038643667601028,0.0,0.6731168504219992,0.0,,,EXPLOIT
513,52,,,0,0,0,0,common,1.0,0.1530063487911686,0.29452469862834174,0.32860696136942247,0.0,0.6834045589501152,0.0,,,EXPLOIT
514,52,,,0,0,1,1,rare,1.0,0.4545053205520728,0.2573964901790046,0.36637646912421756,0.0,0.6929707930163043,0.0,,,EXPLOIT
515,52,,,0,0,0,0,common,1.0,0.09945412671425957,0.23509864779569242,0.28629976640123017,0.0,0.7018884416292972,0.0,,,EXPLOIT
516,52,,,0,0,1,1,rare,1.0,0.29542845835884735,0.2213923402945608,0.2890383739885153,0.0,0.710220895635743,0.0,,,EXPLOIT
517,52,,,0,0,0,0,common,1.0,0.06464518236426875,0.21281533165268257,0.2217204165012413,0.0,0.718023546052248,0.0,,,EXPLOIT
518,52,,,0,0,0,0,common,1.0,0.04201936853677468,0.20737986620162124,0.1678101021119013,0.0,0.7253450074386294,0.0,,,EXPLOIT
519,52,,,0,0,0,1,common,0.0,0.1551075166496863,0.2039055027322743,0.16399932647323678,0.0,0.7322281234326338,0.0,,,EXPLOIT
520,52,,,0,1,1,1,common,1.0,0.19202849793325072,0.4701259983080488,0.17240807791124096,0.0,0.738710798395836,0.0,,,EXPLOIT
521,52,,,0,0,0,0,common,1.0,0.027312589548903587,0.6641158432532746,0.12887943140253974,0.0,0.7448266892705949,0.0,,,EXPLOIT
522,52,,,0,0,0,0,common,0.0,0.9822468167932127,0.5842994419283063,0.3848896470197416,0.0,0.7506057843138746,0.0,,,EXPLOIT
523,52,,,0,0,0,0,common,1.0,0.36153956908441176,0.6922329814185588,0.37788462363914266,0.0,0.7560748897145726,0.0,,,EXPLOIT
524,52,,,0,0,0,0,common,1.0,0.2350007199048676,0.6479048164269988,0.3350194525188601,0.0,0.7612580407580732,0.0,,,EXPLOIT
525,52,,,0,0,0,0,common,1.0,0.15275046793816394,0.5678580527118324,0.28033875714465123,0.0,0.7661768508434554,0.0,,,EXPLOIT
526,52,,,0,0,0,0,common,0.0,0.9007121958401935,0.5044636730135641,0.4664507887533139,0.0,0.7708508090431927,0.0,,,EXPLOIT
527,52,,,0,0,0,0,common,1.0,0.4145370727038742,0.6899347723859552,0.45087667393848196,0.0,0.7752975348441741,0.0,,,EXPLOIT
528,52,,,0,0,0,0,common,1.0,0.2694490972575182,0.6232247696651858,0.39644840093419276,0.0,0.7795329970901915,0.0,,,EXPLOIT
529,52,,,0,0,0,0,common,0.0,0.8248580867826132,0.5462343606970694,0.5249713066887188,0.0,0.7835717028607699,0.0,,,EXPLOIT
530,52,,,0,1,0,1,rare,0.0,0.1008198858222961,0.692989177950561,0.397725880428792,0.0,0.7719115050447781,0.0,,,EXPLOIT
531,52,,,0,0,0,0,common,1.0,0.46384224359130144,0.6251564157869784,0.4175607893775448,0.0,0.776307401123363,0.0,,,EXPLOIT
532,52,,,0,1,1,1,common,1.0,0.12481852365661295,0.4922194335251403,0.3297381096612652,0.0,0.7804955542572478,0.0,,,EXPLOIT
533,52,,,0,0,0,0,common,1.0,0.30149745833434594,0.6632331875550415,0.3212659142631894,0.0,0.7844901538095613,0.0,,,EXPLOIT
534,52,,,0,0,1,1,rare,1.0,0.08113204037679844,0.5966320917437027,0.2492257520972721,0.0,0.7883041259522573,0.0,,,EXPLOIT
535,52,,,0,0,0,0,common,1.0,0.1959733479173249,0.5403206488443193,0.23325003084328794,0.0,0.7919492711789718,0.0,,,EXPLOIT
536,52,,,0,0,0,0,common,1.0,0.1273826761462612,0.5008245390328332,0.2014898244341799,0.0,0.7954363842368134,0.0,,,EXPLOIT
537,52,,,0,0,1,1,rare,1.0,0.052735826244919015,0.47460024051647465,0.1568636249774016,0.0,0.7987753590447403,0.0,,,EXPLOIT
538,52,,,0,1,1,1,common,0.0,0.9657217129408027,0.45748670793141394,0.3995210513664219,0.0,0.8019752807463741,0.0,,,EXPLOIT
539,52,,,0,0,0,0,common,1.0,0.08279873949506977,0.29080729919189297,0.3045043578050163,0.0,0.805044506700958,0.0,,,EXPLOIT
540,52,,,0,1,1,1,common,1.0,0.37228088658847824,0.2817166781363221,0.32483731644005487,0.0,0.8079907379328437,0.0,,,EXPLOIT
541,52,,,0,0,0,0,common,0.0,0.9461808193282046,0.4650685635372174,0.5112403673064998,0.0,0.810821082325671,0.0,,,EXPLOIT
542,52,,,0,0,0,1,common,0.0,0.06553292578449246,0.6892504900257042,0.37752813484989756,0.0,0.8017108885059093,0.0,,,EXPLOIT
543,52,,,0,0,1,1,rare,1.0,0.24198257628251085,0.6335647325280874,0.3368644672796815,0.0,0.8047908178709996,0.0,,,EXPLOIT
544,52,,,0,1,1,1,common,1.0,0.15728867458363205,0.6916355803365626,0.28299172947086665,0.0,0.8077471275259485,0.0,,,EXPLOIT
545,52,,,0,1,1,1,common,1.0,0.10223763847936085,0.6670673552083539,0.2287655021734149,0.0,0.8105869730632186,0.0,,,EXPLOIT
546,52,,,0,0,1,1,rare,1.0,0.06645446501158458,0.6129965551199988,0.1800721910248658,0.0,0.813316968497889,0.0,,,EXPLOIT
547,52,,,0,0,0,0,common,0.0,0.615017532563333,0.6819592426352388,0.31055579348640594,0.0,0.8159432365572955,0.0,,,EXPLOIT
548,52,,,0,1,0,0,rare,1.0,0.6002386038338335,0.5076600786825707,0.39746063659063424,0.0,0.8184714534690885,0.0,,,EXPLOIT
549,52,,,0,1,1,1,common,1.0,0.043195402257529936,0.4536643360627942,0.29118106629070295,0.0,0.8209068889372999,0.0,,,EXPLOIT
550,52,,,0,1,1,1,common,1.0,0.028077011467394497,0.41866758557621697,0.2122498498437104,0.0,0.823254441898977,0.0,,,EXPLOIT
551,52,,,0,0,1,1,rare,1.0,0.01825005745380648,0.3962789225153494,0.1540499121267392,0.0,0.8255186725719783,0.0,,,EXPLOIT
552,52,,,0,1,1,1,common,0.0,0.9881374626550258,0.5538690485291523,0.4042761772852252,0.0,0.827703831235121,0.0,,,EXPLOIT
553,52,,,0,0,0,0,common,1.0,0.3901550924919919,0.6884578591406189,0.40003985184725516,0.0,0.8298138841228883,0.0,,,EXPLOIT
554,52,,,0,1,1,0,common,0.0,0.2675532775106171,0.6416135673610732,0.36029387954626374,0.0,0.8318525367666503,0.0,,,EXPLOIT
555,52,,,0,1,0,0,rare,1.0,0.25360081011979474,0.46918979587899234,0.328285958718323,0.0,0.8338232550714195,0.0,,,EXPLOIT
556,52,,,0,0,1,1,rare,0.0,0.6422893507257668,0.6370583617994272,0.4224869763205561,0.0,0.835729284380362,0.0,,,EXPLOIT
557,52,,,0,1,1,1,common,1.0,0.5825119220282515,0.6727667615979804,0.4704944600328647,0.0,0.837573666747687,0.0,,,EXPLOIT
558,52,,,0,1,1,1,common,1.0,0.37863274931836355,0.5915614551032509,0.44293594681851434,0.0,0.8393592566133192,0.0,,,EXPLOIT
559,52,,,0,1,1,1,common,1.0,0.2461112870569363,0.518281921071799,0.3838885488900409,0.0,0.8410887350492585,0.0,,,EXPLOIT
560,52,,,0,1,1,1,common,1.0,0.1599723365870086,0.46722718881432357,0.3167136851991312,0.0,0.8427646227271961,0.0,,,EXPLOIT
561,52,,,0,1,1,1,common,0.0,0.8960179812184444,0.4338665231301576,0.4905049740049251,0.0,0.8443892917393265,0.0,,,EXPLOIT
562,52,,,0,0,1,1,rare,1.0,0.41758831220801107,0.675292616143011,0.46862997546585083,0.0,0.8459649763889545,0.0,,,EXPLOIT
563,52,,,0,1,1,0,common,0.0,0.1739096303819011,0.6816374000181848,0.3802138719406659,0.0,0.847493783054147,0.0,,,EXPLOIT
564,52,,,0,0,0,0,common,1.0,0.16484052657786663,0.5511989365449583,0.31560186833182613,0.0,0.8489776992160203,0.0,,,EXPLOIT
565,52,,,0,0,1,1,rare,1.0,0.2714324029352072,0.45303247401809593,0.3023510287128405,0.0,0.8504186017330496,0.0,,,EXPLOIT
566,52,,,0,0,1,1,rare,1.0,0.1764310619078847,0.3890771332816036,0.26457503867135373,0.0,0.8518182644338571,0.0,,,EXPLOIT
567,52,,,0,0,1,1,rare,0.0,0.8853198097598749,0.34933137502220785,0.45079846999791007,0.0,0.8531783650930795,0.0,,,EXPLOIT
568,52,,,0,0,0,0,common,1.0,0.10714634227561337,0.6191948699659133,0.34770283168122107,0.0,0.8545004918480131,0.0,,,EXPLOIT
569,52,,,0,0,0,0,common,1.0,0.06964512247914867,0.5041831270504777,0.2642855189205993,0.0,0.85578614910765,0.0,,,EXPLOIT
570,52,,,0,0,0,0,common,0.0,0.9547306703885534,0.42162342161316,0.47141906436098546,0.0,0.8570367630003418,0.0,,,EXPLOIT
571,52,,,0,0,1,1,rare,0.0,0.5754578763439187,0.6527757068348256,0.5026307079558654,0.0,0.8582536864015814,0.0,,,EXPLOIT
572,52,,,0,0,0,0,common,1.0,0.37942506424744027,0.6894044187100742,0.46566901484333784,0.0,0.8528179899023283,0.0,,,EXPLOIT
573,52,,,0,1,0,0,rare,1.0,0.24662629176083617,0.6296260572162262,0.39995619791858733,0.0,0.8541501331882884,0.0,,,EXPLOIT
574,52,,,0,0,1,1,rare,1.0,0.6259523803764528,0.6915624361935491,0.46775505265594697,0.0,0.855445412070543,0.0,,,EXPLOIT
575,52,,,0,0,1,1,rare,1.0,0.4068690472446943,0.6652763044857478,0.44948925103257115,0.0,0.8567052731272379,0.0,,,EXPLOIT
576,52,,,0,1,1,1,common,1.0,0.2644648807090513,0.6079649351903349,0.39398193993551517,0.0,0.8579310883764691,0.0,,,EXPLOIT
577,52,,,0,0,1,1,rare,1.0,0.17190217246088335,0.6811782223247642,0.3273580096931256,0.0,0.8591241600204663,0.0,,,EXPLOIT
578,52,,,0,1,1,1,common,1.0,0.11173641209957419,0.6552673847357654,0.2626715304150602,0.0,0.8602857248320709,0.0,,,EXPLOIT
579,52,,,0,0,0,0,common,0.0,0.8396929103554565,0.6880550310718261,0.43577794439717904,0.0,0.8614169582145867,0.0,,,EXPLOIT
580,52,,,0,1,1,1,common,1.0,0.07262866786472322,0.5752234368846894,0.3268331614374423,0.0,0.8625189779630316,0.0,,,EXPLOIT
581,52,,,0,1,1,1,common,1.0,0.0472086341120701,0.5262984092687667,0.24294580323983062,0.0,0.8635928477520978,0.0,,,EXPLOIT
582,52,,,0,1,0,0,rare,1.0,0.4541996082689532,0.4928865199662361,0.3063219447485674,0.0,0.8646395803737142,0.0,,,EXPLOIT
583,52,,,0,0,0,0,common,1.0,0.2952297453748196,0.47087073187442874,0.30299428493644304,0.0,0.8656601407449329,0.0,,,EXPLOIT
584,52,,,0,0,1,1,rare,1.0,0.0306856121728456,0.5969981353983819,0.22130168310736378,0.0,0.8666554487049256,0.0,,,EXPLOIT
585,52,,,0,0,0,0,common,0.0,0.8081006655063673,0.6584937112159173,0.3973413778270648,0.0,0.8676263816181434,0.0,,,EXPLOIT
586,52,,,0,1,1,1,common,0.0,0.9800543520876503,0.43386892661116006,0.5721552701052404,0.0,0.8685737767991316,0.0,,,EXPLOIT
587,52,,,0,1,1,1,common,1.0,0.3629646711430272,0.6782053855767877,0.5093980904165764,0.0,0.8638111177953657,0.0,,,EXPLOIT
588,52,,,0,1,1,1,common,0.0,0.7640729637570323,0.6049727070689968,0.5858005524187131,0.0,0.8587434123307158,0.0,,,EXPLOIT
589,52,,,0,1,1,1,common,0.0,0.496647426442071,0.6893582966648719,0.5590546146257205,0.0,0.8533406655299695,0.0,,,EXPLOIT
590,52,,,0,0,1,1,rare,0.0,0.32282082718734617,0.6086268925107723,0.48818447839420814,0.0,0.8475688170917025,0.0,,,EXPLOIT
591,52,,,0,1,0,0,rare,0.0,0.5252654325791388,0.6915428645184403,0.4993087646496873,0.0,0.8490505450591733,0.0,,,EXPLOIT
592,52,,,0,1,1,1,common,0.0,0.20983353767177504,0.655577318018772,0.4124661965563136,0.0,0.8504893502035101,0.0,,,EXPLOIT
593,52,,,0,0,0,0,common,1.0,0.6585774688235597,0.6106590967110004,0.4862995782364874,0.0,0.8518870014037935,0.0,,,EXPLOIT
594,52,,,0,0,0,0,common,0.0,0.5719246452646862,0.41638024093978787,0.511987098344947,0.0,0.8532451718178409,0.0,,,EXPLOIT
595,52,,,0,0,1,1,rare,1.0,0.8636082005133462,0.5903834182703771,0.6174734289954668,0.0,0.8474666887263816,0.0,,,EXPLOIT
596,52,,,0,0,1,1,rare,1.0,0.5613453303336751,0.40079046507225236,0.6006349993969292,0.0,0.8412795548109027,0.0,,,EXPLOIT
597,52,,,0,0,1,1,rare,0.0,0.6351255352831112,0.2856923207854668,0.6109821601627837,0.0,0.8346391794239977,0.0,,,EXPLOIT
598,52,,,0,0,1,0,rare,0.0,0.11304125974823573,0.5030225319830889,0.4615998900384193,0.0,0.8274942399569543,0.0,,,EXPLOIT
599,52,,,0,1,0,0,rare,1.0,0.628248980577954,0.6346476222291049,0.5115946172002797,0.0,0.8296114453365508,0.0,,,EXPLOIT
600,52,,,0,0,0,0,common,1.0,0.4083618373756701,0.6620682155405373,0.48062478325289676,0.0,0.8220719533568104,0.0,,,EXPLOIT
601,52,,,0,1,1,0,common,1.0,0.9265231811636467,0.6675582576195915,0.6143943026261217,0.0,0.8243779838913121,0.0,,,EXPLOIT
602,52,,,0,0,0,0,common,1.0,0.2654351942941856,0.6797751061962164,0.5097065701265409,0.0,0.8164162920374386,0.0,,,EXPLOIT
603,52,,,0,1,1,0,common,0.0,0.3977599322436296,0.6821730194924066,0.47612257876166747,0.0,0.8077897208526302,0.0,,,EXPLOIT
604,52,,,0,1,1,1,common,1.0,0.5871684020659778,0.5440425700027967,0.5094363257529605,0.0,0.8106279041371101,0.0,,,EXPLOIT
605,52,,,0,0,1,1,rare,1.0,0.38165946134288553,0.6769275998956326,0.471103266429938,0.0,0.8015007709924106,0.0,,,EXPLOIT
606,52,,,0,0,1,1,rare,1.0,0.24807864987287565,0.6240408212786541,0.40419588146281926,0.0,0.8045892188033932,0.0,,,EXPLOIT
607,52,,,0,1,0,0,rare,1.0,0.1725328762912206,0.5750822822201688,0.3346969799113396,0.0,0.8075535487696367,0.0,,,EXPLOIT
608,52,,,0,0,0,0,common,1.0,0.11214636958929336,0.6627214645289543,0.26793179681472573,0.0,0.8104009545638853,0.0,,,EXPLOIT
609,52,,,0,0,1,1,rare,1.0,0.16125112241736916,0.6395340616654434,0.23592759449551876,0.0,0.81313808471073,0.0,,,EXPLOIT
610,52,,,0,0,0,0,common,1.0,0.07289514023304067,0.6216228789589839,0.18701785821677533,0.0,0.8157710932706388,0.0,,,EXPLOIT
611,52,,,0,0,1,1,rare,1.0,0.10481322957128991,0.6089409944164415,0.1623564696231297,0.0,0.8183056849725032,0.0,,,EXPLOIT
612,52,,,0,0,0,0,common,1.0,0.04738184115147648,0.6003049052540446,0.12786408108163372,0.0,0.8207471554913811,0.0,,,EXPLOIT
613,52,,,0,0,0,0,common,0.0,0.9692018032515403,0.5945384504979202,0.38026539773260565,0.0,0.8231004274699685,0.0,,,EXPLOIT
614,52,,,0,1,0,0,rare,1.0,0.37001882788649887,0.6691100599062748,0.3771914267787736,0.0,0.8253700827994481,0.0,,,EXPLOIT
615,52,,,0,1,1,1,common,1.0,0.0681285992213384,0.6205659571517836,0.284472578511543,0.0,0.8275603916051906,0.0,,,EXPLOIT
616,52,,,0,0,0,0,common,1.0,0.24051223812622424,0.5787498652031675,0.2712844763959473,0.0,0.8296753383231614,0.0,,,EXPLOIT
617,52,,,0,1,0,0,rare,1.0,0.15633295478204579,0.6611229705412884,0.23679901991177685,0.0,0.8317186452021038,0.0,,,EXPLOIT
618,52,,,0,1,1,1,common,1.0,0.04428358949387001,0.6413225000464178,0.17904439078640477,0.0,0.8336937935231741,0.0,,,EXPLOIT
619,52,,,0,1,1,1,common,1.0,0.028784333171015475,0.6263670183095535,0.13396637350178797,0.0,0.8356040427915399,0.0,,,EXPLOIT
620,52,,,0,0,0,0,common,1.0,0.10161642060832976,0.6158631874088791,0.1242613876337505,0.0,0.8374524481225278,0.0,,,EXPLOIT
621,52,,,0,1,1,1,common,1.0,0.01870981656116011,0.6637876869378356,0.09259591631197338,0.0,0.839241876017414,0.0,,,EXPLOIT
622,52,,,0,1,1,1,common,1.0,0.012161380764754037,0.6589485080968487,0.06846555564780758,0.0,0.8409750187002315,0.0,,,EXPLOIT
623,52,,,0,0,0,0,common,0.0,0.9339493266045856,0.6556271491319563,0.328110686934841,0.0,0.8426544071664304,0.0,,,EXPLOIT
624,52,,,0,1,1,0,common,0.0,0.2585439559583592,0.42019463070573404,0.30724066764189645,0.0,0.8442824230764288,0.0,,,EXPLOIT
625,52,,,0,0,0,0,common,1.0,0.3929329377070193,0.6769416843842626,0.3329483486614333,0.0,0.8458613096116137,0.0,,,EXPLOIT
626,52,,,0,1,0,0,rare,0.0,0.7445935904904375,0.6844380929547911,0.4564419212101345,0.0,0.8473931813968794,0.0,,,EXPLOIT
627,52,,,0,0,1,1,rare,1.0,0.007904897497090113,0.54868736066843,0.32188081409622116,0.0,0.8488800335820192,0.0,,,EXPLOIT
628,52,,,0,0,1,1,rare,0.0,0.9948618166268914,0.45886308149581745,0.5237751148554222,0.0,0.8503237501640013,0.0,,,EXPLOIT
629,52,,,0,0,0,1,common,1.0,0.9574035982400799,0.669759933022767,0.6538636598708194,0.0,0.8443404318024342,0.0,,,EXPLOIT
630,52,,,0,0,0,0,common,0.0,0.4839858338187844,0.5620055251388644,0.6029003120552089,0.0,0.837926314152468,0.0,,,EXPLOIT
631,52,,,0,0,0,1,common,0.0,0.37768766114394803,0.6910119353120303,0.5353365167818306,0.0,0.8310334944734648,0.0,,,EXPLOIT
632,52,,,0,1,1,1,common,1.0,0.35333981919252055,0.662934747980034,0.4807375075050376,0.0,0.8236066949562383,0.0,,,EXPLOIT
633,52,,,0,0,0,1,common,1.0,0.7545030202564338,0.5161461786747722,0.5628671613304564,0.0,0.8258585407443044,0.0,,,EXPLOIT
634,52,,,0,1,1,1,common,1.0,0.22967088247513834,0.6801546292419198,0.462908277673861,0.0,0.818017482342801,0.0,,,EXPLOIT
635,52,,,0,1,1,1,common,0.0,0.8507139263911601,0.6095396656473159,0.5792499722890507,0.0,0.8204694614791219,0.0,,,EXPLOIT
636,52,,,0,0,1,1,rare,0.0,0.552964052154254,0.6881400546995706,0.5713641962486117,0.0,0.8121847815035306,0.0,,,EXPLOIT
637,52,,,0,1,1,0,common,0.0,0.1680535713729335,0.6560042579698029,0.4503710087859082,0.0,0.8031937073756499,0.0,,,EXPLOIT
638,52,,,0,1,1,1,common,0.0,0.35942663390026514,0.6910255298978033,0.42308769632021526,0.0,0.8062138295805314,0.0,,,EXPLOIT
639,52,,,0,0,1,1,rare,0.0,0.23362731203517234,0.6532924355062675,0.36624958103470234,0.0,0.809113811150048,0.0,,,EXPLOIT
640,52,,,0,1,0,0,rare,0.0,0.31459079198220985,0.6922496830088747,0.35075194431895457,0.0,0.8119005430801524,0.0,,,EXPLOIT
641,52,,,0,0,0,1,common,1.0,0.490426963166682,0.6759092204227186,0.3926544499732728,0.0,0.8145803994758266,0.0,,,EXPLOIT
642,52,,,0,0,0,0,common,1.0,0.7955159852115636,0.48508641989041457,0.51351291054476,0.0,0.8171592851275585,0.0,,,EXPLOIT
643,52,,,0,0,0,1,common,0.0,0.6812224739416567,0.33300639997279197,0.5638257795638291,0.0,0.8085959170190167,0.0,,,EXPLOIT
644,52,,,0,0,0,0,common,0.0,0.48291460961248367,0.5380712935949594,0.5395524285784254,0.0,0.7992896240220603,0.0,,,EXPLOIT
645,52,,,0,0,1,0,rare,0.0,0.10923482139240678,0.6500021374512854,0.4104571464226198,0.0,0.7891398780763126,0.0,,,EXPLOIT
646,52,,,0,0,0,1,common,0.0,0.4427946080620769,0.6880702776600576,0.4201583849144569,0.0,0.7927485029771281,0.0,,,EXPLOIT
647,52,,,0,1,1,1,common,1.0,0.848142247177138,0.6927403704437994,0.5485535435932613,0.0,0.7962014004124909,0.0,,,EXPLOIT
648,52,,,0,0,1,0,rare,1.0,0.9289973660949356,0.5262553640619653,0.6626866903437636,0.0,0.78576342290709,0.0,,,EXPLOIT
649,52,,,0,1,0,0,rare,1.0,0.6861055037518856,0.6929752627787098,0.6697123343662001,0.0,0.7743203474900746,0.0,,,EXPLOIT
650,52,,,0,1,0,0,rare,0.0,0.5540314225612744,0.6148605984789925,0.6350080608247224,0.0,0.7617203246112225,0.0,,,EXPLOIT
651,52,,,0,0,1,0,rare,0.0,0.3961517120382918,0.6926440525832995,0.5633511561887932,0.0,0.7477792946778052,0.0,,,EXPLOIT
652,52,,,0,1,0,0,rare,1.0,0.6398795753351716,0.6584832667818847,0.5863096819327067,0.0,0.7322719693537607,0.0,,,EXPLOIT
653,52,,,0,1,1,1,common,1.0,0.5512924606651397,0.5065007461851421,0.5758045155524366,0.0,0.7149196028546271,0.0,,,EXPLOIT
654,52,,,0,1,1,0,common,0.0,0.25749861282488967,0.3879847817297623,0.4803127447341725,0.0,0.6953731362289677,0.0,,,EXPLOIT
655,52,,,0,0,0,0,common,1.0,0.41592172396786165,0.6119575771500204,0.4609954385042792,0.0,0.7041312915219036,0.0,,,EXPLOIT
656,52,,,0,1,1,1,common,0.0,0.6416599005676592,0.6895811804882241,0.5151947771232932,0.0,0.7123195214499872,0.0,,,EXPLOIT
657,52,,,0,0,1,1,rare,1.0,0.5829210646310214,0.6098010098363882,0.5355126633756117,0.0,0.6924324198030901,0.0,,,EXPLOIT
658,52,,,0,0,1,1,rare,0.0,0.621101307989836,0.47281787495140726,0.561189256759879,0.0,0.6698367607854585,0.0,,,EXPLOIT
659,52,,,0,0,0,0,common,0.0,0.7296508794208899,0.6583783815874222,0.6117277435581823,0.0,0.6439401676148588,0.0,,,EXPLOIT
660,52,,,0,1,0,0,rare,1.0,0.5257269283764215,0.6920041153729974,0.585927499003654,0.0,0.613963939348833,0.0,,,EXPLORE
661,52,,,0,0,0,0,common,0.0,0.658277496555326,0.5720339485719197,0.6076324982691556,0.0,0.5788635414683714,0.0,,,EXPLORE
662,52,,,0,1,1,1,common,0.0,0.4037158501933934,0.4835031638265128,0.5464575038464269,0.0,0.5372045829338035,0.0,,,EXPLORE
663,52,,,0,1,1,0,common,0.0,0.16737409833617828,0.6380409681844108,0.43273248219335225,0.0,0.48696221312059007,0.0,,,EXPLORE
664,52,,,0,0,0,0,common,1.0,0.5721196272390381,0.6892541953235192,0.4745486257070579,0.0,0.514488258710843,0.0,,,EXPLOIT
665,52,,,0,0,0,0,common,0.0,0.6281222422946252,0.590761386914108,0.520620710683328,0.0,0.5389762394444761,0.0,,,EXPLORE
666,52,,,0,0,0,1,common,0.0,0.28781649524034997,0.6825857344101235,0.45077944605043463,0.0,0.4891168460673558,0.0,,,EXPLORE
667,52,,,0,0,1,0,rare,0.0,0.10879316391851589,0.690731371514555,0.34818356141085893,0.0,0.5163990990175472,0.0,,,EXPLORE
668,52,,,0,0,0,1,common,0.0,0.1870807219062275,0.6716136760864696,0.29985270955946947,0.0,0.5406823579179677,0.0,,,EXPLOIT
669,52,,,0,1,1,1,common,0.0,0.2624153026257057,0.64983622687798,0.28862148747934036,0.0,0.5624343141404254,0.0,,,EXPLOIT
670,52,,,0,1,1,0,common,0.0,0.07071555654703532,0.6839343106866527,0.22324970819964882,0.0,0.5820302168377393,0.0,,,EXPLOIT
671,52,,,0,1,1,0,common,0.0,0.045965111755572954,0.6927150855873185,0.17006432926642606,0.0,0.599774637260767,0.0,,,EXPLOIT
672,52,,,0,0,1,1,rare,1.0,0.8294300532932912,0.6923427829546888,0.36787404647448557,0.0,0.6159173606428097,0.0,,,EXPLOIT
673,52,,,0,1,1,1,common,1.0,0.5391295346406394,0.5058323362052839,0.4192506929243317,0.0,0.6306651746767459,0.0,,,EXPLOIT
674,52,,,0,1,1,1,common,1.0,0.3504341975164156,0.6928071644853251,0.39860574430195683,0.0,0.644190739703771,0.0,,,EXPLOIT
675,52,,,0,1,0,0,rare,1.0,0.5917205425084936,0.6192777772110065,0.4565401837639178,0.0,0.6566393500575576,0.0,,,EXPLOIT
676,52,,,0,1,0,0,rare,1.0,0.3846183526305209,0.5079048906435873,0.43496363442389874,0.0,0.6681341491987707,0.0,,,EXPLOIT
677,52,,,0,1,0,0,rare,0.0,0.7499980707901615,0.4277038615982437,0.5294739653337776,0.0,0.6787801960194523,0.0,,,EXPLOIT
678,52,,,0,0,0,1,common,0.0,0.12160246923904787,0.6572494368490265,0.4071125165053586,0.0,0.6542187438683309,0.0,,,EXPLOIT
679,52,,,0,0,0,0,common,1.0,0.5125012539863951,0.5593978752045563,0.43872913774966954,0.0,0.6658961941850787,0.0,,,EXPLOIT
680,52,,,0,0,0,0,common,1.0,0.3331258150911568,0.6923198876274604,0.4070481409521157,0.0,0.6767050734175936,0.0,,,EXPLOIT
681,52,,,0,0,0,0,common,1.0,0.21653177980925187,0.6515857085340533,0.34989323260925653,0.0,0.6867383249963377,0.0,,,EXPLOIT
682,52,,,0,1,1,1,common,0.0,0.7722177716143299,0.5772878834908143,0.47659059431077855,0.0,0.6960760886436446,0.0,,,EXPLOIT
683,52,,,0,0,1,1,rare,1.0,0.4980584484506856,0.41206503008806905,0.48303095055275064,0.0,0.7047878317521695,0.0,,,EXPLOIT
684,52,,,0,0,1,1,rare,1.0,0.3237379914929457,0.35156851749862467,0.4352430628348092,0.0,0.7129340687197979,0.0,,,EXPLOIT
685,52,,,0,0,1,1,rare,0.0,0.7895703055295853,0.3146918313837193,0.541541235643242,0.0,0.72056775827365,0.0,,,EXPLOIT
686,52,,,0,0,0,0,common,0.0,0.8592543431239863,0.588064430560337,0.6368551678874652,0.0,0.7017505675217776,0.0,,,EXPLOIT
687,52,,,0,0,1,1,rare,1.0,0.4867793014057695,0.6907815728502752,0.5918324079429564,0.0,0.6804467882334804,0.0,,,EXPLOIT
688,52,,,0,0,1,1,rare,1.0,0.31640654591375017,0.5828328180432811,0.5092046493341945,0.0,0.6561299820041745,0.0,,,EXPLOIT
689,52,,,0,0,1,1,rare,1.0,0.20566425484393758,0.4626992527769105,0.4181425309871174,0.0,0.6281138241057744,0.0,,,EXPLOIT
690,52,,,0,0,0,0,common,1.0,0.44148467696940896,0.38269958061672066,0.4251451747818048,0.0,0.6418472634460384,0.0,,,EXPLOIT
691,52,,,0,1,1,1,common,0.0,0.8663182343514406,0.33368145195000964,0.5574970926526955,0.0,0.6544794450928019,0.0,,,EXPLOIT
692,52,,,0,0,1,1,rare,0.0,0.5631068523284364,0.24366246275498413,0.5591800205554177,0.0,0.6262020384485872,0.0,,,EXPLOIT
693,52,,,0,0,0,0,common,0.0,0.7130349599698842,0.4973289923174117,0.6053365023797577,0.0,0.5932461886861996,0.0,,,EXPLOIT
694,52,,,0,0,0,1,common,0.0,0.07904160500538113,0.6514823371434468,0.44744803316744464,0.0,0.5543482687333888,0.0,,,EXPLORE
695,52,,,0,0,0,0,common,1.0,0.5365272760195753,0.6926496414387909,0.47417180602308384,0.0,0.5747333105703566,0.0,,,EXPLOIT
696,52,,,0,0,0,0,common,0.0,0.6512572705872761,0.5577559945796808,0.5272974453923415,0.0,0.5931570587542796,0.0,,,EXPLORE
697,52,,,0,1,0,0,rare,1.0,0.5766827741182705,0.672743869367173,0.5421130440101202,0.0,0.5542423446385565,0.0,,,EXPLORE
698,52,,,0,0,1,0,rare,1.0,0.9701226773588776,0.6398056723720837,0.6705159340147474,0.0,0.5076166147499361,0.0,,,EXPLORE
699,52,,,0,1,0,0,rare,0.0,0.6251561968231242,0.6844236561269776,0.6569080128572604,0.0,0.45073908538420454,0.0,,,EXPLORE
700,52,,,0,1,0,0,rare,0.0,0.4063515279350307,0.5893045033805326,0.5817410673805914,0.0,0.3798149922330951,0.0,,,EXPLORE
701,52,,,0,1,1,0,common,0.0,0.36942025971672954,0.4935063705014256,0.5180448250814328,0.0,0.28891308929009885,0.0,,,EXPLORE
702,52,,,0,1,0,0,rare,1.0,0.73587150684223,0.427645386365613,0.583392829609672,0.0,0.16821578178789562,0.0,,,EXPLORE
703,52,,,0,0,0,1,common,0.0,0.051377043253497734,0.6623699695285467,0.42378809370281967,0.0,0.09090909090909093,0.0,,,EXPLORE
704,52,,,0,0,0,0,common,0.0,0.5216835205525505,0.6829562458621905,0.4531567217577389,0.0,0.17965545529122232,0.0,,,EXPLORE
705,52,,,0,1,1,0,common,0.0,0.2401231688158742,0.6189193996531028,0.3892466558751795,0.0,0.25195053896963665,0.0,,,EXPLORE
706,52,,,0,0,1,1,rare,1.0,0.6339805459865163,0.6888159788822649,0.4626668229085805,0.0,0.31197800201026266,0.0,,,EXPLORE
707,52,,,0,1,1,1,common,1.0,0.4120873548912356,0.6051121305368392,0.447492982503377,0.0,0.3626137856372424,0.0,,,EXPLORE
708,52,,,0,1,0,1,rare,0.0,0.03339507811477353,0.691312655945014,0.3232636111867959,0.0,0.4059000327452924,0.0,,,EXPLORE
709,52,,,0,0,0,0,common,0.0,0.33909428835915784,0.6461168029266076,0.3280128143385045,0.0,0.4433268371345312,0.0,,,EXPLOIT
710,52,,,0,1,0,1,rare,0.0,0.021706800774602797,0.6923712715287615,0.23612101026933396,0.0,0.4760069778008542,0.0,,,EXPLORE
711,52,,,0,0,1,1,rare,1.0,0.2678567806793032,0.672717698620259,0.24564174139232473,0.0,0.5047882362938754,0.0,,,EXPLOIT
712,52,,,0,1,1,1,common,1.0,0.1741069074415471,0.5087052248596842,0.22418129120709143,0.0,0.5303278475182935,0.0,,,EXPLOIT
713,52,,,0,0,0,0,common,1.0,0.7795887125665474,0.6844123322329388,0.3908035176149282,0.0,0.5531431856165939,0.0,,,EXPLOIT
714,52,,,0,1,0,0,rare,1.0,0.5067326631682558,0.6055736258466832,0.42558226128092647,0.0,0.5736470880232013,0.0,,,EXPLORE
715,52,,,0,1,1,1,common,0.0,0.8868305101629944,0.6894379703729094,0.5639567359455468,0.0,0.5921729883276855,0.0,,,EXPLOIT
716,52,,,0,1,1,1,common,1.0,0.42356016839405364,0.5589682152120982,0.5218377656800989,0.0,0.553072591005228,0.0,,,EXPLORE
717,52,,,0,0,0,0,common,1.0,0.3293762310593663,0.6799246755155145,0.4640993052938791,0.0,0.506203278855003,0.0,,,EXPLORE
718,52,,,0,1,1,1,common,0.0,0.7246858905438651,0.6315719952460186,0.5422752808688749,0.0,0.5315881888854705,0.0,,,EXPLORE
719,52,,,0,1,1,1,common,0.0,0.4710458288535123,0.44980553510519544,0.5209064452642661,0.0,0.4801210896056995,0.0,,,EXPLORE
720,52,,,0,1,1,1,common,0.0,0.306179788754783,0.3264927663998812,0.4564884483114211,0.0,0.4166679873652893,0.0,,,EXPLORE
721,52,,,0,0,0,0,common,1.0,0.21409455018858814,0.25725225036844757,0.38377027887457116,0.0,0.4526985708196944,0.0,,,EXPLOIT
722,52,,,0,0,0,0,common,0.0,0.8608385423774177,0.2159967488553885,0.5268907579254252,0.0,0.4842370549706649,0.0,,,EXPLOIT
723,52,,,0,1,0,0,rare,0.0,0.5595450525453216,0.45459121810397524,0.5366870463113941,0.0,0.4217936876540911,0.0,,,EXPLORE
724,52,,,0,0,0,1,common,0.0,0.014109420503491819,0.40059348506794157,0.3799137585690234,0.0,0.3430524844251248,0.0,,,EXPLORE
725,52,,,0,1,0,0,rare,0.0,0.36370428415445905,0.5753744836823944,0.3750509162446541,0.0,0.3891151434084282,0.0,,,EXPLOIT
726,52,,,0,0,0,0,common,1.0,0.7635922152996016,0.5425545643518777,0.49161330596113834,0.0,0.42876728054171476,0.0,,,EXPLORE
727,52,,,0,0,0,0,common,1.0,0.4963349399447411,0.3502852829083832,0.4930297961562191,0.0,0.4632584299152257,0.0,,,EXPLORE
728,52,,,0,0,0,0,common,0.0,0.6773822890359182,0.24412043525968347,0.5483355440201289,0.0,0.493533194358094,0.0,,,EXPLORE
729,52,,,0,0,0,0,common,1.0,0.5597015121266531,0.4491958738911427,0.5517453344520861,0.0,0.43333736301887765,0.0,,,EXPLORE
730,52,,,0,1,1,1,common,1.0,0.800983137309391,0.2962461762675021,0.6265166753092775,0.0,0.35776863022712474,0.0,,,EXPLORE
731,52,,,0,0,0,1,common,0.0,0.009171123327269683,0.5722235841802413,0.44131300971467513,0.0,0.26008168386431435,0.0,,,EXPLORE
732,52,,,0,1,0,0,rare,1.0,0.3638059828823246,0.6911795603132411,0.41806090166496995,0.0,0.3187943750766853,0.0,,,EXPLORE
733,52,,,0,1,0,0,rare,1.0,0.23647388887351095,0.6327236819762543,0.3635847978275322,0.0,0.3684100194339118,0.0,,,EXPLORE
734,52,,,0,0,0,0,common,1.0,0.15370802776778214,0.5269672740351419,0.30062176680960717,0.0,0.41088887696119836,0.0,,,EXPLORE
735,52,,,0,1,0,0,rare,1.0,0.09991021804905842,0.6666856322738653,0.24040830218144255,0.0,0.447665747188724,0.0,,,EXPLOIT
736,52,,,0,0,0,0,common,1.0,0.06494164173188799,0.6152324387381707,0.18776830404657618,0.0,0.4798149776960099,0.0,,,EXPLOIT
737,52,,,0,1,0,0,rare,1.0,0.042212067125727226,0.6817929247960997,0.14410143297032146,0.0,0.5081569666670477,0.0,,,EXPLOIT
738,52,,,0,0,0,0,common,1.0,0.027437843631722747,0.6586558840883907,0.10910235616874184,0.0,0.5333290105263676,0.0,,,EXPLOIT
739,52,,,0,1,1,1,common,1.0,0.5206390392511042,0.6883182866004669,0.23256336109345055,0.0,0.5558336866740938,0.0,,,EXPLOIT
740,52,,,0,1,1,0,common,1.0,0.8439199402696818,0.6782767483399839,0.4159703348463199,0.0,0.5760726647325173,0.0,,,EXPLOIT
741,52,,,0,1,0,0,rare,1.0,0.017834598360619736,0.6689593216011531,0.29652961390060983,0.0,0.5943708215237189,0.0,,,EXPLORE
742,52,,,0,1,0,0,rare,0.0,0.9884075110655972,0.6617930789330135,0.504092983050106,0.0,0.6109937559008194,0.0,,,EXPLOIT
743,52,,,0,0,0,0,common,0.0,0.6424648821926382,0.6104238952655541,0.5456045527928657,0.0,0.5753618663222185,0.0,,,EXPLORE
744,52,,,0,0,1,0,rare,0.0,0.45145203882470686,0.679654519969406,0.517358798602418,0.0,0.5330150934102255,0.0,,,EXPLORE
745,52,,,0,1,1,1,common,1.0,0.33841537551321776,0.5624305548527994,0.4636757716756579,0.0,0.4818606847040077,0.0,,,EXPLORE
746,52,,,0,1,1,1,common,1.0,0.21996999408359152,0.4493155118237004,0.390564038398038,0.0,0.5099679948436713,0.0,,,EXPLORE
747,52,,,0,1,0,0,rare,0.0,0.4176021734252149,0.3756934908052677,0.39867547890619104,0.0,0.5349434656833938,0.0,,,EXPLOIT
748,52,,,0,1,0,0,rare,1.0,0.7285585872736103,0.6242958251999897,0.4976404114164168,0.0,0.5572818500863829,0.0,,,EXPLOIT
749,52,,,0,0,1,1,rare,1.0,0.1429804961543345,0.49707345554805094,0.3912424368377921,0.0,0.5773789030377664,0.0,,,EXPLORE
750,52,,,0,1,1,1,common,1.0,0.09293732250031739,0.6628384975314459,0.3017509025365496,0.0,0.5955549633287168,0.0,,,EXPLOIT
751,52,,,0,1,0,0,rare,1.0,0.47356308172784667,0.5992873491842382,0.3532945562939387,0.0,0.6120721010695486,0.0,,,EXPLOIT
752,52,,,0,1,0,0,rare,1.0,0.3078160031231003,0.5457686066850729,0.3396509903426872,0.0,0.6271467900739782,0.0,,,EXPLOIT
753,52,,,0,0,0,0,common,1.0,0.2000804020300152,0.508128586335802,0.2977798138488856,0.0,0.6409594108818336,0.0,,,EXPLOIT
754,52,,,0,1,0,1,rare,0.0,0.005961230162725295,0.6249196343547572,0.21023423874303748,0.0,0.6536614721817353,0.0,,,EXPLOIT
755,52,,,0,1,0,0,rare,1.0,0.13005226131950987,0.6602612160576057,0.18617964551597918,0.0,0.6653811651371723,0.0,,,EXPLOIT
756,52,,,0,1,1,1,common,1.0,0.06040925962520627,0.6929296380663965,0.1484485297487473,0.0,0.676227682979653,0.0,,,EXPLOIT
757,52,,,0,1,1,1,common,1.0,0.039266018756384025,0.6727757956023496,0.11569377645103832,0.0,0.6862946146578501,0.0,,,EXPLOIT
758,52,,,0,1,0,0,rare,1.0,0.08453396985768147,0.6435995199084806,0.10634583447303125,0.0,0.6956626361203383,0.0,,,EXPLOIT
759,52,,,0,1,1,1,common,1.0,0.025522912191649594,0.619020181523342,0.08209895778861674,0.0,0.7044016631697915,0.0,,,EXPLOIT
760,52,,,0,1,1,1,common,1.0,0.016589892924572247,0.6010872336151697,0.06244623832940339,0.0,0.7125725875068696,0.0,,,EXPLOIT
761,52,,,0,1,0,0,rare,1.0,0.054947080407492965,0.5887273219928665,0.06019649095283026,0.0,0.7202286871683636,0.0,,,EXPLOIT
762,52,,,0,1,1,1,common,1.0,0.01078343040097196,0.5804306352285442,0.04537257278727277,0.0,0.7274167804475474,0.0,,,EXPLOIT
763,52,,,0,1,0,0,rare,1.0,0.03571560226487047,0.5749362722491758,0.04247548163055208,0.0,0.7341781761241098,0.0,,,EXPLOIT
764,52,,,0,1,1,0,common,0.0,0.2934438252360595,0.5713246458381624,0.1177659847122043,0.0,0.7405494607529108,0.0,,,EXPLOIT
765,52,,,0,1,0,0,rare,1.0,0.023215141472165857,0.6794131297518538,0.08940073174019277,0.0,0.7465631547030013,0.0,,,EXPLOIT
766,52,,,0,1,0,0,rare,0.0,0.9849101580430922,0.6898041709382863,0.3580535596310626,0.0,0.752248261784373,0.0,,,EXPLOIT
767,52,,,0,0,0,0,common,1.0,0.3598083972719901,0.5989290217401676,0.35858001092334085,0.0,0.7576307320696428,0.0,,,EXPLOIT
768,52,,,0,1,1,1,common,0.0,0.9929907702393682,0.5208390826410578,0.548903238718149,0.0,0.7627338534948946,0.0,,,EXPLOIT
769,52,,,0,1,1,1,common,0.0,0.6454440006555894,0.3667432358753844,0.577865467299381,0.0,0.748903304949794,0.0,,,EXPLOIT
770,52,,,0,0,1,1,rare,1.0,0.5804613995738669,0.27772842487559196,0.5786442469817268,0.0,0.7335254950752128,0.0,,,EXPLOIT
771,52,,,0,0,0,0,common,1.0,0.23387545822679356,0.23576683698256024,0.4752136103552468,0.0,0.7163263153393822,0.0,,,EXPLOIT
772,52,,,0,1,0,0,rare,1.0,0.15201904784741582,0.2111170343450277,0.3782552416028975,0.0,0.7237512139127217,0.0,,,EXPLOIT
773,52,,,0,1,1,1,common,0.0,0.6227000902769865,0.41882855436740696,0.4515886962051241,0.0,0.7307286648904022,0.0,,,EXPLOIT
774,52,,,0,0,0,0,common,1.0,0.09881238110082025,0.28021093077821185,0.34575580167383296,0.0,0.7372976100178867,0.0,,,EXPLOIT
775,52,,,0,0,0,0,common,0.0,0.9357719522844669,0.2617757566936625,0.5227606468570232,0.0,0.7434925999331538,0.0,,,EXPLOIT
776,52,,,0,0,1,0,rare,0.0,0.19073848640343868,0.5395831875626604,0.42315399872094783,0.0,0.7274861136610502,0.0,,,EXPLOIT
777,52,,,0,0,0,0,common,0.0,0.6082517689849034,0.6788159423635295,0.47868332980013445,0.0,0.7342434536032989,0.0,,,EXPLOIT
778,52,,,0,1,1,1,common,1.0,0.5952449413199588,0.6870394000566984,0.5136518132560817,0.0,0.7406110252101594,0.0,,,EXPLOIT
779,52,,,0,1,1,1,common,1.0,0.3869092118579732,0.5456670523181513,0.47562903283664915,0.0,0.7242643383838729,0.0,,,EXPLOIT
780,52,,,0,0,0,1,common,0.0,0.0038747996057714416,0.40828882774892683,0.3341027628673858,0.0,0.7312113519451447,0.0,,,EXPLOIT
781,52,,,0,1,1,1,common,1.0,0.25149098770768263,0.33130987958977187,0.30931923031947484,0.0,0.7377524673861168,0.0,,,EXPLOIT
782,52,,,0,1,1,1,common,1.0,0.16346914200999374,0.25644999627868964,0.2655642038266305,0.0,0.7439219457680534,0.0,,,EXPLOIT
783,52,,,0,1,1,1,common,1.0,0.1062549423064959,0.21462596333342968,0.21777142537059008,0.0,0.7497502981240023,0.0,,,EXPLOIT
784,52,,,0,1,1,1,common,0.0,0.9309342875007777,0.1903882962850744,0.43172028400964635,0.0,0.755264784873845,0.0,,,EXPLOIT
785,52,,,0,1,1,1,common,1.0,0.3948927131244945,0.4271572448440914,0.42067201274410077,0.0,0.7604898374976599,0.0,,,EXPLOIT
786,52,,,0,1,0,0,rare,1.0,0.6046363501598128,0.3095945186836307,0.47586131396881437,0.0,0.7654474162290134,0.0,,,EXPLOIT
787,52,,,0,1,1,1,common,1.0,0.25668026353092144,0.24443876064946218,0.41010699883744645,0.0,0.770157314814406,0.0,,,EXPLOIT
788,52,,,0,1,1,1,common,0.0,0.8331578287049011,0.20775522696307538,0.5370222477976828,0.0,0.7746374212579797,0.0,,,EXPLOIT
789,52,,,0,1,1,0,common,1.0,0.8760199838377648,0.44508839559289287,0.6387215686097074,0.0,0.7620702351921512,0.0,,,EXPLOIT
790,52,,,0,1,1,1,common,1.0,0.4584474113418142,0.3197573604044531,0.5846393214293394,0.0,0.7481673996266388,0.0,,,EXPLOIT
791,52,,,0,1,1,1,common,1.0,0.29799081737217925,0.2500671823360003,0.49864477021219134,0.0,0.7327048584012132,0.0,,,EXPLOIT
792,52,,,0,1,1,1,common,1.0,0.19369403129191654,0.2109826608914921,0.40715954853610886,0.0,0.7391602174355401,0.0,,,EXPLOIT
793,52,,,0,1,1,1,common,0.0,0.8740988796602542,0.18822974323760006,0.5472413478733524,0.0,0.7452510537405546,0.0,,,EXPLOIT
794,52,,,0,1,1,0,common,0.0,0.4305870105054528,0.4248484295803577,0.5122450466629825,0.0,0.7294503308552696,0.0,,,EXPLOIT
795,52,,,0,1,1,1,common,1.0,0.4318357282208347,0.6043461263064724,0.48812225113033814,0.0,0.7117505346822481,0.0,,,EXPLOIT
796,52,,,0,1,1,1,common,0.0,0.7193067766564574,0.42229930492516254,0.5574776087881739,0.0,0.7194577131574038,0.0,,,EXPLOIT
797,52,,,0,1,0,1,rare,1.0,0.9974813802562486,0.6029735256616016,0.6894787402285962,0.0,0.7004983498661455,0.0,,,EXPLOIT
798,52,,,0,1,1,0,common,0.0,0.2798815568285443,0.4212233872357073,0.5665995852085806,0.0,0.6790233033418762,0.0,,,EXPLOIT
799,52,,,0,1,1,1,common,1.0,0.5324505951733027,0.6023914155356287,0.5563548881979972,0.0,0.6544976190786918,0.0,,,EXPLOIT
800,52,,,0,1,0,0,rare,0.0,0.6069863723961217,0.4207690116573422,0.5715443334574345,0.0,0.6262230960954901,0.0,,,EXPLOIT
801,52,,,0,1,0,0,rare,1.0,0.6054588579425209,0.6021450863286796,0.5817186908029603,0.0,0.5932708736530047,0.0,,,EXPLOIT
802,52,,,0,0,1,1,rare,1.0,0.3460928868626467,0.4205770740273079,0.5110309496208663,0.0,0.554377604229988,0.0,,,EXPLORE
803,52,,,0,0,0,0,common,0.0,0.6064517423373614,0.6525312097978953,0.5396571874358148,0.0,0.5077799952031552,0.0,,,EXPLOIT
804,52,,,0,0,1,1,rare,1.0,0.22496037646072042,0.5353574978506787,0.44524814414328645,0.0,0.4509403515921993,0.0,,,EXPLORE
805,52,,,0,1,1,1,common,0.0,0.8537757553005317,0.685667507578139,0.56780642749046,0.0,0.48269158064884216,0.0,,,EXPLOIT
806,52,,,0,1,1,1,common,1.0,0.4450457590546544,0.6497194324424242,0.5309782269597183,0.0,0.4198701293225438,0.0,,,EXPLORE
807,52,,,0,1,1,1,common,0.0,0.7107202566144746,0.6856452936547943,0.5849008358561452,0.0,0.34059315546255525,0.0,,,EXPLORE
808,52,,,0,1,1,1,common,1.0,0.5380318332005916,0.6497523042916538,0.5708401350594791,0.0,0.23742666796747527,0.0,,,EXPLORE
809,52,,,0,1,0,0,rare,1.0,0.605806367480715,0.6856358985994326,0.5813300047858498,0.0,0.0976649556640018,0.0,,,EXPLORE
810,52,,,0,0,0,0,common,0.0,0.6062258611375352,0.6195288590286161,0.5887987616913554,0.0,0.09090909090909093,0.0,,,EXPLORE
811,52,,,0,1,1,1,common,1.0,0.34972069158038444,0.46163526653645,0.517075340658064,0.0,0.09090909090909093,0.0,,,EXPLORE
812,52,,,0,1,0,1,rare,0.0,0.3516371028334384,0.3826333450702064,0.46744386931067633,0.0,0.09090909090909093,0.0,,,EXPLORE
813,52,,,0,0,0,1,common,0.0,0.22856411684173497,0.6272447074793617,0.3957799435699939,0.0,0.17965545529122232,0.0,,,EXPLORE
814,52,,,0,1,1,1,common,1.0,0.2273184495272499,0.5309548479569361,0.3452414953571707,0.0,0.25195053896963665,0.0,,,EXPLORE
815,52,,,0,1,1,1,common,1.0,0.14775699219271243,0.3890768476122577,0.28599614440783316,0.0,0.31197800201026266,0.0,,,EXPLORE
816,52,,,0,1,1,1,common,1.0,0.09604204492526303,0.30409712214214085,0.2290099145630621,0.0,0.3626137856372424,0.0,,,EXPLOIT
817,52,,,0,1,1,1,common,1.0,0.06242732920142102,0.2553690001855424,0.17903513895456977,0.0,0.4059000327452924,0.0,,,EXPLOIT
818,52,,,0,1,1,1,common,1.0,0.04057776398092372,0.22680168663806477,0.13749792646247594,0.0,0.4433268371345312,0.0,,,EXPLOIT
819,52,,,0,1,1,1,common,1.0,0.02637554658760044,0.20956580361851807,0.10416121250001328,0.0,0.4760069778008542,0.0,,,EXPLOIT
820,52,,,0,1,0,0,rare,0.0,0.3940468097393979,0.19892102363504496,0.19112689167182867,0.0,0.5047882362938754,0.0,,,EXPLOIT
821,52,,,0,1,1,1,common,1.0,0.017144105281940325,0.45492606950859216,0.13893205575486217,0.0,0.5303278475182935,0.0,,,EXPLOIT
822,52,,,0,1,0,0,rare,0.0,0.2561304263306086,0.34230711563311267,0.1740915669275861,0.0,0.5531431856165939,0.0,,,EXPLOIT
823,52,,,0,1,1,1,common,1.0,0.0111436684332612,0.572183228723417,0.12520719737928862,0.0,0.5736470880232013,0.0,,,EXPLOIT
824,52,,,0,1,1,1,common,0.0,0.9927566155183802,0.4169650562094167,0.38547202282101606,0.0,0.5921729883276855,0.0,,,EXPLOIT
825,52,,,0,1,0,1,rare,1.0,0.8514333240528722,0.6152650207636768,0.5252604131905729,0.0,0.6089931308257707,0.0,,,EXPLOIT
826,52,,,0,0,0,1,common,0.0,0.446568339365633,0.4498934861240431,0.5016527910430909,0.0,0.5730008119718308,0.0,,,EXPLORE
827,52,,,0,0,0,0,common,1.0,0.8335152228851044,0.37920033348071136,0.6012115205956949,0.0,0.53018680829172,0.0,,,EXPLORE
828,52,,,0,1,0,0,rare,0.0,0.4582151051246821,0.6284872926360131,0.5583125959543911,0.0,0.47841159246053605,0.0,,,EXPLORE
829,52,,,0,1,0,1,rare,0.0,0.2902694205876615,0.6906128350766321,0.4778996433443722,0.0,0.414536468884677,0.0,,,EXPLORE
830,52,,,0,0,0,0,common,0.0,0.2978398183310434,0.6325149986624033,0.42388169584037355,0.0,0.450841480842916,0.0,,,EXPLORE
831,52,,,0,1,1,1,common,0.0,0.6452918000869472,0.6920748494009744,0.4903047271143456,0.0,0.4826046930493115,0.0,,,EXPLORE
832,52,,,0,1,1,1,common,0.0,0.4194396700565157,0.6665908569655187,0.4690452099969966,0.0,0.5106268781858485,0.0,,,EXPLORE
833,52,,,0,1,1,0,common,1.0,0.8180769880614462,0.6337962825141686,0.5737547434163315,0.0,0.5355310113636151,0.0,,,EXPLORE
834,52,,,0,0,0,1,common,0.0,0.18867512338197995,0.6590888090237463,0.45823085740602604,0.0,0.48492539050968486,0.0,,,EXPLORE
835,52,,,0,0,1,0,rare,0.0,0.46824995776005995,0.5941632309579963,0.4612365875122362,0.0,0.5126828299473233,0.0,,,EXPLOIT
836,52,,,0,0,0,1,common,0.0,0.12263883019828697,0.5404946652307481,0.35965726031805134,0.0,0.5373649783672108,0.0,,,EXPLORE
837,52,,,0,0,1,0,rare,0.0,0.304362472544039,0.503005431479632,0.3430688239858476,0.0,0.5594550278970593,0.0,,,EXPLOIT
838,52,,,0,1,1,1,common,1.0,0.7273642144632648,0.4781136795129107,0.45835744112907273,0.0,0.5793399829389753,0.0,,,EXPLOIT
839,52,,,0,1,1,1,common,1.0,0.47278673940112204,0.30637604379528627,0.4626862306106875,0.0,0.5973334602921403,0.0,,,EXPLOIT
840,52,,,0,1,1,0,common,0.0,0.19783560715362536,0.21681434138339306,0.38323104357356885,0.0,0.6136922974278571,0.0,,,EXPLOIT
841,52,,,0,0,0,1,common,0.0,0.07971523962888653,0.4172940270388071,0.2921763023901641,0.0,0.6286288457474447,0.0,,,EXPLOIT
842,52,,,0,1,0,1,rare,1.0,0.9481850942412238,0.40136720956804917,0.488978939945482,0.0,0.6423202024759178,0.0,,,EXPLOIT
843,52,,,0,1,1,1,common,1.0,0.30731138061072927,0.2609978632990082,0.4344786721450562,0.0,0.6549152351731964,0.0,,,EXPLOIT
844,52,,,0,1,0,1,rare,1.0,0.6163203112567954,0.19005159853864823,0.4890311638785779,0.0,0.6665399910243844,0.0,,,EXPLOIT
845,52,,,0,1,1,1,common,1.0,0.19975239739697404,0.15284846360373777,0.40224753393409673,0.0,0.6773019082220931,0.0,,,EXPLOIT
846,52,,,0,1,1,1,common,1.0,0.1298390583080331,0.1321312682528252,0.32052499124627765,0.0,0.6872931279191087,0.0,,,EXPLOIT
847,52,,,0,1,1,1,common,1.0,0.0843953879002215,0.12001430543013047,0.24968611024246076,0.0,0.6965931231560119,0.0,,,EXPLOIT
848,52,,,0,1,0,1,rare,1.0,0.4006082023169171,0.11267418231933624,0.29496273786479765,0.0,0.705270803640111,0.0,,,EXPLOIT
849,52,,,0,1,0,1,rare,1.0,0.26039533150599614,0.10811993915986463,0.2845925159571572,0.0,0.7133862143752343,0.0,,,EXPLOIT
850,52,,,0,1,1,1,common,1.0,0.054857002135143995,0.10524865113010427,0.21567186181055323,0.0,0.7209919167281548,0.0,,,EXPLOIT
851,52,,,0,1,0,1,rare,0.0,0.8307430345211025,0.10341917806245812,0.400193213623718,0.0,0.7281341191028788,0.0,,,EXPLOIT
852,52,,,0,0,0,0,common,0.0,0.1935958819151782,0.27960254217491587,0.33821401411115604,0.0,0.7348536086324612,0.0,,,EXPLOIT
853,52,,,0,1,1,1,common,1.0,0.035657051387843586,0.2711843898963692,0.2474469252941623,0.0,0.7411865235786019,0.0,,,EXPLOIT
854,52,,,0,1,1,1,common,1.0,0.023177083402098342,0.19297284120574362,0.18016597272654308,0.0,0.7471649973321166,0.0,,,EXPLOIT
855,52,,,0,1,0,1,rare,0.0,0.5399829724387166,0.1525607624495396,0.28811107264019514,0.0,0.7528176982446528,0.0,,,EXPLOIT
856,52,,,0,1,1,1,common,1.0,0.015065104211363867,0.34048905914283406,0.20619728211154573,0.0,0.758170284433443,0.0,,,EXPLOIT
857,52,,,0,1,1,1,common,0.0,0.9902076822626135,0.22759225560762608,0.44140040215686605,0.0,0.7632457887837695,0.0,,,EXPLOIT
858,52,,,0,1,1,1,common,1.0,0.35636500652930125,0.41816110744860235,0.4158897834685966,0.0,0.7680649463359993,0.0,,,EXPLOIT
859,52,,,0,1,1,1,common,1.0,0.2316372542440458,0.26675459053035655,0.36061402470123133,0.0,0.7726464738715442,0.0,,,EXPLOIT
860,52,,,0,1,1,1,common,0.0,0.8494357847413703,0.19073935209544607,0.507260552713273,0.0,0.7770073096468583,0.0,,,EXPLOIT
861,52,,,0,1,1,1,common,1.0,0.4478667399181093,0.38232042421976326,0.48944240887472384,0.0,0.7646841451423657,0.0,,,EXPLOIT
862,52,,,0,1,0,1,rare,0.0,0.3509889320851658,0.24852997417064593,0.4479063658378564,0.0,0.7694317892645973,0.0,,,EXPLOIT
863,52,,,0,1,1,0,common,0.0,0.1285931446498565,0.43693160099123396,0.35211239948145645,0.0,0.7739469430485167,0.0,,,EXPLOIT
864,52,,,0,1,1,1,common,1.0,0.2911133809467711,0.571205872670178,0.33381269392105084,0.0,0.7782460638573788,0.0,,,EXPLOIT
865,52,,,0,1,0,1,rare,1.0,0.7718571941446422,0.35383812178769686,0.46522604398812817,0.0,0.7823440918424263,0.0,,,EXPLOIT
866,52,,,0,1,1,1,common,1.0,0.18922369761540125,0.23425092943777232,0.38242534007631007,0.0,0.7862546208506533,0.0,,,EXPLOIT
867,52,,,0,1,1,1,common,0.0,0.8770045965499892,0.17418826589640313,0.5307991170184138,0.0,0.78999004673908,0.0,,,EXPLOIT
868,52,,,0,0,1,1,rare,0.0,0.5700529877574929,0.3648536196498406,0.5425752782401375,0.0,0.778959718688009,0.0,,,EXPLOIT
869,52,,,0,1,1,0,common,0.0,0.08358554402240673,0.3584389376886143,0.40487835797481825,0.0,0.7668357234386185,0.0,,,EXPLOIT
870,52,,,0,0,0,1,common,1.0,0.5017071761940175,0.5190975951033605,0.433927003440578,0.0,0.7714773287575497,0.0,,,EXPLOIT
871,52,,,0,0,1,1,rare,1.0,0.6294655579576296,0.6923762508257361,0.49258856979569343,0.0,0.7758939980254539,0.0,,,EXPLOIT
872,52,,,0,0,1,1,rare,1.0,0.4091526126724593,0.5869692068582169,0.46755778265872316,0.0,0.7801014878359736,0.0,,,EXPLOIT
873,52,,,0,0,1,1,rare,0.0,0.7340508017629015,0.46191991339538185,0.5475056883899766,0.0,0.7841141169871713,0.0,,,EXPLOIT
874,52,,,0,1,1,0,common,0.0,0.05433060361456438,0.6582769820610783,0.3995531629573529,0.0,0.7725078501978292,0.0,,,EXPLOIT
875,52,,,0,1,1,0,common,0.0,0.035314892349466845,0.5796118234461931,0.2902816817749871,0.0,0.7768752887166936,0.0,,,EXPLOIT
876,52,,,0,0,0,1,common,0.0,0.6738903354738885,0.5145579347502006,0.4053642778846575,0.0,0.7810369470239423,0.0,,,EXPLOIT
877,52,,,0,0,1,1,rare,0.0,0.47713302114588596,0.6417415655966303,0.426894900863026,0.0,0.7850068380879823,0.0,,,EXPLOIT
878,52,,,0,1,0,1,rare,1.0,0.5619712819419724,0.6867381797353882,0.4674178151867099,0.0,0.7887977310667731,0.0,,,EXPLOIT
879,52,,,0,1,1,0,common,0.0,0.02295468002715345,0.5876754766894565,0.33407887463884295,0.0,0.7924212863204545,0.0,,,EXPLOIT
880,52,,,0,1,0,1,rare,0.0,0.6347186667377179,0.6779490842115019,0.42427081226850544,0.0,0.7958881732112735,0.0,,,EXPLOIT
881,52,,,0,1,0,1,rare,1.0,0.5874328666204833,0.6928093026476652,0.47321942857409877,0.0,0.7992081731977222,0.0,,,EXPLOIT
882,52,,,0,1,1,1,common,1.0,0.6898635362551742,0.5649658456290225,0.5382126608784213,0.0,0.8023902703210313,0.0,,,EXPLOIT
883,52,,,0,1,0,1,rare,1.0,0.38183136330331413,0.4027597528434237,0.4912982716058892,0.0,0.7925257300872729,0.0,,,EXPLOIT
884,52,,,0,1,1,1,common,0.0,0.5515887014341369,0.3039667450553291,0.5093854005543634,0.0,0.7959881488588387,0.0,,,EXPLOIT
885,52,,,0,1,1,1,common,1.0,0.641467344067811,0.5370767582623927,0.5490099836083977,0.0,0.7855301143069988,0.0,,,EXPLOIT
886,52,,,0,1,1,0,common,0.0,0.014920542017649743,0.3840841829275345,0.3887831511311733,0.0,0.7740640267254485,0.0,,,EXPLOIT
887,52,,,0,0,0,1,common,0.0,0.7518096138528458,0.5895576707526062,0.4976910899476751,0.0,0.7783576113821354,0.0,,,EXPLOIT
888,52,,,0,0,1,0,rare,0.0,0.009698352311472334,0.5319056444979138,0.35129326865681426,0.0,0.7824504815364407,0.0,,,EXPLOIT
889,52,,,0,1,1,0,common,0.0,0.006303929002457017,0.4918326947818771,0.24779646676050707,0.0,0.7863561973407105,0.0,,,EXPLOIT
890,52,,,0,0,1,1,rare,1.0,0.41695377364407715,0.6178015711963338,0.2985436588255781,0.0,0.7900871246268222,0.0,,,EXPLOIT
891,52,,,0,0,1,1,rare,1.0,0.2710199528686501,0.6658491303927129,0.29028654703849965,0.0,0.7936545635671219,0.0,,,EXPLOIT
892,52,,,0,0,1,1,rare,1.0,0.1761629693646226,0.5179241813230927,0.2560494737363365,0.0,0.797068861053778,0.0,,,EXPLOIT
893,52,,,0,0,0,1,common,0.0,0.4886762490043498,0.3977709057799334,0.32583750631674047,0.0,0.800339509150665,0.0,,,EXPLOIT
894,52,,,0,0,0,1,common,1.0,0.6823604381471726,0.6190808303856006,0.4327943858658701,0.0,0.8034752315907756,0.0,,,EXPLOIT
895,52,,,0,0,1,1,rare,1.0,0.11450593008700471,0.4708004786057039,0.33730784913221046,0.0,0.8064840599790603,0.0,,,EXPLOIT
896,52,,,0,0,0,0,common,1.0,0.8741626767551341,0.3682385221191368,0.49836429741908755,0.0,0.8093734011023119,0.0,,,EXPLOIT
897,52,,,0,0,0,1,common,0.0,0.5564657152043377,0.307061808298094,0.5157947227546626,0.0,0.8121500965337829,0.0,,,EXPLOIT
898,52,,,0,1,1,1,common,1.0,0.07442885455655301,0.5646683082970667,0.3833849622952297,0.0,0.8031560026387495,0.0,,,EXPLOIT
899,52,,,0,0,0,1,common,0.0,0.3617027148828196,0.6921709856277385,0.37688028807150664,0.0,0.8061776389113718,0.0,,,EXPLOIT
900,52,,,0,1,1,1,common,1.0,0.048378755461759404,0.6364934536361604,0.2783298282885825,0.0,0.8090790468692859,0.0,,,EXPLOIT
901,52,,,0,1,1,1,common,0.0,0.9685538089498564,0.5100812400842738,0.4853970224869646,0.0,0.8118671241472523,0.0,,,EXPLOIT
902,52,,,0,1,1,0,common,0.0,0.004097553851597061,0.676807743417897,0.3410071818963543,0.0,0.8145482508723654,0.0,,,EXPLOIT
903,52,,,0,0,0,1,common,0.0,0.23510676467383274,0.6840406364316821,0.30923705672959784,0.0,0.8171283373080195,0.0,,,EXPLOIT
904,52,,,0,0,1,1,rare,1.0,0.37044002418259336,0.6861778333015387,0.3275979469654965,0.0,0.8196128663294486,0.0,,,EXPLOIT
905,52,,,0,1,1,0,common,0.0,0.0026634100035380897,0.6134325980801105,0.23011758587690898,0.0,0.8220069313733445,0.0,,,EXPLOIT
906,52,,,0,0,0,1,common,1.0,0.8471806029620087,0.5311734554875684,0.41523649100243887,0.0,0.824315270414361,0.0,,,EXPLOIT
907,52,,,0,0,1,1,rare,0.0,0.7592139842813144,0.3777502687990064,0.5184297389861015,0.0,0.8265422964454738,0.0,,,EXPLOIT
908,52,,,0,1,0,1,rare,0.0,0.44933260807469433,0.5835239221302054,0.4977005997126793,0.0,0.8187566316550812,0.0,,,EXPLOIT
909,52,,,0,0,0,0,common,1.0,0.5682057398908372,0.5277364792539145,0.5188521417661267,0.0,0.8211817006776734,0.0,,,EXPLOIT
910,52,,,0,0,1,1,rare,1.0,0.5065109102171457,0.35581154788687075,0.5151497723014323,0.0,0.812956367753923,0.0,,,EXPLOIT
911,52,,,0,0,0,0,common,1.0,0.3693337309290442,0.2590016127667644,0.47140495988971587,0.0,0.8040323353873285,0.0,,,EXPLOIT
912,52,,,0,0,0,0,common,0.0,0.7599330748961213,0.20679040640450788,0.5579633943916374,0.0,0.8070188720327244,0.0,,,EXPLOIT
913,52,,,0,0,0,0,common,1.0,0.5060435013175211,0.43005084717580677,0.5423874264694025,0.0,0.7975722969747613,0.0,,,EXPLOIT
914,52,,,0,1,1,0,common,1.0,0.9982687834977002,0.2991873850601919,0.6791518335778918,0.0,0.7872627826106894,0.0,,,EXPLOIT
915,52,,,0,0,1,1,rare,1.0,0.32923209164114464,0.560820390386124,0.5741759109968676,0.0,0.7759670239856032,0.0,,,EXPLOIT
916,52,,,0,0,0,1,common,0.0,0.2920661952485513,0.47160653600148295,0.4895429962723727,0.0,0.7635370497767979,0.0,,,EXPLOIT
917,52,,,0,0,0,0,common,1.0,0.32892827585638873,0.6752771573166363,0.44135858014757745,0.0,0.7683416857307644,0.0,,,EXPLOIT
918,52,,,0,1,1,1,common,1.0,0.21400085956674397,0.5733481770252424,0.3731512639733274,0.0,0.7729097382523329,0.0,,,EXPLOIT
919,52,,,0,1,1,1,common,1.0,0.13910055871838356,0.6855181388830709,0.30293605239684424,0.0,0.7772580474075415,0.0,,,EXPLOIT
920,52,,,0,1,1,1,common,1.0,0.09041536316694931,0.6841339209037604,0.23917984562787573,0.0,0.7814018923441788,0.0,,,EXPLOIT
921,52,,,0,1,0,0,rare,0.0,0.7861966206933473,0.6492287864567068,0.4032848781475171,0.0,0.7853551680552897,0.0,,,EXPLOIT
922,52,,,0,0,0,0,common,1.0,0.4889721965493242,0.6534694765210385,0.4289910736680592,0.0,0.7891305386539063,0.0,,,EXPLOIT
923,52,,,0,1,1,1,common,1.0,0.05876998605851702,0.5810373498514472,0.31792474738519655,0.0,0.7927395707215614,0.0,,,EXPLOIT
924,52,,,0,0,0,0,common,1.0,0.3178319277570607,0.6759876138334591,0.31789690149675576,0.0,0.796192849688708,0.0,,,EXPLOIT
925,52,,,0,0,0,0,common,1.0,0.20659075304208951,0.6424335833462884,0.2845050569603559,0.0,0.7995000817137099,0.0,,,EXPLOIT
926,52,,,0,0,1,0,rare,1.0,0.6488747092735052,0.6128795473987108,0.3938159526543007,0.0,0.8026701831256053,0.0,,,EXPLOIT
927,52,,,0,0,1,0,rare,1.0,0.4217685610277784,0.5910803609868518,0.40220173516634394,0.0,0.8057113591664102,0.0,,,EXPLOIT
928,52,,,0,1,0,0,rare,1.0,0.1342839894773582,0.5760194876056514,0.3218264114596482,0.0,0.8086311734972704,0.0,,,EXPLOIT
929,52,,,0,1,1,1,common,1.0,0.038200490938036014,0.6472724980981972,0.23673863530316452,0.0,0.8114366097081505,0.0,,,EXPLOIT
930,52,,,0,0,0,0,common,1.0,0.08728459316028281,0.6777952345676397,0.1919024226603,0.0,0.8141341258841613,0.0,,,EXPLOIT
931,52,,,0,0,1,1,rare,1.0,0.024830319109723442,0.6732335967077041,0.14178079159512702,0.0,0.8167297031260549,0.0,,,EXPLOIT
932,52,,,0,1,0,1,rare,0.0,0.18984302691155835,0.6699714076173667,0.15619946219005643,0.0,0.8192288887922237,0.0,,,EXPLOIT
933,52,,,0,0,1,1,rare,1.0,0.016139707421320204,0.43881464895381983,0.11418153575943556,0.0,0.8216368351202268,0.0,,,EXPLOIT
934,52,,,0,0,0,0,common,1.0,0.05673498555418388,0.43411200658676696,0.09694757069786004,0.0,0.8239583337937476,0.0,,,EXPLOIT
935,52,,,0,0,0,0,common,0.0,0.9631222593897805,0.43106013370698937,0.3567999773054361,0.0,0.8261978469430473,0.0,,,EXPLOIT
936,52,,,0,1,1,1,common,1.0,0.010490809823858083,0.681589526597719,0.2529072270609627,0.0,0.8283595350009658,0.0,,,EXPLOIT
937,52,,,0,0,0,0,common,1.0,0.3739705313966426,0.6822414762494659,0.2892262183616667,0.0,0.8304472817803881,0.0,,,EXPLOIT
938,52,,,0,0,1,1,rare,1.0,0.006819026385507798,0.6882311992260406,0.204504060768819,0.0,0.8324647170912338,0.0,,,EXPLOIT
939,52,,,0,0,0,1,common,1.0,0.876602032507487,0.660325655167951,0.40613345229041936,0.0,0.8344152371740794,0.0,,,EXPLOIT
940,52,,,0,1,1,1,common,1.0,0.004432367150580041,0.6306352435871083,0.28562312674846757,0.0,0.8363020231924232,0.0,,,EXPLOIT
941,52,,,0,1,1,1,common,1.0,0.0028810386478770322,0.6790107107597327,0.20080050031829041,0.0,0.8381280579954256,0.0,,,EXPLOIT
942,52,,,0,1,1,1,common,1.0,0.0018726751211201043,0.6922660864514051,0.1411221527591393,0.0,0.8398961413369429,0.0,,,EXPLOIT
943,52,,,0,1,0,0,rare,0.0,0.7569191545921823,0.6923162952533426,0.3258612533090522,0.0,0.8416089037142047,0.0,,,EXPLOIT
944,52,,,0,0,0,0,common,0.0,0.4919974504849185,0.5387383927089884,0.37570211246181207,0.0,0.8432688189700205,0.0,,,EXPLOIT
945,52,,,0,1,1,0,common,0.0,0.725850435331944,0.6927959628534036,0.4807466093228516,0.0,0.8448782157855195,0.0,,,EXPLOIT
946,52,,,0,0,0,1,common,0.0,0.43020867887013337,0.6213270414949694,0.4655852301870361,0.0,0.8464392881757223,0.0,,,EXPLOIT
947,52,,,0,0,0,1,common,0.0,0.2796356412655867,0.6929987608581128,0.4098003535106013,0.0,0.8479541050874517,0.0,,,EXPLOIT
948,52,,,0,1,1,1,common,1.0,0.00121723882872804,0.654332336970482,0.2872254191060393,0.0,0.8494246191878895,0.0,,,EXPLOIT
949,52,,,0,1,1,1,common,0.0,0.9992087947613267,0.49237795615694147,0.5008204318026255,0.0,0.8508526749223012,0.0,,,EXPLOIT
950,52,,,0,1,1,0,common,0.0,0.47180278296576367,0.653137620457892,0.49211513715156696,0.0,0.8449067096334587,0.0,,,EXPLOIT
951,52,,,0,1,0,0,rare,0.0,0.31979834281519703,0.6930472337758944,0.44042009885065597,0.0,0.8464669322811067,0.0,,,EXPLOIT
952,52,,,0,1,0,0,rare,1.0,0.792131077170122,0.6798218394812594,0.5459333923464957,0.0,0.8479809355676107,0.0,,,EXPLOIT
953,52,,,0,1,0,0,rare,1.0,0.5148852001605793,0.6122896598859238,0.5366189346907208,0.0,0.841830741884735,0.0,,,EXPLOIT
954,52,,,0,1,1,1,common,1.0,0.35051428340513757,0.45302062229079954,0.4807875393050458,0.0,0.8352314038673182,0.0,,,EXPLOIT
955,52,,,0,0,0,0,common,1.0,0.3346753801043765,0.3462776496431096,0.436953891544845,0.0,0.8370918020475605,0.0,,,EXPLOIT
956,52,,,0,1,1,1,common,0.0,0.7721657157866606,0.5744600236562021,0.5375174388173896,0.0,0.8388926703683826,0.0,,,EXPLOIT
957,52,,,0,0,1,1,rare,0.0,0.5019077152613294,0.6929445792717067,0.5268345217505714,0.0,0.8320730927310476,0.0,,,EXPLOIT
958,52,,,0,1,1,1,common,0.0,0.3262400149198641,0.6392297655494306,0.4666561697013592,0.0,0.8247281300517504,0.0,,,EXPLOIT
959,52,,,0,0,1,0,rare,1.0,0.6933281910722536,0.6930615713834112,0.5346577761126275,0.0,0.8269407519139939,0.0,,,EXPLOIT
960,52,,,0,0,0,0,common,1.0,0.21753899706784474,0.5897828328335634,0.4395221423991927,0.0,0.8191872749579429,0.0,,,EXPLOIT
961,52,,,0,0,0,0,common,1.0,0.14140034809409907,0.4596772207388006,0.3500856041076646,0.0,0.821596727869383,0.0,,,EXPLOIT
962,52,,,0,0,0,0,common,0.0,0.9080897737388356,0.37299956073248536,0.5174868549970159,0.0,0.8239196546853,0.0,,,EXPLOIT
963,52,,,0,0,0,0,common,1.0,0.4097416470697568,0.6155995264499587,0.4851632926188381,0.0,0.8159204279902806,0.0,,,EXPLOIT
964,52,,,0,0,0,0,common,1.0,0.2663320705953419,0.4801329570543053,0.4195139260117892,0.0,0.8184494891257227,0.0,,,EXPLOIT
965,52,,,0,0,1,0,rare,0.0,0.5493366758030351,0.38567980450680417,0.45846075094916294,0.0,0.8208857238484322,0.0,,,EXPLOIT
966,52,,,0,0,0,0,common,1.0,0.17311584588697226,0.622214305600004,0.37285727943050573,0.0,0.8232340342316369,0.0,,,EXPLOIT
967,52,,,0,1,0,0,rare,1.0,0.11252529982653203,0.4857400780702203,0.29475768554931364,0.0,0.8254989833606395,0.0,,,EXPLOIT
968,52,,,0,0,0,0,common,1.0,0.07314144488724583,0.6618821030711086,0.2282728133506933,0.0,0.8276848241401327,0.0,,,EXPLOIT
969,52,,,0,1,1,0,common,0.0,0.35706883927197286,0.5930577493312259,0.26691162112707717,0.0,0.8297955252129212,0.0,,,EXPLOIT
970,52,,,0,0,0,0,common,1.0,0.04754193917670979,0.4236602259651731,0.20110071654196693,0.0,0.8318347943224212,0.0,,,EXPLOIT
971,52,,,0,0,0,0,common,1.0,0.03090226046486133,0.36249497071305226,0.15004117971883524,0.0,0.8338060994083012,0.0,,,EXPLOIT
972,52,,,0,0,1,1,rare,1.0,0.7879439903020884,0.324998707349376,0.3414120228938112,0.0,0.8357126876877952,0.0,,,EXPLOIT
973,52,,,0,0,0,0,common,0.0,0.9799135306978402,0.3018399654181935,0.5329624752350198,0.0,0.8375576029435648,0.0,,,EXPLOIT
974,52,,,0,0,1,1,rare,1.0,0.5121635936963574,0.5831641030337509,0.5267228107734211,0.0,0.8306367330117345,0.0,,,EXPLOIT
975,52,,,0,0,1,1,rare,1.0,0.3329063359026323,0.4670690875686407,0.4685778683121844,0.0,0.8231785786139797,0.0,,,EXPLOIT
976,52,,,0,0,0,0,common,1.0,0.3630562050464039,0.3893856744069671,0.43692136933245024,0.0,0.825445480589966,0.0,,,EXPLOIT
977,52,,,0,1,0,0,rare,0.0,0.7640134667198375,0.3414834920856852,0.5350489985486664,0.0,0.827633175413729,0.0,,,EXPLOIT
978,52,,,0,0,0,1,common,0.0,0.18176316682263138,0.24698681618430138,0.42906324903085585,0.0,0.8199354714363561,0.0,,,EXPLOIT
979,52,,,0,0,0,1,common,1.0,0.8818539415652896,0.5029011252861586,0.564900456791186,0.0,0.8223179020727547,0.0,,,EXPLOIT
980,52,,,0,0,0,0,common,0.0,0.4966087533678944,0.3734551648587779,0.5444129457641984,0.0,0.8141867906143114,0.0,,,EXPLOIT
981,52,,,0,1,1,1,common,1.0,0.21638911833671104,0.5932818190310989,0.44600579753595215,0.0,0.8053691346719273,0.0,,,EXPLOIT
982,52,,,0,0,0,0,common,1.0,0.6772043103108687,0.6911973820310967,0.5153653513684271,0.0,0.808302492329117,0.0,,,EXPLOIT
983,52,,,0,0,1,1,rare,1.0,0.14065292691886222,0.6483247741254795,0.4029516240335576,0.0,0.7989701802007461,0.0,,,EXPLOIT
984,52,,,0,0,0,0,common,1.0,0.4401828017020646,0.5636247282177859,0.4141209773341097,0.0,0.8021620728982426,0.0,,,EXPLOIT
985,52,,,0,0,0,1,common,0.0,0.42679493798256174,0.4964574677727471,0.4179231655286453,0.0,0.8052237472822872,0.0,,,EXPLOIT
986,52,,,0,1,0,0,rare,0.0,0.713881178893658,0.6878360794778617,0.5067105695381491,0.0,0.8081628672747974,0.0,,,EXPLOIT
987,52,,,0,0,1,1,rare,1.0,0.09142440249726047,0.5989514451131619,0.3821247194258825,0.0,0.7988181609226788,0.0,,,EXPLOIT
988,52,,,0,1,1,1,common,1.0,0.05942586162321928,0.46736582141016025,0.2853150620850835,0.0,0.8020163178675855,0.0,,,EXPLOIT
989,52,,,0,0,0,0,common,1.0,0.5359772337191223,0.6510210580143055,0.36051371357529516,0.0,0.8050838840525995,0.0,,,EXPLOIT
990,52,,,0,0,0,0,common,1.0,0.3483852019174295,0.5827293597627901,0.3568751600779354,0.0,0.8080285523395949,0.0,,,EXPLOIT
991,52,,,0,1,1,1,common,1.0,0.0386268100550925,0.5281399848093157,0.2614006550710825,0.0,0.8108574232279046,0.0,,,EXPLOIT
992,52,,,0,0,0,0,common,0.0,0.7735496187536708,0.643253284111936,0.415045344175859,0.0,0.8135770607976027,0.0,,,EXPLOIT
993,52,,,0,0,0,0,common,1.0,0.4971927478101139,0.6526671536736004,0.43968956526613545,0.0,0.8161935424302939,0.0,,,EXPLOIT
994,52,,,0,0,0,0,common,1.0,0.3231752860765741,0.6930973277857356,0.404735281509267,0.0,0.8187125031001843,0.0,,,EXPLOIT
995,52,,,0,0,0,0,common,1.0,0.21006393594977313,0.6725084531249699,0.3463338778414188,0.0,0.8211391749148387,0.0,,,EXPLOIT
996,52,,,0,1,1,1,common,0.0,0.9748925734641899,0.640852995961734,0.5349014865282501,0.0,0.8234784224895847,0.0,,,EXPLOIT
997,52,,,0,0,0,0,common,1.0,0.1365415583673526,0.4377391720625644,0.4153935080799808,0.0,0.8154429758079738,0.0,,,EXPLOIT
998,52,,,0,0,0,0,common,0.0,0.9112479870612208,0.4013301794955969,0.5641498517743528,0.0,0.8179897385823521,0.0,,,EXPLOIT
999,52,,,0,1,0,0,rare,1.0,0.4076888084102065,0.6580824790559378,0.5172115387651088,0.0,0.8094967314521025,0.0,,,EXPLOIT
1000,52,,,0,0,1,0,rare,1.0,0.7679052544732177,0.6877042830253648,0.5924196534775414,0.0,0.8002700839427462,0.0,,,EXPLOIT
1001,52,,,0,1,1,1,common,1.0,0.3663198272482766,0.6780243642122961,0.524589705608762,0.0,0.7902109763294236,0.0,,,EXPLOIT
1002,52,,,0,1,0,0,rare,1.0,0.26499772546663425,0.6908402988126465,0.44671211156612356,0.0,0.7792020072917927,0.0,,,EXPLOIT
1003,52,,,0,0,1,1,rare,0.0,0.7618921122886202,0.6682222532380429,0.5412661117828725,0.0,0.7832559317847736,0.0,,,EXPLOIT
1004,52,,,0,0,0,0,common,0.0,0.8277514784466877,0.477645266677585,0.627211721782017,0.0,0.7715642778940797,0.0,,,EXPLOIT
1005,52,,,0,0,1,0,rare,1.0,0.4991384154075915,0.3321069936384094,0.5887897298696894,0.0,0.7586769546571493,0.0,,,EXPLOIT
1006,52,,,0,1,0,0,rare,0.0,0.538038460990347,0.5411163868562512,0.5735643492058866,0.0,0.7444014216862564,0.0,,,EXPLOIT
1007,52,,,0,1,1,1,common,0.0,0.4952298729876031,0.6931437395068636,0.5500640063404015,0.0,0.7285014541865291,0.0,,,EXPLOIT
1008,52,,,0,1,0,0,rare,0.0,0.3497249996437256,0.6239954375837433,0.4899623043313987,0.0,0.7106840088055054,0.0,,,EXPLOIT
1009,52,,,0,0,1,0,rare,1.0,0.3244399700149345,0.524703096956775,0.44030560403645946,0.0,0.7184576955741072,0.0,,,EXPLOIT
1010,52,,,0,0,0,1,common,1.0,0.7225832903113348,0.3863247347171966,0.5249889099189221,0.0,0.7257528078913389,0.0,,,EXPLOIT
1011,52,,,0,0,0,1,common,1.0,0.46967913870236766,0.30364788419150024,0.5083959785539558,0.0,0.7075922495282615,0.0,,,EXPLOIT
1012,52,,,0,0,0,1,common,0.0,0.694708559843461,0.25611572305569935,0.5642897529408073,0.0,0.6870778652571697,0.0,,,EXPLOIT
1013,52,,,0,0,0,1,common,1.0,0.5484394361017503,0.5098027479572353,0.5595346578890902,0.0,0.6637215783416639,0.0,,,EXPLOIT
1014,52,,,0,1,1,0,common,1.0,0.21088598050970742,0.37687054637711803,0.4549400546752753,0.0,0.636890353502177,0.0,,,EXPLOIT
1015,52,,,0,0,0,1,common,1.0,0.3564856334661377,0.6061612892266875,0.42540372831253404,0.0,0.6499150046079851,0.0,,,EXPLOIT
1016,52,,,0,0,1,0,rare,0.0,0.8629241126686902,0.5271536427658833,0.5566598436193808,0.0,0.6619205602928744,0.0,,,EXPLOIT
1017,52,,,0,0,0,0,common,0.0,0.22732124976842166,0.6913881771178538,0.45785826546409303,0.0,0.6348106983213635,0.0,,,EXPLOIT
1018,52,,,0,0,0,0,common,1.0,0.8522411876505259,0.6464557274773683,0.5761731421200229,0.0,0.6480016971655617,0.0,,,EXPLOIT
1019,52,,,0,1,1,0,common,0.0,0.5609006732346487,0.682754516574096,0.5715914014544106,0.0,0.6186864331013193,0.0,,,EXPLORE
1020,52,,,0,0,0,1,common,1.0,0.23171566175298952,0.5835626984790663,0.46962867954398424,0.0,0.5844222206913503,0.0,,,EXPLORE
1021,52,,,0,0,0,1,common,1.0,0.1506151801394432,0.4552647151407993,0.3739246297226219,0.0,0.601946567370252,0.0,,,EXPLOIT
1022,52,,,0,0,1,0,rare,1.0,0.6354145623974784,0.3705218926178787,0.4523716095250788,0.0,0.6178981526504709,0.0,,,EXPLOIT
1023,52,,,0,1,1,1,common,0.0,0.32189941744194206,0.31924486524184914,0.4132299519001378,0.0,0.632478905302591,0.0,,,EXPLOIT
1024,52,,,0,0,1,0,rare,1.0,0.413019465558361,0.23763235512178033,0.4131668059976047,0.0,0.6458576054260855,0.0,,,EXPLOIT
1025,52,,,0,1,0,1,rare,1.0,0.09789986709063814,0.21244567228729105,0.3185867243255147,0.0,0.6581764184312159,0.0,,,EXPLOIT
1026,52,,,0,0,0,0,common,0.0,0.4460432280271581,0.42050027798687073,0.3568236754360077,0.0,0.6695559421305006,0.0,,,EXPLOIT
1027,52,,,0,0,1,0,rare,1.0,0.26846265261293467,0.6683686260251808,0.3303153685890857,0.0,0.6800991472691893,0.0,,,EXPLOIT
1028,52,,,0,0,0,0,common,0.0,0.28992809821765275,0.5802433385072038,0.31819918747765585,0.0,0.6898944845620756,0.0,,,EXPLOIT
1029,52,,,0,0,1,0,rare,1.0,0.17450072419840756,0.6930583483756037,0.27508964849388134,0.0,0.6990183569148399,0.0,,,EXPLOIT
1030,52,,,0,1,1,0,common,1.0,0.11342547072896492,0.6355243868510809,0.2265903951644064,0.0,0.7075371031664572,0.0,,,EXPLOIT
1031,52,,,0,1,1,0,common,0.0,0.9262734440261728,0.6931096469210508,0.4364953098229363,0.0,0.7155086023660306,0.0,,,EXPLOIT
1032,52,,,0,1,1,0,common,1.0,0.3979222613829876,0.598193007697932,0.4249233952909517,0.0,0.7229835806525586,0.0,,,EXPLOIT
1033,52,,,0,1,0,1,rare,1.0,0.06363491360891482,0.6912344568260866,0.3165368507863406,0.0,0.7300066831291983,0.0,,,EXPLOIT
1034,52,,,0,1,1,0,common,1.0,0.2586494698989419,0.6743439826014215,0.29917063652012094,0.0,0.7366173585997166,0.0,,,EXPLOIT
1035,52,,,0,1,1,0,common,1.0,0.1681221554343122,0.6312755483661192,0.25985609219437833,0.0,0.7428505942069826,0.0,,,EXPLOIT
1036,52,,,0,1,1,0,common,1.0,0.10927940103230294,0.5929857358166891,0.21468308484575568,0.0,0.7487375288651867,0.0,,,EXPLOIT
1037,52,,,0,1,1,0,common,0.0,0.928968389329003,0.5649620879736136,0.42896867619072987,0.0,0.7543059681918795,0.0,,,EXPLOIT
1038,52,,,0,1,1,0,common,1.0,0.39617054693614806,0.6870147116370591,0.41912923741435526,0.0,0.7595808189113313,0.0,,,EXPLOIT
1039,52,,,0,0,0,1,common,1.0,0.04136269384579461,0.6799081232530118,0.30579927434378706,0.0,0.7645844570485677,0.0,,,EXPLOIT
1040,52,,,0,1,1,0,common,1.0,0.2575108555084963,0.6905469947973264,0.29131274869319984,0.0,0.7693370413955478,0.0,,,EXPLOIT
1041,52,,,0,1,1,0,common,1.0,0.1673820560805226,0.6875104920043471,0.25413354090939666,0.0,0.7738567815105182,0.0,,,EXPLOIT
1042,52,,,0,1,1,0,common,0.0,0.8912016635476603,0.6689677741507714,0.4452539777008757,0.0,0.7781601677628132,0.0,,,EXPLOIT
1043,52,,,0,1,1,0,common,0.0,0.5792810813059792,0.6184751840312538,0.48546210878240675,0.0,0.7822621695495549,0.0,,,EXPLOIT
1044,52,,,0,0,0,1,common,1.0,0.026885750999766533,0.44917821822263937,0.34788920144761465,0.0,0.7861764067059989,0.0,,,EXPLOIT
1045,52,,,0,0,0,1,common,1.0,0.017475738149848263,0.38177705229198494,0.2487651624582847,0.0,0.7899152982457317,0.0,,,EXPLOIT
1046,52,,,0,1,0,1,rare,1.0,0.011359229797401338,0.340171052868807,0.17754338266001968,0.0,0.7934901918532633,0.0,,,EXPLOIT
1047,52,,,0,1,0,1,rare,0.0,0.9926165006316892,0.5303925207986663,0.4220653180515205,0.0,0.7969114769735091,0.0,,,EXPLOIT
1048,52,,,0,0,0,1,common,1.0,0.35479927458940197,0.348183338411399,0.4018855050128849,0.0,0.8001886838721604,0.0,,,EXPLOIT
1049,52,,,0,1,1,0,common,1.0,0.6234672971511135,0.3221224034404161,0.46836004265435344,0.0,0.8033305706562304,0.0,,,EXPLOIT
1050,52,,,0,0,0,1,common,1.0,0.2306195284831113,0.5076186603853413,0.39703788840298077,0.0,0.8063451999280885,0.0,,,EXPLOIT
1051,52,,,0,1,1,1,common,0.0,0.20923462133726234,0.4889125007806789,0.3406969082832652,0.0,0.8092400064856905,0.0,,,EXPLOIT
1052,52,,,0,1,1,0,common,1.0,0.4052537431482237,0.3089718400458008,0.36006395874275277,0.0,0.8120218572658923,0.0,,,EXPLOIT
1053,52,,,0,0,0,1,common,1.0,0.1499026935140223,0.4913166968377184,0.29701557917413357,0.0,0.8146971045483093,0.0,,,EXPLOIT
1054,52,,,0,0,0,1,common,1.0,0.09743675078411451,0.4790918472862424,0.23714193065712785,0.0,0.8172716332874728,0.0,,,EXPLOIT
1055,52,,,0,0,0,0,common,1.0,0.8115467361585257,0.47112770505408885,0.40946337230754715,0.0,0.8197509033156395,0.0,,,EXPLOIT
1056,52,,,0,1,1,0,common,1.0,0.26341493304634545,0.4659477118805376,0.36564884052918656,0.0,0.8221399870532615,0.0,,,EXPLOIT
1057,52,,,0,0,0,0,common,1.0,0.5275053785030417,0.5848675998521875,0.4142058019213431,0.0,0.8244436032752787,0.0,,,EXPLOIT
1058,52,,,0,0,0,1,common,0.0,0.9366661119903256,0.5819200875144019,0.5709438949420378,0.0,0.8266661474062714,0.0,,,EXPLOIT
1059,52,,,0,0,0,0,common,0.0,0.6571215039730229,0.6746041154476214,0.5967971776513332,0.0,0.8188904947806869,0.0,,,EXPLOIT
1060,52,,,0,1,0,0,rare,0.0,0.42712897758246493,0.5210780808140716,0.5458967176306727,0.0,0.8104734687720482,0.0,,,EXPLOIT
1061,52,,,0,1,0,1,rare,0.0,0.6088329727937116,0.6852276762862817,0.5647775941795843,0.0,0.8013327819368559,0.0,,,EXPLOIT
1062,52,,,0,0,1,0,rare,1.0,0.17121970648012452,0.6712606179884653,0.4467102278697463,0.0,0.7913714418570157,0.0,,,EXPLOIT
1063,52,,,0,0,0,1,common,0.0,0.3957414323159126,0.5333846455176086,0.43141958920359613,0.0,0.7948833895029381,0.0,,,EXPLOIT
1064,52,,,0,0,1,0,rare,1.0,0.11129280921208096,0.6768600251006613,0.33538155520614155,0.0,0.798245657768726,0.0,,,EXPLOIT
1065,52,,,0,0,0,1,common,1.0,0.7427680689946567,0.5416320629156142,0.45759750934269605,0.0,0.8014674566850184,0.0,,,EXPLOIT
1066,52,,,0,0,0,1,common,1.0,0.48279924484652703,0.42174669886638483,0.4651580299938453,0.0,0.8045572560985024,0.0,,,EXPLOIT
1067,52,,,0,0,1,0,rare,1.0,0.07234032598785267,0.34645448491790526,0.3473127187920475,0.0,0.807522858569925,0.0,,,EXPLOIT
1068,52,,,0,1,1,0,common,1.0,0.04702121189210429,0.3013533600601084,0.2572252667220645,0.0,0.8103714638231521,0.0,,,EXPLOIT
1069,52,,,0,1,1,0,common,0.0,0.9694362122701322,0.5064071882782162,0.4708885503864848,0.0,0.8131097258660746,0.0,,,EXPLOIT
1070,52,,,0,0,0,1,common,1.0,0.3138195091502426,0.33757667410833814,0.4237678380156121,0.0,0.8157438037373994,0.0,,,EXPLOIT
1071,52,,,0,0,1,0,rare,0.0,0.6301335379755859,0.30828813057357285,0.4856775480036042,0.0,0.8182794066940084,0.0,,,EXPLOIT
1072,52,,,0,0,0,1,common,1.0,0.2039826809476577,0.5860837701148968,0.4011690878868202,0.0,0.8207218345366996,0.0,,,EXPLOIT
1073,52,,,0,0,0,1,common,1.0,0.13258874261597753,0.46766500094969365,0.3205949843055674,0.0,0.8230760136737897,0.0,,,EXPLOIT
1074,52,,,0,1,0,1,rare,1.0,0.08618268270038543,0.38823790467682273,0.2502712938240128,0.0,0.8253465294390359,0.0,,,EXPLOIT
1075,52,,,0,0,0,1,common,1.0,0.05601874375525051,0.5828998661559756,0.1919955288033841,0.0,0.8275376551100312,0.0,,,EXPLOIT
1076,52,,,0,0,1,0,rare,1.0,0.5904132003158691,0.5346141790997545,0.3115208302571296,0.0,0.82965337801351,0.0,,,EXPLOIT
1077,52,,,0,1,0,1,rare,0.0,0.9635878165590872,0.5013862024788215,0.5071409261477169,0.0,0.8316974230531291,0.0,,,EXPLOIT
1078,52,,,0,0,0,1,common,0.0,0.6263320807634067,0.324629123238045,0.5428982725324238,0.0,0.8243229411383068,0.0,,,EXPLOIT
1079,52,,,0,0,1,1,rare,1.0,0.8639974961307795,0.6016306200106379,0.6392280396119305,0.0,0.8163567463316147,0.0,,,EXPLOIT
1080,52,,,0,1,1,1,common,0.0,0.43840162751499334,0.48569983800697825,0.5789801159828494,0.0,0.8077250995466583,0.0,,,EXPLOIT
1081,52,,,0,0,0,1,common,0.0,0.4071158524962144,0.36873542727525876,0.5274208369368588,0.0,0.7983414786297703,0.0,,,EXPLOIT
1082,52,,,0,0,1,0,rare,1.0,0.383768580205315,0.5930354424883622,0.48432515991739566,0.0,0.7881036828376218,0.0,,,EXPLOIT
1083,52,,,0,1,1,0,common,1.0,0.24944957713345484,0.43745789310001715,0.4138624850822134,0.0,0.7917576123143647,0.0,,,EXPLOIT
1084,52,,,0,0,0,0,common,1.0,0.7223661645713978,0.6482071575644157,0.5064135889289687,0.0,0.7952529536453988,0.0,,,EXPLOIT
1085,52,,,0,0,0,0,common,0.0,0.5304619930285914,0.5652741292372102,0.5136281101588556,0.0,0.7847256190409438,0.0,,,EXPLOIT
1086,52,,,0,0,0,0,common,0.0,0.34480029546858443,0.6931352874118326,0.46297976575177424,0.0,0.7731799972331709,0.0,,,EXPLOIT
1087,52,,,0,0,1,0,rare,1.0,0.1621422251367457,0.6321756845591775,0.37272850356726567,0.0,0.7775154644633837,0.0,,,EXPLOIT
1088,52,,,0,1,1,0,common,1.0,0.10539244633888467,0.6873024720148462,0.2925276863987513,0.0,0.7816473494040579,0.0,,,EXPLOIT
1089,52,,,0,1,1,0,common,1.0,0.06850509012027506,0.6664367024163543,0.22532090751520842,0.0,0.7855894681189951,0.0,,,EXPLOIT
1090,52,,,0,1,1,1,common,0.0,0.2849610578847457,0.5986750029107225,0.2432129526260696,0.0,0.789354414428579,0.0,,,EXPLOIT
1091,52,,,0,0,1,0,rare,1.0,0.0445283085781788,0.6883547140440074,0.18360755941170234,0.0,0.7929536921485741,0.0,,,EXPLOIT
1092,52,,,0,1,0,1,rare,1.0,0.7353746958774606,0.6181223878572818,0.34913770035142977,0.0,0.7963978305236903,0.0,,,EXPLOIT
1093,52,,,0,0,0,1,common,0.0,0.5220064476796507,0.6911167395207491,0.40099832454989603,0.0,0.7996964852958237,0.0,,,EXPLOIT
1094,52,,,0,0,1,0,rare,0.0,0.9710565994241838,0.6056616067310586,0.5720158070121824,0.0,0.8028585274502632,0.0,,,EXPLOIT
1095,52,,,0,1,1,1,common,1.0,0.8147753123749153,0.46863224240163537,0.6448436586210022,0.0,0.7930366947533821,0.0,,,EXPLOIT
1096,52,,,0,1,0,1,rare,1.0,0.6606958090082271,0.37175504357852596,0.6495993037371697,0.0,0.7822990233890572,0.0,,,EXPLOIT
1097,52,,,0,1,1,0,common,0.0,0.6311867896257195,0.31356075384083015,0.6440755495037346,0.0,0.7705117772194449,0.0,,,EXPLOIT
1098,52,,,0,1,0,1,rare,1.0,0.4294522758553476,0.5737825623522808,0.5796885674092185,0.0,0.7575138497391042,0.0,,,EXPLOIT
1099,52,,,0,1,1,1,common,0.0,0.47039604695630505,0.4407393998341649,0.5469008112733444,0.0,0.7431093844680721,0.0,,,EXPLOIT
1100,52,,,0,0,1,0,rare,1.0,0.5897285867432823,0.6429068442020967,0.5597491439143257,0.0,0.7270578716254047,0.0,,,EXPLOIT
1101,52,,,0,1,1,0,common,1.0,0.3833235813831335,0.6800949388136281,0.506821475154968,0.0,0.7090606533003457,0.0,,,EXPLOIT
1102,52,,,0,1,0,1,rare,0.0,0.720856020694024,0.6712809732525692,0.5710318388166848,0.0,0.6887422198056669,0.0,,,EXPLOIT
1103,52,,,0,0,0,0,common,1.0,0.7758798079454201,0.6639221212883974,0.6324862295553053,0.0,0.6656237903217794,0.0,,,EXPLOIT
1104,52,,,0,0,1,0,rare,0.0,0.7508396721009633,0.5568477489931072,0.6679922623190027,0.0,0.6390851902662992,0.0,,,EXPLORE
1105,52,,,0,1,1,0,common,1.0,0.511954213134374,0.690791976771636,0.621180847563614,0.0,0.608308494854613,0.0,,,EXPLORE
1106,52,,,0,0,0,1,common,0.0,0.4685564134511156,0.6402315674282605,0.5753935173298644,0.0,0.5721923828860705,0.0,,,EXPLORE
1107,52,,,0,0,0,0,common,1.0,0.5043218751645231,0.517085520040879,0.554072024680262,0.0,0.5292177568241125,0.0,,,EXPLORE
1108,52,,,0,1,1,1,common,1.0,0.6942425694784017,0.6798803653309367,0.5961231881197039,0.0,0.4772288879077,0.0,,,EXPLORE
1109,52,,,0,0,0,0,common,0.0,0.67219078114306,0.610037324790433,0.6189434660267107,0.0,0.41306088176726224,0.0,,,EXPLORE
1110,52,,,0,1,1,1,common,0.0,0.5487423298390389,0.44972483225554877,0.5978831251704091,0.0,0.3318708782027664,0.0,,,EXPLORE
1111,52,,,0,0,0,0,common,0.0,0.436924007742989,0.6562368245240175,0.549595389942183,0.0,0.22585610374593093,0.0,,,EXPLORE
1112,52,,,0,1,1,1,common,1.0,0.6433174856046247,0.5725336903000071,0.5777120186409155,0.0,0.09090909090909093,0.0,,,EXPLORE
1113,52,,,0,1,1,1,common,0.0,0.5818436343569939,0.41711343098764236,0.578951503355739,0.0,0.09090909090909093,0.0,,,EXPLORE
1114,52,,,0,1,1,0,common,1.0,0.332770238537343,0.6152616367293791,0.5050971239102201,0.0,0.09090909090909093,0.0,,,EXPLORE
1115,52,,,0,1,1,0,common,0.0,0.783699344950727,0.4497885389433097,0.5886777902223721,0.0,0.09090909090909093,0.0,,,EXPLORE
1116,52,,,0,1,0,0,rare,0.0,0.2840006050329429,0.6312419766943499,0.4972746346655433,0.0,0.09090909090909093,0.0,,,EXPLORE
1117,52,,,0,1,1,0,common,1.0,0.4905954257820274,0.6903139062350581,0.49527087200048847,0.0,0.17965545529122232,0.0,,,EXPLORE
1118,52,,,0,1,1,0,common,1.0,0.3188870267583178,0.5460782777663055,0.4423557184278373,0.0,0.25195053896963665,0.0,,,EXPLORE
1119,52,,,0,0,0,1,common,1.0,0.6954383312567749,0.39891790150819795,0.5182805022765185,0.0,0.31197800201026266,0.0,,,EXPLORE
1120,52,,,0,1,0,1,rare,1.0,0.45203491531690365,0.6250770827764881,0.49840682618863397,0.0,0.1993001761833469,0.0,,,EXPLORE
1121,52,,,0,1,1,0,common,1.0,0.20727656739290656,0.5414877657217239,0.4110677485499157,0.0,0.26815974121110425,0.0,,,EXPLORE
1122,52,,,0,0,0,1,common,1.0,0.29382269495598745,0.4796095638407425,0.3758942324717372,0.0,0.32557939469916625,0.0,,,EXPLORE
1123,52,,,0,1,1,0,common,1.0,0.13472976880538923,0.6227361924042506,0.3035448933718328,0.0,0.37418905850028505,0.0,,,EXPLORE
1124,52,,,0,1,1,0,common,1.0,0.08757434972350298,0.589643713673339,0.23875373027733388,0.0,0.4158699079519801,0.0,,,EXPLORE
1125,52,,,0,1,1,0,common,0.0,0.9430766726797231,0.5660004352532462,0.4500506129980506,0.0,0.4520031293685804,0.0,,,EXPLOIT
1126,52,,,0,0,0,1,common,1.0,0.19098475172139184,0.6858860296388488,0.37233085461505294,0.0,0.4836256825018441,0.0,,,EXPLORE
1127,52,,,0,0,0,1,common,0.0,0.8758599113810953,0.6358403742877854,0.5233895716448657,0.0,0.5115312483577208,0.0,,,EXPLOIT
1128,52,,,0,1,1,0,common,1.0,0.38700016275818006,0.6729264177053242,0.48247274897885994,0.0,0.45555763952178446,0.0,,,EXPLORE
1129,52,,,0,0,0,1,common,1.0,0.430691057602288,0.5925424868461917,0.46693824156588837,0.0,0.48675159780800514,0.0,,,EXPLORE
1130,52,,,0,1,1,0,common,1.0,0.2515501057928171,0.6845026337512645,0.40232180083396696,0.0,0.5143015284723543,0.0,,,EXPLORE
1131,52,,,0,0,1,0,rare,0.0,0.8364924312346689,0.6479717150816704,0.5325729899541776,0.0,0.5388095581058614,0.0,,,EXPLOIT
1132,52,,,0,0,0,1,common,1.0,0.2799491874414872,0.4590075069312882,0.45678584920037046,0.0,0.4889142019678937,0.0,,,EXPLORE
1133,52,,,0,1,1,0,common,1.0,0.4562799196974652,0.6202602140267643,0.4566340703494989,0.0,0.516219340546563,0.0,,,EXPLOIT
1134,52,,,0,0,0,1,common,1.0,0.18196697183696675,0.5779337347743844,0.3742339407957392,0.0,0.5405218239384832,0.0,,,EXPLORE
1135,52,,,0,0,0,1,common,0.0,0.8817214683059716,0.6609819909408381,0.5264801990488088,0.0,0.5622900847417958,0.0,,,EXPLOIT
1136,52,,,0,0,0,1,common,1.0,0.4268810456011184,0.4556225791657247,0.49660045301450173,0.0,0.5173213878833932,0.0,,,EXPLORE
1137,52,,,0,1,1,1,common,0.0,0.37819836233204607,0.6044157551325872,0.461079825809765,0.0,0.5415061235521311,0.0,,,EXPLOIT
1138,52,,,0,1,1,0,common,1.0,0.29658194780335234,0.6764501814916034,0.41173046240784117,0.0,0.5631745045155567,0.0,,,EXPLOIT
1139,52,,,0,0,1,1,rare,1.0,0.75417106448417,0.6872489678592875,0.5144626430307397,0.0,0.5826989021839567,0.0,,,EXPLOIT
1140,52,,,0,1,0,1,rare,0.0,0.722527320359273,0.6860238276387547,0.5768820462292997,0.0,0.5417862780123105,0.0,,,EXPLORE
1141,52,,,0,0,0,1,common,1.0,0.5303572417664726,0.5284876799615028,0.5629246048904515,0.0,0.49253103183875946,0.0,,,EXPLORE
1142,52,,,0,0,0,1,common,1.0,0.34473220714820707,0.4625788928371992,0.4974668855677781,0.0,0.43209510140063884,0.0,,,EXPLORE
1143,52,,,0,1,1,0,common,1.0,0.19277826607217907,0.41952916247821104,0.4060602997190984,0.0,0.46616831623395505,0.0,,,EXPLORE
1144,52,,,0,0,0,1,common,0.0,0.7759240653536654,0.5799904623809136,0.5170194294094684,0.0,0.49609908282111764,0.0,,,EXPLOIT
1145,52,,,0,1,0,0,rare,0.0,0.18460039327141287,0.6845652250310414,0.4172937185680517,0.0,0.4365155784018672,0.0,,,EXPLORE
1146,52,,,0,1,1,0,common,1.0,0.12530587294691642,0.6419255013863759,0.3296973648817111,0.0,0.4700372959689915,0.0,,,EXPLORE
1147,52,,,0,0,0,1,common,1.0,0.4956493575201175,0.6905469797292502,0.379482962673233,0.0,0.49951352287499706,0.0,,,EXPLOIT
1148,52,,,0,0,0,1,common,1.0,0.3221720823880764,0.6708406167270549,0.362289698587686,0.0,0.5256336708652478,0.0,,,EXPLORE
1149,52,,,0,0,0,1,common,0.0,0.7905881464477503,0.6193234136732514,0.49077923294570525,0.0,0.5489389243747835,0.0,,,EXPLOIT
1150,52,,,0,1,1,0,common,1.0,0.0814488174154957,0.6772356613879398,0.36798010828664235,0.0,0.5698600455961087,0.0,,,EXPLORE
1151,52,,,0,1,0,1,rare,1.0,0.4861177048089622,0.6048322873190974,0.4034213872433383,0.0,0.5887441705846521,0.0,,,EXPLOIT
1152,52,,,0,0,0,0,common,1.0,0.8800097443735816,0.5368801871922353,0.5463978943824113,0.0,0.6058741634344005,0.0,,,EXPLOIT
1153,52,,,0,1,1,0,common,1.0,0.05294173132007218,0.6537971097252168,0.3983610454637095,0.0,0.5693160240333125,0.0,,,EXPLORE
1154,52,,,0,1,1,0,common,0.0,0.9655878746419531,0.6203715935787929,0.5685290942171826,0.0,0.5882518743572114,0.0,,,EXPLOIT
1155,52,,,0,0,0,1,common,0.0,0.6840234918741745,0.666918197405846,0.6031774135142801,0.0,0.548406841856198,0.0,,,EXPLORE
1156,52,,,0,0,1,1,rare,0.0,0.5097888080852895,0.6610333548300951,0.5751608318855829,0.0,0.5005590503671745,0.0,,,EXPLORE
1157,52,,,0,1,1,1,common,0.0,0.3313627252554382,0.5512477554943831,0.5020213998965395,0.0,0.4420316396942432,0.0,,,EXPLORE
1158,52,,,0,1,1,0,common,1.0,0.3723678814827305,0.6793213439322475,0.4631253443723968,0.0,0.3688040839780803,0.0,,,EXPLORE
1159,52,,,0,1,0,0,rare,0.0,0.4279936661571719,0.540226827249801,0.4525858409078293,0.0,0.41122830466793664,0.0,,,EXPLORE
1160,52,,,0,0,1,1,rare,0.0,0.21538577141603482,0.676439765235787,0.3814258200602909,0.0,0.4479611468275112,0.0,,,EXPLORE
1161,52,,,0,1,1,0,common,1.0,0.24203912296377483,0.6220905837797249,0.339609810931336,0.0,0.48007437926300506,0.0,,,EXPLORE
1162,52,,,0,0,0,0,common,1.0,0.7218041169978383,0.44381297086901694,0.4542681027512867,0.0,0.508386559855435,0.0,,,EXPLOIT
1163,52,,,0,1,1,1,common,0.0,0.14000075142042262,0.661825178371568,0.35998789735202746,0.0,0.5335336432347227,0.0,,,EXPLORE
1164,52,,,0,0,0,1,common,0.0,0.44461526971821347,0.6793762976818789,0.38537610906188324,0.0,0.5560172098306124,0.0,,,EXPLOIT
1165,52,,,0,1,1,0,common,1.0,0.1573254299264537,0.6796685904782739,0.31696090532125437,0.0,0.5762381759989453,0.0,,,EXPLOIT
1166,52,,,0,0,0,1,common,1.0,0.7110000746831613,0.5447250493820751,0.4351726561298264,0.0,0.5945208408569866,0.0,,,EXPLOIT
1167,52,,,0,1,0,1,rare,1.0,0.46215004854405484,0.6874077045298151,0.4432658738540949,0.0,0.6111303542080232,0.0,,,EXPLOIT
1168,52,,,0,1,0,1,rare,1.0,0.3003975315536357,0.6243885560963681,0.40040537116395714,0.0,0.6262856138716812,0.0,,,EXPLOIT
1169,52,,,0,1,1,0,common,1.0,0.10226152945219491,0.556075416904416,0.31096221865042845,0.0,0.6401689293628089,0.0,,,EXPLOIT
1170,52,,,0,1,1,0,common,1.0,0.06646999414392674,0.5055975218018847,0.23761455129847792,0.0,0.6529333598531833,0.0,,,EXPLOIT
1171,52,,,0,1,1,1,common,0.0,0.09100048842327471,0.4717062802984043,0.19363033243591693,0.0,0.6647083542407747,0.0,,,EXPLOIT
1172,52,,,0,0,1,0,rare,0.0,0.9567945038064476,0.6874646442514885,0.4225795838470761,0.0,0.6756041346514168,0.0,,,EXPLOIT
1173,52,,,0,1,0,1,rare,1.0,0.19525839550986324,0.5851953641011256,0.3543832273459122,0.0,0.6857151382926794,0.0,,,EXPLOIT
1174,52,,,0,1,1,0,common,0.0,0.621916427474191,0.46632613304001636,0.4346431873843958,0.0,0.6951227454976239,0.0,,,EXPLOIT
1175,52,,,0,1,0,1,rare,1.0,0.12691795708141107,0.6629343544359643,0.34232561829350033,0.0,0.703897460899012,0.0,,,EXPLOIT
1176,52,,,0,1,0,1,rare,1.0,0.08249667210291722,0.5360326614992467,0.2643769344363254,0.0,0.7121006714967656,0.0,,,EXPLOIT
1177,52,,,0,1,1,1,common,0.0,0.05915031747512856,0.4316756799544567,0.2028089493479663,0.0,0.7197860743737597,0.0,,,EXPLOIT
1178,52,,,0,0,1,1,rare,1.0,0.9615522936411665,0.6500780039199574,0.4304319526359263,0.0,0.7270008442817179,0.0,,,EXPLOIT
1179,52,,,0,1,1,1,common,1.0,0.6250089908667582,0.6821102631569749,0.4888050641051759,0.0,0.7337865947625365,0.0,,,EXPLOIT
1180,52,,,0,1,1,0,common,1.0,0.5957543221417758,0.6744829584438151,0.5208898415161558,0.0,0.7401801741797107,0.0,,,EXPLOIT
1181,52,,,0,0,0,1,common,1.0,0.05362283686689617,0.6125397177881194,0.38070974012137787,0.0,0.7237822984970134,0.0,,,EXPLOIT
1182,52,,,0,1,1,1,common,0.0,0.5937441559366071,0.6851753644729119,0.44462006486594663,0.0,0.7307579038193396,0.0,,,EXPLOIT
1183,52,,,0,1,1,0,common,1.0,0.38724030939215437,0.6094182083815632,0.4274061382238089,0.0,0.737325161569712,0.0,,,EXPLOIT
1184,52,,,0,1,1,0,common,0.0,0.7482937988950996,0.6892806582154046,0.5236724364251961,0.0,0.7435186047936547,0.0,,,EXPLOIT
1185,52,,,0,0,0,0,common,0.0,0.5308273239514051,0.5548381208725929,0.5258189026830588,0.0,0.7275151716075876,0.0,,,EXPLOIT
1186,52,,,0,0,0,1,common,1.0,0.034854843963482485,0.6915099166397236,0.3785296850671859,0.0,0.709575004703839,0.0,,,EXPLOIT
1187,52,,,0,0,1,0,rare,1.0,0.5136090307181853,0.6101321049141354,0.41905348876248566,0.0,0.717418134843914,0.0,,,EXPLOIT
1188,52,,,0,0,0,1,common,0.0,0.9773443514237364,0.5127596000341028,0.5865407475608608,0.0,0.7247764142323884,0.0,,,EXPLOIT
1189,52,,,0,0,0,1,common,1.0,0.3647261715745713,0.6858981221368716,0.519996374764974,0.0,0.7064931438878176,0.0,,,EXPLOIT
1190,52,,,0,0,1,0,rare,1.0,0.3338458699668204,0.5949281092858244,0.4641512233255279,0.0,0.685831439233798,0.0,,,EXPLOIT
1191,52,,,0,0,0,1,common,1.0,0.23707201152347135,0.5008909951239175,0.3960274597849109,0.0,0.6952310952486476,0.0,,,EXPLOIT
1192,52,,,0,0,1,0,rare,1.0,0.21699981547843328,0.43557528413684926,0.34231916649296756,0.0,0.7039986429007032,0.0,,,EXPLOIT
1193,52,,,0,0,0,1,common,1.0,0.15409680749025634,0.39376691482229603,0.28585245879215415,0.0,0.7121953695512147,0.0,,,EXPLOIT
1194,52,,,0,0,0,1,common,1.0,0.10016292486866663,0.3673638474387852,0.23014559861510786,0.0,0.7198748879953579,0.0,,,EXPLOIT
1195,52,,,0,0,0,1,common,1.0,0.06510590116463333,0.3506340545488918,0.1806336893799655,0.0,0.7270843012950887,0.0,,,EXPLOIT
1196,52,,,0,0,0,1,common,1.0,0.042318835757011675,0.33996602444261664,0.13913923329307934,0.0,0.7338651617066857,0.0,,,EXPLOIT
1197,52,,,0,1,1,0,common,0.0,0.8589501199390184,0.3331245921792476,0.35508249928686103,0.0,0.7402542649514873,0.0,,,EXPLOIT
1198,52,,,0,0,1,0,rare,1.0,0.44168242203963803,0.22260061398247571,0.3810624761126941,0.0,0.7462843118974027,0.0,,,EXPLOIT
1199,52,,,0,0,0,1,common,0.0,0.9724927567579424,0.21924649337651225,0.5584915603062686,0.0,0.7519844627744972,0.0,,,EXPLOIT
1200,52,,,0,0,0,1,common,1.0,0.3678797081073374,0.4937391402560137,0.5013080046465892,0.0,0.7369587712727266,0.0,,,EXPLOIT
1201,52,,,0,0,0,1,common,0.0,0.7608781897302307,0.38324267370584897,0.5791790601716815,0.0,0.720175504270333,0.0,,,EXPLOIT
1202,52,,,0,0,0,0,common,1.0,0.6549622394315867,0.6121300725829455,0.601914013949653,0.0,0.7013081387625891,0.0,,,EXPLOIT
1203,52,,,0,0,0,0,common,0.0,0.5742745443694686,0.4658465125653316,0.5936221730755977,0.0,0.6799439309058135,0.0,,,EXPLOIT
1204,52,,,0,0,1,1,rare,0.0,0.3859337013587947,0.6505388356301122,0.5313156315605567,0.0,0.6555534454074627,0.0,,,EXPLOIT
1205,52,,,0,0,1,0,rare,1.0,0.28709357432576477,0.6931106745306699,0.45804901439011914,0.0,0.6274461800698693,0.0,,,EXPLOIT
1206,52,,,0,0,0,1,common,1.0,0.50542917667535,0.5853523018514027,0.4722630630756883,0.0,0.6412342636270908,0.0,,,EXPLOIT
1207,52,,,0,1,1,0,common,1.0,0.18661082331174716,0.44494836762043405,0.38656739114650596,0.0,0.6539146727990262,0.0,,,EXPLOIT
1208,52,,,0,1,0,0,rare,0.0,0.37327845384015457,0.6445203902923307,0.38258070995460053,0.0,0.6656151635537929,0.0,,,EXPLOIT
1209,52,,,0,0,0,1,common,0.0,0.6714710351610225,0.4989633917250319,0.46924780751652706,0.0,0.6764445729940212,0.0,,,EXPLOIT
1210,52,,,0,0,0,1,common,1.0,0.5635438271453354,0.6720038723932165,0.4975366134051695,0.0,0.6864961963742795,0.0,,,EXPLOIT
1211,52,,,0,1,1,0,common,1.0,0.12129703515263568,0.5451812919297139,0.38466473992940936,0.0,0.6958504656950568,0.0,,,EXPLOIT
1212,52,,,0,1,1,0,common,1.0,0.07884307284921321,0.6841033297783425,0.29291823980535053,0.0,0.7045770927779347,0.0,,,EXPLOIT
1213,52,,,0,1,1,0,common,1.0,0.051247997351988595,0.6803879712580754,0.22041716706934195,0.0,0.712736797701862,0.0,,,EXPLOIT
1214,52,,,0,1,1,0,common,1.0,0.033311198278792586,0.6344902157594597,0.16428537643217714,0.0,0.7203827132710503,0.0,,,EXPLOIT
1215,52,,,0,1,0,1,rare,1.0,0.36630348764446796,0.590708200342368,0.22489080979586437,0.0,0.7275615342117284,0.0,,,EXPLOIT
1216,52,,,0,1,0,1,rare,1.0,0.2380972669689042,0.558175953122592,0.2288527469477763,0.0,0.7343144636362701,0.0,,,EXPLOIT
1217,52,,,0,0,1,0,rare,0.0,0.9783477211187848,0.535835446346271,0.4537012391990788,0.0,0.7406779973082425,0.0,,,EXPLOIT
1218,52,,,0,1,1,0,common,1.0,0.3640739812727899,0.33910059710115603,0.42681306182119205,0.0,0.7466845772372752,0.0,,,EXPLOIT
1219,52,,,0,1,1,0,common,0.0,0.7633519121726866,0.3253587453608091,0.5277747169266404,0.0,0.7523631393176515,0.0,,,EXPLOIT
1220,52,,,0,0,0,0,common,0.0,0.24263099499610047,0.6120777120034318,0.4422316003474784,0.0,0.7373804292604345,0.0,,,EXPLOIT
1221,52,,,0,1,1,0,common,1.0,0.5038212570877536,0.49128882644499117,0.460708497369561,0.0,0.7435707704105221,0.0,,,EXPLOIT
1222,52,,,0,1,1,1,common,1.0,0.7491430941167835,0.3766873956969294,0.5472388763937277,0.0,0.7494182949253715,0.0,,,EXPLOIT
1223,52,,,0,1,1,1,common,1.0,0.4869430111759092,0.30825145093727563,0.5291501168283821,0.0,0.734099635610634,0.0,,,EXPLOIT
1224,52,,,0,1,1,0,common,0.0,0.6725161828929601,0.2680208710036259,0.5721599366477554,0.0,0.7169703804080422,0.0,,,EXPLOIT
1225,52,,,0,0,1,1,rare,0.0,0.683487042735659,0.5312840320705643,0.6055580684741264,0.0,0.6976903956223236,0.0,,,EXPLOIT
1226,52,,,0,1,1,1,common,0.0,0.44426657777817835,0.44665757952282403,0.557170621265342,0.0,0.6758286615104502,0.0,,,EXPLOIT
1227,52,,,0,0,1,1,rare,0.0,0.28877327555581594,0.6174791648854459,0.47665141755248414,0.0,0.6508307424767844,0.0,,,EXPLOIT
1228,52,,,0,0,0,1,common,1.0,0.15476322352978777,0.570731850324961,0.3800849593456752,0.0,0.6627661249552729,0.0,,,EXPLOIT
1229,52,,,0,0,0,1,common,1.0,0.10059609529436209,0.6890529862052455,0.29623830013028124,0.0,0.6738047054268743,0.0,,,EXPLOIT
1230,52,,,0,0,0,1,common,0.0,0.9346125380586646,0.5848284280767713,0.4877505715087962,0.0,0.6840434016796564,0.0,,,EXPLOIT
1231,52,,,0,0,1,0,rare,1.0,0.5628644811195759,0.6916367137968322,0.5102847443920301,0.0,0.6935656522385797,0.0,,,EXPLOIT
1232,52,,,0,0,0,1,common,1.0,0.392501850261868,0.5937587100031704,0.47494987615298145,0.0,0.67112925957472,0.0,,,EXPLOIT
1233,52,,,0,0,1,0,rare,1.0,0.3658619127277243,0.4795540249147303,0.44222348712540427,0.0,0.681559213161722,0.0,,,EXPLOIT
1234,52,,,0,1,0,0,rare,0.0,0.1577101467474653,0.4016143407046202,0.35686948501202254,0.0,0.6912530349540729,0.0,,,EXPLOIT
1235,52,,,0,0,0,1,common,1.0,0.25512620267021424,0.2934759672324514,0.32634650030948004,0.0,0.7002855606203351,0.0,,,EXPLOIT
1236,52,,,0,0,0,1,common,1.0,0.1658320317356392,0.2530966912098195,0.27819215973732775,0.0,0.7087218149028528,0.0,,,EXPLOIT
1237,52,,,0,0,0,1,common,1.0,0.10779082062816547,0.2290580378064625,0.22707175800457904,0.0,0.7166185683689855,0.0,,,EXPLOIT
1238,52,,,0,0,1,0,rare,1.0,0.2378102432730208,0.2143768376712022,0.23029330358511158,0.0,0.7240256068584244,0.0,,,EXPLOIT
1239,52,,,0,0,0,1,common,1.0,0.07006403340830758,0.20523075017488857,0.18222452253207036,0.0,0.730986773640734,0.0,,,EXPLOIT
1240,52,,,0,0,1,1,rare,1.0,0.8122973708887196,0.1994520529666561,0.3712463770390651,0.0,0.7375408303853178,0.0,,,EXPLOIT
1241,52,,,0,0,0,1,common,1.0,0.04554162171539988,0.19576565686262226,0.2735349504419655,0.0,0.7437221726599788,0.0,,,EXPLOIT
1242,52,,,0,0,0,1,common,1.0,0.029602054115009935,0.1933988185231179,0.20035508154387882,0.0,0.7495614278483729,0.0,,,EXPLOIT
1243,52,,,0,0,0,1,common,0.0,0.9807586648252435,0.19187271561156047,0.4344761565282882,0.0,0.7550859574284525,0.0,,,EXPLOIT
1244,52,,,0,0,1,0,rare,1.0,0.15457665812746357,0.45270593853731955,0.3505063070080408,0.0,0.7603202809958935,0.0,,,EXPLOIT
1245,52,,,0,1,1,1,common,0.0,0.4720067089223322,0.3457325889181385,0.3869564275823282,0.0,0.7652864358966566,0.0,,,EXPLOIT
1246,52,,,0,0,1,0,rare,0.0,0.8995251722171487,0.27920958447344696,0.5407270509727743,0.0,0.7700042835949765,0.0,,,EXPLOIT
1247,52,,,0,1,1,0,common,0.0,0.5846913619411467,0.5059001299003902,0.553916344263286,0.0,0.7569528494208302,0.0,,,EXPLOIT
1248,52,,,0,0,0,1,common,1.0,0.36250686786359165,0.4558174516940543,0.4964935013433776,0.0,0.7424859799467534,0.0,,,EXPLOIT
1249,52,,,0,0,1,0,rare,0.0,0.38004938526174536,0.3080023998936436,0.46156026651888793,0.0,0.7483929148514309,0.0,,,EXPLOIT
1250,52,,,0,0,0,1,common,1.0,0.23562946411133456,0.5107892507717384,0.3937810257966219,0.0,0.7539797688618027,0.0,,,EXPLOIT
1251,52,,,0,0,0,1,common,1.0,0.1531591516723675,0.339609891408997,0.32159446355934557,0.0,0.7592716119581694,0.0,,,EXPLOIT
1252,52,,,0,0,0,1,common,1.0,0.09955344858703885,0.24557680927474596,0.25498215906765354,0.0,0.7642909629376052,0.0,,,EXPLOIT
1253,52,,,0,0,0,1,common,1.0,0.06470974158157528,0.19538987030418375,0.19790043382183004,0.0,0.7690581058886771,0.0,,,EXPLOIT
1254,52,,,0,0,1,1,rare,0.0,0.30680436079951595,0.16739014776852218,0.2305716119151358,0.0,0.7735913606961581,0.0,,,EXPLOIT
1255,52,,,0,1,1,1,common,0.0,0.19942283451968537,0.3817047824208052,0.22122697869650065,0.0,0.7779073151819466,0.0,,,EXPLOIT
1256,52,,,0,0,0,1,common,1.0,0.04206133202802398,0.35104376714475793,0.16747728469595763,0.0,0.7820210250832876,0.0,,,EXPLOIT
1257,52,,,0,0,0,1,common,1.0,0.02733986581821557,0.24316872296984224,0.125436059032635,0.0,0.7859461869497275,0.0,,,EXPLOIT
1258,52,,,0,0,1,0,rare,1.0,0.7529678995798655,0.18716170247509217,0.31369561119680417,0.0,0.7896952881429641,0.0,,,EXPLOIT
1259,52,,,0,0,0,1,common,1.0,0.017770912781840176,0.15667929550419682,0.22491820167231497,0.0,0.7932797374008921,0.0,,,EXPLOIT
1260,52,,,0,0,0,1,common,1.0,0.011551093308196148,0.13919932081416003,0.16090806916307931,0.0,0.7967099788417983,0.0,,,EXPLOIT
1261,52,,,0,1,0,1,rare,1.0,0.007508210650327474,0.1287623854977496,0.11488811160925375,0.0,0.7999955918083732,0.0,,,EXPLOIT
1262,52,,,0,0,0,1,common,1.0,0.004880336922712836,0.3183989583180646,0.08188577920329147,0.0,0.8031453785618596,0.0,,,EXPLOIT
1263,52,,,0,0,0,1,common,1.0,0.0031722189997633876,0.3053849313077894,0.05827171114223304,0.0,0.8061674415169627,0.0,,,EXPLOIT
1264,52,,,0,0,0,1,common,1.0,0.0020619423498462464,0.2971026843348791,0.041408780504517,0.0,0.8090692514445345,0.0,,,EXPLOIT
1265,52,,,0,1,1,1,common,0.0,0.12962484243779548,0.2917957903445672,0.06787359908450054,0.0,0.811857707850791,0.0,,,EXPLOIT
1266,52,,,0,0,0,1,common,1.0,0.001340262527400049,0.20158662899991686,0.047913598117370386,0.0,0.8145391925604136,0.0,,,EXPLOIT
1267,52,,,0,0,0,1,common,1.0,0.0008711706428100596,0.19897854103144597,0.03380086987500229,0.0,0.8171196173795435,0.0,,,EXPLOIT
1268,52,,,0,0,0,1,common,1.0,0.0005662609178265221,0.19729770904528743,0.02383048718784956,0.0,0.819604466587967,0.0,,,EXPLOIT
1269,52,,,0,0,0,1,common,1.0,0.00036806959658719496,0.19621124848849825,0.01679176191047085,0.0,0.8219988349033255,0.0,,,EXPLOIT
1270,52,,,0,0,1,1,rare,1.0,0.9157438524154329,0.19550761392779073,0.28647738906195946,0.0,0.8243074614704468,0.0,,,EXPLOIT
1271,52,,,0,0,0,1,common,1.0,0.00023924523778162676,0.19505133394189858,0.2006059459147061,0.0,0.8265347603530051,0.0,,,EXPLOIT
1272,52,,,0,0,1,1,rare,0.0,0.40476649592996855,0.1947552089781242,0.26185411091928484,0.0,0.8286848479403432,0.0,,,EXPLOIT
1273,52,,,0,0,1,1,rare,0.0,0.26309822235447955,0.45872861784004404,0.26222734434984324,0.0,0.8307615676275283,0.0,,,EXPLOIT
1274,52,,,0,0,0,1,common,0.0,0.9998444905954419,0.6409553111451826,0.4835124882235228,0.0,0.8327685120799848,0.0,,,EXPLOIT
1275,52,,,0,0,0,1,common,1.0,0.3501010811129628,0.6924829072569951,0.4434890660903547,0.0,0.8347090433540764,0.0,,,EXPLOIT
1276,52,,,0,1,1,1,common,0.0,0.1710138445304117,0.5643458719215748,0.3617464996223718,0.0,0.836586311110705,0.0,,,EXPLOIT
1277,52,,,0,0,0,1,common,1.0,0.2275657027234258,0.4868054461243947,0.321492260552688,0.0,0.8384032691295197,0.0,,,EXPLOIT
1278,52,,,0,1,1,0,common,0.0,0.5105708652730874,0.34304486043036,0.37821584196880775,0.0,0.8401626903058799,0.0,,,EXPLOIT
1279,52,,,0,0,0,1,common,1.0,0.14791770677022675,0.2974157954260569,0.3091264014092334,0.0,0.8418671802907546,0.0,,,EXPLOIT
1280,52,,,0,0,0,1,common,1.0,0.0961465094006474,0.2241109190237871,0.2452324338066576,0.0,0.8435191899146944,0.0,,,EXPLOIT
1281,52,,,0,0,1,1,rare,0.0,0.11115899894476762,0.184313392555695,0.2050104033480906,0.0,0.8451210265204825,0.0,,,EXPLOIT
1282,52,,,0,0,0,1,common,1.0,0.06249523111042077,0.401671609462632,0.16225585167678966,0.0,0.8466748643146907,0.0,,,EXPLOIT
1283,52,,,0,0,0,1,common,0.0,0.9593780997782265,0.27950721110004173,0.40139252610722065,0.0,0.848182753835823,0.0,,,EXPLOIT
1284,52,,,0,1,1,0,common,0.0,0.3318710624275068,0.48993522592335625,0.38053608700330643,0.0,0.8496466306257678,0.0,,,EXPLOIT
1285,52,,,0,0,0,1,common,1.0,0.3764042351441528,0.45605789874356106,0.3792965314455603,0.0,0.851068323181689,0.0,,,EXPLOIT
1286,52,,,0,0,0,1,common,1.0,0.24466275284369932,0.2991291953311851,0.338906397865002,0.0,0.8524495602570649,0.0,,,EXPLOIT
1287,52,,,0,0,0,1,common,1.0,0.15903078934840453,0.2169611496067747,0.2849437153100227,0.0,0.8537919775731895,0.0,,,EXPLOIT
1288,52,,,0,0,1,0,rare,1.0,0.7842838094221205,0.17356046089726349,0.43474574354365203,0.0,0.8550971239959354,0.0,,,EXPLOIT
1289,52,,,0,0,0,1,common,1.0,0.10337001307646299,0.14938004744279906,0.3353330244034953,0.0,0.8563664672268331,0.0,,,EXPLOIT
1290,52,,,0,0,0,1,common,1.0,0.06719050849970098,0.13525168848725103,0.25489026963235695,0.0,0.8576013990524445,0.0,,,EXPLOIT
1291,52,,,0,0,1,0,rare,0.0,0.4902155238756216,0.1267026395339874,0.3254878459053363,0.0,0.8588032401915169,0.0,,,EXPLOIT
1292,52,,,0,0,1,1,rare,0.0,0.07225334931409896,0.3217657481610478,0.24951749692796507,0.0,0.8599732447754179,0.0,,,EXPLOIT
1293,52,,,0,0,1,0,rare,1.0,0.6813599094808459,0.5104935874301318,0.37907022069382934,0.0,0.8611126044938182,0.0,,,EXPLOIT
1294,52,,,0,0,1,0,rare,0.0,0.5571160588374502,0.3299018757187588,0.4324839721369156,0.0,0.8622224524344418,0.0,,,EXPLOIT
1295,52,,,0,1,1,0,common,1.0,0.6378745617556574,0.51636675220162,0.4941011490225381,0.0,0.8633038666429035,0.0,,,EXPLOIT
1296,52,,,0,1,1,0,common,0.0,0.5853815348588227,0.693127892622081,0.5214852647734235,0.0,0.8643578734261522,0.0,,,EXPLOIT
1297,52,,,0,0,0,1,common,0.0,0.9563261694751943,0.6545949777726234,0.6519375361839548,0.0,0.8593256707506498,0.0,,,EXPLOIT
1298,52,,,0,0,0,0,common,0.0,0.10251159538585244,0.6931390311999266,0.48710975394452405,0.0,0.8539619680138234,0.0,,,EXPLOIT
1299,52,,,0,1,1,0,common,0.0,0.3804979976582348,0.6776511622931171,0.45512622705863726,0.0,0.8552624270246011,0.0,,,EXPLOIT
1300,52,,,0,1,1,1,common,0.0,0.04696467705416433,0.693143737323634,0.3326777620572953,0.0,0.8565272660738994,0.0,,,EXPLOIT
1301,52,,,0,0,1,0,rare,1.0,0.7526763015221474,0.6860390824293539,0.4586773238967509,0.0,0.8577578675403532,0.0,,,EXPLOIT
1302,52,,,0,0,0,1,common,1.0,0.37838798984112365,0.4966019569135089,0.4345905236800627,0.0,0.8589555433311294,0.0,,,EXPLOIT
1303,52,,,0,0,1,1,rare,1.0,0.9694729599147932,0.33247624767149186,0.5950552545504818,0.0,0.8601215393175673,0.0,,,EXPLOIT
1304,52,,,0,0,0,1,common,1.0,0.24595219339673036,0.24282718487505384,0.49032433620435634,0.0,0.8548109737293439,0.0,,,EXPLOIT
1305,52,,,0,0,1,0,rare,0.0,0.5107604040106042,0.19474627485092844,0.4964551565462307,0.0,0.8560881301833483,0.0,,,EXPLOIT
1306,52,,,0,0,1,0,rare,1.0,0.6680057373931072,0.4128324257114582,0.5479203308002936,0.0,0.8573305730337357,0.0,,,EXPLOIT
1307,52,,,0,0,1,0,rare,1.0,0.43420372930551976,0.2856350816296917,0.5138053503518614,0.0,0.8518324930344596,0.0,,,EXPLOIT
1308,52,,,0,0,0,1,common,0.0,0.8401310742921253,0.21791781394222537,0.6117030675339405,0.0,0.8459554106141427,0.0,,,EXPLOIT
1309,52,,,0,0,0,1,common,1.0,0.45391480171011855,0.4359686193532175,0.5643665877867939,0.0,0.8396590671861645,0.0,,,EXPLOIT
1310,52,,,0,0,0,1,common,1.0,0.29504462111157703,0.2982232971022317,0.4835699977842288,0.0,0.8328972933877982,0.0,,,EXPLOIT
1311,52,,,0,0,0,1,common,1.0,0.1917790037225251,0.22464109030066234,0.3960326995657177,0.0,0.834833597242704,0.0,,,EXPLOIT
1312,52,,,0,0,1,0,rare,1.0,0.28223242404858784,0.18469433253911527,0.36189261691057867,0.0,0.8367068363823734,0.0,,,EXPLOIT
1313,52,,,0,0,0,0,common,0.0,0.0666325370008041,0.1619589278892375,0.2733145929376463,0.0,0.8385199523255936,0.0,,,EXPLOIT
1314,52,,,0,0,0,0,common,1.0,0.9566888509494773,0.37676066583377343,0.4783268703411956,0.0,0.8402757066378664,0.0,,,EXPLOIT
1315,52,,,0,0,0,1,common,1.0,0.12465635241964135,0.2663111152472355,0.3722257149647293,0.0,0.8419766944877441,0.0,,,EXPLOIT
1316,52,,,0,0,0,1,common,0.0,0.9189733709272331,0.20752760664641948,0.5362500117534803,0.0,0.8436253569958584,0.0,,,EXPLOIT
1317,52,,,0,0,0,1,common,1.0,0.4026673088972985,0.42581059845937175,0.49617520089662576,0.0,0.8371587379746489,0.0,,,EXPLOIT
1318,52,,,0,0,0,0,common,1.0,0.6218477531171603,0.29267262161097907,0.533876966562786,0.0,0.8389574805045638,0.0,,,EXPLOIT
1319,52,,,0,0,1,0,rare,1.0,0.18345107563158214,0.22168018803241107,0.42874919928342486,0.0,0.832142800717018,0.0,,,EXPLOIT
1320,52,,,0,0,0,1,common,1.0,0.261733750783244,0.1830425247456065,0.3786445647333706,0.0,0.8341039304701531,0.0,,,EXPLOIT
1321,52,,,0,0,0,1,common,1.0,0.1701269380091086,0.16099467030686773,0.316089276716092,0.0,0.8360008251286875,0.0,,,EXPLOIT
1322,52,,,0,1,1,1,common,0.0,0.3698425760553844,0.14789331501381853,0.3322152665178797,0.0,0.8378364985701252,0.0,,,EXPLOIT
1323,52,,,0,0,1,0,rare,1.0,0.11924319916052839,0.132004384780023,0.2683236463106743,0.0,0.8396137792109878,0.0,,,EXPLOIT
1324,52,,,0,0,0,1,common,1.0,0.11058250970592065,0.12474156365108782,0.22100130532924817,0.0,0.841335324058677,0.0,,,EXPLOIT
1325,52,,,0,0,0,0,common,0.0,0.5957989604738457,0.12021109368548884,0.3334406018726274,0.0,0.8430036315047883,0.0,,,EXPLOIT
1326,52,,,0,0,1,0,rare,1.0,0.07750807945434346,0.3130636486962477,0.2566608451471422,0.0,0.8446210529894476,0.0,,,EXPLOIT
1327,52,,,0,0,0,0,common,0.0,0.38726932430799976,0.22423268592483406,0.29584338889539946,0.0,0.8461898036512203,0.0,,,EXPLOIT
1328,52,,,0,0,0,1,common,1.0,0.07187863130884842,0.4301301469458767,0.22865396161943413,0.0,0.8477119720640525,0.0,,,EXPLOIT
1329,52,,,0,0,0,1,common,1.0,0.04672111035075144,0.2852026172685247,0.17407410623882932,0.0,0.8491895291512591,0.0,,,EXPLOIT
1330,52,,,0,0,0,1,common,1.0,0.030368721727988435,0.20979441549296704,0.13096249088557704,0.0,0.8506243363565879,0.0,,,EXPLOIT
1331,52,,,0,0,0,1,common,0.0,0.9802603308768075,0.16970215368528202,0.38575184288294617,0.0,0.8520181531435996,0.0,,,EXPLOIT
1332,52,,,0,0,1,0,rare,1.0,0.050380251645323226,0.3743029629655061,0.2851403655116592,0.0,0.8533726438869159,0.0,,,EXPLOIT
1333,52,,,0,0,0,1,common,1.0,0.36283078493007515,0.2558680237128471,0.30844749133718397,0.0,0.8546893842120957,0.0,,,EXPLOIT
1334,52,,,0,0,1,0,rare,1.0,0.03274716356946006,0.1944319218429036,0.22573739300686677,0.0,0.8559698668349348,0.0,,,EXPLOIT
1335,52,,,0,0,0,1,common,1.0,0.2358400102045488,0.1612166512852354,0.22876817816617137,0.0,0.857215506945699,0.0,,,EXPLOIT
1336,52,,,0,0,0,1,common,1.0,0.15329600663295673,0.1422839918422945,0.20612652670620696,0.0,0.8584276471791346,0.0,,,EXPLOIT
1337,52,,,0,1,1,0,common,1.0,0.021285656320149005,0.13103004550000355,0.15067426559038957,0.0,0.8596075622069644,0.0,,,EXPLOIT
1338,52,,,0,0,0,1,common,1.0,0.0996424043114219,0.3221415522937775,0.13536470720669927,0.0,0.8607564629859068,0.0,,,EXPLOIT
1339,52,,,0,1,1,0,common,1.0,0.013835676608096814,0.3082603815325431,0.09890599802711852,0.0,0.8618755006909882,0.0,,,EXPLOIT
1340,52,,,0,0,0,1,common,1.0,0.06476756280242424,0.48892660723505044,0.08866446745971023,0.0,0.8629657703610187,0.0,,,EXPLOIT
1341,52,,,0,0,0,0,common,0.0,0.25172506080019985,0.47855280796655886,0.1375826454618571,0.0,0.8640283142805107,0.0,,,EXPLOIT
1342,52,,,0,1,1,0,common,0.0,0.991006810204737,0.6915098818083576,0.3936098948847211,0.0,0.8650641251200015,0.0,,,EXPLOIT
1343,52,,,0,0,0,1,common,1.0,0.042098915821575766,0.5890520136656815,0.2881566011657775,0.0,0.8660741488546827,0.0,,,EXPLOIT
1344,52,,,0,1,1,0,common,1.0,0.3558455733669209,0.4807643192876574,0.3084632928261205,0.0,0.8670592874793812,0.0,,,EXPLOIT
1345,52,,,0,0,1,1,rare,0.0,0.24039767443599985,0.6463003029622403,0.2880436073090843,0.0,0.8680204015362778,0.0,,,EXPLOIT
1346,52,,,0,0,0,1,common,1.0,0.027364295284024287,0.669351820718235,0.20983981370156626,0.0,0.8689583124702642,0.0,,,EXPLOIT
1347,52,,,0,0,1,0,rare,0.0,0.7687003773115014,0.6845291851538196,0.3774979827845468,0.0,0.8698738048254929,0.0,,,EXPLOIT
1348,52,,,0,1,0,1,rare,0.0,0.9822132080653843,0.6388530819909228,0.5589125503687981,0.0,0.8707676282954752,0.0,,,EXPLOIT
1349,52,,,0,1,0,1,rare,0.0,0.6384385852424999,0.6894878402699456,0.5827703608309086,0.0,0.8661422887798076,0.0,,,EXPLOIT
1350,52,,,0,0,0,1,common,1.0,0.5850149195923751,0.6317735576296306,0.5834437284593486,0.0,0.8612250819472717,0.0,,,EXPLOIT
1351,52,,,0,0,1,0,rare,0.0,0.49965524525247595,0.4724966690356678,0.5583071834972868,0.0,0.8559877548677539,0.0,,,EXPLOIT
1352,52,,,0,0,0,0,common,1.0,0.8363787104798701,0.6468001347809429,0.6417286415920618,0.0,0.8503982868030927,0.0,,,EXPLOIT
1353,52,,,0,0,0,1,common,0.0,0.6197403022649561,0.48699621443655694,0.63513213979393,0.0,0.8444202394410087,0.0,,,EXPLOIT
1354,52,,,0,0,1,0,rare,1.0,0.6752240905858906,0.6526080848186079,0.6471597250315182,0.0,0.8380119678614512,0.0,,,EXPLOIT
1355,52,,,0,1,1,0,common,1.0,0.43889565888082893,0.4931045535866706,0.5846805051863114,0.0,0.8311256561203411,0.0,,,EXPLOIT
1356,52,,,0,0,0,0,common,0.0,0.4563538381880844,0.6756060338137331,0.5461825050868433,0.0,0.8237061302206384,0.0,,,EXPLOIT
1357,52,,,0,1,0,0,rare,0.0,0.2966299948222548,0.6654316254009431,0.47131675200746675,0.0,0.8156893861231348,0.0,,,EXPLOIT
1358,52,,,0,1,1,0,common,1.0,0.28528217827253877,0.6856599874042042,0.41550637988698835,0.0,0.8182270061553154,0.0,,,EXPLOIT
1359,52,,,0,1,1,1,common,0.0,0.1562584883833999,0.6378789571234587,0.3377320124359118,0.0,0.8206713434713455,0.0,,,EXPLOIT
1360,52,,,0,0,0,1,common,1.0,0.5971688035277785,0.6916005762735499,0.41556304976347175,0.0,0.8230273319947309,0.0,,,EXPLOIT
1361,52,,,0,0,0,1,common,0.0,0.6118402777069439,0.5908938407884198,0.4744462181465134,0.0,0.8252995639295259,0.0,,,EXPLOIT
1362,52,,,0,0,0,0,common,0.0,0.19280949663446564,0.69180239008683,0.38995520169289904,0.0,0.8274923188440154,0.0,,,EXPLOIT
1363,52,,,0,0,1,0,rare,1.0,0.18543341587715023,0.6684986796964647,0.3285986659481744,0.0,0.8296095898337229,0.0,,,EXPLOIT
1364,52,,,0,0,0,1,common,0.0,0.3976961805095136,0.6513745297429548,0.3493279203165761,0.0,0.831655107100301,0.0,,,EXPLOIT
1365,52,,,0,0,1,0,rare,1.0,0.1205317203201477,0.6909337263985038,0.28068906031764757,0.0,0.8336323592392532,0.0,,,EXPLOIT
1366,52,,,0,1,0,0,rare,0.0,0.12532617281240266,0.6197543832983519,0.23408019406607408,0.0,0.8355446124920851,0.0,,,EXPLOIT
1367,52,,,0,0,0,1,common,0.0,0.25850251733118385,0.5164855347973272,0.24140689104560703,0.0,0.8373949281864106,0.0,,,EXPLOIT
1368,52,,,0,0,0,1,common,0.0,0.1680266362652695,0.6607486313973864,0.21939281461150578,0.0,0.8391861785599146,0.0,,,EXPLOIT
1369,52,,,0,0,0,0,common,0.0,0.08146201232806173,0.6931471684292883,0.17801357392647255,0.0,0.8409210611402443,0.0,,,EXPLOIT
1370,52,,,0,1,1,0,common,1.0,0.07834561820809605,0.6792380550297377,0.1481131872109596,0.0,0.8426021118322704,0.0,,,EXPLOIT
1371,52,,,0,1,1,0,common,1.0,0.0509246518352624,0.497404577497491,0.11895662659825043,0.0,0.8442317168462814,0.0,,,EXPLOIT
1372,52,,,0,1,1,1,common,0.0,0.10156801744920993,0.34639727157056677,0.11374004385353828,0.0,0.8458121235851267,0.0,,,EXPLOIT
1373,52,,,0,0,0,1,common,0.0,0.10921731357242519,0.5535712828141035,0.11238322476920434,0.0,0.8473454505947963,0.0,,,EXPLOIT
1374,52,,,0,1,1,0,common,1.0,0.03310102369292056,0.5063670275662601,0.0885985644463192,0.0,0.8488336966710973,0.0,,,EXPLOIT
1375,52,,,0,1,1,0,common,0.0,0.9784843345996016,0.33620211734954364,0.3555642954923039,0.0,0.8502787492047694,0.0,,,EXPLOIT
1376,52,,,0,1,1,0,common,1.0,0.3639851825102589,0.5303190322760081,0.35809056159769037,0.0,0.8516823918383127,0.0,,,EXPLOIT
1377,52,,,0,1,0,0,rare,0.0,0.052950308013240126,0.3506920946317659,0.26654848552235527,0.0,0.8530463114998655,0.0,,,EXPLOIT
1378,52,,,0,1,1,0,common,0.0,0.7634096313683317,0.5402625182961214,0.41560682927614817,0.0,0.8543721048724654,0.0,,,EXPLOIT
1379,52,,,0,0,1,0,rare,0.0,0.49621626038941563,0.6444041847502975,0.4397896586101284,0.0,0.8556612843508753,0.0,,,EXPLOIT
1380,52,,,0,0,0,1,common,1.0,0.9290087461779236,0.6221088733435578,0.586555384880467,0.0,0.8569152835327104,0.0,,,EXPLOIT
1381,52,,,0,0,1,1,rare,0.0,0.06601921134198646,0.6598142131077336,0.4303945328189228,0.0,0.8513890213965706,0.0,,,EXPLOIT
1382,52,,,0,0,0,1,common,1.0,0.6038556850156503,0.693070538592633,0.48243287847794103,0.0,0.8527612026521849,0.0,,,EXPLOIT
1383,52,,,0,0,0,1,common,1.0,0.3925061952601727,0.578701811254833,0.4554548735126105,0.0,0.8540949272913323,0.0,,,EXPLOIT
1384,52,,,0,0,0,1,common,0.0,0.7448709730808878,0.43141158009512043,0.5422797033830937,0.0,0.8553917250549985,0.0,,,EXPLOIT
1385,52,,,0,0,1,0,rare,1.0,0.6774594307468799,0.6297926568259938,0.5828336215922295,0.0,0.8497614493987772,0.0,,,EXPLOIT
1386,52,,,0,0,0,0,common,1.0,0.9655822997913939,0.4723473886686454,0.6976582250519787,0.0,0.8437382911046304,0.0,,,EXPLOIT
1387,52,,,0,0,0,1,common,1.0,0.515833867497423,0.36183986612231706,0.643110917785612,0.0,0.837279978239381,0.0,,,EXPLOIT
1388,52,,,0,0,0,1,common,1.0,0.33529201387332486,0.29669461835150446,0.5507652466119258,0.0,0.8303379493436132,0.0,,,EXPLOIT
1389,52,,,0,0,0,1,common,1.0,0.2179398090176612,0.25852858281576324,0.4509176153336464,0.0,0.822856138474931,0.0,,,EXPLOIT
1390,52,,,0,0,0,1,common,1.0,0.1416608758614798,0.23564215785496445,0.3581405934919964,0.0,0.8251344101350314,0.0,,,EXPLOIT
1391,52,,,0,0,1,0,rare,1.0,0.440348629985472,0.22159124731560226,0.38280300444003906,0.0,0.8273328986106518,0.0,,,EXPLOIT
1392,52,,,0,0,1,0,rare,0.0,0.7137733905094432,0.21280633811493324,0.4820941202608603,0.0,0.8294556173317326,0.0,,,EXPLOIT
1393,52,,,0,1,1,0,common,1.0,0.5360472961688619,0.478831833282866,0.4982800730332608,0.0,0.8315063151735578,0.0,,,EXPLOIT
1394,52,,,0,1,0,1,rare,0.0,0.9079204306900381,0.6685385647523652,0.621172180330294,0.0,0.8334884979046286,0.0,,,EXPLOIT
1395,52,,,0,0,1,0,rare,1.0,0.34843074250976025,0.5458831408403114,0.5393497489841338,0.0,0.8262542123313256,0.0,,,EXPLOIT
1396,52,,,0,0,0,0,common,0.0,0.3723715051355939,0.43214722657101445,0.4892562758295718,0.0,0.8184452332317858,0.0,,,EXPLOIT
1397,52,,,0,0,0,1,common,1.0,0.4098517200514752,0.6463753210248859,0.4654349090961428,0.0,0.8208816228348498,0.0,,,EXPLOIT
1398,52,,,0,0,0,1,common,0.0,0.7335963819665411,0.5119418151793536,0.5458833509572623,0.0,0.823230079991228,0.0,,,EXPLOIT
1399,52,,,0,1,0,0,rare,0.0,0.24204147833813605,0.6741181166340743,0.4547307891715244,0.0,0.8151742104909958,0.0,,,EXPLOIT
1400,52,,,0,1,1,0,common,1.0,0.22647998263134417,0.6073039645723927,0.3862555472094703,0.0,0.8177309625539074,0.0,,,EXPLOIT
1401,52,,,0,0,0,1,common,1.0,0.5231623517217483,0.6868445482062342,0.42732758856315367,0.0,0.8201934092947156,0.0,,,EXPLOIT
1402,52,,,0,0,1,0,rare,0.0,0.8527880112896262,0.6549576531057839,0.5549657153810954,0.0,0.8225665561956546,0.0,,,EXPLOIT
1403,52,,,0,1,0,1,rare,1.0,0.34005552861913646,0.6802301907228484,0.4904926593525077,0.0,0.8144559907195081,0.0,,,EXPLOIT
1404,52,,,0,1,1,0,common,1.0,0.44568779266174285,0.5755332262869679,0.4770511993452782,0.0,0.8170395245846503,0.0,,,EXPLOIT
1405,52,,,0,1,0,1,rare,0.0,0.7789639063975613,0.47613172469623616,0.5676250114609631,0.0,0.8195273155985209,0.0,,,EXPLOIT
1406,52,,,0,0,0,1,common,1.0,0.49367346084158514,0.6740012823052249,0.5454395462751497,0.0,0.8111637959951746,0.0,,,EXPLOIT
1407,52,,,0,1,1,0,common,1.0,0.28969706523013283,0.670748860288719,0.4687168019616446,0.0,0.8020836141227117,0.0,,,EXPLOIT
1408,52,,,0,1,0,1,rare,1.0,0.32088774954703037,0.6849673178635844,0.4243680862372603,0.0,0.8051484593679781,0.0,,,EXPLOIT
1409,52,,,0,1,0,1,rare,1.0,0.20857703720556975,0.6351258894054426,0.3596307715277531,0.0,0.8080905653912835,0.0,,,EXPLOIT
1410,52,,,0,1,0,1,rare,1.0,0.13557507418362036,0.5838647579942999,0.2924140623245132,0.0,0.8109170205945669,0.0,,,EXPLOIT
1411,52,,,0,0,0,1,common,0.0,0.9118762017806468,0.5453839491401316,0.4782527041613533,0.0,0.8136343780918732,0.0,,,EXPLOIT
1412,52,,,0,1,1,0,common,1.0,0.1883030923995863,0.3560462490766268,0.39126782063282317,0.0,0.8162487053055094,0.0,,,EXPLOIT
1413,52,,,0,1,0,0,rare,0.0,0.15732696091978843,0.33113650591521865,0.3210855627189127,0.0,0.8187656281482097,0.0,,,EXPLOIT
1414,52,,,0,1,1,0,common,1.0,0.12239701005973114,0.6110504255918195,0.2614789969211582,0.0,0.8211903704684899,0.0,,,EXPLOIT
1415,52,,,0,0,0,1,common,1.0,0.4072804688425795,0.5000432453511736,0.3052194384975846,0.0,0.8235277893412668,0.0,,,EXPLOIT
1416,52,,,0,0,0,1,common,1.0,0.2647323047476767,0.6567098146256407,0.2930732983726122,0.0,0.8257824067054843,0.0,,,EXPLOIT
1417,52,,,0,0,0,1,common,1.0,0.17207599808598983,0.6931434527903111,0.2567741082866255,0.0,0.8279584377824114,0.0,,,EXPLOIT
1418,52,,,0,0,0,0,common,0.0,0.10226252459786248,0.678190449853425,0.21042063317999657,0.0,0.830059816650426,0.0,,,EXPLOIT
1419,52,,,0,0,0,1,common,1.0,0.11184939875589339,0.6154296317881338,0.1808492628527656,0.0,0.8320902193027775,0.0,,,EXPLOIT
1420,52,,,0,1,1,0,common,1.0,0.0795580565388252,0.6890321916768481,0.15046190095858347,0.0,0.8340530844726687,0.0,,,EXPLOIT
1421,52,,,0,0,0,1,common,0.0,0.9272978908086693,0.6587473930875403,0.3835126979136092,0.0,0.8359516324738806,0.0,,,EXPLOIT
1422,52,,,0,1,1,0,common,1.0,0.051712736750236354,0.4709836748978583,0.28397270956459736,0.0,0.8377888822740994,0.0,,,EXPLOIT
1423,52,,,0,1,0,1,rare,1.0,0.39725637097436495,0.41996226540337844,0.3179578079875276,0.0,0.8395676669913844,0.0,,,EXPLOIT
1424,52,,,0,0,0,1,common,1.0,0.2582166411333372,0.38749973102432744,0.30003545793127046,0.0,0.8412906479811034,0.0,,,EXPLOIT
1425,52,,,0,1,1,0,common,1.0,0.03361327888765364,0.5546663125503057,0.2201088042181854,0.0,0.8429603276606805,0.0,,,EXPLOIT
1426,52,,,0,0,0,1,common,1.0,0.16784081673666917,0.5341342967953324,0.20442840797373052,0.0,0.8445790612021549,0.0,,,EXPLOIT
1427,52,,,0,0,0,1,common,1.0,0.10909653087883497,0.6294170450333786,0.17582884484526184,0.0,0.8461490672074697,0.0,,,EXPLOIT
1428,52,,,0,0,0,1,common,0.0,0.9290872549287572,0.6718815632639353,0.40180636787031043,0.0,0.8476724374682699,0.0,,,EXPLOIT
1429,52,,,0,0,1,0,rare,1.0,0.021848631276974895,0.45084781093451887,0.28781904689230975,0.0,0.8491511459005133,0.0,,,EXPLOIT
1430,52,,,0,1,1,0,common,1.0,0.014201610330033643,0.5856366361661194,0.2057338159236269,0.0,0.8505870567341619,0.0,,,EXPLOIT
1431,52,,,0,1,1,0,common,0.0,0.9907689532854781,0.5731911826705457,0.44124435713218224,0.0,0.851981932029417,0.0,,,EXPLOIT
1432,52,,,0,0,1,0,rare,0.0,0.6439998196355607,0.6809846303097986,0.5020709958831958,0.0,0.8533374385832377,0.0,,,EXPLOIT
1433,52,,,0,1,1,0,common,0.0,0.4185998827631145,0.6386085002234704,0.4770296619471714,0.0,0.8475653660080396,0.0,,,EXPLOIT
1434,52,,,0,0,0,1,common,0.0,0.6039067157036921,0.6879720831980684,0.5150927780741276,0.0,0.8490471945875191,0.0,,,EXPLOIT
1435,52,,,0,0,0,1,common,1.0,0.6074606347926002,0.6693482663527421,0.5428031350896693,0.0,0.8429732371888842,0.0,,,EXPLOIT
1436,52,,,0,1,1,0,common,0.0,0.2720899237960244,0.6581479269651332,0.4615891717015758,0.0,0.836458549622863,0.0,,,EXPLOIT
1437,52,,,0,0,0,1,common,1.0,0.39484941261519,0.559376427069109,0.44156724397566005,0.0,0.8382795843395103,0.0,,,EXPLOIT
1438,52,,,0,1,1,1,common,0.0,0.0429124873722912,0.41927340671786273,0.32197081699464936,0.0,0.8400428961133357,0.0,,,EXPLOIT
1439,52,,,0,0,1,0,rare,0.0,0.17685845046741588,0.3398624619086839,0.2784371070364793,0.0,0.8417511017403917,0.0,,,EXPLOIT
1440,52,,,0,0,0,1,common,0.0,0.7433478818001265,0.5542423283947431,0.41791033946557343,0.0,0.8434066623741642,0.0,,,EXPLOIT
1441,52,,,0,1,1,1,common,0.0,0.02789311679198928,0.6632196588677586,0.3009051726634982,0.0,0.8450118949299428,0.0,,,EXPLOIT
1442,52,,,0,1,1,0,common,1.0,0.8850420071961796,0.6292039767460409,0.47614622302330256,0.0,0.8465689825009021,0.0,,,EXPLOIT
1443,52,,,0,1,0,1,rare,0.0,0.4831761231700822,0.6625103656987006,0.47825519306733644,0.0,0.8480799838843887,0.0,,,EXPLOIT
1444,52,,,0,1,1,0,common,1.0,0.5752773046775168,0.6921436601605133,0.5073618265503905,0.0,0.8495468423058474,0.0,,,EXPLOIT
1445,52,,,0,1,1,0,common,1.0,0.3739302480403859,0.5965937054866598,0.4673323529973891,0.0,0.8435084434620835,0.0,,,EXPLOIT
1446,52,,,0,0,0,1,common,1.0,0.6859355199394466,0.45605051966368115,0.5329133030800063,0.0,0.8451106042467943,0.0,,,EXPLOIT
1447,52,,,0,0,0,1,common,1.0,0.4458580879606403,0.6499021898346946,0.5067967385441965,0.0,0.8387527904073351,0.0,,,EXPLOIT
1448,52,,,0,1,1,1,common,0.0,0.01813052591479303,0.6929678979150475,0.36019687475537543,0.0,0.8319226356232956,0.0,,,EXPLOIT
1449,52,,,0,0,1,0,rare,1.0,0.24305466122625086,0.5804112029182789,0.3250542106966381,0.0,0.8338910363717903,0.0,,,EXPLOIT
1450,52,,,0,0,0,1,common,1.0,0.2898077571744162,0.491883738515684,0.3144802746399715,0.0,0.8357948579274374,0.0,,,EXPLOIT
1451,52,,,0,0,1,0,rare,1.0,0.15798552979706304,0.4315515525755166,0.267531851187099,0.0,0.8376371355224119,0.0,,,EXPLOIT
1452,52,,,0,0,0,1,common,0.0,0.8116249578366295,0.3930056216349656,0.43075978318195807,0.0,0.8394207172963928,0.0,,,EXPLOIT
1453,52,,,0,1,1,0,common,1.0,0.10269059436809103,0.6522144487140311,0.3323390265377979,0.0,0.8411482784957504,0.0,,,EXPLOIT
1454,52,,,0,1,1,0,common,1.0,0.06674888633925913,0.6889182502211543,0.25266198447823623,0.0,0.8428223343988973,0.0,,,EXPLOIT
1455,52,,,0,1,0,1,rare,0.0,0.5275562225938092,0.6379183234578167,0.3351302559129081,0.0,0.8444452520991579,0.0,,,EXPLOIT
1456,52,,,0,0,0,1,common,1.0,0.657088455314024,0.6743739393105227,0.4317177157332429,0.0,0.8460192612612623,0.0,,,EXPLOIT
1457,52,,,0,0,0,0,common,0.0,0.06647064098861061,0.5908616761587269,0.3221435933098532,0.0,0.8475464639542798,0.0,,,EXPLOIT
1458,52,,,0,1,1,0,common,1.0,0.043386776120518444,0.6923896567701269,0.23851654815305276,0.0,0.8490288436521992,0.0,,,EXPLOIT
1459,52,,,0,1,0,1,rare,0.0,0.5728925040458843,0.6226843885060871,0.3388293349209022,0.0,0.8504682734832112,0.0,,,EXPLOIT
1460,52,,,0,0,0,0,common,0.0,0.043205916642596896,0.6897434152923342,0.2501423094374106,0.0,0.8518665237998582,0.0,,,EXPLOIT
1461,52,,,0,0,0,1,common,0.0,0.3723801276298248,0.6620983090901331,0.2868136548951349,0.0,0.8532252691343922,0.0,,,EXPLOIT
1462,52,,,0,1,1,0,common,1.0,0.028201404478336967,0.5932499549381516,0.2092299797700955,0.0,0.8545460945968179,0.0,,,EXPLOIT
1463,52,,,0,0,0,0,common,0.0,0.028083845817687983,0.42392158147443026,0.15488613958437322,0.0,0.8558305017670286,0.0,,,EXPLOIT
1464,52,,,0,1,0,1,rare,1.0,0.7579529170406138,0.3626323629323801,0.33580617282124536,0.0,0.8570799141271017,0.0,,,EXPLOIT
1465,52,,,0,1,1,0,common,0.0,0.981669087089081,0.26436405254002066,0.529565047101596,0.0,0.8582956820750832,0.0,,,EXPLOIT
1466,52,,,0,1,0,1,rare,1.0,0.49266939607639904,0.48486252368546356,0.5184963517940369,0.0,0.8528628150842488,0.0,,,EXPLOIT
1467,52,,,0,0,0,1,common,0.0,0.6797648925503406,0.332086499948552,0.5668769140209279,0.0,0.8470577282562002,0.0,,,EXPLOIT
1468,52,,,0,1,1,1,common,0.0,0.01178484184461547,0.2963561375592811,0.4003492923680342,0.0,0.8408411371996772,0.0,,,EXPLOIT
1469,52,,,0,0,1,0,rare,1.0,0.3619150933920974,0.49617925679104613,0.3888190326752531,0.0,0.8425246513762252,0.0,,,EXPLOIT
1470,52,,,0,1,0,1,rare,0.0,0.4418471801577214,0.6911914933857435,0.40472747691999356,0.0,0.8441566114433358,0.0,,,EXPLOIT
1471,52,,,0,1,1,0,common,1.0,0.23524481070486325,0.6644094078911966,0.35388267705545445,0.0,0.8457392710673602,0.0,,,EXPLOIT
1472,52,,,0,1,1,0,common,0.0,0.8470908730418389,0.6609632878406728,0.5018451358513698,0.0,0.8472747546118775,0.0,,,EXPLOIT
1473,52,,,0,1,1,1,common,1.0,0.9923398528009999,0.6864269701386942,0.6489935509362588,0.0,0.841073804643263,0.0,,,EXPLOIT
1474,52,,,0,1,1,0,common,1.0,0.4493909325228047,0.6383955640383951,0.5891127654122225,0.0,0.834418077474302,0.0,,,EXPLOIT
1475,52,,,0,1,1,0,common,1.0,0.29210410613982307,0.52496086692657,0.5000101676305027,0.0,0.8272560141732238,0.0,,,EXPLOIT
1476,52,,,0,1,1,0,common,1.0,0.18986766899088503,0.4391468500664837,0.4069674180386173,0.0,0.8195279563062746,0.0,,,EXPLOIT
1477,52,,,0,0,0,0,common,0.0,0.01825449978149719,0.3841348391882653,0.29035354256148127,0.0,0.8219250878176282,0.0,,,EXPLOIT
1478,52,,,0,0,1,0,rare,0.0,0.8765860151559247,0.2721667983085682,0.46622328433981425,0.0,0.8242363340770296,0.0,,,EXPLOIT
1479,52,,,0,0,0,1,common,0.0,0.2872006671025189,0.21229188725066916,0.4125164991686256,0.0,0.8264661189094253,0.0,,,EXPLOIT
1480,52,,,0,1,1,0,common,0.0,0.5697809098513511,0.17917481547005398,0.4596958223734432,0.0,0.828618567649267,0.0,,,EXPLOIT
1481,52,,,0,0,0,0,common,0.0,0.011865424857973175,0.3970651321629185,0.3253467031188022,0.0,0.8306975319011074,0.0,,,EXPLOIT
1482,52,,,0,1,1,1,common,0.0,0.35497909567935,0.3637582522977877,0.33423642088696653,0.0,0.8327066118756542,0.0,,,EXPLOIT
1483,52,,,0,1,0,1,rare,1.0,0.8133195663833628,0.5403045348369303,0.4779613645358854,0.0,0.8346491765738075,0.0,,,EXPLOIT
1484,52,,,0,1,1,0,common,0.0,0.3703575914033782,0.3485330295525589,0.4456802325961332,0.0,0.8365283820567596,0.0,,,EXPLOIT
1485,52,,,0,1,0,1,rare,1.0,0.5286577181491858,0.530043523129179,0.470573478262049,0.0,0.8383471880105934,0.0,,,EXPLOIT
1486,52,,,0,1,1,1,common,0.0,0.2307364121915775,0.3421975383325577,0.3986223584409075,0.0,0.8401083727882798,0.0,,,EXPLOIT
1487,52,,,0,1,0,1,rare,0.0,0.6563724832030293,0.5256708341622525,0.47594739586954404,0.0,0.8418145470898913,0.0,,,EXPLOIT
1488,52,,,0,1,0,1,rare,1.0,0.5733578859180309,0.6315215057465127,0.5051705428840901,0.0,0.8434681664227239,0.0,,,EXPLOIT
1489,52,,,0,1,0,1,rare,1.0,0.3726826258467202,0.41492600725161255,0.4654241677728791,0.0,0.8369899772210943,0.0,,,EXPLOIT
1490,52,,,0,1,1,0,common,0.0,0.24073243441219583,0.2775681699327757,0.3980166477646741,0.0,0.8387940814942401,0.0,,,EXPLOIT
1491,52,,,0,1,1,1,common,0.0,0.14997866792452538,0.4771773526890133,0.32360525381262945,0.0,0.8405412344184424,0.0,,,EXPLOIT
1492,52,,,0,1,1,0,common,1.0,0.8435239176320727,0.6072518119695727,0.4795808529584624,0.0,0.8422340066564178,0.0,,,EXPLOIT
1493,52,,,0,1,1,0,common,0.0,0.4517094535391527,0.3946971260131466,0.47121943313266945,0.0,0.843874816626001,0.0,,,EXPLOIT
1494,52,,,0,1,0,1,rare,1.0,0.2422437068003681,0.5601454059533114,0.402526715232979,0.0,0.8454659416085921,0.0,,,EXPLOIT
1495,52,,,0,1,1,0,common,0.0,0.29361114480044925,0.3612258575915916,0.36985204410322003,0.0,0.8470095278989507,0.0,,,EXPLOIT
1496,52,,,0,1,1,1,common,0.0,0.09748613415094151,0.5386214772407264,0.28814227111753643,0.0,0.8485076000914897,0.0,,,EXPLOIT
1497,52,,,0,1,1,1,common,0.0,0.06336598719811198,0.6376089150528572,0.22070938594170908,0.0,0.8499620695875784,0.0,,,EXPLOIT
1498,52,,,0,1,1,1,common,0.0,0.04118789167877279,0.6785269682404186,0.1668529376628282,0.0,0.8513747423990388,0.0,,,EXPLOIT
1499,52,,,0,1,1,1,common,1.0,0.9732278704087977,0.6912729383714279,0.408765417486619,0.0,0.8527473263148426,0.0,,,EXPLOIT
1500,52,,,0,1,0,1,rare,1.0,0.15745840942023925,0.5021773918669632,0.3333733150667051,0.0,0.854081437490821,0.0,,,EXPLOIT
1501,52,,,0,1,1,1,common,0.0,0.36740188423428144,0.32562036435300656,0.34358188581697796,0.0,0.8553786065158661,0.0,,,EXPLOIT
1502,52,,,0,1,1,0,common,0.0,0.19084724412029203,0.5139289618900373,0.29776149330797214,0.0,0.8566402840025072,0.0,,,EXPLOIT
1503,52,,,0,1,1,1,common,0.0,0.23881122475228295,0.6258605908416316,0.2800764127412654,0.0,0.8578678457448129,0.0,,,EXPLOIT
1504,52,,,0,1,1,1,common,1.0,0.8447727039110161,0.6742491645028557,0.44948530009219057,0.0,0.8590625974821832,0.0,,,EXPLOIT
1505,52,,,0,0,1,1,rare,1.0,0.5491022575421605,0.46301298044058703,0.4793703873271815,0.0,0.8602257793037256,0.0,,,EXPLOIT
1506,52,,,0,0,1,1,rare,0.0,0.6430835325975957,0.6850743984335788,0.5284843309083057,0.0,0.8613585697244575,0.0,,,EXPLOIT
1507,52,,,0,1,1,1,common,0.0,0.41800429618843715,0.6172194079163233,0.4953403204923451,0.0,0.856130067073005,0.0,,,EXPLOIT
1508,52,,,0,1,1,0,common,1.0,0.8759492913218102,0.689720433883322,0.6095230117411846,0.0,0.8573713769982031,0.0,,,EXPLOIT
1509,52,,,0,0,1,0,rare,0.0,0.43063296064082335,0.5523832312400372,0.5558559964110762,0.0,0.8518760620926366,0.0,,,EXPLOIT
1510,52,,,0,1,1,1,common,0.0,0.2717027925224842,0.47330489063785997,0.4706100352444985,0.0,0.8460020332238385,0.0,,,EXPLOIT
1511,52,,,0,1,1,0,common,0.0,0.27991142441653516,0.6282682557530295,0.4134004519961095,0.0,0.8475297448793471,0.0,,,EXPLOIT
1512,52,,,0,0,1,1,rare,0.0,0.17660681513961474,0.6854248621495778,0.34236236093916106,0.0,0.8490126121220354,0.0,,,EXPLOIT
1513,52,,,0,0,0,1,common,1.0,0.10234796612315555,0.6646568389097248,0.2703580424943594,0.0,0.8504525092633728,0.0,,,EXPLOIT
1514,52,,,0,0,1,1,rare,0.0,0.11479442984074958,0.6253571019630682,0.22368895869827646,0.0,0.8518512077585564,0.0,,,EXPLOIT
1515,52,,,0,1,1,1,common,1.0,0.9253836206035128,0.6893889997757949,0.4341973572698473,0.0,0.8532103831683747,0.0,,,EXPLOIT
1516,52,,,0,1,1,0,common,1.0,0.8180575741292522,0.600543413495807,0.5493554223276687,0.0,0.8545316215631484,0.0,,,EXPLOIT
1517,52,,,0,0,0,1,common,1.0,0.06652617798005112,0.4516309618431914,0.4045066490233834,0.0,0.8488421941320076,0.0,,,EXPLOIT
1518,52,,,0,0,0,1,common,0.0,0.9567579843129668,0.651774612753619,0.5701820496102584,0.0,0.8502870016329379,0.0,,,EXPLOIT
1519,52,,,0,1,1,0,common,0.0,0.46826257681598604,0.5135878813244487,0.5396062077719767,0.0,0.8443010836642251,0.0,,,EXPLOIT
1520,52,,,0,1,0,1,rare,1.0,0.3781073101965715,0.6752364438406969,0.4911565384993551,0.0,0.837884082688329,0.0,,,EXPLOIT
1521,52,,,0,1,1,0,common,0.0,0.30437067493039094,0.5478575939082007,0.43512077942866584,0.0,0.8396598608332385,0.0,,,EXPLOIT
1522,52,,,0,1,0,1,rare,1.0,0.24576975162777148,0.6835204792984324,0.3783154710883975,0.0,0.8413799710211931,0.0,,,EXPLOIT
1523,52,,,0,1,1,1,common,0.0,0.39850064660771667,0.561855104816149,0.38437102374419324,0.0,0.8430469076253482,0.0,,,EXPLOIT
1524,52,,,0,1,1,0,common,1.0,0.8021590612952458,0.6862743436773238,0.509707435009509,0.0,0.8446630183606518,0.0,,,EXPLOIT
1525,52,,,0,1,0,1,rare,0.0,0.8402496614419486,0.567659334611258,0.6088701029392408,0.0,0.8382725141990799,0.0,,,EXPLOIT
1526,52,,,0,1,1,0,common,0.0,0.47859661015809013,0.6873015275641501,0.5697880551048956,0.0,0.8314059794513574,0.0,,,EXPLOIT
1527,52,,,0,0,0,1,common,1.0,0.4538377200627335,0.6789577612476924,0.535002954592247,0.0,0.8240085549951578,0.0,,,EXPLOIT
1528,52,,,0,0,0,1,common,0.0,0.7050054819592232,0.5283497485603055,0.5860037128023399,0.0,0.8160166158430002,0.0,,,EXPLOIT
1529,52,,,0,0,0,0,common,0.0,0.007712526157682564,0.667727025581934,0.41251635680894266,0.0,0.8073559474181536,0.0,,,EXPLOIT
1530,52,,,0,1,1,1,common,1.0,0.7409745797049841,0.6926255210228989,0.5110538236777551,0.0,0.8102110800857745,0.0,,,EXPLOIT
1531,52,,,0,1,1,1,common,0.0,0.5183665231917602,0.5614162039437001,0.5132476335319567,0.0,0.8010473415716256,0.0,,,EXPLOIT
1532,52,,,0,0,0,1,common,0.0,0.4582535632734951,0.6755949562731495,0.49674941245441817,0.0,0.7910597895038114,0.0,,,EXPLOIT
1533,52,,,0,0,0,0,common,0.0,0.005013142002493667,0.6327926761366238,0.3492285313188408,0.0,0.7945851655958968,0.0,,,EXPLOIT
1534,52,,,0,1,1,0,common,1.0,0.6889122033972415,0.5943136885259221,0.451133632942361,0.0,0.7979600268558885,0.0,,,EXPLOIT
1535,52,,,0,1,1,0,common,1.0,0.44779293220820693,0.39392005062072755,0.45013142272211476,0.0,0.8011936511865239,0.0,,,EXPLOIT
1536,52,,,0,1,0,1,rare,1.0,0.7021351838722282,0.2738759165778903,0.5257325510671488,0.0,0.8042945695512003,0.0,,,EXPLOIT
1537,52,,,0,1,0,1,rare,1.0,0.4563878695169483,0.21029427557987068,0.5049291466020887,0.0,0.7946031164701312,0.0,,,EXPLOIT
1538,52,,,0,1,1,0,common,1.0,0.2910654059353345,0.1755103177933609,0.44077002440206237,0.0,0.7840143309507721,0.0,,,EXPLOIT
1539,52,,,0,1,1,0,common,1.0,0.18919251385796743,0.15554238957656707,0.36529677123883386,0.0,0.7878496146762507,0.0,,,EXPLOIT
1540,52,,,0,1,1,0,common,1.0,0.12297513400767879,0.1436207940328374,0.29260028006948735,0.0,0.7915146925814789,0.0,,,EXPLOIT
1541,52,,,0,0,0,1,common,1.0,0.2966521151860164,0.1362998004400528,0.29381583060444605,0.0,0.795020475824317,0.0,,,EXPLOIT
1542,52,,,0,1,1,0,common,1.0,0.07993383710499125,0.3237494873908158,0.2296512325546096,0.0,0.7983769627035768,0.0,,,EXPLOIT
1543,52,,,0,1,1,0,common,1.0,0.05195699411824428,0.3148389390960115,0.17634296102369998,0.0,0.8015933321736252,0.0,,,EXPLOIT
1544,52,,,0,0,0,1,common,1.0,0.19282387487091068,0.30912548002252976,0.1812872351778632,0.0,0.8046780260940392,0.0,,,EXPLOIT
1545,52,,,0,1,1,1,common,0.0,0.3369382400746442,0.48350648452353456,0.2279825366468975,0.0,0.8076388217663147,0.0,,,EXPLOIT
1546,52,,,0,0,1,1,rare,0.0,0.21900985604851872,0.6923193296424652,0.22529073246738385,0.0,0.8104828960699785,0.0,,,EXPLOIT
1547,52,,,0,0,0,1,common,1.0,0.12533551866609194,0.5918175282575094,0.19530416832699626,0.0,0.8132168823116462,0.0,,,EXPLOIT
1548,52,,,0,1,1,0,common,1.0,0.033772046176858805,0.6914891291320784,0.14684453168195502,0.0,0.8158469207350095,0.0,,,EXPLOIT
1549,52,,,0,1,0,1,rare,1.0,0.08146808713295972,0.6476251914836222,0.12723159831725642,0.0,0.8183787035013652,0.0,,,EXPLOIT
1550,52,,,0,1,1,0,common,0.0,0.9780481699850417,0.5929655130137519,0.382476569817592,0.0,0.8208175148342425,0.0,,,EXPLOIT
1551,52,,,0,0,1,0,rare,1.0,0.3642686895097229,0.6858025276388764,0.3770142057252312,0.0,0.8231682669240167,0.0,,,EXPLOIT
1552,52,,,0,0,1,0,rare,1.0,0.23677464818131988,0.6214782485701735,0.3349423384620578,0.0,0.8254355321059312,0.0,,,EXPLOIT
1553,52,,,0,0,0,1,common,1.0,0.052954256636423835,0.5539507652603025,0.25034591391436756,0.0,0.8276235717551088,0.0,,,EXPLOIT
1554,52,,,0,0,1,0,rare,0.0,0.8460964786821421,0.5043792403395131,0.4290710833446999,0.0,0.8297363622827943,0.0,,,EXPLOIT
1555,52,,,0,0,0,1,common,0.0,0.9655797331863245,0.6914265921752754,0.5900236782971873,0.0,0.8317776185675283,0.0,,,EXPLOIT
1556,52,,,0,1,1,0,common,1.0,0.45003728885660754,0.6361243671649509,0.5480277614650133,0.0,0.8244094432953595,0.0,,,EXPLOIT
1557,52,,,0,1,0,0,rare,0.0,0.0032585423016208833,0.5142316431422213,0.38459699571599554,0.0,0.8164503244964451,0.0,,,EXPLOIT
1558,52,,,0,1,0,0,rare,0.0,0.0021180524960535746,0.6795668644061013,0.26985331275001295,0.0,0.8189598055151992,0.0,,,EXPLOIT
1559,52,,,0,0,0,1,common,0.0,0.6276268265711109,0.6810650043740885,0.3771853668963423,0.0,0.8213775012760446,0.0,,,EXPLOIT
1560,52,,,0,1,0,1,rare,0.0,0.40795743727122213,0.6873640434628343,0.3864169880088062,0.0,0.8237082413658209,0.0,,,EXPLOIT
1561,52,,,0,1,1,0,common,1.0,0.2925242377567949,0.6880065231477953,0.3582491629332028,0.0,0.825956522584279,0.0,,,EXPLOIT
1562,52,,,0,0,0,1,common,1.0,0.7348276657737056,0.5967660849168773,0.47122271378535363,0.0,0.8281265371255738,0.0,,,EXPLOIT
1563,52,,,0,1,1,0,common,1.0,0.1901407545419167,0.6909687803317033,0.38689812601232254,0.0,0.830222197943633,0.0,,,EXPLOIT
1564,52,,,0,1,1,0,common,1.0,0.12359149045224582,0.6499841078411595,0.3079061353442995,0.0,0.8322471616243342,0.0,,,EXPLOIT
1565,52,,,0,1,1,0,common,1.0,0.08033446879395978,0.5667212979281597,0.23963463537919757,0.0,0.834204849045786,0.0,,,EXPLOIT
1566,52,,,0,1,1,0,common,1.0,0.052217404716073834,0.5002684726251188,0.18340946618026044,0.0,0.8360984640723077,0.0,,,EXPLOIT
1567,52,,,0,1,1,1,common,0.0,0.14235640643153719,0.45531360702535806,0.17109354825564346,0.0,0.8379310104970302,0.0,,,EXPLOIT
1568,52,,,0,0,0,1,common,1.0,0.4776379827529087,0.680585165717425,0.263056878604823,0.0,0.8397053074215994,0.0,,,EXPLOIT
1569,52,,,0,1,1,0,common,0.0,0.966058686934552,0.6765300610810381,0.4739574211037417,0.0,0.8414240032386385,0.0,,,EXPLOIT
1570,52,,,0,0,0,1,common,0.0,0.6895353112106093,0.5426233836879119,0.538630788135802,0.0,0.8430895883628546,0.0,,,EXPLOIT
1571,52,,,0,0,0,1,common,1.0,0.5518020477131039,0.6860582382292582,0.5425821660089926,0.0,0.8365834904279349,0.0,,,EXPLOIT
1572,52,,,0,0,0,1,common,1.0,0.35867133101351756,0.5784242011919918,0.48740891551035004,0.0,0.8295882345525684,0.0,,,EXPLOIT
1573,52,,,0,0,1,1,rare,1.0,0.9074683358195008,0.46918620399598887,0.6134267416030952,0.0,0.8316344699897065,0.0,,,EXPLOIT
1574,52,,,0,0,1,0,rare,1.0,0.3720618534925412,0.39613797001339407,0.5410172751699289,0.0,0.8242550354652579,0.0,,,EXPLOIT
1575,52,,,0,0,0,1,common,0.0,0.7668636348412136,0.35076186698007417,0.6087711830713143,0.0,0.8162832836185113,0.0,,,EXPLOIT
1576,52,,,0,1,1,0,common,1.0,0.24184020477015178,0.6175202925986059,0.4986918895809655,0.0,0.8076453728559286,0.0,,,EXPLOIT
1577,52,,,0,1,1,0,common,1.0,0.15719613310059866,0.6927765528697657,0.39624316263685544,0.0,0.8104891912921895,0.0,,,EXPLOIT
1578,52,,,0,1,1,0,common,1.0,0.10217748651538916,0.647885252402857,0.30802345980041557,0.0,0.8132229360692484,0.0,,,EXPLOIT
1579,52,,,0,1,1,0,common,1.0,0.06641536623500299,0.5859456834562304,0.2355410317307918,0.0,0.8158527463702547,0.0,,,EXPLOIT
1580,52,,,0,1,0,1,rare,1.0,0.5015386373532111,0.5371829586517399,0.31534031341751756,0.0,0.8183843133918198,0.0,,,EXPLOIT
1581,52,,,0,1,0,1,rare,1.0,0.3260001142795873,0.5035103761279495,0.31853825367613847,0.0,0.8208229204784329,0.0,,,EXPLOIT
1582,52,,,0,1,0,1,rare,1.0,0.21190007428173174,0.48120205444870223,0.28654679985781645,0.0,0.8231734790181082,0.0,,,EXPLOIT
1583,52,,,0,1,0,1,rare,1.0,0.13773504828312566,0.46662749546682686,0.2419032743854092,0.0,0.8254405606125202,0.0,,,EXPLOIT
1584,52,,,0,1,0,1,rare,1.0,0.08952778138403172,0.457149074322514,0.19619062648499594,0.0,0.8276284259650549,0.0,,,EXPLOIT
1585,52,,,0,1,1,0,common,1.0,0.04316998805275196,0.45099283944687685,0.15028443495532273,0.0,0.8297410508709032,0.0,,,EXPLOIT
1586,52,,,0,1,0,1,rare,1.0,0.05819305789962059,0.44699509039718005,0.12265702183861209,0.0,0.8317821496427859,0.0,,,EXPLOIT
1587,52,,,0,1,1,1,common,0.0,0.41014558171732446,0.44439864164166215,0.2089035898022258,0.0,0.8337551962627195,0.0,,,EXPLOIT
1588,52,,,0,0,0,1,common,1.0,0.03782548763475335,0.6857249916011496,0.15758015915198403,0.0,0.8356634435132522,0.0,,,EXPLOIT
1589,52,,,0,1,1,0,common,0.0,0.9719395077657113,0.6792373446582312,0.40188796373610214,0.0,0.8375099403098156,0.0,,,EXPLOIT
1590,52,,,0,0,0,1,common,0.0,0.9754134330374103,0.5322452634762429,0.5739456045264946,0.0,0.839297547428492,0.0,,,EXPLOIT
1591,52,,,0,0,0,1,common,1.0,0.36598126852568325,0.6872225770772991,0.5115563037262512,0.0,0.8325085379480298,0.0,,,EXPLOIT
1592,52,,,0,1,1,0,common,1.0,0.36823931995228765,0.5912036197244,0.4685612085940621,0.0,0.8251977159851436,0.0,,,EXPLOIT
1593,52,,,0,0,0,1,common,1.0,0.2378878245416941,0.6906354335512624,0.3993591933783517,0.0,0.8273940059045196,0.0,,,EXPLOIT
1594,52,,,0,1,1,1,common,1.0,0.7334053718837391,0.647331494008615,0.4995730469299679,0.0,0.82951463571324,0.0,,,EXPLOIT
1595,52,,,0,1,1,1,common,0.0,0.5232865082755696,0.6920844251577667,0.5066870853336484,0.0,0.8315633471207445,0.0,,,EXPLOIT
1596,52,,,0,1,0,1,rare,0.0,0.8453729140478988,0.5517868917290473,0.6082928339479234,0.0,0.824178315216072,0.0,,,EXPLOIT
1597,52,,,0,0,0,1,common,1.0,0.45050760586886573,0.40035726711698116,0.5609572655242061,0.0,0.8162002826069175,0.0,,,EXPLOIT
1598,52,,,0,0,0,1,common,1.0,0.2928299438147628,0.3350887415962869,0.4805190690113731,0.0,0.8075552917565859,0.0,,,EXPLOIT
1599,52,,,0,0,0,1,common,1.0,0.19033946347959585,0.29588694991557124,0.3934651873518399,0.0,0.8104026294369792,0.0,,,EXPLOIT
1600,52,,,0,0,0,0,common,0.0,0.0013767341224348235,0.27201573460882295,0.27583865138301833,0.0,0.8131396953062716,0.0,,,EXPLOIT
1601,52,,,0,0,0,1,common,1.0,0.12372065126173726,0.5483699282403288,0.230203251346634,0.0,0.8157726431422903,0.0,,,EXPLOIT
1602,52,,,0,0,0,1,common,1.0,0.08041842332012927,0.42793744394659106,0.18526780293868259,0.0,0.8183071774168452,0.0,,,EXPLOIT
1603,52,,,0,1,0,1,rare,1.0,0.052271975158084016,0.3516933566312297,0.145369054604503,0.0,0.8207485935707497,0.0,,,EXPLOIT
1604,52,,,0,0,0,1,common,1.0,0.0339767838527546,0.5595396966979265,0.11195137337897848,0.0,0.823101814032899,0.0,,,EXPLOIT
1605,52,,,0,0,0,1,common,1.0,0.02208490950429054,0.5100659008742199,0.08499143421657208,0.0,0.8253714204990147,0.0,,,EXPLOIT
1606,52,,,0,0,0,1,common,1.0,0.014355191177788829,0.47675273843163396,0.06380056130493711,0.0,0.8275616829154907,0.0,,,EXPLOIT
1607,52,,,0,0,0,1,common,1.0,0.009330874265562783,0.45496124588437153,0.047459655193124804,0.0,0.8296765855541589,0.0,,,EXPLOIT
1608,52,,,0,0,0,1,common,1.0,0.00606506827261577,0.44082407678660207,0.035041279116972086,0.0,0.8317198505130194,0.0,,,EXPLOIT
1609,52,,,0,0,1,0,rare,0.0,0.760644442031013,0.4316678699993751,0.2527222279911843,0.0,0.8336949589345857,0.0,,,EXPLOIT
1610,52,,,0,0,0,1,common,1.0,0.003942294377200284,0.6804367808499833,0.1780882479069891,0.0,0.8356051701963363,0.0,,,EXPLOIT
1611,52,,,0,0,0,1,common,1.0,0.0025624913451801623,0.6142180077657384,0.1254305209384464,0.0,0.837453539295839,0.0,,,EXPLOIT
1612,52,,,0,1,1,0,common,0.0,0.4944188873201585,0.549938156840668,0.23612703085296,0.0,0.8392429326256302,0.0,,,EXPLOIT
1613,52,,,0,0,0,1,common,1.0,0.0016656193743671555,0.37836999686074285,0.16578860740938212,0.0,0.8409760423092052,0.0,,,EXPLOIT
1614,52,,,0,0,1,1,rare,0.0,0.3401362303791202,0.3339408172901125,0.21809289430030354,0.0,0.8426553992489471,0.0,,,EXPLOIT
1615,52,,,0,1,1,1,common,0.0,0.22108854974642816,0.6027550288946222,0.21899159093414095,0.0,0.8442833850190206,0.0,,,EXPLOIT
1616,52,,,0,0,0,1,common,1.0,0.0010826525933386177,0.4975156131349566,0.15361890943190024,0.0,0.8458622427207848,0.0,,,EXPLOIT
1617,52,,,0,0,0,1,common,0.0,0.9992962758143299,0.3695719207432917,0.4073221193466291,0.0,0.8473940869047982,0.0,,,EXPLOIT
1618,52,,,0,0,0,1,common,1.0,0.35045742072068553,0.5905105587991119,0.39026270975884597,0.0,0.8488809126517319,0.0,,,EXPLOIT
1619,52,,,0,0,0,1,common,1.0,0.2277973234684456,0.43203573921617877,0.34152309387172586,0.0,0.8503246038942137,0.0,,,EXPLOIT
1620,52,,,0,0,0,1,common,1.0,0.1480682602544896,0.33039770567310456,0.28348664378655497,0.0,0.8517269410526096,0.0,,,EXPLOIT
1621,52,,,0,0,1,0,rare,1.0,0.6786277232418969,0.27185600791174236,0.40202896762315754,0.0,0.8530896080498372,0.0,,,EXPLOIT
1622,52,,,0,0,1,0,rare,1.0,0.44110802010723305,0.23778188088323268,0.4137526833683802,0.0,0.8544141987633381,0.0,,,EXPLOIT
1623,52,,,0,0,0,1,common,1.0,0.09624436916541823,0.21738274991540044,0.3185001891074916,0.0,0.8557022229661977,0.0,,,EXPLOIT
1624,52,,,0,0,1,1,rare,0.0,0.14370755733517832,0.20486113879019588,0.2660623995757976,0.0,0.8569551118039929,0.0,,,EXPLOIT
1625,52,,,0,0,0,1,common,1.0,0.06255883995752187,0.4627218370379331,0.20501133169031485,0.0,0.8581742228491455,0.0,,,EXPLOIT
1626,52,,,0,0,0,1,common,1.0,0.04066324597238924,0.3484852878042524,0.15570690597493717,0.0,0.8593608447703263,0.0,,,EXPLOIT
1627,52,,,0,0,1,1,rare,1.0,0.9065900877321341,0.28225066313746316,0.3809718605020962,0.0,0.8605162016506827,0.0,,,EXPLOIT
1628,52,,,0,0,0,1,common,1.0,0.026431109882052994,0.2439041073915385,0.27460963531608323,0.0,0.8616414569853253,0.0,,,EXPLOIT
1629,52,,,0,0,0,1,common,1.0,0.01718022142333442,0.22109107188768046,0.1973808111482586,0.0,0.8627377173855235,0.0,,,EXPLOIT
1630,52,,,0,0,1,0,rare,0.0,0.7132797869302985,0.2071578964373521,0.3521505038828705,0.0,0.8638060360144145,0.0,,,EXPLOIT
1631,52,,,0,0,0,1,common,1.0,0.011167143925167378,0.4650424701065553,0.24985549589555955,0.0,0.8648474157766566,0.0,,,EXPLOIT
1632,52,,,0,0,1,1,rare,0.0,0.4107164429741128,0.3498697988561829,0.29811378001912553,0.0,0.8658628122823441,0.0,,,EXPLOIT
1633,52,,,0,0,0,1,common,1.0,0.0072586435513587455,0.5785120636203147,0.2108572390787955,0.0,0.8668531366036046,0.0,,,EXPLOIT
1634,52,,,0,0,0,1,common,0.0,0.9952818816916168,0.4231809504649206,0.4461846318626419,0.0,0.8678192578406018,0.0,,,EXPLOIT
1635,52,,,0,0,0,1,common,1.0,0.3530667769004491,0.6197311535462527,0.418249275373984,0.0,0.8687620055121422,0.0,,,EXPLOIT
1636,52,,,0,1,0,1,rare,1.0,0.22949340498529192,0.45535436532342133,0.36162251425737635,0.0,0.8696821717847177,0.0,,,EXPLOIT
1637,52,,,0,0,0,1,common,1.0,0.14917071324043973,0.6607379110490474,0.29788697395229535,0.0,0.8705805135525769,0.0,,,EXPLOIT
1638,52,,,0,0,0,1,common,1.0,0.09696096360628581,0.5758179999358044,0.23760917084849248,0.0,0.8714577543803169,0.0,,,EXPLOIT
1639,52,,,0,1,1,0,common,1.0,0.536368138495306,0.5047557157939379,0.3272368611425365,0.0,0.8723145863184767,0.0,,,EXPLOIT
1640,52,,,0,0,0,1,common,1.0,0.06302462634408579,0.6398935181237859,0.24797319070300125,0.0,0.8731516716017188,0.0,,,EXPLOIT
1641,52,,,0,0,0,1,common,1.0,0.04096600712365572,0.6034511169774299,0.18587103562919757,0.0,0.873969644238357,0.0,,,EXPLOIT
1642,52,,,0,1,1,0,common,0.0,0.6513607099780512,0.5763341486492036,0.32551793793385364,0.0,0.8747691114992618,0.0,,,EXPLOIT
1643,52,,,0,1,0,1,rare,1.0,0.02662790463037623,0.3700919891778841,0.2358509279428104,0.0,0.8755506553134922,0.0,,,EXPLOIT
1644,52,,,0,1,1,0,common,1.0,0.5766155385142667,0.5424456202583071,0.3380803111142473,0.0,0.8763148335774017,0.0,,,EXPLOIT
1645,52,,,0,1,1,0,common,1.0,0.37480010003427333,0.6379298382325294,0.34909624779025505,0.0,0.877062181383415,0.0,,,EXPLOIT
1646,52,,,0,0,0,1,common,1.0,0.01730813800974451,0.6778364307110765,0.24955981485610187,0.0,0.8777932121741647,0.0,,,EXPLOIT
1647,52,,,0,0,1,1,rare,1.0,0.7330343120668267,0.6690421818931986,0.3946021640193193,0.0,0.8785084188272279,0.0,,,EXPLOIT
1648,52,,,0,0,0,1,common,0.0,0.9887497102936661,0.6623471951172752,0.5728464279016232,0.0,0.8792082746752781,0.0,,,EXPLOIT
1649,52,,,0,1,1,0,common,1.0,0.24362006502227773,0.609139604289546,0.47407851903781956,0.0,0.8750925197646419,0.0,,,EXPLOIT
1650,52,,,0,1,1,0,common,0.0,0.8416469577355195,0.5677367839710405,0.5843490506471295,0.0,0.8758668588766924,0.0,,,EXPLOIT
1651,52,,,0,0,0,1,common,0.0,0.642687311690883,0.6887570743581706,0.6018505289602555,0.0,0.8715529257636481,0.0,,,EXPLOIT
1652,52,,,0,0,1,1,rare,1.0,0.47647230284343733,0.635925880715116,0.56423706112521,0.0,0.866976251118764,0.0,,,EXPLOIT
1653,52,,,0,0,0,1,common,1.0,0.5822532474009261,0.6911053850958455,0.5696419170079248,0.0,0.862112330838646,0.0,,,EXPLOIT
1654,52,,,0,1,1,0,common,0.0,0.5470705225280876,0.6409127386417561,0.5628704986639737,0.0,0.8569335162448748,0.0,,,EXPLOIT
1655,52,,,0,0,0,1,common,1.0,0.3784646108106019,0.4788181320367815,0.507548732307962,0.0,0.8514084929321007,0.0,,,EXPLOIT
1656,52,,,0,0,1,0,rare,1.0,0.644404160356743,0.4013869690346712,0.5486053607225962,0.0,0.8455016524180061,0.0,,,EXPLOIT
1657,52,,,0,0,0,1,common,1.0,0.24600199702689118,0.35320541305770997,0.4578243516138847,0.0,0.839172329956819,0.0,,,EXPLOIT
1658,52,,,0,0,0,1,common,1.0,0.15990129806747921,0.3234562018957134,0.36844743554996306,0.0,0.8409076452648533,0.0,,,EXPLOIT
1659,52,,,0,0,0,1,common,0.0,0.8960641562561386,0.3049046009355749,0.5267324517618157,0.0,0.8425891093613128,0.0,,,EXPLOIT
1660,52,,,0,0,0,1,common,0.0,0.58244170156649,0.5893289706620655,0.5434452267032179,0.0,0.8360460226855313,0.0,,,EXPLOIT
1661,52,,,0,0,0,1,common,0.0,0.37858710601821854,0.6920479893459106,0.49398779049771807,0.0,0.8290095509981513,0.0,,,EXPLOIT
1662,52,,,0,1,1,0,common,0.0,0.581137295768117,0.6661240429710252,0.5201326420788377,0.0,0.8310752904539529,0.0,,,EXPLOIT
1663,52,,,0,1,0,1,rare,1.0,0.7539183810881579,0.6926824771195941,0.5902683637816337,0.0,0.8236517900259336,0.0,,,EXPLOIT
1664,52,,,0,1,1,1,common,0.0,0.6902930031517658,0.583582875815824,0.6202757555926733,0.0,0.8156305847670478,0.0,,,EXPLOIT
1665,52,,,0,0,0,1,common,1.0,0.4900469477073027,0.6835764867515175,0.5812071132270622,0.0,0.8069369177026918,0.0,,,EXPLOIT
1666,52,,,0,0,1,0,rare,1.0,0.622260757750724,0.626738453023656,0.5935232065841607,0.0,0.7974830230957002,0.0,,,EXPLOIT
1667,52,,,0,0,0,1,common,1.0,0.3185305160097468,0.4916280503787219,0.5110253994118366,0.0,0.7871651680966358,0.0,,,EXPLOIT
1668,52,,,0,1,1,1,common,1.0,0.5513095479513522,0.3947870390050968,0.5231106439736912,0.0,0.7758598486083125,0.0,,,EXPLOIT
1669,52,,,0,0,0,1,common,1.0,0.20704483540633545,0.5963072845634039,0.42829090140348447,0.0,0.7634188431398505,0.0,,,EXPLOIT
1670,52,,,0,0,0,1,common,1.0,0.1345791430141181,0.5388444281231661,0.34017737388667457,0.0,0.7682293701275127,0.0,,,EXPLOIT
1671,52,,,0,0,0,1,common,0.0,0.9125235570408232,0.4985467516151829,0.5118812288329191,0.0,0.7728028892895034,0.0,,,EXPLOIT
1672,52,,,0,1,1,0,common,1.0,0.4044694925379706,0.6915119612166889,0.4796577079444345,0.0,0.7600450988309931,0.0,,,EXPLOIT
1673,52,,,0,1,0,1,rare,1.0,0.40685968792346494,0.66360980941431,0.45781830193814366,0.0,0.7650251872398895,0.0,,,EXPLOIT
1674,52,,,0,0,0,1,common,0.0,0.7355412028497478,0.6033928126225065,0.5411351722116249,0.0,0.769755948598608,0.0,,,EXPLOIT
1675,52,,,0,1,1,0,common,1.0,0.26290517014968096,0.425773269390963,0.4576661715930417,0.0,0.756678290000833,0.0,,,EXPLOIT
1676,52,,,0,0,0,1,common,0.0,0.4781017818523361,0.3700483624004095,0.46379685467083,0.0,0.7618303338952358,0.0,,,EXPLOIT
1677,52,,,0,0,0,0,common,1.0,0.9991051228204174,0.2653076532729725,0.6243893351157062,0.0,0.7667203550155394,0.0,,,EXPLOIT
1678,52,,,0,1,1,0,common,1.0,0.17088836059729262,0.481744948473699,0.48833904276018203,0.0,0.7533199203521109,0.0,,,EXPLOIT
1679,52,,,0,1,1,0,common,1.0,0.11107743438824025,0.4444000405903725,0.37516056024859945,0.0,0.7586462147260815,0.0,,,EXPLOIT
1680,52,,,0,0,0,0,common,0.0,0.3505816701667287,0.42029110717556384,0.36778689322403824,0.0,0.7636974168728172,0.0,,,EXPLOIT
1681,52,,,0,1,1,1,common,0.0,0.6416487938316211,0.2748840540569797,0.44994546340631314,0.0,0.7684940660593389,0.0,,,EXPLOIT
1682,52,,,0,0,0,0,common,0.0,0.22787808560837367,0.5548685384804084,0.38332525006693124,0.0,0.7730547067946871,0.0,,,EXPLOIT
1683,52,,,0,1,1,0,common,0.0,0.9277996676476439,0.4523043719073294,0.546667575341145,0.0,0.7773961252581199,0.0,,,EXPLOIT
1684,52,,,0,1,1,0,common,1.0,0.39693021602903145,0.6295186280465371,0.5017463675475109,0.0,0.7651127589504637,0.0,,,EXPLOIT
1685,52,,,0,1,1,0,common,1.0,0.2580046404188705,0.4580865039628518,0.4286238494089188,0.0,0.7515397281569427,0.0,,,EXPLOIT
1686,52,,,0,1,1,0,common,0.0,0.8322969837277342,0.34041311094194626,0.5497257897045634,0.0,0.7569594914778389,0.0,,,EXPLOIT
1687,52,,,0,0,0,1,common,1.0,0.6892338417959816,0.5672007540891415,0.5915782053319888,0.0,0.7424933616724405,0.0,,,EXPLOIT
1688,52,,,0,0,0,0,common,0.0,0.1481207556454429,0.6930891283218878,0.458540970426025,0.0,0.7263693292744321,0.0,,,EXPLOIT
1689,52,,,0,1,0,0,rare,0.0,0.09627849116953788,0.6406659853102168,0.34986222664907884,0.0,0.7331921365421219,0.0,,,EXPLOIT
1690,52,,,0,1,0,1,rare,1.0,0.448001997167388,0.6931226525515624,0.37930415780457155,0.0,0.7396196317262975,0.0,,,EXPLOIT
1691,52,,,0,0,0,1,common,1.0,0.29120129815880214,0.5930156580509899,0.3528732999108407,0.0,0.7456849062975281,0.0,,,EXPLOIT
1692,52,,,0,1,1,0,common,0.0,0.5409930394230272,0.693136817214111,0.4093092217644967,0.0,0.7514174588772957,0.0,,,EXPLOIT
1693,52,,,0,1,1,0,common,1.0,0.6483545243750323,0.62144930496507,0.48102281254765733,0.0,0.756843669970153,0.0,,,EXPLOIT
1694,52,,,0,1,1,0,common,1.0,0.421430440843771,0.6916777490306872,0.4631451010364914,0.0,0.761987203360782,0.0,,,EXPLOIT
1695,52,,,0,0,0,1,common,1.0,0.1892808438032214,0.6369778054795892,0.38098582386651036,0.0,0.7668693470608784,0.0,,,EXPLOIT
1696,52,,,0,0,0,1,common,1.0,0.12303254847209388,0.6925258182149321,0.3035998412481854,0.0,0.7715093041668595,0.0,,,EXPLOIT
1697,52,,,0,0,0,1,common,0.0,0.920028843493139,0.6795391739742143,0.4885285419216715,0.0,0.7759244420083553,0.0,,,EXPLOIT
1698,52,,,0,1,0,1,rare,1.0,0.40198125172945964,0.618091734095243,0.46256435486400793,0.0,0.7801305064025945,0.0,,,EXPLOIT
1699,52,,,0,0,0,1,common,1.0,0.26128781362414877,0.5444475622272411,0.4021813924920502,0.0,0.7841418065861735,0.0,,,EXPLOIT
1700,52,,,0,1,1,0,common,1.0,0.2739297865484511,0.6599805424065741,0.36370591070897046,0.0,0.7879713754017054,0.0,,,EXPLOIT
1701,52,,,0,0,0,1,common,1.0,0.16983707885569665,0.6242472111566438,0.3055452611529883,0.0,0.7916311085179857,0.0,,,EXPLOIT
1702,52,,,0,1,1,1,common,0.0,0.4170717159905537,0.6788591337340804,0.3390031976042579,0.0,0.7951318858169584,0.0,,,EXPLOIT
1703,52,,,0,0,0,1,common,1.0,0.11039410125620286,0.6013483042856261,0.2704204686998414,0.0,0.7984836775568114,0.0,,,EXPLOIT
1704,52,,,0,0,0,1,common,1.0,0.07175616581653188,0.5455951249831722,0.2108211778348485,0.0,0.80169563749313,0.0,,,EXPLOIT
1705,52,,,0,0,0,1,common,1.0,0.04664150778074572,0.5062361944092926,0.16156727681861766,0.0,0.804776184789812,0.0,,,EXPLOIT
1706,52,,,0,1,1,0,common,0.0,0.8219456387435068,0.48001807467372243,0.3596807853960844,0.0,0.8077330762632249,0.0,,,EXPLOIT
1707,52,,,0,1,1,1,common,0.0,0.27109661539385993,0.3081917459368727,0.333105534395417,0.0,0.810573470264893,0.0,,,EXPLOIT
1708,52,,,0,0,1,1,rare,0.0,0.17621280000600897,0.21833553902011626,0.2860377140785946,0.0,0.8133039833103913,0.0,,,EXPLOIT
1709,52,,,0,0,1,0,rare,0.0,0.5342646651832794,0.47850076306847333,0.36050579941000005,0.0,0.8159307403975289,0.0,,,EXPLOIT
1710,52,,,0,1,0,1,rare,1.0,0.030316980057484733,0.6466937272686338,0.2614491536042454,0.0,0.8184594198193378,0.0,,,EXPLOIT
1711,52,,,0,0,1,0,rare,1.0,0.6527279676308684,0.6700394928216173,0.37883279781223234,0.0,0.8208952931619776,0.0,,,EXPLOIT
1712,52,,,0,1,1,0,common,1.0,0.42427317896006445,0.6729753260819292,0.39246491215658197,0.0,0.8232432610805389,0.0,,,EXPLOIT
1713,52,,,0,1,1,1,common,0.0,0.11453832000390585,0.6832516383181453,0.3090869345107791,0.0,0.8255078853637112,0.0,,,EXPLOIT
1714,52,,,0,1,1,0,common,0.0,0.7242224336759581,0.64008714776558,0.43362758426033277,0.0,0.8276934177288121,0.0,,,EXPLOIT
1715,52,,,0,0,0,1,common,1.0,0.019706037037365065,0.5218910612542146,0.30945112009344244,0.0,0.8298038257296488,0.0,,,EXPLOIT
1716,52,,,0,1,1,0,common,1.0,0.5292554181106273,0.4006047902469383,0.37539240949859787,0.0,0.8318428161093963,0.0,,,EXPLOIT
1717,52,,,0,0,0,0,common,0.0,0.06258101926019963,0.6125728523428089,0.28154899242707837,0.0,0.8338138558876963,0.0,,,EXPLOIT
1718,52,,,0,1,1,1,common,0.0,0.07444990800253881,0.6878156956755744,0.21941926709971651,0.0,0.8357201914343738,0.0,,,EXPLOIT
1719,52,,,0,1,0,1,rare,0.0,0.9871910759257128,0.6574194555831359,0.44975080974751536,0.0,0.8375648657505277,0.0,,,EXPLOIT
1720,52,,,0,1,1,0,common,1.0,0.3440160217719077,0.5756608012810834,0.41803037335483306,0.0,0.839350734150527,0.0,,,EXPLOIT
1721,52,,,0,0,1,0,rare,1.0,0.22361041415174,0.6928412535259629,0.3597043855939051,0.0,0.8410804785149207,0.0,,,EXPLOIT
1722,52,,,0,0,0,1,common,0.0,0.6416741993517133,0.6398167435115847,0.4442953297212476,0.0,0.842756620263926,0.0,,,EXPLOIT
1723,52,,,0,1,1,0,common,1.0,0.145346769198631,0.6847707446459402,0.3546107615644626,0.0,0.8443815321835069,0.0,,,EXPLOIT
1724,52,,,0,0,0,1,common,1.0,0.5829117704213863,0.5892952802929108,0.4231010642215397,0.0,0.8459574492207201,0.0,,,EXPLOIT
1725,52,,,0,0,1,0,rare,1.0,0.09447539997911014,0.6895909102747984,0.32451336494881083,0.0,0.8474864783516325,0.0,,,EXPLOIT
1726,52,,,0,1,1,0,common,1.0,0.061409009986421625,0.6782765845070065,0.24558205846009407,0.0,0.8489706076134541,0.0,,,EXPLOIT
1727,52,,,0,1,0,1,rare,1.0,0.3788926507739011,0.6916415623491721,0.2855752361542362,0.0,0.8504117143823251,0.0,,,EXPLOIT
1728,52,,,0,1,1,0,common,0.0,0.960084143508826,0.6728517916585257,0.48792790836061306,0.0,0.8518115729692459,0.0,,,EXPLOIT
1729,52,,,0,0,1,0,rare,1.0,0.3759453067192631,0.6191779378133121,0.45433312786820806,0.0,0.8531718615987924,0.0,,,EXPLOIT
1730,52,,,0,0,1,0,rare,1.0,0.244364449367521,0.5547056447444998,0.3913425243180019,0.0,0.8544941688283451,0.0,,,EXPLOIT
1731,52,,,0,0,1,0,rare,0.0,0.8411631079111114,0.5076397112454714,0.5262886993959347,0.0,0.8557799994594691,0.0,,,EXPLOIT
1732,52,,,0,0,0,0,common,0.0,0.040677662519129756,0.6920099931315816,0.3806053883328932,0.0,0.8501763242899084,0.0,,,EXPLOIT
1733,52,,,0,1,1,1,common,1.0,0.9516075597983498,0.6319408589149866,0.5519060397725302,0.0,0.8515828848433791,0.0,,,EXPLOIT
1734,52,,,0,1,1,0,common,0.0,0.5467560201422224,0.5110868249059466,0.5503610338834378,0.0,0.8456882930828558,0.0,,,EXPLOIT
1735,52,,,0,0,0,1,common,0.0,0.7537197769969642,0.6790593701707459,0.6113686568174957,0.0,0.8393725461956962,0.0,,,EXPLOIT
1736,52,,,0,1,1,0,common,0.0,0.35539141309244454,0.6068476581629259,0.5345754836999803,0.0,0.8325891914458542,0.0,,,EXPLOIT
1737,52,,,0,1,0,1,rare,0.0,0.48991785504802676,0.6871461479799235,0.5211781951043942,0.0,0.8252846841517096,0.0,,,EXPLOIT
1738,52,,,0,1,1,0,common,1.0,0.768995581489911,0.6880388939803777,0.5955234110200492,0.0,0.8173969805560395,0.0,,,EXPLOIT
1739,52,,,0,1,0,1,rare,1.0,0.6815533942187826,0.5970609621510916,0.6213324059796692,0.0,0.8088537818212527,0.0,,,EXPLOIT
1740,52,,,0,0,0,1,common,1.0,0.4430097062422087,0.4405546320690681,0.567835596058431,0.0,0.7995703238861217,0.0,,,EXPLOIT
1741,52,,,0,0,0,1,common,1.0,0.28795630905743563,0.6501241969703139,0.4838718099581324,0.0,0.7894465699873982,0.0,,,EXPLOIT
1742,52,,,0,0,0,1,common,0.0,0.8128283991126668,0.6922314740403233,0.5825587867044927,0.0,0.7930418360160302,0.0,,,EXPLOIT
1743,52,,,0,1,0,1,rare,1.0,0.47166154057676657,0.6069968694258234,0.5492896128661748,0.0,0.7823046550771126,0.0,,,EXPLOIT
1744,52,,,0,1,0,1,rare,1.0,0.30658000137489827,0.5096820181258833,0.4764767294187918,0.0,0.7705179726764336,0.0,,,EXPLOIT
1745,52,,,0,1,0,1,rare,1.0,0.19927700089368394,0.440744405151943,0.3933168108612594,0.0,0.7749807046537581,0.0,,,EXPLOIT
1746,52,,,0,1,1,0,common,1.0,0.4998471279684422,0.3964664627754445,0.42527590599341425,0.0,0.7792310605145593,0.0,,,EXPLOIT
1747,52,,,0,1,0,1,rare,1.0,0.1295300505808945,0.3685147886939922,0.3365521493696583,0.0,0.7832836480889217,0.0,,,EXPLOIT
1748,52,,,0,1,0,0,rare,0.0,0.026440480637434344,0.3508235461704547,0.24351864874999113,0.0,0.7871517658141151,0.0,,,EXPLOIT
1749,52,,,0,1,1,0,common,0.0,0.6750993668205125,0.6315334760654663,0.3729928641711475,0.0,0.7908475462361826,0.0,,,EXPLOIT
1750,52,,,0,0,1,0,rare,1.0,0.5611854115666668,0.6903719478195565,0.4294506283898033,0.0,0.7943820810439921,0.0,,,EXPLOIT
1751,52,,,0,0,0,1,common,1.0,0.08419453287758139,0.5959214974758685,0.32587379973613667,0.0,0.7977655303502662,0.0,,,EXPLOIT
1752,52,,,0,0,1,0,rare,1.0,0.36477051751833345,0.48945328658457127,0.3375428150707957,0.0,0.8010072184874715,0.0,,,EXPLOIT
1753,52,,,0,0,0,1,common,1.0,0.054726446370427895,0.4160208149697586,0.25269790446068535,0.0,0.8041157182208364,0.0,,,EXPLOIT
1754,52,,,0,0,1,0,rare,1.0,0.2371008363869167,0.3697564744473178,0.24801878403855476,0.0,0.8070989249801479,0.0,,,EXPLOIT
1755,52,,,0,0,0,1,common,0.0,0.9644278098592218,0.34092725777930455,0.46294149178475485,0.0,0.8099641224637659,0.0,,,EXPLOIT
1756,52,,,0,0,0,1,common,1.0,0.37312192359150576,0.617641951605113,0.43599562132678005,0.0,0.812718040762543,0.0,,,EXPLOIT
1757,52,,,0,0,1,0,rare,1.0,0.15411554365149582,0.506797919662437,0.35143159802419477,0.0,0.8153669079801061,0.0,,,EXPLOIT
1758,52,,,0,0,0,1,common,0.0,0.7574707496655213,0.4272433982926416,0.4732433435165927,0.0,0.8179164961829581,0.0,,,EXPLOIT
1759,52,,,0,0,0,1,common,0.0,0.4923559872825889,0.657228010125366,0.4789771366463915,0.0,0.8203721623939678,0.0,,,EXPLOIT
1760,52,,,0,0,0,0,common,0.0,0.017186312414332324,0.6874924047006611,0.3404398893767737,0.0,0.8227388852420173,0.0,,,EXPLOIT
1761,52,,,0,1,1,0,common,1.0,0.10017510337347224,0.6343900881469399,0.26836045357578325,0.0,0.8250212977954903,0.0,,,EXPLOIT
1762,52,,,0,1,0,1,rare,1.0,0.6799686082663172,0.4664026606394957,0.3918428999829434,0.0,0.8272237170352783,0.0,,,EXPLOIT
1763,52,,,0,1,0,1,rare,1.0,0.44197959537310627,0.3488572150337943,0.40688390859999224,0.0,0.8293501703618442,0.0,,,EXPLOIT
1764,52,,,0,1,1,0,common,1.0,0.065113817192757,0.28085763802279395,0.3043528811778216,0.0,0.8314044194788118,0.0,,,EXPLOIT
1765,52,,,0,1,1,0,common,1.0,0.042323981175292014,0.24163960262055714,0.2257442111770627,0.0,0.8333899819510908,0.0,,,EXPLOIT
1766,52,,,0,1,0,1,rare,1.0,0.28728673699251905,0.21838120267619,0.24420696892169957,0.0,0.835310150697485,0.0,,,EXPLOIT
1767,52,,,0,1,0,1,rare,1.0,0.1867363790451374,0.20420789711269066,0.2269657919587309,0.0,0.8371680116450305,0.0,,,EXPLOIT
1768,52,,,0,1,0,1,rare,1.0,0.12137864637933937,0.19539000357662228,0.19528964828491344,0.0,0.8389664597441925,0.0,,,EXPLOIT
1769,52,,,0,0,0,1,common,1.0,0.07889612014657055,0.18982328101355755,0.16037158984341054,0.0,0.8407082135197662,0.0,,,EXPLOIT
1770,52,,,0,1,1,0,common,1.0,0.027510587763939776,0.38048278728530927,0.1205132892195693,0.0,0.8423958283113329,0.0,,,EXPLOIT
1771,52,,,0,1,1,0,common,1.0,0.017881882046560826,0.3748361433533278,0.08972386706766676,0.0,0.8440317083389243,0.0,,,EXPLOIT
1772,52,,,0,1,1,1,common,0.0,0.38145508613107265,0.37118495763081016,0.17724323278668852,0.0,0.845618117713731,0.0,,,EXPLOIT
1773,52,,,0,0,1,0,rare,1.0,0.011623223330264554,0.6523421783886405,0.12755722994976132,0.0,0.8471571904999209,0.0,,,EXPLOIT
1774,52,,,0,0,1,0,rare,1.0,0.00755509516467201,0.6914083217661833,0.09155658951423451,0.0,0.8486509399216219,0.0,,,EXPLOIT
1775,52,,,0,0,1,0,rare,1.0,0.00491081185703679,0.6535975858721242,0.0655628562170752,0.0,0.850101266798614,0.0,,,EXPLOIT
1776,52,,,0,1,0,1,rare,1.0,0.05128247809527087,0.6067197535648838,0.06127874278053389,0.0,0.8515099672850747,0.0,,,EXPLOIT
1777,52,,,0,0,0,1,common,1.0,0.03333361076192609,0.6760443299650724,0.052895203174951555,0.0,0.8528787399776426,0.0,,,EXPLOIT
1778,52,,,0,0,0,1,common,1.0,0.02166684699525201,0.6546836742068718,0.04352669632104169,0.0,0.854209192451961,0.0,,,EXPLOIT
1779,52,,,0,0,1,0,rare,1.0,0.003192027707073941,0.6368492601058733,0.031426295736851365,0.0,0.8555028472806031,0.0,,,EXPLOIT
1780,52,,,0,0,1,0,rare,0.0,0.9979251819904019,0.623793229597674,0.32137596161291654,0.0,0.8567611475797581,0.0,,,EXPLOIT
1781,52,,,0,1,1,0,common,1.0,0.35134863170623876,0.6535017105045176,0.33036776264091317,0.0,0.8579854621271762,0.0,,,EXPLOIT
1782,52,,,0,1,0,1,rare,0.0,0.9859165494530862,0.6016753966420388,0.5270323986845651,0.0,0.8591770900895408,0.0,,,EXPLOIT
1783,52,,,0,0,1,0,rare,0.0,0.7716233893909448,0.6826063916862148,0.600409695896479,0.0,0.853803437653659,0.0,,,EXPLOIT
1784,52,,,0,1,1,0,common,0.0,0.5015552031041142,0.6523094990027789,0.5707533480587695,0.0,0.8480636868534489,0.0,,,EXPLOIT
1785,52,,,0,0,1,0,rare,1.0,0.6739891179823257,0.6886663752986866,0.6017240790358364,0.0,0.8419194270307172,0.0,,,EXPLOIT
1786,52,,,0,0,0,1,common,1.0,0.3591542428554939,0.578128850757486,0.5289531281817337,0.0,0.835326679794607,0.0,,,EXPLOIT
1787,52,,,0,0,0,1,common,1.0,0.2334502578560711,0.46147300575343153,0.44030226708403486,0.0,0.8282348522539114,0.0,,,EXPLOIT
1788,52,,,0,0,0,1,common,0.0,0.8482573323935538,0.3840802829075618,0.5626887866768906,0.0,0.8303268323497085,0.0,,,EXPLOIT
1789,52,,,0,0,1,1,rare,0.0,0.24794580598519722,0.6291339624331302,0.46826589246938255,0.0,0.8228441405452777,0.0,,,EXPLOIT
1790,52,,,0,0,1,0,rare,0.0,0.5619070733114883,0.6930876915222244,0.49635824672201423,0.0,0.8251228357656958,0.0,,,EXPLOIT
1791,52,,,0,1,1,1,common,0.0,0.1611647738903782,0.660830645342267,0.3958002048725234,0.0,0.8273217263163269,0.0,,,EXPLOIT
1792,52,,,0,0,1,0,rare,1.0,0.6347604023475326,0.6931220454624956,0.4674882641150261,0.0,0.8294448270550318,0.0,,,EXPLOIT
1793,52,,,0,1,1,0,common,1.0,0.4125942615258962,0.5694114990516532,0.4510200633382871,0.0,0.8314958881683158,0.0,,,EXPLOIT
1794,52,,,0,0,0,1,common,1.0,0.44863273394419,0.6931365607116238,0.45030386452005794,0.0,0.833478416630464,0.0,,,EXPLOIT
1795,52,,,0,0,0,1,common,0.0,0.7083887229362764,0.6367516258791484,0.5277293220449235,0.0,0.8353956956081262,0.0,,,EXPLOIT
1796,52,,,0,1,0,0,rare,0.0,0.011171103069316011,0.6852182243340974,0.37276185635224124,0.0,0.8283091886456243,0.0,,,EXPLOIT
1797,52,,,0,1,0,1,rare,0.0,0.4604526699085797,0.6685101884694904,0.3990691004191428,0.0,0.8303986443556405,0.0,,,EXPLOIT
1798,52,,,0,1,1,0,common,1.0,0.2681862699918325,0.600167702927237,0.3598042512909497,0.0,0.8324177053749421,0.0,,,EXPLOIT
1799,52,,,0,0,1,0,rare,1.0,0.1743210754946911,0.6883132235991594,0.3041592985520721,0.0,0.8343697732569051,0.0,,,EXPLOIT
1800,52,,,0,0,0,1,common,0.0,0.2992942354405768,0.6515969097919494,0.3026997796186235,0.0,0.8362580340604799,0.0,,,EXPLOIT
1801,52,,,0,1,1,0,common,1.0,0.11330869907154928,0.6820174883842511,0.24588245545450121,0.0,0.8380854751516644,0.0,,,EXPLOIT
1802,52,,,0,1,0,0,rare,0.0,0.007261216995055408,0.5788118086355286,0.17429608391666745,0.0,0.8398549004571412,0.0,,,EXPLOIT
1803,52,,,0,1,1,0,common,0.0,0.926349345603493,0.6922808464112276,0.39991206242271515,0.0,0.8415689443339225,0.0,,,EXPLOIT
1804,52,,,0,0,0,1,common,1.0,0.8054587469636251,0.6600003728490407,0.5215760677849881,0.0,0.8432300841993235,0.0,,,EXPLOIT
1805,52,,,0,1,0,1,rare,1.0,0.5235481855263563,0.5093462178366948,0.5221677031073986,0.0,0.8367343507088333,0.0,,,EXPLOIT
1806,52,,,0,1,1,0,common,1.0,0.39787292535772956,0.6788678451611747,0.48487926978249785,0.0,0.8297506414301559,0.0,,,EXPLOIT
1807,52,,,0,1,1,0,common,1.0,0.2586174014825242,0.6810415572822757,0.4170007092925057,0.0,0.8317914180247433,0.0,,,EXPLOIT
1808,52,,,0,0,1,1,rare,0.0,0.10475710302874583,0.6294528602521818,0.3233276274133777,0.0,0.8337641579882,0.0,,,EXPLOIT
1809,52,,,0,1,1,0,common,1.0,0.16810131096364078,0.45188494377677,0.27675973247845664,0.0,0.8356721131227651,0.0,,,EXPLOIT
1810,52,,,0,1,1,0,common,0.0,0.8907341478736335,0.3909817584336749,0.46095205709700965,0.0,0.8375183314397656,0.0,,,EXPLOIT
1811,52,,,0,0,0,1,common,0.0,0.6596936794078684,0.6416566529871609,0.5205745437902672,0.0,0.8393056728803822,0.0,,,EXPLOIT
1812,52,,,0,1,1,0,common,1.0,0.4210228038821382,0.5363924504632739,0.4907090218178285,0.0,0.832517276155594,0.0,,,EXPLOIT
1813,52,,,0,1,0,1,rare,1.0,0.5711991083848855,0.40209660984230716,0.5148560477879456,0.0,0.834466066450441,0.0,,,EXPLOIT
1814,52,,,0,1,1,0,common,1.0,0.27366482252338986,0.32005757479856495,0.44249868020857885,0.0,0.827307721558662,0.0,,,EXPLOIT
1815,52,,,0,1,1,0,common,1.0,0.17788213464020342,0.2722215681249198,0.3631137165380662,0.0,0.8294313012099886,0.0,,,EXPLOIT
1816,52,,,0,1,1,0,common,1.0,0.11562338751613221,0.2438462372111614,0.288866617831486,0.0,0.8314828177327174,0.0,,,EXPLOIT
1817,52,,,0,1,1,0,common,1.0,0.07515520188548597,0.22659138342374535,0.22475319304768598,0.0,0.8334657796130375,0.0,,,EXPLOIT
1818,52,,,0,1,1,0,common,1.0,0.04885088122556591,0.2158797633916152,0.17198249950104996,0.0,0.83538347140984,0.0,,,EXPLOIT
1819,52,,,0,1,0,1,rare,1.0,0.3712794204501756,0.20912921262673909,0.23177157578578764,0.0,0.8372389713418296,0.0,,,EXPLOIT
1820,52,,,0,1,0,1,rare,0.0,0.7586683767073858,0.20483044668129743,0.38984061606226705,0.0,0.8390351672427143,0.0,,,EXPLOIT
1821,52,,,0,1,1,0,common,0.0,0.9682469272033821,0.4707606183134969,0.5633625094046015,0.0,0.84077477105845,0.0,,,EXPLOIT
1822,52,,,0,0,0,1,common,0.0,0.49313444485980085,0.6470655846654716,0.5422940900411612,0.0,0.8340966997736537,0.0,,,EXPLOIT
1823,52,,,0,1,0,1,rare,0.0,0.32053738915887053,0.5846594934187865,0.475767079776474,0.0,0.8269097092775091,0.0,,,EXPLOIT
1824,52,,,0,1,0,1,rare,0.0,0.20834930295326587,0.6731412845323532,0.39554174672951153,0.0,0.8290469198604771,0.0,,,EXPLOIT
1825,52,,,0,0,0,0,common,1.0,0.995280208953214,0.6930692809523442,0.5754632853966223,0.0,0.831111397321379,0.0,,,EXPLOIT
1826,52,,,0,1,1,0,common,0.0,0.6293605026821985,0.554301590744454,0.5916324505822951,0.0,0.8236907463208843,0.0,,,EXPLOIT
1827,52,,,0,0,0,0,common,0.0,0.35306786418041086,0.5009616271205879,0.5200630746617299,0.0,0.8156727393817615,0.0,,,EXPLOIT
1828,52,,,0,0,0,0,common,0.0,0.22949411171726708,0.6292337657365821,0.43289238577839095,0.0,0.8069826789012745,0.0,,,EXPLOIT
1829,52,,,0,0,0,1,common,1.0,0.8645729530803772,0.6804843841717829,0.5623965559689867,0.0,0.8098524338380775,0.0,,,EXPLOIT
1830,52,,,0,0,1,0,rare,0.0,0.409084326743429,0.48666955375384924,0.5164028872013194,0.0,0.8006571388494617,0.0,,,EXPLOIT
1831,52,,,0,0,0,1,common,1.0,0.5619724195022452,0.6223440506872419,0.5300737468915971,0.0,0.7906336970256698,0.0,,,EXPLOIT
1832,52,,,0,0,1,0,rare,1.0,0.7340951876167712,0.41986804989454496,0.5912801791091493,0.0,0.7796655360821102,0.0,,,EXPLOIT
1833,52,,,0,0,0,1,common,1.0,0.3652820726764594,0.29092959586555744,0.5234807471793423,0.0,0.7676131283775952,0.0,,,EXPLOIT
1834,52,,,0,1,1,1,common,1.0,0.9319078830313152,0.22197555215724615,0.6460088879349342,0.0,0.7543080478700208,0.0,,,EXPLOIT
1835,52,,,0,0,0,1,common,0.0,0.7625666527603014,0.46516484409312386,0.6809762173825443,0.0,0.7395450798940505,0.0,,,EXPLOIT
1836,52,,,0,0,0,1,common,0.0,0.49566832429419594,0.672609038419304,0.6253838494560398,0.0,0.7230715964674699,0.0,,,EXPLOIT
1837,52,,,0,1,1,0,common,0.0,0.5228381280490988,0.6798859290807432,0.5946201330339574,0.0,0.7045730237342459,0.0,,,EXPLOIT
1838,52,,,0,1,1,1,common,0.0,0.3942598760296451,0.6843653120031941,0.5345120559326637,0.0,0.6836526151265933,0.0,,,EXPLOIT
1839,52,,,0,1,0,0,rare,1.0,0.8508288273837764,0.6426446002174534,0.6294070873679976,0.0,0.659802745327053,0.0,,,EXPLOIT
1840,52,,,0,1,0,1,rare,1.0,0.6778155892087726,0.6632493778948358,0.6439296379202301,0.0,0.6323632665819823,0.0,,,EXPLORE
1841,52,,,0,0,0,1,common,1.0,0.4405801329857022,0.5317300415321556,0.5829247864398717,0.0,0.6004595721266038,0.0,,,EXPLORE
1842,52,,,0,1,1,0,common,0.0,0.33984478323191425,0.6802923334551418,0.5100007854774844,0.0,0.5629078101205434,0.0,,,EXPLORE
1843,52,,,0,1,1,1,common,1.0,0.7437310805807307,0.6512152522446453,0.5801198740084583,0.0,0.5180649508904015,0.0,,,EXPLORE
1844,52,,,0,0,0,0,common,0.0,0.44696126220054533,0.6874683773253243,0.5401722904660844,0.0,0.4635822562324054,0.0,,,EXPLORE
1845,52,,,0,0,0,1,common,1.0,0.2863770864407065,0.5791750128283389,0.46403372925847103,0.0,0.39598080800119584,0.0,,,EXPLORE
1846,52,,,0,1,1,1,common,0.0,0.516574797622525,0.6908279769962764,0.4797960497676872,0.0,0.4347155115143332,0.0,,,EXPLORE
1847,52,,,0,0,1,0,rare,0.0,0.22089910910074428,0.6291083710610668,0.4021269675676043,0.0,0.4684613001810196,0.0,,,EXPLORE
1848,52,,,0,0,1,0,rare,1.0,0.8564155790845163,0.6921660023252834,0.5384135510226778,0.0,0.4981222884783478,0.0,,,EXPLOIT
1849,52,,,0,1,1,1,common,0.0,0.33577361845464126,0.6237326904489426,0.4776215712522669,0.0,0.43901916205990027,0.0,,,EXPLORE
1850,52,,,0,1,1,1,common,1.0,0.7817471480044832,0.5101135674874816,0.5688592442779318,0.0,0.4722303889720145,0.0,,,EXPLORE
1851,52,,,0,0,1,1,rare,0.0,0.49186435379708593,0.6810751601876519,0.545760777133678,0.0,0.40681633276832474,0.0,,,EXPLORE
1852,52,,,0,1,1,0,common,1.0,0.5566701264049355,0.6595446911235587,0.5490335819150552,0.0,0.32384933524600157,0.0,,,EXPLORE
1853,52,,,0,1,1,1,common,1.0,0.6802881700318941,0.5417420604486584,0.5884099583501069,0.0,0.21517580740825815,0.0,,,EXPLORE
1854,52,,,0,1,1,1,common,0.0,0.5578126894792688,0.4455594382985427,0.5792307776888554,0.0,0.09090909090909093,0.0,,,EXPLORE
1855,52,,,0,1,0,1,rare,1.0,0.18614510618645919,0.6611082535954826,0.46130507623813655,0.0,0.09090909090909093,0.0,,,EXPLORE
1856,52,,,0,1,0,1,rare,1.0,0.1209943190211985,0.5435193288045883,0.35921184907305514,0.0,0.17965545529122232,0.0,,,EXPLORE
1857,52,,,0,0,0,1,common,1.0,0.07864630736377909,0.44677055946273503,0.2750421865602723,0.0,0.25195053896963665,0.0,,,EXPLORE
1858,52,,,0,1,1,0,common,0.0,0.6381644178367919,0.623773999240959,0.38397885594322817,0.0,0.31197800201026266,0.0,,,EXPLOIT
1859,52,,,0,0,0,0,common,0.0,0.29052482043035444,0.6786680095450865,0.35594264528936603,0.0,0.3626137856372424,0.0,,,EXPLORE
1860,52,,,0,0,1,1,rare,0.0,0.36257824816152473,0.6625989677977154,0.3579333261510136,0.0,0.4059000327452924,0.0,,,EXPLORE
1861,52,,,0,0,0,1,common,1.0,0.051120099786456374,0.5719774384204221,0.2658893582416464,0.0,0.4433268371345312,0.0,,,EXPLORE
1862,52,,,0,1,1,0,common,0.0,0.4148068715939147,0.6931385354832547,0.3105646122473269,0.0,0.4760069778008542,0.0,,,EXPLOIT
1863,52,,,0,0,0,1,common,1.0,0.03322806486119667,0.6328490600763585,0.22736364803148781,0.0,0.5047882362938754,0.0,,,EXPLORE
1864,52,,,0,0,1,0,rare,1.0,0.7303755334639555,0.49856049428549687,0.37826721366122806,0.0,0.5303278475182935,0.0,,,EXPLOIT
1865,52,,,0,0,0,1,common,0.0,0.9784017578402222,0.4006050315527844,0.5583075769149263,0.0,0.5531431856165939,0.0,,,EXPLORE
1866,52,,,0,1,1,0,common,1.0,0.47474409675157103,0.6320468281906616,0.5332385328659197,0.0,0.5062885933323487,0.0,,,EXPLORE
1867,52,,,0,0,0,1,common,1.0,0.36403885740385555,0.687815658790831,0.4824786302273004,0.0,0.44910259618216253,0.0,,,EXPLORE
1868,52,,,0,1,1,0,common,1.0,0.30858366288852124,0.66637814446199,0.43031014002566664,0.0,0.4810769053657844,0.0,,,EXPLORE
1869,52,,,0,1,1,0,common,1.0,0.2005793808775388,0.6908876496196146,0.36139091228122827,0.0,0.5092740212354656,0.0,,,EXPLORE
1870,52,,,0,1,1,0,common,1.0,0.1303765975704002,0.659598971609979,0.29208661786797985,0.0,0.5343247322593593,0.0,,,EXPLOIT
1871,52,,,0,0,1,0,rare,1.0,0.08474478842076016,0.6221643241110901,0.22988406903381395,0.0,0.5567267789168477,0.0,,,EXPLOIT
1872,52,,,0,1,0,0,rare,0.0,0.1888411332797304,0.6786914710598418,0.21757118830758887,0.0,0.5768781753083457,0.0,,,EXPLOIT
1873,52,,,0,0,0,1,common,1.0,0.23662525731250605,0.6028390333057096,0.22328740900906402,0.0,0.5951009940563041,0.0,,,EXPLOIT
1874,52,,,0,0,1,0,rare,0.0,0.9449158875265059,0.5458737155370417,0.4397759525642966,0.0,0.6116586538478809,0.0,,,EXPLOIT
1875,52,,,0,0,0,0,common,0.0,0.12274673663182477,0.692976412206612,0.34466718778455496,0.0,0.6267686901572137,0.0,,,EXPLOIT
1876,52,,,0,0,1,0,rare,0.0,0.6141953268922289,0.6145762991265954,0.42552562951685713,0.0,0.6406123285202229,0.0,,,EXPLOIT
1877,52,,,0,1,0,0,rare,0.0,0.07978537881068609,0.5107921809371421,0.3218035543050058,0.0,0.6533417569304135,0.0,,,EXPLOIT
1878,52,,,0,0,0,1,common,1.0,0.15380641725312894,0.6583512335006252,0.27140441318944275,0.0,0.6650857176767621,0.0,,,EXPLOIT
1879,52,,,0,1,1,0,common,0.0,0.3992269624799488,0.6592979110026808,0.30975117797659457,0.0,0.6759538549020447,0.0,,,EXPLOIT
1880,52,,,0,0,0,1,common,1.0,0.09997417121453378,0.5720624231292426,0.2468180759479763,0.0,0.6860401293495066,0.0,,,EXPLOIT
1881,52,,,0,0,0,1,common,1.0,0.06498321128944695,0.4205998566544523,0.1922676165504175,0.0,0.6954255257374595,0.0,,,EXPLOIT
1882,52,,,0,0,0,1,common,0.0,0.9577609126618595,0.3255726540651972,0.4219156053838501,0.0,0.7041802180123773,0.0,,,EXPLOIT
1883,52,,,0,0,0,1,common,1.0,0.3774554067697913,0.5645895781399052,0.4085775457996324,0.0,0.7123653150364805,0.0,,,EXPLOIT
1884,52,,,0,1,0,1,rare,1.0,0.2453460144003643,0.4153332855281492,0.3596080863798519,0.0,0.7200342785924976,0.0,,,EXPLOIT
1885,52,,,0,1,1,1,common,0.0,0.23567586130499107,0.6343690870662337,0.32242841885739365,0.0,0.7272340832895321,0.0,,,EXPLOIT
1886,52,,,0,0,1,1,rare,0.0,0.1531893098482442,0.4935172118066449,0.2716566861546488,0.0,0.734006171564019,0.0,,,EXPLOIT
1887,52,,,0,1,1,0,common,1.0,0.7405024743880333,0.667432052877355,0.4123104226246641,0.0,0.7403872447986911,0.0,,,EXPLOIT
1888,52,,,0,1,1,1,common,0.0,0.09957305140135872,0.6652954947274794,0.3184892112576725,0.0,0.7464099224572011,0.0,,,EXPLOIT
1889,52,,,0,0,0,1,common,1.0,0.15947490936023678,0.6811758087245036,0.2707849206884418,0.0,0.7521032942285801,0.0,,,EXPLOIT
1890,52,,,0,1,0,1,rare,1.0,0.10365869108415393,0.56435197042795,0.22064705180715544,0.0,0.7574933849088229,0.0,,,EXPLOIT
1891,52,,,0,0,0,0,common,0.0,0.05186049622694596,0.6880539970383566,0.1700110851330926,0.0,0.7626035476965477,0.0,,,EXPLOIT
1892,52,,,0,1,1,0,common,1.0,0.48132660835222163,0.636647826063316,0.2634057420988313,0.0,0.7674547984414862,0.0,,,EXPLOIT
1893,52,,,0,1,1,0,common,1.0,0.31286229542894406,0.526301326253322,0.2782427080978651,0.0,0.772066100935831,0.0,,,EXPLOIT
1894,52,,,0,1,1,0,common,1.0,0.20336049202881368,0.4430711076500524,0.25577804327714965,0.0,0.7764546114149217,0.0,,,EXPLOIT
1895,52,,,0,1,1,0,common,1.0,0.1321843198187289,0.3895192261930839,0.21869992623962342,0.0,0.7806358889131423,0.0,,,EXPLOIT
1896,52,,,0,1,1,0,common,1.0,0.0859198078821738,0.35601501625552934,0.1788658907323885,0.0,0.7846240769115725,0.0,,,EXPLOIT
1897,52,,,0,1,1,0,common,1.0,0.05584787512341294,0.33499998142640186,0.14196048604969586,0.0,0.7884320607466775,0.0,,,EXPLOIT
1898,52,,,0,1,1,0,common,1.0,0.03630111883021836,0.32170651275866224,0.1102626758838526,0.0,0.7920716044714413,0.0,,,EXPLOIT
1899,52,,,0,1,0,1,rare,0.0,0.9326218507952999,0.3132303019050784,0.35697042835728676,0.0,0.7955534702315544,0.0,,,EXPLOIT
1900,52,,,0,1,0,1,rare,0.0,0.606204203016945,0.6038668407403041,0.4317405607551842,0.0,0.7988875227084402,0.0,,,EXPLOIT
1901,52,,,0,0,0,1,common,1.0,0.6059672680389857,0.6931432741734673,0.4840085729403246,0.0,0.8020828207639924,0.0,,,EXPLOIT
1902,52,,,0,0,0,1,common,1.0,0.39387872422534076,0.6149598560646676,0.45696961832582944,0.0,0.8051476980800659,0.0,,,EXPLOIT
1903,52,,,0,0,0,1,common,1.0,0.25602117074647146,0.5070915871582312,0.396685084052022,0.0,0.8080898343043025,0.0,,,EXPLOIT
1904,52,,,0,0,1,0,rare,0.0,0.976404272760358,0.4299586715368969,0.5706008406645228,0.0,0.8109163179811704,0.0,,,EXPLOIT
1905,52,,,0,0,0,1,common,1.0,0.16641376098520644,0.6596421345028225,0.44934471676072785,0.0,0.801814469194478,0.0,,,EXPLOIT
1906,52,,,0,0,0,1,common,1.0,0.10816894464038418,0.5489564579479802,0.34699198512462476,0.0,0.80489020324944,0.0,,,EXPLOIT
1907,52,,,0,0,1,0,rare,1.0,0.3653372227057673,0.4579891829141238,0.35249555639896746,0.0,0.8078425626862931,0.0,,,EXPLOIT
1908,52,,,0,0,0,1,common,1.0,0.0703098140162497,0.3984906155765402,0.2678398336841521,0.0,0.8106786843790985,0.0,,,EXPLOIT
1909,52,,,0,1,1,1,common,0.0,0.06472248341088317,0.3612136203893568,0.2069046286021714,0.0,0.8134051653781081,0.0,,,EXPLOIT
1910,52,,,0,0,1,0,rare,1.0,0.23746919475874873,0.2515319984349263,0.2160739984491446,0.0,0.8160281130059035,0.0,,,EXPLOIT
1911,52,,,0,0,0,1,common,1.0,0.04570137911056227,0.23304093090713757,0.16496221264756988,0.0,0.8185531894764086,0.0,,,EXPLOIT
1912,52,,,0,0,0,1,common,0.0,0.9702941035781345,0.22157618513094657,0.40656177992673925,0.0,0.8209856517229066,0.0,,,EXPLOIT
1913,52,,,0,1,1,1,common,0.0,0.04206961421707406,0.4896670754070409,0.29721413021383963,0.0,0.823330387024682,0.0,,,EXPLOIT
1914,52,,,0,0,0,1,common,1.0,0.36930883267421255,0.40583892865823606,0.31884254095195147,0.0,0.8255919449404163,0.0,,,EXPLOIT
1915,52,,,0,0,0,1,common,1.0,0.24005074123823822,0.29898207975758107,0.2952050010378375,0.0,0.8277745659874209,0.0,,,EXPLOIT
1916,52,,,0,0,0,1,common,1.0,0.1560329818048548,0.23968717172070103,0.25345339526794264,0.0,0.8298822074471306,0.0,,,EXPLOIT
1917,52,,,0,0,0,1,common,1.0,0.10142143817315563,0.20603841931963282,0.2078438081395065,0.0,0.8319185666272869,0.0,,,EXPLOIT
1918,52,,,0,0,0,1,common,0.0,0.9340760651874488,0.18622615099928197,0.4257134852538892,0.0,0.8338871018685247,0.0,,,EXPLOIT
1919,52,,,0,0,0,1,common,1.0,0.39285055762815824,0.42425756403848036,0.4158546069661699,0.0,0.8357910515464654,0.0,,,EXPLOIT
1920,52,,,0,0,0,1,common,1.0,0.2553528624583028,0.30932214274975095,0.36770408361380974,0.0,0.8376334512889778,0.0,,,EXPLOIT
1921,52,,,0,0,0,1,common,1.0,0.16597936059789686,0.24545185304868622,0.3071866667090359,0.0,0.8394171496011762,0.0,,,EXPLOIT
1922,52,,,0,1,1,0,common,1.0,0.15435497659318664,0.2093694452799741,0.2613371596742811,0.0,0.8411448220673445,0.0,,,EXPLOIT
1923,52,,,0,0,1,0,rare,0.0,0.8996692652144287,0.42742089620877294,0.4528367913363254,0.0,0.8428189842787367,0.0,,,EXPLOIT
1924,52,,,0,0,1,0,rare,1.0,0.4152149776106213,0.666887842479668,0.44155024721861413,0.0,0.8444420036186453,0.0,,,EXPLOIT
1925,52,,,0,1,1,0,common,1.0,0.26988973544690387,0.5716880767447379,0.39005209368710103,0.0,0.8460161100208748,0.0,,,EXPLOIT
1926,52,,,0,1,0,1,rare,1.0,0.10788658438863297,0.681881037790057,0.30540244089756063,0.0,0.8475434058044552,0.0,,,EXPLOIT
1927,52,,,0,0,0,1,common,1.0,0.07012627985261144,0.6888357338570031,0.23481959258407586,0.0,0.8490258746758282,0.0,,,EXPLOIT
1928,52,,,0,1,1,1,common,0.0,0.027345249241098137,0.6883560068060881,0.17257728958118254,0.0,0.8504653899795821,0.0,,,EXPLOIT
1929,52,,,0,0,0,1,common,1.0,0.045582081904197436,0.5240030265558598,0.13447872727808702,0.0,0.8518637222699131,0.0,,,EXPLOIT
1930,52,,,0,0,1,0,rare,0.0,0.8245716719595124,0.4688832046315226,0.34150661068251464,0.0,0.8532225462671733,0.0,,,EXPLOIT
1931,52,,,0,0,0,1,common,0.0,0.9703716467622716,0.6828069747623049,0.5301661215064417,0.0,0.8545434472569917,0.0,,,EXPLOIT
1932,52,,,0,0,0,1,common,0.0,0.6307415703954766,0.6609558175870045,0.5603387561731521,0.0,0.8488548352293354,0.0,,,EXPLOIT
1933,52,,,0,0,1,0,rare,0.0,0.5359715867736832,0.5744325384822159,0.5530286053533114,0.0,0.8427671599610884,0.0,,,EXPLOIT
1934,52,,,0,1,1,0,common,0.0,0.3483815314028941,0.5019685254538978,0.4916344831681862,0.0,0.8362372446140627,0.0,,,EXPLOIT
1935,52,,,0,0,0,1,common,0.0,0.4099820207570598,0.6392163189974847,0.46713874444484826,0.0,0.8380653504904652,0.0,,,EXPLOIT
1936,52,,,0,0,0,0,common,0.0,0.03370932254751488,0.6019458818239657,0.33710991787564826,0.0,0.8398354101655491,0.0,,,EXPLOIT
1937,52,,,0,1,0,1,rare,0.0,0.2664883134920889,0.5742170253978418,0.3159234365605804,0.0,0.8415500598218975,0.0,,,EXPLOIT
1938,52,,,0,1,1,1,common,0.0,0.01777441200671379,0.6524371942346516,0.22647872919442041,0.0,0.8432117785674327,0.0,,,EXPLOIT
1939,52,,,0,1,1,1,common,0.0,0.011553367804363963,0.6830704514244776,0.16200112077740347,0.0,0.8448228999648856,0.0,,,EXPLOIT
1940,52,,,0,1,1,0,common,1.0,0.7735520045881188,0.6920882934004147,0.34546638592061807,0.0,0.8463856225604104,0.0,,,EXPLOIT
1941,52,,,0,0,0,0,common,0.0,0.021911059655884673,0.5047975388655875,0.24839978804119803,0.0,0.8479020195112604,0.0,,,EXPLOIT
1942,52,,,0,1,1,1,common,0.0,0.007509689072836576,0.484024907709642,0.1761327583506896,0.0,0.8493740474012035,0.0,,,EXPLOIT
1943,52,,,0,1,1,0,common,1.0,0.5028088029822773,0.603473657110988,0.2741355717401659,0.0,0.8508035543225171,0.0,,,EXPLOIT
1944,52,,,0,1,1,0,common,1.0,0.32682572193848025,0.38302625161948745,0.28994261679966016,0.0,0.8521922872947788,0.0,,,EXPLOIT
1945,52,,,0,1,0,1,rare,1.0,0.8267825962301423,0.2539086279825259,0.45099461062880475,0.0,0.853541899083088,0.0,,,EXPLOIT
1946,52,,,0,1,0,1,rare,1.0,0.5374086875495925,0.18822399209930657,0.47691883370504107,0.0,0.8548539544716828,0.0,,,EXPLOIT
1947,52,,,0,1,1,0,common,1.0,0.21243671926001217,0.1533749891286617,0.3975741993715324,0.0,0.8561299360430369,0.0,,,EXPLOIT
1948,52,,,0,1,1,1,common,0.0,0.0048812978973437745,0.13378351855669474,0.2797663289292758,0.0,0.857371249507323,0.0,,,EXPLOIT
1949,52,,,0,0,1,0,rare,1.0,0.13808386751900792,0.3235608927100868,0.23726159050619539,0.0,0.8585792286225344,0.0,,,EXPLOIT
1950,52,,,0,0,0,0,common,0.0,0.014242188776325038,0.6075768947212226,0.17035576998723426,0.0,0.8597551397414822,0.0,,,EXPLOIT
1951,52,,,0,1,1,0,common,1.0,0.08975451388735511,0.4984469373983346,0.14617539315727052,0.0,0.8609001860182659,0.0,,,EXPLOIT
1952,52,,,0,1,1,0,common,0.0,0.9416595659732192,0.3732106058700959,0.3848206450020551,0.0,0.8620155113036063,0.0,,,EXPLOIT
1953,52,,,0,0,0,1,common,0.0,0.650684353092765,0.5953954690808713,0.46457975742926805,0.0,0.8631022037555607,0.0,,,EXPLOIT
1954,52,,,0,1,1,0,common,1.0,0.3879212821174075,0.5247188191304866,0.44158221483570986,0.0,0.8641612991895914,0.0,,,EXPLOIT
1955,52,,,0,1,1,0,common,0.0,0.7478511666236851,0.3641735932943454,0.5334629003721024,0.0,0.8651937841896776,0.0,,,EXPLOIT
1956,52,,,0,1,1,1,common,0.0,0.0031728436332734535,0.5661754338879363,0.3743758833504537,0.0,0.8602156176806104,0.0,,,EXPLOIT
1957,52,,,0,1,0,0,rare,0.0,0.009257422704611275,0.6653556650666681,0.26484034515670096,0.0,0.8613486721310312,0.0,,,EXPLOIT
1958,52,,,0,0,1,0,rare,1.0,0.5138967416946046,0.6921985908256645,0.3395572641180721,0.0,0.8624524462202039,0.0,,,EXPLOIT
1959,52,,,0,0,0,1,common,1.0,0.5770551704897028,0.5642809794563192,0.41080663602956125,0.0,0.8635280068350623,0.0,,,EXPLOIT
1960,52,,,0,0,0,1,common,0.0,0.6249141391816931,0.3965873496754565,0.4750388869752008,0.0,0.864576369788703,0.0,,,EXPLOIT
1961,52,,,0,1,1,0,common,0.0,0.6659671178985069,0.5917572036511175,0.5323173562521926,0.0,0.865598502841751,0.0,,,EXPLOIT
1962,52,,,0,0,0,1,common,1.0,0.5938058095318994,0.53999878934597,0.5507638922361046,0.0,0.8606463934384431,0.0,,,EXPLOIT
1963,52,,,0,1,0,1,rare,1.0,0.3859737761957347,0.3615681909742432,0.5013268574239935,0.0,0.8553707245663545,0.0,,,EXPLOIT
1964,52,,,0,0,0,1,common,1.0,0.25088295452722753,0.6219737063843946,0.4261936865549637,0.0,0.8497390083642141,0.0,,,EXPLOIT
1965,52,,,0,0,0,1,common,0.0,0.8369260795573021,0.5168637476951674,0.5494134044556652,0.0,0.8511580568692436,0.0,,,EXPLOIT
1966,52,,,0,0,1,0,rare,0.0,0.43287862663402954,0.6850724569282691,0.5144529711091745,0.0,0.8452336039978857,0.0,,,EXPLOIT
1967,52,,,0,0,1,0,rare,1.0,0.7186288926878808,0.6704013614658606,0.5757057475827864,0.0,0.8388847587935395,0.0,,,EXPLOIT
1968,52,,,0,0,0,1,common,0.0,0.5440019517122464,0.6601993637606764,0.5661946088216243,0.0,0.8320645831378979,0.0,,,EXPLOIT
1969,52,,,0,0,0,1,common,1.0,0.6463987313870398,0.684893531018431,0.5902558455912489,0.0,0.824718952463166,0.0,,,EXPLOIT
1970,52,,,0,0,0,1,common,0.0,0.5798408245984241,0.6451925723311529,0.5871313392934014,0.0,0.8167851256506171,0.0,,,EXPLOIT
1971,52,,,0,1,1,0,common,1.0,0.46710878024712255,0.6888997502002672,0.5511245715795178,0.0,0.808189959265991,0.0,,,EXPLOIT
1972,52,,,0,1,1,0,common,1.0,0.3036207071606296,0.5846860703145678,0.47687341225385127,0.0,0.7988476584746091,0.0,,,EXPLOIT
1973,52,,,0,1,1,0,common,1.0,0.1973534596544093,0.4730339128262911,0.39301742647401866,0.0,0.802044599472712,0.0,,,EXPLOIT
1974,52,,,0,1,0,1,rare,1.0,0.6231034640110243,0.39780960857463377,0.46204323773512035,0.0,0.8051110220329778,0.0,,,EXPLOIT
1975,52,,,0,1,1,0,common,1.0,0.12827974877536608,0.35107674206500306,0.361914191047194,0.0,0.8080546133956393,0.0,,,EXPLOIT
1976,52,,,0,1,1,0,common,1.0,0.08338183670398791,0.3222081884563881,0.2783544847442322,0.0,0.8108824689742143,0.0,,,EXPLOIT
1977,52,,,0,1,1,0,common,1.0,0.05419819385759217,0.3041912723134882,0.21110759747824015,0.0,0.8136011482386502,0.0,,,EXPLOIT
1978,52,,,0,1,1,0,common,1.0,0.03522882600743493,0.2928181363893323,0.15834396603699857,0.0,0.8162167243837034,0.0,,,EXPLOIT
1979,52,,,0,1,0,1,rare,0.0,0.5949827483928342,0.2855730236615722,0.2893356007437492,0.0,0.818734828574217,0.0,,,EXPLOIT
1980,52,,,0,1,1,0,common,1.0,0.022898736904832684,0.5761833392819558,0.20940454159207425,0.0,0.8211606894457614,0.0,,,EXPLOIT
1981,52,,,0,1,0,0,rare,0.0,0.006017324757997329,0.46677096397453866,0.14838837654185116,0.0,0.8234991684438081,0.0,,,EXPLOIT
1982,52,,,0,1,0,1,rare,1.0,0.6132612135446578,0.6666886548336364,0.28785022764269313,0.0,0.8257547915040964,0.0,,,EXPLOIT
1983,52,,,0,0,0,1,common,1.0,0.3986197888040276,0.5473532000422309,0.32108109599109347,0.0,0.8279317775086412,0.0,,,EXPLOIT
1984,52,,,0,1,1,1,common,1.0,0.9979376516383722,0.6817942420308398,0.5241380626852771,0.0,0.8300340638938619,0.0,,,EXPLOIT
1985,52,,,0,1,0,1,rare,1.0,0.25910286272261795,0.6257245954821871,0.4446275026964793,0.0,0.8225281534055233,0.0,,,EXPLOIT
1986,52,,,0,1,1,0,common,1.0,0.014884178988141206,0.5705905530802495,0.31570450558397783,0.0,0.82481801668139,0.0,,,EXPLOIT
1987,52,,,0,1,1,0,common,1.0,0.009674716342291778,0.5299713572666906,0.223895568811472,0.0,0.8270275081070781,0.0,,,EXPLOIT
1988,52,,,0,1,1,0,common,1.0,0.006288565622489695,0.5024151082346608,0.15861346785477728,0.0,0.829160680279765,0.0,,,EXPLOIT
1989,52,,,0,1,1,0,common,0.0,0.9959124323453817,0.4842373652069999,0.4098031572019586,0.0,0.8312213180374087,0.0,,,EXPLOIT
1990,52,,,0,0,0,1,common,1.0,0.16841686076970164,0.6915815282621858,0.33738726827228144,0.0,0.8332129602161807,0.0,,,EXPLOIT
1991,52,,,0,1,0,1,rare,1.0,0.10947095950030605,0.6682778549512038,0.2690123756406888,0.0,0.8351389193202609,0.0,,,EXPLOIT
1992,52,,,0,0,0,1,common,1.0,0.07115612367519897,0.6924850935652217,0.20965550005104183,0.0,0.8370022993340149,0.0,,,EXPLOIT
1993,52,,,0,0,0,1,common,1.0,0.046251480388879385,0.6824861627418779,0.16063429415239308,0.0,0.8388060118780529,0.0,,,EXPLOIT
1994,52,,,0,0,0,1,common,0.0,0.9699365377472284,0.6590095710025172,0.40342496723084365,0.0,0.840552790886072,0.0,,,EXPLOIT
1995,52,,,0,1,1,0,common,1.0,0.3526569189755018,0.6333586401811904,0.38819455275424103,0.0,0.842245205958115,0.0,,,EXPLOIT
1996,52,,,0,0,1,0,rare,0.0,0.7707730026659239,0.5713685669575495,0.5029680877277458,0.0,0.8438856745274379,0.0,,,EXPLOIT
1997,52,,,0,0,0,1,common,1.0,0.3695412504643014,0.39442514208149815,0.46294003654871246,0.0,0.8374381933711512,0.0,,,EXPLOIT
1998,52,,,0,0,1,1,rare,0.0,0.351340526435058,0.5842015573314366,0.42946018351461607,0.0,0.8392280728410032,0.0,,,EXPLOIT
1999,52,,,0,1,1,0,common,1.0,0.4989975482671495,0.4035484986187651,0.4503213929403761,0.0,0.8409616466404428,0.0,,,EXPLOIT
2000,52,,,0,1,1,0,common,0.0,0.6756515936263529,0.35627846512239814,0.5179204531461691,0.0,0.8426414469809475,0.0,,,EXPLOIT
