trial,seed,config_version,git_commit,s1,a1,s2,a2,trans_type,reward,u_delta,u_s,u_v,u_c,V_G,V_p,eta_G,eta_p,mode
1,50,,,0,1,0,1,rare,0.0,0.5,0.6931471803599453,0.15,0.0,0.5,0.5,,,EXPLOIT
2,50,,,0,1,1,1,common,1.0,0.5,0.6354546081677416,0.255,0.0,0.5260663507109005,0.5433789954337899,,,EXPLOIT
3,50,,,0,1,1,1,common,1.0,0.32499999999999996,0.6856999791554921,0.27599999999999997,0.0,0.5493262427328857,0.5794962364913165,,,EXPLOIT
4,50,,,0,1,1,1,common,1.0,0.21124999999999994,0.6087277722161555,0.25657499999999994,0.0,0.570208762497792,0.6100329171214658,,,EXPLOIT
5,50,,,0,1,0,1,rare,0.0,0.325,0.5284604082460103,0.2771024999999999,0.0,0.5890597666503006,0.6361884525043351,,,EXPLOIT
6,50,,,0,1,1,1,common,1.0,0.13731249999999995,0.6914087310908731,0.23516549999999992,0.0,0.6061611288293314,0.65884152052499,,,EXPLOIT
7,50,,,0,1,0,0,rare,1.0,0.5,0.6230638895262339,0.3146158499999999,0.0,0.621744881595395,0.678650554588017,,,EXPLOIT
8,50,,,0,1,1,1,common,1.0,0.08925312499999993,0.5400125805305941,0.24700703249999992,0.0,0.6360037662619006,0.6961186809978029,,,EXPLOIT
9,50,,,0,1,1,1,common,0.0,0.94198546875,0.4788167867918728,0.4555005633749999,0.0,0.6490992118689946,0.7116369601865663,,,EXPLOIT
10,50,,,0,0,1,1,rare,1.0,0.38770944531249996,0.6845067885082289,0.4351632279562499,0.0,0.661167445672263,0.7255139427248888,,,EXPLOIT
11,50,,,0,0,0,0,common,1.0,0.32499999999999996,0.6699440652981353,0.4021142595693749,0.0,0.6723242264513416,0.7379963399676884,,,EXPLOIT
12,50,,,0,0,0,0,common,1.0,0.21124999999999994,0.6029691895568206,0.3448549816985624,0.0,0.6826685496483146,0.7492837770280747,,,EXPLOIT
13,50,,,0,0,1,1,rare,1.0,0.25201113945312503,0.5438877677978387,0.3170018290249311,0.0,0.6922855757947949,0.7595395145573263,,,EXPLOIT
14,50,,,0,0,0,0,common,1.0,0.13731249999999995,0.5020350713798405,0.26309503031745174,0.0,0.7012489657746,0.768898368448788,,,EXPLOIT
15,50,,,0,0,0,0,common,1.0,0.08925312499999993,0.47418242259724586,0.2109424587222162,0.0,0.7096227585168867,0.7774726461630808,,,EXPLOIT
16,50,,,0,0,1,1,rare,1.0,0.16380724064453123,0.4560030455680294,0.1968018932989107,0.0,0.7174628924103941,0.7853566559503021,,,EXPLOIT
17,50,,,0,1,1,1,common,1.0,0.1064747064189453,0.44420404110793676,0.16970373723492108,0.0,0.7248184468894128,0.7926301738076538,,,EXPLOIT
18,50,,,0,1,1,1,common,1.0,0.06920855917231439,0.5761945730462074,0.13955518381613907,0.0,0.7317326624513388,0.7993611388080243,,,EXPLOIT
19,50,,,0,1,1,1,common,1.0,0.04498556346200433,0.6451191214108789,0.11118429770989866,0.0,0.738243783903643,0.8056077699950546,,,EXPLOIT
20,50,,,0,0,0,1,common,0.0,0.21125000000000002,0.6755378200727046,0.14120400839692904,0.0,0.7443857615773001,0.8114202446680167,,,EXPLOIT
21,50,,,0,1,1,1,common,1.0,0.02924061625030283,0.5847508958278023,0.10761499075294118,0.0,0.7501888376554396,0.8168420405416044,,,EXPLOIT
22,50,,,0,1,1,0,common,0.0,0.5,0.5508332970470535,0.2253304935270588,0.0,0.755680038992978,0.8219110177822814,,,EXPLOIT
23,50,,,0,1,1,0,common,0.0,0.325,0.6907829381512205,0.25523134546894116,0.0,0.7608835933752806,0.8266602978975791,,,EXPLOIT
24,50,,,0,1,0,0,rare,0.0,0.94198546875,0.5866591243618378,0.46125758245325876,0.0,0.7658212827419354,0.8311189826247679,,,EXPLOIT
25,50,,,0,0,0,0,common,1.0,0.38770944531249996,0.46993337533178425,0.4391931413110311,0.0,0.7705127442379018,0.8353127458007354,,,EXPLOIT
26,50,,,0,0,1,1,rare,0.0,0.9809935994373031,0.3579819071299574,0.6017332787489127,0.0,0.7749757278664984,0.8392643236471925,,,EXPLOIT
27,50,,,0,0,0,1,common,0.0,0.1373125,0.588405679533432,0.4624070451242389,0.0,0.7624435284518806,0.8278586718850537,,,EXPLOIT
28,50,,,0,0,0,0,common,0.0,0.747988860546875,0.6838080693226958,0.5480815897510297,0.0,0.7673027909902713,0.8322454007891109,,,EXPLOIT
29,50,,,0,0,0,0,common,1.0,0.5138072406445313,0.6892820444960177,0.5377992850190801,0.0,0.7539646045673354,0.8198677753389578,,,EXPLOIT
30,50,,,0,0,0,0,common,1.0,0.33397470641894533,0.5955453774941317,0.4766519114390396,0.0,0.7391629565588851,0.805672904149865,,,EXPLOIT
31,50,,,0,0,1,0,rare,1.0,0.78875,0.4414321060079303,0.5702813380073277,0.0,0.7452536403095562,0.8114809297679622,,,EXPLOIT
32,50,,,0,0,1,1,rare,1.0,0.36235416036575296,0.3409549760783337,0.5079031847148553,0.0,0.7294532190618839,0.7959790785030194,,,EXPLOIT
33,50,,,0,0,1,0,rare,0.0,0.48731250000000004,0.28243870068702637,0.5017259793003988,0.0,0.7117537803660293,0.7778983803163416,,,EXPLOIT
34,50,,,0,0,1,1,rare,0.0,0.7644697957622606,0.5368514078053621,0.5805491242389573,0.0,0.6917921498048257,0.7565381137064429,,,EXPLOIT
35,50,,,0,0,0,0,common,1.0,0.21708355917231448,0.6697228236925877,0.47150945471896444,0.0,0.6691062420038125,0.7309184086654873,,,EXPLOIT
36,50,,,0,0,0,0,common,1.0,0.14110431346200447,0.5128291095577694,0.37238791234187646,0.0,0.6796819239938431,0.7428764864127847,,,EXPLOIT
37,50,,,0,0,0,0,common,0.0,0.9082821962496971,0.38447813962282273,0.5331561975142227,0.0,0.6895063618347911,0.7537121512982917,,,EXPLOIT
38,50,,,0,0,0,0,common,1.0,0.4096165724376969,0.6037461890550342,0.49609430999126497,0.0,0.6664967051266485,0.7274971760635723,,,EXPLOIT
39,50,,,0,0,1,0,rare,1.0,0.683246875,0.44782758461228206,0.5522400794938855,0.0,0.6772617768010536,0.7397859393897634,,,EXPLOIT
40,50,,,0,0,0,0,common,1.0,0.266250772084503,0.3447461617744207,0.4664432872710707,0.0,0.6524762949650286,0.710527532548613,,,EXPLOIT
41,50,,,0,0,0,0,common,0.0,0.826936998145073,0.2846393980263058,0.5745914005332714,0.0,0.6642860671088425,0.7245189972952406,,,EXPLOIT
42,50,,,0,0,0,0,common,0.0,0.5375090487942975,0.5385387779412638,0.5634666950115792,0.0,0.6375418585404652,0.6917114367818479,,,EXPLOIT
43,50,,,0,0,0,0,common,1.0,0.6506191182837067,0.6702541019334534,0.5896124219932174,0.0,0.6065083327756511,0.6505057117014882,,,EXPLOIT
44,50,,,0,0,0,0,common,1.0,0.42290242688440927,0.5135602984974872,0.5395994234605749,0.0,0.5700656262703244,0.5972069230107173,,,EXPLORE
45,50,,,0,1,1,1,common,1.0,0.5030946327545306,0.3849419581190381,0.5286479862487615,0.0,0.5266668812692867,0.5255801660213842,,,EXPLORE
46,50,,,0,1,1,0,common,0.0,0.5558895312500001,0.6081662063007021,0.5368204497491331,0.0,0.4741132909177689,0.4242149727943265,,,EXPLORE
47,50,,,0,1,1,1,common,0.0,0.6729884887095551,0.4564914901670356,0.5776708614372597,0.0,0.4091701780686645,0.26974875348450633,,,EXPLORE
48,50,,,0,0,0,0,common,1.0,0.274886577474866,0.35464004160506263,0.4868355762485415,0.0,0.3268755542971041,0.09090909090909093,,,EXPLORE
49,50,,,0,0,1,1,rare,1.0,0.5625574823387892,0.2811936811267044,0.5095521480756158,0.0,0.37529411943704105,0.23017705927636645,,,EXPLORE
50,50,,,0,0,0,0,common,1.0,0.17867627535866293,0.23918414766230345,0.4102893862605299,0.0,0.2830234559737919,0.09090909090909093,,,EXPLORE
51,50,,,0,0,0,0,common,1.0,0.11613957898313088,0.2144574604053753,0.32204444407731014,0.0,0.3380982797909635,0.23017705927636645,,,EXPLOIT
52,50,,,0,0,0,1,common,0.0,0.089253125,0.19947334891933127,0.25220704835411706,0.0,0.384876699018955,0.33155527035247095,,,EXPLOIT
53,50,,,0,0,0,0,common,1.0,0.07549072633903509,0.45155124111023204,0.19919215174959246,0.0,0.4251001581025665,0.40865139461585376,,,EXPLOIT
54,50,,,0,0,0,0,common,1.0,0.049068972120372756,0.3367461124761557,0.15415519786082654,0.0,0.4600545928289225,0.46925370836719743,,,EXPLOIT
55,50,,,0,0,1,1,rare,1.0,0.365662363520213,0.2710310647357447,0.21760734755864247,0.0,0.4907102229436572,0.5181414926281387,,,EXPLOIT
56,50,,,0,0,1,1,rare,0.0,0.7623194637118615,0.2332699454857026,0.38102098240460813,0.0,0.5178128401909806,0.5584101936095955,,,EXPLOIT
57,50,,,0,0,0,1,common,0.0,0.05801453125,0.4844529386104852,0.28411904705822566,0.0,0.5419451532503121,0.5921529537657815,,,EXPLOIT
58,50,,,0,0,1,1,rare,1.0,0.50449234858729,0.6439861840058,0.35023103751694495,0.0,0.5635690540968064,0.6208359130085537,,,EXPLOIT
59,50,,,0,0,1,1,rare,1.0,0.32792002658173847,0.4719933582568894,0.343537734236383,0.0,0.5830553871013764,0.6455166258956538,,,EXPLOIT
60,50,,,0,0,0,0,common,1.0,0.03189483187824227,0.3488299655028052,0.2500448635289408,0.0,0.6007053294363249,0.6669771225069359,,,EXPLOIT
61,50,,,0,0,0,0,common,0.0,0.9792683592791426,0.2778957794215907,0.4688119122540013,0.0,0.6167660169185414,0.6858081495669813,,,EXPLOIT
62,50,,,0,1,0,0,rare,1.0,0.3634755664685574,0.5224258205260157,0.43721100851836814,0.0,0.631442144700266,0.7024642847715783,,,EXPLOIT
63,50,,,0,0,1,1,rare,1.0,0.21314801727813004,0.6886225269847177,0.3699921111462967,0.0,0.644904702683866,0.7173010333450142,,,EXPLOIT
64,50,,,0,0,1,1,rare,1.0,0.13854621123078448,0.6128539328347649,0.30055834117164304,0.0,0.6572976386660723,0.7306004237646555,,,EXPLOIT
65,50,,,0,0,0,1,common,1.0,0.9622905546875,0.5290998115866097,0.4990780052264001,0.0,0.6687430009280965,0.7425890580670904,,,EXPLOIT
66,50,,,0,1,0,0,rare,1.0,0.23625911820456236,0.4687326438836924,0.42023233911984875,0.0,0.6793449502672916,0.7534510902583895,,,EXPLOIT
67,50,,,0,0,1,1,rare,1.0,0.09005503730000997,0.6163440589596145,0.32117914857389707,0.0,0.6891929211898976,0.763337721105509,,,EXPLOIT
68,50,,,0,0,0,0,common,1.0,0.15356842683296557,0.5835076890763364,0.2708959320516176,0.0,0.6983641355903977,0.7723742534998811,,,EXPLOIT
69,50,,,0,1,1,1,common,1.0,0.058535774245006444,0.5602825172299408,0.20718788470963426,0.0,0.7069256185460603,0.7806654095703525,,,EXPLOIT
70,50,,,0,1,0,0,rare,1.0,0.0998194774414276,0.643629738207057,0.17497736252917223,0.0,0.7149358276021063,0.7882993894728533,,,EXPLOIT
71,50,,,0,1,1,1,common,1.0,0.038048253259254206,0.678503523575364,0.13389862974819683,0.0,0.7224459793311162,0.7953510060940612,,,EXPLOIT
72,50,,,0,1,1,1,common,1.0,0.024731364618515217,0.6903707257096446,0.10114845020929233,0.0,0.7295011368174393,0.8018841321522703,,,EXPLOIT
73,50,,,0,1,0,0,rare,1.0,0.06488266033692791,0.6930859928480753,0.090268713247583,0.0,0.7361411068683757,0.807953629454032,,,EXPLOIT
74,50,,,0,0,1,1,rare,1.0,0.016075387002034924,0.6926898399870175,0.06801071537391858,0.0,0.7424011846915998,0.8136068837988685,,,EXPLOIT
75,50,,,0,1,0,0,rare,1.0,0.0421737292190032,0.693121327722648,0.06025961952744396,0.0,0.7483127754592858,0.8188850364764139,,,EXPLOIT
76,50,,,0,1,1,1,common,0.0,0.9895509984486773,0.6929539030014231,0.3390470332038139,0.0,0.7539039158680817,0.8238239800953084,,,EXPLOIT
77,50,,,0,1,1,1,common,1.0,0.35679185100835964,0.5137722225919739,0.3443704785451776,0.0,0.7591997139761248,0.8284551697332807,,,EXPLOIT
78,50,,,0,0,0,0,common,0.0,0.9725870760076479,0.6168712520153226,0.5328354577839187,0.0,0.7642227218762051,0.8328062881677234,,,EXPLOIT
79,50,,,0,0,0,0,common,1.0,0.3678184005950289,0.6582031703837001,0.4833303406272518,0.0,0.7505536393170291,0.8205078833732452,,,EXPLOIT
80,50,,,0,1,1,0,common,0.0,0.36132819531250004,0.693112673664487,0.4467296970328262,0.0,0.7560255058323981,0.8253446734973785,,,EXPLOIT
81,50,,,0,1,0,1,rare,1.0,0.625488860546875,0.5722175138040174,0.5003574460870408,0.0,0.7612112066578864,0.8298829901964301,,,EXPLOIT
82,50,,,0,0,0,0,common,1.0,0.23908196038676877,0.6786109134096534,0.42197480037695917,0.0,0.7472145065625724,0.8171687293160191,,,EXPLOIT
83,50,,,0,0,0,0,common,1.0,0.15540327425139966,0.6381310506889805,0.34200334253929127,0.0,0.7528645455323494,0.8222168060989186,,,EXPLOIT
84,50,,,0,0,1,1,rare,1.0,0.23191470315543383,0.6007475866550689,0.308976750724134,0.0,0.7582146766489352,0.8269471151137203,,,EXPLOIT
85,50,,,0,0,0,0,common,0.0,0.8989878717365902,0.5730033096145499,0.4859800870278708,0.0,0.7632879119068947,0.8313885277478129,,,EXPLOIT
86,50,,,0,1,1,1,common,1.0,0.15074455705103196,0.684726491391785,0.38540942803481915,0.0,0.7681049680279226,0.8355665208673486,,,EXPLOIT
87,50,,,0,1,1,1,common,1.0,0.09798396208317073,0.6323253492183131,0.2991817882493246,0.0,0.7726845456759511,0.8395036614620762,,,EXPLOIT
88,50,,,0,1,1,1,common,1.0,0.06368957535406095,0.578549724827887,0.22853412438074552,0.0,0.7770435688812138,0.8432200105624562,,,EXPLOIT
89,50,,,0,1,0,1,rare,0.0,0.5934322406445312,0.5383699552815375,0.3380035592598812,0.0,0.7811973911355167,0.8467334616933277,,,EXPLOIT
90,50,,,0,1,0,0,rare,1.0,0.41565788337121634,0.6926773668837496,0.3612998564932817,0.0,0.7851599734487351,0.8500600259166199,,,EXPLOIT
91,50,,,0,1,1,1,common,0.0,0.9586017760198604,0.6615822912295405,0.5404904323512554,0.0,0.7889440387182424,0.8532140730446003,,,EXPLOIT
92,50,,,0,1,1,1,common,1.0,0.3769088455870907,0.6607545621247988,0.49141595632200596,0.0,0.7778122940863532,0.8436159929729682,,,EXPLOIT
93,50,,,0,0,0,0,common,1.0,0.27017762419129066,0.6874487718130322,0.42504445668279134,0.0,0.7819304078775464,0.8471081411065042,,,EXPLOIT
94,50,,,0,0,0,0,common,1.0,0.1756154557243389,0.679199003830375,0.3502157563952556,0.0,0.7858596786926532,0.8504150588354543,,,EXPLOIT
95,50,,,0,0,0,1,common,1.0,0.6142690435810547,0.6363452086246472,0.4294317425509953,0.0,0.7896126196487071,0.8535509485963595,,,EXPLOIT
96,50,,,0,0,1,1,rare,1.0,0.24499074963160894,0.5962899845626827,0.37409944467517936,0.0,0.793200662487672,0.8565285972445921,,,EXPLOIT
97,50,,,0,0,0,0,common,1.0,0.11415004622082026,0.5665570289034604,0.2961146251388716,0.0,0.7966342719259272,0.8593595481376659,,,EXPLOIT
98,50,,,0,0,0,0,common,1.0,0.07419753004353313,0.5460937283064344,0.22953949661027007,0.0,0.7999230457940494,0.8620542487114595,,,EXPLOIT
99,50,,,0,0,0,0,common,1.0,0.048228394528296525,0.5324270910196696,0.17514616598567798,0.0,0.8030758029851646,0.8646221775267908,,,EXPLOIT
100,50,,,0,0,0,0,common,1.0,0.03134845644339279,0.5234199300634184,0.13200685312299243,0.0,0.8061006609090403,0.8670719540427536,,,EXPLOIT
101,50,,,0,0,0,0,common,1.0,0.020376496688205292,0.5175211134435667,0.09851774619255628,0.0,0.8090051038843382,0.8694114337959837,,,EXPLOIT
102,50,,,0,0,0,0,common,1.0,0.013244722847333468,0.5136704182893856,0.07293583918898942,0.0,0.811796043682271,0.8716477912004019,,,EXPLOIT
103,50,,,0,0,0,0,common,0.0,0.9913909301492333,0.5111611036414396,0.3484723664770626,0.0,0.8144798732527503,0.8737875918060799,,,EXPLOIT
104,50,,,0,0,0,1,common,0.0,0.6007251216723144,0.6927697692930908,0.4241481930356381,0.0,0.8170625145121604,0.875836855550268,,,EXPLOIT
105,50,,,0,0,0,0,common,0.0,0.6444041045970017,0.5899535830022418,0.4902249665040472,0.0,0.8195494609446691,0.8778011122839946,,,EXPLOIT
106,50,,,0,0,0,0,common,0.0,0.41886266798805116,0.4641938560250196,0.4688162769492483,0.0,0.821945815662118,0.8796854506528409,,,EXPLOIT
107,50,,,0,0,1,1,rare,1.0,0.15924398726054578,0.3799599521305372,0.3759445900426375,0.0,0.8242563254774475,0.8814945612417296,,,EXPLOIT
108,50,,,0,1,1,1,common,1.0,0.10350859171935478,0.6225917578054574,0.29421379054565266,0.0,0.826485411470441,0.8832327747539468,,,EXPLOIT
109,50,,,0,1,1,1,common,1.0,0.06728058461758057,0.5291963605895144,0.22613382876723104,0.0,0.8286371964599584,0.8849040958786349,,,EXPLOIT
110,50,,,0,1,1,1,common,1.0,0.04373238000142732,0.4606713012379784,0.1714133941374899,0.0,0.8307155297418761,0.8865122334043175,,,EXPLOIT
111,50,,,0,1,1,1,common,0.0,0.9715739529990722,0.41595985239861105,0.4114615617959646,0.0,0.8327240094050467,0.8880606270550926,,,EXPLOIT
112,50,,,0,1,1,1,common,0.0,0.631523069449397,0.6633407054766148,0.47748001409199425,0.0,0.8346660024974849,0.889552471458214,,,EXPLOIT
113,50,,,0,1,1,0,common,1.0,0.7651366730468749,0.6797722944103844,0.5637770117784584,0.0,0.8365446632805731,0.8909907375945371,,,EXPLOIT
114,50,,,0,1,1,0,common,0.0,0.5026611625195312,0.6586891946746884,0.5454422570007802,0.0,0.829546434068531,0.8854760375331782,,,EXPLOIT
115,50,,,0,0,0,1,common,0.0,0.3904713290870044,0.681708995222422,0.4989509786266474,0.0,0.8220017694697892,0.8794378781431506,,,EXPLOIT
116,50,,,0,0,0,1,common,0.0,0.25380636390655287,0.6782914046564341,0.42540759421061897,0.0,0.8243102918211672,0.8812567920165368,,,EXPLOIT
117,50,,,0,1,0,0,rare,1.0,0.7277392658077667,0.6240432926255832,0.5161070956897632,0.0,0.8265374918070086,0.8830042491707631,,,EXPLOIT
118,50,,,0,1,0,0,rare,1.0,0.4730305227750484,0.44691244607674885,0.5031841238153487,0.0,0.8187514384749414,0.8767234945564363,,,EXPLOIT
119,50,,,0,1,0,0,rare,1.0,0.3074698398037815,0.32820964277202436,0.44446983861187855,0.0,0.8103227055432669,0.8698039966103308,,,EXPLOIT
120,50,,,0,1,0,0,rare,0.0,0.800144604127542,0.26113142680365753,0.5511722682665776,0.0,0.8130628394675607,0.872023261794921,,,EXPLOIT
121,50,,,0,1,1,0,common,0.0,0.3267297556376953,0.5023670854736957,0.4838395144779129,0.0,0.8041480380125441,0.8646047017912633,,,EXPLOIT
122,50,,,0,1,1,1,common,1.0,0.589510004857892,0.6473058958087154,0.5155406615919066,0.0,0.8071299545434446,0.8670552736110628,,,EXPLOIT
123,50,,,0,1,1,1,common,1.0,0.3831815031576298,0.46884529019845256,0.47583291406162354,0.0,0.7976932958909975,0.8590895115078704,,,EXPLOIT
124,50,,,0,1,1,0,common,0.0,0.21237434116450193,0.3410132931482782,0.396795342192487,0.0,0.8009379812243728,0.8617970730474099,,,EXPLOIT
125,50,,,0,1,1,1,common,1.0,0.2490679770524593,0.5617949187526221,0.3524771326504787,0.0,0.804049298695018,0.8643769775426469,,,EXPLOIT
126,50,,,0,1,1,1,common,1.0,0.16189418508409859,0.3994636655733108,0.2953022483805646,0.0,0.8070351577737426,0.8668379238621948,,,EXPLOIT
127,50,,,0,1,0,0,rare,1.0,0.47990600731709776,0.3011370698454833,0.35068337606152455,0.0,0.8099028548529965,0.8691878382437745,,,EXPLOIT
128,50,,,0,1,1,1,common,1.0,0.10523122030466414,0.24586328501150773,0.2770477293344664,0.0,0.8126591315229168,0.8714339582153297,,,EXPLOIT
129,50,,,0,1,1,1,common,1.0,0.06840029319803165,0.21408505549113702,0.21445349849353598,0.0,0.8153102263240646,0.8735829058103487,,,EXPLOIT
130,50,,,0,1,1,1,common,0.0,0.9555398094212795,0.19519055714011757,0.43677939177185904,0.0,0.8178619208131584,0.8756407516375776,,,EXPLOIT
131,50,,,0,1,1,1,common,1.0,0.3788991238761683,0.4405793241677043,0.4194153114031518,0.0,0.8203195806577785,0.877613071110756,,,EXPLOIT
132,50,,,0,1,1,1,common,1.0,0.24628443051950943,0.32455348834783415,0.3674760471380591,0.0,0.8226881923748213,0.8795049939352473,,,EXPLOIT
133,50,,,0,1,1,1,common,1.0,0.16008487983768116,0.25907599435504985,0.3052586969479457,0.0,0.8249723962421024,0.8813212477764873,,,EXPLOIT
134,50,,,0,1,0,0,rare,1.0,0.3119389047561135,0.22178465685498022,0.30726275929039604,0.0,0.8271765158402296,0.8830661968929703,,,EXPLOIT
135,50,,,0,1,0,0,rare,0.0,0.7972397119085262,0.19982425641915308,0.45425584507583505,0.0,0.8293045846205123,0.884743876398417,,,EXPLOIT
136,50,,,0,0,0,1,common,0.0,0.16497413653925935,0.44540353953594686,0.3674713325148623,0.0,0.8313603698424313,0.8863580227193656,,,EXPLOIT
137,50,,,0,0,0,0,common,1.0,0.481794187259458,0.3849131520600616,0.401768188938241,0.0,0.8333473941795728,0.8879121007321141,,,EXPLOIT
138,50,,,0,1,1,1,common,1.0,0.10405517189449276,0.6374948197378658,0.31245428382511653,0.0,0.8352689552547417,0.8894093279938491,,,EXPLOIT
139,50,,,0,1,0,0,rare,1.0,0.3131662217186477,0.5324477968037911,0.3126678651931759,0.0,0.8371281433321673,0.8908526964246082,,,EXPLOIT
140,50,,,0,0,0,0,common,1.0,0.20355804411712097,0.452729084830405,0.2799349188703594,0.0,0.8389278573664962,0.8922449917475584,,,EXPLOIT
141,50,,,0,0,0,0,common,0.0,0.8676872713238714,0.6180825352103172,0.4562606246064129,0.0,0.840670819583911,0.8935888109534047,,,EXPLOIT
142,50,,,0,1,1,1,common,1.0,0.06763586173142033,0.43256389484706376,0.3396731957439151,0.0,0.8423595887496541,0.8948865780193193,,,EXPLOIT
143,50,,,0,1,1,1,common,1.0,0.043963310125423205,0.3814593151197723,0.2509602300583675,0.0,0.8439965722579769,0.8961405580825831,,,EXPLOIT
144,50,,,0,1,1,1,common,1.0,0.028576151581525044,0.3495617053310595,0.18424500651531475,0.0,0.8455840371646751,0.8973528702433167,,,EXPLOIT
145,50,,,0,1,1,1,common,1.0,0.018574498527991312,0.32956187027413986,0.1345438541191177,0.0,0.8471241202685543,0.89852549914854,,,EXPLOIT
146,50,,,0,1,1,1,common,0.0,0.9879265759568057,0.31690847969451047,0.3905586706704241,0.0,0.8486188373361269,0.8996603054907889,,,EXPLOIT
147,50,,,0,1,1,1,common,1.0,0.3578477256280763,0.6048639793653519,0.3807453871577198,0.0,0.8500700915532972,0.9007590355381201,,,EXPLOIT
148,50,,,0,1,1,1,common,1.0,0.23260102165824958,0.497866336143165,0.33630207750787866,0.0,0.8514796812785722,0.9018233297981835,,,EXPLOIT
149,50,,,0,1,1,1,common,1.0,0.1511906640778622,0.4228748102847086,0.2807686534788737,0.0,0.8528493071642208,0.9028547309067918,,,EXPLOIT
150,50,,,0,1,1,1,common,1.0,0.09827393165061038,0.3754033192113773,0.2260202369303947,0.0,0.8541805787046949,0.9038546908207753,,,EXPLOIT
151,50,,,0,1,1,1,common,1.0,0.06387805557289672,0.3457765141941851,0.17737758252314528,0.0,0.8554750202653393,0.9048245773856708,,,EXPLOIT
152,50,,,0,1,1,0,common,0.0,0.13804332175692627,0.32717537467505714,0.16557730429327958,0.0,0.8567340766388846,0.9057656803407305,,,EXPLOIT
153,50,,,0,1,1,1,common,1.0,0.04152073612238283,0.6109770090459117,0.12836033384201054,0.0,0.8579591181723167,0.9066792168167007,,,EXPLOIT
154,50,,,0,0,0,0,common,0.0,0.5639967263605163,0.502758470819956,0.25905125159756226,0.0,0.85915144550239,0.9075663363756616,,,EXPLOIT
155,50,,,0,1,1,1,common,1.0,0.026988478479548883,0.3758295804796968,0.18943241966215824,0.0,0.8603122939341913,0.9084281256368204,,,EXPLOIT
156,50,,,0,1,1,1,common,1.0,0.017542511011706785,0.30623766680323666,0.13786544706702278,0.0,0.8614428374937618,0.9092656125274072,,,EXPLOIT
157,50,,,0,1,1,1,common,1.0,0.011402632157609394,0.26544796264158943,0.09992660259419876,0.0,0.8625441926827342,0.9100797701936473,,,EXPLOIT
158,50,,,0,0,1,1,rare,1.0,0.007411710902446078,0.24102753928247153,0.07217213508667294,0.0,0.863617421960237,0.9108715206031067,,,EXPLOIT
159,50,,,0,1,0,0,rare,0.0,0.36659787213433565,0.44451714119506514,0.16049985620097174,0.0,0.864663536974905,0.9116417378664554,,,EXPLOIT
160,50,,,0,1,1,1,common,1.0,0.0048176120865899286,0.6796433556812589,0.1137951829666572,0.0,0.8656835015676688,0.9123912513038164,,,EXPLOIT
161,50,,,0,1,0,1,rare,0.0,0.10723318875051858,0.6045518683430389,0.11182658470181561,0.0,0.8666782345640716,0.9131208482783252,,,EXPLOIT
162,50,,,0,0,0,1,common,0.0,0.06970157268783708,0.6899852173076708,0.09918908109762205,0.0,0.8676486123731232,0.9138312768172595,,,EXPLOIT
163,50,,,0,1,0,0,rare,1.0,0.7617113831126818,0.6536652115677579,0.29794577170214,0.0,0.8685954714081511,0.9145232480390892,,,EXPLOIT
164,50,,,0,1,1,1,common,0.0,0.9968685521437165,0.5201980739403853,0.5076226058346129,0.0,0.8695196103437127,0.9151974384030072,,,EXPLOIT
165,50,,,0,1,1,1,common,1.0,0.35203544110658425,0.6766454160449653,0.4609464564162043,0.0,0.8648164006953066,0.9116933514150402,,,EXPLOIT
166,50,,,0,1,0,0,rare,1.0,0.4951123990232432,0.5491533670285401,0.471196239198316,0.0,0.8658325671097887,0.912441486049168,,,EXPLOIT
167,50,,,0,1,1,1,common,0.0,0.7711769632807203,0.4350732153196204,0.5611904564230372,0.0,0.8668236344953252,0.9131697563040497,,,EXPLOIT
168,50,,,0,1,0,1,rare,0.0,0.045306022247094103,0.6480212394922955,0.4064251261702543,0.0,0.8619499844679859,0.9095150147911845,,,EXPLOIT
169,50,,,0,1,1,1,common,1.0,0.49873497386753174,0.6924142441712438,0.4341180804794375,0.0,0.8630383504923461,0.9103222798973383,,,EXPLOIT
170,50,,,0,1,0,0,rare,1.0,0.32182305936510813,0.6060840577834395,0.4004295741451387,0.0,0.8640990592964031,0.9111074078256394,,,EXPLOIT
171,50,,,0,1,1,1,common,0.0,0.6758222669861044,0.4769056023543478,0.48304738199742836,0.0,0.8651331003094018,0.9118712587863275,,,EXPLOIT
172,50,,,0,1,1,1,common,1.0,0.5607155264590321,0.6636305594086276,0.5063478253359095,0.0,0.8661414164547135,0.9126146490822977,,,EXPLOIT
173,50,,,0,0,1,0,rare,0.0,0.08972815914200208,0.5315316217540067,0.38136192547773723,0.0,0.8612241537317972,0.9089181018287025,,,EXPLOIT
174,50,,,0,1,1,1,common,1.0,0.36446509219837087,0.42579899720617786,0.3762928754939273,0.0,0.8623311298451174,0.9097419053849534,,,EXPLOIT
175,50,,,0,0,0,0,common,1.0,0.20918498858732026,0.3227964555291405,0.32616050942194513,0.0,0.863409776437261,0.9105429219415992,,,EXPLOIT
176,50,,,0,0,0,0,common,1.0,0.13597024258175816,0.5582392767591982,0.269103429369889,0.0,0.8644611148469159,0.9113220452453672,,,EXPLOIT
177,50,,,0,1,0,0,rare,1.0,0.08838065767814285,0.6726013910823891,0.21488659786236514,0.0,0.8654861180351541,0.9120801229990497,,,EXPLOIT
178,50,,,0,1,1,1,common,1.0,0.23690230992894112,0.6312077318671019,0.22149131148233792,0.0,0.8664857134175064,0.9128179597898614,,,EXPLOIT
179,50,,,0,1,1,1,common,0.0,0.8460134985461882,0.5950858056228808,0.408847967601493,0.0,0.8674607854993732,0.9135363197971071,,,EXPLOIT
180,50,,,0,1,0,0,rare,1.0,0.0574474274907929,0.679498982150637,0.3034278055682829,0.0,0.8684121783305282,0.9142359292983203,,,EXPLOIT
181,50,,,0,1,1,1,common,1.0,0.45009122594497764,0.6857345149611088,0.3474268316812913,0.0,0.8693406977930334,0.9149174789911607,,,EXPLOIT
182,50,,,0,1,1,1,common,1.0,0.29255929686423543,0.6473720331739445,0.3309665712361745,0.0,0.8702471137356133,0.9155816261466779,,,EXPLOIT
183,50,,,0,1,0,0,rare,0.0,0.9626591721309846,0.6079793895680721,0.5204743515046175,0.0,0.8711321619663739,0.9162289966080643,,,EXPLOIT
184,50,,,0,1,1,1,common,1.0,0.19016354296175297,0.6755923279768055,0.4213811089417581,0.0,0.8665294446501496,0.9128003180918673,,,EXPLOIT
185,50,,,0,1,1,1,common,1.0,0.12360630292513941,0.6874059028413808,0.3320486671367725,0.0,0.867503449607393,0.9135191412132427,,,EXPLOIT
186,50,,,0,1,1,1,common,1.0,0.08034409690134059,0.6500396831424609,0.2565372960661429,0.0,0.8684538118252045,0.9142191966632709,,,EXPLOIT
187,50,,,0,0,0,0,common,1.0,0.37427153811486,0.6102136956192628,0.291857568680758,0.0,0.8693813355444184,0.914901175975471,,,EXPLOIT
188,50,,,0,0,1,1,rare,0.0,0.9477763370141287,0.6744659218386861,0.4886331991807692,0.0,0.8702867890637718,0.9155657372064683,,,EXPLOIT
189,50,,,0,0,0,0,common,1.0,0.24327649977465904,0.4771075367125964,0.4150261893589361,0.0,0.8711709067266022,0.9162135069383321,,,EXPLOIT
190,50,,,0,0,0,0,common,0.0,0.8418702751464716,0.6180629858608293,0.5430794150951967,0.0,0.8720343907771998,0.9168450821388879,,,EXPLOIT
191,50,,,0,0,0,0,common,1.0,0.4527843211547935,0.41684766226830083,0.5159908869130758,0.0,0.8674874250757844,0.9134610436426248,,,EXPLOIT
192,50,,,0,0,0,1,common,0.0,0.029448914460611167,0.5857465860632652,0.37002829517733643,0.0,0.8626560225208343,0.9098281426180825,,,EXPLOIT
193,50,,,0,0,0,0,common,1.0,0.29430980875061574,0.39190342902720965,0.3473127492493202,0.0,0.8637264129912144,0.9106267896736346,,,EXPLOIT
194,50,,,0,1,1,1,common,1.0,0.3839453809408164,0.5710070188068656,0.35830253875676904,0.0,0.8647697906388104,0.9114036357453911,,,EXPLOIT
195,50,,,0,1,1,0,common,0.0,0.058323303442301355,0.5369878470201892,0.2683087681624287,0.0,0.8657871145421583,0.9121595238166478,,,EXPLOIT
196,50,,,0,1,1,1,common,0.0,0.7504355023884693,0.6924416944350393,0.4129467884302409,0.0,0.8667792990407651,0.9128952540531574,,,EXPLOIT
197,50,,,0,1,0,1,rare,0.0,0.01914179439939726,0.5982595546398167,0.2948052902209878,0.0,0.867747216314938,0.9136115864884932,,,EXPLOIT
198,50,,,0,0,0,0,common,0.0,0.8086986243120997,0.4832963229492533,0.44897329044832135,0.0,0.8686916987891217,0.9143092435098067,,,EXPLOIT
199,50,,,0,0,0,0,common,1.0,0.47434589419713524,0.6506930723988863,0.45658507157296546,0.0,0.8696135413726718,0.9149889121610815,,,EXPLOIT
200,50,,,0,0,0,0,common,1.0,0.3083248312281379,0.49029466019224244,0.4121069994695171,0.0,0.8705135035507493,0.9156512462793217,,,EXPLOIT
201,50,,,0,0,0,0,common,1.0,0.20041114029828966,0.3705508083374715,0.34859824171814885,0.0,0.8713923113369031,0.916296868477648,,,EXPLOIT
202,50,,,0,0,0,0,common,1.0,0.13026724119388833,0.2997293897384855,0.2830989415608707,0.0,0.8722506590978969,0.9169263719879492,,,EXPLOIT
203,50,,,0,0,0,0,common,0.0,0.9153262932239726,0.2584821962755779,0.4727671470598012,0.0,0.8730892112604312,0.9175403223745552,,,EXPLOIT
204,50,,,0,0,1,1,rare,1.0,0.5122169234474949,0.5178082804903454,0.4846020799761093,0.0,0.8739086039085776,0.9181392591293472,,,EXPLOIT
205,50,,,0,0,0,0,common,0.0,0.5949620905955822,0.3877999625773421,0.5177100831619512,0.0,0.8747094462800085,0.9187236971577625,,,EXPLOIT
206,50,,,0,0,0,1,common,0.0,0.01244216635960822,0.6057100343365351,0.3661297081212483,0.0,0.8703257827560457,0.9154739489231093,,,EXPLOIT
207,50,,,0,0,1,1,rare,1.0,0.3329410002408717,0.6874572005252972,0.3561730957571353,0.0,0.8712089862252068,0.9161240271949618,,,EXPLOIT
208,50,,,0,0,1,1,rare,1.0,0.2164116501565666,0.5445295682458119,0.31424466207696466,0.0,0.8720715860020491,0.9167578292777628,,,EXPLOIT
209,50,,,0,0,0,1,common,0.0,0.008087408133745342,0.4052490203182311,0.22239748589399885,0.0,0.872914252681371,0.9173759280498995,,,EXPLOIT
210,50,,,0,0,0,0,common,1.0,0.6132746411128716,0.6150264963656894,0.33966063245966066,0.0,0.8737376281876469,0.9179788698974287,,,EXPLOIT
211,50,,,0,0,0,0,common,1.0,0.3986285167233665,0.45714708174340046,0.3573509977387724,0.0,0.8745423272919294,0.9185671762286806,,,EXPLOIT
212,50,,,0,0,0,0,common,0.0,0.7408914641298118,0.3504462456460041,0.47241313765608417,0.0,0.8753289390334421,0.9191413448861195,,,EXPLOIT
213,50,,,0,0,0,0,common,0.0,0.48157945168437766,0.5839427455812284,0.4751630318645722,0.0,0.8760980280527761,0.9197018514635017,,,EXPLOIT
214,50,,,0,0,0,0,common,1.0,0.6869733564051546,0.6828269852537929,0.5387061292267469,0.0,0.876850135843037,0.92024915053566,,,EXPLOIT
215,50,,,0,0,1,1,rare,0.0,0.8593324273982317,0.5341177932863537,0.6348940186781923,0.0,0.872595003350794,0.917106423158353,,,EXPLOIT
216,50,,,0,0,0,0,common,1.0,0.44653268166335036,0.6689283672173572,0.5783856175737396,0.0,0.8680825083953332,0.9137412312129314,,,EXPLOIT
217,50,,,0,1,1,1,common,1.0,0.4414339221911494,0.5119062642251982,0.5373001089589625,0.0,0.863288823489092,0.9101292756584182,,,EXPLOIT
218,50,,,0,1,1,1,common,0.0,0.7130679505757529,0.682769012671721,0.5900304614439996,0.0,0.8581870864032984,0.9062425851345401,,,EXPLOIT
219,50,,,0,1,1,1,common,1.0,0.5365058321257606,0.5801008161875296,0.5739730726485279,0.0,0.8527469011269763,0.9020487949657593,,,EXPLOIT
220,50,,,0,1,0,0,rare,1.0,0.29024624308117775,0.6923613349452631,0.48885502377832285,0.0,0.8469337370006654,0.8975102493566129,,,EXPLOIT
221,50,,,0,0,0,1,common,0.0,0.0052568152869344725,0.6597166642050981,0.3437755612309063,0.0,0.8484340300614076,0.8986777699752379,,,EXPLOIT
222,50,,,0,0,0,0,common,1.0,0.18866005800276553,0.5087774372212888,0.2972409102624641,0.0,0.8498906277768993,0.8998077054400222,,,EXPLOIT
223,50,,,0,0,0,0,common,1.0,0.12262903770179756,0.6648154645099675,0.2448573484942641,0.0,0.8513053412336804,0.9009017875469094,,,EXPLOIT
224,50,,,0,1,1,1,common,1.0,0.34872879088174447,0.6923568776672512,0.27601878121050816,0.0,0.8526798829525974,0.9019616434178057,,,EXPLOIT
225,50,,,0,1,0,0,rare,1.0,0.07970887450616837,0.6809769953582454,0.2171258091992062,0.0,0.8540158735059388,0.9029888032927359,,,EXPLOIT
226,50,,,0,1,0,0,rare,1.0,0.051810768429009446,0.65416375876391,0.16753129696814717,0.0,0.8553148476085328,0.9039847076361248,,,EXPLOIT
227,50,,,0,1,1,1,common,1.0,0.22667371407313386,0.6297644844748534,0.18527402209964317,0.0,0.8565782597309621,0.9049507136266157,,,EXPLOIT
228,50,,,0,1,1,1,common,0.0,0.852662085852463,0.6114450604849664,0.38549044122548903,0.0,0.8578074892780682,0.9058881010919309,,,EXPLOIT
229,50,,,0,1,1,1,common,1.0,0.44576964419589904,0.6645030557419069,0.403574202116612,0.0,0.8590038453715222,0.9067980779433572,,,EXPLOIT
230,50,,,0,0,1,1,rare,1.0,0.28975026872733434,0.6928356887081071,0.3694270220998287,0.0,0.8601685712713388,0.907681785158397,,,EXPLOIT
231,50,,,0,0,0,0,common,0.0,0.9663230005211438,0.680840518452942,0.5484958156262232,0.0,0.861302848467732,0.9085403013548089,,,EXPLOIT
232,50,,,0,0,1,1,rare,0.0,0.8116623253272327,0.6109879823569385,0.627445768536526,0.0,0.8560706631822291,0.9045295002599006,,,EXPLOIT
233,50,,,0,0,0,0,common,1.0,0.3718900496612565,0.4521983959295526,0.5507790528739451,0.0,0.850486859621814,0.9001965666460324,,,EXPLOIT
234,50,,,0,0,0,0,common,1.0,0.24172853227981672,0.6365063422360305,0.4580638966957066,0.0,0.8445150727977707,0.8955013151629636,,,EXPLOIT
235,50,,,0,0,0,0,common,1.0,0.15712354598188083,0.6918381262462627,0.3677817914815588,0.0,0.8460869925815971,0.8967347895811945,,,EXPLOIT
236,50,,,0,0,0,0,common,1.0,0.1021303048882225,0.6833311893345464,0.28808634550355794,0.0,0.8476121950283011,0.8979275767048445,,,EXPLOIT
237,50,,,0,0,1,0,rare,1.0,0.9620898527625041,0.6590784062318049,0.4902873976812418,0.0,0.8490926586204087,0.8990815996933952,,,EXPLOIT
238,50,,,0,0,0,0,common,0.0,0.9336153018226554,0.6364637979266572,0.6232857689236659,0.0,0.8505302518393107,0.9001986624975046,,,EXPLOIT
239,50,,,0,0,1,0,rare,1.0,0.6253584042956277,0.6499478544969712,0.6239075595352545,0.0,0.8445615308692672,0.8955035898730264,,,EXPLOIT
240,50,,,0,0,1,1,rare,1.0,0.47241948853729876,0.692921284607351,0.5784611382358678,0.0,0.8381636025391799,0.8903990639869226,,,EXPLOIT
241,50,,,0,0,0,0,common,0.0,0.6068499461847261,0.6804669046786882,0.5869777806205252,0.0,0.8312888042778315,0.8848293748229359,,,EXPLOIT
242,50,,,0,0,0,0,common,1.0,0.605547534979928,0.6115441655882344,0.5925487069283459,0.0,0.8238821455071977,0.8787282259717453,,,EXPLOIT
243,50,,,0,0,0,0,common,1.0,0.3936058977369532,0.6881681299306226,0.5328658641709281,0.0,0.8158798430036082,0.8720160945773338,,,EXPLOIT
244,50,,,0,1,1,1,common,1.0,0.3070726675492442,0.6872350500115014,0.46512790518442293,0.0,0.8072074903496395,0.8645967597520168,,,EXPLOIT
245,50,,,0,1,1,0,common,0.0,0.593517037207842,0.6910374604690854,0.5036446447914487,0.0,0.8100684345072243,0.8670476930460789,,,EXPLOIT
246,50,,,0,1,0,0,rare,1.0,0.2558438335290196,0.5735265909588705,0.4293044014127199,0.0,0.8008921516073458,0.8590810804435445,,,EXPLOIT
247,50,,,0,0,1,1,rare,0.0,0.8004027660929912,0.6729080385648354,0.5406339108168012,0.0,0.8040053348455952,0.8617890439877651,,,EXPLOIT
248,50,,,0,0,0,0,common,1.0,0.1662984917938628,0.6320570240473787,0.4283332851099197,0.0,0.7942876940256088,0.8532209903553902,,,EXPLOIT
249,50,,,0,0,0,0,common,0.0,0.8919059803339892,0.6927699281687897,0.5674050936771404,0.0,0.7976751382114056,0.8562151082799797,,,EXPLOIT
250,50,,,0,0,0,0,common,1.0,0.420261112782907,0.5779324980156966,0.5232618994088704,0.0,0.7873752277330027,0.8469844918007156,,,EXPLOIT
251,50,,,0,0,0,0,common,1.0,0.27316972330888956,0.6854001986075262,0.4482342465788761,0.0,0.7760904773676366,0.8365995033200946,,,EXPLOIT
252,50,,,0,0,0,0,common,0.0,0.8224396798492217,0.6852922105157608,0.5604958765599798,0.0,0.780288771794757,0.8404781345941466,,,EXPLOIT
253,50,,,0,1,1,1,common,0.0,0.5202617979604442,0.6152689009219868,0.548425652980119,0.0,0.7682993929854276,0.8292363077132695,,,EXPLOIT
254,50,,,0,1,0,0,rare,1.0,0.46541420809800593,0.6898133134725535,0.523522219515485,0.0,0.755067369224272,0.8164290603057714,,,EXPLOIT
255,50,,,0,0,1,1,rare,1.0,0.6618298313257112,0.6506975107850181,0.5650145030585528,0.0,0.7403897315971457,0.8017057458658495,,,EXPLOIT
256,50,,,0,1,1,0,common,0.0,0.3857860741850973,0.6917359030208197,0.5112459743965161,0.0,0.7240167636410473,0.7846025440520097,,,EXPLOIT
257,50,,,0,1,1,1,common,1.0,0.43018939036171233,0.5796648947504099,0.4869289991860749,0.0,0.7056377204786144,0.7644927933785038,,,EXPLOIT
258,50,,,0,1,1,1,common,1.0,0.279623103735113,0.688066904007077,0.4247372305507863,0.0,0.7137297492356118,0.7734323624051234,,,EXPLOIT
259,50,,,0,0,0,0,common,1.0,0.30251923526370383,0.680126211465326,0.38807183196466155,0.0,0.7213142197000344,0.7816382241043632,,,EXPLOIT
260,50,,,0,0,0,0,common,1.0,0.19663750292140747,0.6909944426793069,0.3306415332516853,0.0,0.7284370845349816,0.7891967787024684,,,EXPLOIT
261,50,,,0,0,0,0,common,1.0,0.12781437689891484,0.6707696012749571,0.26979338634585415,0.0,0.7351389120561286,0.7961813732805817,,,EXPLOIT
262,50,,,0,0,1,1,rare,1.0,0.18175501742782352,0.6472123484150138,0.24338187567044495,0.0,0.7414556524141035,0.8026546771185971,,,EXPLOIT
263,50,,,0,1,1,1,common,1.0,0.11814076132808526,0.6281396419125702,0.20580954136773705,0.0,0.7474192765656638,0.8086705565508847,,,EXPLOIT
264,50,,,0,0,0,0,common,1.0,0.08307934498429459,0.6732067639726202,0.16899048245270432,0.0,0.7530583120115478,0.8142755681891632,,,EXPLOIT
265,50,,,0,1,1,1,common,1.0,0.07679149486325543,0.6645981077039275,0.14133078617586964,0.0,0.7583982942491106,0.8195101581684248,,,EXPLOIT
266,50,,,0,0,0,0,common,0.0,0.9459984257602085,0.6846238894991624,0.3827310780511713,0.0,0.7634621490147083,0.824409632793259,,,EXPLOIT
267,50,,,0,1,1,0,common,1.0,0.7492390517796867,0.5651689742690673,0.4926834701697259,0.0,0.7682705173861339,0.8290049498573011,,,EXPLOIT
268,50,,,0,1,1,1,common,0.0,0.9500855283388839,0.5347200122462974,0.6299040876204733,0.0,0.772842033468102,0.8333233681335956,,,EXPLOIT
269,50,,,0,0,1,1,rare,1.0,0.38244440657972545,0.6924182982683426,0.5556661833082489,0.0,0.7600883255834695,0.8210977575901176,,,EXPLOIT
270,50,,,0,0,1,0,rare,0.0,0.5129946163432035,0.6499844256540432,0.5428647132187353,0.0,0.7459684336148564,0.8070894031987768,,,EXPLOIT
271,50,,,0,0,0,0,common,1.0,0.3851010232558645,0.6675621362381243,0.495535606229874,0.0,0.7302512538133898,0.790878580781734,,,EXPLOIT
272,50,,,0,0,1,1,rare,1.0,0.2485888642768216,0.6851953892704103,0.42145158364395824,0.0,0.7368477792152213,0.7977383842146277,,,EXPLOIT
273,50,,,0,0,0,0,common,1.0,0.25031566511631187,0.6329901869163819,0.3701108080856643,0.0,0.7430680474961375,0.8041002177548467,,,EXPLOIT
274,50,,,0,0,0,0,common,1.0,0.16270518232560272,0.5789685767033199,0.3078891203576459,0.0,0.748943069349254,0.8100161171938657,,,EXPLOIT
275,50,,,0,0,0,0,common,1.0,0.10575836851164178,0.5385308875279857,0.24724989480384463,0.0,0.7545005390874341,0.8155311125725735,,,EXPLOIT
276,50,,,0,0,0,0,common,1.0,0.06874293953256716,0.5109008198489743,0.19369780822246138,0.0,0.7597652664374784,0.8206843688073815,,,EXPLOIT
277,50,,,0,0,1,1,rare,1.0,0.16158276177993403,0.4926063686959782,0.18406329428970314,0.0,0.7647595425827055,0.8255101104937628,,,EXPLOIT
278,50,,,0,0,0,1,common,1.0,0.9965830700634926,0.480633244519819,0.42781922702183994,0.0,0.769503451845879,0.8300383770734946,,,EXPLOIT
279,50,,,0,0,1,1,rare,1.0,0.10502879515695707,0.4728316639907122,0.33098209746237506,0.0,0.7740151382032132,0.8342956435910687,,,EXPLOIT
280,50,,,0,1,1,1,common,1.0,0.06826871685202207,0.4677566602901705,0.25216808327926915,0.0,0.7783110340861829,0.8383053341459497,,,EXPLOIT
281,50,,,0,0,0,0,common,1.0,0.0446829106961687,0.5858320647163876,0.18992253150433902,0.0,0.7824060575534288,0.8420882490747571,,,EXPLOIT
282,50,,,0,0,0,0,common,1.0,0.02904389195250967,0.5829520882802496,0.14165893963879023,0.0,0.7863137828191934,0.845662922313623,,,EXPLOIT
283,50,,,0,0,0,0,common,1.0,0.01887852976913129,0.5810676459045404,0.10482481667789253,0.0,0.7900465882461009,0.8490459219011444,,,EXPLOIT
284,50,,,0,0,1,1,rare,1.0,0.04437466595381434,0.5798376037376085,0.08668977146066907,0.0,0.7936157852018914,0.8522521039038922,,,EXPLOIT
285,50,,,0,0,0,1,common,1.0,0.6477789955412703,0.5790359283450328,0.2550165386848494,0.0,0.7970317306059673,0.8552948279750345,,,EXPLOIT
286,50,,,0,0,0,1,common,0.0,0.5789436528981744,0.5785139400078724,0.3521946729488469,0.0,0.8003039255245512,0.8581861411431607,,,EXPLOIT
287,50,,,0,0,0,0,common,1.0,0.012271044349935312,0.67545275256007,0.2502175843691734,0.0,0.8034411017912791,0.8609369351630779,,,EXPLOIT
288,50,,,0,0,0,1,common,0.0,0.3763133743838134,0.6915957643111414,0.2880463213735654,0.0,0.8064512983162903,0.8635570817616534,,,EXPLOIT
289,50,,,0,1,1,1,common,0.0,0.9711564671300207,0.5881911411836612,0.492979365100502,0.0,0.8093419284880363,0.8660555493187255,,,EXPLOIT
290,50,,,0,0,0,0,common,1.0,0.007976178827457936,0.6924911191417155,0.34747840921858875,0.0,0.8121198398576657,0.8684405038896866,,,EXPLOIT
291,50,,,0,0,0,1,common,0.0,0.24460369334947873,0.6241928204204871,0.3166159944578557,0.0,0.8147913671175813,0.8707193969676358,,,EXPLOIT
292,50,,,0,0,0,0,common,1.0,0.005184516237847658,0.6892610919624265,0.22318655099185328,0.0,0.8173623792370247,0.872899041972319,,,EXPLOIT
293,50,,,0,0,1,0,rare,1.0,0.6665534993769177,0.6489861149304319,0.35619663550737257,0.0,0.8198383214929293,0.874985681119855,,,EXPLOIT
294,50,,,0,0,0,0,common,1.0,0.003369935554600967,0.5583098067282111,0.2503486255215411,0.0,0.8222242530295901,0.8769850440555976,,,EXPLOIT
295,50,,,0,0,1,1,rare,1.0,0.36874829636548656,0.4863123918203595,0.28586852677472474,0.0,0.8245248804923885,0.878902399410023,,,EXPLOIT
296,50,,,0,0,0,0,common,1.0,0.0021904581104906784,0.43813758783514856,0.2007651061754545,0.0,0.8267445882061326,0.8807426002545412,,,EXPLOIT
297,50,,,0,0,1,0,rare,0.0,0.5667402254050036,0.4071755102064456,0.31055764194431923,0.0,0.8288874653051979,0.8825101242830008,,,EXPLOIT
298,50,,,0,1,0,0,rare,0.0,0.9985762022281811,0.6632894547787604,0.5169632100294778,0.0,0.8309573301687181,0.8842091094193256,,,EXPLOIT
299,50,,,0,1,0,0,rare,1.0,0.3509254685516823,0.5467154035862136,0.4671518875861391,0.0,0.8235245168387713,0.8780472244946814,,,EXPLOIT
300,50,,,0,1,1,0,common,0.0,0.3683811465132523,0.68748133073171,0.4375206652642731,0.0,0.8257792491836218,0.8799216573723246,,,EXPLOIT
301,50,,,0,1,1,1,common,1.0,0.2396863926375663,0.584242310328438,0.37817038347626103,0.0,0.8279553894373923,0.8817214374365013,,,EXPLOIT
302,50,,,0,1,1,1,common,1.0,0.15579615521441814,0.6920425202974485,0.31145811499770815,0.0,0.8300568720623135,0.8834508517557483,,,EXPLOIT
303,50,,,0,0,0,1,common,0.0,0.1589924006771612,0.6642375743528757,0.26571840070154407,0.0,0.8320873734042648,0.8851138654469368,,,EXPLOIT
304,50,,,0,1,0,0,rare,1.0,0.2281015545585935,0.5108897393037517,0.25443334685865887,0.0,0.8340503325208578,0.8867141513432344,,,EXPLOIT
305,50,,,0,1,1,1,common,0.0,0.8987324991106282,0.42655545608287604,0.4477230925342497,0.0,0.835948970024726,0.888255116440725,,,EXPLOIT
306,50,,,0,1,0,0,rare,1.0,0.14826601046308574,0.6550208910142046,0.3578859679129005,0.0,0.8377863051592324,0.8897399255245053,,,EXPLOIT
307,50,,,0,1,1,1,common,1.0,0.41582387557809164,0.5382669940391032,0.37526734021245783,0.0,0.8395651712970594,0.8911715223190684,,,EXPLOIT
308,50,,,0,1,1,1,common,1.0,0.2702855191257596,0.44475419573607167,0.3437727938864483,0.0,0.8412882300290457,0.8925526484604414,,,EXPLOIT
309,50,,,0,1,1,1,common,1.0,0.17568558743174378,0.3844449345336101,0.29334663195003696,0.0,0.842957983990637,0.8938858605473827,,,EXPLOIT
310,50,,,0,0,1,1,rare,1.0,0.11419563183063342,0.34698100885527144,0.2396013319142159,0.0,0.8445767885559734,0.8951735454947854,,,EXPLOIT
311,50,,,0,0,0,0,common,1.0,0.09637290680100574,0.5321416775774888,0.19663280438025282,0.0,0.8461468625145533,0.8964179343832926,,,EXPLOIT
312,50,,,0,0,0,0,common,0.0,0.9373576105793463,0.6368490211053421,0.41885024623998085,0.0,0.847670297832271,0.8976211149742013,,,EXPLOIT
313,50,,,0,0,0,0,common,1.0,0.3907175531234248,0.4230351370364944,0.410410438305014,0.0,0.8491490685871422,0.8987850430373467,,,EXPLOIT
314,50,,,0,1,1,1,common,0.0,0.9257728393100882,0.5801272571502367,0.5650191586065363,0.0,0.8505850391600069,0.8999115526212775,,,EXPLOIT
315,50,,,0,0,0,0,common,1.0,0.2539664095302261,0.6838857873086899,0.4717033338836432,0.0,0.8446201880210054,0.895191945677583,,,EXPLOIT
316,50,,,0,0,0,0,common,1.0,0.165078166194647,0.6286016187668492,0.3797157835769443,0.0,0.8461889645365495,0.8964357207126853,,,EXPLOIT
317,50,,,0,0,0,0,common,1.0,0.10730080802652053,0.5725563809448035,0.29799129091181714,0.0,0.8477111577016135,0.897638316809495,,,EXPLOIT
318,50,,,0,0,1,0,rare,0.0,0.239447745233614,0.5309752376670065,0.2804282272083562,0.0,0.8491887385011238,0.898801687896678,,,EXPLOIT
319,50,,,0,0,0,0,common,1.0,0.06974552521723831,0.6930745013095627,0.21722341661102082,0.0,0.8506235684361897,0.8999276663237339,,,EXPLOIT
320,50,,,0,0,0,0,common,1.0,0.04533459139120488,0.656752526803148,0.16565676904507604,0.0,0.8520174070238322,0.9010179721739513,,,EXPLOIT
321,50,,,0,1,1,1,common,1.0,0.39824765444844257,0.5970636109323678,0.23543403466608598,0.0,0.8533719186885442,0.9020742217342236,,,EXPLOIT
322,50,,,0,0,0,0,common,1.0,0.02946748440428315,0.6774383170500724,0.1736440695875451,0.0,0.854688679102454,0.9030979352094547,,,EXPLOIT
323,50,,,0,0,0,0,common,1.0,0.01915386486278403,0.6501254551018565,0.12729700817011677,0.0,0.8559691810248826,0.9040905437590099,,,EXPLOIT
324,50,,,0,1,1,1,common,1.0,0.25886097539148767,0.6262793226448818,0.16676619833652803,0.0,0.8572148396868131,0.9050533959237128,,,EXPLOIT
325,50,,,0,1,1,1,common,1.0,0.16825963400446697,0.6745040531381372,0.1672142290369097,0.0,0.8584269977611149,0.9059877635041033,,,EXPLOIT
326,50,,,0,1,0,0,rare,1.0,0.012450012160809654,0.6903063130786379,0.12078496397407966,0.0,0.8596069299552376,0.9068948469438433,,,EXPLOIT
327,50,,,0,1,1,1,common,1.0,0.10936876210290358,0.6931448643167388,0.11736010341272683,0.0,0.8607558472594061,0.9077757802662032,,,EXPLOIT
328,50,,,0,0,1,1,rare,1.0,0.07108969536688736,0.6917648629601489,0.10347898099897498,0.0,0.861874900880098,0.9086316356063241,,,EXPLOIT
329,50,,,0,0,0,0,common,1.0,0.008092507904526314,0.6931462018303818,0.07486303907064037,0.0,0.8629651858856692,0.9094634273773491,,,EXPLOIT
330,50,,,0,0,0,0,common,1.0,0.005260130137942132,0.6926388811067525,0.053982166390830894,0.0,0.8640277445884077,0.9102721161044764,,,EXPLOIT
331,50,,,0,0,0,0,common,1.0,0.0034190845896623356,0.6917164184524913,0.03881324185048032,0.0,0.8650635696849833,0.9110586119574069,,,EXPLOIT
332,50,,,0,0,0,0,common,1.0,0.0022224049832805237,0.6908677083200103,0.02783599079032038,0.0,0.8660736071751923,0.9118237780085098,,,EXPLOIT
333,50,,,0,0,0,0,common,1.0,0.0014445632391323349,0.6902113404055232,0.019918562524963965,0.0,0.8670587590770432,0.9125684332412348,,,EXPLOIT
334,50,,,0,0,1,1,rare,1.0,0.04620830198847681,0.6897406441063865,0.027805484364017818,0.0,0.8680198859545748,0.9132933553308257,,,EXPLOIT
335,50,,,0,0,0,0,common,1.0,0.0009389661054359788,0.6894161328568655,0.019745528886443264,0.0,0.8689578092733011,0.9139992832171876,,,EXPLOIT
336,50,,,0,1,1,1,common,0.0,0.96996460370749,0.6891973757647598,0.30481125133275727,0.0,0.8698733135968455,0.9146869194878153,,,EXPLOIT
337,50,,,0,1,0,0,rare,1.0,0.0006103279685334417,0.47225264245726817,0.2135509743234901,0.0,0.8707671486371134,0.9153569325869366,,,EXPLOIT
338,50,,,0,1,1,0,common,0.0,0.15564103440184912,0.5861398502061496,0.1961779923469978,0.0,0.8716400311692761,0.9160099588654842,,,EXPLOIT
339,50,,,0,0,0,0,common,0.0,0.9996032868204533,0.3582995552825573,0.4372055806890345,0.0,0.8724926468218472,0.9166466044851146,,,EXPLOIT
340,50,,,0,0,1,1,rare,1.0,0.36952300759013146,0.6448999958992634,0.41690080875936353,0.0,0.8733256517512593,0.9172674471882566,,,EXPLOIT
341,50,,,0,0,0,0,common,1.0,0.3502578635667053,0.5560302911225523,0.39690792520156604,0.0,0.8741396742095392,0.9178730379450576,,,EXPLOIT
342,50,,,0,0,0,0,common,1.0,0.22766761131835844,0.48646758751449426,0.3461358310366037,0.0,0.8749353160129625,0.9184639024871041,,,EXPLOIT
343,50,,,0,1,1,1,common,1.0,0.24018995493358541,0.43998029355304874,0.3143520682056982,0.0,0.8757131539189055,0.9190405427368921,,,EXPLOIT
344,50,,,0,1,0,0,rare,1.0,0.147983947356933,0.5934608078527411,0.2644416319510686,0.0,0.8764737409175233,0.9196034381412248,,,EXPLOIT
345,50,,,0,1,1,1,common,0.0,0.8438765292931695,0.6654930427638017,0.43827210115369886,0.0,0.8772176074443343,0.920153046915984,,,EXPLOIT
346,50,,,0,1,1,0,common,1.0,0.8988333276387981,0.4582838367765436,0.5764404690992286,0.0,0.8779452625193097,0.9206898072090755,,,EXPLOIT
347,50,,,0,0,0,0,common,0.0,0.9038104342179936,0.6034096749446958,0.6746514586348581,0.0,0.8737551452778212,0.9175776576332217,,,EXPLOIT
348,50,,,0,0,0,0,common,1.0,0.41252321775830414,0.6757547746903401,0.5960129863718918,0.0,0.8693135679271659,0.9142463138854238,,,EXPLOIT
349,50,,,0,1,1,0,common,1.0,0.5842416629652187,0.6880955577622547,0.5924815893498898,0.0,0.8645974395956976,0.9106719604575453,,,EXPLOIT
350,50,,,0,0,0,0,common,1.0,0.26814009154289775,0.6857241231651059,0.4951791400077922,0.0,0.8595807532765473,0.9068272023057533,,,EXPLOIT
351,50,,,0,0,0,1,common,0.0,0.10334506044015479,0.6910066201246585,0.37762891613750094,0.0,0.8607303548512794,0.9077100742700968,,,EXPLOIT
352,50,,,0,1,1,1,common,1.0,0.45148025595943975,0.5772834366640268,0.39978431808408255,0.0,0.861850067496267,0.908567789269694,,,EXPLOIT
353,50,,,0,1,1,1,common,1.0,0.29346216637363587,0.5161694384320747,0.3678876725709485,0.0,0.8629409875036057,0.9094013659433262,,,EXPLOIT
354,50,,,0,1,1,1,common,1.0,0.19075040814286326,0.47430356094138226,0.3147464932425229,0.0,0.8640041583360364,0.9102117687628889,,,EXPLOIT
355,50,,,0,1,1,1,common,1.0,0.12398776529286115,0.4468908386885171,0.25751887485762437,0.0,0.8650405737725989,0.9109999115876487,,,EXPLOIT
356,50,,,0,1,1,1,common,1.0,0.08059204744035975,0.42915550298654226,0.20444082663244498,0.0,0.8660511808321554,0.9117666609422531,,,EXPLOIT
357,50,,,0,1,0,0,rare,0.0,0.8257089404971165,0.41770326459944374,0.3908212607918464,0.0,0.8670368824928681,0.9125128390432241,,,EXPLOIT
358,50,,,0,1,1,1,common,0.0,0.9476151691637662,0.6744041042370355,0.5578594333034224,0.0,0.8679985402240581,0.913239226596164,,,EXPLOIT
359,50,,,0,1,1,0,common,1.0,0.37975708092739224,0.6631739025237262,0.5044287275906133,0.0,0.8631995422226038,0.9095896999511048,,,EXPLOIT
360,50,,,0,1,0,0,rare,1.0,0.4632891886768742,0.6800765797447594,0.49208686591649153,0.0,0.858091976290414,0.9056610875430016,,,EXPLOIT
361,50,,,0,1,1,0,common,0.0,0.7531578973971951,0.6085449627737607,0.5704081753607025,0.0,0.8592807783375187,0.9065776700548571,,,EXPLOIT
362,50,,,0,0,0,0,common,1.0,0.3011379726399682,0.6885539102292748,0.4896271145444822,0.0,0.8539140703613605,0.9024108254886477,,,EXPLOIT
363,50,,,0,0,0,0,common,1.0,0.19573968221597937,0.6120129299999181,0.40146088484593134,0.0,0.8552158493962486,0.9034242648540396,,,EXPLOIT
364,50,,,0,1,0,0,rare,1.0,0.12723079344038657,0.5276007662597723,0.31919185742426787,0.0,0.8564819569008918,0.9044070468646878,,,EXPLOIT
365,50,,,0,1,1,1,common,1.0,0.38405014004355187,0.6571586207631054,0.33864934221005305,0.0,0.8577137779001388,0.9053604944709229,,,EXPLOIT
366,50,,,0,1,0,0,rare,0.0,0.9172999842637487,0.6923241454662139,0.5122445348261617,0.0,0.8589126267797319,0.9062858556863606,,,EXPLOIT
367,50,,,0,1,1,0,common,0.0,0.48955263330817683,0.5455865096129362,0.5054369643707662,0.0,0.8535212415763699,0.9020955500748788,,,EXPLOIT
368,50,,,0,0,1,1,rare,1.0,0.2496325910283087,0.38829776283325135,0.428695652368029,0.0,0.8477619285610346,0.8975609248679852,,,EXPLOIT
369,50,,,0,0,0,1,common,0.0,0.06717428928610061,0.33126054226746304,0.32023924344345045,0.0,0.8492380313505,0.898726802754444,,,EXPLOIT
370,50,,,0,0,0,0,common,1.0,0.4037550102285633,0.5929846050143434,0.3452939734789843,0.0,0.8506714445058039,0.8998551717305054,,,EXPLOIT
371,50,,,0,0,1,1,rare,1.0,0.16226118416840063,0.4638394271995266,0.29038413668580915,0.0,0.8520639242132889,0.9009477589506273,,,EXPLOIT
372,50,,,0,0,0,0,common,0.0,0.7375592433514339,0.3772066643684405,0.42453666868549655,0.0,0.8534171317902579,0.9020061872431915,,,EXPLOIT
373,50,,,0,1,1,1,common,1.0,0.10546976970946043,0.6191538827969663,0.3288165989926857,0.0,0.8547326400073785,0.9030319828718197,,,EXPLOIT
374,50,,,0,0,1,1,rare,0.0,0.9314446496888508,0.6908238621123017,0.5096050142015351,0.0,0.8560119389121098,0.9040265826139567,,,EXPLOIT
375,50,,,0,0,1,1,rare,1.0,0.39456097770224696,0.6049498219112529,0.4750918032517487,0.0,0.8504241234615497,0.8996523590964728,,,EXPLOIT
376,50,,,0,0,0,0,common,0.0,0.47941350817843204,0.6929805521438828,0.47638831472975374,0.0,0.8518236291250679,0.9007513399645708,,,EXPLOIT
377,50,,,0,0,0,1,common,0.0,0.0436632880359654,0.6245744021563292,0.3465708067216172,0.0,0.8531835790925322,0.9018158737254202,,,EXPLOIT
378,50,,,0,0,0,1,common,0.0,0.02838113722337751,0.5215231119528203,0.25111390587214527,0.0,0.854505561164507,0.902847503685146,,,EXPLOIT
379,50,,,0,0,0,0,common,1.0,0.6883812196840191,0.4459315303839553,0.3822941000157074,0.0,0.8557910794353024,0.9038476824219901,,,EXPLOIT
380,50,,,0,0,0,0,common,0.0,0.5525522072053874,0.6683531903610125,0.4333715321726114,0.0,0.8570415597389277,0.9048177783582191,,,EXPLOIT
381,50,,,0,0,0,0,common,1.0,0.6408410653164982,0.565221040925185,0.49561239211577734,0.0,0.858258354675316,0.9057590817689353,,,EXPLOIT
382,50,,,0,0,0,0,common,0.0,0.5834533075442763,0.691987623297504,0.521964666744327,0.0,0.8594427482540785,0.9066728102832821,,,EXPLOIT
383,50,,,0,0,0,0,common,1.0,0.6207553500962204,0.6096604365041117,0.551601871749895,0.0,0.8540868790629162,0.9025136001792705,,,EXPLOIT
384,50,,,0,0,1,1,rare,1.0,0.2564646355064606,0.6927899980146227,0.46306070087686463,0.0,0.848366742955562,0.8980139512376217,,,EXPLOIT
385,50,,,0,0,1,1,rare,1.0,0.1667020130791994,0.6439690974988515,0.37415309453756507,0.0,0.8498252883242283,0.899165189353421,,,EXPLOIT
386,50,,,0,0,0,0,common,1.0,0.40349097756254326,0.5769025981931934,0.3829544594450585,0.0,0.8512418692381659,0.900279595807114,,,EXPLOIT
387,50,,,0,1,1,1,common,1.0,0.10835630850147959,0.5246620334998626,0.3005750141619848,0.0,0.8526182025542339,0.9013588566573646,,,EXPLOIT
388,50,,,0,1,1,1,common,1.0,0.07043160052596176,0.6404227928478712,0.2315319900711779,0.0,0.8539559128915178,0.9024045567078309,,,EXPLOIT
389,50,,,0,1,1,0,common,0.0,0.31820921165031496,0.6839964210343306,0.257535156544919,0.0,0.8552565387452735,0.9034181869971372,,,EXPLOIT
390,50,,,0,1,1,1,common,1.0,0.045780540341875176,0.4940955241673549,0.19400877168400585,0.0,0.8565215381209075,0.904401151633677,,,EXPLOIT
391,50,,,0,1,1,1,common,0.0,0.9702426487777811,0.6262490446553788,0.42687893481213834,0.0,0.8577522937313838,0.9053547740411461,,,EXPLOIT
392,50,,,0,0,0,0,common,1.0,0.2622691354156531,0.4236363374224563,0.37749599499319275,0.0,0.8589501177970222,0.9062803026732388,,,EXPLOIT
393,50,,,0,0,0,0,common,0.0,0.8295250619798255,0.38822724247844076,0.5131047150891825,0.0,0.8601162564827286,0.9071789162494087,,,EXPLOIT
394,50,,,0,0,0,0,common,1.0,0.4608087097131135,0.6504089149056067,0.4974159134763618,0.0,0.85480533905817,0.9030601981162762,,,EXPLOIT
395,50,,,0,1,1,1,common,1.0,0.3693422782944422,0.5503504714548976,0.4589938229217859,0.0,0.8560826495707762,0.9040539457864085,,,EXPLOIT
396,50,,,0,1,1,1,common,0.0,0.7599275191086126,0.6746300415861253,0.5492739317778339,0.0,0.8573252405125148,0.9050178880282492,,,EXPLOIT
397,50,,,0,0,0,0,common,1.0,0.29952566131352376,0.5217087744695721,0.47434945063854084,0.0,0.8518267991013958,0.9007248597554521,,,EXPLOIT
398,50,,,0,0,0,0,common,1.0,0.19469167985379043,0.4409401237484395,0.3904521194031157,0.0,0.8531866600290408,0.9017902178125867,,,EXPLOIT
399,50,,,0,0,0,1,common,0.0,0.018447739195195385,0.3890748783087862,0.2788508053407396,0.0,0.8545085566114939,0.9028226354068061,,,EXPLOIT
400,50,,,0,0,1,1,rare,0.0,0.4939528874205982,0.6441885724183918,0.3433814299646971,0.0,0.8557939927571426,0.903823567256073,,,EXPLOIT
401,50,,,0,1,0,0,rare,1.0,0.12654959190496373,0.6896115522612282,0.2783318785467771,0.0,0.8570443941260915,0.904794383768488,,,EXPLOIT
402,50,,,0,1,0,0,rare,0.0,0.9177427652617736,0.5855675449546963,0.470155144561276,0.0,0.858261113155464,0.9057363770641919,,,EXPLOIT
403,50,,,0,1,1,1,common,0.0,0.3210693768233888,0.6915782689576828,0.4254294142399099,0.0,0.8594454337023206,0.9066507664883837,,,EXPLOIT
404,50,,,0,1,1,0,common,0.0,0.20683598757270472,0.6680503783605001,0.3598513862397483,0.0,0.860598575337707,0.9075387036649305,,,EXPLOIT
405,50,,,0,1,1,1,common,1.0,0.7913049050647972,0.61537444516319,0.4892874418872629,0.0,0.8617216973220423,0.9084012771346184,,,EXPLOIT
406,50,,,0,0,1,0,rare,0.0,0.13444339192225807,0.6789696302880568,0.3828342268977614,0.0,0.8628159022890964,0.909239516617336,,,EXPLOIT
407,50,,,0,0,0,0,common,0.0,0.5965327974201529,0.607530457459799,0.4469437980544788,0.0,0.863882239663179,0.9100543969332897,,,EXPLOIT
408,50,,,0,0,0,1,common,1.0,0.988008969523123,0.5392876141765811,0.6092633494950721,0.0,0.8649217088318092,0.9108468416146533,,,EXPLOIT
409,50,,,0,0,1,1,rare,0.0,0.48565181170788174,0.693028682879465,0.572179888158915,0.0,0.8599259866083498,0.907015546897438,,,EXPLOIT
410,50,,,0,0,0,1,common,0.0,0.35779416980997003,0.6407160914030154,0.5078641726542314,0.0,0.8546023894000344,0.9028837801942725,,,EXPLOIT
411,50,,,0,0,1,1,rare,1.0,0.6843263223898769,0.5665715223517656,0.560802817574925,0.0,0.8489178406619677,0.8984149866927393,,,EXPLOIT
412,50,,,0,0,0,0,common,1.0,0.6122536816769006,0.6927840977441913,0.5762380768055176,0.0,0.8428346602739136,0.8935664315968053,,,EXPLOIT
413,50,,,0,0,0,0,common,1.0,0.3979648930899854,0.620890176644098,0.5227561216908579,0.0,0.8363097347534562,0.8882878364931084,,,EXPLOIT
414,50,,,0,0,0,1,common,0.0,0.23256621037648054,0.5264386518881903,0.43569914829654466,0.0,0.8292935012756688,0.8825196379790734,,,EXPLOIT
415,50,,,0,1,1,1,common,1.0,0.44481210955342,0.6891729296024867,0.4384330366736072,0.0,0.8313496600515492,0.8842182575681792,,,EXPLOIT
416,50,,,0,1,1,0,common,1.0,0.9126117952505323,0.6533454523382596,0.5806866642466848,0.0,0.8333370398848285,0.8858521882834314,,,EXPLOIT
417,50,,,0,1,1,1,common,0.0,0.7108721287902771,0.5689280197604446,0.6197423036097625,0.0,0.8260909520271671,0.8798505130594286,,,EXPLOIT
418,50,,,0,0,0,0,common,1.0,0.25867718050849053,0.6931197878758224,0.5114227666793809,0.0,0.8182687446486938,0.8732530396667343,,,EXPLOIT
419,50,,,0,0,0,0,common,1.0,0.16814016733051884,0.6343878390519229,0.40843798687472227,0.0,0.8097993098093514,0.8659668025669692,,,EXPLOIT
420,50,,,0,1,1,0,common,0.0,0.406802333087154,0.5502388997603529,0.40794729073845176,0.0,0.8125595743357352,0.8683557470679238,,,EXPLOIT
421,50,,,0,0,1,1,rare,1.0,0.5379331162863199,0.3953491977281687,0.4469430384028122,0.0,0.8152144357202152,0.8706383709307793,,,EXPLOIT
422,50,,,0,0,0,0,common,0.0,0.8907088912351627,0.33412717309772977,0.5800727942525173,0.0,0.8177696915840927,0.8728215095350431,,,EXPLOIT
423,50,,,0,1,1,1,common,0.0,0.6503434744138921,0.5934420588630661,0.6011539983009297,0.0,0.8092580697331535,0.8654889814478959,,,EXPLOIT
424,50,,,0,0,0,0,common,1.0,0.4210392206971443,0.49764964208012186,0.5471195650197941,0.0,0.8000103552183193,0.8573464817515367,,,EXPLOIT
425,50,,,0,0,0,0,common,1.0,0.2736754934531438,0.3627697927985024,0.465086343549799,0.0,0.7899272778724898,0.8482524431802585,,,EXPLOIT
426,50,,,0,0,1,1,rare,0.0,0.42272325836902985,0.2844371020546784,0.4523774179955682,0.0,0.7935016515112452,0.8514996973575605,,,EXPLOIT
427,50,,,0,0,0,0,common,0.0,0.8221109292554565,0.5259128553193635,0.5632974713735346,0.0,0.7969224492535377,0.8545804203936496,,,EXPLOIT
428,50,,,0,0,0,0,common,0.0,0.5343721040160467,0.659386095817541,0.5546198611662883,0.0,0.7865521416980721,0.8451505779215374,,,EXPLOIT
429,50,,,0,0,0,0,common,0.0,0.3473418676104304,0.6928739745599883,0.4924364630995309,0.0,0.7751866835604387,0.8345277036469113,,,EXPLOIT
430,50,,,0,0,0,0,common,1.0,0.7742277860532203,0.6843456389099984,0.5769738599856377,0.0,0.7794273539496115,0.8385241001194774,,,EXPLOIT
431,50,,,0,0,0,0,common,0.0,0.4967519390654068,0.5957258569404168,0.5529072837095683,0.0,0.7673508132022799,0.827017926811643,,,EXPLOIT
432,50,,,0,0,1,1,rare,1.0,0.7252298820601306,0.6814681818327446,0.604604063214737,0.0,0.7540177524537378,0.8138889607227758,,,EXPLOIT
433,50,,,0,0,1,1,rare,1.0,0.4713994233390849,0.5187810689099905,0.5646426712520414,0.0,0.7392220936420545,0.7987686670117379,,,EXPLOIT
434,50,,,0,0,0,0,common,0.0,0.32288876039251446,0.37590345000243847,0.4921164979941833,0.0,0.7227100888591633,0.7811677800497566,,,EXPLOIT
435,50,,,0,0,0,1,common,0.0,0.15116803674471235,0.5879431249238747,0.389831959619342,0.0,0.7297494899479946,0.7887627654292744,,,EXPLOIT
436,50,,,0,1,1,1,common,1.0,0.30640962517040515,0.6793990636748908,0.3648052592846609,0.0,0.7363750612024399,0.7957797367632873,,,EXPLOIT
437,50,,,0,1,1,1,common,0.0,0.8008337436392367,0.6243316530109198,0.49561380459103366,0.0,0.742621946241934,0.8022819432509448,,,EXPLOIT
438,50,,,0,0,0,0,common,0.0,0.20987769425513442,0.6922207078112675,0.4098929714902639,0.0,0.7485214192326274,0.8083237310403081,,,EXPLOIT
439,50,,,0,1,1,1,common,1.0,0.4794580666344961,0.6628549375770318,0.4307625000335335,0.0,0.7541014031826939,0.8139520564936189,,,EXPLOIT
440,50,,,0,1,1,1,common,1.0,0.3116477433124225,0.48488924984925863,0.39502807301720017,0.0,0.7593869071032208,0.8192077009456543,,,EXPLOIT
441,50,,,0,1,1,1,common,1.0,0.20257103315307468,0.349247747030922,0.33729096105796247,0.0,0.764400396475581,0.8241262534659441,,,EXPLOIT
442,50,,,0,1,1,1,common,1.0,0.1316711715494986,0.27181748591630556,0.27560502420542327,0.0,0.7691621086015422,0.8287389117216728,,,EXPLOIT
443,50,,,0,1,0,0,rare,1.0,0.8635794987341626,0.22815398889842198,0.45199736656404504,0.0,0.7736903221715457,0.8330731390448353,,,EXPLOIT
444,50,,,0,1,1,1,common,1.0,0.08558626150717408,0.20272835060276975,0.34207403504698375,0.0,0.7780015886222212,0.8371532069502244,,,EXPLOIT
445,50,,,0,1,1,1,common,0.0,0.9443689300203368,0.18743470166002568,0.5227625035389896,0.0,0.782110931456311,0.8410006457445421,,,EXPLOIT
446,50,,,0,1,1,1,common,1.0,0.38616019548678104,0.43090996236139156,0.48178181112332696,0.0,0.7703048480209126,0.8298289551078293,,,EXPLOIT
447,50,,,0,0,0,0,common,1.0,0.5613266741772057,0.3177659086645983,0.5056452700394906,0.0,0.7747778433299128,0.8340985806686255,,,EXPLOIT
448,50,,,0,1,0,0,rare,1.0,0.36486233821518377,0.5613397319000499,0.46341039049219845,0.0,0.7622251854424035,0.8219816749399664,,,EXPLOIT
449,50,,,0,1,1,1,common,1.0,0.2510041270664076,0.4856887413497544,0.39968851146446116,0.0,0.7670953899032337,0.8267265683015382,,,EXPLOIT
450,50,,,0,1,1,0,common,0.0,0.26442151650665013,0.43499314174037773,0.3591084129771178,0.0,0.7717242736156437,0.8311812594238516,,,EXPLOIT
451,50,,,0,1,1,1,common,1.0,0.16315268259316495,0.6708990433491723,0.3003216938619319,0.0,0.7761291221800295,0.8353713765332371,,,EXPLOIT
452,50,,,0,1,1,1,common,0.0,0.8939507563144428,0.5797368501079987,0.47841041259768513,0.0,0.7803256091052251,0.8393196166683802,,,EXPLOIT
453,50,,,0,0,0,0,common,0.0,0.7628394801601306,0.6931415597172685,0.5637391328664187,0.0,0.7843279794665752,0.8430461530993022,,,EXPLOIT
454,50,,,0,0,0,0,common,1.0,0.504154337895915,0.6418023113737596,0.5458636943752676,0.0,0.7727429409457576,0.8321467991339596,,,EXPLOIT
455,50,,,0,0,0,0,common,0.0,0.6722996803676552,0.6812976631308438,0.5837944901729839,0.0,0.7599788968096766,0.8197552191324806,,,EXPLOIT
456,50,,,0,0,0,0,common,1.0,0.5630052077610241,0.6672541118628967,0.577557705449396,0.0,0.7458469692462075,0.8055432139991481,,,EXPLOIT
457,50,,,0,0,0,0,common,1.0,0.3659533850446657,0.6697545939391654,0.5140764093279768,0.0,0.7301156605129494,0.7890787256688637,,,EXPLOIT
458,50,,,0,0,0,0,common,0.0,0.7621302997209674,0.5778404741048012,0.5884925764458739,0.0,0.712498112826186,0.7697812248139883,,,EXPLOIT
459,50,,,0,0,0,1,common,0.0,0.09825922388406302,0.6931467506615827,0.4414225706773306,0.0,0.6926345076747672,0.7468519416539249,,,EXPLOIT
460,50,,,0,0,1,1,rare,1.0,0.4189320083956122,0.6413349391550983,0.43467540199281507,0.0,0.7015745910422552,0.7573260158702724,,,EXPLOIT
461,50,,,0,1,0,0,rare,1.0,0.5046153051813712,0.6814521489691046,0.4556573729493819,0.0,0.7099273217521426,0.7668751672548093,,,EXPLOIT
462,50,,,0,1,0,0,rare,1.0,0.32799994836789126,0.6705753600953152,0.41736014557493467,0.0,0.7177483589707666,0.7756163066285673,,,EXPLOIT
463,50,,,0,1,1,1,common,0.0,0.7276941945428521,0.5995893136503665,0.5104603602653099,0.0,0.7250865450162525,0.7836474382548142,,,EXPLOIT
464,50,,,0,1,0,0,rare,1.0,0.2131999664391293,0.689149899362115,0.42128224211745574,0.0,0.7068422986621994,0.7633620274836127,,,EXPLOIT
465,50,,,0,0,0,0,common,0.0,0.861420021814566,0.6612595416139959,0.5533235760265889,0.0,0.7148577891159869,0.7723965143762648,,,EXPLOIT
466,50,,,0,0,1,1,rare,1.0,0.5269987735471462,0.5230202135846518,0.5454261352827561,0.0,0.695303260340197,0.7499793586561132,,,EXPLOIT
467,50,,,0,0,1,1,rare,0.0,0.6574507971943551,0.6750361062576276,0.5790335338562358,0.0,0.6731099142448725,0.722966600816102,,,EXPLOIT
468,50,,,0,1,1,1,common,1.0,0.5726569818236692,0.5411503647908992,0.5771205682464658,0.0,0.6477063289496477,0.689785537761208,,,EXPLOIT
469,50,,,0,1,0,0,rare,0.0,0.559923014179468,0.44157252738234765,0.5719613020263665,0.0,0.6183432635606004,0.6480534543684278,,,EXPLOIT
470,50,,,0,1,0,0,rare,0.0,0.3639499592166542,0.6576956168197539,0.5095578991834528,0.0,0.5840186543739951,0.5939790616358073,,,EXPLOIT
471,50,,,0,1,1,1,common,1.0,0.37222703818538494,0.6892235011119663,0.46835864088403245,0.0,0.5433611496149726,0.5211411161141757,,,EXPLORE
472,50,,,0,1,0,1,rare,0.0,0.06386849552464097,0.6267330143988832,0.347011597276215,0.0,0.5648418818009009,0.560905660077485,,,EXPLOIT
473,50,,,0,1,1,1,common,1.0,0.24194757482050022,0.6929520203325054,0.3154923905395005,0.0,0.5842056553492783,0.5942613573600085,,,EXPLOIT
474,50,,,0,1,0,0,rare,1.0,0.7634325265091748,0.6113962140121169,0.4498744313304028,0.0,0.6017498736249417,0.6226407064133064,,,EXPLOIT
475,50,,,0,1,0,0,rare,1.0,0.49623114223096365,0.493181676306361,0.463781444600571,0.0,0.6177187244867263,0.6470788881979881,,,EXPLOIT
476,50,,,0,1,1,1,common,1.0,0.15726592363332514,0.4100188151188524,0.3718267883103972,0.0,0.632314573230339,0.6683425838837809,,,EXPLOIT
477,50,,,0,1,1,1,common,1.0,0.10222285036166134,0.35803444669144735,0.2909456069257765,0.0,0.6457065487644833,0.6870117263887886,,,EXPLOIT
478,50,,,0,0,0,0,common,1.0,0.3225502424501264,0.32598015060183044,0.30042699758308145,0.0,0.6580370979239573,0.7035330968398105,,,EXPLOIT
479,50,,,0,1,0,0,rare,1.0,0.20965765759258215,0.5144456763842089,0.27319619558593167,0.0,0.6694270475995444,0.7182564645098635,,,EXPLOIT
480,50,,,0,1,1,1,common,1.0,0.06644485273507983,0.4917433150050311,0.2111707927306761,0.0,0.6799795565322013,0.7314595619418045,,,EXPLOIT
481,50,,,0,1,1,1,common,1.0,0.0431891542778019,0.4768620735916373,0.16077630119481381,0.0,0.6897832308841123,0.7433657222514608,,,EXPLOIT
482,50,,,0,1,1,1,common,1.0,0.02807295028057122,0.4671660482360449,0.12096529592054103,0.0,0.6989146029953445,0.754156576400931,,,EXPLOIT
483,50,,,0,1,0,0,rare,0.0,0.8637225225648216,0.46086148367240937,0.3437924639138252,0.0,0.7074401201803551,0.7639813527075614,,,EXPLOIT
484,50,,,0,1,0,0,rare,1.0,0.43858036033286596,0.6890372307386361,0.3722288328395374,0.0,0.715417752949322,0.7729637940722728,,,EXPLOIT
485,50,,,0,1,0,1,rare,0.0,0.04151452209101663,0.6379769396601289,0.2730145396149811,0.0,0.7228983049927231,0.7812073757612346,,,EXPLOIT
486,50,,,0,0,0,0,common,0.0,0.7149227657836371,0.674474562207803,0.4055870074655779,0.0,0.7299264875189708,0.7887992916926093,,,EXPLOIT
487,50,,,0,1,0,0,rare,1.0,0.5353002022406359,0.6690634334163456,0.4445009658980953,0.0,0.7365418059598915,0.7958135354929787,,,EXPLOIT
488,50,,,0,1,1,1,common,1.0,0.01824741768237126,0.5524003857295282,0.31662490143337807,0.0,0.742779296194108,0.8023133074036941,,,EXPLOIT
489,50,,,0,1,0,0,rare,1.0,0.34794513145641326,0.4520617490675637,0.3260209704402886,0.0,0.7486701392633371,0.808352913074057,,,EXPLOIT
490,50,,,0,1,1,1,common,0.0,0.9881391785064587,0.3867341276450965,0.5246564328601395,0.0,0.7542421773512137,0.8139792751314427,,,EXPLOIT
491,50,,,0,1,0,0,rare,1.0,0.22616433544666859,0.6366685745517646,0.4351088036360982,0.0,0.7394717948572344,0.7988731930123466,,,EXPLOIT
492,50,,,0,1,0,0,rare,1.0,0.14700681804033455,0.517788555455686,0.34867820795736915,0.0,0.7455452895238348,0.8051543597213492,,,EXPLOIT
493,50,,,0,1,0,0,rare,1.0,0.09555443172621747,0.4287294118884821,0.2727410750880236,0.0,0.7512854016844056,0.8109978496671078,,,EXPLOIT
494,50,,,0,1,0,0,rare,1.0,0.06211038062204133,0.3722089160181492,0.2095518667482289,0.0,0.7567185807524837,0.8164476032144107,,,EXPLOIT
495,50,,,0,1,1,1,common,0.0,0.6422904660291981,0.3372394137901542,0.33937344653251966,0.0,0.7618685506641709,0.8215418695982283,,,EXPLOIT
496,50,,,0,1,0,0,rare,0.0,0.9596282525956732,0.6110564711709721,0.5254498883514658,0.0,0.7667566521274338,0.8263140994222441,,,EXPLOIT
497,50,,,0,1,0,0,rare,1.0,0.37624163581281245,0.6931399366868651,0.4806874125898698,0.0,0.7533601011509052,0.8130821743575596,,,EXPLOIT
498,50,,,0,0,0,0,common,1.0,0.24455706327832805,0.6081399590683451,0.40984830779640724,0.0,0.7586842946480178,0.8183946296536241,,,EXPLOIT
499,50,,,0,0,1,0,rare,0.0,0.1718739857293226,0.6931441198952663,0.3384560111762818,0.0,0.7637335547017942,0.8233646413102608,,,EXPLOIT
500,50,,,0,1,0,0,rare,0.0,0.8410379088690868,0.6108235538015923,0.48923058048412327,0.0,0.7685284049742871,0.8280240586352953,,,EXPLOIT
501,50,,,0,1,1,0,common,0.0,0.1117180907240597,0.6931458873113331,0.3759768335561042,0.0,0.7730873762405908,0.8324009003548478,,,EXPLOIT
502,50,,,0,1,1,1,common,1.0,0.5825111970810212,0.6572792722501244,0.43793714261357924,0.0,0.7774272425541547,0.8365199136993602,,,EXPLOIT
503,50,,,0,1,0,0,rare,1.0,0.45332535923509354,0.6631178252301138,0.4425536076000335,0.0,0.7815632246057327,0.8404030383463598,,,EXPLOIT
504,50,,,0,1,1,1,common,0.0,0.6213677218973362,0.5461946074853035,0.4961978418892243,0.0,0.7855091654724148,0.8440697935886347,,,EXPLOIT
505,50,,,0,1,0,0,rare,0.0,0.7053385164971891,0.6873164311004012,0.5589400442716137,0.0,0.7892776830333181,0.8475376031523477,,,EXPLOIT
506,50,,,0,1,0,0,rare,0.0,0.45847003572317296,0.6728737710440419,0.5287990417070815,0.0,0.7781783393105888,0.8372238040482379,,,EXPLOIT
507,50,,,0,1,1,1,common,1.0,0.5961109807667314,0.6170312786518402,0.5489926234249765,0.0,0.765974836075419,0.8255399214892302,,,EXPLOIT
508,50,,,0,1,1,1,common,1.0,0.3874721374983754,0.6801616217338436,0.5005364776469962,0.0,0.7524945033690648,0.8121942520752807,,,EXPLOIT
509,50,,,0,1,1,1,common,0.0,0.748143110626056,0.5695747967004053,0.5748184675407141,0.0,0.7375266886741105,0.7968059585346944,,,EXPLOIT
510,50,,,0,1,0,0,rare,1.0,0.7019944767799375,0.6905831512156911,0.6129712703124811,0.0,0.7208117052472163,0.7788682088000629,,,EXPLOIT
511,50,,,0,1,1,1,common,0.0,0.4862930219069364,0.5927484847936277,0.5749677957908177,0.0,0.7020256832166368,0.7576913733078723,,,EXPLOIT
512,50,,,0,1,1,1,common,0.0,0.3160904642395087,0.6925876594490536,0.49730459632542495,0.0,0.6807594345821755,0.7323124465640373,,,EXPLOIT
513,50,,,0,0,1,0,rare,0.0,0.0726167589706388,0.6623547988394087,0.36989824511898906,0.0,0.6905088014741182,0.7441369981512796,,,EXPLOIT
514,50,,,0,0,0,0,common,0.0,0.5437035900930406,0.6929107063580673,0.42203984861120447,0.0,0.6995913143593578,0.7548573862702679,,,EXPLOIT
515,50,,,0,0,0,0,common,0.0,0.3534073335604764,0.6735892305258886,0.401450094095986,0.0,0.7080727154547789,0.7646208993340743,,,EXPLOIT
516,50,,,0,0,0,0,common,1.0,0.7702852331856904,0.6457657797201873,0.5121006358228972,0.0,0.7160103806551975,0.7735497448376445,,,EXPLOIT
517,50,,,0,0,0,0,common,0.0,0.49931459842930126,0.6474927316976113,0.5082648246048185,0.0,0.696605891892255,0.7513564181226591,,,EXPLOIT
518,50,,,0,1,1,1,common,1.0,0.7945411982443193,0.6930274706074815,0.5941477366966686,0.0,0.6745938304241651,0.7246394953077554,,,EXPLOIT
519,50,,,0,0,1,1,rare,1.0,0.5164517788588077,0.5826280737209012,0.5708389493453103,0.0,0.6494120924074748,0.6918608283543726,,,EXPLOIT
520,50,,,0,0,1,1,rare,1.0,0.3356936562582249,0.6930965994926874,0.5002953614191847,0.0,0.6203245064726151,0.6506957761495039,,,EXPLOIT
521,50,,,0,0,0,0,common,1.0,0.6754455110209542,0.6382530516905061,0.5528404062997155,0.0,0.5863477998558762,0.5974568347276585,,,EXPLOIT
522,50,,,0,1,1,1,common,1.0,0.21820087656784615,0.5595965091480846,0.4524485473801547,0.0,0.5461384246538832,0.5259233592829099,,,EXPLORE
523,50,,,0,1,1,1,common,1.0,0.14183056976910002,0.6691879867070503,0.3592631540968383,0.0,0.5673396492365959,0.5648901024112638,,,EXPLOIT
524,50,,,0,1,0,0,rare,1.0,0.43903958216362027,0.6931381509838195,0.38319608251687287,0.0,0.5864639725134624,0.5976320233578873,,,EXPLOIT
525,50,,,0,1,1,1,common,0.0,0.907810129650085,0.6838479315151605,0.5405802966568365,0.0,0.6038014937779342,0.625529086049477,,,EXPLOIT
526,50,,,0,0,0,0,common,1.0,0.28537572840635317,0.5933600015501534,0.46401892618169144,0.0,0.5668647050245255,0.5640289015762793,,,EXPLORE
527,50,,,0,0,1,1,rare,1.0,0.40992341572744473,0.5363671903871701,0.4477902730454174,0.0,0.5860344512459883,0.596903042870866,,,EXPLOIT
528,50,,,0,0,0,0,common,0.0,0.8145057765358704,0.49656206087546334,0.5578049240925533,0.0,0.6034111964311785,0.6249040881025536,,,EXPLOIT
529,50,,,0,0,1,1,rare,1.0,0.26645022022283915,0.6912991470200716,0.47039851293163903,0.0,0.5664028693416476,0.5631900142724419,,,EXPLORE
530,50,,,0,0,0,1,common,0.0,0.02698443935916081,0.6372318095695434,0.33737429085989556,0.0,0.5856168334379047,0.5961931844756349,,,EXPLOIT
531,50,,,0,0,0,0,common,1.0,0.47057124525168414,0.6786444087529618,0.3773333771774321,0.0,0.6030317555540015,0.6242956557476645,,,EXPLOIT
532,50,,,0,0,0,0,common,0.0,0.6941286905864053,0.6748322681441705,0.47237197120012403,0.0,0.6188882424708402,0.6485124164510924,,,EXPLOIT
533,50,,,0,1,1,1,common,1.0,0.1731926431448454,0.6580455624122807,0.3826181727835404,0.0,0.6333858270728848,0.6695962690301617,,,EXPLOIT
534,50,,,0,1,1,1,common,0.0,0.8874247819558505,0.5518784517929338,0.5340601555352333,0.0,0.6466913742650728,0.6881173525287898,,,EXPLOIT
535,50,,,0,1,0,0,rare,1.0,0.5488163511188365,0.690527069174649,0.5384870142103142,0.0,0.6171637341635139,0.6459263119138577,,,EXPLORE
536,50,,,0,0,0,1,common,0.0,0.017539885583454526,0.602696230284602,0.38220287562225624,0.0,0.5826310939434697,0.5911739613796733,,,EXPLORE
537,50,,,0,1,1,1,common,1.0,0.4231738917286971,0.4763423575681631,0.3944941804541885,0.0,0.6003201096586495,0.6199984005829087,,,EXPLOIT
538,50,,,0,0,0,0,common,1.0,0.3567306282272438,0.36952806878181277,0.38316511478610504,0.0,0.6164147284482776,0.6447920357910855,,,EXPLOIT
539,50,,,0,0,0,0,common,1.0,0.23187490834770852,0.587811262737172,0.33777805285458606,0.0,0.6311205096756064,0.6663440959778054,,,EXPLOIT
540,50,,,0,0,0,0,common,1.0,0.1507186904260105,0.680856933101398,0.28166024412601337,0.0,0.6446091332414787,0.6852503934596788,,,EXPLOIT
541,50,,,0,0,1,1,rare,1.0,0.27506302962365314,0.6916171854103359,0.27968107977530526,0.0,0.6570251032328124,0.7019691542063335,,,EXPLOIT
542,50,,,0,0,0,0,common,1.0,0.09796714877690682,0.6746990839661497,0.22516690047578572,0.0,0.6684909204412994,0.7168585649432948,,,EXPLOIT
543,50,,,0,1,0,0,rare,1.0,0.06367864670498946,0.654408729580135,0.17672042434454682,0.0,0.6791111167899644,0.7302026607698553,,,EXPLOIT
544,50,,,0,1,1,1,common,1.0,0.17879096925537452,0.6852686755091325,0.17734158781779513,0.0,0.6889754334789898,0.7422295694846064,,,EXPLOIT
545,50,,,0,1,0,0,rare,1.0,0.041391120358243105,0.692873722926497,0.13655644757992952,0.0,0.6981613476367314,0.7531246219266909,,,EXPLOIT
546,50,,,0,0,0,0,common,1.0,0.026904228232857985,0.6922095936366639,0.10366078177580805,0.0,0.7067360981383284,0.763039938321105,,,EXPLOIT
547,50,,,0,0,0,0,common,1.0,0.01748774835135769,0.6930316263450418,0.07780887174847294,0.0,0.7147583227086973,0.7721015483481742,,,EXPLOIT
548,50,,,0,0,1,1,rare,0.0,0.8837858699840065,0.6917316469584174,0.31960197121913303,0.0,0.7222793906315145,0.7804147547492939,,,EXPLOIT
549,50,,,0,0,0,0,common,0.0,0.9886329635716175,0.5315899137470292,0.5203112689248783,0.0,0.7293444951097297,0.7880682260280253,,,EXPLOIT
550,50,,,0,1,1,1,common,1.0,0.42553918451039574,0.3401662769546715,0.4918796436005335,0.0,0.7116315968882776,0.7685889407273648,,,EXPLOIT
551,50,,,0,1,0,0,rare,1.0,0.35738857367844856,0.32283099482116234,0.451532322623908,0.0,0.7193461789249083,0.7771886398294197,,,EXPLOIT
552,50,,,0,1,1,1,common,1.0,0.27660046993175724,0.3118381791607798,0.3990527668162628,0.0,0.7265875078871278,0.7850950748989257,,,EXPLOIT
553,50,,,0,1,1,1,common,1.0,0.17979030545564223,0.30481413310907984,0.33327402840807663,0.0,0.7333975018505655,0.7923884748911026,,,EXPLOIT
554,50,,,0,1,1,1,common,0.0,0.8831363014538326,0.30030094478018976,0.4982327103218034,0.0,0.739813270719263,0.7991371493639781,,,EXPLOIT
555,50,,,0,1,1,1,common,1.0,0.4259614040550088,0.5936215239420041,0.47655131844176496,0.0,0.745867786412944,0.8053996227581641,,,EXPLOIT
556,50,,,0,1,1,1,common,1.0,0.2768749126357557,0.48823049505816307,0.4166483966999621,0.0,0.7515904439975207,0.8112263259366037,,,EXPLOIT
557,50,,,0,1,1,1,common,1.0,0.17996869321324116,0.41576749325284157,0.34564448565394584,0.0,0.7570075339162193,0.8166609485537119,,,EXPLOIT
558,50,,,0,1,0,0,rare,0.0,0.7676974271090085,0.37010851504232467,0.47226036809046457,0.0,0.762142641330236,0.8217415290297977,,,EXPLOIT
559,50,,,0,1,0,0,rare,1.0,0.5009966723791445,0.6331615411212024,0.4808812593770685,0.0,0.7670169853657502,0.8265013396668043,,,EXPLOIT
560,50,,,0,1,1,1,common,0.0,0.8830203494113933,0.5207518110145322,0.6015229863873659,0.0,0.7716497085593624,0.8309696104609448,,,EXPLOIT
561,50,,,0,0,1,1,rare,1.0,0.42603677288259434,0.6840875625955478,0.5488771223359344,0.0,0.7587713414203726,0.8184107847843939,,,EXPLOIT
562,50,,,0,0,0,0,common,1.0,0.32564783704644396,0.6555679161559107,0.4819083367490873,0.0,0.7445062448617716,0.8039932695544327,,,EXPLOIT
563,50,,,0,0,0,0,common,1.0,0.21167109408018858,0.5624495468099706,0.4008371639484177,0.0,0.7503027634950202,0.8099165388661064,,,EXPLOIT
564,50,,,0,1,1,1,common,0.0,0.7230760976263136,0.48656527730539534,0.4975088440517864,0.0,0.7557879232173831,0.8154381722996243,,,EXPLOIT
565,50,,,0,1,1,0,common,0.0,0.04720089333091522,0.3418249282217724,0.36241645883552503,0.0,0.7609858991032576,0.8205974285462341,,,EXPLOIT
566,50,,,0,0,1,1,rare,1.0,0.5300005365428961,0.2605297880380705,0.4126916821477363,0.0,0.7659184269463107,0.8254286114231825,,,EXPLOIT
567,50,,,0,0,0,0,common,1.0,0.13758621115212255,0.22351241282042394,0.33016004084905215,0.0,0.7706051033533245,0.8299618276693884,,,EXPLOIT
568,50,,,0,0,1,0,rare,0.0,0.030680580665094895,0.2016760030300577,0.24031620279386495,0.0,0.7750636425988677,0.8342236097926636,,,EXPLOIT
569,50,,,0,0,0,0,common,0.0,0.9105689627511203,0.44859963219727994,0.4413920307810415,0.0,0.7793100973388319,0.8382374311972608,,,EXPLOIT
570,50,,,0,0,0,0,common,0.0,0.5918698257882282,0.6240591478583453,0.4865353692831975,0.0,0.7833590489797305,0.8420241347175895,,,EXPLOIT
571,50,,,0,0,1,1,rare,0.0,0.6554996512471175,0.6871376119309243,0.5372246538723735,0.0,0.7872237724618373,0.8456022910779318,,,EXPLOIT
572,50,,,0,0,0,0,common,1.0,0.6152846132376517,0.6907681839285491,0.560642641681957,0.0,0.7759241934861048,0.8350382744529585,,,EXPLOIT
573,50,,,0,0,1,1,rare,1.0,0.5739252266893736,0.5764280839198734,0.564627417184182,0.0,0.763489811464214,0.8230524482195974,,,EXPLOIT
574,50,,,0,0,0,0,common,0.0,0.6000650013955264,0.41096904496232467,0.5752586924475853,0.0,0.7497413691207492,0.809337803116284,,,EXPLOIT
575,50,,,0,0,0,0,common,1.0,0.6099577490929078,0.6047818360735993,0.585668409441182,0.0,0.7344597565076769,0.7934920855464961,,,EXPLOIT
576,50,,,0,0,0,0,common,1.0,0.3964725369103901,0.43224130733220123,0.5289096476819444,0.0,0.7173742840780682,0.7749777571948774,,,EXPLOIT
577,50,,,0,1,1,1,common,1.0,0.3730513973480929,0.3208968207124826,0.48215217258178894,0.0,0.6981465559491703,0.7530599009829384,,,EXPLOIT
578,50,,,0,0,0,0,common,1.0,0.2577071489917535,0.5621430958415577,0.4148186655047783,0.0,0.7067222745873404,0.7629809088186297,,,EXPLOIT
579,50,,,0,0,1,1,rare,1.0,0.24248340827626036,0.4880084957319537,0.3631180883362229,0.0,0.7147453758979324,0.7720474938822851,,,EXPLOIT
580,50,,,0,0,0,0,common,0.0,0.8324903531553602,0.4382485771261519,0.5039297677819641,0.0,0.7222672403164634,0.7803650742918936,,,EXPLOIT
581,50,,,0,0,0,0,common,0.0,0.5411187295509842,0.6726371283885821,0.51508645631267,0.0,0.7036666241695716,0.75946966954646,,,EXPLOIT
582,50,,,0,0,1,1,rare,1.0,0.1576142153795692,0.6728958196380629,0.40784478403273977,0.0,0.6826235018584889,0.7344595817735199,,,EXPLOIT
583,50,,,0,0,1,1,rare,1.0,0.10244923999671995,0.6670548181194178,0.3162261208219338,0.0,0.6922436408870459,0.746079853315489,,,EXPLOIT
584,50,,,0,0,0,0,common,1.0,0.6482728257918603,0.5766097861497677,0.4158401323129117,0.0,0.7012098338044142,0.7566237008938275,,,EXPLOIT
585,50,,,0,0,1,1,rare,1.0,0.06659200599786796,0.4983244364562878,0.31106569441839854,0.0,0.7095861593603462,0.766233608802321,,,EXPLOIT
586,50,,,0,0,0,0,common,0.0,0.5786226632352908,0.444966994734873,0.3913327850634662,0.0,0.717428589568617,0.7750279771338889,,,EXPLOIT
587,50,,,0,1,0,0,rare,1.0,0.6238952688970609,0.6745169040560257,0.4611015302135446,0.0,0.7247862324147357,0.783106004182881,,,EXPLOIT
588,50,,,0,1,0,0,rare,0.0,0.5944680752169104,0.6791018841979769,0.5011114937145543,0.0,0.7317023527652541,0.79055142740102,,,EXPLOIT
589,50,,,0,0,0,1,common,0.0,0.011400925629245443,0.6515026956817285,0.3541983232889616,0.0,0.7142801406241251,0.771517211659109,,,EXPLOIT
590,50,,,0,0,1,1,rare,0.0,0.9567151961013858,0.6871644065897983,0.5349533851326889,0.0,0.7218306530254128,0.7798777593497263,,,EXPLOIT
591,50,,,0,0,0,0,common,1.0,0.6135957511090082,0.6282459016168245,0.5585460949255846,0.0,0.7031745261221711,0.7588909569392689,,,EXPLOIT
592,50,,,0,0,0,0,common,1.0,0.3988372382208554,0.6810638468964744,0.5106334379141658,0.0,0.6820646216648143,0.7337611615028174,,,EXPLOIT
593,50,,,0,1,1,1,common,1.0,0.3781351225340992,0.5820826702326871,0.4708839433001458,0.0,0.6579840583664958,0.7031289385878691,,,EXPLOIT
594,50,,,0,1,1,1,common,1.0,0.2457878296471645,0.6880060271964711,0.40335510920425144,0.0,0.6693779784154615,0.7178951319452022,,,EXPLOIT
595,50,,,0,1,0,0,rare,0.0,0.740755795156444,0.680903246402266,0.5045753149899092,0.0,0.6799340302525677,0.7311346075915919,,,EXPLOIT
596,50,,,0,1,1,1,common,1.0,0.15976208927065694,0.6277746082311553,0.40113134727413347,0.0,0.6555420929082573,0.6998925561764503,,,EXPLOIT
597,50,,,0,0,0,0,common,1.0,0.5185087331483114,0.6929543139978678,0.4363445630363868,0.0,0.6671195188954957,0.7150037859485915,,,EXPLOIT
598,50,,,0,0,1,1,rare,0.0,0.896154641974073,0.6644313648583497,0.5742875867176926,0.0,0.6778392448749185,0.7285360481224865,,,EXPLOIT
599,50,,,0,0,1,1,rare,1.0,0.41749948271685255,0.6468804718070947,0.5272511555174406,0.0,0.6531390910379249,0.6966841252674298,,,EXPLOIT
600,50,,,0,0,0,0,common,1.0,0.3370306765464024,0.6927575872524883,0.47018501182612915,0.0,0.6246485770142268,0.6568201647422253,,,EXPLOIT
601,50,,,0,1,1,1,common,0.0,0.7286253362340458,0.6631853846080443,0.5477171091485041,0.0,0.6386667480332722,0.6768757640175721,,,EXPLOIT
602,50,,,0,0,0,0,common,1.0,0.21906993975516154,0.48928202558500067,0.4491229583305013,0.0,0.6078205316452345,0.6315180357671252,,,EXPLORE
603,50,,,0,0,0,0,common,1.0,0.14239546084085497,0.4252488892965727,0.35710470908360736,0.0,0.62326056842723,0.6547794172115378,,,EXPLOIT
604,50,,,0,0,1,1,rare,1.0,0.5263935314478703,0.3845381755652956,0.4078913557928862,0.0,0.6373935626554598,0.6750853856949327,,,EXPLOIT
605,50,,,0,0,0,0,common,1.0,0.09255704954655575,0.35890305501421804,0.31329106391898703,0.0,0.6503781128819991,0.692964687215674,,,EXPLOIT
606,50,,,0,0,0,0,common,1.0,0.0601620822052612,0.3426823722181798,0.23735236940486926,0.0,0.6623481561713832,0.7088270377180554,,,EXPLOIT
607,50,,,0,0,1,1,rare,0.0,0.6578442045588844,0.3323463814322113,0.3634999199510738,0.0,0.6734175822121544,0.7229948331969681,,,EXPLOIT
608,50,,,0,1,0,0,rare,1.0,0.03910535343341981,0.62014473166251,0.2661815499957776,0.0,0.6836838488463999,0.7357252353555775,,,EXPLOIT
609,50,,,0,1,1,1,common,1.0,0.5724012670367251,0.6931446836072729,0.35804746510806185,0.0,0.6932308423705236,0.7472258767293374,,,EXPLOIT
610,50,,,0,1,1,1,common,0.0,0.6279391764261286,0.6618139975740644,0.4390149785034818,0.0,0.7021311604636818,0.7576662370387223,,,EXPLOIT
611,50,,,0,1,1,1,common,1.0,0.5918395353230164,0.6557301762374537,0.48486234554934216,0.0,0.7104479492895404,0.7671860216196086,,,EXPLOIT
612,50,,,0,1,0,0,rare,0.0,0.9745815202682772,0.690374890928,0.6317780979650226,0.0,0.7182363931444626,0.7759014248427026,,,EXPLOIT
613,50,,,0,0,0,0,common,0.0,0.6334779881743802,0.6205817155924953,0.6322880650278299,0.0,0.6991199537394636,0.7541607536944621,,,EXPLOIT
614,50,,,0,0,0,0,common,0.0,0.4117606923133471,0.6919740090061846,0.5661298532134851,0.0,0.6774555428416094,0.7280407734839075,,,EXPLOIT
615,50,,,0,0,1,1,rare,1.0,0.3846956979599606,0.6393755288301499,0.5116996066374278,0.0,0.6526987097754451,0.6960718716550459,,,EXPLOIT
616,50,,,0,0,0,1,common,0.0,0.007410601659009538,0.6780413167536774,0.3604129051439023,0.0,0.62413799117072,0.6560440514873186,,,EXPLOIT
617,50,,,0,0,1,1,rare,0.0,0.7499477963260256,0.6750792996387857,0.47727337249853924,0.0,0.6381983490531922,0.6761946980204439,,,EXPLOIT
618,50,,,0,0,0,1,common,1.0,0.9951831089216439,0.6084571068101493,0.6326462934254706,0.0,0.651118887067476,0.693945582870893,,,EXPLOIT
619,50,,,0,1,1,1,common,1.0,0.5125339323880833,0.6866267408648545,0.5966125851142544,0.0,0.6223055555809924,0.6533457701847324,,,EXPLORE
620,50,,,0,1,1,1,common,0.0,0.6668529439477457,0.6554978479603923,0.6176846927643018,0.0,0.5886748080937402,0.6009372685311902,,,EXPLORE
621,50,,,0,1,1,1,common,1.0,0.5665455864339652,0.6798861629974648,0.6023429608652009,0.0,0.5489104592195334,0.5306955541555453,,,EXPLORE
622,50,,,0,0,0,1,common,0.0,0.3531309792009315,0.6633971327075762,0.5275793663659201,0.0,0.5011688168108008,0.43165828408278833,,,EXPLORE
623,50,,,0,1,0,0,rare,0.0,0.26764445000367565,0.5438506646301744,0.44959889145724674,0.0,0.4427849837359403,0.28156263721429986,,,EXPLORE
624,50,,,0,0,0,0,common,0.0,0.17396889250238917,0.6803569835374645,0.3669098917707894,0.0,0.47553170972934294,0.37027338768319246,,,EXPLORE
625,50,,,0,0,0,0,common,1.0,0.886920219873447,0.6239429832683554,0.5229129902015867,0.0,0.5043680137244856,0.43886765774060366,,,EXPLOIT
626,50,,,0,0,0,1,common,0.0,0.22953513648060547,0.6792032929773416,0.4348996340852923,0.0,0.44673428095280665,0.2929312750774169,,,EXPLORE
627,50,,,0,0,1,1,rare,0.0,0.6317453688179226,0.678606887321171,0.4939533545050814,0.0,0.4789971449043667,0.3789386091689529,,,EXPLORE
628,50,,,0,0,1,0,rare,0.0,0.019942377432311684,0.6215832045090834,0.35175006138325043,0.0,0.5074332085944948,0.44569019856322245,,,EXPLORE
629,50,,,0,1,1,0,common,0.0,0.012962545331002596,0.5676260390141636,0.2501138065675761,0.0,0.5326840124706774,0.49899921617529885,,,EXPLOIT
630,50,,,0,1,0,0,rare,1.0,0.5764981429177406,0.6615916398655286,0.34802910747262544,0.0,0.5552552862945072,0.5425528359607382,,,EXPLOIT
631,50,,,0,1,1,0,common,1.0,0.9915743455348484,0.4649439270278305,0.5410926788912923,0.0,0.5755510807993266,0.578802718545683,,,EXPLOIT
632,50,,,0,1,1,0,common,0.0,0.3554766754023486,0.321062071357644,0.4854078778446092,0.0,0.5332416309030543,0.5001106057418135,,,EXPLORE
633,50,,,0,1,1,1,common,1.0,0.5893655102683503,0.5292788593079853,0.5165951675717315,0.0,0.5557553238110966,0.5434703213086954,,,EXPLOIT
634,50,,,0,0,0,0,common,1.0,0.37472379289653146,0.3592978508016904,0.47403375516917146,0.0,0.5094436184273865,0.45010642809617335,,,EXPLORE
635,50,,,0,0,0,1,common,0.0,0.14919783871239356,0.6164372385857277,0.3765829802321381,0.0,0.534475932048096,0.5025737771775108,,,EXPLOIT
636,50,,,0,0,1,1,rare,0.0,0.6169124183255723,0.49136480065090304,0.4486818116601683,0.0,0.5568624137227272,0.5455051377093153,,,EXPLOIT
637,50,,,0,0,0,0,common,0.0,0.7564295346172545,0.4029871813690178,0.5410061285472941,0.0,0.577000524616244,0.5812820418782831,,,EXPLOIT
638,50,,,0,0,0,1,common,1.0,0.9030214048369442,0.3481748593756302,0.6496107114341891,0.0,0.5349763870677559,0.5035644125774782,,,EXPLORE
639,50,,,0,0,0,1,common,1.0,0.5869639131440137,0.6102865569393802,0.6308166719471364,0.0,0.4842500672963953,0.3918075578577703,,,EXPLORE
640,50,,,0,0,0,0,common,1.0,0.5083208024987846,0.6928388352596535,0.5940679111126308,0.0,0.4218098779318744,0.21738914732322806,,,EXPLORE
641,50,,,0,0,0,0,common,0.0,0.66959147837579,0.6661798529228453,0.6167249812915785,0.0,0.34307317552937355,0.09090909090909093,,,EXPLORE
642,50,,,0,0,1,1,rare,1.0,0.599006928088378,0.6513565322482098,0.6114095653306183,0.0,0.24070845293519832,0.09090909090909093,,,EXPLORE
643,50,,,0,1,1,1,common,1.0,0.3893545032574457,0.691374449958055,0.5447930467086665,0.0,0.10221062065301102,0.09090909090909093,,,EXPLORE
644,50,,,0,0,1,1,rare,1.0,0.2530804271173397,0.6750509124917481,0.4572792608312684,0.0,0.09090909090909093,0.09090909090909093,,,EXPLORE
645,50,,,0,1,1,1,common,1.0,0.1645022776262708,0.6923974339955945,0.3694461658697691,0.0,0.17965545529122232,0.23017705927636645,,,EXPLORE
646,50,,,0,0,0,1,common,0.0,0.6184734564563911,0.6854205247893528,0.4441543530457557,0.0,0.25195053896963665,0.33155527035247095,,,EXPLORE
647,50,,,0,1,0,1,rare,0.0,0.4020077466966542,0.5085128389675895,0.4315103711410252,0.0,0.31197800201026266,0.40865139461585376,,,EXPLORE
648,50,,,0,1,1,1,common,1.0,0.10692648045707598,0.6898680183123888,0.3341352039358404,0.0,0.3626137856372424,0.46925370836719743,,,EXPLORE
649,50,,,0,1,0,1,rare,0.0,0.26130503535282523,0.6207539021433757,0.3122861533609358,0.0,0.4059000327452924,0.5181414926281387,,,EXPLORE
650,50,,,0,1,1,0,common,0.0,0.2310598390115266,0.6881094355455724,0.287918259056113,0.0,0.4433268371345312,0.5584101936095955,,,EXPLORE
651,50,,,0,1,0,0,rare,1.0,0.5647655390557365,0.6111212160993085,0.3709724430560001,0.0,0.4760069778008542,0.5921529537657815,,,EXPLORE
652,50,,,0,1,0,0,rare,1.0,0.36709760038622874,0.6908687832279898,0.36980999025506867,0.0,0.5047882362938754,0.6208359130085537,,,EXPLORE
653,50,,,0,0,0,0,common,1.0,0.2386134402510487,0.6237162770119293,0.33045102525386266,0.0,0.5303278475182935,0.6455166258956538,,,EXPLORE
654,50,,,0,0,0,0,common,1.0,0.1550987361631817,0.6921832888504491,0.2778453385266584,0.0,0.5531431856165939,0.6669771225069359,,,EXPLOIT
655,50,,,0,0,0,0,common,1.0,0.10081417850606811,0.6774340460530577,0.22473599052048127,0.0,0.5736470880232013,0.6858081495669813,,,EXPLOIT
656,50,,,0,0,0,1,common,0.0,0.1698482729793364,0.6434705114587618,0.2082696752581378,0.0,0.5921729883276855,0.7024642847715783,,,EXPLOIT
657,50,,,0,1,1,0,common,0.0,0.1501888953574923,0.654766074794606,0.19084544128794415,0.0,0.6089931308257707,0.7173010333450142,,,EXPLOIT
658,50,,,0,1,1,1,common,1.0,0.06950221229709941,0.6715336684771895,0.15444247259069072,0.0,0.6243319910980096,0.7306004237646555,,,EXPLOIT
659,50,,,0,1,1,1,common,1.0,0.04517643799311466,0.6789849916075228,0.12166266221141789,0.0,0.6383763127966292,0.7425890580670904,,,EXPLOIT
660,50,,,0,1,0,0,rare,1.0,0.06552921602894424,0.6134596213995595,0.10482262835667579,0.0,0.6512827158657106,0.7534510902583895,,,EXPLOIT
661,50,,,0,1,1,1,common,1.0,0.029364684695524557,0.5509119010847765,0.08218524525833042,0.0,0.6631835351894628,0.763337721105509,,,EXPLOIT
662,50,,,0,1,1,1,common,1.0,0.019087045052090912,0.5057756453594303,0.06325578519645855,0.0,0.6741913519251206,0.7723742534998811,,,EXPLOIT
663,50,,,0,1,1,1,common,0.0,0.9875934207161409,0.47559035201110006,0.3405570758523632,0.0,0.6844025467383026,0.7806654095703525,,,EXPLOIT
664,50,,,0,0,0,0,common,1.0,0.04259399041881373,0.6888548818408391,0.2511681502222983,0.0,0.6939001126991532,0.7882993894728533,,,EXPLOIT
665,50,,,0,0,0,0,common,0.0,0.972313906227771,0.6709094816282419,0.46751187702394015,0.0,0.7027559017630366,0.7953510060940612,,,EXPLOIT
666,50,,,0,1,1,1,common,1.0,0.35806427653450834,0.6534056876137002,0.4346775968771106,0.0,0.7110324335798719,0.8018841321522703,,,EXPLOIT
667,50,,,0,1,1,1,common,1.0,0.2327417797474305,0.5573425541463495,0.37409685173820656,0.0,0.7187843629845116,0.807953629454032,,,EXPLOIT
668,50,,,0,1,1,1,common,1.0,0.1512821568358298,0.4798684555833075,0.3072524432674935,0.0,0.7260596790176933,0.8136068837988685,,,EXPLOIT
669,50,,,0,1,1,1,common,1.0,0.09833340194328932,0.42822798558219344,0.24457673087023224,0.0,0.7329006910829777,0.8188850364764139,,,EXPLOIT
670,50,,,0,1,0,0,rare,1.0,0.36799596095194875,0.3952347937725436,0.28160249989474717,0.0,0.7393448450610686,0.8238239800953084,,,EXPLOIT
671,50,,,0,1,0,0,rare,0.0,0.7608026253812333,0.37427061609121415,0.425362537540693,0.0,0.7454254026330255,0.8284551697332807,,,EXPLOIT
672,50,,,0,0,1,1,rare,1.0,0.06391671126313803,0.6471460816313126,0.31692878965742644,0.0,0.7511720098346687,0.8328062881677234,,,EXPLOIT
673,50,,,0,1,1,0,common,0.0,0.09762278198237,0.6911188249576061,0.25113698735490947,0.0,0.7566111753566471,0.8369017949200293,,,EXPLOIT
674,50,,,0,0,0,0,common,0.0,0.4945217064978017,0.5829417674544415,0.3241524030977771,0.0,0.7617666748745046,0.8407633821186997,,,EXPLOIT
675,50,,,0,1,0,1,rare,0.0,0.11040137743656867,0.6922891948567675,0.26002709539941454,0.0,0.7666598944195828,0.8444103551237022,,,EXPLOIT
676,50,,,0,0,0,0,common,0.0,0.3214391092235711,0.6433560573278096,0.2784506995466615,0.0,0.7713101232502598,0.8478599520117893,,,EXPLOIT
677,50,,,0,1,0,0,rare,1.0,0.7910645790046787,0.6927845017580696,0.4322348633840667,0.0,0.7757348046810475,0.8511276130814837,,,EXPLOIT
678,50,,,0,1,1,1,common,1.0,0.04154586232103974,0.5862910244408409,0.31502816306515863,0.0,0.779949751746112,0.854227209268013,,,EXPLOIT
679,50,,,0,0,0,0,common,1.0,0.5141919763530413,0.44138930248995023,0.3747773070515234,0.0,0.7839693333176952,0.857171236595995,,,EXPLOIT
680,50,,,0,1,0,0,rare,1.0,0.3342247846294768,0.6449728186216895,0.3626115503249094,0.0,0.7878066352961856,0.8599709824187619,,,EXPLOIT
681,50,,,0,1,0,1,rare,1.0,0.9282391046662304,0.567616334551075,0.5322998166273056,0.0,0.7914736006821151,0.8626366681073248,,,EXPLOIT
682,50,,,0,1,0,0,rare,1.0,0.21724611000915994,0.5069954938243787,0.4377837046418619,0.0,0.7805862888528085,0.8541671069454467,,,EXPLOIT
683,50,,,0,1,1,1,common,1.0,0.02700481050867587,0.4658967318187712,0.31455003640190604,0.0,0.7845767424108734,0.8571141151102764,,,EXPLOIT
684,50,,,0,1,1,1,common,1.0,0.017553126830639365,0.43910636752569315,0.22545096353052602,0.0,0.788386842285592,0.8599166280678948,,,EXPLOIT
685,50,,,0,1,0,0,rare,1.0,0.14120997150595394,0.42181123940567905,0.2001786659231544,0.0,0.7920283654002431,0.8625848871357872,,,EXPLOIT
686,50,,,0,1,0,0,rare,0.0,0.90821351852113,0.41065602635541226,0.412589121702547,0.0,0.7955120854151682,0.8651281883161437,,,EXPLOIT
687,50,,,0,1,1,1,common,0.0,0.9885904675600844,0.6713508953370874,0.5853895254598082,0.0,0.7988478773386085,0.8675549889100246,,,EXPLOIT
688,50,,,0,1,1,0,common,0.0,0.0634548082885405,0.6666790010151356,0.42880911030842783,0.0,0.7886571572391802,0.8596451876490939,,,EXPLOIT
689,50,,,0,1,0,0,rare,0.0,0.5903387870387344,0.5734561140046442,0.4772680133275198,0.0,0.7922868550390988,0.8623263152806335,,,EXPLOIT
690,50,,,0,1,0,0,rare,0.0,0.3837202115751774,0.4930413159555676,0.44920367280181706,0.0,0.7957594968485227,0.8648816032985441,,,EXPLOIT
691,50,,,0,0,0,1,common,0.0,0.3966445819669503,0.43850566496231397,0.433435945551357,0.0,0.7990848960586714,0.8673195877374259,,,EXPLOIT
692,50,,,0,1,1,1,common,1.0,0.3574161960859451,0.5970830232517546,0.41063002071173343,0.0,0.8022720654215187,0.8696480498380177,,,EXPLOIT
693,50,,,0,1,1,1,common,1.0,0.2323205274558643,0.6806060461476066,0.3571371727349727,0.0,0.8053292970738855,0.8718740976739942,,,EXPLOIT
694,50,,,0,1,1,1,common,1.0,0.15100834284631182,0.5567351479864557,0.2952985237683744,0.0,0.8082642331515022,0.874004237410024,,,EXPLOIT
695,50,,,0,1,1,1,common,1.0,0.0981554228501027,0.44147434623782067,0.23615559349289286,0.0,0.8110839282591743,0.8760444356958546,,,EXPLOIT
696,50,,,0,1,1,1,common,0.0,0.9361989751474332,0.36721597087888086,0.44616860798925495,0.0,0.8137949048721541,0.8780001744566698,,,EXPLOIT
697,50,,,0,1,1,1,common,0.0,0.6085293338458316,0.6169459897752725,0.49487682574622793,0.0,0.8164032025846271,0.8798764991392815,,,EXPLOIT
698,50,,,0,1,1,1,common,1.0,0.6044559330002094,0.6928749093422542,0.5277505579224223,0.0,0.8189144219880513,0.8816780613082628,,,EXPLOIT
699,50,,,0,1,1,1,common,1.0,0.3928963564501361,0.5921260549996826,0.48729429748073644,0.0,0.810499409531221,0.8752651063163197,,,EXPLOIT
700,50,,,0,1,1,1,common,1.0,0.25538263169258846,0.46717776057323585,0.41772079774429205,0.0,0.8132327623900714,0.8772529128663387,,,EXPLOIT
701,50,,,0,1,1,1,common,1.0,0.16599871060018256,0.383087854626242,0.3422041716010592,0.0,0.8158622024273338,0.8791594014908888,,,EXPLOIT
702,50,,,0,1,1,1,common,1.0,0.10789916189011872,0.33167574359398955,0.2719126686877771,0.0,0.8183934192740199,0.8809893714773825,,,EXPLOIT
703,50,,,0,1,1,1,common,0.0,0.9298655447714228,0.3003686350955837,0.46929853151287076,0.0,0.8208316948480059,0.8827472518786534,,,EXPLOIT
704,50,,,0,1,1,0,common,0.0,0.041245625387551325,0.5763019189051257,0.3408826596752749,0.0,0.8231819392351327,0.8844371365415369,,,EXPLOIT
705,50,,,0,1,1,1,common,1.0,0.39558739589857517,0.6887571030595699,0.35729408054226497,0.0,0.8254487228465379,0.886062815232351,,,EXPLOIT
706,50,,,0,1,1,1,common,1.0,0.2571318073340738,0.5741475590507603,0.3272453985798076,0.0,0.8276363052954167,0.8876278013574174,,,EXPLOIT
707,50,,,0,1,1,1,common,1.0,0.16713567476714797,0.4538314289037838,0.2792124814360097,0.0,0.829748661377135,0.8891353567054066,,,EXPLOIT
708,50,,,0,1,1,0,common,0.0,0.026809656501908363,0.3748187887908407,0.20349163395577927,0.0,0.8317895044861112,0.8905885135782299,,,EXPLOIT
709,50,,,0,1,0,1,rare,0.0,0.25781897827851774,0.6209489997965092,0.21978983725260082,0.0,0.8337623077597351,0.8919900946264849,,,EXPLOIT
710,50,,,0,0,0,1,common,0.0,0.16758233588103655,0.6930232854927814,0.20412758684113153,0.0,0.8356703232026215,0.8933427306625035,,,EXPLOIT
711,50,,,0,0,0,1,common,0.0,0.10892851832267375,0.6612995171651506,0.17556786628559418,0.0,0.8375165990127417,0.8946488766875491,,,EXPLOIT
712,50,,,0,0,0,1,common,0.0,0.07080353690973794,0.6146176873386833,0.1441385674728373,0.0,0.8393039953036349,0.8959108263386125,,,EXPLOIT
713,50,,,0,1,0,0,rare,1.0,0.7505818624761347,0.5763628708572974,0.3260715559738265,0.0,0.8410351983932891,0.8971307249336773,,,EXPLOIT
714,50,,,0,1,1,1,common,1.0,0.10863818859864616,0.37868639430958545,0.2608415457612724,0.0,0.8427127338098607,0.89831058127156,,,EXPLOIT
715,50,,,0,1,1,1,common,1.0,0.07061482258912,0.2638746873481407,0.20377352880962665,0.0,0.8443389781466849,0.8994522783228701,,,EXPLOIT
716,50,,,0,1,1,1,common,1.0,0.045899634682928014,0.20335760138280506,0.15641136057161706,0.0,0.8459161698836295,0.9005575829317859,,,EXPLOIT
717,50,,,0,1,1,0,common,0.0,0.017426276726240437,0.17023936386199165,0.11471583541800406,0.0,0.8474464192784349,0.9016281546338056,,,EXPLOIT
718,50,,,0,1,0,1,rare,0.0,0.04602229899132966,0.38201526731505364,0.09410777449000174,0.0,0.8489317174199698,0.9026655536820448,,,EXPLOIT
719,50,,,0,1,1,1,common,0.0,0.9701652374560968,0.5586110531755316,0.3569250133798303,0.0,0.8503739445250972,0.9036712483637356,,,EXPLOIT
720,50,,,0,1,1,1,common,0.0,0.6306074043464629,0.6509737319733474,0.43902973066982004,0.0,0.8517748775518617,0.9046466216790967,,,EXPLOIT
721,50,,,0,1,1,0,common,0.0,0.011327079872056285,0.6851738675857273,0.3107189354304909,0.0,0.8531361971938387,0.9055929774464775,,,EXPLOIT
722,50,,,0,1,1,0,common,1.0,0.9926373980831634,0.693014514955154,0.5152944742262926,0.0,0.8544594943135418,0.906511545890461,,,EXPLOIT
723,50,,,0,1,1,1,common,1.0,0.5901051871747991,0.5218413339899473,0.5377376881108445,0.0,0.8487650922970513,0.9023393910245265,,,EXPLOIT
724,50,,,0,1,1,1,common,0.0,0.6164316283363805,0.3434880594436087,0.5613458701785053,0.0,0.84267101176178,0.8978251836873317,,,EXPLOIT
725,50,,,0,1,0,0,rare,1.0,0.48787821060948755,0.5332476290798496,0.5393055723078,0.0,0.8361339855061204,0.8929253193409128,,,EXPLOIT
726,50,,,0,1,1,1,common,1.0,0.5993194415813526,0.3504855372789566,0.5573097330898658,0.0,0.829104267699351,0.8875884532066258,,,EXPLOIT
727,50,,,0,1,1,1,common,1.0,0.38955763702787927,0.2490419450763665,0.5069841042712698,0.0,0.8215243741115,0.8817537030365015,,,EXPLOIT
728,50,,,0,1,1,1,common,0.0,0.7467875359318785,0.19538445217407138,0.5789251337694524,0.0,0.8133275164937491,0.8753483267328811,,,EXPLOIT
729,50,,,0,1,1,0,common,1.0,0.6452143087540563,0.4091237531621544,0.5988118862648335,0.0,0.8044356408256527,0.8682846866267405,,,EXPLOIT
730,50,,,0,1,1,1,common,1.0,0.5145881016442789,0.2800303817362496,0.5735447508786671,0.0,0.7947569473463485,0.8604562309943302,,,EXPLOIT
731,50,,,0,1,1,0,common,1.0,0.4193893006901366,0.21196743698726694,0.527298115822108,0.0,0.7841827253075003,0.85173210046574,,,EXPLOIT
732,50,,,0,1,0,0,rare,1.0,0.3171208368961669,0.17506168695361235,0.4642449321443256,0.0,0.7725832708627709,0.8419497771395834,,,EXPLOIT
733,50,,,0,1,1,1,common,0.0,0.6655177339312187,0.15403117941189504,0.5246267726803935,0.0,0.7769471164632161,0.8455319751002311,,,EXPLOIT
734,50,,,0,1,1,1,common,1.0,0.5674134729447078,0.3631721468763838,0.5374627827596877,0.0,0.7646177847607706,0.8349588077284654,,,EXPLOIT
735,50,,,0,1,1,0,common,0.0,0.7273969545514112,0.25570463996998577,0.5944430342972047,0.0,0.7509913804747924,0.822961925790632,,,EXPLOIT
736,50,,,0,1,1,1,common,1.0,0.36881875741406,0.46584038933276506,0.5267557512322613,0.0,0.735852664055113,0.8092337521089491,,,EXPLOIT
737,50,,,0,1,0,0,rare,1.0,0.20612854398250846,0.3109703171233526,0.4305675890573354,0.0,0.718935984845278,0.7933712366107059,,,EXPLOIT
738,50,,,0,1,1,0,common,0.0,0.4728080204584173,0.22830479577864743,0.4432397184776599,0.0,0.7262021211099953,0.800048040502655,,,EXPLOIT
739,50,,,0,1,1,0,common,0.0,0.30732521329797124,0.4413556042619722,0.4024653669237533,0.0,0.7330347559520153,0.8062462071864722,,,EXPLOIT
740,50,,,0,1,1,1,common,1.0,0.239732192319139,0.5936705415188441,0.353645414542369,0.0,0.7394712443635509,0.812015142237283,,,EXPLOIT
741,50,,,0,1,1,1,common,1.0,0.1558259250074403,0.39107424919274086,0.29429956768189036,0.0,0.745544769648756,0.8173976780371339,,,EXPLOIT
742,50,,,0,0,0,0,common,1.0,0.13398355358863046,0.27042533790428525,0.24620476345391237,0.0,0.751284909966833,0.8224311317609839,,,EXPLOIT
743,50,,,0,1,1,1,common,0.0,0.8987131487451638,0.5364522429175579,0.4419572790412878,0.0,0.7567181149881552,0.8271481653902709,,,EXPLOIT
744,50,,,0,1,0,0,rare,1.0,0.08708930983260976,0.6872414254331783,0.33549688827868435,0.0,0.7618681088730106,0.831577489666098,,,EXPLOIT
745,50,,,0,1,1,1,common,1.0,0.41583645331564356,0.5888742590176768,0.35959875778977207,0.0,0.7667562325257573,0.8357444440511409,,,EXPLOIT
746,50,,,0,1,0,1,rare,0.0,0.02991449434436428,0.48582857240678085,0.26069347875614973,0.0,0.7714017355384823,0.839671477452813,,,EXPLOIT
747,50,,,0,0,0,0,common,1.0,0.0566080513911964,0.6765283867275751,0.19946785054666372,0.0,0.77582202624593,0.84337854896952,,,EXPLOIT
748,50,,,0,0,0,0,common,1.0,0.036795233404277705,0.6677781599317858,0.1506660654039479,0.0,0.7800328867399418,0.8468834637643805,,,EXPLOIT
749,50,,,0,0,0,0,common,1.0,0.02391690171278049,0.5837780628585334,0.11264131629659767,0.0,0.7840486584413042,0.8502021559963192,,,EXPLOIT
750,50,,,0,0,0,0,common,1.0,0.015545986113307375,0.5106103141597822,0.08351271724161057,0.0,0.7878824028276653,0.8533489282953322,,,EXPLOIT
751,50,,,0,0,1,1,rare,0.0,0.7297063053448316,0.46018172471601776,0.2773707936725769,0.0,0.7915460411132138,0.8563366553744202,,,EXPLOIT
752,50,,,0,0,1,1,rare,1.0,0.5256909015258595,0.6810089644111272,0.3518668260285617,0.0,0.7950504760272176,0.8591769578915617,,,EXPLOIT
753,50,,,0,0,0,0,common,0.0,0.9898951090263503,0.6014579589766449,0.5432753109278983,0.0,0.7984056983119933,0.8618803515124293,,,EXPLOIT
754,50,,,0,1,0,0,rare,0.0,0.6434318208671277,0.6913441433120633,0.5733222639096671,0.0,0.788173878687885,0.8533229363081003,,,EXPLOIT
755,50,,,0,1,0,0,rare,1.0,0.581769316436367,0.6522068152596585,0.575856379667677,0.0,0.7769671555963544,0.8437383178390682,,,EXPLOIT
756,50,,,0,1,0,1,rare,0.0,0.01944442132383678,0.6774201118204062,0.40893279216452494,0.0,0.7646398772162216,0.8329303144476679,,,EXPLOIT
757,50,,,0,1,1,1,common,1.0,0.34169908599180865,0.6705394623339215,0.38876268031271,0.0,0.7693897148190137,0.8370186421525512,,,EXPLOIT
758,50,,,0,1,1,1,common,1.0,0.22210440589467562,0.6676198830191393,0.33876519798729965,0.0,0.773906904974525,0.8408736506413974,,,EXPLOIT
759,50,,,0,1,1,1,common,0.0,0.8556321361684609,0.5752597359700329,0.493825279441648,0.0,0.7782079196969163,0.8445145801628331,,,EXPLOIT
760,50,,,0,1,1,1,common,1.0,0.44383911149050037,0.6931342587724578,0.47882942905630366,0.0,0.7823077121194562,0.847958612276196,,,EXPLOIT
761,50,,,0,0,0,0,common,1.0,0.3781500556836386,0.6284597317978688,0.4486256170445041,0.0,0.7862198876253159,0.8512211380304425,,,EXPLOIT
762,50,,,0,0,0,0,common,1.0,0.24579753619436506,0.6931417209484924,0.3877771927894624,0.0,0.7899568523508601,0.8543159852857323,,,EXPLOIT
763,50,,,0,0,0,0,common,0.0,0.8402316014736627,0.6659760247063149,0.5235135153947225,0.0,0.7935299424767011,0.857255612259951,,,EXPLOIT
764,50,,,0,0,0,1,common,0.0,0.012638873860493907,0.6479124676214523,0.3702511229344539,0.0,0.7828392693456568,0.848150643496959,,,EXPLOIT
765,50,,,0,0,0,0,common,1.0,0.45384945904211915,0.5143336906749398,0.39533062376675343,0.0,0.7867274193663821,0.8514031848058015,,,EXPLOIT
766,50,,,0,0,0,0,common,1.0,0.2950021483773775,0.675134895091974,0.36523208114994066,0.0,0.7904419274609824,0.8544887980354289,,,EXPLOIT
767,50,,,0,0,0,0,common,1.0,0.19175139644529537,0.6866905011952585,0.31318787573854706,0.0,0.793993996164999,0.8574198680548546,,,EXPLOIT
768,50,,,0,0,1,1,rare,1.0,0.2884954224688252,0.6465728715279786,0.3057801397576305,0.0,0.7973938849099885,0.8602075843232331,,,EXPLOIT
769,50,,,0,0,0,0,common,0.0,0.875361592310558,0.6043512410658636,0.4766545755235087,0.0,0.8006510072287004,0.8628620817245659,,,EXPLOIT
770,50,,,0,1,0,0,rare,1.0,0.4310149649981373,0.6781696114084084,0.46296269236589727,0.0,0.8037740161804038,0.8653925619501618,,,EXPLOIT
771,50,,,0,1,0,0,rare,0.0,0.7198402727512108,0.614659113994485,0.5400259664814913,0.0,0.8067708796288573,0.8678073984928742,,,EXPLOIT
772,50,,,0,1,1,1,common,1.0,0.18752202460473644,0.6845004512286632,0.43427478391846475,0.0,0.797302146800646,0.8599257851410916,,,EXPLOIT
773,50,,,0,1,1,1,common,1.0,0.12188931599307873,0.6708261488705285,0.34055914354084893,0.0,0.8005630841520076,0.8625936105907497,,,EXPLOIT
774,50,,,0,1,1,1,common,0.0,0.9207719446044988,0.605540606572651,0.5146229838599439,0.0,0.8036896791850778,0.8651365078287361,,,EXPLOIT
775,50,,,0,1,1,1,common,1.0,0.4014982360070758,0.6865244633959656,0.4806855595040834,0.0,0.7939434169068691,0.8569539562401814,,,EXPLOIT
776,50,,,0,1,1,1,common,1.0,0.26097385340459933,0.6685714658986252,0.41477204767423814,0.0,0.7973454509270719,0.8597642345875912,,,EXPLOIT
777,50,,,0,1,1,1,common,1.0,0.1696330047129896,0.6029746990614799,0.34123033478586356,0.0,0.8006045871704206,0.8624397148309177,,,EXPLOIT
778,50,,,0,1,1,1,common,0.0,0.8897385469365567,0.545696092162024,0.5057827984310714,0.0,0.8037294892009467,0.8649897426527474,,,EXPLOIT
779,50,,,0,1,1,0,common,1.0,0.8002386113563187,0.6929931807333907,0.5941195423086456,0.0,0.7939868390065026,0.8567904837129027,,,EXPLOIT
780,50,,,0,1,1,0,common,0.0,0.47984490261839285,0.6532985269325751,0.5598371504015698,0.0,0.7833396054392384,0.8476294593057295,,,EXPLOIT
781,50,,,0,1,0,0,rare,1.0,0.532103822711713,0.6709320493388544,0.5515171520946127,0.0,0.7716562911187044,0.83732745775712,,,EXPLOIT
782,50,,,0,1,1,1,common,1.0,0.4216699444912382,0.6803559341555168,0.5125629898136004,0.0,0.7587786139260168,0.8256577942599304,,,EXPLOIT
783,50,,,0,1,1,1,common,1.0,0.2740854639193049,0.6176858831460073,0.4410197320453117,0.0,0.7445143213283679,0.812329476465711,,,EXPLOIT
784,50,,,0,1,1,1,common,1.0,0.17815555154754814,0.5569718015120368,0.36216047789598266,0.0,0.7503104005151324,0.8176913223353208,,,EXPLOIT
785,50,,,0,1,1,0,common,1.0,0.6881008132980446,0.5128369339532055,0.45994257851660125,0.0,0.7557951553495231,0.8227060502019233,,,EXPLOIT
786,50,,,0,1,1,1,common,0.0,0.8841988914940937,0.4831902362902837,0.587219472409849,0.0,0.7609927573754875,0.8274060811072375,,,EXPLOIT
787,50,,,0,1,1,1,common,1.0,0.4252707205288391,0.6903269194599214,0.538634846845546,0.0,0.7469721351953572,0.8143337130100883,,,EXPLOIT
788,50,,,0,1,1,0,common,0.0,0.552734471356271,0.6359418159688097,0.5428647341987635,0.0,0.7313714532839827,0.7992833350923729,,,EXPLOIT
789,50,,,0,1,0,0,rare,1.0,0.3458674847626134,0.6782385771331265,0.48376555936791843,0.0,0.713908598990471,0.7817702129584922,,,EXPLOIT
790,50,,,0,1,0,0,rare,1.0,0.22481386509569878,0.6760621695878344,0.4060800510862525,0.0,0.7214820268867969,0.7893185613257987,,,EXPLOIT
791,50,,,0,1,0,0,rare,1.0,0.1461290123122042,0.6118983327788761,0.328094739454038,0.0,0.7285948334165674,0.7962940838164427,,,EXPLOIT
792,50,,,0,1,1,0,common,0.0,0.3592774063815761,0.5524741510119922,0.3374495395322994,0.0,0.7352874733120093,0.8027592876952305,,,EXPLOIT
793,50,,,0,1,1,0,common,0.0,0.2335303141480245,0.6927554630739802,0.3062737719170169,0.0,0.7415957990643925,0.8087679052115825,,,EXPLOIT
794,50,,,0,0,1,1,rare,1.0,0.27642596834374544,0.6126343138899066,0.2973194308450354,0.0,0.747551697289419,0.814366381237568,,,EXPLOIT
795,50,,,0,0,1,1,rare,0.0,0.8203231205765654,0.4892599891216264,0.45422053776449445,0.0,0.7531836223435258,0.8195950681897172,,,EXPLOIT
796,50,,,0,0,1,1,rare,1.0,0.4667899716252324,0.6709876597289854,0.4579913679227158,0.0,0.7585170460390321,0.824489193296887,,,EXPLOIT
797,50,,,0,0,0,0,common,1.0,0.09498385800293274,0.5476579243068127,0.34908911494678085,0.0,0.7635748384556444,0.8290796472577371,,,EXPLOIT
798,50,,,0,0,0,0,common,1.0,0.06173950770190628,0.4410730460305172,0.26288423277331846,0.0,0.7683775918583124,0.8333936316170627,,,EXPLOIT
799,50,,,0,0,0,0,common,1.0,0.040130680006239094,0.3725260985237785,0.19605816694319464,0.0,0.7729438973971421,0.8374551935324511,,,EXPLOIT
800,50,,,0,0,0,0,common,1.0,0.026084942004055423,0.33049654584411325,0.14506619946145285,0.0,0.7772905824290914,0.8412856701402952,,,EXPLOIT
801,50,,,0,0,0,1,common,0.0,0.00821526800932104,0.304628291660073,0.10401092002581332,0.0,0.7814329148480391,0.844904059861548,,,EXPLOIT
802,50,,,0,0,0,0,common,1.0,0.01695521230263597,0.5843889499460587,0.0778942077088601,0.0,0.7853847796528359,0.8483273342876368,,,EXPLOIT
803,50,,,0,0,0,1,common,0.0,0.005339924206058676,0.467242077208554,0.05612792265801967,0.0,0.7891588320565383,0.8515707014520795,,,EXPLOIT
804,50,,,0,0,0,0,common,0.0,0.9889791120032866,0.6640324782796977,0.3359832794615997,0.0,0.7927666306942477,0.8546478291044961,,,EXPLOIT
805,50,,,0,1,1,1,common,1.0,0.30341348155640113,0.6886797098849271,0.32621234009004013,0.0,0.7962187538835087,0.857571034901362,,,EXPLOIT
806,50,,,0,1,1,1,common,1.0,0.19721876301166075,0.5658239610816481,0.28751426696652627,0.0,0.7995249014005442,0.8603514490947314,,,EXPLOIT
807,50,,,0,0,1,1,rare,0.0,0.8718078040424205,0.43893909999600145,0.4628023280892945,0.0,0.802693983834741,0.8629991542494172,,,EXPLOIT
808,50,,,0,0,0,0,common,1.0,0.3571635771978636,0.344000611684466,0.4311107028218652,0.0,0.8057342012548729,0.865523305685781,,,EXPLOIT
809,50,,,0,1,1,1,common,1.0,0.43332492737242667,0.5841536231408231,0.4317749701870336,0.0,0.8086531126494783,0.8679322356805282,,,EXPLOIT
810,50,,,0,1,0,1,rare,0.0,0.00347095073393814,0.5046806955859684,0.30328376435110493,0.0,0.8114576973795163,0.8702335439246565,,,EXPLOIT
811,50,,,0,1,1,1,common,1.0,0.2816612027920773,0.687561270899346,0.29679699588339664,0.0,0.8141544096951007,0.8724341763076789,,,EXPLOIT
812,50,,,0,1,0,0,rare,1.0,0.2321563251786114,0.6083701804464474,0.27740479467196105,0.0,0.81674922721275,0.8745404937487115,,,EXPLOIT
813,50,,,0,0,0,0,common,0.0,0.8490983886339025,0.5230805446833614,0.4489128728605435,0.0,0.8192476941195821,0.87655833251116,,,EXPLOIT
814,50,,,0,1,1,1,common,1.0,0.18307978181485018,0.3738175713788371,0.3691629455468355,0.0,0.8216549597617023,0.8784930572055196,,,EXPLOIT
815,50,,,0,1,1,1,common,1.0,0.11900185817965259,0.31783468203295023,0.2941146193366806,0.0,0.8239758131820477,0.8803496074939489,,,EXPLOIT
816,50,,,0,1,1,1,common,1.0,0.07735120781677418,0.2841841845214976,0.22908559588070868,0.0,0.826214714095201,0.8821325393528039,,,EXPLOIT
817,50,,,0,0,0,0,common,1.0,0.4480860473879633,0.2636047961918105,0.29478573133288505,0.0,0.8283758207207571,0.8838460616188356,,,EXPLOIT
818,50,,,0,0,1,1,rare,0.0,0.9497217149190967,0.45981507666689453,0.49126652640874857,0.0,0.8304630148407708,0.8854940684362167,,,EXPLOIT
819,50,,,0,0,0,0,common,1.0,0.29125593080217616,0.29683425663086893,0.4312633477267768,0.0,0.832479924398996,0.887080168130966,,,EXPLOIT
820,50,,,0,1,1,1,common,1.0,0.38268088530258715,0.4866242834517063,0.41668860899951987,0.0,0.8344299439187427,0.8886077089634252,,,EXPLOIT
821,50,,,0,1,0,0,rare,0.0,0.8106836449785855,0.46978273626972467,0.5348871197932396,0.0,0.8363162529811099,0.890079802145622,,,EXPLOIT
822,50,,,0,1,0,0,rare,1.0,0.47305563076391943,0.6894410178925505,0.5163376730844436,0.0,0.8293005193596834,0.8844803244318572,,,EXPLOIT
823,50,,,0,0,0,0,common,1.0,0.3074861599965476,0.6363306712165602,0.4536822191580748,0.0,0.8217362721882147,0.878345035053749,,,EXPLOIT
824,50,,,0,0,0,0,common,1.0,0.199866003997756,0.6915779661413602,0.3775373546099791,0.0,0.8240542318151799,0.8802075138401171,,,EXPLOIT
825,50,,,0,1,0,0,rare,1.0,0.12991290259854138,0.6843605062685658,0.3032500190065478,0.0,0.8262903869548102,0.8819960317910094,,,EXPLOIT
826,50,,,0,0,0,0,common,0.0,0.9155566133109481,0.6924835858398297,0.4869419972978679,0.0,0.8284488859079221,0.8837148236013962,,,EXPLOIT
827,50,,,0,1,1,1,common,1.0,0.24874257544668166,0.535287377965356,0.41548217074251204,0.0,0.8305336013550059,0.8853678068777908,,,EXPLOIT
828,50,,,0,1,1,1,common,0.0,0.8383173259596569,0.48681085280513936,0.5423327173076555,0.0,0.8325481528759785,0.8869586112742087,,,EXPLOIT
829,50,,,0,0,0,0,common,1.0,0.4048882013478837,0.6886227777597833,0.501099362519724,0.0,0.8252404328639062,0.8810635891997853,,,EXPLOIT
830,50,,,0,0,0,0,common,1.0,0.2631773308761245,0.6674672832220203,0.4297227530266441,0.0,0.8173491264862324,0.8745888969018578,,,EXPLOIT
831,50,,,0,0,0,0,common,0.0,0.8289347349305191,0.6046745102092368,0.5494863475978066,0.0,0.8198255546109143,0.8766047230699066,,,EXPLOIT
832,50,,,0,0,0,0,common,0.0,0.5388075777048373,0.6857728895300086,0.5462827166299158,0.0,0.8114870332909893,0.8696728366941759,,,EXPLOIT
833,50,,,0,0,0,0,common,1.0,0.6497750744918558,0.587024064958489,0.5773304239884978,0.0,0.8024351111737962,0.8619979189711086,,,EXPLOIT
834,50,,,0,0,0,0,common,0.0,0.5776462015802938,0.6928246533113599,0.5774251572660365,0.0,0.7925746647968254,0.8534541916034692,,,EXPLOIT
835,50,,,0,0,0,1,common,1.0,0.9977438820229402,0.6104056263775546,0.7035207746931076,0.0,0.7817928731042543,0.8438857904433181,,,EXPLOIT
836,50,,,0,0,0,0,common,1.0,0.624529968972809,0.693029137084334,0.6798235329770179,0.0,0.7699549008877212,0.8330971977550241,,,EXPLOIT
837,50,,,0,0,1,0,rare,0.0,0.15179470419621593,0.6496642264528376,0.5214148843427773,0.0,0.7568982540313466,0.8208397752617638,,,EXPLOIT
838,50,,,0,0,0,0,common,0.0,0.5940555201676742,0.6710871751002635,0.5432070750902462,0.0,0.7424253039910014,0.8067924089494456,,,EXPLOIT
839,50,,,0,1,1,1,common,1.0,0.455093738126223,0.5634934147693984,0.5167730740010392,0.0,0.726293249186979,0.7905330258932425,,,EXPLOIT
840,50,,,0,1,1,1,common,1.0,0.29581092978204493,0.43568251145461023,0.4504844307353409,0.0,0.7082004259170869,0.7714955324304639,,,EXPLOIT
841,50,,,0,1,0,1,rare,0.0,0.3514664766850888,0.35383272851674746,0.4207790445202652,0.0,0.7161300338343006,0.7798578389529237,,,EXPLOIT
842,50,,,0,1,0,1,rare,1.0,0.7715467901546923,0.6010106047500183,0.5260093682105933,0.0,0.7235669389043826,0.7875547010776042,,,EXPLOIT
843,50,,,0,0,0,0,common,0.0,0.38613608810898825,0.46347789270950457,0.48404738418011173,0.0,0.7051310600002141,0.7679826819240045,,,EXPLOIT
844,50,,,0,1,1,1,common,1.0,0.19227710435832923,0.3682760406240511,0.3965163002335769,0.0,0.7132553843562929,0.7766322919235046,,,EXPLOIT
845,50,,,0,1,1,1,common,0.0,0.875019882167086,0.2848777260316683,0.5400673748136297,0.0,0.7208691799188831,0.7845827437122236,,,EXPLOIT
846,50,,,0,1,0,1,rare,1.0,0.50150541360055,0.5230711494502609,0.5284987864497057,0.0,0.7020904973748666,0.7644693598119922,,,EXPLOIT
847,50,,,0,1,0,1,rare,1.0,0.32597851884035756,0.3755081216605426,0.4677427061669013,0.0,0.6808330854429813,0.7404804855881248,,,EXPLOIT
848,50,,,0,1,0,1,rare,0.0,0.7881139627537675,0.2889467440604076,0.5638540831429611,0.0,0.6905773309666656,0.7515368707333319,,,EXPLOIT
849,50,,,0,1,1,1,common,1.0,0.431237076591394,0.5262140039336753,0.524068981177491,0.0,0.6677196646491632,0.7248585823940366,,,EXPLOIT
850,50,,,0,1,1,1,common,1.0,0.28030409978440607,0.37750475977310877,0.4509395167595655,0.0,0.6415014992519277,0.6921324130126428,,,EXPLOIT
851,50,,,0,1,1,1,common,1.0,0.182197664859864,0.29007076677196136,0.37031696118965507,0.0,0.6541608730875603,0.7080861454110536,,,EXPLOIT
852,50,,,0,1,1,1,common,0.0,0.8815715178410884,0.24071391324346436,0.5236933281850851,0.0,0.6658427068045248,0.7223310906589467,,,EXPLOIT
853,50,,,0,1,1,1,common,0.0,0.5730214865967075,0.48625135182360046,0.5384917757085718,0.0,0.639337673663159,0.6889964492983472,,,EXPLOIT
854,50,,,0,0,0,1,common,0.0,0.5122740757899489,0.6415063478580864,0.5306264657329849,0.0,0.6086028857052261,0.6470476203465222,,,EXPLOIT
855,50,,,0,1,0,0,rare,0.0,0.2509884572708424,0.5933410537528516,0.44673506319434214,0.0,0.5725400324525782,0.5926532513638246,,,EXPLORE
856,50,,,0,1,0,1,rare,1.0,0.6670218507365332,0.6706523696605153,0.5128210994569995,0.0,0.5911703175893118,0.6212640332706731,,,EXPLOIT
857,50,,,0,0,1,0,rare,1.0,0.9013334422724596,0.47607876197832766,0.6293748023016374,0.0,0.5518802342436888,0.558295739065624,,,EXPLORE
858,50,,,0,0,1,1,rare,0.0,0.3724639662878599,0.6835175743180023,0.5523015514975042,0.0,0.5047619185490306,0.47126836750300505,,,EXPLORE
859,50,,,0,0,0,1,common,0.0,0.5664357970212535,0.603477550752202,0.5565418251546289,0.0,0.44722017220890886,0.3431447661211881,,,EXPLORE
860,50,,,0,1,0,0,rare,1.0,0.8368575027739524,0.5228741847119135,0.640636528440426,0.0,0.37537014472846,0.1358312636613278,,,EXPLORE
861,50,,,0,0,1,0,rare,0.0,0.41413326252290117,0.3701117724790799,0.5726855486651685,0.0,0.28312259503359083,0.09090909090909093,,,EXPLORE
862,50,,,0,1,0,0,rare,0.0,0.4560426231969309,0.3177146227275594,0.5376926710246972,0.0,0.16036186885451623,0.09090909090909093,,,EXPLORE
863,50,,,0,0,1,0,rare,1.0,0.7308133793601143,0.522644513690206,0.5956288835253223,0.0,0.09090909090909093,0.09090909090909093,,,EXPLORE
864,50,,,0,0,1,0,rare,1.0,0.4750286965840742,0.6928017869946979,0.5594488274429478,0.0,0.09090909090909093,0.09090909090909093,,,EXPLORE
865,50,,,0,1,1,1,common,1.0,0.757898421912891,0.6277047588553767,0.6189837057839307,0.0,0.09090909090909093,0.09090909090909093,,,EXPLORE
866,50,,,0,0,0,0,common,1.0,0.7035722949219949,0.6930012225481119,0.6443602825253499,0.0,0.09090909090909093,0.09090909090909093,,,EXPLORE
867,50,,,0,0,0,0,common,0.0,0.5426780083007032,0.664399449917858,0.6138556002579558,0.0,0.09090909090909093,0.09090909090909093,,,EXPLORE
868,50,,,0,1,1,0,common,0.0,0.6912313472203517,0.6534873411868471,0.6370683243466746,0.0,0.09090909090909093,0.09090909090909093,,,EXPLORE
869,50,,,0,1,1,1,common,1.0,0.4926339742433792,0.6807952466582021,0.5937380193156859,0.0,0.09090909090909093,0.09090909090909093,,,EXPLORE
870,50,,,0,0,0,0,common,0.0,0.3527407053954571,0.6623237771151077,0.5214388251396173,0.0,0.09090909090909093,0.09090909090909093,,,EXPLORE
871,50,,,0,1,0,0,rare,1.0,0.7707185414929529,0.5422477217527248,0.5962227400456179,0.0,0.09090909090909093,0.09090909090909093,,,EXPLORE
872,50,,,0,1,1,1,common,0.0,0.6797879167418035,0.4241950493642286,0.6212922930544735,0.0,0.09090909090909093,0.09090909090909093,,,EXPLORE
873,50,,,0,1,1,1,common,1.0,0.5581378541178277,0.6393336302053478,0.6023459613734797,0.0,0.09090909090909093,0.09090909090909093,,,EXPLORE
874,50,,,0,0,1,0,rare,0.0,0.44930037569322867,0.49956915949271496,0.5564322856694044,0.0,0.09090909090909093,0.09090909090909093,,,EXPLORE
875,50,,,0,0,0,0,common,1.0,0.5009670519704194,0.3998957204607779,0.5397927155597089,0.0,0.09090909090909093,0.09090909090909093,,,EXPLORE
876,50,,,0,1,1,1,common,1.0,0.362789605176588,0.6307182390723574,0.48669178244477257,0.0,0.09090909090909093,0.09090909090909093,,,EXPLORE
877,50,,,0,1,1,1,common,1.0,0.23581324336478215,0.5421106933677751,0.4114282207207754,0.0,0.17965545529122232,0.23017705927636645,,,EXPLORE
878,50,,,0,1,1,1,common,0.0,0.8467213918128916,0.4756564266515587,0.5420161720484102,0.0,0.25195053896963665,0.33155527035247095,,,EXPLORE
879,50,,,0,0,0,1,common,0.0,0.36818326806381474,0.6824753832386659,0.48986630085303157,0.0,0.117731574948835,0.11586571025734585,,,EXPLORE
880,50,,,0,0,1,1,rare,1.0,0.4496310953216205,0.5874253931514728,0.4777957391936082,0.0,0.20134651763173989,0.24797294925007637,,,EXPLORE
881,50,,,0,0,1,1,rare,1.0,0.2922602119590534,0.6931194129044418,0.4221350810232417,0.0,0.26985256608828223,0.3448817607084164,,,EXPLORE
882,50,,,0,0,0,0,common,1.0,0.32562858378077264,0.6489878764081453,0.39318313185050097,0.0,0.3270029173428919,0.41900242740819416,,,EXPLORE
883,50,,,0,1,0,0,rare,1.0,0.21165857945750222,0.5796555332360339,0.3387257661326013,0.0,0.3754027234234347,0.47752462754236397,,,EXPLORE
884,50,,,0,0,0,0,common,0.0,0.8624219233526236,0.6739980021064791,0.49583461329860795,0.0,0.4169168696970501,0.5249013802859563,,,EXPLORE
885,50,,,0,0,1,0,rare,0.0,0.29204524420059863,0.6288530095680287,0.43469780256920515,0.0,0.4529154730353734,0.5640379987336683,,,EXPLORE
886,50,,,0,1,1,1,common,0.0,0.8100308622266152,0.47940421777303094,0.5472977204664282,0.0,0.48442775810588756,0.5969107420657045,,,EXPLORE
887,50,,,0,0,1,0,rare,1.0,0.8101705912696109,0.6649237472132987,0.626159581707383,0.0,0.4220309565284474,0.5251733415977,,,EXPLORE
888,50,,,0,1,1,1,common,1.0,0.47347993955270007,0.6697661820361647,0.580355689060978,0.0,0.3433556985386706,0.42362162090426614,,,EXPLORE
889,50,,,0,1,1,0,common,1.0,0.526610884325247,0.6810242872032428,0.5642322476402587,0.0,0.24108208592223743,0.2688036359812388,,,EXPLORE
890,50,,,0,0,0,0,common,1.0,0.43942574982079463,0.6188701335717374,0.5267902982944195,0.0,0.10272772209709158,0.09090909090909093,,,EXPLORE
891,50,,,0,0,0,1,common,0.0,0.23931912424147958,0.6879890764154664,0.4405489460785375,0.0,0.09090909090909093,0.09090909090909093,,,EXPLORE
892,50,,,0,1,0,0,rare,1.0,0.2856267373835165,0.5378237842069944,0.3940722834700312,0.0,0.17965545529122232,0.23017705927636645,,,EXPLORE
893,50,,,0,1,1,1,common,0.0,0.692238039290745,0.46780443936034966,0.4835220102162453,0.0,0.25195053896963665,0.33155527035247095,,,EXPLORE
894,50,,,0,1,1,1,common,1.0,0.5500452744610157,0.6790171576602868,0.5034789894896764,0.0,0.31197800201026266,0.40865139461585376,,,EXPLORE
895,50,,,0,1,1,0,common,0.0,0.6577029251885893,0.5894663477562313,0.5497461701993502,0.0,0.1993001761833469,0.24479250504532032,,,EXPLORE
896,50,,,0,1,1,1,common,1.0,0.3575294283996602,0.6930216575446144,0.49208114765944316,0.0,0.09090909090909093,0.09090909090909093,,,EXPLORE
897,50,,,0,0,0,0,common,1.0,0.18565737929928572,0.6320039800852822,0.4001540171513959,0.0,0.17965545529122232,0.23017705927636645,,,EXPLORE
898,50,,,0,0,0,0,common,0.0,0.8793227034554643,0.693094143125753,0.5439046230426163,0.0,0.25195053896963665,0.33155527035247095,,,EXPLORE
899,50,,,0,1,1,1,common,1.0,0.23239412845977914,0.6019034921645062,0.45045147466776514,0.0,0.117731574948835,0.11586571025734585,,,EXPLORE
900,50,,,0,1,0,0,rare,1.0,0.4284402427539482,0.5003322723948659,0.44384810509362005,0.0,0.20134651763173989,0.24797294925007637,,,EXPLORE
901,50,,,0,1,1,1,common,1.0,0.1510561834988564,0.4292597379211359,0.35601052861519095,0.0,0.26985256608828223,0.3448817607084164,,,EXPLORE
902,50,,,0,0,1,1,rare,1.0,0.0981865192742567,0.38401397219008215,0.27866332581291064,0.0,0.3270029173428919,0.41900242740819416,,,EXPLORE
903,50,,,0,0,1,1,rare,1.0,0.06382123752826685,0.5603415103655169,0.21421069932751752,0.0,0.3754027234234347,0.47752462754236397,,,EXPLOIT
904,50,,,0,0,1,1,rare,1.0,0.0414838043933734,0.6520185009284833,0.1623926308472743,0.0,0.4169168696970501,0.5249013802859563,,,EXPLOIT
905,50,,,0,0,0,0,common,1.0,0.27848615779006636,0.6856234955936003,0.1972206889301119,0.0,0.4529154730353734,0.5640379987336683,,,EXPLOIT
906,50,,,0,0,0,0,common,1.0,0.1810160025635431,0.6930656615224637,0.19235928302014127,0.0,0.48442775810588756,0.5969107420657045,,,EXPLOIT
907,50,,,0,0,1,1,rare,1.0,0.0269644728556927,0.6914116541100848,0.1427408399708067,0.0,0.5122418687153475,0.6249106881457865,,,EXPLOIT
908,50,,,0,1,1,1,common,1.0,0.017526907356200216,0.6876029335397185,0.10517666018642474,0.0,0.5369715501052006,0.6490453992711813,,,EXPLOIT
909,50,,,0,1,1,1,common,0.0,0.9886075102184698,0.6924131846580726,0.37020591519603824,0.0,0.5591018584836528,0.6700625675214087,,,EXPLOIT
910,50,,,0,1,1,0,common,1.0,0.5724930986274169,0.49975558349652477,0.43089207022545184,0.0,0.5790212101722467,0.6885287218393064,,,EXPLORE
911,50,,,0,0,0,0,common,1.0,0.11766040166630298,0.6117395016628395,0.33692256965770717,0.0,0.5970443072310473,0.7048809632262009,,,EXPLOIT
912,50,,,0,0,0,0,common,1.0,0.07647926108309688,0.6007463915475959,0.2587895770853241,0.0,0.6134288323989123,0.7194619288360226,,,EXPLOIT
913,50,,,0,0,1,1,rare,1.0,0.3574051183579946,0.5933479739610201,0.28837423946712526,0.0,0.628387803331164,0.7325440026807575,,,EXPLOIT
914,50,,,0,0,0,0,common,1.0,0.049711519704012996,0.5884397100923758,0.21677542353819157,0.0,0.6420988481331178,0.7443464432795381,,,EXPLOIT
915,50,,,0,1,1,0,common,0.0,0.627879485892179,0.5852094679856066,0.3401066422443878,0.0,0.6547112615856451,0.7550477334306359,,,EXPLOIT
916,50,,,0,1,1,1,common,1.0,0.23231332693269646,0.3592262308749474,0.30776864765088036,0.0,0.6663514378084059,0.7647946379828902,,,EXPLOIT
917,50,,,0,1,1,1,common,1.0,0.15100366250625274,0.5176365225419001,0.2607391521074921,0.0,0.6771270990900082,0.7737089498398598,,,EXPLOIT
918,50,,,0,1,1,0,common,0.0,0.4081216658299164,0.6122506200376786,0.30495390622421936,0.0,0.6871306210198466,0.7818925844673392,,,EXPLOIT
919,50,,,0,1,1,1,common,1.0,0.09815238062906428,0.3791286299610087,0.24291344854567282,0.0,0.6964416714793463,0.7894314761017515,,,EXPLOIT
920,50,,,0,0,0,0,common,1.0,0.032312487807608425,0.5309904304334306,0.1797331603242535,0.0,0.7051293231831343,0.7963985920874533,,,EXPLOIT
921,50,,,0,0,1,1,rare,0.0,0.9362009525911082,0.5286478109931386,0.4066734980043099,0.0,0.713253758352079,0.8028562897482902,,,EXPLOIT
922,50,,,0,0,0,0,common,1.0,0.02100311707494551,0.6908635194056798,0.29097238372550055,0.0,0.7208676545256633,0.8088581772269674,,,EXPLOIT
923,50,,,0,0,1,0,rare,0.0,0.2652790827894457,0.6772709192609297,0.28326439344468407,0.0,0.7280173189936996,0.8144505959601215,,,EXPLOIT
924,50,,,0,0,0,0,common,1.0,0.013652026098714631,0.632431846859833,0.20238068324089323,0.0,0.7347436234855492,0.8196738116020467,,,EXPLOIT
925,50,,,0,0,0,0,common,1.0,0.00887381696416456,0.6930955763058275,0.1443286233578746,0.0,0.7410827789778464,0.824562978168395,,,EXPLOIT
926,50,,,0,0,0,0,common,1.0,0.005767981026706948,0.670145345629199,0.1027604306585243,0.0,0.7470669816425922,0.82914892423171,,,EXPLOIT
927,50,,,0,0,0,0,common,1.0,0.0037491876673595437,0.6308334285341017,0.07305705776117487,0.0,0.7527249542639546,0.8334587983423536,,,EXPLOIT
928,50,,,0,0,0,0,common,0.0,0.9975630280162163,0.597338254524576,0.35040884883768725,0.0,0.7580824023406845,0.837516602230586,,,EXPLOIT
929,50,,,0,0,0,0,common,1.0,0.3515840317894594,0.6777273543737314,0.3507614037232189,0.0,0.7631624001568813,0.8413436339120473,,,EXPLOIT
930,50,,,0,0,1,0,rare,1.0,0.8275685961868603,0.6872885285494057,0.4938035614623113,0.0,0.7679857190531539,0.8449588579713239,,,EXPLOIT
931,50,,,0,0,1,0,rare,1.0,0.5379195875214592,0.6516811951316118,0.5070383692800556,0.0,0.7725711077479451,0.8483792166138708,,,EXPLOIT
932,50,,,0,0,0,0,common,1.0,0.22852962066314864,0.6139853610186685,0.4234857446949835,0.0,0.7597891295294141,0.8381732442377184,,,EXPLOIT
933,50,,,0,1,0,0,rare,1.0,0.1485442534310466,0.5848530125745024,0.3410032973158024,0.0,0.7647821950577874,0.8419635306606407,,,EXPLOIT
934,50,,,0,0,0,0,common,1.0,0.09655376473018029,0.6580766406220493,0.26766843754011577,0.0,0.769524982485435,0.8455449809064555,,,EXPLOIT
935,50,,,0,0,0,0,common,1.0,0.06275994707461718,0.6442795257853433,0.20619589040046618,0.0,0.7740356273163498,0.8489342252547611,,,EXPLOIT
936,50,,,0,0,0,0,common,0.0,0.9592060344014989,0.6342903633382027,0.432098933600776,0.0,0.7783305544968313,0.8521461740756036,,,EXPLOIT
937,50,,,0,1,0,0,rare,1.0,0.3765160776390257,0.6430780310016182,0.41542407681225085,0.0,0.7824246754525456,0.8551942345725447,,,EXPLOIT
938,50,,,0,1,1,1,common,1.0,0.39146938081577964,0.5937743609512174,0.40823766801330946,0.0,0.7863315585031269,0.8580904955547437,,,EXPLOIT
939,50,,,0,1,1,1,common,0.0,0.7455449024697433,0.5560188042917731,0.5094298383502396,0.0,0.7900635767584793,0.8608458856079511,,,EXPLOIT
940,50,,,0,1,1,1,common,1.0,0.5153958133946669,0.6904131649092389,0.5112196308635677,0.0,0.779040359813744,0.8521675375996465,,,EXPLOIT
941,50,,,0,1,1,1,common,1.0,0.33500727870653346,0.6713993393940636,0.4583559252164574,0.0,0.7669245547211953,0.8424395402420336,,,EXPLOIT
942,50,,,0,0,0,0,common,0.0,0.7552645495346333,0.6204642025706738,0.5474285125119102,0.0,0.7715618061698284,0.8459951573170018,,,EXPLOIT
943,50,,,0,1,0,1,rare,0.0,0.1555574307569617,0.43612866132499584,0.42986718798542556,0.0,0.758674223762252,0.8354821904383528,,,EXPLOIT
944,50,,,0,1,1,0,common,0.0,0.6503522681110515,0.6610760570162477,0.4960127120231133,0.0,0.7637239974016112,0.8394241258250229,,,EXPLOIT
945,50,,,0,0,0,0,common,1.0,0.5090780428024884,0.6860795102739454,0.49993231125692583,0.0,0.7685193233985967,0.843144875807173,,,EXPLOIT
946,50,,,0,1,1,1,common,1.0,0.2177547311592467,0.5691433479998048,0.41527903722762205,0.0,0.7730787361597622,0.8466623759011899,,,EXPLOIT
947,50,,,0,1,0,0,rare,1.0,0.3309007278216174,0.6901488380298874,0.3899655444058206,0.0,0.7774190129448283,0.8499926737105301,,,EXPLOIT
948,50,,,0,1,1,1,common,1.0,0.14154057525351038,0.6698827229456725,0.3154380536601275,0.0,0.781555377284001,0.85315017096627,,,EXPLOIT
949,50,,,0,1,1,1,common,1.0,0.0920013739147818,0.6154775273798485,0.24840704973652378,0.0,0.7855016747762369,0.856147829261492,,,EXPLOIT
950,50,,,0,1,1,1,common,1.0,0.05980089304460812,0.5679761144021948,0.19182520272894907,0.0,0.7892705255466224,0.8589973456781327,,,EXPLOIT
951,50,,,0,1,1,1,common,1.0,0.038870580478995276,0.5338568218424222,0.14593881605396292,0.0,0.7928734569000859,0.8617093033242287,,,EXPLOIT
952,50,,,0,1,1,1,common,1.0,0.025265877311346885,0.5108240906302818,0.1097369344311781,0.0,0.7963210191090044,0.8642933008659205,,,EXPLOIT
953,50,,,0,1,1,1,common,1.0,0.016422820252375514,0.4956247536018791,0.08174270017753732,0.0,0.7996228867846172,0.8667580643959625,,,EXPLOIT
954,50,,,0,1,1,1,common,1.0,0.01067483316404405,0.48568328435727637,0.06042234007348934,0.0,0.8027879478837188,0.8691115443864041,,,EXPLOIT
955,50,,,0,1,0,0,rare,1.0,0.21508547308405135,0.47920419798283476,0.10682127997665794,0.0,0.8058243820751188,0.8713609999952396,,,EXPLOIT
956,50,,,0,1,1,1,common,0.0,0.9930613584433714,0.47498794721624943,0.37269330351667196,0.0,0.8087397299208501,0.8735130726104874,,,EXPLOIT
957,50,,,0,1,1,0,common,0.0,0.4227289742721835,0.6915665719372694,0.3877040047433254,0.0,0.8115409541040893,0.8755738502012398,,,EXPLOIT
958,50,,,0,0,0,0,common,1.0,0.13980555750463342,0.6209102694535074,0.3133344705717178,0.0,0.8142344937504546,0.8775489237889765,,,EXPLOIT
959,50,,,0,0,0,0,common,0.0,0.9091263876219883,0.5135335555150827,0.49207204568679896,0.0,0.8168263127348362,0.8794434371423072,,,EXPLOIT
960,50,,,0,0,1,1,rare,0.0,0.6454898829881914,0.6837062937781474,0.5380973968772167,0.0,0.819321942736592,0.8812621306252613,,,EXPLOIT
961,50,,,0,0,0,0,common,0.0,0.5909321519542924,0.6728778351190435,0.5539478234003393,0.0,0.8109411865696559,0.8748074197379987,,,EXPLOIT
962,50,,,0,0,0,0,common,0.0,0.38410589877029006,0.6102460985793737,0.5029952460113245,0.0,0.8018415162483847,0.8676866593498184,,,EXPLOIT
963,50,,,0,0,0,1,common,0.0,0.10111232999202512,0.5538818149563693,0.38243037120553464,0.0,0.791926805231616,0.8597915689759377,,,EXPLOIT
964,50,,,0,0,0,1,common,0.0,0.06572301449481632,0.5135265972126906,0.28741816419231914,0.0,0.7954148823295596,0.8624657533066048,,,EXPLOIT
965,50,,,0,0,1,1,rare,0.0,0.4195684239423244,0.48649395528075123,0.3270632421173207,0.0,0.7987547614492891,0.8650145740110897,,,EXPLOIT
966,50,,,0,1,0,0,rare,1.0,0.7503311657993115,0.4687763148699191,0.4540436192219179,0.0,0.8019555325669464,0.8674465245991727,,,EXPLOIT
967,50,,,0,1,1,1,common,1.0,0.7272805244374891,0.2972457066788314,0.5360146907865893,0.0,0.8050255573952318,0.8697693484319938,,,EXPLOIT
968,50,,,0,1,0,0,rare,1.0,0.4877152577695525,0.20905590008104138,0.5215248608814782,0.0,0.7954001268826256,0.8621050465235152,,,EXPLOIT
969,50,,,0,1,0,0,rare,1.0,0.31701491755020916,0.1635588165951316,0.46017187788209746,0.0,0.7848866838552544,0.8535737815348152,,,EXPLOIT
970,50,,,0,1,1,0,common,0.0,0.2747738332769193,0.13866052450443603,0.404552464500544,0.0,0.7886829380497821,0.8565502920922009,,,EXPLOIT
971,50,,,0,1,1,1,common,1.0,0.472732340884368,0.32788511243738,0.42500642741569117,0.0,0.7923115089638824,0.8593801868954928,,,EXPLOIT
972,50,,,0,1,1,1,common,1.0,0.30727602157483924,0.22450037954409838,0.38968730566343557,0.0,0.795783095023146,0.8620739056892697,,,EXPLOIT
973,50,,,0,1,0,0,rare,0.0,0.793940303592364,0.17172414363497618,0.510963205042114,0.0,0.7991075037567762,0.8646409202241365,,,EXPLOIT
974,50,,,0,1,1,1,common,1.0,0.19972941402364552,0.36653609032906026,0.41759306773657345,0.0,0.7889408755844588,0.8564018807859718,,,EXPLOIT
975,50,,,0,1,1,1,common,0.0,0.8701758808846304,0.24399283436624564,0.5533679116809904,0.0,0.7925581809248591,0.8592390038291177,,,EXPLOIT
976,50,,,0,1,1,1,common,0.0,0.5656143225750098,0.43758341263485423,0.5570418349491962,0.0,0.7817748134214173,0.850371041824271,,,EXPLOIT
977,50,,,0,1,1,0,common,0.0,0.17860299162999754,0.5757731871230751,0.4435101819534366,0.0,0.7699350291890277,0.840417883624666,,,EXPLOIT
978,50,,,0,1,1,1,common,1.0,0.6323506903262437,0.6473720141225792,0.5001623344652787,0.0,0.7744258598240559,0.8440838228927773,,,EXPLOIT
979,50,,,0,1,1,1,common,1.0,0.4110279487120584,0.41903944818895356,0.47342201873931256,0.0,0.761836768961705,0.8333212667474155,,,EXPLOIT
980,50,,,0,1,1,1,common,1.0,0.26716816666283794,0.27085923272821144,0.4115458631163701,0.0,0.7667264668190479,0.8373870037131613,,,EXPLOIT
981,50,,,0,1,0,0,rare,1.0,0.48393880266496336,0.19567030064499186,0.433263744980948,0.0,0.7713734297336442,0.841221307367487,,,EXPLOIT
982,50,,,0,1,0,0,rare,0.0,0.6854397782677738,0.15637907497151587,0.5089165549669957,0.0,0.7757950768424532,0.8448432137563447,,,EXPLOIT
983,50,,,0,1,1,1,common,0.0,0.8263406916691554,0.3491940169937194,0.6041437959776436,0.0,0.7633474021351324,0.8341801916790171,,,EXPLOIT
984,50,,,0,1,0,0,rare,1.0,0.554464144125947,0.5196454268719952,0.5892399004221346,0.0,0.7495835118865515,0.8220746999780123,,,EXPLOIT
985,50,,,0,1,0,0,rare,1.0,0.3604016936818656,0.32595258987156395,0.5205884384000539,0.0,0.7342838037511583,0.8082135542019637,,,EXPLOIT
986,50,,,0,1,0,0,rare,0.0,0.7657388991067874,0.22352744364639854,0.5941335766120739,0.0,0.7171769466900267,0.7921858333961214,,,EXPLOIT
987,50,,,0,1,0,0,rare,1.0,0.5022697155805882,0.4189797793636647,0.5665744183026281,0.0,0.6979236965878164,0.77344152762946,,,EXPLOIT
988,50,,,0,1,1,1,common,1.0,0.462878550415049,0.27082825058443577,0.5354656579363544,0.0,0.6760942299284539,0.7512272490741932,,,EXPLOIT
989,50,,,0,1,0,1,rare,0.0,0.04271995942163061,0.19565450700131742,0.3876419483819372,0.0,0.6511357501664957,0.7244826526509736,,,EXPLOIT
990,50,,,0,1,0,0,rare,1.0,0.32647531512738237,0.39182115529756206,0.3692919584055707,0.0,0.6630478030030869,0.7370663025929387,,,EXPLOIT
991,50,,,0,1,1,1,common,1.0,0.30087105776978185,0.25684622673802726,0.34876568821483406,0.0,0.6740656189431306,0.7484408216349703,,,EXPLOIT
992,50,,,0,1,0,0,rare,1.0,0.21220895483279856,0.18850309880494745,0.3077986682002234,0.0,0.6842857530701415,0.758771996457213,,,EXPLOIT
993,50,,,0,1,0,0,rare,0.0,0.862064179358681,0.15248960700549674,0.47407832154776064,0.0,0.6937913431177468,0.7681966302217125,,,EXPLOIT
994,50,,,0,1,1,0,common,0.0,0.11609194455949841,0.3446411082798461,0.36668240845128197,0.0,0.7026543618399484,0.776828611128486,,,EXPLOIT
995,50,,,0,1,0,0,rare,1.0,0.4396582834168574,0.5164801439818999,0.38857517094095456,0.0,0.7109374303935012,0.7847635174979828,,,EXPLOIT
996,50,,,0,0,0,0,common,1.0,0.2857778842209573,0.32409541685283283,0.35773598492495534,0.0,0.7186952894107043,0.7920821552178273,,,EXPLOIT
997,50,,,0,0,0,0,common,1.0,0.18575562474362228,0.609716675838204,0.3061418768705554,0.0,0.7259760008500078,0.7988533055831818,,,EXPLOIT
998,50,,,0,0,0,0,common,1.0,0.12074115608335445,0.6930822741010999,0.2505216606343951,0.0,0.732821936405338,0.8051358817814201,,,EXPLOIT
999,50,,,0,0,0,0,common,1.0,0.07848175145418035,0.6511149257203743,0.19890968788033067,0.0,0.7392705954263057,0.8109806373548661,,,EXPLOIT
1000,50,,,0,0,0,0,common,0.0,0.9489868615547827,0.5894314856247047,0.4239328399826663,0.0,0.7453552856991715,0.8164315315996071,,,EXPLOIT
1001,50,,,0,0,0,1,common,1.0,0.9722320263759401,0.6883471977781128,0.5884225959006484,0.0,0.7511056931855108,0.8215268296672735,,,EXPLOIT
1002,50,,,0,1,1,1,common,0.0,0.8044338124496417,0.6684577484786395,0.6532259608653463,0.0,0.7359800095016805,0.8075832312169839,,,EXPLOIT
1003,50,,,0,1,0,0,rare,0.0,0.6168414600106088,0.525461818063849,0.642310610608925,0.0,0.7190787181945462,0.7914529807719896,,,EXPLOIT
1004,50,,,0,1,1,1,common,0.0,0.5228819780922671,0.4068190338545873,0.6064820208539277,0.0,0.7000706847828247,0.7725789789435342,,,EXPLOIT
1005,50,,,0,0,1,1,rare,0.0,0.33987328575997366,0.33364902170281374,0.5264994003257415,0.0,0.678536979706476,0.7501973188484762,,,EXPLOIT
1006,50,,,0,0,1,0,rare,1.0,0.9245402360363261,0.5464912600251779,0.6459116510389169,0.0,0.653939715879219,0.7232315046235535,,,EXPLOIT
1007,50,,,0,0,0,1,common,1.0,0.6319508171443611,0.37855014065271425,0.6417234008705501,0.0,0.6255765988357892,0.6901143425456796,,,EXPLORE
1008,50,,,0,0,1,0,rare,1.0,0.6009511534236119,0.2803464110559626,0.6294917266364686,0.0,0.5925129149232887,0.6484723887037583,,,EXPLOIT
1009,50,,,0,0,0,1,common,1.0,0.41076803114383476,0.22627341202568654,0.5638746179886783,0.0,0.5534767121803144,0.5945309498770293,,,EXPLORE
1010,50,,,0,0,0,1,common,1.0,0.26699922024349254,0.19557481086333448,0.4748119986651226,0.0,0.5066916301953842,0.5219009272348053,,,EXPLOIT
1011,50,,,0,0,0,1,common,1.0,0.17354949315827017,0.17746490433419781,0.38443324701306686,0.0,0.5320232527413593,0.5615382247978784,,,EXPLOIT
1012,50,,,0,0,1,0,rare,1.0,0.39061824972534775,0.16644826401339008,0.3862887478267511,0.0,0.5546628473898099,0.5947961316738754,,,EXPLOIT
1013,50,,,0,0,1,0,rare,1.0,0.25390186232147605,0.15959779478260275,0.34657268217516857,0.0,0.5750169149497956,0.623098709551432,,,EXPLOIT
1014,50,,,0,0,0,1,common,1.0,0.11280717055287559,0.15527350392644554,0.27644302868848064,0.0,0.5934140357715793,0.6474755203283369,,,EXPLOIT
1015,50,,,0,0,1,0,rare,0.0,0.8349637894910406,0.15251625774552732,0.4439992569292486,0.0,0.6101226862926877,0.6686893855944168,,,EXPLOIT
1016,50,,,0,0,1,0,rare,1.0,0.4572735368308236,0.3811362749953652,0.44798154089972103,0.0,0.6253643808470345,0.6873175161801445,,,EXPLOIT
1017,50,,,0,0,0,1,common,0.0,0.9266753391406308,0.28176912102476664,0.591589680371994,0.0,0.6393235097746163,0.7038047288170433,,,EXPLOIT
1018,50,,,0,1,0,0,rare,1.0,0.5990530509931042,0.5082356663243442,0.5938286915583271,0.0,0.6085863716914345,0.6658189183661405,,,EXPLORE
1019,50,,,0,0,1,0,rare,1.0,0.29722779894003537,0.6892587487179285,0.5048484237728396,0.0,0.5725205319868379,0.6172198583294337,,,EXPLORE
1020,50,,,0,1,1,0,common,1.0,0.193198069311023,0.6053219173996088,0.4113533174342946,0.0,0.5296111435836391,0.5528410157123437,,,EXPLORE
1021,50,,,0,1,1,0,common,0.0,0.8744212549478351,0.6915006182426032,0.5502736986883567,0.0,0.5525009658993753,0.5874549431486816,,,EXPLOIT
1022,50,,,0,1,1,0,common,1.0,0.4316261842839072,0.5784932648208758,0.5146794443670218,0.0,0.5055123695662102,0.5121327415010155,,,EXPLORE
1023,50,,,0,1,1,1,common,0.0,0.22091763574398288,0.6878545597710377,0.4265509017801101,0.0,0.4481456473101366,0.40449268614277717,,,EXPLORE
1024,50,,,0,0,0,0,common,0.0,0.6106155168544822,0.5665183158082208,0.4817702863024217,0.0,0.48023640561719316,0.46593980244130034,,,EXPLORE
1025,50,,,0,1,1,0,common,1.0,0.28055701978453973,0.6909041867185,0.42140630634705706,0.0,0.5085299748501243,0.5154389896139986,,,EXPLORE
1026,50,,,0,1,1,0,common,0.0,0.8176379371400492,0.6355851634521785,0.5402757955849546,0.0,0.5336614725893506,0.5561643754872986,,,EXPLOIT
1027,50,,,0,1,1,0,common,1.0,0.4685353408589681,0.6899883165904532,0.5187536591671587,0.0,0.48264836645515025,0.46824223372511775,,,EXPLORE
1028,50,,,0,0,0,1,common,1.0,0.39766102955858995,0.63809361354154,0.482425870284588,0.0,0.41981632502451766,0.33851494852073033,,,EXPLORE
1029,50,,,0,0,0,1,common,0.0,0.7415203307869165,0.6918101200725739,0.5601542084352865,0.0,0.45544333378141433,0.4140507559161688,,,EXPLORE
1030,50,,,0,0,1,0,rare,0.0,0.6954520284416708,0.6216045099878958,0.6007435544372017,0.0,0.38574660098710495,0.25348963861922696,,,EXPLORE
1031,50,,,0,0,0,1,common,1.0,0.5180117849885042,0.5055237157520729,0.5759240236025924,0.0,0.29662300630943855,0.09090909090909093,,,EXPLORE
1032,50,,,0,1,0,0,rare,0.0,0.3969000859554135,0.6790083500489181,0.5222168423084387,0.0,0.17864177271260548,0.09090909090909093,,,EXPLORE
1033,50,,,0,0,1,0,rare,0.0,0.45204381848708597,0.6611895384454283,0.5011649351620329,0.0,0.09090909090909093,0.09090909090909093,,,EXPLORE
1034,50,,,0,0,1,1,rare,0.0,0.14359646323358888,0.6871242350339948,0.39389439358349965,0.0,0.09090909090909093,0.09090909090909093,,,EXPLORE
1035,50,,,0,0,0,1,common,1.0,0.33670766024252785,0.6358662180915935,0.3767383735812081,0.0,0.17965545529122232,0.23017705927636645,,,EXPLORE
1036,50,,,0,0,0,1,common,1.0,0.2188599791576431,0.67425528260101,0.32937485525413857,0.0,0.25195053896963665,0.33155527035247095,,,EXPLORE
1037,50,,,0,1,1,0,common,0.0,0.2938284820166059,0.5618659326752975,0.31871094328287874,0.0,0.31197800201026266,0.40865139461585376,,,EXPLORE
1038,50,,,0,0,1,0,rare,1.0,0.8090114866892062,0.4403623680839579,0.465801106304777,0.0,0.3626137856372424,0.46925370836719743,,,EXPLORE
1039,50,,,0,1,1,0,common,1.0,0.525857466347984,0.3414508716292709,0.4838180143177391,0.0,0.4059000327452924,0.5181414926281387,,,EXPLORE
1040,50,,,0,0,0,1,common,1.0,0.14225898645246804,0.5670059552480566,0.3813503059581577,0.0,0.4433268371345312,0.5584101936095955,,,EXPLORE
1041,50,,,0,0,1,0,rare,1.0,0.3418073531261896,0.5028780056322684,0.3694874201085673,0.0,0.4760069778008542,0.5921529537657815,,,EXPLOIT
1042,50,,,0,0,0,1,common,1.0,0.09246834119410419,0.45945741687312314,0.28638169643422834,0.0,0.5047882362938754,0.6208359130085537,,,EXPLOIT
1043,50,,,0,0,0,1,common,0.0,0.9398955782238323,0.43123829885430875,0.48243586097110946,0.0,0.5303278475182935,0.6455166258956538,,,EXPLOIT
1044,50,,,0,1,1,0,common,1.0,0.22217477953202325,0.6755718703609024,0.40435753653938356,0.0,0.5531431856165939,0.6669771225069359,,,EXPLORE
1045,50,,,0,1,1,0,common,0.0,0.8555863933041848,0.6822035718759718,0.5397261935688239,0.0,0.5736470880232013,0.6858081495669813,,,EXPLOIT
1046,50,,,0,0,0,1,common,1.0,0.38906787415450905,0.64105173754581,0.49452869774452946,0.0,0.5309612538654144,0.6429771347801725,,,EXPLORE
1047,50,,,0,1,1,0,common,0.0,0.5561311556477202,0.5396400136036807,0.5130094351154866,0.0,0.5537108593230049,0.6647593307830342,,,EXPLORE
1048,50,,,0,0,0,1,common,1.0,0.25289411820043095,0.4015192118592046,0.43497484004096987,0.0,0.5069745422499893,0.6158429923974333,,,EXPLORE
1049,50,,,0,0,0,0,common,0.0,0.2579850558710188,0.3276450125963982,0.3818779047899845,0.0,0.5322753182255141,0.641200424598625,,,EXPLOIT
1050,50,,,0,0,0,1,common,0.0,0.8356188231697199,0.5794610751135083,0.5180001803039052,0.0,0.5548888385363587,0.6632090120490366,,,EXPLOIT
1051,50,,,0,1,0,1,rare,1.0,0.45684776493968204,0.6852013115733575,0.4996544556946382,0.0,0.5083974328309552,0.6138263428480184,,,EXPLORE
1052,50,,,0,1,1,0,common,1.0,0.6385147488289818,0.6289564368365331,0.5413125436349413,0.0,0.533543334430007,0.6394594990380542,,,EXPLORE
1053,50,,,0,0,1,1,rare,1.0,0.9066622988981672,0.5002160948894366,0.650917470213909,0.0,0.48250441857788673,0.5826163661442063,,,EXPLORE
1054,50,,,0,0,0,1,common,1.0,0.29695104721079335,0.6649709359893525,0.5447275433129743,0.0,0.4196370940195029,0.5054202452530034,,,EXPLORE
1055,50,,,0,0,0,1,common,1.0,0.1930181806870157,0.6917194639692092,0.4392147345251867,0.0,0.3402950738298699,0.39456295863841073,,,EXPLORE
1056,50,,,0,0,0,1,common,1.0,0.12546181744656026,0.6640668341423799,0.3450888594015988,0.0,0.3867554843064175,0.4580481610187833,,,EXPLORE
1057,50,,,0,0,1,1,rare,1.0,0.5893304942838087,0.6294043551784856,0.4183613498662617,0.0,0.4267252260137836,0.5090170456311109,,,EXPLORE
1058,50,,,0,1,0,1,rare,1.0,0.08155018134026415,0.6013294006879375,0.31731799930846244,0.0,0.4614740039786965,0.5508370043409145,,,EXPLORE
1059,50,,,0,0,0,1,common,1.0,0.0530076178711717,0.6651752292671904,0.23802488487727522,0.0,0.49196062366594034,0.5857668918486705,,,EXPLOIT
1060,50,,,0,0,1,1,rare,1.0,0.3830648212844757,0.652146090856101,0.2815368657994354,0.0,0.5189226603765054,0.615378498443906,,,EXPLOIT
1061,50,,,0,0,1,1,rare,0.0,0.7510078661650907,0.6425308842967278,0.42237816590913196,0.0,0.5429367863710265,0.6407993159592049,,,EXPLOIT
1062,50,,,0,1,0,1,rare,1.0,0.03445495161626155,0.6350779682575891,0.3060012016212708,0.0,0.5644603782470468,0.6628591635965533,,,EXPLORE
1063,50,,,0,0,1,0,rare,0.0,0.5849654132611618,0.5870016394302233,0.38969046511323807,0.0,0.5838608482662613,0.6821823423161325,,,EXPLOIT
1064,50,,,0,1,1,1,common,0.0,0.488155113007309,0.3959729173586405,0.41922985948145935,0.0,0.6014367272301113,0.6992475500458828,,,EXPLOIT
1065,50,,,0,0,1,1,rare,1.0,0.6826991765452491,0.6453149392488648,0.4982706546005963,0.0,0.6174330839447012,0.7144279910364117,,,EXPLOIT
1066,50,,,0,0,1,1,rare,1.0,0.44375446475441194,0.688501834599661,0.4819157976467409,0.0,0.6320529801129222,0.7280189188130195,,,EXPLOIT
1067,50,,,0,0,1,1,rare,0.0,0.7115595979096322,0.6305723543079069,0.5508089377256082,0.0,0.6454661010280408,0.7402569780605754,,,EXPLOIT
1068,50,,,0,0,0,1,common,1.0,0.022395718550569987,0.6805447710921413,0.39228497197309675,0.0,0.6157391261848375,0.7111045183434709,,,EXPLORE
1069,50,,,0,0,1,1,rare,0.0,0.46251373864126094,0.6737662281174713,0.413353601973546,0.0,0.6305020166841255,0.7250363886663287,,,EXPLOIT
1070,50,,,0,1,1,0,common,0.0,0.3802275186197552,0.6584613976592097,0.4034157769674087,0.0,0.6440408303792152,0.7375656246648304,,,EXPLOIT
1071,50,,,0,1,1,1,common,1.0,0.6993660698831804,0.6848657498516637,0.4922008648421402,0.0,0.6565011455443625,0.7488933516268454,,,EXPLOIT
1072,50,,,0,1,1,1,common,0.0,0.5454120545759327,0.6466028897847846,0.5081642217622779,0.0,0.6680063365117952,0.7591839964901039,,,EXPLOIT
1073,50,,,0,1,1,1,common,0.0,0.3545178354743562,0.6881356273067383,0.46207030587590137,0.0,0.641831838479894,0.7341148558126864,,,EXPLOIT
1074,50,,,0,1,0,1,rare,1.0,0.014557217057870497,0.6295225502688182,0.32781637923049206,0.0,0.6544652326148719,0.745767811947418,,,EXPLOIT
1075,50,,,0,0,0,0,common,1.0,0.8323097136838378,0.6809991852370685,0.4791643795664957,0.0,0.66612402144542,0.7563399205329808,,,EXPLOIT
1076,50,,,0,0,1,1,rare,0.0,0.23043659305833156,0.6652291185361083,0.40454604361404645,0.0,0.6769162706692117,0.7659744295385175,,,EXPLOIT
1077,50,,,0,0,1,0,rare,0.0,0.24714788710284089,0.6730384753004663,0.3573265966606848,0.0,0.6869346392185208,0.7747903447741675,,,EXPLOIT
1078,50,,,0,0,0,1,common,1.0,0.009462191087615812,0.5860861854448255,0.2529672749887641,0.0,0.6962590304316999,0.782887349937354,,,EXPLOIT
1079,50,,,0,0,0,1,common,0.0,0.9938495757930497,0.6928811620193314,0.47523196523004974,0.0,0.7049587139874707,0.7903495751473948,,,EXPLOIT
1080,50,,,0,1,1,1,common,1.0,0.8502162145120845,0.6374914995081078,0.5877272400146601,0.0,0.7130940378897066,0.7972485165870399,,,EXPLOIT
1081,50,,,0,1,1,0,common,0.0,0.16064612661684657,0.504010639678949,0.45960290599531606,0.0,0.6933087299471643,0.7793870239745259,,,EXPLOIT
1082,50,,,0,1,0,1,rare,1.0,0.35399777573451763,0.6721621696863653,0.4279213669170765,0.0,0.7022038604644377,0.7871206590043612,,,EXPLOIT
1083,50,,,0,1,1,1,common,0.0,0.44735946056714504,0.5425933707430965,0.43375279501209707,0.0,0.7105159599109844,0.7942607693826497,,,EXPLOIT
1084,50,,,0,1,0,1,rare,1.0,0.23009855422743652,0.6821024791365147,0.3726565227766989,0.0,0.7183001507766833,0.8008728343944027,,,EXPLOIT
1085,50,,,0,1,1,1,common,0.0,0.2907836493686443,0.5583479934579778,0.3480946607542825,0.0,0.7256048194984049,0.8070130434178233,,,EXPLOIT
1086,50,,,0,1,0,0,rare,1.0,0.5410013138944946,0.6853808774379455,0.40596665669634613,0.0,0.7324726149131401,0.8127298870124443,,,EXPLOIT
1087,50,,,0,1,1,1,common,1.0,0.8109906279103811,0.5648739473143334,0.5274738480605565,0.0,0.7389412742291768,0.8180654318296379,,,EXPLOIT
1088,50,,,0,1,0,1,rare,1.0,0.14956406024783375,0.4460409986367361,0.4141009117167397,0.0,0.7223957388262296,0.8035948717813336,,,EXPLOIT
1089,50,,,0,1,1,1,common,1.0,0.5271439081417478,0.3689349449669183,0.4480138106442421,0.0,0.7294538954709002,0.8095456331252135,,,EXPLOIT
1090,50,,,0,1,1,0,common,1.0,0.8955800176990497,0.32207392317805494,0.5822836727606844,0.0,0.7360966061066477,0.8150920249515005,,,EXPLOIT
1091,50,,,0,1,1,1,common,1.0,0.34264354029213606,0.2935126416016721,0.5103916330201198,0.0,0.7192093974114304,0.800160455585014,,,EXPLOIT
1092,50,,,0,1,1,1,common,0.0,0.7772816988101116,0.2758367608030661,0.5904586527571173,0.0,0.7002181531102055,0.7827963626335428,,,EXPLOIT
1093,50,,,0,1,1,1,common,0.0,0.5052331042265725,0.5575424694638236,0.5648909881979538,0.0,0.6787046843611594,0.762353727752511,,,EXPLOIT
1094,50,,,0,0,0,1,common,0.0,0.9027833608389081,0.6852248858114408,0.66625869999024,0.0,0.6541321166877919,0.737935560345593,,,EXPLOIT
1095,50,,,0,0,0,0,common,0.0,0.6483491459685785,0.6308591888714208,0.6608858337837415,0.0,0.6257995693104449,0.7082589117804494,,,EXPLORE
1096,50,,,0,1,1,1,common,0.0,0.32840151774727216,0.5744952991959593,0.5611405389728007,0.0,0.5927743502427423,0.6714222653825743,,,EXPLORE
1097,50,,,0,1,1,0,common,0.0,0.41787298849561766,0.6658379900040035,0.5181602738296458,0.0,0.5537874802183212,0.6244816417942406,,,EXPLOIT
1098,50,,,0,0,1,1,rare,0.0,0.21346098653572693,0.6917237276025152,0.4267504876414701,0.0,0.5070671146415144,0.5626227545441309,,,EXPLORE
1099,50,,,0,1,1,0,common,1.0,0.7283825574778485,0.681423334579454,0.5172401085923837,0.0,0.5323578010497247,0.5957133057498067,,,EXPLOIT
1100,50,,,0,1,1,0,common,1.0,0.47344866236060157,0.4818904376506205,0.504102674722849,0.0,0.48105948391640097,0.5235275690343979,,,EXPLORE
1101,50,,,0,1,1,1,common,0.0,0.1387496412482225,0.31975634221623095,0.394496764680461,0.0,0.41783738148933897,0.4212191731110957,,,EXPLORE
1102,50,,,0,1,1,1,common,0.0,0.09018726681134463,0.5161458922728304,0.30320391531972607,0.0,0.45371781817527557,0.479300108127901,,,EXPLOIT
1103,50,,,0,1,1,0,common,1.0,0.30774163053439096,0.6316987488627586,0.30456522988412554,0.0,0.485133278063033,0.5263552794276211,,,EXPLOIT
1104,50,,,0,1,1,0,common,1.0,0.20003205984735417,0.42158195351073147,0.2732052788730941,0.0,0.5128670589200109,0.5652503288806425,,,EXPLOIT
1105,50,,,0,1,1,1,common,0.0,0.05862172342737401,0.286455375832808,0.20883021223937806,0.0,0.5375293612469398,0.5979370165122815,,,EXPLOIT
1106,50,,,0,1,0,0,rare,0.0,0.42142694487957605,0.4908737934340387,0.27260923203143744,0.0,0.5596025999445342,0.6257906275057045,,,EXPLOIT
1107,50,,,0,1,1,0,common,1.0,0.1300208389007802,0.6194427257824983,0.22983271409224026,0.0,0.5794731906069455,0.649808172663955,,,EXPLOIT
1108,50,,,0,1,0,1,rare,1.0,0.4131908154547097,0.4109530398091581,0.28484014450098105,0.0,0.5974542973754464,0.6707300769986934,,,EXPLOIT
1109,50,,,0,1,1,0,common,1.0,0.08451354528550714,0.2807535276746317,0.22474216473633887,0.0,0.6138024051108102,0.6891177322006596,,,EXPLOIT
1110,50,,,0,1,1,0,common,1.0,0.0549338044355796,0.21214308518300293,0.17379965664611108,0.0,0.6287295872430724,0.7054045244451346,,,EXPLOIT
1111,50,,,0,1,1,0,common,1.0,0.03570697288312674,0.17498119446382754,0.13237185151721578,0.0,0.6424127194785165,0.7199303507686194,,,EXPLOIT
1112,50,,,0,1,1,0,common,0.0,0.9767904676259677,0.15382400669532098,0.3856974363498413,0.0,0.655000491091761,0.7329655382390087,,,EXPLOIT
1113,50,,,0,1,1,0,common,1.0,0.365086196043121,0.36262789324026107,0.3795140642578252,0.0,0.666618804472206,0.7447277769521923,,,EXPLOIT
1114,50,,,0,0,0,1,common,1.0,0.26857403004556135,0.25517959258435974,0.346232053994146,0.0,0.677374979231547,0.7553943369124688,,,EXPLOIT
1115,50,,,0,0,1,0,rare,0.0,0.7626939725719714,0.5175857635025798,0.47117062956749356,0.0,0.6873610586606946,0.7651110332522786,,,EXPLOIT
1116,50,,,0,1,0,1,rare,0.0,0.8254268804703851,0.39016231600448814,0.5774475048383609,0.0,0.6966564344603122,0.7739989066133939,,,EXPLOIT
1117,50,,,0,1,1,0,common,1.0,0.5042489178282186,0.6103020785552289,0.5554879287353183,0.0,0.6746513910233803,0.7518924269033592,,,EXPLOIT
1118,50,,,0,1,1,0,common,1.0,0.32776179658834215,0.4573648082316836,0.4871700890912254,0.0,0.6494782375083527,0.725290172628406,,,EXPLOIT
1119,50,,,0,1,1,0,common,1.0,0.21304516778242244,0.35436924397921266,0.4049326126985845,0.0,0.661517331232482,0.7377945070946539,,,EXPLOIT
1120,50,,,0,1,0,1,rare,1.0,0.4634725276942496,0.29375642363314153,0.42249458719728405,0.0,0.6726481919228093,0.749100815558697,,,EXPLOIT
1121,50,,,0,1,1,0,common,1.0,0.13847935905857456,0.2580784676917676,0.3372900187556712,0.0,0.6829693575220633,0.7593729044299286,,,EXPLOIT
1122,50,,,0,1,1,0,common,1.0,0.09001158338807347,0.23658220176374134,0.2631064881453919,0.0,0.6925656095206233,0.7687460191107206,,,EXPLOIT
1123,50,,,0,1,1,0,common,1.0,0.05850752920224778,0.22333653902494668,0.20172680046244865,0.0,0.7015102926099794,0.7773328088175162,,,EXPLOIT
1124,50,,,0,1,0,1,rare,1.0,0.3012571430012623,0.2150337486580459,0.23158590322409273,0.0,0.7098671802730986,0.7852278564704537,,,EXPLOIT
1125,50,,,0,1,1,0,common,1.0,0.03802989398146106,0.2097660375531475,0.17351910045130323,0.0,0.7176919867301914,0.7925111608547544,,,EXPLOIT
1126,50,,,0,1,0,0,rare,0.0,0.27392751417172445,0.20639633870251023,0.20364162456742957,0.0,0.7250336010550162,0.7992508432798746,,,EXPLOIT
1127,50,,,0,1,0,1,rare,1.0,0.19581714295082042,0.4741466092953165,0.20129428008244682,0.0,0.7319351012534954,0.8055052730199045,,,EXPLOIT
1128,50,,,0,1,0,1,rare,1.0,0.12728114291803327,0.3645251251678131,0.17909033893312273,0.0,0.7384345927541988,0.8113247521143853,,,EXPLOIT
1129,50,,,0,1,1,0,common,1.0,0.024719431087949717,0.2996861282127183,0.1327790665795708,0.0,0.7445659057861366,0.816752862547333,,,EXPLOIT
1130,50,,,0,1,1,0,common,1.0,0.016067630207167283,0.2616054162228828,0.09776563566784974,0.0,0.7503591785943722,0.8218275521864975,,,EXPLOIT
1131,50,,,0,1,0,1,rare,0.0,0.9172672571032784,0.23873179729991106,0.34361612209847836,0.0,0.7558413477177244,0.8265820167342415,,,EXPLOIT
1132,50,,,0,1,0,1,rare,0.0,0.596223717117131,0.5048147156602959,0.41939840060407413,0.0,0.7610365621599338,0.8310454210375262,,,EXPLOIT
1133,50,,,0,1,0,1,rare,0.0,0.38754541612613513,0.6611377217673269,0.4098425052606924,0.0,0.7659665348898373,0.8352434928874125,,,EXPLOIT
1134,50,,,0,1,0,0,rare,0.0,0.1780528842116209,0.6929528187366972,0.34030561894597094,0.0,0.7706508424620885,0.8391990148530879,,,EXPLOIT
1135,50,,,0,1,1,0,common,1.0,0.010443959634658717,0.6735969267054094,0.24134712115257728,0.0,0.7751071814772484,0.8429322340094642,,,EXPLOIT
1136,50,,,0,1,1,0,common,0.0,0.9932114262374718,0.6247510364073251,0.4669064126780456,0.0,0.7793515889647332,0.8464612051167223,,,EXPLOIT
1137,50,,,0,1,1,0,common,0.0,0.6455874270543567,0.6912127927381209,0.5205107169909389,0.0,0.7833986324739228,0.8498020795296473,,,EXPLOIT
1138,50,,,0,1,0,1,rare,0.0,0.25190452048198786,0.682541723618485,0.43992885803825355,0.0,0.7717211993940559,0.8397770459080479,,,EXPLOIT
1139,50,,,0,1,0,0,rare,0.0,0.1157343747375536,0.6548964166024999,0.3426705130480435,0.0,0.7761261950236148,0.8434782867437498,,,EXPLOIT
1140,50,,,0,1,1,0,common,1.0,0.5803681724146681,0.6290396692469693,0.41397981085803087,0.0,0.7803228188455692,0.8469778362655238,,,EXPLOIT
1141,50,,,0,1,0,0,rare,0.0,0.07522734357940984,0.6573624537075742,0.31235407067444454,0.0,0.7843253168513441,0.8502915803919586,,,EXPLOIT
1142,50,,,0,1,1,0,common,0.0,0.6227606879304657,0.6930992994883294,0.40547605585125085,0.0,0.7881466656074023,0.8534337796048952,,,EXPLOIT
1143,50,,,0,1,1,0,common,0.0,0.40479444715480273,0.6748175918118999,0.40527157324231644,0.0,0.7917987105738113,0.8564172716609068,,,EXPLOIT
1144,50,,,0,1,1,0,common,0.0,0.26311639065062176,0.6466039837616389,0.362625018464808,0.0,0.7952922867228132,0.8592536447043482,,,EXPLOIT
1145,50,,,0,1,0,1,rare,0.0,0.16373793831329211,0.6225093078014661,0.30295889441935325,0.0,0.7986373240447041,0.8619533857042277,,,EXPLOIT
1146,50,,,0,1,1,1,common,0.0,0.03810412022779311,0.6048280139668623,0.22350246216188518,0.0,0.8018429401049408,0.8645260082233405,,,EXPLOIT
1147,50,,,0,1,0,1,rare,1.0,0.8935703400963602,0.5926048246294382,0.42452282554222764,0.0,0.8049175214693816,0.8669801628008278,,,EXPLOIT
1148,50,,,0,1,1,0,common,0.0,0.17102565392290414,0.6724563694220658,0.3484736740564306,0.0,0.8078687955289384,0.8693237326472034,,,EXPLOIT
1149,50,,,0,1,1,0,common,1.0,0.8888333249501124,0.6917303971351331,0.5105815693245351,0.0,0.8107038940188264,0.8715639168824235,,,EXPLOIT
1150,50,,,0,1,1,0,common,1.0,0.577741661217573,0.5905616757955673,0.5307295968924465,0.0,0.8015834261708165,0.8640956135415097,,,EXPLOIT
1151,50,,,0,0,0,0,common,0.0,0.0488977733266164,0.44189279672432147,0.38618004982269744,0.0,0.7916450734801216,0.8557941843713582,,,EXPLOIT
1152,50,,,0,1,1,0,common,0.0,0.6244679202085776,0.36072060369916314,0.45766641093846144,0.0,0.7951452505014093,0.8586609946918042,,,EXPLOIT
1153,50,,,0,1,1,1,common,0.0,0.02476767814806552,0.5679152277385406,0.32779679110134263,0.0,0.7984964792190462,0.8613890238048981,,,EXPLOIT
1154,50,,,0,1,1,0,common,1.0,0.5940958518644246,0.6680925638497641,0.4076865093302672,0.0,0.8017079103692085,0.8639879829112277,,,EXPLOIT
1155,50,,,0,1,1,0,common,1.0,0.386162303711876,0.4858284058245528,0.40122924764474976,0.0,0.8047879603962069,0.8664666979798461,,,EXPLOIT
1156,50,,,0,1,1,1,common,0.0,0.016098990796242586,0.344479680031058,0.2856901705901976,0.0,0.8077443836616142,0.8688332083718784,,,EXPLOIT
1157,50,,,0,1,1,0,common,1.0,0.2510054974127194,0.5573905428886551,0.2752847686369541,0.0,0.8105843362966074,0.871094852566319,,,EXPLOIT
1158,50,,,0,1,0,1,rare,1.0,0.580820721062634,0.38946302687424683,0.36694555436465803,0.0,0.8133144328044959,0.8732583429139189,,,EXPLOIT
1159,50,,,0,1,0,0,rare,1.0,0.9682164473376993,0.2895023631962823,0.5473268222565704,0.0,0.8159407963559351,0.8753298310232673,,,EXPLOIT
1160,50,,,0,1,0,0,rare,0.0,0.3706593092304954,0.23407834814550607,0.49432656834874783,0.0,0.8072736518224706,0.8682642417038343,,,EXPLOIT
1161,50,,,0,1,1,0,common,1.0,0.16315357331826763,0.4714478774279832,0.3949746698396038,0.0,0.8101320053576643,0.8705508965874589,,,EXPLOIT
1162,50,,,0,1,1,0,common,0.0,0.893950177343126,0.33600265055165823,0.5446673220906604,0.0,0.8128794660874875,0.8727378097347191,,,EXPLOIT
1163,50,,,0,1,1,1,common,1.0,0.9895356559824423,0.5517103351032683,0.678127822258195,0.0,0.8039487634301699,0.8653962853476186,,,EXPLOIT
1164,50,,,0,1,1,0,common,0.0,0.5810676152730319,0.3856605636614464,0.649009760162646,0.0,0.7942259962959076,0.8572432624649103,,,EXPLOIT
1165,50,,,0,1,0,1,rare,1.0,0.37753346869071214,0.5832113064755166,0.5675668727210658,0.0,0.7836014642499802,0.8481368076812412,,,EXPLOIT
1166,50,,,0,1,0,1,rare,1.0,0.24539675464896293,0.40749730563426534,0.47091583729943487,0.0,0.7719442289013254,0.8378998393176028,,,EXPLOIT
1167,50,,,0,1,1,0,common,0.0,0.37769394992747074,0.2995491820574544,0.44294927108784565,0.0,0.7763385611598881,0.8417054050169724,,,EXPLOIT
1168,50,,,0,1,1,1,common,0.0,0.3568018236114125,0.5257070946295419,0.4171050368449157,0.0,0.7805252584866269,0.8453009005927313,,,EXPLOIT
1169,50,,,0,1,1,1,common,1.0,0.7680788146525819,0.652357362661915,0.5223971701872155,0.0,0.7845185005236662,0.848703085690852,,,EXPLOIT
1170,50,,,0,0,1,1,rare,0.0,0.5007487704758218,0.4669486849419486,0.5159026502737973,0.0,0.7729523564163552,0.8385384480659986,,,EXPLOIT
1171,50,,,0,1,1,0,common,0.0,0.245501067452856,0.4128836752202478,0.43478217542751496,0.0,0.7602101510991874,0.8270342276288061,,,EXPLOIT
1172,50,,,0,1,1,1,common,0.0,0.32548670080928416,0.5824914966600199,0.4019935330420457,0.0,0.7651818800940136,0.8314704006230026,,,EXPLOIT
1173,50,,,0,1,0,1,rare,1.0,0.1595078905218259,0.6638819002026168,0.32924784028597975,0.0,0.7699048940575948,0.835643609220756,,,EXPLOIT
1174,50,,,0,1,1,0,common,1.0,0.8404243061556436,0.4613279883654265,0.4826007800468789,0.0,0.7743971794877398,0.8395763691932592,,,EXPLOIT
1175,50,,,0,0,1,0,rare,1.0,0.5462757990011684,0.3133991505873428,0.5017032857331657,0.0,0.7786750296668127,0.8432886973600306,,,EXPLOIT
1176,50,,,0,0,0,0,common,0.0,0.24092855099982202,0.57927138147767,0.4234708653131625,0.0,0.7665220975753225,0.8324214001227895,,,EXPLOIT
1177,50,,,0,0,0,1,common,1.0,0.10368012883918687,0.4509942581899784,0.32753364437096977,0.0,0.7711790898706568,0.836539223256669,,,EXPLOIT
1178,50,,,0,0,0,1,common,1.0,0.06739208374547145,0.651088206265195,0.24949117618332026,0.0,0.7756100549094846,0.8404212575232655,,,EXPLOIT
1179,50,,,0,0,1,0,rare,1.0,0.3550792693507595,0.6925883072732331,0.281167604133552,0.0,0.779830850060609,0.8440870113561771,,,EXPLOIT
1180,50,,,0,0,1,0,rare,1.0,0.23080152507799367,0.6633590508146243,0.2660577804168845,0.0,0.7838558835263648,0.8475538990597598,,,EXPLOIT
1181,50,,,0,0,0,1,common,1.0,0.043804854434556395,0.6234673416478951,0.19938190262218605,0.0,0.7876982761955998,0.8508375144629907,,,EXPLOIT
1182,50,,,0,0,0,1,common,1.0,0.028473155382461646,0.5908528671002018,0.14810927845026872,0.0,0.7913700022783533,0.8539518627540589,,,EXPLOIT
1183,50,,,0,0,0,1,common,0.0,0.9814924490014,0.5675419758492057,0.39812422961560806,0.0,0.7948820118980824,0.8569095577663658,,,EXPLOIT
1184,50,,,0,0,0,1,common,1.0,0.36202990814909,0.6853788773285501,0.38729593317565264,0.0,0.7982443382854153,0.8597219905769744,,,EXPLOIT
1185,50,,,0,0,0,1,common,0.0,0.7646805597030915,0.6827810489173931,0.5005113211338843,0.0,0.8014661917836741,0.862399474169081,,,EXPLOIT
1186,50,,,0,0,1,0,rare,1.0,0.1500209913006959,0.6258968875331926,0.39536422218392775,0.0,0.7915170905568886,0.8539024115361004,,,EXPLOIT
1187,50,,,0,0,0,0,common,0.0,0.1566035581498843,0.6929304755694533,0.3237360229737147,0.0,0.7950227706521339,0.8568625643546522,,,EXPLOIT
1188,50,,,0,1,1,0,common,1.0,0.09751364434545229,0.5871015575586632,0.25586930938523594,0.0,0.7983791607900408,0.8596772783906852,,,EXPLOIT
1189,50,,,0,1,1,0,common,0.0,0.9366161311754561,0.4913384487363025,0.46009335592230194,0.0,0.8015954394054161,0.8623568831434212,,,EXPLOIT
1190,50,,,0,0,0,1,common,0.0,0.49704236380700945,0.6804336785345858,0.4711780582877142,0.0,0.8046800478899038,0.864910752730797,,,EXPLOIT
1191,50,,,0,1,0,1,rare,1.0,0.6769224635254438,0.5961481215820584,0.5329013798590331,0.0,0.8076407631226565,0.8673474138516433,,,EXPLOIT
1192,50,,,0,1,0,0,rare,0.0,0.1017923127974248,0.4507421744777981,0.40356865974055056,0.0,0.7982496357183823,0.8594143922171427,,,EXPLOIT
1193,50,,,0,1,1,0,common,1.0,0.3911995147359535,0.6428078188334334,0.39985791623917144,0.0,0.8014712700847301,0.8621064842412299,,,EXPLOIT
1194,50,,,0,1,1,0,common,0.0,0.7457203154216302,0.49089931072704596,0.503616635993909,0.0,0.8045609147700756,0.8646719838249964,,,EXPLOIT
1195,50,,,0,1,1,1,common,1.0,0.7884336444739652,0.6586635135061953,0.5890617385379259,0.0,0.7948935448021597,0.8564364910330606,,,EXPLOIT
1196,50,,,0,1,1,1,common,0.0,0.4875181310919225,0.5077356652682627,0.5585986563041248,0.0,0.7843322460449091,0.84723268367429,,,EXPLOIT
1197,50,,,0,1,1,1,common,0.0,0.31688678520974967,0.6645582422811698,0.4860850949758122,0.0,0.7727476308253999,0.8368796711809509,,,EXPLOIT
1198,50,,,0,1,1,0,common,1.0,0.5152817949759403,0.6923697012366082,0.49484410497585063,0.0,0.7771036513689696,0.8407425045808891,,,EXPLOIT
1199,50,,,0,1,1,0,common,0.0,0.6650668332656388,0.5910533577958599,0.545910923462787,0.0,0.7812546775200861,0.84439062235149,,,EXPLOIT
1200,50,,,0,1,0,1,rare,1.0,0.4399996012915385,0.6867999252359958,0.5141375268114124,0.0,0.7693626438159086,0.8336683374538087,,,EXPLOIT
1201,50,,,0,1,0,1,rare,1.0,0.2859997408395001,0.5510901575039978,0.4456961910198387,0.0,0.7562433958130415,0.8214911640847149,,,EXPLOIT
1202,50,,,0,1,1,0,common,1.0,0.5677065583773349,0.41822496500358664,0.48229930122708753,0.0,0.7614178510027643,0.8262665503189477,,,EXPLOIT
1203,50,,,0,1,1,0,common,1.0,0.3690092629452676,0.3352246019192681,0.4483122897425415,0.0,0.7663286139302653,0.8307489979914552,,,EXPLOIT
1204,50,,,0,1,1,0,common,0.0,0.7601439790855761,0.2862970885141304,0.5418617965454519,0.0,0.7709951107237141,0.8349644531733509,,,EXPLOIT
1205,50,,,0,1,1,0,common,0.0,0.49409358640562445,0.5482226506388841,0.5275313335035036,0.0,0.7580480363864536,0.8229683568289139,,,EXPLOIT
1206,50,,,0,1,1,1,common,0.0,0.2059764103863373,0.6768777468989261,0.43106485656835364,0.0,0.7437028617913237,0.8092411445004348,,,EXPLOIT
1207,50,,,0,1,1,0,common,1.0,0.6788391688363441,0.6900414239089614,0.5053971502487508,0.0,0.7495431713992904,0.8148079004267548,,,EXPLOIT
1208,50,,,0,1,1,0,common,1.0,0.4412454597436237,0.6007298254859241,0.4861516430972126,0.0,0.7342388371482887,0.7998318747935741,,,EXPLOIT
1209,50,,,0,1,1,0,common,1.0,0.2868095488333554,0.45430579633726287,0.42634901481805537,0.0,0.7406066713083512,0.806045273852744,,,EXPLOIT
1210,50,,,0,1,0,1,rare,1.0,0.18589983154567502,0.3567834576705057,0.35421425983634125,0.0,0.7466171983771249,0.8118278953031325,,,EXPLOIT
1211,50,,,0,1,1,0,common,1.0,0.18642620674168098,0.29901292825207343,0.30387784390794315,0.0,0.7522993919213637,0.8172227738617004,,,EXPLOIT
1212,50,,,0,1,1,0,common,1.0,0.1211770343820926,0.2647521721053122,0.249067601050188,0.0,0.7576791756972248,0.822267396987887,,,EXPLOIT
1213,50,,,0,1,1,0,common,1.0,0.07876507234836017,0.24398972814146574,0.19797684243963964,0.0,0.7627798146548064,0.8269945708018934,,,EXPLOIT
1214,50,,,0,1,0,1,rare,1.0,0.12083489050468876,0.23114402497122785,0.17483425685915435,0.0,0.7676222472915105,0.8314331287113408,,,EXPLOIT
1215,50,,,0,1,1,0,common,0.0,0.9488027029735658,0.22306972424534516,0.40702479069347774,0.0,0.7722253693679272,0.8356085151003118,,,EXPLOIT
1216,50,,,0,0,0,1,common,1.0,0.07854267882804766,0.4949984682543742,0.3084801571338487,0.0,0.7766062770925524,0.8395432690461406,,,EXPLOIT
1217,50,,,0,1,1,0,common,1.0,0.38327824306718217,0.6730635938986433,0.3309195829138487,0.0,0.7807804763734875,0.8432574274862428,,,EXPLOIT
1218,50,,,0,1,0,1,rare,1.0,0.051052741238231,0.5981546186863149,0.2469595304111634,0.0,0.7847620635355939,0.8467688630613797,,,EXPLOIT
1219,50,,,0,1,1,0,common,0.0,0.7508691420063316,0.5303716136010841,0.3981324138897138,0.0,0.7885638819418469,0.8500935686588201,,,EXPLOIT
1220,50,,,0,1,1,0,common,1.0,0.5119350576958844,0.6926030127373349,0.43227320703156497,0.0,0.7921976581856638,0.8532458982144683,,,EXPLOIT
1221,50,,,0,1,1,1,common,1.0,0.8661153332488807,0.6359814980584853,0.5624258448967596,0.0,0.7956741208968502,0.8562387714226989,,,EXPLOIT
1222,50,,,0,1,1,0,common,1.0,0.3327577875023249,0.5607099462389799,0.49352542767842916,0.0,0.7851865147427834,0.8470110224683236,,,EXPLOIT
1223,50,,,0,0,0,1,common,0.0,0.9668157181951499,0.5033668606790485,0.6355125148334453,0.0,0.7889693972212445,0.8503230274116687,,,EXPLOIT
1224,50,,,0,1,1,0,common,0.0,0.7837074381234889,0.3407118651545449,0.6799709918204583,0.0,0.7778401169230685,0.8403638142016385,,,EXPLOIT
1225,50,,,0,1,1,0,common,1.0,0.4905901652197322,0.6027018254458671,0.6231567438402403,0.0,0.7656021147840273,0.8291066112486791,,,EXPLOIT
1226,50,,,0,1,0,1,rare,0.0,0.6284302168268474,0.47617833228339024,0.6247387857362224,0.0,0.7520817444131189,0.8162806714402382,,,EXPLOIT
1227,50,,,0,0,0,1,common,1.0,0.5915203590625492,0.6643996953519611,0.6147732577341205,0.0,0.7370671009452616,0.8015343212154322,,,EXPLOIT
1228,50,,,0,0,0,1,common,0.0,0.615511766609343,0.6707350063765218,0.6149948103966872,0.0,0.7202968702389259,0.7844022824659088,,,EXPLOIT
1229,50,,,0,1,1,1,common,0.0,0.43702503338822746,0.675688352686133,0.5616038772941493,0.0,0.7014450366511029,0.7642557687944417,,,EXPLOIT
1230,50,,,0,1,0,1,rare,1.0,0.599917351703927,0.6835534168136815,0.5730979196170826,0.0,0.6800995364963042,0.7402237422586899,,,EXPLOIT
1231,50,,,0,1,1,0,common,0.0,0.681116392607174,0.6361355869836942,0.6055034615141099,0.0,0.6557318631862767,0.7110638140054449,,,EXPLOIT
1232,50,,,0,1,1,0,common,1.0,0.5572743448053369,0.6925119174703069,0.5910347265014779,0.0,0.6276528092969232,0.6749407371009679,,,EXPLOIT
1233,50,,,0,0,1,0,rare,1.0,0.36222832412346895,0.6138869898745798,0.5223928057880752,0.0,0.5949463619131738,0.6290248699907359,,,EXPLORE
1234,50,,,0,1,1,0,common,1.0,0.2354484106802548,0.6928786832771786,0.43630948725572904,0.0,0.5563680420075268,0.5687131594787429,,,EXPLORE
1235,50,,,0,1,0,1,rare,1.0,0.3899462786075526,0.6580309103428179,0.4224005246612761,0.0,0.5765545967119147,0.6008710716348888,,,EXPLOIT
1236,50,,,0,1,1,0,common,0.0,0.8469585330578344,0.5974788989265135,0.5497679271802436,0.0,0.5948076616349348,0.6283082680714354,,,EXPLOIT
1237,50,,,0,0,0,1,common,0.0,0.7465349189050908,0.6864692907384028,0.6087980246976977,0.0,0.5562033222723027,0.5677540180783517,,,EXPLORE
1238,50,,,0,0,0,0,common,0.0,0.06616500331832612,0.6503226576154787,0.4460081182838862,0.0,0.5099843780965366,0.4846323893514829,,,EXPLORE
1239,50,,,0,1,1,0,common,1.0,0.4494769535124077,0.554159907802921,0.4470487688524426,0.0,0.5349580739543954,0.5307276932530673,,,EXPLOIT
1240,50,,,0,1,1,0,common,0.0,0.7078399802169351,0.41074013236965234,0.5252861322617903,0.0,0.5572949563213251,0.5689003531819101,,,EXPLOIT
1241,50,,,0,1,1,0,common,1.0,0.5399040128589923,0.6170538177848139,0.5296714964409509,0.0,0.5113016170915122,0.48624493268390945,,,EXPLORE
1242,50,,,0,1,1,0,common,0.0,0.6490623916416551,0.4578091668285056,0.5654887650011622,0.0,0.45527520513002034,0.36587988340160144,,,EXPLORE
1243,50,,,0,0,0,1,common,1.0,0.5147523027116909,0.6393876552400599,0.5502678263143208,0.0,0.38553481288808794,0.17438507210226178,,,EXPLORE
1244,50,,,0,0,0,1,common,1.0,0.3345889967625991,0.6758797788621081,0.48556417744880426,0.0,0.2963480663018189,0.09090909090909093,,,EXPLORE
1245,50,,,0,1,1,1,common,1.0,0.7159337282976521,0.5708467977888774,0.5546750427034586,0.0,0.3493588890542294,0.23017705927636645,,,EXPLORE
1246,50,,,0,0,0,1,common,1.0,0.2174828478956894,0.6857780151873141,0.4535173842611278,0.0,0.2490102829612879,0.09090909090909093,,,EXPLORE
1247,50,,,0,1,1,1,common,0.0,0.5346430766065261,0.6374578564215282,0.4778550919647473,0.0,0.3095164347556041,0.23017705927636645,,,EXPLORE
1248,50,,,0,0,0,1,common,0.0,0.8586361488678019,0.46197812717410025,0.5920894090356636,0.0,0.36052295499598586,0.33155527035247095,,,EXPLORE
1249,50,,,0,1,1,0,common,1.0,0.5781094454329241,0.6688291622721552,0.5878954199548417,0.0,0.26369888869355174,0.11586571025734585,,,EXPLORE
1250,50,,,0,1,1,1,common,0.0,0.34751799979424197,0.6747675029423622,0.5157821939066618,0.0,0.13386813810955414,0.09090909090909093,,,EXPLORE
1251,50,,,0,0,0,1,common,1.0,0.4418865032359287,0.6661525174695035,0.49361348670544186,0.0,0.09090909090909093,0.09090909090909093,,,EXPLORE
1252,50,,,0,1,1,0,common,1.0,0.37577113953140073,0.5519733397427548,0.45826078255322955,0.0,0.17965545529122232,0.23017705927636645,,,EXPLORE
1253,50,,,0,0,0,1,common,1.0,0.28722622710335366,0.6815605187648814,0.40695041591826675,0.0,0.25195053896963665,0.33155527035247095,,,EXPLORE
1254,50,,,0,1,1,0,common,1.0,0.2442512406954105,0.6280616298755892,0.3581406633514098,0.0,0.31197800201026266,0.40865139461585376,,,EXPLORE
1255,50,,,0,1,1,0,common,0.0,0.8412366935479831,0.6882187774875319,0.5030694724103818,0.0,0.3626137856372424,0.46925370836719743,,,EXPLORE
1256,50,,,0,0,1,0,rare,1.0,0.453196149193811,0.5317681134248377,0.48810747544541055,0.0,0.26644182952689394,0.34006380567581695,,,EXPLORE
1257,50,,,0,1,1,0,common,1.0,0.2945774969759771,0.4684751501148623,0.4300484819045805,0.0,0.3241353663312081,0.41525427127022185,,,EXPLORE
1258,50,,,0,1,1,0,common,0.0,0.8085246269656149,0.6177302633731144,0.5435913254228908,0.0,0.3729583366315129,0.4745259581707185,,,EXPLORE
1259,50,,,0,1,1,0,common,1.0,0.47445899247235035,0.42167838425355675,0.5228516255377287,0.0,0.27997592854519415,0.3481151019192187,,,EXPLORE
1260,50,,,0,0,0,1,common,1.0,0.18669704761717987,0.5929423259498179,0.42200525216156404,0.0,0.15608540651349584,0.14432866003403294,,,EXPLORE
1261,50,,,0,0,0,1,common,0.0,0.8786469190488331,0.5557204427484992,0.5589977522277447,0.0,0.23260183156551856,0.26846376215789525,,,EXPLORE
1262,50,,,0,1,0,1,rare,1.0,0.42887950261825847,0.6903953410703144,0.5199622773448989,0.0,0.09096978645395906,0.09090909090909093,,,EXPLORE
1263,50,,,0,0,0,1,common,1.0,0.278771676701868,0.6407572431970543,0.44760509715198954,0.0,0.09090909090909093,0.09090909090909093,,,EXPLORE
1264,50,,,0,0,1,0,rare,1.0,0.3083983451070278,0.6919826768393655,0.40584307153850097,0.0,0.17965545529122232,0.23017705927636645,,,EXPLORE
1265,50,,,0,1,1,0,common,0.0,0.799541075680432,0.6839168087966954,0.5239524727810803,0.0,0.25195053896963665,0.33155527035247095,,,EXPLORE
1266,50,,,0,0,1,1,rare,0.0,0.22588669986625728,0.5112501555873477,0.43453274090663335,0.0,0.117731574948835,0.11586571025734585,,,EXPLORE
1267,50,,,0,1,1,0,common,1.0,0.4802983008077192,0.6892264178840353,0.4482624088769591,0.0,0.20134651763173989,0.24797294925007637,,,EXPLORE
1268,50,,,0,0,0,1,common,1.0,0.18120158985621415,0.6591308414141475,0.3681441631707356,0.0,0.26985256608828223,0.3448817607084164,,,EXPLORE
1269,50,,,0,1,1,0,common,0.0,0.6878061044749826,0.6914868965956915,0.46404274556200964,0.0,0.3270029173428919,0.41900242740819416,,,EXPLORE
1270,50,,,0,0,0,1,common,1.0,0.11778103340653923,0.5712399828980326,0.36016423191536845,0.0,0.3754027234234347,0.47752462754236397,,,EXPLORE
1271,50,,,0,0,1,0,rare,1.0,0.5529260320912613,0.4806477387659341,0.41799277196813633,0.0,0.4169168696970501,0.5249013802859563,,,EXPLORE
1272,50,,,0,0,1,0,rare,1.0,0.3594019208593199,0.4197545697105325,0.40041551663549135,0.0,0.4529154730353734,0.5640379987336683,,,EXPLORE
1273,50,,,0,0,0,1,common,1.0,0.07655767171425054,0.3811416289670057,0.3032581631591191,0.0,0.48442775810588756,0.5969107420657045,,,EXPLOIT
1274,50,,,0,1,1,0,common,1.0,0.23361124855855797,0.35682107287661774,0.2823640887789507,0.0,0.5122418687153475,0.6249106881457865,,,EXPLOIT
1275,50,,,0,1,1,0,common,1.0,0.15184731156306275,0.5299746791304291,0.2432090556141843,0.0,0.5369715501052006,0.6490453992711813,,,EXPLOIT
1276,50,,,0,1,1,0,common,1.0,0.09870075251599075,0.6293528422513905,0.1998565646847262,0.0,0.5591018584836528,0.6700625675214087,,,EXPLOIT
1277,50,,,0,1,1,0,common,0.0,0.935844510864606,0.6730506113996448,0.4206529485386901,0.0,0.5790212101722467,0.6885287218393064,,,EXPLOIT
1278,50,,,0,1,0,1,rare,1.0,0.04976248661426286,0.4552837540282463,0.3093858099613619,0.0,0.5970443072310473,0.7048809632262009,,,EXPLORE
1279,50,,,0,0,0,1,common,1.0,0.03234561629927091,0.5904730788040716,0.22627375186273457,0.0,0.6134288323989123,0.7194619288360226,,,EXPLOIT
1280,50,,,0,0,0,1,common,1.0,0.021024650594526073,0.5757769853284118,0.164699021482272,0.0,0.628387803331164,0.7325440026807575,,,EXPLOIT
1281,50,,,0,0,0,1,common,1.0,0.01366602288644192,0.5659212007720044,0.11938912190352297,0.0,0.6420988481331178,0.7443464432795381,,,EXPLOIT
1282,50,,,0,0,1,0,rare,1.0,0.3917010679380062,0.5594010091013839,0.20108270571386794,0.0,0.6547112615856451,0.7550477334306359,,,EXPLOIT
1283,50,,,0,0,0,1,common,0.0,0.9911170851238128,0.5551186189429475,0.4380930195368513,0.0,0.6663514378084059,0.7647946379828902,,,EXPLOIT
1284,50,,,0,0,1,0,rare,1.0,0.254605694159704,0.6851963945950362,0.3830468219237071,0.0,0.6771270990900082,0.7737089498398598,,,EXPLOIT
1285,50,,,0,1,1,0,common,1.0,0.16549370120380757,0.6856705937106831,0.3177808857077372,0.0,0.6871306210198466,0.7818925844673392,,,EXPLOIT
1286,50,,,0,1,1,0,common,1.0,0.10757090578247497,0.6897724584796299,0.2547178917301585,0.0,0.6964416714793463,0.7894314761017515,,,EXPLOIT
1287,50,,,0,1,1,0,common,1.0,0.0699210887586087,0.6704412652933855,0.19927885083869357,0.0,0.7051293231831343,0.7963985920874533,,,EXPLOIT
1288,50,,,0,0,0,1,common,0.0,0.6442261053304783,0.6494893113370261,0.33276302718622897,0.0,0.713253758352079,0.8028562897482902,,,EXPLOIT
1289,50,,,0,0,0,0,common,0.0,0.04300725215691198,0.43476885262548054,0.24583629467743387,0.0,0.7208676545256633,0.8088581772269674,,,EXPLOIT
1290,50,,,0,1,1,0,common,1.0,0.045448707693095614,0.2902112667855479,0.18572001858213238,0.0,0.7280173189936996,0.8144505959601215,,,EXPLOIT
1291,50,,,0,1,1,0,common,1.0,0.02954166000051217,0.26991247673358154,0.13886651100764633,0.0,0.7347436234855492,0.8196738116020467,,,EXPLOIT
1292,50,,,0,1,0,1,rare,0.0,0.4187469684648109,0.2572494565246842,0.2228306482447957,0.0,0.7410827789778464,0.824562978168395,,,EXPLOIT
1293,50,,,0,1,1,0,common,1.0,0.019202079000332883,0.5382858824692522,0.16174207747145683,0.0,0.7470669816425922,0.82914892423171,,,EXPLOIT
1294,50,,,0,1,1,0,common,1.0,0.01248135135021633,0.4228721028269607,0.11696385963508468,0.0,0.7527249542639546,0.8334587983423536,,,EXPLOIT
1295,50,,,0,1,1,0,common,1.0,0.008112878377640631,0.350266027245485,0.08430856525785146,0.0,0.7580824023406845,0.837516602230586,,,EXPLOIT
1296,50,,,0,0,0,1,common,1.0,0.7278144704978728,0.3065477655296845,0.2773603368298579,0.0,0.7631624001568813,0.8413436339120473,,,EXPLOIT
1297,50,,,0,1,0,0,rare,0.0,0.027954713901992785,0.5090727318885109,0.20253864995149834,0.0,0.7679857190531539,0.8449588579713239,,,EXPLOIT
1298,50,,,0,1,1,0,common,1.0,0.005273370945466427,0.6921320390809294,0.14335906624968878,0.0,0.7725711077479451,0.8483792166138708,,,EXPLOIT
1299,50,,,0,1,0,1,rare,1.0,0.4730794058236174,0.6395596730376842,0.24227516812186733,0.0,0.7769355326860662,0.8516198922532541,,,EXPLOIT
1300,50,,,0,1,1,0,common,1.0,0.0034276911145532107,0.5718222955388773,0.17062092501967308,0.0,0.7810943849100358,0.8546945302204948,,,EXPLOIT
1301,50,,,0,1,1,0,common,0.0,0.9977720007755404,0.5197713699935425,0.41876624774643323,0.0,0.7850616587708581,0.8576154284865152,,,EXPLOIT
1302,50,,,0,1,1,1,common,0.0,0.14682635491306723,0.6927194262299542,0.3371842798964234,0.0,0.7888501068513031,0.8603936999605771,,,EXPLOIT
1303,50,,,0,1,1,1,common,1.0,0.9045628693065063,0.6279077195923297,0.5073978567194483,0.0,0.7924713747154936,0.8630394118806818,,,EXPLOIT
1304,50,,,0,1,0,1,rare,1.0,0.30750161378535135,0.6910803107640453,0.44742898383921914,0.0,0.7816797068239724,0.8546164400238982,,,EXPLOIT
1305,50,,,0,1,0,1,rare,1.0,0.1998760489604784,0.6357313967647906,0.3731631033755969,0.0,0.7856203558612987,0.8575411972539991,,,EXPLOIT
1306,50,,,0,1,0,1,rare,1.0,0.12991943182431098,0.5685219658691516,0.3001900019102111,0.0,0.7893839289380195,0.8603230520377395,,,EXPLOIT
1307,50,,,0,1,1,0,common,0.0,0.6485518005041013,0.5174529353878605,0.40469854148837814,0.0,0.792981921614255,0.8629720972509961,,,EXPLOIT
1308,50,,,0,1,0,1,rare,1.0,0.08444763068580219,0.6926129261052354,0.30862326824760533,0.0,0.7964248557439233,0.8654974973534812,,,EXPLOIT
1309,50,,,0,1,1,0,common,1.0,0.5784413296723341,0.6419611827749024,0.389568686675024,0.0,0.7997223804364958,0.8679075927457615,,,EXPLOIT
1310,50,,,0,1,0,1,rare,1.0,0.05489095994577142,0.573929227358222,0.2891653686562482,0.0,0.8028833607117052,0.8702099903596564,,,EXPLOIT
1311,50,,,0,1,1,0,common,1.0,0.3759868642870172,0.5212581501584598,0.3152118173454789,0.0,0.8059159555625987,0.8724116425551873,,,EXPLOIT
1312,50,,,0,1,1,0,common,0.0,0.7556085382134388,0.4853125879804556,0.4473308336058668,0.0,0.8088276868744056,0.8745189160479525,,,EXPLOIT
1313,50,,,0,1,1,0,common,1.0,0.5088544501612648,0.6899691522678557,0.4657879185724862,0.0,0.8116255004249482,0.8765376523063475,,,EXPLOIT
1314,50,,,0,1,1,0,common,1.0,0.3307553926048221,0.6325778434064215,0.42527816078218694,0.0,0.8143158200080767,0.8784732206253422,,,EXPLOIT
1315,50,,,0,1,1,1,common,0.0,0.4120341349507709,0.5658525491948683,0.4213049530327621,0.0,0.8169045955679494,0.8803305648922921,,,EXPLOIT
1316,50,,,0,1,0,1,rare,1.0,0.03567912396475137,0.6922972250585607,0.3056172043123589,0.0,0.8193973461033549,0.8821142449024679,,,EXPLOIT
1317,50,,,0,1,0,1,rare,1.0,0.02319143057708839,0.6553121802895412,0.22088947219177774,0.0,0.8217991979932483,0.8838284729512453,,,EXPLOIT
1318,50,,,0,1,0,1,rare,1.0,0.015074429875107431,0.5862798232327568,0.15914495949677665,0.0,0.8241149193036296,0.8854771463211657,,,EXPLOIT
1319,50,,,0,1,0,1,rare,1.0,0.00979837941881978,0.5300897665491808,0.11434098547338958,0.0,0.8263489505589326,0.8870638761912985,,,EXPLOIT
1320,50,,,0,1,1,0,common,1.0,0.2149910051931344,0.4911996384002487,0.14453599138931303,0.0,0.828505432395819,0.8885920134202867,,,EXPLOIT
1321,50,,,0,1,1,0,common,1.0,0.13974415337553736,0.4655292602259229,0.14309843998518032,0.0,0.830588230461759,0.8900646715905285,,,EXPLOIT
1322,50,,,0,1,1,1,common,0.0,0.2678221877180011,0.4488264949958956,0.18051556430502652,0.0,0.8326009578734302,0.8914847476470197,,,EXPLOIT
1323,50,,,0,1,1,0,common,1.0,0.09083369969409927,0.6843982068781742,0.15361100492174834,0.0,0.8345469955094533,0.8928549404187622,,,EXPLOIT
1324,50,,,0,1,0,1,rare,1.0,0.006368946622232863,0.6212878079234743,0.10943838743189369,0.0,0.8364295103772553,0.894177767271922,,,EXPLOIT
1325,50,,,0,1,1,0,common,1.0,0.05904190480116456,0.5566064068119945,0.09431944264267494,0.0,0.8382514722639752,0.8954555791109574,,,EXPLOIT
1326,50,,,0,0,0,1,common,1.0,0.0041398153044514,0.5091790982997564,0.06726555444120788,0.0,0.8400156688555785,0.8966905739158093,,,EXPLOIT
1327,50,,,0,0,1,0,rare,1.0,0.038377238120756996,0.630390452132414,0.058599059545072614,0.0,0.8417247194861022,0.8978848089791575,,,EXPLOIT
1328,50,,,0,0,1,0,rare,1.0,0.024945204778492047,0.6795065586841995,0.048502903115098445,0.0,0.843381087659677,0.8990402119870845,,,EXPLOIT
1329,50,,,0,0,0,1,common,0.0,0.9973091200521066,0.6924819557284198,0.33314476819620087,0.0,0.8449870924712517,0.9001585910687006,,,EXPLOIT
1330,50,,,0,0,1,0,rare,1.0,0.01621438310601986,0.51850253481767,0.23806565266914653,0.0,0.8465449190373853,0.9012416439249471,,,EXPLOIT
1331,50,,,0,1,1,0,common,0.0,0.989460650981087,0.6347537217874821,0.46348415216272865,0.0,0.8480566280357882,0.9022909661335325,,,EXPLOIT
1332,50,,,0,1,0,1,rare,0.0,0.6482509280338693,0.6564281737133452,0.5189141849240708,0.0,0.8495241644412118,0.9033080587154602,,,EXPLOIT
1333,50,,,0,0,0,1,common,0.0,0.4213631032220151,0.5041970498818873,0.4896488604134541,0.0,0.8434841539659397,0.8988744962323487,,,EXPLOIT
1334,50,,,0,0,1,0,rare,1.0,0.3568505768622934,0.6772952479260774,0.4498093753481059,0.0,0.845087047577025,0.8999981525698519,,,EXPLOIT
1335,50,,,0,0,1,0,rare,1.0,0.23195287496049066,0.5615653180331608,0.38445242523182127,0.0,0.8466418968948741,0.9010862422793928,,,EXPLOIT
1336,50,,,0,0,0,0,common,0.0,0.01817056403629531,0.45590588584153047,0.2745678668731635,0.0,0.8481507550268562,0.9021403753060506,,,EXPLOIT
1337,50,,,0,0,0,1,common,1.0,0.7261139829056902,0.6628925905416072,0.41003170168292147,0.0,0.849615559904845,0.9031620659805056,,,EXPLOIT
1338,50,,,0,0,0,1,common,0.0,0.5280259111113014,0.5423828167668402,0.4454299645114354,0.0,0.8510381422518523,0.9041527400147176,,,EXPLOIT
1339,50,,,0,0,1,0,rare,0.0,0.8492306312756811,0.6857023754167437,0.5665701645407091,0.0,0.8524202328964091,0.9051137408922437,,,EXPLOIT
1340,50,,,0,1,0,0,rare,0.0,0.011810866623591952,0.676165264119176,0.40014237516557394,0.0,0.8465842748159577,0.9008285224359174,,,EXPLOIT
1341,50,,,0,1,1,0,common,1.0,0.4480000896708073,0.6899881523513647,0.4144996895171439,0.0,0.8480948265858265,0.9018906552119861,,,EXPLOIT
1342,50,,,0,1,1,0,common,1.0,0.2912000582860248,0.6021054266616611,0.3775098001478081,0.0,0.8495612542176195,0.90291999089881,,,EXPLOIT
1343,50,,,0,1,1,0,common,1.0,0.18928003788591607,0.45685590856584835,0.3210408714692405,0.0,0.8509853923294713,0.903917975850879,,,EXPLOIT
1344,50,,,0,1,1,0,common,1.0,0.1230320246258454,0.3596904691944263,0.26163821741622195,0.0,0.8523689753810486,0.9048859727140076,,,EXPLOIT
1345,50,,,0,1,1,0,common,0.0,0.9200291839932004,0.30196456960387097,0.4591555073893155,0.0,0.8537136444183302,0.9058252663961155,,,EXPLOIT
1346,50,,,0,1,1,0,common,0.0,0.5980189695955803,0.5610256917571521,0.5008145460511949,0.0,0.8550209532805736,0.9067370695341225,,,EXPLOIT
1347,50,,,0,1,0,1,rare,1.0,0.6567831577776541,0.6807146207907567,0.5476051295691327,0.0,0.8493652168696761,0.9025830118243172,,,EXPLOIT
1348,50,,,0,0,0,1,common,1.0,0.4269090525554752,0.5398965817389949,0.5113963064650354,0.0,0.8433139044706588,0.8980891567998653,,,EXPLOIT
1349,50,,,0,1,1,0,common,1.0,0.6112876697628727,0.6878563615309508,0.5413637154543867,0.0,0.836824350446462,0.8932122907864527,,,EXPLOIT
1350,50,,,0,1,1,0,common,0.0,0.6026630146541327,0.6219213094156628,0.5597535052143104,0.0,0.8298475249755173,0.8879015483705974,,,EXPLOIT
1351,50,,,0,1,1,0,common,1.0,0.6082690404748137,0.6859228674954848,0.5743081657924614,0.0,0.8223268014385613,0.8820966403537477,,,EXPLOIT
1352,50,,,0,1,1,1,common,0.0,0.1740844220167007,0.6637107377836606,0.45424104265973314,0.0,0.8141964257826736,0.8757255653289897,,,EXPLOIT
1353,50,,,0,0,0,1,common,0.0,0.7225091158389412,0.6705198279936486,0.5347214646134956,0.0,0.8167896699229438,0.8776943958482144,,,EXPLOIT
1354,50,,,0,0,0,1,common,1.0,0.5303690747046883,0.6804941636214359,0.5334157476408533,0.0,0.80819489009984,0.8708757358062732,,,EXPLOIT
1355,50,,,0,0,1,0,rare,1.0,0.3953748763086289,0.651194384885228,0.49200348624118595,0.0,0.7988530270943769,0.8633325837996234,,,EXPLOIT
1356,50,,,0,1,0,1,rare,1.0,0.3447398985580473,0.5442844631882833,0.44782440993624434,0.0,0.8020497468104291,0.8658413712736531,,,EXPLOIT
1357,50,,,0,1,0,1,rare,1.0,0.22408093406273077,0.674978931216257,0.38070136717419023,0.0,0.805115961248662,0.8682359602821134,,,EXPLOIT
1358,50,,,0,1,0,0,rare,0.0,0.007677063305334769,0.6908647738965948,0.26879407601353356,0.0,0.8080593566264779,0.8705238616953856,,,EXPLOIT
1359,50,,,0,1,1,1,common,1.0,0.8868451256891445,0.5963180797560221,0.4542093909162168,0.0,0.8108870274320448,0.8727119420175324,,,EXPLOIT
1360,50,,,0,1,0,1,rare,1.0,0.145652607140775,0.6872969615015769,0.3616423557835843,0.0,0.8136055322965017,0.8748064910397181,,,EXPLOIT
1361,50,,,0,1,0,1,rare,1.0,0.09467419464150373,0.6857395394405569,0.28155190744096015,0.0,0.8162209436528051,0.8768132811452244,,,EXPLOIT
1362,50,,,0,1,1,0,common,1.0,0.25699366960060877,0.6574547599084952,0.2741844360888547,0.0,0.8187388919726739,0.8787376194437233,,,EXPLOIT
1363,50,,,0,0,0,1,common,0.0,0.9384617734830226,0.6292578508081916,0.473467637307105,0.0,0.8211646052599347,0.8805843937263724,,,EXPLOIT
1364,50,,,0,1,1,0,common,1.0,0.16704588524039576,0.4184837352523968,0.3815411116870922,0.0,0.8235029443832853,0.8823581130796205,,,EXPLOIT
1365,50,,,0,1,1,0,common,1.0,0.10857982540625721,0.39081235383292773,0.2996527258028417,0.0,0.8257584347510195,0.884062943868243,,,EXPLOIT
1366,50,,,0,1,1,0,common,1.0,0.07057688651406724,0.37318975240770585,0.23092997401620935,0.0,0.8279352947620593,0.8857027416921152,,,EXPLOIT
1367,50,,,0,1,0,0,rare,0.0,0.0049900911484676,0.3619199429438713,0.16314800915588681,0.0,0.8300374614096808,0.8872810798326972,,,EXPLOIT
1368,50,,,0,1,0,1,rare,0.0,0.6100001527639647,0.6428395455587076,0.2972036522383102,0.0,0.8320686133649238,0.8888012746309979,,,EXPLOIT
1369,50,,,0,1,1,0,common,1.0,0.045874976234143716,0.686215856024948,0.22180504943706023,0.0,0.8340321918244498,0.890266408176361,,,EXPLOIT
1370,50,,,0,1,1,0,common,1.0,0.029818734552193416,0.6518762609930611,0.16420915497160016,0.0,0.8359314193714258,0.8916793486327614,,,EXPLOIT
1371,50,,,0,1,1,0,common,0.0,0.9806178225410743,0.5574992500194856,0.4091317552424424,0.0,0.8377693170669155,0.8930427684847048,,,EXPLOIT
1372,50,,,0,0,0,1,common,1.0,0.603499900703423,0.6925388822543191,0.46744219888073657,0.0,0.839548719962477,0.894359160946988,,,EXPLOIT
1373,50,,,0,0,0,1,common,0.0,0.6077250645427751,0.6399262805341551,0.5095270585793481,0.0,0.8412722912015302,0.8956308547503296,,,EXPLOIT
1374,50,,,0,1,1,0,common,1.0,0.36259841534830173,0.6855200287135998,0.46544846561003417,0.0,0.8346313741565106,0.8905376595262986,,,EXPLOIT
1375,50,,,0,1,1,0,common,0.0,0.7643110300236039,0.5892039709717316,0.5551072349341051,0.0,0.8365111560276849,0.8919410312409121,,,EXPLOIT
1376,50,,,0,1,1,0,common,1.0,0.5031978304846574,0.6930385410534177,0.5395344135992708,0.0,0.8295103603531433,0.8865140611186364,,,EXPLOIT
1377,50,,,0,1,1,1,common,0.0,0.423550668302056,0.6153167036752049,0.5047392900101063,0.0,0.8219628247695708,0.8805763056477266,,,EXPLOIT
1378,50,,,0,1,1,0,common,1.0,0.32707858981502735,0.6926540272447108,0.45144107995158256,0.0,0.8138023275959644,0.8740524368669932,,,EXPLOIT
1379,50,,,0,1,0,0,rare,1.0,0.996756440753496,0.6255109327593704,0.6150356881921566,0.0,0.8164103466593914,0.8760906207906551,,,EXPLOIT
1380,50,,,0,1,1,0,common,1.0,0.2126010833797678,0.519822632436824,0.4943053067484399,0.0,0.807783268766925,0.8691049782635559,,,EXPLOIT
1381,50,,,0,1,1,0,common,1.0,0.1381907041968491,0.44224659010050243,0.3874709259829626,0.0,0.8106217038226524,0.8713547210566741,,,EXPLOIT
1382,50,,,0,1,0,0,rare,0.0,0.35210831351022753,0.3923731860850899,0.37686214224114206,0.0,0.8133503681087993,0.8735070627160972,,,EXPLOIT
1383,50,,,0,0,0,1,common,0.0,0.3950212919528038,0.6472497701288407,0.3823098871546406,0.0,0.8159753785156225,0.8755680927066916,,,EXPLOIT
1384,50,,,0,0,1,0,rare,1.0,0.08982395772795193,0.5372909369636895,0.294564108326634,0.0,0.8185024059608702,0.8775434033946506,,,EXPLOIT
1385,50,,,0,0,1,0,rare,1.0,0.05838557252316878,0.687885013737052,0.22371054758559442,0.0,0.820936715309731,0.8794381397601818,,,EXPLOIT
1386,50,,,0,0,0,0,common,0.0,0.2288704037816479,0.6682480348303574,0.22525850444441042,0.0,0.8232832010821953,0.8812570432613016,,,EXPLOIT
1387,50,,,0,0,0,0,common,0.0,0.14876576245807116,0.6603953568012968,0.20231068184850864,0.0,0.8255464194574892,0.8830044906361362,,,EXPLOIT
1388,50,,,0,1,1,0,common,1.0,0.03795062214005973,0.5510926398400877,0.15300266393597398,0.0,0.8277306170159725,0.8846845283122634,,,EXPLOIT
1389,50,,,0,1,1,0,common,1.0,0.02466790439103883,0.4218855939303626,0.11450223607249344,0.0,0.829839756600033,0.8863009029925841,,,EXPLOIT
1390,50,,,0,1,0,1,rare,1.0,0.7432361602306775,0.34074910444471224,0.30312241331994866,0.0,0.8318775406253514,0.8878570889043725,,,EXPLOIT
1391,50,,,0,1,0,0,rare,0.0,0.09669774559774626,0.2926250049214597,0.24119501300328794,0.0,0.833847432131062,0.8893563121286315,,,EXPLOIT
1392,50,,,0,0,1,0,rare,1.0,0.01603413785417529,0.5563824387579792,0.17364675045855413,0.0,0.8357526738206088,0.8908015723683286,,,EXPLOIT
1393,50,,,0,0,1,0,rare,0.0,0.9895778103947861,0.6907647042743276,0.4184260684394237,0.0,0.8375963053135519,0.8921956624646297,,,EXPLOIT
1394,50,,,0,1,0,1,rare,1.0,0.4831035041499404,0.6021686341041793,0.4378292991525787,0.0,0.839381178801414,0.8935411859283303,,,EXPLOIT
1395,50,,,0,1,1,0,common,1.0,0.35677442324338904,0.4773231915718522,0.4135128363798217,0.0,0.8411099732772017,0.8948405727180582,,,EXPLOIT
1396,50,,,0,1,0,1,rare,0.0,0.6859827223025388,0.39170132451608436,0.49525380215663684,0.0,0.8427852074879311,0.8960960934664418,,,EXPLOIT
1397,50,,,0,1,1,0,common,1.0,0.2319033751082029,0.6311229783476109,0.41624867404210664,0.0,0.8444092517418954,0.89730987232949,,,EXPLOIT
1398,50,,,0,1,0,1,rare,0.0,0.44588876949665024,0.5016250146679737,0.4251407026784697,0.0,0.8459843386870948,0.8984838986121588,,,EXPLOIT
1399,50,,,0,1,1,0,common,1.0,0.1507371938203319,0.6730168513039962,0.3428196500210283,0.0,0.8475125731639221,0.8996200373039736,,,EXPLOIT
1400,50,,,0,1,1,0,common,1.0,0.0979791759832157,0.5471267028643062,0.26936750780968455,0.0,0.8489959412235587,0.9007200386420842,,,EXPLOIT
1401,50,,,0,1,1,0,common,0.0,0.9363135356109098,0.43719697568066707,0.4694513161500521,0.0,0.8504363183933519,0.9017855468049127,,,EXPLOIT
1402,50,,,0,0,1,1,rare,0.0,0.2753079343963364,0.6510547395658246,0.41120830162393734,0.0,0.8518354772615208,0.9028181078272297,,,EXPLOIT
1403,50,,,0,0,0,1,common,0.0,0.28982770017282267,0.5651181551730651,0.3747941211886029,0.0,0.8531950944457034,0.90381917681681,,,EXPLOIT
1404,50,,,0,0,0,0,common,0.0,0.06285353463853507,0.49626534839011427,0.2812119452235825,0.0,0.8545167570029617,0.9047901245435256,,,EXPLOIT
1405,50,,,0,0,1,0,rare,0.0,0.6086037981470913,0.4498016334033426,0.3794295011006351,0.0,0.8558019683327852,0.9057322434636333,,,EXPLOIT
1406,50,,,0,0,0,0,common,1.0,0.9591452024849522,0.41975312448455215,0.5533442115159302,0.0,0.8570521536192699,0.9066467532349477,,,EXPLOIT
1407,50,,,0,0,1,0,rare,1.0,0.6044075312043906,0.6699568275254588,0.5686632074224682,0.0,0.8515351877122191,0.9024854529119444,,,EXPLOIT
1408,50,,,0,0,1,0,rare,1.0,0.39286489528285395,0.6718663100518072,0.5159237137805839,0.0,0.8456372471289559,0.8979834533769101,,,EXPLOIT
1409,50,,,0,0,0,1,common,1.0,0.8116119948876652,0.5877687142037274,0.6046301981127082,0.0,0.8393177888102956,0.8930973847530771,,,EXPLOIT
1410,50,,,0,0,0,0,common,1.0,0.623444381615219,0.5124401718733709,0.6102744531634614,0.0,0.8325303057184391,0.8877761900833377,,,EXPLOIT
1411,50,,,0,0,0,1,common,1.0,0.5275477966769825,0.46026756925037465,0.5854564562175177,0.0,0.8252211883110662,0.8819593432362159,,,EXPLOIT
1412,50,,,0,0,0,1,common,1.0,0.34290606784003863,0.4263183635311121,0.512691339704274,0.0,0.8173283148481365,0.8755745469363626,,,EXPLOIT
1413,50,,,0,0,0,0,common,0.0,0.5947611519501077,0.4045332214877516,0.5373122833780242,0.0,0.8087792920675615,0.8685347249418447,,,EXPLOIT
1414,50,,,0,1,1,0,common,1.0,0.25536218193385507,0.6649761063087951,0.45272725294477345,0.0,0.7994892406996774,0.8607340422602758,,,EXPLOIT
1415,50,,,0,1,1,0,common,0.0,0.8340145817429943,0.6871996100526068,0.5671134515842398,0.0,0.8026597872392193,0.8633637236924128,,,EXPLOIT
1416,50,,,0,1,1,0,common,1.0,0.4578905218670537,0.6313658150098276,0.5343465726690839,0.0,0.7928198400387597,0.8549781704249025,,,EXPLOIT
1417,50,,,0,0,1,0,rare,1.0,0.29762883921358485,0.69269852402731,0.4633312526324342,0.0,0.782061472348331,0.8455970090304097,,,EXPLOIT
1418,50,,,0,0,0,1,common,1.0,0.2228889440960251,0.6660685074506146,0.39119856007151144,0.0,0.785984800819115,0.8489834979269074,,,EXPLOIT
1419,50,,,0,0,1,0,rare,1.0,0.19345874548883013,0.6160924912698749,0.331876615696707,0.0,0.7897321886835784,0.8521929022353201,,,EXPLOIT
1420,50,,,0,0,1,1,rare,0.0,0.17895015735761866,0.5738035916796282,0.2859986781949805,0.0,0.7933150344225219,0.8552386081679642,,,EXPLOIT
1421,50,,,0,0,1,0,rare,1.0,0.12574818456773962,0.6875764873730141,0.2379235301068082,0.0,0.7967437729695529,0.8581326860904429,,,EXPLOIT
1422,50,,,0,0,0,1,common,0.0,0.8551221863375836,0.6760327005233174,0.4230831269760408,0.0,0.8000279754233087,0.8608860483303961,,,EXPLOIT
1423,50,,,0,0,0,0,common,0.0,0.38659474876757005,0.6435014693804848,0.41213661351349956,0.0,0.8031764366283303,0.8635085848071233,,,EXPLOIT
1424,50,,,0,0,1,0,rare,1.0,0.08173631996903075,0.5173588830406466,0.3130165254501589,0.0,0.806197252312298,0.8660092800355181,,,EXPLOIT
1425,50,,,0,0,0,1,common,1.0,0.44417057888057054,0.6788794786367249,0.35236274147928237,0.0,0.8090978872042371,0.868396314421665,,,EXPLOIT
1426,50,,,0,1,0,1,rare,1.0,0.2887108762723709,0.6827689874695635,0.3332671819172089,0.0,0.8118852353404479,0.8706771522566586,,,EXPLOIT
1427,50,,,0,1,1,0,common,1.0,0.05312860797986996,0.6870688794208033,0.2492256097360072,0.0,0.8145656735838512,0.8728586184028618,,,EXPLOIT
1428,50,,,0,1,1,1,common,0.0,0.11631760228245212,0.656304418710665,0.20935320749994066,0.0,0.8171451092313704,0.8749469653323038,,,EXPLOIT
1429,50,,,0,0,0,0,common,0.0,0.25128658669892057,0.6457577560182393,0.22193322125963463,0.0,0.8196290224574732,0.8769479319042236,,,EXPLOIT
1430,50,,,0,1,0,1,rare,1.0,0.18766206957704112,0.6772406460489525,0.21165187575485656,0.0,0.8220225042357348,0.8788667950454705,,,EXPLOIT
1431,50,,,0,1,0,1,rare,1.0,0.12198034522507673,0.5841854416963213,0.1847504165959226,0.0,0.8243302902906826,0.8807084153138085,,,EXPLOIT
1432,50,,,0,1,1,0,common,1.0,0.034533595186915456,0.4974538006805136,0.13968537017322044,0.0,0.8265567915564305,0.8824772771725066,,,EXPLOIT
1433,50,,,0,0,0,1,common,1.0,0.07928722439629987,0.4379662296792839,0.12156592644014427,0.0,0.8287061215543404,0.8841775246788115,,,EXPLOIT
1434,50,,,0,1,0,1,rare,0.0,0.9484633041424051,0.5994946027194188,0.3696351397508225,0.0,0.8307821210472739,0.8858129931842271,,,EXPLOIT
1435,50,,,0,1,0,1,rare,1.0,0.38349885230743674,0.6807280638265258,0.37379425351780676,0.0,0.8327883802813427,0.8873872375570468,,,EXPLOIT
1436,50,,,0,1,1,0,common,0.0,0.9775531631285049,0.6830732327365743,0.5549219264010161,0.0,0.8347282590861547,0.8889035573642766,,,EXPLOIT
1437,50,,,0,1,1,0,common,0.0,0.6354095560335282,0.6318343775996151,0.5790682152907698,0.0,0.8275902127319215,0.8831936230605846,,,EXPLOIT
1438,50,,,0,1,0,1,rare,1.0,0.24927425399983383,0.5021352085571033,0.480130026903489,0.0,0.8198890542025236,0.8769316296998747,,,EXPLOIT
1439,50,,,0,1,0,1,rare,1.0,0.162028265099892,0.6731041193957333,0.3846994983624099,0.0,0.8222731572415067,0.8788511553372881,,,EXPLOIT
1440,50,,,0,1,1,0,common,1.0,0.5869837885782067,0.6866594532748961,0.4453847854271489,0.0,0.8245720509678856,0.8806933992662517,,,EXPLOIT
1441,50,,,0,1,1,0,common,1.0,0.3815394625758344,0.6444452017671203,0.42623118857175446,0.0,0.8267901132740799,0.8824628489259715,,,EXPLOIT
1442,50,,,0,1,1,0,common,0.0,0.7519993493257077,0.5999015908719542,0.5239616367979404,0.0,0.8289314273988083,0.8841636510699229,,,EXPLOIT
1443,50,,,0,1,1,0,common,1.0,0.51120042293829,0.6806178649473591,0.5201332726400453,0.0,0.8213377402272454,0.877997302638622,,,EXPLOIT
1444,50,,,0,1,1,0,common,1.0,0.33228027490988854,0.6831377383325311,0.4637773733209982,0.0,0.8131253800686197,0.8712099451609416,,,EXPLOIT
1445,50,,,0,1,0,1,rare,0.0,0.8946816276850702,0.6390756965914834,0.5930486496302199,0.0,0.815758867650978,0.8733684945972012,,,EXPLOIT
1446,50,,,0,1,1,0,common,1.0,0.21598217869142755,0.666404530455813,0.47992870834858214,0.0,0.8070761735818847,0.8660946166683984,,,EXPLOIT
1447,50,,,0,1,1,0,common,1.0,0.14038841614942787,0.6888074921722362,0.37806662068883584,0.0,0.8099422627773553,0.868477815809527,,,EXPLOIT
1448,50,,,0,1,1,0,common,0.0,0.9087475295028719,0.648311521317829,0.5372708933330466,0.0,0.8126970224138551,0.870755067407919,,,EXPLOIT
1449,50,,,0,1,1,0,common,0.0,0.5906858941768667,0.6616457975776762,0.5532953935861926,0.0,0.8037504847350004,0.8631987510486765,,,EXPLOIT
1450,50,,,0,1,1,1,common,0.0,0.07560644148359388,0.53244569543289,0.409988707955413,0.0,0.794009739251486,0.8547941743880012,,,EXPLOIT
1451,50,,,0,0,0,1,common,0.0,0.5815430579952956,0.42714620828681726,0.4614550129673778,0.0,0.7974089603949971,0.8577101520270073,,,EXPLOIT
1452,50,,,0,0,0,1,common,1.0,0.6219970123030578,0.6180814466119067,0.5096176127680818,0.0,0.8006654559800819,0.8604838541175354,,,EXPLOIT
1453,50,,,0,0,0,1,common,1.0,0.4042980579969876,0.44919910377569705,0.47802174633675354,0.0,0.7906427798348392,0.8517629733273536,,,EXPLOIT
1454,50,,,0,0,0,1,common,1.0,0.26279373769804193,0.3361685903075744,0.41345334374514003,0.0,0.7941861611586998,0.8548303749292178,,,EXPLOIT
1455,50,,,0,0,0,1,common,1.0,0.17081592950372726,0.27140372194325824,0.3406621194727162,0.0,0.7975779051039306,0.8577445658755598,,,EXPLOIT
1456,50,,,0,0,1,0,rare,1.0,0.6160541687850367,0.2341181468956941,0.4232797342664123,0.0,0.8008273809565486,0.8605166087420555,,,EXPLOIT
1457,50,,,0,0,0,1,common,0.0,0.8889696458225773,0.21200280257038256,0.5629867077332618,0.0,0.8039432019494138,0.8631565262799137,,,EXPLOIT
1458,50,,,0,0,0,0,common,0.0,0.16333628135429837,0.46511115208148124,0.44309157981957276,0.0,0.7942199307770325,0.8547470769543075,,,EXPLOIT
1459,50,,,0,0,0,1,common,1.0,0.42216973021532467,0.6361572099646462,0.43681502493829827,0.0,0.7976102443511118,0.8576653798740651,,,EXPLOIT
1460,50,,,0,1,0,1,rare,0.0,0.7255896753600389,0.4652831365336473,0.5234474200648205,0.0,0.8008583772907731,0.8604412412971326,,,EXPLOIT
1461,50,,,0,1,1,0,common,1.0,0.4004352097102738,0.3969550603309958,0.4865437569584564,0.0,0.7908534531024898,0.8517153470314026,,,EXPLOIT
1462,50,,,0,1,1,0,common,1.0,0.26028288631167795,0.6426297131111891,0.41866549576442286,0.0,0.7943877328683198,0.8547851564588722,,,EXPLOIT
1463,50,,,0,1,1,0,common,0.0,0.8308161238974093,0.6911292814985845,0.5423106842043188,0.0,0.797770943033418,0.857701579261267,,,EXPLOIT
1464,50,,,0,1,1,0,common,0.0,0.540030480533316,0.6248500328853113,0.541626623103018,0.0,0.7874799751864145,0.8486501873745138,,,EXPLOIT
1465,50,,,0,0,0,1,common,0.0,0.47163328898402535,0.5091861639701176,0.5206286228673201,0.0,0.7762054744895301,0.838478804482524,,,EXPLOIT
1466,50,,,0,0,0,0,common,0.0,0.10616858288029395,0.6630927206192945,0.3962906108712123,0.0,0.7638000250915011,0.8269664649242487,,,EXPLOIT
1467,50,,,0,1,1,1,common,0.0,0.04914418696433603,0.6927863745383586,0.2921466836991494,0.0,0.7685915673432615,0.8314067134546025,,,EXPLOIT
1468,50,,,0,0,1,0,rare,1.0,0.6489801876533445,0.6802237756571158,0.39919673488540797,0.0,0.7731474685655665,0.8355836436067628,,,EXPLOIT
1469,50,,,0,0,0,0,common,0.0,0.06900957887219106,0.5051033352949126,0.30014058808144284,0.0,0.7774844805247471,0.8395198109863207,,,EXPLOIT
1470,50,,,0,1,0,1,rare,0.0,0.3065616378396165,0.6441641745571959,0.30206690300889494,0.0,0.7816178041737791,0.8432352667974503,,,EXPLOIT
1471,50,,,0,0,0,1,common,1.0,0.8007349354042492,0.6036384213428846,0.4516673127275012,0.0,0.7855612650592246,0.8467478960475805,,,EXPLOIT
1472,50,,,0,0,0,1,common,0.0,0.47952229198723795,0.4045238409173115,0.4600238065054222,0.0,0.7893274654472116,0.8500737023863328,,,EXPLOIT
1473,50,,,0,0,0,1,common,1.0,0.6883105102082954,0.577891194954854,0.5285098176162841,0.0,0.7929279166954033,0.8532270491510722,,,EXPLOIT
1474,50,,,0,0,1,0,rare,0.0,0.5781628780253261,0.38557573994806754,0.5434057357389966,0.0,0.7821798662715184,0.8436305741750122,,,EXPLOIT
1475,50,,,0,0,0,1,common,1.0,0.44740183163539193,0.5664331393328577,0.5146045645079151,0.0,0.7703806884160667,0.8328083776555023,,,EXPLOIT
1476,50,,,0,0,0,1,common,1.0,0.29081119056300475,0.3776727190649928,0.447466552324442,0.0,0.757368950770086,0.8205102674792837,,,EXPLOIT
1477,50,,,0,0,1,0,rare,1.0,0.624194129283538,0.26807181785031753,0.5004848254121708,0.0,0.7624854968426042,0.8253469082727982,,,EXPLOIT
1478,50,,,0,0,0,1,common,1.0,0.18902727386595308,0.20954132686876745,0.40704755994830544,0.0,0.7486279181497227,0.8119728001504138,,,EXPLOIT
1479,50,,,0,0,1,0,rare,1.0,0.4057261840342997,0.1771485920947105,0.40665114717410367,0.0,0.754202211499951,0.8173581258451159,,,EXPLOIT
1480,50,,,0,0,1,0,rare,0.0,0.7362779803777052,0.15838142485570966,0.5055391971351841,0.0,0.7594824643304527,0.8223941043534376,,,EXPLOIT
1481,50,,,0,0,1,0,rare,1.0,0.5214193127544916,0.3740978697870427,0.5103032318209764,0.0,0.7452958691450678,0.8085809076615342,,,EXPLOIT
1482,50,,,0,0,1,0,rare,1.0,0.33892255329041954,0.26616346217721626,0.45888902826180933,0.0,0.7295003720661281,0.7926127797467885,,,EXPLOIT
1483,50,,,0,0,1,0,rare,1.0,0.22029965963877274,0.20850658276361916,0.3873122176748983,0.0,0.7361403864778926,0.7993450184892312,,,EXPLOIT
1484,50,,,0,0,0,1,common,1.0,0.12286772801286949,0.17656046969658126,0.30797887077628966,0.0,0.7424005049444865,0.8055927891920984,,,EXPLOIT
1485,50,,,0,0,0,1,common,0.0,0.9201359767916348,0.15803305502810655,0.4916260025808932,0.0,0.7483121330421015,0.8114062873718844,,,EXPLOIT
1486,50,,,0,0,0,1,common,1.0,0.4019116150854374,0.3736840156475835,0.4647116863322564,0.0,0.7539033078179709,0.8168290059716156,,,EXPLOIT
1487,50,,,0,0,0,1,common,1.0,0.2612425498055343,0.2659426463392712,0.40367094537423975,0.0,0.7591991376356455,0.821898817966917,,,EXPLOIT
1488,50,,,0,0,0,1,common,0.0,0.8301923426264027,0.20838678142510686,0.5316273645498886,0.0,0.7642221748549662,0.8266488557022452,,,EXPLOIT
1489,50,,,0,0,1,0,rare,1.0,0.14319477876520226,0.4282813958065741,0.41509758881448267,0.0,0.750553033153398,0.8134659536003978,,,EXPLOIT
1490,50,,,0,0,0,0,common,0.0,0.04485622626692419,0.29537915775577495,0.3040251800502151,0.0,0.7560249317694128,0.8187533092048627,,,EXPLOIT
1491,50,,,0,0,0,1,common,0.0,0.5396250227071617,0.504198426159992,0.37470513284729906,0.0,0.7612106622383048,0.8237005889122309,,,EXPLOIT
1492,50,,,0,0,0,1,common,1.0,0.6492437352403448,0.6306408821128706,0.4570667135652128,0.0,0.7661318592301454,0.8283393533374515,,,EXPLOIT
1493,50,,,0,0,0,1,common,1.0,0.42200842790622417,0.4269620357776727,0.44654922786751616,0.0,0.770808030507223,0.8326973752091308,,,EXPLOIT
1494,50,,,0,0,1,0,rare,1.0,0.09307660619738145,0.2946577791742062,0.3405074413664757,0.0,0.7752568120320041,0.836799191096579,,,EXPLOIT
1495,50,,,0,0,0,1,common,1.0,0.2743054781390457,0.22385824098436835,0.3206468523982467,0.0,0.7794941872171143,0.8406665594319728,,,EXPLOIT
1496,50,,,0,0,1,0,rare,1.0,0.06049979402829797,0.1852212452572897,0.24260273488726206,0.0,0.7835346760629699,0.8443188428837485,,,EXPLOIT
1497,50,,,0,0,0,1,common,1.0,0.17829856079037976,0.16313324658981238,0.22331148265819736,0.0,0.7873914989000776,0.8477733292675758,,,EXPLOIT
1498,50,,,0,1,0,1,rare,0.0,0.8841059354862532,0.14999211399496104,0.4215498185066141,0.0,0.7910767186270339,0.8510455022201824,,,EXPLOIT
1499,50,,,0,1,0,1,rare,1.0,0.4253311419339354,0.13317495039364666,0.4226842155348105,0.0,0.7946013646685071,0.8541492705778589,,,EXPLOIT
1500,50,,,0,1,0,1,rare,1.0,0.27646524225705804,0.3254621784190802,0.3788185235514847,0.0,0.7979755413365694,0.8570971636276299,,,EXPLOIT
1501,50,,,0,1,1,0,common,0.0,0.9606751338816063,0.5078438376636107,0.5533755066505212,0.0,0.8012085228378246,0.859900498011532,,,EXPLOIT
1502,50,,,0,1,1,0,common,1.0,0.37556116297695596,0.32355573548411865,0.5000312035484515,0.0,0.7912357764084996,0.8511108531810547,,,EXPLOIT
1503,50,,,0,1,0,0,rare,0.0,0.029156547073500724,0.5064581875575611,0.3587688066059663,0.0,0.7803256030013667,0.8412507463154781,,,EXPLOIT
1504,50,,,0,1,0,1,rare,1.0,0.17970240746708777,0.32275218061274313,0.3050488868643027,0.0,0.7843279736419443,0.8448710440130441,,,EXPLOIT
1505,50,,,0,0,0,1,common,1.0,0.11680656485360708,0.5058723696247038,0.248576190261094,0.0,0.7881492034514933,0.8482960757617641,,,EXPLOIT
1506,50,,,0,0,1,0,rare,1.0,0.2441147559350214,0.4893761517211922,0.24723775996327219,0.0,0.7918011371643264,0.8515410650465693,,,EXPLOIT
1507,50,,,0,0,0,1,common,1.0,0.07592426715484457,0.47859564623698614,0.1958437121207439,0.0,0.7952946091034896,0.8546196931371537,,,EXPLOIT
1508,50,,,0,0,0,1,common,0.0,0.950649226349351,0.47157497622461697,0.422285366389326,0.0,0.7986395486771496,0.857544289561334,,,EXPLOIT
1509,50,,,0,0,0,1,common,1.0,0.3820780028729218,0.6908427034952815,0.41022315733440473,0.0,0.8018450729275551,0.8603259950292893,,,EXPLOIT
1510,50,,,0,0,1,0,rare,1.0,0.15867459135776396,0.6445707726781251,0.33475858754141247,0.0,0.8049195679492634,0.8629749013479194,,,EXPLOIT
1511,50,,,0,0,1,0,rare,1.0,0.10313848438254658,0.588764995875301,0.26527255659375265,0.0,0.8078707607077336,0.8655001720294481,,,EXPLOIT
1512,50,,,0,0,0,1,common,1.0,0.24835070186739916,0.5455341396975981,0.2601960001758466,0.0,0.810705782553326,0.8679101466322405,,,EXPLOIT
1513,50,,,0,0,1,0,rare,0.0,0.9329599851513447,0.5156651195489257,0.462025195668496,0.0,0.813431225529855,0.8702124313374695,,,EXPLOIT
1514,50,,,0,1,1,0,common,0.0,0.6064239903483741,0.6931410861492442,0.5053448340724594,0.0,0.8160531924136717,0.8724139778343751,,,EXPLOIT
1515,50,,,0,1,1,0,common,1.0,0.6058244062735568,0.6092845428879858,0.5354887057327886,0.0,0.8073956472826778,0.8650375929328451,,,EXPLOIT
1516,50,,,0,1,1,0,common,1.0,0.3937858640778119,0.6931389748681622,0.49297785323629556,0.0,0.7979826854572633,0.8568437830968572,,,EXPLOIT
1517,50,,,0,0,1,0,rare,0.0,0.7440391883494223,0.6575903366950487,0.5682962537702335,0.0,0.8012153709677714,0.8596594090831463,,,EXPLOIT
1518,50,,,0,1,1,0,common,1.0,0.5163745275728755,0.4985295963132964,0.5527197359110261,0.0,0.7912432533368944,0.8508412628525841,,,EXPLOIT
1519,50,,,0,0,1,0,rare,1.0,0.33564344292236914,0.4186376181385598,0.48759684801442893,0.0,0.780333799049561,0.8409473009569514,,,EXPLOIT
1520,50,,,0,1,1,0,common,1.0,0.21816823789953999,0.6000801851597277,0.4067682649799622,0.0,0.7843357947611287,0.8445841965549945,,,EXPLOIT
1521,50,,,0,1,1,0,common,0.0,0.858190645365299,0.5538505740993241,0.5421949790955631,0.0,0.7881566744232974,0.8480245140681844,,,EXPLOIT
1522,50,,,0,0,1,0,rare,1.0,0.44217608051255564,0.6916602335716882,0.5121893095206609,0.0,0.7769482734473484,0.8377731703266779,,,EXPLOIT
1523,50,,,0,0,1,0,rare,1.0,0.2874144523331612,0.6416220687808558,0.444756852364411,0.0,0.7646190603008347,0.8261645445867681,,,EXPLOIT
1524,50,,,0,0,0,1,common,1.0,0.16142795621380945,0.5788512992982462,0.3597581835192305,0.0,0.769369929548077,0.8306531580985472,,,EXPLOIT
1525,50,,,0,0,1,0,rare,1.0,0.18681939401655479,0.5304277880784373,0.3078765466684278,0.0,0.7738880774442954,0.8348742409290395,,,EXPLOIT
1526,50,,,0,0,0,1,common,1.0,0.10492817153897616,0.4972429723334698,0.24699203412959228,0.0,0.7781899828964809,0.8388508239719699,,,EXPLOIT
1527,50,,,0,0,0,1,common,0.0,0.9317966884996655,0.4753334414599457,0.4524334304406142,0.0,0.7822906051454523,0.8426033685262643,,,EXPLOIT
1528,50,,,0,0,1,0,rare,1.0,0.12143260611076057,0.6898540842458247,0.35313318314165804,0.0,0.7862035550016133,0.8461501149443869,,,EXPLOIT
1529,50,,,0,1,0,1,rare,1.0,0.39433215247521747,0.6363713503711035,0.36549287394172586,0.0,0.7899412434371935,0.8495073760139406,,,EXPLOIT
1530,50,,,0,1,1,0,common,1.0,0.07893119397199433,0.6917531948382613,0.2795243699508064,0.0,0.7935150109529767,0.8526897850302992,,,EXPLOIT
1531,50,,,0,1,0,0,rare,0.0,0.018951755597775472,0.6836620487477669,0.20135258564489708,0.0,0.7969352405603158,0.8557105065190252,,,EXPLOIT
1532,50,,,0,1,0,1,rare,1.0,0.2563158991088914,0.6059517855286618,0.21784157968409534,0.0,0.8002114567494278,0.858581416008231,,,EXPLOIT
1533,50,,,0,1,1,0,common,1.0,0.05130527608179636,0.6869677819191973,0.16788068860340563,0.0,0.8033524124307809,0.8613132540276138,,,EXPLOIT
1534,50,,,0,1,1,0,common,0.0,0.9666515705468324,0.6881471996196358,0.40751195318643363,0.0,0.8063661655208626,0.8639157585444328,,,EXPLOIT
1535,50,,,0,0,1,1,rare,1.0,0.9680562784731815,0.5967863377295048,0.575675250772458,0.0,0.809260146583353,0.8663977792785857,,,EXPLOIT
1536,50,,,0,0,0,1,common,1.0,0.1666053344207794,0.5260371857446297,0.45295427586695436,0.0,0.8000126155015291,0.8583580734352284,,,EXPLOIT
1537,50,,,0,1,1,0,common,1.0,0.3716764791445589,0.47634217962396525,0.4285709368502357,0.0,0.8031617053973763,0.8611006146549544,,,EXPLOIT
1538,50,,,0,1,1,0,common,1.0,0.24158971144396335,0.614746566056112,0.372476569228354,0.0,0.8061831126481562,0.8637130810134277,,,EXPLOIT
1539,50,,,0,1,0,1,rare,0.0,0.8917065326264934,0.6744454915245433,0.5282455582477958,0.0,0.8090843048481604,0.8662043891362843,,,EXPLOIT
1540,50,,,0,1,1,0,common,1.0,0.1570333124385762,0.4732958065261762,0.41688188450502994,0.0,0.7998212363253117,0.8581428661396004,,,EXPLOIT
1541,50,,,0,1,1,0,common,0.0,0.8979283469149255,0.6131936326247498,0.5611958232279985,0.0,0.8029781643410091,0.8608957391980591,,,EXPLOIT
1542,50,,,0,0,0,1,common,1.0,0.42039075379277935,0.40913619655661077,0.5189543023974328,0.0,0.7931672278555192,0.8522232396396864,,,EXPLOIT
1543,50,,,0,0,0,1,common,0.0,0.7267460100346934,0.37756224022982066,0.581291814688611,0.0,0.7824420044698552,0.8425021802968121,,,EXPLOIT
1544,50,,,0,0,1,1,rare,0.0,0.3707634189924319,0.6448780702396879,0.5181332959797573,0.0,0.7706690673178292,0.8315307488769643,,,EXPLOIT
1545,50,,,0,1,1,0,common,1.0,0.41634657450529833,0.6875990036239066,0.4875972795374196,0.0,0.7576877002362046,0.8190517937336916,,,EXPLOIT
1546,50,,,0,1,1,0,common,1.0,0.2706252734284439,0.5849632622996608,0.42250567770472686,0.0,0.7627879024170016,0.8239801939882595,,,EXPLOIT
1547,50,,,0,1,1,0,common,1.0,0.17590642772848852,0.4774170520196171,0.34852590271185535,0.0,0.7676299306275519,0.8286018022886479,,,EXPLOIT
1548,50,,,0,1,1,0,common,1.0,0.11433917802351756,0.4046529850678331,0.278269885305354,0.0,0.772232677511238,0.8329441878424837,,,EXPLOIT
1549,50,,,0,1,1,0,common,1.0,0.07432046571528639,0.3591745673363389,0.2170850594283337,0.0,0.7766132365259663,0.8370317128790649,,,EXPLOIT
1550,50,,,0,1,1,0,common,1.0,0.048308302714936135,0.33094592638448145,0.16645203241431442,0.0,0.7807871111453146,0.8408859857910157,,,EXPLOIT
1551,50,,,0,0,0,1,common,1.0,0.5276150934774493,0.3132687021302379,0.27480095073325483,0.0,0.7847683955330883,0.8445262395535982,,,EXPLOIT
1552,50,,,0,1,1,1,common,0.0,0.24099622234508075,0.49535481614602617,0.2646595322168026,0.0,0.7885699311286202,0.8479696494123691,,,EXPLOIT
1553,50,,,0,0,0,1,common,1.0,0.34294981076034203,0.692578916895028,0.28814661577986445,0.0,0.7922034428084761,0.8512316009140823,,,EXPLOIT
1554,50,,,0,0,0,1,common,0.0,0.7770826230057777,0.6646852975558099,0.4348274179476384,0.0,0.7956796576662871,0.8543259171062317,,,EXPLOIT
1555,50,,,0,0,1,0,rare,1.0,0.031400396764708516,0.6557763849790728,0.3137993115927594,0.0,0.799008408945501,0.8572650519824196,,,EXPLOIT
1556,50,,,0,0,1,0,rare,1.0,0.020410257897060524,0.6897266249738925,0.22578259548404975,0.0,0.8021987272460068,0.8600602558827037,,,EXPLOIT
1557,50,,,0,1,1,0,common,0.0,0.9867333323669106,0.6450770908304748,0.45406781654890804,0.0,0.8052589207862451,0.8627217174805227,,,EXPLOIT
1558,50,,,0,1,1,1,common,0.0,0.1566475445243025,0.47332676760260395,0.36484173494152633,0.0,0.8081966462229515,0.8652586861337749,,,EXPLOIT
1559,50,,,0,0,0,1,common,1.0,0.49489629504624455,0.349842536104867,0.4038581029729418,0.0,0.8110189712995941,0.8676795776967615,,,EXPLOIT
1560,50,,,0,0,0,1,common,0.0,0.678317408219941,0.2901241161927589,0.4861958945470415,0.0,0.8137324304027038,0.8699920663438719,,,EXPLOIT
1561,50,,,0,0,0,1,common,0.0,0.44090631534296165,0.5456112717218968,0.47260902078581746,0.0,0.8163430739454246,0.8722031645159372,,,EXPLOIT
1562,50,,,0,0,1,0,rare,1.0,0.35862333396150814,0.6737660067112137,0.43841331473852463,0.0,0.8188565123638905,0.8743192927438106,,,EXPLOIT
1563,50,,,0,0,0,1,common,0.0,0.2865891049729251,0.521600399314164,0.3928660518088447,0.0,0.821277955399812,0.8763463408136323,,,EXPLOIT
1564,50,,,0,0,0,0,common,0.0,0.012318641138554057,0.6662683986030979,0.27870182860775744,0.0,0.8236122472481452,0.8782897215010106,,,EXPLOIT
1565,50,,,0,0,1,1,rare,1.0,0.8981790960592033,0.692653350284886,0.46454500884319117,0.0,0.8258638980688718,0.880154417906505,,,EXPLOIT
1566,50,,,0,0,0,1,common,0.0,0.18628291823240134,0.5840262065542756,0.3810663816599542,0.0,0.8280371122942611,0.8819450252640606,,,EXPLOIT
1567,50,,,0,0,0,0,common,0.0,0.008007116740060136,0.683747088494325,0.26914860218398595,0.0,0.8301358141054629,0.8836657879609411,,,EXPLOIT
1568,50,,,0,0,1,0,rare,0.0,0.7668948329250197,0.6886860629918458,0.41847247140629606,0.0,0.8321636704032576,0.8853206323970296,,,EXPLOIT
1569,50,,,0,0,0,1,common,1.0,0.8789161031489391,0.6638385595756429,0.556605560929089,0.0,0.8341241115558743,0.8869131962190073,,,EXPLOIT
1570,50,,,0,0,0,1,common,1.0,0.5712954670468104,0.6335652960499185,0.5610125327644053,0.0,0.8269392489361043,0.8810138158359433,,,EXPLOIT
1571,50,,,0,0,1,0,rare,1.0,0.5015183585987372,0.4762974774375508,0.5431642805147049,0.0,0.8191856506952322,0.8745341092756895,,,EXPLOIT
1572,50,,,0,0,0,1,common,0.0,0.6286579464195732,0.36471482599357186,0.5688123802861653,0.0,0.8107934457546662,0.8673843960293406,,,EXPLOIT
1573,50,,,0,1,1,0,common,1.0,0.32598693308917914,0.5950359264316731,0.4959647461270694,0.0,0.8016808295423012,0.8594555140062187,,,EXPLOIT
1574,50,,,0,1,0,1,rare,1.0,0.5913723348272775,0.6919460880818744,0.5245870227371319,0.0,0.8047619768735085,0.8621456509282829,,,EXPLOIT
1575,50,,,0,1,1,0,common,0.0,0.7881084934920335,0.6244194823614442,0.6036434639636024,0.0,0.795112766643092,0.8536191070487547,,,EXPLOIT
1576,50,,,0,1,1,1,common,0.0,0.41618358756151774,0.6883895298502294,0.547405501042977,0.0,0.7845721910799136,0.8440710616327861,,,EXPLOIT
1577,50,,,0,1,1,0,common,0.0,0.5122705207698217,0.6152745647083474,0.5368650069610303,0.0,0.7730113687038724,0.8333068286870975,,,EXPLOIT
1578,50,,,0,0,1,1,rare,1.0,0.7294806680850134,0.5347022460677862,0.5946497052982253,0.0,0.7602753139523651,0.8210788932767881,,,EXPLOIT
1579,50,,,0,0,0,1,common,0.0,0.6156079823622697,0.37920792463012926,0.6009371884174386,0.0,0.7461759756443052,0.807067688196026,,,EXPLOIT
1580,50,,,0,0,1,0,rare,0.0,0.33297583850038415,0.5836505057655612,0.5205487834423222,0.0,0.7304829220890885,0.7908533178628573,,,EXPLOIT
1581,50,,,0,0,0,1,common,1.0,0.5998548114645247,0.6753791048070056,0.544340591848983,0.0,0.7129106892780753,0.7718728320877699,,,EXPLOIT
1582,50,,,0,0,0,1,common,1.0,0.389905627451941,0.5012457167572083,0.4980101025298704,0.0,0.6931013089706576,0.7493536323076458,,,EXPLOIT
1583,50,,,0,0,1,1,rare,0.0,0.5258375657447413,0.35826058572504066,0.5063583414943317,0.0,0.702010257591662,0.7596031300809192,,,EXPLOIT
1584,50,,,0,0,0,0,common,0.0,0.005204625881039089,0.570788482707841,0.3560122268103439,0.0,0.6807419055554048,0.7346206045211875,,,EXPLOIT
1585,50,,,0,0,0,1,common,1.0,0.25343865784376174,0.6713317883364605,0.3252401561203692,0.0,0.6904924915288951,0.7462256237745832,,,EXPLOIT
1586,50,,,0,0,0,1,common,1.0,0.1647351275984451,0.49518619440349687,0.277088647563792,0.0,0.6995761013487566,0.756756281409452,,,EXPLOIT
1587,50,,,0,1,1,1,common,0.0,0.3417944177340818,0.3545789108720693,0.29650037861487893,0.0,0.708058493020596,0.7663547059996519,,,EXPLOIT
1588,50,,,0,0,0,0,common,0.0,0.003383006822675408,0.3020223443583131,0.20856516707721787,0.0,0.7159970557569236,0.7751390154321709,,,EXPLOIT
1589,50,,,0,0,1,0,rare,1.0,0.7835657049747503,0.5120654869804251,0.38106532844647756,0.0,0.7234421002706172,0.7832081818042211,,,EXPLOIT
1590,50,,,0,0,0,1,common,1.0,0.10707783293898931,0.345709386291187,0.29886907979423105,0.0,0.730437917485761,0.7906457595508624,,,EXPLOIT
1591,50,,,0,1,1,0,common,1.0,0.5093177082335878,0.25317711467947585,0.36200366832603803,0.0,0.7370236527494456,0.7975227750841117,,,EXPLOIT
1592,50,,,0,0,0,1,common,1.0,0.06960059141034303,0.5058838206635914,0.2742827452513295,0.0,0.7432340319967015,0.803899990008305,,,EXPLOIT
1593,50,,,0,0,0,1,common,1.0,0.045240384416722956,0.43412534023664473,0.20557003700094753,0.0,0.7490999683158275,0.8098296908179369,,,EXPLOIT
1594,50,,,0,0,0,1,common,1.0,0.029406249870869927,0.3882791332366009,0.15272090086192422,0.0,0.7546490712812459,0.8153571167660981,,,EXPLOIT
1595,50,,,0,0,0,1,common,1.0,0.019114062416065503,0.35946845844437486,0.11263884932816659,0.0,0.7599060767648069,0.8205216084658762,,,EXPLOIT
1596,50,,,0,0,0,1,common,1.0,0.01242414057044261,0.3412934747440354,0.0825744367008494,0.0,0.7648932113430609,0.8253575389363453,,,EXPLOIT
1597,50,,,0,0,0,1,common,1.0,0.008075691370787674,0.3297420479455145,0.06022481310183088,0.0,0.7696305026245261,0.8298950736967301,,,EXPLOIT
1598,50,,,0,0,1,1,rare,0.0,0.22216637152715318,0.322351156435463,0.10880728062942757,0.0,0.7741360446343366,0.8341607954417579,,,EXPLOIT
1599,50,,,0,1,1,0,common,0.0,0.668943489648168,0.6129844492079182,0.2768481433350497,0.0,0.778426225670832,0.8381782206338555,,,EXPLOIT
1600,50,,,0,0,0,1,common,1.0,0.005249199391011983,0.48908098098140074,0.19536846015183837,0.0,0.7825159246828469,0.8419682292183359,,,EXPLOIT
1601,50,,,0,0,0,0,common,1.0,0.997801045565261,0.3773978457695345,0.4360982357758651,0.0,0.7864186811273254,0.8455494240422962,,,EXPLOIT
1602,50,,,0,0,0,1,common,1.0,0.0034119796041578443,0.31054627469317936,0.3062923589243529,0.0,0.7901468423935151,0.8489384330373843,,,EXPLOIT
1603,50,,,0,0,0,1,common,1.0,0.0022177867427025655,0.2711032159455053,0.2150699872698578,0.0,0.793711692175918,0.8521501645252526,,,EXPLOIT
1604,50,,,0,1,1,0,common,1.0,0.5651867317286908,0.24736355062797355,0.3201050106075077,0.0,0.7971235626077096,0.8551980239159066,,,EXPLOIT
1605,50,,,0,1,0,1,rare,1.0,0.0014415613827566398,0.44920481486207464,0.22450597584008236,0.0,0.8003919325018697,0.8580940984426675,,,EXPLOIT
1606,50,,,0,1,0,1,rare,1.0,0.0009370148987918325,0.5900196497339069,0.1574352875576952,0.0,0.8035255136673838,0.8608493153022053,,,EXPLOIT
1607,50,,,0,0,0,1,common,0.0,0.9993909403157853,0.6587856390568163,0.4100219833851222,0.0,0.8065323269557746,0.8634735775617634,,,EXPLOIT
1608,50,,,0,0,1,1,rare,0.0,0.14440814149264958,0.6231626976969504,0.3303378308173804,0.0,0.8094197694357468,0.8659758813967324,,,EXPLOIT
1609,50,,,0,0,1,0,rare,0.0,0.6326286243763509,0.4465370568429664,0.4210250688850715,0.0,0.812194673880449,0.8683644175837056,,,EXPLOIT
1610,50,,,0,1,0,0,rare,0.0,0.3514293203825803,0.3283392691294854,0.4001463443343241,0.0,0.8148633615744972,0.8706466596618345,,,EXPLOIT
1611,50,,,0,1,1,0,common,1.0,0.5887913941553718,0.5706608699119917,0.4567398592806384,0.0,0.8174316892998816,0.872829440761781,,,EXPLOIT
1612,50,,,0,1,1,0,common,0.0,0.6172855937990083,0.4241882351509107,0.5049035796361493,0.0,0.8199050912358787,0.8749190207660824,,,EXPLOIT
1613,50,,,0,1,1,0,common,1.0,0.5987643640306446,0.6252723265644367,0.5330618149544979,0.0,0.8115732301726586,0.8678100651436753,,,EXPLOIT
1614,50,,,0,1,1,0,common,0.0,0.610803163380081,0.4668666867580513,0.5563842194821728,0.0,0.8025288363720515,0.8599287493104143,,,EXPLOIT
1615,50,,,0,1,0,0,rare,1.0,0.7715709417513228,0.6445859491747349,0.6209402361629177,0.0,0.7926769440421628,0.8511424411680271,,,EXPLOIT
1616,50,,,0,0,0,1,common,1.0,0.3503958887947395,0.4849469890985729,0.5397769319524642,0.0,0.7819049272920849,0.8412862971113233,,,EXPLOIT
1617,50,,,0,0,0,1,common,0.0,0.7722426722834194,0.6720332139700187,0.6095166540517507,0.0,0.7700781948040707,0.8301528511512302,,,EXPLOIT
1618,50,,,0,1,1,0,common,1.0,0.6029779438029473,0.5539070521063066,0.6075550409771097,0.0,0.7570345604403569,0.8174772871935545,,,EXPLOIT
1619,50,,,0,1,0,0,rare,0.0,0.4984788878616402,0.4370441387253548,0.5748321950424689,0.0,0.7425767890464038,0.8029161511448186,,,EXPLOIT
1620,50,,,0,1,0,1,rare,1.0,0.4980422630157775,0.6480077224874878,0.5517952154344614,0.0,0.7264625879287404,0.7860158203461776,,,EXPLOIT
1621,50,,,0,1,1,0,common,1.0,0.3919356634719158,0.512991740826322,0.5038373498456977,0.0,0.7083909609834305,0.7661644794249666,,,EXPLOIT
1622,50,,,0,1,0,0,rare,1.0,0.6759887228899338,0.4097150738275782,0.5554827617589686,0.0,0.6879832838165577,0.7425165754640775,,,EXPLOIT
1623,50,,,0,1,1,1,common,0.0,0.09386529197022223,0.34556910318565076,0.4169975208223447,0.0,0.6647565530538465,0.7138694101132239,,,EXPLOIT
1624,50,,,0,1,1,0,common,0.0,0.7452418187432548,0.6028624738461805,0.5154708101986177,0.0,0.6756488008843348,0.7275173634300156,,,EXPLOIT
1625,50,,,0,1,1,0,common,0.0,0.4844071821831156,0.6916635822475834,0.5061517217939671,0.0,0.6506241521169496,0.695424579456102,,,EXPLOIT
1626,50,,,0,0,0,0,common,0.0,0.560607330121543,0.6735786928234979,0.5224884042922399,0.0,0.6217314678580625,0.6552231126750705,,,EXPLOIT
1627,50,,,0,0,1,0,rare,0.0,0.31486466841902516,0.6925198225249523,0.46020128353027545,0.0,0.5880006613035921,0.6033984274584939,,,EXPLORE
1628,50,,,0,1,1,0,common,1.0,0.7953379655276336,0.6757219157010826,0.5607422881294829,0.0,0.6051981940307134,0.6304792473643608,,,EXPLOIT
1629,50,,,0,1,1,0,common,1.0,0.516969677592962,0.4871036779514367,0.5476105049685266,0.0,0.5685167958203656,0.5706580635808998,,,EXPLORE
1630,50,,,0,1,1,0,common,0.0,0.6639697095645748,0.3362734404372233,0.582518266347341,0.0,0.5248077534585353,0.4887145014997041,,,EXPLORE
1631,50,,,0,0,1,0,rare,1.0,0.5684196887830264,0.5425479328560157,0.5782886930780466,0.0,0.47184046841712757,0.36960057839905686,,,EXPLORE
1632,50,,,0,0,0,1,common,1.0,0.32372747096025534,0.69313869339819,0.5019203264427092,0.0,0.40632865035114374,0.1806186236278884,,,EXPLORE
1633,50,,,0,0,0,1,common,1.0,0.210422856124166,0.6209879270673261,0.4144710853471462,0.0,0.3232219609022287,0.09090909090909093,,,EXPLORE
1634,50,,,0,0,0,1,common,0.0,0.8632251435192921,0.5201759221522355,0.54909730279879,0.0,0.372180077374318,0.23017705927636645,,,EXPLORE
1635,50,,,0,1,0,1,rare,1.0,0.43890365671246,0.68677837937753,0.516039208972891,0.0,0.2789598331742107,0.09090909090909093,,,EXPLORE
1636,50,,,0,0,0,1,common,1.0,0.285287376863099,0.6557891756039773,0.44681365933995343,0.0,0.15470320643989133,0.09090909090909093,,,EXPLORE
1637,50,,,0,0,1,0,rare,0.0,0.6305272022910329,0.6904464185411916,0.5019277222252773,0.0,0.2314705266515334,0.23017705927636645,,,EXPLORE
1638,50,,,0,0,1,1,rare,0.0,0.06101243978064445,0.619986180315103,0.3696531374918874,0.0,0.09090909090909093,0.09090909090909093,,,EXPLORE
1639,50,,,0,0,0,1,common,1.0,0.1854367949610144,0.4957346303953246,0.31438823473262545,0.0,0.17965545529122232,0.23017705927636645,,,EXPLORE
1640,50,,,0,0,0,1,common,1.0,0.1205339167246594,0.6730218933202858,0.2562319393302356,0.0,0.25195053896963665,0.33155527035247095,,,EXPLORE
1641,50,,,0,0,0,1,common,1.0,0.07834704587102859,0.6856449964604625,0.20286647129247345,0.0,0.31197800201026266,0.40865139461585376,,,EXPLORE
1642,50,,,0,0,0,1,common,1.0,0.05092557981616863,0.6401481490510992,0.157284203849582,0.0,0.3626137856372424,0.46925370836719743,,,EXPLORE
1643,50,,,0,1,0,1,rare,1.0,0.03310162688050966,0.5929657702660878,0.12002943075886029,0.0,0.4059000327452924,0.5181414926281387,,,EXPLOIT
1644,50,,,0,1,1,0,common,1.0,0.5901573185108286,0.6700417224973243,0.26106779708445077,0.0,0.4433268371345312,0.5584101936095955,,,EXPLOIT
1645,50,,,0,0,1,1,rare,0.0,0.039658085857418895,0.6917996808020164,0.1946448837163412,0.0,0.4760069778008542,0.5921529537657815,,,EXPLORE
1646,50,,,0,1,1,0,common,1.0,0.38360225703203865,0.5584818725977309,0.2513320957110504,0.0,0.5047882362938754,0.6208359130085537,,,EXPLOIT
1647,50,,,0,1,1,0,common,1.0,0.24934146707082516,0.5122978944726263,0.25073490711898283,0.0,0.5303278475182935,0.6455166258956538,,,EXPLOIT
1648,50,,,0,1,0,1,rare,1.0,0.021516057472331318,0.481232051767254,0.18196925222498736,0.0,0.5531431856165939,0.6669771225069359,,,EXPLOIT
1649,50,,,0,1,1,0,common,0.0,0.8379280464039637,0.460885298916645,0.3787568904786802,0.0,0.5736470880232013,0.6858081495669813,,,EXPLOIT
1650,50,,,0,1,0,1,rare,1.0,0.013985437357015407,0.6870028238302777,0.26932545454218076,0.0,0.5921729883276855,0.7024642847715783,,,EXPLOIT
1651,50,,,0,1,1,0,common,1.0,0.4553467698374236,0.627354297931042,0.3251318491307536,0.0,0.6089931308257707,0.7173010333450142,,,EXPLOIT
1652,50,,,0,1,1,0,common,1.0,0.29597540039432535,0.5632260927111438,0.3163849145098251,0.0,0.6243319910980096,0.7306004237646555,,,EXPLOIT
1653,50,,,0,1,1,1,common,0.0,0.025777755807322285,0.5155790087211135,0.22920276689907423,0.0,0.6383763127966292,0.7425890580670904,,,EXPLOIT
1654,50,,,0,0,0,1,common,1.0,0.00909053428205997,0.6926566906259743,0.16316909711396996,0.0,0.6512827158657106,0.7534510902583895,,,EXPLOIT
1655,50,,,0,0,1,0,rare,1.0,0.19238401025631147,0.6575306239108066,0.1719335710566724,0.0,0.6631835351894628,0.763337721105509,,,EXPLOIT
1656,50,,,0,0,1,0,rare,1.0,0.12504960666660248,0.5942446183839891,0.15786838173965143,0.0,0.6741913519251206,0.7723742534998811,,,EXPLOIT
1657,50,,,0,0,0,1,common,0.0,0.994091152716661,0.5423732549662323,0.4087352130327543,0.0,0.6844025467383026,0.7806654095703525,,,EXPLOIT
1658,50,,,0,0,0,1,common,1.0,0.3538407507341703,0.6929502211713485,0.3922668743431791,0.0,0.6939001126991532,0.7882993894728533,,,EXPLOIT
1659,50,,,0,0,0,1,common,1.0,0.22999648797721073,0.6556233298292373,0.34358575843338857,0.0,0.7027559017630366,0.7953510060940612,,,EXPLOIT
1660,50,,,0,0,0,1,common,1.0,0.149497717185187,0.5923999971455226,0.2853593460589281,0.0,0.7110324335798719,0.8018841321522703,,,EXPLOIT
1661,50,,,0,0,1,0,rare,0.0,0.9187177556667084,0.5410285662517578,0.47536686894126223,0.0,0.7187843629845116,0.807953629454032,,,EXPLOIT
1662,50,,,0,0,0,1,common,0.0,0.9028264838296285,0.6929887806721141,0.6036047534077721,0.0,0.7260596790176933,0.8136068837988685,,,EXPLOIT
1663,50,,,0,0,0,1,common,1.0,0.4131627855107415,0.6123687590346092,0.5464721630386629,0.0,0.7079375980522971,0.798442157336115,,,EXPLOIT
1664,50,,,0,0,0,1,common,1.0,0.26855581058198197,0.6929561497833037,0.4630972573016585,0.0,0.6874693881069492,0.7807854692653613,,,EXPLOIT
1665,50,,,0,0,0,1,common,1.0,0.17456127687828826,0.6487484158865855,0.3765364631746474,0.0,0.696757399514718,0.788410121426945,,,EXPLOIT
1666,50,,,0,0,0,1,common,0.0,0.8865351700291126,0.5859863211545968,0.529536075230987,0.0,0.7054242705511586,0.7954534516038945,,,EXPLOIT
1667,50,,,0,1,0,1,rare,0.0,0.5762478605189232,0.6891913675992505,0.5435496108173679,0.0,0.6846187631839828,0.7772815669094909,,,EXPLOIT
1668,50,,,0,1,1,0,common,1.0,0.40283345881663957,0.644826024114767,0.5013347652171494,0.0,0.6609086718328311,0.7558041910414219,,,EXPLOIT
1669,50,,,0,1,1,0,common,1.0,0.26184174823081574,0.6864421024804558,0.42948686012124926,0.0,0.6336415849919974,0.7300306093218982,,,EXPLOIT
1670,50,,,0,1,1,0,common,1.0,0.1701971363500302,0.6195034997672622,0.35169994298988355,0.0,0.6469265368257427,0.7420740913204295,,,EXPLOIT
1671,50,,,0,1,0,1,rare,1.0,0.6254388906627,0.54842947364272,0.43382162729172846,0.0,0.6591624515120438,0.7529834395851027,,,EXPLOIT
1672,50,,,0,1,1,0,common,1.0,0.11062813862751963,0.49644208861740313,0.3368635806924658,0.0,0.670468314979145,0.7629111732806048,,,EXPLOIT
1673,50,,,0,1,1,0,common,1.0,0.0719082901078878,0.46175643777352793,0.25737699351709237,0.0,0.6809457746690584,0.7719836373516757,,,EXPLOIT
1674,50,,,0,1,1,0,common,1.0,0.04674038857012708,0.4392034764508279,0.1941860120330028,0.0,0.6906821867247338,0.780306386338726,,,EXPLOIT
1675,50,,,0,1,1,0,common,0.0,0.9696187474294174,0.4246297446610563,0.4268158326519272,0.0,0.6997530423577695,0.7879682918150797,,,EXPLOIT
1676,50,,,0,1,0,1,rare,1.0,0.4065352789307549,0.6764515125181796,0.4207316665355755,0.0,0.7082239161138535,0.7950447130598816,,,EXPLOIT
1677,50,,,0,1,1,0,common,1.0,0.36974781417087865,0.6038252070633592,0.4054365108261664,0.0,0.7161520424498502,0.8015999710901538,,,EXPLOIT
1678,50,,,0,1,0,1,rare,0.0,0.7357520686950093,0.536171010980266,0.5045311781868193,0.0,0.723587600801879,0.8076892983158132,,,EXPLOIT
1679,50,,,0,0,0,0,common,0.0,0.36439476457900294,0.6929316547438493,0.46249025410447436,0.0,0.7051543345704173,0.7915763254881553,,,EXPLOIT
1680,50,,,0,0,1,0,rare,1.0,0.24033607921107114,0.6200062987748032,0.3958440016364534,0.0,0.713277174025064,0.7983846679208354,,,EXPLOIT
1681,50,,,0,0,0,0,common,1.0,0.7631434030236481,0.691481051021918,0.5060338220526118,0.0,0.7208896213858951,0.8047005013230034,,,EXPLOIT
1682,50,,,0,0,0,1,common,0.0,0.4782388446517561,0.6343196819857302,0.49769532883235507,0.0,0.702113548842681,0.7880968686470099,,,EXPLOIT
1683,50,,,0,0,0,0,common,0.0,0.5039567880346287,0.681421726918807,0.49957376659303715,0.0,0.7104314738616642,0.7951636524966587,,,EXPLOIT
1684,50,,,0,0,0,1,common,1.0,0.6891447509763585,0.5884240557628643,0.5564450619080336,0.0,0.7182209481592213,0.8017103120566623,,,EXPLOIT
1685,50,,,0,1,1,0,common,1.0,0.15621845148719626,0.6931461099720755,0.4363770787817824,0.0,0.6991025179734811,0.7846078780073545,,,EXPLOIT
1686,50,,,0,1,1,0,common,1.0,0.10154199346667758,0.6459988000280015,0.33592655318725095,0.0,0.7076157737802762,0.7919383770181866,,,EXPLOIT
1687,50,,,0,1,1,0,common,0.0,0.9339977042466596,0.5742228147430319,0.5153478985050736,0.0,0.7155822991908409,0.7987200891441516,,,EXPLOIT
1688,50,,,0,1,1,0,common,1.0,0.3929014922396712,0.6920732970404424,0.47861397662545285,0.0,0.6961221555561237,0.781110906151681,,,EXPLOIT
1689,50,,,0,1,1,0,common,1.0,0.25538596995578633,0.6540114741241576,0.41164557462455287,0.0,0.7048308611824775,0.7887103014053565,,,EXPLOIT
1690,50,,,0,1,1,1,common,0.0,0.016755541274759485,0.5817660374867388,0.29317856461961483,0.0,0.7129743495072335,0.7957311912739778,,,EXPLOIT
1691,50,,,0,1,0,1,rare,1.0,0.44794408813463304,0.6914272312996426,0.3396082216741203,0.0,0.7206055437657044,0.8022368953256114,,,EXPLOIT
1692,50,,,0,1,0,0,rare,1.0,0.6724280877774913,0.6560977209933772,0.4394541815051316,0.0,0.7277709603546281,0.8082818179161729,,,EXPLOIT
1693,50,,,0,1,0,0,rare,0.0,0.5629217429446306,0.5838115670945843,0.47649444993698126,0.0,0.7345116498703982,0.8139129638922054,,,EXPLOIT
1694,50,,,0,1,1,0,common,0.0,0.8339991195287388,0.6912234353600741,0.5837458508145086,0.0,0.7408639770166932,0.8191711552352231,,,EXPLOIT
1695,50,,,0,0,0,1,common,1.0,0.2911636572875115,0.6104613168067267,0.49597119275640944,0.0,0.7245473039851331,0.8048700635232126,,,EXPLOIT
1696,50,,,0,0,0,1,common,1.0,0.1892563772368825,0.4793646499192543,0.4039567481005513,0.0,0.7314775595029648,0.8107330403864518,,,EXPLOIT
1697,50,,,0,0,1,0,rare,1.0,0.45790057230631975,0.3885378230841331,0.4201398953622818,0.0,0.7380033503754201,0.8162003559067902,,,EXPLOIT
1698,50,,,0,0,1,0,rare,1.0,0.29763537199910783,0.3329664089934954,0.3833885383533296,0.0,0.744158778727889,0.8213105047369927,,,EXPLOIT
1699,50,,,0,0,0,1,common,0.0,0.8769833547960264,0.2992665682644492,0.5314669832861386,0.0,0.7499742180899286,0.8260971449978487,,,EXPLOIT
1700,50,,,0,0,1,0,rare,1.0,0.19346299179942006,0.5735289023759583,0.430065785840123,0.0,0.7347192770245277,0.812833396623181,,,EXPLOIT
1701,50,,,0,0,1,0,rare,0.0,0.874249055330377,0.45113881712994547,0.5633207666871992,0.0,0.7410598143240262,0.8181621523323,,,EXPLOIT
1702,50,,,0,0,1,0,rare,0.0,0.568261885964745,0.6537370029682552,0.564803102470463,0.0,0.7247663583559868,0.8037064586437884,,,EXPLOIT
1703,50,,,0,1,0,1,rare,1.0,0.4299608193825828,0.6919215924580366,0.5243504175440988,0.0,0.7064818219384159,0.7869378866444425,,,EXPLOIT
1704,50,,,0,1,1,0,common,1.0,0.6306297741229157,0.5767412342757141,0.5562342245177438,0.0,0.685818596829198,0.7672541666129186,,,EXPLOIT
1705,50,,,0,1,1,0,common,0.0,0.5900906468201048,0.4457207146377964,0.5663911512084521,0.0,0.6622814850693327,0.7438240471065098,,,EXPLOIT
1706,50,,,0,0,0,1,common,0.0,0.7205254674013212,0.6468314044608736,0.6126314460663127,0.0,0.6352275852655476,0.7154670419452109,,,EXPLOIT
1707,50,,,0,0,0,0,common,0.0,0.3658991329140099,0.5701797347889035,0.5386117521206218,0.0,0.6038067855707937,0.6804485002292925,,,EXPLORE
1708,50,,,0,0,1,0,rare,1.0,0.6164410795669318,0.5097236412673692,0.5619605503545149,0.0,0.5668709662455487,0.6361111864521664,,,EXPLOIT
1709,50,,,0,1,1,0,common,0.0,0.5993132982814943,0.6910806874744946,0.5731663747326087,0.0,0.5228308723629049,0.5781678670977972,,,EXPLORE
1710,50,,,0,1,1,0,common,1.0,0.6104463561170287,0.6596860691724187,0.5843503691479346,0.0,0.4694217314649401,0.49922508532452675,,,EXPLORE
1711,50,,,0,1,1,0,common,1.0,0.3967901314760687,0.6686810277336712,0.5280822978463748,0.0,0.4033016660399913,0.38534770459523787,,,EXPLORE
1712,50,,,0,1,1,1,common,0.0,0.010891101828593666,0.5659089115895265,0.37292493904104046,0.0,0.3193249597674273,0.20676894240022242,,,EXPLORE
1713,50,,,0,0,0,1,common,0.0,0.4683415538108588,0.6920714501083862,0.4015499234719859,0.0,0.36886159631245613,0.31415719517055957,,,EXPLORE
1714,50,,,0,0,0,1,common,1.0,0.6955779900229417,0.6350225063351774,0.48975834343727265,0.0,0.4112778456607362,0.3952147422649541,,,EXPLORE
1715,50,,,0,1,1,0,common,1.0,0.25791358545944465,0.6819678237302291,0.42020491604392424,0.0,0.4480042637709002,0.45856526188741487,,,EXPLORE
1716,50,,,0,0,1,1,rare,0.0,0.007079216188585883,0.6677280498839345,0.2962672060873227,0.0,0.48011224344692083,0.5094372539349081,,,EXPLORE
1717,50,,,0,1,1,0,common,1.0,0.16764383054863907,0.5400880254705405,0.25768019342571763,0.0,0.508420074211073,0.5511851892911805,,,EXPLOIT
1718,50,,,0,1,1,0,common,1.0,0.10896848985661545,0.4310599320627657,0.21306668235498694,0.0,0.5335635150091795,0.586060086573663,,,EXPLOIT
1719,50,,,0,1,0,1,rare,0.0,0.5478743064850878,0.3617741596155093,0.3135089695940172,0.0,0.5560440008624822,0.6156287597340485,,,EXPLOIT
1720,50,,,0,1,1,0,common,1.0,0.07082951840680007,0.614791208725748,0.24070513423785206,0.0,0.5762623382540626,0.6410154172604816,,,EXPLOIT
1721,50,,,0,1,1,0,common,1.0,0.04603918696442,0.48616714870770183,0.18230535005582243,0.0,0.594542742030267,0.6630476410846744,,,EXPLOIT
1722,50,,,0,1,0,1,rare,1.0,0.6438817007846929,0.3959549260730288,0.32077825527448356,0.0,0.611150296486493,0.6823481651029932,,,EXPLOIT
1723,50,,,0,1,0,1,rare,1.0,0.41852310551005034,0.34038753335569427,0.3501017103451536,0.0,0.6263038478988102,0.699394563140093,,,EXPLOIT
1724,50,,,0,1,0,1,rare,1.0,0.2720400185815327,0.306555116675235,0.32668320281606733,0.0,0.6401856647772494,0.714559216123635,,,EXPLOIT
1725,50,,,0,1,1,1,common,0.0,0.004601490522580824,0.285695951649809,0.23005868912802135,0.0,0.6529487733436723,0.7281367633844864,,,EXPLOIT
1726,50,,,0,1,1,0,common,0.0,0.970074528473127,0.5668339550980425,0.45206344093155304,0.0,0.6647225957742842,0.7403633838912367,,,EXPLOIT
1727,50,,,0,1,1,1,common,1.0,0.9970090311603225,0.6874644980745197,0.6155471180001839,0.0,0.675617332340228,0.7514306101930821,,,EXPLOIT
1728,50,,,0,1,1,0,common,1.0,0.3694515564924674,0.5716444053794403,0.541718449547869,0.0,0.6505880053561605,0.7247295754342552,,,EXPLORE
1729,50,,,0,1,0,1,rare,1.0,0.1768260120779963,0.45302390387378966,0.43225071830690714,0.0,0.6216895187743566,0.6919724990916313,,,EXPLOIT
1730,50,,,0,1,1,0,common,1.0,0.24014351172010384,0.3752700574288904,0.3746185563308661,0.0,0.6359530117621491,0.70794381781374,,,EXPLOIT
1731,50,,,0,1,0,0,rare,1.0,0.7621655636058936,0.3278201255205718,0.4908826585133743,0.0,0.6490525156312923,0.7222036062545891,,,EXPLOIT
1732,50,,,0,1,1,0,common,0.0,0.8439067173819325,0.29884284273502165,0.5967898761739416,0.0,0.6611243418173545,0.7350123772827988,,,EXPLOIT
1733,50,,,0,1,0,1,rare,0.0,0.8850630921493023,0.5761432591975657,0.6832718409665498,0.0,0.6338908060016156,0.7046683273046198,,,EXPLOIT
1734,50,,,0,1,1,0,common,1.0,0.45146063370174394,0.688939270760997,0.613728478787108,0.0,0.6022451316050332,0.6669068621821578,,,EXPLORE
1735,50,,,0,1,1,0,common,1.0,0.2934494119061336,0.5755586211275835,0.5176447587228157,0.0,0.5650226280958525,0.6186323547650835,,,EXPLORE
1736,50,,,0,0,0,1,common,1.0,0.4247089901029535,0.45585559622369565,0.489764028136857,0.0,0.5206091245488089,0.5547482187843201,,,EXPLORE
1737,50,,,0,0,1,0,rare,1.0,0.19074211773898686,0.6397668309473987,0.4000574550174959,0.0,0.5444441759959721,0.5890626671351515,,,EXPLOIT
1738,50,,,0,1,1,1,common,0.0,0.35194412974579037,0.6923934352319925,0.3856234574359842,0.0,0.565815706908228,0.6181933109620471,,,EXPLOIT
1739,50,,,0,1,0,1,rare,1.0,0.27606084356691984,0.5893368528725519,0.3527546732752649,0.0,0.5850859573222558,0.6432311373570978,,,EXPLOIT
1740,50,,,0,1,1,0,common,1.0,0.1239823765303415,0.6859978232887886,0.28412298425178784,0.0,0.6025494669576075,0.6649810566725248,,,EXPLOIT
1741,50,,,0,1,0,0,rare,0.0,0.5045923836561692,0.6865695864993451,0.3502638040731022,0.0,0.618448185192732,0.6840499019693697,,,EXPLOIT
1742,50,,,0,1,1,1,common,0.0,0.22876368433476374,0.6078297140049678,0.31381376815160067,0.0,0.6329827071058157,0.7009038278776984,,,EXPLOIT
1743,50,,,0,1,1,0,common,1.0,0.08058854474472199,0.4581306942456722,0.24384620112953703,0.0,0.6463207468403915,0.7159068432113532,,,EXPLOIT
1744,50,,,0,1,1,0,common,1.0,0.05238255408406933,0.644746538177837,0.18640710701589672,0.0,0.6586036095872961,0.7293473362003,,,EXPLOIT
1745,50,,,0,0,0,0,common,1.0,0.67201495062349,0.6930454817858873,0.33208946009817475,0.0,0.6699511928021742,0.7414567421262681,,,EXPLOIT
1746,50,,,0,0,1,0,rare,1.0,0.03404866015464503,0.6721050773937942,0.24267722011511583,0.0,0.6804658923666829,0.7524229412030904,,,EXPLOIT
1747,50,,,0,0,1,0,rare,1.0,0.022131629100519246,0.6406784389416413,0.17651354281073683,0.0,0.6902356835776647,0.7624000442698765,,,EXPLOIT
1748,50,,,0,0,0,1,common,1.0,0.17943954831849784,0.6141242735612454,0.17739134446306512,0.0,0.6993365734169642,0.7715156536285668,,,EXPLOIT
1749,50,,,0,0,0,0,common,1.0,0.43680971790526857,0.5947700466469418,0.2552168564957261,0.0,0.7078345688607777,0.7798763277160883,,,EXPLOIT
1750,50,,,0,0,0,1,common,1.0,0.11663570640702359,0.5814505572029539,0.21364251146911534,0.0,0.7157872691091468,0.787571747469978,,,EXPLOIT
1751,50,,,0,1,1,1,common,1.0,0.8513036051824036,0.572521077398446,0.4049408395831018,0.0,0.7232451629810893,0.7946779305437092,,,EXPLOIT
1752,50,,,0,1,0,1,rare,1.0,0.07581320916456535,0.6426339313425992,0.30620255045754086,0.0,0.7302526932623342,0.8012597379207405,,,EXPLOIT
1753,50,,,0,0,1,0,rare,0.0,0.9856144410846625,0.6740187276784235,0.5100261176456773,0.0,0.736849135424617,0.8073728482344336,,,EXPLOIT
1754,50,,,0,0,1,0,rare,1.0,0.3593506132949693,0.5869132458087122,0.4648234663404649,0.0,0.720052669530696,0.7912082984448856,,,EXPLOIT
1755,50,,,0,0,0,1,common,1.0,0.049278585956967436,0.6666167077570889,0.34016000222541565,0.0,0.7272513659491078,0.7980437612696598,,,EXPLOIT
1756,50,,,0,0,1,0,rare,1.0,0.23357789864173006,0.6908354614373547,0.30818537115031,0.0,0.7340224423913938,0.8043838395064359,,,EXPLOIT
1757,50,,,0,0,0,0,common,0.0,0.7160736833615754,0.6923701484115243,0.43055186481368957,0.0,0.7404025893664952,0.810280215385831,,,EXPLOIT
1758,50,,,0,0,0,1,common,1.0,0.03203108087202888,0.5450204293519367,0.3109956296311913,0.0,0.7464244169546409,0.8157776238251725,,,EXPLOIT
1759,50,,,0,0,0,1,common,0.0,0.9791797974331812,0.6500236097225369,0.5114508799717883,0.0,0.7521170067132368,0.8209149818360624,,,EXPLOIT
1760,50,,,0,1,1,0,common,1.0,0.15182563411712457,0.44753887163026673,0.40356330621538916,0.0,0.7371063668484076,0.8068789941860098,,,EXPLOIT
1761,50,,,0,1,0,1,rare,0.0,0.6364668683315677,0.4104291037252643,0.4734343748502427,0.0,0.7433120978017692,0.8126049276814796,,,EXPLOIT
1762,50,,,0,1,0,1,rare,1.0,0.5862965355844809,0.6629500466793004,0.5072930230705142,0.0,0.7491737633016545,0.8179486739181862,,,EXPLOIT
1763,50,,,0,1,1,0,common,1.0,0.09868666217613098,0.5702563960441036,0.3847111148021992,0.0,0.7338270325152513,0.8034601568079035,,,EXPLOIT
1764,50,,,0,1,0,0,rare,0.0,0.465447894185024,0.49195394998668396,0.40893214861704663,0.0,0.7402183078992504,0.8094202279746346,,,EXPLOIT
1765,50,,,0,0,0,1,common,1.0,0.3810927481299127,0.6846908465164863,0.4005803284709064,0.0,0.7462503481903746,0.8149750025840455,,,EXPLOIT
1766,50,,,0,0,0,1,common,1.0,0.24771028628444325,0.6658094610516304,0.35471931581496746,0.0,0.7519523327142895,0.8201642091892496,,,EXPLOIT
1767,50,,,0,1,0,1,rare,1.0,0.16101168608488814,0.5914729628598174,0.29660702689594365,0.0,0.7573503642517672,0.825022548432675,,,EXPLOIT
1768,50,,,0,1,0,1,rare,1.0,0.10465759595517732,0.6814108888634544,0.23902219761371374,0.0,0.7624678641057459,0.8295804640536198,,,EXPLOIT
1769,50,,,0,0,0,1,common,1.0,0.06802743737086525,0.6916271004146743,0.18772376954085918,0.0,0.7673259078148146,0.8338647762408778,,,EXPLOIT
1770,50,,,0,1,1,0,common,1.0,0.06414633041448514,0.6881546962561891,0.15065053780294696,0.0,0.7719435116622574,0.8378992051747874,,,EXPLOIT
1771,50,,,0,1,1,0,common,1.0,0.04169511476941534,0.6925043821694081,0.11796391089288746,0.0,0.7763378781937247,0.8417048063469723,,,EXPLOIT
1772,50,,,0,1,1,0,common,0.0,0.97289817539988,0.6854819308925248,0.3744441902449852,0.0,0.7805246074263359,0.8453003345280797,,,EXPLOIT
1773,50,,,0,1,0,1,rare,1.0,0.04421783429106241,0.5749668457466912,0.2753762834588084,0.0,0.7845178792152279,0.8487025496649816,,,EXPLOIT
1774,50,,,0,1,0,1,rare,1.0,0.0287415922891906,0.6660855045251733,0.20138587610792302,0.0,0.7883306112704579,0.8519264752366981,,,EXPLOIT
1775,50,,,0,1,1,0,common,1.0,0.36761618599007795,0.6917796703296168,0.2512549690725695,0.0,0.7919745965347276,0.8549856174715104,,,EXPLOIT
1776,50,,,0,1,0,1,rare,0.0,0.9813179650120261,0.6909101010760001,0.4702738678544065,0.0,0.795460622999973,0.8578921521723222,,,EXPLOIT
1777,50,,,0,1,1,0,common,1.0,0.23895052089355073,0.5597800418702822,0.4008768637661497,0.0,0.7987985785271887,0.8606570846000029,,,EXPLOIT
1778,50,,,0,0,0,0,common,0.0,0.3025411312202656,0.6604344881587356,0.3713761440023845,0.0,0.8019975428146395,0.8632903868411735,,,EXPLOIT
1779,50,,,0,0,0,1,common,1.0,0.3621433227421831,0.6388488697681286,0.36860629762432406,0.0,0.8050658683159548,0.8658011162748093,,,EXPLOIT
1780,50,,,0,0,0,1,common,1.0,0.23539315978241904,0.6927471122864977,0.32864235627175253,0.0,0.8080112516266655,0.8681975181038097,,,EXPLOIT
1781,50,,,0,0,0,0,common,0.0,0.19665173529317265,0.6782990482698432,0.28904516997817853,0.0,0.8108407966238372,0.8704871143973758,,,EXPLOIT
1782,50,,,0,0,1,0,rare,1.0,0.15531783858080794,0.6207795273995577,0.24892697055896734,0.0,0.813561070449305,0.8726767816702,,,EXPLOIT
1783,50,,,0,0,0,1,common,1.0,0.1530055538585724,0.6910504562609053,0.22015054554884883,0.0,0.8161781532652808,0.8747728186840193,,,EXPLOIT
1784,50,,,0,0,0,1,common,1.0,0.09945361000807207,0.6820406876863145,0.18394146488661578,0.0,0.8186976825758443,0.8767810058796549,,,EXPLOIT
1785,50,,,0,0,0,0,common,0.0,0.12782362794056223,0.6529532306930829,0.1671061138027997,0.0,0.821124892794352,0.8787066576205732,,,EXPLOIT
1786,50,,,0,0,0,1,common,0.0,0.9353551534947532,0.6444954931328121,0.3975808257103857,0.0,0.8234646506412419,0.8805546682423033,,,EXPLOIT
1787,50,,,0,0,0,1,common,1.0,0.3920191502284105,0.4902859803263903,0.39591232306579316,0.0,0.8257214868760109,0.882329552747904,,,EXPLOIT
1788,50,,,0,0,0,1,common,1.0,0.2548124476484668,0.6571455433007547,0.3535823604405952,0.0,0.8278996247987584,0.884035482861896,,,EXPLOIT
1789,50,,,0,1,0,1,rare,0.0,0.8343719090284966,0.6930441717138931,0.4978192250169656,0.0,0.8300030058985761,0.8856763190487653,,,EXPLOIT
1790,50,,,0,1,1,0,common,1.0,0.10095659507752519,0.5733153426815265,0.3787604360351335,0.0,0.8320353129765343,0.8872556390133415,,,EXPLOIT
1791,50,,,0,0,0,0,common,0.0,0.08308535816136545,0.6816477893783861,0.29005791267300307,0.0,0.8339999910286799,0.8887767631259301,,,EXPLOIT
1792,50,,,0,1,0,1,rare,0.0,0.5423417408685227,0.6321654437345028,0.36574306113165894,0.0,0.8359002661381847,0.8902427771524908,,,EXPLOIT
1793,50,,,0,1,1,0,common,1.0,0.06562178680039144,0.6882561472497994,0.2757066788322787,0.0,0.8377391625946053,0.891656552617338,,,EXPLOIT
1794,50,,,0,1,0,0,rare,0.0,0.05400548280488754,0.6495169119217218,0.20919632002406133,0.0,0.8395195184313702,0.8930207650811378,,,EXPLOIT
1795,50,,,0,1,0,1,rare,0.0,0.35252213156453976,0.6838372493127305,0.2521940634862049,0.0,0.8412439995494129,0.8943379105790269,,,EXPLOIT
1796,50,,,0,1,1,1,common,0.0,0.44665265663143766,0.6112481304182865,0.3105316414297747,0.0,0.842915112574812,0.8956103204313541,,,EXPLOIT
1797,50,,,0,1,0,1,rare,1.0,0.7708606144830492,0.5375743537517725,0.44863033334575697,0.0,0.8445352165808774,0.8968401746119629,,,EXPLOIT
1798,50,,,0,1,1,0,common,1.0,0.042654161420254466,0.6927343330891156,0.32683748176810623,0.0,0.8461065337899918,0.8980295138352876,,,EXPLOIT
1799,50,,,0,1,0,1,rare,0.0,0.498940600586018,0.6361170784278495,0.37846841741347975,0.0,0.8476311593573221,0.8991802505032693,,,EXPLOIT
1800,50,,,0,1,1,0,common,1.0,0.027725204923165436,0.6874183865282938,0.2732454536663854,0.0,0.8491110703270038,0.9002941786356232,,,EXPLOIT
1801,50,,,0,1,1,0,common,1.0,0.018021383200057528,0.6509780984886919,0.19667823252648703,0.0,0.8505481338413179,0.901372982891933,,,EXPLOIT
1802,50,,,0,1,1,0,common,1.0,0.011713899080037393,0.5581430920463368,0.14118893249255213,0.0,0.8519441146745598,0.9024182467810176,,,EXPLOIT
1803,50,,,0,1,1,0,common,1.0,0.00761403440202435,0.48391326847250304,0.10111646306539378,0.0,0.8533006821555282,0.90343146014172,,,EXPLOIT
1804,50,,,0,1,0,0,rare,0.0,0.035103563823176906,0.43430671063499093,0.08131259329272872,0.0,0.8546194165357505,0.9044140259694574,,,EXPLOIT
1805,50,,,0,1,1,0,common,1.0,0.004949122361315839,0.6709069589243429,0.058403552013304855,0.0,0.8559018148545322,0.9053672666543245,,,EXPLOIT
1806,50,,,0,1,1,1,common,0.0,0.29032422681043446,0.5801589546721497,0.12797975445244375,0.0,0.8571492963466151,0.9062924296890932,,,EXPLOIT
1807,50,,,0,1,1,0,common,1.0,0.003216929534855306,0.693134236336397,0.09055090697716721,0.0,0.8583632074335231,0.9071906928989255,,,EXPLOIT
1808,50,,,0,1,0,1,rare,1.0,0.6756886096190883,0.6312877177888653,0.2660922177697435,0.0,0.8595448263355151,0.9080631692389156,,,EXPLOIT
1809,50,,,0,1,1,0,common,0.0,0.997908995802344,0.5399225527563436,0.48563725117952367,0.0,0.8606953673373654,0.9089109112005597,,,EXPLOIT
1810,50,,,0,1,0,1,rare,1.0,0.4391975962524074,0.6914528520598981,0.47170535470138875,0.0,0.8618159847379159,0.909734914863844,,,EXPLOIT
1811,50,,,0,1,0,1,rare,1.0,0.2854784375640649,0.6176051783156339,0.41583727956019156,0.0,0.8629077765104097,0.9105361236277651,,,EXPLOIT
1812,50,,,0,0,0,1,common,1.0,0.18556098441664215,0.5283936184498088,0.3467543910171267,0.0,0.863971787698023,0.9113154316486646,,,EXPLOIT
1813,50,,,0,1,0,1,rare,1.0,0.12061463987081744,0.659755466336943,0.2789124656732339,0.0,0.8650090135666724,0.9120736870127321,,,EXPLOIT
1814,50,,,0,1,1,0,common,0.0,0.6486408472715237,0.6159763142717282,0.3898309801527209,0.0,0.8660204025351079,0.9128116946663506,,,EXPLOIT
1815,50,,,0,1,1,0,common,0.0,0.4216165507264904,0.6743355560369291,0.3993666513248517,0.0,0.8670068589004267,0.9135302191255792,,,EXPLOIT
1816,50,,,0,1,1,0,common,1.0,0.7259492420277812,0.5457200608147418,0.4973414285357306,0.0,0.8679692453754855,0.9142299869839484,,,EXPLOIT
1817,50,,,0,0,1,0,rare,1.0,0.47186700731805775,0.6827983323716004,0.4896991021704287,0.0,0.8689083854531805,0.9149116892358753,,,EXPLOIT
1818,50,,,0,0,0,1,common,1.0,0.07839951591603134,0.6248949457251303,0.3663092262941095,0.0,0.8698250656112244,0.9155759834313163,,,EXPLOIT
1819,50,,,0,0,1,0,rare,0.0,0.6932864452432624,0.5670792875583894,0.46440239197885536,0.0,0.8707200373698342,0.9162234956757921,,,EXPLOIT
1820,50,,,0,0,0,1,common,0.0,0.9490403146545796,0.6912532690230202,0.6097937687815727,0.0,0.871594019213652,0.9168548224885756,,,EXPLOIT
1821,50,,,0,0,0,1,common,1.0,0.38312379547452324,0.6008648641771148,0.5417927767894578,0.0,0.8670198840329744,0.9134714873725271,,,EXPLOIT
1822,50,,,0,0,1,0,rare,1.0,0.5493638105918794,0.6931375267387673,0.5440640869301843,0.0,0.8621587436822642,0.9098393681749974,,,EXPLOIT
1823,50,,,0,1,1,1,common,1.0,0.8112892525732176,0.6538597159259696,0.6242316366230942,0.0,0.8569829808269851,0.9059301820163885,,,EXPLOIT
1824,50,,,0,1,0,1,rare,1.0,0.24903046705844012,0.693143101682259,0.5116712857536979,0.0,0.8514613176842575,0.9017111902644561,,,EXPLOIT
1825,50,,,0,1,0,0,rare,0.0,0.02281731648506499,0.6753038608124797,0.365015094973108,0.0,0.8455581887766449,0.8971442850877033,,,EXPLOIT
1826,50,,,0,1,1,1,common,0.0,0.47266198582740854,0.6234083846300786,0.39730916222939816,0.0,0.8470990383493043,0.8983236996818821,,,EXPLOIT
1827,50,,,0,0,1,0,rare,1.0,0.3570864768847216,0.4692322809729538,0.38524235662599515,0.0,0.8485944895043676,0.8994649755979164,,,EXPLOIT
1828,50,,,0,0,0,1,common,1.0,0.16186980358798608,0.3858336762132291,0.31823059071459237,0.0,0.8500464472237391,0.9005698784189905,,,EXPLOIT
1829,50,,,0,0,0,1,common,1.0,0.10521537233219092,0.3347126690021027,0.2543260251998719,0.0,0.8514567115390818,0.9016400665146186,,,EXPLOIT
1830,50,,,0,1,1,0,common,1.0,0.23210620997506903,0.30352483929308827,0.24766008063243106,0.0,0.8528269846629253,0.9026770990584778,,,EXPLOIT
1831,50,,,0,0,0,1,common,1.0,0.0683899920159241,0.49807041375826555,0.19387905404747896,0.0,0.854158877546105,0.9036824433373137,,,EXPLOIT
1832,50,,,0,0,0,1,common,0.0,0.9555465051896493,0.47494410307132867,0.42237928939013003,0.0,0.8554539159146634,0.9046574814229785,,,EXPLOIT
1833,50,,,0,0,0,1,common,0.0,0.6211052283732721,0.6896369424481941,0.4819970710850726,0.0,0.8567135458337871,0.9056035162714272,,,EXPLOIT
1834,50,,,0,0,1,0,rare,1.0,0.1508690364837949,0.6357144637444291,0.38265866070468924,0.0,0.8579391388414586,0.9065217773052714,,,EXPLOIT
1835,50,,,0,0,0,1,common,1.0,0.5962816015573731,0.6907500104132134,0.4467455429604944,0.0,0.8591319966901446,0.9074134255302077,,,EXPLOIT
1836,50,,,0,0,0,1,common,1.0,0.3875830410122926,0.6381169068194861,0.42899679237603383,0.0,0.8602933557310029,0.9082795582300983,,,EXPLOIT
1837,50,,,0,0,0,1,common,1.0,0.2519289766579902,0.5749977488976022,0.3758764476606207,0.0,0.8614243909716541,0.9091212132806411,,,EXPLOIT
1838,50,,,0,0,0,1,common,1.0,0.16375383482769368,0.5268016900062091,0.3122396638107426,0.0,0.862526219835533,0.9099393731172941,,,EXPLOIT
1839,50,,,0,0,1,1,rare,0.0,0.30723029078781555,0.4939002142328648,0.31073685190386446,0.0,0.863599905648109,0.910734968389355,,,EXPLOIT
1840,50,,,0,0,1,0,rare,1.0,0.0980648737144667,0.691562774941703,0.24693525844704514,0.0,0.8646464608728521,0.9115088813287867,,,EXPLOIT
1841,50,,,0,0,0,1,common,1.0,0.10643999263800086,0.6406623643143611,0.20478667870433187,0.0,0.8656668501176562,0.912261948859428,,,EXPLOIT
1842,50,,,0,0,0,1,common,0.0,0.9308140047852994,0.5771900739500275,0.4225948765286221,0.0,0.8666619929304896,0.912994965469638,,,EXPLOIT
1843,50,,,0,0,0,1,common,1.0,0.39497089688955533,0.6906689987518124,0.41430768263690204,0.0,0.8676327664013188,0.9137086858691109,,,EXPLOIT
1844,50,,,0,0,1,0,rare,1.0,0.06374216791440335,0.6627386786290954,0.3091380282201524,0.0,0.8685800075857824,0.9144038274485446,,,EXPLOIT
1845,50,,,0,0,0,1,common,1.0,0.256731082978211,0.5979198519345282,0.29341594464757,0.0,0.8695045157647076,0.9150810725590206,,,EXPLOIT
1846,50,,,0,0,0,1,common,0.0,0.8331247960641628,0.543319769945616,0.45532860007254783,0.0,0.8704070545522884,0.9157410706263287,,,EXPLOIT
1847,50,,,0,0,0,1,common,1.0,0.4584688825582941,0.6929996728718024,0.45627068481827165,0.0,0.8712883538646284,0.9163844401140132,,,EXPLOIT
1848,50,,,0,0,0,1,common,1.0,0.29800477366289124,0.6540963893450447,0.4087909114716575,0.0,0.8721491117593143,0.9170117703476188,,,EXPLOIT
1849,50,,,0,0,0,1,common,1.0,0.19370310288087933,0.5893634478011691,0.34426456889442403,0.0,0.8729899961557739,0.9176236232114537,,,EXPLOIT
1850,50,,,0,0,0,1,common,1.0,0.12590701687257155,0.5370618205573428,0.27875730328786824,0.0,0.8738116464453369,0.9182205347281432,,,EXPLOIT
1851,50,,,0,0,0,1,common,1.0,0.08183956096717149,0.5007608258110066,0.2196819805916592,0.0,0.8746146749991589,0.9188030165303125,,,EXPLOIT
1852,50,,,0,0,1,0,rare,1.0,0.04143240914436219,0.47670681880384996,0.16620710915747008,0.0,0.8753996685814897,0.9193715572328964,,,EXPLOIT
1853,50,,,0,0,0,1,common,1.0,0.05319571462866146,0.4610061032022075,0.13230369079882748,0.0,0.8761671896751463,0.9199266237138171,,,EXPLOIT
1854,50,,,0,0,0,1,common,1.0,0.03457721450862994,0.4508051686169883,0.1029857479117682,0.0,0.8769177777254877,0.9204686623100893,,,EXPLOIT
1855,50,,,0,0,0,0,common,1.0,0.9851687442847078,0.444184774998199,0.36764064682365005,0.0,0.8776519503086793,0.9209980999357988,,,EXPLOIT
1856,50,,,0,0,0,1,common,1.0,0.022475189430609444,0.4398880114726118,0.2640910096057379,0.0,0.8783702042295676,0.9215153451278418,,,EXPLOIT
1857,50,,,0,0,0,1,common,1.0,0.014608873129896116,0.43709843754321287,0.18924636866298533,0.0,0.8790730165540646,0.922020789024814,,,EXPLOIT
1858,50,,,0,0,0,1,common,1.0,0.009495767534432487,0.4352867739714126,0.13532118832441947,0.0,0.8797608455805545,0.9225148062839832,,,EXPLOIT
1859,50,,,0,0,0,0,common,1.0,0.64035968378506,0.4341098937187742,0.28683273696261163,0.0,0.8804341317544842,0.9229977559408646,,,EXPLOIT
1860,50,,,0,0,0,0,common,0.0,0.5837662055397109,0.43334522923575813,0.37591277753574137,0.0,0.8810932985299755,0.9234699822155507,,,EXPLOIT
1861,50,,,0,1,1,0,common,1.0,0.02693106594383543,0.682823856454804,0.27121826405816957,0.0,0.8817387531820072,0.9239318152695989,,,EXPLOIT
1862,50,,,0,1,1,0,common,1.0,0.017505192863493058,0.6817507415298272,0.1951043426997666,0.0,0.8823708875724428,0.9243835719169837,,,EXPLOIT
1863,50,,,0,1,1,0,common,1.0,0.01137837536127051,0.6371748889704556,0.13998655249821776,0.0,0.8829900788729335,0.9248255562923304,,,EXPLOIT
1864,50,,,0,1,0,1,rare,0.0,0.9938277511026189,0.5939527977234401,0.3961389120795381,0.0,0.8835966902475073,0.9252580604793942,,,EXPLOIT
1865,50,,,0,1,1,0,common,0.0,0.9926040560151742,0.6821639864080875,0.5750784552602289,0.0,0.8841910714974383,0.9256813651025191,,,EXPLOIT
1866,50,,,0,0,1,0,rare,0.0,0.6451926364098632,0.5615771916494652,0.5961127096051192,0.0,0.8803622203166287,0.9229050589191916,,,EXPLOIT
1867,50,,,0,0,0,0,common,0.0,0.37944803360081214,0.6884771077409702,0.5311133068038271,0.0,0.8763138261261277,0.9199443421623525,,,EXPLOIT
1868,50,,,0,0,0,1,common,1.0,0.35401196178329775,0.6738452922008057,0.47798290329766824,0.0,0.87202667189598,0.9167803752846424,,,EXPLOIT
1869,50,,,0,1,1,1,common,1.0,0.8003003109879199,0.6474063439332997,0.5746781256047437,0.0,0.8728703718245964,0.9173979184568241,,,EXPLOIT
1870,50,,,0,1,1,0,common,1.0,0.5806247863335889,0.6848999169528474,0.5764621238233973,0.0,0.8683747605579089,0.9140536847136957,,,EXPLOIT
1871,50,,,0,1,1,1,common,0.0,0.4798047978578521,0.6142466808756917,0.5474649260337338,0.0,0.8635995449207513,0.9104650141105582,,,EXPLOIT
1872,50,,,0,1,1,0,common,1.0,0.37740611111683275,0.6881116873409683,0.4964472815586634,0.0,0.8585180676035572,0.9066042928775644,,,EXPLOIT
1873,50,,,0,1,0,1,rare,1.0,0.2301077751591436,0.659267307852023,0.4165454296388075,0.0,0.859695593550331,0.9074935663358648,,,EXPLOIT
1874,50,,,0,1,1,0,common,1.0,0.2453139722259413,0.581259121274846,0.3651759924149476,0.0,0.8608421944254027,0.9083574214541491,,,EXPLOIT
1875,50,,,0,1,0,1,rare,0.0,0.8504299461465566,0.5164419915708924,0.5107521785344302,0.0,0.8619590170307274,0.9091968908854438,,,EXPLOIT
1876,50,,,0,1,1,1,common,0.0,0.31187311860760386,0.6915157890555452,0.4510884605563823,0.0,0.8567701153099196,0.9052376153346364,,,EXPLOIT
1877,50,,,0,0,0,0,common,0.0,0.2466412218405279,0.6407526755206208,0.38975428894162595,0.0,0.8579941890708397,0.9061665756917944,,,EXPLOIT
1878,50,,,0,0,1,0,rare,1.0,0.15945408194686184,0.6924572673793581,0.32066422684319673,0.0,0.8591855853925552,0.9070684778893097,,,EXPLOIT
1879,50,,,0,0,1,0,rare,1.0,0.1036451532654602,0.6112726199262251,0.25555850476987574,0.0,0.8603455377454694,0.9079444435505302,,,EXPLOIT
1880,50,,,0,0,1,0,rare,0.0,0.9326306503774509,0.4878854908116233,0.4586801484521482,0.0,0.8614752184340178,0.9087955332498745,,,EXPLOIT
1881,50,,,0,0,0,1,common,1.0,0.44722053500473824,0.6704583743450827,0.45524226441792515,0.0,0.8625757423430418,0.9096227506117198,,,EXPLOIT
1882,50,,,0,0,0,1,common,1.0,0.29069334775307987,0.54670001358335,0.4058775894184715,0.0,0.8636481704121296,0.9104270460834125,,,EXPLOIT
1883,50,,,0,0,1,0,rare,1.0,0.393790077254657,0.44015705526875787,0.4022513357693271,0.0,0.8646935128606884,0.9112093204122317,,,EXPLOIT
1884,50,,,0,0,1,0,rare,1.0,0.2559635502155271,0.3717138928450347,0.35836500010318706,0.0,0.8657127321843691,0.9119704278530594,,,EXPLOIT
1885,50,,,0,0,1,0,rare,0.0,0.8336236923599074,0.3297666299251192,0.5009426077802032,0.0,0.8667067459415341,0.9127111791307762,,,EXPLOIT
1886,50,,,0,0,1,0,rare,1.0,0.45814459996606016,0.6001556897261291,0.48810320543596025,0.0,0.861825637333694,0.9090219190264462,,,EXPLOIT
1887,50,,,0,0,0,1,common,1.0,0.18895067603950189,0.4790060659124717,0.3983574466170227,0.0,0.8629171821834877,0.9098428357992888,,,EXPLOIT
1888,50,,,0,0,0,1,common,0.0,0.8771820605743238,0.39592107126817716,0.542004830804213,0.0,0.8639809553462701,0.9106410794371965,,,EXPLOIT
1889,50,,,0,1,1,0,common,1.0,0.29779398997793916,0.6354178507335713,0.46874157855633086,0.0,0.8589242914724179,0.906793941374918,,,EXPLOIT
1890,50,,,0,1,0,1,rare,0.0,0.5701683393733105,0.688509266243635,0.49916960680142475,0.0,0.8600911095285375,0.9076777672494233,,,EXPLOIT
1891,50,,,0,1,0,1,rare,1.0,0.6293905794073482,0.6464221409560156,0.5382358985832018,0.0,0.8612274011830496,0.9085363972662421,,,EXPLOIT
1892,50,,,0,1,1,0,common,1.0,0.19356609348566045,0.6859309348937733,0.4348349570539394,0.0,0.8559902274843567,0.9045252887838526,,,EXPLOIT
1893,50,,,0,1,1,0,common,0.0,0.8741820392343207,0.6182691663790905,0.5666390817080538,0.0,0.8572353168931613,0.905475233325324,,,EXPLOIT
1894,50,,,0,0,1,0,rare,1.0,0.43178167449769145,0.6866603765868737,0.526181859544945,0.0,0.8517307791002771,0.9012194028392028,,,EXPLOIT
1895,50,,,0,0,0,1,common,1.0,0.4091038766147763,0.6055606701854833,0.49105846466589437,0.0,0.84584656490232,0.8966110244218111,,,EXPLOIT
1896,50,,,0,0,1,0,rare,1.0,0.2806580884234995,0.5198348544865041,0.42793835179317585,0.0,0.8473788728631132,0.8978078664858666,,,EXPLOIT
1897,50,,,0,0,0,1,common,0.0,0.7340824802003953,0.45893740444806097,0.5197815903153417,0.0,0.8488661428431616,0.8989657541075478,,,EXPLOIT
1898,50,,,0,0,1,0,rare,0.0,0.8175722425247254,0.6780650963546231,0.6091187859781567,0.0,0.8427792743969061,0.8941648620551874,,,EXPLOIT
1899,50,,,0,0,1,0,rare,1.0,0.4685780423589285,0.6690700734636381,0.5669565628923883,0.0,0.8362502547280822,0.8889403614096765,,,EXPLOIT
1900,50,,,0,0,0,1,common,1.0,0.522846387869743,0.669579603853229,0.5537235103855946,0.0,0.8292294591316417,0.8832339001121992,,,EXPLOIT
1901,50,,,0,0,0,0,common,0.0,0.16031679419634315,0.5794701658648613,0.43570149552881915,0.0,0.8216595484978934,0.8769758932464354,,,EXPLOIT
1902,50,,,0,0,1,0,rare,1.0,0.30457572753330353,0.6931267576704916,0.3963637651301644,0.0,0.8239802385680921,0.878893620327793,,,EXPLOIT
1903,50,,,0,0,0,1,common,0.0,0.660149847884667,0.6323316683024515,0.47549958995651515,0.0,0.8262189844888967,0.8807341711174277,,,EXPLOIT
1904,50,,,0,0,0,1,common,1.0,0.5709025988749664,0.6879799732851473,0.5041204926320505,0.0,0.8283799439196958,0.8825020249776476,,,EXPLOIT
1905,50,,,0,1,1,0,common,0.0,0.8020257771033527,0.6506803488678838,0.5934920779734411,0.0,0.82074215980625,0.8761713742486812,,,EXPLOIT
1906,50,,,0,1,1,1,common,0.0,0.2027175270949425,0.5265093705024323,0.4762597127098915,0.0,0.812480228120305,0.8691941898481773,,,EXPLOIT
1907,50,,,0,1,1,0,common,1.0,0.47868324488282077,0.4294533364067523,0.47698677236177023,0.0,0.8151380931894662,0.8714400322253798,,,EXPLOIT
1908,50,,,0,1,0,1,rare,1.0,0.3710866892687281,0.6517291591304103,0.4452167474338576,0.0,0.8176961889951712,0.8735887197471391,,,EXPLOIT
1909,50,,,0,0,0,1,common,1.0,0.24120634802467333,0.6907887334358747,0.38401362761110225,0.0,0.82015990752034,0.8756463215785404,,,EXPLOIT
1910,50,,,0,0,0,1,common,1.0,0.15678412621603766,0.6752162774526247,0.31584477719258286,0.0,0.8225342592919771,0.877618411835354,,,EXPLOIT
1911,50,,,0,0,0,1,common,0.0,0.8980903179595755,0.6323157295314074,0.4905184394226806,0.0,0.8248239065309237,0.8795101190533714,,,EXPLOIT
1912,50,,,0,0,1,0,rare,1.0,0.3111441091738335,0.6673356665847718,0.43670614034802646,0.0,0.8270331929036647,0.8813261698419085,,,EXPLOIT
1913,50,,,0,0,0,1,common,0.0,0.5837587066737241,0.6894493864399376,0.48082191024573573,0.0,0.8291661702757103,0.883070927503837,,,EXPLOIT
1914,50,,,0,0,0,0,common,1.0,0.895794083772377,0.6162923897902071,0.605313562303728,0.0,0.8312266228132833,0.8847484262864911,,,EXPLOIT
1915,50,,,0,0,0,1,common,1.0,0.6205568406620794,0.6927109706127119,0.6098865458112334,0.0,0.8238150612735418,0.8786393686610648,,,EXPLOIT
1916,50,,,0,0,0,0,common,0.0,0.41773384554795495,0.6702308801089533,0.5522407357322499,0.0,0.8158072562546689,0.8719181153817598,,,EXPLOIT
1917,50,,,0,0,1,0,rare,0.0,0.7977563290370082,0.6434585847325529,0.6258954137236774,0.0,0.8071286993787357,0.8644881841569002,,,EXPLOIT
1918,50,,,0,1,1,0,common,1.0,0.4814583861259447,0.5086824650634757,0.5825643054443576,0.0,0.7976919287068722,0.8562316946625911,,,EXPLOIT
1919,50,,,0,1,0,1,rare,1.0,0.4033619464303515,0.4038352058349287,0.5288035977401557,0.0,0.7873935857796288,0.8470030881878905,,,EXPLOIT
1920,50,,,0,1,1,0,common,0.0,0.687052049018136,0.3391382893716833,0.5762781331235498,0.0,0.7761106321203083,0.8366204973882226,,,EXPLOIT
1921,50,,,0,0,0,1,common,1.0,0.2621852651797285,0.5964055178196186,0.4820502727404034,0.0,0.7636954311266698,0.8248536721336821,,,EXPLOIT
1922,50,,,0,1,1,0,common,1.0,0.5534161681382116,0.6931090709538861,0.5034600413597459,0.0,0.7684921791713075,0.8294218785522454,,,EXPLOIT
1923,50,,,0,1,0,1,rare,1.0,0.17042042236682353,0.649812738667636,0.40354815566186913,0.0,0.7552806409293218,0.81664135121292,,,EXPLOIT
1924,50,,,0,1,0,1,rare,1.0,0.11077327453843533,0.5812724116702014,0.31571569132483895,0.0,0.7605048719007002,0.8217231881149061,,,EXPLOIT
1925,50,,,0,1,1,0,common,1.0,0.35972050928983756,0.5267334198396987,0.32891713671433853,0.0,0.7654616905272507,0.8264841389534059,,,EXPLOIT
1926,50,,,0,1,1,0,common,1.0,0.23381833103839444,0.4892135291078673,0.30038749501155526,0.0,0.7701708845592451,0.8309534476289361,,,EXPLOIT
1927,50,,,0,1,1,0,common,1.0,0.1519819151749564,0.46448958772329896,0.2558658210605756,0.0,0.7746503367174428,0.8351569095112057,,,EXPLOIT
1928,50,,,0,1,1,0,common,1.0,0.09878824486372162,0.4484087277362542,0.20874254820151938,0.0,0.7789162485656854,0.8391173652153737,,,EXPLOIT
1929,50,,,0,1,1,0,common,1.0,0.0642123591614191,0.43798461607221484,0.16538349148948928,0.0,0.782983333537941,0.8428551118988973,,,EXPLOIT
1930,50,,,0,1,1,0,common,1.0,0.04173803345492244,0.43122933828307103,0.12828985407911922,0.0,0.7868649839667717,0.8463882477170077,,,EXPLOIT
1931,50,,,0,1,1,0,common,0.0,0.9728702782543004,0.4268492099458495,0.38166398133167356,0.0,0.7905734161088651,0.8497329617756871,,,EXPLOIT
1932,50,,,0,1,1,0,common,1.0,0.3676343191347047,0.679819285712506,0.3774550826725829,0.0,0.7941197964765453,0.8529037793847615,,,EXPLOIT
1933,50,,,0,0,0,1,common,1.0,0.07200262844998295,0.6144341681625993,0.28581934640580287,0.0,0.7975143522274389,0.8559137704492727,,,EXPLOIT
1934,50,,,0,0,0,1,common,1.0,0.04680170849248888,0.6874723737116415,0.21411405503180866,0.0,0.8007664679109472,0.8587747273049028,,,EXPLOIT
1935,50,,,0,0,1,0,rare,1.0,0.23896230743755809,0.68888585053866,0.22156853075353347,0.0,0.8038847704990288,0.8614973170998327,,,EXPLOIT
1936,50,,,0,0,0,1,common,1.0,0.030421110520117756,0.669079127928521,0.16422430468350876,0.0,0.8068772043237358,0.8640912128743641,,,EXPLOIT
1937,50,,,0,0,0,1,common,1.0,0.019773721838076574,0.6483432515741125,0.12088912982987911,0.0,0.809751097292144,0.8665652067334736,,,EXPLOIT
1938,50,,,0,0,0,1,common,0.0,0.9871470808052503,0.6319771803935956,0.38076651512249043,0.0,0.8125132195406509,0.8689273079028056,,,EXPLOIT
1939,50,,,0,0,1,0,rare,1.0,0.1553254998344128,0.6491719931556355,0.3131342105360671,0.0,0.8151698355170106,0.8711848279724591,,,EXPLOIT
1940,50,,,0,0,0,1,common,1.0,0.35835439747658726,0.6925275952090775,0.3267002666182231,0.0,0.8177267503335173,0.8733444552400238,,,EXPLOIT
1941,50,,,0,0,0,1,common,1.0,0.2329303583597817,0.6835693508100373,0.29856929414069067,0.0,0.8201893511132888,0.8754123197452169,,,EXPLOIT
1942,50,,,0,0,1,0,rare,1.0,0.10096157489236834,0.6622909877855546,0.23928697836619395,0.0,0.8225626439494482,0.8773940503280603,,,EXPLOIT
1943,50,,,0,0,0,0,common,0.0,0.2715269996061707,0.6427072738070465,0.24895898473818695,0.0,0.8248512870108555,0.8792948248291019,,,EXPLOIT
1944,50,,,0,0,0,1,common,0.0,0.8485952670661419,0.6426629447419208,0.4288498694365734,0.0,0.8270596202551089,0.8811194143744403,,,EXPLOIT
1945,50,,,0,0,0,1,common,0.0,0.5515869235929922,0.4750368101277358,0.46567098568349896,0.0,0.8291916921476491,0.8828722225430621,,,EXPLOIT
1946,50,,,0,1,0,1,rare,0.0,0.35853150033544495,0.3546725232537549,0.4335291400790828,0.0,0.8312512837330949,0.8845573200934336,,,EXPLOIT
1947,50,,,0,1,1,0,common,1.0,0.06562502368003942,0.5870764817992621,0.32315790515936976,0.0,0.8332419303599521,0.886178475825852,,,EXPLOIT
1948,50,,,0,1,1,0,common,1.0,0.042656265392025605,0.43580284157448207,0.2390074132291665,0.0,0.8351669413213212,0.887739184073088,,,EXPLOIT
1949,50,,,0,1,0,0,rare,1.0,0.823507450255989,0.33833621594808805,0.41435742433721323,0.0,0.8370294176411637,0.8892426892413848,,,EXPLOIT
1950,50,,,0,1,1,0,common,1.0,0.027726572504816693,0.2815498370132614,0.2983681687874942,0.0,0.8388322682072394,0.8906920077645589,,,EXPLOIT
1951,50,,,0,1,1,0,common,1.0,0.0180222721281309,0.24818691397985437,0.21426439978968523,0.0,0.8405782244272781,0.8920899477838488,,,EXPLOIT
1952,50,,,0,1,1,0,common,1.0,0.011714476883285085,0.2280814275973198,0.15349942291776517,0.0,0.8422698535637235,0.8934391268237029,,,EXPLOIT
1953,50,,,0,1,1,0,common,0.0,0.9923855900258647,0.21568506459311562,0.405165273050195,0.0,0.8439095708839935,0.8947419876976251,,,EXPLOIT
1954,50,,,0,1,0,1,rare,1.0,0.7669545247819608,0.4798620100164395,0.5137020485697247,0.0,0.8454996507472129,0.8960008128474549,,,EXPLOIT
1955,50,,,0,0,1,1,rare,1.0,0.8682336073882874,0.3647394227894094,0.6200615162152935,0.0,0.8391701826115403,0.8909404822509628,,,EXPLOIT
1956,50,,,0,0,0,0,common,0.0,0.4647201573336071,0.5897849235158048,0.5734591085507875,0.0,0.832371564634589,0.8854211224815419,,,EXPLOIT
1957,50,,,0,1,1,0,common,1.0,0.354949366483188,0.4339680621082924,0.5079061859305076,0.0,0.8250500121367405,0.8793776271219693,,,EXPLOIT
1958,50,,,0,1,1,0,common,1.0,0.23071708821407222,0.36017211104902835,0.424749456615577,0.0,0.8171431927860707,0.8727319665207511,,,EXPLOIT
1959,50,,,0,1,1,0,common,0.0,0.850033892660853,0.315481559460067,0.5523347874291598,0.0,0.819627176372564,0.8748256683212783,,,EXPLOIT
1960,50,,,0,0,0,1,common,1.0,0.49852044110827454,0.5841259635446204,0.5361904835328941,0.0,0.8112720313306625,0.867706838901113,,,EXPLOIT
1961,50,,,0,0,0,0,common,0.0,0.30206810226684466,0.6926969675951874,0.46595376915307923,0.0,0.8022013172175054,0.8598140018252461,,,EXPLOIT
1962,50,,,0,0,0,1,common,0.0,0.6759617132796215,0.609414622159461,0.5289561523910419,0.0,0.8052614061348021,0.8624871228423768,,,EXPLOIT
1963,50,,,0,1,1,0,common,1.0,0.4474779697704455,0.5034762260441196,0.504512697604863,0.0,0.7956572278305359,0.8540002280776646,,,EXPLOIT
1964,50,,,0,1,1,0,common,1.0,0.2908606803507896,0.3746204449889066,0.4404170924286409,0.0,0.7851680296566927,0.8444991378111196,,,EXPLOIT
1965,50,,,0,1,1,0,common,0.0,0.8109405577719868,0.2984382950953094,0.5515741320316446,0.0,0.788951735889715,0.8479439941547532,,,EXPLOIT
1966,50,,,0,0,0,1,common,1.0,0.560624886368246,0.5448992300931507,0.554289358332625,0.0,0.777820739297081,0.8376823360338002,,,EXPLOIT
1967,50,,,0,1,0,1,rare,1.0,0.36440617613936,0.6914101428278697,0.49732440367464553,0.0,0.7655807590967478,0.8260612848087967,,,EXPLOIT
1968,50,,,0,1,1,1,common,0.0,0.4356481551976132,0.6244772517355021,0.47882152913153575,0.0,0.7702840780434795,0.8305561440358785,,,EXPLOIT
1969,50,,,0,1,1,1,common,0.0,0.28317130087844855,0.6877131981285656,0.42012646065560955,0.0,0.7747580741507509,0.8347829270674016,,,EXPLOIT
1970,50,,,0,1,1,0,common,0.0,0.5271113625517915,0.6113919746649945,0.4522219312244641,0.0,0.779018910066884,0.8387647265195614,,,EXPLOIT
1971,50,,,0,1,0,1,rare,0.0,0.763135985509416,0.5287344904287339,0.5454961475099496,0.0,0.783081264725365,0.8425220569247721,,,EXPLOIT
1972,50,,,0,0,1,1,rare,1.0,0.8159386544290084,0.46931222544499285,0.6266288995856673,0.0,0.7713721922139263,0.8315532636135521,,,EXPLOIT
1973,50,,,0,0,0,1,common,0.0,0.4960383905811204,0.3211442746783706,0.5874517468843031,0.0,0.7584647199109843,0.8190775074982469,,,EXPLOIT
1974,50,,,0,0,1,1,rare,0.0,0.4696398746211445,0.5266771572002524,0.5521081852053555,0.0,0.7441657054471268,0.8047621041801659,,,EXPLOIT
1975,50,,,0,0,0,1,common,1.0,0.6775750461222717,0.6431573031724185,0.5897482434804304,0.0,0.7282381465186761,0.7881686643384036,,,EXPLOIT
1976,50,,,0,0,0,0,common,0.0,0.19634426647344905,0.442098219016957,0.47172705037833595,0.0,0.7103879815377794,0.7687074886632937,,,EXPLOIT
1977,50,,,0,0,0,0,common,0.0,0.12762377320774188,0.6019808639494002,0.3684960672271577,0.0,0.7181801763377118,0.7772974441247348,,,EXPLOIT
1978,50,,,0,0,1,1,rare,0.0,0.30526591850374396,0.6727502624561081,0.3495270226101336,0.0,0.7254921264690155,0.7851952843962888,,,EXPLOIT
1979,50,,,0,1,1,0,common,1.0,0.6573776143413356,0.6921168761506846,0.4418822001294942,0.0,0.732366565180961,0.7924810646787309,,,EXPLOIT
1980,50,,,0,1,1,0,common,0.0,0.5727045506781319,0.5548466439969263,0.4811289052940855,0.0,0.7388413021172725,0.7992229524244393,,,EXPLOIT
1981,50,,,0,1,1,0,common,1.0,0.6277420420592142,0.6590682333752472,0.5251128463236241,0.0,0.7449499125774465,0.8054793549433364,,,EXPLOIT
1982,50,,,0,0,0,0,common,1.0,0.9170445474149678,0.46630032608385685,0.6426923566510272,0.0,0.7291140509388111,0.7890043445370224,,,EXPLOIT
1983,50,,,0,1,1,0,common,0.0,0.5919676726615107,0.6784581365907753,0.6274749514541722,0.0,0.7113726070064114,0.7696934942294621,,,EXPLOIT
1984,50,,,0,0,1,0,rare,1.0,0.615221012770018,0.6735800651268011,0.6237987698489259,0.0,0.6913606788965511,0.7467469224783715,,,EXPLOIT
1985,50,,,0,0,0,0,common,0.0,0.4039210441802709,0.5462586771003727,0.5578354521483294,0.0,0.6686138458000327,0.7190327086375912,,,EXPLOIT
1986,50,,,0,0,0,1,common,1.0,0.44042377997947657,0.6834505495819999,0.5226119504976735,0.0,0.6425317584818387,0.6848946514561971,,,EXPLOIT
1987,50,,,0,0,1,0,rare,0.0,0.6001063416994883,0.5625200343873274,0.545860267858218,0.0,0.612324483105119,0.6418089732766391,,,EXPLOIT
1988,50,,,0,1,1,0,common,1.0,0.6099308778953326,0.6866174577217733,0.5650814508693524,0.0,0.5769312503283033,0.5857306296918,,,EXPLORE
1989,50,,,0,0,0,1,common,1.0,0.2862754569866598,0.6375364773225966,0.48143965270454453,0.0,0.5348935005482081,0.509743709053288,,,EXPLORE
1990,50,,,0,1,1,0,common,1.0,0.3964550706319663,0.6903779190645583,0.455944278082771,0.0,0.5572370227712631,0.5514391537111522,,,EXPLOIT
1991,50,,,0,1,0,1,rare,0.0,0.8139209529586712,0.6688646548230397,0.563337280545541,0.0,0.5773384619155251,0.5862739663312436,,,EXPLOIT
1992,50,,,0,1,1,0,common,0.0,0.7423042040892219,0.6545382217007276,0.6170273576086452,0.0,0.5353806938471595,0.5104968689068498,,,EXPLORE
1993,50,,,0,1,1,1,common,0.0,0.19842284702743357,0.5356186117910889,0.4914460044342817,0.0,0.4847423760600181,0.4020780085559491,,,EXPLORE
1994,50,,,0,0,1,0,rare,1.0,0.5175022673420058,0.44074866322204703,0.49926288330659885,0.0,0.5125206511997565,0.46401802489124183,,,EXPLOIT
1995,50,,,0,0,1,0,rare,1.0,0.33637647377230373,0.32522905264042445,0.4503969604463103,0.0,0.5372202765353364,0.5138733355022745,,,EXPLORE
1996,50,,,0,0,0,1,common,1.0,0.4709513805768637,0.25995654200394963,0.4565632864854763,0.0,0.5593251291594357,0.5548643626792282,,,EXPLOIT
1997,50,,,0,0,0,1,common,1.0,0.3061183973749614,0.22274201135053506,0.4114298197523218,0.0,0.5792227323333817,0.5891606118986025,,,EXPLOIT
1998,50,,,0,0,0,1,common,1.0,0.19897695829372486,0.2008100244633396,0.3476939613147427,0.0,0.5972271017030352,0.6182770177323343,,,EXPLOIT
1999,50,,,0,0,0,1,common,1.0,0.12933502289092114,0.18749388175497017,0.28218627978759625,0.0,0.6135953854066621,0.643303495887226,,,EXPLOIT
2000,50,,,0,0,0,0,common,1.0,0.7374513212828239,0.17922766686703923,0.4187657922361645,0.0,0.6285401797333131,0.6650442245041366,,,EXPLOIT
