trial,seed,config_version,git_commit,s1,a1,s2,a2,trans_type,reward,u_delta,u_s,u_v,u_c,V_G,V_p,eta_G,eta_p,mode
1,71,,,0,1,1,1,common,0.0,0.5,0.6931471803599453,0.15,0.0,0.0,0.5,,,EXPLOIT
2,71,,,0,0,0,0,common,1.0,0.5,0.6354546081677416,0.255,0.0,0.0,0.5433789954337899,,,EXPLORE
3,71,,,0,0,1,0,rare,0.0,0.5,0.4973599657364365,0.3285,0.0,0.0,0.5794962364913165,,,EXPLORE
4,71,,,0,1,1,0,common,0.0,0.325,0.6679236599597096,0.32745,0.0,0.0,0.6100329171214658,,,EXPLORE
5,71,,,0,1,0,0,rare,1.0,0.32499999999999996,0.5994434819992212,0.326715,0.0,0.0,0.6361884525043351,,,EXPLORE
6,71,,,0,0,1,1,rare,0.0,0.325,0.6884527012746364,0.3262005,0.0,0.0,0.65884152052499,,,EXPLORE
7,71,,,0,1,1,1,common,1.0,0.78875,0.6176611378821208,0.46496534999999994,0.0,0.0,0.678650554588017,,,EXPLORE
8,71,,,0,0,1,1,rare,0.0,0.48731250000000004,0.4691741916013794,0.47166949499999994,0.0,0.0,0.6961186809978029,,,EXPLORE
9,71,,,0,1,1,1,common,1.0,0.683246875,0.3811191236737263,0.5351427089999999,0.0,0.0,0.7116369601865663,,,EXPLORE
10,71,,,0,1,1,0,common,1.0,0.78875,0.28790419107982307,0.6112248963,0.0,0.0,0.6756587360654348,,,EXPLORE
11,71,,,0,0,1,1,rare,1.0,0.44411046874999993,0.23581727978740663,0.561090568035,0.0,0.0,0.6299504180512466,,,EXPLORE
12,71,,,0,1,1,0,common,0.0,0.48731250000000004,0.46277535221096583,0.5389571476245,0.0,0.0,0.56995113901225,,,EXPLORE
13,71,,,0,0,0,1,common,0.0,0.5,0.6778990897434058,0.5272700033371499,0.0,0.0,0.48772171335815256,,,EXPLORE
14,71,,,0,1,1,0,common,0.0,0.316753125,0.580103269654532,0.4641149398360049,0.0,0.0,0.3681057802861497,,,EXPLORE
15,71,,,0,1,1,1,common,1.0,0.2886718046875,0.6866474876688817,0.4114819992914534,0.0,0.0,0.437164455550904,,,EXPLORE
16,71,,,0,0,0,0,common,0.0,0.7887500000000001,0.557794942725792,0.5246623995040174,0.0,0.0,0.4921152787904707,,,EXPLORE
17,71,,,0,0,1,0,rare,0.0,0.20588953125000004,0.46415038094808103,0.4290305390278122,0.0,0.0,0.37471128745966187,,,EXPLORE
18,71,,,0,0,1,1,rare,1.0,0.18763667304687504,0.40240679028044557,0.356612379233531,0.0,0.0,0.44235906089222604,,,EXPLORE
19,71,,,0,0,1,0,rare,0.0,0.1338281953125,0.6490049824620271,0.28977712405722167,0.0,0.0,0.49630690676224115,,,EXPLORE
20,71,,,0,0,0,1,common,0.0,0.325,0.5377424543454723,0.30034398684005514,0.0,0.0,0.5403318741407838,,,EXPLORE
21,71,,,0,0,1,1,rare,1.0,0.1219638374804688,0.45034641069442133,0.24682994203217923,0.0,0.0,0.5769394345111658,,,EXPLORE
22,71,,,0,1,1,1,common,1.0,0.07927649436230477,0.6666004063738068,0.19656390773121687,0.0,0.0,0.6078570507682792,,,EXPLORE
23,71,,,0,0,1,1,rare,1.0,0.05152972133549816,0.5728977628293199,0.15305365181250125,0.0,0.0,0.6343144102579837,,,EXPLORE
24,71,,,0,1,1,1,common,1.0,0.03349431886807386,0.6817557813113388,0.11718585192917302,0.0,0.0,0.6572106716878903,,,EXPLORE
25,71,,,0,0,0,0,common,1.0,0.4873124999999999,0.6384646834764922,0.2282238463504211,0.0,0.0,0.6772185263082351,,,EXPLORE
26,71,,,0,1,1,1,common,1.0,0.02177130726424803,0.6883023847181722,0.16628808462456915,0.0,0.0,0.6948512737141747,,,EXPLORE
27,71,,,0,1,0,0,rare,1.0,0.31675312499999997,0.669283424600341,0.21142759673719838,0.0,0.0,0.7105073908238578,,,EXPLORE
28,71,,,0,0,0,0,common,0.0,0.79411046875,0.649895706672742,0.38623245834103886,0.0,0.0,0.7245009380794537,,,EXPLORE
29,71,,,0,1,1,1,common,1.0,0.014151349721761242,0.4331615928161251,0.27460812575525556,0.0,0.0,0.7370827893989481,,,EXPLORE
30,71,,,0,0,0,0,common,0.0,0.5161718046875,0.4102963814909307,0.34707722943492886,0.0,0.0,0.7484557619927964,,,EXPLORE
31,71,,,0,1,1,1,common,1.0,0.009198377319144857,0.2690871018847703,0.24571357380019365,0.0,0.0,0.7587855975126329,,,EXPLORE
32,71,,,0,1,1,1,common,1.0,0.005978945257444135,0.2574614247887961,0.1737931852373688,0.0,0.0,0.7682090637114996,,,EXPLORE
33,71,,,0,1,0,1,rare,1.0,0.78875,0.2500972633384445,0.35828022966615813,0.0,0.0,0.7768400206352581,,,EXPLORE
34,71,,,0,0,0,1,common,0.0,0.48731250000000004,0.24539239247535233,0.3969899107663107,0.0,0.0,0.784774023991774,,,EXPLORE
35,71,,,0,1,0,1,rare,0.0,0.316753125,0.17832550368863592,0.37291887503641746,0.0,0.0,0.792091861338489,,,EXPLORE
36,71,,,0,1,0,1,rare,0.0,0.20588953125000004,0.42736878855452987,0.32281007190049227,0.0,0.0,0.7988622989851961,,,EXPLORE
37,71,,,0,0,1,1,rare,0.0,0.9961136855826613,0.6164397277589606,0.524801156005143,0.0,0.0,0.8051442377721568,,,EXPLORE
38,71,,,0,1,1,1,common,1.0,0.3525261043712702,0.5591943373406166,0.47311864051498115,0.0,0.0,0.7886139508767381,,,EXPLORE
39,71,,,0,1,1,1,common,1.0,0.22914196784132568,0.38013775500475466,0.3999256387128845,0.0,0.0,0.795642039853739,,,EXPLORE
40,71,,,0,1,1,1,common,1.0,0.14894227909686175,0.27548083976212884,0.3246306308280777,0.0,0.0,0.8021541693267699,,,EXPLORE
41,71,,,0,0,0,0,common,1.0,0.664488326953125,0.21869407912058714,0.42658793966559183,0.0,0.0,0.8082048506675867,,,EXPLORE
42,71,,,0,1,0,0,rare,1.0,0.4319174125195313,0.4527911450999895,0.42818678152177364,0.0,0.0,0.813841177855616,,,EXPLORE
43,71,,,0,1,1,1,common,1.0,0.09681248141296017,0.40313944101079235,0.3287744914891296,0.0,0.0,0.8191040475920365,,,EXPLORE
44,71,,,0,0,0,1,common,0.0,0.1338281953125,0.37179389392654166,0.27029060263614074,0.0,0.0,0.824029146243597,,,EXPLORE
45,71,,,0,1,1,1,common,1.0,0.06292811291842415,0.2538616821556582,0.20808185572082574,0.0,0.0,0.8286477539982018,,,EXPLORE
46,71,,,0,1,1,1,common,1.0,0.04090327339697575,0.23826089036885287,0.15792828102367074,0.0,0.0,0.8329874045454198,,,EXPLORE
47,71,,,0,1,0,0,rare,1.0,0.28074631813769535,0.2285060163905268,0.1947736921578781,0.0,0.0,0.8370724296840707,,,EXPLORE
48,71,,,0,1,1,1,common,1.0,0.026587127708034286,0.22232834924351444,0.14431772282292493,0.0,0.0,0.8409244116138,,,EXPLORE
49,71,,,0,1,1,1,common,1.0,0.01728163301022234,0.21838160694854591,0.10620689587911415,0.0,0.0,0.8445625606655243,,,EXPLOIT
50,71,,,0,1,0,0,rare,1.0,0.18248510678950203,0.21584520898078174,0.1290903591522305,0.0,0.0,0.8480040324274146,,,EXPLOIT
51,71,,,0,1,0,0,rare,1.0,0.11861531941317627,0.21420877609075598,0.12594784723051422,0.0,0.0,0.8512641953151754,,,EXPLORE
52,71,,,0,1,1,1,common,1.0,0.011233061456644489,0.21315025386996522,0.0915334114983533,0.0,0.0,0.8543568573917524,,,EXPLORE
53,71,,,0,1,1,1,common,0.0,0.9926985100531811,0.2124643923356673,0.3618829410648016,0.0,0.0,0.8572944594978624,,,EXPLOIT
54,71,,,0,1,1,1,common,1.0,0.35474596846543227,0.4861412621059268,0.3597418492849908,0.0,0.0,0.8600882403900881,,,EXPLORE
55,71,,,0,0,0,1,common,1.0,0.913011673046875,0.3775307511768441,0.525722796413556,0.0,0.0,0.8627483785083361,,,EXPLORE
56,71,,,0,0,1,1,rare,1.0,0.23058487950253093,0.5932800697426786,0.43718142134024846,0.0,0.0,0.8542917534569462,,,EXPLORE
57,71,,,0,1,1,1,common,1.0,0.14988017167664514,0.6825294885929685,0.35099104644116746,0.0,0.0,0.8572325812224179,,,EXPLORE
58,71,,,0,1,1,1,common,0.0,0.9025778884101807,0.6483239391729505,0.5164670990318714,0.0,0.0,0.860029356752569,,,EXPLORE
59,71,,,0,0,0,0,common,1.0,0.07709995761856459,0.6528866557850108,0.3846569566078793,0.0,0.0,0.8512549257044513,,,EXPLORE
60,71,,,0,0,1,1,rare,1.0,0.4133243725333825,0.5818706028339,0.39325718138553023,0.0,0.0,0.8543480581572686,,,EXPLORE
61,71,,,0,1,1,1,common,1.0,0.2686608421466986,0.5246166285304311,0.35587827961388074,0.0,0.0,0.857286096136035,,,EXPLORE
62,71,,,0,0,0,0,common,1.0,0.050114972452066975,0.6428374835303163,0.2641492874653366,0.0,0.0,0.8600802816907096,,,EXPLORE
63,71,,,0,0,0,0,common,1.0,0.03257473209384354,0.6140032405157249,0.19467692085388869,0.0,0.0,0.8627407961707969,,,EXPLORE
64,71,,,0,0,0,0,common,1.0,0.021173575860998328,0.5927528101802718,0.14262591735602156,0.0,0.0,0.8652768824443859,,,EXPLORE
65,71,,,0,1,0,0,rare,1.0,0.013762824309648924,0.5780706436677061,0.10396698944210976,0.0,0.0,0.86769695059864,,,EXPLORE
66,71,,,0,1,1,1,common,0.0,0.8253704526046459,0.6480721868202097,0.3203880283908706,0.0,0.0,0.8700086696690212,,,EXPLORE
67,71,,,0,1,1,1,common,1.0,0.4635092058069801,0.41920136296323995,0.36332438161570346,0.0,0.0,0.8722190475052811,,,EXPLORE
68,71,,,0,1,1,1,common,0.0,0.698719016225463,0.5643506331439305,0.4639427719986313,0.0,0.0,0.8743345005264217,,,EXPLORE
69,71,,,0,0,0,1,common,0.0,0.40654241251953127,0.3531002186374532,0.44672266415490125,0.0,0.0,0.8763609148271605,,,EXPLORE
70,71,,,0,0,1,1,rare,1.0,0.5458326394534491,0.6342506222961827,0.47645565674446555,0.0,0.0,0.8783036998615635,,,EXPLORE
71,71,,,0,1,0,0,rare,1.0,0.00894583580127184,0.5347121033922209,0.33620271046150746,0.0,0.0,0.8801678357349273,,,EXPLORE
72,71,,,0,0,0,0,common,0.0,0.9941852067291733,0.6673783631648045,0.5335974593418071,0.0,0.0,0.8819579149744957,,,EXPLORE
73,71,,,0,0,1,1,rare,1.0,0.3547912156447419,0.6499877075416722,0.4799555862326875,0.0,0.0,0.8755729758558302,,,EXPLORE
74,71,,,0,0,0,0,common,0.0,0.6462203843739627,0.6916449836207279,0.52983502567507,0.0,0.0,0.8775480854492667,,,EXPLORE
75,71,,,0,0,1,1,rare,1.0,0.2306142901690823,0.6141879020482927,0.4400688050232737,0.0,0.0,0.8707142788079315,,,EXPLORE
76,71,,,0,1,1,1,common,1.0,0.14989928860990354,0.692963846750237,0.3530179500992627,0.0,0.0,0.8728941444155508,,,EXPLORE
77,71,,,0,0,0,1,common,1.0,0.7357474318623046,0.6581707789940774,0.4678367946281753,0.0,0.0,0.8749809904366401,,,EXPLORE
78,71,,,0,1,1,1,common,0.0,0.9025654624035627,0.6930697137078117,0.5982553949607915,0.0,0.0,0.876980547632291,,,EXPLORE
79,71,,,0,0,0,1,common,0.0,0.521764169289502,0.5722513961155254,0.5753080272594047,0.0,0.0,0.8700878221104409,,,EXPLORE
80,71,,,0,1,1,1,common,1.0,0.4133324494376842,0.6931144492351089,0.5267153539128885,0.0,0.0,0.8624584963739901,,,EXPLORE
81,71,,,0,0,0,1,common,1.0,0.6608532899618237,0.6327095044455857,0.566956734727569,0.0,0.0,0.8539682814364417,,,EXPLORE
82,71,,,0,1,1,1,common,1.0,0.26866609213449477,0.6931333511982987,0.47746954194964675,0.0,0.0,0.8444632599273089,,,EXPLORE
83,71,,,0,1,1,1,common,0.0,0.8253670401125783,0.6666791942004064,0.5818387913985261,0.0,0.0,0.8479100315987039,,,EXPLORE
84,71,,,0,0,1,0,rare,1.0,0.913011673046875,0.6448449042370744,0.6811906558930307,0.0,0.0,0.837644021328949,,,EXPLORE
85,71,,,0,0,0,0,common,1.0,0.5799567501569243,0.5626985794168465,0.6508204841721987,0.0,0.0,0.8260177268150762,,,EXPLORE
86,71,,,0,1,1,0,common,1.0,0.5934575874804687,0.49834699270006566,0.6336116151646797,0.0,0.0,0.8127423190548648,,,EXPLORE
87,71,,,0,1,0,0,rare,1.0,0.37697188760200073,0.6334305215700085,0.556619696895876,0.0,0.0,0.7974409719260558,,,EXPLORE
88,71,,,0,1,0,0,rare,1.0,0.2450317269413005,0.6841662126020256,0.4631433059095033,0.0,0.0,0.7796125867106989,,,EXPLORE
89,71,,,0,0,0,1,common,0.0,0.5704453615248146,0.6931013737960443,0.4953339225940967,0.0,0.0,0.7873285938754933,,,EXPLORE
90,71,,,0,0,0,0,common,1.0,0.15927062251184532,0.5357003743476647,0.3945149325694213,0.0,0.0,0.7944530555482182,,,EXPLORE
91,71,,,0,1,1,0,common,0.0,0.6142525681376954,0.6488819103219204,0.46043622323990346,0.0,0.0,0.8010511654615735,,,EXPLORE
92,71,,,0,1,0,0,rare,0.0,0.8964740953673005,0.6495765275067817,0.5912475848781225,0.0,0.0,0.8071788771430287,,,EXPLORE
93,71,,,0,0,1,0,rare,0.0,0.399264169289502,0.499155989923904,0.5336525602015363,0.0,0.0,0.7909826690780837,,,EXPLORE
94,71,,,0,1,1,1,common,0.0,0.5364885760731759,0.6742599501483644,0.5345033649630282,0.0,0.0,0.7720251799348331,,,EXPLORE
95,71,,,0,1,1,1,common,1.0,0.6512824255524357,0.6004207199963726,0.5695370831398504,0.0,0.0,0.749535692453376,,,EXPLORE
96,71,,,0,0,0,0,common,1.0,0.4172918380112547,0.6898667967994838,0.5238635096012716,0.0,0.0,0.7224272407301637,,,EXPLORE
97,71,,,0,1,0,0,rare,1.0,0.27123969470731557,0.6517165908042641,0.44807636513308474,0.0,0.0,0.689115860376999,,,EXPLORE
98,71,,,0,1,0,0,rare,1.0,0.17630580155975517,0.6917585863559164,0.3665451960610859,0.0,0.0,0.7054028604187503,,,EXPLORE
99,71,,,0,1,1,1,common,0.0,0.5766664233909168,0.6559124651638897,0.42958156426003513,0.0,0.0,0.7199288618354391,,,EXPLORE
100,71,,,0,1,1,1,common,1.0,0.6251668247959041,0.6566295719132451,0.4882571424207958,0.0,0.0,0.7329641982143111,,,EXPLORE
101,71,,,0,1,1,1,common,1.0,0.4063584361173377,0.6910463966019178,0.46368753052975836,0.0,0.0,0.7447265646235189,,,EXPLORE
102,71,,,0,0,1,1,rare,0.0,0.7358670165237304,0.6538526208166818,0.54534137632795,0.0,0.0,0.7553932349130643,,,EXPLORE
103,71,,,0,1,1,1,common,0.0,0.4783135607404248,0.47855090740274775,0.5252330316516924,0.0,0.0,0.7295332704997135,,,EXPLORE
104,71,,,0,0,1,1,rare,1.0,0.6890961855187239,0.6761572120865071,0.5743919778118018,0.0,0.0,0.6979161624748488,,,EXPLORE
105,71,,,0,1,1,1,common,1.0,0.44791252058717057,0.6700243636552423,0.5364481406444124,0.0,0.0,0.6583807964456058,,,EXPLORE
106,71,,,0,0,1,1,rare,1.0,0.29114313838166095,0.6858975943868875,0.4628566399655869,0.0,0.0,0.6075297074548411,,,EXPLORE
107,71,,,0,1,0,0,rare,1.0,0.11459877101384086,0.683245071116852,0.3583792792800631,0.0,0.0,0.6340326123909052,,,EXPLORE
108,71,,,0,0,1,1,rare,1.0,0.18924303994807956,0.6900713380154582,0.307638407480468,0.0,0.0,0.6569655466363262,,,EXPLORE
109,71,,,0,1,1,1,common,1.0,0.12300797596625168,0.6889394394220751,0.2522492780262031,0.0,0.0,0.6770033648612928,,,EXPLORE
110,71,,,0,0,1,1,rare,0.0,0.9200448156219364,0.6918453233552518,0.4525879393049231,0.0,0.0,0.6946609087493435,,,EXPLORE
111,71,,,0,0,0,0,common,0.0,0.9255107988410034,0.5236827387864041,0.5944647971657471,0.0,0.0,0.7103377784294761,,,EXPLORE
112,71,,,0,1,1,1,common,1.0,0.4019708698457414,0.35564405450967496,0.5367166189697453,0.0,0.0,0.6740307431781042,,,EXPLORE
113,71,,,0,0,0,1,common,0.0,0.3707894849911295,0.3181853264485603,0.4869384787761606,0.0,0.0,0.627851064667718,,,EXPLORE
114,71,,,0,1,1,1,common,0.0,0.738718934600268,0.23029962549330563,0.5624726155233928,0.0,0.0,0.6515952903416006,,,EXPLORE
115,71,,,0,1,1,0,common,0.0,0.25952171003817626,0.48600036464740626,0.4715873438778278,0.0,0.0,0.5986390672834708,,,EXPLORE
116,71,,,0,1,0,0,rare,1.0,0.3984179807533478,0.6473754367493793,0.4496365349404838,0.0,0.0,0.6263927771740528,,,EXPLORE
117,71,,,0,1,1,1,common,1.0,0.5198326925098258,0.4797269282203317,0.4706953822112864,0.0,0.0,0.6503302967560367,,,EXPLORE
118,71,,,0,0,1,1,rare,1.0,0.33789125013138677,0.35743619982973557,0.43085414258731647,0.0,0.0,0.6711871081630636,,,EXPLORE
119,71,,,0,1,1,1,common,1.0,0.21962931258540141,0.5897093700464937,0.3674866935867419,0.0,0.0,0.6895211064259126,,,EXPLORE
120,71,,,0,1,0,1,rare,0.0,0.2410131652442342,0.5140347137841602,0.32954463508398957,0.0,0.0,0.7057631476967647,,,EXPLORE
121,71,,,0,1,1,1,common,1.0,0.14275905318051096,0.6899325426113985,0.273508960512946,0.0,0.0,0.7202512618277207,,,EXPLORE
122,71,,,0,1,1,1,common,0.0,0.9072066154326679,0.6184252704687345,0.4636182569888625,0.0,0.0,0.7332543735688957,,,EXPLORE
123,71,,,0,0,0,0,common,0.0,0.741028312510324,0.6892151720142843,0.546841273645301,0.0,0.0,0.7449891032934661,,,EXPLORE
124,71,,,0,1,1,1,common,0.0,0.5896843000312342,0.6601347537147544,0.559694181561081,0.0,0.0,0.716889285098456,,,EXPLORE
125,71,,,0,1,1,1,common,1.0,0.6167052049796977,0.6914821235745596,0.576797488586666,0.0,0.0,0.6822234369921384,,,EXPLORE
126,71,,,0,0,0,0,common,1.0,0.5183315968682893,0.6068451004308435,0.559257721071153,0.0,0.0,0.6383882054173604,,,EXPLORE
127,71,,,0,0,0,0,common,0.0,0.6630844620356119,0.6924430165867292,0.5904057433604907,0.0,0.0,0.5811943812473851,,,EXPLORE
128,71,,,0,0,0,0,common,1.0,0.5689950996768522,0.6337663120357178,0.5839825502553991,0.0,0.0,0.503442418647189,,,EXPLORE
129,71,,,0,1,1,1,common,1.0,0.40085838323680356,0.6891867281131191,0.5290453001498204,0.0,0.0,0.3916262768274565,,,EXPLORE
130,71,,,0,0,0,0,common,0.0,0.630153185210046,0.6671587861532451,0.559377665667888,0.0,0.0,0.21709195833821102,,,EXPLORE
131,71,,,0,1,0,0,rare,1.0,0.5904004296134701,0.5229024757569494,0.5686844948515626,0.0,0.0,0.09090909090909093,,,EXPLORE
132,71,,,0,0,0,0,common,1.0,0.38376027924875555,0.4303061096362704,0.5132072301707205,0.0,0.0,0.09090909090909093,,,EXPLORE
133,71,,,0,0,0,0,common,0.0,0.7505558184883089,0.6131042926221986,0.5844118066659969,0.0,0.0,0.09090909090909093,,,EXPLORE
134,71,,,0,1,0,0,rare,1.0,0.5121387179825991,0.4366115227247347,0.5627298800609776,0.0,0.0,0.09090909090909093,,,EXPLORE
135,71,,,0,1,1,1,common,1.0,0.26055794910392227,0.3774920062866718,0.472078300773861,0.0,0.0,0.09090909090909093,,,EXPLORE
136,71,,,0,1,1,0,common,1.0,0.8313108884751854,0.34088094482367703,0.5798480770842582,0.0,0.0,0.23017705927636645,,,EXPLORE
137,71,,,0,0,0,0,common,0.0,0.6671098333113105,0.318111572596273,0.6060266039523738,0.0,0.0,0.09090909090909093,,,EXPLORE
138,71,,,0,1,1,0,common,1.0,0.5403520775088706,0.2230493579974901,0.5863242460193229,0.0,0.0,0.09090909090909093,,,EXPLORE
139,71,,,0,1,1,0,common,0.0,0.6487711496192341,0.2118903873656553,0.6050583170992963,0.0,0.0,0.09090909090909093,,,EXPLORE
140,71,,,0,1,1,1,common,1.0,0.16936266691754942,0.47515223421009833,0.4743496220447722,0.0,0.0,0.09090909090909093,,,EXPLORE
141,71,,,0,1,0,0,rare,1.0,0.5663786083476482,0.3609482642658376,0.5019583179356351,0.0,0.0,0.23017705927636645,,,EXPLORE
142,71,,,0,0,0,1,common,0.0,0.15665855740875223,0.293860041089821,0.39836838977757016,0.0,0.0,0.09090909090909093,,,EXPLORE
143,71,,,0,1,1,0,common,1.0,0.5782987527474979,0.232910231606457,0.4523474986685484,0.0,0.0,0.23017705927636645,,,EXPLORE
144,71,,,0,0,0,0,common,0.0,0.6318539045740287,0.1999933793073712,0.5061994204401925,0.0,0.0,0.33155527035247095,,,EXPLORE
145,71,,,0,0,0,0,common,1.0,0.5892949620268814,0.16968520189003541,0.5311280829161991,0.0,0.0,0.11586571025734585,,,EXPLORE
146,71,,,0,1,1,0,common,0.0,0.6241058107141264,0.3837339074955985,0.5590214012555772,0.0,0.0,0.09090909090909093,,,EXPLORE
147,71,,,0,1,1,1,common,1.0,0.11008573349640716,0.642042443374033,0.42434070092782616,0.0,0.0,0.09090909090909093,,,EXPLORE
148,71,,,0,0,1,0,rare,0.0,0.4056687769641822,0.532557452693906,0.41873912373873295,0.0,0.0,0.23017705927636645,,,EXPLORE
149,71,,,0,0,0,1,common,0.0,0.10182806231568894,0.40246646946919584,0.32366580531181977,0.0,0.0,0.33155527035247095,,,EXPLORE
150,71,,,0,0,0,0,common,1.0,0.38304172531747294,0.3228822006537303,0.3414785813135157,0.0,0.0,0.40865139461585376,,,EXPLORE
151,71,,,0,1,1,1,common,1.0,0.07155572677266464,0.5709429516587385,0.26050172495126034,0.0,0.0,0.46925370836719743,,,EXPLORE
152,71,,,0,1,0,0,rare,1.0,0.24897712145635742,0.48947180010302505,0.25704434390278946,0.0,0.0,0.5181414926281387,,,EXPLORE
153,71,,,0,0,1,1,rare,1.0,0.046511222402232044,0.4344234116002784,0.19388440745262223,0.0,0.0,0.5584101936095955,,,EXPLORE
154,71,,,0,1,1,1,common,1.0,0.030232294561450823,0.5951205768200902,0.14478877358527079,0.0,0.0,0.5921529537657815,,,EXPLORE
155,71,,,0,0,0,0,common,1.0,0.16183512894663232,0.5634560497776555,0.14990268019367925,0.0,0.0,0.6208359130085537,,,EXPLORE
156,71,,,0,0,0,0,common,1.0,0.10519283381531097,0.6492013875951108,0.13648972628016875,0.0,0.0,0.6455166258956538,,,EXPLORE
157,71,,,0,0,1,1,rare,0.0,0.980349008535057,0.6827351663652925,0.3896475109566352,0.0,0.0,0.6669771225069359,,,EXPLORE
158,71,,,0,0,0,0,common,1.0,0.0683753419799521,0.47851817205115876,0.2932658602636302,0.0,0.0,0.6858081495669813,,,EXPLORE
159,71,,,0,0,0,0,common,0.0,0.9555560277130312,0.6084414802360038,0.49195291049845047,0.0,0.0,0.7024642847715783,,,EXPLORE
160,71,,,0,0,0,0,common,0.0,0.6211114180134703,0.396213570178384,0.5307004627529563,0.0,0.0,0.7173010333450142,,,EXPLORE
161,71,,,0,1,0,0,rare,1.0,0.5962775782912444,0.2681898959029486,0.5503735974144428,0.0,0.0,0.68273692206406,,,EXPLORE
162,71,,,0,1,1,1,common,0.0,0.6372268555477871,0.2503931882481083,0.5764295748544461,0.0,0.0,0.6390463414297785,,,EXPLORE
163,71,,,0,0,0,0,common,0.0,0.6124195741106913,0.5251601861195968,0.5872265746313197,0.0,0.0,0.5820681063814086,,,EXPLORE
164,71,,,0,0,0,0,common,0.0,0.3980727231719493,0.4317241265300462,0.5304804191935085,0.0,0.0,0.5046579518377023,,,EXPLORE
165,71,,,0,0,0,1,common,0.0,0.06618824050519781,0.37227531696270555,0.39119276558701527,0.0,0.0,0.3934316931577229,,,EXPLORE
166,71,,,0,1,0,1,rare,1.0,0.9569776436716214,0.33557672896023893,0.5609282290123971,0.0,0.0,0.4571509578531119,,,EXPLORE
167,71,,,0,1,1,0,common,0.0,0.2636847050267184,0.23849885163586126,0.4717551718166935,0.0,0.0,0.321441102170337,,,EXPLORE
168,71,,,0,1,1,1,common,1.0,0.5858025438939384,0.44693037510570754,0.505969383439867,0.0,0.0,0.4008296030727933,,,EXPLORE
169,71,,,0,1,1,1,common,0.0,0.6192283464689401,0.2973254858564273,0.5399470723485889,0.0,0.0,0.23211867425689126,,,EXPLORE
170,71,,,0,1,1,1,common,1.0,0.597501574795189,0.49593001476581017,0.5572134230825689,0.0,0.0,0.09090909090909093,,,EXPLORE
171,71,,,0,1,0,1,rare,0.0,0.37796453161344606,0.3247760268361229,0.503438755641832,0.0,0.0,0.09090909090909093,,,EXPLORE
172,71,,,0,0,0,0,common,0.0,0.25874727006176707,0.516399669689053,0.4300313099678125,0.0,0.0,0.09090909090909093,,,EXPLORE
173,71,,,0,1,1,1,common,1.0,0.38837602361687285,0.49086211210035635,0.4175347240625306,0.0,0.0,0.23017705927636645,,,EXPLORE
174,71,,,0,1,1,1,common,1.0,0.2524444153509674,0.31397291265088595,0.3680076314490616,0.0,0.0,0.33155527035247095,,,EXPLORE
175,71,,,0,1,0,1,rare,0.0,0.24567694554873995,0.22104736891201857,0.33130842567896507,0.0,0.0,0.40865139461585376,,,EXPLORE
176,71,,,0,1,1,1,common,1.0,0.16408886997812877,0.4218403025242424,0.28114255896871415,0.0,0.0,0.46925370836719743,,,EXPLORE
177,71,,,0,1,1,0,common,1.0,0.828604941732633,0.2764955164176739,0.44538127379788983,0.0,0.0,0.5181414926281387,,,EXPLORE
178,71,,,0,1,1,1,common,1.0,0.10665776548578365,0.2018494316327904,0.34376422130425793,0.0,0.0,0.5584101936095955,,,EXPLORE
179,71,,,0,1,1,1,common,1.0,0.06932754756575932,0.16247646811714767,0.26143321918270834,0.0,0.0,0.5921529537657815,,,EXPLORE
180,71,,,0,1,1,1,common,0.0,0.9549370940822565,0.14049548049153823,0.4694843816525728,0.0,0.0,0.6208359130085537,,,EXPLORE
181,71,,,0,0,0,0,common,1.0,0.8318142744598513,0.3348689849799676,0.5781833494947564,0.0,0.0,0.6455166258956538,,,EXPLORE
182,71,,,0,1,1,0,common,0.0,0.4614067878737885,0.6151180811554207,0.543150381008466,0.0,0.0,0.5906331472441102,,,EXPLORE
183,71,,,0,0,0,0,common,1.0,0.5406792783989034,0.6931454654285025,0.5424090502255972,0.0,0.0,0.5165272127065766,,,EXPLORE
184,71,,,0,1,1,0,common,1.0,0.7000855878820375,0.6077028265387474,0.5897120115225292,0.0,0.0,0.4109625938440015,,,EXPLORE
185,71,,,0,1,1,1,common,1.0,0.3792908888465333,0.693146455800693,0.5265856747197304,0.0,0.0,0.24852045079742927,,,EXPLORE
186,71,,,0,1,1,1,common,0.0,0.7534609222497534,0.6556595007144024,0.5946482489787372,0.0,0.0,0.09090909090909093,,,EXPLORE
187,71,,,0,1,0,0,rare,0.0,0.6485584690407127,0.6654571141733807,0.6108213149973298,0.0,0.0,0.09090909090909093,,,EXPLORE
188,71,,,0,1,0,0,rare,1.0,0.5784369951235367,0.5515460878928007,0.6011060190351919,0.0,0.0,0.09090909090909093,,,EXPLORE
189,71,,,0,0,0,0,common,0.0,0.6240159531697012,0.6887489442983046,0.6079789992755447,0.0,0.0,0.09090909090909093,,,EXPLORE
190,71,,,0,1,1,1,common,1.0,0.5102504005376602,0.6426758473004155,0.5786604196541794,0.0,0.0,0.09090909090909093,,,EXPLORE
191,71,,,0,1,0,1,rare,0.0,0.15969001460668097,0.5242680820122123,0.4529692981399298,0.0,0.0,0.09090909090909093,,,EXPLORE
192,71,,,0,1,1,0,common,0.0,0.5449443678766757,0.6831347687414973,0.4805618190609535,0.0,0.0,0.23017705927636645,,,EXPLORE
193,71,,,0,0,0,0,common,1.0,0.5943896304396943,0.6770981166792638,0.5147101624745757,0.0,0.0,0.33155527035247095,,,EXPLORE
194,71,,,0,1,1,1,common,1.0,0.3316627603494793,0.5378202127430847,0.45979594183704675,0.0,0.0,0.11586571025734585,,,EXPLORE
195,71,,,0,1,1,1,common,1.0,0.2155807942271616,0.6863028524918264,0.38653139755408117,0.0,0.0,0.24797294925007637,,,EXPLORE
196,71,,,0,1,1,1,common,1.0,0.14012751624765507,0.6733092181545584,0.3126102331621533,0.0,0.0,0.3448817607084164,,,EXPLORE
197,71,,,0,0,0,0,common,1.0,0.38635325978580126,0.6162641271371756,0.3347331411492477,0.0,0.0,0.41900242740819416,,,EXPLORE
198,71,,,0,1,1,1,common,0.0,0.9089171144390242,0.6846681931141535,0.5069883331361806,0.0,0.0,0.47752462754236397,,,EXPLORE
199,71,,,0,1,1,1,common,1.0,0.4092038756146342,0.6069296754005905,0.47765299587971666,0.0,0.0,0.3526779708534707,,,EXPLORE
200,71,,,0,0,0,0,common,1.0,0.2511296188607708,0.6879602704394565,0.40969598277403285,0.0,0.0,0.42508180370810716,,,EXPLORE
201,71,,,0,0,1,0,rare,0.0,0.35421383911983917,0.6547821452247289,0.3930513396777747,0.0,0.0,0.4823973998897899,,,EXPLORE
202,71,,,0,0,0,0,common,0.0,0.8367657477404989,0.6500243815297186,0.526165662096592,0.0,0.0,0.5288939407484887,,,EXPLORE
203,71,,,0,1,0,0,rare,1.0,0.4561022639686756,0.5066477808561267,0.5051466426582171,0.0,0.0,0.42904047301637566,,,EXPLORE
204,71,,,0,1,1,1,common,0.0,0.7340174808504878,0.41042990516562927,0.5738078941158983,0.0,0.0,0.2774165776271794,,,EXPLORE
205,71,,,0,1,1,1,common,1.0,0.522888637447183,0.6398398808771114,0.5585321171152836,0.0,0.0,0.09090909090909093,,,EXPLORE
206,71,,,0,0,0,0,common,1.0,0.2964664715796391,0.5097765976700226,0.47991242345459023,0.0,0.0,0.09090909090909093,,,EXPLORE
207,71,,,0,0,0,0,common,1.0,0.19270320652676542,0.6699029835428407,0.39374965837624276,0.0,0.0,0.23017705927636645,,,EXPLORE
208,71,,,0,0,0,0,common,1.0,0.12525708424239756,0.6902072908695736,0.3132018861360892,0.0,0.0,0.33155527035247095,,,EXPLORE
209,71,,,0,0,0,0,common,0.0,0.9185828952424415,0.6583555396943997,0.49481618886799483,0.0,0.0,0.40865139461585376,,,EXPLORE
210,71,,,0,1,1,0,common,0.0,0.23023899542789547,0.6481928645446557,0.415443030835965,0.0,0.0,0.46925370836719743,,,EXPLORE
211,71,,,0,1,1,1,common,1.0,0.339877614340669,0.6781445734505682,0.3927734058873762,0.0,0.0,0.5181414926281387,,,EXPLORE
212,71,,,0,1,1,1,common,1.0,0.22092044932143484,0.6710575968508148,0.3412175189175938,0.0,0.0,0.5584101936095955,,,EXPLORE
213,71,,,0,0,0,0,common,1.0,0.40292111809241304,0.5960094854093091,0.35972859867003953,0.0,0.0,0.5921529537657815,,,EXPLORE
214,71,,,0,1,1,1,common,1.0,0.1435982920589327,0.6836933022954753,0.2948895066867075,0.0,0.0,0.6208359130085537,,,EXPLORE
215,71,,,0,0,1,1,rare,0.0,0.9066611101616937,0.6496244218299609,0.4784209877292034,0.0,0.0,0.6455166258956538,,,EXPLORE
216,71,,,0,1,1,1,common,1.0,0.410670278394899,0.45723279548437445,0.45809577492891207,0.0,0.0,0.6669771225069359,,,EXPLORE
217,71,,,0,0,0,0,common,0.0,0.7381012732399315,0.4100154749224635,0.5420974244222179,0.0,0.0,0.6858081495669813,,,EXPLORE
218,71,,,0,0,0,0,common,1.0,0.5202341723940445,0.28158318908829394,0.5355384488137658,0.0,0.0,0.6429771347801725,,,EXPLORE
219,71,,,0,0,0,0,common,1.0,0.338152212056129,0.4886369973161959,0.47632257778647474,0.0,0.0,0.5872768416024067,,,EXPLORE
220,71,,,0,0,0,0,common,0.0,0.7802010621635161,0.619586710072719,0.5674861230995871,0.0,0.0,0.616667647330738,,,EXPLORE
221,71,,,0,0,0,1,common,0.0,0.10379850949434263,0.4126914781647141,0.42837983901801374,0.0,0.0,0.5520948016354337,,,EXPLORE
222,71,,,0,0,0,0,common,0.0,0.5071306904062856,0.28301902511436294,0.45200509443449527,0.0,0.0,0.5868262268744533,,,EXPLORE
223,71,,,0,1,1,1,common,0.0,0.7330643190433157,0.21443636601480615,0.5363228618171414,0.0,0.0,0.6162828467838286,,,EXPLORE
224,71,,,0,1,1,1,common,1.0,0.5235081926218448,0.45888277865809757,0.5324784610585523,0.0,0.0,0.551574613454019,,,EXPLORE
225,71,,,0,0,0,0,common,1.0,0.6703650512359144,0.3340822294659314,0.5738444381117609,0.0,0.0,0.46170723665297014,,,EXPLORE
226,71,,,0,0,0,0,common,1.0,0.4357372833033444,0.5778616974146114,0.5324122916692359,0.0,0.0,0.3284750248075303,,,EXPLORE
227,71,,,0,0,0,0,common,1.0,0.2832292341471738,0.6829292561836375,0.4576573744126172,0.0,0.0,0.11052319561375529,,,EXPLORE
228,71,,,0,1,1,1,common,1.0,0.34028032520419915,0.6886507268424438,0.4224442596500918,0.0,0.0,0.24415001237160044,,,EXPLORE
229,71,,,0,0,0,0,common,1.0,0.184099002195663,0.6888044398130788,0.35094068241376314,0.0,0.0,0.34201163343829544,,,EXPLORE
230,71,,,0,0,0,0,common,1.0,0.1196643514271809,0.6912424792805506,0.28155778311778845,0.0,0.0,0.41676878564731085,,,EXPLORE
231,71,,,0,0,0,0,common,0.0,0.9222181715723324,0.6800933758830789,0.47375589965415166,0.0,0.0,0.4757371171569994,,,EXPLORE
232,71,,,0,0,1,1,rare,1.0,0.22118221138272942,0.5931203480030713,0.397983793172725,0.0,0.0,0.5234386257925819,,,EXPLORE
233,71,,,0,1,0,0,rare,1.0,0.40055818847798386,0.6764701207056163,0.39875611176430265,0.0,0.0,0.5628189699117191,,,EXPLORE
234,71,,,0,0,0,0,common,1.0,0.26036282251068954,0.6482476944523323,0.35723812498821866,0.0,0.0,0.5958792840378132,,,EXPLORE
235,71,,,0,1,1,1,common,1.0,0.1437684373987741,0.6860324173712398,0.29319721871138527,0.0,0.0,0.624026659869702,,,EXPLORE
236,71,,,0,1,0,0,rare,0.0,0.8307641653680518,0.6736683579357539,0.4544673027083852,0.0,0.0,0.6482793469690894,,,EXPLORE
237,71,,,0,1,0,0,rare,1.0,0.4600032925107663,0.6016998413819982,0.4561280996490995,0.0,0.0,0.6693923909504895,,,EXPLORE
238,71,,,0,0,0,0,common,0.0,0.7009978598680019,0.6788573815002222,0.5295890277147701,0.0,0.0,0.6879375148384677,,,EXPLORE
239,71,,,0,1,1,1,common,1.0,0.09344948430920319,0.6162932152145738,0.3987471646931,0.0,0.0,0.6456968282205332,,,EXPLORE
240,71,,,0,1,1,1,common,1.0,0.060742164800982046,0.5455980451815817,0.2973456647254646,0.0,0.0,0.6671345814822301,,,EXPLORE
241,71,,,0,1,0,0,rare,0.0,0.4556486089142012,0.4942278291732235,0.3448365479820855,0.0,0.0,0.685946907511615,,,EXPLORE
242,71,,,0,0,1,0,rare,0.0,0.14965534702813205,0.6896677679209015,0.28628218769589947,0.0,0.0,0.7025874798657848,,,EXPLORE
243,71,,,0,1,0,1,rare,0.0,0.06746903117132272,0.5977330430631995,0.22063824073852645,0.0,0.0,0.7174111389727087,,,EXPLORE
244,71,,,0,1,1,1,common,1.0,0.03948240712063833,0.6916741671575092,0.16629149065316,0.0,0.0,0.7306994156636784,,,EXPLORE
245,71,,,0,1,1,1,common,1.0,0.025663564628414903,0.5857646886733874,0.12410311284573647,0.0,0.0,0.7426785334710779,,,EXPLORE
246,71,,,0,1,0,1,rare,0.0,0.04385487026135977,0.4640058769942972,0.10002864007042345,0.0,0.0,0.7535323543796939,,,EXPLORE
247,71,,,0,1,1,1,common,1.0,0.016681317008469643,0.6606675907754621,0.07502444315183729,0.0,0.0,0.7634118509457554,,,EXPLORE
248,71,,,0,1,0,0,rare,1.0,0.7038284042057692,0.5307258643972499,0.26366563146801686,0.0,0.0,0.7724421456313154,,,EXPLORE
249,71,,,0,0,1,1,rare,1.0,0.010842856055505279,0.42540602218513035,0.18781879884426336,0.0,0.0,0.7807278163962356,,,EXPLORE
250,71,,,0,1,0,0,rare,1.0,0.45748846273375,0.6171894250953109,0.26871969801110934,0.0,0.0,0.7883569470822066,,,EXPLORE
251,71,,,0,1,1,1,common,0.0,0.9929521435639216,0.557999802584279,0.48598943167695297,0.0,0.0,0.7954042558992479,,,EXPLORE
252,71,,,0,0,0,0,common,0.0,0.7026324992230625,0.6923476042737076,0.5509823519407858,0.0,0.0,0.8019335378701307,,,EXPLORE
253,71,,,0,0,0,0,common,1.0,0.5432888755050094,0.631087983975266,0.5486743090100529,0.0,0.0,0.7848686146829653,,,EXPLORE
254,71,,,0,0,1,1,rare,0.0,0.645418893316549,0.690444042716108,0.5776976843020016,0.0,0.0,0.76480765170323,,,EXPLORE
255,71,,,0,0,0,0,common,1.0,0.3531377690782561,0.6379140461322943,0.510329709734878,0.0,0.0,0.7408870368771526,,,EXPLORE
256,71,,,0,0,0,0,common,1.0,0.22953954990086645,0.6893047682111636,0.42609266178467453,0.0,0.0,0.7118759607385531,,,EXPLORE
257,71,,,0,1,1,1,common,0.0,0.41952228065575686,0.6300081278144116,0.42412154744599917,0.0,0.0,0.7257283385061704,,,EXPLORE
258,71,,,0,1,0,0,rare,0.0,0.8507992925644368,0.47187819863521974,0.5521248709815305,0.0,0.0,0.7381897345184076,,,EXPLORE
259,71,,,0,1,1,0,common,1.0,0.9027240244317142,0.36093538100958483,0.6573046170165856,0.0,0.0,0.7085707308088852,,,EXPLORE
260,71,,,0,0,0,0,common,0.0,0.5530195401668839,0.591812985178953,0.6260190939616751,0.0,0.0,0.6718137957885936,,,EXPLORE
261,71,,,0,0,0,0,common,1.0,0.6405372988915254,0.6922160738443206,0.6303745554406301,0.0,0.0,0.6249878378578858,,,EXPLORE
262,71,,,0,0,0,0,common,1.0,0.4163492442794916,0.644491645848716,0.5661669620922886,0.0,0.0,0.5633024500095528,,,EXPLORE
263,71,,,0,0,0,0,common,1.0,0.27062700878166956,0.5596321633207133,0.47750497609910286,0.0,0.0,0.47835573737390574,,,EXPLORE
264,71,,,0,1,1,0,common,1.0,0.5867706158806143,0.49325228218541006,0.5102846680335562,0.0,0.0,0.5255818337577176,,,EXPLORE
265,71,,,0,0,0,0,common,0.0,0.8240924442919147,0.631903469497156,0.6044270009110637,0.0,0.0,0.42421740475942155,,,EXPLORE
266,71,,,0,1,1,1,common,1.0,0.727310517573758,0.6653829293815119,0.6412920559098719,0.0,0.0,0.2697526262031177,,,EXPLORE
267,71,,,0,0,0,0,common,1.0,0.4643399112102554,0.5956365021592251,0.588206412499987,0.0,0.0,0.09090909090909093,,,EXPLORE
268,71,,,0,0,1,0,rare,0.0,0.6185990996776007,0.6812247646398217,0.5973242186532711,0.0,0.0,0.09090909090909093,,,EXPLORE
269,71,,,0,0,0,1,common,0.0,0.028505665669883853,0.517682655380798,0.4266786527582549,0.0,0.0,0.09090909090909093,,,EXPLORE
270,71,,,0,1,1,1,common,1.0,0.47275183642294283,0.374590791353018,0.4405006078576612,0.0,0.0,0.23017705927636645,,,EXPLORE
271,71,,,0,1,0,0,rare,1.0,0.301820942286666,0.31471057347288545,0.39889670818636264,0.0,0.0,0.33155527035247095,,,EXPLORE
272,71,,,0,1,1,0,common,0.0,0.40208941479044047,0.278963220149416,0.39985452016758594,0.0,0.0,0.40865139461585376,,,EXPLORE
273,71,,,0,0,0,0,common,0.0,0.8038163875136671,0.5483815549130551,0.5210430803714102,0.0,0.0,0.46925370836719743,,,EXPLORE
274,71,,,0,0,0,0,common,1.0,0.4775193481161164,0.4556182949574462,0.507985960694822,0.0,0.0,0.34006380567581695,,,EXPLORE
275,71,,,0,0,0,0,common,1.0,0.31038757627547564,0.6673047730047548,0.4487064453690181,0.0,0.0,0.13054442996824825,,,EXPLORE
276,71,,,0,1,1,1,common,1.0,0.30728869367491285,0.6840314198006844,0.4062811198607865,0.0,0.0,0.2585142454885592,,,EXPLORE
277,71,,,0,1,0,0,rare,1.0,0.20175192457905922,0.6820626482568084,0.3449223612762683,0.0,0.0,0.35281663363530946,,,EXPLORE
278,71,,,0,0,0,0,common,0.0,0.8688612490236115,0.6399683553754468,0.5021040276004712,0.0,0.0,0.4251900910442787,,,EXPLORE
279,71,,,0,1,1,1,common,1.0,0.19973765088869333,0.45386922061075896,0.41139411458693786,0.0,0.0,0.27130088463494173,,,EXPLORE
280,71,,,0,0,1,1,rare,1.0,0.1298294730776507,0.40049270208288235,0.3269247221341517,0.0,0.0,0.3624829214019145,,,EXPLORE
281,71,,,0,1,1,1,common,1.0,0.08438915750047293,0.5749543909909279,0.2541640527440481,0.0,0.0,0.4327527134578873,,,EXPLORE
282,71,,,0,0,0,0,common,0.0,0.5647598118653475,0.542490486151257,0.3473427804804379,0.0,0.0,0.48856183336560444,,,EXPLORE
283,71,,,0,1,0,0,rare,0.0,0.3670938777124759,0.35000466971845823,0.3532681096500493,0.0,0.0,0.5339555061437045,,,EXPLORE
284,71,,,0,1,1,1,common,1.0,0.05485295237530741,0.623248787905324,0.2637435624676267,0.0,0.0,0.57159883532796,,,EXPLORE
285,71,,,0,1,1,1,common,1.0,0.035654419043949837,0.5124358320521337,0.19531681944052365,0.0,0.0,0.6033191220713068,,,EXPLORE
286,71,,,0,0,1,1,rare,1.0,0.02317537237856737,0.4318462098372254,0.14367438532193674,0.0,0.0,0.6304110920148306,,,EXPLORE
287,71,,,0,0,1,1,rare,1.0,0.015063992046068786,0.6075673637655197,0.10509126733917636,0.0,0.0,0.653817744998672,,,EXPLORE
288,71,,,0,1,0,0,rare,1.0,0.7613889794868907,0.6799019496472671,0.3019805809834906,0.0,0.0,0.6742421968516077,,,EXPLORE
289,71,,,0,0,1,1,rare,1.0,0.009791594829944739,0.6550811134900256,0.21432388513742684,0.0,0.0,0.6922193967821739,,,EXPLORE
290,71,,,0,0,1,1,rare,1.0,0.0063645366394641245,0.6875078431701267,0.15193608058803804,0.0,0.0,0.7081635670606907,,,EXPLORE
291,71,,,0,0,0,1,common,0.0,0.018528682685424507,0.6931216198093744,0.11191386121725397,0.0,0.0,0.7224004411315994,,,EXPLORE
292,71,,,0,0,0,0,common,1.0,0.49490283666647894,0.5329072145998233,0.22681055385202142,0.0,0.0,0.7351896950863105,,,EXPLORE
293,71,,,0,1,1,1,common,0.0,0.9958630511843484,0.6427174919538173,0.4575263030517195,0.0,0.0,0.746740884869959,,,EXPLORE
294,71,,,0,0,0,0,common,0.0,0.6783131561667887,0.6507330297595232,0.5237623589862402,0.0,0.0,0.7572249818074881,,,EXPLORE
295,71,,,0,0,0,0,common,1.0,0.5590964484915874,0.6711960465652547,0.5343625858378444,0.0,0.0,0.731748831293405,,,EXPLORE
296,71,,,0,1,0,1,rare,1.0,0.9879563562544741,0.6809840694193072,0.6704407169628332,0.0,0.0,0.7006499840645977,,,EXPLORE
297,71,,,0,0,0,0,common,1.0,0.3634126915195318,0.6837533221257104,0.5783323093298428,0.0,0.0,0.6618383208593698,,,EXPLORE
298,71,,,0,0,0,0,common,1.0,0.23621824948769565,0.6879718428474642,0.4756980913771986,0.0,0.0,0.6120412609463511,,,EXPLORE
299,71,,,0,0,0,0,common,1.0,0.15354186216700216,0.6609842902678389,0.37905122261413965,0.0,0.0,0.6379196285444497,,,EXPLORE
300,71,,,0,1,1,0,common,0.0,0.2613581196137863,0.6326013301312488,0.3437432917140336,0.0,0.0,0.6603491127502759,,,EXPLORE
301,71,,,0,0,0,0,common,0.0,0.9001977895914486,0.42258393182583315,0.510679641077258,0.0,0.0,0.679975174819514,,,EXPLORE
302,71,,,0,0,0,0,common,1.0,0.4148714367655584,0.666630068100654,0.4819371797837481,0.0,0.0,0.6355034257139849,,,EXPLORE
303,71,,,0,0,0,0,common,1.0,0.2696664338976129,0.5737711863509105,0.41825595601790755,0.0,0.0,0.6582452497134572,,,EXPLORE
304,71,,,0,0,1,1,rare,1.0,0.3526890167301735,0.49368108208888406,0.3985858742315873,0.0,0.0,0.6781268693958643,,,EXPLORE
305,71,,,0,0,1,1,rare,1.0,0.2292478608746128,0.43933536967051356,0.34778447022449493,0.0,0.0,0.6956551132400689,,,EXPLORE
306,71,,,0,1,0,1,rare,1.0,0.6421716315654082,0.4044153108137445,0.4361006186267689,0.0,0.0,0.711223741946354,,,EXPLORE
307,71,,,0,1,1,1,common,1.0,0.14901110956849828,0.5663945253961992,0.34997376590928775,0.0,0.0,0.7251433130444103,,,EXPLORE
308,71,,,0,1,1,1,common,1.0,0.09685722121952389,0.6503011783124057,0.27403880250235857,0.0,0.0,0.737662054679067,,,EXPLORE
309,71,,,0,1,0,0,rare,1.0,0.1752831820334484,0.6830071043404223,0.2444121163616855,0.0,0.0,0.7489807555287794,,,EXPLORE
310,71,,,0,0,0,0,common,1.0,0.11393406832174147,0.6922798920049289,0.2052687019497023,0.0,0.0,0.7592635808865822,,,EXPLORE
311,71,,,0,1,1,1,common,0.0,0.9370428062073095,0.6888377217432861,0.4248009332269844,0.0,0.0,0.7686460585487471,,,EXPLORE
312,71,,,0,0,0,0,common,1.0,0.07405714440913191,0.48529538347572543,0.3195777965816286,0.0,0.0,0.7772410623964091,,,EXPLORE
313,71,,,0,1,0,1,rare,0.0,0.5825884394824847,0.47036321125257474,0.3984809894518854,0.0,0.0,0.7851433558889415,,,EXPLORE
314,71,,,0,0,0,1,common,1.0,0.6213175143363849,0.29659195586162634,0.46533194691723523,0.0,0.0,0.7924330842308838,,,EXPLORE
315,71,,,0,1,1,1,common,1.0,0.3909221759652488,0.2885386245818653,0.4430090156316393,0.0,0.0,0.7991784884863916,,,EXPLORE
316,71,,,0,1,1,1,common,1.0,0.2540994143774118,0.4695944102998146,0.386336135255371,0.0,0.0,0.8054380366413988,,,EXPLORE
317,71,,,0,0,1,1,rare,1.0,0.16516461934531768,0.5894739928731729,0.319984680482355,0.0,0.0,0.8112621126904738,,,EXPLORE
318,71,,,0,0,0,0,common,1.0,0.048137143865935705,0.5839975752125647,0.23843041949742919,0.0,0.0,0.8166943671169233,,,EXPLORE
319,71,,,0,0,0,0,common,0.0,0.9687108564871418,0.5803915990512575,0.457514550594343,0.0,0.0,0.8217728053986195,,,EXPLORE
320,71,,,0,0,0,0,common,0.0,0.6296620567166422,0.6755196562613321,0.5091588024310327,0.0,0.0,0.8265306719719426,,,EXPLORE
321,71,,,0,0,1,1,rare,1.0,0.10735700257445646,0.5235417160561275,0.38861826247405984,0.0,0.0,0.8133304736539871,,,EXPLORE
322,71,,,0,0,0,0,common,0.0,0.40928033686581744,0.6665450220801958,0.3948168847915871,0.0,0.0,0.81862668341876,,,EXPLORE
323,71,,,0,1,0,0,rare,1.0,0.7339677810372187,0.510902721115026,0.49656215366527656,0.0,0.0,0.8235819826370301,,,EXPLORE
324,71,,,0,1,1,1,common,0.0,0.9302179483266033,0.42950210283270884,0.6266588920636745,0.0,0.0,0.8282280336201585,,,EXPLORE
325,71,,,0,1,0,1,rare,1.0,0.40385638431865023,0.6578229435226179,0.5598181397401671,0.0,0.0,0.8152750880208677,,,EXPLORE
326,71,,,0,0,0,1,common,0.0,0.7374933501928773,0.5441302878949461,0.6131207028759802,0.0,0.0,0.800372124673185,,,EXPLORE
327,71,,,0,1,0,0,rare,1.0,0.4770790576741921,0.4189022742994374,0.5723082093154437,0.0,0.0,0.7830438932883607,,,EXPLORE
328,71,,,0,0,0,0,common,0.0,0.6898986125117751,0.33037023768187246,0.607585330274343,0.0,0.0,0.7626470539454268,,,EXPLORE
329,71,,,0,1,1,1,common,1.0,0.3953583335877078,0.2618131496829411,0.5439172312683525,0.0,0.0,0.7382886549254047,,,EXPLORE
330,71,,,0,1,0,0,rare,1.0,0.5515659018673462,0.2178966664397863,0.5462118324480506,0.0,0.0,0.7086920689520116,,,EXPLORE
331,71,,,0,1,0,0,rare,1.0,0.358517836213775,0.19252030353875466,0.4899036335777679,0.0,0.0,0.6719661260112639,,,EXPLORE
332,71,,,0,0,0,0,common,1.0,0.23303659353895378,0.17733424407876397,0.41284352156612364,0.0,0.0,0.6902088336000162,,,EXPLORE
333,71,,,0,0,1,0,rare,0.0,0.1698827777489611,0.3775838820885442,0.3399552984209748,0.0,0.0,0.7063747101189313,,,EXPLORE
334,71,,,0,1,1,1,common,1.0,0.25698291683201013,0.25348505240191044,0.3150635839442854,0.0,0.0,0.7207986194369357,,,EXPLORE
335,71,,,0,0,0,0,common,1.0,0.15147378580032,0.24112568734045525,0.26598664450109577,0.0,0.0,0.7337471073060012,,,EXPLORE
336,71,,,0,1,1,1,common,1.0,0.16703889594080656,0.43438993298202666,0.236302319933009,0.0,0.0,0.745434978495362,,,EXPLORE
337,71,,,0,1,1,1,common,0.0,0.8914247176384757,0.4236091351721398,0.432839039244649,0.0,0.0,0.7560372704726646,,,EXPLORE
338,71,,,0,0,1,0,rare,0.0,0.11042380553682471,0.6770209794104491,0.3361144691323017,0.0,0.0,0.7656980490937043,,,EXPLORE
339,71,,,0,1,1,1,common,1.0,0.42057393353499073,0.5569028122065598,0.3614523084531084,0.0,0.0,0.7745369686805429,,,EXPLORE
340,71,,,0,0,0,0,common,1.0,0.09845796077020796,0.4447671495196105,0.2825540041482382,0.0,0.0,0.7826542324791717,,,EXPLORE
341,71,,,0,1,1,1,common,0.0,0.7266269432022561,0.6305389425583928,0.4157758858644436,0.0,0.0,0.7901343907882293,,,EXPLORE
342,71,,,0,0,0,0,common,0.0,0.9360023254993648,0.6791495841829928,0.5718438177549199,0.0,0.0,0.7970492825643388,,,EXPLORE
343,71,,,0,1,1,1,common,1.0,0.5276924869185335,0.6656922017701561,0.5585984185040039,0.0,0.0,0.7791534816075977,,,EXPLORE
344,71,,,0,1,0,1,rare,0.0,0.4793706776253703,0.5451085026872474,0.5348300962404138,0.0,0.0,0.7580304386836564,,,EXPLORE
345,71,,,0,1,0,0,rare,0.0,0.6084015115745871,0.6860193617070991,0.5569015208406658,0.0,0.0,0.7327220657678418,,,EXPLORE
346,71,,,0,0,1,1,rare,1.0,0.34300011649704687,0.6761266044076324,0.4927310995375801,0.0,0.0,0.7018493810447499,,,EXPLORE
347,71,,,0,0,1,1,rare,1.0,0.22295007572308045,0.5315524577721243,0.4117967923932302,0.0,0.0,0.7167515440041791,,,EXPLORE
348,71,,,0,1,0,0,rare,0.0,0.3954609825234816,0.40589044921425094,0.40689604943230556,0.0,0.0,0.7301064634176004,,,EXPLORE
349,71,,,0,1,0,0,rare,1.0,0.7429503613597369,0.32280880081790025,0.5077123430105349,0.0,0.0,0.7421426372586427,,,EXPLORE
350,71,,,0,1,1,1,common,1.0,0.14491754922000233,0.5687525645798298,0.39887390487337515,0.0,0.0,0.7134121869441457,,,EXPLORE
351,71,,,0,1,1,1,common,1.0,0.09419640699300147,0.6800943169865774,0.307470655509263,0.0,0.0,0.7271069015776506,,,EXPLORE
352,71,,,0,0,0,0,common,1.0,0.48291773488382894,0.690075367656813,0.36010477932163276,0.0,0.0,0.7394336570493449,,,EXPLORE
353,71,,,0,0,0,0,common,1.0,0.31389652767448883,0.6875903708944091,0.34624230382748955,0.0,0.0,0.750587134046732,,,EXPLORE
354,71,,,0,0,0,0,common,0.0,0.7959672570115822,0.6683634525947892,0.48115978978271734,0.0,0.0,0.7607267454169229,,,EXPLORE
355,71,,,0,0,0,0,common,0.0,0.5173787170575285,0.620243418460779,0.49202546796516067,0.0,0.0,0.7699842764452239,,,EXPLORE
356,71,,,0,0,0,1,common,0.0,0.3115909404564907,0.4521701628774947,0.4378951097125597,0.0,0.0,0.7784696214260646,,,EXPLORE
357,71,,,0,1,0,1,rare,0.0,0.20253411129671897,0.33893789951827474,0.36728681018780746,0.0,0.0,0.7862751478597716,,,EXPLORE
358,71,,,0,1,0,0,rare,1.0,0.6637038339126065,0.5739639066248388,0.4562119173052471,0.0,0.0,0.7934790566242512,,,EXPLORE
359,71,,,0,0,0,0,common,1.0,0.4314074920431942,0.42257197008437464,0.4487705897266312,0.0,0.0,0.8001479976534166,,,EXPLORE
360,71,,,0,0,0,0,common,1.0,0.2804148698280762,0.6389869751689538,0.3982638737570647,0.0,0.0,0.8063391267140577,,,EXPLORE
361,71,,,0,1,0,0,rare,0.0,0.8177303346117505,0.6931322439435699,0.5241038120134704,0.0,0.0,0.812101737816335,,,EXPLORE
362,71,,,0,1,1,1,common,1.0,0.06122766454545092,0.589983643755206,0.38524096777306455,0.0,0.0,0.7966987416311021,,,EXPLORE
363,71,,,0,0,1,1,rare,0.0,0.9602020180454569,0.6892520833242608,0.5577292828547822,0.0,0.0,0.8031349042301767,,,EXPLORE
364,71,,,0,1,1,1,common,1.0,0.37586868827045294,0.6231830949571546,0.5031711044794833,0.0,0.0,0.7862710990246731,,,EXPLORE
365,71,,,0,0,1,1,rare,0.0,0.7556853526242056,0.5226921685609207,0.5789253789229,0.0,0.0,0.7664662417174163,,,EXPLORE
366,71,,,0,1,1,1,common,0.0,0.49119547920573364,0.38564571194948233,0.55260640900775,0.0,0.0,0.7428787577852223,,,EXPLORE
367,71,,,0,0,1,1,rare,1.0,0.6807229385162732,0.6129938511566766,0.5910413678603069,0.0,0.0,0.7143121323090799,,,EXPLORE
368,71,,,0,1,1,1,common,1.0,0.44246991003557756,0.6898719467085197,0.5464699305128881,0.0,0.0,0.6790057306977723,,,EXPLORE
369,71,,,0,1,0,0,rare,1.0,0.46847528250236214,0.6576154525484461,0.5230715361097302,0.0,0.0,0.6342579209056384,,,EXPLORE
370,71,,,0,0,0,0,common,1.0,0.3045089336265354,0.5819634942994232,0.45750275536477175,0.0,0.0,0.5757004564433529,,,EXPLORE
371,71,,,0,0,0,0,common,1.0,0.19793080685724807,0.6778186742604282,0.37963117081251463,0.0,0.0,0.6068034457825089,,,EXPLORE
372,71,,,0,1,0,0,rare,1.0,0.12865502445721122,0.6925609527100056,0.30433832690592355,0.0,0.0,0.6334075292949517,,,EXPLORE
373,71,,,0,1,1,1,common,0.0,0.7123945584768746,0.6866129018854144,0.4267551963772088,0.0,0.0,0.6564219081091834,,,EXPLORE
374,71,,,0,1,0,0,rare,1.0,0.08362576589718729,0.5866996321367604,0.32381636723320234,0.0,0.0,0.6765262540554996,,,EXPLORE
375,71,,,0,0,1,1,rare,1.0,0.5369435369900315,0.6771075269687437,0.3877545181602511,0.0,0.0,0.6942388410315452,,,EXPLORE
376,71,,,0,0,1,1,rare,0.0,0.6509867009564795,0.6451695787074219,0.4667241729991196,0.0,0.0,0.7099617681550511,,,EXPLORE
377,71,,,0,1,1,1,common,1.0,0.5768586443782884,0.6518739963684741,0.4997645144128702,0.0,0.0,0.7240117841642144,,,EXPLORE
378,71,,,0,1,1,0,common,0.0,0.07177547359893607,0.5847063695759276,0.3713678021686899,0.0,0.0,0.7366417920897524,,,EXPLORE
379,71,,,0,0,0,0,common,1.0,0.05435674783317179,0.690245689219213,0.2762644858680344,0.0,0.0,0.7480561639328245,,,EXPLORE
380,71,,,0,0,0,0,common,1.0,0.03533188609156168,0.6261243626803922,0.2039847059350926,0.0,0.0,0.7584218489023357,,,EXPLORE
381,71,,,0,0,1,1,rare,1.0,0.37495811884588737,0.5512168865619884,0.25527672980833105,0.0,0.0,0.7678765641406243,,,EXPLORE
382,71,,,0,1,0,0,rare,1.0,0.02296572595951507,0.49559343234973596,0.18558342865368624,0.0,0.0,0.776534924423704,,,EXPLORE
383,71,,,0,0,0,0,common,1.0,0.01492772187368474,0.6276799989389122,0.1343867166196858,0.0,0.0,0.7844930915324891,,,EXPLORE
384,71,,,0,0,1,1,rare,1.0,0.24372277724982683,0.5984797632691157,0.1671875348087281,0.0,0.0,0.7918323442413525,,,EXPLORE
385,71,,,0,0,1,0,rare,0.0,0.04665405783930845,0.5775952597444457,0.1310274917179022,0.0,0.0,0.798621850383781,,,EXPLORE
386,71,,,0,0,1,1,rare,1.0,0.1584198052123874,0.6815464629580613,0.13924518576624775,0.0,0.0,0.8049208415890632,,,EXPLORE
387,71,,,0,0,0,1,common,0.0,0.13164717234286732,0.686620182080114,0.13696578173923363,0.0,0.0,0.8107803356495779,,,EXPLORE
388,71,,,0,0,1,1,rare,1.0,0.10297287338805183,0.6152251027924016,0.1267679092338791,0.0,0.0,0.8162445126211092,,,EXPLORE
389,71,,,0,1,1,1,common,0.0,0.9330676322977663,0.6917387921363302,0.36865782615304526,0.0,0.0,0.8213518232394018,,,EXPLORE
390,71,,,0,0,0,0,common,0.0,0.9902969807821049,0.607630909828825,0.5551495725417632,0.0,0.0,0.8261358884945043,,,EXPLORE
391,71,,,0,0,0,1,common,0.0,0.08557066202286376,0.692551651857875,0.4142758993860934,0.0,0.0,0.8128778260759661,,,EXPLORE
392,71,,,0,0,0,0,common,1.0,0.35630696249163174,0.6390702490781406,0.39688521831775486,0.0,0.0,0.8182036689478033,,,EXPLORE
393,71,,,0,0,0,0,common,1.0,0.23159952561956065,0.6798119533865956,0.34729951050829655,0.0,0.0,0.8231858031548728,,,EXPLORE
394,71,,,0,0,1,0,rare,0.0,0.030325137595550493,0.5856822078359725,0.2522071986344727,0.0,0.0,0.8278562324983237,,,EXPLORE
395,71,,,0,0,1,1,rare,0.0,0.6064939609935481,0.6931411866645326,0.35849322734219535,0.0,0.0,0.83224310731307,,,EXPLORE
396,71,,,0,1,1,0,common,0.0,0.019711339437107823,0.6463172962976172,0.2568586609706691,0.0,0.0,0.8363712875042686,,,EXPLORE
397,71,,,0,0,0,0,common,1.0,0.1505396916527144,0.6931446480148681,0.22496297017528272,0.0,0.0,0.8402628096672266,,,EXPLORE
398,71,,,0,0,1,1,rare,1.0,0.6057789253541936,0.5836866087296786,0.339207756728956,0.0,0.0,0.8439372768277008,,,EXPLORE
399,71,,,0,0,0,0,common,1.0,0.09785079957426435,0.4449404523558309,0.26680066958254844,0.0,0.0,0.8474121853552901,,,EXPLORE
400,71,,,0,1,1,1,common,1.0,0.3937563014802259,0.35449004806024603,0.30488735915185167,0.0,0.0,0.8507032005565656,,,EXPLORE
401,71,,,0,0,0,0,common,1.0,0.06360301972327187,0.5697192769344482,0.23250205732327772,0.0,0.0,0.8538243901075053,,,EXPLORE
402,71,,,0,1,1,1,common,1.0,0.25594159596214683,0.5120040720252232,0.23953391891493842,0.0,0.0,0.8567884226629263,,,EXPLORE
403,71,,,0,1,1,1,common,1.0,0.16636203737539546,0.6369031800428234,0.21758235445307553,0.0,0.0,0.8596067375565175,,,EXPLORE
404,71,,,0,0,0,0,common,1.0,0.0413419628201267,0.6839473479890804,0.16471023696319087,0.0,0.0,0.862289690384556,,,EXPLORE
405,71,,,0,1,0,0,rare,0.0,0.9731277241669176,0.6685786622554277,0.4072354831243089,0.0,0.0,0.8648466783791988,,,EXPLORE
406,71,,,0,1,1,1,common,1.0,0.10813532429400707,0.4577815904366833,0.31750543547521837,0.0,0.0,0.8672862487706207,,,EXPLORE
407,71,,,0,1,0,0,rare,0.0,0.6325330207084965,0.5993462156263264,0.4120137110452018,0.0,0.0,0.8696161927712807,,,EXPLORE
408,71,,,0,1,1,1,common,0.0,0.9297120392088954,0.3915054221300269,0.5673232094943098,0.0,0.0,0.871843627359823,,,EXPLORE
409,71,,,0,0,1,1,rare,1.0,0.39568717451421787,0.2675625005186534,0.5158323990002822,0.0,0.0,0.8644056350219291,,,EXPLORE
410,71,,,0,0,0,0,common,1.0,0.5888535365394773,0.24804303229970803,0.5377387402620407,0.0,0.0,0.8561397062740017,,,EXPLORE
411,71,,,0,1,0,0,rare,1.0,0.3827547987506602,0.2359178455357468,0.49124355780862655,0.0,0.0,0.8468999493797035,,,EXPLORE
412,71,,,0,1,0,1,rare,0.0,0.05562093031486144,0.4296840952637744,0.360556769560497,0.0,0.0,0.8502177769937396,,,EXPLORE
413,71,,,0,0,1,1,rare,1.0,0.25719666343424163,0.2758584252777517,0.3295487377226204,0.0,0.0,0.8533637502235859,,,EXPLORE
414,71,,,0,0,0,0,common,1.0,0.2487906191879291,0.26730526833200197,0.305321302162213,0.0,0.0,0.8563507373209011,,,EXPLORE
415,71,,,0,1,1,1,common,1.0,0.16717783123225705,0.26184455035806065,0.2638782608832262,0.0,0.0,0.8591903532592994,,,EXPLORE
416,71,,,0,0,0,0,common,1.0,0.1617139024721539,0.44606356531001434,0.23322895335990448,0.0,0.0,0.8618931086875882,,,EXPLORE
417,71,,,0,0,0,0,common,1.0,0.1051140366069,0.44149733725055484,0.19479447833400312,0.0,0.0,0.8644685381323608,,,EXPLORE
418,71,,,0,0,0,0,common,1.0,0.06832412379448505,0.4385328044451868,0.1568533719721477,0.0,0.0,0.8669253107459782,,,EXPLORE
419,71,,,0,1,1,1,common,0.0,0.8913344096990329,0.43660753167090977,0.3771976832902132,0.0,0.0,0.869271326310918,,,EXPLORE
420,71,,,0,1,1,1,common,1.0,0.42063263369562853,0.2718500650055702,0.3902281684118377,0.0,0.0,0.8715137987407001,,,EXPLORE
421,71,,,0,1,1,1,common,1.0,0.27341121190215856,0.4510753394038223,0.3551830814589339,0.0,0.0,0.8736593289368542,,,EXPLORE
422,71,,,0,0,0,0,common,1.0,0.044410680466415275,0.5744528884337199,0.2619513611611783,0.0,0.0,0.8757139685519277,,,EXPLORE
423,71,,,0,1,0,0,rare,1.0,0.028866942303169885,0.5733242555779546,0.19202603550377575,0.0,0.0,0.8776832759558334,,,EXPLORE
424,71,,,0,0,0,0,common,1.0,0.01876351249706043,0.6392262748367263,0.14004727860176114,0.0,0.0,0.8795723654955532,,,EXPLORE
425,71,,,0,1,0,0,rare,1.0,0.012196283123089291,0.6386737060924433,0.10169197995815958,0.0,0.0,0.8813859509674641,,,EXPLORE
426,71,,,0,0,0,0,common,0.0,0.992072415969992,0.6696266685098208,0.36880611076170927,0.0,0.0,0.8831283840803212,,,EXPLORE
427,71,,,0,1,0,0,rare,1.0,0.3551529296195053,0.5902420160117747,0.3647101564190481,0.0,0.0,0.8848036885696366,,,EXPLORE
428,71,,,0,1,0,0,rare,1.0,0.23084940425267841,0.5590189421602707,0.32455193076913713,0.0,0.0,0.8864155905264446,,,EXPLORE
429,71,,,0,1,1,1,common,1.0,0.17771728773640305,0.5376138402926622,0.28050153785931686,0.0,0.0,0.8879675454216437,,,EXPLORE
430,71,,,0,0,0,0,common,1.0,0.15005211276424102,0.5233561943389415,0.2413667103307941,0.0,0.0,0.889462762238463,,,EXPLORE
431,71,,,0,1,1,1,common,0.0,0.884483762971338,0.6207491168049377,0.4343018261229572,0.0,0.0,0.890904225067758,,,EXPLORE
432,71,,,0,0,1,1,rare,1.0,0.42508555406863024,0.6545586034836477,0.431536944506659,0.0,0.0,0.8922947124719833,,,EXPLORE
433,71,,,0,0,0,0,common,1.0,0.09753387329675667,0.6038376185478134,0.33133602314368826,0.0,0.0,0.8936368148822613,,,EXPLORE
434,71,,,0,0,0,0,common,1.0,0.06339701764289185,0.5633076081305048,0.2509543214934493,0.0,0.0,0.8949329502577558,,,EXPLORE
435,71,,,0,0,0,0,common,1.0,0.0412080614678797,0.5348627476920382,0.1880304434857784,0.0,0.0,0.8961853782065298,,,EXPLORE
436,71,,,0,0,0,0,common,1.0,0.026785239954121853,0.5157808218218771,0.13965688242628144,0.0,0.0,0.897396212741398,,,EXPLORE
437,71,,,0,0,0,1,common,0.0,0.036153604704659933,0.5032040092407274,0.10860589910979498,0.0,0.0,0.8985674338222713,,,EXPLORE
438,71,,,0,0,1,1,rare,1.0,0.27630561014460964,0.6931328015563877,0.1589158124202394,0.0,0.0,0.8997008978175809,,,EXPLORE
439,71,,,0,0,1,1,rare,1.0,0.17959864659399627,0.6598675921590483,0.16512066267236644,0.0,0.0,0.9007983470010607,,,EXPLORE
440,71,,,0,0,0,0,common,0.0,0.9825895940298208,0.6087754197926142,0.41036134207960273,0.0,0.0,0.901861418186093,,,EXPLORE
441,71,,,0,0,0,0,common,1.0,0.3613167638806165,0.6802104046768422,0.3956479686199068,0.0,0.0,0.9028916505876294,,,EXPLORE
442,71,,,0,0,0,0,common,1.0,0.2348558965224008,0.6814753404394663,0.347410346990655,0.0,0.0,0.903890492991119,,,EXPLORE
443,71,,,0,0,0,0,common,1.0,0.15265633273956047,0.6326901295172138,0.28898414271532663,0.0,0.0,0.9048593102986784,,,EXPLORE
444,71,,,0,1,0,0,rare,0.0,0.9007733837192857,0.5852730768023848,0.47252091501651433,0.0,0.0,0.9057993895147152,,,EXPLORE
445,71,,,0,1,0,0,rare,1.0,0.41449730058246426,0.39382876194241045,0.4551138306862993,0.0,0.0,0.9067119452262192,,,EXPLORE
446,71,,,0,0,0,1,common,0.0,0.023499843058028956,0.5742833090267021,0.32562963439781817,0.0,0.0,0.9075981246268005,,,EXPLORE
447,71,,,0,0,1,0,rare,1.0,0.9871876293658799,0.6888045578706263,0.5240970328882366,0.0,0.0,0.9084590121281851,,,EXPLORE
448,71,,,0,1,1,1,common,0.0,0.8832608797139024,0.6719867705398865,0.6318461869359364,0.0,0.0,0.9044418082661503,,,EXPLORE
449,71,,,0,0,1,0,rare,0.0,0.35832804091217807,0.5240985465758367,0.5497907431288089,0.0,0.0,0.9001016894928117,,,EXPLORE
450,71,,,0,1,1,1,common,1.0,0.4258804281859634,0.684095923499549,0.5126176486459553,0.0,0.0,0.8953983375961367,,,EXPLORE
451,71,,,0,1,1,1,common,0.0,0.7231777216791238,0.65426828713677,0.5757856705559058,0.0,0.0,0.8902844310922936,,,EXPLORE
452,71,,,0,1,0,0,rare,1.0,0.26942324537860174,0.6830561656032628,0.48387694300271455,0.0,0.0,0.8847040556019805,,,EXPLORE
453,71,,,0,0,0,0,common,0.0,0.8248748905039088,0.6555607461406867,0.5861763272530729,0.0,0.0,0.8863196969306717,,,EXPLORE
454,71,,,0,0,0,0,common,1.0,0.4638313211724592,0.5379770806468401,0.5494728254288888,0.0,0.0,0.880363207621338,,,EXPLORE
455,71,,,0,0,1,1,rare,0.0,0.47006551909143046,0.6859768398002,0.5256506335276512,0.0,0.0,0.8738177724079079,,,EXPLORE
456,71,,,0,1,1,0,common,0.0,0.23291322659291575,0.5807721892168353,0.43782941144723053,0.0,0.0,0.8665918846432377,,,EXPLORE
457,71,,,0,1,0,0,rare,0.0,0.6985096412379015,0.6901051002540877,0.5160334803844318,0.0,0.0,0.8689527923753058,,,EXPLORE
458,71,,,0,0,1,1,rare,1.0,0.6944574125905703,0.6738346132890289,0.5695606600462733,0.0,0.0,0.8611984313964737,,,EXPLORE
459,71,,,0,1,1,1,common,1.0,0.45139731818387063,0.5197633518804338,0.5341116574875524,0.0,0.0,0.8525613970927156,,,EXPLORE
460,71,,,0,0,0,0,common,1.0,0.545968733195364,0.6848953023069284,0.5376687801998958,0.0,0.0,0.8428824013747543,,,EXPLORE
461,71,,,0,1,1,1,common,1.0,0.293408256819516,0.6114523627580049,0.4643906231857819,0.0,0.0,0.8319613763818623,,,EXPLORE
462,71,,,0,1,0,0,rare,1.0,0.3548796765769866,0.689644045923415,0.4315373392031433,0.0,0.0,0.8361059473704121,,,EXPLORE
463,71,,,0,0,0,0,common,1.0,0.23067178977504132,0.6839916235392445,0.3712776743747127,0.0,0.0,0.8400124827383684,,,EXPLORE
464,71,,,0,0,0,0,common,0.0,0.8500633366462231,0.6916641040421434,0.5149133730561658,0.0,0.0,0.8437007356578501,,,EXPLORE
465,71,,,0,1,1,1,common,1.0,0.19071536693268543,0.5735705307529617,0.4176539712191216,0.0,0.0,0.8328877826631652,,,EXPLORE
466,71,,,0,1,1,1,common,1.0,0.12396498850624549,0.5130285549783701,0.32954727640525877,0.0,0.0,0.8369785715781162,,,EXPLORE
467,71,,,0,0,0,0,common,1.0,0.447458831179955,0.4717237613355677,0.3649207428376676,0.0,0.0,0.8408358355172744,,,EXPLORE
468,71,,,0,0,0,1,common,0.0,0.015274897987718822,0.607883143438541,0.2600269893826829,0.0,0.0,0.844478837039683,,,EXPLORE
469,71,,,0,0,1,1,rare,1.0,0.08057724252905962,0.3993910217262204,0.20619206532659592,0.0,0.0,0.847924777071137,,,EXPLORE
470,71,,,0,1,1,1,common,1.0,0.05237520764388881,0.5670064811546965,0.1600470080217838,0.0,0.0,0.851189063537243,,,EXPLORE
471,71,,,0,1,0,0,rare,1.0,0.29084824026697076,0.5417893029380566,0.19928737769533988,0.0,0.0,0.8542855390594701,,,EXPLORE
472,71,,,0,1,0,0,rare,1.0,0.18905135617353097,0.5248749983639601,0.19621657123879718,0.0,0.0,0.8572266748120452,,,EXPLORE
473,71,,,0,0,0,0,common,1.0,0.1228833815127951,0.5137156856149788,0.17421661432099655,0.0,0.0,0.8600237362650686,,,EXPLORE
474,71,,,0,0,0,0,common,1.0,0.07987419798331685,0.614138547235255,0.14591388941969263,0.0,0.0,0.8626869254582757,,,EXPLORE
475,71,,,0,0,0,0,common,1.0,0.051918228689155965,0.6621930269366015,0.11771519120053163,0.0,0.0,0.8652255035932079,,,EXPLORE
476,71,,,0,1,0,0,rare,1.0,0.03374684864795141,0.6823538439898065,0.09252468843475756,0.0,0.0,0.8676478970486604,,,EXPLORE
477,71,,,0,0,0,0,common,1.0,0.02193545162116839,0.6798297951780996,0.0713479173906808,0.0,0.0,0.8699617893768299,,,EXPLORE
478,71,,,0,1,1,1,common,0.0,0.9659561150314723,0.6885583436205419,0.3397303766829182,0.0,0.0,0.8721742013963908,,,EXPLORE
479,71,,,0,1,1,1,common,1.0,0.372128525229543,0.5439481704844609,0.3494498212469056,0.0,0.0,0.8742915611413515,,,EXPLORE
480,71,,,0,0,1,1,rare,1.0,0.24188354139920298,0.6381594428344429,0.3171799372925948,0.0,0.0,0.8763197651336591,,,EXPLORE
481,71,,,0,1,1,1,common,1.0,0.1572243019094819,0.6239926973531502,0.2691932466776609,0.0,0.0,0.8782642322096639,,,EXPLORE
482,71,,,0,1,1,0,common,1.0,0.8486064027146047,0.6691457647664327,0.443017193488744,0.0,0.0,0.8801299509351894,,,EXPLORE
483,71,,,0,1,1,1,common,0.0,0.8978042037588367,0.6865430378047517,0.5794532965697718,0.0,0.0,0.8819215214828215,,,EXPLORE
484,71,,,0,1,1,0,common,0.0,0.4484058382355069,0.47679523791604994,0.5401390590694923,0.0,0.0,0.87553294264392,,,EXPLORE
485,71,,,0,0,1,0,rare,1.0,0.7085362051469205,0.30280287233655434,0.5906582028927208,0.0,0.0,0.868488743385788,,,EXPLORE
486,71,,,0,0,0,0,common,0.0,0.9857419564462405,0.2919875673926691,0.7091833289587767,0.0,0.0,0.8606829571783327,,,EXPLORE
487,71,,,0,0,1,0,rare,0.0,0.5394514666545016,0.5807381769449148,0.658263770267494,0.0,0.0,0.8519854812228123,,,EXPLORE
488,71,,,0,1,0,0,rare,1.0,0.3592677283099437,0.691295815983618,0.568564957680229,0.0,0.0,0.842234789519861,,,EXPLORE
489,71,,,0,0,0,0,common,0.0,0.7664759765985366,0.6282750055942115,0.6279382633557212,0.0,0.0,0.8312278363081296,,,EXPLORE
490,71,,,0,0,1,1,rare,0.0,0.5835727324432439,0.5148583864412476,0.614628604081978,0.0,0.0,0.8187057992142847,,,EXPLORE
491,71,,,0,1,1,1,common,1.0,0.6206777239118915,0.43148799578360697,0.616443340030952,0.0,0.0,0.8043335146845987,,,EXPLORE
492,71,,,0,0,0,0,common,1.0,0.5017906152109513,0.3130891496316901,0.5820475225849517,0.0,0.0,0.787669090624369,,,EXPLORE
493,71,,,0,1,1,1,common,0.0,0.5965594794572705,0.5616887457193174,0.5864011096466474,0.0,0.0,0.76811774887589,,,EXPLORE
494,71,,,0,1,0,0,rare,0.0,0.6738361001128818,0.6925687138502413,0.6126316067865176,0.0,0.0,0.7448594451536361,,,EXPLORE
495,71,,,0,1,0,0,rare,1.0,0.5620065349266268,0.6495630855676977,0.5974440852285503,0.0,0.0,0.7167310685164981,,,EXPLORE
496,71,,,0,0,0,0,common,1.0,0.3653042477023074,0.6772579114028265,0.5278021339706774,0.0,0.0,0.6820260832790837,,,EXPLORE
497,71,,,0,0,0,0,common,1.0,0.23744776100649978,0.6742539706078832,0.4406958220814241,0.0,0.0,0.6381351847006059,,,EXPLORE
498,71,,,0,0,1,0,rare,1.0,0.6493565466745739,0.6047444787220654,0.503294039459369,0.0,0.0,0.6605369015168249,,,EXPLORE
499,71,,,0,0,1,0,rare,0.0,0.577918244661527,0.5412806001200731,0.5256813010200163,0.0,0.0,0.6103445738497055,,,EXPLORE
500,71,,,0,1,1,0,common,0.0,0.3756468590299925,0.6931435003774327,0.48067096842300916,0.0,0.0,0.543526215553514,,,EXPLORE
501,71,,,0,0,1,0,rare,0.0,0.24417045836949514,0.6226301996762612,0.40972081540695493,0.0,0.0,0.5796198433956622,,,EXPLORE
502,71,,,0,0,0,0,common,1.0,0.15434104465422482,0.6931456255640295,0.3331068841811359,0.0,0.0,0.6101381628562584,,,EXPLORE
503,71,,,0,0,0,0,common,0.0,0.8996783209747539,0.6014342451077583,0.5030783152192213,0.0,0.0,0.6362791396459927,,,EXPLORE
504,71,,,0,0,0,0,common,1.0,0.41520909136640993,0.6923175151342043,0.47671754806337785,0.0,0.0,0.5783912941603362,,,EXPLORE
505,71,,,0,0,1,0,rare,0.0,0.15871079794017184,0.59190554499842,0.381315523026416,0.0,0.0,0.609092333337065,,,EXPLORE
506,71,,,0,0,0,0,common,1.0,0.2698859093881665,0.691512542252665,0.34788663893494115,0.0,0.0,0.6353781452640269,,,EXPLORE
507,71,,,0,0,0,0,common,1.0,0.1754258411023082,0.5877879983644532,0.29614839958515127,0.0,0.0,0.6581362187112559,,,EXPLORE
508,71,,,0,0,1,1,rare,1.0,0.6122363383527741,0.46870284956194874,0.3909747812154381,0.0,0.0,0.6780311243829865,,,EXPLORE
509,71,,,0,1,1,1,common,1.0,0.3979536199293032,0.3886556724371243,0.39306843282959764,0.0,0.0,0.6955703698816802,,,EXPLORE
510,71,,,0,0,0,0,common,0.0,0.8859732032834997,0.5834907403470224,0.5409398639657683,0.0,0.0,0.7111482110772158,,,EXPLORE
511,71,,,0,1,0,0,rare,1.0,0.4241174178657252,0.6894956533656849,0.5058931301357553,0.0,0.0,0.6750464844191056,,,EXPLORE
512,71,,,0,1,1,1,common,1.0,0.2586698529540471,0.6267886296505818,0.43172614698124284,0.0,0.0,0.6291612185996838,,,EXPLORE
513,71,,,0,0,0,0,common,1.0,0.2756763216127214,0.5551534918527934,0.38491119937068635,0.0,0.0,0.6527324039859346,,,EXPLORE
514,71,,,0,0,1,1,rare,1.0,0.16813540442013064,0.6639806040677257,0.31987846088551963,0.0,0.0,0.6732909607512053,,,EXPLORE
515,71,,,0,1,0,0,rare,1.0,0.17918960904826886,0.6924933978733274,0.2776718053343444,0.0,0.0,0.6913789032084706,,,EXPLORE
516,71,,,0,0,0,0,common,1.0,0.11647324588137475,0.680612170021427,0.22931223749845348,0.0,0.0,0.7074155811143411,,,EXPLORE
517,71,,,0,0,0,0,common,1.0,0.0757076098228936,0.6928708529185439,0.1832308491957855,0.0,0.0,0.7217305221639011,,,EXPLORE
518,71,,,0,1,1,1,common,1.0,0.10928801287308487,0.6910536492525724,0.16104799829897531,0.0,0.0,0.7345862588176392,,,EXPLORE
519,71,,,0,0,1,1,rare,0.0,0.9289627916324948,0.6930304133815701,0.3914224362990312,0.0,0.0,0.7461945305507515,,,EXPLORE
520,71,,,0,0,1,0,rare,0.0,0.1031620186611117,0.5159626107418857,0.3049443110076553,0.0,0.0,0.7567280009826152,,,EXPLORE
521,71,,,0,1,1,1,common,0.0,0.6038258145611217,0.3342578352058422,0.3946087620736952,0.0,0.0,0.7663288745080213,,,EXPLORE
522,71,,,0,1,0,0,rare,1.0,0.049209946384880854,0.6094423338182855,0.2909891173670509,0.0,0.0,0.7751153291688996,,,EXPLORE
523,71,,,0,0,1,1,rare,0.0,0.3924867794647291,0.49448905936504894,0.32143841599635437,0.0,0.0,0.7831863852810425,,,EXPLORE
524,71,,,0,1,1,0,common,0.0,0.0670553121297226,0.37464180583883944,0.2451234848363648,0.0,0.0,0.790625636295105,,,EXPLORE
525,71,,,0,1,1,1,common,0.0,0.2551164066520739,0.5978760020767041,0.24812136138107754,0.0,0.0,0.7975041404657625,,,EXPLORE
526,71,,,0,0,0,0,common,0.0,0.9680135348498274,0.6857601537759803,0.4640890134217025,0.0,0.0,0.803882685593266,,,EXPLORE
527,71,,,0,0,0,0,common,1.0,0.3707912023476121,0.6505111263308447,0.43609967009947537,0.0,0.0,0.8098135798816337,,,EXPLORE
528,71,,,0,0,0,0,common,0.0,0.7589857184740522,0.6536487275571816,0.5329654846118483,0.0,0.0,0.8153420806984952,,,EXPLORE
529,71,,,0,0,0,0,common,1.0,0.5066592829918661,0.6926111745165006,0.5250736241258536,0.0,0.0,0.8004495785140705,,,EXPLORE
530,71,,,0,0,0,0,common,1.0,0.32932853394471295,0.5977495989235242,0.46635009707151137,0.0,0.0,0.7831344596137614,,,EXPLORE
531,71,,,0,0,0,0,common,1.0,0.2140635470640634,0.46183666262869283,0.39066413206927697,0.0,0.0,0.7905776975549333,,,EXPLORE
532,71,,,0,0,0,0,common,0.0,0.8608586944083588,0.37059629216652434,0.5317225007710016,0.0,0.0,0.7974597486541515,,,EXPLORE
533,71,,,0,0,1,1,rare,1.0,0.834174335676152,0.6112004512437547,0.6224580512425466,0.0,0.0,0.7796345917613604,,,EXPLORE
534,71,,,0,1,1,1,common,1.0,0.5422133181894988,0.47255465196220503,0.5983846313266322,0.0,0.0,0.7586021015203147,,,EXPLORE
535,71,,,0,0,1,0,rare,0.0,0.04358595288431969,0.6567798060610531,0.43194502779393845,0.0,0.0,0.733412438961498,,,EXPLORE
536,71,,,0,1,0,0,rare,1.0,0.4404418486345667,0.6717999472508387,0.43449407404612694,0.0,0.0,0.7451321271988822,,,EXPLORE
537,71,,,0,1,1,1,common,1.0,0.3524386568231742,0.5736909884236271,0.40987744887924105,0.0,0.0,0.7557619188301873,,,EXPLORE
538,71,,,0,0,0,1,common,0.0,0.009928683692017236,0.48642379841057226,0.28989281932307387,0.0,0.0,0.7654466269120389,,,EXPLORE
539,71,,,0,0,0,0,common,0.0,0.7137127983875317,0.3491631423671033,0.4170388130424112,0.0,0.0,0.7743064980475793,,,EXPLORE
540,71,,,0,0,0,0,common,0.0,0.4639133189518956,0.2709087013474726,0.4311011648152565,0.0,0.0,0.7824422098486851,,,EXPLORE
541,71,,,0,1,1,1,common,1.0,0.22908512693506322,0.22687492817165172,0.37049635345119847,0.0,0.0,0.7899386961530763,,,EXPLORE
542,71,,,0,1,1,1,common,1.0,0.14890533250779114,0.1886763660095511,0.3040190471681763,0.0,0.0,0.7968681087264419,,,EXPLORE
543,71,,,0,1,0,0,rare,1.0,0.6984563426812679,0.16674816472936085,0.42235023582210374,0.0,0.0,0.8032921346243355,,,EXPLORE
544,71,,,0,0,1,1,rare,0.0,0.9032115338699358,0.15366511346267558,0.5666086252364533,0.0,0.0,0.8092638270357736,,,EXPLORE
545,71,,,0,0,1,1,rare,1.0,0.41291250298454174,0.1351447398888006,0.5204997885608798,0.0,0.0,0.7934061677941825,,,EXPLORE
546,71,,,0,1,0,0,rare,1.0,0.45399662274282415,0.32763366412000894,0.5005488388154631,0.0,0.0,0.7748767598797156,,,EXPLORE
547,71,,,0,0,0,0,common,1.0,0.29509780478283565,0.31340913498338596,0.43891352860567484,0.0,0.0,0.7529394822067929,,,EXPLORE
548,71,,,0,0,0,0,common,1.0,0.19181357310884317,0.4929498951514766,0.3647835419566253,0.0,0.0,0.7628710835475886,,,EXPLORE
549,71,,,0,0,0,0,common,1.0,0.12467882252074802,0.6057467766189906,0.29275212612586216,0.0,0.0,0.7719469281707635,,,EXPLORE
550,71,,,0,1,1,1,common,0.0,0.7316068730600478,0.6602011876131264,0.42440855020611784,0.0,0.0,0.7802726491025717,,,EXPLORE
551,71,,,0,1,1,1,common,1.0,0.524455532510969,0.6137870865543671,0.45442264489757317,0.0,0.0,0.7879371812080224,,,EXPLORE
552,71,,,0,1,0,0,rare,1.0,0.08104123463848623,0.681268248847922,0.3424082218198471,0.0,0.0,0.7950159352615705,,,EXPLORE
553,71,,,0,1,0,0,rare,1.0,0.05267680251501605,0.6930471085017693,0.25548879602839775,0.0,0.0,0.8015732745224318,,,EXPLORE
554,71,,,0,0,1,1,rare,0.0,0.6591039038678702,0.6855015604689674,0.3765733283802395,0.0,0.0,0.8076644663154088,,,EXPLORE
555,71,,,0,1,0,0,rare,0.0,0.9657600783652396,0.49327001013751925,0.5533293533757395,0.0,0.0,0.8133372340253455,,,EXPLORE
556,71,,,0,0,0,0,common,1.0,0.3722559490625943,0.6899025624314479,0.49900733208179593,0.0,0.0,0.7981299671523079,,,EXPLORE
557,71,,,0,1,0,0,rare,1.0,0.2419663668906863,0.6653770828583878,0.421895042524463,0.0,0.0,0.8044639103909964,,,EXPLORE
558,71,,,0,0,0,0,common,1.0,0.15727813847894612,0.6917737544821838,0.3425099713108079,0.0,0.0,0.8103547799851442,,,EXPLORE
559,71,,,0,0,0,0,common,0.0,0.897769209988685,0.6812222127554539,0.509087742914171,0.0,0.0,0.8158472277933866,,,EXPLORE
560,71,,,0,0,0,1,common,1.0,0.9935463556001888,0.615822784526582,0.6544253267199763,0.0,0.0,0.8010334799042519,,,EXPLORE
561,71,,,0,0,0,0,common,0.0,0.5835499864926452,0.6902099411607712,0.633162724651777,0.0,0.0,0.7838170403965098,,,EXPLORE
562,71,,,0,0,0,1,common,0.0,0.3541948688598773,0.5577285460802814,0.5494723679142071,0.0,0.0,0.763562882701311,,,EXPLORE
563,71,,,0,0,1,0,rare,0.0,0.0283308693748078,0.41938188311678404,0.39312991835238725,0.0,0.0,0.7393905794481347,,,EXPLORE
564,71,,,0,1,1,1,common,0.0,0.42841753751411565,0.33281760225260837,0.40371620410090575,0.0,0.0,0.7505480603937023,,,EXPLORE
565,71,,,0,1,1,1,common,0.0,0.2784713993841752,0.5543091267273674,0.3661427626858865,0.0,0.0,0.7606911440724077,,,EXPLORE
566,71,,,0,1,0,0,rare,1.0,0.6206925087797805,0.6658803653162395,0.4425076865140547,0.0,0.0,0.7699517058864769,,,EXPLORE
567,71,,,0,0,0,0,common,1.0,0.4034501307068574,0.4879744395395045,0.43079041977189547,0.0,0.0,0.778439711931614,,,EXPLORE
568,71,,,0,0,0,0,common,1.0,0.2622425849594574,0.6814418199713232,0.38022606932816405,0.0,0.0,0.7862475874857838,,,EXPLORE
569,71,,,0,0,0,0,common,1.0,0.17045768022364727,0.6706094453580507,0.31729555259680897,0.0,0.0,0.7934535803437381,,,EXPLORE
570,71,,,0,0,1,1,rare,1.0,0.8189935904002861,0.5996746846737933,0.4678049639378521,0.0,0.0,0.8001243788562997,,,EXPLORE
571,71,,,0,0,0,0,common,1.0,0.11079749214537071,0.5367116929627254,0.36070272240010764,0.0,0.0,0.8063171704903563,,,EXPLORE
572,71,,,0,1,1,1,common,1.0,0.5323458337601861,0.49229715779950967,0.41219565580813117,0.0,0.0,0.8120812756008535,,,EXPLORE
573,71,,,0,1,1,1,common,1.0,0.34602479194412084,0.6202848353372759,0.39234439664892806,0.0,0.0,0.8174594552797902,,,EXPLORE
574,71,,,0,0,0,0,common,1.0,0.07201836989449095,0.6750540465314685,0.2962465886225969,0.0,0.0,0.8224889666964996,,,EXPLORE
575,71,,,0,0,1,1,rare,1.0,0.22491611476367857,0.6609933459423768,0.2748474464649214,0.0,0.0,0.827202421033713,,,EXPLORE
576,71,,,0,0,0,0,common,0.0,0.9531880595685809,0.6499407104113474,0.4783496303960192,0.0,0.0,0.8316284857961503,,,EXPLORE
577,71,,,0,1,1,1,common,0.0,0.853804525403609,0.6285823641021913,0.5909860988982961,0.0,0.0,0.8357924634606284,,,EXPLORE
578,71,,,0,0,1,0,rare,0.0,0.01841506509362507,0.6744219170046479,0.4192147887568948,0.0,0.0,0.8239112939806925,,,EXPLORE
579,71,,,0,1,0,1,rare,1.0,0.7697733352410798,0.6648002363505359,0.5243823527021503,0.0,0.0,0.8285371270900178,,,EXPLORE
580,71,,,0,1,1,1,common,1.0,0.4450270584876541,0.5524767632726592,0.5005757644378014,0.0,0.0,0.8156289393761718,,,EXPLORE
581,71,,,0,0,0,0,common,0.0,0.6195722387195777,0.4578362042266052,0.5362747067223342,0.0,0.0,0.8007811868908784,,,EXPLORE
582,71,,,0,1,1,1,common,1.0,0.28926758801697516,0.33551855280321075,0.4621725711107265,0.0,0.0,0.7835221470349936,,,EXPLORE
583,71,,,0,1,0,1,rare,0.0,0.49964733209329815,0.28190048082007085,0.47341499940549797,0.0,0.0,0.7909356421533391,,,EXPLORE
584,71,,,0,1,1,1,common,1.0,0.18802393221103386,0.5395479198043341,0.38779767924715874,0.0,0.0,0.7977912302418523,,,EXPLORE
585,71,,,0,0,0,1,common,0.0,0.3247707658606438,0.40494522210910466,0.36888960523120423,0.0,0.0,0.8041492964681953,,,EXPLORE
586,71,,,0,1,1,1,common,0.0,0.877784444062828,0.3275894284739358,0.5215580568806913,0.0,0.0,0.8100618153120407,,,EXPLORE
587,71,,,0,1,0,0,rare,1.0,0.5972780448322745,0.5453107984901059,0.5442740532661663,0.0,0.0,0.7943327179183185,,,EXPLORE
588,71,,,0,1,0,0,rare,1.0,0.38823072914097845,0.38080100211994533,0.4974610560286099,0.0,0.0,0.7759655812302259,,,EXPLORE
589,71,,,0,0,0,0,common,1.0,0.25234997394163594,0.28415510855064835,0.42392773140251766,0.0,0.0,0.7839689333971402,,,EXPLORE
590,71,,,0,1,1,1,common,1.0,0.4294401113591618,0.5297504930649487,0.4255814453895109,0.0,0.0,0.7913482215254088,,,EXPLORE
591,71,,,0,1,1,1,common,0.0,0.7208639276165448,0.45979184140063456,0.5141661900576211,0.0,0.0,0.7981733672305984,,,EXPLORE
592,71,,,0,0,0,1,common,1.0,0.7888990021905815,0.676024629071124,0.5965860336975092,0.0,0.0,0.7804706711059755,,,EXPLORE
593,71,,,0,0,1,1,rare,1.0,0.5314384470492459,0.6753548502457629,0.5770417577030301,0.0,0.0,0.7595950429238068,,,EXPLORE
594,71,,,0,0,0,0,common,1.0,0.16402748306206338,0.6066457026685941,0.4531374753107401,0.0,0.0,0.734610847680458,,,EXPLORE
595,71,,,0,1,1,1,common,1.0,0.34543499058200977,0.5433196293253674,0.420826729892121,0.0,0.0,0.7462167908464626,,,EXPLORE
596,71,,,0,0,0,0,common,0.0,0.8933821360096588,0.6546489318217286,0.5625933517273822,0.0,0.0,0.7567482475015469,,,EXPLORE
597,71,,,0,0,1,1,rare,0.0,0.7754672561216936,0.6463319693630254,0.6264555230456756,0.0,0.0,0.7311725069937464,,,EXPLORE
598,71,,,0,0,0,1,common,1.0,0.512784351423878,0.496845002398006,0.5923541715591363,0.0,0.0,0.6999393022189728,,,EXPLORE
599,71,,,0,1,1,0,common,0.0,0.011969792310856295,0.6620993520831517,0.4182388577846523,0.0,0.0,0.6609402250365891,,,EXPLORE
600,71,,,0,0,1,1,rare,0.0,0.5040537164791009,0.6641856608894565,0.44398331539298685,0.0,0.0,0.6804947612619039,,,EXPLORE
601,71,,,0,0,0,1,common,1.0,0.3333098284255207,0.6797887501511601,0.410781269302747,0.0,0.0,0.6977519463960821,,,EXPLORE
602,71,,,0,0,0,1,common,0.0,0.7833486115234115,0.6580543691130009,0.5225514719689464,0.0,0.0,0.7130934401467369,,,EXPLORE
603,71,,,0,1,1,0,common,0.0,0.007780365002056593,0.682313991833339,0.36812013987887937,0.0,0.0,0.6774818591384176,,,EXPLORE
604,71,,,0,0,0,0,common,1.0,0.4193016115937218,0.6780119871621569,0.3834745813933321,0.0,0.0,0.6950842806396068,,,EXPLORE
605,71,,,0,0,1,0,rare,0.0,0.005057237251336786,0.5394284756117734,0.2699493781507335,0.0,0.0,0.7107150140919712,,,EXPLORE
606,71,,,0,0,0,0,common,0.0,0.7274539524640808,0.6768002449672625,0.4072007504447377,0.0,0.0,0.7246871015753501,,,EXPLORE
607,71,,,0,0,0,0,common,0.0,0.4728450691016526,0.6889646393968437,0.42689404604181214,0.0,0.0,0.7372506480416076,,,EXPLORE
608,71,,,0,0,0,1,common,1.0,0.4908234025097825,0.6580516167424253,0.4460728529822032,0.0,0.0,0.7486078812737277,,,EXPLORE
609,71,,,0,1,1,0,common,0.0,0.003287204213368911,0.6460294444377175,0.3132371583515529,0.0,0.0,0.7589240849840139,,,EXPLORE
610,71,,,0,1,1,1,common,1.0,0.6723650842885844,0.5723759002064585,0.42097553613266236,0.0,0.0,0.7683356667842337,,,EXPLORE
611,71,,,0,1,0,1,rare,1.0,0.3190352116313586,0.6923979950935515,0.39039343878227123,0.0,0.0,0.7769562003439707,,,EXPLORE
612,71,,,0,0,0,1,common,0.0,0.7926271124396169,0.6174258139081308,0.5110635408794749,0.0,0.0,0.7848810113450512,,,EXPLORE
613,71,,,0,0,0,1,common,0.0,0.515207623085751,0.48614929616569313,0.5123067655413577,0.0,0.0,0.7648223198999848,,,EXPLORE
614,71,,,0,0,0,0,common,0.0,0.3073492949160742,0.393789506621435,0.45081952435377265,0.0,0.0,0.7409046623740665,,,EXPLORE
615,71,,,0,1,1,1,common,1.0,0.43703730478757996,0.33706347554461036,0.4466848584839148,0.0,0.0,0.7519218195529143,,,EXPLORE
616,71,,,0,0,0,1,common,0.0,0.3348849550057381,0.24918243234806794,0.4131448874404618,0.0,0.0,0.7619431597812608,,,EXPLORE
617,71,,,0,1,1,1,common,1.0,0.28407424811192694,0.22117731400368,0.37442369564190137,0.0,0.0,0.7710974173201055,,,EXPLORE
618,71,,,0,1,1,1,common,1.0,0.18464826127275247,0.1778679396532018,0.31749106533115673,0.0,0.0,0.7794920539149207,,,EXPLORE
619,71,,,0,0,0,1,common,1.0,0.7823247792462702,0.15362686026014913,0.45694117950569074,0.0,0.0,0.7872174784261436,,,EXPLORE
620,71,,,0,1,1,1,common,1.0,0.12002136982728906,0.36237253685786897,0.35586523660217023,0.0,0.0,0.7943503003757612,,,EXPLORE
621,71,,,0,0,0,0,common,1.0,0.8002229583045517,0.33552829758544933,0.48917255311288466,0.0,0.0,0.8009558659741238,,,EXPLORE
622,71,,,0,1,0,1,rare,0.0,0.49148889348992436,0.5174119101928618,0.48986745522599656,0.0,0.0,0.8070902546930082,,,EXPLORE
623,71,,,0,0,0,1,common,0.0,0.31946778076845084,0.6931429250208859,0.4387475528887328,0.0,0.0,0.812801865676766,,,EXPLORE
624,71,,,0,1,1,1,common,1.0,0.07801389038773787,0.610210088217421,0.3305274541384343,0.0,0.0,0.8181326890414049,,,EXPLORE
625,71,,,0,1,0,1,rare,0.0,0.20765405749949306,0.498202327432123,0.2936654351467519,0.0,0.0,0.8231193327448473,,,EXPLORE
626,71,,,0,1,1,1,common,1.0,0.05070902875202965,0.6780139933368468,0.22077851322833522,0.0,0.0,0.8277938581541656,,,EXPLORE
627,71,,,0,1,1,1,common,0.0,0.9670391313111807,0.5679950400028653,0.44465669865318885,0.0,0.0,0.83218446463674,,,EXPLORE
628,71,,,0,1,1,1,common,1.0,0.37142456464773255,0.6907305590481942,0.4226870584515519,0.0,0.0,0.8363160540709061,,,EXPLORE
629,71,,,0,1,1,1,common,1.0,0.24142596702102614,0.5950210607277884,0.36830873102239414,0.0,0.0,0.8402106991512551,,,EXPLORE
630,71,,,0,1,1,1,common,1.0,0.15692687856366705,0.48624876837254133,0.30489417528477597,0.0,0.0,0.8438880340884372,,,EXPLORE
631,71,,,0,1,1,1,common,1.0,0.1020024710663836,0.4114883606084796,0.24402666401925824,0.0,0.0,0.8473655823040567,,,EXPLORE
632,71,,,0,1,1,1,common,1.0,0.0663016061931494,0.36456605488021127,0.19070914667142558,0.0,0.0,0.8506590326640657,,,EXPLORE
633,71,,,0,0,0,0,common,0.0,0.47985507710204134,0.33541049804043976,0.2774529258006103,0.0,0.0,0.8537824734386614,,,EXPLORE
634,71,,,0,1,1,1,common,1.0,0.04309604402554712,0.23469301532783562,0.20714586126809137,0.0,0.0,0.8567485913485302,,,EXPLORE
635,71,,,0,1,1,1,common,0.0,0.9719875713833944,0.22036695089236535,0.4365983743026822,0.0,0.0,0.8595688416284245,,,EXPLORE
636,71,,,0,1,1,1,common,1.0,0.36820807860079363,0.4852308895474938,0.41608128559211566,0.0,0.0,0.8622535939148651,,,EXPLORE
637,71,,,0,1,1,1,common,1.0,0.2393352510905159,0.36882795728516665,0.36305747524163573,0.0,0.0,0.864812257874761,,,EXPLORE
638,71,,,0,1,0,0,rare,0.0,0.31190580011632685,0.29997272487250276,0.347711972704043,0.0,0.0,0.8672533917829169,,,EXPLORE
639,71,,,0,1,1,1,common,1.0,0.15556791320883534,0.551499042106403,0.2900687548554807,0.0,0.0,0.8695847966887023,,,EXPLORE
640,71,,,0,1,1,1,common,1.0,0.10111914358574303,0.4113924021756965,0.23338387147455938,0.0,0.0,0.8718135983550299,,,EXPLORE
641,71,,,0,1,1,1,common,0.0,0.934272556669267,0.3247586513127477,0.44365047703297167,0.0,0.0,0.8739463187828179,,,EXPLORE
642,71,,,0,1,1,1,common,1.0,0.39272283816497644,0.5687502313170809,0.4283721853725731,0.0,0.0,0.8759889388332118,,,EXPLORE
643,71,,,0,0,0,0,common,0.0,0.20273877007561247,0.42334615271435094,0.36068216078348486,0.0,0.0,0.8779469532139722,,,EXPLORE
644,71,,,0,0,0,1,common,0.0,0.13497513737467048,0.34590573345929815,0.2929700537608405,0.0,0.0,0.8798254188946488,,,EXPLORE
645,71,,,0,1,1,1,common,1.0,0.2552698448072347,0.2996311805328418,0.28165999107475875,0.0,0.0,0.8816289978488299,,,EXPLORE
646,71,,,0,1,1,1,common,1.0,0.1659253991247025,0.22551491200035045,0.24693961348974186,0.0,0.0,0.8833619948841119,,,EXPLORE
647,71,,,0,0,0,1,common,0.0,0.08773383929353581,0.1852868737930391,0.19917788123088004,0.0,0.0,0.8850283912060574,,,EXPLORE
648,71,,,0,0,0,0,common,0.0,0.13178020054914813,0.16593535553527178,0.17895857702636048,0.0,0.0,0.8866318742670372,,,EXPLORE
649,71,,,0,1,1,1,common,1.0,0.10785150943105659,0.15428344739203742,0.15762645674776932,0.0,0.0,0.8881758643710203,,,EXPLORE
650,71,,,0,1,0,0,rare,0.0,0.08565713035694629,0.1347027874752788,0.1360356588305224,0.0,0.0,0.8896635384383272,,,EXPLOIT
651,71,,,0,1,0,1,rare,0.0,0.05702699554079828,0.32550365326598724,0.11233305984360517,0.0,0.0,0.8910978512778631,,,EXPLOIT
652,71,,,0,1,0,0,rare,1.0,0.9443228652679849,0.5057396956518355,0.3619300014709191,0.0,0.0,0.8924815546665843,,,EXPLORE
653,71,,,0,1,1,1,common,1.0,0.07010348113018683,0.32043857811615317,0.2743820453686994,0.0,0.0,0.893817214495449,,,EXPLORE
654,71,,,0,1,0,0,rare,1.0,0.6138098624241902,0.2227500511100226,0.37621039048534666,0.0,0.0,0.8951072262066576,,,EXPLORE
655,71,,,0,1,1,1,common,1.0,0.045567262734621417,0.1724334916971988,0.277017452160129,0.0,0.0,0.8963538287175965,,,EXPLORE
656,71,,,0,1,0,0,rare,1.0,0.39897641057572364,0.14504484351516586,0.3136051396848074,0.0,0.0,0.8975591170017807,,,EXPLORE
657,71,,,0,0,0,0,common,1.0,0.25933466687422035,0.1293132970624877,0.29732399784163127,0.0,0.0,0.8987250534755246,,,EXPLORE
658,71,,,0,0,1,1,rare,1.0,0.029618720777503937,0.32545323269746895,0.21701241472239305,0.0,0.0,0.8998534783205467,,,EXPLORE
659,71,,,0,0,0,0,common,1.0,0.16856753346824327,0.5134224549917723,0.2024789503461481,0.0,0.0,0.9009461188567371,,,EXPLORE
660,71,,,0,0,1,1,rare,1.0,0.019252168505377587,0.625323149180691,0.14751091579391692,0.0,0.0,0.9020045980655113,,,EXPLORE
661,71,,,0,1,1,1,common,1.0,0.012513909528495404,0.6738820627894802,0.10701181391429046,0.0,0.0,0.9030304423522252,,,EXPLORE
662,71,,,0,0,0,0,common,1.0,0.1095688967543581,0.6633096070580012,0.10777893876631076,0.0,0.0,0.9040250886257443,,,EXPLORE
663,71,,,0,1,1,1,common,1.0,0.008134041193522012,0.684915806071906,0.07788546949447413,0.0,0.0,0.9049898907642344,,,EXPLORE
664,71,,,0,0,0,0,common,0.0,0.9287802171096672,0.6803186880863183,0.333153893779032,0.0,0.0,0.9059261255283723,,,EXPLORE
665,71,,,0,0,0,0,common,1.0,0.39629285887871624,0.4599448439902063,0.35209558330893725,0.0,0.0,0.9068349979762959,,,EXPLORE
666,71,,,0,1,1,1,common,1.0,0.0052871267757893525,0.5867398866960243,0.24805304634899286,0.0,0.0,0.9077176464286004,,,EXPLORE
667,71,,,0,0,1,0,rare,0.0,0.002136682738689792,0.578474648521745,0.17427813726590194,0.0,0.0,0.9085751470264023,,,EXPLORE
668,71,,,0,0,0,0,common,1.0,0.2575903582711656,0.358038159529901,0.19927180356748103,0.0,0.0,0.9094085179208574,,,EXPLORE
669,71,,,0,0,0,0,common,1.0,0.16743373287625762,0.520444370415575,0.189720382360114,0.0,0.0,0.9102187231284399,,,EXPLORE
670,71,,,0,0,1,1,rare,1.0,0.0034366324042630625,0.6166060135973082,0.1338352573733587,0.0,0.0,0.9110066760826784,,,EXPLORE
671,71,,,0,1,1,1,common,1.0,0.002233811062770985,0.662596110351587,0.09435482348018237,0.0,0.0,0.9117732429098753,,,EXPLORE
672,71,,,0,0,0,0,common,1.0,0.10883192636956751,0.6592928304774139,0.09869795434699791,0.0,0.0,0.9125192454535115,,,EXPLORE
673,71,,,0,0,0,1,common,0.0,0.03706754710151888,0.6800063597875229,0.0802088321733542,0.0,0.0,0.9132454640695477,,,EXPLORE
674,71,,,0,0,0,0,common,1.0,0.07074075214021891,0.4539308830464093,0.0773684081634136,0.0,0.0,0.9139526402126168,,,EXPLORE
675,71,,,0,0,1,1,rare,1.0,0.0014519771908011458,0.5785368550627719,0.05459347887162986,0.0,0.0,0.9146414788311347,,,EXPLORE
676,71,,,0,0,0,0,common,0.0,0.9540185111088577,0.6438337700286325,0.3244209885427982,0.0,0.0,0.9153126505875968,,,EXPLORE
677,71,,,0,1,1,1,common,1.0,0.000943785174020717,0.40809108870075494,0.22737782753216496,0.0,0.0,0.9159667939187702,,,EXPLORE
678,71,,,0,1,1,1,common,0.0,0.9993865396368865,0.40420081363413385,0.4589804411635814,0.0,0.0,0.9166045169490878,,,EXPLORE
679,71,,,0,0,0,0,common,1.0,0.3798879677792424,0.6705232021004173,0.43525269914827963,0.0,0.0,0.9172263992693087,,,EXPLORE
680,71,,,0,1,1,1,common,0.0,0.6496012507639762,0.6872529458196102,0.49955726463298855,0.0,0.0,0.9178329935913803,,,EXPLORE
681,71,,,0,1,1,1,common,1.0,0.5777591870034154,0.5578525209720882,0.5230178413441167,0.0,0.0,0.9184248272894421,,,EXPLORE
682,71,,,0,0,0,0,common,0.0,0.7530728209434925,0.6815112566019397,0.5920343352239295,0.0,0.0,0.9151538989057982,,,EXPLORE
683,71,,,0,0,1,1,rare,1.0,0.37554347155222,0.6397602841828284,0.5270870761224166,0.0,0.0,0.9116466108068423,,,EXPLORE
684,71,,,0,1,0,0,rare,0.0,0.48949733361327014,0.6920898992492555,0.5158101533696726,0.0,0.0,0.9078765809107405,,,EXPLORE
685,71,,,0,1,1,1,common,1.0,0.24410325650894305,0.5893423041400212,0.43429808431145367,0.0,0.0,0.9038133493074243,,,EXPLORE
686,71,,,0,1,1,1,common,1.0,0.15866711673081302,0.6910500179781753,0.3516087940372615,0.0,0.0,0.9047844712092606,,,EXPLORE
687,71,,,0,0,0,0,common,1.0,0.6818267331513744,0.6723500791113317,0.4506741757714954,0.0,0.0,0.9057267568838647,,,EXPLORE
688,71,,,0,0,0,0,common,1.0,0.44318737654839335,0.6922600544887902,0.44842813600456477,0.0,0.0,0.9066414264040781,,,EXPLORE
689,71,,,0,1,0,0,rare,1.0,0.2880717947564557,0.6728618658940324,0.40032123363013206,0.0,0.0,0.9075296320712315,,,EXPLORE
690,71,,,0,1,0,0,rare,1.0,0.1872466665916962,0.6927721775327809,0.3363988635186013,0.0,0.0,0.908392463057492,,,EXPLORE
691,71,,,0,1,0,0,rare,0.0,0.8782896667153974,0.6893700581503754,0.4989661044776401,0.0,0.0,0.9092309496717577,,,EXPLORE
692,71,,,0,0,0,0,common,1.0,0.4291117166349916,0.5667612942267399,0.4780097881248455,0.0,0.0,0.9100460672842391,,,EXPLORE
693,71,,,0,1,1,1,common,1.0,0.1031336258750285,0.522307961733129,0.3655469394499004,0.0,0.0,0.9108387399411695,,,EXPLORE
694,71,,,0,1,1,1,common,1.0,0.06703685681876848,0.6354440474212495,0.27599391466056084,0.0,0.0,0.9116098436978147,,,EXPLORE
695,71,,,0,1,1,1,common,1.0,0.043573956932199565,0.6806107721901088,0.20626792734205246,0.0,0.0,0.9123602096950675,,,EXPLORE
696,71,,,0,1,0,0,rare,0.0,0.7210773841872554,0.6925209559062884,0.36071076439561334,0.0,0.0,0.9130906270023508,,,EXPLORE
697,71,,,0,1,0,0,rare,1.0,0.531299700278284,0.5173048974772879,0.41188744516041453,0.0,0.0,0.9138018452472776,,,EXPLORE
698,71,,,0,1,0,0,rare,0.0,0.6546551948191155,0.6331175683503965,0.48471777005802474,0.0,0.0,0.9144945770504981,,,EXPLORE
699,71,,,0,0,1,1,rare,0.0,0.9716769279940702,0.42408996361788265,0.6308055174388383,0.0,0.0,0.9151695002823701,,,EXPLORE
700,71,,,0,1,0,0,rare,0.0,0.4255258766324251,0.6668644526134995,0.5692216251969142,0.0,0.0,0.9116633593983902,,,EXPLORE
701,71,,,0,1,1,1,common,1.0,0.36840999680385433,0.5571966760753188,0.5089781366789962,0.0,0.0,0.9078946071238385,,,EXPLORE
702,71,,,0,1,1,1,common,1.0,0.2394664979225053,0.6902824115212203,0.4281246450520489,0.0,0.0,0.9038328040882848,,,EXPLORE
703,71,,,0,1,1,1,common,1.0,0.1556532236496284,0.6651463668633681,0.34638321863132276,0.0,0.0,0.904803344570682,,,EXPLORE
704,71,,,0,1,0,0,rare,1.0,0.7234081801889237,0.6030171619212962,0.45949070709860307,0.0,0.0,0.9057450735944508,,,EXPLORE
705,71,,,0,1,1,1,common,1.0,0.10117459537225848,0.5500507664443066,0.35199587358069967,0.0,0.0,0.9066592098472845,,,EXPLORE
706,71,,,0,0,0,0,common,1.0,0.4702153171228005,0.5126102054101352,0.3874617066433299,0.0,0.0,0.9075469043408796,,,EXPLORE
707,71,,,0,0,0,0,common,1.0,0.3056399561298203,0.6270909175823207,0.362915181489277,0.0,0.0,0.9084092450454875,,,EXPLORE
708,71,,,0,1,1,1,common,1.0,0.06576348699196799,0.6757542240570658,0.27376967314008427,0.0,0.0,0.9092472611487461,,,EXPLORE
709,71,,,0,0,1,1,rare,1.0,0.0427462665447792,0.664118860038978,0.20446265116149273,0.0,0.0,0.9100619269738512,,,EXPLORE
710,71,,,0,0,0,0,common,1.0,0.19866597148438325,0.685723885757569,0.20272364725835987,0.0,0.0,0.9108541655884452,,,EXPLORE
711,71,,,0,1,1,1,common,0.0,0.9722149267458935,0.6922300039544151,0.4335710311046199,0.0,0.0,0.9116248521323291,,,EXPLORE
712,71,,,0,1,1,1,common,1.0,0.36806029761516923,0.532247839466068,0.4139178110577847,0.0,0.0,0.912374816889234,,,EXPLORE
713,71,,,0,1,1,1,common,0.0,0.76076080655014,0.6349311778332788,0.5179707097054913,0.0,0.0,0.9131048481253231,,,EXPLORE
714,71,,,0,1,1,1,common,1.0,0.505505475742409,0.4184462196547646,0.5142311395165666,0.0,0.0,0.9094452307847951,,,EXPLORE
715,71,,,0,1,1,1,common,1.0,0.32857855923256585,0.5749087626391575,0.4585353654313664,0.0,0.0,0.9055053550681185,,,EXPLORE
716,71,,,0,1,1,1,common,1.0,0.21357606350116787,0.6540480175441727,0.3850475748523068,0.0,0.0,0.9064264811319352,,,EXPLORE
717,71,,,0,1,0,0,rare,1.0,0.12913288146484914,0.684275509005809,0.3082731668360695,0.0,0.0,0.9073208753672822,,,EXPLORE
718,71,,,0,0,1,1,rare,1.0,0.1388244412757591,0.6925236262763588,0.25743854916797637,0.0,0.0,0.9081896415499883,,,EXPLORE
719,71,,,0,1,1,1,common,1.0,0.09023588682924344,0.6893795690152366,0.2072777504663565,0.0,0.0,0.9090338236109301,,,EXPLORE
720,71,,,0,1,1,1,common,1.0,0.058653326439008224,0.6928836338465182,0.162690423258152,0.0,0.0,0.9098544096387522,,,EXPLORE
721,71,,,0,1,0,0,rare,0.0,0.916063627047848,0.6929734151469089,0.3887023843950608,0.0,0.0,0.9106523355655546,,,EXPLORE
722,71,,,0,0,0,0,common,1.0,0.4045586424188987,0.5175342321027572,0.39345926180221213,0.0,0.0,0.91142848856446,,,EXPLORE
723,71,,,0,1,1,1,common,0.0,0.9618753378146446,0.502736808873519,0.5639840846059418,0.0,0.0,0.912183710185001,,,EXPLORE
724,71,,,0,1,1,0,common,0.0,0.001388843780148365,0.31462514250966045,0.3952055123582038,0.0,0.0,0.9084545417291254,,,EXPLORE
725,71,,,0,0,1,1,rare,1.0,0.37478103042048105,0.2166419365003664,0.389078167776887,0.0,0.0,0.9092912884330628,,,EXPLORE
726,71,,,0,1,1,1,common,0.0,0.7563923302266873,0.21018195220309435,0.499272416511827,0.0,0.0,0.9101047353493663,,,EXPLORE
727,71,,,0,0,0,0,common,0.0,0.7370368824277158,0.1614066975503956,0.5706017562865936,0.0,0.0,0.9108958029080501,,,EXPLORE
728,71,,,0,0,0,0,common,1.0,0.5209260264219847,0.39503917123984505,0.5556990373272108,0.0,0.0,0.907068273225804,,,EXPLORE
729,71,,,0,1,1,1,common,1.0,0.5083449853526533,0.29210140649668337,0.5414928217348436,0.0,0.0,0.9029407201612085,,,EXPLORE
730,71,,,0,1,0,0,rare,1.0,0.3386019171742901,0.5390063146036428,0.48062555036667753,0.0,0.0,0.8984766631041713,,,EXPLORE
731,71,,,0,0,0,0,common,1.0,0.22009124616328857,0.6678438681308131,0.4024652591056608,0.0,0.0,0.8996130336002219,,,EXPLORE
732,71,,,0,0,1,1,rare,1.0,0.3304242404792246,0.6214645974594498,0.3808529535177299,0.0,0.0,0.9007132561160489,,,EXPLORE
733,71,,,0,0,1,1,rare,1.0,0.21477575631149604,0.5819991161302214,0.3310297943558597,0.0,0.0,0.9017789754691296,,,EXPLORE
734,71,,,0,1,0,0,rare,1.0,0.14305931000613759,0.5536002227212622,0.27463864905094304,0.0,0.0,0.9028117382859541,,,EXPLORE
735,71,,,0,1,1,1,common,1.0,0.13960424160247242,0.64289973806102,0.23412832681640183,0.0,0.0,0.9038130002228272,,,EXPLORE
736,71,,,0,0,0,0,common,1.0,0.09298855150398944,0.679542261892851,0.19178639422267812,0.0,0.0,0.9047841325586896,,,EXPLORE
737,71,,,0,0,0,0,common,1.0,0.06044255847759317,0.6712777864199839,0.1523832434991526,0.0,0.0,0.905726428222765,,,EXPLORE
738,71,,,0,1,1,1,common,0.0,0.9092572429583929,0.6649365457921939,0.37944544333692465,0.0,0.0,0.9066411073127593,,,EXPLORE
739,71,,,0,1,1,1,common,1.0,0.4089827920770446,0.43595457405819643,0.38830664795896064,0.0,0.0,0.9075293221531531,,,EXPLORE
740,71,,,0,1,1,1,common,1.0,0.265838814850079,0.5721751463405713,0.35156629802629613,0.0,0.0,0.9083921619376882,,,EXPLORE
741,71,,,0,0,0,0,common,0.0,0.9607123369895645,0.643819061049447,0.5343101097152766,0.0,0.0,0.9092306569953896,,,EXPLORE
742,71,,,0,0,0,0,common,1.0,0.375536980956783,0.6327483684734647,0.4866781710877285,0.0,0.0,0.9052740220411222,,,EXPLORE
743,71,,,0,0,0,0,common,0.0,0.755900962378091,0.6880550378963475,0.5674450084748373,0.0,0.0,0.906201915406879,,,EXPLORE
744,71,,,0,0,0,0,common,1.0,0.5086643744542408,0.5264771546374996,0.5498108182686583,0.0,0.0,0.902004848775123,,,EXPLORE
745,71,,,0,1,1,1,common,1.0,0.17279522965255134,0.6554198539256124,0.43670614168382615,0.0,0.0,0.8974626167085619,,,EXPLORE
746,71,,,0,1,1,1,common,1.0,0.11231689927415833,0.6149764828298709,0.3393893689609258,0.0,0.0,0.8986316823604436,,,EXPLORE
747,71,,,0,1,0,0,rare,1.0,0.33063184339525653,0.5830881371910224,0.336762111291225,0.0,0.0,0.8997630911037239,,,EXPLORE
748,71,,,0,1,1,1,common,1.0,0.07300598452820295,0.5606081827854723,0.2576352732623184,0.0,0.0,0.900858579105331,,,EXPLORE
749,71,,,0,0,0,0,common,1.0,0.21491069820691677,0.5454260887929032,0.24481790074569787,0.0,0.0,0.9019197775302699,,,EXPLORE
750,71,,,0,1,1,1,common,1.0,0.047453889943331884,0.6323902051048071,0.18560869750498807,0.0,0.0,0.9029482203628562,,,EXPLORE
751,71,,,0,0,1,1,rare,1.0,0.030845028463165725,0.6247454072080808,0.13917959679244135,0.0,0.0,0.9039453515391127,,,EXPLORE
752,71,,,0,1,1,0,common,0.0,0.0009027484570964373,0.6665341692358222,0.09769654229183787,0.0,0.0,0.9049125314600773,,,EXPLORE
753,71,,,0,0,0,0,common,1.0,0.13969195383449595,0.6009879353887062,0.11029516575463529,0.0,0.0,0.9058510429478264,,,EXPLORE
754,71,,,0,1,0,0,rare,0.0,0.9092002300075777,0.5628739606941185,0.349966685030518,0.0,0.0,0.906762096699055,,,EXPLORE
755,71,,,0,1,1,0,common,0.0,0.0005867864971126843,0.3682592691622304,0.24515271547049639,0.0,0.0,0.9076468362849842,,,EXPLORE
756,71,,,0,1,1,1,common,1.0,0.020049268501057704,0.25736824438776457,0.17762168137966478,0.0,0.0,0.9085063427410165,,,EXPLORE
757,71,,,0,0,0,0,common,1.0,0.4090198504950745,0.4659367043807384,0.2470411321142877,0.0,0.0,0.9093416387848876,,,EXPLORE
758,71,,,0,1,0,1,rare,0.0,0.024093905615987274,0.43770945206814976,0.18015696416479754,0.0,0.0,0.9101536926979261,,,EXPLORE
759,71,,,0,1,1,1,common,1.0,0.013032024525687524,0.28618151470526754,0.13001948227306453,0.0,0.0,0.9109434219004038,,,EXPLORE
760,71,,,0,0,1,1,rare,1.0,0.008470815941696852,0.4797793704958576,0.09355488237365422,0.0,0.0,0.9117116962487353,,,EXPLOIT
761,71,,,0,1,1,1,common,1.0,0.005506030362102954,0.4614075604655847,0.06714022677018884,0.0,0.0,0.9124593410794559,,,EXPLORE
762,71,,,0,0,0,0,common,1.0,0.2658629028217985,0.5897387037081967,0.12675702958567173,0.0,0.0,0.9131871400223754,,,EXPLORE
763,71,,,0,0,1,1,rare,1.0,0.0035789197353669477,0.5793171651424441,0.08980359663058028,0.0,0.0,0.9138958376030738,,,EXPLORE
764,71,,,0,1,1,1,common,1.0,0.002326297827988544,0.5723844511950917,0.06356040698980277,0.0,0.0,0.9145861416529167,,,EXPLORE
765,71,,,0,0,1,1,rare,1.0,0.0015120935881925979,0.6415983625906638,0.04494591296931972,0.0,0.0,0.9152587255429973,,,EXPLORE
766,71,,,0,1,0,0,rare,1.0,0.172810886834169,0.6382129541946822,0.08330540512877449,0.0,0.0,0.9159142302568298,,,EXPLORE
767,71,,,0,1,1,1,common,1.0,0.0009828608323252386,0.6706937028822484,0.05860864183983971,0.0,0.0,0.9165532663152139,,,EXPLORE
768,71,,,0,1,0,0,rare,0.0,0.8876729235577902,0.684511430893027,0.3073279263552248,0.0,0.0,0.9171764155654258,,,EXPLORE
769,71,,,0,1,1,1,common,1.0,0.000638859541011394,0.46230751076563725,0.21532120631096077,0.0,0.0,0.9177842328457615,,,EXPLORE
770,71,,,0,0,1,1,rare,1.0,0.0004152587016573728,0.5827230837156644,0.15084942202816976,0.0,0.0,0.9183772475354498,,,EXPLORE
771,71,,,0,1,1,1,common,0.0,0.9997300818439228,0.5798345776615663,0.40551361997289564,0.0,0.0,0.9189559649990386,,,EXPLORE
772,71,,,0,1,1,1,common,0.0,0.6498245531985498,0.35526125754576465,0.4788068999405919,0.0,0.0,0.9195208679335427,,,EXPLORE
773,71,,,0,0,0,0,common,0.0,0.5769874003125637,0.2316086438917601,0.5082610500521834,0.0,0.0,0.9200724176259055,,,EXPLORE
774,71,,,0,0,0,1,common,0.0,0.01566103865039173,0.512536725918967,0.3604810466316459,0.0,0.0,0.9169173840456717,,,EXPLORE
775,71,,,0,1,1,0,common,0.0,0.0003814112231232448,0.6708066193967872,0.2524511560090891,0.0,0.0,0.9175315553632662,,,EXPLORE
776,71,,,0,0,0,1,common,0.0,0.010179675122754625,0.6076211351387869,0.17976971174318873,0.0,0.0,0.918130705428781,,,EXPLORE
777,71,,,0,0,0,0,common,1.0,0.6249581897968336,0.6835844751048032,0.3133262551592822,0.0,0.0,0.9187153494929711,,,EXPLORE
778,71,,,0,0,1,1,rare,1.0,0.5776140404209427,0.520283842632387,0.3926125907377803,0.0,0.0,0.9192859795863065,,,EXPLORE
779,71,,,0,1,1,1,common,1.0,0.3754491262736127,0.3742314201261353,0.38746355139853006,0.0,0.0,0.919843065813112,,,EXPLORE
780,71,,,0,0,1,1,rare,0.0,0.7559580679221517,0.6117267763883998,0.49801190635561654,0.0,0.0,0.9203870575601049,,,EXPLORE
781,71,,,0,1,1,1,common,1.0,0.5086272558506013,0.6911226345186049,0.5011965112041119,0.0,0.0,0.9209183846258588,,,EXPLORE
782,71,,,0,0,1,1,rare,1.0,0.3306077163028909,0.6099523288830161,0.45001987273374555,0.0,0.0,0.9178220368691603,,,EXPLORE
783,71,,,0,1,0,0,rare,1.0,0.4062228233679419,0.6922908081719408,0.43688075792400444,0.0,0.0,0.9184141358561998,,,EXPLORE
784,71,,,0,0,0,0,common,1.0,0.2640448351891622,0.6561971145479099,0.38502998110355174,0.0,0.0,0.9189919686928524,,,EXPLORE
785,71,,,0,1,0,0,rare,1.0,0.1716291428729555,0.692785184059207,0.32100972963437285,0.0,0.0,0.9195560166906221,,,EXPLORE
786,71,,,0,0,0,0,common,1.0,0.11155894286742107,0.6771932958632523,0.2581744936042873,0.0,0.0,0.9201067398273463,,,EXPLORE
787,71,,,0,0,0,0,common,1.0,0.07251331286382368,0.6929942049411038,0.2024761393821482,0.0,0.0,0.9206445779168607,,,EXPLORE
788,71,,,0,0,0,0,common,1.0,0.04713365336148534,0.689274049063012,0.15587339357594931,0.0,0.0,0.9211699517025368,,,EXPLORE
789,71,,,0,1,1,1,common,1.0,0.21489501559687907,0.6809922685428591,0.17357988018222825,0.0,0.0,0.9216832638804102,,,EXPLORE
790,71,,,0,0,0,0,common,1.0,0.030636874684965454,0.6915071117384057,0.1306969785330494,0.0,0.0,0.922184900057134,,,EXPLORE
791,71,,,0,0,0,0,common,1.0,0.019913968545227534,0.6879753562881894,0.09746207553670284,0.0,0.0,0.922675229647547,,,EXPLORE
792,71,,,0,1,1,1,common,0.0,0.8603182398620286,0.6846411188380281,0.32631892483430053,0.0,0.0,0.9231546067162546,,,EXPLORE
793,71,,,0,0,0,0,common,1.0,0.012944079554397914,0.4677648471193131,0.23230647125032972,0.0,0.0,0.9236233707672533,,,EXPLORE
794,71,,,0,0,1,1,rare,1.0,0.4407931440896814,0.4593191893652173,0.2948524731021352,0.0,0.0,0.9240818474853028,,,EXPLORE
795,71,,,0,0,1,1,rare,1.0,0.2865155436582929,0.45383219671159686,0.2923513942689825,0.0,0.0,0.9245303494324512,,,EXPLORE
796,71,,,0,0,0,0,common,1.0,0.008413651710358683,0.4502680747989793,0.20717007150139535,0.0,0.0,0.9249691767028463,,,EXPLORE
797,71,,,0,0,0,1,common,0.0,0.0066167888297905065,0.4479527648348527,0.14700408669991388,0.0,0.0,0.9253986175387203,,,EXPLORE
798,71,,,0,0,0,0,common,1.0,0.005468873611733094,0.6866998799029534,0.10454352277345964,0.0,0.0,0.9258189489102056,,,EXPLORE
799,71,,,0,1,0,0,rare,1.0,0.0035547678476265387,0.6319642056934085,0.07424689629570971,0.0,0.0,0.9262304370614356,,,EXPLORE
800,71,,,0,1,1,1,common,0.0,0.8137648966221096,0.6904130052929736,0.29610229639362967,0.0,0.0,0.9266333380251975,,,EXPLORE
801,71,,,0,0,1,0,rare,0.0,0.0002479172950301091,0.5463863910983842,0.2073459826640498,0.0,0.0,0.9270278981082275,,,EXPLORE
802,71,,,0,1,1,1,common,0.0,0.5289471828043713,0.6919901636897283,0.3038263427061462,0.0,0.0,0.9274143543490851,,,EXPLORE
803,71,,,0,0,1,1,rare,1.0,0.6561843311771587,0.6252336726284022,0.40953373924744996,0.0,0.0,0.9277929349503976,,,EXPLORE
804,71,,,0,1,1,1,common,0.0,0.5734801847348469,0.4834185564765736,0.45871767289366905,0.0,0.0,0.9281638596871306,,,EXPLORE
805,71,,,0,0,1,1,rare,0.0,0.37276212007765047,0.38736659291997855,0.43293100704886345,0.0,0.0,0.9285273402924252,,,EXPLORE
806,71,,,0,0,0,0,common,1.0,0.0023105991009572113,0.5917686202276863,0.30374488466449157,0.0,0.0,0.9288835808224245,,,EXPLORE
807,71,,,0,0,1,0,rare,0.0,0.00016114624176957092,0.4224116099454199,0.21266976313767494,0.0,0.0,0.9292327780014121,,,EXPLORE
808,71,,,0,1,1,1,common,1.0,0.7577046219495271,0.6110285122249968,0.3761802207812306,0.0,0.0,0.9295751215484933,,,EXPLORE
809,71,,,0,0,1,0,rare,0.0,0.00010474505715022111,0.6840083626492452,0.26335757806400645,0.0,0.0,0.9299107944869569,,,EXPLORE
810,71,,,0,1,0,0,rare,0.0,0.9984981105843778,0.6104085865184813,0.4838997378201178,0.0,0.0,0.9302399734373826,,,EXPLORE
811,71,,,0,0,0,0,common,1.0,0.3509762281201545,0.689265513931121,0.4440226849101288,0.0,0.0,0.9305628288954811,,,EXPLORE
812,71,,,0,1,1,1,common,1.0,0.49250800426719266,0.6108117294810309,0.458568280717248,0.0,0.0,0.9308795254955846,,,EXPLORE
813,71,,,0,0,1,1,rare,1.0,0.3201302027736752,0.6915034894262694,0.4170368573341761,0.0,0.0,0.9311902222606474,,,EXPLORE
814,71,,,0,0,0,0,common,1.0,0.22813454827810042,0.6565984283637795,0.3603661646173534,0.0,0.0,0.9314950728395548,,,EXPLORE
815,71,,,0,0,0,0,common,1.0,0.14828745638076524,0.5854050670560711,0.29674255214637696,0.0,0.0,0.9317942257324844,,,EXPLORE
816,71,,,0,1,1,1,common,1.0,0.20808463180288894,0.5270743088087303,0.27014517604333055,0.0,0.0,0.9320878245050181,,,EXPLORE
817,71,,,0,0,0,0,common,1.0,0.09638684664749742,0.6445458358207132,0.2180176772245806,0.0,0.0,0.9323760079916525,,,EXPLORE
818,71,,,0,1,1,1,common,1.0,0.13525501067187784,0.6152883121243998,0.19318887725876976,0.0,0.0,0.9326589104893154,,,EXPLORE
819,71,,,0,1,1,1,common,0.0,0.9120842430632794,0.6720152610889392,0.40885748700012264,0.0,0.0,0.9329366619414581,,,EXPLORE
820,71,,,0,1,1,1,common,0.0,0.5928547579911316,0.4635689967881266,0.4640566682974253,0.0,0.0,0.933209388113251,,,EXPLORE
821,71,,,0,1,1,1,common,1.0,0.6146444073057644,0.30712978118394035,0.509232989999927,0.0,0.0,0.9334772107583857,,,EXPLORE
822,71,,,0,1,1,1,common,0.0,0.6004811352512531,0.5041563529283811,0.5366074335753248,0.0,0.0,0.9311869061925659,,,EXPLORE
823,71,,,0,0,0,0,common,1.0,0.06265145032087327,0.33024291438486736,0.3944206385989893,0.0,0.0,0.928758675361832,,,EXPLORE
824,71,,,0,1,0,0,rare,0.0,0.9592765572914324,0.3070217014306408,0.5638774142067222,0.0,0.0,0.929110336169957,,,EXPLORE
825,71,,,0,0,0,1,common,1.0,0.9956990872606362,0.2178342744213202,0.6934239161228963,0.0,0.0,0.9265535642121998,,,EXPLORE
826,71,,,0,1,1,1,common,0.0,0.39031273791331456,0.20645455578695845,0.6024905626600218,0.0,0.0,0.9238339603671859,,,EXPLORE
827,71,,,0,1,1,0,common,1.0,0.9999319157128523,0.16201725178542084,0.7217229685758708,0.0,0.0,0.9209356089156356,,,EXPLORE
828,71,,,0,0,0,1,common,0.0,0.35279559328058646,0.3554078978686633,0.6110447559872855,0.0,0.0,0.9178404502475822,,,EXPLORE
829,71,,,0,1,1,0,common,1.0,0.649955745213354,0.635798935319482,0.6227180527551059,0.0,0.0,0.9145279072918461,,,EXPLORE
830,71,,,0,0,1,1,rare,1.0,0.7462967203563455,0.692551063760469,0.6597916530354777,0.0,0.0,0.9109744310118829,,,EXPLORE
831,71,,,0,0,0,0,common,0.0,0.6235297622394311,0.668079460472538,0.6489130857966636,0.0,0.0,0.9071529437451484,,,EXPLORE
832,71,,,0,1,1,0,common,0.0,0.5775287656113198,0.6491658446236701,0.6274977897410605,0.0,0.0,0.9030321525553919,,,EXPLORE
833,71,,,0,0,0,0,common,1.0,0.5947056545443697,0.6823998551930572,0.6176601491820533,0.0,0.0,0.8985756957513603,,,EXPLORE
834,71,,,0,1,1,0,common,0.0,0.37539369764735786,0.5810956095180975,0.5449802137216446,0.0,0.0,0.8937410732849096,,,EXPLORE
835,71,,,0,0,0,0,common,0.0,0.6134413245461596,0.4545438978676925,0.5655185469689991,0.0,0.0,0.8884782943675037,,,EXPLORE
836,71,,,0,1,1,1,common,1.0,0.4850928682316247,0.6424618377551603,0.5413908433477868,0.0,0.0,0.8827281510624617,,,EXPLORE
837,71,,,0,1,1,1,common,1.0,0.31531036435055604,0.6767282808526182,0.4735666996486175,0.0,0.0,0.8764199913382247,,,EXPLORE
838,71,,,0,0,0,0,common,1.0,0.6012631390449963,0.5766860647899973,0.5118756314675311,0.0,0.0,0.8783603627253614,,,EXPLORE
839,71,,,0,0,1,1,rare,1.0,0.20495173682786139,0.6861436135370677,0.4197984630756302,0.0,0.0,0.8716104255371034,,,EXPLORE
840,71,,,0,0,1,1,rare,0.0,0.8667813710618901,0.6837036009730657,0.5538933354715081,0.0,0.0,0.8737518232051896,,,EXPLORE
841,71,,,0,1,1,1,common,1.0,0.4365921088097714,0.6208383072860688,0.518702967472987,0.0,0.0,0.8665189013492535,,,EXPLORE
842,71,,,0,0,0,1,common,0.0,0.2293171356323812,0.5366657284922098,0.4318872179208053,0.0,0.0,0.8584928440655325,,,EXPLORE
843,71,,,0,1,1,0,common,0.0,0.24400590347078263,0.3837050424132372,0.37552282358579847,0.0,0.0,0.8612289243594969,,,EXPLORE
844,71,,,0,1,1,1,common,1.0,0.2837848707263514,0.6202611645419747,0.3480014377279643,0.0,0.0,0.8638353774720192,,,EXPLORE
845,71,,,0,1,1,1,common,1.0,0.18446016597212844,0.4828240342772431,0.2989390562012135,0.0,0.0,0.8663210796123938,,,EXPLORE
846,71,,,0,0,0,0,common,0.0,0.6091789596207524,0.38616744566807143,0.39201102722707515,0.0,0.0,0.8686941148441515,,,EXPLORE
847,71,,,0,0,1,0,rare,0.0,0.1586038372560087,0.2952475678490396,0.3219888702357552,0.0,0.0,0.8709618615275347,,,EXPLORE
848,71,,,0,1,1,1,common,1.0,0.11989910788188352,0.24392662792405795,0.2613619415295937,0.0,0.0,0.8731310676841418,,,EXPLORE
849,71,,,0,1,1,0,common,0.0,0.10309249421640566,0.20067526220027637,0.21388110733563728,0.0,0.0,0.8752079169053699,,,EXPLORE
850,71,,,0,1,1,1,common,1.0,0.07793442012322427,0.42736264589987566,0.17309710117191335,0.0,0.0,0.8771980861605424,,,EXPLORE
851,71,,,0,1,1,1,common,1.0,0.05065737308009577,0.3006669908774262,0.13636518274436807,0.0,0.0,0.879106796642883,,,EXPLORE
852,71,,,0,1,1,1,common,1.0,0.03292729250206228,0.23190302183949152,0.10533381567167634,0.0,0.0,0.8809388586123255,,,EXPLORE
853,71,,,0,1,1,1,common,1.0,0.02140274012634047,0.19390811169580446,0.08015449300807558,0.0,0.0,0.8826987110460968,,,EXPLOIT
854,71,,,0,0,0,0,common,1.0,0.6040336762465109,0.17199429289168527,0.23731824797960618,0.0,0.0,0.8843904567851872,,,EXPLOIT
855,71,,,0,0,0,0,common,1.0,0.39262188956023214,0.3789889702836596,0.28390934045379396,0.0,0.0,0.8860178937625355,,,EXPLORE
856,71,,,0,1,1,1,common,0.0,0.9860882189178787,0.5518120401876034,0.49456300399301933,0.0,0.0,0.8875845428132644,,,EXPLORE
857,71,,,0,1,0,0,rare,0.0,0.7447957717858491,0.6906356168827088,0.5696328343308683,0.0,0.0,0.8890936724955953,,,EXPLORE
858,71,,,0,1,1,1,common,1.0,0.35904265770337884,0.585889134702953,0.5064557813426215,0.0,0.0,0.8834016666303943,,,EXPLORE
859,71,,,0,1,1,1,common,1.0,0.2333777275071962,0.6911460248697572,0.42453236519199383,0.0,0.0,0.8771602506193229,,,EXPLORE
860,71,,,0,1,1,1,common,1.0,0.15169552287967758,0.6706841099542734,0.3426813124982989,0.0,0.0,0.8790704950862164,,,EXPLORE
861,71,,,0,1,1,1,common,1.0,0.09860208987179042,0.6208591493367379,0.26945754571034636,0.0,0.0,0.8809040013323195,,,EXPLORE
862,71,,,0,1,1,1,common,1.0,0.0640913584166638,0.5773618169829178,0.20784768952224156,0.0,0.0,0.8826652151930092,,,EXPLORE
863,71,,,0,1,1,1,common,0.0,0.9583406170291685,0.545945659108654,0.4329955677743196,0.0,0.0,0.8843582457243069,,,EXPLORE
864,71,,,0,0,0,0,common,1.0,0.5158827483391981,0.6912333757180074,0.4578617219437831,0.0,0.0,0.8859868965020998,,,EXPLORE
865,71,,,0,1,0,0,rare,1.0,0.3353237864204788,0.6451824927704499,0.42110034128679175,0.0,0.0,0.8875546934944233,,,EXPLORE
866,71,,,0,0,0,0,common,1.0,0.21796046117331125,0.6923377029753431,0.3601583772527476,0.0,0.0,0.8890649099367125,,,EXPLORE
867,71,,,0,0,0,0,common,0.0,0.8583257002373477,0.6723000958188354,0.5096085741481275,0.0,0.0,0.8905205885793711,,,EXPLORE
868,71,,,0,0,1,1,rare,1.0,0.37707859893104045,0.6239629965947291,0.4698495815830014,0.0,0.0,0.8849622166621561,,,EXPLORE
869,71,,,0,1,1,1,common,1.0,0.24510108930517627,0.6906687833240881,0.4024250338996538,0.0,0.0,0.8865681769827574,,,EXPLORE
870,71,,,0,1,0,0,rare,0.0,0.557911705154276,0.6626857397970517,0.4490710352760404,0.0,0.0,0.8881145108420933,,,EXPLORE
871,71,,,0,0,0,0,common,1.0,0.6373573916497206,0.6408747597886217,0.5055569421881444,0.0,0.0,0.8896044045787437,,,EXPLORE
872,71,,,0,1,0,1,rare,0.0,0.1490561381610478,0.5673570360035353,0.3986067009800154,0.0,0.0,0.8839604182072612,,,EXPLORE
873,71,,,0,1,1,0,common,1.0,0.9329898787593363,0.40135086408630966,0.5589216543138116,0.0,0.0,0.8856040942921819,,,EXPLORE
874,71,,,0,0,0,0,common,0.0,0.5857176954276816,0.5967546309146754,0.5669604666479726,0.0,0.0,0.8795783684119884,,,EXPLORE
875,71,,,0,1,1,1,common,1.0,0.1593157080483646,0.6877010904354186,0.4446670390680902,0.0,0.0,0.8729531856323373,,,EXPLORE
876,71,,,0,1,1,1,common,1.0,0.10355521023143699,0.6192649342104932,0.3423334904170942,0.0,0.0,0.8750375383757246,,,EXPLORE
877,71,,,0,1,0,1,rare,0.0,0.09688648980468106,0.5447646294735333,0.26869939023337025,0.0,0.0,0.8770347542764573,,,EXPLORE
878,71,,,0,1,1,1,common,0.0,0.932689113349566,0.6930209463983654,0.46789630716822894,0.0,0.0,0.8789500908676016,,,EXPLORE
879,71,,,0,1,1,1,common,1.0,0.3937520763227822,0.6329135313810239,0.4456530379145949,0.0,0.0,0.8807883912061872,,,EXPLORE
880,71,,,0,0,0,0,common,0.0,0.380716502027993,0.6882919872607001,0.42617207714861427,0.0,0.0,0.8825541239303084,,,EXPLORE
881,71,,,0,0,0,0,common,1.0,0.7525342736818046,0.5948535379475359,0.5240807361085713,0.0,0.0,0.8842514187587139,,,EXPLORE
882,71,,,0,1,1,1,common,1.0,0.2559388496098085,0.6931246444718215,0.4436381701589424,0.0,0.0,0.8780936866395707,,,EXPLORE
883,71,,,0,0,0,1,common,0.0,0.0629762183730427,0.6490742081530305,0.3294395846231725,0.0,0.0,0.8799662522127302,,,EXPLORE
884,71,,,0,0,0,1,common,0.0,0.04093454194247775,0.49542011642832495,0.24288807181896407,0.0,0.0,0.8817642732008499,,,EXPLORE
885,71,,,0,1,0,0,rare,1.0,0.4891472778931729,0.38024911014639223,0.3167658336412267,0.0,0.0,0.8834920284708043,,,EXPLORE
886,71,,,0,1,1,1,common,1.0,0.16636025224637552,0.3021517853830805,0.2716441592227713,0.0,0.0,0.8851534757003079,,,EXPLORE
887,71,,,0,1,1,1,common,0.0,0.8918658360398559,0.2570339477864756,0.4577106622678967,0.0,0.0,0.8867522809623631,,,EXPLORE
888,71,,,0,1,1,0,common,0.0,0.39355657880643136,0.5128976863835403,0.4384644372294571,0.0,0.0,0.8882918450988477,,,EXPLORE
889,71,,,0,1,1,1,common,1.0,0.4202872065740937,0.6597515598683072,0.43301126803284806,0.0,0.0,0.8897753272825814,,,EXPLORE
890,71,,,0,1,1,1,common,1.0,0.27318668427316095,0.49665225377596156,0.3850638929049419,0.0,0.0,0.8912056661114348,,,EXPLORE
891,71,,,0,1,1,1,common,1.0,0.17757134477755465,0.3709162166597094,0.32281612846672575,0.0,0.0,0.8925855985308964,,,EXPLORE
892,71,,,0,1,1,1,common,1.0,0.11542137410541053,0.2967778253098813,0.26059770215833117,0.0,0.0,0.893917676841501,,,EXPLORE
893,71,,,0,1,1,1,common,1.0,0.07502389316851688,0.25389391059581035,0.20492555946138688,0.0,0.0,0.8952042840135064,,,EXPLORE
894,71,,,0,1,1,0,common,0.0,0.2558117762241804,0.22848207178149343,0.22019142449022494,0.0,0.0,0.8964476475021681,,,EXPLORE
895,71,,,0,1,1,0,common,0.0,0.16627765454571725,0.4876517366019412,0.20401729350687262,0.0,0.0,0.8976498517321337,,,EXPLORE
896,71,,,0,1,1,1,common,1.0,0.04876553055953592,0.6501243621866049,0.1574417646226716,0.0,0.0,0.8988128493981645,,,EXPLORE
897,71,,,0,0,0,0,common,0.0,0.6820542693694376,0.48593668351965824,0.3148255160467014,0.0,0.0,0.8999384717110837,,,EXPLORE
898,71,,,0,1,0,0,rare,1.0,0.5566647249098655,0.4105337807476481,0.38737727870565064,0.0,0.0,0.9010284377020458,,,EXPLORE
899,71,,,0,1,1,1,common,1.0,0.031697594863698386,0.29694160458431396,0.280673373553065,0.0,0.0,0.9020843626845781,,,EXPLORE
900,71,,,0,1,1,1,common,1.0,0.020603436661403962,0.23457736909204763,0.20265239248556666,0.0,0.0,0.9031077659620147,,,EXPLORE
901,71,,,0,0,0,0,common,1.0,0.3618320711914126,0.1995646549330593,0.25040629609732046,0.0,0.0,0.9041000778576833,,,EXPLORE
902,71,,,0,0,1,1,rare,0.0,0.9866077661700874,0.4177584082931296,0.47126673711915046,0.0,0.0,0.9050626461362713,,,EXPLORE
903,71,,,0,0,0,0,common,1.0,0.23519084627441822,0.2882732825202584,0.4004439698657308,0.0,0.0,0.9059967418770022,,,EXPLORE
904,71,,,0,0,0,0,common,1.0,0.15287405007837185,0.49701792829707825,0.3261729939295231,0.0,0.0,0.9069035648524628,,,EXPLORE
905,71,,,0,0,0,0,common,1.0,0.09936813255094168,0.6260097181221975,0.25813153551594864,0.0,0.0,0.907784248460947,,,EXPLORE
906,71,,,0,1,0,0,rare,0.0,0.9354107138418879,0.6787916461755289,0.4613152890137304,0.0,0.0,0.9086398642549687,,,EXPLORE
907,71,,,0,1,0,0,rare,0.0,0.6080169639972272,0.6000666274301245,0.5053257915087794,0.0,0.0,0.9094714261039966,,,EXPLORE
908,71,,,0,1,1,1,common,0.0,0.6412950480105568,0.4264176058604421,0.5461165684593127,0.0,0.0,0.9055335938834469,,,EXPLORE
909,71,,,0,1,1,1,common,1.0,0.5831582187931381,0.31568898061468803,0.5572290635594602,0.0,0.0,0.9012824981998946,,,EXPLORE
910,71,,,0,0,0,0,common,1.0,0.6047889734018024,0.5436392949791884,0.5714970365121629,0.0,0.0,0.8966794514618054,,,EXPLORE
911,71,,,0,0,1,1,rare,1.0,0.3790528422155397,0.48414161429336744,0.5137637782231759,0.0,0.0,0.8916791223095082,,,EXPLORE
912,71,,,0,0,0,0,common,0.0,0.6068871672888284,0.44467429027181327,0.5417007949428716,0.0,0.0,0.8862280454744847,,,EXPLORE
913,71,,,0,0,0,0,common,1.0,0.6055233412622615,0.678024496734434,0.5608475588386885,0.0,0.0,0.8802627117312237,,,EXPLORE
914,71,,,0,1,0,0,rare,0.0,0.60640982817953,0.5985030152256027,0.574516239640941,0.0,0.0,0.8737070930918766,,,EXPLORE
915,71,,,0,0,0,0,common,1.0,0.6058336116833054,0.446454591524174,0.5839114512536503,0.0,0.0,0.8664693983289884,,,EXPLORE
916,71,,,0,0,1,1,rare,0.0,0.7536156525598992,0.36643131163963216,0.634822711645525,0.0,0.0,0.8584377642942417,,,EXPLORE
917,71,,,0,0,0,0,common,1.0,0.39379184759414865,0.61334110374924,0.5625134524301121,0.0,0.0,0.8494744522416299,,,EXPLORE
918,71,,,0,1,1,1,common,1.0,0.5101498258360655,0.4798950778777934,0.5468043644518981,0.0,0.0,0.8394079068336303,,,EXPLORE
919,71,,,0,1,0,0,rare,0.0,0.7440352990638034,0.6577770383418935,0.6059736448354697,0.0,0.0,0.828021699488069,,,EXPLORE
920,71,,,0,1,1,1,common,0.0,0.6684026132065574,0.5122260756446395,0.624702335346796,0.0,0.0,0.8150388301086403,,,EXPLORE
921,71,,,0,1,1,0,common,0.0,0.10808047545471622,0.39804351856803494,0.46971577737917203,0.0,0.0,0.8000989428495633,,,EXPLORE
922,71,,,0,0,0,0,common,1.0,0.5163770556085278,0.3282408028930783,0.4837141608479787,0.0,0.0,0.806293525210018,,,EXPLORE
923,71,,,0,0,0,0,common,1.0,0.3356450861455431,0.25130827744193335,0.439293438437248,0.0,0.0,0.812059239465107,,,EXPLORE
924,71,,,0,0,0,0,common,1.0,0.21816930599460305,0.20869227472227705,0.3729561987044545,0.0,0.0,0.8174388704512352,,,EXPLORE
925,71,,,0,0,0,0,common,0.0,0.858189951103508,0.18415213676101616,0.5185263244241705,0.0,0.0,0.8224696953241367,,,EXPLORE
926,71,,,0,0,0,0,common,1.0,0.44217653178271976,0.4159126081125675,0.4956213866317352,0.0,0.0,0.8086678334187094,,,EXPLORE
927,71,,,0,1,1,1,common,1.0,0.5655383014157377,0.29940217798757196,0.5165964610669359,0.0,0.0,0.8142730279293632,,,EXPLORE
928,71,,,0,0,0,1,common,0.0,0.02660745226261054,0.5521667595941631,0.36959975842563825,0.0,0.0,0.7992131204221583,,,EXPLORE
929,71,,,0,1,0,0,rare,0.0,0.7125852543412321,0.6915066896813372,0.47249540720031635,0.0,0.0,0.8054702184493789,,,EXPLORE
930,71,,,0,1,0,0,rare,0.0,0.4631804153218009,0.6281591470204537,0.4697009096367617,0.0,0.0,0.8112920940125143,,,EXPLORE
931,71,,,0,0,0,1,common,0.0,0.017294843970696853,0.5503446129790972,0.3339790899369422,0.0,0.0,0.8167223647986691,,,EXPLORE
932,71,,,0,0,0,0,common,1.0,0.6989327300408295,0.6646070152683397,0.44346518196810836,0.0,0.0,0.8217990087035281,,,EXPLORE
933,71,,,0,1,0,0,rare,1.0,0.45430627452653916,0.4865730653646252,0.44671750973563756,0.0,0.0,0.826555246831306,,,EXPLORE
934,71,,,0,0,1,0,rare,0.0,0.07025230904556554,0.6808859391870028,0.33377794952861595,0.0,0.0,0.8310202656343378,,,EXPLORE
935,71,,,0,1,1,1,common,0.0,0.6324001040797704,0.6675427080110747,0.42336459589396225,0.0,0.0,0.835219811373663,,,EXPLORE
936,71,,,0,0,0,0,common,1.0,0.29529907844225045,0.6879297900353607,0.3849449406584487,0.0,0.0,0.8391766824836299,,,EXPLORE
937,71,,,0,0,0,0,common,1.0,0.1919444009874628,0.5616437534857769,0.3270447787571529,0.0,0.0,0.842911139728205,,,EXPLORE
938,71,,,0,1,1,1,common,1.0,0.5889399323481492,0.4336875514973429,0.4056133248344518,0.0,0.0,0.8464412497291073,,,EXPLORE
939,71,,,0,0,0,0,common,1.0,0.12476386064185085,0.6329059382544835,0.3213584855766715,0.0,0.0,0.8497831741602875,,,EXPLORE
940,71,,,0,0,1,1,rare,1.0,0.382810956026297,0.5630138116350966,0.3397942267115591,0.0,0.0,0.8529514143771212,,,EXPLORE
941,71,,,0,0,0,0,common,0.0,0.918903490582797,0.5102665733353113,0.5135270058729304,0.0,0.0,0.8559590192918614,,,EXPLORE
942,71,,,0,1,1,1,common,1.0,0.24882712141709307,0.6918526187051846,0.43411704053617917,0.0,0.0,0.8466973397550123,,,EXPLORE
943,71,,,0,1,1,1,common,1.0,0.16173762892111054,0.6594891311270104,0.35240321705165856,0.0,0.0,0.8500258009380965,,,EXPLORE
944,71,,,0,1,0,0,rare,1.0,0.402712731121182,0.5943272885610217,0.3674960712725156,0.0,0.0,0.8531816010250491,,,EXPLORE
945,71,,,0,0,1,1,rare,1.0,0.10512945879872182,0.540349608445151,0.2887860875303775,0.0,0.0,0.8561776878411486,,,EXPLORE
946,71,,,0,0,0,1,common,0.0,0.011241648580952956,0.6488234491297151,0.20552275584555013,0.0,0.0,0.8590257463585855,,,EXPLORE
947,71,,,0,0,1,0,rare,0.0,0.0456640008796176,0.4475220270530492,0.15756512935577036,0.0,0.0,0.8617363489997377,,,EXPLORE
948,71,,,0,0,0,0,common,1.0,0.2617632752287683,0.30856223087558365,0.18882457311766973,0.0,0.0,0.8643190849728355,,,EXPLORE
949,71,,,0,1,1,1,common,1.0,0.06833414821916917,0.517149369193494,0.15267744564811955,0.0,0.0,0.8667826719750057,,,EXPLORE
950,71,,,0,0,0,0,common,1.0,0.1701461288986994,0.47878160424173133,0.1579180506232935,0.0,0.0,0.8691350530049264,,,EXPLORE
951,71,,,0,1,1,0,common,0.0,0.02968160057175144,0.6100711275012941,0.11944711560783089,0.0,0.0,0.8713834805505253,,,EXPLORE
952,71,,,0,1,1,1,common,1.0,0.04441719634246,0.6699546984528595,0.09693813982821961,0.0,0.0,0.873534590031627,,,EXPLORE
953,71,,,0,1,1,1,common,0.0,0.971128822377401,0.6911279298686145,0.35919534459297403,0.0,0.0,0.8755944640642048,,,EXPLORE
954,71,,,0,1,1,1,common,0.0,0.6312337345453106,0.6000425951583962,0.440806861578675,0.0,0.0,0.8775686888571662,,,EXPLORE
955,71,,,0,0,1,1,rare,0.0,0.41030192745445193,0.4573952295336028,0.431655381341408,0.0,0.0,0.8794624038428943,,,EXPLORE
956,71,,,0,0,1,1,rare,1.0,0.7333037471546062,0.6515377175111431,0.5221498910853675,0.0,0.0,0.8812803454700595,,,EXPLORE
957,71,,,0,0,0,0,common,0.0,0.8894050162158453,0.5092617383785715,0.6323264286245107,0.0,0.0,0.8748274661396688,,,EXPLORE
958,71,,,0,1,0,0,rare,1.0,0.42188673945970057,0.6697096059092262,0.5691945218750676,0.0,0.0,0.8677088269403405,,,EXPLORE
959,71,,,0,1,1,1,common,1.0,0.47664743565049406,0.659853148314133,0.5414303960076955,0.0,0.0,0.8598162118356225,,,EXPLORE
960,71,,,0,0,0,0,common,0.0,0.7257736193511946,0.551438030690808,0.5967333630107452,0.0,0.0,0.851016608237183,,,EXPLORE
961,71,,,0,1,1,1,common,1.0,0.30982083317282116,0.4212478672116217,0.5106596040593679,0.0,0.0,0.841144673076307,,,EXPLORE
962,71,,,0,1,1,0,common,0.0,0.019293040371638436,0.3348716929912889,0.36324963495304907,0.0,0.0,0.8299922743249759,,,EXPLORE
963,71,,,0,1,1,1,common,0.0,0.7986164584376663,0.57971064921214,0.4938596819984342,0.0,0.0,0.8342522601469655,,,EXPLORE
964,71,,,0,1,1,1,common,1.0,0.4808993020155169,0.6838123582150113,0.489971568003559,0.0,0.0,0.8382644383284436,,,EXPLORE
965,71,,,0,1,1,1,common,1.0,0.31258454631008603,0.5421595842539709,0.4367554614955171,0.0,0.0,0.8420496347932926,,,EXPLORE
966,71,,,0,1,1,1,common,1.0,0.20317995510155595,0.4098497939504516,0.36668280957732874,0.0,0.0,0.8456264056275423,,,EXPLORE
967,71,,,0,0,0,0,common,1.0,0.5282471474217235,0.32814512912759675,0.4151521109306472,0.0,0.0,0.8490113381219191,,,EXPLORE
968,71,,,0,0,0,0,common,1.0,0.3433606458241203,0.5483925797540835,0.3936146713986891,0.0,0.0,0.8522193051406529,,,EXPLORE
969,71,,,0,0,1,1,rare,1.0,0.13206697081601138,0.6622800307312442,0.3151503612238858,0.0,0.0,0.8552636810462529,,,EXPLORE
970,71,,,0,0,1,0,rare,0.0,0.012540476241564985,0.6924370223091836,0.2243673957291895,0.0,0.0,0.8581565257923068,,,EXPLORE
971,71,,,0,0,0,0,common,1.0,0.22318441978567816,0.5418450040489855,0.2240125029461361,0.0,0.0,0.8609087425278562,,,EXPLORE
972,71,,,0,0,1,1,rare,0.0,0.9141564689695926,0.6598626422567127,0.431055692753173,0.0,0.0,0.8635302130557502,,,EXPLORE
973,71,,,0,1,1,1,common,1.0,0.40579829516976473,0.4776380457132473,0.4234784734781505,0.0,0.0,0.8660299146924282,,,EXPLORE
974,71,,,0,1,1,1,common,1.0,0.26376889186034713,0.4212589914620206,0.3755655989928095,0.0,0.0,0.8684160214416843,,,EXPLORE
975,71,,,0,0,1,1,rare,1.0,0.1714497797092256,0.38542562551554876,0.3143308532077343,0.0,0.0,0.8706959918851072,,,EXPLORE
976,71,,,0,0,0,1,common,1.0,0.9926929284223805,0.5554631084269763,0.5178394757721281,0.0,0.0,0.8728766457802897,,,EXPLORE
977,71,,,0,0,0,0,common,1.0,0.14506987286069084,0.6460540321458323,0.4060085948986969,0.0,0.0,0.8655500407602512,,,EXPLORE
978,71,,,0,1,1,1,common,0.0,0.8885576431890033,0.6818763838582724,0.5507733093857888,0.0,0.0,0.867957763786255,,,EXPLORE
979,71,,,0,0,1,1,rare,1.0,0.42243753192714784,0.5839217105335258,0.5122725761481965,0.0,0.0,0.8600929175517604,,,EXPLORE
980,71,,,0,1,0,0,rare,1.0,0.09429541735944902,0.5402604934472144,0.38687942851157225,0.0,0.0,0.8513259857605263,,,EXPLORE
981,71,,,0,0,0,0,common,1.0,0.06129202128364186,0.6438298313563076,0.28920320634319313,0.0,0.0,0.8544155132057496,,,EXPLORE
982,71,,,0,0,0,0,common,0.0,0.9601601861656328,0.622107835751702,0.490490300289925,0.0,0.0,0.8573502105527541,,,EXPLORE
983,71,,,0,0,0,1,common,0.0,0.35474959652545257,0.6594991950999648,0.44976808916058325,0.0,0.0,0.8601412946226143,,,EXPLORE
984,71,,,0,1,1,1,common,1.0,0.27458439575264615,0.501915427623941,0.3972129811382021,0.0,0.0,0.8627989244752156,,,EXPLORE
985,71,,,0,1,1,1,common,1.0,0.17847985723922,0.420834191504476,0.3315930439685075,0.0,0.0,0.8653323232267431,,,EXPLORE
986,71,,,0,0,0,0,common,0.0,0.6241041210076613,0.3696645005627595,0.41934636708025363,0.0,0.0,0.8677498834111964,,,EXPLORE
987,71,,,0,0,0,0,common,1.0,0.5943323213450201,0.2627938185869885,0.4718421533596836,0.0,0.0,0.8700592584223094,,,EXPLORE
988,71,,,0,1,1,1,common,1.0,0.11601190720549304,0.4766562982748598,0.3650930795134264,0.0,0.0,0.8722674421351023,,,EXPLORE
989,71,,,0,1,0,0,rare,0.0,0.6136839911257369,0.44229538433451865,0.43967035299711954,0.0,0.0,0.8743808384521081,,,EXPLORE
990,71,,,0,0,1,1,rare,1.0,0.07540773968357051,0.6783776564423338,0.3303915690030548,0.0,0.0,0.8764053222309746,,,EXPLORE
991,71,,,0,1,1,1,common,1.0,0.04901503079432079,0.6797333513757646,0.24597860754043457,0.0,0.0,0.8783462928143124,,,EXPLORE
992,71,,,0,1,1,1,common,1.0,0.031859770016308464,0.6868532462497547,0.18174295628319675,0.0,0.0,0.8802087211889367,,,EXPLORE
993,71,,,0,1,0,1,rare,0.0,0.23058723774154416,0.6520254976985369,0.19639624072070094,0.0,0.0,0.8819971916418247,,,EXPLORE
994,71,,,0,0,0,1,common,0.0,0.14988170453200372,0.652833500965833,0.18244187986409177,0.0,0.0,0.8837159386477428,,,EXPLORE
995,71,,,0,1,1,1,common,1.0,0.02070885051060045,0.6753477339280696,0.13392197105804438,0.0,0.0,0.8853688796134184,,,EXPLORE
996,71,,,0,1,1,1,common,1.0,0.0134607528318903,0.5776225530359059,0.09778360559019815,0.0,0.0,0.8869596440112673,,,EXPLORE
997,71,,,0,0,0,0,common,1.0,0.601105405768271,0.488297681214766,0.24878014564362,0.0,0.0,0.8884915993587413,,,EXPLORE
998,71,,,0,1,1,1,common,0.0,0.9912505106592713,0.6407737060684595,0.47152125514831533,0.0,0.0,0.8899678744346868,,,EXPLORE
999,71,,,0,1,1,1,common,1.0,0.3556871680714737,0.6669932231250288,0.4367710290252628,0.0,0.0,0.8913913800695712,,,EXPLORE
1000,71,,,0,0,0,0,common,0.0,0.6092814862506238,0.6880285856544502,0.4885241661928711,0.0,0.0,0.8927648278003025,,,EXPLORE
1001,71,,,0,1,0,0,rare,1.0,0.6039670339370945,0.5623170882554009,0.523157026516138,0.0,0.0,0.8940907466412232,,,EXPLORE
1002,71,,,0,1,1,1,common,0.0,0.7688033407535421,0.4679187415360997,0.5968509207873591,0.0,0.0,0.8888595619778912,,,EXPLORE
1003,71,,,0,1,1,1,common,0.0,0.49972217148980236,0.672229419506389,0.567712295998092,0.0,0.0,0.8831454746269725,,,EXPLORE
1004,71,,,0,0,0,0,common,1.0,0.3925785720591114,0.6810071104568881,0.5151721788163978,0.0,0.0,0.876878713961412,,,EXPLORE
1005,71,,,0,0,0,0,common,0.0,0.7448239281615776,0.5555643122006123,0.5840677036199518,0.0,0.0,0.8699753887765004,,,EXPLORE
1006,71,,,0,1,0,0,rare,0.0,0.48413555330502545,0.6845891567919429,0.5540880585254738,0.0,0.0,0.8623337246469938,,,EXPLORE
1007,71,,,0,0,0,0,common,0.0,0.31468810964826655,0.6298679189219905,0.48226807386231163,0.0,0.0,0.8538290304197962,,,EXPLORE
1008,71,,,0,0,0,1,common,1.0,0.9025768920541976,0.6895134320240752,0.6083607193198773,0.0,0.0,0.8567928321618985,,,EXPLORE
1009,71,,,0,1,0,0,rare,0.0,0.20454727127137326,0.5402250035999827,0.4872166849053261,0.0,0.0,0.8476320912349692,,,EXPLORE
1010,71,,,0,0,0,0,common,0.0,0.13295572632639263,0.4725843302253455,0.3809383973316461,0.0,0.0,0.8509116270627785,,,EXPLORE
1011,71,,,0,0,0,0,common,1.0,0.9135787778878448,0.6220896492420556,0.5407305114985057,0.0,0.0,0.8540222034534508,,,EXPLORE
1012,71,,,0,1,0,1,rare,1.0,0.5866749798352284,0.4283821082256026,0.5545138519995225,0.0,0.0,0.8445238169041632,,,EXPLORE
1013,71,,,0,1,1,1,common,0.0,0.32481941146837157,0.661824748355097,0.4856055198401772,0.0,0.0,0.8338189906476486,,,EXPLORE
1014,71,,,0,0,0,0,common,0.0,0.4061737943729009,0.5561608149220826,0.46177600219999426,0.0,0.0,0.8378560525901483,,,EXPLORE
1015,71,,,0,0,0,1,common,1.0,0.38133873689289843,0.6796684019878707,0.4376448226078655,0.0,0.0,0.841664068006563,,,EXPLORE
1016,71,,,0,0,0,1,common,1.0,0.247870178980384,0.53847630761313,0.38071242951962103,0.0,0.0,0.8452618152456114,,,EXPLORE
1017,71,,,0,1,1,1,common,0.0,0.2111326174544415,0.4116045833558485,0.32983848590006715,0.0,0.0,0.8486660747391922,,,EXPLORE
1018,71,,,0,0,0,1,common,0.0,0.8388843836627504,0.32694353986201236,0.48255225522887213,0.0,0.0,0.8518918878327398,,,EXPLORE
1019,71,,,0,0,1,0,rare,1.0,0.9918486904429827,0.5494889498113106,0.6353411857931053,0.0,0.0,0.8549527763939915,,,EXPLORE
1020,71,,,0,0,1,0,rare,1.0,0.6447016487879388,0.38824993611725545,0.6381493246915553,0.0,0.0,0.8455685109500809,,,EXPLORE
1021,71,,,0,1,0,1,rare,0.0,0.5452748493807877,0.2923196122465146,0.610286982098325,0.0,0.0,0.8350000987847095,,,EXPLORE
1022,71,,,0,1,1,0,common,1.0,0.4190560717121602,0.2464213702194858,0.5529177089824755,0.0,0.0,0.8230089620853981,,,EXPLORE
1023,71,,,0,1,0,1,rare,0.0,0.35442865209751206,0.4973155246935994,0.49337099191698647,0.0,0.0,0.8092878188653596,,,EXPLORE
1024,71,,,0,1,1,0,common,1.0,0.2723864466129041,0.3651589311938549,0.42707562832576174,0.0,0.0,0.814851450936156,,,EXPLORE
1025,71,,,0,1,1,0,common,1.0,0.17705119029838767,0.5839204454477237,0.3520682969175495,0.0,0.0,0.8200486607112636,,,EXPLORE
1026,71,,,0,1,0,0,rare,0.0,0.2640129663423856,0.6793124347500479,0.3256516977450003,0.0,0.0,0.8249142552577551,,,EXPLORE
1027,71,,,0,1,1,0,common,1.0,0.11508327369395199,0.5175702973167671,0.2624811705296858,0.0,0.0,0.8294787686686641,,,EXPLORE
1028,71,,,0,0,1,0,rare,1.0,0.07480412790106883,0.6578328062286285,0.20617805774110068,0.0,0.0,0.8337690982422277,,,EXPLORE
1029,71,,,0,1,1,0,common,1.0,0.04862268313569473,0.6102938959189529,0.15891144535947888,0.0,0.0,0.8378090302870909,,,EXPLORE
1030,71,,,0,0,1,0,rare,0.0,0.9683952559617984,0.6779144165024518,0.40175658854017476,0.0,0.0,0.8416196772665486,,,EXPLORE
1031,71,,,0,0,0,1,common,1.0,0.7696213761366171,0.6108861166073551,0.5121160248191075,0.0,0.0,0.8452198432466739,,,EXPLORE
1032,71,,,0,0,0,0,common,0.0,0.17160842812255062,0.6867754402738413,0.4099637458101404,0.0,0.0,0.8346060053541449,,,EXPLORE
1033,71,,,0,0,1,1,rare,0.0,0.137236201345387,0.5361143556185634,0.32814548247071434,0.0,0.0,0.8385979208321861,,,EXPLORE
1034,71,,,0,1,0,1,rare,1.0,0.5002538944888012,0.39288688444187414,0.37977800607614043,0.0,0.0,0.8423645315431192,,,EXPLORE
1035,71,,,0,0,0,1,common,1.0,0.3251650314177208,0.3255256613605986,0.3633941136786145,0.0,0.0,0.8459242135219968,,,EXPLORE
1036,71,,,0,0,1,0,rare,1.0,0.370543083624831,0.5376220914137514,0.36553880466247946,0.0,0.0,0.8492933975406864,,,EXPLORE
1037,71,,,0,0,0,0,common,0.0,0.11154547827965791,0.6528398356260621,0.28934080674763296,0.0,0.0,0.8524868198801915,,,EXPLORE
1038,71,,,0,0,0,1,common,1.0,0.21135727042151853,0.4602549591420226,0.26594574584979863,0.0,0.0,0.8555177352842519,,,EXPLORE
1039,71,,,0,1,1,0,common,1.0,0.2408530043561401,0.6178747556175714,0.25841792340170106,0.0,0.0,0.858398098585045,,,EXPLORE
1040,71,,,0,0,0,1,common,1.0,0.13738222577398707,0.5786534338408419,0.22210721411338685,0.0,0.0,0.8611387202491202,,,EXPLORE
1041,71,,,0,1,1,1,common,0.0,0.08920353087450156,0.6598801872249296,0.18223610914172125,0.0,0.0,0.8637494001103982,,,EXPLORE
1042,71,,,0,0,0,1,common,1.0,0.08929844675309162,0.6293847371522069,0.15435481042513235,0.0,0.0,0.8662390427774819,,,EXPLORE
1043,71,,,0,1,0,1,rare,1.0,0.05804399038950958,0.5704400073292752,0.1254615644144455,0.0,0.0,0.8686157575796005,,,EXPLORE
1044,71,,,0,0,0,1,common,0.0,0.9622714062468187,0.6651662839601329,0.37650451696415743,0.0,0.0,0.8708869454150292,,,EXPLORE
1045,71,,,0,0,0,1,common,1.0,0.3745235859395678,0.6336282024990875,0.3759102376567805,0.0,0.0,0.8730593744616245,,,EXPLORE
1046,71,,,0,0,0,1,common,1.0,0.24344033086071915,0.6922184796274593,0.33616926561796207,0.0,0.0,0.8751392463810473,,,EXPLORE
1047,71,,,0,1,1,0,common,0.0,0.843445547168509,0.6804847650669982,0.4883521500831261,0.0,0.0,0.8771322543806871,,,EXPLORE
1048,71,,,0,0,0,1,common,1.0,0.1582362150594674,0.5097688741899853,0.38931736957602847,0.0,0.0,0.8790436342781243,,,EXPLORE
1049,71,,,0,0,0,1,common,1.0,0.10285353978865386,0.4508371778497166,0.30337822063981607,0.0,0.0,0.8808782095326259,,,EXPLORE
1050,71,,,0,0,0,0,common,0.0,0.07250456088177765,0.41270528040316795,0.23411612271240453,0.0,0.0,0.882640431059167,,,EXPLORE
1051,71,,,0,0,0,1,common,1.0,0.06685480086262496,0.6638249345830963,0.18393772615747067,0.0,0.0,0.8843344125168803,,,EXPLORE
1052,71,,,0,1,1,1,common,0.0,0.05798229506842602,0.5713992643364361,0.14615109683075728,0.0,0.0,0.8859639616609242,,,EXPLORE
1053,71,,,0,0,0,1,common,1.0,0.043455620560706176,0.4260404186575072,0.11534245394974194,0.0,0.0,0.8875326082607491,,,EXPLORE
1054,71,,,0,0,0,1,common,1.0,0.028246153364459015,0.3476456918925893,0.08921356377415705,0.0,0.0,0.8890436290156133,,,EXPLORE
1055,71,,,0,0,1,0,rare,1.0,0.4517603943404691,0.3007835549932624,0.19797761294405067,0.0,0.0,0.8905000698375019,,,EXPLORE
1056,71,,,0,1,0,1,rare,0.0,0.9816400003131016,0.27251504729889686,0.4330763291547659,0.0,0.0,0.891904765820355,,,EXPLORE
1057,71,,,0,0,0,1,common,1.0,0.3619339997964839,0.20339398492876645,0.4117336303472813,0.0,0.0,0.8932603591711127,,,EXPLORE
1058,71,,,0,1,0,1,rare,0.0,0.7647429001322854,0.18947126478887194,0.5176364112827825,0.0,0.0,0.8945693153412175,,,EXPLORE
1059,71,,,0,0,0,1,common,1.0,0.5029171149140145,0.15457706971110793,0.513220622372152,0.0,0.0,0.8893812123850385,,,EXPLORE
1060,71,,,0,0,0,1,common,1.0,0.32689612469410945,0.14729786188347263,0.4573232730687392,0.0,0.0,0.8837162671132237,,,EXPLORE
1061,71,,,0,1,0,1,rare,1.0,0.21248248105117118,0.14272525938315753,0.3838710354634688,0.0,0.0,0.8853691956152869,,,EXPLORE
1062,71,,,0,1,0,1,rare,1.0,0.13811361268326128,0.3281298228499278,0.3101438086294065,0.0,0.0,0.8869599482306161,,,EXPLORE
1063,71,,,0,0,1,1,rare,0.0,0.03768849179447691,0.49944074417061685,0.2284072135789276,0.0,0.0,0.8884918924279521,,,EXPLORE
1064,71,,,0,0,1,1,rare,1.0,0.97550248033359,0.6931057433148378,0.45253579360532625,0.0,0.0,0.889968156941709,,,EXPLORE
1065,71,,,0,1,1,1,common,0.0,0.36592338778316646,0.6597066565581515,0.42655207185867827,0.0,0.0,0.891391652561757,,,EXPLORE
1066,71,,,0,0,1,0,rare,0.0,0.7063557436786951,0.4947290949885854,0.5104931734046834,0.0,0.0,0.892765090787852,,,EXPLORE
1067,71,,,0,1,1,0,common,1.0,0.5408687666088481,0.6787387957164639,0.5196058513659327,0.0,0.0,0.8874136099257628,,,EXPLORE
1068,71,,,0,0,0,1,common,1.0,0.08977384824411982,0.6648938087253958,0.39065625042938884,0.0,0.0,0.8815621604491254,,,EXPLORE
1069,71,,,0,1,1,0,common,1.0,0.3515646982957513,0.6870084407238779,0.3789287847892976,0.0,0.0,0.8832977500442201,,,EXPLORE
1070,71,,,0,0,0,1,common,1.0,0.058353001358677936,0.681011212351468,0.28275604976011165,0.0,0.0,0.8849665940170313,,,EXPLORE
1071,71,,,0,1,0,1,rare,0.0,0.9620705491168593,0.6905443264327638,0.4865503995671359,0.0,0.0,0.8865723904164057,,,EXPLORE
1072,71,,,0,1,1,0,common,1.0,0.2285170538922383,0.5418581068102066,0.40914039586466666,0.0,0.0,0.8881185691915343,,,EXPLORE
1073,71,,,0,0,1,0,rare,0.0,0.8514639149700451,0.6651725122702968,0.5418374515962803,0.0,0.0,0.8896083160573682,,,EXPLORE
1074,71,,,0,1,1,0,common,1.0,0.4465484552694706,0.6469646981077024,0.5132507526982373,0.0,0.0,0.8839646966364488,,,EXPLORE
1075,71,,,0,0,0,1,common,0.0,0.6253458569259586,0.5644968195896816,0.5468792839665536,0.0,0.0,0.8777787933953625,,,EXPLORE
1076,71,,,0,0,1,0,rare,1.0,0.2902564959251559,0.4073031039145093,0.4698924475541343,0.0,0.0,0.8709688625635289,,,EXPLORE
1077,71,,,0,0,1,0,rare,1.0,0.1886667223513514,0.6067316325572791,0.3855247299932994,0.0,0.0,0.8731377676489945,,,EXPLORE
1078,71,,,0,1,0,1,rare,0.0,0.4064748070018731,0.6845726122894932,0.3918097530958715,0.0,0.0,0.875214334493163,,,EXPLORE
1079,71,,,0,1,0,1,rare,1.0,0.7357913754487825,0.6131666017788668,0.4950042398017448,0.0,0.0,0.8772042385496003,,,EXPLORE
1080,71,,,0,0,0,1,common,0.0,0.5217356059582914,0.6904328752047759,0.5030236496487087,0.0,0.0,0.8791126996463519,,,EXPLORE
1081,71,,,0,0,0,0,common,0.0,0.047127964573155476,0.6090041529354384,0.36625494412604276,0.0,0.0,0.8724399633157917,,,EXPLORE
1082,71,,,0,1,0,1,rare,0.0,0.3391281438728894,0.47256011722908176,0.3581169040500967,0.0,0.0,0.8745460352607067,,,EXPLORE
1083,71,,,0,1,1,0,common,1.0,0.12263336952837844,0.6557538375647669,0.2874718436935812,0.0,0.0,0.8765636435610473,,,EXPLORE
1084,71,,,0,0,0,0,common,0.0,0.030633176972551062,0.5111552730934745,0.21042024367727213,0.0,0.0,0.8784981516247431,,,EXPLORE
1085,71,,,0,1,0,1,rare,1.0,0.7795667064826219,0.4165758887714119,0.38116418251887707,0.0,0.0,0.8803544980292738,,,EXPLORE
1086,71,,,0,1,1,0,common,1.0,0.07971169019344604,0.31097629583864805,0.2907284348212477,0.0,0.0,0.8821372377706044,,,EXPLORE
1087,71,,,0,0,1,0,rare,1.0,0.05181259862573995,0.2515572340819079,0.2190536839625954,0.0,0.0,0.8838505787975754,,,EXPLORE
1088,71,,,0,1,1,0,common,1.0,0.03367818910673093,0.48060619062913457,0.16344103550583605,0.0,0.0,0.8854984144486571,,,EXPLORE
1089,71,,,0,1,1,0,common,0.0,0.978109177080625,0.4327301598914446,0.4078414779782727,0.0,0.0,0.8870843523174061,,,EXPLORE
1090,71,,,0,1,1,0,common,1.0,0.36422903489759384,0.6706946913170313,0.394757745054069,0.0,0.0,0.8886117399970946,,,EXPLORE
1091,71,,,0,1,0,1,rare,1.0,0.5067183592137042,0.5803923215738997,0.4283459293019596,0.0,0.0,0.8900836880911929,,,EXPLORE
1092,71,,,0,0,1,0,rare,0.0,0.763251127316564,0.5003512512310291,0.5288174887063408,0.0,0.0,0.891503090822579,,,EXPLORE
1093,71,,,0,0,0,1,common,0.0,0.6706330665110922,0.35366887772232203,0.5713621620477662,0.0,0.0,0.8860357806861088,,,EXPLORE
1094,71,,,0,0,0,1,common,1.0,0.5640885067677901,0.2700959560683832,0.5691800654637733,0.0,0.0,0.8800518711981159,,,EXPLORE
1095,71,,,0,0,1,1,rare,0.0,0.2378502020590582,0.5031376197187506,0.46978110644235876,0.0,0.0,0.8734748610251146,,,EXPLORE
1096,71,,,0,0,0,1,common,1.0,0.3666575293990635,0.35536063264551265,0.43884403332937016,0.0,0.0,0.8755372436460008,,,EXPLORE
1097,71,,,0,0,0,1,common,0.0,0.7616726058906087,0.564967194729382,0.5356926050977417,0.0,0.0,0.8775138249573976,,,EXPLORE
1098,71,,,0,1,1,0,common,1.0,0.5038867672442334,0.3951216128489642,0.5261508537416892,0.0,0.0,0.8706764690190891,,,EXPLORE
1099,71,,,0,1,0,0,rare,0.0,0.019911565032158192,0.3434460894428889,0.3742790671288299,0.0,0.0,0.8631115715112966,,,EXPLORE
1100,71,,,0,0,1,0,rare,1.0,0.3275263987087518,0.6076576798710998,0.36025326660280643,0.0,0.0,0.8656305380335781,,,EXPLORE
1101,71,,,0,1,1,1,common,0.0,0.15460263133838786,0.6930251311030564,0.29855807602348083,0.0,0.0,0.8680346286685058,,,EXPLORE
1102,71,,,0,0,0,1,common,0.0,0.49508719382889566,0.6125792703825981,0.35751681136510527,0.0,0.0,0.8703314130761882,,,EXPLORE
1103,71,,,0,1,1,0,common,1.0,0.2128921591606887,0.6930956109140474,0.3141294157037803,0.0,0.0,0.8725278103082476,,,EXPLORE
1104,71,,,0,0,1,0,rare,1.0,0.13837990345444773,0.6093921403237017,0.2614045620289805,0.0,0.0,0.874630157240012,,,EXPLORE
1105,71,,,0,1,1,1,common,0.0,0.10049171036995211,0.6931253916201499,0.21313070653127195,0.0,0.0,0.8766442685432624,,,EXPLORE
1106,71,,,0,1,1,0,common,1.0,0.08994693724539105,0.6114688598342417,0.17617557574550766,0.0,0.0,0.8785754893949294,,,EXPLORE
1107,71,,,0,0,1,0,rare,1.0,0.05846550920950422,0.6931145625326933,0.1408625557847066,0.0,0.0,0.880428741927914,,,EXPLORE
1108,71,,,0,0,1,0,rare,0.0,0.9619974190138223,0.656904993496116,0.3872030147534413,0.0,0.0,0.8822085662740077,,,EXPLORE
1109,71,,,0,0,0,1,common,0.0,0.3218066759887822,0.6646526577489795,0.36758411312404354,0.0,0.0,0.8839191569194638,,,EXPLORE
1110,71,,,0,1,0,0,rare,1.0,0.9870574827290972,0.5504146711986753,0.5534261240055596,0.0,0.0,0.8855643949860982,,,EXPLORE
1111,71,,,0,0,1,0,rare,1.0,0.3747016776410155,0.42707706637115017,0.4998087900961963,0.0,0.0,0.879534815969625,,,EXPLORE
1112,71,,,0,0,0,0,common,1.0,0.6415873637739131,0.6272748498258598,0.5423423621995113,0.0,0.0,0.8813498884342164,,,EXPLORE
1113,71,,,0,0,1,0,rare,0.0,0.75644390953334,0.6911987275200283,0.6065728263996598,0.0,0.0,0.874903999377383,,,EXPLORE
1114,71,,,0,0,0,0,common,1.0,0.4170317864530436,0.5583547077271152,0.549710514415675,0.0,0.0,0.8677934554384947,,,EXPLORE
1115,71,,,0,0,0,0,common,0.0,0.7289293388055216,0.6769224687721168,0.603476161732629,0.0,0.0,0.8599102863631369,,,EXPLORE
1116,71,,,0,1,1,0,common,0.0,0.491688541196671,0.5253716835136324,0.5699398755718416,0.0,0.0,0.8511217976847972,,,EXPLORE
1117,71,,,0,0,0,0,common,1.0,0.5261959297764109,0.6862272329985055,0.5568166918332124,0.0,0.0,0.8412630639353349,,,EXPLORE
1118,71,,,0,0,0,0,common,0.0,0.6579726456453329,0.6537676674188384,0.5871634779768485,0.0,0.0,0.8301265099710103,,,EXPLORE
1119,71,,,0,0,0,0,common,1.0,0.5723177803305336,0.6819093425403451,0.582709768682954,0.0,0.0,0.8174471715578422,,,EXPLORE
1120,71,,,0,0,1,1,rare,0.0,0.06531961174046888,0.6592066211353047,0.4274927216002084,0.0,0.0,0.8028813894924038,,,EXPLORE
1121,71,,,0,0,1,0,rare,1.0,0.6804024482221638,0.6797831367458051,0.5033656395867949,0.0,0.0,0.8088815361224259,,,EXPLORE
1122,71,,,0,0,0,0,common,0.0,0.6279934427851531,0.661395982854654,0.5407539805463023,0.0,0.0,0.7929620883308112,,,EXPLORE
1123,71,,,0,1,1,0,common,0.0,0.5577384086555934,0.6788317871201426,0.5458493089790896,0.0,0.0,0.7743546337784795,,,EXPLORE
1124,71,,,0,1,0,0,rare,1.0,0.5918042621896504,0.679480411728667,0.5596357949422578,0.0,0.0,0.7523168038952407,,,EXPLORE
1125,71,,,0,1,1,0,common,1.0,0.6374700343738643,0.6460231860387322,0.5829860667717397,0.0,0.0,0.7258051450338557,,,EXPLORE
1126,71,,,0,0,1,0,rare,1.0,0.41435552234301176,0.5293524544255848,0.5323969034431213,0.0,0.0,0.69330525521297,,,EXPLORE
1127,71,,,0,1,0,0,rare,1.0,0.38467277042327286,0.6726758766511927,0.4880796635371667,0.0,0.0,0.6525322966717954,,,EXPLORE
1128,71,,,0,0,0,0,common,1.0,0.2500373007751273,0.6164755319864402,0.41666695470855486,0.0,0.0,0.6731156232682188,,,EXPLORE
1129,71,,,0,0,0,0,common,0.0,0.8374757544961673,0.6843942354413449,0.5429095946448386,0.0,0.0,0.6912240130669425,,,EXPLORE
1130,71,,,0,1,1,0,common,0.0,0.7306689104770423,0.5175474141346741,0.5992373893944997,0.0,0.0,0.6498854268307573,,,EXPLORE
1131,71,,,0,1,0,1,rare,0.0,0.20917433939270846,0.6894302465084696,0.4822184743939623,0.0,0.0,0.5963910569063362,,,EXPLORE
1132,71,,,0,0,1,0,rare,1.0,0.5250652081899225,0.6547149029712721,0.4950724945327504,0.0,0.0,0.6244652387884043,,,EXPLORE
1133,71,,,0,0,0,0,common,0.0,0.5443592404225088,0.5221096061051373,0.5098585182996779,0.0,0.0,0.6486593630790995,,,EXPLORE
1134,71,,,0,1,1,0,common,1.0,0.34129238532344963,0.6774549693138958,0.4592886784068094,0.0,0.0,0.5947772025981717,,,EXPLORE
1135,71,,,0,0,1,0,rare,0.0,0.7781599495397578,0.6550434926657279,0.5549500597466939,0.0,0.0,0.6230824962640661,,,EXPLORE
1136,71,,,0,0,0,0,common,0.0,0.3538335062746307,0.5478789452482877,0.49461509370507495,0.0,0.0,0.5607425898810331,,,EXPLORE
1137,71,,,0,1,0,1,rare,0.0,0.1359633206052605,0.4613905004948698,0.3870195617751306,0.0,0.0,0.5941235180429216,,,EXPLORE
1138,71,,,0,0,0,0,common,0.0,0.22999177907850998,0.6259912830231047,0.3399112269661444,0.0,0.0,0.6225226705523462,,,EXPLORE
1139,71,,,0,0,1,1,rare,0.0,0.042457747631304776,0.5793073497683647,0.2506751831656925,0.0,0.0,0.64697668034255,,,EXPLORE
1140,71,,,0,0,0,1,common,0.0,0.08837615839341934,0.5451428513586727,0.20198547573401052,0.0,0.0,0.6682532255917879,,,EXPLORE
1141,71,,,0,1,1,0,common,1.0,0.49419603279915747,0.5218798315580788,0.2896486428535546,0.0,0.0,0.6869329421995263,,,EXPLORE
1142,71,,,0,1,1,0,common,1.0,0.32122742131945237,0.33098895399386385,0.29912227639332395,0.0,0.0,0.7034631184799554,,,EXPLORE
1143,71,,,0,0,0,1,common,0.0,0.057444502955722565,0.2289662305363415,0.22661894436204352,0.0,0.0,0.7181938970713809,,,EXPLORE
1144,71,,,0,0,0,0,common,1.0,0.8505053435989685,0.21819986105107333,0.413784864133121,0.0,0.0,0.7314032902986488,,,EXPLORE
1145,71,,,0,1,0,0,rare,0.0,0.44717152666067045,0.48522082839069747,0.42380086289138585,0.0,0.0,0.7433148442753352,,,EXPLORE
1146,71,,,0,0,0,1,common,1.0,0.9626610730787803,0.6709902046364259,0.5854589259476042,0.0,0.0,0.7541103544320318,,,EXPLORE
1147,71,,,0,0,0,1,common,1.0,0.6257296975012072,0.6679695813751269,0.597540157413685,0.0,0.0,0.727979711204333,,,EXPLORE
1148,71,,,0,1,1,1,common,0.0,0.027597535960348106,0.5768964486361434,0.4265573709776839,0.0,0.0,0.6959963706422684,,,EXPLORE
1149,71,,,0,1,0,1,rare,1.0,0.4067243033757848,0.4313821941749315,0.4206074506971142,0.0,0.0,0.711527926920236,,,EXPLORE
1150,71,,,0,0,0,1,common,1.0,0.26437079719426015,0.6307054899046665,0.37373645464625793,0.0,0.0,0.7254161410843633,,,EXPLORE
1151,71,,,0,1,1,0,common,1.0,0.208797823857644,0.5616248879364002,0.32425486540967374,0.0,0.0,0.7379081240495313,,,EXPLORE
1152,71,,,0,0,1,0,rare,1.0,0.13571858550746863,0.6657680276314188,0.2676939814390122,0.0,0.0,0.7492038074856263,,,EXPLORE
1153,71,,,0,0,0,1,common,0.0,0.8281589818237309,0.6328965493028377,0.4358334815544278,0.0,0.0,0.7594666904152916,,,EXPLORE
1154,71,,,0,1,1,0,common,0.0,0.9117829194201454,0.6596597998871214,0.5786183129141431,0.0,0.0,0.7688317763393473,,,EXPLORE
1155,71,,,0,1,1,1,common,0.0,0.01793839837422627,0.6667641229569161,0.4104143385521681,0.0,0.0,0.7457150134481625,,,EXPLORE
1156,71,,,0,1,1,0,common,1.0,0.40734110237690546,0.5598790944501895,0.40949236769958924,0.0,0.0,0.756291907421592,,,EXPLORE
1157,71,,,0,1,1,0,common,1.0,0.26477171654498854,0.6910493669404971,0.366076172353209,0.0,0.0,0.7659305816483339,,,EXPLORE
1158,71,,,0,1,1,0,common,1.0,0.17210161575424254,0.6619183874698948,0.307883805373519,0.0,0.0,0.7747501446463471,,,EXPLORE
1159,71,,,0,1,1,0,common,0.0,0.8881339497597424,0.5971531141099723,0.481958848689386,0.0,0.0,0.7828503624065957,,,EXPLORE
1160,71,,,0,1,1,0,common,1.0,0.4227129326561674,0.6877481088019834,0.4641850738794204,0.0,0.0,0.7903154316100071,,,EXPLORE
1161,71,,,0,0,0,1,common,1.0,0.4616966618145748,0.667740604487081,0.46343855025996666,0.0,0.0,0.797216902744656,,,EXPLORE
1162,71,,,0,0,0,1,common,1.0,0.3001028301794737,0.6908589318365903,0.41443783423581876,0.0,0.0,0.8036159684835933,,,EXPLORE
1163,71,,,0,0,1,0,rare,0.0,0.7252365937734913,0.6604137365822824,0.5076774620971205,0.0,0.0,0.8095652725090191,,,EXPLORE
1164,71,,,0,1,1,0,common,1.0,0.5285962140472307,0.645967789314911,0.5139530876821535,0.0,0.0,0.7937562442537693,,,EXPLORE
1165,71,,,0,0,0,1,common,1.0,0.19506683961665794,0.5698645846453333,0.41828721326250484,0.0,0.0,0.7752882373674516,,,EXPLORE
1166,71,,,0,1,1,0,common,1.0,0.34358753913069995,0.672651126736759,0.39587731102296336,0.0,0.0,0.7833455033057403,,,EXPLORE
1167,71,,,0,0,1,0,rare,0.0,0.776668099565045,0.6369747099946744,0.5101145475855878,0.0,0.0,0.7907725432972879,,,EXPLORE
1168,71,,,0,1,0,1,rare,1.0,0.12679344575082763,0.43794932457530106,0.39511821703515976,0.0,0.0,0.7717776894304424,,,EXPLORE
1169,71,,,0,1,1,0,common,1.0,0.4951657352827208,0.3977046238451626,0.425132472509428,0.0,0.0,0.7801171182709599,,,EXPLORE
1170,71,,,0,0,1,0,rare,1.0,0.32185772793376854,0.3722249801631288,0.39415004913673013,0.0,0.0,0.7877937648071953,,,EXPLORE
1171,71,,,0,0,1,0,rare,1.0,0.20920752315694957,0.5407133637941848,0.33866729134279594,0.0,0.0,0.7948832775465181,,,EXPLORE
1172,71,,,0,0,0,1,common,0.0,0.917584260261962,0.6348536386565394,0.5123423820185458,0.0,0.0,0.8014502147449916,,,EXPLORE
1173,71,,,0,1,0,1,rare,1.0,0.40357023082972465,0.41262335026392694,0.47971073666189945,0.0,0.0,0.7843040181170307,,,EXPLORE
1174,71,,,0,1,1,0,common,0.0,0.8640151099479828,0.3957698091741636,0.5950020486477244,0.0,0.0,0.7916577004635819,,,EXPLORE
1175,71,,,0,1,0,1,rare,1.0,0.26232065003932103,0.6619398468925615,0.49519762906520337,0.0,0.0,0.7728199773199144,,,EXPLORE
1176,71,,,0,1,0,1,rare,0.0,0.8294915774744414,0.5762031421510353,0.5954858135879747,0.0,0.0,0.7810751527189191,,,EXPLORE
1177,71,,,0,1,1,0,common,1.0,0.4383901785338111,0.6930344523067635,0.5483571230717256,0.0,0.0,0.7603125388147575,,,EXPLORE
1178,71,,,0,1,0,1,rare,1.0,0.4608304746416131,0.6384078019533048,0.5220991285426918,0.0,0.0,0.7354762413846082,,,EXPLORE
1179,71,,,0,1,1,0,common,1.0,0.2849536160469772,0.5531559652033164,0.4509554747939774,0.0,0.0,0.7052386442232149,,,EXPLORE
1180,71,,,0,1,1,0,common,1.0,0.18521985043053524,0.4877643645891987,0.37123478748494476,0.0,0.0,0.7197819297630471,,,EXPLORE
1181,71,,,0,1,0,1,rare,1.0,0.29953980851704853,0.44411333769232875,0.34972629379457587,0.0,0.0,0.7328319647753282,,,EXPLORE
1182,71,,,0,0,0,1,common,1.0,0.1947008755360815,0.4159580298010529,0.30321866831702754,0.0,0.0,0.7446069354171665,,,EXPLORE
1183,71,,,0,1,0,1,rare,1.0,0.126555569098453,0.5692305413545888,0.2502197385514552,0.0,0.0,0.7552844953348616,,,EXPLORE
1184,71,,,0,0,1,0,rare,1.0,0.12039290277984793,0.5521948894476802,0.211271687819973,0.0,0.0,0.7650107601257279,,,EXPLORE
1185,71,,,0,1,1,0,common,1.0,0.07825538680690114,0.6366624907137344,0.17136679751605144,0.0,0.0,0.7739070084572423,,,EXPLORE
1186,71,,,0,1,0,1,rare,0.0,0.9177388800860056,0.6281733272008658,0.3952784222870377,0.0,0.0,0.7820747442315343,,,EXPLORE
1187,71,,,0,0,0,1,common,1.0,0.4034697279440964,0.6474009638904623,0.39773581398415525,0.0,0.0,0.7895995691417533,,,EXPLORE
1188,71,,,0,1,1,0,common,1.0,0.05086600142448572,0.5984668403451341,0.2936748702162544,0.0,0.0,0.7965541794782925,,,EXPLORE
1189,71,,,0,1,1,0,common,1.0,0.033062900925915684,0.6732908986534931,0.21549127942915278,0.0,0.0,0.8030007098445893,,,EXPLORE
1190,71,,,0,1,1,0,common,1.0,0.0214908856018452,0.6925461174972098,0.1572911612809605,0.0,0.0,0.8089925840111865,,,EXPLORE
1191,71,,,0,0,1,0,rare,1.0,0.013969075641199424,0.6904449168020679,0.11429453558903216,0.0,0.0,0.8145759897318611,,,EXPLORE
1192,71,,,0,1,0,1,rare,0.0,0.7377446768363374,0.6928931431122233,0.3013295779632237,0.0,0.0,0.8197910637353669,,,EXPLORE
1193,71,,,0,1,1,0,common,1.0,0.009079899166779648,0.5184816955043006,0.21365467432429044,0.0,0.0,0.8246728512329956,,,EXPLORE
1194,71,,,0,0,0,0,common,0.0,0.29066149232943583,0.631874105472759,0.23675671972583406,0.0,0.0,0.8292520884601206,,,EXPLORE
1195,71,,,0,0,0,0,common,1.0,0.8110700299858666,0.6564360946769974,0.4090507128038438,0.0,0.0,0.8335558451944883,,,EXPLORE
1196,71,,,0,1,1,0,common,1.0,0.00590193445840681,0.6931018236576885,0.2881060793002127,0.0,0.0,0.8376080556355074,,,EXPLORE
1197,71,,,0,1,1,0,common,1.0,0.0038362573979644488,0.6772987424535956,0.20282513272953823,0.0,0.0,0.8414299596380772,,,EXPLORE
1198,71,,,0,1,1,0,common,0.0,0.9975064326913231,0.6494577567746536,0.44122952271807364,0.0,0.0,0.8450404714782138,,,EXPLORE
1199,71,,,0,1,1,0,common,1.0,0.35162081875064,0.6450774429118056,0.41434691152784353,0.0,0.0,0.8484564896663631,,,EXPLORE
1200,71,,,0,1,1,0,common,1.0,0.22855353218791596,0.6929280112905389,0.35860889772586524,0.0,0.0,0.8516931585181226,,,EXPLORE
1201,71,,,0,1,0,1,rare,0.0,0.4795340399436193,0.6785632463837619,0.3948864403911915,0.0,0.0,0.8547640900247861,,,EXPLORE
1202,71,,,0,1,0,0,rare,1.0,0.5271955194908133,0.6182595407711846,0.434579164121078,0.0,0.0,0.8576815528800685,,,EXPLORE
1203,71,,,0,0,1,0,rare,1.0,0.1485597959221454,0.6902693776105913,0.34877335366139817,0.0,0.0,0.8604566341986695,,,EXPLORE
1204,71,,,0,0,0,0,common,1.0,0.3426770876690287,0.6600581362812539,0.3469444738636873,0.0,0.0,0.8630993784211171,,,EXPLORE
1205,71,,,0,0,0,0,common,1.0,0.22274010698486868,0.6250808334442117,0.3096831638000417,0.0,0.0,0.8656189070733727,,,EXPLORE
1206,71,,,0,1,1,1,common,0.0,0.011659958943247076,0.5972936670645284,0.2202762023430033,0.0,0.0,0.8680235223906471,,,EXPLORE
1207,71,,,0,1,1,0,common,0.0,0.9034361326506055,0.38723753980740017,0.42522418143528395,0.0,0.0,0.8703207972861156,,,EXPLORE
1208,71,,,0,1,1,0,common,1.0,0.4127665137771064,0.26312622587793544,0.42148688113783067,0.0,0.0,0.8725176537187312,,,EXPLORE
1209,71,,,0,0,1,0,rare,1.0,0.2682982339551192,0.4653759304987221,0.3755302869830172,0.0,0.0,0.8746204311685931,,,EXPLORE
1210,71,,,0,1,0,0,rare,1.0,0.14478106954016468,0.44257440992437397,0.30630552175016146,0.0,0.0,0.8766349466467032,,,EXPLORE
1211,71,,,0,0,1,0,rare,0.0,0.8256061479291725,0.5815932867456668,0.46209570960386476,0.0,0.0,0.878566547435502,,,EXPLORE
1212,71,,,0,0,1,0,rare,1.0,0.4633560038460378,0.6796680280202609,0.46247379787651666,0.0,0.0,0.8804201575671586,,,EXPLORE
1213,71,,,0,1,1,0,common,1.0,0.30118140249992464,0.6880493343629204,0.414086079263539,0.0,0.0,0.882200318890267,,,EXPLORE
1214,71,,,0,1,0,1,rare,0.0,0.31169712596335253,0.6874074631358338,0.3833693932734831,0.0,0.0,0.8839112274460552,,,EXPLORE
1215,71,,,0,0,0,0,common,1.0,0.09410769520110707,0.5987332182522879,0.29659088385177024,0.0,0.0,0.8855567657674535,,,EXPLORE
1216,71,,,0,0,0,0,common,1.0,0.06117000188071964,0.5280698163474958,0.22596461926045505,0.0,0.0,0.8871405316243782,,,EXPLORE
1217,71,,,0,1,1,0,common,1.0,0.195767911624951,0.4782854530914916,0.21690560696980382,0.0,0.0,0.8886658636632064,,,EXPLORE
1218,71,,,0,0,1,0,rare,0.0,0.8727508574437819,0.6158075743874755,0.4136591821119972,0.0,0.0,0.8901358643250069,,,EXPLORE
1219,71,,,0,0,1,0,rare,1.0,0.4327119426615418,0.6701044006069294,0.4193750102768605,0.0,0.0,0.891553420373631,,,EXPLORE
1220,71,,,0,1,1,0,common,1.0,0.28126276273000217,0.6903141404542682,0.377941336012803,0.0,0.0,0.8929212213195044,,,EXPLORE
1221,71,,,0,0,0,1,common,1.0,0.7973968681238208,0.6832798118662584,0.5037779956461084,0.0,0.0,0.8942417759865533,,,EXPLORE
1222,71,,,0,1,1,0,common,0.0,0.8171792042254986,0.6919482585869445,0.5977983582199254,0.0,0.0,0.8890242070890844,,,EXPLORE
1223,71,,,0,1,0,0,rare,1.0,0.03976050122246777,0.5375290901156935,0.4303870011206881,0.0,0.0,0.8833256537983353,,,EXPLORE
1224,71,,,0,0,1,0,rare,1.0,0.4688335172534259,0.6575464517307101,0.4419209559605094,0.0,0.0,0.8849934344698804,,,EXPLORE
1225,71,,,0,0,1,0,rare,0.0,0.6952582137852732,0.6207055257519969,0.5179221333079385,0.0,0.0,0.8865982259269938,,,EXPLORE
1226,71,,,0,0,1,0,rare,0.0,0.4519178389604276,0.6686111466909508,0.49812084500368514,0.0,0.0,0.8806685732351146,,,EXPLORE
1227,71,,,0,0,0,0,common,0.0,0.974155674205396,0.5294073546442459,0.6409312937641983,0.0,0.0,0.8824389949028757,,,EXPLORE
1228,71,,,0,0,0,1,common,0.0,0.48169203571951646,0.41319384326607644,0.5931595163507937,0.0,0.0,0.8761020676706494,,,EXPLORE
1229,71,,,0,1,0,0,rare,1.0,0.36679881176649265,0.3409406940251746,0.5252513049755033,0.0,0.0,0.8691176244151394,,,EXPLORE
1230,71,,,0,1,1,0,common,1.0,0.7062534046757221,0.25892362278193864,0.5795519348855689,0.0,0.0,0.861381487197652,,,EXPLORE
1231,71,,,0,1,1,1,common,1.0,0.9924210266868894,0.2135705693550271,0.703412662425965,0.0,0.0,0.8527658638932868,,,EXPLORE
1232,71,,,0,1,0,0,rare,0.0,0.7615807723517798,0.18754150395094538,0.7208630954037094,0.0,0.0,0.8431122554081173,,,EXPLORE
1233,71,,,0,0,1,0,rare,0.0,0.5409352869607806,0.42044839886127,0.6668847528708307,0.0,0.0,0.8322216430328798,,,EXPLORE
1234,71,,,0,1,0,0,rare,0.0,0.49502750202865686,0.3724935148137415,0.6153275776181785,0.0,0.0,0.8198406560406665,,,EXPLORE
1235,71,,,0,0,0,0,common,0.0,0.32176787631862697,0.5549652279535102,0.527259667228313,0.0,0.0,0.8056416576061859,,,EXPLORE
1236,71,,,0,1,0,1,rare,1.0,0.6869001767823143,0.5242398576400308,0.5751518200945134,0.0,0.0,0.7891933827941019,,,EXPLORE
1237,71,,,0,1,1,1,common,0.0,0.35492633265352186,0.33707564427036557,0.5090841738622159,0.0,0.0,0.76991645010535,,,EXPLORE
1238,71,,,0,0,0,1,common,1.0,0.4464851149085043,0.5203618068117546,0.4903044561761024,0.0,0.0,0.7470138011718076,,,EXPLORE
1239,71,,,0,1,1,1,common,0.0,0.2307021162247892,0.6931325297542514,0.4124237541907084,0.0,0.0,0.7574732758809355,,,EXPLORE
1240,71,,,0,0,1,0,rare,1.0,0.6483920634754926,0.6557178335668654,0.4832142469761437,0.0,0.0,0.7670097110143212,,,EXPLORE
1241,71,,,0,1,1,0,common,1.0,0.4214548412590702,0.4957960333798221,0.4646864252610216,0.0,0.0,0.7757397068882298,,,EXPLORE
1242,71,,,0,0,0,1,common,0.0,0.7097846753094722,0.6769817286049974,0.5382159002755568,0.0,0.0,0.7837610187137122,,,EXPLORE
1243,71,,,0,1,1,0,common,1.0,0.2739456468183956,0.664537813209436,0.45893482423840837,0.0,0.0,0.7634965406259687,,,EXPLORE
1244,71,,,0,0,0,0,common,1.0,0.7908508803928924,0.5486247704713183,0.5585096410847535,0.0,0.0,0.7725197115255811,,,EXPLORE
1245,71,,,0,1,0,0,rare,1.0,0.5140530722553802,0.6808557048894842,0.5451726704359415,0.0,0.0,0.7501265252353893,,,EXPLORE
1246,71,,,0,0,0,0,common,1.0,0.33413449696599706,0.6263692776351695,0.48186121839495816,0.0,0.0,0.7231454686039367,,,EXPLORE
1247,71,,,0,0,1,1,rare,1.0,0.850043624453887,0.6879168324310587,0.5923159402126368,0.0,0.0,0.7358609763469508,,,EXPLORE
1248,71,,,0,1,1,0,common,0.0,0.8219353295680428,0.6902094683846556,0.6612017570192585,0.0,0.0,0.7057115160159514,,,EXPLORE
1249,71,,,0,1,1,1,common,1.0,0.5525283558950266,0.5266856362395196,0.6285997366819889,0.0,0.0,0.6682200613194265,,,EXPLORE
1250,71,,,0,1,1,1,common,0.0,0.6408565686682327,0.6514242436195012,0.632276786277862,0.0,0.0,0.6203356644787609,,,EXPLORE
1251,71,,,0,1,0,1,rare,0.0,0.46136003895115696,0.46373579138852034,0.5810017620798504,0.0,0.0,0.5570451621358565,,,EXPLORE
1252,71,,,0,0,0,0,common,1.0,0.21718742302789806,0.3295429290844094,0.4718574603642647,0.0,0.0,0.4694934399893695,,,EXPLORE
1253,71,,,0,0,1,0,rare,0.0,0.5342579642192278,0.28501429625065566,0.4905776115207535,0.0,0.0,0.5183371271505199,,,EXPLORE
1254,71,,,0,0,1,1,rare,1.0,0.5834432303656487,0.549669851316535,0.518437297174222,0.0,0.0,0.5585728593363026,,,EXPLORE
1255,71,,,0,0,1,1,rare,0.0,0.6207619002623284,0.4197781265278907,0.5491346781006539,0.0,0.0,0.47166142897809316,,,EXPLORE
1256,71,,,0,0,0,0,common,0.0,0.8588281750318663,0.6306622560578595,0.6420427271800175,0.0,0.0,0.34374523457749256,,,EXPLORE
1257,71,,,0,1,1,1,common,0.0,0.40349523517051344,0.6925521299465389,0.5704784795771662,0.0,0.0,0.13685990293196096,,,EXPLORE
1258,71,,,0,0,1,0,rare,1.0,0.652732323257502,0.6657483455794029,0.5951546326812669,0.0,0.0,0.09090909090909093,,,EXPLORE
1259,71,,,0,0,0,0,common,0.0,0.5582383137707131,0.4873719295200386,0.5840797370081008,0.0,0.0,0.09090909090909093,,,EXPLORE
1260,71,,,0,1,1,1,common,0.0,0.26227190286083374,0.639215584075862,0.48753738676392067,0.0,0.0,0.09090909090909093,,,EXPLORE
1261,71,,,0,0,0,1,common,1.0,0.700115974681748,0.5939612239346042,0.5513109631392689,0.0,0.0,0.23017705927636645,,,EXPLORE
1262,71,,,0,0,0,1,common,1.0,0.45507538354313615,0.3997850479688322,0.522440289260429,0.0,0.0,0.09090909090909093,,,EXPLORE
1263,71,,,0,0,0,1,common,1.0,0.29579899930303855,0.2820895439778629,0.4544479022732118,0.0,0.0,0.09090909090909093,,,EXPLORE
1264,71,,,0,1,1,0,common,1.0,0.42427601011737626,0.21891394202419145,0.4453963346264611,0.0,0.0,0.23017705927636645,,,EXPLORE
1265,71,,,0,1,1,1,common,1.0,0.8295232631404581,0.45813729740205705,0.5606344131806602,0.0,0.0,0.33155527035247095,,,EXPLORE
1266,71,,,0,1,1,1,common,0.0,0.4608098789587023,0.6230187086707982,0.5306870529140728,0.0,0.0,0.11586571025734585,,,EXPLORE
1267,71,,,0,0,1,0,rare,1.0,0.27577940657629463,0.43973928936033224,0.45421475901273933,0.0,0.0,0.09090909090909093,,,EXPLORE
1268,71,,,0,1,1,0,common,0.0,0.8207433857254085,0.3855087296983868,0.5641733470265401,0.0,0.0,0.23017705927636645,,,EXPLORE
1269,71,,,0,0,1,0,rare,0.0,0.5334832007215156,0.27247255962221983,0.5549663031350327,0.0,0.0,0.09090909090909093,,,EXPLORE
1270,71,,,0,0,1,1,rare,0.0,0.2995264213231565,0.5328368141194786,0.47833433859146984,0.0,0.0,0.09090909090909093,,,EXPLORE
1271,71,,,0,1,1,1,common,0.0,0.19469217386005172,0.6702810987033805,0.3932416891720444,0.0,0.0,0.23017705927636645,,,EXPLORE
1272,71,,,0,0,1,0,rare,1.0,0.6532359195310149,0.618284007309022,0.4712399582797355,0.0,0.0,0.33155527035247095,,,EXPLORE
1273,71,,,0,0,0,1,common,1.0,0.19226934954697505,0.43454422170509643,0.38754877565990736,0.0,0.0,0.40865139461585376,,,EXPLORE
1274,71,,,0,1,1,1,common,1.0,0.8734500869909664,0.31457065768294884,0.533319169059225,0.0,0.0,0.46925370836719743,,,EXPLORE
1275,71,,,0,0,0,0,common,0.0,0.36285490395096354,0.5635286036836598,0.48217988952674656,0.0,0.0,0.34006380567581695,,,EXPLORE
1276,71,,,0,1,1,1,common,1.0,0.5677425565441281,0.6926500922028405,0.507848689631961,0.0,0.0,0.41525427127022185,,,EXPLORE
1277,71,,,0,1,0,1,rare,1.0,0.1249750772055338,0.6370483532291367,0.3929866059040328,0.0,0.0,0.25542252136474597,,,EXPLORE
1278,71,,,0,1,0,1,rare,1.0,0.08123380018359694,0.5455299908542773,0.299460764187902,0.0,0.0,0.35048618809165505,,,EXPLORE
1279,71,,,0,0,0,1,common,1.0,0.05280197011933796,0.47572356716499875,0.22546312596733278,0.0,0.0,0.42337089618189405,,,EXPLORE
1280,71,,,0,1,1,1,common,0.0,0.6309673382463167,0.6247982673161968,0.3471143896510279,0.0,0.0,0.48102493241265526,,,EXPLORE
1281,71,,,0,0,1,1,rare,0.0,0.4101287698601058,0.6708700088033652,0.3660187037137513,0.0,0.0,0.5277686420263763,,,EXPLORE
1282,71,,,0,0,0,1,common,1.0,0.03432128057756967,0.66306898243694,0.26650947677289677,0.0,0.0,0.5664295092591358,,,EXPLORE
1283,71,,,0,0,0,0,common,0.0,0.2358556875681263,0.6819785404985491,0.2573133400114656,0.0,0.0,0.5989356924025336,,,EXPLORE
1284,71,,,0,1,0,1,rare,1.0,0.02230883237542025,0.6527694852500896,0.18681198772065197,0.0,0.0,0.6266472425135591,,,EXPLORE
1285,71,,,0,1,1,0,common,1.0,0.4246033476951597,0.5400677649998189,0.25814939571300427,0.0,0.0,0.6505509808511062,,,EXPLORE
1286,71,,,0,1,0,1,rare,1.0,0.014500741044023213,0.45033461212778114,0.18505479931230995,0.0,0.0,0.6713803080282237,,,EXPLORE
1287,71,,,0,1,0,1,rare,1.0,0.009425481678615122,0.3921455377400814,0.13236600402220147,0.0,0.0,0.6896916459875837,,,EXPLORE
1288,71,,,0,0,0,1,common,1.0,0.006126563091099824,0.35579278660219493,0.09449417174287097,0.0,0.0,0.7059147846482554,,,EXPLORE
1289,71,,,0,1,0,1,rare,0.0,0.9960177339907851,0.5371440882513641,0.36495124041724514,0.0,0.0,0.7203869667275961,,,EXPLORE
1290,71,,,0,1,1,1,common,0.0,0.26658370040906876,0.6925300695827787,0.3354409784147922,0.0,0.0,0.7333765256491117,,,EXPLORE
1291,71,,,0,0,0,1,common,1.0,0.3525884729059896,0.5998454951033796,0.3405852267621514,0.0,0.0,0.7450996305968354,,,EXPLORE
1292,71,,,0,0,0,1,common,1.0,0.22918250738889323,0.4871880000494606,0.30716441095017394,0.0,0.0,0.7557323749946714,,,EXPLORE
1293,71,,,0,0,0,1,common,0.0,0.8510313701972194,0.4093431212357539,0.4703244987242876,0.0,0.0,0.7654196522451145,,,EXPLORE
1294,71,,,0,0,0,0,common,0.0,0.1533061969192821,0.6469547023717792,0.3752190081827859,0.0,0.0,0.7742817726284023,,,EXPLORE
1295,71,,,0,0,1,0,rare,1.0,0.2759921760018538,0.6907111785964357,0.34545095852850627,0.0,0.0,0.7824194647486629,,,EXPLORE
1296,71,,,0,1,1,0,common,1.0,0.17939491440120492,0.6250611340986403,0.29563414529031584,0.0,0.0,0.7899177036667638,,,EXPLORE
1297,71,,,0,0,0,1,common,0.0,0.5531703906281926,0.6921165191305905,0.37289501889167886,0.0,0.0,0.796848674765194,,,EXPLORE
1298,71,,,0,1,1,0,common,1.0,0.11660669436078319,0.6007587792141588,0.29600852153241014,0.0,0.0,0.8032740927340452,,,EXPLORE
1299,71,,,0,1,1,0,common,1.0,0.07579435133450907,0.4842044362706288,0.2299442704730398,0.0,0.0,0.8092470336480696,,,EXPLORE
1300,71,,,0,1,1,0,common,1.0,0.049266328367430945,0.40381670661203906,0.17574088784135714,0.0,0.0,0.8148133953755827,,,EXPLORE
1301,71,,,0,0,1,0,rare,1.0,0.03202311343883013,0.35376531572283276,0.13262555552059901,0.0,0.0,0.8200130714080351,,,EXPLORE
1302,71,,,0,1,1,0,common,1.0,0.02081502373523958,0.5445980223679077,0.09908239598499118,0.0,0.0,0.8248809016412388,,,EXPLORE
1303,71,,,0,1,1,0,common,1.0,0.013529765427905738,0.5115028067422339,0.07341660681786553,0.0,0.0,0.8294474480373347,,,EXPLORE
1304,71,,,0,1,1,0,common,1.0,0.00879434752813868,0.48949231845324004,0.05402992903094747,0.0,0.0,0.8337396316767369,,,EXPLORE
1305,71,,,0,1,1,0,common,1.0,0.005716325893290186,0.47507854710853115,0.039535848089650286,0.0,0.0,0.8377812592620043,,,EXPLORE
1306,71,,,0,1,0,1,rare,1.0,0.6404392460916748,0.4656909225859906,0.21980686749025763,0.0,0.0,0.8415934608252706,,,EXPLORE
1307,71,,,0,1,1,0,common,1.0,0.003715611830638621,0.4595879769460264,0.15497949079237192,0.0,0.0,0.8451950556332993,,,EXPLORE
1308,71,,,0,0,0,1,common,1.0,0.4162855099595886,0.4556224680940976,0.2333712965425369,0.0,0.0,0.8486028596661592,,,EXPLORE
1309,71,,,0,1,1,0,common,1.0,0.0024151476899151314,0.5782688029229436,0.1640844518867504,0.0,0.0,0.8518319452715645,,,EXPLORE
1310,71,,,0,0,0,1,common,0.0,0.7294144185262674,0.5759736860686546,0.3336834418786055,0.0,0.0,0.854895861453804,,,EXPLORE
1311,71,,,0,1,1,0,common,1.0,0.0015698459984447855,0.35222968747910466,0.23404936311455726,0.0,0.0,0.8578068215884056,,,EXPLORE
1312,71,,,0,0,0,1,common,1.0,0.5258806279579262,0.3506862340978228,0.32159874256756793,0.0,0.0,0.8605758640469505,,,EXPLORE
1313,71,,,0,0,1,1,rare,0.0,0.1732794052658947,0.5104383919977874,0.2771029413770659,0.0,0.0,0.8632129901859249,,,EXPLORE
1314,71,,,0,0,0,1,common,1.0,0.34182240817265197,0.3115068149611686,0.29651878141574173,0.0,0.0,0.8657272833358252,,,EXPLORE
1315,71,,,0,1,1,1,common,0.0,0.11263161342283155,0.4820933366658744,0.24135263101786864,0.0,0.0,0.8681270117741454,,,EXPLORE
1316,71,,,0,0,1,0,rare,1.0,0.001020399898989055,0.6924747163025835,0.16925296168220474,0.0,0.0,0.8704197181421529,,,EXPLORE
1317,71,,,0,1,0,1,rare,1.0,0.22218456531222375,0.6689435500623478,0.18513244277121044,0.0,0.0,0.8726122973428443,,,EXPLORE
1318,71,,,0,1,1,0,common,1.0,0.000663259934342908,0.6928629539051987,0.1297916879201502,0.0,0.0,0.874711064614878,,,EXPLORE
1319,71,,,0,1,0,1,rare,1.0,0.14441996745294539,0.6764794711111373,0.13418017177998875,0.0,0.0,0.8767218151981665,,,EXPLORE
1320,71,,,0,0,0,1,common,0.0,0.9061270211555855,0.6532530343030447,0.3657642265926678,0.0,0.0,0.878649876778361,,,EXPLORE
1321,71,,,0,0,0,0,common,1.0,0.9003509720024666,0.443877641155758,0.5261402502156074,0.0,0.0,0.8805001557096732,,,EXPLORE
1322,71,,,0,0,0,1,common,1.0,0.41101743624886944,0.5956662066008502,0.491603406025586,0.0,0.0,0.8739685844682489,,,EXPLORE
1323,71,,,0,1,0,1,rare,1.0,0.2671613335617651,0.6663719655508067,0.4242707842864397,0.0,0.0,0.8760102733613913,,,EXPLORE
1324,71,,,0,1,0,1,rare,1.0,0.1736548668151473,0.6494611119407001,0.349086009045052,0.0,0.0,0.8779674127864735,,,EXPLORE
1325,71,,,0,1,0,1,rare,1.0,0.11287566342984579,0.6365938161040349,0.2782229053604901,0.0,0.0,0.879845055281099,,,EXPLORE
1326,71,,,0,1,0,0,rare,1.0,0.5852281318016034,0.627511293374047,0.3703244732928241,0.0,0.0,0.8816478588153477,,,EXPLORE
1327,71,,,0,0,1,0,rare,1.0,0.0004311189573228402,0.6213254619342339,0.2593564669921737,0.0,0.0,0.8833801245729872,,,EXPLORE
1328,71,,,0,1,0,1,rare,0.0,0.9266308187706003,0.6643110389785213,0.45953877252570163,0.0,0.0,0.8850458304730282,,,EXPLORE
1329,71,,,0,1,1,0,common,0.0,0.9997197726777401,0.6034323120411627,0.6215930725713132,0.0,0.0,0.8866486609815868,,,EXPLORE
1330,71,,,0,0,1,0,rare,1.0,0.3501821477594689,0.41210395953937834,0.5401697951277599,0.0,0.0,0.8807238610711103,,,EXPLORE
1331,71,,,0,1,1,1,common,0.0,0.07321054872484051,0.37007791688858205,0.4000820212068841,0.0,0.0,0.8742149039009994,,,EXPLORE
1332,71,,,0,0,0,0,common,1.0,0.38039828567104217,0.2583732735582664,0.39417690054613147,0.0,0.0,0.8762463047430357,,,EXPLORE
1333,71,,,0,1,0,0,rare,1.0,0.2472588856861775,0.2374130397846956,0.3501014960881452,0.0,0.0,0.878193776267078,,,EXPLORE
1334,71,,,0,1,1,0,common,1.0,0.22761839604365475,0.4385634873974612,0.31335656607479806,0.0,0.0,0.8800623221689458,,,EXPLORE
1335,71,,,0,0,0,0,common,1.0,0.16071827569601538,0.5824415982239127,0.2675650789611632,0.0,0.0,0.8818565562926097,,,EXPLORE
1336,71,,,0,1,1,0,common,1.0,0.14795195742837564,0.5659343119400881,0.23168114250132693,0.0,0.0,0.8835807398754109,,,EXPLORE
1337,71,,,0,1,1,0,common,1.0,0.09616877232844412,0.6431140053527381,0.19102743144946205,0.0,0.0,0.8852388146033727,,,EXPLORE
1338,71,,,0,1,1,0,common,1.0,0.06250970201348871,0.6764570336223579,0.15247211261867002,0.0,0.0,0.8868344320163918,,,EXPLORE
1339,71,,,0,0,1,0,rare,0.0,0.9593686936912323,0.6888396182767618,0.3945410869404387,0.0,0.0,0.8883709797250448,,,EXPLORE
1340,71,,,0,0,0,1,common,1.0,0.3976899677991098,0.5494386521042349,0.39548575119803997,0.0,0.0,0.8898516048351889,,,EXPLORE
1341,71,,,0,1,0,1,rare,0.0,0.7415015209305786,0.6450735262450795,0.4992904821178015,0.0,0.0,0.8912792349212494,,,EXPLORE
1342,71,,,0,1,0,0,rare,1.0,0.10446687920241005,0.6436280318444355,0.38084340124318405,0.0,0.0,0.892656596842339,,,EXPLORE
1343,71,,,0,1,1,0,common,1.0,0.3764103491006989,0.69237552144081,0.37951348560043846,0.0,0.0,0.8939862336556972,,,EXPLORE
1344,71,,,0,0,0,0,common,1.0,0.0679034714815665,0.6827435786601879,0.2860304813647768,0.0,0.0,0.8952705198481957,,,EXPLORE
1345,71,,,0,0,1,0,rare,1.0,0.24466672691545432,0.6928210090961848,0.2736213550299801,0.0,0.0,0.8965116750778584,,,EXPLORE
1346,71,,,0,0,1,0,rare,1.0,0.15903337249504534,0.6839302287182383,0.23924496026949965,0.0,0.0,0.8977117765927187,,,EXPLORE
1347,71,,,0,0,0,0,common,0.0,0.9558627435369818,0.671882675727791,0.45423029524974423,0.0,0.0,0.898872770473194,,,EXPLORE
1348,71,,,0,0,0,0,common,0.0,0.6213107832990381,0.6032512771894308,0.5043544416645324,0.0,0.0,0.8999964818259869,,,EXPLORE
1349,71,,,0,0,0,0,common,1.0,0.5961479908556252,0.42184281826193465,0.5318925064218603,0.0,0.0,0.895284139144471,,,EXPLORE
1350,71,,,0,0,0,0,common,0.0,0.6125038059438436,0.6030613039887865,0.5560758962784552,0.0,0.0,0.8901600446737983,,,EXPLORE
1351,71,,,0,1,1,0,common,1.0,0.10337169212177943,0.4216941965032822,0.42026463503145245,0.0,0.0,0.8845680616576139,,,EXPLORE
1352,71,,,0,1,1,0,common,1.0,0.06719159987915668,0.3698005371687728,0.3143427244857637,0.0,0.0,0.8861888134248598,,,EXPLORE
1353,71,,,0,1,1,0,common,1.0,0.04367453992145187,0.3376137687207573,0.23314226911647015,0.0,0.0,0.8877491395805333,,,EXPLORE
1354,71,,,0,1,0,0,rare,1.0,0.6018725261365017,0.3175149961483605,0.34376134622247956,0.0,0.0,0.8892522829805727,,,EXPLORE
1355,71,,,0,1,1,0,common,0.0,0.9716115490510563,0.30483265008880983,0.5321164070710526,0.0,0.0,0.8907012586434574,,,EXPLORE
1356,71,,,0,0,0,0,common,1.0,0.39121714198872604,0.592979944643525,0.48984662754635455,0.0,0.0,0.8851596900782343,,,EXPLORE
1357,71,,,0,1,1,0,common,1.0,0.3684524931168134,0.6919962888578373,0.4534283872174922,0.0,0.0,0.8867582631031415,,,EXPLORE
1358,71,,,0,0,0,0,common,0.0,0.7457088577073281,0.6481806585273393,0.5411125283644429,0.0,0.0,0.8882976074960651,,,EXPLORE
1359,71,,,0,1,1,1,common,1.0,0.9524131433288536,0.48345563868380853,0.664502712853766,0.0,0.0,0.882530335974407,,,EXPLORE
1360,71,,,0,0,0,0,common,0.0,0.4847107575097633,0.40853392988310255,0.6105651262505651,0.0,0.0,0.8762025033914879,,,EXPLORE
1361,71,,,0,1,1,1,common,0.0,0.3809314568362451,0.2955906991410997,0.5416750254262691,0.0,0.0,0.8692285780385038,,,EXPLORE
1362,71,,,0,1,1,0,common,0.0,0.7605058794740713,0.5475682929247561,0.6073242816406097,0.0,0.0,0.8615046952108167,,,EXPLORE
1363,71,,,0,1,0,1,rare,1.0,0.5180240113951239,0.6733923875679709,0.5805342005669639,0.0,0.0,0.8529034671814852,,,EXPLORE
1364,71,,,0,0,0,1,common,1.0,0.3367156074068305,0.5188833675909093,0.5073886226189239,0.0,0.0,0.8432669242145217,,,EXPLORE
1365,71,,,0,1,1,0,common,1.0,0.5056711783418536,0.6847041536008107,0.5068733893358028,0.0,0.0,0.832396751288649,,,EXPLORE
1366,71,,,0,1,1,0,common,1.0,0.32868626592220485,0.6109879527732961,0.4534172523117234,0.0,0.0,0.8200405294155924,,,EXPLORE
1367,71,,,0,1,1,0,common,1.0,0.21364607284943316,0.53521366898416,0.3814858984730363,0.0,0.0,0.824906634719713,,,EXPLORE
1368,71,,,0,0,0,1,common,1.0,0.21886514481443986,0.4807170210144177,0.33269967237545733,0.0,0.0,0.8294716125835475,,,EXPLORE
1369,71,,,0,0,0,1,common,1.0,0.14226234412938588,0.6195126010863312,0.2755684739016359,0.0,0.0,0.8337623657376478,,,EXPLORE
1370,71,,,0,0,0,1,common,1.0,0.0924705236841008,0.677406624407068,0.22063908883637537,0.0,0.0,0.8378026851490883,,,EXPLORE
1371,71,,,0,1,1,1,common,0.0,0.24760544694355932,0.692505401666277,0.22872899626853055,0.0,0.0,0.8416136872943308,,,EXPLORE
1372,71,,,0,0,1,0,rare,1.0,0.13886994735213154,0.5479556631804801,0.20177128159361082,0.0,0.0,0.8452141797117108,,,EXPLORE
1373,71,,,0,1,1,0,common,0.0,0.9097345342211145,0.5076807083299457,0.4141602573818619,0.0,0.0,0.8486209681923216,,,EXPLORE
1374,71,,,0,0,0,1,common,1.0,0.06010584039466549,0.3327160256686,0.30794393228570294,0.0,0.0,0.8518491161980932,,,EXPLORE
1375,71,,,0,0,0,1,common,1.0,0.03906879625653259,0.30900689719480795,0.22728139147695184,0.0,0.0,0.8549121649557012,,,EXPLORE
1376,71,,,0,0,0,1,common,1.0,0.02539471756674616,0.2941551097585736,0.16671538930389013,0.0,0.0,0.857822321009432,,,EXPLORE
1377,71,,,0,0,0,1,common,1.0,0.016506566418384994,0.28474860891030185,0.12165274243823858,0.0,0.0,0.8605906167111027,,,EXPLORE
1378,71,,,0,0,0,1,common,0.0,0.9892707318280498,0.2787411618273953,0.38193813925518194,0.0,0.0,0.8632270480959273,,,EXPLOIT
1379,71,,,0,0,0,0,common,1.0,0.6849380076186539,0.5693976540067509,0.47283809976422353,0.0,0.0,0.8657406937765748,,,EXPLORE
1380,71,,,0,1,1,0,common,1.0,0.40867255275627556,0.45980943837832333,0.4535884356618391,0.0,0.0,0.8681398178358622,,,EXPLORE
1381,71,,,0,1,1,0,common,1.0,0.26563715929157916,0.6367448069217931,0.39720305275076107,0.0,0.0,0.87043195917543,,,EXPLORE
1382,71,,,0,1,1,0,common,1.0,0.17266415353952647,0.6912914142940645,0.32984138298739063,0.0,0.0,0.8726240093557196,,,EXPLORE
1383,71,,,0,1,1,0,common,1.0,0.11223169980069225,0.6854970499607167,0.2645584780313811,0.0,0.0,0.8747222806203669,,,EXPLORE
1384,71,,,0,1,0,1,rare,1.0,0.3569740243117676,0.6641232570351534,0.29228314191549704,0.0,0.0,0.8767325655193189,,,EXPLORE
1385,71,,,0,0,0,1,common,1.0,0.23203311580264896,0.6436578079754984,0.2742081340816426,0.0,0.0,0.8786601893167781,,,EXPLORE
1386,71,,,0,1,0,1,rare,0.0,0.8491784747282782,0.6806745335927901,0.44669923627563324,0.0,0.0,0.8805100561824898,,,EXPLORE
1387,71,,,0,1,1,1,common,0.0,0.16094354051331355,0.5860295619400471,0.3609725275469373,0.0,0.0,0.8822866900100179,,,EXPLORE
1388,71,,,0,0,0,1,common,1.0,0.44803399142661915,0.40298855052704086,0.38709096671084187,0.0,0.0,0.8839942705773021,,,EXPLORE
1389,71,,,0,1,1,0,common,1.0,0.07295060487045002,0.3575440060790721,0.2928488581587243,0.0,0.0,0.8856366656579888,,,EXPLORE
1390,71,,,0,1,0,0,rare,0.0,0.5547902950478749,0.544074072975161,0.3714312892254695,0.0,0.0,0.8872174596028473,,,EXPLORE
1391,71,,,0,1,1,0,common,0.0,0.9525821068342075,0.3585670697683625,0.5457765345080909,0.0,0.0,0.8887399788358283,,,EXPLORE
1392,71,,,0,1,1,0,common,1.0,0.3808216305577651,0.25432489390273827,0.4962900633229932,0.0,0.0,0.8830145952767006,,,EXPLORE
1393,71,,,0,1,1,0,common,0.0,0.7524659401374527,0.4660348414163051,0.573142826367331,0.0,0.0,0.8846942466893677,,,EXPLORE
1394,71,,,0,0,0,1,common,1.0,0.2912220944273025,0.31227039496115777,0.4885666067853225,0.0,0.0,0.8785798926869617,,,EXPLORE
1395,71,,,0,0,1,1,rare,0.0,0.10461330133365382,0.28623363267005014,0.37338061514982185,0.0,0.0,0.88043296913918,,,EXPLORE
1396,71,,,0,0,0,0,common,1.0,0.6393863082188813,0.5638685235860156,0.4531823230705397,0.0,0.0,0.8822126275578772,,,EXPLORE
1397,71,,,0,0,0,1,common,0.0,0.8107056386222533,0.44381579761327694,0.5604393177360538,0.0,0.0,0.8839230616637431,,,EXPLORE
1398,71,,,0,1,1,1,common,0.0,0.06799864586687498,0.6506211683144858,0.41270711617530015,0.0,0.0,0.8777330621535403,,,EXPLORE
1399,71,,,0,0,0,1,common,1.0,0.47304133489553535,0.5690545686958555,0.4308073817913707,0.0,0.0,0.8796201436372456,,,EXPLORE
1400,71,,,0,0,0,1,common,1.0,0.30747686768209803,0.4110516071935656,0.39380822755858885,0.0,0.0,0.8814318378645736,,,EXPLORE
1401,71,,,0,0,0,1,common,1.0,0.1998599639933637,0.3134587172754008,0.33562374848902127,0.0,0.0,0.883172487660419,,,EXPLORE
1402,71,,,0,0,0,1,common,1.0,0.12990897659568645,0.2578962464970366,0.27390931692102083,0.0,0.0,0.8848461087052707,,,EXPLORE
1403,71,,,0,0,0,1,common,1.0,0.08444083478719622,0.22569343346710027,0.21706877228087343,0.0,0.0,0.8864564197728838,,,EXPLORE
1404,71,,,0,1,1,1,common,1.0,0.9558008801865312,0.20644798798858455,0.43868840465257075,0.0,0.0,0.8880068696750019,,,EXPLORE
1405,71,,,0,0,0,1,common,0.0,0.9451134573883224,0.40965864372396965,0.5906159204732963,0.0,0.0,0.8895006613240464,,,EXPLORE
1406,71,,,0,0,0,1,common,1.0,0.3856762526975904,0.665428686522614,0.5291340201405845,0.0,0.0,0.8838469379121026,,,EXPLORE
1407,71,,,0,0,0,0,common,0.0,0.5843988996577272,0.5778484209915118,0.5457134839957273,0.0,0.0,0.8776494453140172,,,EXPLORE
1408,71,,,0,0,0,1,common,1.0,0.2506895642534338,0.6930745916677916,0.45720630807303925,0.0,0.0,0.8708261336826421,,,EXPLORE
1409,71,,,0,0,1,1,rare,1.0,0.6212705721212454,0.6360858097573143,0.5064255872875011,0.0,0.0,0.8730011804798242,,,EXPLORE
1410,71,,,0,0,0,1,common,0.0,0.837051783235268,0.5487081383680538,0.6056134460718311,0.0,0.0,0.8656879445542376,,,EXPLORE
1411,71,,,0,0,0,1,common,1.0,0.4559163408970758,0.6925669956576077,0.5607043145194045,0.0,0.0,0.8575680078641276,,,EXPLORE
1412,71,,,0,1,1,0,common,0.0,0.4891028610893443,0.6265225963516191,0.5392238784903864,0.0,0.0,0.848500586589188,,,EXPLORE
1413,71,,,0,1,1,1,common,1.0,0.4038258718788095,0.48749779267726756,0.4986044765069133,0.0,0.0,0.8383101147684052,,,EXPLORE
1414,71,,,0,0,0,0,common,0.0,0.3798592847775227,0.6638080478194539,0.46298091898809607,0.0,0.0,0.8420927630334356,,,EXPLORE
1415,71,,,0,1,1,1,common,0.0,0.7375131832787738,0.6672487840169952,0.5453405982752993,0.0,0.0,0.8456671911039486,,,EXPLORE
1416,71,,,0,0,0,1,common,1.0,0.2963456215830993,0.6805367194673151,0.47064210526763933,0.0,0.0,0.8351116166987098,,,EXPLORE
1417,71,,,0,0,0,1,common,1.0,0.19262465402901452,0.5620048547640818,0.3872368698960519,0.0,0.0,0.8390746544556581,,,EXPLORE
1418,71,,,0,0,0,1,common,1.0,0.12520602511885948,0.45097546905950503,0.30862761646289416,0.0,0.0,0.8428147705085236,,,EXPLORE
1419,71,,,0,1,0,1,rare,0.0,0.9186160836727413,0.3785885589879293,0.49162415662584824,0.0,0.0,0.846350085743057,,,EXPLORE
1420,71,,,0,0,0,1,common,1.0,0.4028995456127181,0.2783053088566856,0.46500677332190915,0.0,0.0,0.8496968090382415,,,EXPLORE
1421,71,,,0,1,1,0,common,1.0,0.6820831402919262,0.24162345359567167,0.5301296834129142,0.0,0.0,0.8528694829694211,,,EXPLORE
1422,71,,,0,1,1,0,common,0.0,0.5566459588102479,0.4550859010545688,0.5380845660321143,0.0,0.0,0.8432287267668735,,,EXPLORE
1423,71,,,0,1,1,0,common,1.0,0.6381801267733389,0.3063399734809365,0.5681132342544817,0.0,0.0,0.8323535079417258,,,EXPLORE
1424,71,,,0,0,0,0,common,0.0,0.24690853510538974,0.5080949839621066,0.47175182450975406,0.0,0.0,0.8199911727171764,,,EXPLORE
1425,71,,,0,0,0,1,common,0.0,0.7381152953517331,0.6921160686229836,0.5516608657623477,0.0,0.0,0.8248603788467017,,,EXPLORE
1426,71,,,0,1,0,1,rare,1.0,0.5202250580213734,0.6309536027335622,0.5422301234400554,0.0,0.0,0.8114144421643321,,,EXPLORE
1427,71,,,0,1,0,1,rare,1.0,0.33814628771389277,0.5104330407236933,0.4810049727222066,0.0,0.0,0.7959019836040592,,,EXPLORE
1428,71,,,0,0,0,1,common,0.0,0.7802049129859697,0.4217415779774669,0.5707649548013355,0.0,0.0,0.8023953864948946,,,EXPLORE
1429,71,,,0,0,0,0,common,0.0,0.16049054781850333,0.3105659073974015,0.44768263270648584,0.0,0.0,0.7854079318745211,,,EXPLORE
1430,71,,,0,0,0,1,common,1.0,0.49286680655911974,0.24843590799573026,0.461237884862276,0.0,0.0,0.7926775553818227,,,EXPLORE
1431,71,,,0,0,1,0,rare,1.0,0.41481708240267023,0.4878196390034042,0.4473116441243942,0.0,0.0,0.7994050512755756,,,EXPLORE
1432,71,,,0,1,0,1,rare,1.0,0.3203634242634279,0.6386568469224414,0.4092271781661043,0.0,0.0,0.8056485788690843,,,EXPLORE
1433,71,,,0,1,1,0,common,1.0,0.2696311035617357,0.5942087126450109,0.3673483557847937,0.0,0.0,0.8114582658618718,,,EXPLORE
1434,71,,,0,1,1,0,common,0.0,0.8247397826848718,0.5608053352716493,0.5045657838548171,0.0,0.0,0.8168775485054518,,,EXPLORE
1435,71,,,0,0,0,1,common,0.0,0.7917637742287719,0.6889028726270461,0.5907251809670035,0.0,0.0,0.8022237401651717,,,EXPLORE
1436,71,,,0,0,1,0,rare,1.0,0.46391914125483336,0.6324884461622862,0.5526833690533525,0.0,0.0,0.7852075164138005,,,EXPLORE
1437,71,,,0,1,1,0,common,1.0,0.30154744181564164,0.692049603986967,0.4773425908820392,0.0,0.0,0.7652086028836872,,,EXPLORE
1438,71,,,0,1,1,0,common,1.0,0.19600583718016706,0.6665787961694853,0.3929415647714775,0.0,0.0,0.7740883306492455,,,EXPLORE
1439,71,,,0,1,1,0,common,1.0,0.12740379416710856,0.6135732189329057,0.3132802335901668,0.0,0.0,0.7822415238681535,,,EXPLORE
1440,71,,,0,1,1,0,common,1.0,0.0828124662086206,0.5683916802721732,0.24413990337570293,0.0,0.0,0.7897534806253279,,,EXPLORE
1441,71,,,0,1,0,1,rare,1.0,0.48535354675129827,0.5361038886725775,0.31650399638838156,0.0,0.0,0.796696649695806,,,EXPLORE
1442,71,,,0,1,0,1,rare,1.0,0.31547980538834386,0.5143233788049674,0.3161967390883702,0.0,0.0,0.8031329622688864,,,EXPLORE
1443,71,,,0,0,0,1,common,0.0,0.7949381264975764,0.499945235338327,0.45981915531113204,0.0,0.0,0.8091156736982182,,,EXPLORE
1444,71,,,0,0,0,1,common,0.0,0.5167097822234248,0.312782986232319,0.47688634338481983,0.0,0.0,0.8146908313334292,,,EXPLORE
1445,71,,,0,1,1,0,common,1.0,0.05382810303560337,0.2155198441887668,0.3499688712800549,0.0,0.0,0.8198984541011186,,,EXPLORE
1446,71,,,0,1,1,0,common,1.0,0.03498826697314217,0.20927910773698033,0.25547468998798106,0.0,0.0,0.824773487782831,,,EXPLORE
1447,71,,,0,0,0,1,common,1.0,0.6641386415547739,0.20529883652620667,0.3780738754580189,0.0,0.0,0.8293465842224318,,,EXPLORE
1448,71,,,0,1,1,0,common,1.0,0.02274237353254238,0.3941685362858028,0.27147442488037593,0.0,0.0,0.8336447411953753,,,EXPLORE
1449,71,,,0,1,1,0,common,1.0,0.014782542796152542,0.3903032440688559,0.1944668602551089,0.0,0.0,0.8376918311678119,,,EXPLORE
1450,71,,,0,1,1,0,common,1.0,0.00960865281749912,0.38779834013342895,0.13900939802382598,0.0,0.0,0.8415090408217715,,,EXPLORE
1451,71,,,0,0,0,1,common,1.0,0.431690117010603,0.38617342666526094,0.2268136137198591,0.0,0.0,0.8451152384348557,,,EXPLORE
1452,71,,,0,0,1,1,rare,0.0,0.479383569131203,0.5343284965459736,0.30258460034326223,0.0,0.0,0.8485272825625062,,,EXPLORE
1453,71,,,0,0,0,0,common,0.0,0.10431885608202718,0.3254293904226063,0.2431048770648917,0.0,0.0,0.8517602826803697,,,EXPLORE
1454,71,,,0,1,1,0,common,1.0,0.006245624331374433,0.21620896692774946,0.17204710124483652,0.0,0.0,0.854827820288703,,,EXPLORE
1455,71,,,0,1,1,0,common,1.0,0.004059655815393359,0.2154757465706601,0.12165086761600356,0.0,0.0,0.8577421373035681,,,EXPLOIT
1456,71,,,0,1,1,0,common,1.0,0.002638776280005639,0.2150001838892481,0.08594724021520418,0.0,0.0,0.860514297245639,,,EXPLOIT
1457,71,,,0,1,1,0,common,0.0,0.9982847954179963,0.21469150340087456,0.3596485067760418,0.0,0.0,0.8631543237014081,,,EXPLOIT
1458,71,,,0,0,0,1,common,0.0,0.719401423943108,0.489866829839421,0.46757438192616163,0.0,0.0,0.8656713197096373,,,EXPLORE
1459,71,,,0,0,0,1,common,1.0,0.5323890744369797,0.39935460797326794,0.48701878967940704,0.0,0.0,0.8680735710699906,,,EXPLORE
1460,71,,,0,1,1,0,common,0.0,0.6488851170216976,0.6345547058955586,0.5355786878820942,0.0,0.0,0.8703686360444711,,,EXPLORE
1461,71,,,0,0,0,1,common,0.0,0.6539471016159631,0.688005203779499,0.5710892120022548,0.0,0.0,0.8627700813208182,,,EXPLORE
1462,71,,,0,0,0,1,common,1.0,0.5749343839496239,0.66751616188916,0.5722427635864655,0.0,0.0,0.8543159682636421,,,EXPLORE
1463,71,,,0,1,0,1,rare,1.0,0.3737073495672556,0.6615570220679776,0.5126821393807025,0.0,0.0,0.844853685933172,,,EXPLORE
1464,71,,,0,0,0,1,common,1.0,0.2429097772187161,0.682154692641401,0.43175043073210656,0.0,0.0,0.8341920330428927,,,EXPLORE
1465,71,,,0,0,1,0,rare,1.0,0.5782246739358965,0.6795510299245853,0.4756927036932435,0.0,0.0,0.8382076658795374,,,EXPLORE
1466,71,,,0,0,0,1,common,0.0,0.8421086448078345,0.6288312174729811,0.5856174860276208,0.0,0.0,0.8419960306952535,,,EXPLORE
1467,71,,,0,1,1,0,common,1.0,0.37584603805833283,0.6743044723270817,0.5226860516368343,0.0,0.0,0.8309573080684367,,,EXPLORE
1468,71,,,0,1,1,1,common,0.0,0.31159931993528195,0.5979744276933406,0.4593600321263686,0.0,0.0,0.8183967282810118,,,EXPLORE
1469,71,,,0,0,0,1,common,1.0,0.45262938087490756,0.6906927189360292,0.4573408367509303,0.0,0.0,0.8233666067902743,,,EXPLORE
1470,71,,,0,0,0,1,common,1.0,0.29420909756868996,0.6185408605029299,0.40840131499625815,0.0,0.0,0.828025903158413,,,EXPLORE
1471,71,,,0,0,0,1,common,1.0,0.19123591341964852,0.5336750655774538,0.3432516945232752,0.0,0.0,0.832402634667662,,,EXPLORE
1472,71,,,0,0,0,1,common,0.0,0.8756966562772285,0.4717968640801836,0.5029851830494612,0.0,0.0,0.8365215473121914,,,EXPLORE
1473,71,,,0,0,0,1,common,0.0,0.5692028265801985,0.6822672135296124,0.5228504761086823,0.0,0.0,0.8247410887273543,,,EXPLORE
1474,71,,,0,1,1,0,common,0.0,0.7557000752620837,0.6634334201282969,0.5927053558547026,0.0,0.0,0.811277509442026,,,EXPLORE
1475,71,,,0,0,1,0,rare,1.0,0.5087949510796456,0.6885212785891247,0.5675322344221855,0.0,0.0,0.7957431926821952,,,EXPLORE
1476,71,,,0,0,0,1,common,0.0,0.369981837277129,0.5665104112050597,0.5082671152786685,0.0,0.0,0.7776216032466062,,,EXPLORE
1477,71,,,0,1,0,1,rare,1.0,0.7595118057698661,0.6851603236751205,0.5836405224260277,0.0,0.0,0.756208830232495,,,EXPLORE
1478,71,,,0,1,1,0,common,1.0,0.3307167182017696,0.6355890644055682,0.5077633811587503,0.0,0.0,0.7305201488740682,,,EXPLORE
1479,71,,,0,1,1,0,common,0.0,0.7850341331688497,0.5153607790497406,0.5909446067617801,0.0,0.0,0.6991344746806839,,,EXPLORE
1480,71,,,0,1,1,0,common,0.0,0.5102721865597524,0.6804197909781666,0.5667428807011717,0.0,0.0,0.6599225465586613,,,EXPLORE
1481,71,,,0,0,0,1,common,1.0,0.49368267375041297,0.6799449480901443,0.5448248186159441,0.0,0.0,0.6095430100752167,,,EXPLORE
1482,71,,,0,1,1,0,common,1.0,0.6683230787361609,0.5429168426108141,0.5818742966520092,0.0,0.0,0.542436818345434,,,EXPLORE
1483,71,,,0,1,1,0,common,0.0,0.5655899988214954,0.6875262915931784,0.576989007302855,0.0,0.0,0.4486213289827738,,,EXPLORE
1484,71,,,0,0,0,1,common,0.0,0.6791062620622316,0.586781884849251,0.607624183730668,0.0,0.0,0.3081975049095984,,,EXPLORE
1485,71,,,0,0,1,1,rare,0.0,0.20253955795793327,0.690764613993802,0.48609879599884753,0.0,0.0,0.09090909090909093,,,EXPLORE
1486,71,,,0,0,1,0,rare,0.0,0.36763349923397204,0.6728918921916844,0.4505592069693849,0.0,0.0,0.23017705927636645,,,EXPLORE
1487,71,,,0,0,0,0,common,0.0,0.06780725645331767,0.6256976681280302,0.33573362181456473,0.0,0.0,0.33155527035247095,,,EXPLORE
1488,71,,,0,0,0,0,common,0.0,0.044074716694656485,0.583944871818835,0.24823595027859224,0.0,0.0,0.40865139461585376,,,EXPLORE
1489,71,,,0,1,1,0,common,1.0,0.7610382254979182,0.5535790371071432,0.40207663284439,0.0,0.0,0.46925370836719743,,,EXPLORE
1490,71,,,0,0,1,0,rare,0.0,0.5053251534263532,0.35610145928527737,0.4330511890189789,0.0,0.0,0.5181414926281387,,,EXPLORE
1491,71,,,0,0,0,0,common,0.0,0.028648565851526718,0.33620696742213,0.3117304020687432,0.0,0.0,0.5584101936095955,,,EXPLORE
1492,71,,,0,0,0,1,common,1.0,0.5585809296595494,0.3236015434388677,0.38578556034598505,0.0,0.0,0.5921529537657815,,,EXPLORE
1493,71,,,0,0,1,0,rare,1.0,0.6715386502728704,0.6111265944454582,0.4715114873240506,0.0,0.0,0.6208359130085537,,,EXPLORE
1494,71,,,0,0,1,0,rare,1.0,0.4365001226773658,0.6929717678406868,0.46100807793004517,0.0,0.0,0.6455166258956538,,,EXPLORE
1495,71,,,0,0,0,1,common,1.0,0.36307760427870717,0.6484891218524846,0.4316289358346438,0.0,0.0,0.6669771225069359,,,EXPLORE
1496,71,,,0,1,1,0,common,0.0,0.7162749202597122,0.5851813989255465,0.5170227311621642,0.0,0.0,0.6858081495669813,,,EXPLORE
1497,71,,,0,0,0,1,common,1.0,0.23600044278115972,0.4088485974702078,0.43271604464786284,0.0,0.0,0.6429771347801725,,,EXPLORE
1498,71,,,0,0,0,1,common,1.0,0.15340028780775383,0.3569557235500198,0.3489213175958301,0.0,0.0,0.6647593307830342,,,EXPLORE
1499,71,,,0,1,0,1,rare,1.0,0.09971018707503998,0.32497213833843736,0.27415797843959305,0.0,0.0,0.6838546790558497,,,EXPLORE
1500,71,,,0,0,0,1,common,1.0,0.06481162159877596,0.5137043167781413,0.2113540713873479,0.0,0.0,0.7007306334756129,,,EXPLORE
1501,71,,,0,1,1,0,common,1.0,0.5344213018311871,0.491005777400455,0.3082742405204997,0.0,0.0,0.7157521561896492,,,EXPLORE
1502,71,,,0,1,1,0,common,1.0,0.34737384619027156,0.6082428342209002,0.32000412222143126,0.0,0.0,0.7292083477544482,,,EXPLORE
1503,71,,,0,0,0,0,common,0.0,0.01862156780349237,0.6635893497671055,0.22958935589604956,0.0,0.0,0.7413311843524297,,,EXPLORE
1504,71,,,0,0,1,0,rare,1.0,0.22579300002367653,0.6122061725444976,0.22845044913433765,0.0,0.0,0.752308962896358,,,EXPLORE
1505,71,,,0,0,0,1,common,1.0,0.04212755403920432,0.6815458618044523,0.17255358060579762,0.0,0.0,0.7622961194377409,,,EXPLORE
1506,71,,,0,0,0,1,common,1.0,0.027382910125482773,0.6929450934514796,0.12900237946170315,0.0,0.0,0.7714205130902718,,,EXPLORE
1507,71,,,0,1,1,0,common,1.0,0.14676545001538976,0.6844108619264269,0.13433130062780912,0.0,0.0,0.7797889072665926,,,EXPLORE
1508,71,,,0,0,0,1,common,1.0,0.01779889158156378,0.6930617886751473,0.09937157791393551,0.0,0.0,0.7874911481106163,,,EXPLORE
1509,71,,,0,0,0,1,common,1.0,0.011569279528016452,0.6894373428396767,0.07303088839815979,0.0,0.0,0.7946033876251934,,,EXPLORE
1510,71,,,0,0,1,0,rare,1.0,0.09539754251000332,0.6842627533685048,0.07974088463171283,0.0,0.0,0.8011905969525032,,,EXPLORE
1511,71,,,0,1,1,0,common,1.0,0.0620084026315022,0.6797441241786553,0.07442114003164964,0.0,0.0,0.8073085457386411,,,EXPLORE
1512,71,,,0,1,0,1,rare,1.0,0.007520031693210694,0.6893741239493041,0.05435080753011795,0.0,0.0,0.8130053753852684,,,EXPLORE
1513,71,,,0,0,0,1,common,0.0,0.9951119793994131,0.6924829258020381,0.33657915909090647,0.0,0.0,0.8183228601848864,,,EXPLORE
1514,71,,,0,1,1,1,common,0.0,0.13165071267265663,0.5222946131825963,0.2751006251654315,0.0,0.0,0.8232974262682161,,,EXPLORE
1515,71,,,0,0,0,1,common,1.0,0.35317721339038144,0.6928664250982307,0.29852360163291647,0.0,0.0,0.8279609809420998,,,EXPLORE
1516,71,,,0,1,1,0,common,1.0,0.04030546171047644,0.6549717370708343,0.22105815965618444,0.0,0.0,0.8323415923434434,,,EXPLORE
1517,71,,,0,0,0,1,common,1.0,0.22956518870374798,0.6930285420254526,0.2236102683704535,0.0,0.0,0.836464050007296,,,EXPLORE
1518,71,,,0,0,0,1,common,1.0,0.14921737265743618,0.6766521391255795,0.20129239965654827,0.0,0.0,0.8403503300016449,,,EXPLORE
1519,71,,,0,1,0,1,rare,1.0,0.09699129222733349,0.6522160662116108,0.17000206742778384,0.0,0.0,0.8440199830606984,,,EXPLORE
1520,71,,,0,1,1,0,common,1.0,0.026198550111809715,0.6861108208599701,0.1268610122329916,0.0,0.0,0.8474904601892391,,,EXPLORE
1521,71,,,0,1,1,0,common,1.0,0.017029057572676365,0.6931260006115246,0.09391142583489702,0.0,0.0,0.850777387183182,,,EXPLORE
1522,71,,,0,1,0,1,rare,1.0,0.06304433994776681,0.6909314933855291,0.08465130006875796,0.0,0.0,0.8538947971783136,,,EXPLORE
1523,71,,,0,1,0,1,rare,0.0,0.9590211790339516,0.6866696997635543,0.346962263758316,0.0,0.0,0.8568553285278317,,,EXPLORE
1524,71,,,0,1,1,0,common,1.0,0.01106888742223966,0.5600240426571252,0.2461942508574931,0.0,0.0,0.8596703938931988,,,EXPLORE
1525,71,,,0,1,1,0,common,1.0,0.007194776824455795,0.6528511840831535,0.1744944086475819,0.0,0.0,0.8623503253184299,,,EXPLORE
1526,71,,,0,1,1,0,common,1.0,0.004676604935896278,0.6862907010262865,0.1235490675340762,0.0,0.0,0.8649044991754672,,,EXPLORE
1527,71,,,0,0,1,0,rare,1.0,0.0030397932083325863,0.6931320222988921,0.08739628523635311,0.0,0.0,0.8673414441653405,,,EXPLORE
1528,71,,,0,0,0,1,common,1.0,0.3766362336279314,0.6902387891800585,0.1741682697538266,0.0,0.0,0.8696689349966912,,,EXPLORE
1529,71,,,0,0,1,0,rare,0.0,0.9980241344145838,0.6857064401019033,0.4213250291520538,0.0,0.0,0.8718940739097106,,,EXPLORE
1530,71,,,0,1,0,1,rare,1.0,0.24481355185815545,0.5630335492083607,0.36837158596388425,0.0,0.0,0.8740233618464199,,,EXPLORE
1531,71,,,0,1,0,0,rare,1.0,0.98789598092773,0.5322884521489643,0.554228904453038,0.0,0.0,0.8760627607695756,,,EXPLORE
1532,71,,,0,1,1,1,common,1.0,0.9144270367627731,0.5116390801904795,0.6622883441459585,0.0,0.0,0.8690741989446298,,,EXPLORE
1533,71,,,0,1,1,0,common,1.0,0.3512843126305205,0.4980317055406328,0.5689871346913271,0.0,0.0,0.861333262795715,,,EXPLORE
1534,71,,,0,0,0,1,common,1.0,0.1591288087078011,0.4891335299500317,0.4460296368962693,0.0,0.0,0.852712001656399,,,EXPLORE
1535,71,,,0,1,1,0,common,1.0,0.22833480320983834,0.599809286091105,0.38072118679033995,0.0,0.0,0.8557316082934621,,,EXPLORE
1536,71,,,0,1,0,1,rare,0.0,0.8965662743399293,0.5949340611441907,0.5354747130552167,0.0,0.0,0.8586014838010327,,,EXPLORE
1537,71,,,0,1,1,0,common,1.0,0.14841762208639497,0.6685594895069835,0.4193575857645701,0.0,0.0,0.8496576983533982,,,EXPLORE
1538,71,,,0,1,1,0,common,1.0,0.09647145435615678,0.6928105967431175,0.3224917463420461,0.0,0.0,0.8528323810614183,,,EXPLORE
1539,71,,,0,1,1,0,common,1.0,0.06270644533150194,0.6756428629688567,0.2445561560388828,0.0,0.0,0.8558459502979489,,,EXPLORE
1540,71,,,0,1,0,1,rare,1.0,0.4172319216790459,0.6515653965392592,0.2963588857309317,0.0,0.0,0.8587102261075226,,,EXPLORE
1541,71,,,0,1,1,0,common,1.0,0.0407591894654763,0.6312376489148579,0.2196789768512951,0.0,0.0,0.8614359000812337,,,EXPLORE
1542,71,,,0,1,1,0,common,0.0,0.9735065268474404,0.6163273513011609,0.44582724185013867,0.0,0.0,0.8640326668876347,,,EXPLORE
1543,71,,,0,0,0,1,common,0.0,0.7287992509086202,0.6597648285179387,0.5307188445676831,0.0,0.0,0.8665093378254574,,,EXPLORE
1544,71,,,0,0,0,1,common,0.0,0.4737195130906031,0.6591636998132895,0.5136190451245591,0.0,0.0,0.8584822033229196,,,EXPLORE
1545,71,,,0,1,1,1,common,0.0,0.40562242610419735,0.5374005258674878,0.4812200594184506,0.0,0.0,0.8495241936613442,,,EXPLORE
1546,71,,,0,0,1,0,rare,1.0,0.3672207575491637,0.6785001185273853,0.4470202688576645,0.0,0.0,0.8527057378418957,,,EXPLORE
1547,71,,,0,1,1,0,common,1.0,0.23869349240695636,0.6488640270187267,0.38452223592245205,0.0,0.0,0.8557256587836717,,,EXPLORE
1548,71,,,0,1,1,0,common,1.0,0.1551507700645216,0.6869058799591241,0.3157107961650729,0.0,0.0,0.8585958257980788,,,EXPLORE
1549,71,,,0,1,1,0,common,1.0,0.10084800054193899,0.6249116011680735,0.2512519574781327,0.0,0.0,0.8613269739318005,,,EXPLORE
1550,71,,,0,1,1,0,common,0.0,0.9344487996477396,0.5584071709022195,0.45621101012901477,0.0,0.0,0.8639288363012653,,,EXPLORE
1551,71,,,0,0,0,0,common,0.0,0.3578676123969755,0.6927880168081118,0.4267079908094029,0.0,0.0,0.8664102583222322,,,EXPLORE
1552,71,,,0,1,1,0,common,0.0,0.6073917197710308,0.6312916633713002,0.48091310949789123,0.0,0.0,0.8687792966598478,,,EXPLORE
1553,71,,,0,1,0,1,rare,0.0,0.30791768350889204,0.6929954022761606,0.42901448170119144,0.0,0.0,0.8710433052316288,,,EXPLORE
1554,71,,,0,1,1,0,common,0.0,0.39480461785117005,0.6592686024326511,0.418751522546185,0.0,0.0,0.8732090101975838,,,EXPLORE
1555,71,,,0,0,0,0,common,0.0,0.2326139480580341,0.6101446760063198,0.3629102501997397,0.0,0.0,0.8752825755483522,,,EXPLORE
1556,71,,,0,0,1,1,rare,1.0,0.7363454230322717,0.678546244543996,0.4749408020494993,0.0,0.0,0.8772696606384589,,,EXPLORE
1557,71,,,0,0,1,1,rare,1.0,0.47862452497097663,0.4940864731146193,0.47604591892594245,0.0,0.0,0.8791754707956299,,,EXPLORE
1558,71,,,0,0,1,1,rare,1.0,0.3111059412311348,0.34248316671422474,0.4265639256175001,0.0,0.0,0.8810048019592025,,,EXPLORE
1559,71,,,0,0,1,1,rare,0.0,0.7977811381997624,0.25769220004257815,0.5379290893921788,0.0,0.0,0.8827620801536408,,,EXPLORE
1560,71,,,0,1,0,0,rare,1.0,0.8488009337622778,0.48472522568674653,0.6311906427032085,0.0,0.0,0.8764572915145284,,,EXPLORE
1561,71,,,0,1,1,1,common,1.0,0.48144226017015446,0.6843939755214838,0.5862661279432922,0.0,0.0,0.8695100113058574,,,EXPLORE
1562,71,,,0,1,1,1,common,0.0,0.6870625308893996,0.6618633233009426,0.6165050488271244,0.0,0.0,0.8618171662219808,,,EXPLORE
1563,71,,,0,1,1,0,common,0.0,0.25662300160326057,0.6746289964535641,0.5085404346599652,0.0,0.0,0.8532523899065433,,,EXPLORE
1564,71,,,0,1,1,1,common,0.0,0.44659064507810975,0.5877706273135106,0.4899554977854086,0.0,0.0,0.8436590490797935,,,EXPLORE
1565,71,,,0,1,0,0,rare,0.0,0.4482793930545194,0.5083516979036864,0.4774526663661418,0.0,0.0,0.8471488845601812,,,EXPLORE
1566,71,,,0,1,1,1,common,0.0,0.29028391930077135,0.45341748786682007,0.4213020422465306,0.0,0.0,0.8504536691818518,,,EXPLORE
1567,71,,,0,1,1,0,common,0.0,0.16680495104211937,0.4178167130694519,0.34495291488520724,0.0,0.0,0.8535875872677019,,,EXPLORE
1568,71,,,0,1,1,1,common,0.0,0.1886845475455014,0.395054134767468,0.2980724046832955,0.0,0.0,0.8565634097874698,,,EXPLORE
1569,71,,,0,1,1,0,common,0.0,0.1084232181773776,0.3804937792618037,0.2411776487315201,0.0,0.0,0.8593926661200983,,,EXPLORE
1570,71,,,0,0,1,1,rare,0.0,0.12264495590457591,0.37114693884918504,0.20561784088343682,0.0,0.0,0.8620857913616813,,,EXPLORE
1571,71,,,0,1,1,0,common,1.0,0.9295249081847046,0.5295481741558614,0.42278996107381717,0.0,0.0,0.8646522531467797,,,EXPLORE
1572,71,,,0,1,1,0,common,1.0,0.604191190320058,0.6914117567233473,0.4772103298476894,0.0,0.0,0.8671006612318146,,,EXPLORE
1573,71,,,0,1,1,0,common,1.0,0.39272427370803764,0.5803591907426071,0.45186451300579383,0.0,0.0,0.8694388625135129,,,EXPLORE
1574,71,,,0,1,1,0,common,0.0,0.7447292220897755,0.455180597273475,0.5397239257309883,0.0,0.0,0.8716740236919592,,,EXPLORE
1575,71,,,0,1,0,0,rare,0.0,0.2913816054854376,0.6547283754717417,0.46522122965732304,0.0,0.0,0.8642176598104908,,,EXPLORE
1576,71,,,0,1,1,0,common,1.0,0.5159260056416459,0.6919041176822169,0.4804326624526199,0.0,0.0,0.8666858763488102,,,EXPLORE
1577,71,,,0,0,0,0,common,0.0,0.18939804356553447,0.6071800705423072,0.39312227678649425,0.0,0.0,0.8690425815935461,,,EXPLORE
1578,71,,,0,1,1,0,common,0.0,0.6646480963329302,0.5117094181476298,0.474580022650425,0.0,0.0,0.8712950542958715,,,EXPLORE
1579,71,,,0,0,0,1,common,1.0,0.7998535057192202,0.6548995672290361,0.5721620675710635,0.0,0.0,0.8734499533743746,,,EXPLORE
1580,71,,,0,1,1,1,common,0.0,0.07971922133797435,0.6589628759597814,0.42442921370113673,0.0,0.0,0.8661847888386718,,,EXPLORE
1581,71,,,0,0,0,1,common,1.0,0.5199047787174931,0.5755911736279623,0.45307188320604364,0.0,0.0,0.8685639385311141,,,EXPLORE
1582,71,,,0,0,0,1,common,1.0,0.33793810616637054,0.42021125564156836,0.4185317500941417,0.0,0.0,0.8708374033923506,,,EXPLORE
1583,71,,,0,1,1,1,common,0.0,0.05181749386968333,0.32274512304784,0.3085174732268042,0.0,0.0,0.8730119649542614,,,EXPLORE
1584,71,,,0,1,0,1,rare,1.0,0.21965976900814088,0.2624774503886254,0.28186016196120517,0.0,0.0,0.8750938368497057,,,EXPLORE
1585,71,,,0,0,1,1,rare,0.0,0.03368137101529417,0.5091870944476863,0.20740652467743187,0.0,0.0,0.8770887230427857,,,EXPLORE
1586,71,,,0,1,1,0,common,1.0,0.5679787373835954,0.6855395984420249,0.3155781884892809,0.0,0.0,0.8790018690382171,,,EXPLORE
1587,71,,,0,0,1,0,rare,0.0,0.630813820700663,0.6598801081928933,0.4101488781526955,0.0,0.0,0.8808381070379545,,,EXPLORE
1588,71,,,0,0,0,1,common,0.0,0.8572211501447085,0.5326744286815809,0.5442705597502994,0.0,0.0,0.8826018958635908,,,EXPLORE
1589,71,,,0,0,0,1,common,1.0,0.4428062524059395,0.4296368931396115,0.5138312675469914,0.0,0.0,0.8762811836291015,,,EXPLORE
1590,71,,,0,0,1,0,rare,1.0,0.589971016544569,0.6493874203056662,0.5366731922462646,0.0,0.0,0.8693154921292713,,,EXPLORE
1591,71,,,0,1,1,0,common,0.0,0.6165188392460301,0.6916723518965129,0.5606268863461943,0.0,0.0,0.8616012015414247,,,EXPLORE
1592,71,,,0,0,1,0,rare,1.0,0.5992627544900804,0.5808903166092784,0.57221764678936,0.0,0.0,0.8530112402353585,,,EXPLORE
1593,71,,,0,1,1,0,common,1.0,0.38952079041855225,0.4816126323633265,0.5174085898781177,0.0,0.0,0.8433880521652146,,,EXPLORE
1594,71,,,0,1,1,0,common,0.0,0.746811486227941,0.6423622664636295,0.5862294587830646,0.0,0.0,0.832533872116944,,,EXPLORE
1595,71,,,0,0,0,1,common,1.0,0.28782406406386074,0.46974288165529043,0.4967078403673035,0.0,0.0,0.8201970245331237,,,EXPLORE
1596,71,,,0,0,1,0,rare,0.0,0.48542746604816167,0.40277405423038914,0.49332372807156094,0.0,0.0,0.825053304229424,,,EXPLORE
1597,71,,,0,1,0,1,rare,1.0,0.18708564164150943,0.6471204015978282,0.40145230214254546,0.0,0.0,0.8296093468668186,,,EXPLORE
1598,71,,,0,0,1,0,rare,0.0,0.3155278529313051,0.6874793476564707,0.37567496737917333,0.0,0.0,0.8338919507644472,,,EXPLORE
1599,71,,,0,0,1,0,rare,0.0,0.2050931044053483,0.5829649550855109,0.3245004084870258,0.0,0.0,0.8379248173461357,,,EXPLORE
1600,71,,,0,0,1,1,rare,1.0,0.9781071088400588,0.4739785728264212,0.5205824185929357,0.0,0.0,0.8417289859431044,,,EXPLORE
1601,71,,,0,1,1,1,common,0.0,0.36423037925396173,0.6699969037671689,0.4736768067912435,0.0,0.0,0.8306546728422587,,,EXPLORE
1602,71,,,0,1,1,1,common,1.0,0.7632502534849248,0.6713844222317837,0.5605488407993479,0.0,0.0,0.8348756667005666,,,EXPLORE
1603,71,,,0,1,1,1,common,0.0,0.5038873352347988,0.6714873999397888,0.5435503891299831,0.0,0.0,0.8228672120935169,,,EXPLORE
1604,71,,,0,0,0,1,common,1.0,0.12160566706698117,0.6704187412626617,0.4169669725110825,0.0,0.0,0.8091248758425399,,,EXPLORE
1605,71,,,0,1,1,1,common,0.0,0.32752676790261925,0.5565709120424831,0.39013491112854354,0.0,0.0,0.8146994170851587,,,EXPLORE
1606,71,,,0,0,0,1,common,1.0,0.07904368359353775,0.43473721740997207,0.2968075428680418,0.0,0.0,0.8199064829881507,,,EXPLORE
1607,71,,,0,0,0,1,common,1.0,0.05137839433579949,0.3380860415776647,0.22317879830836906,0.0,0.0,0.82478101190791,,,EXPLORE
1608,71,,,0,0,0,1,common,1.0,0.03339595631826964,0.28174361065397013,0.1662439457113392,0.0,0.0,0.8293536493857765,,,EXPLORE
1609,71,,,0,1,0,1,rare,1.0,0.021707371606875303,0.2486134434874498,0.12288297348000003,0.0,0.0,0.8336513878196204,,,EXPLORE
1610,71,,,0,0,0,1,common,1.0,0.014109791544468897,0.4578594444135361,0.09025101889934069,0.0,0.0,0.837698095064713,,,EXPLOIT
1611,71,,,0,0,0,1,common,1.0,0.009171364503904766,0.4301803349081705,0.06592712258070992,0.0,0.0,0.8415149538313809,,,EXPLORE
1612,71,,,0,0,0,1,common,1.0,0.005961386927538115,0.41236116023502695,0.04793740188475837,0.0,0.0,0.8451208289612465,,,EXPLORE
1613,71,,,0,1,1,0,common,1.0,0.8666894821365236,0.4008898800343361,0.29356302596028794,0.0,0.0,0.848532576025066,,,EXPLORE
1614,71,,,0,0,1,0,rare,0.0,0.43665183661125967,0.5499606421171389,0.33648966915557943,0.0,0.0,0.8517653018957887,,,EXPLORE
1615,71,,,0,0,0,1,common,0.0,0.9961250984971002,0.6877720359595043,0.5343802979580357,0.0,0.0,0.8548325857957645,,,EXPLORE
1616,71,,,0,1,1,0,common,1.0,0.7161763062026812,0.5629185181096026,0.5889191004314294,0.0,0.0,0.8454336214886595,,,EXPLORE
1617,71,,,0,0,0,1,common,1.0,0.35251868597688485,0.46718406537282775,0.517998976095066,0.0,0.0,0.8348476476107658,,,EXPLORE
1618,71,,,0,1,0,1,rare,0.0,0.7708628541150249,0.6335398071043272,0.5938581395010536,0.0,0.0,0.822835291603595,,,EXPLORE
1619,71,,,0,1,1,0,common,1.0,0.46551459903174286,0.673332975682519,0.5553550773602604,0.0,0.0,0.8090881805190675,,,EXPLORE
1620,71,,,0,0,1,0,rare,0.0,0.6974155106293671,0.683884630609049,0.5979732073409924,0.0,0.0,0.7932021480352515,,,EXPLORE
1621,71,,,0,1,1,0,common,1.0,0.5466799180909113,0.5540323724656578,0.582585220565968,0.0,0.0,0.7746369057627408,,,EXPLORE
1622,71,,,0,1,0,1,rare,0.0,0.5010608551747662,0.45764542645461737,0.5581279109486074,0.0,0.0,0.7526534674650661,,,EXPLORE
1623,71,,,0,0,1,0,rare,1.0,0.35534194675909236,0.667028093997728,0.49729212169175285,0.0,0.0,0.7262135586262191,,,EXPLORE
1624,71,,,0,1,1,0,common,1.0,0.2309722653934101,0.6759228022174981,0.41739616480225,0.0,0.0,0.7386274860832697,,,EXPLORE
1625,71,,,0,0,0,1,common,1.0,0.674310444136402,0.681942139886256,0.49447044860249556,0.0,0.0,0.7498560066693439,,,EXPLORE
1626,71,,,0,1,1,0,common,1.0,0.15013197250571653,0.6857965616600215,0.3911689057734618,0.0,0.0,0.7600606830678542,,,EXPLORE
1627,71,,,0,0,0,1,common,1.0,0.4383017886886613,0.6883821616618095,0.4053087706480216,0.0,0.0,0.769374994339631,,,EXPLORE
1628,71,,,0,1,1,0,common,1.0,0.09758578212871571,0.6900282888498692,0.31299187409222984,0.0,0.0,0.7779101838505189,,,EXPLORE
1629,71,,,0,1,0,1,rare,0.0,0.7151038373523702,0.6911284004855567,0.43362546307027194,0.0,0.0,0.7857597043473856,,,EXPLORE
1630,71,,,0,1,1,0,common,1.0,0.06343075838366519,0.5646668774402761,0.3225670516642899,0.0,0.0,0.7930026377048918,,,EXPLORE
1631,71,,,0,0,0,1,common,0.0,0.4648174942790406,0.6655314138492563,0.3652421844487151,0.0,0.0,0.7997063550549421,,,EXPLORE
1632,71,,,0,1,0,1,rare,1.0,0.6978686287186235,0.6364941525061831,0.4650301177296876,0.0,0.0,0.805928607124493,,,EXPLORE
1633,71,,,0,1,1,0,common,0.0,0.9587700070506177,0.5640731627184125,0.6131520845259666,0.0,0.0,0.8117191822626258,,,EXPLORE
1634,71,,,0,0,0,1,common,1.0,0.45361460866710535,0.6928110343427273,0.5652908417683081,0.0,0.0,0.7962553094239045,,,EXPLORE
1635,71,,,0,1,0,1,rare,1.0,0.2948494956336185,0.6367836581034947,0.48415843792790125,0.0,0.0,0.7782224331481541,,,EXPLORE
1636,71,,,0,0,1,0,rare,1.0,0.37679949541709856,0.6930051310909868,0.45195075517466043,0.0,0.0,0.7860473840132632,,,EXPLORE
1637,71,,,0,0,0,1,common,0.0,0.808347827838148,0.6685246620325082,0.5588698769737067,0.0,0.0,0.7932685246508971,,,EXPLORE
1638,71,,,0,0,1,0,rare,0.0,0.7550803279788859,0.6384650310355813,0.6177330122752605,0.0,0.0,0.7747149449704769,,,EXPLORE
1639,71,,,0,0,1,0,rare,0.0,0.49080221318627587,0.49407827119119374,0.5796537725485651,0.0,0.0,0.7527465313303626,,,EXPLORE
1640,71,,,0,0,0,1,common,1.0,0.4745739119052038,0.38829307708890465,0.5481298143555567,0.0,0.0,0.7263264375458315,,,EXPLORE
1641,71,,,0,0,0,1,common,0.0,0.6915269572616175,0.6187148967232446,0.5911489572273749,0.0,0.0,0.6939507936796407,,,EXPLORE
1642,71,,,0,1,1,0,common,0.0,0.31902143857107934,0.4763831832311999,0.5095107016304863,0.0,0.0,0.6533523883123109,,,EXPLORE
1643,71,,,0,1,1,1,common,0.0,0.21289239913670252,0.6602686107078091,0.4205252108823511,0.0,0.0,0.6009459513053595,,,EXPLORE
1644,71,,,0,0,0,1,common,1.0,0.5505074777799486,0.6916208101125886,0.45951989095163037,0.0,0.0,0.6283725582849199,,,EXPLORE
1645,71,,,0,0,1,0,rare,1.0,0.7926360649287985,0.5700215878277844,0.5594547431447807,0.0,0.0,0.6520478368236519,,,EXPLORE
1646,71,,,0,1,0,1,rare,0.0,0.6421701394430335,0.4350967073886563,0.5842693620342565,0.0,0.0,0.5992335254687405,,,EXPLORE
1647,71,,,0,1,0,1,rare,1.0,0.5825894093620282,0.34673894290296836,0.5837653762325881,0.0,0.0,0.5283611773739022,,,EXPLORE
1648,71,,,0,0,0,1,common,1.0,0.37868311608531835,0.5906098603994253,0.5222406981884071,0.0,0.0,0.42826558136695464,,,EXPLORE
1649,71,,,0,0,0,1,common,0.0,0.753855974544543,0.5066067966458941,0.5917252810952478,0.0,0.0,0.2761874680419528,,,EXPLORE
1650,71,,,0,1,0,0,rare,1.0,0.8768912716824026,0.6871727450615503,0.6772750782713942,0.0,0.0,0.09090909090909093,,,EXPLORE
1651,71,,,0,1,1,0,common,1.0,0.5152134422037189,0.6608051944733777,0.6286565874510915,0.0,0.0,0.09090909090909093,,,EXPLORE
1652,71,,,0,0,0,1,common,1.0,0.509993616546047,0.5830310015362548,0.5930576961795782,0.0,0.0,0.09090909090909093,,,EXPLORE
1653,71,,,0,1,1,1,common,0.0,0.13838005943885665,0.6792212254010459,0.45665440515736166,0.0,0.0,0.09090909090909093,,,EXPLORE
1654,71,,,0,0,1,0,rare,1.0,0.3348887374324173,0.6270385880827729,0.4201247048398783,0.0,0.0,0.23017705927636645,,,EXPLORE
1655,71,,,0,0,0,1,common,0.0,0.6685041492450694,0.5449876789389129,0.4946385381614356,0.0,0.0,0.33155527035247095,,,EXPLORE
1656,71,,,0,0,0,0,common,1.0,0.5699793265935618,0.692694090481795,0.5172407746910734,0.0,0.0,0.40865139461585376,,,EXPLORE
1657,71,,,0,1,1,0,common,1.0,0.2176776793310713,0.6305025525321877,0.42737184608307277,0.0,0.0,0.24479250504532032,,,EXPLORE
1658,71,,,0,1,0,1,rare,0.0,0.43452769700929517,0.6929556997801429,0.42951860136093944,0.0,0.0,0.34249371397422373,,,EXPLORE
1659,71,,,0,1,1,0,common,1.0,0.14149049156519633,0.584322210801322,0.3431101684222165,0.0,0.0,0.41714379219692344,,,EXPLORE
1660,71,,,0,1,1,0,common,0.0,0.9080311804826224,0.6878338694813511,0.5125864720403382,0.0,0.0,0.4760371173236807,,,EXPLORE
1661,71,,,0,0,0,0,common,0.0,0.6295134377141849,0.5624372784612447,0.5476645617424922,0.0,0.0,0.3504160130304567,,,EXPLORE
1662,71,,,0,1,1,1,common,1.0,0.9100529613647432,0.6908953912139626,0.6563810816291675,0.0,0.0,0.14824922206986088,,,EXPLORE
1663,71,,,0,1,1,0,common,1.0,0.4097797326862954,0.6375764079448385,0.5824006769463058,0.0,0.0,0.09090909090909093,,,EXPLORE
1664,71,,,0,0,0,0,common,1.0,0.5908162654857798,0.5368546383646438,0.584925353508148,0.0,0.0,0.09090909090909093,,,EXPLORE
1665,71,,,0,1,1,1,common,0.0,0.4084655751129169,0.6688826797564192,0.5319874199895787,0.0,0.0,0.09090909090909093,,,EXPLORE
1666,71,,,0,1,0,0,rare,0.0,0.6159694274342431,0.6490935085142779,0.557182022222978,0.0,0.0,0.09090909090909093,,,EXPLORE
1667,71,,,0,1,1,0,common,1.0,0.266356826246092,0.5211941178804558,0.4699344634299122,0.0,0.0,0.09090909090909093,,,EXPLORE
1668,71,,,0,1,0,1,rare,0.0,0.28244300305604186,0.6791568547120557,0.4136870253177511,0.0,0.0,0.23017705927636645,,,EXPLORE
1669,71,,,0,1,0,0,rare,0.0,0.400380127832258,0.5587036248759979,0.40969495607210316,0.0,0.0,0.33155527035247095,,,EXPLORE
1670,71,,,0,0,0,0,common,0.0,0.2602470830909677,0.44759763004901804,0.3648605941777625,0.0,0.0,0.40865139461585376,,,EXPLORE
1671,71,,,0,1,1,0,common,1.0,0.17313193705995977,0.6314398163216507,0.30734199704242166,0.0,0.0,0.46925370836719743,,,EXPLORE
1672,71,,,0,1,1,0,common,1.0,0.11253575908897384,0.6784670044634167,0.24890012565638728,0.0,0.0,0.5181414926281387,,,EXPLORE
1673,71,,,0,1,0,0,rare,1.0,0.830839395990871,0.5740074285712679,0.42348190675673236,0.0,0.0,0.5584101936095955,,,EXPLORE
1674,71,,,0,1,1,0,common,1.0,0.07314824340783299,0.4764749769814114,0.31838180775206254,0.0,0.0,0.5921529537657815,,,EXPLORE
1675,71,,,0,1,1,0,common,1.0,0.047546358215091455,0.41100839263231587,0.2371311728909712,0.0,0.0,0.6208359130085537,,,EXPLORE
1676,71,,,0,1,1,0,common,1.0,0.030905132839809446,0.36979095195731426,0.17526336087562266,0.0,0.0,0.6455166258956538,,,EXPLORE
1677,71,,,0,0,1,1,rare,1.0,0.734497376176604,0.34399614342866297,0.34303356546591707,0.0,0.0,0.6669771225069359,,,EXPLORE
1678,71,,,0,1,0,0,rare,1.0,0.5400456073940662,0.5224290871846567,0.4021371780443618,0.0,0.0,0.6858081495669813,,,EXPLORE
1679,71,,,0,1,1,0,common,1.0,0.020088336345876145,0.5046775443118862,0.28752252553481605,0.0,0.0,0.7024642847715783,,,EXPLORE
1680,71,,,0,1,0,0,rare,0.0,0.648970355193857,0.49302614159949437,0.39595687443252836,0.0,0.0,0.7173010333450142,,,EXPLORE
1681,71,,,0,1,0,0,rare,0.0,0.4218307308760071,0.6927880933269209,0.40371903136557197,0.0,0.0,0.7306004237646555,,,EXPLORE
1682,71,,,0,0,0,0,common,1.0,0.7258100249305954,0.6131801528245948,0.500346329435079,0.0,0.0,0.7425890580670904,,,EXPLORE
1683,71,,,0,0,0,0,common,1.0,0.47177651620488703,0.505084904527664,0.49177538546602134,0.0,0.0,0.7139580209341377,,,EXPLORE
1684,71,,,0,1,1,0,common,0.0,0.9869425813751805,0.42809876892039733,0.6403255442387691,0.0,0.0,0.7275969204919425,,,EXPLORE
1685,71,,,0,0,0,0,common,0.0,0.6933452644668234,0.30754354724747035,0.6562314603071854,0.0,0.0,0.695522983388263,,,EXPLORE
1686,71,,,0,0,0,1,common,1.0,0.8164120480135728,0.5596376146327277,0.7042856366191016,0.0,0.0,0.6553479421948486,,,EXPLORE
1687,71,,,0,1,0,1,rare,1.0,0.5306678312088223,0.4198625081441498,0.6522002949960177,0.0,0.0,0.6035619445836544,,,EXPLORE
1688,71,,,0,0,1,1,rare,0.0,0.5225767054852074,0.6319061898187766,0.6133132181427746,0.0,0.0,0.534285343544689,,,EXPLORE
1689,71,,,0,0,0,1,common,1.0,0.3449340902857345,0.6845016496621581,0.5327994797856626,0.0,0.0,0.43686247941030887,,,EXPLORE
1690,71,,,0,0,0,1,common,1.0,0.2242071586857275,0.6634912548483585,0.440221783455682,0.0,0.0,0.28977652410288496,,,EXPLORE
1691,71,,,0,1,0,1,rare,1.0,0.14573465314572287,0.5846324513329686,0.35187564436269425,0.0,0.0,0.3765304042600331,,,EXPLORE
1692,71,,,0,0,1,0,rare,1.0,0.35848732210613266,0.6803981607177908,0.35385914768572574,0.0,0.0,0.44379188171465633,,,EXPLORE
1693,71,,,0,1,0,1,rare,1.0,0.09472752454471989,0.6441730736993752,0.276119660743424,0.0,0.0,0.497464531557754,,,EXPLORE
1694,71,,,0,1,0,1,rare,1.0,0.06157289095406793,0.6877206853604074,0.21175562980661716,0.0,0.0,0.5412865504909218,,,EXPLORE
1695,71,,,0,0,1,0,rare,0.0,0.7669832406310138,0.6924898844692501,0.3783239130539361,0.0,0.0,0.5777401676661686,,,EXPLORE
1696,71,,,0,1,0,1,rare,1.0,0.04002237912014417,0.5272264245131818,0.27683345287379846,0.0,0.0,0.6085382504444263,,,EXPLORE
1697,71,,,0,1,0,1,rare,1.0,0.026014546428093754,0.4868611695992492,0.20158778094008703,0.0,0.0,0.634900945941066,,,EXPLORE
1698,71,,,0,0,0,1,common,1.0,0.016909455178260924,0.4602634016343424,0.1461842832115392,0.0,0.0,0.6577209635849748,,,EXPLORE
1699,71,,,0,1,1,1,common,1.0,0.6603251414346152,0.5936786791063473,0.300426540678462,0.0,0.0,0.6776665080420439,,,EXPLORE
1700,71,,,0,1,1,0,common,1.0,0.501460893589841,0.5786582998341514,0.36073684655187566,0.0,0.0,0.6952476795598903,,,EXPLORE
1701,71,,,0,0,1,0,rare,1.0,0.32594958083339665,0.5685624036513461,0.35030066683633193,0.0,0.0,0.7108606239154434,,,EXPLORE
1702,71,,,0,1,0,0,rare,0.0,0.4506744219034352,0.6412779549637291,0.38041279335646294,0.0,0.0,0.7248176705031213,,,EXPLORE
1703,71,,,0,1,1,0,common,1.0,0.21186722754170784,0.6345705536009819,0.32984912361203633,0.0,0.0,0.7373683860234119,,,EXPLORE
1704,71,,,0,1,0,1,rare,1.0,0.010991145865869578,0.6884430192303662,0.2341917302881863,0.0,0.0,0.7487145856090589,,,EXPLORE
1705,71,,,0,1,0,1,rare,0.0,0.9928557551871847,0.6907775946186954,0.4617909377578858,0.0,0.0,0.7590212323261329,,,EXPLORE
1706,71,,,0,1,1,0,common,1.0,0.13771369790211008,0.5730184634639605,0.3645677658011531,0.0,0.0,0.7684244815827999,,,EXPLORE
1707,71,,,0,1,1,0,common,1.0,0.08951390363637157,0.6719978180012589,0.2820516071517186,0.0,0.0,0.7770377064766976,,,EXPLORE
1708,71,,,0,1,1,0,common,0.0,0.9418159626363585,0.693142670696209,0.4799809137971106,0.0,0.0,0.7849560715656699,,,EXPLORE
1709,71,,,0,0,0,1,common,1.0,0.3546437591283299,0.5538101141432522,0.4423797673964764,0.0,0.0,0.7922600472982202,,,EXPLORE
1710,71,,,0,1,1,1,common,0.0,0.5707886580675001,0.49649243011016975,0.4809024345977835,0.0,0.0,0.7990181407132048,,,EXPLORE
1711,71,,,0,0,0,1,common,1.0,0.23051844343341443,0.33635154612143275,0.4057872372484727,0.0,0.0,0.8052890390057329,,,EXPLORE
1712,71,,,0,1,1,0,common,1.0,0.38781962428636696,0.30274577248820594,0.40039695335984093,0.0,0.0,0.8111233081450863,,,EXPLORE
1713,71,,,0,0,0,1,common,1.0,0.14983698823171943,0.4992456120256658,0.3252289638214045,0.0,0.0,0.816564750694302,,,EXPLORE
1714,71,,,0,1,1,0,common,0.0,0.7479172442138615,0.47434691932698836,0.4520354479391416,0.0,0.0,0.8216515000214574,,,EXPLORE
1715,71,,,0,0,0,1,common,0.0,0.9026059576493823,0.3042755811118387,0.5872066008522138,0.0,0.0,0.8264169087379639,,,EXPLORE
1716,71,,,0,1,1,1,common,0.0,0.3710126277438751,0.5866876102503897,0.5223484089197121,0.0,0.0,0.8132000497513641,,,EXPLORE
1717,71,,,0,1,1,0,common,1.0,0.51385379126099,0.4755186336747815,0.5198000236220954,0.0,0.0,0.7979711159928278,,,EXPLORE
1718,71,,,0,1,0,0,rare,0.0,0.2929383742372329,0.6698887679053342,0.45174152880663665,0.0,0.0,0.780233758607022,,,EXPLORE
1719,71,,,0,1,1,0,common,1.0,0.33400496431964355,0.5523693903516692,0.4164205594605387,0.0,0.0,0.7879013190789995,,,EXPLORE
1720,71,,,0,1,0,0,rare,0.0,0.1904099432542014,0.68776404536164,0.3486173745986375,0.0,0.0,0.7949827626820722,,,EXPLORE
1721,71,,,0,1,1,0,common,1.0,0.21710322680776828,0.5825794079589315,0.30916313026137676,0.0,0.0,0.8015425013947263,,,EXPLORE
1722,71,,,0,1,1,0,common,0.0,0.8588829025749506,0.6915931472391124,0.4740790619554489,0.0,0.0,0.8076358428088819,,,EXPLORE
1723,71,,,0,1,1,0,common,1.0,0.4417261133262821,0.5946808303993123,0.4643731773666988,0.0,0.0,0.8133105438247885,,,EXPLORE
1724,71,,,0,1,0,1,rare,1.0,0.4133061275279015,0.6925206847102354,0.4490530624150596,0.0,0.0,0.8186080566748635,,,EXPLORE
1725,71,,,0,1,1,0,common,1.0,0.28712197366208336,0.6638805995101917,0.40047373578916673,0.0,0.0,0.8235645360865819,,,EXPLORE
1726,71,,,0,0,0,1,common,1.0,0.268648982893136,0.6092376406347877,0.3609263099203575,0.0,0.0,0.8282116593513209,,,EXPLORE
1727,71,,,0,0,0,1,common,1.0,0.1746218388805384,0.6805684447254374,0.3050349686084117,0.0,0.0,0.8325772986292476,,,EXPLORE
1728,71,,,0,1,1,0,common,1.0,0.18662928288035419,0.6930352893800831,0.26951326288999444,0.0,0.0,0.8366860756469138,,,EXPLORE
1729,71,,,0,1,1,0,common,0.0,0.8786909661277698,0.6877936975998161,0.452266573861327,0.0,0.0,0.8405598221096832,,,EXPLORE
1730,71,,,0,0,1,0,rare,1.0,0.4288508720169497,0.5746238491420796,0.44524186330801385,0.0,0.0,0.8442179640111325,,,EXPLORE
1731,71,,,0,1,1,0,common,1.0,0.2787530668110173,0.5270263035214064,0.39529522435891484,0.0,0.0,0.8476778441218231,,,EXPLORE
1732,71,,,0,1,1,0,common,1.0,0.18118949342716129,0.6393099036157164,0.33106350507938875,0.0,0.0,0.8509549939565065,,,EXPLORE
1733,71,,,0,0,0,1,common,1.0,0.11350419527235,0.6826655045862062,0.2657957121372771,0.0,0.0,0.8540633642187113,,,EXPLORE
1734,71,,,0,0,0,1,common,0.0,0.9262222730729724,0.6696643398971316,0.4639236804179857,0.0,0.0,0.8570155209352308,,,EXPLORE
1735,71,,,0,1,1,1,common,0.0,0.24115820803351884,0.6076052589656379,0.3970940387026456,0.0,0.0,0.8598228130959017,,,EXPLORE
1736,71,,,0,0,1,0,rare,1.0,0.11777317072765481,0.6830887588887282,0.3132977783101484,0.0,0.0,0.862495516514209,,,EXPLORE
1737,71,,,0,0,1,1,rare,0.0,0.15675283522178723,0.6126126193679026,0.26633429538364,0.0,0.0,0.8650429577529973,,,EXPLORE
1738,71,,,0,1,1,0,common,1.0,0.07655256097297558,0.6879946352724421,0.20939977506044066,0.0,0.0,0.8674736212653353,,,EXPLORE
1739,71,,,0,0,1,0,rare,1.0,0.04975916463243413,0.6093701550206342,0.1615075919320387,0.0,0.0,0.8697952423442671,,,EXPLORE
1740,71,,,0,1,1,0,common,1.0,0.03234345701108221,0.690963727677689,0.12275835145575174,0.0,0.0,0.872014888027014,,,EXPLORE
1741,71,,,0,0,0,1,common,1.0,0.39795552250256794,0.6559250085695796,0.2053175027697966,0.0,0.0,0.8741390277362987,,,EXPLORE
1742,71,,,0,0,1,0,rare,1.0,0.021023247057203487,0.6922235064981204,0.15002922605601865,0.0,0.0,0.8761735951461926,,,EXPLORE
1743,71,,,0,0,0,1,common,1.0,0.2586710896266692,0.6871543515991662,0.1826217851272138,0.0,0.0,0.8781240425185178,,,EXPLORE
1744,71,,,0,0,1,0,rare,1.0,0.013665110587182228,0.6717475902758108,0.13193478276520432,0.0,0.0,0.8799953885576575,,,EXPLORE
1745,71,,,0,1,1,1,common,0.0,0.10188934289416171,0.6570498002562442,0.12292115080389152,0.0,0.0,0.881792260668217,,,EXPLORE
1746,71,,,0,1,1,0,common,1.0,0.008882321881668487,0.4366300188974088,0.0887095021272246,0.0,0.0,0.8835189323646898,,,EXPLORE
1747,71,,,0,1,1,0,common,1.0,0.005773509223084505,0.5816544625972536,0.06382870425598257,0.0,0.0,0.8851793564698311,,,EXPLORE
1748,71,,,0,1,0,1,rare,1.0,0.168136208257335,0.6544046481339731,0.0951209554563883,0.0,0.0,0.8867771946446481,,,EXPLORE
1749,71,,,0,0,0,1,common,1.0,0.10928853536726779,0.6830827629469471,0.09937122942965212,0.0,0.0,0.8883158437143569,,,EXPLORE
1750,71,,,0,1,1,0,common,1.0,0.0037527809950049784,0.6764014284991988,0.07068569489925798,0.0,0.0,0.8897984591886905,,,EXPLORE
1751,71,,,0,1,1,0,common,1.0,0.0024393076467532637,0.688870064690599,0.050211778723506566,0.0,0.0,0.8912279763193068,,,EXPLORE
1752,71,,,0,1,1,0,common,0.0,0.9984144500296104,0.692603981281076,0.3346725801153377,0.0,0.0,0.8926071289900204,,,EXPLORE
1753,71,,,0,0,0,1,common,0.0,0.9289624520112759,0.4999562866405669,0.5129595416841191,0.0,0.0,0.893938466695684,,,EXPLORE
1754,71,,,0,0,1,0,rare,1.0,0.3510306074807532,0.6929176067262697,0.4643808614231093,0.0,0.0,0.8886935350263202,,,EXPLORE
1755,71,,,0,1,0,1,rare,1.0,0.39617440619267064,0.6543470526472666,0.4439189248539777,0.0,0.0,0.8901625404925334,,,EXPLORE
1756,71,,,0,1,0,1,rare,1.0,0.25751336402523595,0.6930501726380859,0.3879972566053551,0.0,0.0,0.8915791528073967,,,EXPLORE
1757,71,,,0,0,0,0,common,1.0,0.8762335368847691,0.6802394615774079,0.5344681406891792,0.0,0.0,0.8929460579957105,,,EXPLORE
1758,71,,,0,0,0,1,common,0.0,0.8326163133835967,0.6931061923011932,0.6239125924975044,0.0,0.0,0.8876110819657612,,,EXPLORE
1759,71,,,0,0,0,0,common,0.0,0.4304482010249001,0.5495632329503549,0.565873275055723,0.0,0.0,0.8817784912693398,,,EXPLORE
1760,71,,,0,1,0,1,rare,1.0,0.45879939630066213,0.3811074208443048,0.5337511114292047,0.0,0.0,0.8753755975352798,,,EXPLORE
1761,71,,,0,0,1,0,rare,0.0,0.7718301051375104,0.3337087015111585,0.6051748095416964,0.0,0.0,0.8683148309157297,,,EXPLORE
1762,71,,,0,1,1,1,common,0.0,0.06622807288120511,0.24287234354966306,0.44349078854354906,0.0,0.0,0.8604897262844452,,,EXPLORE
1763,71,,,0,1,0,1,rare,1.0,0.2982196075954304,0.4973486036869703,0.39990943425911346,0.0,0.0,0.8631309106557027,,,EXPLORE
1764,71,,,0,1,1,0,common,1.0,0.49831043166061817,0.36816797401649837,0.42942973347956487,0.0,0.0,0.8656489857181053,,,EXPLORE
1765,71,,,0,0,1,0,rare,0.0,0.6760982194205982,0.292394839419529,0.5034302792618749,0.0,0.0,0.8680522442718265,,,EXPLORE
1766,71,,,0,0,0,1,common,0.0,0.8061572550629702,0.23646994920739772,0.5942483720022034,0.0,0.0,0.8601979239478794,,,EXPLORE
1767,71,,,0,1,0,1,rare,0.0,0.5240022157909306,0.20459006663933757,0.5731745251388215,0.0,0.0,0.8514433740358581,,,EXPLORE
1768,71,,,0,0,0,0,common,0.0,0.2797913306661851,0.4194595763492589,0.4851595667970306,0.0,0.0,0.8416249408989227,,,EXPLORE
1769,71,,,0,1,1,0,common,1.0,0.5605361573766111,0.38961027028059486,0.5077725439709048,0.0,0.0,0.8452248200368406,,,EXPLORE
1770,71,,,0,1,1,1,common,1.0,0.9569517526272167,0.2620958971528375,0.6425263065677983,0.0,0.0,0.8346116312621363,,,EXPLORE
1771,71,,,0,0,0,0,common,0.0,0.18186436493302033,0.1963151340466964,0.5043277240773648,0.0,0.0,0.8225663854953225,,,EXPLORE
1772,71,,,0,0,1,0,rare,0.0,0.6356514977052028,0.18430582842195398,0.5437248561657162,0.0,0.0,0.808779014953798,,,EXPLORE
1773,71,,,0,1,1,1,common,0.0,0.37798136079230915,0.17682480741804743,0.49400180755369405,0.0,0.0,0.7928429750767965,,,EXPLORE
1774,71,,,0,1,1,0,common,1.0,0.5868265264916182,0.36914277718240274,0.5218492232350712,0.0,0.0,0.7995583661708129,,,EXPLORE
1775,71,,,0,1,1,1,common,0.0,0.24568788451500095,0.2430234380083803,0.4390008216190501,0.0,0.0,0.7820920475408735,,,EXPLORE
1776,71,,,0,1,1,0,common,0.0,0.6185627577804482,0.4336166079823423,0.49286940246746946,0.0,0.0,0.7896155369022916,,,EXPLORE
1777,71,,,0,1,1,0,common,1.0,0.5979342074427086,0.5706314878502615,0.5243888439600412,0.0,0.0,0.7965689598347788,,,EXPLORE
1778,71,,,0,0,0,0,common,0.0,0.11821183720646322,0.3548726874912077,0.40253574193396774,0.0,0.0,0.7785903009621193,,,EXPLORE
1779,71,,,0,1,0,1,rare,1.0,0.6593985597358951,0.34713986279025777,0.47959458727454596,0.0,0.0,0.7863863525017606,,,EXPLORE
1780,71,,,0,0,1,0,rare,1.0,0.3886572348377606,0.22992026706722965,0.4523133815435103,0.0,0.0,0.7935818549546289,,,EXPLORE
1781,71,,,0,1,1,0,common,0.0,0.7473727973554556,0.5068879418282406,0.5408312062870939,0.0,0.0,0.8002433034105164,,,EXPLORE
1782,71,,,0,1,1,0,common,1.0,0.5142076817189538,0.675765347951335,0.5328441489166519,0.0,0.0,0.7828932515161302,,,EXPLORE
1783,71,,,0,1,0,1,rare,1.0,0.42860906382833175,0.5540192197212606,0.5015736233901559,0.0,0.0,0.7624685486278905,,,EXPLORE
1784,71,,,0,0,0,1,common,0.0,0.7214041085115843,0.44501321493124446,0.5675227689265844,0.0,0.0,0.7380737867394194,,,EXPLORE
1785,71,,,0,1,1,0,common,1.0,0.3342349931173201,0.33648245656565995,0.49753643618380505,0.0,0.0,0.7084284945766024,,,EXPLORE
1786,71,,,0,0,0,1,common,0.0,0.46891267053252983,0.27520213072149813,0.4889493064884225,0.0,0.0,0.722637766286091,,,EXPLORE
1787,71,,,0,1,1,0,common,0.0,0.7827472544737419,0.22089245788324297,0.5770886908840183,0.0,0.0,0.7354035069672538,,,EXPLORE
1788,71,,,0,0,1,0,rare,1.0,0.49121428459206773,0.4525638971914348,0.5513263689964331,0.0,0.0,0.7051492315252568,,,EXPLORE
1789,71,,,0,1,0,1,rare,0.0,0.3047932358461444,0.6721526833856128,0.4773664290513464,0.0,0.0,0.6675123740599926,,,EXPLORE
1790,71,,,0,1,0,0,rare,0.0,0.0768376941842011,0.6772330937496833,0.35720780859120277,0.0,0.0,0.6862798658662732,,,EXPLORE
1791,71,,,0,0,0,1,common,0.0,0.19811560329999384,0.6081040816448571,0.3094801470038401,0.0,0.0,0.7028831219226993,,,EXPLORE
1792,71,,,0,1,0,0,rare,1.0,0.9500554987802693,0.6863609518762801,0.5016527525367689,0.0,0.0,0.7176753911739832,,,EXPLORE
1793,71,,,0,0,0,0,common,0.0,0.38246392579282495,0.612294781147207,0.46589610451358565,0.0,0.0,0.683203633973097,,,EXPLORE
1794,71,,,0,1,1,0,common,1.0,0.3192892849848441,0.5307300044746319,0.4219140586549632,0.0,0.0,0.7001531479995461,,,EXPLORE
1795,71,,,0,1,0,1,rare,0.0,0.128775142144996,0.3768571593722866,0.333972383701973,0.0,0.0,0.7152364574515673,,,EXPLORE
1796,71,,,0,1,1,0,common,1.0,0.2075380352401487,0.5824278519988292,0.29604207916342573,0.0,0.0,0.7287450473858694,,,EXPLORE
1797,71,,,0,1,0,0,rare,0.0,0.24860155176533624,0.4119213754600024,0.28180992094399887,0.0,0.0,0.7409127039882938,,,EXPLORE
1798,71,,,0,1,1,0,common,1.0,0.13489972290609664,0.6024840707810191,0.23773686153262819,0.0,0.0,0.7519291181110522,,,EXPLORE
1799,71,,,0,1,1,0,common,1.0,0.08768481988896282,0.42702531594674537,0.19272124903952856,0.0,0.0,0.7619498133875513,,,EXPLORE
1800,71,,,0,1,1,1,common,0.0,0.15969712493475063,0.31491743596312033,0.18281401180809517,0.0,0.0,0.771103507539432,,,EXPLORE
1801,71,,,0,1,0,0,rare,0.0,0.16159100864746856,0.5418643085262389,0.1764471108599072,0.0,0.0,0.7794976491168574,,,EXPLORE
1802,71,,,0,1,1,0,common,1.0,0.056995132927825876,0.6614455140772852,0.14061151748028278,0.0,0.0,0.7872226363492871,,,EXPLORE
1803,71,,,0,1,1,0,common,1.0,0.037046836403086814,0.4824393213822342,0.10954211315712398,0.0,0.0,0.7943550701164893,,,EXPLORE
1804,71,,,0,1,1,0,common,1.0,0.024080443662006457,0.34711718920723916,0.08390361230858871,0.0,0.0,0.8009602895450536,,,EXPLORE
1805,71,,,0,1,0,1,rare,1.0,0.9162961576057526,0.27005377151643384,0.3336213758977378,0.0,0.0,0.8070943682559798,,,EXPLORE
1806,71,,,0,1,1,0,common,1.0,0.01565228838030419,0.2266380703277113,0.2382306496425077,0.0,0.0,0.8128057005269812,,,EXPLORE
1807,71,,,0,1,1,0,common,0.0,0.9898260125528022,0.20136771608125212,0.4637092585155961,0.0,0.0,0.8181362723994019,,,EXPLORE
1808,71,,,0,1,0,0,rare,0.0,0.10503415562085457,0.44485448793101967,0.3561067276471736,0.0,0.0,0.8231226883987035,,,EXPLORE
1809,71,,,0,1,0,0,rare,1.0,0.9317277988464445,0.6196303162651902,0.5287930490069549,0.0,0.0,0.8277970069839616,,,EXPLORE
1810,71,,,0,1,1,0,common,0.0,0.6433869081593215,0.4409815547976482,0.5631712067526649,0.0,0.0,0.8147815096396721,,,EXPLORE
1811,71,,,0,0,1,0,rare,1.0,0.581798509696441,0.6176948910256266,0.5687593976357976,0.0,0.0,0.7998013511196392,,,EXPLORE
1812,71,,,0,1,1,0,common,0.0,0.6218309686973134,0.680038965278883,0.5846808689542523,0.0,0.0,0.7823763264945225,,,EXPLORE
1813,71,,,0,0,1,1,rare,1.0,0.8961968687924121,0.6059549349197102,0.6781356689057002,0.0,0.0,0.7618558536474207,,,EXPLORE
1814,71,,,0,0,1,1,rare,0.0,0.41747203528493215,0.4500143003800423,0.5999365788194697,0.0,0.0,0.7373360559502588,,,EXPLORE
1815,71,,,0,1,1,0,common,1.0,0.5958098703467463,0.636826333049298,0.5986985662776527,0.0,0.0,0.7075231994537072,,,EXPLORE
1816,71,,,0,1,1,0,common,1.0,0.3872764157253852,0.6778723297710126,0.5352719211119724,0.0,0.0,0.6704980987986406,,,EXPLORE
1817,71,,,0,0,0,1,common,1.0,0.5955925024437392,0.5761621689933585,0.5533680955115023,0.0,0.0,0.6232861898711611,,,EXPLORE
1818,71,,,0,1,0,0,rare,0.0,0.39437693074981106,0.6866359788719625,0.5056707460829949,0.0,0.0,0.5610164457753627,,,EXPLORE
1819,71,,,0,1,1,1,common,1.0,0.7286431770647941,0.6306932022090291,0.5725624753775347,0.0,0.0,0.4751234136141737,,,EXPLORE
1820,71,,,0,1,1,1,common,0.0,0.5263819349078838,0.6928786633571866,0.5587083132366394,0.0,0.0,0.3490251563653208,,,EXPLORE
1821,71,,,0,0,1,0,rare,1.0,0.2517296702215004,0.6105801954670569,0.46661472033209767,0.0,0.0,0.1458803078879113,,,EXPLORE
1822,71,,,0,0,0,1,common,1.0,0.3871351265884305,0.5040417498539077,0.44277084220899754,0.0,0.0,0.2695868328063642,,,EXPLORE
1823,71,,,0,0,0,1,common,0.0,0.7483621677175202,0.4284896150879771,0.5344482398615543,0.0,0.0,0.3611845182387237,,,EXPLORE
1824,71,,,0,0,0,1,common,0.0,0.48643540901638815,0.6594010041643356,0.5200443906080044,0.0,0.0,0.1664883507199608,,,EXPLORE
1825,71,,,0,1,1,0,common,0.0,0.8363757143560248,0.6860982910582696,0.6149437877324104,0.0,0.0,0.09090909090909093,,,EXPLORE
1826,71,,,0,1,1,0,common,1.0,0.4563557856685838,0.6786044537333193,0.5673673871132624,0.0,0.0,0.09090909090909093,,,EXPLORE
1827,71,,,0,1,1,0,common,1.0,0.29663126068457946,0.6388038448673541,0.4861465491846575,0.0,0.0,0.09090909090909093,,,EXPLORE
1828,71,,,0,0,0,0,common,1.0,0.7436549950126228,0.5101321229303108,0.5633990829330471,0.0,0.0,0.23017705927636645,,,EXPLORE
1829,71,,,0,0,1,0,rare,0.0,0.8071896805550234,0.6694363218519057,0.63653626221964,0.0,0.0,0.09090909090909093,,,EXPLORE
1830,71,,,0,1,1,1,common,0.0,0.34214825769012447,0.5292588150556832,0.5482198608607853,0.0,0.0,0.09090909090909093,,,EXPLORE
1831,71,,,0,1,1,0,common,0.0,0.5246732923607652,0.6829897253630457,0.5411558903107793,0.0,0.0,0.09090909090909093,,,EXPLORE
1832,71,,,0,0,0,0,common,0.0,0.5166242532417952,0.6786646534995838,0.533796399190084,0.0,0.0,0.09090909090909093,,,EXPLORE
1833,71,,,0,1,1,1,common,0.0,0.2223963674985809,0.6888302920812519,0.4403763896826331,0.0,0.0,0.09090909090909093,,,EXPLORE
1834,71,,,0,0,1,0,rare,1.0,0.6589623599655026,0.6869765845220425,0.5059521807674939,0.0,0.0,0.23017705927636645,,,EXPLORE
1835,71,,,0,1,0,0,rare,0.0,0.3358057646071669,0.5240197247498528,0.45490825591939577,0.0,0.0,0.09090909090909093,,,EXPLORE
1836,71,,,0,1,1,1,common,0.0,0.14455763887407758,0.46500949745467046,0.36180307080580026,0.0,0.0,0.23017705927636645,,,EXPLORE
1837,71,,,0,1,1,0,common,1.0,0.42832553397757667,0.42644741461045876,0.38175980975733315,0.0,0.0,0.33155527035247095,,,EXPLORE
1838,71,,,0,1,1,0,common,1.0,0.27841159708542484,0.6705512405513592,0.35075534595576063,0.0,0.0,0.40865139461585376,,,EXPLORE
1839,71,,,0,1,1,0,common,1.0,0.18096753810552613,0.6728713700161328,0.29981900360069025,0.0,0.0,0.46925370836719743,,,EXPLORE
1840,71,,,0,1,1,0,common,1.0,0.11762889976859203,0.5917181386410538,0.24516197245106078,0.0,0.0,0.5181414926281387,,,EXPLORE
1841,71,,,0,1,1,0,common,0.0,0.9235412151504152,0.5184256788068713,0.44867574526086706,0.0,0.0,0.5584101936095955,,,EXPLORE
1842,71,,,0,1,0,0,rare,0.0,0.21827374699465849,0.6908940306189132,0.37955514578100447,0.0,0.0,0.5921529537657815,,,EXPLORE
1843,71,,,0,1,1,0,common,0.0,0.6003017898477698,0.646435442583434,0.44577913900103405,0.0,0.0,0.6208359130085537,,,EXPLORE
1844,71,,,0,1,0,0,rare,1.0,0.8581220644534719,0.5577914837804431,0.5694820166367653,0.0,0.0,0.6455166258956538,,,EXPLORE
1845,71,,,0,0,0,0,common,0.0,0.44222065810524314,0.6929275213118655,0.5313036090773087,0.0,0.0,0.5906331472441102,,,EXPLORE
1846,71,,,0,1,1,0,common,0.0,0.3901961634010504,0.6397889876037847,0.48897137537443114,0.0,0.0,0.5165272127065766,,,EXPLORE
1847,71,,,0,1,1,0,common,1.0,0.7463724937893172,0.6930543626375069,0.566191710898897,0.0,0.0,0.5570684233666356,,,EXPLORE
1848,71,,,0,1,1,0,common,0.0,0.5148578790369438,0.597860261289223,0.5507915613403109,0.0,0.0,0.46952647133516434,,,EXPLORE
1849,71,,,0,1,1,1,common,1.0,0.9060375347318496,0.6909342457118157,0.6573653533577725,0.0,0.0,0.34048125043336674,,,EXPLORE
1850,71,,,0,1,0,1,rare,0.0,0.31618301586065234,0.5776987878083417,0.5550106521086364,0.0,0.0,0.13126163199472518,,,EXPLORE
1851,71,,,0,1,1,0,common,1.0,0.6653423786259866,0.688122782192709,0.5881101700638414,0.0,0.0,0.09090909090909093,,,EXPLORE
1852,71,,,0,0,0,0,common,0.0,0.28744342776840803,0.568836775753546,0.49791014737521133,0.0,0.0,0.09090909090909093,,,EXPLORE
1853,71,,,0,1,0,0,rare,0.0,0.18683822804946523,0.46819301976730715,0.40458857157748745,0.0,0.0,0.23017705927636645,,,EXPLORE
1854,71,,,0,1,1,0,common,0.0,0.5675274538931088,0.6364684573952029,0.4534702362721738,0.0,0.0,0.33155527035247095,,,EXPLORE
1855,71,,,0,0,0,0,common,1.0,0.8785551517678476,0.6903699946743604,0.5809957109208759,0.0,0.0,0.40865139461585376,,,EXPLORE
1856,71,,,0,0,1,0,rare,1.0,0.6311071549694793,0.5920380537338061,0.5960291441354568,0.0,0.0,0.24479250504532032,,,EXPLORE
1857,71,,,0,0,1,1,rare,1.0,0.5889243975757023,0.438539246175782,0.5938977201675304,0.0,0.0,0.09090909090909093,,,EXPLORE
1858,71,,,0,1,1,0,common,1.0,0.41021965073016153,0.33904809099253225,0.5387942993363197,0.0,0.0,0.09090909090909093,,,EXPLORE
1859,71,,,0,0,1,1,rare,1.0,0.3828008584242064,0.5659198494709045,0.4919962670626857,0.0,0.0,0.09090909090909093,,,EXPLORE
1860,71,,,0,1,1,1,common,0.0,0.7511794420242658,0.5011709738471325,0.5697512195511597,0.0,0.0,0.23017705927636645,,,EXPLORE
1861,71,,,0,0,1,0,rare,1.0,0.26664277297460504,0.3440627641642596,0.47881868557819324,0.0,0.0,0.09090909090909093,,,EXPLORE
1862,71,,,0,1,1,0,common,0.0,0.8266821975665067,0.30534954562068783,0.5831777391746873,0.0,0.0,0.23017705927636645,,,EXPLORE
1863,71,,,0,1,1,0,common,1.0,0.46265657158177054,0.22461039039711256,0.5470213888968123,0.0,0.0,0.09090909090909093,,,EXPLORE
1864,71,,,0,0,0,0,common,0.0,0.42893915135089905,0.4368362315349158,0.5115967176330383,0.0,0.0,0.09090909090909093,,,EXPLORE
1865,71,,,0,1,1,0,common,0.0,0.6992732284718491,0.6736927290400506,0.5678996708846815,0.0,0.0,0.09090909090909093,,,EXPLORE
1866,71,,,0,0,0,0,common,0.0,0.2788104483780844,0.5649023968034134,0.48117290413270236,0.0,0.0,0.09090909090909093,,,EXPLORE
1867,71,,,0,0,1,1,rare,0.0,0.4882666373157728,0.6848339847796194,0.48330102408762343,0.0,0.0,0.23017705927636645,,,EXPLORE
1868,71,,,0,0,1,1,rare,0.0,0.31737331425525234,0.6835326994122581,0.4335227111379121,0.0,0.0,0.33155527035247095,,,EXPLORE
1869,71,,,0,0,0,1,common,1.0,0.7944810396905759,0.6461555273670206,0.5418102097037112,0.0,0.0,0.40865139461585376,,,EXPLORE
1870,71,,,0,0,1,1,rare,1.0,0.793707345734086,0.657392533039632,0.6173793505128236,0.0,0.0,0.24479250504532032,,,EXPLORE
1871,71,,,0,1,1,1,common,0.0,0.4840902252728441,0.51788171098264,0.5773926129408297,0.0,0.0,0.09090909090909093,,,EXPLORE
1872,71,,,0,1,0,0,rare,0.0,0.18122679144575488,0.4184131979571466,0.45854286649230724,0.0,0.0,0.09090909090909093,,,EXPLORE
1873,71,,,0,1,1,0,common,1.0,0.545472401493298,0.35602309817399497,0.4846217269926044,0.0,0.0,0.23017705927636645,,,EXPLORE
1874,71,,,0,0,0,1,common,1.0,0.5164126757988745,0.6133118700858082,0.4941590116344854,0.0,0.0,0.33155527035247095,,,EXPLORE
1875,71,,,0,1,1,0,common,1.0,0.35455706097064366,0.5130621443824576,0.45227842643533284,0.0,0.0,0.40865139461585376,,,EXPLORE
1876,71,,,0,0,0,1,common,0.0,0.6643317607307316,0.6577634378791763,0.5158944267239525,0.0,0.0,0.46925370836719743,,,EXPLORE
1877,71,,,0,0,0,1,common,1.0,0.5681843555250244,0.6584656601187839,0.531581405364274,0.0,0.0,0.34006380567581695,,,EXPLORE
1878,71,,,0,0,1,1,rare,0.0,0.3146586464273487,0.6898287169462202,0.4665045776831964,0.0,0.0,0.13054442996824825,,,EXPLORE
1879,71,,,0,0,0,1,common,1.0,0.36931983109126587,0.6221416446506827,0.4373491537056172,0.0,0.0,0.2585142454885592,,,EXPLORE
1880,71,,,0,0,0,1,common,0.0,0.7599421097906771,0.6931458442919058,0.5341270405311351,0.0,0.0,0.35281663363530946,,,EXPLORE
1881,71,,,0,1,1,0,common,1.0,0.2304620896309184,0.6038450929924419,0.44302755526107007,0.0,0.0,0.1523308646880735,,,EXPLORE
1882,71,,,0,1,1,0,common,1.0,0.14980035826009697,0.4978320130904206,0.3550593961607781,0.0,0.0,0.27426241292599457,,,EXPLORE
1883,71,,,0,0,0,1,common,1.0,0.5060376286360598,0.42361989060353866,0.4003528659033626,0.0,0.0,0.3647282225947108,,,EXPLORE
1884,71,,,0,0,1,0,rare,1.0,0.09737023286906299,0.5997005789440311,0.30945807599307273,0.0,0.0,0.4345132832708919,,,EXPLORE
1885,71,,,0,0,0,1,common,1.0,0.3289244586134389,0.6759269900081855,0.3152979907791825,0.0,0.0,0.48997917535838786,,,EXPLORE
1886,71,,,0,0,0,1,common,1.0,0.21380089809873526,0.6930549238803891,0.2848488629750483,0.0,0.0,0.5351209628617716,,,EXPLORE
1887,71,,,0,0,0,1,common,1.0,0.13897058376417792,0.6882442655525631,0.2410853792117872,0.0,0.0,0.5725739946678466,,,EXPLORE
1888,71,,,0,0,0,1,common,1.0,0.0903308794467157,0.6784670511598804,0.19585902928226573,0.0,0.0,0.6041470154020265,,,EXPLORE
1889,71,,,0,1,1,1,common,1.0,0.7954718798222233,0.6694570441185823,0.37574288444425297,0.0,0.0,0.6311226909001346,,,EXPLORE
1890,71,,,0,0,0,1,common,0.0,0.9412849283596348,0.6868916684834363,0.5454054976188675,0.0,0.0,0.6544359079809073,,,EXPLORE
1891,71,,,0,0,1,0,rare,1.0,0.06329065136489098,0.5592370105566129,0.4007710437426745,0.0,0.0,0.6023668707446055,,,EXPLORE
1892,71,,,0,1,1,0,common,0.0,0.9588610766128208,0.6523577985258981,0.5681980536037183,0.0,0.0,0.6295928887672437,,,EXPLORE
1893,71,,,0,1,0,1,rare,0.0,0.6118352034337626,0.639106617866684,0.5812891985527315,0.0,0.0,0.5694730313068076,,,EXPLORE
1894,71,,,0,0,0,1,common,0.0,0.3976928822319457,0.4762119557152591,0.5262103036564958,0.0,0.0,0.48704993840206773,,,EXPLORE
1895,71,,,0,0,0,1,common,0.0,0.2585003734507647,0.6695727611637423,0.4458973245947765,0.0,0.0,0.3670935907449263,,,EXPLORE
1896,71,,,0,1,1,1,common,0.0,0.4829432781155548,0.685612140973076,0.45701111065100997,0.0,0.0,0.4363695983909992,,,EXPLORE
1897,71,,,0,1,0,1,rare,1.0,0.8319747572570029,0.683048987334884,0.5695002046328078,0.0,0.0,0.4914746209600929,,,EXPLORE
1898,71,,,0,1,1,1,common,0.0,0.3139131307751106,0.6244463522554924,0.49282408247549864,0.0,0.0,0.3737496483342996,,,EXPLORE
1899,71,,,0,1,0,1,rare,1.0,0.540783592217052,0.6927879501071518,0.5072119353979646,0.0,0.0,0.4416020236706027,,,EXPLORE
1900,71,,,0,1,1,0,common,1.0,0.3767403002016665,0.5843628298858172,0.4680704448390752,0.0,0.0,0.2972242768776462,,,EXPLORE
1901,71,,,0,0,0,1,common,1.0,0.35150933494108383,0.45334907724214224,0.43310211186967773,0.0,0.0,0.382220212719492,,,EXPLORE
1902,71,,,0,0,1,0,rare,1.0,0.2448811951310832,0.6440429013723518,0.3766358368480993,0.0,0.0,0.44827975012770466,,,EXPLORE
1903,71,,,0,0,0,1,common,1.0,0.2284810677117045,0.6930830365845669,0.33218940610718084,0.0,0.0,0.5010945101490705,,,EXPLORE
1904,71,,,0,0,1,0,rare,1.0,0.15917277683520403,0.6753750344937948,0.2802844173255878,0.0,0.0,0.5442828903002004,,,EXPLORE
1905,71,,,0,0,1,0,rare,0.0,0.8965376950571173,0.6440927879395674,0.4651604006450466,0.0,0.0,0.58025526317062,,,EXPLORE
1906,71,,,0,0,1,1,rare,1.0,0.7959564649961781,0.6518374800117949,0.564399219950386,0.0,0.0,0.6106792742808613,,,EXPLORE
1907,71,,,0,0,0,1,common,1.0,0.14851269401260792,0.6931243317069173,0.4396332621690525,0.0,0.0,0.5439808916215902,,,EXPLORE
1908,71,,,0,0,0,1,common,1.0,0.0965332511081951,0.6731559807914147,0.3367032588507953,0.0,0.0,0.5800016366176675,,,EXPLORE
1909,71,,,0,0,1,0,rare,1.0,0.41725049821287374,0.6418537952139798,0.36086743065941884,0.0,0.0,0.6104632746595281,,,EXPLORE
1910,71,,,0,0,1,0,rare,1.0,0.271212823838368,0.6151902634412525,0.33397104861310356,0.0,0.0,0.6365593025075066,,,EXPLORE
1911,71,,,0,0,1,0,rare,1.0,0.17628833549493916,0.5956987038788515,0.28666623467765423,0.0,0.0,0.6591643882102314,,,EXPLORE
1912,71,,,0,1,0,1,rare,1.0,0.06274661322032682,0.5822666494067905,0.219490348240456,0.0,0.0,0.6789341702964722,,,EXPLORE
1913,71,,,0,1,0,1,rare,1.0,0.04078529859321245,0.6494765751467131,0.1658788333462829,0.0,0.0,0.696369778754538,,,EXPLORE
1914,71,,,0,1,1,1,common,0.0,0.4826282977524843,0.6782681353851446,0.2609036726681433,0.0,0.0,0.7118608173227778,,,EXPLORE
1915,71,,,0,1,0,1,rare,1.0,0.026510444085588114,0.4570015746530807,0.19058570409337672,0.0,0.0,0.7257147534758528,,,EXPLORE
1916,71,,,0,0,1,0,rare,1.0,0.11458741807171047,0.5857028042568829,0.16778621828687684,0.0,0.0,0.7381774797222656,,,EXPLORE
1917,71,,,0,0,0,1,common,1.0,0.01723178865563224,0.57677349109627,0.12261988939750346,0.0,0.0,0.7494479928260988,,,EXPLORE
1918,71,,,0,1,0,1,rare,1.0,0.011200662626160929,0.5708583162299118,0.08919412136610069,0.0,0.0,0.7596890647786501,,,EXPLORE
1919,71,,,0,1,1,0,common,1.0,0.07448182174661178,0.6403598294604369,0.08478043148025402,0.0,0.0,0.7690351268287029,,,EXPLORE
1920,71,,,0,0,0,1,common,0.0,0.9927195692929954,0.6720795025352813,0.3571621728240764,0.0,0.0,0.7775981803274614,,,EXPLORE
1921,71,,,0,0,1,0,rare,0.0,0.9515868158647024,0.5888415504152007,0.5354895657362642,0.0,0.0,0.785472287466047,,,EXPLORE
1922,71,,,0,1,1,0,common,1.0,0.3814685696879434,0.39447724542663615,0.48928326692176793,0.0,0.0,0.7655217784748047,,,EXPLORE
1923,71,,,0,1,0,0,rare,1.0,0.8822025855602593,0.35950825342533377,0.6071590625133153,0.0,0.0,0.7743753846159515,,,EXPLORE
1924,71,,,0,0,1,1,rare,0.0,0.3137083935391148,0.33758096409461913,0.5191238618210552,0.0,0.0,0.752341555742064,,,EXPLORE
1925,71,,,0,0,1,0,rare,0.0,0.7520454297028367,0.23220113197049916,0.5890003321855897,0.0,0.0,0.7258351756439049,,,EXPLORE
1926,71,,,0,1,1,0,common,0.0,0.48882952930684387,0.17803969626481092,0.5589490913219659,0.0,0.0,0.6933424505338424,,,EXPLORE
1927,71,,,0,0,0,0,common,0.0,0.4265683193858314,0.4156105435610252,0.5192348597411255,0.0,0.0,0.6525795609812767,,,EXPLORE
1928,71,,,0,1,1,0,common,1.0,0.6822608059505515,0.36255499100395,0.5681426436039533,0.0,0.0,0.5999317131656187,,,EXPLORE
1929,71,,,0,1,0,1,rare,0.0,0.6452677200404471,0.26014546769360725,0.5912801665349015,0.0,0.0,0.5293181925716448,,,EXPLORE
1930,71,,,0,1,0,0,rare,0.0,0.27726940760079044,0.47589306987068475,0.4970769388546681,0.0,0.0,0.4296572867439523,,,EXPLORE
1931,71,,,0,0,1,1,rare,1.0,0.7960895441995754,0.6169989297744747,0.5867807204581403,0.0,0.0,0.4860721582586246,,,EXPLORE
1932,71,,,0,1,1,0,common,1.0,0.44346952386785854,0.670819735397095,0.5437873614810558,0.0,0.0,0.36561928131269295,,,EXPLORE
1933,71,,,0,0,0,1,common,1.0,0.5805759819737094,0.6594748288989525,0.5548239476288519,0.0,0.0,0.17394767421911408,,,EXPLORE
1934,71,,,0,0,1,0,rare,1.0,0.2882551905141081,0.6835901631785603,0.47485332049442874,0.0,0.0,0.09090909090909093,,,EXPLORE
1935,71,,,0,0,0,1,common,1.0,0.37737438828291114,0.6188391246139485,0.44560964083097343,0.0,0.0,0.23017705927636645,,,EXPLORE
1936,71,,,0,1,0,1,rare,1.0,0.24529335238389227,0.5532957044008537,0.38551475429684906,0.0,0.0,0.33155527035247095,,,EXPLORE
1937,71,,,0,1,1,0,common,1.0,0.18736587383417025,0.6603260103860841,0.3260700901580454,0.0,0.0,0.40865139461585376,,,EXPLORE
1938,71,,,0,1,0,0,rare,0.0,0.1802251149405138,0.6914276761590357,0.2823165975927859,0.0,0.0,0.46925370836719743,,,EXPLORE
1939,71,,,0,1,0,1,rare,0.0,0.84055932095047,0.5292231860739154,0.44978941460009114,0.0,0.0,0.5181414926281387,,,EXPLORE
1940,71,,,0,1,1,0,common,0.0,0.8782121820077893,0.3665028635169533,0.5783162448224006,0.0,0.0,0.5584101936095955,,,EXPLORE
1941,71,,,0,0,1,0,rare,1.0,0.42916208169493697,0.2729277881935757,0.5335699958841615,0.0,0.0,0.47143071844741774,,,EXPLORE
1942,71,,,0,0,0,1,common,0.0,0.5463635586178055,0.23564824485622993,0.5374080647042547,0.0,0.0,0.3433928097630087,,,EXPLORE
1943,71,,,0,0,0,1,common,1.0,0.6448636868984264,0.4884036824158823,0.5696447513625063,0.0,0.0,0.1362562465702104,,,EXPLORE
1944,71,,,0,1,0,0,rare,0.0,0.11714632471133397,0.3603649555223771,0.4338952233671545,0.0,0.0,0.09090909090909093,,,EXPLORE
1945,71,,,0,1,0,1,rare,1.0,0.4191613964839772,0.29828974603975605,0.4294750753022013,0.0,0.0,0.23017705927636645,,,EXPLORE
1946,71,,,0,1,0,1,rare,1.0,0.27245490771458525,0.5539025965044168,0.38236902502591646,0.0,0.0,0.33155527035247095,,,EXPLORE
1947,71,,,0,0,0,0,common,0.0,0.07614511106236709,0.6770996146139008,0.29050185083685165,0.0,0.0,0.40865139461585376,,,EXPLORE
1948,71,,,0,0,0,1,common,1.0,0.17709569001448044,0.6415981273235939,0.25648000259014025,0.0,0.0,0.46925370836719743,,,EXPLORE
1949,71,,,0,1,0,1,rare,0.0,0.8848878014905877,0.6924061347577575,0.44500234226027446,0.0,0.0,0.5181414926281387,,,EXPLORE
1950,71,,,0,1,0,1,rare,0.0,0.5751770709688819,0.5877973198473597,0.4840547608728567,0.0,0.0,0.5584101936095955,,,EXPLORE
1951,71,,,0,0,1,0,rare,1.0,0.27895535310170905,0.4632748947463616,0.42252493854151235,0.0,0.0,0.5921529537657815,,,EXPLORE
1952,71,,,0,0,0,1,common,1.0,0.6261349038702267,0.3587763110567819,0.48360792814012665,0.0,0.0,0.6208359130085537,,,EXPLORE
1953,71,,,0,1,0,1,rare,0.0,0.5930123124843526,0.29709101356632406,0.5164292434433944,0.0,0.0,0.6455166258956538,,,EXPLORE
1954,71,,,0,1,1,1,common,0.0,0.482541796270276,0.2318408101721095,0.5062630092914588,0.0,0.0,0.5906331472441102,,,EXPLORE
1955,71,,,0,0,0,1,common,1.0,0.6145419968851709,0.19552071162602547,0.5387467055695725,0.0,0.0,0.5165272127065766,,,EXPLORE
1956,71,,,0,1,1,0,common,1.0,0.18132097951611093,0.1691442395614384,0.43151898775353403,0.0,0.0,0.4109625938440015,,,EXPLORE
1957,71,,,0,1,1,1,common,0.0,0.3136521675756794,0.3806142259946792,0.3961589417001776,0.0,0.0,0.4710976560144697,,,EXPLORE
1958,71,,,0,1,0,1,rare,1.0,0.39945229797536097,0.26475905674385836,0.39714694858273264,0.0,0.0,0.5196467182911421,,,EXPLORE
1959,71,,,0,1,1,0,common,1.0,0.11785863668547214,0.47335153478347564,0.3133604550135545,0.0,0.0,0.5596620705828197,,,EXPLORE
1960,71,,,0,1,1,0,common,0.0,0.9233918861544431,0.6106567945548373,0.496369884355821,0.0,0.0,0.5932104014033012,,,EXPLORE
1961,71,,,0,0,0,1,common,1.0,0.2596439936839846,0.40392876707214265,0.4253521171542701,0.0,0.0,0.6217409023885946,,,EXPLORE
1962,71,,,0,0,0,1,common,0.0,0.83123140410541,0.37558096180148004,0.547115903239612,0.0,0.0,0.6462998629012481,,,EXPLORE
1963,71,,,0,1,1,0,common,1.0,0.399795273999612,0.644893235777753,0.502919714467612,0.0,0.0,0.5916669186942624,,,EXPLORE
1964,71,,,0,1,1,0,common,0.0,0.7401330719002521,0.690989521697061,0.574083721697404,0.0,0.0,0.5179541106329942,,,EXPLORE
1965,71,,,0,1,1,0,common,0.0,0.4810864967351639,0.6243599401510829,0.5461845542087319,0.0,0.0,0.41305818044197645,,,EXPLORE
1966,71,,,0,0,0,1,common,1.0,0.45969958733148353,0.5074894308478527,0.5202390641455574,0.0,0.0,0.25189397009851394,,,EXPLORE
1967,71,,,0,0,1,0,rare,0.0,0.31270622287785654,0.3866305637744112,0.45797921176524714,0.0,0.0,0.09090909090909093,,,EXPLORE
1968,71,,,0,0,0,1,common,1.0,0.2988047317654643,0.6095915570841055,0.41022686776531225,0.0,0.0,0.23017705927636645,,,EXPLORE
1969,71,,,0,0,0,1,common,1.0,0.1942230756475518,0.45828095388795664,0.34542573012998407,0.0,0.0,0.33155527035247095,,,EXPLORE
1970,71,,,0,1,1,0,common,0.0,0.20325904487060675,0.35630512210064025,0.30277572455217083,0.0,0.0,0.40865139461585376,,,EXPLORE
1971,71,,,0,0,0,1,common,1.0,0.1262449991709087,0.28213448298189636,0.24981650693779217,0.0,0.0,0.46925370836719743,,,EXPLORE
1972,71,,,0,1,1,1,common,0.0,0.2038739089241916,0.2306247945327213,0.236033727533712,0.0,0.0,0.5181414926281387,,,EXPLORE
1973,71,,,0,0,0,1,common,1.0,0.08205924946109067,0.19422168937078957,0.18984138411192558,0.0,0.0,0.5584101936095955,,,EXPLORE
1974,71,,,0,0,1,1,rare,0.0,0.13251804080072455,0.16852860332608005,0.17264438111856525,0.0,0.0,0.5921529537657815,,,EXPLORE
1975,71,,,0,0,0,1,common,1.0,0.05333851214970897,0.3861877352294982,0.13685262042790836,0.0,0.0,0.6208359130085537,,,EXPLORE
1976,71,,,0,0,0,1,common,1.0,0.034670032897310854,0.2728556612545119,0.1061978441687291,0.0,0.0,0.6455166258956538,,,EXPLORE
1977,71,,,0,0,1,0,rare,1.0,0.8678816208341056,0.21232233020878555,0.334702977168342,0.0,0.0,0.6669771225069359,,,EXPLOIT
1978,71,,,0,1,1,1,common,1.0,0.913863273479529,0.1788932209890313,0.5084510660616981,0.0,0.0,0.6858081495669813,,,EXPLORE
1979,71,,,0,0,1,1,rare,0.0,0.4059888722383061,0.397094274916856,0.4777124079146805,0.0,0.0,0.6429771347801725,,,EXPLORE
1980,71,,,0,1,1,1,common,0.0,0.26389276695489894,0.6488603686408225,0.413566515626746,0.0,0.0,0.6647593307830342,,,EXPLORE
1981,71,,,0,1,1,0,common,1.0,0.5641230535421686,0.5403231758011053,0.4587334770013728,0.0,0.0,0.6838546790558497,,,EXPLORE
1982,71,,,0,1,1,0,common,1.0,0.3666799848024096,0.6886629889336626,0.4311174293416838,0.0,0.0,0.7007306334756129,,,EXPLORE
1983,71,,,0,0,0,1,common,1.0,0.0225355213832521,0.6663897871689609,0.3085428569541543,0.0,0.0,0.7157521561896492,,,EXPLORE
1984,71,,,0,1,0,1,rare,1.0,0.014648088899113842,0.6912476870168585,0.22037442653764217,0.0,0.0,0.7292083477544482,,,EXPLORE
1985,71,,,0,0,0,1,common,1.0,0.009521257784424031,0.6816639722880927,0.1571184759116767,0.0,0.0,0.7413311843524297,,,EXPLORE
1986,71,,,0,0,1,0,rare,1.0,0.2383419901215662,0.6923437628427125,0.18148553017464353,0.0,0.0,0.752308962896358,,,EXPLORE
1987,71,,,0,0,0,0,common,0.0,0.049494322190538606,0.6796785478281784,0.14188816777941204,0.0,0.0,0.7622961194377409,,,EXPLORE
1988,71,,,0,0,0,1,common,0.0,0.9938111824401243,0.6000337836814646,0.3974650721776257,0.0,0.0,0.7714205130902718,,,EXPLORE
1989,71,,,0,1,1,0,common,1.0,0.154922293579018,0.4279180737478562,0.3247022385980434,0.0,0.0,0.7797889072665926,,,EXPLORE
1990,71,,,0,0,1,0,rare,1.0,0.10069949082636165,0.36755493793958766,0.2575014142665389,0.0,0.0,0.7874911481106163,,,EXPLORE
1991,71,,,0,1,1,0,common,1.0,0.06545466903713504,0.5595279379953855,0.19988739069771772,0.0,0.0,0.7946033876251934,,,EXPLORE
1992,71,,,0,1,0,1,rare,0.0,0.6459772685860808,0.5209240926475215,0.33371435406422667,0.0,0.0,0.8011905969525032,,,EXPLORE
1993,71,,,0,0,1,1,rare,0.0,0.1715302985206843,0.6931327628831976,0.28505913740116395,0.0,0.0,0.8073085457386411,,,EXPLORE
1994,71,,,0,1,1,0,common,1.0,0.042545534874137814,0.6120640504533363,0.2123050566430561,0.0,0.0,0.8130053753852684,,,EXPLORE
1995,71,,,0,0,0,1,common,0.0,0.41988522458095257,0.4958085311844245,0.274579107024425,0.0,0.0,0.8183228601848864,,,EXPLORE
1996,71,,,0,1,1,0,common,1.0,0.027654597668189562,0.3766767179781766,0.20050175421755437,0.0,0.0,0.8232974262682161,,,EXPLORE
1997,71,,,0,1,1,0,common,1.0,0.017975488484323177,0.3023668220653277,0.145743874497585,0.0,0.0,0.8279609809420998,,,EXPLORE
1998,71,,,0,1,0,1,rare,1.0,0.7270746040223808,0.25921010473138395,0.3201430933550237,0.0,0.0,0.8323415923434434,,,EXPLORE
1999,71,,,0,1,1,1,common,0.0,0.11149469403844481,0.2335744608096301,0.25754857356005,0.0,0.0,0.836464050007296,,,EXPLORE
2000,71,,,0,1,1,0,common,1.0,0.011684067514810104,0.4950185995080305,0.18378922174647802,0.0,0.0,0.8403503300016449,,,EXPLORE
