trial,seed,config_version,git_commit,s1,a1,s2,a2,trans_type,reward,u_delta,u_s,u_v,u_c,V_G,V_p,eta_G,eta_p,mode
1,46,,,0,0,1,1,rare,1.0,0.5,0.6931471803599453,0.15,0.0,0.5,0.5,,,EXPLOIT
2,46,,,0,0,1,1,rare,1.0,0.32499999999999996,0.6354546081677415,0.20249999999999999,0.0,0.5260663507109005,0.5433789954337899,,,EXPLOIT
3,46,,,0,0,0,0,common,1.0,0.5,0.5505918514747256,0.29174999999999995,0.0,0.5493262427328857,0.5794962364913165,,,EXPLOIT
4,46,,,0,0,0,1,common,0.0,0.5,0.4860578635263486,0.35422499999999996,0.0,0.570208762497792,0.6100329171214658,,,EXPLOIT
5,46,,,0,1,1,1,common,1.0,0.21124999999999994,0.6858209294008828,0.3113324999999999,0.0,0.5890597666503006,0.6361884525043351,,,EXPLOIT
6,46,,,0,1,1,0,common,0.0,0.5,0.6677057572910239,0.3679327499999999,0.0,0.6061611288293314,0.65884152052499,,,EXPLOIT
7,46,,,0,1,1,1,common,1.0,0.13731249999999995,0.6642438832841835,0.2987466749999999,0.0,0.621744881595395,0.678650554588017,,,EXPLOIT
8,46,,,0,0,0,0,common,1.0,0.32499999999999996,0.6821859970705819,0.3066226724999999,0.0,0.6360037662619006,0.6961186809978029,,,EXPLOIT
9,46,,,0,0,0,0,common,0.0,0.7887500000000001,0.6807272594762417,0.45126087074999993,0.0,0.6490992118689946,0.7116369601865663,,,EXPLOIT
10,46,,,0,0,0,0,common,1.0,0.4873124999999999,0.638054965112105,0.4620763595249999,0.0,0.661167445672263,0.7255139427248888,,,EXPLOIT
11,46,,,0,0,1,1,rare,0.0,0.9107468750000001,0.6925908710421069,0.5966775141675,0.0,0.6723242264513416,0.7379963399676884,,,EXPLOIT
12,46,,,0,0,0,0,common,1.0,0.31675312499999997,0.6111150749213803,0.51270019741725,0.0,0.6468027600789162,0.7083334813977286,,,EXPLORE
13,46,,,0,0,0,0,common,1.0,0.20588953124999998,0.6929562180792372,0.420656997567075,0.0,0.6172932052462237,0.6715159062456404,,,EXPLOIT
14,46,,,0,0,1,0,rare,1.0,0.675,0.6645488726243035,0.4969598982969525,0.0,0.6319248842978706,0.6898113477706408,,,EXPLOIT
15,46,,,0,0,1,0,rare,0.0,0.56125,0.6145867935963634,0.5162469288078667,0.0,0.6453483653412105,0.7060212248302702,,,EXPLOIT
16,46,,,0,1,1,1,common,1.0,0.40801453124999987,0.6778760400918076,0.4837772095405066,0.0,0.6156021986957249,0.6686097245249608,,,EXPLOIT
17,46,,,0,1,0,0,rare,1.0,0.1338281953125,0.6080589887125712,0.3787925052721046,0.0,0.6303766765317971,0.6872472719144328,,,EXPLOIT
18,46,,,0,1,1,1,common,1.0,0.2652094453124999,0.5421303050939897,0.3447175872842232,0.0,0.6439256721917205,0.7037423281635266,,,EXPLOIT
19,46,,,0,1,0,0,rare,0.0,0.913011673046875,0.49497373008653267,0.5152058130130187,0.0,0.6563949823549082,0.7184435480238913,,,EXPLOIT
20,46,,,0,1,1,1,common,1.0,0.17238613945312498,0.6903052990436022,0.41235991094505053,0.0,0.6284206481868803,0.6841608655472626,,,EXPLOIT
21,46,,,0,0,0,0,common,0.0,0.5934575874804688,0.630375890757624,0.46668921390567597,0.0,0.6421290094717159,0.7010022765690263,,,EXPLOIT
22,46,,,0,0,0,1,common,0.0,0.325,0.4754659788856626,0.4241824497339731,0.0,0.654739053987809,0.7159947765384856,,,EXPLOIT
23,46,,,0,0,0,0,common,0.0,0.38574743186230476,0.36616677574289835,0.4126519443724726,0.0,0.6663771285406908,0.7294263493559757,,,EXPLOIT
24,46,,,0,1,0,0,rare,1.0,0.7492641692895019,0.3013969778228459,0.5136356118475813,0.0,0.6771509166768742,0.7415281232380575,,,EXPLOIT
25,46,,,0,1,1,1,common,1.0,0.11205099064453128,0.2354824451566931,0.3931602254866663,0.0,0.6523490359769043,0.7126605170049711,,,EXPLOIT
26,46,,,0,1,1,1,common,1.0,0.07283314391894535,0.1987211522578394,0.29706210101635,0.0,0.6641684997981696,0.7264322698347767,,,EXPLOIT
27,46,,,0,1,1,1,common,1.0,0.04734154354731446,0.17736793505500575,0.22214593377563932,0.0,0.6751038841394593,0.7388248288596909,,,EXPLOIT
28,46,,,0,1,0,0,rare,0.0,0.5129782899618238,0.16452481786781414,0.3093956406314946,0.0,0.6852503109366744,0.7500349576081858,,,EXPLOIT
29,46,,,0,1,1,0,common,1.0,0.6351875,0.39225407296597564,0.4071331984420462,0.0,0.694689728902161,0.7602236905389615,,,EXPLOIT
30,46,,,0,1,0,0,rare,1.0,0.6665641115248145,0.2850660735014332,0.48496247236687673,0.0,0.7034931176411682,0.7695240906671305,,,EXPLOIT
31,46,,,0,1,1,1,common,1.0,0.03077200330575436,0.2264973201130505,0.34870533164854,0.0,0.7117222635520813,0.7780470700722341,,,EXPLOIT
32,46,,,0,1,0,0,rare,1.0,0.4332666724911295,0.19357583859820565,0.3740737339013168,0.0,0.7194312015258062,0.7858858150667577,,,EXPLOIT
33,46,,,0,1,1,0,common,0.0,0.587128125,0.17430731058667034,0.4379900512309217,0.0,0.7266673935871376,0.7931191912842652,,,EXPLOIT
34,46,,,0,1,1,1,common,1.0,0.020001802148740366,0.40349627185880255,0.3125935765062673,0.0,0.7334726988237644,0.7998143928750213,,,EXPLOIT
35,46,,,0,1,1,1,common,0.0,0.9869988286033188,0.2912444868359396,0.5149151521353827,0.0,0.7398841764851207,0.8060290245910728,,,EXPLOIT
36,46,,,0,0,0,0,common,0.0,0.7183766628807658,0.5122449233494266,0.5759536053589976,0.0,0.7234510850736996,0.789644465361949,,,EXPLOIT
37,46,,,0,0,0,1,common,0.0,0.21125000000000002,0.4654126287186564,0.46654252375129834,0.0,0.7050005529776789,0.7704483367302989,,,EXPLOIT
38,46,,,0,0,0,0,common,1.0,0.5330551691275022,0.43486692283567174,0.48649631736415944,0.0,0.7131332059665071,0.7788958100867679,,,EXPLOIT
39,46,,,0,1,1,1,common,1.0,0.3584507614078427,0.6764414791171955,0.4480826505772644,0.0,0.720754563214539,0.7866678995454555,,,EXPLOIT
40,46,,,0,0,1,1,rare,0.0,0.7670070050849023,0.5637223355538565,0.5437599569295557,0.0,0.7279110221464817,0.7938421397083961,,,EXPLOIT
41,46,,,0,1,1,0,common,1.0,0.6183667187499999,0.44381576079325324,0.566141985475689,0.0,0.7100201634918074,0.775389181515568,,,EXPLOIT
42,46,,,0,1,1,0,common,0.0,0.5980616328124999,0.3426429621710641,0.5757178796767322,0.0,0.689829234972389,0.753550344354723,,,EXPLOIT
43,46,,,0,1,1,1,common,1.0,0.5014454466948135,0.5791897652785785,0.5534361497821565,0.0,0.6668654562386123,0.7273010588984495,,,EXPLOIT
44,46,,,0,1,1,1,common,1.0,0.32593954035162875,0.4295175275334534,0.48518716695299813,0.0,0.6405169430795508,0.6951570019480879,,,EXPLOIT
45,46,,,0,1,1,1,common,1.0,0.2118607012285587,0.33420218469458624,0.4031892272356663,0.0,0.6532538974149293,0.7107798171247465,,,EXPLOIT
46,46,,,0,1,0,0,rare,1.0,0.3464858599328764,0.2787593084519067,0.38617821704482935,0.0,0.665004531240226,0.7247452097829857,,,EXPLOIT
47,46,,,0,1,1,0,common,0.0,0.38874006132812494,0.2461713419969233,0.38694677032981795,0.0,0.6758786128517084,0.7373030452225725,,,EXPLOIT
48,46,,,0,1,1,1,common,0.0,0.8622905442014368,0.5074549516093285,0.5295499024913035,0.0,0.6859702053494467,0.7486553675044268,,,EXPLOIT
49,46,,,0,1,1,1,common,1.0,0.43951114626906607,0.6599277365259799,0.5025382756246323,0.0,0.6624549030592977,0.721356489654166,,,EXPLOIT
50,46,,,0,1,1,1,common,0.0,0.7143177549251071,0.5007416199303857,0.5660721194147746,0.0,0.6354278701256978,0.6877855606883952,,,EXPLOIT
51,46,,,0,0,1,0,rare,0.0,0.2526810398632812,0.6574740137033268,0.47205479554932656,0.0,0.6040406883899195,0.6455029000323187,,,EXPLORE
52,46,,,0,0,1,0,rare,0.0,0.16424267591113278,0.6012813378778186,0.3797111596578684,0.0,0.6198090000510477,0.666965129444755,,,EXPLOIT
53,46,,,0,1,0,0,rare,0.0,0.7747841910436304,0.5555099462645864,0.498233069073597,0.0,0.6342294421123461,0.685797581247293,,,EXPLOIT
54,46,,,0,1,1,1,common,1.0,0.5356934592986804,0.6521233858574543,0.509471186141122,0.0,0.6474671128458597,0.7024549020549359,,,EXPLOIT
55,46,,,0,1,0,0,rare,1.0,0.4963902758216403,0.44599854362183106,0.5055469130452774,0.0,0.618065303002911,0.6641169469535994,,,EXPLOIT
56,46,,,0,1,1,1,common,1.0,0.3482007485441423,0.30342109508772813,0.4583430636949368,0.0,0.5836917315701896,0.615007685970884,,,EXPLOIT
57,46,,,0,1,1,1,common,1.0,0.22633048655369248,0.22714308581708842,0.3887392905525635,0.0,0.6012831489028437,0.6404791573842004,,,EXPLOIT
58,46,,,0,1,0,0,rare,0.0,0.6773463207159338,0.18585926789023968,0.47532139960157455,0.0,0.6172930036417662,0.6625799597882817,,,EXPLOIT
59,46,,,0,0,0,0,common,0.0,0.440275108465357,0.4030973740470567,0.46480751226070927,0.0,0.6319246996790883,0.6819367211132973,,,EXPLOIT
60,46,,,0,0,0,0,common,0.0,0.28617882050248206,0.37075571058493006,0.4112189047332411,0.0,0.6453481956567453,0.6990298080732217,,,EXPLOIT
61,46,,,0,0,1,1,rare,0.0,0.8528851837400999,0.35035266651317165,0.5437187884352987,0.0,0.657706607727952,0.71423364691078,,,EXPLOIT
62,46,,,0,1,1,0,common,0.0,0.10675773934223631,0.33739598503859947,0.41263047370738,0.0,0.6299387892575975,0.6789076353460576,,,EXPLOIT
63,46,,,0,1,1,1,common,1.0,0.4456246305689351,0.50913309494703,0.42252872076584647,0.0,0.6435233849179955,0.6963462849687654,,,EXPLOIT
64,46,,,0,1,0,0,rare,0.0,0.18601623332661332,0.3178323433917887,0.3515749745340765,0.0,0.6560241417846902,0.7118398713365626,,,EXPLOIT
65,46,,,0,1,1,1,common,0.0,0.7103439901301922,0.49494358094303836,0.4592056792129112,0.0,0.6675652335518575,0.7256959631441913,,,EXPLOIT
66,46,,,0,1,0,1,rare,1.0,0.8626875,0.605745705413292,0.5802502254490378,0.0,0.6782525635918676,0.7381605294332974,,,EXPLOIT
67,46,,,0,1,0,1,rare,0.0,0.439253125,0.3806054683215186,0.5379510953143265,0.0,0.6536133865279059,0.7085349053629758,,,EXPLOIT
68,46,,,0,1,0,0,rare,1.0,0.8790894483377013,0.5385206440110111,0.6402926012213389,0.0,0.6251983802072434,0.6717688170533845,,,EXPLOIT
69,46,,,0,1,1,1,common,0.0,0.461723593584625,0.33522357100355166,0.5867218989303247,0.0,0.5920693943132318,0.624929694473192,,,EXPLORE
70,46,,,0,1,1,1,common,1.0,0.6998796641699937,0.5075863173224393,0.6206692285022254,0.0,0.552949422057602,0.5632243921565878,,,EXPLOIT
71,46,,,0,0,1,1,rare,1.0,0.4549217817104959,0.3169439163768981,0.5709449944647065,0.0,0.5060544215750269,0.47824546840114923,,,EXPLORE
72,46,,,0,0,0,1,common,1.0,0.71448546875,0.6049735490330672,0.6140071367502945,0.0,0.44881393631980865,0.3537730562421424,,,EXPLORE
73,46,,,0,0,0,0,common,0.0,0.4285918585804941,0.6931459380033629,0.5583825532993544,0.0,0.377384109002546,0.15395451575155464,,,EXPLORE
74,46,,,0,0,0,1,common,1.0,0.46441555468749995,0.6151807733951521,0.530192453715798,0.0,0.28574766316619754,0.09090909090909093,,,EXPLORE
75,46,,,0,1,1,1,common,1.0,0.29569915811182235,0.6929439297158986,0.4598444650346053,0.0,0.16392487578921897,0.09090909090909093,,,EXPLORE
76,46,,,0,1,1,1,common,1.0,0.1922044527726845,0.6586319046166464,0.379552461356029,0.0,0.2390252917868608,0.23017705927636645,,,EXPLORE
77,46,,,0,0,0,1,common,1.0,0.30187011054687496,0.5996914027977216,0.3562477561132828,0.0,0.30116995039256345,0.33155527035247095,,,EXPLORE
78,46,,,0,1,1,1,common,0.0,0.875067105697755,0.6782661972559467,0.5118935609886244,0.0,0.3534427504204706,0.40865139461585376,,,EXPLORE
79,46,,,0,1,1,1,common,1.0,0.4312063812964593,0.6175118343795434,0.4876874070809748,0.0,0.25439177103149474,0.24479250504532032,,,EXPLORE
80,46,,,0,0,1,1,rare,1.0,0.2802841478426985,0.6899008871854929,0.4254664293094919,0.0,0.3140231044431551,0.34249371397422373,,,EXPLORE
81,46,,,0,1,1,1,common,1.0,0.182184696097754,0.6597122705884078,0.3524819093459705,0.0,0.3643518182550719,0.41714379219692344,,,EXPLORE
82,46,,,0,1,0,1,rare,1.0,0.19621557185546878,0.6917730440280745,0.30560200809882,0.0,0.4073952293900765,0.4760371173236807,,,EXPLORE
83,46,,,0,1,0,1,rare,0.0,0.8724598782939452,0.6895965141746202,0.4756593691573575,0.0,0.4446266897908994,0.5236840520465671,,,EXPLORE
84,46,,,0,0,0,1,common,1.0,0.4329010791089356,0.5715955616844348,0.4628318821428309,0.0,0.47714735583560625,0.5630234550203996,,,EXPLORE
85,46,,,0,1,1,1,common,1.0,0.11842005246354015,0.5215530486383109,0.35950833323904363,0.0,0.5057967360278135,0.5960522711426026,,,EXPLORE
86,46,,,0,1,1,0,common,0.0,0.0693925305724536,0.6378257459471016,0.2724735924390666,0.0,0.5312260468014889,0.6241748964804165,,,EXPLOIT
87,46,,,0,0,1,1,rare,1.0,0.07697303410130107,0.43239605785109014,0.21382342493773693,0.0,0.553948199364131,0.6484077824331347,,,EXPLOIT
88,46,,,0,0,0,1,common,1.0,0.2813857014208081,0.39849020730650986,0.23409210788265827,0.0,0.574372665102185,0.6695047378553708,,,EXPLOIT
89,46,,,0,0,1,1,rare,0.0,0.9499675278341543,0.3769356636247827,0.44885473386810704,0.0,0.5928303001494871,0.6880366125018424,,,EXPLOIT
90,46,,,0,0,0,1,common,0.0,0.8170992940764747,0.6486801977812378,0.5593281019306173,0.0,0.6095913481960741,0.7044436297556002,,,EXPLOIT
91,46,,,0,1,0,1,rare,0.0,0.5311145411497087,0.6849297177701565,0.5508640336963447,0.0,0.5737070085927345,0.6666238641768731,,,EXPLORE
92,46,,,0,1,1,1,common,0.0,0.6174788930922003,0.6738610116336039,0.5708484915151014,0.0,0.5310330472885417,0.6182650520473646,,,EXPLORE
93,46,,,0,0,1,0,rare,0.0,0.04510514487209484,0.6153522520927965,0.4131254875221994,0.0,0.47944401186792024,0.554252485401539,,,EXPLORE
94,46,,,0,0,0,1,common,0.0,0.34522445174731065,0.6849067096381932,0.39275517678973276,0.0,0.5078286547403735,0.5886446621134213,,,EXPLOIT
95,46,,,0,0,0,1,common,0.0,0.2243958936357519,0.6916703315231421,0.3422473918435385,0.0,0.5330364115336662,0.6178361062784781,,,EXPLORE
96,46,,,0,0,0,0,common,1.0,0.7214152919226788,0.6783141359708719,0.4559977618672806,0.0,0.5555712878250271,0.6429223861094642,,,EXPLOIT
97,46,,,0,0,0,0,common,1.0,0.4689199397497412,0.6016601968168815,0.4598744152320188,0.0,0.5758360321254388,0.664711542060542,,,EXPLORE
98,46,,,0,0,1,0,rare,0.0,0.029318344166861646,0.42874113197282326,0.3307075939124716,0.0,0.5941563485696949,0.6838126047824666,,,EXPLOIT
99,46,,,0,0,0,0,common,0.0,0.6952020391626682,0.6133183118995726,0.44005592748753053,0.0,0.6107984789951357,0.7006933085287248,,,EXPLOIT
100,46,,,0,0,0,0,common,1.0,0.5481186745442657,0.6844214437982333,0.47247475160455105,0.0,0.6259821803561764,0.7157188211489988,,,EXPLOIT
101,46,,,0,1,0,0,rare,1.0,0.3562771384537726,0.520269395810691,0.43761546765931747,0.0,0.6398904455617032,0.7291783968822727,,,EXPLOIT
102,46,,,0,0,0,0,common,1.0,0.2315801399949522,0.6894418592047347,0.3758048693600079,0.0,0.6526768828744923,0.7413041285970338,,,EXPLOIT
103,46,,,0,0,0,1,common,0.0,0.14585733086323877,0.6117191624691632,0.30682060781097714,0.0,0.6644713864515269,0.7522844030904874,,,EXPLOIT
104,46,,,0,0,0,0,common,0.0,0.8494729090032811,0.6912895476167248,0.4696162981686683,0.0,0.6753845425458641,0.762273726558659,,,EXPLOIT
105,46,,,0,0,0,0,common,1.0,0.44784260914786733,0.6276590073140437,0.46308419146242796,0.0,0.6855110884748804,0.7714000135024329,,,EXPLOIT
106,46,,,0,0,0,0,common,1.0,0.2910976959461138,0.6857871995247611,0.4114882428075337,0.0,0.6949326537099401,0.7797700715390553,,,EXPLOIT
107,46,,,0,0,1,1,rare,1.0,0.5986387194900697,0.6033859302439872,0.4676333858122945,0.0,0.703719951096989,0.7874737824382738,,,EXPLOIT
108,46,,,0,0,0,0,common,1.0,0.18921350236497392,0.5176705251867068,0.38410742077809834,0.0,0.7119345427339164,0.7945873271729891,,,EXPLOIT
109,46,,,0,0,1,1,rare,0.0,0.6108848323314546,0.4570181910081534,0.45214064424410516,0.0,0.7196302738111875,0.8011757006379028,,,EXPLOIT
110,46,,,0,0,1,1,rare,1.0,0.6029248589845545,0.6774026927311148,0.49737590866623993,0.0,0.7268544450405697,0.807294692102407,,,EXPLOIT
111,46,,,0,0,0,0,common,1.0,0.12298877653723306,0.5894240226158238,0.38505976902753786,0.0,0.7336487776350303,0.8129924592946216,,,EXPLOIT
112,46,,,0,0,0,0,common,0.0,0.9200572952507985,0.5070542478173756,0.5455590268945161,0.0,0.740050212436629,0.8183107901796709,,,EXPLOIT
113,46,,,0,0,1,1,rare,1.0,0.3919011583399604,0.6875644595060446,0.49946166632814937,0.0,0.7236368796949876,0.8038779268754088,,,EXPLOIT
114,46,,,0,0,1,1,rare,1.0,0.2547357529209743,0.6071300046160987,0.4260438923059968,0.0,0.7306211212785767,0.8098091493905925,,,EXPLOIT
115,46,,,0,0,1,1,rare,1.0,0.16557823939863325,0.5205945497535229,0.3479041964337877,0.0,0.7371962745004362,0.8153379458125677,,,EXPLOIT
116,46,,,0,0,0,1,common,1.0,0.9051927349388948,0.45896173650640865,0.5150907579853199,0.0,0.7433969547622504,0.8205036761491512,,,EXPLOIT
117,46,,,0,0,1,1,rare,1.0,0.10762585560911164,0.41884551292361516,0.3928512872724574,0.0,0.7273792366981563,0.8064053983747103,,,EXPLOIT
118,46,,,0,0,0,0,common,1.0,0.4019627580869809,0.39323221395582764,0.3955847285168144,0.0,0.7341428290229208,0.812163501141245,,,EXPLOIT
119,46,,,0,0,0,0,common,1.0,0.26127579275653756,0.3768869343245784,0.35529204778873136,0.0,0.7405161246415422,0.817536267052536,,,EXPLOIT
120,46,,,0,0,0,0,common,1.0,0.16982926529174946,0.3664158530076872,0.29965321303963677,0.0,0.7465316642689317,0.8225608787706323,,,EXPLOIT
121,46,,,0,0,0,0,common,1.0,0.11038902243963711,0.35968057429987693,0.24287395585963686,0.0,0.7522184693483084,0.8272698843982805,,,EXPLOIT
122,46,,,0,0,0,0,common,0.0,0.9282471354142359,0.35533415735575935,0.44848590972601654,0.0,0.7576025052955836,0.8316918977471097,,,EXPLOIT
123,46,,,0,0,0,1,common,0.0,0.41162472228971836,0.641299431913012,0.437427553495127,0.0,0.7627070734480103,0.8358521753600686,,,EXPLOIT
124,46,,,0,0,1,1,rare,0.0,0.9300431938540774,0.6860195603214678,0.5852122456028122,0.0,0.767553144198518,0.8397730948731265,,,EXPLOIT
125,46,,,0,0,0,0,common,1.0,0.3966393619807467,0.6147261637603033,0.5286403805161924,0.0,0.7542416680867369,0.8284362632024773,,,EXPLOIT
126,46,,,0,0,0,0,common,1.0,0.2578155852874854,0.6884717937275551,0.4473929419475803,0.0,0.7394712282613488,0.8155134790714447,,,EXPLOIT
127,46,,,0,0,1,0,rare,1.0,0.9809430762915399,0.6092443768433305,0.6074579822507682,0.0,0.7455447544421637,0.8206678734312487,,,EXPLOIT
128,46,,,0,0,0,0,common,1.0,0.16758013043686548,0.5222621159491934,0.47549462670659737,0.0,0.7297782627535375,0.8065944801230989,,,EXPLOIT
129,46,,,0,0,1,0,rare,0.0,0.362387000410499,0.46007263373943325,0.44156233881776785,0.0,0.7364021667964487,0.812339729184771,,,EXPLOIT
130,46,,,0,1,1,0,common,0.0,0.23555155026682434,0.6781622973568231,0.37975910225248477,0.0,0.7426475241875101,0.8177009008398989,,,EXPLOIT
131,46,,,0,1,1,1,common,1.0,0.39547192399484965,0.57854833142335,0.3844729487751942,0.0,0.7485455939408453,0.8227150184353608,,,EXPLOIT
132,46,,,0,1,1,1,common,0.0,0.7429432494033477,0.6927860413680093,0.49201403896364027,0.0,0.7541242859144576,0.8274144951757475,,,EXPLOIT
133,46,,,0,0,0,0,common,1.0,0.10892708478396251,0.6145029607804066,0.37708795270973694,0.0,0.7594085976619298,0.8318278300347713,,,EXPLOIT
134,46,,,0,0,0,0,common,1.0,0.07080260510957559,0.4895831926286063,0.2852023484296885,0.0,0.7644209846449201,0.8359801813016275,,,EXPLOIT
135,46,,,0,1,1,1,common,1.0,0.5170868878878241,0.40168375407034734,0.35476771026712917,0.0,0.7691816753720693,0.8398938421495783,,,EXPLOIT
136,46,,,0,0,0,0,common,1.0,0.04602169332122408,0.5951819759254426,0.2621439051833576,0.0,0.7737089407914082,0.8435886372131007,,,EXPLOIT
137,46,,,0,0,0,0,common,1.0,0.029914100658795628,0.5432470471832357,0.192474963825989,0.0,0.7780193255007316,0.8470822550683857,,,EXPLOIT
138,46,,,0,0,0,0,common,1.0,0.01944416542821714,0.5069431769677938,0.14056572430665745,0.0,0.7821278469438712,0.8503905283863586,,,EXPLOIT
139,46,,,0,1,1,1,common,0.0,0.6638935228729144,0.4828029301755714,0.2975640638765345,0.0,0.7860481676477836,0.8535276711207906,,,EXPLOIT
140,46,,,0,1,1,1,common,1.0,0.5684692101326057,0.30859044148695103,0.37883560775335584,0.0,0.7897927446633087,0.8565064802273019,,,EXPLOIT
141,46,,,0,0,0,0,common,1.0,0.012638707528341175,0.4945476833799118,0.2689765376858514,0.0,0.793372959653686,0.8593385079508391,,,EXPLOIT
142,46,,,0,0,0,0,common,0.0,0.9917848401065782,0.4788029799130439,0.4858190284120694,0.0,0.7967992324928086,0.8620342095725507,,,EXPLOIT
143,46,,,0,0,0,0,common,1.0,0.3553398539307242,0.691068124207624,0.4466752760676658,0.0,0.8000811207614811,0.8646030705996427,,,EXPLOIT
144,46,,,0,1,1,1,common,1.0,0.3695049865861937,0.6431566797365873,0.42352418922322416,0.0,0.8032274071426642,0.8670537166595309,,,EXPLOIT
145,46,,,0,1,0,0,rare,1.0,0.23097090505497075,0.6922677228630683,0.3657582039727481,0.0,0.8062461763986388,0.8693940087813922,,,EXPLOIT
146,46,,,0,1,0,0,rare,1.0,0.15013108828573096,0.6832120252206273,0.3010700692666429,0.0,0.8091448833507541,0.8716311262828442,,,EXPLOIT
147,46,,,0,0,0,0,common,1.0,0.09758520738572507,0.6602064536993899,0.24002461070236758,0.0,0.8119304130652456,0.8737716391029718,,,EXPLOIT
148,46,,,0,0,0,0,common,1.0,0.06343038480072127,0.6889253158124746,0.18704634293187367,0.0,0.8146091342680846,0.875821571116845,,,EXPLOIT
149,46,,,0,0,0,0,common,1.0,0.04122975012046881,0.6929900781856382,0.1433013650884522,0.0,0.8171869468612012,0.8777864557166545,,,EXPLOIT
150,46,,,0,0,0,0,common,1.0,0.02679933757830477,0.6891930539911867,0.10835075683540797,0.0,0.8196693242862988,0.8796713847394854,,,EXPLOIT
151,46,,,0,1,0,0,rare,1.0,0.017419569425898063,0.6840506214045763,0.081071400612555,0.0,0.8220613513765053,0.881481051652732,,,EXPLOIT
152,46,,,0,1,1,1,common,0.0,0.7598217587189741,0.6914727359650157,0.2846965080444807,0.0,0.82436775824677,0.8832197897683455,,,EXPLOIT
153,46,,,0,1,1,1,common,1.0,0.5061158568326669,0.4940295017030243,0.3511223126809365,0.0,0.8265929506983595,0.8848916061409554,,,EXPLOIT
154,46,,,0,0,0,0,common,0.0,0.9886772798731662,0.6086967721717752,0.5423888028386054,0.0,0.8287410375487144,0.8865002117080971,,,EXPLOIT
155,46,,,0,1,0,0,rare,0.0,0.6426402319175581,0.6651260394663405,0.5724642315622912,0.0,0.8211321414267038,0.8805611223680084,,,EXPLOIT
156,46,,,0,0,0,1,common,1.0,0.732443930511683,0.6556100209818043,0.6204581412471087,0.0,0.8129026860687275,0.8740357181958228,,,EXPLOIT
157,46,,,0,0,1,1,rare,1.0,0.32897530694123345,0.5645514684925536,0.5330132909553461,0.0,0.8039739977339824,0.8668330510254034,,,EXPLOIT
158,46,,,0,0,0,0,common,1.0,0.5822838492535872,0.4902813651722542,0.5477944584448184,0.0,0.7942535174207311,0.8588423370405669,,,EXPLOIT
159,46,,,0,0,0,1,common,0.0,0.5239114451674061,0.4403001700460208,0.5406295544615947,0.0,0.7836315961561833,0.8499272372508372,,,EXPLOIT
160,46,,,0,1,0,1,rare,0.0,0.34054243935881395,0.6734696891775455,0.48060341993076044,0.0,0.7719773597590269,0.8399180378128599,,,EXPLOIT
161,46,,,0,1,0,0,rare,1.0,0.37848450201483175,0.5669689541005988,0.4499677445559818,0.0,0.7763701090125217,0.8436114982229643,,,EXPLOIT
162,46,,,0,1,1,1,common,1.0,0.2138339495118018,0.6914984925357432,0.37912760604272777,0.0,0.7805553326537937,0.8471038878224936,,,EXPLOIT
163,46,,,0,1,0,0,rare,1.0,0.2460149263096406,0.6616913001170237,0.3391938021228016,0.0,0.7845472004879777,0.8504110282676957,,,EXPLOIT
164,46,,,0,1,1,1,common,0.0,0.8610079328173288,0.5983600309340005,0.49573804133115973,0.0,0.7883586212806805,0.8535471238870117,,,EXPLOIT
165,46,,,0,1,1,1,common,1.0,0.4403448436687363,0.6871194937553555,0.47912008203243267,0.0,0.7920013799929116,0.8565249631949693,,,EXPLOIT
166,46,,,0,1,1,0,common,0.0,0.1531085076734358,0.6693842336536009,0.3813166097247336,0.0,0.7954862574759447,0.8593560910090251,,,EXPLOIT
167,46,,,0,1,1,1,common,1.0,0.2862241483846786,0.6593919398416801,0.352788871322717,0.0,0.7988231351869959,0.8620509560538167,,,EXPLOIT
168,46,,,0,1,1,1,common,0.0,0.8139543035499589,0.6859502537746394,0.4911385009908895,0.0,0.8020210870680323,0.8646190380312704,,,EXPLOIT
169,46,,,0,1,0,0,rare,1.0,0.15990970210126643,0.6416726684379166,0.3917698613240026,0.0,0.8050884603868667,0.8670689574137823,,,EXPLOIT
170,46,,,0,0,1,1,rare,1.0,0.47092970269252676,0.690109959652466,0.41551781373455987,0.0,0.808032947057169,0.8694085706402837,,,EXPLOIT
171,46,,,0,0,0,0,common,0.0,0.8960586936341768,0.6707270778415062,0.5596800777044448,0.0,0.8108616467204532,0.871645052930264,,,EXPLOIT
172,46,,,0,1,1,1,common,1.0,0.30610430675014244,0.651220825235264,0.48360734641815406,0.0,0.8017550078398656,0.8641855485619085,,,EXPLOIT
173,46,,,0,1,1,1,common,0.0,0.8010322006124074,0.5575839329733164,0.5788348026764301,0.0,0.8048331499253056,0.8666552316570528,,,EXPLOIT
174,46,,,0,1,1,1,common,1.0,0.4793290696019352,0.6926036608277231,0.5489830827540816,0.0,0.7951903637648522,0.8586445221730912,,,EXPLOIT
175,46,,,0,0,0,0,common,0.0,0.582438150862215,0.6225455148664768,0.5590196031865216,0.0,0.784657118475756,0.8497058661477239,,,EXPLOIT
176,46,,,0,0,0,0,common,1.0,0.6214152019395602,0.48781526304436407,0.5777382828124331,0.0,0.7731047113915606,0.8396686512433987,,,EXPLOIT
177,46,,,0,1,1,1,common,0.0,0.6884361047587421,0.665847433855375,0.6109476293963257,0.0,0.7603783821464833,0.8283177097363013,,,EXPLOIT
178,46,,,0,1,1,1,common,1.0,0.5525165319068177,0.6671474999161505,0.5934183001494733,0.0,0.7462903663634873,0.8153777580507992,,,EXPLOIT
179,46,,,0,0,0,1,common,1.0,0.778647414416771,0.6797603096121805,0.6489870344296625,0.0,0.7306106021526666,0.80049082541985,,,EXPLOIT
180,46,,,0,0,0,1,common,0.0,0.4938791806290989,0.6819941523489846,0.6024546782894935,0.0,0.7130541088853106,0.7831826872031026,,,EXPLOIT
181,46,,,0,0,0,1,common,1.0,0.6789785325910858,0.6369662317332652,0.6254118345799712,0.0,0.6932635598651096,0.7628115017332503,,,EXPLOIT
182,46,,,0,0,0,0,common,0.0,0.5960801187392859,0.6926045153389435,0.6166123198277655,0.0,0.6707847690386766,0.7384865757606858,,,EXPLOIT
183,46,,,0,0,0,1,common,1.0,0.44133604618420574,0.6116952561788652,0.5640294377346976,0.0,0.6450314860515177,0.7089348153211191,,,EXPLOIT
184,46,,,0,1,0,1,rare,0.0,0.7131315699802663,0.6930097424515189,0.6087600774083681,0.0,0.6152336327120628,0.6722708307142805,,,EXPLOIT
185,46,,,0,0,0,1,common,1.0,0.5364644795128269,0.6099729746268285,0.5870713980397058,0.0,0.580359121624038,0.6255785219458416,,,EXPLORE
186,46,,,0,0,1,1,rare,1.0,0.3591357457394315,0.5021425512276182,0.5186907023496234,0.0,0.5389920650719758,0.5640952373925525,,,EXPLORE
187,46,,,0,1,1,1,common,1.0,0.23343823473063052,0.42584333370009186,0.4331149620639256,0.0,0.4891360854544844,0.47947526640672045,,,EXPLORE
188,46,,,0,1,0,1,rare,1.0,0.34870191168333753,0.6020400448733456,0.40779104694974916,0.0,0.5164161660688616,0.5264987658547705,,,EXPLOIT
189,46,,,0,1,0,1,rare,0.0,0.7733437574058306,0.6771975526360599,0.5174568600865735,0.0,0.5406976000828332,0.5653700115179346,,,EXPLOIT
190,46,,,0,0,0,1,common,0.0,0.50267344231379,0.49474468441527353,0.5130218347547384,0.0,0.49120877167672006,0.4812738748341061,,,EXPLORE
191,46,,,0,1,1,1,common,0.0,0.8482651474250902,0.6863456544912505,0.6135948285558439,0.0,0.43045524252076867,0.3583662762410887,,,EXPLORE
192,46,,,0,1,0,1,rare,0.0,0.3267377375039635,0.5980158401515551,0.5275377012402798,0.0,0.35410129321345357,0.1617323133139235,,,EXPLORE
193,46,,,0,0,1,1,rare,1.0,0.4486276541736913,0.5057877319898465,0.5038646871203032,0.0,0.25525866094332067,0.09090909090909093,,,EXPLORE
194,46,,,0,0,0,0,common,1.0,0.6125479228194641,0.36607532487186284,0.5364696578300514,0.0,0.12228392575660282,0.09090909090909093,,,EXPLORE
195,46,,,0,0,0,0,common,1.0,0.3981561498326517,0.2848264326062416,0.49497560543083147,0.0,0.09090909090909093,0.09090909090909093,,,EXPLORE
196,46,,,0,0,1,1,rare,0.0,0.7083920247871006,0.23876291208917955,0.5590005312377122,0.0,0.17965545529122232,0.23017705927636645,,,EXPLORE
197,46,,,0,1,1,1,common,1.0,0.5395451838883846,0.4859546567119442,0.553163927032914,0.0,0.09090909090909093,0.09090909090909093,,,EXPLORE
198,46,,,0,1,1,1,common,1.0,0.35070436952745,0.678901097887054,0.49242605978127474,0.0,0.09090909090909093,0.09090909090909093,,,EXPLORE
199,46,,,0,1,1,1,common,1.0,0.2279578401928425,0.6752116572576053,0.41308559390474503,0.0,0.17965545529122232,0.23017705927636645,,,EXPLORE
200,46,,,0,1,1,1,common,1.0,0.1481725961253476,0.6100762368811219,0.33361169457092577,0.0,0.25195053896963665,0.33155527035247095,,,EXPLORE
201,46,,,0,1,1,1,common,0.0,0.903687812518524,0.5501964437592171,0.5046345299552052,0.0,0.31197800201026266,0.40865139461585376,,,EXPLORE
202,46,,,0,0,0,0,common,1.0,0.2588014973912236,0.692896722328507,0.4308846201860107,0.0,0.1993001761833469,0.24479250504532032,,,EXPLORE
203,46,,,0,0,1,1,rare,1.0,0.41260292186295944,0.6432868986031981,0.4254001106890953,0.0,0.26815974121110425,0.34249371397422373,,,EXPLORE
204,46,,,0,1,1,1,common,1.0,0.2681918992109237,0.5742265179864191,0.3782376472456438,0.0,0.32557939469916625,0.41714379219692344,,,EXPLORE
205,46,,,0,1,1,1,common,0.0,0.8256752655128996,0.6714513728730036,0.5124689327258205,0.0,0.37418905850028505,0.4760371173236807,,,EXPLORE
206,46,,,0,1,0,0,rare,0.0,0.8317790266957047,0.4931537899350557,0.6082619609167856,0.0,0.28158205505239875,0.3504160130304567,,,EXPLORE
207,46,,,0,0,1,1,rare,1.0,0.46331107741661526,0.351306128402239,0.5647766958667345,0.0,0.1582689537913006,0.14824922206986088,,,EXPLORE
208,46,,,0,0,0,0,common,1.0,0.459343632647792,0.3008997295229847,0.5331467769010517,0.0,0.09090909090909093,0.09090909090909093,,,EXPLORE
209,46,,,0,1,0,0,rare,1.0,0.2985733612210648,0.2706501234147255,0.46277475219705566,0.0,0.09090909090909093,0.09090909090909093,,,EXPLORE
210,46,,,0,0,1,1,rare,1.0,0.3011522003207999,0.47292786712315704,0.4142879866341789,0.0,0.17965545529122232,0.23017705927636645,,,EXPLORE
211,46,,,0,1,0,0,rare,1.0,0.1940726847936921,0.4488315333230094,0.3482233960820328,0.0,0.25195053896963665,0.33155527035247095,,,EXPLORE
212,46,,,0,0,0,0,common,1.0,0.12614724511589992,0.5858864420140054,0.2816005507921929,0.0,0.31197800201026266,0.40865139461585376,,,EXPLORE
213,46,,,0,1,1,1,common,1.0,0.1957489302085199,0.5720098348421725,0.255845064617091,0.0,0.3626137856372424,0.46925370836719743,,,EXPLORE
214,46,,,0,0,1,1,rare,1.0,0.127236804635538,0.6447778934134796,0.2172625866226251,0.0,0.4059000327452924,0.5181414926281387,,,EXPLORE
215,46,,,0,0,0,0,common,0.0,0.918004290674665,0.6380291330182735,0.42748509783823707,0.0,0.4433268371345312,0.5584101936095955,,,EXPLOIT
216,46,,,0,0,0,0,common,0.0,0.5967027889385323,0.637431882330628,0.4782504051683256,0.0,0.4760069778008542,0.5921529537657815,,,EXPLORE
217,46,,,0,1,1,1,common,1.0,0.0827039230130997,0.4576047614083377,0.35958646052175786,0.0,0.5047882362938754,0.6208359130085537,,,EXPLORE
218,46,,,0,1,1,1,common,0.0,0.9462424500414852,0.3981259591664765,0.535583257377676,0.0,0.5303278475182935,0.6455166258956538,,,EXPLOIT
219,46,,,0,0,1,0,rare,0.0,0.09952052998773328,0.6471244192098267,0.40476443916069316,0.0,0.4785836872173653,0.5906331472441102,,,EXPLORE
220,46,,,0,0,0,1,common,0.0,0.2123795293775763,0.5409824759256355,0.3470489662257581,0.0,0.5070673660175194,0.6195358799221233,,,EXPLOIT
221,46,,,0,0,0,0,common,1.0,0.612143187189954,0.45788768240502953,0.42657723251501684,0.0,0.5323580250305451,0.6443919791875202,,,EXPLOIT
222,46,,,0,1,0,0,rare,0.0,0.6021069283265299,0.6714419549605197,0.4792361412584707,0.0,0.5549629929961761,0.6659946704690295,,,EXPLORE
223,46,,,0,1,1,1,common,1.0,0.38494240747303454,0.67585913085744,0.4509480211228398,0.0,0.5752875280334645,0.6849425765292996,,,EXPLORE
224,46,,,0,1,1,1,common,1.0,0.25021256485747245,0.6620032235888047,0.3907273842432296,0.0,0.5936592581367034,0.701695946368089,,,EXPLOIT
225,46,,,0,1,1,1,common,1.0,0.16263816715735713,0.5660252306346855,0.3223006191174679,0.0,0.6103459199698388,0.7166144529566388,,,EXPLOIT
226,46,,,0,1,0,0,rare,1.0,0.6086304965877556,0.4854662269677169,0.40819958235855414,0.0,0.6255684461747901,0.7299832431231392,,,EXPLOIT
227,46,,,0,1,1,1,common,1.0,0.10571480865228211,0.43133164764251164,0.3174541502466725,0.0,0.6395107646115926,0.7420312896728967,,,EXPLOIT
228,46,,,0,1,1,1,common,1.0,0.06871462562398334,0.39670617332827984,0.24283229285986574,0.0,0.6523272345758572,0.7529445749903035,,,EXPLOIT
229,46,,,0,1,0,1,rare,0.0,0.13804669409542458,0.37471692285972996,0.21139661323053338,0.0,0.6641483591059595,0.7628757281997437,,,EXPLOIT
230,46,,,0,1,0,0,rare,0.0,0.6043901772179588,0.6470132878806074,0.329294682426761,0.0,0.6750852222906394,0.7719511811338755,,,EXPLOIT
231,46,,,0,1,0,1,rare,0.0,0.08973035116202599,0.6857218206307052,0.2574253830473405,0.0,0.6852329716821576,0.7802765577236589,,,EXPLOIT
232,46,,,0,1,1,1,common,1.0,0.04466450665558919,0.6177431971936496,0.19359712012981506,0.0,0.6946735772528412,0.7879407854997047,,,EXPLOIT
233,46,,,0,1,1,1,common,0.0,0.970968070673867,0.6868157495738116,0.42680840529303066,0.0,0.7034780363712485,0.7950192692691568,,,EXPLOIT
234,46,,,0,1,1,0,common,0.0,0.06468834449202664,0.6625817698776894,0.31817238705272943,0.0,0.7117081503704933,0.8015763673962502,,,EXPLOIT
235,46,,,0,0,1,1,rare,1.0,0.36887075406198644,0.5869926003101874,0.33338189715550653,0.0,0.7194179667714037,0.8076673431599419,,,EXPLOIT
236,46,,,0,0,0,1,common,1.0,0.9416752717446831,0.42450912699091764,0.5158699095322594,0.0,0.7266549583379084,0.813339916577549,,,EXPLOIT
237,46,,,0,0,0,0,common,1.0,0.6071463848083267,0.32165535459538713,0.5432528521150796,0.0,0.7086073947598202,0.7981330732223825,,,EXPLOIT
238,46,,,0,0,0,0,common,0.0,0.6053548498745877,0.2629838626529212,0.561883451442932,0.0,0.6882285823113894,0.7804234745316152,,,EXPLOIT
239,46,,,0,0,1,1,rare,0.0,0.7602340098597088,0.5110477935844924,0.6213886189679649,0.0,0.6650368853936233,0.759539008454144,,,EXPLOIT
240,46,,,0,0,0,1,common,0.0,0.3879110733659559,0.6551463527564036,0.5513453552873622,0.0,0.6384081821237811,0.734543242595817,,,EXPLOIT
241,46,,,0,1,1,1,common,1.0,0.5058478935911892,0.6927292060534523,0.5376961167785103,0.0,0.6075189648887863,0.7040913202871772,,,EXPLOIT
242,46,,,0,1,1,0,common,0.0,0.04204742391981732,0.5753446516183056,0.38900150892090235,0.0,0.5712598080462054,0.6661800427281188,,,EXPLORE
243,46,,,0,1,0,1,rare,0.0,0.2521421976878714,0.6785181539641362,0.347943715550993,0.0,0.5900111503045072,0.6851058698893405,,,EXPLOIT
244,46,,,0,1,0,0,rare,1.0,0.606519347581518,0.6918015654958682,0.4255164051601505,0.0,0.607026340145338,0.7018408758357331,,,EXPLOIT
245,46,,,0,1,1,0,common,0.0,0.027330825547881257,0.5812821507408372,0.3060607312764697,0.0,0.6225350811388362,0.7167439445374071,,,EXPLOIT
246,46,,,0,0,1,1,rare,1.0,0.3288011308342731,0.6801001447681233,0.3128828511438107,0.0,0.6367282673730432,0.7300996326812867,,,EXPLOIT
247,46,,,0,1,1,1,common,1.0,0.2137207350422775,0.6279831879192033,0.28313421631335073,0.0,0.6497658476065711,0.742136464543655,,,EXPLOIT
248,46,,,0,1,0,0,rare,1.0,0.3942375759279868,0.6875928707872263,0.31646522419774153,0.0,0.6617828516394916,0.7530400766881911,,,EXPLOIT
249,46,,,0,1,1,1,common,1.0,0.13891847777748034,0.613164264117152,0.26320120027166316,0.0,0.6728940611707395,0.7629628281441808,,,EXPLOIT
250,46,,,0,1,1,1,common,0.0,0.9097029894446378,0.5326369251075077,0.4571517370235555,0.0,0.6831976680008911,0.7720309373141541,,,EXPLOIT
251,46,,,0,0,0,1,common,1.0,0.8361075715028836,0.6918384354149565,0.5708384873673539,0.0,0.692778166785197,0.7803498576744982,,,EXPLOIT
252,46,,,0,1,1,1,common,1.0,0.40869305686098545,0.6508440228244498,0.5221948582154433,0.0,0.6702311629501397,0.7594516022678645,,,EXPLOIT
253,46,,,0,1,1,1,common,1.0,0.26565048695964055,0.6925938173021736,0.4452315468387025,0.0,0.6443942429597301,0.7344377819718839,,,EXPLOIT
254,46,,,0,1,0,0,rare,1.0,0.25625442435319146,0.6632866210405084,0.3885384100930492,0.0,0.6568269722451548,0.7460601191445413,,,EXPLOIT
255,46,,,0,1,0,0,rare,0.0,0.8334346241704256,0.623259960699337,0.522007274316262,0.0,0.6683076708671319,0.7566057529541841,,,EXPLOIT
256,46,,,0,0,0,0,common,1.0,0.4582674942892233,0.669215254358835,0.5028853403081504,0.0,0.6421790318191085,0.7310002040145552,,,EXPLOIT
257,46,,,0,0,0,0,common,1.0,0.29787387128799514,0.6020580547289783,0.4413818996021037,0.0,0.6119137432253711,0.6997267683826464,,,EXPLOIT
258,46,,,0,0,0,0,common,1.0,0.19361801633719689,0.5431130005325195,0.3670527346226316,0.0,0.6270019662780403,0.7148557735711882,,,EXPLOIT
259,46,,,0,0,0,0,common,1.0,0.125851710619178,0.5014161502321259,0.29469242742159546,0.0,0.6408264638730131,0.7284031048013956,,,EXPLOIT
260,46,,,0,0,0,0,common,0.0,0.9181963880975343,0.47368116764344775,0.48174361562437706,0.0,0.6535390046282045,0.740603891053394,,,EXPLOIT
261,46,,,0,1,0,0,rare,1.0,0.4031723477366027,0.6887957206021178,0.45817223525804474,0.0,0.6652679906047754,0.7516488568603974,,,EXPLOIT
262,46,,,0,1,1,1,common,1.0,0.17267281652376631,0.6714715247575731,0.37252240963776123,0.0,0.6761227875944773,0.7616943320421543,,,EXPLOIT
263,46,,,0,1,1,0,common,0.0,0.017765036606122817,0.6163255839192738,0.26609519772826973,0.0,0.6861971268374663,0.7708696705514815,,,EXPLOIT
264,46,,,0,1,0,0,rare,0.0,0.7379379739712082,0.6799659113330871,0.4076480306011513,0.0,0.6955718024598379,0.7792828284642014,,,EXPLOIT
265,46,,,0,1,1,1,common,0.0,0.8877626692595519,0.5682093724680182,0.5516824221986715,0.0,0.7043168290705161,0.7870246128548094,,,EXPLOIT
266,46,,,0,0,1,0,rare,0.0,0.01154727379397983,0.463213303334381,0.38964187767726394,0.0,0.683361773804346,0.7673566191064768,,,EXPLOIT
267,46,,,0,0,1,1,rare,0.0,0.5770457350187088,0.6361590851429354,0.44586303487969736,0.0,0.6929309569968105,0.7760579135079856,,,EXPLOIT
268,46,,,0,0,1,1,rare,1.0,0.6249202722378393,0.6907684387259985,0.49958020608713993,0.0,0.701851261816826,0.7840539296528071,,,EXPLOIT
269,46,,,0,0,1,0,rare,0.0,0.0075057279660868895,0.5461902400817507,0.351957862650824,0.0,0.7101861166549241,0.7914267187384407,,,EXPLOIT
270,46,,,0,0,0,1,common,0.0,0.45653007852312566,0.66842163386287,0.38332952741251447,0.0,0.7179909442436986,0.7982460797386487,,,EXPLOIT
271,46,,,0,0,0,1,common,0.0,0.2967445510400317,0.69309106762648,0.3573540345007696,0.0,0.7253143860838797,0.8045717640529155,,,EXPLOIT
272,46,,,0,1,0,0,rare,1.0,0.5203403169187146,0.6799017621262787,0.40624991922615306,0.0,0.7321993088164823,0.8104552206502902,,,EXPLOIT
273,46,,,0,1,1,1,common,0.0,0.5938018230454045,0.4942981269749194,0.46251549037192846,0.0,0.7386836365396702,0.81594098969142,,,EXPLOIT
274,46,,,0,0,1,0,rare,1.0,0.9951212768220435,0.6323616262001892,0.622297226306963,0.0,0.7448010432069827,0.8210678245532224,,,EXPLOIT
275,46,,,0,0,0,0,common,0.0,0.6617787940028355,0.6650369809480909,0.6341416966157247,0.0,0.7289477956011795,0.8070549466732471,,,EXPLOIT
276,46,,,0,0,0,0,common,1.0,0.5698437838981569,0.690756734316326,0.6148523228004543,0.0,0.7111857421870693,0.7908384943664852,,,EXPLOIT
277,46,,,0,0,1,0,rare,1.0,0.6468288299343283,0.6087959549136375,0.6244452749406165,0.0,0.6911491320063867,0.7718553722436184,,,EXPLOIT
278,46,,,0,0,1,0,rare,1.0,0.42043873945731347,0.47345609875349404,0.5632433142956256,0.0,0.6683723960328982,0.7493327659192883,,,EXPLOIT
279,46,,,0,0,0,1,common,1.0,0.8071160418239793,0.38048314177290604,0.6364051325541317,0.0,0.6422536016780378,0.7221804833150711,,,EXPLOIT
280,46,,,0,0,1,0,rare,0.0,0.7267148193527462,0.3240623842004975,0.6634980385937159,0.0,0.6120005826218243,0.6888093883328056,,,EXPLORE
281,46,,,0,0,0,1,common,0.0,0.47537457281441337,0.5860324737660707,0.6070609988599251,0.0,0.5765493402639231,0.6468090853142205,,,EXPLORE
282,46,,,0,0,0,1,common,0.0,0.3089934723293687,0.6888349788851241,0.5176407409007582,0.0,0.5344365030029937,0.5923386754312782,,,EXPLORE
283,46,,,0,0,1,1,rare,1.0,0.6140288150204871,0.6797060663831299,0.5465571631366768,0.0,0.4835925404901984,0.5188806723144572,,,EXPLORE
284,46,,,0,1,0,0,rare,1.0,0.370398459533802,0.6300376822411181,0.49370955205581435,0.0,0.42099165346356193,0.4144175934361502,,,EXPLORE
285,46,,,0,0,0,0,common,1.0,0.24075899869697137,0.6874237879637444,0.41782438604816147,0.0,0.456468541517388,0.47385716272180484,,,EXPLORE
286,46,,,0,0,1,0,rare,0.0,0.472364632579285,0.6654638930656059,0.4341864600074985,0.0,0.48755310371574073,0.5219012991734394,,,EXPLORE
287,46,,,0,1,1,1,common,0.0,0.6008812702366835,0.6659432270035981,0.484194903076254,0.0,0.5150121903330123,0.5615385344928759,,,EXPLORE
288,46,,,0,1,1,0,common,0.0,0.30703701117653526,0.6812601017597695,0.43104753550633834,0.0,0.5394439584729263,0.5947963935241904,,,EXPLORE
289,46,,,0,0,0,0,common,0.0,0.8435066508469686,0.6157849672459315,0.5547852701085274,0.0,0.5613218408253802,0.6230989338344549,,,EXPLOIT
290,46,,,0,1,1,0,common,0.0,0.19957405726474792,0.6880901080908897,0.44822190625539354,0.0,0.5161555143979246,0.5607646910624372,,,EXPLORE
291,46,,,0,1,1,1,common,0.0,0.39057282565384427,0.6589122319466029,0.43092718207492875,0.0,0.5404648254703545,0.5941421991292669,,,EXPLOIT
292,46,,,0,0,1,0,rare,0.0,0.12972313722208617,0.6278683661140967,0.34056596861907595,0.0,0.5622388766838905,0.6225386673436857,,,EXPLOIT
293,46,,,0,0,0,0,common,1.0,0.4517206769494704,0.6783895236932431,0.37391238111819425,0.0,0.5818536798489564,0.6469905317683615,,,EXPLOIT
294,46,,,0,0,0,0,common,1.0,0.29361844001715576,0.47836248811574766,0.3498241987878827,0.0,0.5996143936186191,0.6682653354062918,,,EXPLOIT
295,46,,,0,1,0,0,rare,1.0,0.19085198601115128,0.3195062266560933,0.30213253495486325,0.0,0.6157712615696423,0.6869436188506909,,,EXPLOIT
296,46,,,0,1,1,1,common,1.0,0.7461276633250012,0.588945348769139,0.4353310734659046,0.0,0.6305314332693333,0.7034726016570053,,,EXPLOIT
297,46,,,0,1,0,0,rare,0.0,0.8759462090927517,0.6904804536025216,0.5675156141539587,0.0,0.644067857841901,0.7182023758487428,,,EXPLOIT
298,46,,,0,1,0,0,rare,0.0,0.5693650359102886,0.5794745195580764,0.5680704406808577,0.0,0.6141125299071719,0.6838603932527495,,,EXPLORE
299,46,,,0,1,1,1,common,1.0,0.4849829811612508,0.4576492011164381,0.5431442028249756,0.0,0.5790386079342206,0.6404853610626376,,,EXPLORE
300,46,,,0,1,1,1,common,1.0,0.31523893775481304,0.6574424214472744,0.4747726233039268,0.0,0.5374138759334556,0.583976890693383,,,EXPLORE
301,46,,,0,1,1,1,common,1.0,0.20490530954062847,0.6911209715043141,0.3938124291749373,0.0,0.5594989242615597,0.6138512332514068,,,EXPLOIT
302,46,,,0,1,1,1,common,0.0,0.8668115487985915,0.6549017704464811,0.5357121650620336,0.0,0.5793796060057751,0.6394809779399637,,,EXPLOIT
303,46,,,0,1,1,1,common,1.0,0.4365724932809155,0.6564483680221713,0.5059702635276981,0.0,0.5378214972313484,0.5826448636076779,,,EXPLORE
304,46,,,0,1,0,0,rare,0.0,0.3700872733416876,0.6912789169239555,0.465205366471895,0.0,0.48771266735050883,0.5054598582868937,,,EXPLORE
305,46,,,0,0,0,1,common,0.0,0.20084575701408966,0.6122968988960931,0.38589748363455334,0.0,0.5151536854825167,0.547891766612896,,,EXPLORE
306,46,,,0,0,0,1,common,0.0,0.13054974205915829,0.6923569862482057,0.30929316116193484,0.0,0.5395702829925433,0.5832883881353716,,,EXPLOIT
307,46,,,0,0,1,1,rare,1.0,0.28377212063259516,0.6390191701390592,0.3016368490031329,0.0,0.5614353044624251,0.6132640727045586,,,EXPLOIT
308,46,,,0,0,0,0,common,0.0,0.24055672767209696,0.6793061169034884,0.28331281260382213,0.0,0.581127909945588,0.6389743500055064,,,EXPLOIT
309,46,,,0,1,1,1,common,1.0,0.18445187841118682,0.6728400692325003,0.2536545323460315,0.0,0.598955682081049,0.6612681196314429,,,EXPLOIT
310,46,,,0,1,1,1,common,1.0,0.11989372096727147,0.5448440943351858,0.2135262889324035,0.0,0.6151707552887979,0.6807830323325149,,,EXPLOIT
311,46,,,0,1,1,1,common,1.0,0.07793091862872648,0.43350533386354106,0.17284767784130037,0.0,0.6299817716021051,0.6980073530373598,,,EXPLOIT
312,46,,,0,1,1,1,common,1.0,0.05065509710867222,0.36253679890371276,0.1361899036215119,0.0,0.6435628708681447,0.713321287203499,,,EXPLOIT
313,46,,,0,1,1,1,common,1.0,0.032925813120636915,0.31938802256920934,0.1052106764712494,0.0,0.656060539470662,0.7270253073167995,,,EXPLOIT
314,46,,,0,1,0,1,rare,1.0,0.9151426676615471,0.2929944516873808,0.34819027382833867,0.0,0.6675988899705424,0.7393600127333948,,,EXPLOIT
315,46,,,0,1,1,1,common,1.0,0.02140177852841396,0.27660412673164075,0.25015372523836127,0.0,0.6782837756389063,0.7505203351840267,,,EXPLOIT
316,46,,,0,1,1,1,common,1.0,0.013911156043469042,0.26628593202543704,0.1792809544798936,0.0,0.6882060292089831,0.7606658830235478,,,EXPLOIT
317,46,,,0,1,1,1,common,1.0,0.009042251428254877,0.2597231820067464,0.12820934356440197,0.0,0.6974440358750661,0.7699285956253832,,,EXPLOIT
318,46,,,0,1,0,1,rare,1.0,0.5948427339800056,0.2555187404046684,0.26819936068908307,0.0,0.7060657949095194,0.778418490053071,,,EXPLOIT
319,46,,,0,1,0,0,rare,1.0,0.843638127013137,0.2528118745311016,0.4408309905862992,0.0,0.7141305846722669,0.7862280325965679,,,EXPLOIT
320,46,,,0,1,0,1,rare,1.0,0.3866477770870037,0.25106342909155616,0.4245760265365105,0.0,0.7216903172618575,0.79343550435245,,,EXPLOIT
321,46,,,0,1,1,1,common,1.0,0.0058774634283657035,0.24993160001385975,0.29896645760406704,0.0,0.7287906482672565,0.8001076209393777,,,EXPLOIT
322,46,,,0,1,0,0,rare,1.0,0.548364782558539,0.2491978815552595,0.37378595509040863,0.0,0.7354718917624075,0.8063015923240443,,,EXPLOIT
323,46,,,0,1,1,1,common,0.0,0.9961796487715623,0.24872179742753317,0.5605040631947547,0.0,0.7417697792860488,0.8120667575597534,,,EXPLOIT
324,46,,,0,1,1,1,common,1.0,0.35248322829848444,0.5372093921257821,0.49809781272587356,0.0,0.7255603464094683,0.796658200249486,,,EXPLOIT
325,46,,,0,1,1,0,common,0.0,0.08432003919435602,0.4283424922605707,0.3739644806664183,0.0,0.7324307631679451,0.8030972696157882,,,EXPLOIT
326,46,,,0,1,1,1,common,1.0,0.22911409839401486,0.6461125013704023,0.33050936598469727,0.0,0.7389018206507264,0.8090824532570661,,,EXPLOIT
327,46,,,0,1,0,1,rare,0.0,0.7486789448934476,0.513722461787461,0.45596023965732235,0.0,0.7450070563476923,0.8146598363844963,,,EXPLOIT
328,46,,,0,1,1,1,common,0.0,0.8510758360438904,0.675473742123587,0.5744949185732927,0.0,0.7507763551078164,0.8198694696928719,,,EXPLOIT
329,46,,,0,1,1,1,common,1.0,0.4468007065714712,0.6862390931606368,0.5361866549727462,0.0,0.7356131078509355,0.8056748563437242,,,EXPLOIT
330,46,,,0,1,0,1,rare,0.0,0.4866413141807409,0.6251571198139478,0.5213230527351447,0.0,0.7186674617321802,0.7892320473828927,,,EXPLOIT
331,46,,,0,1,1,1,common,0.0,0.7095795407285437,0.6931219786118514,0.5777999991331644,0.0,0.6996065408134331,0.7699620480047448,,,EXPLOIT
332,46,,,0,1,0,0,rare,1.0,0.35643710866305045,0.6659133969756341,0.5113911319921302,0.0,0.6780090778767803,0.747068376320859,,,EXPLOIT
333,46,,,0,1,1,0,common,1.0,0.9451919745236685,0.6487305917751437,0.6415313847515915,0.0,0.6533339891530469,0.7194243618351657,,,EXPLOIT
334,46,,,0,0,0,0,common,1.0,0.23168412063098276,0.5163757869761161,0.5185772055154089,0.0,0.6248745158301517,0.6853822586798569,,,EXPLORE
335,46,,,0,1,1,0,common,0.0,0.38562521655961535,0.6738834524954376,0.4786916088286708,0.0,0.5916895574375358,0.6424326204170784,,,EXPLOIT
336,46,,,0,1,1,1,common,1.0,0.5387732985264466,0.6572319093655942,0.49671611573800356,0.0,0.6085532244820367,0.6642840839384486,,,EXPLOIT
337,46,,,0,1,1,1,common,1.0,0.35020264404219037,0.6859097899006411,0.45276207422925957,0.0,0.6239300048372272,0.6834362963897125,,,EXPLOIT
338,46,,,0,1,1,1,common,1.0,0.2276317186274237,0.6269392599064536,0.3852229675487088,0.0,0.6380075646280166,0.7003595054334824,,,EXPLOIT
339,46,,,0,0,0,0,common,1.0,0.15059467841013885,0.5649167110074449,0.3148344808071378,0.0,0.6509432640011661,0.7154207225035271,,,EXPLOIT
340,46,,,0,0,0,0,common,1.0,0.09788654096659022,0.6640495035932479,0.24975009885497348,0.0,0.6628700373430154,0.7289105789258894,,,EXPLOIT
341,46,,,0,0,0,0,common,1.0,0.06362625162828361,0.6918475265096167,0.19391294468696652,0.0,0.6739009555274076,0.7410622129598999,,,EXPLOIT
342,46,,,0,0,0,1,common,0.0,0.31631685421748157,0.690345029423888,0.230634117546121,0.0,0.6841328024219828,0.7520648165491423,,,EXPLOIT
343,46,,,0,0,0,1,common,0.0,0.20560595524136305,0.5648674880864768,0.22312566885469362,0.0,0.6936489054973721,0.7620735241236641,,,EXPLOIT
344,46,,,0,0,0,0,common,0.0,0.9586429364416157,0.3887819555438711,0.4437808491307702,0.0,0.7025213959299094,0.7712167461827462,,,EXPLOIT
345,46,,,0,0,0,1,common,1.0,0.866356129093114,0.2842354668232605,0.5705534331194733,0.0,0.7108130279872316,0.7796016861535822,,,EXPLOIT
346,46,,,0,1,1,1,common,1.0,0.14796061710782538,0.5080733512993969,0.44377558831597885,0.0,0.6907271398123073,0.7585630092659646,,,EXPLOIT
347,46,,,0,1,1,1,common,1.0,0.09617440112008646,0.4598560538089126,0.3394952321572111,0.0,0.6997949742588742,0.7680055918560972,,,EXPLOIT
348,46,,,0,1,0,1,rare,0.0,0.43686851608947586,0.4285008468845679,0.3687072173368905,0.0,0.7082631195558704,0.7766533132917104,,,EXPLOIT
349,46,,,0,1,1,1,common,1.0,0.06251336072805624,0.6735573257159913,0.27684906035424023,0.0,0.7161887735310408,0.7846020998287055,,,EXPLOIT
350,46,,,0,1,1,1,common,1.0,0.040633684473236564,0.5920477233705195,0.2059844475899391,0.0,0.7236220845464989,0.7919330393695151,,,EXPLOIT
351,46,,,0,1,1,1,common,1.0,0.02641189490760376,0.5180407371460283,0.15211268178523848,0.0,0.7306072050800609,0.7987151437420675,,,EXPLOIT
352,46,,,0,1,0,0,rare,1.0,0.3768820913129498,0.46645019790077175,0.21954350464355188,0.0,0.7371831618345109,0.805007516063805,,,EXPLOIT
353,46,,,0,1,0,0,rare,1.0,0.24497335935341735,0.43275247749754114,0.2271724610565115,0.0,0.7433845785985371,0.8108610674930358,,,EXPLOIT
354,46,,,0,1,1,1,common,1.0,0.017167731689942456,0.41107834049657804,0.1641710422465408,0.0,0.7492422801337831,0.8163198890074477,,,EXPLOIT
355,46,,,0,1,0,0,rare,1.0,0.1592326835797213,0.3971567436074257,0.16268953464649494,0.0,0.7547837993232893,0.8214223564630653,,,EXPLOIT
356,46,,,0,1,1,1,common,1.0,0.011159025598462602,0.3881949883241161,0.11723038193208522,0.0,0.760033805190851,0.8262020275369637,,,EXPLOIT
357,46,,,0,1,1,1,common,0.0,0.9927466333609993,0.38241096919860806,0.37988525736075945,0.0,0.765014465830242,0.8306883748891788,,,EXPLOIT
358,46,,,0,1,1,1,common,1.0,0.35471468831535047,0.6583607471491626,0.37233408664713674,0.0,0.7697457575070306,0.8349073894039181,,,EXPLOIT
359,46,,,0,0,0,0,common,0.0,0.8964987556731812,0.5745827389885876,0.5295834873549501,0.0,0.7742457290222132,0.8388820795993892,,,EXPLOIT
360,46,,,0,0,0,0,common,1.0,0.4172758088124322,0.41951732432404026,0.49589118379219466,0.0,0.7616379720304369,0.8274245777779317,,,EXPLOIT
361,46,,,0,1,1,1,common,1.0,0.23056454740497778,0.6172325408798247,0.41629319287602956,0.0,0.7665376609957388,0.8318373078523257,,,EXPLOIT
362,46,,,0,1,0,0,rare,1.0,0.271229275728081,0.5543925126083648,0.372774017731645,0.0,0.7711938891632456,0.8359891067240794,,,EXPLOIT
363,46,,,0,1,1,1,common,1.0,0.1498669558132355,0.5087177049313201,0.30590189915612215,0.0,0.7756241443042519,0.8399022616861264,,,EXPLOIT
364,46,,,0,1,1,1,common,1.0,0.09741352127860303,0.47809260378951635,0.24335538579286642,0.0,0.7798442787756912,0.8435965922950865,,,EXPLOIT
365,46,,,0,1,1,1,common,0.0,0.936681211168908,0.4580621380262748,0.4513531334056789,0.0,0.7838686963339383,0.8470897827238515,,,EXPLOIT
366,46,,,0,1,1,1,common,1.0,0.39115721274020976,0.6863447721956623,0.43329435720603815,0.0,0.7877105139128074,0.8503976618098619,,,EXPLOIT
367,46,,,0,1,1,0,common,0.0,0.25065639076375,0.6255325456855929,0.37850296727335164,0.0,0.7913817021945877,0.853534440156969,,,EXPLOIT
368,46,,,0,1,0,1,rare,1.0,0.7160354645418407,0.6823840654999701,0.47976271645389834,0.0,0.794893208148051,0.8565129117830473,,,EXPLOIT
369,46,,,0,1,1,1,common,1.0,0.2542521882811364,0.6717775141082895,0.4121095580020697,0.0,0.7982550621758424,0.8593446263480783,,,EXPLOIT
370,46,,,0,1,1,1,common,1.0,0.16526392238273868,0.6047131718066632,0.33805586731627035,0.0,0.8014764720802295,0.8620400368513836,,,EXPLOIT
371,46,,,0,1,1,1,common,1.0,0.10742154954878014,0.5447436896367279,0.26886557198602323,0.0,0.8045659057011231,0.8646086267798024,,,EXPLOIT
372,46,,,0,0,1,1,rare,1.0,0.06982400720670712,0.5021365183620209,0.20915310255222838,0.0,0.8075311637881613,0.8670590199666983,,,EXPLOIT
373,46,,,0,0,0,0,common,1.0,0.1762990292232527,0.6243980490332,0.19929688055353564,0.0,0.8103794444273136,0.869399075843759,,,EXPLOIT
374,46,,,0,1,1,1,common,1.0,0.04538560468435959,0.6761078504204407,0.15312349779278284,0.0,0.813117400142282,0.8716359723023852,,,EXPLOIT
375,46,,,0,1,1,1,common,1.0,0.029500643044833685,0.6628854022929436,0.11603664136839809,0.0,0.8157511886243011,0.8737762780051478,,,EXPLOIT
376,46,,,0,1,1,1,common,1.0,0.019175417979141907,0.6524800975165039,0.08697827435162123,0.0,0.8182865179046585,0.8758260156818356,,,EXPLOIT
377,46,,,0,1,1,1,common,0.0,0.9875359783135578,0.6450058500539524,0.35714558554020215,0.0,0.8207286866674431,0.8777907176947298,,,EXPLOIT
378,46,,,0,1,1,1,common,0.0,0.6418983859038125,0.6309043963811711,0.4425714256492852,0.0,0.8230826203017426,0.8796754749527048,,,EXPLOIT
379,46,,,0,1,1,1,common,1.0,0.5827660491625218,0.44906124218535187,0.4846298127032562,0.0,0.825352903209528,0.8814849800848285,,,EXPLOIT
380,46,,,0,1,1,1,common,1.0,0.37879793195563916,0.6203354490773256,0.45288024847897107,0.0,0.8275438078151999,0.8832235656443611,,,EXPLOIT
381,46,,,0,1,1,1,common,0.0,0.7537813442288346,0.6849107690963532,0.5431505772039301,0.0,0.8296593206630711,0.8848952379979708,,,EXPLOIT
382,46,,,0,1,0,0,rare,0.0,0.8854056310048858,0.5172489495462976,0.6458270933442167,0.0,0.8221236367242214,0.8788005201504783,,,EXPLOIT
383,46,,,0,0,0,1,common,1.0,0.46542305195219646,0.3666289984048686,0.5917058809266106,0.0,0.8139764548507121,0.8720958055634123,,,EXPLOIT
384,46,,,0,0,1,1,rare,1.0,0.5100421262512576,0.31446100602487526,0.5672067545240046,0.0,0.8051406606877712,0.8646850856284126,,,EXPLOIT
385,46,,,0,0,0,1,common,1.0,0.30252498376892767,0.28300488314765904,0.48780222329748146,0.0,0.7955256050941653,0.8564510884784621,,,EXPLOIT
386,46,,,0,0,0,0,common,0.0,0.5755136601531758,0.26370289435146466,0.5141156543541897,0.0,0.7988608287253901,0.859285813949036,,,EXPLOIT
387,46,,,0,0,0,1,common,1.0,0.19664123944980294,0.5413744149578799,0.4188733298828737,0.0,0.7886713111415323,0.8504234059703334,,,EXPLOIT
388,46,,,0,0,0,1,common,0.0,0.8721831943576281,0.42273614906576146,0.5548662892253,0.0,0.7923003902506557,0.8535588694273579,,,EXPLOIT
389,46,,,0,0,1,1,rare,1.0,0.33152738206331733,0.6380881957546913,0.48786461707670514,0.0,0.7814923632141388,0.8440033914386146,,,EXPLOIT
390,46,,,0,0,0,1,common,0.0,0.5669190763324583,0.49751022079972207,0.5115809548534311,0.0,0.7854415249571296,0.8474747573329179,,,EXPLOIT
391,46,,,0,1,1,1,common,0.0,0.7845072016588437,0.666830349442957,0.5934588288950549,0.0,0.7739666931811506,0.8371528825191167,,,EXPLOIT
392,46,,,0,0,0,0,common,1.0,0.6259161209004357,0.5995253366619921,0.6031960164966691,0.0,0.7613299926158823,0.8254592657683852,,,EXPLOIT
393,46,,,0,0,0,0,common,0.0,0.5931545214147168,0.42987476156825644,0.6001835679720834,0.0,0.7473462916703817,0.8121017163991858,,,EXPLOIT
394,46,,,0,1,0,0,rare,0.0,0.385550438919566,0.6161005384419718,0.5357936292563281,0.0,0.7317889213956901,0.7966987168094052,,,EXPLOIT
395,46,,,0,1,1,1,common,0.0,0.5099296810782484,0.5607138548290618,0.5280344448029042,0.0,0.7143773336853886,0.7787424619374848,,,EXPLOIT
396,46,,,0,0,1,0,rare,0.0,0.16292665399643752,0.5206717069816224,0.4185021075609641,0.0,0.6947600809835485,0.7575418913827292,,,EXPLOIT
397,46,,,0,0,1,0,rare,0.0,0.1059023250976844,0.6324428647192228,0.3247221728219802,0.0,0.703558808165728,0.7670724041350964,,,EXPLOIT
398,46,,,0,1,1,0,common,0.0,0.06883651131349486,0.6784538834862368,0.24795647436943458,0.0,0.7117837379353031,0.7757972097842809,,,EXPLOIT
399,46,,,0,1,0,1,rare,0.0,0.3684973996160979,0.6665580910392221,0.28411875194343356,0.0,0.7194888501955916,0.7838139476506991,,,EXPLOIT
400,46,,,0,1,1,1,common,1.0,0.6685457072991385,0.6571205014669682,0.39944683855014507,0.0,0.7267215602146605,0.7912050933734238,,,EXPLOIT
401,46,,,0,1,1,1,common,1.0,0.4345547097444401,0.6188499910935248,0.40997919990843357,0.0,0.7335236871189548,0.7980407926079611,,,EXPLOIT
402,46,,,0,1,1,1,common,1.0,0.2824605613338861,0.4352544157980395,0.3717236083360693,0.0,0.7399322558405377,0.8043810821649501,,,EXPLOIT
403,46,,,0,0,1,1,rare,1.0,0.183599364867026,0.31517703956649556,0.3152863352953563,0.0,0.7459801650003564,0.8102776477035106,,,EXPLOIT
404,46,,,0,1,0,1,rare,0.0,0.23952330975046365,0.5639548303249431,0.2925574276318885,0.0,0.7516967461659596,0.8157752270032321,,,EXPLOIT
405,46,,,0,1,0,0,rare,1.0,0.7493922147022821,0.6926815636058236,0.4296078637530066,0.0,0.7571082345512272,0.8209127394803627,,,EXPLOIT
406,46,,,0,1,0,0,rare,1.0,0.4871049395564834,0.620528155716094,0.4468569864940496,0.0,0.762238167097701,0.8257242022924153,,,EXPLOIT
407,46,,,0,1,0,1,rare,1.0,0.8443098486621986,0.5266826100354505,0.5660928451444942,0.0,0.7671077206804803,0.8302394786375277,,,EXPLOIT
408,46,,,0,1,1,1,common,0.0,0.8806604128364331,0.45816905701906935,0.6604631154520759,0.0,0.7537487027887114,0.8175763234156477,,,EXPLOIT
409,46,,,0,1,1,0,common,1.0,0.9552562676462284,0.6757741078718236,0.7489010611103216,0.0,0.7389227119455631,0.8030304603606024,,,EXPLOIT
410,46,,,0,1,1,0,common,0.0,0.3790834260299516,0.5828849391549338,0.6379557705862107,0.0,0.7223749588973938,0.7861492212700123,,,EXPLOIT
411,46,,,0,0,0,0,common,1.0,0.31661821071171414,0.6931471759163217,0.5415545026238616,0.0,0.7037880254458213,0.7663221786312532,,,EXPLOIT
412,46,,,0,0,0,0,common,0.0,0.7941981630373858,0.6271178578301726,0.6173476007479188,0.0,0.6827613611711839,0.7427058603315326,,,EXPLOIT
413,46,,,0,0,0,1,common,1.0,0.5488014016304291,0.6900009724853344,0.5967837410126718,0.0,0.658782161055258,0.7141008025423348,,,EXPLOIT
414,46,,,0,0,0,0,common,1.0,0.48377119402569924,0.6431670308430253,0.56287997691658,0.0,0.6311830783760942,0.6787415853748331,,,EXPLOIT
415,46,,,0,0,1,1,rare,1.0,0.4275707316563184,0.5466053086426619,0.5222872033385015,0.0,0.5990792642167777,0.6339183901101042,,,EXPLOIT
416,46,,,0,0,1,1,rare,1.0,0.277920975576607,0.47165943036826397,0.44897733500993314,0.0,0.5612718962916649,0.57524800756809,,,EXPLOIT
417,46,,,0,0,0,0,common,1.0,0.31445127611670454,0.4221814432658946,0.40861951734196456,0.0,0.5809803407659205,0.6064188179148565,,,EXPLOIT
418,46,,,0,0,1,1,rare,1.0,0.1806486341247946,0.39064897824154,0.34022825237681353,0.0,0.5988217622883523,0.633076557554981,,,EXPLOIT
419,46,,,0,0,0,1,common,0.0,0.6432790889402211,0.3706221071535185,0.4311435033458358,0.0,0.6150486810262029,0.6561341141568727,,,EXPLOIT
420,46,,,0,0,0,1,common,1.0,0.5818685921888562,0.6450578469314738,0.47636102999874186,0.0,0.6298700434079207,0.67627372038211,,,EXPLOIT
421,46,,,0,0,1,0,rare,1.0,0.7535957730805314,0.5483964823839294,0.5595314529232787,0.0,0.6434602320759407,0.6940154738949519,,,EXPLOIT
422,46,,,0,0,0,1,common,1.0,0.3782145849227565,0.47289161474264724,0.505136392523122,0.0,0.6134053780675653,0.6534345348806346,,,EXPLORE
423,46,,,0,0,1,1,rare,1.0,0.11742161218111646,0.42297288286713286,0.38882195842052036,0.0,0.5782053591103775,0.6010537211518223,,,EXPLOIT
424,46,,,0,0,1,1,rare,0.0,0.9236759520822743,0.39115130561764644,0.5492781565190465,0.0,0.5963043678344586,0.6284650906623596,,,EXPLOIT
425,46,,,0,1,1,0,common,0.0,0.5101627474976544,0.6536800958073121,0.5375435338126289,0.0,0.5579803006705867,0.5679639663132523,,,EXPLORE
426,46,,,0,0,0,0,common,1.0,0.20439332947585798,0.5365020500960669,0.4375984725115976,0.0,0.5121282914603894,0.4849278377814989,,,EXPLORE
427,46,,,0,1,1,0,common,1.0,0.6683942141265247,0.4143038917602416,0.5068371949960757,0.0,0.536870222730272,0.5309702185400076,,,EXPLOIT
428,46,,,0,0,0,0,common,1.0,0.13285566415930772,0.6201768610849446,0.3946427357450453,0.0,0.486555394362546,0.43205703042951904,,,EXPLORE
429,46,,,0,0,0,1,common,0.0,0.7541605198002083,0.5511690839326009,0.5024980709615943,0.0,0.5141275844121768,0.4880020360433088,,,EXPLOIT
430,46,,,0,0,0,0,common,1.0,0.08635618170354997,0.6931199581746912,0.377655504184181,0.0,0.4587490863983141,0.36852797982220314,,,EXPLORE
431,46,,,0,1,1,1,common,1.0,0.39961063114652173,0.6463645958296613,0.3842420422728832,0.0,0.48956054841839347,0.43749609143182616,,,EXPLOIT
432,46,,,0,0,0,1,common,1.0,0.5097956621298646,0.6931356788058609,0.4219081282299776,0.0,0.5167927231133795,0.4923826356086288,,,EXPLORE
433,46,,,0,1,1,1,common,1.0,0.2597469102452391,0.6728283734883698,0.37325976283455603,0.0,0.5410339102873866,0.5370987342543336,,,EXPLORE
434,46,,,0,1,0,0,rare,1.0,0.05613151810730743,0.6931423209210674,0.2781212894163814,0.0,0.5627501812404611,0.5742298375260402,,,EXPLOIT
435,46,,,0,1,1,1,common,1.0,0.16883549165940548,0.6837784985827783,0.24533555008928862,0.0,0.5823155550135664,0.6055535167761934,,,EXPLOIT
436,46,,,0,1,0,0,rare,1.0,0.03648548676974983,0.6684827612619906,0.182680531093427,0.0,0.6000336552592759,0.632332149315695,,,EXPLOIT
437,46,,,0,0,1,1,rare,0.0,0.8902569304213864,0.6549931093943386,0.39495345089181483,0.0,0.6161535276971637,0.6554869566221214,,,EXPLOIT
438,46,,,0,0,0,0,common,1.0,0.02371556640033734,0.43207182535540206,0.28358208554437153,0.0,0.6308813760731241,0.675705957009228,,,EXPLOIT
439,46,,,0,0,0,0,common,1.0,0.015415118160219232,0.5770135121106862,0.20313199532912582,0.0,0.6443893946680171,0.6935133664709864,,,EXPLOIT
440,46,,,0,0,0,0,common,0.0,0.9899801731958575,0.651021559410921,0.43918644868914525,0.0,0.6568225021949662,0.709315607528552,,,EXPLOIT
441,46,,,0,0,0,0,common,0.0,0.6434871125773074,0.42776720739611923,0.5004766478555939,0.0,0.6683035366630351,0.7234326353213639,,,EXPLOIT
442,46,,,0,1,0,1,rare,0.0,0.668632819615588,0.2794041555408054,0.5509234993835921,0.0,0.6421742687356342,0.6903639450694917,,,EXPLOIT
443,46,,,0,0,1,0,rare,0.0,0.565543760817759,0.5594363415391018,0.5553095778138422,0.0,0.6119081963454104,0.6487903374115278,,,EXPLOIT
444,46,,,0,1,0,1,rare,0.0,0.4346113327501322,0.45597466053438085,0.5191001042947292,0.0,0.576440398485979,0.5949496788871045,,,EXPLORE
445,46,,,0,0,1,1,rare,1.0,0.4213329952260988,0.6318057369399578,0.48976997157414004,0.0,0.5343061287741736,0.5224771807476689,,,EXPLORE
446,46,,,0,1,1,1,common,1.0,0.27386644689696427,0.6763589393116096,0.4249989141709873,0.0,0.5567100908837318,0.5620180959627449,,,EXPLORE
447,46,,,0,1,1,1,common,1.0,0.17801319048302677,0.6662685570379524,0.3509031970645991,0.0,0.5768631221610675,0.595201905458867,,,EXPLOIT
448,46,,,0,1,0,0,rare,1.0,0.5817333768247501,0.5790653222199547,0.4201522509926444,0.0,0.5950873474626707,0.6234462950808476,,,EXPLOIT
449,46,,,0,0,0,0,common,1.0,0.37812669493608764,0.5038664182671924,0.40754458417567735,0.0,0.611646226096476,0.647776578101641,,,EXPLOIT
450,46,,,0,0,0,0,common,1.0,0.24578235170845697,0.6414759236699672,0.35901591443551123,0.0,0.6267573255101736,0.6689526565710611,,,EXPLOIT
451,46,,,0,0,0,0,common,1.0,0.159758528610497,0.6882404446490666,0.29923869868800695,0.0,0.6406018966844661,0.6875496814467502,,,EXPLOIT
452,46,,,0,1,1,1,common,0.0,0.8842914261860326,0.6918610254373116,0.47475451693741466,0.0,0.6533321480656602,0.7040109824630919,,,EXPLOIT
453,46,,,0,0,0,0,common,1.0,0.10384304359682306,0.5257704135485506,0.3634810749352372,0.0,0.6650768385342919,0.7186837873124411,,,EXPLOIT
454,46,,,0,1,0,0,rare,1.0,0.06749797833793503,0.48265827270198025,0.2746861459560465,0.0,0.6759456258062824,0.731843923438965,,,EXPLOIT
455,46,,,0,0,0,1,common,0.0,0.2824973662875859,0.6146070878844565,0.27702951205550835,0.0,0.6860324818153583,0.7437132732276879,,,EXPLOIT
456,46,,,0,0,0,0,common,1.0,0.04387368591965779,0.6687689901350835,0.20708276421475316,0.0,0.6954184005724885,0.7544723471789331,,,EXPLOIT
457,46,,,0,0,0,0,common,1.0,0.02851789584777753,0.6911884075086985,0.1535133037046605,0.0,0.7041735637925061,0.7642694971343332,,,EXPLOIT
458,46,,,0,0,0,0,common,0.0,0.9814633676989446,0.6631549493095947,0.4018983229029457,0.0,0.7123590868721773,0.7732277724196608,,,EXPLOIT
459,46,,,0,0,0,0,common,1.0,0.362048810995686,0.6414095806938278,0.38994346933076773,0.0,0.7200284371228605,0.7814500936666324,,,EXPLOIT
460,46,,,0,0,0,1,common,0.0,0.18362328808693085,0.6931241409321951,0.32804741495761663,0.0,0.7272285938566269,0.7890232069902037,,,EXPLOIT
461,46,,,0,1,1,0,common,0.0,0.36760344453154337,0.5835971502733855,0.33991422382979464,0.0,0.7340010035308846,0.7960207412708233,,,EXPLOIT
462,46,,,0,1,1,1,common,1.0,0.4252105729790787,0.6931374460722031,0.36550312857457984,0.0,0.7403823709826705,0.8025055972377093,,,EXPLOIT
463,46,,,0,1,0,0,rare,1.0,0.23533172714719586,0.624323780930153,0.32645170814636465,0.0,0.7464053186564708,0.8085318327465151,,,EXPLOIT
464,46,,,0,1,0,0,rare,1.0,0.15296562264567726,0.5273982921841938,0.27440588249615844,0.0,0.7520989388244744,0.8141461639915207,,,EXPLOIT
465,46,,,0,1,0,0,rare,1.0,0.09942765471969017,0.4561031699902701,0.22191241416321794,0.0,0.7574892585301647,0.8193891709361808,,,EXPLOIT
466,46,,,0,1,1,1,common,1.0,0.27638687243640114,0.40974115155331003,0.23825475164517287,0.0,0.7625996329349937,0.8242962727906723,,,EXPLOIT
467,46,,,0,1,0,0,rare,1.0,0.06462797556779865,0.3803341168566088,0.1861667188219606,0.0,0.7674510796090634,0.8288985231373609,,,EXPLOIT
468,46,,,0,1,1,1,common,0.0,0.8203485329163392,0.3616841465935655,0.3764212630502742,0.0,0.7720625638575478,0.8332232624432743,,,EXPLOIT
469,46,,,0,1,1,1,common,1.0,0.4667734536043795,0.6393164452696862,0.4035269202165057,0.0,0.7764512432506702,0.8372946569354921,,,EXPLOIT
470,46,,,0,1,1,1,common,1.0,0.3034027448428467,0.540617119648697,0.373489667604408,0.0,0.7806326780041795,0.8411341462768259,,,EXPLOIT
471,46,,,0,1,1,1,common,1.0,0.19721178414785034,0.4650314185645661,0.32060630256744066,0.0,0.7846210126477102,0.8447608175549635,,,EXPLOIT
472,46,,,0,1,1,1,common,0.0,0.8718123403038973,0.41543946526670117,0.48596811388837763,0.0,0.7884291334509944,0.8481917193573605,,,EXPLOIT
473,46,,,0,1,0,0,rare,1.0,0.04200818411906915,0.6613811788999149,0.35278013495758503,0.0,0.792068805299879,0.8514421268388584,,,EXPLOIT
474,46,,,0,1,1,1,common,0.0,0.5666780211975333,0.5627770518467949,0.4169495008295695,0.0,0.7955507910852003,0.8545257664773256,,,EXPLOIT
475,46,,,0,1,1,1,common,0.0,0.36834071377839667,0.6924229439958627,0.4023668647142176,0.0,0.7988849561566694,0.8574550074930198,,,EXPLOIT
476,46,,,0,1,0,0,rare,1.0,0.027305319677394913,0.6518541208374014,0.2898484012031708,0.0,0.8020803599769293,0.8602410255611078,,,EXPLOIT
477,46,,,0,0,1,0,rare,1.0,0.7610577610544969,0.6752477978768896,0.4312112091585686,0.0,0.8051453367690725,0.8628939433859331,,,EXPLOIT
478,46,,,0,0,1,0,rare,0.0,0.5053124553145771,0.6752717164931331,0.45344158300537113,0.0,0.8080875666694065,0.865422951864508,,,EXPLOIT
479,46,,,0,1,1,0,common,0.0,0.32845309595447514,0.6601917563345192,0.4159450368901023,0.0,0.8109141386645015,0.8678364148958734,,,EXPLOIT
480,46,,,0,1,0,0,rare,1.0,0.01774845779030665,0.6855157917265016,0.29648606316016357,0.0,0.8136316063983692,0.8701419603549799,,,EXPLOIT
481,46,,,0,1,1,0,common,0.0,0.21349451237040884,0.64280325840131,0.27158859792323714,0.0,0.8162460377746394,0.8723465593159851,,,EXPLOIT
482,46,,,0,0,0,0,common,0.0,0.9884635024363007,0.68979319920378,0.4866510692771562,0.0,0.8187630591439858,0.8744565952583644,,,EXPLOIT
483,46,,,0,0,0,0,common,1.0,0.35749872341640454,0.6712345162466041,0.4479053655189307,0.0,0.8211878947540896,0.8764779247030369,,,EXPLOIT
484,46,,,0,1,1,0,common,0.0,0.13877143304076575,0.6508061688338549,0.3551651857754812,0.0,0.8235254020443076,0.878415930491586,,,EXPLOIT
485,46,,,0,0,0,0,common,1.0,0.23237417022066298,0.5569098647016046,0.3183278811090357,0.0,0.8257801032868596,0.8802755687293079,,,EXPLOIT
486,46,,,0,0,0,1,common,0.0,0.11935513725650505,0.41124515081694857,0.2586360579532765,0.0,0.8279562140082724,0.8820614102541098,,,EXPLOIT
487,46,,,0,0,0,0,common,1.0,0.15104321064343096,0.6162271735183673,0.22635820376032284,0.0,0.8300576685669423,0.8837776773618055,,,EXPLOIT
488,46,,,0,0,0,0,common,0.0,0.9018219130817698,0.45571300855332686,0.42899731655675694,0.0,0.8320881432133607,0.8854282764090206,,,EXPLOIT
489,46,,,0,0,1,0,rare,0.0,0.09020143147649774,0.6375114201501082,0.3273585510326792,0.0,0.8340510769173854,0.8870168268236516,,,EXPLOIT
490,46,,,0,0,1,0,rare,1.0,0.9413690695402764,0.6918531823378679,0.5115617065849584,0.0,0.8359496902108087,0.8885466869763649,,,EXPLOIT
491,46,,,0,0,1,0,rare,1.0,0.6118898952011798,0.55756442336039,0.5416601631698248,0.0,0.8289058182235696,0.8828030200865278,,,EXPLOIT
492,46,,,0,0,1,0,rare,0.0,0.6022715681192332,0.4116943448110383,0.5598435846546473,0.0,0.8213100862134103,0.8765022978643796,,,EXPLOIT
493,46,,,0,0,0,0,common,1.0,0.41381575649684965,0.6164578486961989,0.5160352362073081,0.0,0.8130954277286545,0.8695597188046856,,,EXPLOIT
494,46,,,0,0,0,0,common,1.0,0.2689802417229523,0.45590635489198084,0.4419187378620013,0.0,0.8041834506386547,0.8618723489170164,,,EXPLOIT
495,46,,,0,0,0,0,common,1.0,0.17483715711991898,0.34746848061414354,0.3617942636393766,0.0,0.8071639537678693,0.8644487454145816,,,EXPLOIT
496,46,,,0,0,0,0,common,0.0,0.8863558478720527,0.28436096871270095,0.5191627389091794,0.0,0.8100266032340226,0.8669064199816363,,,EXPLOIT
497,46,,,0,0,0,0,common,1.0,0.4238686988831657,0.5361419875239442,0.49057452690137526,0.0,0.8008466399805817,0.8589239486107566,,,EXPLOIT
498,46,,,0,0,0,0,common,0.0,0.7244853457259423,0.39731518889285933,0.5607477725487453,0.0,0.8039616765510581,0.861639409518279,,,EXPLOIT
499,46,,,0,0,0,0,common,1.0,0.5290845252781375,0.6089085191498422,0.5512487983675629,0.0,0.7942400796836517,0.853053906702113,,,EXPLOIT
500,46,,,0,0,0,0,common,1.0,0.3439049414307894,0.4496875897310775,0.48904564128653083,0.0,0.7836168836945214,0.843436003035719,,,EXPLOIT
501,46,,,0,0,0,0,common,1.0,0.2235382119300131,0.34377353948913236,0.4093934124795755,0.0,0.7874700109775923,0.8469378266865627,,,EXPLOIT
502,46,,,0,0,1,0,rare,0.0,0.3914765192775016,0.28222626496811265,0.4040183445189533,0.0,0.7911517751505954,0.850253668157616,,,EXPLOIT
503,46,,,0,0,0,1,common,0.0,0.07758083921672829,0.5344993095247635,0.30608709292828573,0.0,0.7946731853028761,0.8533978057883792,,,EXPLOIT
504,46,,,0,1,1,1,common,1.0,0.7605785360440421,0.6678851943222693,0.44243452586301263,0.0,0.7980443275203144,0.8563830929938453,,,EXPLOIT
505,46,,,0,1,0,0,rare,0.0,0.8547001622454915,0.6500759568718986,0.5661142167777562,0.0,0.801274459635289,0.8592211316947366,,,EXPLOIT
506,46,,,0,0,1,1,rare,0.0,0.5056239515713725,0.6915309965956357,0.547967137215841,0.0,0.7913077667043281,0.8503510486779505,,,EXPLOIT
507,46,,,0,0,0,0,common,0.0,0.5555551054595695,0.6744820483896317,0.5502435276889596,0.0,0.7804045161984359,0.8403953694144503,,,EXPLOIT
508,46,,,0,0,0,0,common,0.0,0.3611108185487202,0.6326951121150842,0.4935037149468877,0.0,0.7684268239481068,0.8291424117420435,,,EXPLOIT
509,46,,,0,0,1,1,rare,0.0,0.32865556852139216,0.5955993156190863,0.444049271019239,0.0,0.7729907346487712,0.8334526721642977,,,EXPLOIT
510,46,,,0,0,0,1,common,0.0,0.05042754549087339,0.5684206470423986,0.3259627533607293,0.0,0.7773351932276925,0.8375108292664243,,,EXPLOIT
511,46,,,0,0,0,0,common,1.0,0.7652779679433319,0.5497853076866924,0.45775731773551004,0.0,0.781475452157906,0.8413381847394604,,,EXPLOIT
512,46,,,0,0,0,0,common,0.0,0.5025693208368343,0.6889919310439401,0.4712009186659073,0.0,0.785425382743214,0.8449537063470148,,,EXPLOIT
513,46,,,0,0,0,0,common,1.0,0.6733299414560577,0.6784625189737836,0.5318396255029524,0.0,0.7891976280007348,0.8483743390555166,,,EXPLOIT
514,46,,,0,0,0,1,common,0.0,0.032777904569067706,0.6336586831535561,0.38212110922278697,0.0,0.7780905144182617,0.838167743491071,,,EXPLOIT
515,46,,,0,0,0,0,common,0.0,0.5623355380535624,0.6931468678341872,0.4361854378720196,0.0,0.7821957398885959,0.8419583370387418,,,EXPLOIT
516,46,,,0,0,0,0,common,0.0,0.3655180997348156,0.6668231733438384,0.4149852364308584,0.0,0.7861129851326039,0.8455400696289429,,,EXPLOIT
517,46,,,0,1,1,1,common,1.0,0.7863738804610951,0.62479213052134,0.5264018296399293,0.0,0.7898546879646017,0.8489295741368993,,,EXPLOIT
518,46,,,0,1,1,1,common,1.0,0.5111430222997118,0.42986536558269656,0.521824187437864,0.0,0.7788112631316124,0.8387937902754514,,,EXPLOIT
519,46,,,0,1,1,1,common,1.0,0.3322429644948127,0.3031003286067383,0.46494982055494855,0.0,0.7666721827775251,0.8273242946308331,,,EXPLOIT
520,46,,,0,1,1,1,common,1.0,0.2159579269216283,0.23410056800507284,0.39025225246495243,0.0,0.7713218086837689,0.8317430417282139,,,EXPLOIT
521,46,,,0,1,1,1,common,1.0,0.1403726524990584,0.1959136765467991,0.3152883724751842,0.0,0.7757459299507184,0.8359003362487063,,,EXPLOIT
522,46,,,0,1,1,1,common,0.0,0.908757775875612,0.1738678750914108,0.4933291934953125,0.0,0.7799603556632634,0.8398185240218371,,,EXPLOIT
523,46,,,0,1,1,1,common,1.0,0.4093074456808521,0.39983416093646834,0.4681226691509744,0.0,0.7839794511900086,0.8435174751503345,,,EXPLOIT
524,46,,,0,1,1,1,common,1.0,0.2660498396925539,0.28656148551059435,0.4075008203134482,0.0,0.7878162993143366,0.8470149176367348,,,EXPLOIT
525,46,,,0,1,1,1,common,1.0,0.17293239580016007,0.22507387235709342,0.3371302929594618,0.0,0.7914828402563141,0.8503267184748415,,,EXPLOIT
526,46,,,0,1,1,1,common,0.0,0.887593942729896,0.1907803093936194,0.5022693878905921,0.0,0.7949899937428337,0.8534671216105215,,,EXPLOIT
527,46,,,0,1,1,1,common,0.0,0.5769360627744324,0.4182969636082077,0.5246693903557442,0.0,0.7844378149607366,0.8439003172423905,,,EXPLOIT
528,46,,,0,1,1,0,common,0.0,0.25445973753037604,0.5929184627357653,0.4436064945081338,0.0,0.7728636710298612,0.83311363561026,,,EXPLOIT
529,46,,,0,1,0,0,rare,1.0,0.7624132351723698,0.6717556661921846,0.5392485167074046,0.0,0.7772141709360418,0.8371913629604871,,,EXPLOIT
530,46,,,0,1,1,1,common,0.0,0.3750084408033811,0.4804199736586462,0.4899764939361975,0.0,0.7649121885562946,0.8255030282978428,,,EXPLOIT
531,46,,,0,1,1,0,common,1.0,0.8346011706052556,0.625255500619502,0.5933638969369149,0.0,0.7696485406207845,0.830031724897881,,,EXPLOIT
532,46,,,0,1,1,0,common,0.0,0.45750923910658386,0.4302686878976832,0.5526074995878156,0.0,0.7565595311507275,0.8173387996944173,,,EXPLOIT
533,46,,,0,1,1,0,common,0.0,0.29738100541927953,0.5995389657895374,0.4760395513372548,0.0,0.7420488260109768,0.8027562922751588,,,EXPLOIT
534,46,,,0,1,0,0,rare,0.0,0.5044313971379595,0.6739859373505954,0.4845571050774662,0.0,0.7479797822679402,0.8087651176715981,,,EXPLOIT
535,46,,,0,0,1,0,rare,0.0,0.1932976535225317,0.6926801513566749,0.3971792696109858,0.0,0.7535887499627499,0.8143637807921026,,,EXPLOIT
536,46,,,0,0,0,1,common,0.0,0.021305637969894008,0.6849606880957639,0.28441718011865824,0.0,0.7589009958310611,0.8195926367345592,,,EXPLOIT
537,46,,,0,0,0,1,common,0.0,0.013848664680431106,0.6750255245852037,0.20324662548719008,0.0,0.7639392106971845,0.8244869149903493,,,EXPLOIT
538,46,,,0,0,0,0,common,1.0,0.6721195918603263,0.6666120166574365,0.3439085153991309,0.0,0.7687238295865648,0.8290775081779461,,,EXPLOIT
539,46,,,0,0,0,0,common,1.0,0.4368777347092121,0.6051140571647099,0.3717992811921552,0.0,0.7732733052588825,0.833391619479706,,,EXPLOIT
540,46,,,0,0,0,0,common,1.0,0.28397052756098784,0.41836519598249267,0.34545065510280504,0.0,0.7776043428819127,0.8374532974568952,,,EXPLOIT
541,46,,,0,1,1,1,common,0.0,0.24375548652219772,0.3007580072384144,0.3149421045286228,0.0,0.7817321021377616,0.8412838804546733,,,EXPLOIT
542,46,,,0,1,1,1,common,0.0,0.15844106623942852,0.26154077439458256,0.2679917930418645,0.0,0.7856703719152295,0.844902367939445,,,EXPLOIT
543,46,,,0,0,1,0,rare,1.0,0.8743565252103545,0.23803728561192786,0.44990121269241146,0.0,0.7894317218305806,0.8483257324105554,,,EXPLOIT
544,46,,,0,0,0,0,common,1.0,0.18458084291464205,0.18402994700883185,0.3703051017590806,0.0,0.7930276340849499,0.8515691826930598,,,EXPLOIT
545,46,,,0,1,0,0,rare,0.0,0.8800224521054827,0.15457056268816777,0.5232203068630012,0.0,0.796468618572437,0.8546463872291902,,,EXPLOIT
546,46,,,0,0,0,0,common,1.0,0.4279854061314362,0.14442078900238034,0.4946498366435317,0.0,0.7860557458056048,0.8452246276681372,,,EXPLOIT
547,46,,,0,1,0,0,rare,1.0,0.2781905139854335,0.12846351173879506,0.4297120398461022,0.0,0.7897999867320594,0.8486308613875547,,,EXPLOIT
548,46,,,0,1,1,1,common,1.0,0.8970133069443714,0.32470776020866055,0.5699024199755829,0.0,0.7933798871634505,0.8518584972103627,,,EXPLOIT
549,46,,,0,1,0,0,rare,1.0,0.1808238340905317,0.5133028350429737,0.45317884421006754,0.0,0.7826749275505288,0.8420919597745612,,,EXPLOIT
550,46,,,0,1,1,1,common,1.0,0.5830586495138415,0.6255799542010428,0.4921427858011997,0.0,0.7865704981851991,0.8456664314722001,,,EXPLOIT
551,46,,,0,0,0,0,common,1.0,0.11753549215884562,0.6741590283351191,0.37976059770849346,0.0,0.7902919428156386,0.8490492453397213,,,EXPLOIT
552,46,,,0,0,1,1,rare,1.0,0.378988122183997,0.6634272783734091,0.37952885505114453,0.0,0.7938505051738165,0.8522552558302221,,,EXPLOIT
553,46,,,0,0,0,0,common,0.0,0.9236019300967504,0.6552974750817052,0.5427507775648263,0.0,0.7972564815965422,0.8552978211839588,,,EXPLOIT
554,46,,,0,0,1,1,rare,1.0,0.24634227941959808,0.6197931510298464,0.4538282281212578,0.0,0.7869174457708353,0.8459556863081381,,,EXPLOIT
555,46,,,0,0,0,0,common,0.0,0.6003412545628878,0.6835667201239863,0.49778213605374677,0.0,0.7906235619974581,0.8493232080203978,,,EXPLOIT
556,46,,,0,0,1,1,rare,0.0,0.8398775183772612,0.5102952804209259,0.600410750750801,0.0,0.7941677741152554,0.8525150949648304,,,EXPLOIT
557,46,,,0,0,0,1,common,0.0,0.00900163204228022,0.35848590418396026,0.4229880151382447,0.0,0.7835377177514614,0.8428303453624335,,,EXPLOIT
558,46,,,0,0,0,0,common,1.0,0.6097781845341229,0.2716972092044642,0.4790250659570081,0.0,0.7873944038234305,0.8463648191010777,,,EXPLOIT
559,46,,,0,0,0,0,common,1.0,0.39635581994717994,0.503114025289258,0.45422429215405963,0.0,0.7910794956691031,0.849710766614475,,,EXPLOIT
560,46,,,0,1,0,0,rare,1.0,0.25763128296566695,0.6424289662918976,0.39524638939754175,0.0,0.7946040219602537,0.8528827238104023,,,EXPLOIT
561,46,,,0,1,1,1,common,1.0,0.4540796130547802,0.6025652564235996,0.41289635649471323,0.0,0.7979780863341667,0.8558937698811906,,,EXPLOIT
562,46,,,0,1,0,0,rare,1.0,0.16746033392768356,0.5725153758002349,0.33926554972460427,0.0,0.8012109623912355,0.8587557053289554,,,EXPLOIT
563,46,,,0,1,0,1,rare,0.0,0.0058510608274821435,0.5516965833839546,0.23924120305546762,0.0,0.8043111772210781,0.8614792045059492,,,EXPLOIT
564,46,,,0,0,0,1,common,1.0,0.9961968104621366,0.6889079781381579,0.46632788527746827,0.0,0.8072865850413962,0.8640739468271335,,,EXPLOIT
565,46,,,0,0,0,0,common,1.0,0.10884921705299433,0.6426074324253148,0.3590842848101261,0.0,0.8101444322886158,0.8665487300547399,,,EXPLOIT
566,46,,,0,0,0,0,common,1.0,0.0707519910844463,0.5905678867554972,0.2725845966924222,0.0,0.8128914152960203,0.8689115684490085,,,EXPLOIT
567,46,,,0,0,0,0,common,1.0,0.045988794204890104,0.5506504067586502,0.20460585594616257,0.0,0.8155337315258555,0.8711697780924408,,,EXPLOIT
568,46,,,0,0,0,0,common,1.0,0.029892716233178573,0.523075250336505,0.15219191403226737,0.0,0.8180771251805059,0.8733300513014249,,,EXPLOIT
569,46,,,0,0,1,1,rare,1.0,0.2951517484856071,0.5047121412650115,0.1950798643682693,0.0,0.8205269278993009,0.8753985217195462,,,EXPLOIT
570,46,,,0,0,0,0,common,1.0,0.019430265551566128,0.4926548854497744,0.14238498472325833,0.0,0.8228880951478049,0.8773808214261338,,,EXPLOIT
571,46,,,0,0,0,0,common,1.0,0.012629672608517994,0.48478322022051257,0.10345839108883623,0.0,0.8251652388222811,0.8792821311798542,,,EXPLOIT
572,46,,,0,1,1,1,common,1.0,0.19184863651564465,0.47965651204990967,0.12997546471687876,0.0,0.8273626565207699,0.8811072247412106,,,EXPLOIT
573,46,,,0,1,0,0,rare,0.0,0.9917907128044633,0.5925269557650893,0.3885200391431541,0.0,0.8294843578717157,0.8828605080723475,,,EXPLOIT
574,46,,,0,1,1,1,common,1.0,0.12470161373516908,0.36524183655531733,0.30937451152075857,0.0,0.8315340882595408,0.8845460540918578,,,EXPLOIT
575,46,,,0,1,1,1,common,1.0,0.08105604892785989,0.5226194348415008,0.24087897274288897,0.0,0.8335153502425496,0.8861676335617209,,,EXPLOIT
576,46,,,0,0,1,1,rare,0.0,0.947313568196891,0.6155692283105203,0.45280935137908956,0.0,0.8354314229208517,0.8877287425994259,,,EXPLOIT
577,46,,,0,0,0,0,common,1.0,0.3553360366770988,0.654845579434868,0.4235673569684923,0.0,0.8372853794796196,0.8892326272377877,,,EXPLOIT
578,46,,,0,0,0,0,common,0.0,0.7690315761598858,0.6926223354508587,0.5272066227259102,0.0,0.8390801031051363,0.8906823053955719,,,EXPLOIT
579,46,,,0,0,0,0,common,1.0,0.5001294754960741,0.5537371755071848,0.5190834785569594,0.0,0.8322746852916426,0.8851389753016127,,,EXPLOIT
580,46,,,0,0,0,1,common,0.0,0.3524720731996112,0.6696365830532236,0.4691000569497549,0.0,0.8249455383892288,0.8790680258981457,,,EXPLOIT
581,46,,,0,1,1,1,common,1.0,0.38424618067202077,0.5010969815887475,0.4436438940664346,0.0,0.8271505921151927,0.8809016304012155,,,EXPLOIT
582,46,,,0,0,0,1,common,1.0,0.7708931524202527,0.43364780562832894,0.54181867157258,0.0,0.8292795483660909,0.882662936881327,,,EXPLOIT
583,46,,,0,0,0,0,common,0.0,0.6749158409275517,0.6014739397252047,0.5817478223790715,0.0,0.8217136300426526,0.876348295064616,,,EXPLOIT
584,46,,,0,1,0,1,rare,0.0,0.4989194509268357,0.4109391668474383,0.5568993109434007,0.0,0.8135324774522806,0.8693896227519967,,,EXPLOIT
585,46,,,0,1,0,0,rare,1.0,0.5613047033970914,0.6522143630543255,0.5582209286795079,0.0,0.804658334267661,0.8616835086482011,,,EXPLOIT
586,46,,,0,1,1,1,common,1.0,0.24976001743681353,0.5406191339037913,0.46568265530669956,0.0,0.7949997653309748,0.8531031502541238,,,EXPLOIT
587,46,,,0,1,1,1,common,1.0,0.16234401133392884,0.45188883768106214,0.3746810621148683,0.0,0.7983571253454863,0.8561031602702114,,,EXPLOIT
588,46,,,0,1,1,1,common,0.0,0.8944763926329462,0.3942649786775877,0.5306196612702916,0.0,0.8015743148171802,0.8589548583830059,,,EXPLOIT
589,46,,,0,1,1,1,common,1.0,0.4185903447885849,0.6453083291014925,0.49701086632577957,0.0,0.7916351269742723,0.8500531433452989,,,EXPLOIT
590,46,,,0,1,1,1,common,1.0,0.2720837241125802,0.5336886975220985,0.4295327236618197,0.0,0.7951357315368,0.8532075429529419,,,EXPLOIT
591,46,,,0,1,1,1,common,1.0,0.17685442067317714,0.44719716659797676,0.35372923276522694,0.0,0.798487361261183,0.856202332983171,,,EXPLOIT
592,46,,,0,1,1,1,common,1.0,0.11495537343756512,0.3913131461848762,0.2820970749669284,0.0,0.8016991690340891,0.8590491884199323,,,EXPLOIT
593,46,,,0,1,1,0,common,1.0,0.5683317413867304,0.35636778012501374,0.36796747489286896,0.0,0.8047795732367835,0.8617586728717034,,,EXPLOIT
594,46,,,0,1,1,0,common,0.0,0.6305843680986253,0.3344779546224249,0.4467525428545958,0.0,0.8077363299792034,0.8643403677452883,,,EXPLOIT
595,46,,,0,1,1,1,common,1.0,0.07472099273441735,0.6157142283446213,0.3351430778185423,0.0,0.8105765969739137,0.8668029838124329,,,EXPLOIT
596,46,,,0,1,1,1,common,1.0,0.04856864527737126,0.5073272399075678,0.249170748056191,0.0,0.8133069901574114,0.869154457907031,,,EXPLOIT
597,46,,,0,1,1,1,common,1.0,0.03156961943029135,0.4297250801230445,0.18389040946842108,0.0,0.8159336340016997,0.8714020370147387,,,EXPLOIT
598,46,,,0,0,1,1,rare,1.0,0.020520252629689373,0.3803574582777818,0.13487936241680157,0.0,0.8184622063215022,0.8735523516319833,,,EXPLOIT
599,46,,,0,0,0,0,common,1.0,0.3648480572081094,0.5606232701137615,0.20386997085419392,0.0,0.8208979782671105,0.8756114799586434,,,EXPLOIT
600,46,,,0,0,0,0,common,1.0,0.2371512371852711,0.6537981339627804,0.21385435075351705,0.0,0.8232458500957469,0.8775850042333758,,,EXPLOIT
601,46,,,0,0,0,0,common,0.0,0.8458516958295738,0.6868521438312586,0.403453554276334,0.0,0.8255103832323257,0.8794780603112134,,,EXPLOIT
602,46,,,0,1,0,1,rare,0.0,0.32429764310244324,0.4975087796339418,0.37970678092416676,0.0,0.8276958290610357,0.8812953814106255,,,EXPLOIT
603,46,,,0,1,1,1,common,0.0,0.9866618357907019,0.6904778135515808,0.5617932973841273,0.0,0.8298061548301549,0.8830413368146415,,,EXPLOIT
604,46,,,0,1,1,1,common,1.0,0.35866980673604376,0.6403148217372732,0.5008562501897023,0.0,0.8222821440722993,0.876764258758958,,,EXPLOIT
605,46,,,0,1,1,1,common,1.0,0.23313537437842846,0.6880483144255221,0.4205399874463201,0.0,0.8141480757868397,0.8698490100579713,,,EXPLOIT
606,46,,,0,1,0,0,rare,0.0,0.549803602289223,0.6244567134183939,0.4593190718991909,0.0,0.8167431305282804,0.8720663192418854,,,EXPLOIT
607,46,,,0,1,0,0,rare,0.0,0.35737234148799496,0.68452416022711,0.4287350527758321,0.0,0.8192418218682219,0.8741882690747936,,,EXPLOIT
608,46,,,0,0,0,1,common,1.0,0.7892065319834118,0.5948065360457075,0.5368764965381061,0.0,0.8216493000555408,0.876220781218153,,,EXPLOIT
609,46,,,0,0,0,1,common,1.0,0.5129842457892178,0.45905579464446733,0.5297088213134395,0.0,0.8134628108985629,0.8692487690827869,,,EXPLOIT
610,46,,,0,0,0,1,common,1.0,0.33343975976299156,0.3684139657084581,0.4708281028483051,0.0,0.8045826424531968,0.8615271151863346,,,EXPLOIT
611,46,,,0,0,0,1,common,0.0,0.7832641561540554,0.31389101960974747,0.5645589188400302,0.0,0.8075472342177997,0.8641196185379468,,,EXPLOIT
612,46,,,0,0,0,0,common,0.0,0.23229202196719673,0.5764050854519399,0.46487884977818017,0.0,0.7981477785256735,0.8558209410110679,,,EXPLOIT
613,46,,,0,0,0,1,common,0.0,0.509121701500136,0.6864108320282528,0.4781517052947669,0.0,0.8013736274900616,0.8586864411690298,,,EXPLOIT
614,46,,,0,0,0,1,common,1.0,0.6690708940249116,0.68311809757534,0.5354274619138103,0.0,0.8044672351343779,0.861413252851285,,,EXPLOIT
615,46,,,0,0,1,0,rare,0.0,0.4098798392641064,0.6227046905366319,0.4977631751188991,0.0,0.7947913981080517,0.8528013421618473,,,EXPLOIT
616,46,,,0,0,0,1,common,0.0,0.5651039188838074,0.6925320901233901,0.5179653982483716,0.0,0.7981575485381343,0.8558164675536616,,,EXPLOIT
617,46,,,0,0,0,0,common,0.0,0.15098981427867786,0.6744449515995926,0.40787272305746347,0.0,0.7879026265820893,0.8465374730524845,,,EXPLOIT
618,46,,,0,1,1,1,common,1.0,0.1515379933459785,0.6370128353776969,0.33097230414401796,0.0,0.7915653770401782,0.849874335805795,,,EXPLOIT
619,46,,,0,1,1,1,common,1.0,0.09849969567488603,0.44065407993436634,0.26123052160327837,0.0,0.7950689804182686,0.8530378992259707,,,EXPLOIT
620,46,,,0,1,0,1,rare,0.0,0.36731754727447485,0.30888468353918175,0.2930566293046373,0.0,0.7984234227998912,0.8560411741760223,,,EXPLOIT
621,46,,,0,1,0,1,rare,1.0,0.7612435942715914,0.5221314976302343,0.4335127187947235,0.0,0.8016378721623484,0.8588959010708961,,,EXPLOIT
622,46,,,0,1,0,1,rare,0.0,0.5051916637234657,0.3564977553428012,0.4550164022733461,0.0,0.80472076047875,0.8616127012529421,,,EXPLOIT
623,46,,,0,1,1,1,common,0.0,0.9359751978113241,0.5552277260202121,0.5993040409347394,0.0,0.8076798561272341,0.8642012072272505,,,EXPLOIT
624,46,,,0,1,1,1,common,1.0,0.39161612142263924,0.6577640842093234,0.5369976650811094,0.0,0.7982922086371238,0.8559118784775512,,,EXPLOIT
625,46,,,0,1,0,1,rare,1.0,0.6716254185797472,0.46217859767791986,0.5773859911307007,0.0,0.7880498266478947,0.846644474887962,,,EXPLOIT
626,46,,,0,1,0,1,rare,0.0,0.5634434779231643,0.32103698866072294,0.5732032371684397,0.0,0.7768310021931505,0.8362155956793406,,,EXPLOIT
627,46,,,0,1,1,1,common,0.0,0.7454495210752845,0.5309709563496768,0.6248771223404931,0.0,0.7644897692746945,0.8243929302201025,,,EXPLOIT
628,46,,,0,1,1,0,common,1.0,0.7335781044783308,0.6478918008009724,0.6574874169818444,0.0,0.7508495432096277,0.8108777890578336,,,EXPLOIT
629,46,,,0,1,0,0,rare,1.0,0.9018566207188594,0.4513986757617806,0.7307981781029489,0.0,0.7356946478354329,0.7952795717714872,,,EXPLOIT
630,46,,,0,1,1,1,common,0.0,0.48454218869893495,0.3149224536698957,0.6569213812817447,0.0,0.7187588643741728,0.7770774677571712,,,EXPLOIT
631,46,,,0,1,1,0,common,0.0,0.5231742320890849,0.5265587924397875,0.6167972365239467,0.0,0.6997097045124328,0.7555612647616382,,,EXPLOIT
632,46,,,0,1,0,0,rare,1.0,0.5862068034672586,0.6460199784890548,0.6076201066069402,0.0,0.6781264214441828,0.7297366392224568,,,EXPLOIT
633,46,,,0,1,0,1,rare,0.0,0.3662382606500568,0.44947624557748683,0.5352055528198751,0.0,0.6534686431743005,0.6981673002896566,,,EXPLOIT
634,46,,,0,1,1,1,common,0.0,0.31495242265430773,0.6095496844189793,0.4691296137702049,0.0,0.6250306051222548,0.6586987280563567,,,EXPLOIT
635,46,,,0,1,1,0,common,0.0,0.3400632508579052,0.677126719672658,0.430409704896515,0.0,0.6390172504380276,0.6785251333743237,,,EXPLOIT
636,46,,,0,1,1,1,common,1.0,0.7952809252747,0.6929475701755965,0.5398710710099704,0.0,0.6518728069811593,0.6960076489695922,,,EXPLOIT
637,46,,,0,1,1,1,common,1.0,0.516932601428555,0.5343297924302831,0.5329895301355457,0.0,0.6231801754551037,0.6559626188383949,,,EXPLORE
638,46,,,0,1,0,0,rare,1.0,0.3810344222537181,0.3641264568334848,0.4874029977709974,0.0,0.5897015596542408,0.6043668843255441,,,EXPLOIT
639,46,,,0,1,1,1,common,1.0,0.33600619092856077,0.2669408938618264,0.4419839557182664,0.0,0.6067447684019825,0.6313117135146169,,,EXPLOIT
640,46,,,0,1,0,1,rare,0.0,0.23805486942253695,0.21410066078085782,0.3808052298295475,0.0,0.6222779022580971,0.6546001402315031,,,EXPLOIT
641,46,,,0,1,0,0,rare,1.0,0.24767237446491674,0.4417338483425332,0.34086537322015825,0.0,0.6364924550246466,0.6749281723300975,,,EXPLOIT
642,46,,,0,1,1,1,common,1.0,0.21840402410356452,0.3094890967774897,0.3041269684851801,0.0,0.6495488561284622,0.6928257081870642,,,EXPLOIT
643,46,,,0,1,1,1,common,0.0,0.8580373843326831,0.23738075287182264,0.470300093239431,0.0,0.6615825242632432,0.7087033012027927,,,EXPLOIT
644,46,,,0,1,1,1,common,1.0,0.44227570018375606,0.4636388970843402,0.46189277532272843,0.0,0.6727085584984437,0.7228839678068087,,,EXPLOIT
645,46,,,0,1,1,1,common,0.0,0.7125207948805585,0.3218701046592399,0.5370811811900774,0.0,0.6830254117053971,0.7356253372648678,,,EXPLOIT
646,46,,,0,1,1,1,common,1.0,0.536861483327637,0.5315666562788586,0.5370152718313452,0.0,0.6590845668514601,0.7054219125040975,,,EXPLOIT
647,46,,,0,1,0,0,rare,0.0,0.8390129565978042,0.3623826748012025,0.6276145772612829,0.0,0.6315328274360454,0.6678556076226737,,,EXPLOIT
648,46,,,0,1,1,1,common,1.0,0.34895996416296404,0.5590462578793786,0.5440181933317871,0.0,0.599488388954398,0.6198631225899178,,,EXPLORE
649,46,,,0,1,1,1,common,1.0,0.22682397670592658,0.38020158260625403,0.44885992834402894,0.0,0.5617568807992496,0.5564082513401705,,,EXPLOIT
650,46,,,0,1,0,0,rare,1.0,0.45464157821142726,0.2756516018297661,0.45059442330424837,0.0,0.5814183336967452,0.5904630004376659,,,EXPLOIT
651,46,,,0,0,0,0,common,0.0,0.7044829741625722,0.21890315967760932,0.5267609885617455,0.0,0.5992192575038997,0.6193903854008518,,,EXPLOIT
652,46,,,0,1,1,1,common,0.0,0.8525644151411478,0.1910219791436898,0.6245020165355661,0.0,0.5614378563724121,0.5557708312666654,,,EXPLOIT
653,46,,,0,0,1,1,rare,1.0,0.4458331301582539,0.4033359946460614,0.5709013506223725,0.0,0.5162952349827602,0.467682883552489,,,EXPLORE
654,46,,,0,0,0,0,common,0.0,0.457913933205672,0.6568139055237164,0.5370051253973622,0.0,0.4614109025743954,0.337657837390786,,,EXPLORE
655,46,,,0,1,1,1,common,0.0,0.710208465397135,0.5576037401548458,0.588966127397294,0.0,0.393253948492168,0.12640540471929998,,,EXPLORE
656,46,,,0,0,0,0,common,0.0,0.29764405658368676,0.6774653843584076,0.5015695061532118,0.0,0.30635258683612693,0.09090909090909093,,,EXPLORE
657,46,,,0,1,0,1,rare,0.0,0.15473566512464904,0.6308898496604505,0.39751935384464293,0.0,0.19174812133327726,0.09090909090909093,,,EXPLORE
658,46,,,0,1,1,0,common,0.0,0.22104111305763838,0.6864609172291469,0.3445758816085416,0.0,0.26191946340742905,0.23017705927636645,,,EXPLORE
659,46,,,0,1,1,1,common,1.0,0.5383644974918622,0.6921147206174441,0.40271246637353775,0.0,0.320336831975674,0.33155527035247095,,,EXPLORE
660,46,,,0,1,1,1,common,1.0,0.3499369233697105,0.5622287113730347,0.38687980347238954,0.0,0.3697229537328643,0.40865139461585376,,,EXPLORE
661,46,,,0,0,0,1,common,1.0,0.8994218176689781,0.3924874136948492,0.5406424077313661,0.0,0.41201989964811847,0.46925370836719743,,,EXPLORE
662,46,,,0,1,1,1,common,1.0,0.22745900019031184,0.6331969400246594,0.4466873854690498,0.0,0.3305351719837346,0.34006380567581695,,,EXPLORE
663,46,,,0,1,1,1,common,0.0,0.8521516498762973,0.5373645994005963,0.568326664791224,0.0,0.37841604950577934,0.41525427127022185,,,EXPLORE
664,46,,,0,1,1,1,common,0.0,0.5538985724195933,0.6905599691344566,0.5639982370797347,0.0,0.2870918360128754,0.25542252136474597,,,EXPLORE
665,46,,,0,1,1,1,common,1.0,0.6399659279272644,0.6562683297656232,0.5867885443339936,0.0,0.16574771248475859,0.09090909090909093,,,EXPLORE
666,46,,,0,1,1,1,common,1.0,0.41597785315272184,0.6742010835851412,0.535545336979612,0.0,0.09090909090909093,0.09090909090909093,,,EXPLORE
667,46,,,0,0,0,1,common,0.0,0.4153758185151642,0.5805585943234791,0.4994944814402777,0.0,0.09090909090909093,0.09090909090909093,,,EXPLORE
668,46,,,0,1,1,1,common,1.0,0.2703856045492692,0.4402792686468431,0.4307618183729751,0.0,0.17965545529122232,0.23017705927636645,,,EXPLORE
669,46,,,0,1,0,0,rare,1.0,0.8065313632206036,0.35378202913685225,0.5434926818272636,0.0,0.25195053896963665,0.33155527035247095,,,EXPLORE
670,46,,,0,1,1,1,common,0.0,0.824249357042975,0.3022073465337892,0.627719684391977,0.0,0.117731574948835,0.11586571025734585,,,EXPLORE
671,46,,,0,1,1,1,common,1.0,0.46423791792206626,0.5652642762896456,0.5786751544510038,0.0,0.09090909090909093,0.09090909090909093,,,EXPLORE
672,46,,,0,0,0,0,common,0.0,0.47575461390660767,0.4338919874336089,0.5477989922876849,0.0,0.09090909090909093,0.09090909090909093,,,EXPLORE
673,46,,,0,0,1,1,rare,1.0,0.30175464664934304,0.3436382035897145,0.4739856885961823,0.0,0.09090909090909093,0.09090909090909093,,,EXPLORE
674,46,,,0,1,0,0,rare,1.0,0.690759500960705,0.5864544449646095,0.539017832305539,0.0,0.17965545529122232,0.23017705927636645,,,EXPLORE
675,46,,,0,0,1,1,rare,1.0,0.19614052032207296,0.5044250153280192,0.4361546387104992,0.0,0.09090909090909093,0.09090909090909093,,,EXPLORE
676,46,,,0,1,1,1,common,1.0,0.12749133820934744,0.6450515243870073,0.3435556485601537,0.0,0.17965545529122232,0.23017705927636645,,,EXPLORE
677,46,,,0,1,1,1,common,1.0,0.08286936983607585,0.6032728407945102,0.26534976494293033,0.0,0.25195053896963665,0.33155527035247095,,,EXPLORE
678,46,,,0,1,1,1,common,1.0,0.05386509039344933,0.571433872313612,0.20190436257808603,0.0,0.31197800201026266,0.40865139461585376,,,EXPLORE
679,46,,,0,1,0,1,rare,0.0,0.26999428203485676,0.5493086807200122,0.22233133841511724,0.0,0.3626137856372424,0.46925370836719743,,,EXPLOIT
680,46,,,0,0,1,1,rare,0.0,0.964987691244258,0.6895767306033933,0.44512824426385944,0.0,0.4059000327452924,0.5181414926281387,,,EXPLORE
681,46,,,0,0,0,1,common,0.0,0.1754962833226569,0.6267155533435143,0.3642386559814986,0.0,0.4433268371345312,0.5584101936095955,,,EXPLORE
682,46,,,0,1,1,1,common,0.0,0.6272419993087677,0.507258331936048,0.44313965897967933,0.0,0.4760069778008542,0.5921529537657815,,,EXPLOIT
683,46,,,0,1,1,1,common,0.0,0.407707299550699,0.6639471737123055,0.43250995115098523,0.0,0.5047882362938754,0.6208359130085537,,,EXPLORE
684,46,,,0,0,0,1,common,0.0,0.11407258415972699,0.6925079569765269,0.3369787410536077,0.0,0.5303278475182935,0.6455166258956538,,,EXPLORE
685,46,,,0,0,1,1,rare,1.0,0.7349902552920456,0.6805975537456361,0.4563821953251391,0.0,0.5531431856165939,0.6669771225069359,,,EXPLOIT
686,46,,,0,0,0,0,common,1.0,0.44899367562445835,0.6143811919537023,0.4541656394149348,0.0,0.5736470880232013,0.6858081495669813,,,EXPLORE
687,46,,,0,0,0,0,common,1.0,0.29184588915589793,0.4588387494927494,0.4054697143372237,0.0,0.5921729883276855,0.7024642847715783,,,EXPLOIT
688,46,,,0,0,0,0,common,1.0,0.18969982795133367,0.35351425500965034,0.3407387484214566,0.0,0.6089931308257707,0.7173010333450142,,,EXPLOIT
689,46,,,0,0,1,0,rare,0.0,0.14367672348746496,0.2916962262910727,0.2816201409412591,0.0,0.6243319910980096,0.7306004237646555,,,EXPLOIT
690,46,,,0,0,1,1,rare,0.0,0.5222563340601702,0.5461325536182642,0.3538109988769324,0.0,0.6383763127966292,0.7425890580670904,,,EXPLOIT
691,46,,,0,1,1,1,common,1.0,0.6605333828608894,0.6736252010208492,0.4458277140721195,0.0,0.6512827158657106,0.7534510902583895,,,EXPLOIT
692,46,,,0,0,0,0,common,1.0,0.12330488816836693,0.6451000618268884,0.34907086630099377,0.0,0.6631835351894628,0.763337721105509,,,EXPLOIT
693,46,,,0,0,1,1,rare,1.0,0.4293466988595781,0.6848047978722356,0.373153616068569,0.0,0.6741913519251206,0.7723742534998811,,,EXPLOIT
694,46,,,0,0,0,0,common,1.0,0.08014817730943846,0.6119572078475394,0.28525198444082983,0.0,0.6844025467383026,0.7806654095703525,,,EXPLOIT
695,46,,,0,1,0,0,rare,0.0,0.947903684748865,0.5369305163686546,0.48404749453324036,0.0,0.6939001126991532,0.7882993894728533,,,EXPLOIT
696,46,,,0,1,0,0,rare,0.0,0.6161373950867622,0.3765932378415344,0.5236744646992969,0.0,0.7027559017630366,0.7953510060940612,,,EXPLOIT
697,46,,,0,0,0,0,common,1.0,0.5995106931936045,0.28287704282643006,0.5464253332475892,0.0,0.6815890980756415,0.7771613202299682,,,EXPLOIT
698,46,,,0,0,1,1,rare,1.0,0.27907535425872576,0.24063507305217213,0.4662203395509302,0.0,0.6574392240453237,0.7556610736488781,,,EXPLOIT
699,46,,,0,0,0,0,common,1.0,0.3896819505758429,0.2157625278993241,0.44325882285840396,0.0,0.6688739665357801,0.7653545526767936,,,EXPLOIT
700,46,,,0,0,1,1,rare,1.0,0.1813989802681717,0.20068731084444744,0.3647008700813342,0.0,0.6794664417005293,0.7742221024136471,,,EXPLOIT
701,46,,,0,1,1,1,common,0.0,0.8820906628256884,0.19134362550497044,0.5199178079046405,0.0,0.6893059250124361,0.7823645746047648,,,EXPLOIT
702,46,,,0,0,0,0,common,1.0,0.25329326787429784,0.15317062600360049,0.43993044589553765,0.0,0.6662677632099636,0.7618419216814173,,,EXPLOIT
703,46,,,0,0,0,0,common,1.0,0.1646406241182936,0.14828348344252587,0.3573434993623644,0.0,0.6770495263849664,0.7710047534663741,,,EXPLOIT
704,46,,,0,0,0,0,common,0.0,0.8929835943231091,0.14517879892580274,0.5180355278505878,0.0,0.6870585098044297,0.7794069235463226,,,EXPLOIT
705,46,,,0,0,0,1,common,1.0,0.9258528202961774,0.36643497277199816,0.6403807155842647,0.0,0.6636994491435281,0.758331608767765,,,EXPLOIT
706,46,,,0,0,0,0,common,1.0,0.419560663689979,0.2690949590268744,0.5741347000159789,0.0,0.6368648100014878,0.7330858142574247,,,EXPLOIT
707,46,,,0,0,0,0,common,1.0,0.2727144313984864,0.2160606941321525,0.4837086194307311,0.0,0.6057182528703889,0.7022974242946164,,,EXPLOIT
708,46,,,0,0,0,0,common,0.0,0.8227356195909838,0.18613486004932556,0.5854167194788069,0.0,0.6213404679905309,0.7171519104077362,,,EXPLOIT
709,46,,,0,0,0,0,common,1.0,0.46522184726586047,0.4142093536803564,0.549358257814923,0.0,0.5875414214640455,0.6825509722674332,,,EXPLOIT
710,46,,,0,0,1,1,rare,1.0,0.42664106916330247,0.29518277937258225,0.5125431012194368,0.0,0.5475606550906967,0.6388080398669305,,,EXPLOIT
711,46,,,0,0,0,0,common,1.0,0.3023942007228093,0.23040636607928092,0.4494984310704485,0.0,0.49953421939900583,0.581751796935888,,,EXPLOIT
712,46,,,0,1,1,1,common,1.0,0.27731669495614664,0.19436131804557816,0.3978439102361579,0.0,0.5256520775989145,0.611954223410667,,,EXPLOIT
713,46,,,0,1,1,1,common,0.0,0.8197441482785047,0.41397933599541076,0.524413981648862,0.0,0.5489554005311047,0.6378445746454484,,,EXPLOIT
714,46,,,0,0,0,0,common,1.0,0.19655623046982607,0.28754337111213824,0.4260566562951512,0.0,0.5012232242782217,0.5804723187906171,,,EXPLORE
715,46,,,0,0,0,0,common,1.0,0.127761549805387,0.2593205259674831,0.336568124348222,0.0,0.5271545334513107,0.6108641454216388,,,EXPLOIT
716,46,,,0,0,0,0,common,0.0,0.9169549926264985,0.24204870183364385,0.5106841848317049,0.0,0.5503005252372969,0.6369047992723387,,,EXPLOIT
717,46,,,0,0,0,1,common,0.0,0.39819566680748464,0.5141748963770267,0.4769376294244388,0.0,0.5028512021357462,0.579223337257978,,,EXPLORE
718,46,,,0,1,1,1,common,1.0,0.46716630361897193,0.6676369086468343,0.47400623168279865,0.0,0.528603294775064,0.6098005736067799,,,EXPLORE
719,46,,,0,0,0,0,common,0.0,0.596020745207224,0.658053859863496,0.5106105857401263,0.0,0.551598051441194,0.6359882621996933,,,EXPLORE
720,46,,,0,0,0,0,common,1.0,0.6125865156153043,0.5615275652180602,0.5412033647026797,0.0,0.5044207010189684,0.5780043224488125,,,EXPLORE
721,46,,,0,1,0,0,rare,1.0,0.39818123514994785,0.6925603876081828,0.49829672583686013,0.0,0.4467992767253325,0.4989968899381654,,,EXPLORE
722,46,,,0,1,1,1,common,1.0,0.30365809735233174,0.6328481102241748,0.4399051372915016,0.0,0.47905420551873124,0.5425509159924602,,,EXPLORE
723,46,,,0,0,0,0,common,1.0,0.25881780284746614,0.5541760635772882,0.38557893695829093,0.0,0.5074837008457158,0.578801107090148,,,EXPLORE
724,46,,,0,1,0,0,rare,1.0,0.16823157185085302,0.6667421308057015,0.3203747274260595,0.0,0.5327290063723138,0.6094411399761288,,,EXPLOIT
725,46,,,0,1,1,1,common,1.0,0.19737776327901568,0.6291706650293777,0.2834756381819463,0.0,0.5552956314671258,0.6356786052387696,,,EXPLOIT
726,46,,,0,1,1,1,common,0.0,0.8717044538686398,0.5980187235522594,0.4599442828879543,0.0,0.5755874604245831,0.6583977166717956,,,EXPLOIT
727,46,,,0,0,1,1,rare,1.0,0.43339210498538416,0.6766189899730213,0.4519786295171832,0.0,0.5939310681646106,0.6782607643947389,,,EXPLORE
728,46,,,0,0,1,1,rare,1.0,0.2817048682404997,0.6185144580915889,0.40089650113417813,0.0,0.6105933731864492,0.6957736283348916,,,EXPLOIT
729,46,,,0,0,0,0,common,1.0,0.10935052170305448,0.5646188791104726,0.313432707304841,0.0,0.6257946646899812,0.7113293774892617,,,EXPLOIT
730,46,,,0,0,0,0,common,1.0,0.0710778391069854,0.525515168977777,0.24072624684548433,0.0,0.6397183588805364,0.7252380553782508,,,EXPLOIT
731,46,,,0,0,0,0,common,1.0,0.04620059541954047,0.49912580699258857,0.18236855141770117,0.0,0.6525184040743378,0.7377475017404344,,,EXPLOIT
732,46,,,0,0,1,1,rare,0.0,0.8168918356436752,0.48175239092091005,0.37272553668549335,0.0,0.6643249701372921,0.7490582073427043,,,EXPLOIT
733,46,,,0,0,0,0,common,1.0,0.030030387022701333,0.6913288479616294,0.26991699178665574,0.0,0.6752488687627995,0.7593341058904656,,,EXPLOIT
734,46,,,0,0,1,0,rare,0.0,0.09338987026685222,0.6439225555394114,0.21695885533071466,0.0,0.6853850230502206,0.7687105429553487,,,EXPLOIT
735,46,,,0,1,0,0,rare,0.0,0.9804802484352442,0.6719327296046769,0.44601527326207346,0.0,0.6948152166810423,0.7773002474486663,,,EXPLOIT
736,46,,,0,0,0,0,common,1.0,0.3626878385170913,0.6717361969278028,0.42101704283857877,0.0,0.7036102913656785,0.7851978663350985,,,EXPLOIT
737,46,,,0,1,0,0,rare,1.0,0.23574709503610936,0.5559689809030046,0.36543605849783795,0.0,0.711831917560245,0.792483450342343,,,EXPLOIT
738,46,,,0,1,0,1,rare,0.0,0.258827183424865,0.683987390729032,0.33345339597594603,0.0,0.7195340321019084,0.7992251632642566,,,EXPLOIT
739,46,,,0,1,1,1,common,1.0,0.4690203068316111,0.5590202887193925,0.37412346923264556,0.0,0.7267640136376469,0.8054814093950694,,,EXPLOIT
740,46,,,0,1,1,1,common,1.0,0.3048631994405473,0.6846133510919342,0.35334538829501605,0.0,0.7335636499941507,0.8113025198503494,,,EXPLOIT
741,46,,,0,1,1,1,common,0.0,0.8018389203636442,0.6826339685272571,0.48789344791560446,0.0,0.7399699392234486,0.8167321009168725,,,EXPLOIT
742,46,,,0,0,1,1,rare,1.0,0.4788047017636312,0.6277516556015952,0.48516682407001244,0.0,0.7460157567578771,0.8218081209022383,,,EXPLOIT
743,46,,,0,0,0,0,common,0.0,0.8467643882265289,0.5388091705267799,0.5936460933169674,0.0,0.751730414075765,0.8265637927998007,,,EXPLOIT
744,46,,,0,0,0,0,common,0.0,0.5503968523472438,0.6916130715483637,0.5806713210260503,0.0,0.7366758508652029,0.8133684429390066,,,EXPLOIT
745,46,,,0,0,1,0,rare,0.0,0.06070341567345394,0.6495589586558657,0.4246809494202714,0.0,0.719858512406249,0.798166102898697,,,EXPLOIT
746,46,,,0,1,0,0,rare,1.0,0.6422420459742915,0.5685026807481164,0.4899492783864774,0.0,0.7270689132242826,0.804497475306683,,,EXPLOIT
747,46,,,0,1,1,1,common,0.0,0.6887769438536397,0.40994781139261627,0.549597578026626,0.0,0.7338506751574639,0.8103860374444378,,,EXPLOIT
748,46,,,0,1,1,1,common,1.0,0.5522949864951341,0.6080249060732271,0.5504068005671784,0.0,0.7166911174474181,0.794709014560934,,,EXPLOIT
749,46,,,0,0,0,0,common,1.0,0.41745732988328954,0.4394826543636395,0.5105219593620117,0.0,0.6973749581665751,0.7764075609153426,,,EXPLOIT
750,46,,,0,0,1,1,rare,1.0,0.3589917412218372,0.6552954742856048,0.46506289391995936,0.0,0.6754695563004268,0.7547636496032775,,,EXPLOIT
751,46,,,0,0,0,0,common,1.0,0.27134726442413815,0.6902426200339516,0.40694820507121293,0.0,0.6855900837878491,0.7645353464475265,,,EXPLOIT
752,46,,,0,0,0,0,common,1.0,0.17637572187568984,0.6477940143567227,0.337776460112556,0.0,0.6950062441870682,0.7734713527580401,,,EXPLOIT
753,46,,,0,1,0,0,rare,1.0,0.11464421921919843,0.5979289882128869,0.27083678784454873,0.0,0.7037886696830998,0.7816740793969434,,,EXPLOIT
754,46,,,0,1,1,1,common,1.0,0.23334463179419418,0.673466162653639,0.25958914102944236,0.0,0.7119988545442143,0.7892298607874527,,,EXPLOIT
755,46,,,0,1,1,1,common,1.0,0.1516740106662262,0.6926274576164204,0.22721460192047752,0.0,0.7196905865888806,0.7962119903938442,,,EXPLOIT
756,46,,,0,1,0,0,rare,1.0,0.07451874249247903,0.6901884158511455,0.18140584409207797,0.0,0.7269111177377422,0.8026830934541757,,,EXPLOIT
757,46,,,0,1,1,1,common,1.0,0.09858810693304698,0.6823028141098357,0.15656052294436865,0.0,0.7337021274982659,0.8086969998550488,,,EXPLOIT
758,46,,,0,1,1,1,common,0.0,0.9359177304935195,0.6746304651731456,0.39036768520911386,0.0,0.7401005208927671,0.8143002358356828,,,EXPLOIT
759,46,,,0,0,0,0,common,1.0,0.04843718262011132,0.5916158936650732,0.2877885344324131,0.0,0.7461390930948593,0.8195332220579619,,,EXPLOIT
760,46,,,0,0,0,0,common,1.0,0.03148416870307236,0.5521735466587718,0.21089722471361086,0.0,0.7518470860476583,0.824431243334088,,,EXPLOIT
761,46,,,0,0,0,1,common,0.0,0.16823766922616223,0.5249058795291176,0.19809935806737627,0.0,0.7572506570048606,0.8290252392222215,,,EXPLOIT
762,46,,,0,0,0,0,common,0.0,0.979535290343003,0.6929234212868489,0.4325301377500643,0.0,0.7623732748367192,0.8333424529420513,,,EXPLOIT
763,46,,,0,0,0,1,common,0.0,0.10935448499700545,0.6015790483718754,0.3355774419241466,0.0,0.7672360567680195,0.8374069673729126,,,EXPLOIT
764,46,,,0,1,0,0,rare,0.0,0.636697938722952,0.4851094675403588,0.4259135909637882,0.0,0.771858055738582,0.841240150411862,,,EXPLOIT
765,46,,,0,1,1,0,common,0.0,0.039457220187745064,0.652264002590533,0.30997667973097526,0.0,0.7762565066319689,0.84486102708384,,,EXPLOIT
766,46,,,0,0,0,0,common,1.0,0.5861463398300812,0.6931072306232602,0.39282757776070704,0.0,0.7804470380810551,0.8482865920838404,,,EXPLOIT
767,46,,,0,0,1,1,rare,0.0,0.6083465248207877,0.5781726453552904,0.45748326187873123,0.0,0.7844438553370999,0.8515320735870062,,,EXPLOIT
768,46,,,0,0,0,0,common,0.0,0.6190048791104472,0.6823672749060903,0.505939747048246,0.0,0.7882598987117667,0.8546111569669042,,,EXPLOIT
769,46,,,0,0,0,0,common,1.0,0.5976468285782093,0.6892870947866223,0.5334518715072349,0.0,0.7770615629660937,0.8451850810976651,,,EXPLOIT
770,46,,,0,0,0,1,common,1.0,0.9289195847519465,0.5980312453458223,0.6520921854806483,0.0,0.7647439557078928,0.834566708628341,,,EXPLOIT
771,46,,,0,0,0,1,common,0.0,0.39620226991123475,0.4463185334461812,0.5753252108098241,0.0,0.7511311669048452,0.8225151973253755,,,EXPLOIT
772,46,,,0,0,0,0,common,0.0,0.6115295614241639,0.6369232695030624,0.586186515994126,0.0,0.7360083866677084,0.8087201560070967,,,EXPLOIT
773,46,,,0,0,0,0,common,1.0,0.6025057850742934,0.6923312299115756,0.5910822967181761,0.0,0.7191105233399111,0.7927745861794557,,,EXPLOIT
774,46,,,0,0,0,1,common,1.0,0.7424685245576974,0.5652239743958916,0.6364981650700325,0.0,0.700106576837993,0.7741341251463489,,,EXPLOIT
775,46,,,0,0,0,0,common,1.0,0.39162876029829075,0.42218625636170404,0.56303734363851,0.0,0.6785777979729518,0.752053754183364,,,EXPLOIT
776,46,,,0,0,0,0,common,0.0,0.745441305806111,0.3322832322047899,0.6177585322887903,0.0,0.6539865462508,0.7254859597881784,,,EXPLOIT
777,46,,,0,1,1,1,common,1.0,0.604574758866488,0.5749212049751529,0.6138034002620996,0.0,0.6256308714905016,0.6929098646133469,,,EXPLOIT
778,46,,,0,1,1,1,common,0.0,0.6070264067367828,0.693144449263411,0.6117703022045045,0.0,0.5925765524241117,0.6520297853525608,,,EXPLORE
779,46,,,0,1,1,0,common,0.0,0.02564719312203429,0.630102433938207,0.43593336947976336,0.0,0.5535523611620088,0.5992098174838425,,,EXPLORE
780,46,,,0,0,1,0,rare,0.0,0.01667067552932229,0.5393763675896709,0.310154561294631,0.0,0.5740158690789774,0.6268824320198949,,,EXPLOIT
781,46,,,0,0,1,1,rare,0.0,0.3945671643789088,0.6654933934485082,0.3354783422199143,0.0,0.5925070581310904,0.6507549676849169,,,EXPLOIT
782,46,,,0,0,1,1,rare,1.0,0.7435313431537093,0.6931466928410508,0.4578942425000528,0.0,0.6092971544274246,0.6715589051040691,,,EXPLOIT
783,46,,,0,0,0,1,common,1.0,0.48260454096250327,0.5634489071697867,0.46530733203878794,0.0,0.6246098335721771,0.6898493071362792,,,EXPLOIT
784,46,,,0,0,0,1,common,1.0,0.31369295162562716,0.40776288805079103,0.41982301791483967,0.0,0.6386312036472579,0.7060549797875295,,,EXPLOIT
785,46,,,0,1,0,1,rare,1.0,0.20390041855665764,0.31212197365001026,0.35504623810738506,0.0,0.6515173744929978,0.7205124392839688,,,EXPLOIT
786,46,,,0,1,1,1,common,1.0,0.483295373049911,0.5470844342056754,0.3935209785901428,0.0,0.6634002677670233,0.7334894731947258,,,EXPLOIT
787,46,,,0,0,1,1,rare,0.0,0.6858580075175579,0.6671755239777484,0.48122208726836735,0.0,0.6743921270091324,0.7452018341521636,,,EXPLOIT
788,46,,,0,0,0,1,common,0.0,0.8674647279381725,0.6446789351573265,0.597094879469309,0.0,0.6845890548630923,0.7558252932444357,,,EXPLOIT
789,46,,,0,1,1,1,common,0.0,0.44580770488641264,0.5076265829237696,0.55170872709444,0.0,0.6608746719359909,0.7300561429239737,,,EXPLOIT
790,46,,,0,1,0,1,rare,1.0,0.43614792684018777,0.6720748268202412,0.5170404870181643,0.0,0.6336022938364809,0.6985617712922599,,,EXPLOIT
791,46,,,0,1,0,1,rare,0.0,0.716503847553878,0.5400151277173474,0.5768794951788784,0.0,0.6019079724729068,0.6591979868458973,,,EXPLOIT
792,46,,,0,1,1,1,common,0.0,0.2897750081761682,0.6806436801255558,0.4907481490780653,0.0,0.5646234167557777,0.6085971507050593,,,EXPLORE
793,46,,,0,0,0,0,common,1.0,0.5154631512260278,0.6848947562602529,0.49816264972245405,0.0,0.5840082002543358,0.6349516683850457,,,EXPLOIT
794,46,,,0,0,0,0,common,1.0,0.3350510482969181,0.5425190753074107,0.44922916929479323,0.0,0.6015705458541145,0.6577650981538468,,,EXPLOIT
795,46,,,0,0,0,0,common,1.0,0.2177831813929968,0.4081018495444139,0.3797953729242543,0.0,0.6175551456052303,0.6777052577236629,,,EXPLOIT
796,46,,,0,0,0,1,common,0.0,0.4657275009100207,0.3253185682698368,0.4055750113199842,0.0,0.6321647633947949,0.6952819713258065,,,EXPLOIT
797,46,,,0,0,0,0,common,0.0,0.8584409320945521,0.5716720172731149,0.5414347875523545,0.0,0.6455688465932972,0.7108911835705989,,,EXPLOIT
798,46,,,0,0,0,0,common,1.0,0.4420133941385411,0.6812954039424358,0.5116083695282105,0.0,0.6158586146244606,0.674724413799682,,,EXPLORE
799,46,,,0,0,0,0,common,0.0,0.7126912938099482,0.5353175258958156,0.5719332468127318,0.0,0.5810950029298597,0.6287459108968477,,,EXPLORE
800,46,,,0,0,1,0,rare,0.0,0.010835939094059489,0.6712904190501396,0.4036040544971301,0.0,0.5398711634700519,0.5683398510118058,,,EXPLORE
801,46,,,0,0,1,1,rare,1.0,0.8116462446854906,0.6919048677869918,0.5260167115536383,0.0,0.5617055671113067,0.60055457760225,,,EXPLOIT
802,46,,,0,1,1,1,common,1.0,0.527570059045569,0.5898697030491232,0.5264827158012175,0.0,0.5166176201657773,0.5301714968587167,,,EXPLORE
803,46,,,0,1,0,0,rare,1.0,0.5367506590235336,0.6926219263879559,0.5295630987679123,0.0,0.4618065743142932,0.43089722183800877,,,EXPLORE
804,46,,,0,1,1,1,common,1.0,0.3429205383796199,0.6305050315104241,0.47357033065142456,0.0,0.39375103531412,0.2803582659529084,,,EXPLORE
805,46,,,0,0,0,1,common,0.0,0.30272287559151345,0.5485684874814936,0.4223160941334512,0.0,0.43278260590314677,0.36935753507793906,,,EXPLORE
806,46,,,0,1,1,1,common,1.0,0.22289834994675295,0.39189981335884455,0.36249077087744175,0.0,0.4667697733842923,0.43814785604531137,,,EXPLORE
807,46,,,0,1,1,1,common,1.0,0.14488392746538947,0.3330939559680563,0.297208717853826,0.0,0.4966296660844411,0.4929081703948296,,,EXPLOIT
808,46,,,0,0,0,0,common,1.0,0.3488879283652969,0.29756135754825863,0.3127124810072673,0.0,0.523069791385696,0.537531431538573,,,EXPLOIT
809,46,,,0,1,0,0,rare,1.0,0.22677715343744298,0.4969059156629284,0.28693188273632,0.0,0.5466446879281457,0.5745922718937525,,,EXPLOIT
810,46,,,0,1,1,1,common,1.0,0.0941745528525032,0.47034727300200707,0.22910468377117493,0.0,0.5677951469805018,0.6058614956464288,,,EXPLOIT
811,46,,,0,1,1,1,common,1.0,0.06121345935412714,0.4530386070150497,0.17873731644606058,0.0,0.5868759547703543,0.6325970709552343,,,EXPLOIT
812,46,,,0,1,1,0,common,0.0,0.0070433604111386685,0.4418106417710951,0.12722912963558403,0.0,0.6041758930164578,0.6557172467360378,,,EXPLOIT
813,46,,,0,1,0,0,rare,1.0,0.14740514973433794,0.6833529306538855,0.13328193566521018,0.0,0.6199324061487859,0.6759079781708531,,,EXPLOIT
814,46,,,0,1,1,1,common,0.0,0.9602112514198173,0.6203937631499852,0.3813607303915923,0.0,0.6343425238160488,0.6936920130102024,,,EXPLOIT
815,46,,,0,1,1,1,common,1.0,0.37586268657711863,0.6837721171380085,0.37971131724725016,0.0,0.6475711085685032,0.7094747058528934,,,EXPLOIT
816,46,,,0,1,1,1,common,1.0,0.24431074627512706,0.6704715919384727,0.3390911459556132,0.0,0.6597571629618537,0.7235752200588897,,,EXPLOIT
817,46,,,0,1,1,1,common,1.0,0.15880198507883259,0.6031900474422027,0.285004397692579,0.0,0.6710187086746902,0.7362482801932243,,,EXPLOIT
818,46,,,0,1,1,1,common,1.0,0.10322129030124116,0.5436045027576473,0.23046946547517766,0.0,0.6814566011178316,0.7476996532997303,,,EXPLOIT
819,46,,,0,1,1,0,common,0.0,0.004578184267240135,0.5013747260258434,0.1627020811127964,0.0,0.6911575409873958,0.7580973715889413,,,EXPLOIT
820,46,,,0,1,0,0,rare,1.0,0.09581334732731972,0.6916930601619071,0.1426354609771534,0.0,0.7001964733128758,0.7675800033214407,,,EXPLOIT
821,46,,,0,0,0,0,common,1.0,0.06227867576275781,0.63854702701749,0.11852842541283472,0.0,0.7086385145719715,0.7762628396323628,,,EXPLOIT
822,46,,,0,0,1,1,rare,1.0,0.06709383869580676,0.6925322981073807,0.10309804939772632,0.0,0.716540512743938,0.7842425852584789,,,EXPLOIT
823,46,,,0,0,1,1,rare,0.0,0.9563890048477256,0.6800257307055843,0.3590853360327261,0.0,0.7239523193591773,0.7916009588993934,,,EXPLOIT
824,46,,,0,0,1,1,rare,1.0,0.3783471468489783,0.6163187816238753,0.3648638792776017,0.0,0.7309178337237231,0.7984074878840205,,,EXPLOIT
825,46,,,0,0,1,1,rare,1.0,0.24592564545183593,0.6900039515265302,0.32918240912987196,0.0,0.7374758655430853,0.804721699928662,,,EXPLOIT
826,46,,,0,0,0,0,common,0.0,0.9595188607542074,0.6842155631726672,0.5182833446171726,0.0,0.7436608517533329,0.8105948584666437,,,EXPLOIT
827,46,,,0,0,0,0,common,1.0,0.37631274050976515,0.6097182026363648,0.47569216338495035,0.0,0.7276741135935482,0.7949513261456896,,,EXPLOIT
828,46,,,0,1,1,1,common,1.0,0.15985166954369334,0.6889706000098026,0.38094001523257326,0.0,0.7344204620157916,0.8015133391210112,,,EXPLOIT
829,46,,,0,0,1,1,rare,1.0,0.1039035852034007,0.656087708936036,0.2978290862238215,0.0,0.7407779704108696,0.8076087179629312,,,EXPLOIT
830,46,,,0,0,1,1,rare,1.0,0.06753733038221044,0.6913783058550668,0.22874155947133815,0.0,0.7467790199404013,0.8132852513487497,,,EXPLOIT
831,46,,,0,0,0,0,common,1.0,0.24460328133134734,0.6897865267645569,0.23350007602934092,0.0,0.7524524937564646,0.8185844181317568,,,EXPLOIT
832,46,,,0,0,1,1,rare,1.0,0.04389926474843675,0.6782021094621467,0.17661983264506964,0.0,0.7578242369343468,0.8235423954764612,,,EXPLOIT
833,46,,,0,0,0,0,common,1.0,0.15899213286537583,0.6664909315162492,0.17133152271116148,0.0,0.7629174456960618,0.8281908796923885,,,EXPLOIT
834,46,,,0,0,1,1,rare,0.0,0.9714654779135161,0.6572402866632047,0.41137170927186784,0.0,0.7677529982902848,0.832557759145586,,,EXPLOIT
835,46,,,0,0,1,1,rare,1.0,0.3685474393562145,0.6185152487137742,0.39852442829717183,0.0,0.7723497374831519,0.8366676694408814,,,EXPLOIT
836,46,,,0,0,0,0,common,0.0,0.8966551136375057,0.6833968279057219,0.5479636338992719,0.0,0.7767247127195275,0.8405424542242499,,,EXPLOIT
837,46,,,0,0,0,0,common,0.0,0.5828258238643788,0.5104634582330031,0.5584222908888039,0.0,0.7643725803589286,0.8293092734381501,,,EXPLOIT
838,46,,,0,0,0,0,common,1.0,0.6211632144881538,0.35908370521099187,0.5772445679686088,0.0,0.7507196950554105,0.8165125357929038,,,EXPLOIT
839,46,,,0,0,0,0,common,1.0,0.4037560894173,0.5666058302438617,0.5251980244032162,0.0,0.7355499803671105,0.8018021715766032,,,EXPLOIT
840,46,,,0,0,0,0,common,1.0,0.2624414581212451,0.6674975133658929,0.44637105451862485,0.0,0.7185966966025767,0.7847151789581279,,,EXPLOIT
841,46,,,0,0,0,0,common,0.0,0.8294130522211907,0.6927459221482137,0.5612836538293946,0.0,0.7258833822526339,0.7920374995877852,,,EXPLOIT
842,46,,,0,1,1,1,common,1.0,0.23955583558153948,0.5420766478801647,0.46476530835503804,0.0,0.7077392013576534,0.7732669814936123,,,EXPLOIT
843,46,,,0,1,0,0,rare,1.0,0.46088151605622607,0.4891617365373907,0.4636001706653944,0.0,0.7156979262665703,0.7814861471094858,,,EXPLOIT
844,46,,,0,1,1,0,common,0.0,0.002975819773706088,0.45403619208265156,0.32541286539788783,0.0,0.7231612955319813,0.7890564693636737,,,EXPLOIT
845,46,,,0,1,0,0,rare,1.0,0.299572985436547,0.6823148472013321,0.31766090140948555,0.0,0.7301738167303153,0.7960515230705724,,,EXPLOIT
846,46,,,0,1,0,0,rare,1.0,0.19472244053375554,0.609964167368918,0.28077936314676655,0.0,0.7367748208449111,0.8025341645568292,,,EXPLOIT
847,46,,,0,1,0,0,rare,0.0,0.8734304136530588,0.5380622637854968,0.4585746782986542,0.0,0.7429991936106467,0.808558414938101,,,EXPLOIT
848,46,,,0,1,1,1,common,1.0,0.1557112931280007,0.6928466343281927,0.36771566274745815,0.0,0.7488779862771734,0.8141709597975239,,,EXPLOIT
849,46,,,0,0,0,1,common,1.0,0.8032301308655163,0.6367166326037289,0.4983700031828756,0.0,0.7544389283649439,0.8194123534291007,,,EXPLOIT
850,46,,,0,1,0,0,rare,1.0,0.4322702311255118,0.6930201776172091,0.47854007156566647,0.0,0.7597068602841581,0.8243179933879539,,,EXPLOIT
851,46,,,0,1,0,0,rare,0.0,0.7190243497684173,0.668494376322645,0.5506853550264916,0.0,0.7647041000574621,0.8289189148853326,,,EXPLOIT
852,46,,,0,1,0,1,rare,0.0,0.4779004149374144,0.638716946772469,0.5288498729997684,0.0,0.7510870110784678,0.8160658978381065,,,EXPLOIT
853,46,,,0,0,1,1,rare,0.0,0.8987876594667995,0.49464690677825407,0.6398312089398777,0.0,0.735959197857948,0.8012861722365866,,,EXPLOIT
854,46,,,0,0,0,0,common,1.0,0.5326341726505287,0.669397153404499,0.607672098053073,0.0,0.7190553922593285,0.7841123437880012,,,EXPLOIT
855,46,,,0,0,0,1,common,0.0,0.3106352697093194,0.5389136465037168,0.5185610495499469,0.0,0.7000443612082183,0.7639125402710358,,,EXPLOIT
856,46,,,0,0,1,0,rare,1.0,0.998065717147091,0.681296686611468,0.6624124498290901,0.0,0.678507042822359,0.7398110818302226,,,EXPLOIT
857,46,,,0,1,1,1,common,1.0,0.4157880213465803,0.5569588604533917,0.5884251212843371,0.0,0.6539053691071087,0.7105583354325784,,,EXPLORE
858,46,,,0,0,0,0,common,1.0,0.3462122122228437,0.6881057798970455,0.515761248565889,0.0,0.625536793010039,0.6743072385657553,,,EXPLOIT
859,46,,,0,0,1,1,rare,1.0,0.27026221387527727,0.6305670143802464,0.44211153815870546,0.0,0.5924662396213168,0.6282078076044502,,,EXPLOIT
860,46,,,0,0,1,1,rare,1.0,0.1756704390189302,0.5671258544892335,0.36217920841677287,0.0,0.6092600057721799,0.651904857949253,,,EXPLOIT
861,46,,,0,0,1,1,rare,0.0,0.8858142146376954,0.5196386815893467,0.5192697102830496,0.0,0.6245758828582078,0.6725659404995985,,,EXPLOIT
862,46,,,0,1,0,0,rare,1.0,0.2250379379448484,0.6929000835919688,0.43100017858158923,0.0,0.5913392675418376,0.6259598149803605,,,EXPLORE
863,46,,,0,1,0,1,rare,1.0,0.7980870746889424,0.6559949614980178,0.5411262474137952,0.0,0.6082345052203445,0.6499548626726294,,,EXPLOIT
864,46,,,0,1,1,0,common,0.0,0.3512572838543908,0.5927153998401277,0.48416555834597386,0.0,0.5721050009900819,0.5964824067730633,,,EXPLORE
865,46,,,0,1,0,1,rare,1.0,0.5187565985478126,0.6881351729349563,0.49454287040652545,0.0,0.5907763810059017,0.6245435329882598,,,EXPLOIT
866,46,,,0,1,0,0,rare,0.0,0.8537253403358486,0.6680250891249704,0.6022976113853223,0.0,0.6077224083318741,0.6487272096569372,,,EXPLOIT
867,46,,,0,1,1,1,common,0.0,0.575779239514502,0.6604177489011853,0.5943420998240763,0.0,0.5715001400445647,0.594866550059919,,,EXPLORE
868,46,,,0,1,1,1,common,1.0,0.6257434943155736,0.5508733866024821,0.6037625181715255,0.0,0.5283877156165299,0.522362794966321,,,EXPLORE
869,46,,,0,1,1,0,common,0.0,0.22831723450535402,0.6897418205472745,0.491128933071674,0.0,0.4762154575166887,0.4195168393039723,,,EXPLORE
870,46,,,0,1,1,1,common,0.0,0.5932667286948772,0.5970264000949465,0.5217702717586349,0.0,0.5049725853944931,0.47793650820434097,,,EXPLORE
871,46,,,0,0,0,1,common,0.0,0.6628082109439218,0.4939455597755308,0.5640816535142209,0.0,0.4474800016095909,0.35330377460390466,,,EXPLORE
872,46,,,0,0,1,1,rare,1.0,0.6143766263483298,0.650107780116417,0.5791701453644535,0.0,0.37569857287092806,0.15315802735064973,,,EXPLORE
873,46,,,0,1,1,1,common,0.0,0.6006551928735856,0.481791744196778,0.5856156596171931,0.0,0.283550836546612,0.09090909090909093,,,EXPLORE
874,46,,,0,0,0,1,common,0.0,0.4308253371135492,0.4105165449682482,0.5391785628660999,0.0,0.160943405511586,0.09090909090909093,,,EXPLORE
875,46,,,0,1,0,0,rare,1.0,0.4450785287816984,0.5908625720454888,0.5109485526407794,0.0,0.09090909090909093,0.09090909090909093,,,EXPLORE
876,46,,,0,0,0,0,common,1.0,0.28930104370810394,0.6862017851954987,0.44445429996097674,0.0,0.09090909090909093,0.09090909090909093,,,EXPLORE
877,46,,,0,0,0,0,common,1.0,0.18804567841026754,0.6471682336789838,0.36753171349576397,0.0,0.17965545529122232,0.23017705927636645,,,EXPLORE
878,46,,,0,1,0,0,rare,1.0,0.12222969096667391,0.5456434470473822,0.29394110673703694,0.0,0.25195053896963665,0.33155527035247095,,,EXPLORE
879,46,,,0,0,1,1,rare,1.0,0.6095741246321693,0.6731870831713636,0.3886310121055766,0.0,0.31197800201026266,0.40865139461585376,,,EXPLORE
880,46,,,0,1,1,1,common,0.0,0.60377681898909,0.62485597944784,0.4531747541706306,0.0,0.3626137856372424,0.46925370836719743,,,EXPLORE
881,46,,,0,0,0,0,common,0.0,0.9205507008716619,0.4387451055350478,0.5933875381809399,0.0,0.4059000327452924,0.5181414926281387,,,EXPLORE
882,46,,,0,1,0,1,rare,0.0,0.280036469123807,0.6630954474416395,0.4993822174638,0.0,0.32267046047166775,0.41333318615415215,,,EXPLORE
883,46,,,0,0,1,1,rare,1.0,0.6075450676570915,0.5660426484418478,0.5318310725217874,0.0,0.37171025917319694,0.47299065975813936,,,EXPLORE
884,46,,,0,0,0,0,common,1.0,0.40164204443341966,0.42513822302700355,0.4927743640952771,0.0,0.2783462714074967,0.3457743418025967,,,EXPLORE
885,46,,,0,1,0,0,rare,0.0,0.7389326711182772,0.3361814015269903,0.5666218562021771,0.0,0.33415413260694055,0.41969755468925596,,,EXPLORE
886,46,,,0,1,1,1,common,1.0,0.39490429397710947,0.264983882140394,0.5151065875346568,0.0,0.22888925339421312,0.2625406484069785,,,EXPLORE
887,46,,,0,1,1,1,common,1.0,0.2566877910851212,0.5047806690705243,0.43758094859979607,0.0,0.09090909090909093,0.09090909090909093,,,EXPLORE
888,46,,,0,1,1,1,common,0.0,0.8331529357946712,0.6477974623053908,0.5562525447582586,0.0,0.17965545529122232,0.23017705927636645,,,EXPLORE
889,46,,,0,1,1,1,common,1.0,0.4584505917334637,0.4685495924112669,0.5269119588508201,0.0,0.09090909090909093,0.09090909090909093,,,EXPLORE
890,46,,,0,1,1,1,common,1.0,0.29799288462675144,0.6319704247095606,0.45823623658359947,0.0,0.09090909090909093,0.09090909090909093,,,EXPLORE
891,46,,,0,1,1,1,common,0.0,0.8063046249926116,0.6882843882692136,0.562656753106303,0.0,0.17965545529122232,0.23017705927636645,,,EXPLORE
892,46,,,0,1,1,1,common,1.0,0.47590199375480247,0.52882817090097,0.5366303253008529,0.0,0.09090909090909093,0.09090909090909093,,,EXPLORE
893,46,,,0,1,0,0,rare,1.0,0.5196937637731198,0.6573243826315456,0.5315493568425329,0.0,0.09090909090909093,0.09090909090909093,,,EXPLORE
894,46,,,0,1,1,1,common,1.0,0.3093362959406216,0.6922930339661035,0.4648854385719595,0.0,0.09090909090909093,0.09090909090909093,,,EXPLORE
895,46,,,0,1,0,0,rare,1.0,0.3378009464525279,0.6872446404359455,0.42676009093613,0.0,0.17965545529122232,0.23017705927636645,,,EXPLORE
896,46,,,0,1,0,0,rare,1.0,0.21957061519414312,0.6722359059640719,0.3646032482135339,0.0,0.25195053896963665,0.33155527035247095,,,EXPLORE
897,46,,,0,0,1,1,rare,1.0,0.20106859236140406,0.6579351447716306,0.3155428514578949,0.0,0.31197800201026266,0.40865139461585376,,,EXPLORE
898,46,,,0,1,1,1,common,0.0,0.8693054149650874,0.6842038014888613,0.48167162051005263,0.0,0.3626137856372424,0.46925370836719743,,,EXPLORE
899,46,,,0,1,1,1,common,1.0,0.43495148027269315,0.5724973769105939,0.46765557843884475,0.0,0.4059000327452924,0.5181414926281387,,,EXPLORE
900,46,,,0,1,0,0,rare,1.0,0.14272089987619307,0.6622477445955324,0.37017517487004925,0.0,0.4433268371345312,0.5584101936095955,,,EXPLORE
901,46,,,0,1,1,1,common,0.0,0.7172815378227495,0.6902789561038165,0.4743070837558593,0.0,0.4760069778008542,0.5921529537657815,,,EXPLOIT
902,46,,,0,0,0,0,common,0.0,0.9072314150804746,0.514600156295292,0.6041843831532439,0.0,0.5047882362938754,0.6208359130085537,,,EXPLORE
903,46,,,0,0,0,0,common,1.0,0.4102995801976915,0.6919333441004348,0.5460189422665781,0.0,0.44725263289913925,0.5577191492641204,,,EXPLORE
904,46,,,0,0,1,1,rare,1.0,0.5337670004152129,0.6349265255861491,0.5423433597111684,0.0,0.3754111775160614,0.47045025225835263,,,EXPLORE
905,46,,,0,1,1,1,common,1.0,0.34694855026988836,0.5627675590152891,0.4837249168787844,0.0,0.2831761015453259,0.34189429709259395,,,EXPLORE
906,46,,,0,0,0,0,common,1.0,0.2666947271284995,0.6676845858111791,0.41861585995369893,0.0,0.33822707641624544,0.41667752083693604,,,EXPLORE
907,46,,,0,1,1,1,common,1.0,0.22551655767542744,0.633464800385239,0.36068606927021746,0.0,0.38498682347433827,0.47566411296937244,,,EXPLORE
908,46,,,0,0,0,0,common,0.0,0.8266484273664754,0.6822280123976145,0.5004747766990948,0.0,0.4251953905181902,0.5233789062639481,,,EXPLORE
909,46,,,0,1,0,0,rare,1.0,0.46267852221179107,0.5944231158441187,0.48913590035290366,0.0,0.3473966708983173,0.4210019942334823,,,EXPLORE
910,46,,,0,0,0,0,common,1.0,0.30074103943766417,0.5395932859033703,0.4326174420783318,0.0,0.3928358819364021,0.47912609514047816,,,EXPLORE
911,46,,,0,0,0,0,common,1.0,0.1954816756344817,0.6488691237462293,0.36147671214517674,0.0,0.4319895974742118,0.5262127407096212,,,EXPLORE
912,46,,,0,0,1,1,rare,1.0,0.14658576248902788,0.6871228933864473,0.29700942724833207,0.0,0.4660760260140058,0.5651314432862478,,,EXPLORE
913,46,,,0,1,0,0,rare,1.0,0.12706308916241316,0.6930156440739925,0.24602552582255638,0.0,0.49601767473169667,0.5978363548591216,,,EXPLOIT
914,46,,,0,1,1,1,common,0.0,0.9047192543821319,0.6905930246394869,0.44363364439042896,0.0,0.5225259375779937,0.6257043034476648,,,EXPLOIT
915,46,,,0,1,1,1,common,0.0,0.5880675153483857,0.5531634807286314,0.48696380567781594,0.0,0.5461582180696564,0.6497333311840471,,,EXPLORE
916,46,,,0,0,0,0,common,1.0,0.08259100795556851,0.3698454343785184,0.36565196636114167,0.0,0.5673574567947336,0.6706645736874154,,,EXPLORE
917,46,,,0,0,0,0,common,0.0,0.9463158448288804,0.3359471938754649,0.5398511299014632,0.0,0.5864800779697487,0.6890599251799082,,,EXPLOIT
918,46,,,0,0,0,0,common,0.0,0.6151052991387723,0.6104670571101196,0.5624273806726559,0.0,0.5462960722554079,0.6471285550015291,,,EXPLORE
919,46,,,0,1,1,0,common,1.0,0.8515937975715199,0.6931372588325466,0.649177305742315,0.0,0.49800198233520143,0.5927599728332152,,,EXPLORE
920,46,,,0,1,1,0,common,0.0,0.44646403157851206,0.6107737824454432,0.5883633234931741,0.0,0.4388703513012698,0.5194615102718874,,,EXPLORE
921,46,,,0,0,1,1,rare,0.0,0.3822438849764508,0.6931444523222399,0.5265274919381571,0.0,0.364796305416633,0.4152692277880726,,,EXPLORE
922,46,,,0,1,0,1,rare,0.0,0.18202370493047454,0.6565807174798952,0.4231763558358523,0.0,0.2693023822151455,0.25544652894939446,,,EXPLORE
923,46,,,0,0,0,0,common,1.0,0.600181555559798,0.6931460277621988,0.47627791575303596,0.0,0.3265401958659073,0.35050427409318174,,,EXPLORE
924,46,,,0,1,1,1,common,1.0,0.751541474765307,0.5738946269053714,0.5588569834567172,0.0,0.375008171271537,0.42338500840902066,,,EXPLORE
925,46,,,0,0,1,0,rare,0.0,0.2902016205260328,0.6931466933870734,0.4782603745775118,0.0,0.28265054230864395,0.2684266100836843,,,EXPLORE
926,46,,,0,1,0,1,rare,1.0,0.8816845917951915,0.6318678209972655,0.5992876397428157,0.0,0.33778364903045427,0.3603061073619587,,,EXPLORE
927,46,,,0,1,1,1,common,1.0,0.4885019585974495,0.497074926270747,0.5660519353992058,0.0,0.23370455343028135,0.16500726691897008,,,EXPLORE
928,46,,,0,1,1,1,common,1.0,0.31752627308834214,0.3990787573148833,0.4914942367059467,0.0,0.09250125657347316,0.09090909090909093,,,EXPLORE
929,46,,,0,1,1,1,common,1.0,0.2063920775074224,0.3387453642088017,0.4059635889463894,0.0,0.18093921142278968,0.23017705927636645,,,EXPLORE
930,46,,,0,1,1,1,common,0.0,0.8658451496201754,0.3022327501198586,0.5439280571485252,0.0,0.253007482687525,0.33155527035247095,,,EXPLORE
931,46,,,0,0,1,1,rare,0.0,0.5627993472531141,0.5749873870676239,0.5495894441799019,0.0,0.11918678287056325,0.11586571025734585,,,EXPLORE
932,46,,,0,0,1,0,rare,0.0,0.18863105334192135,0.47395312372367615,0.44130192692850767,0.0,0.09090909090909093,0.09090909090909093,,,EXPLORE
933,46,,,0,1,1,0,common,0.0,0.12261018467224888,0.40623594925074047,0.34569440425163,0.0,0.17965545529122232,0.23017705927636645,,,EXPLORE
934,46,,,0,0,1,1,rare,1.0,0.6341804242854758,0.5864654553503243,0.4322402102617837,0.0,0.25195053896963665,0.33155527035247095,,,EXPLORE
935,46,,,0,1,1,1,common,1.0,0.41221727578555933,0.6869229257147127,0.4262333299189164,0.0,0.31197800201026266,0.40865139461585376,,,EXPLORE
936,46,,,0,0,1,1,rare,0.0,0.7320587707393864,0.6450568265495626,0.5179809621650574,0.0,0.3626137856372424,0.46925370836719743,,,EXPLORE
937,46,,,0,1,0,1,rare,0.0,0.42690501533312547,0.5293296995233701,0.49065817811547774,0.0,0.26644182952689394,0.34006380567581695,,,EXPLORE
938,46,,,0,0,1,0,rare,0.0,0.07969662003696178,0.6722438913411911,0.3673697106919229,0.0,0.3241353663312081,0.41525427127022185,,,EXPLORE
939,46,,,0,1,1,1,common,1.0,0.5241617990193987,0.6164636924590601,0.41440733719016565,0.0,0.3729583366315129,0.4745259581707185,,,EXPLORE
940,46,,,0,0,1,1,rare,1.0,0.3407051693626093,0.43735131767651997,0.3922966868418987,0.0,0.414808546973562,0.5224480780585465,,,EXPLORE
941,46,,,0,0,0,0,common,1.0,0.3901180111138687,0.6592268852567098,0.3916430841234897,0.0,0.4510784757027208,0.5619938583437094,,,EXPLORE
942,46,,,0,1,1,1,common,1.0,0.22145836008569608,0.6876613392905153,0.3405876669121516,0.0,0.4828129676198369,0.5951814085820492,,,EXPLORE
943,46,,,0,1,1,0,common,0.0,0.05180280302402516,0.6785279020628605,0.25395220774571364,0.0,0.5108113448181965,0.6234287361496264,,,EXPLOIT
944,46,,,0,1,0,0,rare,0.0,0.7464232927759853,0.6362282652137665,0.4016935332547951,0.0,0.5356955228092285,0.6477613686208623,,,EXPLOIT
945,46,,,0,1,0,0,rare,1.0,0.5148248596956095,0.5038604889313361,0.43563293118703944,0.0,0.5579566415804943,0.6689393553341298,,,EXPLORE
946,46,,,0,1,1,1,common,1.0,0.1439479340557025,0.6725793731434724,0.3481274320476383,0.0,0.5779877229608664,0.6875379511821548,,,EXPLOIT
947,46,,,0,1,1,1,common,0.0,0.9064338428637934,0.6874215544418387,0.5156193552924848,0.0,0.5961070072355881,0.7040005609389155,,,EXPLOIT
948,46,,,0,0,0,1,common,1.0,0.7225117400334684,0.6226104111926809,0.5776870707147799,0.0,0.5577460458000862,0.6660656887407245,,,EXPLORE
949,46,,,0,0,0,1,common,0.0,0.5303673689782455,0.5280323833333368,0.5634911601938195,0.0,0.511845755859904,0.6175403526436134,,,EXPLORE
950,46,,,0,0,0,1,common,0.0,0.3447387898358596,0.6894124217407485,0.4978654490864315,0.0,0.45594442265158297,0.553273951754206,,,EXPLORE
951,46,,,0,1,1,1,common,1.0,0.41081800213853437,0.6587870448405733,0.47175121500206235,0.0,0.4870919077993345,0.5878197930389709,,,EXPLORE
952,46,,,0,1,1,0,common,1.0,0.9663281780343836,0.5221685174504405,0.6201243039117588,0.0,0.5146032500281182,0.6171313882813687,,,EXPLORE
953,46,,,0,0,0,0,common,1.0,0.33463615880214626,0.4132604351428289,0.534477860378875,0.0,0.45933340004570433,0.5527214869859921,,,EXPLORE
954,46,,,0,1,1,1,common,1.0,0.2670317013900474,0.6127187157134738,0.4542440126822267,0.0,0.3906425766237273,0.46334253956644933,,,EXPLORE
955,46,,,0,0,1,1,rare,1.0,0.1735706059035308,0.5505205140902955,0.3700419906486179,0.0,0.43008974954936324,0.5133232961549106,,,EXPLORE
956,46,,,0,0,0,0,common,1.0,0.21751350322139507,0.6574873744179348,0.32428344442045104,0.0,0.4644145293085801,0.5544078331600512,,,EXPLOIT
957,46,,,0,0,0,0,common,1.0,0.14138377709390682,0.6904703794344291,0.26941354422248776,0.0,0.49455240387574484,0.588775643527495,,,EXPLOIT
958,46,,,0,0,0,0,common,1.0,0.09189945511103947,0.6915876989321984,0.21615931748905326,0.0,0.5212241392926613,0.6179480297054682,,,EXPLOIT
959,46,,,0,0,0,0,common,0.0,0.9402653541778243,0.6834638218153013,0.4333911284956845,0.0,0.5449940426695763,0.6430191228997275,,,EXPLOIT
960,46,,,0,1,1,1,common,1.0,0.11282089383729499,0.5799996013473472,0.33722005809816763,0.0,0.5663102307028545,0.6647959818440273,,,EXPLORE
961,46,,,0,1,1,1,common,0.0,0.9266664190057583,0.5371565910796953,0.5140539663704449,0.0,0.585533070139284,0.6838869480194611,,,EXPLOIT
962,46,,,0,1,1,1,common,1.0,0.39766682764625716,0.6928684460175738,0.4791378247531885,0.0,0.5451672470103622,0.6405193586763676,,,EXPLORE
963,46,,,0,1,1,1,common,1.0,0.2584834379700671,0.6592003321307522,0.4129415087182521,0.0,0.5664660163620238,0.6626150165864312,,,EXPLORE
964,46,,,0,1,1,1,common,1.0,0.16801423468054366,0.6002621768741465,0.33946332650693956,0.0,0.5856739316980833,0.6819675597928552,,,EXPLOIT
965,46,,,0,1,0,0,rare,1.0,0.3888275197844142,0.5517316845611513,0.35427258449018195,0.0,0.6030836317929216,0.6990571452421981,,,EXPLOIT
966,46,,,0,1,0,0,rare,0.0,0.7472621121401307,0.517635033605536,0.4721694427851666,0.0,0.618935579352952,0.7142580455897951,,,EXPLOIT
967,46,,,0,1,1,1,common,0.0,0.8907907474576466,0.6931313673656199,0.5977558341869105,0.0,0.6334291932581692,0.7278663112404711,,,EXPLOIT
968,46,,,0,0,0,0,common,1.0,0.514279627108915,0.6136139918991029,0.5727129720635118,0.0,0.6017056655702772,0.6958561466533368,,,EXPLORE
969,46,,,0,0,0,1,common,0.0,0.22408021339330875,0.4989834750277059,0.46812314446245085,0.0,0.5643838495727669,0.6557705015340151,,,EXPLORE
970,46,,,0,0,0,1,common,0.0,0.1456521387056507,0.677440354625674,0.37138184273541075,0.0,0.5837916847487752,0.675954698366601,,,EXPLOIT
971,46,,,0,0,0,0,common,1.0,0.3342817576207948,0.6808421598589054,0.36025181720102595,0.0,0.601373917645007,0.6937333295399899,,,EXPLOIT
972,46,,,0,0,0,0,common,1.0,0.21728314245351665,0.6434597311106194,0.31736121477677315,0.0,0.6173757940554444,0.7095115029757622,,,EXPLOIT
973,46,,,0,1,0,1,rare,1.0,0.905326109841327,0.5254222807271982,0.49375068329613925,0.0,0.6320005155781644,0.7236081991206921,,,EXPLOIT
974,46,,,0,1,1,0,common,0.0,0.3718866842776506,0.6715288372154196,0.45719148359059264,0.0,0.6454178792610042,0.736278004587702,,,EXPLOIT
975,46,,,0,0,0,0,common,1.0,0.14123404259478578,0.5267017878147326,0.36240425129185055,0.0,0.657770870918093,0.7477265807912878,,,EXPLOIT
976,46,,,0,0,0,0,common,1.0,0.09180212768661078,0.4363146402118229,0.28122361421027864,0.0,0.6691807561030344,0.7581218779556265,,,EXPLOIT
977,46,,,0,0,1,1,rare,1.0,0.4209860141525297,0.3785337642120333,0.32315233419295397,0.0,0.6797510535021543,0.7676023999205478,,,EXPLOIT
978,46,,,0,0,1,1,rare,1.0,0.2736409091991443,0.34269625039333007,0.3082989066948111,0.0,0.6895706668675309,0.776283386636081,,,EXPLOIT
979,46,,,0,0,0,0,common,1.0,0.05967138299629704,0.32037403720210733,0.23371064958525686,0.0,0.698716376301059,0.7842615017555252,,,EXPLOIT
980,46,,,0,0,1,0,rare,0.0,0.2417263447804729,0.3063239272370506,0.23611535814382167,0.0,0.7072548367374828,0.7916184306954344,,,EXPLOIT
981,46,,,0,0,0,0,common,1.0,0.03878639894759306,0.5936274936253533,0.17691667038495307,0.0,0.7152441937244777,0.7984236735900454,,,EXPLOIT
982,46,,,0,0,0,0,common,1.0,0.02521115931593554,0.4836382929972378,0.13140501706424781,0.0,0.7227353993560811,0.8047367357601857,,,EXPLOIT
983,46,,,0,0,0,0,common,1.0,0.016387253555358083,0.4083042149709837,0.09689968801158089,0.0,0.7297732913295449,0.8106088620613188,,,EXPLOIT
984,46,,,0,1,1,1,common,1.0,0.1778665909794438,0.36114358081798315,0.12118975890193975,0.0,0.7363974834225276,0.816084422201747,,,EXPLOIT
985,46,,,0,1,1,1,common,0.0,0.8843867158633615,0.5474242045317929,0.3501488459903663,0.0,0.742643104752019,0.8212020263190619,,,EXPLOIT
986,46,,,0,0,0,0,common,0.0,0.9893482851890173,0.3616631861906688,0.5419086777499615,0.0,0.7485414169497613,0.8259954301652271,,,EXPLOIT
987,46,,,0,0,0,0,common,0.0,0.6430763853728613,0.6257606241970969,0.5722589900368314,0.0,0.7331219701149025,0.8127167480534885,,,EXPLOIT
988,46,,,0,1,1,0,common,0.0,0.1571221241073074,0.6927476487271605,0.4477179302579742,0.0,0.7158735555831297,0.7974113501521765,,,EXPLOIT
989,46,,,0,1,1,1,common,1.0,0.42514863468881503,0.6635100411155053,0.4409471415872264,0.0,0.7233261631725788,0.8037965209248925,,,EXPLOIT
990,46,,,0,1,1,1,common,1.0,0.27634661254772974,0.6570239166491111,0.3915669828753774,0.0,0.7303288747574681,0.8097333596470898,,,EXPLOIT
991,46,,,0,1,1,1,common,1.0,0.17962529815602435,0.5357286325672539,0.3279844774595715,0.0,0.7369209122507218,0.815267213964749,,,EXPLOIT
992,46,,,0,1,1,1,common,1.0,0.11675644380141581,0.43814627711851883,0.2646160673621248,0.0,0.743137067500345,0.8204375155056953,,,EXPLOIT
993,46,,,0,1,0,0,rare,1.0,0.5820003495076401,0.37564371300298893,0.35983135200577937,0.0,0.7490083105850961,0.8252787141648495,,,EXPLOIT
994,46,,,0,1,1,1,common,0.0,0.9241083115290797,0.33707433892759286,0.5291144398627694,0.0,0.7545623005584432,0.8298210407545015,,,EXPLOIT
995,46,,,0,0,0,0,common,1.0,0.37830022717996603,0.6089358121650813,0.48387017605792837,0.0,0.7398279335380628,0.817097887744329,,,EXPLOIT
996,46,,,0,0,0,1,common,0.0,0.4115380286031374,0.6931325411346294,0.46217053182149104,0.0,0.745881634909457,0.822150493270373,,,EXPLOIT
997,46,,,0,0,0,1,common,1.0,0.7325002814079606,0.6149044495220597,0.5432694566974319,0.0,0.751603543528411,0.8268849132869119,,,EXPLOIT
998,46,,,0,0,0,1,common,1.0,0.47612518291517447,0.6930132821667272,0.5231261745627546,0.0,0.7365345510964089,0.8137365221678526,,,EXPLOIT
999,46,,,0,0,1,1,rare,1.0,0.3993295975060982,0.6514768406390148,0.48598720144575763,0.0,0.7197001826540677,0.7985922249956483,,,EXPLOIT
1000,46,,,0,0,0,1,common,1.0,0.30948136889486344,0.5915169854172061,0.4330354516804894,0.0,0.7269201347277124,0.8048933187214693,,,EXPLOIT
1001,46,,,0,0,0,0,common,1.0,0.24589514766697795,0.543743101880895,0.37689336047643596,0.0,0.7337106158747084,0.8107547004189123,,,EXPLOIT
1002,46,,,0,0,0,0,common,1.0,0.15983184598353573,0.5105565894641546,0.31177490612856584,0.0,0.7401085254205858,0.8162205784576783,,,EXPLOIT
1003,46,,,0,0,1,1,rare,0.0,0.7404357616210362,0.48849522918608945,0.4403731627763069,0.0,0.7461466536239814,0.8213294273730521,,,EXPLOIT
1004,46,,,0,0,0,1,common,1.0,0.2011628897816613,0.6917848759623973,0.3686100808779132,0.0,0.7518542381695363,0.8261148882772145,,,EXPLOIT
1005,46,,,0,0,0,0,common,0.0,0.8961093001107018,0.6449617668508758,0.5268598466477498,0.0,0.757257432606492,0.8306065047621898,,,EXPLOIT
1006,46,,,0,1,0,0,rare,1.0,0.41752895492804387,0.6718042136250901,0.494060579131838,0.0,0.7428244616367712,0.8179958516884804,,,EXPLOIT
1007,46,,,0,1,1,1,common,1.0,0.5187167549463265,0.584889590938326,0.5014574318761845,0.0,0.7487128286872408,0.8229911943833914,,,EXPLOIT
1008,46,,,0,1,1,1,common,0.0,0.6628341092848878,0.5071390330300702,0.5498704350987955,0.0,0.7333131109408535,0.8092673956705192,,,EXPLOIT
1009,46,,,0,1,1,1,common,0.0,0.4308421710351771,0.6883638541382457,0.5141619558797099,0.0,0.7160880270533474,0.7934103126104239,,,EXPLOIT
1010,46,,,0,1,1,1,common,0.0,0.28004741117286513,0.6557210998299605,0.44392759246765645,0.0,0.6966936240919069,0.7748816323112738,,,EXPLOIT
1011,46,,,0,0,1,1,rare,0.0,0.18203081726236234,0.5726942716493482,0.3653585599060682,0.0,0.7053646908195725,0.7829713444580824,,,EXPLOIT
1012,46,,,0,0,0,1,common,1.0,0.1307558783580799,0.6769831708323268,0.2949777554416717,0.0,0.7134741155081624,0.7904271131813951,,,EXPLOIT
1013,46,,,0,0,0,1,common,0.0,0.915008679067248,0.5156639810680614,0.48098703252934455,0.0,0.7210743825361869,0.7973203114557719,,,EXPLOIT
1014,46,,,0,0,0,0,common,0.0,0.7286061792967715,0.6582791589541561,0.5552727765595726,0.0,0.7282116347707314,0.8037119859609649,,,EXPLOIT
1015,46,,,0,1,1,1,common,0.0,0.11832003122053553,0.6930273257022741,0.42418695295786146,0.0,0.7103581735913348,0.7869443335173647,,,EXPLOIT
1016,46,,,0,1,0,1,rare,1.0,0.4052443586062888,0.6781109523921613,0.41850417465238965,0.0,0.7181522331768453,0.7940977264667932,,,EXPLOIT
1017,46,,,0,1,1,1,common,0.0,0.07690802029334809,0.6115385310798772,0.31602532834467717,0.0,0.7254658797076718,0.8007216351789362,,,EXPLOIT
1018,46,,,0,1,1,0,common,1.0,0.8978706193302501,0.6871912980915726,0.49057891564034906,0.0,0.7323418661111962,0.8068724495888688,,,EXPLOIT
1019,46,,,0,1,1,0,common,0.0,0.41638409743533733,0.5382794734772438,0.4683204701788455,0.0,0.7388180189164474,0.8125988270493499,,,EXPLOIT
1020,46,,,0,1,1,0,common,0.0,0.27064966333296925,0.6674802652786905,0.4090192281250826,0.0,0.7449279279779027,0.8179429738394862,,,EXPLOIT
1021,46,,,0,1,0,1,rare,1.0,0.2634088330940878,0.6930275720612656,0.36533610961578417,0.0,0.7507015234772935,0.8229416799909391,,,EXPLOIT
1022,46,,,0,1,1,0,common,1.0,0.82407771883357,0.5721337874041237,0.5029585923811198,0.0,0.7561655611261086,0.8276271611085796,,,EXPLOIT
1023,46,,,0,1,0,0,rare,0.0,0.4735940165429015,0.4185307569262906,0.4941492196296543,0.0,0.7416108782723945,0.8145869712763497,,,EXPLOIT
1024,46,,,0,1,1,0,common,1.0,0.5356505172418206,0.6173257092489095,0.5065996089133041,0.0,0.7475659455001227,0.819801332549672,,,EXPLOIT
1025,46,,,0,1,1,1,common,0.0,0.04999021319067626,0.4532422088519252,0.3696167901965157,0.0,0.7320339725796284,0.8055963483952994,,,EXPLOIT
1026,46,,,0,1,1,0,common,1.0,0.3481728362071834,0.6340511017832172,0.363183603999716,0.0,0.7385277875614789,0.8114096033982434,,,EXPLOIT
1027,46,,,0,1,1,0,common,1.0,0.22631234353466922,0.4679999663836435,0.32212222586020195,0.0,0.7446538949443618,0.8168321027665421,,,EXPLOIT
1028,46,,,0,0,0,1,common,1.0,0.17121574151115704,0.35156956186268973,0.27685028055548844,0.0,0.7504423823039362,0.8219017164322822,,,EXPLOIT
1029,46,,,0,0,0,1,common,1.0,0.11129023198225207,0.5830906740332277,0.22718226598351754,0.0,0.755920142146361,0.8266515741650114,,,EXPLOIT
1030,46,,,0,1,1,0,common,1.0,0.147103023297535,0.6820553091246206,0.20315849317772278,0.0,0.7611112850629972,0.831110784729902,,,EXPLOIT
1031,46,,,0,1,1,0,common,0.0,0.9043830348566022,0.643428088540779,0.41352585568138656,0.0,0.7660374903912136,0.8353050279724069,,,EXPLOIT
1032,46,,,0,1,1,0,common,1.0,0.4121510273432085,0.6595932015402732,0.4131134071799331,0.0,0.7707183051384299,0.8392570452758694,,,EXPLOIT
1033,46,,,0,1,1,0,common,1.0,0.2678981677730856,0.6916433585475983,0.3695488353578788,0.0,0.775171399861156,0.842987048176899,,,EXPLOIT
1034,46,,,0,0,0,1,common,1.0,0.0723386507884638,0.6600047915875225,0.2803857799870543,0.0,0.7794127885610913,0.8465130606404815,,,EXPLOIT
1035,46,,,0,0,0,0,common,0.0,0.30783611075288597,0.6925112632460781,0.2886208792168038,0.0,0.7834570183665318,0.8498512072294601,,,EXPLOIT
1036,46,,,0,0,0,1,common,0.0,0.9529798769874985,0.5458779165413685,0.4879285785480122,0.0,0.7873173337342172,0.8530159568905433,,,EXPLOIT
1037,46,,,0,1,1,0,common,1.0,0.17413380905250564,0.38741047288852576,0.39379014769936016,0.0,0.7910058190772388,0.8560203301324345,,,EXPLOIT
1038,46,,,0,1,1,0,common,1.0,0.11318697588412863,0.331439094357323,0.30960919615479066,0.0,0.794533523055094,0.8588760758528781,,,EXPLOIT
1039,46,,,0,1,1,0,common,0.0,0.9264284656753163,0.2975405197910683,0.49465497701094835,0.0,0.7979105672188562,0.8615938228783985,,,EXPLOIT
1040,46,,,0,1,1,0,common,1.0,0.3978214973110443,0.5714736158323683,0.4656049331009771,0.0,0.8011462412617492,0.8641832103374586,,,EXPLOIT
1041,46,,,0,1,1,0,common,1.0,0.25858397325217886,0.44871215161160694,0.4034986451463376,0.0,0.8042490867629508,0.8666530002377919,,,EXPLOIT
1042,46,,,0,1,1,0,common,0.0,0.8319204173860837,0.36865002678387093,0.5320251768182613,0.0,0.8072269710143777,0.8690111750188394,,,EXPLOIT
1043,46,,,0,1,1,0,common,0.0,0.5407482713009544,0.6152363010181927,0.5346421051630692,0.0,0.7977989687005362,0.8612632713591949,,,EXPLOIT
1044,46,,,0,1,1,1,common,0.0,0.03249363857393957,0.6925806373488701,0.38399756518633027,0.0,0.7875106160729193,0.8526338242012914,,,EXPLOIT
1045,46,,,0,1,1,0,common,1.0,0.6485136236543796,0.6712208979401345,0.46335238272674506,0.0,0.7911905936835814,0.8556573547129515,,,EXPLOIT
1046,46,,,0,0,0,1,common,0.0,0.6194369200418741,0.6419019883093455,0.5101777439212838,0.0,0.7947103308048098,0.8585308693997812,,,EXPLOIT
1047,46,,,0,0,0,1,common,0.0,0.4026339980272182,0.5569280601977964,0.4779146201530641,0.0,0.7841316965766711,0.8495786646061825,,,EXPLOIT
1048,46,,,0,0,0,0,common,0.0,0.20009347198937588,0.49102993267659534,0.3945682757039576,0.0,0.7879617184932592,0.8527574084135078,,,EXPLOIT
1049,46,,,0,1,1,0,common,0.0,0.5784661446246532,0.4468885600635906,0.4497376363801663,0.0,0.7916218753753832,0.855774737095741,,,EXPLOIT
1050,46,,,0,1,1,0,common,1.0,0.6239970059939755,0.5959784879321505,0.502015447264309,0.0,0.7951230495830836,0.8586424998450914,,,EXPLOIT
1051,46,,,0,0,0,0,common,1.0,0.8699392432069057,0.391940594675508,0.612392586047088,0.0,0.7845834455573882,0.8497036028280939,,,EXPLOIT
1052,46,,,0,0,0,0,common,0.0,0.4345394919155113,0.6496096782022626,0.559036657807615,0.0,0.7730237385482525,0.8396661012780204,,,EXPLOIT
1053,46,,,0,0,1,1,rare,0.0,0.02112086507306072,0.5459598825716758,0.39766191998724876,0.0,0.760288972850224,0.8283148151666926,,,EXPLOIT
1054,46,,,0,0,0,0,common,0.0,0.28245066974508237,0.4639387191358795,0.3630985449145988,0.0,0.765256712077376,0.8326743003414866,,,EXPLOIT
1055,46,,,0,1,1,0,common,0.0,0.594401946103916,0.4100821182493827,0.4324895652713939,0.0,0.7699760282066161,0.8367774535029748,,,EXPLOIT
1056,46,,,0,1,1,0,common,1.0,0.6136387350324546,0.5807705712336007,0.4868343161997121,0.0,0.7744648799384106,0.8406460471499698,,,EXPLOIT
1057,46,,,0,1,1,0,common,1.0,0.3988651777710954,0.38718358941881986,0.46044357467112706,0.0,0.778739535989323,0.8442994561083601,,,EXPLOIT
1058,46,,,0,1,1,1,common,0.0,0.013728562297489469,0.2728097089237785,0.3264290709590357,0.0,0.7828147693216401,0.8477549787447963,,,EXPLOIT
1059,46,,,0,1,1,0,common,1.0,0.25926236555121207,0.48583262458579235,0.3062790593366886,0.0,0.7867040251875289,0.8510281078886757,,,EXPLOIT
1060,46,,,0,0,0,0,common,0.0,0.18359293533430354,0.3272730748182649,0.269473222135973,0.0,0.7904195670158344,0.8541327604152081,,,EXPLOIT
1061,46,,,0,1,1,0,common,1.0,0.1685205376082879,0.29688484740758603,0.23918741677766747,0.0,0.7939726034766955,0.8570814726660905,,,EXPLOIT
1062,46,,,0,1,1,0,common,0.0,0.8904616505546129,0.21637907014551455,0.4345696869107511,0.0,0.7973733994974972,0.8598855674949285,,,EXPLOIT
1063,46,,,0,1,1,0,common,1.0,0.4211999271395016,0.42343939618425436,0.43055875897937623,0.0,0.800631373546233,0.8625552976306305,,,EXPLOIT
1064,46,,,0,1,0,1,rare,0.0,0.26171209871769185,0.2822638957656796,0.3799047609008709,0.0,0.8037551831240729,0.8650999691853215,,,EXPLOIT
1065,46,,,0,1,1,0,common,1.0,0.2737799526406761,0.48118177938338125,0.3480673184228124,0.0,0.8067528001013529,0.8675280484426532,,,EXPLOIT
1066,46,,,0,1,1,0,common,1.0,0.17795696921643944,0.31380776245105757,0.2970342136609005,0.0,0.8096315772773618,0.869847254508851,,,EXPLOIT
1067,46,,,0,1,1,0,common,0.0,0.8843279700093144,0.22515088789247423,0.4732223405654246,0.0,0.8123983073339821,0.8720646399628683,,,EXPLOIT
1068,46,,,0,1,1,0,common,1.0,0.42518681949394566,0.4317600806193912,0.4588116842439809,0.0,0.8150592751782912,0.8741866612808437,,,EXPLOIT
1069,46,,,0,1,1,0,common,1.0,0.2763714326710647,0.2867078772699268,0.40407960877210597,0.0,0.8176203045231751,0.8762192405161745,,,EXPLOIT
1070,46,,,0,1,1,0,common,0.0,0.820358568763808,0.21108539584809974,0.5289632967696165,0.0,0.8200867994326274,0.8781678194762451,,,EXPLOIT
1071,46,,,0,1,1,0,common,1.0,0.4667669303035248,0.4183101430544033,0.510304386829789,0.0,0.811770144066876,0.8713980504015456,,,EXPLOIT
1072,46,,,0,1,1,0,common,1.0,0.3033985046972911,0.27953741942366517,0.44823262219003956,0.0,0.8027429363841385,0.8639117424950907,,,EXPLOIT
1073,46,,,0,1,0,0,rare,1.0,0.8806645920327028,0.207344394970531,0.5779622131428386,0.0,0.8057811825809416,0.8663939471016272,,,EXPLOIT
1074,46,,,0,1,0,0,rare,0.0,0.42756801517874327,0.1687825205385972,0.53284395375361,0.0,0.7962237557132131,0.8583538092342649,,,EXPLOIT
1075,46,,,0,1,1,0,common,1.0,0.19720902805323925,0.37400521066561,0.4321534760434988,0.0,0.7857878796502554,0.8493804753129938,,,EXPLOIT
1076,46,,,0,1,1,0,common,1.0,0.12818586823460554,0.2563006668895836,0.34096319370083084,0.0,0.7895440088719549,0.8525694136656321,,,EXPLOIT
1077,46,,,0,1,1,1,common,0.0,0.008923565493368155,0.19513758919507018,0.24135130523859202,0.0,0.7931350354747503,0.8555961788583806,,,EXPLOIT
1078,46,,,0,1,0,0,rare,0.0,0.2779192098661831,0.4023340705922499,0.25232167662686933,0.0,0.7965714412931233,0.8584726934047575,,,EXPLOIT
1079,46,,,0,1,1,0,common,1.0,0.08332081435249361,0.5650474467619049,0.20162141794455662,0.0,0.7998628395213188,0.8612097392718033,,,EXPLOIT
1080,46,,,0,1,1,0,common,0.0,0.9458414706708792,0.36467091230018084,0.4248874337624534,0.0,0.8030180628731312,0.8638170910840296,,,EXPLOIT
1081,46,,,0,1,1,0,common,1.0,0.38520304406392847,0.5411177305473026,0.41298211685289593,0.0,0.8060452412182876,0.866303631085248,,,EXPLOIT
1082,46,,,0,1,1,0,common,0.0,0.7496180213584465,0.3492423419066713,0.5139728882045611,0.0,0.8089518701323539,0.8686774487078467,,,EXPLOIT
1083,46,,,0,1,1,0,common,1.0,0.5127482861170098,0.5307409037016833,0.5136055075782957,0.0,0.7996770907765293,0.8608925959459013,,,EXPLOIT
1084,46,,,0,1,1,0,common,1.0,0.3332863859760564,0.3428228957260796,0.45950977109762386,0.0,0.7895632141811979,0.8522197277057153,,,EXPLOIT
1085,46,,,0,1,1,0,common,1.0,0.21663615088443666,0.2401490723442348,0.3866476850336677,0.0,0.7931534054623897,0.8552640823271235,,,EXPLOIT
1086,46,,,0,1,1,0,common,1.0,0.14081349807488386,0.18655547492223473,0.31289742894603256,0.0,0.7965890284256721,0.8581569073387075,,,EXPLOIT
1087,46,,,0,1,0,1,rare,0.0,0.1701128641664997,0.1572053626481803,0.27006205951217266,0.0,0.7998796919629458,0.8609091057426562,,,EXPLOIT
1088,46,,,0,1,1,0,common,1.0,0.09152877374867452,0.36069236176633984,0.21650207378312322,0.0,0.8030342249178105,0.8635305592119576,,,EXPLOIT
1089,46,,,0,1,1,0,common,1.0,0.05949370293663847,0.24939367404877266,0.1693995625291778,0.0,0.8060607536708884,0.8660302449478761,,,EXPLOIT
1090,46,,,0,1,1,0,common,1.0,0.03867090690881503,0.1914788390605122,0.13018096584306896,0.0,0.80896677064557,0.868416336851768,,,EXPLOIT
1091,46,,,0,1,1,0,common,1.0,0.025136089490729763,0.1599734624752682,0.0986675029373672,0.0,0.8117591949501156,0.8706962934138686,,,EXPLOIT
1092,46,,,0,1,0,0,rare,1.0,0.819352513586981,0.14192275294482154,0.31487300613225133,0.0,0.8144444261894371,0.872876934310092,,,EXPLOIT
1093,46,,,0,1,1,0,common,1.0,0.01633845816897439,0.1311531986989949,0.22531264174326823,0.0,0.8170283923275637,0.8749645073639593,,,EXPLOIT
1094,46,,,0,1,1,0,common,0.0,0.9893800021901666,0.12454122745466936,0.4545328498773378,0.0,0.8195165923542744,0.8769647472585514,,,EXPLOIT
1095,46,,,0,1,0,0,rare,1.0,0.5325791338315377,0.3196307987862336,0.47794673506359775,0.0,0.8219141344022576,0.8788829271604606,,,EXPLOIT
1096,46,,,0,1,0,0,rare,0.0,0.6538235630095005,0.2281631217869239,0.5307097834473685,0.0,0.8242257698708682,0.8807239042343653,,,EXPLOIT
1097,46,,,0,1,1,1,common,0.0,0.005800317570689301,0.4345677844438408,0.3732369436843647,0.0,0.8162516224720738,0.8742149514236442,,,EXPLOIT
1098,46,,,0,1,1,0,common,0.0,0.6430970014236084,0.5840885607212015,0.45419496100613777,0.0,0.8187684375697151,0.8762463502831149,,,EXPLOIT
1099,46,,,0,1,1,0,common,1.0,0.5819869490746545,0.6578088562760402,0.4925325574266928,0.0,0.8211930778716193,0.8781938199439558,,,EXPLOIT
1100,46,,,0,1,0,0,rare,1.0,0.5750146840438246,0.44160501003695674,0.5172771954118323,0.0,0.823530400054181,0.880062364092597,,,EXPLOIT
1101,46,,,0,1,0,0,rare,0.0,0.626240455371514,0.29200322677249374,0.5499661733997367,0.0,0.8154992244698549,0.8734864193662732,,,EXPLOIT
1102,46,,,0,1,1,0,common,1.0,0.37829151689852547,0.48889208576672877,0.49846377644937334,0.0,0.8067943138095456,0.8662251537230771,,,EXPLOIT
1103,46,,,0,1,1,0,common,1.0,0.2458894859840416,0.318175204285033,0.4226914893097738,0.0,0.8096714607013462,0.8686024917487359,,,EXPLOIT
1104,46,,,0,1,1,0,common,1.0,0.159828165889627,0.2274103535423898,0.34383249228372975,0.0,0.8124366527567936,0.8708742624086506,,,EXPLOIT
1105,46,,,0,0,0,0,common,0.0,0.4070562959914841,0.17971504853335826,0.36279963339605603,0.0,0.8150961680503119,0.8730472372975017,,,EXPLOIT
1106,46,,,0,0,0,0,common,1.0,0.7354134076055353,0.1668984870872177,0.4745837656588998,0.0,0.8176558240830404,0.8751276211400184,,,EXPLOIT
1107,46,,,0,1,1,0,common,0.0,0.8961116921717425,0.39671042601952133,0.6010421436127527,0.0,0.8201210192616343,0.8771211098959608,,,EXPLOIT
1108,46,,,0,0,0,1,common,1.0,0.8894266382917752,0.6398353778657815,0.6875574920164593,0.0,0.8118072258864221,0.8702430013155654,,,EXPLOIT
1109,46,,,0,0,0,0,common,0.0,0.5219812850564021,0.6883955217495465,0.6378846299284422,0.0,0.8027832527272194,0.862630687812407,,,EXPLOIT
1110,46,,,0,1,1,0,common,0.0,0.5824725999116327,0.6442841970195821,0.6212610209233993,0.0,0.7929545610146377,0.8541604338380989,,,EXPLOIT
1111,46,,,0,1,1,0,common,0.0,0.37860718994256126,0.6911340763086503,0.5484648716291479,0.0,0.7822090533378633,0.8446790450484907,,,EXPLOIT
1112,46,,,0,1,1,0,common,1.0,0.7539053265373352,0.6464095876632383,0.6100970081016042,0.0,0.7704127986804581,0.8339945465703459,,,EXPLOIT
1113,46,,,0,1,1,0,common,1.0,0.49003846224926784,0.668561285604216,0.5740794443459032,0.0,0.7574044445463822,0.8218630824770295,,,EXPLOIT
1114,46,,,0,0,0,1,common,0.0,0.42187268511034615,0.5520429412471242,0.528417416575236,0.0,0.7429878203802788,0.8079701198529649,,,EXPLOIT
1115,46,,,0,0,1,1,rare,0.0,0.0037702064209480454,0.4321779501331258,0.3710232535289496,0.0,0.7269220103094294,0.7919028430452841,,,EXPLOIT
1116,46,,,0,1,1,0,common,1.0,0.31852500046202414,0.35586667713932907,0.35527377760887197,0.0,0.733712381504447,0.7986871666502875,,,EXPLOIT
1117,46,,,0,1,1,1,common,0.0,0.0024506341736162296,0.2685825493744322,0.24942683457829523,0.0,0.7401101904092728,0.8049815235172793,,,EXPLOIT
1118,46,,,0,1,1,0,common,1.0,0.20704125030031573,0.49845483203698404,0.23671115929490136,0.0,0.7461482262602689,0.8108368567650073,,,EXPLOIT
1119,46,,,0,0,0,1,common,1.0,0.725782754678275,0.3493251379718124,0.38343263790991344,0.0,0.7518557258563465,0.8162972840705762,,,EXPLOIT
1120,46,,,0,0,1,0,rare,1.0,0.13457681269520527,0.6000395190787203,0.308775890345501,0.0,0.7572588419762463,0.82140120373442,,,EXPLOIT
1121,46,,,0,0,0,0,common,1.0,0.6607121647133387,0.6904848296631394,0.4143567726558523,0.0,0.762381039582686,0.8261821924115478,,,EXPLOIT
1122,46,,,0,0,1,0,rare,1.0,0.08747492825188341,0.6782105411599643,0.3162922193346616,0.0,0.7672434324761394,0.8306697388966215,,,EXPLOIT
1123,46,,,0,1,1,0,common,0.0,0.9431412966362758,0.6400826131148094,0.5043469425251458,0.0,0.7718650705853632,0.8348898478614483,,,EXPLOIT
1124,46,,,0,0,1,1,rare,0.0,0.0015929122128505494,0.44677331559323785,0.3535207334314572,0.0,0.7590092664945159,0.8228833675944295,,,EXPLOIT
1125,46,,,0,0,1,0,rare,0.0,0.6130418428135793,0.6700122318228565,0.4313770662460938,0.0,0.7640419670909693,0.8275724474321489,,,EXPLOIT
1126,46,,,0,1,1,0,common,0.0,0.39847719782882657,0.678991515659293,0.4215071057209136,0.0,0.7688214776866985,0.8319763123353645,,,EXPLOIT
1127,46,,,0,1,1,0,common,0.0,0.2590101785887373,0.6832398048999904,0.37275802758126064,0.0,0.7733662121517492,0.8361200135977859,,,EXPLOIT
1128,46,,,0,1,1,1,common,0.0,0.0010353929383528572,0.6374348505699294,0.2612412371883883,0.0,0.7776928413119714,0.8400257524012479,,,EXPLOIT
1129,46,,,0,0,1,1,rare,0.0,0.0006730054099293572,0.5919182237916338,0.1830707676548506,0.0,0.7818164944317011,0.8437132739370528,,,EXPLOIT
1130,46,,,0,0,0,1,common,1.0,0.47175879054087877,0.6688187758826303,0.2696771745206591,0.0,0.7857509333800851,0.8472001978871341,,,EXPLOIT
1131,46,,,0,0,1,1,rare,0.0,0.0004374535164540822,0.47067880072988777,0.18890525821939758,0.0,0.7895087037062788,0.8505022969397578,,,EXPLOIT
1132,46,,,0,0,0,1,common,1.0,0.30664321385157123,0.6162042567244818,0.22422664490904967,0.0,0.7931012661179848,0.8536337326293089,,,EXPLOIT
1133,46,,,0,0,1,0,rare,1.0,0.8316433839173207,0.4170528051045056,0.406451666611531,0.0,0.7965391112662058,0.856607255939109,,,EXPLOIT
1134,46,,,0,0,0,1,common,1.0,0.19931808900352133,0.2913527240363327,0.3443115933291281,0.0,0.7998318602578413,0.8594343786602627,,,EXPLOIT
1135,46,,,0,0,0,1,common,1.0,0.12955675785228893,0.22382306048521733,0.27988514268607634,0.0,0.8029883529244307,0.8621255203622907,,,EXPLOIT
1136,46,,,0,0,0,1,common,1.0,0.08421189260398776,0.18670629337356362,0.22118316766144974,0.0,0.8060167255524779,0.8646901349312066,,,EXPLOIT
1137,46,,,0,0,0,0,common,0.0,0.5705370929363298,0.16536284991949138,0.32598934524391376,0.0,0.808924479514592,0.8671368199140556,,,EXPLOIT
1138,46,,,0,0,0,1,common,1.0,0.05473773019259209,0.3847039232275402,0.24461386072851726,0.0,0.8117185420203532,0.8694734113351218,,,EXPLOIT
1139,46,,,0,0,0,1,common,0.0,0.9644204753748151,0.2738398240285782,0.46055584512240666,0.0,0.814405320022701,0.8717070661870787,,,EXPLOIT
1140,46,,,0,0,0,1,common,1.0,0.3731266910063702,0.4896426553773481,0.4343270988875957,0.0,0.8169907481629167,0.8738443344265868,,,EXPLOIT
1141,46,,,0,0,0,1,common,0.0,0.7574676508458593,0.33213858210529734,0.5312692644750747,0.0,0.8194803315094151,0.8758912219999276,,,EXPLOIT
1142,46,,,0,0,0,0,common,0.0,0.3708491104086144,0.5336810196015984,0.4831432182551366,0.0,0.8111128702222085,0.8688846716013172,,,EXPLOIT
1143,46,,,0,0,0,0,common,1.0,0.7589480782344007,0.6456694031381879,0.5658846762489158,0.0,0.8138227410817316,0.8711440598703273,,,EXPLOIT
1144,46,,,0,0,0,1,common,0.0,0.4923539730498086,0.44379496951179165,0.5438254652891836,0.0,0.804973679375225,0.8636301378726322,,,EXPLOIT
1145,46,,,0,0,0,1,common,1.0,0.6799699175176244,0.6022141667304939,0.5846688009577159,0.0,0.7953435709166906,0.8552752578547089,,,EXPLOIT
1146,46,,,0,0,0,1,common,0.0,0.5580195536135442,0.40590164980605825,0.5766740267544643,0.0,0.784824790732381,0.8459303709993644,,,EXPLOIT
1147,46,,,0,0,0,0,common,1.0,0.4933162508523604,0.580948725276323,0.5516666939838332,0.0,0.7732889886498779,0.835408994649972,,,EXPLOIT
1148,46,,,0,0,0,1,common,1.0,0.6372872901511963,0.39017751308687415,0.577352872834042,0.0,0.7605818481779797,0.8234746730168775,,,EXPLOIT
1149,46,,,0,0,0,1,common,0.0,0.5857632614017224,0.27678662498301,0.5798759894043461,0.0,0.7465161701692515,0.8098230355827614,,,EXPLOIT
1150,46,,,0,0,1,0,rare,0.0,0.4594318004537415,0.4920366666187883,0.5437427327191647,0.0,0.7308626214237894,0.794055527761269,,,EXPLOIT
1151,46,,,0,0,0,1,common,1.0,0.6192538800888804,0.626704736206553,0.5663960769300794,0.0,0.7133371736528363,0.7756399260656796,,,EXPLOIT
1152,46,,,0,0,1,0,rare,1.0,0.701369329705068,0.42598014541227713,0.606888052762576,0.0,0.6935837638773499,0.7538491714476019,,,EXPLOIT
1153,46,,,0,0,0,0,common,0.0,0.6793444369459657,0.2962370267196426,0.6286249680175928,0.0,0.6711499118033583,0.7276632313213822,,,EXPLOIT
1154,46,,,0,0,0,0,common,0.0,0.44157388401487774,0.507365356044891,0.5725096428167782,0.0,0.6454517142914825,0.6956049984080462,,,EXPLOIT
1155,46,,,0,0,1,1,rare,0.0,0.00028434478569515343,0.6339154221615424,0.40084205340745327,0.0,0.615722394658139,0.6554519742547651,,,EXPLOIT
1156,46,,,0,0,0,1,common,1.0,0.40251502205777223,0.6826992727704458,0.4013439440025489,0.0,0.6304867008141833,0.6756752704643973,,,EXPLOIT
1157,46,,,0,0,1,0,rare,1.0,0.45589006430829426,0.4933283101748631,0.41770778009427245,0.0,0.6440267584948873,0.693486231730236,,,EXPLOIT
1158,46,,,0,0,0,1,common,0.0,0.738365235662448,0.334294954531037,0.5139050167647251,0.0,0.6564881726494339,0.7092914429695044,,,EXPLOIT
1159,46,,,0,0,0,1,common,1.0,0.5200625968194088,0.535186397660956,0.5157522907811302,0.0,0.6285285383164101,0.6727183779139067,,,EXPLOIT
1160,46,,,0,1,1,0,common,1.0,0.29632854180039125,0.3596819917264702,0.44992516608690847,0.0,0.5959721443185276,0.6261567346602899,,,EXPLOIT
1161,46,,,0,1,1,0,common,1.0,0.19261355217025433,0.6194985277022271,0.3727316819119122,0.0,0.6124520850650281,0.6501256095205656,,,EXPLOIT
1162,46,,,0,1,0,1,rare,1.0,0.33804068793261566,0.6931470001787919,0.36232438371812326,0.0,0.6274943221253118,0.6710079279435008,,,EXPLOIT
1163,46,,,0,1,1,0,common,1.0,0.12519880891066526,0.6603898415565629,0.2911867112758858,0.0,0.6412784620036923,0.6893629538318566,,,EXPLOIT
1164,46,,,0,1,1,0,common,1.0,0.08137922579193246,0.6089305309066929,0.2282444656306998,0.0,0.6539553909806562,0.7056225339395056,,,EXPLOIT
1165,46,,,0,1,1,0,common,1.0,0.05289649676475605,0.5666559441870964,0.17564007497091666,0.0,0.665652795143652,0.7201254292898908,,,EXPLOIT
1166,46,,,0,1,1,0,common,1.0,0.03438272289709143,0.5367345895336944,0.13326286934876908,0.0,0.6764794544050287,0.7331411138315849,,,EXPLOIT
1167,46,,,0,1,1,0,common,1.0,0.02234876988310941,0.5166024729573164,0.09998863950907116,0.0,0.6865286168511544,0.7448866269238356,,,EXPLOIT
1168,46,,,0,1,1,0,common,0.0,0.9854732995759788,0.5033189539462535,0.3656340375291435,0.0,0.6958806753004217,0.7555387352232376,,,EXPLOIT
1169,46,,,0,1,0,0,rare,0.0,0.28702302460967055,0.6931282601242253,0.3420507336533016,0.0,0.7046053088091379,0.7652428595859078,,,EXPLOIT
1170,46,,,0,1,1,0,common,0.0,0.6405576447243863,0.6063841143108907,0.43160280697462694,0.0,0.7127632098868433,0.7741197282687868,,,EXPLOIT
1171,46,,,0,0,0,1,common,1.0,0.21972644715620016,0.48685251054232526,0.3680398990290989,0.0,0.7204074880059331,0.7822704045528563,,,EXPLOIT
1172,46,,,0,0,1,0,rare,0.0,0.41636246907085106,0.3723025069146902,0.3825366700416245,0.0,0.727584818040166,0.789780134031354,,,EXPLOIT
1173,46,,,0,0,0,1,common,1.0,0.14282219065153012,0.600409731503633,0.3106223262245962,0.0,0.7343363861242378,0.7967213226812163,,,EXPLOIT
1174,46,,,0,0,0,1,common,0.0,0.9071655760765054,0.4494514947485921,0.4895853011801689,0.0,0.7406986734333726,0.8031558665158258,,,EXPLOIT
1175,46,,,0,0,0,0,common,1.0,0.8134350340037142,0.6391839484934473,0.5867402210272324,0.0,0.7467041093857496,0.8091369917623026,,,EXPLOIT
1176,46,,,0,0,0,1,common,0.0,0.5896576244497285,0.48277573556883885,0.5876154420539812,0.0,0.7310723625796215,0.7932588467795318,,,EXPLOIT
1177,46,,,0,0,0,0,common,1.0,0.5287327721024142,0.6529583751464322,0.5699506410685111,0.0,0.7135727301778524,0.7747035669109941,,,EXPLOIT
1178,46,,,0,0,0,0,common,0.0,0.6563236981334307,0.4968006497280081,0.595862558187987,0.0,0.6938501983084686,0.7527329630342299,,,EXPLOIT
1179,46,,,0,0,0,1,common,1.0,0.6167225441076765,0.6582451494694587,0.6021205539638937,0.0,0.671453702399668,0.7263099808100602,,,EXPLOIT
1180,46,,,0,0,1,0,rare,1.0,0.7293643951039468,0.5027002190042463,0.6402937063059096,0.0,0.6458012868632855,0.6939304186376558,,,EXPLOIT
1181,46,,,0,0,0,1,common,1.0,0.4008696536699897,0.38216537330046213,0.5684664905151336,0.0,0.6161289134751101,0.6533265102875294,,,EXPLORE
1182,46,,,0,0,1,0,rare,1.0,0.47408685681756535,0.30997186324179105,0.5401526004058631,0.0,0.5814132057009344,0.6009119998914424,,,EXPLOIT
1183,46,,,0,0,1,0,rare,1.0,0.30815645693141747,0.26768907621186766,0.4705537573635294,0.0,0.5402512111917263,0.5306609563486391,,,EXPLOIT
1184,46,,,0,0,0,1,common,1.0,0.2605652748854933,0.2424163056358466,0.4075572126201185,0.0,0.5620469696707747,0.5688445959578518,,,EXPLOIT
1185,46,,,0,0,0,1,common,1.0,0.16936742867557064,0.22694869527880235,0.33610027743675414,0.0,0.5816803402172082,0.6009825155094789,,,EXPLOIT
1186,46,,,0,1,1,0,common,1.0,0.20030169700542133,0.2173011540349905,0.29536070330735426,0.0,0.5994570590882681,0.628403952276208,,,EXPLOIT
1187,46,,,0,1,0,1,rare,1.0,0.11008882863912095,0.4108147629606055,0.23977914090688426,0.0,0.6156278205065963,0.6520750831490513,,,EXPLOIT
1188,46,,,0,1,1,0,common,1.0,0.13019610305352391,0.5576000999832529,0.20690422955087615,0.0,0.6304001297990376,0.672715056906702,,,EXPLOIT
1189,46,,,0,0,0,0,common,1.0,0.57338959621327,0.6373216165714274,0.31684983954959434,0.0,0.6439472199657893,0.6908701999971711,,,EXPLOIT
1190,46,,,0,0,1,0,rare,1.0,0.08462746698479051,0.6308880281341249,0.2471831277801532,0.0,0.656414846800563,0.7069629891270063,,,EXPLOIT
1191,46,,,0,0,0,1,common,1.0,0.07155773861542858,0.6265572196096467,0.1944955110307358,0.0,0.6679265289646973,0.7213252642016961,,,EXPLOIT
1192,46,,,0,0,0,1,common,0.0,0.9534874698999715,0.6236814746308932,0.42219309869150645,0.0,0.678587632941282,0.7342212972269458,,,EXPLOIT
1193,46,,,0,0,0,1,common,1.0,0.38023314456501855,0.6479176117573686,0.40960511245356,0.0,0.688488589414886,0.745864156693911,,,EXPLOIT
1194,46,,,0,0,0,1,common,1.0,0.24715154396726202,0.6913992729745191,0.3608690419076706,0.0,0.6977074491661002,0.756427535710855,,,EXPLOIT
1195,46,,,0,0,0,0,common,0.0,0.6272967624613744,0.6879259703246194,0.44079735807378173,0.0,0.7063119314805938,0.7660544461356976,,,EXPLOIT
1196,46,,,0,0,1,0,rare,1.0,0.05500785354011384,0.5851472052694591,0.32506050671368136,0.0,0.7143610788647251,0.7748637065240956,,,EXPLOIT
1197,46,,,0,0,1,0,rare,0.0,0.964244895198926,0.6773463998605586,0.5168158232592547,0.0,0.7219066036045324,0.7829548505278805,,,EXPLOIT
1198,46,,,0,1,1,0,common,1.0,0.3732408181206981,0.5081891864392601,0.4737433217176877,0.0,0.7032601398474143,0.7625415438263763,,,EXPLOIT
1199,46,,,0,1,0,1,rare,0.0,0.8393514964212797,0.4453086477192759,0.5834257741287653,0.0,0.7115042469410766,0.7716451992908915,,,EXPLOIT
1200,46,,,0,0,0,0,common,0.0,0.4077428955998934,0.6719595940998775,0.5307209105701037,0.0,0.6915096968703555,0.7490815646861341,,,EXPLOIT
1201,46,,,0,0,1,0,rare,1.0,0.24260653177845382,0.5699366324997863,0.44428659693260875,0.0,0.6687839154642251,0.7218749703479427,,,EXPLOIT
1202,46,,,0,0,1,0,rare,1.0,0.157694245655995,0.6923309027378888,0.35830889154962464,0.0,0.6793829045775384,0.7347163582817688,,,EXPLOIT
1203,46,,,0,0,0,1,common,1.0,0.45442152732616825,0.6558803540339911,0.38714268228258775,0.0,0.6892282235719511,0.7463123120816956,,,EXPLOIT
1204,46,,,0,0,0,1,common,0.0,0.7046260072379906,0.5878936567443288,0.4823876797692086,0.0,0.6983970529727458,0.7568351294717394,,,EXPLOIT
1205,46,,,0,0,0,1,common,0.0,0.45800690470469396,0.6899619100342398,0.4750734472498541,0.0,0.7069563832011839,0.7664267277936105,,,EXPLOIT
1206,46,,,0,0,0,1,common,1.0,0.702295511941949,0.6022505671365396,0.5432400666574826,0.0,0.7149646425936086,0.7752050573369633,,,EXPLOIT
1207,46,,,0,0,0,1,common,0.0,0.5435079172377332,0.6930531552491237,0.5433204218315577,0.0,0.695424049239335,0.7533308760458134,,,EXPLOIT
1208,46,,,0,0,0,1,common,1.0,0.6467198537954735,0.6236709374122209,0.5743402514207324,0.0,0.6732475462410105,0.7270350143291461,,,EXPLOIT
1209,46,,,0,1,1,0,common,1.0,0.10250125967639678,0.6917296095822806,0.4327885538974317,0.0,0.6478645807094648,0.6948278318728889,,,EXPLOIT
1210,46,,,0,1,1,0,common,1.0,0.0666258187896579,0.6625516416844943,0.32293973336509957,0.0,0.6600279656964781,0.7104865037921695,,,EXPLOIT
1211,46,,,0,1,1,1,common,1.0,0.9998151758892981,0.6015928897773426,0.5260023661223592,0.0,0.6712693585214693,0.7244822107696476,,,EXPLOIT
1212,46,,,0,1,1,0,common,1.0,0.04330678221327766,0.5504345405700773,0.3811936909496347,0.0,0.6455891671083008,0.6916658266065803,,,EXPLOIT
1213,46,,,0,1,1,0,common,1.0,0.028149408438630452,0.5143763656703477,0.27528040619633337,0.0,0.6579288397320642,0.7076708965888815,,,EXPLOIT
1214,46,,,0,1,1,0,common,0.0,0.9817028845148902,0.49029729903998187,0.4872071496919004,0.0,0.6693268939682069,0.7219591679678826,,,EXPLOIT
1215,46,,,0,1,1,0,common,0.0,0.6381068749346787,0.6918378999840624,0.5324770672647339,0.0,0.6798866348136434,0.7347921956278599,,,EXPLOIT
1216,46,,,0,1,1,0,common,0.0,0.41476946870754117,0.6255718450794973,0.49716478769757605,0.0,0.6554877466976343,0.7043975436153377,,,EXPLOIT
1217,46,,,0,1,1,1,common,0.0,0.3501201356719562,0.5143150506623262,0.45305139208989004,0.0,0.6670692723925721,0.719029507898075,,,EXPLOIT
1218,46,,,0,1,1,1,common,0.0,0.22757808818677155,0.43296252558792736,0.3854094009189545,0.0,0.6777926533528605,0.7321549347991434,,,EXPLOIT
1219,46,,,0,1,1,1,common,0.0,0.1479257573214015,0.3810912532807624,0.3141643078396886,0.0,0.6877493750009511,0.7439945381032147,,,EXPLOIT
1220,46,,,0,1,1,0,common,1.0,0.7303998453400982,0.34873873477189504,0.43903496908981143,0.0,0.6970183652783923,0.754727925413767,,,EXPLOIT
1221,46,,,0,1,1,0,common,1.0,0.4747598994710639,0.6224879072460014,0.44975244820418714,0.0,0.7056680777596367,0.7645027420478759,,,EXPLOIT
1222,46,,,0,1,1,0,common,0.0,0.6914060653438084,0.6926245067681771,0.5222485333460735,0.0,0.7137581734097027,0.7734414780713643,,,EXPLOIT
1223,46,,,0,1,1,1,common,1.0,0.903848257741089,0.6214721238248513,0.6367284506645781,0.0,0.6940599324171821,0.7512271899187362,,,EXPLOIT
1224,46,,,0,1,0,1,rare,0.0,0.5796320950329423,0.6926858568393988,0.6195995439750873,0.0,0.6716928196331345,0.7244825808182558,,,EXPLOIT
1225,46,,,0,1,1,0,common,1.0,0.5505860575265245,0.6210412967084225,0.5988954980405184,0.0,0.646076409043223,0.6916662854219305,,,EXPLOIT
1226,46,,,0,1,0,1,rare,0.0,0.37676086177141255,0.6927106282572192,0.5322551071597866,0.0,0.6164488125921516,0.6504482631413486,,,EXPLOIT
1227,46,,,0,1,1,0,common,0.0,0.6421190626077591,0.6208589774918138,0.5652142937941783,0.0,0.5817897531371518,0.5971313775738704,,,EXPLOIT
1228,46,,,0,0,0,0,common,0.0,0.2650328821399307,0.5102886300087539,0.47515987029790396,0.0,0.5407008780768828,0.5254764087275202,,,EXPLORE
1229,46,,,0,0,0,1,common,1.0,0.7551054398485818,0.6612580329615806,0.5591435411631073,0.0,0.562450953674458,0.5645174035407172,,,EXPLOIT
1230,46,,,0,0,1,1,rare,0.0,0.4124986324682921,0.5029000281736092,0.5151500685546627,0.0,0.5175150461670861,0.48007112264800483,,,EXPLORE
1231,46,,,0,0,0,1,common,1.0,0.4908185359015782,0.6585967634151959,0.5078506087587373,0.0,0.4629077244775649,0.35654349030173366,,,EXPLORE
1232,46,,,0,1,1,0,common,1.0,0.5826226093049566,0.49976820214059337,0.5302822089226031,0.0,0.39513397947592366,0.15864966428651692,,,EXPLORE
1233,46,,,0,1,1,0,common,1.0,0.37870469604822177,0.6782507344086479,0.4848089550602887,0.0,0.30878415534641546,0.09090909090909093,,,EXPLORE
1234,46,,,0,1,1,0,common,1.0,0.24615805243134414,0.6797938250941136,0.4132136842716053,0.0,0.359901203331829,0.23017705927636645,,,EXPLORE
1235,46,,,0,0,0,1,common,1.0,0.31903204833602583,0.6243508008787468,0.38495919349093144,0.0,0.4035677074635268,0.33155527035247095,,,EXPLORE
1236,46,,,0,0,1,0,rare,0.0,0.8399972659196263,0.6874614483722684,0.5214706152195399,0.0,0.4413001698328766,0.40865139461585376,,,EXPLORE
1237,46,,,0,0,0,1,common,1.0,0.20737083141841683,0.5296446333020326,0.4272406800792029,0.0,0.3678772346688622,0.24479250504532032,,,EXPLORE
1238,46,,,0,0,0,0,common,1.0,0.827728626609045,0.6594149299536687,0.5473870640381555,0.0,0.41043001409020446,0.34249371397422373,,,EXPLORE
1239,46,,,0,1,1,0,common,1.0,0.4540017771522429,0.6927333437233674,0.5193714779723817,0.0,0.32849399467884033,0.13471532851273124,,,EXPLORE
1240,46,,,0,1,1,0,common,1.0,0.29510115514895785,0.6786105755404591,0.4520903811253545,0.0,0.22136454751738807,0.09090909090909093,,,EXPLORE
1241,46,,,0,1,1,0,common,1.0,0.19181575084682256,0.6593027949767003,0.37400799204179486,0.0,0.28645590167652485,0.23017705927636645,,,EXPLORE
1242,46,,,0,0,0,1,common,1.0,0.134791040421971,0.6429637069786087,0.3022429065558477,0.0,0.34099558958876286,0.33155527035247095,,,EXPLORE
1243,46,,,0,1,0,1,rare,1.0,0.08761417627428114,0.6785612778621091,0.2378542874713777,0.0,0.38735480291446894,0.40865139461585376,,,EXPLORE
1244,46,,,0,0,0,1,common,1.0,0.056949214578282725,0.6713064730386039,0.18358276560344922,0.0,0.42724376678192905,0.46925370836719743,,,EXPLOIT
1245,46,,,0,0,0,1,common,1.0,0.03701698947588372,0.6869321631629957,0.13961303276517956,0.0,0.46192704057449097,0.5181414926281387,,,EXPLOIT
1246,46,,,0,0,0,1,common,1.0,0.024061043159324447,0.6920358833697171,0.10494743588342302,0.0,0.49235980848186395,0.5584101936095955,,,EXPLOIT
1247,46,,,0,0,1,0,rare,1.0,0.12468023805043471,0.6931339883845673,0.11086727653352653,0.0,0.5192770374379263,0.5921529537657815,,,EXPLOIT
1248,46,,,0,0,1,0,rare,1.0,0.08104215473278253,0.6929011411931678,0.10191973999330332,0.0,0.5432534823452747,0.6208359130085537,,,EXPLOIT
1249,46,,,0,0,1,0,rare,1.0,0.05267740057630865,0.692350016688791,0.08714703816820492,0.0,0.5647450848748408,0.6455166258956538,,,EXPLOIT
1250,46,,,0,1,1,0,common,0.0,0.9657596896253994,0.6918233996388101,0.3507308336053632,0.0,0.5841181661353072,0.6669771225069359,,,EXPLOIT
1251,46,,,0,0,0,1,common,1.0,0.015639678053560924,0.48579486249355297,0.25020348693982253,0.0,0.6016704152522011,0.6858081495669813,,,EXPLORE
1252,46,,,0,0,1,1,rare,0.0,0.2681241111043899,0.4824439650524044,0.2555796741891927,0.0,0.6176462433887905,0.7024642847715783,,,EXPLOIT
1253,46,,,0,1,1,0,common,0.0,0.6277437982565096,0.6924125611953629,0.36722891140938774,0.0,0.6322481923812693,0.7173010333450142,,,EXPLOIT
1254,46,,,0,1,1,0,common,0.0,0.40803346886673125,0.5912260913401391,0.3794702786465908,0.0,0.6456455321928005,0.7306004237646555,,,EXPLOIT
1255,46,,,0,0,0,1,common,1.0,0.010165790734814606,0.4698060436425746,0.2686789322730579,0.0,0.6579808234543536,0.7425890580670904,,,EXPLOIT
1256,46,,,0,0,0,1,common,0.0,0.9933922360223705,0.3611911409399696,0.4860929233978517,0.0,0.669374985679767,0.7534510902583895,,,EXPLOIT
1257,46,,,0,1,0,0,rare,0.0,0.4619763927041207,0.5933453569248938,0.47885796418973237,0.0,0.6799312536172527,0.763337721105509,,,EXPLOIT
1258,46,,,0,0,1,0,rare,1.0,0.7347782452366247,0.5166065035454129,0.5556340485038,0.0,0.6897382962731015,0.7723742534998811,,,EXPLOIT
1259,46,,,0,0,0,1,common,1.0,0.3542950465854592,0.36270059906852226,0.4952323479282978,0.0,0.6667616007133541,0.7499527651816627,,,EXPLOIT
1260,46,,,0,0,0,1,common,1.0,0.23029178028054842,0.27429591589148716,0.41575017763397293,0.0,0.6775073748656095,0.7601488195110981,,,EXPLOIT
1261,46,,,0,0,1,0,rare,1.0,0.47760585940380607,0.22519467993964853,0.43430688216492286,0.0,0.6874841439508611,0.7694556079539782,,,EXPLOIT
1262,46,,,0,0,1,0,rare,1.0,0.3104438086124739,0.19702177968602502,0.3971479600991881,0.0,0.6967711524486182,0.7779841946624932,,,EXPLOIT
1263,46,,,0,0,1,0,rare,1.0,0.20178847559810809,0.18026247081645322,0.3385401147488641,0.0,0.7054371188255658,0.7858278882576262,,,EXPLOIT
1264,46,,,0,0,0,1,common,1.0,0.1496896571823565,0.17000691889807654,0.2818849774789118,0.0,0.713541927084585,0.7930656536438024,,,EXPLOIT
1265,46,,,0,0,0,1,common,1.0,0.09729827716853168,0.16360400557080157,0.22650896738579773,0.0,0.7211380022695767,0.7997647662220794,,,EXPLOIT
1266,46,,,0,0,0,1,common,1.0,0.06324388015954563,0.15955137107493716,0.1775294412179221,0.0,0.7282714367359269,0.8059828977626229,,,EXPLOIT
1267,46,,,0,0,0,1,common,1.0,0.04110852210370464,0.1569627581125244,0.13660316548365686,0.0,0.7349829183287987,0.8117697710245211,,,EXPLOIT
1268,46,,,0,0,0,1,common,0.0,0.973279460632592,0.15529926626606388,0.38760605402833737,0.0,0.7413084999595955,0.8171684836793194,,,EXPLOIT
1269,46,,,0,0,0,1,common,0.0,0.6326316494111848,0.38777271652632334,0.46111373264319155,0.0,0.7472802413228885,0.8222165761619085,,,EXPLOIT
1270,46,,,0,0,0,1,common,1.0,0.5887894278827299,0.5840388262173141,0.499416441215053,0.0,0.7529267468694566,0.8269468994285265,,,EXPLOIT
1271,46,,,0,0,1,0,rare,0.0,0.8688374908612297,0.4076261874267303,0.610242756108906,0.0,0.7582736190892315,0.8313883250392651,,,EXPLOIT
1272,46,,,0,0,0,1,common,0.0,0.6172868718762256,0.5954619992149952,0.6123559908391019,0.0,0.743953444145315,0.8188891233820282,,,EXPLOIT
1273,46,,,0,0,0,1,common,1.0,0.5987635332804534,0.6768110769602993,0.6082782535715073,0.0,0.7280010178335048,0.8045449073459826,,,EXPLOIT
1274,46,,,0,0,0,1,common,1.0,0.3891962966322947,0.49821921053917145,0.5425536664897436,0.0,0.7101213593365392,0.787915515068174,,,EXPLOIT
1275,46,,,0,0,0,1,common,1.0,0.25297759281099164,0.35145606406906593,0.45568084438611794,0.0,0.6899438535630561,0.7684086776328841,,,EXPLOIT
1276,46,,,0,0,1,0,rare,1.0,0.4352556309402007,0.26808822335688287,0.44955328035234277,0.0,0.6990643988188726,0.7770232028368157,,,EXPLOIT
1277,46,,,0,0,1,0,rare,0.0,0.7170838398888695,0.2216876241133781,0.5298124482133008,0.0,0.7075801412112317,0.7849427147648174,,,EXPLOIT
1278,46,,,0,0,1,0,rare,1.0,0.5338955040722348,0.45938003344155864,0.531037364970981,0.0,0.6870641370173745,0.7648953276365786,,,EXPLOIT
1279,46,,,0,0,0,0,common,0.0,0.30028465525767845,0.32855628869316394,0.4618115520569902,0.0,0.6637058827858165,0.7409923864587274,,,EXPLOIT
1280,46,,,0,0,0,0,common,0.0,0.19518502591749098,0.5461537424669956,0.38182359421514045,0.0,0.674675258933778,0.7520014390885169,,,EXPLOIT
1281,46,,,0,1,1,0,common,1.0,0.34703207764695265,0.6600153750191435,0.3713861392446841,0.0,0.6848520836279269,0.7620157446334552,,,EXPLOIT
1282,46,,,0,1,0,1,rare,0.0,0.8355645646728554,0.6450907111050231,0.5106396668731354,0.0,0.6943187949086375,0.771163857012447,,,EXPLOIT
1283,46,,,0,1,0,0,rare,0.0,0.12687026684636915,0.6931322508389672,0.3955088468651055,0.0,0.671987919793804,0.7485061055952213,,,EXPLOIT
1284,46,,,0,1,1,0,common,1.0,0.22557085047051928,0.6704383169499604,0.3445274479467296,0.0,0.6823563087135608,0.7588314287528559,,,EXPLOIT
1285,46,,,0,1,1,1,common,0.0,0.17428067221785343,0.6361233055788899,0.2934534152280668,0.0,0.6919949210516535,0.768250961128571,,,EXPLOIT
1286,46,,,0,1,1,0,common,1.0,0.1466210528058376,0.6930482691185322,0.249403706501398,0.0,0.7009777469662039,0.7768784679354948,,,EXPLOIT
1287,46,,,0,1,1,0,common,1.0,0.09530368432379444,0.5833369990023156,0.20317369984811692,0.0,0.7093691017628077,0.7848094287124378,,,EXPLOIT
1288,46,,,0,1,1,0,common,0.0,0.9380526051895336,0.4477129072497998,0.4236373714505419,0.0,0.7172251571881759,0.7921245692711393,,,EXPLOIT
1289,46,,,0,1,1,0,common,1.0,0.3902658066268032,0.6458407576862136,0.41362590200342025,0.0,0.7245951908080112,0.7988926054415404,,,EXPLOIT
1290,46,,,0,1,0,1,rare,1.0,0.4568830329626439,0.5005406168476416,0.4266030412911873,0.0,0.7315226122182649,0.8051723964703659,,,EXPLOIT
1291,46,,,0,1,1,0,common,1.0,0.2536727743074221,0.3916318359529008,0.3747239611960577,0.0,0.738045811251557,0.8110146511323302,,,EXPLOIT
1292,46,,,0,1,0,1,rare,1.0,0.29697397142571846,0.32537569758034085,0.3513989642649559,0.0,0.7441988631890977,0.8164632913187492,,,EXPLOIT
1293,46,,,0,1,1,0,common,1.0,0.16488730329982437,0.28587039089510163,0.29544546597541643,0.0,0.7500121183339241,0.8215565507325724,,,EXPLOIT
1294,46,,,0,1,1,1,common,1.0,0.8867175630583952,0.2619320884624489,0.47282709510031,0.0,0.7555126974793973,0.8263278668422773,,,EXPLOIT
1295,46,,,0,1,0,1,rare,1.0,0.19303308142671705,0.24714063808445869,0.3888888909982321,0.0,0.7607249103428114,0.8308066101006842,,,EXPLOIT
1296,46,,,0,0,0,1,common,1.0,0.12547150292736609,0.23785533465634384,0.3098636745769722,0.0,0.7656706105846747,0.8350186840455794,,,EXPLOIT
1297,46,,,0,0,1,0,rare,1.0,0.1071767471448859,0.4288975927109402,0.2490575963473463,0.0,0.7703694983497413,0.8389870221900922,,,EXPLOIT
1298,46,,,0,0,0,1,common,1.0,0.081556476902788,0.5677242287280903,0.19880726051397882,0.0,0.7748393791622943,0.8427320018351756,,,EXPLOIT
1299,46,,,0,0,0,1,common,0.0,0.9469882900131879,0.6415290995214913,0.4232615693637415,0.0,0.7790963863491256,0.8462717905701609,,,EXPLOIT
1300,46,,,0,0,0,1,common,1.0,0.3844576114914279,0.41007360616002353,0.4116203820020474,0.0,0.7831551728471406,0.8496226378982276,,,EXPLOIT
1301,46,,,0,0,1,0,rare,1.0,0.06966488564417583,0.5562995312654389,0.3090337330946859,0.0,0.787029077201719,0.8527991218650086,,,EXPLOIT
1302,46,,,0,1,0,1,rare,0.0,0.7501025525305719,0.6360731509687317,0.4413543789254517,0.0,0.7907302677186082,0.8558143585872678,,,EXPLOIT
1303,46,,,0,0,0,1,common,0.0,0.48756665914487174,0.6404876130825684,0.45521806299127765,0.0,0.7942698680516804,0.8586801810334276,,,EXPLOIT
1304,46,,,0,0,0,0,common,0.0,0.08246567345013994,0.6682034898632508,0.3433923461289363,0.0,0.7976580669571182,0.8614072921945748,,,EXPLOIT
1305,46,,,0,1,1,0,common,1.0,0.045282175668714286,0.5453103757051337,0.25395929499086967,0.0,0.800904214495038,0.8640053968260045,,,EXPLOIT
1306,46,,,0,1,1,1,common,0.0,0.42363358401204304,0.43169569112642536,0.30486158169722166,0.0,0.8040169065915733,0.8664833151773857,,,EXPLOIT
1307,46,,,0,1,1,0,common,0.0,0.9705665858153357,0.6461478464365435,0.5045730829326558,0.0,0.8070040595719395,0.8688490815204251,,,EXPLOIT
1308,46,,,0,1,1,0,common,0.0,0.6308682807799683,0.6926258075944279,0.5424616422868495,0.0,0.7975561617914587,0.8610832428463732,,,EXPLOIT
1309,46,,,0,1,1,1,common,0.0,0.27536182960782796,0.6610708273502033,0.462331698483143,0.0,0.7872451402152665,0.8524327213241419,,,EXPLOIT
1310,46,,,0,0,0,0,common,0.0,0.053602687742590964,0.6178102201881048,0.33971299526097737,0.0,0.7909368056497812,0.8554663565424161,,,EXPLOIT
1311,46,,,0,0,0,1,common,0.0,0.3169183284441667,0.6793377845529169,0.33287459521593415,0.0,0.7944674873953683,0.8583492419945042,,,EXPLOIT
1312,46,,,0,0,0,1,common,0.0,0.20599691348870836,0.6930540721813481,0.2948112906977664,0.0,0.7978473238042845,0.8610922068435705,,,EXPLOIT
1313,46,,,0,0,0,1,common,1.0,0.8661020062323396,0.6894405313044847,0.46619850535813834,0.0,0.8010856196623863,0.8637050674606408,,,EXPLOIT
1314,46,,,0,0,0,1,common,1.0,0.5629663040510207,0.5625437735137571,0.49522884496600306,0.0,0.8041909301372689,0.8661967431244589,,,EXPLOIT
1315,46,,,0,0,0,1,common,1.0,0.3659280976331635,0.3816212310482455,0.45643862076615116,0.0,0.8071711347814307,0.8685753562147629,,,EXPLOIT
1316,46,,,0,0,1,0,rare,0.0,0.4100643825069794,0.2756432751450502,0.4425263492883996,0.0,0.810033502938347,0.8708483192706348,,,EXPLOIT
1317,46,,,0,0,1,1,rare,1.0,0.8210148107549118,0.4954462289622943,0.5560728877283533,0.0,0.8127847516945177,0.8730224108798967,,,EXPLOIT
1318,46,,,0,0,0,1,common,1.0,0.23785326346155622,0.3394720031162307,0.46060700044831415,0.0,0.8038458301911128,0.865711452819494,,,EXPLOIT
1319,46,,,0,0,0,1,common,1.0,0.1546046212500115,0.2528792502759485,0.3688062866888233,0.0,0.80683982109144,0.8681118947954926,,,EXPLOIT
1320,46,,,0,0,0,1,common,1.0,0.10049300381250748,0.20566655600042308,0.2883123018259286,0.0,0.8097151813546913,0.870405268237365,,,EXPLOIT
1321,46,,,0,0,1,1,rare,0.0,0.46634037300930725,0.17886937941902173,0.34172072318094215,0.0,0.8124786878863527,0.8725984719953797,,,EXPLOIT
1322,46,,,0,0,1,0,rare,1.0,0.7334581513704634,0.4041983208663362,0.4592419516377985,0.0,0.815136611277086,0.8746978248450098,,,EXPLOIT
1323,46,,,0,0,1,1,rare,0.0,0.3031212424560497,0.28792582785714504,0.41240573888327386,0.0,0.8176947622241608,0.8767091252026981,,,EXPLOIT
1324,46,,,0,0,0,1,common,0.0,0.9346795475218701,0.5052282313076789,0.5690878814748527,0.0,0.8201585329374584,0.8786377036135024,,,EXPLOIT
1325,46,,,0,0,0,1,common,1.0,0.39245829411078437,0.6359708171610359,0.5160990052656321,0.0,0.8118478764554687,0.8719162793428957,,,EXPLOIT
1326,46,,,0,0,0,0,common,0.0,0.034841747032684126,0.43870190376962476,0.3717218277957477,0.0,0.8028274484258887,0.8644861494761757,,,EXPLOIT
1327,46,,,0,0,1,0,rare,1.0,0.47674779839080117,0.6030671170747659,0.4032296189742637,0.0,0.8058622928738328,0.8669421196711268,,,EXPLOIT
1328,46,,,0,0,1,0,rare,1.0,0.3098860689540208,0.41083063953008403,0.37522655396819077,0.0,0.8087761432489929,0.8692873856412909,,,EXPLOIT
1329,46,,,0,0,0,1,common,1.0,0.25509789117200987,0.29155553422905767,0.3391879551293365,0.0,0.8115759552321813,0.8715291567644546,,,EXPLOIT
1330,46,,,0,0,0,1,common,1.0,0.16581362926180643,0.2269402733511003,0.28717565736907746,0.0,0.8142681615985561,0.873674029883015,,,EXPLOIT
1331,46,,,0,0,0,1,common,1.0,0.10777885902017414,0.1910886832453191,0.23335661786440645,0.0,0.8168587204529562,0.8757280530081318,,,EXPLOIT
1332,46,,,0,0,0,1,common,1.0,0.07005625836311324,0.1703241441777661,0.18436651001401846,0.0,0.8193531582225843,0.8776967812355262,,,EXPLOIT
1333,46,,,0,1,1,0,common,1.0,0.20142594482011356,0.1578566275927728,0.18948434045584697,0.0,0.8217566080599993,0.8795853259616297,,,EXPLOIT
1334,46,,,0,1,1,0,common,1.0,0.13092686413307386,0.35425622013139024,0.17191709755901502,0.0,0.8240738442180598,0.8813983983182686,,,EXPLOIT
1335,46,,,0,1,1,0,common,1.0,0.08510246168649804,0.5266610821527128,0.14587270679725992,0.0,0.8263093128812625,0.8831403476030119,,,EXPLOIT
1336,46,,,0,0,1,0,rare,1.0,0.055316600096223745,0.6265547703811143,0.11870587478694906,0.0,0.8284671598724606,0.884815195365182,,,EXPLOIT
1337,46,,,0,0,1,0,rare,0.0,0.9640442099374545,0.6150725563931791,0.3723073753321007,0.0,0.8305512555982689,0.8864266657098865,,,EXPLOIT
1338,46,,,0,1,1,0,common,1.0,0.37337126354065453,0.6589141539595447,0.3726265417946668,0.0,0.8325652175489743,0.8879782123007443,,,EXPLOIT
1339,46,,,0,1,0,1,rare,0.0,0.9544634320639764,0.6077334008636723,0.5471776088754596,0.0,0.8345124306281518,0.8894730424734069,,,EXPLOIT
1340,46,,,0,1,1,1,common,0.0,0.19702880759643232,0.6805653881950205,0.44213296849175143,0.0,0.8273576773144264,0.8838167253762977,,,EXPLOIT
1341,46,,,0,1,1,0,common,1.0,0.24269132130142546,0.564328954831312,0.38230047433465364,0.0,0.8294795488803,0.8854658440092367,,,EXPLOIT
1342,46,,,0,1,0,1,rare,1.0,0.3795987691584153,0.6886936414074023,0.38148996278178215,0.0,0.8315294411324275,0.8870529948382747,,,EXPLOIT
1343,46,,,0,1,0,1,rare,1.0,0.24673919995297,0.673955903679534,0.34106473393313846,0.0,0.8335108571661078,0.8885815304582898,,,EXPLOIT
1344,46,,,0,1,1,0,common,1.0,0.15774935884592656,0.6232197049056082,0.28607012140697485,0.0,0.8354270765759572,0.8900545660355828,,,EXPLOIT
1345,46,,,0,1,1,0,common,1.0,0.10253708324985222,0.5776770264076672,0.23101020995983806,0.0,0.8372811730031391,0.8914749999624813,,,EXPLOIT
1346,46,,,0,1,1,1,common,1.0,0.8719312750623189,0.544568296759874,0.4232865294905823,0.0,0.8390760300549562,0.8928455323926404,,,EXPLOIT
1347,46,,,0,1,1,0,common,1.0,0.06664910411240399,0.5220701155031879,0.3162953018771288,0.0,0.8408143557702612,0.8941686819064696,,,EXPLOIT
1348,46,,,0,1,0,1,rare,1.0,0.1603804799694305,0.5071654293248801,0.2695208553048193,0.0,0.8424986957833325,0.895446800523123,,,EXPLOIT
1349,46,,,0,1,1,0,common,0.0,0.9566780823269374,0.49739318675805466,0.4756680234114547,0.0,0.8441314453208245,0.8966820872473248,,,EXPLOIT
1350,46,,,0,1,0,1,rare,0.0,0.8957526880198702,0.6930455160586222,0.6016934227939793,0.0,0.8457148601507134,0.8978766003151915,,,EXPLOIT
1351,46,,,0,1,1,0,common,1.0,0.37815924648749066,0.608081386734389,0.5346331699020327,0.0,0.8394010444552504,0.8929812199370079,,,EXPLOIT
1352,46,,,0,0,0,1,common,1.0,0.41776075278708436,0.6929242907408462,0.49957144476754817,0.0,0.8326198377790373,0.8876494477500929,,,EXPLOIT
1353,46,,,0,1,1,1,common,0.0,0.4332446712094926,0.6553219271049505,0.4796734127001314,0.0,0.834565254612752,0.8891562155883215,,,EXPLOIT
1354,46,,,0,1,1,0,common,0.0,0.754196489783131,0.4912529948988424,0.5620303358250313,0.0,0.8364471779240673,0.8906086261601869,,,EXPLOIT
1355,46,,,0,0,0,1,common,1.0,0.2715444893116048,0.36728033783652164,0.4748845818710033,0.0,0.8294414805650071,0.8850584455208818,,,EXPLOIT
1356,46,,,0,0,0,1,common,1.0,0.17650391805254317,0.29985303894801735,0.38537038272546525,0.0,0.8314926543489577,0.8866608040679679,,,EXPLOIT
1357,46,,,0,0,0,1,common,1.0,0.11472754673415309,0.26039213977428277,0.3041775319280716,0.0,0.8334752900412301,0.8882037302283169,,,EXPLOIT
1358,46,,,0,0,0,1,common,1.0,0.07457290537719952,0.23676749769561223,0.23529614396280996,0.0,0.835392671152895,0.8896903966514476,,,EXPLOIT
1359,46,,,0,0,0,1,common,1.0,0.04847238849517965,0.22228303976652208,0.17924901732252085,0.0,0.8372478749364762,0.8911237542453881,,,EXPLOIT
1360,46,,,0,0,1,0,rare,1.0,0.5097722816409649,0.21323605069817364,0.2784059966180541,0.0,0.8390437883336265,0.8925065512183498,,,EXPLOIT
1361,46,,,0,1,1,0,common,1.0,0.33135198306662716,0.2075101514160601,0.294289792552626,0.0,0.8407831224656491,0.8938413501913101,,,EXPLOIT
1362,46,,,0,1,1,0,common,1.0,0.21537878899330765,0.3979678057021059,0.27061649148483047,0.0,0.8424684258198718,0.8951305436057345,,,EXPLOIT
1363,46,,,0,1,0,1,rare,1.0,0.03150705252186681,0.546289124471117,0.19888365979594136,0.0,0.8441020962667816,0.8963763676213492,,,EXPLOIT
1364,46,,,0,1,1,0,common,1.0,0.13999621284565,0.6293440917245489,0.18121742571085395,0.0,0.8456863920271153,0.8975809146738307,,,EXPLOIT
1365,46,,,0,1,0,1,rare,1.0,0.02047958413921347,0.6679616788703122,0.1329960732393618,0.0,0.8472234416944153,0.8987461448407813,,,EXPLOIT
1366,46,,,0,1,0,1,rare,0.0,0.9866882703095112,0.6841105915223347,0.38910373236040663,0.0,0.8487152534066088,0.8998738961458735,,,EXPLOIT
1367,46,,,0,0,0,0,common,1.0,0.9773528644287554,0.46382894584273326,0.5655784719809112,0.0,0.8501637232497321,0.9009658939151254,,,EXPLOIT
1368,46,,,0,0,1,0,rare,1.0,0.0909975383496725,0.4581381438952046,0.4232041918915395,0.0,0.844169080340303,0.8963360616164201,,,EXPLOIT
1369,46,,,0,0,0,1,common,1.0,0.3586526242988177,0.454440704267117,0.403838721613723,0.0,0.845751365845905,0.8975419343468897,,,EXPLOIT
1370,46,,,0,0,0,1,common,1.0,0.23312420579423154,0.45203842987912907,0.3526243668678755,0.0,0.847286491276542,0.8987084277222458,,,EXPLOIT
1371,46,,,0,0,1,0,rare,0.0,0.9408516000727128,0.450477506155723,0.5290925368293267,0.0,0.8487764599384957,0.8998373836266533,,,EXPLOIT
1372,46,,,0,0,1,0,rare,1.0,0.38844645995273663,0.6874367214807315,0.48689871376634963,0.0,0.8426831909402304,0.8951114280805691,,,EXPLOIT
1373,46,,,0,0,0,1,common,1.0,0.15153073376625048,0.6343170617836358,0.38628831976631983,0.0,0.8443103324856879,0.8963578902879159,,,EXPLOIT
1374,46,,,0,1,1,0,common,1.0,0.2524901989692788,0.5767135619888426,0.3461488835272075,0.0,0.8458883825536652,0.8975630449851142,,,EXPLOIT
1375,46,,,0,1,0,1,rare,0.0,0.9015050230519371,0.6674084753350866,0.5127557253846263,0.0,0.8474194536130853,0.8987288541668856,,,EXPLOIT
1376,46,,,0,0,0,0,common,1.0,0.6352793618786909,0.4771624329181341,0.5495128163328457,0.0,0.8412289210063224,0.8939074905748038,,,EXPLOIT
1377,46,,,0,0,1,0,rare,1.0,0.16411862933003118,0.4306357724877249,0.4338945602320013,0.0,0.8345847693144601,0.8886597602762635,,,EXPLOIT
1378,46,,,0,0,0,1,common,1.0,0.41402173501624084,0.40083486010921404,0.4279327126672731,0.0,0.8364660604822146,0.8901299804864568,,,EXPLOIT
1379,46,,,0,0,1,0,rare,0.0,0.8933228909354797,0.3818292291768395,0.5675497661477351,0.0,0.8382868554250054,0.8915477447283667,,,EXPLOIT
1380,46,,,0,0,0,1,common,0.0,0.7308858722394435,0.6528813454341369,0.6165505979752476,0.0,0.8314214084202548,0.8860845548489396,,,EXPLOIT
1381,46,,,0,0,0,1,common,0.0,0.4750758169556383,0.6824999710028993,0.5741081636693648,0.0,0.8240251994489646,0.8801053605247182,,,EXPLOIT
1382,46,,,0,1,0,0,rare,0.0,0.5870684147788509,0.6084574047207065,0.5779962390022105,0.0,0.8160346243371276,0.8735337807133401,,,EXPLOIT
1383,46,,,0,1,0,1,rare,1.0,0.6912007189788352,0.6886208558821357,0.6119575829951979,0.0,0.807375493739883,0.866277577252299,,,EXPLOIT
1384,46,,,0,1,1,0,common,0.0,0.5806598791080618,0.5505492088821509,0.602568271829057,0.0,0.7979607355174991,0.8582243145468379,,,EXPLOIT
1385,46,,,0,1,1,1,common,0.0,0.2816090362861702,0.6752235542199435,0.5062805011661909,0.0,0.7876874714829476,0.8492355110928861,,,EXPLOIT
1386,46,,,0,1,1,0,common,1.0,0.6225710785797598,0.6913386453617114,0.5411676743902616,0.0,0.776433260325613,0.839138633853211,,,EXPLOIT
1387,46,,,0,1,1,0,common,1.0,0.40467120107684385,0.5913276932823363,0.5002187323962363,0.0,0.7640512153831279,0.8277159464402913,,,EXPLOIT
1388,46,,,0,1,0,1,rare,1.0,0.44928046733624283,0.4413553106781035,0.4849372528782382,0.0,0.7503635834946714,0.8146886674768888,,,EXPLOIT
1389,46,,,0,1,0,0,rare,1.0,0.6184055303937469,0.3437729511272849,0.5249777361328908,0.0,0.7558455191438149,0.8198964305949482,,,EXPLOIT
1390,46,,,0,1,1,0,common,1.0,0.26303628069994844,0.2866444983104958,0.44639529950300805,0.0,0.741255059797417,0.8057059197110498,,,EXPLOIT
1391,46,,,0,1,1,1,common,0.0,0.18304587358601063,0.25299041261770466,0.3673904717279088,0.0,0.7472297503088776,0.8115116907826434,,,EXPLOIT
1392,46,,,0,1,1,0,common,1.0,0.17097358245496652,0.5161174686381549,0.3084654049460261,0.0,0.7528789697930227,0.8169274429286888,,,EXPLOIT
1393,46,,,0,1,1,0,common,1.0,0.11113282859572826,0.38959956373134597,0.2492656320409367,0.0,0.7582283451003994,0.8219909524711176,,,EXPLOIT
1394,46,,,0,1,1,0,common,1.0,0.07223633858722334,0.3133554946844454,0.1961568440048227,0.0,0.7633008817961456,0.8267352699788044,,,EXPLOIT
1395,46,,,0,1,1,0,common,1.0,0.046953620081695124,0.2688183086589479,0.1513958768278844,0.0,0.768117290964006,0.8311894368437406,,,EXPLOIT
1396,46,,,0,1,0,1,rare,1.0,0.2920323037685578,0.24229249143235948,0.19358680491008642,0.0,0.7726962683073346,0.835379075307784,,,EXPLOIT
1397,46,,,0,1,1,0,common,1.0,0.030519853053101786,0.2261049675456397,0.14466671935299102,0.0,0.7770547334777952,0.8393268772682955,,,EXPLOIT
1398,46,,,0,1,1,0,common,1.0,0.019837904484516167,0.21602949418380557,0.10721807489244857,0.0,0.7812080360905724,0.8430530115584896,,,EXPLOIT
1399,46,,,0,1,1,0,common,1.0,0.012894637914935503,0.20966823070135565,0.07892104379919465,0.0,0.785170133713369,0.846575465136819,,,EXPLOIT
1400,46,,,0,1,1,1,common,0.0,0.11897981783090691,0.20561235777425424,0.09093867600870834,0.0,0.7889537461786902,0.8499103303682165,,,EXPLOIT
1401,46,,,0,1,0,1,rare,0.0,0.8101790025504374,0.47223406014575,0.30671077397122704,0.0,0.7925704898142034,0.8530720480793338,,,EXPLOIT
1402,46,,,0,1,1,0,common,0.0,0.991618485355292,0.6480955860401902,0.5121830873864465,0.0,0.796030994575437,0.8560736141322633,,,EXPLOIT
1403,46,,,0,1,1,0,common,1.0,0.35544798451906023,0.6930301203795729,0.46516255652623056,0.0,0.7855769914069624,0.8468258414817272,,,EXPLOIT
1404,46,,,0,1,1,0,common,1.0,0.2310411899373892,0.5720179367737522,0.39492614654957814,0.0,0.7893424924825854,0.8501475566497617,,,EXPLOIT
1405,46,,,0,1,1,0,common,1.0,0.15017677345930303,0.4271680265805475,0.3215013346224956,0.0,0.7929422893372206,0.8532971226460031,,,EXPLOIT
1406,46,,,0,1,0,0,rare,1.0,0.40196359475593546,0.3353745058640835,0.34564001266252753,0.0,0.7963869142020608,0.8562874367862935,,,EXPLOIT
1407,46,,,0,1,1,0,common,1.0,0.097614902748547,0.281737235999988,0.27123247968833336,0.0,0.7996860254990084,0.8591301396127411,,,EXPLOIT
1408,46,,,0,1,1,0,common,0.0,0.9365503132134444,0.25005778812671936,0.4708278297458667,0.0,0.8028484966238626,0.8618357643396152,,,EXPLOIT
1409,46,,,0,1,1,0,common,0.0,0.6087577035887388,0.5136161683813312,0.5122067918987283,0.0,0.8058824941201235,0.8644138654694571,,,EXPLOIT
1410,46,,,0,0,0,0,common,0.0,0.7387236634086419,0.663613581375875,0.5801618533517023,0.0,0.7963341660751311,0.8561488781023883,,,EXPLOIT
1411,46,,,0,0,0,1,common,1.0,0.4733836483422157,0.6081959349196295,0.5481283918488563,0.0,0.7859086656014349,0.8469102332931835,,,EXPLOIT
1412,46,,,0,1,1,1,common,0.0,0.0773368815900895,0.6821619277232807,0.40689093877122623,0.0,0.7744799039652717,0.8365156675590096,,,EXPLOIT
1413,46,,,0,0,0,1,common,1.0,0.3076993714224402,0.6122361325511358,0.3771334685665904,0.0,0.7787538513289896,0.84039903199824,,,EXPLOIT
1414,46,,,0,0,0,1,common,0.0,0.7999954085754138,0.4540668067039314,0.5039920505692375,0.0,0.7828284242864215,0.8440660074650121,,,EXPLOIT
1415,46,,,0,1,0,1,rare,1.0,0.480002984425981,0.6379178458375518,0.4967953307262605,0.0,0.7710941135313796,0.8333011103751398,,,EXPLOIT
1416,46,,,0,0,0,0,common,1.0,0.5198296187843827,0.6768505882153261,0.5037056171436971,0.0,0.7755291557750084,0.8373680106114506,,,EXPLOIT
1417,46,,,0,0,0,0,common,0.0,0.6621107477901512,0.6690367708915919,0.5512271563376333,0.0,0.7630540809947484,0.8257039076000737,,,EXPLOIT
1418,46,,,0,0,0,1,common,1.0,0.3120019398768876,0.6705799676674407,0.4794595913994095,0.0,0.7492583441408737,0.8123823747137496,,,EXPLOIT
1419,46,,,0,0,0,1,common,1.0,0.20280126091997697,0.673360411855047,0.3964620922555797,0.0,0.754799007587993,0.8177407424468162,,,EXPLOIT
1420,46,,,0,1,1,1,common,0.0,0.05026897303355818,0.5933377111750556,0.2926041564889732,0.0,0.7600482236054337,0.8227523220076152,,,EXPLOIT
1421,46,,,0,0,0,1,common,0.0,0.8681791804020149,0.4390046501179167,0.46527666366288567,0.0,0.7650281536925041,0.8274494940173734,,,EXPLOIT
1422,46,,,0,0,1,0,rare,0.0,0.39569250733268024,0.6483514509992337,0.444401416763824,0.0,0.769758768325114,0.8318607297089594,,,EXPLOIT
1423,46,,,0,0,0,0,common,1.0,0.5696280139364017,0.6925520623755845,0.4819693959155973,0.0,0.7742581112043577,0.8360111636346,,,EXPLOIT
1424,46,,,0,0,0,0,common,1.0,0.37025820905866114,0.6035213622464392,0.4484560398585164,0.0,0.778542526162148,0.8399230685605036,,,EXPLOIT
1425,46,,,0,0,1,0,rare,1.0,0.7427998702337578,0.47282383555560076,0.5367591889710888,0.0,0.782626852738977,0.8436162514987785,,,EXPLOIT
1426,46,,,0,0,0,1,common,0.0,0.5643164672613097,0.3835289496723009,0.545026372458155,0.0,0.7708724011669323,0.8327921675053337,,,EXPLOIT
1427,46,,,0,0,0,0,common,0.0,0.7593321641118702,0.6230048461875237,0.6093181099542695,0.0,0.757912425962728,0.8204917715960611,,,EXPLOIT
1428,46,,,0,0,0,0,common,0.0,0.49356590667271566,0.692967696699051,0.5745924489698033,0.0,0.7435522117230312,0.8063916887485905,,,EXPLOIT
1429,46,,,0,0,0,1,common,1.0,0.6331942962801487,0.6692504131611425,0.5921730031629069,0.0,0.7275527236877608,0.7900666616775748,,,EXPLOIT
1430,46,,,0,0,1,0,rare,1.0,0.4828199156519426,0.6437099731961013,0.5593670769096176,0.0,0.7096172374401456,0.7709459965859442,,,EXPLOIT
1431,46,,,0,0,0,1,common,1.0,0.4115762925820967,0.5079629909669842,0.5150298416113613,0.0,0.6893728175351338,0.7482455768824762,,,EXPLOIT
1432,46,,,0,0,1,0,rare,0.0,0.6861670548262373,0.40575184821124083,0.5663710055758241,0.0,0.666344170925709,0.72085780626178,,,EXPLOIT
1433,46,,,0,1,1,1,common,1.0,0.9673251675281872,0.6338325192305903,0.686657254161533,0.0,0.6399159428775129,0.6871656157114238,,,EXPLOIT
1434,46,,,0,1,1,1,common,0.0,0.3712386411066783,0.6870021807528215,0.5920316702450765,0.0,0.6092770211568441,0.6447114659419488,,,EXPLORE
1435,46,,,0,0,1,0,rare,1.0,0.5539914143629457,0.6539585593591366,0.5806195934804372,0.0,0.5733359668454132,0.5895697578467091,,,EXPLORE
1436,46,,,0,0,0,0,common,1.0,0.6791821606627348,0.529127122519621,0.6101883636351264,0.0,0.5305884572285432,0.5150581606607166,,,EXPLORE
1437,46,,,0,0,0,0,common,0.0,0.5585315955692223,0.4303456712753151,0.5946913332153552,0.0,0.4789016538307698,0.40880243244756687,,,EXPLORE
1438,46,,,0,1,0,1,rare,0.0,0.7324754098216371,0.6515657810427475,0.6360265561972397,0.0,0.4151476699626123,0.2450363630674752,,,EXPLORE
1439,46,,,0,1,1,0,common,1.0,0.3600944193359148,0.5609986962975927,0.5532469151388422,0.0,0.33454666983171844,0.09090909090909093,,,EXPLORE
1440,46,,,0,1,0,0,rare,0.0,0.3630455371199945,0.6929429806494845,0.4961865017331878,0.0,0.22941040565591062,0.09090909090909093,,,EXPLORE
1441,46,,,0,1,1,1,common,0.0,0.2413051167193409,0.6277504403092964,0.4197220862290337,0.0,0.29315162246640536,0.23017705927636645,,,EXPLORE
1442,46,,,0,0,0,1,common,0.0,0.4761090163840641,0.5392223249011068,0.4366381652755428,0.0,0.34665429141148313,0.33155527035247095,,,EXPLORE
1443,46,,,0,1,1,1,common,0.0,0.15684832586757158,0.6644203225848377,0.3527012134531514,0.0,0.3921997667113664,0.40865139461585376,,,EXPLORE
1444,46,,,0,1,0,0,rare,1.0,0.7640204008720035,0.6215754638016622,0.476096969678807,0.0,0.431438488134326,0.46925370836719743,,,EXPLORE
1445,46,,,0,0,0,1,common,1.0,0.6905291393503583,0.6715731391840791,0.5404266205802724,0.0,0.4655939783484526,0.5181414926281387,,,EXPLORE
1446,46,,,0,1,1,0,common,1.0,0.23406137256834458,0.6615880757949326,0.44851704617669397,0.0,0.3985049368006513,0.41333318615415215,,,EXPLORE
1447,46,,,0,0,0,0,common,0.0,0.5033867394331977,0.6839167470802437,0.46497795415364507,0.0,0.4369048492224223,0.47299065975813936,,,EXPLORE
1448,46,,,0,0,1,0,rare,1.0,0.15213989216942403,0.5685803787254422,0.37112653555837877,0.0,0.4703782018574208,0.5211930904942722,,,EXPLORE
1449,46,,,0,0,0,1,common,0.0,0.5511560594222671,0.6888914915972292,0.4251353927175452,0.0,0.49981453358957617,0.5609489243533671,,,EXPLOIT
1450,46,,,0,1,1,0,common,0.0,0.9011090700898744,0.58006667992254,0.567927495929244,0.0,0.5259013880638699,0.594297929076637,,,EXPLORE
1451,46,,,0,1,0,1,rare,1.0,0.6417485613755264,0.6913447190305879,0.5900738155631287,0.0,0.47317767560024315,0.5215801584977064,,,EXPLORE
1452,46,,,0,1,1,1,common,0.0,0.10195141181392153,0.593560125014438,0.4436370944383665,0.0,0.4080007872219349,0.4183720571963747,,,EXPLORE
1453,46,,,0,1,1,1,common,0.0,0.06626841767904901,0.6924450323327273,0.33042649141057123,0.0,0.4451532676384845,0.4770200101759833,,,EXPLORE
1454,46,,,0,1,0,1,rare,1.0,0.4171365648940921,0.6642287533146056,0.3564395134556275,0.0,0.47760943286218294,0.5244883409352968,,,EXPLOIT
1455,46,,,0,0,1,1,rare,0.0,0.043074471491381855,0.6572431771913951,0.2624300008663538,0.0,0.5062054569148658,0.563693710804814,,,EXPLORE
1456,46,,,0,1,0,0,rare,1.0,0.6727986193684214,0.5655974418876477,0.3855405864169741,0.0,0.531590129165413,0.5966193799152748,,,EXPLOIT
1457,46,,,0,1,1,0,common,0.0,0.5857208955584183,0.41824412979917663,0.4455946791594073,0.0,0.5542745602060768,0.624660935250706,,,EXPLORE
1458,46,,,0,1,1,0,common,1.0,0.6192814178870281,0.6205403268336214,0.49770070077769357,0.0,0.5746668627875362,0.6488289496072793,,,EXPLOIT
1459,46,,,0,0,0,0,common,0.0,0.562680897410526,0.4603600981204513,0.5171947597675433,0.0,0.5930968523156981,0.669873187198282,,,EXPLORE
1460,46,,,0,1,0,0,rare,0.0,0.3657425833168419,0.3834604192239883,0.4717591068323328,0.0,0.5541707916750108,0.6224773368221402,,,EXPLORE
1461,46,,,0,1,0,1,rare,1.0,0.2711387671811599,0.5787140281449007,0.4115730049369809,0.0,0.5745733181562478,0.6469374268932848,,,EXPLOIT
1462,46,,,0,1,1,0,common,0.0,0.5974670783734317,0.4007368148418504,0.46734122696791613,0.0,0.5930120958829548,0.6682189080410816,,,EXPLOIT
1463,46,,,0,1,0,1,rare,1.0,0.17624019866775398,0.5888813888050437,0.3800109184778675,0.0,0.6097568172126959,0.6869026863152193,,,EXPLOIT
1464,46,,,0,1,1,0,common,0.0,0.38835360094273064,0.40811428624422763,0.3825137232173264,0.0,0.6250299523653983,0.7034362449250214,,,EXPLOIT
1465,46,,,0,1,1,1,common,1.0,0.9720015935306018,0.5930870402463898,0.559360084311309,0.0,0.639016651519353,0.7181698699721519,,,EXPLOIT
1466,46,,,0,0,0,0,common,0.0,0.23773267915594723,0.41124362538316245,0.46287186276470044,0.0,0.6082285746859188,0.6838198903841549,,,EXPLORE
1467,46,,,0,0,0,1,common,1.0,0.11455612913404012,0.3625159012980236,0.3583771426755023,0.0,0.6236333682955315,0.7006997716900252,,,EXPLOIT
1468,46,,,0,0,1,1,rare,0.0,0.36819896420510884,0.6257001509323805,0.36132368913438423,0.0,0.637735479161374,0.715724593385436,,,EXPLOIT
1469,46,,,0,1,0,0,rare,1.0,0.8454737585486343,0.5091599659953746,0.5065687099586592,0.0,0.6506928153001761,0.7291835830935095,,,EXPLOIT
1470,46,,,0,1,0,1,rare,1.0,0.07446148393712604,0.387761273921791,0.37693654215219924,0.0,0.6218111512226593,0.6974842439433903,,,EXPLOIT
1471,46,,,0,1,1,1,common,0.0,0.23932932673332075,0.3146109247054139,0.33565437752653565,0.0,0.6360645206255171,0.712854648956461,,,EXPLOIT
1472,46,,,0,1,1,1,common,0.0,0.15556406237665849,0.5657143039727964,0.28162728298157247,0.0,0.6491551091759352,0.7266064858972465,,,EXPLOIT
1473,46,,,0,1,1,0,common,1.0,0.747570159387225,0.6803050035309863,0.4214101459032682,0.0,0.6612190434145258,0.73898203612015,,,EXPLOIT
1474,46,,,0,1,1,0,common,1.0,0.4859206036016963,0.5348567436429974,0.4407632832127966,0.0,0.6723719999577096,0.7501775237164165,,,EXPLOIT
1475,46,,,0,1,1,1,common,1.0,0.898883359455172,0.4043718379517065,0.5781993060855092,0.0,0.6827129066815358,0.7603535632632524,,,EXPLOIT
1476,46,,,0,0,1,0,rare,0.0,0.6841516076588974,0.32435504369902457,0.6099849965575256,0.0,0.6587266646542799,0.7355257077274727,,,EXPLOIT
1477,46,,,0,1,0,1,rare,1.0,0.04839996455913198,0.25448037509225774,0.44150948695800746,0.0,0.6311188889955129,0.7052994504899766,,,EXPLOIT
1478,46,,,0,1,1,1,common,0.0,0.4157258163541382,0.21494937833584665,0.4337743857768466,0.0,0.6446076439630086,0.7198363349105488,,,EXPLOIT
1479,46,,,0,1,0,1,rare,1.0,0.03145997696343583,0.45437784483522503,0.3130800631328234,0.0,0.6570237300664147,0.7328809264918301,,,EXPLOIT
1480,46,,,0,1,1,1,common,0.0,0.27022178063018987,0.3270039535666349,0.3002225783820333,0.0,0.6684896503806097,0.7446512294582125,,,EXPLOIT
1481,46,,,0,1,1,0,common,1.0,0.5553014550217167,0.546500901673471,0.3767462413739383,0.0,0.6791099387010001,0.7553247567599188,,,EXPLOIT
1482,46,,,0,1,1,0,common,1.0,0.36094594576411587,0.3831940803399877,0.3720061526909915,0.0,0.6889743377749541,0.7650475138069107,,,EXPLOIT
1483,46,,,0,1,1,1,common,0.0,0.1756441574096234,0.28685762372244245,0.3130975541065811,0.0,0.6981603260183104,0.773940691980435,,,EXPLOIT
1484,46,,,0,1,1,0,common,1.0,0.23461486474667526,0.5170046748401878,0.2895527472986093,0.0,0.7067351433845968,0.7821057253145137,,,EXPLOIT
1485,46,,,0,1,1,1,common,0.0,0.11416870231625523,0.36435526992036127,0.23693753380390306,0.0,0.7147574285074885,0.7896281590418942,,,EXPLOIT
1486,46,,,0,1,1,0,common,1.0,0.15249966208533894,0.5711309721480007,0.21160617228833384,0.0,0.7222785514408304,0.7965806434272003,,,EXPLOIT
1487,46,,,0,1,1,0,common,1.0,0.09912478035547034,0.3998851149557837,0.17786175470847476,0.0,0.7293437060437618,0.803025275251305,,,EXPLOIT
1488,46,,,0,1,1,0,common,1.0,0.06443110723105572,0.2961523266884958,0.14383256046524903,0.0,0.7359928111069002,0.8090154469714695,,,EXPLOIT
1489,46,,,0,1,1,0,common,0.0,0.9581197802998138,0.2385318243219462,0.3881187264156184,0.0,0.7422612581792939,0.8145973202380227,,,EXPLOIT
1490,46,,,0,1,1,0,common,0.0,0.622777857194879,0.47651775660373646,0.4585164656493965,0.0,0.7481805356829976,0.8198110098795255,,,EXPLOIT
1491,46,,,0,1,1,1,common,1.0,0.9257903434944341,0.6318046835462185,0.5986986290029077,0.0,0.7537787525511924,0.8246915426235515,,,EXPLOIT
1492,46,,,0,1,0,1,rare,1.0,0.02044898502623327,0.4476237820332999,0.42522373580990536,0.0,0.7389561510579558,0.8112206320188966,,,EXPLOIT
1493,46,,,0,1,1,0,common,1.0,0.5951943928233286,0.3231206035793155,0.47621493291393235,0.0,0.7450583578152061,0.816655631476346,,,EXPLOIT
1494,46,,,0,1,1,0,common,1.0,0.3868763553351636,0.2535624718648589,0.4494133596403017,0.0,0.7508248716650676,0.8217365528267087,,,EXPLOIT
1495,46,,,0,1,0,1,rare,1.0,0.013291840267051658,0.2144229966292405,0.31857690382832665,0.0,0.7562823833904736,0.8264966728070829,,,EXPLOIT
1496,46,,,0,1,1,0,common,0.0,0.7485303690321436,0.19158839661256208,0.4475629433894718,0.0,0.7614548275801388,0.8309652251856738,,,EXPLOIT
1497,46,,,0,1,1,0,common,0.0,0.48654473987089336,0.4305941495696389,0.45925748233389824,0.0,0.7663637294520408,0.8351679966710149,,,EXPLOIT
1498,46,,,0,1,1,1,common,0.0,0.39823627672861783,0.609158280931239,0.44095112065231407,0.0,0.7710285005918143,0.8391278204391583,,,EXPLOIT
1499,46,,,0,1,1,0,common,1.0,0.6837459190839192,0.6813198685552933,0.5137895601817957,0.0,0.7754666921743474,0.8428649872292975,,,EXPLOIT
1500,46,,,0,1,1,0,common,1.0,0.44443484740454764,0.5076340483846001,0.49298314634862117,0.0,0.7629851767087483,0.83194165629793,,,EXPLOIT
1501,46,,,0,1,1,1,common,1.0,0.7411464201263984,0.3585720099298046,0.5674321284819543,0.0,0.7678173451780385,0.8360873757261299,,,EXPLOIT
1502,46,,,0,1,0,1,rare,1.0,0.008639696173583622,0.2732057862560066,0.3997943987894431,0.0,0.7545340265823122,0.8242469981956714,,,EXPLOIT
1503,46,,,0,1,1,0,common,0.0,0.7111173491870441,0.225615697638686,0.49319128390872335,0.0,0.7597970125255407,0.8288522637955168,,,EXPLOIT
1504,46,,,0,1,1,1,common,0.0,0.5182548269178411,0.4646081132345576,0.5007103468114587,0.0,0.7647896781658209,0.833179751954338,,,EXPLOIT
1505,46,,,0,1,0,1,rare,0.0,0.9943841974871707,0.6262050621825335,0.6488125020141722,0.0,0.7511818216593305,0.8209339461863917,,,EXPLOIT
1506,46,,,0,1,1,0,common,1.0,0.5377737230284214,0.6856960152728735,0.6155008683184469,0.0,0.7360648140901966,0.8069008270432083,,,EXPLOIT
1507,46,,,0,1,1,1,common,1.0,0.6631343625034033,0.5168429513546846,0.6297909165739337,0.0,0.7191737661459379,0.7906591801304992,,,EXPLOIT
1508,46,,,0,1,1,1,common,0.0,0.5689626643727879,0.3642547287992712,0.6115424409135899,0.0,0.7001779448663857,0.771644151449881,,,EXPLOIT
1509,46,,,0,0,0,1,common,0.0,0.6463497283666609,0.5710679740647013,0.6219846271495112,0.0,0.6786589595436252,0.7490803121922598,,,EXPLOIT
1510,46,,,0,0,0,1,common,1.0,0.5798726765616704,0.5186914128231581,0.6093510419731589,0.0,0.6540796597515535,0.721873446905594,,,EXPLOIT
1511,46,,,0,0,0,1,common,0.0,0.6230827602349143,0.6926318143862595,0.6134705574516854,0.0,0.6257387794853867,0.6884279671377649,,,EXPLOIT
1512,46,,,0,1,1,0,common,0.0,0.6504470800315261,0.6417024510863474,0.6245635142256376,0.0,0.5927030758984101,0.6463225975757579,,,EXPLORE
1513,46,,,0,1,0,0,rare,0.0,0.4504420569433877,0.6929293734062365,0.5723270770409626,0.0,0.5537027597938609,0.5916969157494074,,,EXPLORE
1514,46,,,0,1,1,0,common,1.0,0.5772093979795081,0.6772635554693784,0.5737917733225262,0.0,0.5069647563278427,0.5179954968822521,,,EXPLORE
1515,46,,,0,1,1,0,common,1.0,0.37518610868668023,0.622520807941566,0.5142100739317724,0.0,0.449935930890494,0.4131189235409048,,,EXPLORE
1516,46,,,0,0,1,0,rare,1.0,0.24387097064634222,0.47046438718003836,0.4331083429461433,0.0,0.3788010942461408,0.2519916615524656,,,EXPLORE
1517,46,,,0,0,0,1,common,1.0,0.5949962058473057,0.6620230876121768,0.481674701816492,0.0,0.4198500981723734,0.3479032006679611,,,EXPLORE
1518,46,,,0,0,1,0,rare,1.0,0.1585161309201224,0.6902742887304256,0.3847271305475811,0.0,0.4554727890965903,0.421356407955962,,,EXPLORE
1519,46,,,0,1,0,1,rare,0.0,0.6132524661992513,0.6527968819644618,0.45328473124308216,0.0,0.4866769467276715,0.47941007390652746,,,EXPLORE
1520,46,,,0,1,1,0,common,1.0,0.10303548509807958,0.4753461673140646,0.3482099573995813,0.0,0.5142353456071557,0.526445360240766,,,EXPLORE
1521,46,,,0,1,1,0,common,1.0,0.06697306531375169,0.63610428024572,0.2638388897738324,0.0,0.538750483023761,0.5653254648953578,,,EXPLOIT
1522,46,,,0,1,1,0,common,0.0,0.9564675075460614,0.6893798432333678,0.47162747510550107,0.0,0.5606990301450729,0.5980006373444793,,,EXPLOIT
1523,46,,,0,1,0,0,rare,0.0,0.29278733701320203,0.5336049314512035,0.41797543367781137,0.0,0.5804630492534878,0.6258451883497361,,,EXPLORE
1524,46,,,0,0,0,1,common,0.0,0.3986141030295134,0.3813969014448379,0.4121670344833219,0.0,0.5983523564140236,0.649855477291003,,,EXPLOIT
1525,46,,,0,0,0,1,common,1.0,0.7409008330308162,0.6186814931413791,0.5107871740475701,0.0,0.6146208274394075,0.6707714803013518,,,EXPLOIT
1526,46,,,0,0,0,1,common,1.0,0.48158554147003063,0.4809801073136052,0.5020266842743082,0.0,0.5796373925351148,0.6236399134807198,,,EXPLORE
1527,46,,,0,1,1,0,common,0.0,0.6217038799049399,0.3845337444903118,0.5379298429634977,0.0,0.538129610834366,0.5614919014230049,,,EXPLORE
1528,46,,,0,0,1,0,rare,1.0,0.595892478061789,0.29424757902311627,0.555318633492985,0.0,0.4880874035422939,0.47579619923649646,,,EXPLORE
1529,46,,,0,0,0,1,common,1.0,0.3130306019555199,0.24457337709344978,0.4826322240317455,0.0,0.4265804800304399,0.35004939013862035,,,EXPLORE
1530,46,,,0,0,1,0,rare,0.0,0.6126698892598371,0.21571084213685376,0.521643523600173,0.0,0.4613475531381172,0.4230300984000907,,,EXPLOIT
1531,46,,,0,0,0,1,common,1.0,0.20346989127108794,0.46492454701618735,0.4261914339014474,0.0,0.39317435406893775,0.2678609365841623,,,EXPLORE
1532,46,,,0,0,1,0,rare,1.0,0.6017645719811059,0.3419560407312918,0.47886337532534495,0.0,0.43228287337203647,0.35987796862079185,,,EXPLORE
1533,46,,,0,1,1,0,common,1.0,0.39114697178771884,0.271668637952628,0.4525484542640571,0.0,0.46633257682788437,0.4307119864204013,,,EXPLORE
1534,46,,,0,0,0,1,common,0.0,0.8677445706737928,0.5032358774916205,0.5771072891869777,0.0,0.496243979670555,0.48692013353332,,,EXPLOIT
1535,46,,,0,1,1,0,common,0.0,0.7457544683379828,0.6874856670460948,0.6277014429322793,0.0,0.4366949502559067,0.36689794097691925,,,EXPLORE
1536,46,,,0,0,0,1,common,1.0,0.43596602906203463,0.6026310811829603,0.5701808187712059,0.0,0.36203523568640794,0.17609279780006667,,,EXPLORE
1537,46,,,0,0,1,1,rare,0.0,0.36982573184231216,0.4663840699291396,0.5100742926925377,0.0,0.2656830863704293,0.09090909090909093,,,EXPLORE
1538,46,,,0,0,1,0,rare,1.0,0.5152595955803112,0.6556144759582461,0.5116298835588697,0.0,0.136585107179442,0.09090909090909093,,,EXPLORE
1539,46,,,0,1,1,0,common,1.0,0.3349187371272023,0.5147089452616719,0.45861653962936944,0.0,0.09090909090909093,0.09090909090909093,,,EXPLORE
1540,46,,,0,1,1,0,common,1.0,0.2176971791326815,0.6769360878459725,0.386340731480363,0.0,0.17965545529122232,0.23017705927636645,,,EXPLORE
1541,46,,,0,1,0,1,rare,1.0,0.2833779188903225,0.6847751938211062,0.3554518877033508,0.0,0.25195053896963665,0.33155527035247095,,,EXPLORE
1542,46,,,0,1,1,0,common,1.0,0.14150316643624294,0.6408081807644992,0.2912672713232184,0.0,0.31197800201026266,0.40865139461585376,,,EXPLORE
1543,46,,,0,0,0,1,common,0.0,0.8158043527212904,0.596066726203631,0.44862839574263996,0.0,0.3626137856372424,0.46925370836719743,,,EXPLORE
1544,46,,,0,1,0,1,rare,1.0,0.4697271707311612,0.4012875989807654,0.45495802823919634,0.0,0.4059000327452924,0.5181414926281387,,,EXPLORE
1545,46,,,0,0,1,1,rare,0.0,0.2403867256975029,0.3646586945032401,0.39058663747668826,0.0,0.4433268371345312,0.5584101936095955,,,EXPLORE
1546,46,,,0,1,1,0,common,1.0,0.09197705818355795,0.2529328890284247,0.30100376368874915,0.0,0.4760069778008542,0.5921529537657815,,,EXPLOIT
1547,46,,,0,1,1,0,common,0.0,0.9402149121806873,0.23473869180405527,0.4927671082363306,0.0,0.5047882362938754,0.6208359130085537,,,EXPLOIT
1548,46,,,0,1,1,1,common,1.0,0.8437486282966231,0.50304456122745,0.5980615642544183,0.0,0.5303278475182935,0.6455166258956538,,,EXPLORE
1549,46,,,0,1,1,0,common,1.0,0.38886030708255315,0.3841535030975849,0.5353011871028587,0.0,0.4785836872173653,0.5906331472441102,,,EXPLORE
1550,46,,,0,0,0,0,common,1.0,0.8096882309414186,0.312728840576143,0.6176173002544266,0.0,0.4147511188036217,0.5165272127065766,,,EXPLORE
1551,46,,,0,1,1,1,common,1.0,0.5484366083928051,0.5319510112148472,0.5968630926959402,0.0,0.33403837650538576,0.4109625938440015,,,EXPLORE
1552,46,,,0,1,0,1,rare,1.0,0.30532266097525484,0.48192500408036276,0.5094009631797346,0.0,0.2287355525535494,0.24852045079742927,,,EXPLORE
1553,46,,,0,0,0,1,common,1.0,0.19845972963391567,0.44893208479129904,0.41611859311598887,0.0,0.09090909090909093,0.09090909090909093,,,EXPLORE
1554,46,,,0,0,0,1,common,1.0,0.12899882426204523,0.5909368743367184,0.3299826624598058,0.0,0.17965545529122232,0.23017705927636645,,,EXPLORE
1555,46,,,0,0,0,1,common,1.0,0.08384923577032943,0.6598572124955663,0.25614263445296287,0.0,0.25195053896963665,0.33155527035247095,,,EXPLORE
1556,46,,,0,1,0,0,rare,0.0,0.4737026498880778,0.6856797951563864,0.3214106390834973,0.0,0.31197800201026266,0.40865139461585376,,,EXPLORE
1557,46,,,0,1,1,1,common,0.0,0.6435162045446767,0.5704646751781888,0.4180423087218511,0.0,0.3626137856372424,0.46925370836719743,,,EXPLORE
1558,46,,,0,0,0,1,common,0.0,0.9454979967492859,0.3851949812388781,0.5762790151300815,0.0,0.4059000327452924,0.5181414926281387,,,EXPLORE
1559,46,,,0,0,0,1,common,1.0,0.38542630211296414,0.6372699670785471,0.5190232012249463,0.0,0.32267046047166775,0.41333318615415215,,,EXPLORE
1560,46,,,0,1,1,0,common,1.0,0.25275919960365956,0.5202220784171361,0.43914400073856025,0.0,0.21360300704898164,0.2523362119455756,,,EXPLORE
1561,46,,,0,1,0,1,rare,1.0,0.25052709637342674,0.668744327791372,0.38255892942902014,0.0,0.280008940950908,0.3481624553440624,,,EXPLORE
1562,46,,,0,1,1,0,common,0.0,0.8357065202576213,0.6917839676241162,0.5185032066776004,0.0,0.3355557111956609,0.4215585147595717,,,EXPLORE
1563,46,,,0,0,0,1,common,1.0,0.16284261264272737,0.594409320814962,0.41180502846713846,0.0,0.23074964695422584,0.2655135483494696,,,EXPLORE
1564,46,,,0,1,0,1,rare,0.0,0.8941523017822272,0.5123844183549222,0.556509210461665,0.0,0.29426737951930876,0.35810226136180917,,,EXPLORE
1565,46,,,0,1,1,0,common,0.0,0.5432092381674538,0.36346345381384715,0.5525192187734016,0.0,0.17546008445972439,0.1612861363771867,,,EXPLORE
1566,46,,,0,0,0,0,common,0.0,0.3079067224272506,0.27759917413522683,0.4791354698695563,0.0,0.09090909090909093,0.09090909090909093,,,EXPLORE
1567,46,,,0,1,1,1,common,1.0,0.5817144670459601,0.5181540560279512,0.5099091690224774,0.0,0.17965545529122232,0.23017705927636645,,,EXPLORE
1568,46,,,0,1,0,0,rare,0.0,0.2001393695777129,0.688571594493385,0.41697822918904803,0.0,0.09090909090909093,0.09090909090909093,,,EXPLORE
1569,46,,,0,0,0,0,common,0.0,0.1300905902255134,0.6072161403847574,0.3309119374999876,0.0,0.17965545529122232,0.23017705927636645,,,EXPLORE
1570,46,,,0,0,0,1,common,1.0,0.4188010038415524,0.6912088698206774,0.357278657402457,0.0,0.25195053896963665,0.33155527035247095,,,EXPLORE
1571,46,,,0,0,0,1,common,1.0,0.272220652497009,0.5739152621056145,0.3317612559308226,0.0,0.31197800201026266,0.40865139461585376,,,EXPLORE
1572,46,,,0,0,0,1,common,0.0,0.8230565758769441,0.44422965577341056,0.47914985191465903,0.0,0.3626137856372424,0.46925370836719743,,,EXPLORE
1573,46,,,0,1,0,1,rare,1.0,0.46501322567998626,0.6465700379364899,0.4749088640442572,0.0,0.4059000327452924,0.5181414926281387,,,EXPLORE
1574,46,,,0,1,0,0,rare,0.0,0.0845588836465837,0.679277503473297,0.3578038699249551,0.0,0.4433268371345312,0.5584101936095955,,,EXPLORE
1575,46,,,0,1,1,1,common,0.0,0.621885596420126,0.6695081211035704,0.4370283878735064,0.0,0.4760069778008542,0.5921529537657815,,,EXPLOIT
1576,46,,,0,0,0,1,common,1.0,0.30225859669199107,0.5929972445374551,0.39659745051905176,0.0,0.5047882362938754,0.6208359130085537,,,EXPLORE
1577,46,,,0,0,0,1,common,1.0,0.1964680878497942,0.4334705442816339,0.33655864171827443,0.0,0.5303278475182935,0.6455166258956538,,,EXPLOIT
1578,46,,,0,0,0,1,common,1.0,0.12770425710236621,0.33083585865442233,0.273902326333502,0.0,0.5531431856165939,0.6669771225069359,,,EXPLOIT
1579,46,,,0,0,0,1,common,1.0,0.08300776711653801,0.27175448668203117,0.21663395856841278,0.0,0.5736470880232013,0.6858081495669813,,,EXPLOIT
1580,46,,,0,0,1,0,rare,1.0,0.646913995191155,0.23740056399458587,0.3457179695552354,0.0,0.5921729883276855,0.7024642847715783,,,EXPLOIT
1581,46,,,0,0,0,1,common,0.0,0.9460449513742503,0.21685098329756258,0.5258160641009398,0.0,0.6089931308257707,0.7173010333450142,,,EXPLOIT
1582,46,,,0,1,0,1,rare,0.0,0.6149292183932626,0.4741711189829285,0.5525500103886366,0.0,0.5730008119718308,0.68273692206406,,,EXPLORE
1583,46,,,0,0,1,1,rare,0.0,0.4042256376730819,0.4014018442486007,0.5080526985739702,0.0,0.53018680829172,0.6390463414297785,,,EXPLORE
1584,46,,,0,0,0,1,common,1.0,0.6002960080443793,0.5865884511784577,0.5357256914150929,0.0,0.47841159246053605,0.5820681063814086,,,EXPLORE
1585,46,,,0,1,1,0,common,1.0,0.42049409687425077,0.40340502025125635,0.5011562130528402,0.0,0.414536468884677,0.5046579518377023,,,EXPLORE
1586,46,,,0,1,1,1,common,1.0,0.7372533355124967,0.6451160512546817,0.5719853497907371,0.0,0.33376320510053054,0.3934316931577229,,,EXPLORE
1587,46,,,0,1,1,0,common,1.0,0.27332116296826303,0.6908355943000077,0.4823860937439949,0.0,0.22837014879444584,0.22004956324498925,,,EXPLORE
1588,46,,,0,1,1,0,common,1.0,0.17765875592937097,0.6447926242263423,0.39096789239960766,0.0,0.2922852030734708,0.3240098174284219,,,EXPLORE
1589,46,,,0,0,0,1,common,1.0,0.3901924052288466,0.5892800382107879,0.3907352462483793,0.0,0.34592154837109573,0.40281333813260833,,,EXPLORE
1590,46,,,0,1,1,0,common,1.0,0.1154781913540911,0.6721256982609165,0.3081581297800928,0.0,0.3915720205695551,0.4646030690736725,,,EXPLORE
1591,46,,,0,0,0,1,common,1.0,0.25362506339875024,0.6464097239758915,0.29179820986569005,0.0,0.4308947130751965,0.5143498441353314,,,EXPLORE
1592,46,,,0,0,0,1,common,1.0,0.16485629120918766,0.6841560844292538,0.25371563426873933,0.0,0.46511840950413097,0.5552599402029021,,,EXPLORE
1593,46,,,0,0,0,1,common,1.0,0.10715658928597194,0.6929724696000288,0.20974792077390908,0.0,0.4951730815765846,0.5894942376142481,,,EXPLOIT
1594,46,,,0,0,0,1,common,0.0,0.9303482169641182,0.6915416053893044,0.42592800963097177,0.0,0.52177551388845,0.6185621690965492,,,EXPLOIT
1595,46,,,0,0,0,1,common,1.0,0.3952736589733232,0.5434937031430074,0.4167317044336772,0.0,0.5454870815930877,0.6435500067375931,,,EXPLORE
1596,46,,,0,1,1,1,common,0.0,0.5207853319168771,0.6452002839188418,0.44794779267863716,0.0,0.5667537036406403,0.6652594380396295,,,EXPLOIT
1597,46,,,0,1,1,0,common,1.0,0.07506082438015926,0.6462562758907275,0.3360817021890938,0.0,0.5859340731743407,0.6842950325885618,,,EXPLOIT
1598,46,,,0,1,1,0,common,1.0,0.04878953584710355,0.6928601965902328,0.2498940522864967,0.0,0.6033199909135051,0.701121317551572,,,EXPLOIT
1599,46,,,0,1,0,1,rare,1.0,0.25692787833266006,0.6798165173481545,0.2520042001003457,0.0,0.6191512639624824,0.7161011072945935,,,EXPLOIT
1600,46,,,0,1,1,1,common,0.0,0.33851046574597016,0.653649579500599,0.27795607979403303,0.0,0.6336267923814372,0.7295218973740147,,,EXPLOIT
1601,46,,,0,1,0,1,rare,1.0,0.16700312091622904,0.6404479971348672,0.2446701921306918,0.0,0.6469129350056713,0.7416144450985009,,,EXPLOIT
1602,46,,,0,0,0,1,common,0.0,0.8914479714044511,0.6924671426456797,0.4387035259128196,0.0,0.6591499028856362,0.7525661082973691,,,EXPLOIT
1603,46,,,0,0,0,1,common,0.0,0.5794411814128932,0.588767647762309,0.48092482256284164,0.0,0.6704567023597621,0.7625305900532275,,,EXPLOIT
1604,46,,,0,1,1,0,common,1.0,0.03171319830061736,0.4432099694520598,0.3461613352841743,0.0,0.6809349976315492,0.7716351706290154,,,EXPLOIT
1605,46,,,0,1,0,1,rare,1.0,0.6233632320816194,0.3594563528475757,0.4293219043234078,0.0,0.6906721587123714,0.7799861513922174,,,EXPLOIT
1606,46,,,0,1,1,0,common,1.0,0.020613578895401274,0.30917780278385393,0.3067094066950058,0.0,0.6997436883683552,0.7876730060636963,,,EXPLOIT
1607,46,,,0,1,1,0,common,1.0,0.013398826282010834,0.27886730853558384,0.21871623257110728,0.0,0.7082151708341011,0.7947715837661002,,,EXPLOIT
1608,46,,,0,1,1,0,common,1.0,0.008709237083307064,0.2602587241525303,0.1557141339247672,0.0,0.7161438487399053,0.8013466072839278,,,EXPLOIT
1609,46,,,0,1,0,1,rare,1.0,0.4051861008530526,0.24863891386077058,0.2305557240032528,0.0,0.7235799084556386,0.8074536410607995,,,EXPLOIT
1610,46,,,0,1,0,1,rare,0.0,0.7366290344455158,0.2412891326419357,0.38237771713593166,0.0,0.7305675348721952,0.8131406557556398,,,EXPLOIT
1611,46,,,0,1,1,0,common,1.0,0.005661004104149603,0.5215118777475853,0.269362703226397,0.0,0.7371457824706638,0.8184492826599818,,,EXPLOIT
1612,46,,,0,1,1,0,common,1.0,0.0036796526676972086,0.4084512646263391,0.18965778805878705,0.0,0.7433492989563806,0.8234158274071303,,,EXPLOIT
1613,46,,,0,1,0,1,rare,0.0,0.47880887238958525,0.3384987055224826,0.2764031133580265,0.0,0.7492089297727182,0.828072095190482,,,EXPLOIT
1614,46,,,0,1,1,0,common,1.0,0.0023917742340031634,0.5928204910524011,0.19419971162081945,0.0,0.7547522257607279,0.832446067151614,,,EXPLOIT
1615,46,,,0,1,0,0,rare,0.0,0.05496327437027941,0.45828246202436085,0.1524287804456574,0.0,0.7600038715978729,0.8365624583398604,,,EXPLOIT
1616,46,,,0,0,0,1,common,1.0,0.6887742329467695,0.6522310228232323,0.31333241619599106,0.0,0.7649860490731849,0.8404431807489847,,,EXPLOIT
1617,46,,,0,0,0,0,common,1.0,0.9642738716593184,0.675755137338469,0.5086148528349892,0.0,0.7697187464759039,0.8441077297516959,,,EXPLOIT
1618,46,,,0,0,0,0,common,0.0,0.373221983421443,0.5820712967134688,0.4679969920109253,0.0,0.7566371569386319,0.8333483145417349,,,EXPLOIT
1619,46,,,0,0,0,1,common,1.0,0.44770325141540024,0.6931418844468139,0.46190886983226775,0.0,0.7617913185782647,0.8374124907635996,,,EXPLOIT
1620,46,,,0,0,1,0,rare,1.0,0.0015546532521020229,0.6257946330106869,0.323802604858218,0.0,0.7666832998316809,0.8412453637866153,,,EXPLOIT
1621,46,,,0,0,0,1,common,1.0,0.2910071134200102,0.530245595902231,0.31396395742675565,0.0,0.77133238031467,0.8448659555873476,,,EXPLOIT
1622,46,,,0,0,0,1,common,1.0,0.18915462372300662,0.4596631112445476,0.2765211573156309,0.0,0.7757559948386207,0.848291258213561,,,EXPLOIT
1623,46,,,0,0,0,1,common,0.0,0.8770494945800457,0.41363077290062333,0.4566796584949553,0.0,0.779969948916199,0.8515364975325999,,,EXPLOIT
1624,46,,,0,0,0,1,common,1.0,0.42991782852297034,0.6616240230103015,0.44865110950335974,0.0,0.7839886047468577,0.8546153568987422,,,EXPLOIT
1625,46,,,0,0,0,0,common,0.0,0.24259428922393797,0.5645615141937538,0.3868340634195332,0.0,0.7878250422945285,0.8575401676701472,,,EXPLOIT
1626,46,,,0,1,1,0,common,1.0,0.0010105246138663038,0.6926492500142696,0.27108700177783307,0.0,0.791491199264224,0.8603220721694159,,,EXPLOIT
1627,46,,,0,1,1,0,common,1.0,0.0006568409990130863,0.636545599488485,0.18995795354418707,0.0,0.7949979931335786,0.8629711636283592,,,EXPLOIT
1628,46,,,0,1,1,0,common,1.0,0.000426946649358495,0.5443770448998454,0.1330986514757385,0.0,0.798355427867174,0.8654966068221719,,,EXPLOIT
1629,46,,,0,1,1,0,common,1.0,0.00027751532208297736,0.47419427315731655,0.09325231062964183,0.0,0.801572687510709,0.8679067424318446,,,EXPLOIT
1630,46,,,0,0,0,1,common,1.0,0.27944658853993076,0.42783218794176336,0.14911059400272852,0.0,0.8046582185091535,0.8702091776391362,,,EXPLOIT
1631,46,,,0,0,0,1,common,1.0,0.181640282550955,0.5866015126662406,0.15886950056719645,0.0,0.8076198023026095,0.872410865027415,,,EXPLOIT
1632,46,,,0,0,0,1,common,1.0,0.11806618365812072,0.662799701266003,0.1466285054944737,0.0,0.8104646195136657,0.874518171512357,,,EXPLOIT
1633,46,,,0,1,0,1,rare,0.0,0.9232569806222215,0.6886408521571026,0.37961704803279805,0.0,0.8131993068409664,0.8765369387420172,,,EXPLOIT
1634,46,,,0,1,1,0,common,0.0,0.9998196150406461,0.5672287052359762,0.5656778181351525,0.0,0.8158300076079764,0.8784725361730563,,,EXPLOIT
1635,46,,,0,0,1,1,rare,0.0,0.2200318027348806,0.38723599752307025,0.4619840135150709,0.0,0.8071533956079506,0.8717341388828855,,,EXPLOIT
1636,46,,,0,1,1,1,common,0.0,0.14302067177767241,0.6356749988149739,0.3662950109938513,0.0,0.8100164587028188,0.8738702509755731,,,EXPLOIT
1637,46,,,0,1,1,1,common,0.0,0.09296343665548706,0.5339626926273358,0.28429553869234203,0.0,0.8127683631577174,0.8759160536838431,,,EXPLOIT
1638,46,,,0,1,1,1,common,0.0,0.06042623382606659,0.4570407695585874,0.21713474723245937,0.0,0.8154153281709581,0.8778770585368337,,,EXPLOIT
1639,46,,,0,0,0,1,common,0.0,0.600117037404444,0.40693330953304446,0.33202943428405474,0.0,0.8179631177112177,0.8797583376665219,,,EXPLOIT
1640,46,,,0,0,1,0,rare,1.0,0.3501172502235801,0.576796196646888,0.3374557790659123,0.0,0.8204170814247341,0.881564566742501,,,EXPLOIT
1641,46,,,0,1,1,0,common,1.0,0.22757621264532713,0.3820944261578483,0.3044919091397367,0.0,0.8227821912092271,0.8833000629689042,,,EXPLOIT
1642,46,,,0,1,0,1,rare,0.0,0.3900760743128886,0.6403709033588131,0.3301671586916822,0.0,0.8250630739807785,0.8849688187935547,,,EXPLOIT
1643,46,,,0,1,1,0,common,1.0,0.1479245382194626,0.5296213062297865,0.2754943725500163,0.0,0.8272640410881134,0.8865745318834212,,,EXPLOIT
1644,46,,,0,1,1,0,common,1.0,0.09615094984265071,0.686368275881957,0.2216913457378066,0.0,0.8293891147677723,0.888120631840108,,,EXPLOIT
1645,46,,,0,1,1,0,common,0.0,0.9375018826022771,0.6706611573124934,0.43643450679714774,0.0,0.8314420519817516,0.8896103040616431,,,EXPLOIT
1646,46,,,0,0,0,0,common,0.0,0.15768628799555967,0.6579498221098747,0.3528100411566713,0.0,0.8334263659348554,0.8910465110999732,,,EXPLOIT
1647,46,,,0,0,0,1,common,1.0,0.7464505516966224,0.6835213860030865,0.47090219431865665,0.0,0.8353453455310483,0.892432011815526,,,EXPLOIT
1648,46,,,0,0,0,0,common,1.0,0.8975039128028862,0.6516297715503627,0.5988827098639254,0.0,0.8372020729954976,0.8937693785894517,,,EXPLOIT
1649,46,,,0,0,0,0,common,0.0,0.4166224566781239,0.5510866167011919,0.544204633908185,0.0,0.8302541007031512,0.8885091608021219,,,EXPLOIT
1650,46,,,0,0,0,1,common,1.0,0.4851928586028045,0.6913743364824672,0.5265011013165708,0.0,0.8227656441728042,0.8827619408504463,,,EXPLOIT
1651,46,,,0,0,0,1,common,0.0,0.6846246419081771,0.6108364851680669,0.5739381634940527,0.0,0.8146715099162466,0.8764571383725263,,,EXPLOIT
1652,46,,,0,0,0,1,common,1.0,0.5549939827596849,0.6923641357241608,0.5682549092737423,0.0,0.8058955807243307,0.8695098421645474,,,EXPLOIT
1653,46,,,0,0,1,0,rare,1.0,0.39062377630851985,0.6325530604970755,0.5149655693841755,0.0,0.7963484276663375,0.8618169784465728,,,EXPLOIT
1654,46,,,0,0,0,1,common,1.0,0.3607460887937952,0.5331110227672482,0.4686997252070614,0.0,0.7859242670081894,0.8532521802502882,,,EXPLOIT
1655,46,,,0,0,0,0,common,0.0,0.27080459684078056,0.45848107539721844,0.4093311866971771,0.0,0.7896743409690054,0.8562447395656658,,,EXPLOIT
1656,46,,,0,0,1,0,rare,0.0,0.7460945453994621,0.6741983905249416,0.5103601943078626,0.0,0.7932597006378923,0.8590895254335389,,,EXPLOIT
1657,46,,,0,0,0,1,common,1.0,0.2344849577159669,0.6759174967484052,0.4275976233302939,0.0,0.782543291184776,0.8502038155875853,,,EXPLOIT
1658,46,,,0,0,0,1,common,0.0,0.8475847774846215,0.6596562504548602,0.5535937695765921,0.0,0.7864448104169736,0.8533505029881261,,,EXPLOIT
1659,46,,,0,0,1,0,rare,1.0,0.5150385454903497,0.6829018717614681,0.5420272023507193,0.0,0.7750688059570162,0.843769291730495,,,EXPLOIT
1660,46,,,0,0,0,0,common,0.0,0.1760229879465074,0.6524103546158666,0.4322259380294557,0.0,0.7625462235117874,0.8329653667260833,,,EXPLOIT
1661,46,,,0,0,1,0,rare,1.0,0.33477505456872736,0.6853260719114174,0.40299067299123714,0.0,0.7674003436339444,0.8370516665664582,,,EXPLOIT
1662,46,,,0,0,0,0,common,0.0,0.11441494216522981,0.6491637913450603,0.3164179537434349,0.0,0.7720143078862709,0.8409048166789365,,,EXPLOIT
1663,46,,,0,0,1,0,rare,1.0,0.21760378546967285,0.6862543568113189,0.28677370326130625,0.0,0.7764052920584483,0.844544038939225,,,EXPLOIT
1664,46,,,0,1,0,1,rare,1.0,0.449069894634996,0.6477599936869529,0.3354625606734132,0.0,0.7805888724900615,0.8479864989575419,,,EXPLOIT
1665,46,,,0,1,0,1,rare,1.0,0.29189543151274744,0.6902233108914666,0.32239242192521345,0.0,0.7845792080216941,0.8512475738837035,,,EXPLOIT
1666,46,,,0,1,1,1,common,0.0,0.039277051986943284,0.6424627590623333,0.23745781094373236,0.0,0.7883891976603501,0.8543410794204624,,,EXPLOIT
1667,46,,,0,0,0,1,common,1.0,0.1897320304832858,0.6714698435101157,0.22314007680559836,0.0,0.7920306176586499,0.8572794631145343,,,EXPLOIT
1668,46,,,0,0,1,0,rare,0.0,0.8585575394447127,0.5870600231736296,0.41376531559733265,0.0,0.7955142410769276,0.8600739696283847,,,EXPLOIT
1669,46,,,0,0,0,1,common,1.0,0.12332581981413582,0.6926239942414592,0.3266334668623736,0.0,0.7988499423853193,0.8627347826195699,,,EXPLOIT
1670,46,,,0,0,0,1,common,1.0,0.08016178287918829,0.6416149937100489,0.252691961667418,0.0,0.8020467892450577,0.8652711470013809,,,EXPLOIT
1671,46,,,0,0,1,0,rare,0.0,0.5580624006390633,0.5558167029838976,0.34430309335891157,0.0,0.805113123265579,0.8676914746784525,,,EXPLOIT
1672,46,,,0,0,0,1,common,1.0,0.05210515887147238,0.6929852676424824,0.2566437130126798,0.0,0.808056631251973,0.8700034363057536,,,EXPLOIT
1673,46,,,0,0,0,1,common,1.0,0.033868353266457096,0.6315460468626759,0.18981110508881296,0.0,0.8108844082240857,0.8722140411799,,,EXPLOIT
1674,46,,,0,1,1,1,common,1.0,0.9744699162084869,0.546875890115163,0.4252087484247151,0.0,0.8136030132950108,0.8743297070157386,,,EXPLOIT
1675,46,,,0,1,0,1,rare,1.0,0.022014429623197107,0.6661504790297798,0.30425045278425966,0.0,0.8162185193354129,0.8763563210713415,,,EXPLOIT
1676,46,,,0,1,1,0,common,0.0,0.36274056041539116,0.69311827408301,0.32179748507359907,0.0,0.8187365572152597,0.8782992938475667,,,EXPLOIT
1677,46,,,0,1,1,1,common,0.0,0.3665945544644835,0.5581509223234549,0.3352366058908644,0.0,0.82116235530136,0.8801636063936801,,,EXPLOIT
1678,46,,,0,1,0,1,rare,0.0,0.9856906207449219,0.4004004139917303,0.5303728103470816,0.0,0.8235007747938095,0.8819538520899577,,,EXPLOIT
1679,46,,,0,0,1,0,rare,0.0,0.23578136427000426,0.30465390899585143,0.44199537652395837,0.0,0.8154671649867375,0.8755685066947211,,,EXPLOIT
1680,46,,,0,0,1,1,rare,0.0,0.23828646040191429,0.5424317992198047,0.3808827016873451,0.0,0.8180130295887355,0.8775438003337406,,,EXPLOIT
1681,46,,,0,0,0,1,common,0.0,0.6406989034841992,0.6659764955313925,0.4588275622264013,0.0,0.8204651712450799,0.8794385206633724,,,EXPLOIT
1682,46,,,0,0,0,1,common,1.0,0.5835457127352704,0.6931450002223397,0.496243007379062,0.0,0.8228285546546702,0.881257409062965,,,EXPLOIT
1683,46,,,0,1,1,0,common,1.0,0.8467421132244972,0.5621257309819094,0.6013927391326925,0.0,0.8251078001536392,0.8830048421994675,,,EXPLOIT
1684,46,,,0,1,1,0,common,1.0,0.5503823735959232,0.6931462592506472,0.5860896294716617,0.0,0.8172056902555812,0.8767241463818164,,,EXPLOIT
1685,46,,,0,1,1,0,common,1.0,0.35774854283735014,0.6338503023616913,0.5175873034813682,0.0,0.8086462617165027,0.8698047163924152,,,EXPLOIT
1686,46,,,0,1,0,1,rare,1.0,0.3793047132779258,0.5466391061755572,0.4761025264203354,0.0,0.7993444292296806,0.8621443028662398,,,EXPLOIT
1687,46,,,0,1,0,1,rare,1.0,0.24654806363065185,0.48064954325812526,0.40723618758343033,0.0,0.8025209244349806,0.8647080443508942,,,EXPLOIT
1688,46,,,0,0,0,1,common,1.0,0.16025624135992367,0.4368756829912121,0.3331422037163783,0.0,0.8055681153380047,0.8671539148971824,,,EXPLOIT
1689,46,,,0,0,0,1,common,1.0,0.10416655688395038,0.5902250964537966,0.26444950966664993,0.0,0.8084935949511204,0.8694897453930766,,,EXPLOIT
1690,46,,,0,0,0,1,common,0.0,0.9322917380254323,0.6633274381631675,0.46480217817428465,0.0,0.8113043734275298,0.8717226882451851,,,EXPLOIT
1691,46,,,0,1,1,0,common,1.0,0.23253655284427754,0.45377600034444127,0.3951224905752825,0.0,0.8140069329394508,0.8738592893051005,,,EXPLOIT
1692,46,,,0,1,1,0,common,1.0,0.15114875934878036,0.425424004267679,0.3219303712073318,0.0,0.8166072764705146,0.875905550835741,,,EXPLOIT
1693,46,,,0,1,1,0,common,1.0,0.09824669357670723,0.40720072144282604,0.2548252679181444,0.0,0.819110971295464,0.8778669867933905,,,EXPLOIT
1694,46,,,0,1,1,0,common,0.0,0.9361396491751403,0.3954826537621846,0.4592195822952432,0.0,0.821523187809997,0.879748671497705,,,EXPLOIT
1695,46,,,0,1,0,1,rare,0.0,0.605989629716531,0.6635732155420457,0.5032505965216295,0.0,0.8238487342807492,0.8815552825942921,,,EXPLOIT
1696,46,,,0,1,1,0,common,1.0,0.39150922803615884,0.6741608972842515,0.4697281859759883,0.0,0.815843691497472,0.8751300162801396,,,EXPLOIT
1697,46,,,0,0,0,1,common,1.0,0.6061067406842549,0.6705812027226008,0.5106417523884683,0.0,0.8183755938580313,0.8771234059818241,,,EXPLOIT
1698,46,,,0,0,1,0,rare,1.0,0.25448099822350323,0.6850362721982337,0.43379352613897876,0.0,0.8099151774606801,0.8702455360354631,,,EXPLOIT
1699,46,,,0,0,1,0,rare,1.0,0.16541264884527707,0.6352411381642644,0.35327926295086826,0.0,0.8126709797227697,0.8724456492732237,,,EXPLOIT
1700,46,,,0,0,0,0,common,1.0,0.9256302875926006,0.5839649343265584,0.524984570343388,0.0,0.815321626429422,0.8745514800216889,,,EXPLOIT
1701,46,,,0,0,0,1,common,1.0,0.3939693814447657,0.5454609384702489,0.48568001367380126,0.0,0.8066015026678232,0.867403608746107,,,EXPLOIT
1702,46,,,0,0,0,1,common,1.0,0.2560800979390977,0.5190599149636383,0.41680003895339013,0.0,0.8094862250321271,0.869728338099735,,,EXPLOIT
1703,46,,,0,0,0,1,common,1.0,0.16645206366041354,0.5015315248465633,0.3416956463654971,0.0,0.812258563538672,0.8719508927289245,,,EXPLOIT
1704,46,,,0,0,1,0,rare,1.0,0.10751822174943015,0.4900375982617483,0.271442418980677,0.0,0.8149248280418677,0.8740777587379316,,,EXPLOIT
1705,46,,,0,0,1,0,rare,0.0,0.9301131558628704,0.48253841175781814,0.469043640045335,0.0,0.8174908649335294,0.8761148847730239,,,EXPLOIT
1706,46,,,0,1,0,1,rare,0.0,0.8918061586207312,0.6921722646211964,0.5958723956179539,0.0,0.8199620989312629,0.8780677365648379,,,EXPLOIT
1707,46,,,0,0,0,0,common,0.0,0.39834031306480955,0.5912787021581891,0.5366127708520105,0.0,0.8116350099149612,0.8712876470508418,,,EXPLOIT
1708,46,,,0,0,0,1,common,1.0,0.4203259968965247,0.692735046387412,0.5017267386653648,0.0,0.8025960098924061,0.8637893424974493,,,EXPLOIT
1709,46,,,0,0,1,1,rare,0.0,0.1548861992612443,0.605853374278996,0.3976745768441286,0.0,0.7927502459565423,0.8554527642312805,,,EXPLOIT
1710,46,,,0,0,1,0,rare,1.0,0.39542644868913424,0.6931415936615477,0.39700013839763026,0.0,0.7962030689446727,0.8583363170945144,,,EXPLOIT
1711,46,,,0,0,0,1,common,1.0,0.27321189798274115,0.6117738250263312,0.3598636662731635,0.0,0.7995098731095007,0.8610799019843994,,,EXPLOIT
1712,46,,,0,0,1,0,rare,0.0,0.7429728083520627,0.5006351873771834,0.4747964088968333,0.0,0.8026795725154358,0.8636933396502549,,,EXPLOIT
1713,46,,,0,0,0,0,common,0.0,0.2589212034921262,0.6790483626848991,0.41003384727542114,0.0,0.8057203703633573,0.8661855532547059,,,EXPLOIT
1714,46,,,0,0,0,1,common,1.0,0.17758773368878178,0.6787116325950573,0.3403000131994293,0.0,0.8086398284708118,0.8685646686324738,,,EXPLOIT
1715,46,,,0,0,1,0,rare,1.0,0.5170676745711592,0.6479682115712864,0.3933303116109482,0.0,0.8114449287591977,0.870838101404333,,,EXPLOIT
1716,46,,,0,0,0,1,common,1.0,0.11543202689770815,0.5329416430692863,0.3099608261969762,0.0,0.8141421278005236,0.8730126329138788,,,EXPLOIT
1717,46,,,0,0,0,1,common,1.0,0.07503081748351026,0.44320040313120457,0.23948182358293638,0.0,0.8167374053208393,0.8750944766251856,,,EXPLOIT
1718,46,,,0,0,0,1,common,1.0,0.04877003136428171,0.38543492310592953,0.18226828591733998,0.0,0.8192363074273176,0.8770893363506995,,,EXPLOIT
1719,46,,,0,0,0,1,common,0.0,0.9682994796132169,0.3494709000430205,0.41807764402610303,0.0,0.8216439852167057,0.8790024574585626,,,EXPLOIT
1720,46,,,0,0,1,0,rare,0.0,0.6639060115287465,0.621257501165231,0.4918261542768961,0.0,0.8239652293307941,0.880838672027474,,,EXPLOIT
1721,46,,,0,0,0,1,common,0.0,0.629394661748591,0.6928306526712904,0.5330967065184046,0.0,0.8262045009467548,0.8826024387675602,,,EXPLOIT
1722,46,,,0,0,0,0,common,0.0,0.16829878226988204,0.6507940441838794,0.4236573292438478,0.0,0.8183914951594444,0.8762817805371987,,,EXPLOIT
1723,46,,,0,0,1,1,rare,1.0,0.8993239704801912,0.5921178183043561,0.5663573216147508,0.0,0.8208298407818577,0.8782278008736908,,,EXPLOIT
1724,46,,,0,0,0,1,common,1.0,0.5908934698634158,0.687074645656484,0.5737181660893503,0.0,0.8125752165728534,0.8714642131017474,,,EXPLOIT
1725,46,,,0,0,0,1,common,1.0,0.38408075541122033,0.585815512894849,0.5168269428859114,0.0,0.8036180988561441,0.8639850897686662,,,EXPLOIT
1726,46,,,0,0,0,1,common,1.0,0.24965249101729325,0.480456970493376,0.4366746073253259,0.0,0.793865340142628,0.855670985331088,,,EXPLOIT
1727,46,,,0,0,0,1,common,1.0,0.16227411916124068,0.4089410696797599,0.35435446087610034,0.0,0.7972706869506456,0.8585438318175128,,,EXPLOIT
1728,46,,,0,0,0,1,common,1.0,0.10547817745480648,0.3640838416239029,0.27969157584971216,0.0,0.8005329330704479,0.861277469607468,,,EXPLOIT
1729,46,,,0,0,0,1,common,1.0,0.0685608153456242,0.3361659562090904,0.21635234769848574,0.0,0.8036607582999086,0.8638816493287302,,,EXPLOIT
1730,46,,,0,0,1,1,rare,0.0,0.4154394191878757,0.3186508066823033,0.2760784691453027,0.0,0.806662154620106,0.8663652319345709,,,EXPLOIT
1731,46,,,0,0,0,0,common,1.0,0.8906057915245766,0.6036397076503986,0.4604366658590849,0.0,0.8095444930073301,0.8687362879148988,,,EXPLOIT
1732,46,,,0,0,0,1,common,1.0,0.044564529974655764,0.49412086283186885,0.33567502509375613,0.0,0.8123145826056332,0.8710021835209106,,,EXPLOIT
1733,46,,,0,0,0,1,common,0.0,0.9710330555164738,0.41769617224684324,0.5262824342205714,0.0,0.8149787232599658,0.873169655944117,,,EXPLOIT
1734,46,,,0,0,0,1,common,1.0,0.36882851391429194,0.6527914720628081,0.47904625812868756,0.0,0.8062291877528805,0.86587448602492,,,EXPLOIT
1735,46,,,0,0,0,1,common,1.0,0.2397385340442898,0.537869417816838,0.4072539409033682,0.0,0.8091285641057782,0.8682675842412059,,,EXPLOIT
1736,46,,,0,0,1,0,rare,1.0,0.5684610925063147,0.4465250156899926,0.4556160863842521,0.0,0.811914725199104,0.870554091820276,,,EXPLOIT
1737,46,,,0,0,1,0,rare,1.0,0.36949971012910454,0.38751645585079986,0.42978117350770784,0.0,0.8145940425834919,0.8727408670391269,,,EXPLOIT
1738,46,,,0,0,0,1,common,1.0,0.15583004712878834,0.3507656269323065,0.347595835594032,0.0,0.8171724187279963,0.874834192316346,,,EXPLOIT
1739,46,,,0,0,1,0,rare,1.0,0.24017481158391796,0.3278319129355764,0.31536952839099774,0.0,0.8196553294115789,0.8768398334127954,,,EXPLOIT
1740,46,,,0,0,0,1,common,1.0,0.10128953063371238,0.31338365530292833,0.2511455290638121,0.0,0.8220478615990251,0.8787630914761235,,,EXPLOIT
1741,46,,,0,0,0,1,common,1.0,0.065838194911913,0.30419796506173435,0.19555332881824236,0.0,0.8243547473526661,0.8806088489183783,,,EXPLOIT
1742,46,,,0,0,0,1,common,1.0,0.04279482669274348,0.2983168795717985,0.14972577818059268,0.0,0.8265803942556681,0.8823816099627381,,,EXPLOIT
1743,46,,,0,0,0,1,common,1.0,0.02781663735028328,0.2945326877988894,0.11315303593149986,0.0,0.8287289127584806,0.8840855365683036,,,EXPLOIT
1744,46,,,0,0,0,0,common,1.0,0.5788937644909748,0.2920893983280926,0.25287525449934234,0.0,0.8308041408054666,0.8857244803361598,,,EXPLOIT
1745,46,,,0,0,0,1,common,1.0,0.018080814277684154,0.29050824604306097,0.18243692243284487,0.0,0.8328096660521606,0.8873020109115868,,,EXPLOIT
1746,46,,,0,0,0,0,common,0.0,0.6237190530808663,0.2894834596357547,0.3148215616272513,0.0,0.8347488459437491,0.8888214413232688,,,EXPLOIT
1747,46,,,0,0,0,1,common,1.0,0.01175252928049475,0.5847313588301554,0.22390085192322431,0.0,0.8366248258911918,0.890285850638075,,,EXPLOIT
1748,46,,,0,0,0,1,common,0.0,0.9923608559676784,0.47964889715292564,0.4544388531365605,0.0,0.8384405557519939,0.8916981042574419,,,EXPLOIT
1749,46,,,0,1,0,1,rare,1.0,0.354965443621009,0.6735912570294337,0.42459683028189504,0.0,0.840198804797292,0.8930608721369032,,,EXPLOIT
1750,46,,,0,0,0,1,common,1.0,0.2307275383536559,0.6696918971210525,0.3664360427034233,0.0,0.8419021753250038,0.8943766451725452,,,EXPLOIT
1751,46,,,0,0,0,1,common,1.0,0.1499728999298764,0.6847901257490934,0.3014970998713592,0.0,0.8435531150598109,0.8956477499660058,,,EXPLOIT
1752,46,,,0,1,1,0,common,1.0,0.15611362752954672,0.6333652859480858,0.25788205816881543,0.0,0.8451539284642624,0.8968763621521612,,,EXPLOIT
1753,46,,,0,1,0,1,rare,1.0,0.09748238495441963,0.6895991786589728,0.20976215620449667,0.0,0.846706787070942,0.8980645184501332,,,EXPLOIT
1754,46,,,0,1,1,0,common,0.0,0.8985261421057946,0.6888777431358386,0.416391351974886,0.0,0.8482137389331391,0.8992141275780521,,,EXPLOIT
1755,46,,,0,1,1,1,common,0.0,0.2700356224721192,0.5851982260295334,0.37248463312405594,0.0,0.8496767172805314,0.9003269801546282,,,EXPLOIT
1756,46,,,0,1,1,0,common,0.0,0.5840419923687665,0.4203787640497231,0.4359518408974691,0.0,0.8510975484568227,0.901404757695586,,,EXPLOIT
1757,46,,,0,0,0,1,common,1.0,0.06336355022037277,0.3167978242407614,0.32417535369434014,0.0,0.8524779592078794,0.9024490408000494,,,EXPLOIT
1758,46,,,0,0,0,0,common,0.0,0.4054173845025631,0.26256250750161214,0.348547962936807,0.0,0.8538195833815366,0.9034613166107068,,,EXPLOIT
1759,46,,,0,0,0,0,common,0.0,0.263521299926666,0.5137123332604764,0.32303996403376467,0.0,0.8551239680937452,0.9044429856218281,,,EXPLOIT
1760,46,,,0,0,0,1,common,0.0,0.9588136923567577,0.6579039410517891,0.5137720825306625,0.0,0.8563925794100035,0.9053953679006838,,,EXPLOIT
1761,46,,,0,0,0,1,common,0.0,0.6232289000318925,0.6930337352894209,0.5466091277810314,0.0,0.8508307424977487,0.9011330535528154,,,EXPLOIT
1762,46,,,0,0,0,1,common,1.0,0.5949012149792698,0.6818971900316173,0.561096753940503,0.0,0.844883230676342,0.8965173733277982,,,EXPLOIT
1763,46,,,0,0,0,1,common,0.0,0.6133142102634745,0.6044969277817274,0.5767619908373944,0.0,0.8385088207853262,0.89150274756962,,,EXPLOIT
1764,46,,,0,0,0,1,common,1.0,0.6013457633287416,0.6852464952800345,0.5841371225847986,0.0,0.8316601980728796,0.8860354057546806,,,EXPLOIT
1765,46,,,0,0,0,1,common,1.0,0.390874746163682,0.5318656104950753,0.5261584096584636,0.0,0.8242827878192713,0.8800514600133503,,,EXPLOIT
1766,46,,,0,0,0,0,common,0.0,0.17128884495233293,0.3894960216803758,0.41969754024662437,0.0,0.816313307317397,0.8734744080868959,,,EXPLOIT
1767,46,,,0,0,1,1,rare,1.0,0.8244768453931225,0.6003821745373719,0.5411313317905737,0.0,0.8188278445876767,0.8755368097363547,,,EXPLOIT
1768,46,,,0,0,0,0,common,0.0,0.1113377492190164,0.4377309482828934,0.4121932570191065,0.0,0.8104055451936291,0.8684930174017277,,,EXPLOIT
1769,46,,,0,1,0,0,rare,0.0,0.07236953699236066,0.6254783999939797,0.3102461410110827,0.0,0.8131424991649282,0.8707696003873373,,,EXPLOIT
1770,46,,,0,1,0,1,rare,1.0,0.2540685850063933,0.5654372884830264,0.29339287420967586,0.0,0.8157753412892752,0.8729470820727604,,,EXPLOIT
1771,46,,,0,1,0,1,rare,0.0,0.8348554197458443,0.691700484515428,0.4558316378705264,0.0,0.8183097755909529,0.8750316925021482,,,EXPLOIT
1772,46,,,0,1,1,0,common,1.0,0.6203727049603017,0.6606887073151628,0.5051939579974589,0.0,0.8207510971029991,0.8770291503850686,,,EXPLOIT
1773,46,,,0,0,0,1,common,1.0,0.45734397716520125,0.6656996240210975,0.4908389637477816,0.0,0.8124899104176209,0.8701414808428236,,,EXPLOIT
1774,46,,,0,0,0,1,common,1.0,0.2972735851573809,0.6791700993988194,0.4327693501706613,0.0,0.8151474088761343,0.8723461005807086,,,EXPLOIT
1775,46,,,0,0,1,0,rare,1.0,0.4032422582241961,0.6077805421648057,0.4239112225867217,0.0,0.817705158061263,0.874456155999993,,,EXPLOIT
1776,46,,,0,0,1,0,rare,1.0,0.26210746784572747,0.5394375870712781,0.3753700961644234,0.0,0.8201685485293457,0.8764775037277936,,,EXPLOIT
1777,46,,,0,0,0,1,common,1.0,0.19322783035229762,0.4905656474395068,0.3207274164207856,0.0,0.8225425895058445,0.8784155267012647,,,EXPLOIT
1778,46,,,0,0,0,0,common,0.0,0.04704019904503443,0.4581586836890109,0.23862125120806024,0.0,0.8248319420221708,0.880275181111896,,,EXPLOIT
1779,46,,,0,0,0,0,common,0.0,0.03057612937927238,0.6841382619992253,0.1762077146594239,0.0,0.8270409486560997,0.8820610378754945,,,EXPLOIT
1780,46,,,0,0,0,1,common,0.0,0.8744019102710066,0.6529236316722211,0.38566597334289865,0.0,0.8291736602750889,0.8837773193584197,,,EXPLOIT
1781,46,,,0,0,0,1,common,1.0,0.4316387583238457,0.5556660024635856,0.39945780883718274,0.0,0.8312338601290548,0.8854279319813071,,,EXPLOIT
1782,46,,,0,0,1,0,rare,0.0,0.8296301459002772,0.692149469823427,0.528509509956111,0.0,0.8332250855941026,0.8870164952302385,,,EXPLOIT
1783,46,,,0,0,0,0,common,0.0,0.019874484096527048,0.616974422398441,0.3759190021982358,0.0,0.8259702674563467,0.8811270256438706,,,EXPLOIT
1784,46,,,0,0,0,1,common,0.0,0.7194348070895003,0.523247879651704,0.47897374366561507,0.0,0.8281398073666677,0.882879537148551,,,EXPLOIT
1785,46,,,0,1,1,1,common,1.0,0.5359099495055296,0.45535693627958607,0.4960546054175894,0.0,0.8302350170841301,0.884564354699054,,,EXPLOIT
1786,46,,,0,1,1,1,common,0.0,0.6516585328214057,0.31793207402604345,0.5427357836387343,0.0,0.8322595516657372,0.8861852458711681,,,EXPLOIT
1787,46,,,0,1,1,1,common,1.0,0.5764219536660863,0.5295960866566499,0.5528416346469399,0.0,0.8249292180707464,0.8802157796099974,,,EXPLOIT
1788,46,,,0,1,1,0,common,0.0,0.5392595948351802,0.36197125214335935,0.5487670227034119,0.0,0.817012549936603,0.873655402442819,,,EXPLOIT
1789,46,,,0,1,1,1,common,1.0,0.37467426988295616,0.5596006529301997,0.4965391968572752,0.0,0.8084367186090679,0.8664121900108596,,,EXPLOIT
1790,46,,,0,1,1,1,common,0.0,0.7564617245760785,0.38141867029752147,0.5745159551729162,0.0,0.8112497069929484,0.8687811418069391,,,EXPLOIT
1791,46,,,0,1,1,1,common,0.0,0.49170012097445104,0.5718208555337492,0.5496712049133766,0.0,0.8021770404998013,0.8610077794330925,,,EXPLOIT
1792,46,,,0,1,1,1,common,1.0,0.6803949213666068,0.6645537169261,0.5888883198493456,0.0,0.7922930209410156,0.8523484160610387,,,EXPLOIT
1793,46,,,0,1,1,1,common,0.0,0.5577433011117056,0.4712793597416113,0.5795448142280536,0.0,0.7814842885490499,0.8426429386758237,,,EXPLOIT
1794,46,,,0,1,1,0,common,0.0,0.35051873664286715,0.6212690943661574,0.5108369909524977,0.0,0.7696153347816255,0.8316901820774962,,,EXPLOIT
1795,46,,,0,1,0,1,rare,1.0,0.5323673753918248,0.6810328552677092,0.5172961062842958,0.0,0.756522815082711,0.8192338707819821,,,EXPLOIT
1796,46,,,0,1,1,0,common,1.0,0.7721628211821363,0.49624626821502793,0.5937561207536479,0.0,0.7420080143719627,0.804942359230588,,,EXPLOIT
1797,46,,,0,1,0,1,rare,0.0,0.6539612059953138,0.34163359606380544,0.6118176463261477,0.0,0.7258267251844014,0.7883787251706007,,,EXPLOIT
1798,46,,,0,1,0,1,rare,1.0,0.574925216103046,0.5461654761109096,0.6007499172592172,0.0,0.7076754389538387,0.7689553952971905,,,EXPLOIT
1799,46,,,0,1,1,0,common,1.0,0.5019058337683886,0.37254781446811036,0.5710966922119686,0.0,0.6871721824319739,0.7458630894810672,,,EXPLOIT
1800,46,,,0,1,0,1,rare,1.0,0.3737013904669799,0.27219961293901923,0.5118781016884719,0.0,0.6638294091961051,0.7179553593094279,,,EXPLOIT
1801,46,,,0,1,1,1,common,0.0,0.36253314572260864,0.2175963210267959,0.46707461489871294,0.0,0.6370148182049019,0.6835525805659837,,,EXPLOIT
1802,46,,,0,1,1,0,common,1.0,0.3262387919494527,0.44601158471302516,0.42482386801393485,0.0,0.6500295452458025,0.7004626495897791,,,EXPLOIT
1803,46,,,0,1,1,0,common,1.0,0.21205521476714428,0.3126525053112878,0.3609932720398977,0.0,0.662026313016675,0.7155128298542645,,,EXPLOIT
1804,46,,,0,1,0,1,rare,1.0,0.24290590380353694,0.23973608545344077,0.32556706156898946,0.0,0.6731195184045224,0.7289933266548337,,,EXPLOIT
1805,46,,,0,1,1,0,common,0.0,0.8621641104013562,0.199483554426873,0.48654617621869944,0.0,0.6834070366150059,0.7411369548730535,,,EXPLOIT
1806,46,,,0,1,0,1,rare,0.0,0.842111162527701,0.42797715844795114,0.5932156721113999,0.0,0.6929730999120347,0.7521326574158711,,,EXPLOIT
1807,46,,,0,1,1,0,common,1.0,0.43959332823911845,0.5988002213854025,0.5471289689497154,0.0,0.6704535034876976,0.7255817080196965,,,EXPLOIT
1808,46,,,0,1,1,0,common,1.0,0.285735663355427,0.40936964673651144,0.46871097727142885,0.0,0.6446501913506275,0.6930284830739261,,,EXPLOIT
1809,46,,,0,1,0,1,rare,0.0,0.5473722556430056,0.2922945175608038,0.4923093607829019,0.0,0.6570629604354287,0.7088838390646184,,,EXPLOIT
1810,46,,,0,1,1,1,common,0.0,0.23564654471969562,0.5104624088407285,0.41531051596394,0.0,0.6685259352668597,0.7230457278788642,,,EXPLOIT
1811,46,,,0,1,1,0,common,1.0,0.18572818118102752,0.6395913404452391,0.3464358155290662,0.0,0.6791435961574881,0.7357710967945427,,,EXPLOIT
1812,46,,,0,1,0,1,rare,0.0,0.35579196616795367,0.4439954626084702,0.34924266072073246,0.0,0.689005641660276,0.747267414263212,,,EXPLOIT
1813,46,,,0,0,0,0,common,0.0,0.012918414662742583,0.6073929811299705,0.24834538690333546,0.0,0.6981895134144831,0.7577040327185706,,,EXPLOIT
1814,46,,,0,0,0,0,common,0.0,0.008396969530782679,0.5691608371212076,0.17636086169156961,0.0,0.7067624205694789,0.7672205575308988,,,EXPLOIT
1815,46,,,0,0,0,1,common,1.0,0.7687352219908301,0.542264696493121,0.35407316978134773,0.0,0.7147829758000203,0.7759331036799428,,,EXPLOIT
1816,46,,,0,1,0,1,rare,1.0,0.49967789429403964,0.691296739112262,0.39775458713515527,0.0,0.7223025271596949,0.7839390370221423,,,EXPLOIT
1817,46,,,0,1,1,0,common,1.0,0.12072331776766787,0.6231334251548661,0.31464520632490905,0.0,0.7293662497631161,0.791320611751175,,,EXPLOIT
1818,46,,,0,1,0,0,rare,0.0,0.005458030195008741,0.5062105850065479,0.22188905348593896,0.0,0.7360140463506016,0.7981477926581584,,,EXPLOIT
1819,46,,,0,0,1,0,rare,0.0,0.9215298434510159,0.6789440130394788,0.431781290475462,0.0,0.742281294663439,0.8044804676627373,,,EXPLOIT
1820,46,,,0,0,0,1,common,0.0,0.6752093687088743,0.6042343979087281,0.5048097139454857,0.0,0.7481994711927119,0.8103701989559386,,,EXPLOIT
1821,46,,,0,0,0,0,common,0.0,0.0035477196267556816,0.5328992047247215,0.3544311156498666,0.0,0.7327406277293809,0.794690634342634,,,EXPLOIT
1822,46,,,0,1,1,0,common,0.0,0.5989943982431603,0.48219367545269026,0.42780010042785466,0.0,0.7391939394474497,0.8012715213141548,,,EXPLOIT
1823,46,,,0,1,1,0,common,1.0,0.6106536411419459,0.6183163091924562,0.482656162642082,0.0,0.7452828977442022,0.807383807208616,,,EXPLOIT
1824,46,,,0,1,1,0,common,1.0,0.3969248667422648,0.4141263267739632,0.4569367738721368,0.0,0.7510372298425582,0.8130755448054965,,,EXPLOIT
1825,46,,,0,0,0,1,common,1.0,0.5611139103392317,0.285858587819394,0.48818991481226526,0.0,0.756483515021085,0.8183884341769498,,,EXPLOIT
1826,46,,,0,1,1,0,common,1.0,0.25800116338247214,0.5510587975802084,0.4191332893833273,0.0,0.7616455905622239,0.8233588389153151,,,EXPLOIT
1827,46,,,0,1,1,0,common,0.0,0.8322992438013931,0.4611505721589967,0.543083075708747,0.0,0.7665448964603039,0.8280186133320906,,,EXPLOIT
1828,46,,,0,1,1,0,common,1.0,0.4590054915290944,0.6707461748304095,0.5178598004548511,0.0,0.7531256799707019,0.8150352961017434,,,EXPLOIT
1829,46,,,0,1,1,0,common,0.0,0.7016464305060885,0.563879322083053,0.5729957894702223,0.0,0.7382293263951921,0.8000948561546037,,,EXPLOIT
1830,46,,,0,1,1,0,common,1.0,0.5439298201710424,0.6912896828983641,0.5642759986804684,0.0,0.7215986225609007,0.7827196410732232,,,EXPLOIT
1831,46,,,0,1,1,1,common,0.0,0.15317025406780216,0.6027551776584474,0.4409442752966685,0.0,0.7029129582300708,0.7622628006806013,,,EXPLOIT
1832,46,,,0,1,1,0,common,1.0,0.3535543831111776,0.6931404580146778,0.4147273076410212,0.0,0.711179384178219,0.7713900114616429,,,EXPLOIT
1833,46,,,0,1,1,0,common,1.0,0.2298103490222655,0.6177420723650549,0.3592522200553945,0.0,0.7189221458962751,0.7797608813761082,,,EXPLOIT
1834,46,,,0,1,1,0,common,1.0,0.14937672686447256,0.511075874139391,0.2962895720981179,0.0,0.7261891197971438,0.7874653095798839,,,EXPLOIT
1835,46,,,0,1,1,0,common,0.0,0.9029051275380928,0.43426407161962555,0.4782742387301104,0.0,0.7330225190642042,0.7945794911836382,,,EXPLOIT
1836,46,,,0,1,1,0,common,1.0,0.4131116671002397,0.6620878326900413,0.45872546724114915,0.0,0.7394597069786945,0.801168432673457,,,EXPLOIT
1837,46,,,0,1,1,0,common,1.0,0.2685225836151558,0.5533263176586314,0.4016646021533511,0.0,0.7455338739930257,0.8072879328949074,,,EXPLOIT
1838,46,,,0,1,1,0,common,1.0,0.17453967934985126,0.4627227559719497,0.3335271253123011,0.0,0.7512746044572297,0.8129861575433298,,,EXPLOIT
1839,46,,,0,1,1,0,common,1.0,0.11345079157740334,0.40314859055009233,0.26750422519183176,0.0,0.7567083534249416,0.81830490125594,,,EXPLOIT
1840,46,,,0,1,0,1,rare,0.0,0.6352759582794993,0.3657251697107381,0.377835745118132,0.0,0.7618588497553342,0.8232806073051836,,,EXPLOIT
1841,46,,,0,1,1,0,common,1.0,0.07374301452531218,0.6336451248806445,0.28660792594028606,0.0,0.7667474384690883,0.8279451975232391,,,EXPLOIT
1842,46,,,0,1,0,1,rare,1.0,0.5870706271183255,0.5248072376743526,0.3767467362936978,0.0,0.771393372776618,0.8323267524209474,,,EXPLOIT
1843,46,,,0,0,0,1,common,1.0,0.38159590762691153,0.4433421783942411,0.3782014876936619,0.0,0.7758140642035876,0.8364500721272462,,,EXPLOIT
1844,46,,,0,0,0,1,common,1.0,0.24803733995749244,0.6141030661627209,0.339152243372811,0.0,0.7800252976645327,0.8403371418226343,,,EXPLOIT
1845,46,,,0,0,0,1,common,1.0,0.16122427097237013,0.6819751272512404,0.28577385165267877,0.0,0.7840414170845481,0.844007520114251,,,EXPLOIT
1846,46,,,0,1,1,0,common,1.0,0.04793295944145293,0.6929186628187395,0.214421583989311,0.0,0.7878754861693462,0.8474786648372044,,,EXPLOIT
1847,46,,,0,1,0,1,rare,0.0,0.8952042238679594,0.6883962811828266,0.4186563759529055,0.0,0.7915394281207113,0.8507662077365302,,,EXPLOIT
1848,46,,,0,1,1,0,common,1.0,0.031156423636944375,0.5722926161192237,0.30240639025811716,0.0,0.7950441474455234,0.853884187148919,,,EXPLOIT
1849,46,,,0,1,0,1,rare,0.0,0.5818827455141736,0.6674753860689306,0.3862492968349341,0.0,0.7983996364797963,0.8568452459904009,,,EXPLOIT
1850,46,,,0,1,1,0,common,1.0,0.020251675364013844,0.48059250515715146,0.27645001039365796,0.0,0.8016150688195697,0.8596608009388843,,,EXPLOIT
1851,46,,,0,1,1,0,common,0.0,0.986836411013391,0.6298108499588491,0.48956593057957787,0.0,0.8046988814984942,0.8623411875851174,,,EXPLOIT
1852,46,,,0,0,1,0,rare,1.0,0.35855633284129573,0.44039449429286115,0.4502630512580932,0.0,0.8076588474622999,0.8648957854424715,,,EXPLOIT
1853,46,,,0,0,0,1,common,1.0,0.6217762154157871,0.39129334906301966,0.5017170005054012,0.0,0.810502139650994,0.8673331260024371,,,EXPLOIT
1854,46,,,0,0,1,0,rare,1.0,0.2330616163468422,0.36046021971229525,0.4211203852578335,0.0,0.8013639698355149,0.8593985047510245,,,EXPLOIT
1855,46,,,0,0,0,0,common,1.0,0.9976939822426089,0.34104248555662575,0.5940924643532661,0.0,0.8044579695762554,0.8620913523094604,,,EXPLOIT
1856,46,,,0,0,0,0,common,0.0,0.3514989115423043,0.32872019509639094,0.5213143985099775,0.0,0.7947812948924228,0.853558494774192,,,EXPLOIT
1857,46,,,0,0,1,0,rare,1.0,0.1514900506254474,0.6158892035395649,0.41036709414461847,0.0,0.7842093769362819,0.8440029705483996,,,EXPLOIT
1858,46,,,0,0,0,1,common,1.0,0.40415454002026163,0.5118209395871668,0.40850332790731136,0.0,0.7880359180865674,0.8474743589899798,,,EXPLOIT
1859,46,,,0,0,0,1,common,1.0,0.2627004510131701,0.4370545882474506,0.364762464839069,0.0,0.7916928195164639,0.8507621267366636,,,EXPLOIT
1860,46,,,0,0,1,0,rare,1.0,0.09846853290654078,0.3891904762042208,0.2848742852593105,0.0,0.795190944556038,0.8538803140240648,,,EXPLOIT
1861,46,,,0,0,0,1,common,1.0,0.17075529315856053,0.359139584891837,0.25063858762908553,0.0,0.7985402486229043,0.8568415654341556,,,EXPLOIT
1862,46,,,0,0,0,1,common,1.0,0.11099094055306435,0.34020727382826593,0.20874429350627915,0.0,0.8017498721353693,0.8596572991112824,,,EXPLOIT
1863,46,,,0,0,0,1,common,1.0,0.07214411135949184,0.3281879283153875,0.16776423886224295,0.0,0.8048282222442457,0.8623378519411259,,,EXPLOIT
1864,46,,,0,0,0,1,common,1.0,0.046893672383669704,0.3205039668338859,0.13150306891867097,0.0,0.8077830449223189,0.8648926045840032,,,EXPLOIT
1865,46,,,0,0,0,1,common,1.0,0.03048088704938534,0.31556553453457425,0.10119641435788528,0.0,0.8106214887130236,0.8673300895502037,,,EXPLOIT
1866,46,,,0,0,0,1,common,1.0,0.01981257658210045,0.3123797251837359,0.07678126302514983,0.0,0.8133501612429033,0.8696580849413414,,,EXPLOIT
1867,46,,,0,0,0,1,common,0.0,0.9871218252216347,0.31031927795053443,0.34988343168409525,0.0,0.8159751794383543,0.8718836960277154,,,EXPLOIT
1868,46,,,0,0,1,0,rare,1.0,0.06400454638925157,0.6050028226142634,0.26411976609564214,0.0,0.8185022142500016,0.8740134264641809,,,EXPLOIT
1869,46,,,0,0,1,0,rare,1.0,0.04160295515301349,0.5030501317824595,0.19736472281285353,0.0,0.8209365305729943,0.8760532406481011,,,EXPLOIT
1870,46,,,0,0,0,1,common,0.0,0.6416291863940626,0.43131349830793375,0.3306440618872163,0.0,0.8232830229546717,0.8780086184786582,,,EXPLOIT
1871,46,,,0,0,0,1,common,0.0,0.41705897115614077,0.6622909712952203,0.3565685346678936,0.0,0.8255462475992656,0.8798846035762807,,,EXPLOIT
1872,46,,,0,1,1,0,common,1.0,0.027041920849458778,0.6841515764318626,0.25771055052236314,0.0,0.8277304511100367,0.8816858458556306,,,EXPLOIT
1873,46,,,0,1,1,1,common,0.0,0.09956066514407141,0.5677996374450571,0.21026558490887562,0.0,0.8298395963503756,0.8834166392087758,,,EXPLOIT
1874,46,,,0,1,1,0,common,1.0,0.01757724855214815,0.6884871932644512,0.15245908400185737,0.0,0.8318773857552552,0.8850809549414773,,,EXPLOIT
1875,46,,,0,1,0,0,rare,0.0,0.2284742925024978,0.5777391470106137,0.17526364655204948,0.0,0.8338472823815555,0.8866824715106848,,,EXPLOIT
1876,46,,,0,0,1,0,rare,1.0,0.011425211558896309,0.6898997381598497,0.12611211605410352,0.0,0.835752528949065,0.888224601031967,,,EXPLOIT
1877,46,,,0,0,1,0,rare,1.0,0.007426387513282617,0.629867151262061,0.09050639749185725,0.0,0.83759616509242,0.8897105129589155,,,EXPLOIT
1878,46,,,0,0,0,0,common,0.0,0.1485082901266236,0.5154268606106074,0.10790696528228715,0.0,0.8393810430170655,0.8911431552803772,,,EXPLOIT
1879,46,,,0,1,1,0,common,1.0,0.004827151883633696,0.6822327441075164,0.0769830212626911,0.0,0.8411098417288813,0.8925252735338596,,,EXPLOIT
1880,46,,,0,0,0,0,common,0.0,0.09653038858230534,0.6575875163706681,0.08284723145857537,0.0,0.8427850799868015,0.8938594278931611,,,EXPLOIT
1881,46,,,0,0,0,1,common,1.0,0.7289116687485084,0.5395842331924072,0.2766665626455553,0.0,0.8444091281101658,0.895148008554011,,,EXPLOIT
1882,46,,,0,0,1,0,rare,1.0,0.003137648724361952,0.6860993389122856,0.19460788846919727,0.0,0.8459842187572246,0.896393249612268,,,EXPLOIT
1883,46,,,0,0,0,1,common,1.0,0.4737925846865305,0.6743693668751015,0.27836329733439724,0.0,0.8475124567778922,0.8975972416042169,,,EXPLOIT
1884,46,,,0,0,1,0,rare,1.0,0.002039471670835291,0.6190338839650311,0.19546614963532866,0.0,0.8489958282322052,0.8987619428570615,,,EXPLOIT
1885,46,,,0,0,1,0,rare,1.0,0.0013256565860428893,0.5689040515905154,0.13722400172054292,0.0,0.8504362086557533,0.8998891897792622,,,EXPLOIT
1886,46,,,0,0,0,1,common,1.0,0.30796518004624485,0.5325941831137035,0.18844635521825348,0.0,0.8518353706444369,0.9009807062044717,,,EXPLOIT
1887,46,,,0,0,0,1,common,1.0,0.20017736703005917,0.5080392053290193,0.19196565876179517,0.0,0.853194990823059,0.9020381118890827,,,EXPLOIT
1888,46,,,0,1,1,0,common,1.0,0.0008616767809278558,0.4918354032196406,0.13463446416753497,0.0,0.8545166562553705,0.9030629302515031,,,EXPLOIT
1889,46,,,0,1,1,0,common,1.0,0.0005600899076031451,0.6052165529395104,0.09441215188955542,0.0,0.8558018703471127,0.9040565954309425,,,EXPLOIT
1890,46,,,0,1,1,0,common,0.0,0.999635941560058,0.6600113529392813,0.3659792887907062,0.0,0.8570520582882288,0.9050204587345054,,,EXPLOIT
1891,46,,,0,1,1,0,common,1.0,0.3502366379859623,0.43195637783765417,0.361256493549283,0.0,0.8582685720756803,0.9059557945335561,,,EXPLOIT
1892,46,,,0,1,1,0,common,0.0,0.7723461853091245,0.5716605338353669,0.4845834010772354,0.0,0.8594526951540955,0.9068638056634657,,,EXPLOIT
1893,46,,,0,1,1,0,common,1.0,0.4979749795490691,0.35762332489862,0.48860087461878554,0.0,0.8606056467077483,0.9077456283748698,,,EXPLOIT
1894,46,,,0,1,0,1,rare,1.0,0.13011528856953847,0.5245514243955098,0.3810551988040114,0.0,0.8617285856340537,0.9086023368792958,,,EXPLOIT
1895,46,,,0,0,0,1,common,1.0,0.08457493757019996,0.622135767872812,0.29211112043386794,0.0,0.8628226142258146,0.9094349475274137,,,EXPLOIT
1896,46,,,0,0,0,1,common,1.0,0.05497370942062996,0.6139690856765982,0.22096989712989654,0.0,0.8638887815868224,0.910244422654083,,,EXPLOIT
1897,46,,,0,0,0,1,common,0.0,0.9642670888765905,0.6084869442560535,0.44395905465390473,0.0,0.8649280868030754,0.9110316741207963,,,EXPLOIT
1898,46,,,0,0,0,1,common,1.0,0.37322639223021614,0.6605354361569845,0.4227392559267981,0.0,0.8659414818897673,0.9117975665829391,,,EXPLOIT
1899,46,,,0,0,1,0,rare,0.0,0.676316263293105,0.6931139347008641,0.4988123581366901,0.0,0.8669298745323326,0.9125429205064882,,,EXPLOIT
1900,46,,,0,0,0,1,common,1.0,0.24259715494964051,0.5642429410175932,0.4219477971805752,0.0,0.8678941306381436,0.9132685149562833,,,EXPLOIT
1901,46,,,0,1,1,0,common,0.0,0.43960557114051824,0.6747895649309273,0.4272451293685581,0.0,0.8688350767139462,0.9139750901758004,,,EXPLOIT
1902,46,,,0,1,1,0,common,1.0,0.7142563787586631,0.6367009691406647,0.5133485041855896,0.0,0.8697535020827608,0.91466334997639,,,EXPLOIT
1903,46,,,0,0,0,1,common,1.0,0.15768815071726638,0.6931412456399295,0.40665039814509263,0.0,0.865064935721975,0.9111198932099691,,,EXPLOIT
1904,46,,,0,0,0,1,common,1.0,0.1024972979662232,0.6684872983716904,0.3154044680914318,0.0,0.8660749393819758,0.9118834078338648,,,EXPLOIT
1905,46,,,0,0,0,1,common,1.0,0.06662324367804506,0.6280453406816948,0.24077010076741576,0.0,0.8670600586301243,0.9126264746135452,,,EXPLOIT
1906,46,,,0,1,1,0,common,1.0,0.46426664619313107,0.5938944678846827,0.30781906439513035,0.0,0.8680211539767033,0.9133498680696523,,,EXPLOIT
1907,46,,,0,1,1,0,common,0.0,0.6982266799744647,0.6645550393126928,0.42494134906893066,0.0,0.8689590468365088,0.9140543241826464,,,EXPLOIT
1908,46,,,0,1,1,0,common,1.0,0.5461526580165978,0.4549029742697185,0.4613047417532308,0.0,0.8698745217252783,0.9147405427614206,,,EXPLOIT
1909,46,,,0,1,1,0,common,1.0,0.35499922771078873,0.5997956275888553,0.4294130875404981,0.0,0.870768328309678,0.9154091896393454,,,EXPLOIT
1910,46,,,0,1,1,0,common,1.0,0.23074949801201272,0.6668474840396021,0.36981401068195247,0.0,0.8716411833221109,0.916060898712232,,,EXPLOIT
1911,46,,,0,1,1,0,common,1.0,0.14998717370780823,0.6892571160084271,0.3038659595897092,0.0,0.8724937723506346,0.9166962738313347,,,EXPLOIT
1912,46,,,0,0,1,0,rare,0.0,0.9025083370899246,0.6931333561326453,0.4834586728397738,0.0,0.8733267515133889,0.9173158905632808,,,EXPLOIT
1913,46,,,0,1,0,1,rare,0.0,0.9566948916092707,0.5226759000017258,0.6254295384706228,0.0,0.8741407490261339,0.9179202978277167,,,EXPLOIT
1914,46,,,0,1,1,0,common,1.0,0.41336958089154896,0.6931413395772811,0.5618115511969006,0.0,0.8697226186208928,0.9146134566786346,,,EXPLOIT
1915,46,,,0,1,1,0,common,1.0,0.2686902275795069,0.6533394914723856,0.47387515411168246,0.0,0.8650321200469535,0.9110663106746744,,,EXPLOIT
1916,46,,,0,1,0,1,rare,1.0,0.37814832045397406,0.5926818311996942,0.4451571040143699,0.0,0.8660429365242633,0.911831269174661,,,EXPLOIT
1917,46,,,0,1,1,0,common,0.0,0.8253513520733206,0.543962607204912,0.559215378432055,0.0,0.8670288403175819,0.9125757247742989,,,EXPLOIT
1918,46,,,0,1,1,0,common,1.0,0.46352162115234163,0.6927360200152475,0.530507251248141,0.0,0.8621682704887831,0.908876237017364,,,EXPLOIT
1919,46,,,0,1,1,0,common,0.0,0.698710946250978,0.6587057979306169,0.5809683597489921,0.0,0.8569931339283667,0.9048918407483717,,,EXPLOIT
1920,46,,,0,1,0,1,rare,0.0,0.7542035917049168,0.6650154621516253,0.6329389293357695,0.0,0.8514721603666662,0.9005885314385751,,,EXPLOIT
1921,46,,,0,0,1,0,rare,1.0,0.5458378849368644,0.5534697623412644,0.6068086160160979,0.0,0.8455697931485754,0.8959266692021541,,,EXPLOIT
1922,46,,,0,0,1,0,rare,0.0,0.6452053747910382,0.4275359358823242,0.6183276436485801,0.0,0.8392454287134522,0.8908597609405112,,,EXPLOIT
1923,46,,,0,0,0,1,common,1.0,0.5097676653918041,0.6378719248353285,0.5857596501715472,0.0,0.8324524881935799,0.8853329123905331,,,EXPLOIT
1924,46,,,0,0,0,1,common,0.0,0.6686510174953273,0.4938572501901352,0.6106270603686812,0.0,0.8251372762441541,0.8792808407548237,,,EXPLOIT
1925,46,,,0,0,1,0,rare,0.0,0.4193834936141749,0.6638726663917772,0.5532539903423292,0.0,0.8172375679569379,0.8726252951593018,,,EXPLOIT
1926,46,,,0,0,0,1,common,1.0,0.5653768386280372,0.6916438015510368,0.5568908448280416,0.0,0.8086808451410437,0.865271668324236,,,EXPLOIT
1927,46,,,0,0,0,0,common,1.0,0.9372552474215016,0.6013680838448462,0.6710001656060796,0.0,0.7993820760879655,0.857104487285923,,,EXPLOIT
1928,46,,,0,0,0,1,common,1.0,0.3674949451082242,0.46257873434590957,0.579948599456723,0.0,0.789240894748646,0.8479813252752584,,,EXPLOIT
1929,46,,,0,0,1,1,rare,0.0,0.06471443234364642,0.3690830690211934,0.42537834932279994,0.0,0.778137980833722,0.8377244498477021,,,EXPLOIT
1930,46,,,0,0,1,0,rare,1.0,0.7274007291507864,0.6087031295889228,0.5159850632711958,0.0,0.7822410093437777,0.8415398324540491,,,EXPLOIT
1931,46,,,0,0,0,1,common,1.0,0.23887171432034582,0.4684343382061801,0.43285105858594075,0.0,0.770447954773932,0.8304402732372677,,,EXPLOIT
1932,46,,,0,0,0,0,common,0.0,0.39078408917602403,0.3726772949358086,0.42023096776296576,0.0,0.7749140573507206,0.8346738691785075,,,EXPLOIT
1933,46,,,0,0,0,0,common,0.0,0.25400965796441566,0.6106794995809548,0.3703645748234007,0.0,0.7791675492873019,0.8386619029102595,,,EXPLOIT
1934,46,,,0,0,1,0,rare,1.0,0.4728104739480111,0.691278439154085,0.40109834456078375,0.0,0.7832230596727895,0.8424249526766605,,,EXPLOIT
1935,46,,,0,0,1,0,rare,0.0,0.6926731919337927,0.5721408385858144,0.4885707987726864,0.0,0.7870939058480165,0.84598136011618,,,EXPLOIT
1936,46,,,0,1,1,1,common,0.0,0.04206438102337018,0.6851596760724701,0.3546188734478915,0.0,0.7907922372135008,0.8493475260936167,,,EXPLOIT
1937,46,,,0,1,1,0,common,1.0,0.5497624252430346,0.638093425889627,0.4131619389864344,0.0,0.7943291605243699,0.85253816078717,,,EXPLOIT
1938,46,,,0,1,1,0,common,0.0,0.6426544235920274,0.6696991695663246,0.4820096843681123,0.0,0.7977148493943211,0.8555664960757778,,,EXPLOIT
1939,46,,,0,1,1,1,common,0.0,0.027341847665190617,0.6864083081934653,0.34560933335723576,0.0,0.8009586402826809,0.8584444666945096,,,EXPLOIT
1940,46,,,0,1,1,0,common,1.0,0.5822746246651822,0.6401387100369356,0.41660892074961964,0.0,0.8040691168718963,0.8611828653879974,,,EXPLOIT
1941,46,,,0,1,1,1,common,0.0,0.0177722009823739,0.6687715207732385,0.2969579048194459,0.0,0.8070541844412868,0.8637914763143728,,,EXPLOIT
1942,46,,,0,0,1,1,rare,0.0,0.011551930638543035,0.6867330287774083,0.211336112565175,0.0,0.8099211355939553,0.8662791901754985,,,EXPLOIT
1943,46,,,0,0,1,0,rare,1.0,0.37847850603236843,0.6827008340610918,0.261478830605333,0.0,0.8126767084874065,0.8686541039286402,,,EXPLOIT
1944,46,,,0,0,0,1,common,1.0,0.15526661430822475,0.623723594628431,0.22961516571620053,0.0,0.8153271385467354,0.870923607436025,,,EXPLOIT
1945,46,,,0,0,0,1,common,1.0,0.10092329930034605,0.4831039425548929,0.19100760579144418,0.0,0.8178782044958327,0.873094459005942,,,EXPLOIT
1946,46,,,0,0,0,1,common,1.0,0.06560014454522489,0.38374503469799726,0.15338536741757838,0.0,0.8203352694218674,0.8751728514520788,,,EXPLOIT
1947,46,,,0,0,1,0,rare,1.0,0.24601102892103954,0.32348927492144797,0.18117306586861673,0.0,0.8227033174872268,0.8771644700311313,,,EXPLOIT
1948,46,,,0,0,0,1,common,0.0,0.9573599060456038,0.28734529059852665,0.4140291179217128,0.0,0.8249869868177948,0.8790745434002469,,,EXPLOIT
1949,46,,,0,0,0,1,common,1.0,0.3777160610703575,0.5582219793736708,0.40313520086630616,0.0,0.8271905990242643,0.8809078885561022,,,EXPLOIT
1950,46,,,0,0,0,1,common,0.0,0.7544845603042676,0.4328873707342233,0.5085400086976946,0.0,0.8293181857518801,0.882668950568874,,,EXPLOIT
1951,46,,,0,0,0,1,common,1.0,0.509585035802226,0.6416241961274071,0.508853516829054,0.0,0.8217553462466427,0.8763549066388888,,,EXPLOIT
1952,46,,,0,0,0,1,common,1.0,0.33123027327144694,0.4995272918895415,0.45556654376177186,0.0,0.8135776533189838,0.8693969256319904,,,EXPLOIT
1953,46,,,0,0,0,1,common,0.0,0.7847003223735595,0.3940752909161804,0.5543066773453081,0.0,0.8161941126760772,0.8716339158890699,,,EXPLOIT
1954,46,,,0,0,0,1,common,1.0,0.4899447904571863,0.6234962003964024,0.5349981112788715,0.0,0.8075485954043158,0.8641732040604408,,,EXPLOIT
1955,46,,,0,0,1,0,rare,1.0,0.15990716879867573,0.482906372194107,0.42247082853481277,0.0,0.7981492609463651,0.8558806672105373,,,EXPLOIT
1956,46,,,0,0,0,0,common,1.0,0.8348937223231299,0.38362176031531137,0.5461976966713079,0.0,0.8013750485536141,0.8587432438335231,,,EXPLOIT
1957,46,,,0,0,0,0,common,1.0,0.5426809195100344,0.32341558425114714,0.5451426635229258,0.0,0.7914175867996581,0.849816347877476,,,EXPLOIT
1958,46,,,0,0,1,0,rare,1.0,0.10393965971913921,0.287300746338287,0.4127817623817898,0.0,0.7805248926981384,0.8397931200647849,,,EXPLOIT
1959,46,,,0,0,1,0,rare,0.0,0.9324392211825595,0.2652788524942579,0.5686790000220207,0.0,0.7845181514507985,0.8434934734831956,,,EXPLOIT
1960,46,,,0,0,0,0,common,0.0,0.6472574023184776,0.5413083155174989,0.5922525207109577,0.0,0.7729519727397324,0.8326532024016736,,,EXPLOIT
1961,46,,,0,0,0,1,common,1.0,0.3184641137971711,0.6788292170164625,0.5101159986368217,0.0,0.7602097274287544,0.8203332022938042,,,EXPLOIT
1962,46,,,0,0,1,0,rare,0.0,0.6060854937686637,0.544617831795211,0.5389068471763743,0.0,0.7461031816633431,0.806209064021941,,,EXPLOIT
1963,46,,,0,0,1,0,rare,1.0,0.6060444290503686,0.6796541091046581,0.5590481217385725,0.0,0.730401668197339,0.7898540732082946,,,EXPLOIT
1964,46,,,0,0,1,0,rare,0.0,0.6060711211172605,0.5460113035675485,0.5731550215521789,0.0,0.7128194150909031,0.7706954300275154,,,EXPLOIT
1965,46,,,0,0,1,0,rare,0.0,0.3939462287262193,0.6799955735139053,0.519392383704391,0.0,0.6929980453740793,0.7479458824938656,,,EXPLOIT
1966,46,,,0,0,0,0,common,1.0,0.5792826884929896,0.6867984391427115,0.5373594751409706,0.0,0.6704819549819377,0.7204930010160339,,,EXPLOIT
1967,46,,,0,0,0,0,common,0.0,0.6234662524795568,0.616586225311597,0.5631915083425464,0.0,0.6446829417437211,0.6867119495297663,,,EXPLOIT
1968,46,,,0,0,1,1,rare,0.0,0.007508754915052973,0.6921076233436543,0.39648668231429834,0.0,0.6148281812169826,0.6441320594640262,,,EXPLOIT
1969,46,,,0,1,1,0,common,1.0,0.7439349513279574,0.6755077276313544,0.5007211630183961,0.0,0.6296682400949777,0.6657676756924458,,,EXPLOIT
1970,46,,,0,0,0,1,common,1.0,0.20700167396816127,0.5104862972039376,0.41260531630332564,0.0,0.5973065744957965,0.6171532986877473,,,EXPLORE
1971,46,,,0,0,0,1,common,0.0,0.8654489119206952,0.6856175924789089,0.5484583949885364,0.0,0.6136677993340733,0.6423323191527341,,,EXPLOIT
1972,46,,,0,1,0,1,rare,0.0,0.562541792748452,0.5947407195343275,0.552683414316511,0.0,0.5785146029776091,0.586423526005475,,,EXPLORE
1973,46,,,0,1,1,0,common,1.0,0.4835577183631723,0.6899520192108877,0.5319457055305095,0.0,0.5367873792513363,0.5107041253579739,,,EXPLORE
1974,46,,,0,0,1,0,rare,1.0,0.314312516936062,0.5709438502871894,0.4666557489521752,0.0,0.4864545891749599,0.40238412233451587,,,EXPLORE
1975,46,,,0,1,1,0,common,0.0,0.7956968639915597,0.6917947279583566,0.5653680834639905,0.0,0.514038218892046,0.4642615559826607,,,EXPLORE
1976,46,,,0,1,1,0,common,1.0,0.48279703840548616,0.6333736152602378,0.5405967699464391,0.0,0.45863929553644733,0.3324061198820128,,,EXPLORE
1977,46,,,0,1,1,0,common,1.0,0.31381807496356595,0.6901384857591413,0.4725631614515771,0.0,0.389769585665108,0.11733877688063934,,,EXPLORE
1978,46,,,0,0,0,0,common,0.0,0.4052530641117119,0.6323128529804285,0.45237013224961753,0.0,0.42933384393647367,0.2490283133773142,,,EXPLORE
1979,46,,,0,0,0,1,common,0.0,0.3656521652864938,0.47482885155955473,0.42635474216068037,0.0,0.4637536726087805,0.3456747984111729,,,EXPLORE
1980,46,,,0,1,0,0,rare,0.0,0.26341449167261277,0.3635246494556893,0.3774726670142601,0.0,0.49396976161943723,0.41962002050346714,,,EXPLORE
1981,46,,,0,1,1,0,common,1.0,0.2039817487263179,0.5869593046485289,0.3254253915278774,0.0,0.520706629900765,0.4780191332336097,,,EXPLOIT
1982,46,,,0,1,1,0,common,0.0,0.8674118633278933,0.42944220853469967,0.48802133306788215,0.0,0.544531347102618,0.5253062202614938,,,EXPLOIT
1983,46,,,0,1,1,1,common,1.0,0.9951193093052155,0.6228867983648827,0.6401507259390822,0.0,0.565894099939033,0.5643755052825784,,,EXPLORE
1984,46,,,0,0,0,1,common,1.0,0.762326092563779,0.45813085492314604,0.6768033359264912,0.0,0.521656869329572,0.4798708672265598,,,EXPLORE
1985,46,,,0,1,0,1,rare,1.0,0.4955119601664564,0.6621913646984166,0.6224159231984807,0.0,0.46798436871630406,0.3562398162602413,,,EXPLORE
1986,46,,,0,1,0,1,rare,0.0,0.6779172258918034,0.5774271224487246,0.6390663140064774,0.0,0.40150136256235136,0.1581355986536329,,,EXPLORE
1987,46,,,0,1,1,1,common,0.0,0.3531724489516098,0.6929591865800543,0.5532981544900171,0.0,0.31700478654870107,0.09090909090909093,,,EXPLORE
1988,46,,,0,0,0,1,common,1.0,0.5593538031703278,0.6307739429174264,0.5551148490941102,0.0,0.20603269894993223,0.09090909090909093,,,EXPLORE
1989,46,,,0,1,1,1,common,0.0,0.2295620918185464,0.4917520874838466,0.4574490219114411,0.0,0.09090909090909093,0.09090909090909093,,,EXPLORE
1990,46,,,0,1,1,0,common,1.0,0.4361822888368694,0.39213555351149515,0.4510690019890696,0.0,0.17965545529122232,0.23017705927636645,,,EXPLORE
1991,46,,,0,0,0,1,common,1.0,0.36357997206071313,0.6248189238784299,0.4248222930105626,0.0,0.25195053896963665,0.33155527035247095,,,EXPLORE
1992,46,,,0,0,0,1,common,0.0,0.7636730181605365,0.5371376463956785,0.5264775105555547,0.0,0.31197800201026266,0.40865139461585376,,,EXPLORE
1993,46,,,0,0,0,1,common,0.0,0.49638746180434873,0.6915774130029054,0.5174504959301929,0.0,0.1993001761833469,0.24479250504532032,,,EXPLORE
1994,46,,,0,0,0,1,common,1.0,0.6773481498271733,0.6491508412071005,0.5654197920992869,0.0,0.09090909090909093,0.09090909090909093,,,EXPLORE
1995,46,,,0,1,1,0,common,1.0,0.28351848774396515,0.6800517081951275,0.48084940079269034,0.0,0.09090909090909093,0.09090909090909093,,,EXPLORE
1996,46,,,0,1,1,0,common,0.0,0.8157129829664227,0.6740705396730884,0.58130847544481,0.0,0.17965545529122232,0.23017705927636645,,,EXPLORE
1997,46,,,0,0,0,1,common,1.0,0.4402762973876626,0.6583119793191521,0.5389988220276658,0.0,0.09090909090909093,0.09090909090909093,,,EXPLORE
1998,46,,,0,1,1,0,common,1.0,0.46978656107182526,0.5529837211342334,0.5182351437409136,0.0,0.09090909090909093,0.09090909090909093,,,EXPLORE
1999,46,,,0,0,0,1,common,1.0,0.28617959330198073,0.6781253995450423,0.44861847860923376,0.0,0.09090909090909093,0.09090909090909093,,,EXPLORE
2000,46,,,0,0,0,1,common,1.0,0.1860167356462875,0.6285707535866419,0.3698379557203499,0.0,0.17965545529122232,0.23017705927636645,,,EXPLORE
