trial,seed,config_version,git_commit,s1,a1,s2,a2,trans_type,reward,u_delta,u_s,u_v,u_c,V_G,V_p,eta_G,eta_p,mode
1,44,,,0,0,0,1,common,0.0,0.5,0.6931471803599453,0.15,0.0,0.5,0.0,,,EXPLOIT
2,44,,,0,1,1,0,common,0.0,0.5,0.6354546081677416,0.255,0.0,0.5260663507109005,0.0,,,EXPLOIT
3,44,,,0,1,0,0,rare,0.0,0.5,0.6931471803599453,0.3285,0.0,0.5493262427328857,0.0,,,EXPLOIT
4,44,,,0,1,0,0,rare,1.0,0.675,0.6679236599597098,0.43245,0.0,0.570208762497792,0.0,,,EXPLOIT
5,44,,,0,1,1,0,common,0.0,0.325,0.643108341319719,0.400215,0.0,0.5890597666503006,0.0,,,EXPLORE
6,44,,,0,1,1,1,common,1.0,0.5,0.693011176965133,0.4301505,0.0,0.6061611288293314,0.0,,,EXPLOIT
7,44,,,0,1,0,0,rare,1.0,0.43875,0.5969073405600267,0.43273035,0.0,0.621744881595395,0.0,,,EXPLOIT
8,44,,,0,1,1,1,common,1.0,0.32499999999999996,0.4649095088107524,0.40041124499999997,0.0,0.6360037662619006,0.0,,,EXPLOIT
9,44,,,0,1,0,0,rare,1.0,0.2851874999999999,0.3760163727741085,0.3658441214999999,0.0,0.6490992118689946,0.0,,,EXPLOIT
10,44,,,0,1,1,1,common,1.0,0.21124999999999994,0.3221401456913647,0.3194658850499999,0.0,0.661167445672263,0.0,,,EXPLOIT
11,44,,,0,1,1,1,common,1.0,0.13731249999999995,0.2895923642637728,0.2648198695349999,0.0,0.6723242264513416,0.0,,,EXPLOIT
12,44,,,0,1,0,0,rare,0.0,0.814628125,0.2696090457676304,0.42976234617449993,0.0,0.6826685496483146,0.0,,,EXPLOIT
13,44,,,0,1,0,0,rare,1.0,0.47049171874999995,0.5482681118594234,0.44198115794714987,0.0,0.6922855757947949,0.0,,,EXPLOIT
14,44,,,0,1,1,1,common,0.0,0.9107468750000001,0.4297299114430315,0.5826108730630049,0.0,0.7012489657746,0.0,,,EXPLOIT
15,44,,,0,0,1,1,rare,1.0,0.40801453124999987,0.6427206994720763,0.5302319705191033,0.0,0.6798766689823982,0.0,,,EXPLOIT
16,44,,,0,1,0,0,rare,1.0,0.30581961718749995,0.6825225654634857,0.4629082645196223,0.0,0.6554763191947173,0.0,,,EXPLOIT
17,44,,,0,0,0,0,common,1.0,0.19878275117187494,0.6711974853379389,0.38367061051529805,0.0,0.667058707031942,0.0,,,EXPLOIT
18,44,,,0,1,1,1,common,1.0,0.2652094453124999,0.6886305207046427,0.3481322609544586,0.0,0.6777828566020818,0.0,,,EXPLOIT
19,44,,,0,1,0,0,rare,0.0,0.8707912117382812,0.6837539458016098,0.5049299461896053,0.0,0.6877402663832579,0.0,,,EXPLOIT
20,44,,,0,1,1,1,common,0.0,0.827613860546875,0.6153710054468753,0.6017351204967861,0.0,0.6644787998728355,0.0,,,EXPLOIT
21,44,,,0,0,1,0,rare,0.0,0.21125000000000002,0.4672518979428374,0.4845895843477503,0.0,0.6377642666204765,0.0,,,EXPLOIT
22,44,,,0,1,1,0,common,0.0,0.1373125,0.6587201894437715,0.3804064590434252,0.0,0.6507193127163929,0.0,,,EXPLOIT
23,44,,,0,0,0,0,common,1.0,0.4339857123701172,0.5826644125622857,0.3964802350414327,0.0,0.6626632236930134,0.0,,,EXPLOIT
24,44,,,0,0,0,0,common,1.0,0.2820907130405762,0.4199308837305787,0.36216337844117574,0.0,0.6737093943721624,0.0,,,EXPLOIT
25,44,,,0,0,0,0,common,1.0,0.1833589634763746,0.3177866527999343,0.3085220539517354,0.0,0.6839548752940856,0.0,,,EXPLOIT
26,44,,,0,0,1,1,rare,1.0,0.46205099064453115,0.2596937143226974,0.3545807349595741,0.0,0.6934832150623199,0.0,,,EXPLOIT
27,44,,,0,0,0,0,common,0.0,0.8808166737403565,0.22614066004689212,0.5124515165938088,0.0,0.7023667294695672,0.0,,,EXPLOIT
28,44,,,0,0,1,1,rare,1.0,0.3003331439189453,0.4771396653325596,0.44881600479134975,0.0,0.6811469569767528,0.0,,,EXPLOIT
29,44,,,0,0,1,1,rare,0.0,0.8047834564526856,0.35126191332201634,0.5556062402897505,0.0,0.69086939147023,0.0,,,EXPLOIT
30,44,,,0,0,1,1,rare,1.0,0.47689075330575437,0.5737223897305932,0.5319915941945517,0.0,0.6680530812114543,0.0,,,EXPLOIT
31,44,,,0,0,0,0,common,0.0,0.5725308379312317,0.413484125982879,0.5441533673155556,0.0,0.6418856998966719,0.0,,,EXPLOIT
32,44,,,0,0,1,1,rare,1.0,0.3099789896487404,0.6097801220104515,0.473901054015511,0.0,0.6115721213050225,0.0,,,EXPLOIT
33,44,,,0,0,1,1,rare,1.0,0.20148634327168125,0.4407474798832258,0.3921766407923621,0.0,0.626689560581,0.0,,,EXPLOIT
34,44,,,0,0,0,0,common,1.0,0.6278549553446994,0.32981255377493174,0.46288013515806326,0.0,0.6405396945230961,0.0,,,EXPLOIT
35,44,,,0,0,0,0,common,0.0,0.5918942790259454,0.2665402329263885,0.5015843783184278,0.0,0.653274853575391,0.0,,,EXPLOIT
36,44,,,0,0,0,0,common,1.0,0.6152687186331355,0.5125950526570453,0.53568968041284,0.0,0.624805963861642,0.0,,,EXPLOIT
37,44,,,0,1,1,1,common,1.0,0.13096612312659284,0.37294427280517867,0.41427261322696585,0.0,0.5916091513151894,0.0,,,EXPLOIT
38,44,,,0,0,0,0,common,0.0,0.6000753328884619,0.6076522167989649,0.47001342912541466,0.0,0.6084800626745139,0.0,,,EXPLOIT
39,44,,,0,1,0,0,rare,1.0,0.6099510336224997,0.6912458499305526,0.5119947104745401,0.0,0.6238631538874416,0.0,,,EXPLOIT
40,44,,,0,0,1,1,rare,1.0,0.08512798003228539,0.6125827464376581,0.3839346913418637,0.0,0.5905030772684041,0.0,,,EXPLORE
41,44,,,0,1,0,0,rare,0.0,0.6035318281453752,0.6923429849664962,0.4498138323829171,0.0,0.6074737908911213,0.0,,,EXPLOIT
42,44,,,0,1,1,1,common,1.0,0.05533318702098555,0.6093898489871452,0.3314696387743376,0.0,0.6229438059518368,0.0,,,EXPLOIT
43,44,,,0,0,0,0,common,0.0,0.3922956882944939,0.6926381918509907,0.3497174536303845,0.0,0.6371030663766917,0.0,,,EXPLOIT
44,44,,,0,0,0,0,common,1.0,0.7450078026085789,0.6114703357901308,0.46830455832384277,0.0,0.6501107592057133,0.0,,,EXPLOIT
45,44,,,0,1,1,1,common,0.0,0.9640334284363594,0.6930035315456268,0.6170232193575977,0.0,0.6621012978317441,0.0,,,EXPLOIT
46,44,,,0,1,1,0,common,0.0,0.089253125,0.6101201602333276,0.4586921910503184,0.0,0.6350194673266824,0.0,,,EXPLORE
47,44,,,0,0,0,1,common,1.0,0.675,0.4913606676571386,0.5235845337352228,0.0,0.6481937220994515,0.0,,,EXPLOIT
48,44,,,0,0,1,1,rare,1.0,0.3733782715163664,0.3751652453584432,0.47852265506956587,0.0,0.61890951227666,0.0,,,EXPLOIT
49,44,,,0,0,1,1,rare,1.0,0.24269587648563817,0.3059525479642823,0.40777462149438753,0.0,0.6334053126683058,0.0,,,EXPLOIT
50,44,,,0,0,0,0,common,1.0,0.48425507169557636,0.26537265680321936,0.4307187565547441,0.0,0.6467092902181446,0.0,,,EXPLOIT
51,44,,,0,0,0,0,common,1.0,0.31476579660212467,0.24106914020454348,0.39593286856895826,0.0,0.6589620315069069,0.0,,,EXPLOIT
52,44,,,0,0,1,1,rare,0.0,0.8422476802843352,0.22616899450553055,0.5298273120835713,0.0,0.6702828487611752,0.0,,,EXPLOIT
53,44,,,0,0,0,0,common,0.0,0.7954022322086189,0.49340719155933865,0.6094997881210855,0.0,0.6444537434127425,0.0,,,EXPLOIT
54,44,,,0,0,0,1,common,0.0,0.56125,0.6570384245005596,0.5950248516847598,0.0,0.6145615297112361,0.0,,,EXPLORE
55,44,,,0,1,0,0,rare,0.0,0.5170114509356023,0.6931057453561368,0.5716208314600125,0.0,0.5795675451324172,0.0,,,EXPLORE
56,44,,,0,1,1,1,common,1.0,0.4525390078151821,0.6775643776399228,0.5358962843665633,0.0,0.5380461305586947,0.0,,,EXPLORE
57,44,,,0,0,1,1,rare,1.0,0.2941503550798683,0.6189516496079888,0.4633725055805548,0.0,0.48798587735056503,0.0,,,EXPLORE
58,44,,,0,1,1,1,common,0.0,0.8088022691980856,0.6865035103125795,0.5670014346658141,0.0,0.5153959709402507,0.0,,,EXPLORE
59,44,,,0,1,1,1,common,1.0,0.47427852502124435,0.6050898248493309,0.5391845617724431,0.0,0.4603069270671299,0.0,,,EXPLORE
60,44,,,0,0,1,1,rare,0.0,0.6917189587361912,0.6919133118515997,0.5849448808615675,0.0,0.39186656644495704,0.0,,,EXPLORE
61,44,,,0,0,0,0,common,0.0,0.3360574431081415,0.6141986381270232,0.5102786495355397,0.0,0.3045569198962589,0.0,,,EXPLORE
62,44,,,0,0,0,0,common,1.0,0.781562661979708,0.5189260380041459,0.5916638532687901,0.0,0.18933349700867463,0.0,,,EXPLORE
63,44,,,0,0,0,0,common,1.0,0.5080157302868102,0.6876506281632302,0.5665694163741961,0.0,0.09090909090909093,0.0,,,EXPLORE
64,44,,,0,1,1,0,common,1.0,0.94198546875,0.6629034391523541,0.6791942320869373,0.0,0.09090909090909093,0.0,,,EXPLORE
65,44,,,0,1,1,0,common,0.0,0.38770944531249996,0.6908174855503295,0.5917487960546061,0.0,0.09090909090909093,0.0,,,EXPLORE
66,44,,,0,0,0,1,common,0.0,0.36481250000000004,0.6104203349611416,0.5236679072382242,0.0,0.09090909090909093,0.0,,,EXPLORE
67,44,,,0,0,0,0,common,1.0,0.3302102246864267,0.6921615577582988,0.46563060247268495,0.0,0.09090909090909093,0.0,,,EXPLORE
68,44,,,0,0,0,1,common,1.0,0.762871875,0.635291847514289,0.5548029842308794,0.0,0.17965545529122232,0.0,,,EXPLORE
69,44,,,0,1,1,0,common,0.0,0.252011139453125,0.5379559229748866,0.46396543079755304,0.0,0.09090909090909093,0.0,,,EXPLORE
70,44,,,0,0,1,1,rare,1.0,0.5503826768214757,0.3961668940969275,0.4898906046047298,0.0,0.17965545529122232,0.0,,,EXPLORE
71,44,,,0,0,1,1,rare,1.0,0.3577487399339593,0.3266304801662904,0.4502480452034986,0.0,0.25195053896963665,0.0,,,EXPLORE
72,44,,,0,0,0,1,common,0.0,0.50413328125,0.2852931616199379,0.466413616017449,0.0,0.31197800201026266,0.0,,,EXPLORE
73,44,,,0,0,0,0,common,1.0,0.21463664604617738,0.5522029615210673,0.3908805250260675,0.0,0.3626137856372424,0.0,,,EXPLORE
74,44,,,0,1,1,1,common,0.0,0.7674633190429265,0.423951972484948,0.5038553632311252,0.0,0.4059000327452924,0.0,,,EXPLORE
75,44,,,0,0,0,0,common,1.0,0.13951381993001533,0.33534787046549674,0.39455290024079226,0.0,0.32267046047166775,0.0,,,EXPLORE
76,44,,,0,0,0,0,common,1.0,0.09068398295450997,0.2643795282032271,0.30339222505490754,0.0,0.37171025917319694,0.0,,,EXPLOIT
77,44,,,0,1,1,1,common,1.0,0.5011488426220978,0.22417931627257637,0.3627192103250646,0.0,0.41373254236826185,0.0,,,EXPLOIT
78,44,,,0,0,1,1,rare,1.0,0.3257467477043635,0.4436244540937887,0.35162747153885426,0.0,0.45014130885562853,0.0,,,EXPLOIT
79,44,,,0,0,0,0,common,1.0,0.05894458892043153,0.40825890006387866,0.2638226067533274,0.0,0.48198944222641793,0.0,,,EXPLOIT
80,44,,,0,0,0,0,common,1.0,0.038313982798280466,0.3857203294215344,0.19617001956681332,0.0,0.5100820120718337,0.0,,,EXPLOIT
81,44,,,0,0,1,1,rare,1.0,0.21173538600783626,0.3713304171895419,0.2008396294991202,0.0,0.5350451313687602,0.0,,,EXPLOIT
82,44,,,0,0,0,1,common,1.0,0.6723133671875,0.3621034861668681,0.34228175080563417,0.0,0.5573730633938077,0.0,,,EXPLOIT
83,44,,,0,0,0,0,common,1.0,0.024904088818882286,0.35616351357623754,0.24706845220960857,0.0,0.5774611928376786,0.0,,,EXPLOIT
84,44,,,0,0,1,0,rare,0.0,0.16380724064453123,0.3523278769987587,0.22209008874008537,0.0,0.5956295742360611,0.0,,,EXPLOIT
85,44,,,0,0,0,0,common,1.0,0.016187657732273486,0.6393550354328839,0.16031935943774178,0.0,0.6121400565621009,0.0,,,EXPLOIT
86,44,,,0,0,1,1,rare,1.0,0.13762800090509353,0.5469323816486432,0.1535119518779473,0.0,0.6272089395098613,0.0,,,EXPLOIT
87,44,,,0,0,0,0,common,0.0,0.9894780224740223,0.4759619649131063,0.4043017730567698,0.0,0.6410164650118548,0.0,,,EXPLOIT
88,44,,,0,1,1,1,common,1.0,0.08945820058831078,0.6815585424623937,0.3098487013162321,0.0,0.653714030311977,0.0,,,EXPLOIT
89,44,,,0,0,0,1,common,1.0,0.437003688671875,0.670799286123742,0.34799519752292496,0.0,0.6654297361456203,0.0,,,EXPLOIT
90,44,,,0,0,1,1,rare,1.0,0.05814783038240201,0.6882179311796552,0.2610409873807681,0.0,0.6762727017501239,0.0,,,EXPLOIT
91,44,,,0,1,1,1,common,1.0,0.0377960897485613,0.649206607225466,0.19406751809110603,0.0,0.686336455056029,0.0,,,EXPLOIT
92,44,,,0,0,0,1,common,1.0,0.28405239763671875,0.6910586225563728,0.22106298195478985,0.0,0.695701621331933,0.0,,,EXPLOIT
93,44,,,0,0,0,0,common,1.0,0.3568392853918855,0.6740953585007271,0.2617958729859185,0.0,0.7044380740058749,0.0,,,EXPLOIT
94,44,,,0,0,1,1,rare,1.0,0.024567458336564818,0.6546122887306278,0.19062734859111238,0.0,0.7126066691279088,0.0,,,EXPLOIT
95,44,,,0,0,0,1,common,0.0,0.8153659415361328,0.6388019882130958,0.3780489264746185,0.0,0.7202606545673647,0.0,,,EXPLOIT
96,44,,,0,1,0,0,rare,0.0,0.7680544644952745,0.6431283232175409,0.49505058788081524,0.0,0.7274468229514873,0.0,,,EXPLOIT
97,44,,,0,1,1,1,common,1.0,0.01596884791876718,0.6694354850271882,0.3513260658922008,0.0,0.7342064611127638,0.0,,,EXPLOIT
98,44,,,0,0,0,1,common,1.0,0.47001213800151365,0.6853497070966117,0.38693188752499463,0.0,0.7405761367493323,0.0,,,EXPLOIT
99,44,,,0,0,0,0,common,1.0,0.5007645980780715,0.6829893618613929,0.42108170069091766,0.0,0.7465883539561173,0.0,,,EXPLOIT
100,44,,,0,1,0,0,rare,1.0,0.3254969887507465,0.6450675773580978,0.39240628710886627,0.0,0.7522721024384695,0.0,,,EXPLOIT
101,44,,,0,0,1,1,rare,1.0,0.01037975114719869,0.6888301366795652,0.277798326320366,0.0,0.7576533199958265,0.0,,,EXPLOIT
102,44,,,0,0,1,1,rare,1.0,0.006746838245679121,0.6722486999988675,0.19648287989795993,0.0,0.7627552838444195,0.0,,,EXPLOIT
103,44,,,0,1,1,0,common,1.0,0.8935252935810547,0.6553303625677489,0.4055956040028883,0.0,0.7675989432338348,0.0,,,EXPLOIT
104,44,,,0,0,0,1,common,0.0,0.6944921102990161,0.6842093405696852,0.49226455589172663,0.0,0.7722032033817168,0.0,,,EXPLOIT
105,44,,,0,1,1,1,common,0.0,0.9956145551403086,0.5751602822918993,0.6432695556663012,0.0,0.7765851688412758,0.0,,,EXPLOIT
106,44,,,0,0,0,1,common,1.0,0.5485801283056395,0.6893513224676344,0.6148627274581027,0.0,0.7642187193853357,0.0,,,EXPLOIT
107,44,,,0,0,1,1,rare,1.0,0.3528505391587994,0.6312140922521501,0.5362590709683117,0.0,0.7505492040850639,0.0,,,EXPLOIT
108,44,,,0,0,0,0,common,1.0,0.21157304268798527,0.5649363428801153,0.43885326248421375,0.0,0.7353600200987694,0.0,,,EXPLOIT
109,44,,,0,0,1,0,rare,1.0,0.5807914408276855,0.5151894178684894,0.4814347159872553,0.0,0.7416642386745564,0.0,,,EXPLOIT
110,44,,,0,0,1,1,rare,0.0,0.7706471495467804,0.48153573768171254,0.5681984460551128,0.0,0.7476163657119608,0.0,,,EXPLOIT
111,44,,,0,1,0,0,rare,1.0,0.1375224777471904,0.6895647107363287,0.43899565556273606,0.0,0.7320902195369617,0.0,,,EXPLOIT
112,44,,,0,1,0,0,rare,1.0,0.08938961053567374,0.6691152500806143,0.33411384205461736,0.0,0.7385808062444303,0.0,,,EXPLOIT
113,44,,,0,1,1,0,common,0.0,0.6224855634620043,0.6117004909275534,0.42062535847683347,0.0,0.7447039530539797,0.0,,,EXPLOIT
114,44,,,0,1,1,1,common,1.0,0.4990793527945927,0.6821519770820186,0.4441615567721612,0.0,0.7504897187434486,0.0,,,EXPLOIT
115,44,,,0,1,1,1,common,0.0,0.6755984206835147,0.6771851251733438,0.5135926159455673,0.0,0.7559649707920065,0.0,,,EXPLOIT
116,44,,,0,0,0,0,common,1.0,0.058103246848187906,0.6484671627387416,0.37694580521635346,0.0,0.7413878699357473,0.0,,,EXPLOIT
117,44,,,0,1,1,0,common,0.0,0.40461561625030285,0.5483056156280213,0.38524674852653823,0.0,0.7473552324533094,0.0,,,EXPLOIT
118,44,,,0,1,1,0,common,1.0,0.7369998494373031,0.40882616357120494,0.49077267879976766,0.0,0.7529977082906295,0.0,,,EXPLOIT
119,44,,,0,0,0,0,common,0.0,0.9622328895486778,0.6176937288788171,0.6322107420244407,0.0,0.7583408637879048,0.0,,,EXPLOIT
120,44,,,0,1,1,0,common,0.0,0.520950097865753,0.6864909147951319,0.5988325487768343,0.0,0.744028136671153,0.0,,,EXPLOIT
121,44,,,0,0,0,0,common,1.0,0.37454862179335935,0.6597964392260056,0.5315473706817918,0.0,0.7280844632476208,0.0,,,EXPLOIT
122,44,,,0,0,0,0,common,1.0,0.2434566041656836,0.5304115743784137,0.4451201407269593,0.0,0.7102151864174795,0.0,,,EXPLOIT
123,44,,,0,1,0,0,rare,1.0,0.15824679270769437,0.425903414140966,0.35905813632117983,0.0,0.7180181942126923,0.0,,,EXPLOIT
124,44,,,0,0,0,1,common,1.0,0.3565770833986657,0.6170261799905968,0.35831382044442556,0.0,0.7253399806885698,0.0,,,EXPLOIT
125,44,,,0,0,1,0,rare,1.0,0.6613824363872606,0.5583028809742094,0.44923440522727603,0.0,0.7322233932583976,0.0,,,EXPLOIT
126,44,,,0,1,1,1,common,1.0,0.5608610265557155,0.5157047101620925,0.4827223916258079,0.0,0.7387063395231547,0.0,,,EXPLOIT
127,44,,,0,1,1,0,common,0.0,0.5701014163482806,0.6312395303210069,0.5089360990425497,0.0,0.744822479217301,0.0,,,EXPLOIT
128,44,,,0,0,0,0,common,1.0,0.10286041526000134,0.42082049728295595,0.38711339390778515,0.0,0.7289717356687098,0.0,,,EXPLOIT
129,44,,,0,0,0,1,common,0.0,0.7682248957908673,0.39254478930659675,0.5014468444727098,0.0,0.735642448050033,0.0,,,EXPLOIT
130,44,,,0,0,0,0,common,0.0,0.9331407300809991,0.6558947980810819,0.6309550101551966,0.0,0.7187003511180798,0.0,,,EXPLOIT
131,44,,,0,1,1,1,common,0.0,0.635440332738785,0.6820978717213848,0.632300606930273,0.0,0.6996436626176871,0.0,,,EXPLOIT
132,44,,,0,1,0,1,rare,0.0,0.49934618226406374,0.677059859605126,0.5924142795304101,0.0,0.6780513026474134,0.0,,,EXPLOIT
133,44,,,0,1,1,1,common,1.0,0.5869637837197897,0.6206399386715478,0.590779130787224,0.0,0.653382443641488,0.0,,,EXPLOIT
134,44,,,0,0,0,1,common,0.0,0.32457501847164144,0.6797347174192889,0.5109178970925492,0.0,0.6249306846750712,0.0,,,EXPLOIT
135,44,,,0,1,1,0,common,0.0,0.3705659206263824,0.6039141866810083,0.46881230415269914,0.0,0.5917554374206423,0.0,,,EXPLOIT
136,44,,,0,1,1,1,common,1.0,0.38152645941786334,0.6874360835760469,0.4426265507322484,0.0,0.6086131699983602,0.0,,,EXPLOIT
137,44,,,0,0,0,0,common,0.0,0.6065414745526494,0.5457474842585083,0.49180102787836866,0.0,0.6239847804292734,0.0,,,EXPLOIT
138,44,,,0,1,1,0,common,0.0,0.24086784840714856,0.4662475908536402,0.4165210740370026,0.0,0.6380578089364451,0.0,,,EXPLOIT
139,44,,,0,1,1,1,common,1.0,0.24799219862161115,0.6249088924745088,0.36596241141238517,0.0,0.6509895146531538,0.0,,,EXPLOIT
140,44,,,0,1,0,0,rare,1.0,0.6057480415407779,0.4386587416800323,0.437898100450903,0.0,0.6629127501619024,0.0,,,EXPLOIT
141,44,,,0,1,0,0,rare,0.0,0.6062637729984943,0.3155417850062473,0.4884078022151804,0.0,0.6739405195197349,0.0,,,EXPLOIT
142,44,,,0,1,1,1,common,1.0,0.1611949291040473,0.5357149208930684,0.39024394028184045,0.0,0.6841695515864438,0.0,,,EXPLOIT
143,44,,,0,1,0,0,rare,1.0,0.6059285475509787,0.37350416607694925,0.4549493224625819,0.0,0.6936831282150175,0.0,,,EXPLOIT
144,44,,,0,1,1,1,common,1.0,0.10477670391763072,0.27920531529071824,0.34989753689909653,0.0,0.7025533424944616,0.0,,,EXPLOIT
145,44,,,0,1,1,1,common,0.0,0.93189514245354,0.22704458300807465,0.5244968185654295,0.0,0.7108429166915174,0.0,,,EXPLOIT
146,44,,,0,0,0,0,common,0.0,0.6061464440918638,0.46312947942816796,0.5489917062233598,0.0,0.6907609825757984,0.0,,,EXPLOIT
147,44,,,0,1,1,1,common,1.0,0.39426815740519894,0.41090291717744165,0.5025746415779115,0.0,0.6679293261466848,0.0,,,EXPLOIT
148,44,,,0,1,1,1,common,0.0,0.7437256976866207,0.2846932904905065,0.5749199584105242,0.0,0.6417431013049005,0.0,,,EXPLOIT
149,44,,,0,1,1,1,common,1.0,0.5165782965036966,0.49434493124945633,0.5574174598384759,0.0,0.611406032388004,0.0,,,EXPLOIT
150,44,,,0,1,1,0,common,0.0,0.15656410146464655,0.3312660604389219,0.4371614523263271,0.0,0.5758481743823686,0.0,,,EXPLOIT
151,44,,,0,0,0,0,common,1.0,0.6060048113402885,0.5291593890803787,0.4878144600305155,0.0,0.5941673534477926,0.0,,,EXPLOIT
152,44,,,0,0,0,0,common,0.0,0.6060968726288125,0.6931392206660081,0.5232991838100046,0.0,0.610808498645586,0.0,,,EXPLOIT
153,44,,,0,1,1,1,common,1.0,0.3357758927274028,0.6504737026745822,0.46704219648522405,0.0,0.5751433157504148,0.0,,,EXPLORE
154,44,,,0,1,1,1,common,1.0,0.21825433027281183,0.4962073246566475,0.39240583662150036,0.0,0.5935285747543284,0.0,,,EXPLOIT
155,44,,,0,1,1,1,common,0.0,0.8581346853226723,0.38008599290022316,0.5321244912318519,0.0,0.6102269530537622,0.0,,,EXPLOIT
156,44,,,0,0,0,1,common,1.0,0.7890262379934331,0.6064777732268877,0.6091950152603263,0.0,0.574457149166031,0.0,,,EXPLORE
157,44,,,0,1,1,0,common,0.0,0.10176666595202027,0.6905163220185191,0.45696651046783443,0.0,0.5319316709621162,0.0,,,EXPLORE
158,44,,,0,0,1,1,rare,1.0,0.44221245454026303,0.6133269460233569,0.452540293689563,0.0,0.5545807425689232,0.0,,,EXPLOIT
159,44,,,0,0,0,0,common,1.0,0.6060370327912719,0.47629906113220244,0.4985893154200757,0.0,0.5749428922599227,0.0,,,EXPLOIT
160,44,,,0,0,0,1,common,0.0,0.48713294530426854,0.38142377668540306,0.4951524043853335,0.0,0.5933469612576968,0.0,,,EXPLOIT
161,44,,,0,0,0,1,common,0.0,0.3166364144477746,0.6185399764797048,0.4415976074040658,0.0,0.6100616286177025,0.0,,,EXPLOIT
162,44,,,0,0,0,1,common,0.0,0.2058136693910535,0.6924458713249809,0.37086242600016206,0.0,0.6253085679780435,0.0,,,EXPLOIT
163,44,,,0,1,1,1,common,1.0,0.28743809545117105,0.67367734058844,0.34583512683546475,0.0,0.6392722963231617,0.0,,,EXPLOIT
164,44,,,0,0,0,0,common,0.0,0.6060759286856733,0.5081475262448767,0.42390736739052726,0.0,0.6521076460783408,0.0,,,EXPLOIT
165,44,,,0,0,0,1,common,0.0,0.13377888510418479,0.4394820616955402,0.3368688227046245,0.0,0.6639455037817505,0.0,,,EXPLOIT
166,44,,,0,1,1,1,common,0.0,0.8131652379567388,0.39542002752468414,0.4797577472802588,0.0,0.6748972670215001,0.0,,,EXPLOIT
167,44,,,0,1,1,1,common,1.0,0.47144259532811983,0.5664819215146792,0.47726320169461706,0.0,0.685058341639913,0.0,,,EXPLOIT
168,44,,,0,1,1,1,common,1.0,0.3064376869632779,0.3714626327164262,0.4260155472752153,0.0,0.6945109119593041,0.0,,,EXPLOIT
169,44,,,0,1,1,1,common,1.0,0.19918449652613068,0.2596884084857014,0.3579662320504899,0.0,0.7033261544322686,0.0,,,EXPLOIT
170,44,,,0,1,1,1,common,1.0,0.129469922741985,0.20080282995961163,0.28941733925793844,0.0,0.7115660209501946,0.0,,,EXPLOIT
171,44,,,0,1,1,1,common,1.0,0.08415544978229028,0.1685291353305917,0.227838772415244,0.0,0.7192846863502058,0.0,,,EXPLOIT
172,44,,,0,1,1,1,common,1.0,0.054701042358488716,0.14995229438000002,0.1758974533982174,0.0,0.7265297316467804,0.0,,,EXPLOIT
173,44,,,0,1,0,1,rare,1.0,0.9130437246822799,0.13883634098379238,0.3970413347834361,0.0,0.7333431176168117,0.0,,,EXPLOIT
174,44,,,0,1,0,1,rare,0.0,0.406521578956518,0.1319989338002496,0.39988540803536066,0.0,0.7397619908314503,0.0,,,EXPLOIT
175,44,,,0,1,1,1,common,0.0,0.9644443224669823,0.33505654852931693,0.5692530823648472,0.0,0.7458193548384181,0.0,,,EXPLOIT
176,44,,,0,0,0,1,common,0.0,0.26423902632173674,0.5269104863965699,0.477748865551914,0.0,0.7300848330253757,0.0,,,EXPLOIT
177,44,,,0,0,0,0,common,1.0,0.6060506463543124,0.4983173178352234,0.5162393997926334,0.0,0.7366909854417472,0.0,,,EXPLOIT
178,44,,,0,0,1,1,rare,0.0,0.6268888096035385,0.6923435741826627,0.549434222735905,0.0,0.719875470523045,0.0,,,EXPLOIT
179,44,,,0,1,1,1,common,1.0,0.5925222737577,0.6465822985168024,0.5623606380424435,0.0,0.7009696789987682,0.0,,,EXPLOIT
180,44,,,0,1,1,1,common,1.0,0.385139477942505,0.4857480861272823,0.509194290012462,0.0,0.6795591818840155,0.0,,,EXPLOIT
181,44,,,0,1,1,1,common,0.0,0.7496593393373717,0.36750406851192813,0.5813338048099349,0.0,0.6551122424208204,0.0,,,EXPLOIT
182,44,,,0,0,0,1,common,1.0,0.8282446328908711,0.5939761998648496,0.6554070532342158,0.0,0.6269351489255253,0.0,,,EXPLOIT
183,44,,,0,0,0,0,common,1.0,0.393932920130303,0.6917258596146181,0.576964813303042,0.0,0.5941054558256567,0.0,,,EXPLORE
184,44,,,0,0,0,0,common,0.0,0.7439436019153031,0.621422439552041,0.6270584498867202,0.0,0.5553692403187704,0.0,,,EXPLORE
185,44,,,0,0,0,0,common,0.0,0.483563341244947,0.6894763549783679,0.5840099172941882,0.0,0.5089775120942762,0.0,,,EXPLORE
186,44,,,0,1,1,1,common,1.0,0.5127214294307083,0.6200629984070058,0.5626233709351443,0.0,0.452415131343762,0.0,,,EXPLORE
187,44,,,0,1,1,1,common,0.0,0.6667310708700396,0.4724574259962233,0.5938556809156128,0.0,0.38192969884312444,0.0,,,EXPLORE
188,44,,,0,1,1,1,common,1.0,0.5666248039344742,0.6531059275089133,0.5856864178212712,0.0,0.2916640737175507,0.0,,,EXPLORE
189,44,,,0,0,0,1,common,1.0,0.5383590113790663,0.50385905576081,0.5714881958886097,0.0,0.17193998920436146,0.0,,,EXPLORE
190,44,,,0,0,0,1,common,0.0,0.6500666426036069,0.6758266169441889,0.5950617299031088,0.0,0.09090909090909093,0.0,,,EXPLORE
191,44,,,0,0,0,1,common,0.0,0.42254331769234454,0.5561108794192209,0.5433062062398795,0.0,0.09090909090909093,0.0,,,EXPLORE
192,44,,,0,1,0,0,rare,0.0,0.31431617180921556,0.44860640131966856,0.4746091959106803,0.0,0.09090909090909093,0.0,,,EXPLORE
193,44,,,0,1,0,0,rare,1.0,0.7956944883240099,0.6301420740358505,0.5709347836346792,0.0,0.17965545529122232,0.0,,,EXPLORE
194,44,,,0,1,0,0,rare,1.0,0.5172014174106064,0.4619226185268914,0.5548147737674574,0.0,0.09090909090909093,0.0,,,EXPLORE
195,44,,,0,1,1,0,common,1.0,0.9338516671311868,0.3456590631896548,0.6685258417765761,0.0,0.09090909090909093,0.0,,,EXPLORE
196,44,,,0,1,1,1,common,1.0,0.36830612255740824,0.27856146456867786,0.5784599260108257,0.0,0.09090909090909093,0.0,,,EXPLORE
197,44,,,0,0,1,1,rare,1.0,0.23939897966231538,0.23987460619532663,0.47674164210627257,0.0,0.09090909090909093,0.0,,,EXPLORE
198,44,,,0,1,0,0,rare,0.0,0.6638190786831057,0.45529328213337655,0.5328648730793225,0.0,0.17965545529122232,0.0,,,EXPLORE
199,44,,,0,0,0,0,common,0.0,0.43148240114401876,0.6792684888374245,0.5024501314987313,0.0,0.09090909090909093,0.0,,,EXPLORE
200,44,,,0,0,1,1,rare,1.0,0.15560933678050504,0.5757825199992864,0.3983978930832634,0.0,0.09090909090909093,0.0,,,EXPLORE
201,44,,,0,1,1,1,common,0.0,0.8988539310926718,0.692238083344421,0.5485347044860859,0.0,0.17965545529122232,0.0,,,EXPLORE
202,44,,,0,0,0,1,common,0.0,0.274653156500024,0.6308909410480164,0.4663702400902673,0.0,0.09090909090909093,0.0,,,EXPLORE
203,44,,,0,0,0,1,common,0.0,0.17852455172501558,0.6927628850855017,0.38001653358069176,0.0,0.17965545529122232,0.0,,,EXPLORE
204,44,,,0,1,0,0,rare,0.0,0.28046356074361223,0.6547393442060438,0.35015064172956784,0.0,0.25195053896963665,0.0,,,EXPLORE
205,44,,,0,0,0,0,common,0.0,0.18230131448334796,0.6929847795626094,0.2997958435557019,0.0,0.31197800201026266,0.0,,,EXPLORE
206,44,,,0,0,1,1,rare,1.0,0.4157449447897633,0.6765494186936514,0.33458057392592033,0.0,0.3626137856372424,0.0,,,EXPLORE
207,44,,,0,1,0,1,rare,1.0,0.8839590413787399,0.6161696406358372,0.4993941141617662,0.0,0.4059000327452924,0.0,,,EXPLORE
208,44,,,0,1,1,1,common,1.0,0.27023421411334614,0.6860665766299646,0.4306461441472402,0.0,0.4433268371345312,0.0,,,EXPLORE
209,44,,,0,0,0,1,common,0.0,0.42542662310381907,0.5965930283571015,0.4290802878342138,0.0,0.4760069778008542,0.0,,,EXPLORE
210,44,,,0,1,0,0,rare,0.0,0.11849585441417618,0.46268440215731566,0.3359049578082025,0.0,0.5047882362938754,0.0,,,EXPLORE
211,44,,,0,1,1,1,common,1.0,0.175652239173675,0.649901868013874,0.2878291422178442,0.0,0.5303278475182935,0.0,,,EXPLOIT
212,44,,,0,1,0,0,rare,0.0,0.07702230536921452,0.5014887438042543,0.22458709116325531,0.0,0.5531431856165939,0.0,,,EXPLOIT
213,44,,,0,1,0,1,rare,0.0,0.2765273050174824,0.6641972803626592,0.24016915531952343,0.0,0.5736470880232013,0.0,,,EXPLOIT
214,44,,,0,1,1,1,common,1.0,0.11417395546288878,0.6920889386511352,0.20237059536253305,0.0,0.5921729883276855,0.0,,,EXPLOIT
215,44,,,0,0,0,1,common,0.0,0.17974274826136355,0.5955723091837515,0.19558224123218218,0.0,0.6089931308257707,0.0,,,EXPLOIT
216,44,,,0,1,1,1,common,0.0,0.9257869289491223,0.5106033557354178,0.4146436475472642,0.0,0.6243319910980096,0.0,,,EXPLOIT
217,44,,,0,1,1,1,common,1.0,0.3982384961830705,0.649416429013107,0.4097221021380061,0.0,0.6383763127966292,0.0,,,EXPLOIT
218,44,,,0,0,1,0,rare,1.0,0.6070035836352714,0.46900595916171994,0.46890654658718567,0.0,0.6512827158657106,0.0,,,EXPLOIT
219,44,,,0,1,1,1,common,0.0,0.7411449774810042,0.6741887252720631,0.5505780758553311,0.0,0.6631835351894628,0.0,,,EXPLOIT
220,44,,,0,1,1,1,common,1.0,0.5182557646373473,0.6728189717903201,0.540881382489936,0.0,0.6362692302068695,0.0,,,EXPLOIT
221,44,,,0,1,1,1,common,0.0,0.6631337529857243,0.6660399013345387,0.5775570936386725,0.0,0.6050230601996868,0.0,,,EXPLOIT
222,44,,,0,1,1,0,common,0.0,0.6054476706370735,0.6775417520254627,0.5859242667381928,0.0,0.5683096908289917,0.0,,,EXPLORE
223,44,,,0,1,1,0,common,0.0,0.3935409859140978,0.6023142369232022,0.5282092824909642,0.0,0.5245590650844492,0.0,,,EXPLORE
224,44,,,0,1,1,0,common,0.0,0.25580164084416357,0.5315051744213775,0.446486989996924,0.0,0.4715363063590609,0.0,,,EXPLORE
225,44,,,0,0,1,0,rare,0.0,0.16627106654870633,0.48133248637599513,0.3624222129624587,0.0,0.5008372968840404,0.0,,,EXPLOIT
226,44,,,0,0,0,0,common,0.0,0.05006449848998944,0.6175938950937351,0.2687148986207179,0.0,0.526811176251603,0.0,,,EXPLOIT
227,44,,,0,0,0,1,common,0.0,0.11683278636988631,0.6756073358007697,0.2231502649454684,0.0,0.5499930789743842,0.0,,,EXPLOIT
228,44,,,0,1,1,1,common,1.0,0.5689630605592793,0.6919529731304284,0.3268941036296117,0.0,0.5708092180559233,0.0,,,EXPLOIT
229,44,,,0,0,1,1,rare,0.0,0.6301740106364685,0.5507291600095967,0.4178780757316687,0.0,0.5896032555661955,0.0,,,EXPLOIT
230,44,,,0,0,0,0,common,1.0,0.9674580759815069,0.5114255871439958,0.5827520758066201,0.0,0.6066553656804811,0.0,,,EXPLOIT
231,44,,,0,1,1,1,common,0.0,0.40961310691370456,0.6927721824041848,0.5308103851387455,0.0,0.5702393942427715,0.0,,,EXPLORE
232,44,,,0,1,0,0,rare,0.0,0.37115225061202056,0.6590667314691367,0.48291294478072794,0.0,0.526875387285442,0.0,,,EXPLORE
233,44,,,0,0,0,0,common,0.0,0.24124896289781336,0.59901705278526,0.4104137502158535,0.0,0.5500505723401927,0.0,,,EXPLORE
234,44,,,0,1,1,1,common,1.0,0.7337514805060921,0.6784574760802169,0.5074150693029251,0.0,0.5708609928534965,0.0,,,EXPLOIT
235,44,,,0,1,1,1,common,1.0,0.47693846232895987,0.6179173733165491,0.4982720872107355,0.0,0.5276211259188534,0.0,,,EXPLORE
236,44,,,0,1,1,1,common,1.0,0.310010000513824,0.46250490802227023,0.441793461201662,0.0,0.5507183597157742,0.0,,,EXPLORE
237,44,,,0,1,1,1,common,0.0,0.7984934996660145,0.35637060375724633,0.5488034727409677,0.0,0.5714624129496176,0.0,,,EXPLOIT
238,44,,,0,1,1,0,common,0.0,0.10807619325665913,0.590095806545778,0.41658528889567514,0.0,0.5283424716330493,0.0,,,EXPLORE
239,44,,,0,0,1,1,rare,1.0,0.4809792252170906,0.6850779766175915,0.4359034697920997,0.0,0.5513644211196305,0.0,,,EXPLOIT
240,44,,,0,1,0,1,rare,0.0,0.0759413111404261,0.62311954010893,0.3279148221965976,0.0,0.5720443610844733,0.0,,,EXPLORE
241,44,,,0,0,1,1,rare,1.0,0.3126364963911089,0.5337204342893367,0.323331324454951,0.0,0.5907214727816091,0.0,,,EXPLOIT
242,44,,,0,0,0,0,common,1.0,0.8431881741164213,0.3855927351552177,0.4792883793533921,0.0,0.6076724583610172,0.0,,,EXPLOIT
243,44,,,0,0,0,1,common,1.0,0.950638147758723,0.29748136532460673,0.6206933098749914,0.0,0.6231252938073333,0.0,,,EXPLOIT
244,44,,,0,1,1,0,common,1.0,0.9297504743831716,0.24745553469865167,0.7134104592274454,0.0,0.5896371427997855,0.0,,,EXPLORE
245,44,,,0,1,1,1,common,1.0,0.20321372265422077,0.4702852089999633,0.560351438255478,0.0,0.5500560490882053,0.0,,,EXPLORE
246,44,,,0,0,0,0,common,0.0,0.4519276868243261,0.6183123986376522,0.5278243128261324,0.0,0.5025553858910399,0.0,,,EXPLOIT
247,44,,,0,1,1,1,common,1.0,0.1320889197252435,0.6724543489007475,0.40910369489586573,0.0,0.44449731329538256,0.0,,,EXPLORE
248,44,,,0,1,1,1,common,1.0,0.08585779782140823,0.6055309183425661,0.3121299257735285,0.0,0.477033835854899,0.0,,,EXPLORE
249,44,,,0,1,1,1,common,1.0,0.055807568583915335,0.5453748259133291,0.23523321861664453,0.0,0.505696331326914,0.0,,,EXPLOIT
250,44,,,0,1,1,1,common,1.0,0.036274919579544984,0.5025774088095438,0.17554572890551465,0.0,0.5311366134325223,0.0,,,EXPLOIT
251,44,,,0,1,1,1,common,1.0,0.02357869772670429,0.4740677569066575,0.12995561955187154,0.0,0.5538680364254593,0.0,,,EXPLOIT
252,44,,,0,0,0,1,common,0.0,0.38208520395683004,0.45545791106736516,0.20559449487335907,0.0,0.5743004059377794,0.0,,,EXPLOIT
253,44,,,0,1,1,1,common,1.0,0.015326153522357777,0.29052149721097187,0.14851399246805866,0.0,0.5927648341040879,0.0,,,EXPLOIT
254,44,,,0,1,1,1,common,0.0,0.9900380002104674,0.28065113906440226,0.40097119479078125,0.0,0.6095317633637976,0.0,,,EXPLOIT
255,44,,,0,1,1,0,common,0.0,0.3956621916509385,0.5687973809228766,0.3993784938488284,0.0,0.6248242534809619,0.0,,,EXPLOIT
256,44,,,0,1,1,0,common,0.0,0.2571804245731101,0.6891195847643268,0.35671907306611284,0.0,0.6388279231735718,0.0,,,EXPLOIT
257,44,,,0,1,1,1,common,1.0,0.35647529986319615,0.673847158551256,0.35664594110523784,0.0,0.6516984894582918,0.0,,,EXPLOIT
258,44,,,0,0,0,0,common,0.0,0.293752996435812,0.6461233690279212,0.33777805770441005,0.0,0.6635675557252422,0.0,,,EXPLOIT
259,44,,,0,1,1,1,common,1.0,0.23170894491107752,0.5533035010614685,0.3059573238664103,0.0,0.6745471054451727,0.0,,,EXPLOIT
260,44,,,0,1,1,1,common,1.0,0.15061081419220035,0.40646021184494957,0.2593533709641473,0.0,0.6847330270724814,0.0,,,EXPLOIT
261,44,,,0,1,1,1,common,1.0,0.09789702922493027,0.3163793138172938,0.21091646844238218,0.0,0.6942079053687128,0.0,,,EXPLOIT
262,44,,,0,1,1,1,common,0.0,0.9363669310037953,0.2645044037808108,0.4285516072108061,0.0,0.7030432512880515,0.0,,,EXPLOIT
263,44,,,0,0,0,1,common,0.0,0.24835538257193954,0.518083500108307,0.3744927398191461,0.0,0.7113012978983845,0.0,,,EXPLOIT
264,44,,,0,1,0,0,rare,1.0,0.8090605523167222,0.4437289058918498,0.5048630835684189,0.0,0.7190364577733499,0.0,,,EXPLOIT
265,44,,,0,1,0,0,rare,0.0,0.4741106409941306,0.31494141943971943,0.49563735079613236,0.0,0.7000229932492253,0.0,,,EXPLOIT
266,44,,,0,1,1,1,common,1.0,0.391361494847533,0.5314299161257379,0.46435459401155255,0.0,0.7084763088913804,0.0,,,EXPLOIT
267,44,,,0,1,0,1,rare,0.0,0.1614309986717607,0.36699957203167105,0.37347751540961494,0.0,0.7163885244801421,0.0,,,EXPLOIT
268,44,,,0,1,1,1,common,1.0,0.25438497165089646,0.566601897493359,0.3377497522819994,0.0,0.7238096196451808,0.0,,,EXPLOIT
269,44,,,0,1,1,1,common,0.0,0.8346497684269173,0.39013970875389814,0.4868197571254747,0.0,0.7307836029573592,0.0,,,EXPLOIT
270,44,,,0,0,1,1,rare,0.0,0.5425223494774962,0.5807735251847536,0.5035305348310811,0.0,0.7373493777805065,0.0,,,EXPLOIT
271,44,,,0,1,1,0,common,0.0,0.16716727597252157,0.5358476417611271,0.4026215571735132,0.0,0.7206130910506635,0.0,,,EXPLOIT
272,44,,,0,1,1,1,common,1.0,0.6473604728396274,0.6423056082243777,0.4760432318733474,0.0,0.7277780538402139,0.0,,,EXPLOIT
273,44,,,0,1,1,1,common,1.0,0.4207843073457579,0.43382340390979884,0.45946555451507054,0.0,0.7345183289606317,0.0,,,EXPLOIT
274,44,,,0,1,0,0,rare,1.0,0.6918280833538151,0.2949789402282736,0.5291743131666939,0.0,0.7408702766825543,0.0,,,EXPLOIT
275,44,,,0,1,1,1,common,1.0,0.27350979977474266,0.22122178955443317,0.4524749591491085,0.0,0.724554350763836,0.0,,,EXPLOIT
276,44,,,0,1,1,1,common,1.0,0.17778136985358273,0.18134271801073124,0.37006688236045077,0.0,0.7314841891946516,0.0,,,EXPLOIT
277,44,,,0,1,1,1,common,0.0,0.8844421095951712,0.15870753998647133,0.5243794505308669,0.0,0.7380095986369007,0.0,,,EXPLOIT
278,44,,,0,1,1,1,common,1.0,0.4251126287631387,0.3705948944113508,0.4945994040005484,0.0,0.7213525630359481,0.0,,,EXPLOIT
279,44,,,0,1,0,0,rare,1.0,0.4496882541799798,0.2611250381940345,0.48112605905437783,0.0,0.7284731289933547,0.0,,,EXPLOIT
280,44,,,0,1,1,1,common,1.0,0.2763232086960402,0.20314013918831902,0.41968520394687653,0.0,0.7351728566858371,0.0,,,EXPLOIT
281,44,,,0,1,0,0,rare,0.0,0.7077026347830131,0.17120949134102753,0.5060904331977174,0.0,0.7414876739322817,0.0,,,EXPLOIT
282,44,,,0,1,1,1,common,1.0,0.1796100856524261,0.38500162050344916,0.40814632893413,0.0,0.7252448816473264,0.0,,,EXPLOIT
283,44,,,0,1,1,1,common,1.0,0.11674655567407699,0.26875657130338526,0.32072639695611405,0.0,0.7321339061502161,0.0,,,EXPLOIT
284,44,,,0,1,1,1,common,1.0,0.07588526118815009,0.20724174213674906,0.24727405622572485,0.0,0.738621986001861,0.0,,,EXPLOIT
285,44,,,0,1,1,1,common,1.0,0.04932541977229754,0.1735252024647388,0.18788946528969663,0.0,0.7447428337908987,0.0,,,EXPLOIT
286,44,,,0,1,1,1,common,1.0,0.032061522851993374,0.15413310180307727,0.14114108255838564,0.0,0.750526485941869,0.0,,,EXPLOIT
287,44,,,0,1,1,1,common,0.0,0.9791600101462044,0.1425383831428168,0.3925467608347312,0.0,0.7559997905070461,0.0,,,EXPLOIT
288,44,,,0,1,0,0,rare,1.0,0.5399932873910415,0.3508762792297718,0.4367807188016243,0.0,0.7611868192957996,0.0,,,EXPLOIT
289,44,,,0,1,1,1,common,0.0,0.6364540065950328,0.2507191298523922,0.49668270513964685,0.0,0.766109217688638,0.0,,,EXPLOIT
290,44,,,0,1,0,0,rare,1.0,0.350995636804177,0.46350449586120135,0.45297658463900586,0.0,0.7707865028583828,0.0,,,EXPLOIT
291,44,,,0,1,1,1,common,1.0,0.5863048957132286,0.3113657591900617,0.4929750779612727,0.0,0.7752363190629527,0.0,,,EXPLOIT
292,44,,,0,1,1,1,common,1.0,0.3810981822135986,0.22989374054568357,0.45941200923697045,0.0,0.7794746570502236,0.0,,,EXPLOIT
293,44,,,0,1,1,1,common,1.0,0.2477138184388391,0.18613899152036745,0.395902551997531,0.0,0.783516043326009,0.0,,,EXPLOIT
294,44,,,0,1,1,1,common,0.0,0.8389860180147546,0.16148892306703433,0.5288275918026981,0.0,0.7873737040065225,0.0,,,EXPLOIT
295,44,,,0,1,1,1,common,0.0,0.5453409117095904,0.3738599520936183,0.5337815877747658,0.0,0.7760888045070574,0.0,,,EXPLOIT
296,44,,,0,0,1,1,rare,0.0,0.3544715926112338,0.5552725113373369,0.4799885892257062,0.0,0.7636713586572995,0.0,,,EXPLOIT
297,44,,,0,1,1,1,common,1.0,0.7695934648026981,0.5251519910653341,0.5668700518988037,0.0,0.7684693051983909,0.0,,,EXPLOIT
298,44,,,0,1,1,1,common,1.0,0.5002357521217538,0.3372686573410365,0.5468797619656887,0.0,0.7552553372245745,0.0,,,EXPLOIT
299,44,,,0,1,0,0,rare,1.0,0.22814716392271506,0.2355735076598829,0.45125998255279653,0.0,0.740598783013478,0.0,,,EXPLOIT
300,44,,,0,1,0,0,rare,1.0,0.14829565654976484,0.18270788562780915,0.360370684751887,0.0,0.7466097466909044,0.0,,,EXPLOIT
301,44,,,0,1,0,0,rare,0.0,0.9036078232426529,0.15381763672881557,0.5233418262991167,0.0,0.7522923419196857,0.0,,,EXPLOIT
302,44,,,0,0,1,1,rare,1.0,0.3251532388791398,0.35447504230398164,0.46388525007312365,0.0,0.7373016009386125,0.0,,,EXPLOIT
303,44,,,0,0,1,1,rare,0.0,0.7886503947285591,0.6285011567745042,0.5613147934697542,0.0,0.7434963667999723,0.0,,,EXPLOIT
304,44,,,0,1,1,1,common,1.0,0.4873772434264365,0.5208704039208715,0.5391335284567589,0.0,0.7274903227936452,0.0,,,EXPLOIT
305,44,,,0,1,0,0,rare,1.0,0.41265491489227557,0.3901571922192955,0.5011899443874139,0.0,0.7095470582714862,0.0,,,EXPLOIT
306,44,,,0,1,0,0,rare,1.0,0.26822569467997914,0.31145339325098276,0.4313006694751835,0.0,0.6892933139234466,0.0,,,EXPLOIT
307,44,,,0,1,1,1,common,1.0,0.31679520822718377,0.2656874957150813,0.39694903110078356,0.0,0.6984577466427243,0.0,,,EXPLOIT
308,44,,,0,1,1,1,common,1.0,0.2059168853476695,0.23853857190442745,0.33963938737484933,0.0,0.70701310830416,0.0,,,EXPLOIT
309,44,,,0,1,1,1,common,1.0,0.1338459754759852,0.22201911322976622,0.27790136380519004,0.0,0.7150177734165084,0.0,,,EXPLOIT
310,44,,,0,1,1,1,common,1.0,0.08699988405939041,0.21175767734398313,0.22063091988145014,0.0,0.7225228881684359,0.0,,,EXPLOIT
311,44,,,0,1,0,1,rare,0.0,0.10493014913664445,0.2052877256623083,0.18592068865800843,0.0,0.7295734556680138,0.0,,,EXPLOIT
312,44,,,0,0,1,1,rare,0.0,0.9434500753613962,0.46932601763642656,0.41317950466902476,0.0,0.7362092313603054,0.0,,,EXPLOIT
313,44,,,0,1,1,1,common,0.0,0.6132425489849076,0.3902923918385277,0.4731984179637896,0.0,0.7424654662617141,0.0,,,EXPLOIT
314,44,,,0,1,0,0,rare,1.0,0.1743467015419864,0.583845072394342,0.3835429030372486,0.0,0.7483735273554036,0.0,,,EXPLOIT
315,44,,,0,1,1,1,common,1.0,0.60139234315981,0.4056059179938493,0.448897735074017,0.0,0.7539614181988944,0.0,,,EXPLOIT
316,44,,,0,1,1,1,common,1.0,0.39090502305387653,0.2964773813619049,0.43149992146797483,0.0,0.7592542179804483,0.0,,,EXPLOIT
317,44,,,0,1,0,0,rare,1.0,0.11332535600229121,0.23625676184868233,0.33604755182826973,0.0,0.7642744535488449,0.0,,,EXPLOIT
318,44,,,0,1,1,1,common,1.0,0.2540882649850198,0.202245305355088,0.3114597657752947,0.0,0.7690424160580536,0.0,,,EXPLOIT
319,44,,,0,0,0,0,common,1.0,0.07366148140148931,0.18228764874324418,0.24012028046315306,0.0,0.7735764316134571,0.0,,,EXPLOIT
320,44,,,0,1,1,1,common,0.0,0.8348426277597372,0.38730752613178165,0.41853698465212824,0.0,0.7778930935311452,0.0,,,EXPLOIT
321,44,,,0,1,1,1,common,1.0,0.4573522919561708,0.6511991215271683,0.430181576843341,0.0,0.7820074624156028,0.0,,,EXPLOIT
322,44,,,0,1,1,1,common,0.0,0.702721010228489,0.5529432446234315,0.5119434068588854,0.0,0.7859332391405967,0.0,,,EXPLOIT
323,44,,,0,1,0,0,rare,1.0,0.04787996291096808,0.6918346784425435,0.37272437367451017,0.0,0.7745068983283943,0.0,,,EXPLOIT
324,44,,,0,1,1,1,common,1.0,0.5432313433514822,0.6146721174836278,0.42387646457760175,0.0,0.778779572498927,0.0,,,EXPLOIT
325,44,,,0,1,0,0,rare,0.0,0.9688780241078707,0.5203461498165833,0.5873769324366824,0.0,0.7828529590492823,0.0,,,EXPLOIT
326,44,,,0,0,1,1,rare,0.0,0.6468996268215366,0.6881064661663683,0.6052337407521386,0.0,0.7711210985599687,0.0,,,EXPLOIT
327,44,,,0,0,0,1,common,0.0,0.06820459693881889,0.6117596123937277,0.4441249976081427,0.0,0.7581872627952516,0.0,,,EXPLOIT
328,44,,,0,1,1,1,common,1.0,0.5795152425660012,0.5283841760098601,0.48474207109550027,0.0,0.7632618992464199,0.0,,,EXPLOIT
329,44,,,0,1,1,1,common,1.0,0.37668490766790075,0.37643897443220176,0.4523249220672204,0.0,0.7680802530319206,0.0,,,EXPLOIT
330,44,,,0,1,1,1,common,1.0,0.24484518998413551,0.28735598076521773,0.39008100244229493,0.0,0.7726610347676446,0.0,,,EXPLOIT
331,44,,,0,1,1,1,common,0.0,0.840850626510312,0.23731115936440828,0.5253118896627,0.0,0.7770211772680444,0.0,,,EXPLOIT
332,44,,,0,1,1,1,common,1.0,0.4534470927682972,0.48061954867209566,0.5037524505943791,0.0,0.7646994333679251,0.0,,,EXPLOIT
333,44,,,0,1,1,0,common,0.0,0.10865872938213902,0.34707254377966384,0.38522433423070707,0.0,0.7510818408359871,0.0,,,EXPLOIT
334,44,,,0,1,1,1,common,1.0,0.29474061029939325,0.5648407321956661,0.3580792170513129,0.0,0.7565257689862654,0.0,,,EXPLOIT
335,44,,,0,1,1,1,common,1.0,0.1915813966946056,0.40058097127533665,0.3081298709443007,0.0,0.7616856675108783,0.0,,,EXPLOIT
336,44,,,0,1,1,1,common,0.0,0.8754720921485064,0.30091763672710503,0.47833253730556236,0.0,0.7665829585319731,0.0,,,EXPLOIT
337,44,,,0,1,1,1,common,1.0,0.4309431401034708,0.5327600346717694,0.46411571814493485,0.0,0.7712369630295631,0.0,,,EXPLOIT
338,44,,,0,1,1,1,common,1.0,0.280113041067256,0.37924085395001594,0.40891491502163113,0.0,0.7756651522903142,0.0,,,EXPLOIT
339,44,,,0,1,0,0,rare,0.0,0.629770715670116,0.28892617575180723,0.47517165521617655,0.0,0.7798833640905839,0.0,,,EXPLOIT
340,44,,,0,0,0,0,common,1.0,0.5906490348144245,0.5236945821557015,0.5098148690956509,0.0,0.7839059892522817,0.0,,,EXPLOIT
341,44,,,0,0,0,0,common,0.0,0.6160781273706241,0.6902964338272857,0.5416938465781428,0.0,0.7722790441019516,0.0,,,EXPLOIT
342,44,,,0,0,0,1,common,0.0,0.04433298801023228,0.6161473152436805,0.3924855890077696,0.0,0.7594665534240436,0.0,,,EXPLOIT
343,44,,,0,1,0,0,rare,1.0,0.5995492172090944,0.5302696277941473,0.454604677468167,0.0,0.7644759954520518,0.0,,,EXPLOIT
344,44,,,0,1,0,0,rare,1.0,0.38970699118591134,0.3799038259141015,0.4351353715834903,0.0,0.7692339575437758,0.0,,,EXPLOIT
345,44,,,0,0,0,1,common,1.0,0.971183557793349,0.2912539541799415,0.5959498274464479,0.0,0.7737586899716875,0.0,,,EXPLOIT
346,44,,,0,0,0,1,common,0.0,0.3687306874343231,0.5291593514839816,0.5277840854428104,0.0,0.7611003914072372,0.0,,,EXPLOIT
347,44,,,0,1,1,1,common,1.0,0.18207347669371643,0.38054885649763964,0.4240709028180822,0.0,0.7470915587458664,0.0,,,EXPLOIT
348,44,,,0,0,0,0,common,1.0,0.2533095442708424,0.3213945794324177,0.3728424952539102,0.0,0.752748209286984,0.0,,,EXPLOIT
349,44,,,0,1,1,1,common,1.0,0.11834775985091572,0.5295844530190073,0.29649407463301186,0.0,0.7581044380783531,0.0,,,EXPLOIT
350,44,,,0,1,1,1,common,1.0,0.07692604390309521,0.48837592230192506,0.23062366541403684,0.0,0.7631833090184016,0.0,,,EXPLOIT
351,44,,,0,1,1,1,common,1.0,0.05000192853701191,0.4611893097401504,0.17643714435092933,0.0,0.7680055843413393,0.0,,,EXPLOIT
352,44,,,0,0,0,0,common,1.0,0.16465120377604758,0.4435223650913982,0.1729013621784648,0.0,0.7725900047539448,0.0,,,EXPLOIT
353,44,,,0,1,0,1,rare,0.0,0.23967494683231,0.5791915759199542,0.19293343757461834,0.0,0.7769535296298908,0.0,,,EXPLOIT
354,44,,,0,1,0,0,rare,1.0,0.10702328245443093,0.6794450059037238,0.16716039103856212,0.0,0.7811115437516319,0.0,,,EXPLOIT
355,44,,,0,1,1,1,common,1.0,0.03250125354905775,0.6886546745784119,0.1267626497917108,0.0,0.7850780359120526,0.0,,,EXPLOIT
356,44,,,0,0,0,0,common,1.0,0.06956513359538008,0.659204554314143,0.10960339493281158,0.0,0.7888657537453719,0.0,,,EXPLOIT
357,44,,,0,1,1,1,common,1.0,0.021125814806887577,0.6912441559005293,0.08306012089503438,0.0,0.7924863383982318,0.0,,,EXPLOIT
358,44,,,0,1,1,1,common,1.0,0.013731779624476914,0.6785180830710651,0.06226161851386714,0.0,0.7959504420383254,0.0,,,EXPLOIT
359,44,,,0,1,1,0,common,1.0,0.9293718259016096,0.6641998839613413,0.3223946807301899,0.0,0.7992678306992045,0.0,,,EXPLOIT
360,44,,,0,0,0,0,common,1.0,0.045217336836997024,0.6525613417215672,0.23924147756223202,0.0,0.8024474745526378,0.0,,,EXPLOIT
361,44,,,0,1,1,1,common,1.0,0.00892565675590995,0.680708028195486,0.1701467313203354,0.0,0.8054976273658162,0.0,,,EXPLOIT
362,44,,,0,0,1,1,rare,0.0,0.9941983231086585,0.675585316170922,0.41736220885683234,0.0,0.8084258966254805,0.0,,,EXPLOIT
363,44,,,0,1,0,1,rare,0.0,0.1557887154410015,0.4512545707792306,0.33889016083208306,0.0,0.8112393055833921,0.0,,,EXPLOIT
364,44,,,0,1,1,1,common,0.0,0.646228910020628,0.6856510532476869,0.4310917855886465,0.0,0.8139443482885126,0.0,,,EXPLOIT
365,44,,,0,0,0,0,common,1.0,0.029391268944048088,0.6446663567556978,0.31058163059526694,0.0,0.8165470385136558,0.0,,,EXPLOIT
366,44,,,0,0,1,1,rare,1.0,0.5799512084865918,0.5324170699147521,0.39139250396266434,0.0,0.8190529533525401,0.0,,,EXPLOIT
367,44,,,0,0,1,1,rare,1.0,0.3769682855162847,0.44567187077028514,0.3870652384287504,0.0,0.821467272152475,0.0,,,EXPLOIT
368,44,,,0,1,1,1,common,1.0,0.24502938558558507,0.3897076964949514,0.3444544825758008,0.0,0.8237948113546876,0.0,,,EXPLOIT
369,44,,,0,1,0,1,rare,0.0,0.10126266503665099,0.5701509273160474,0.27149693731405583,0.0,0.8260400557355035,0.0,,,EXPLOIT
370,44,,,0,0,0,0,common,1.0,0.019104324813631224,0.38144644931862126,0.19577915356392844,0.0,0.8282071864748164,0.0,,,EXPLOIT
371,44,,,0,1,1,1,common,1.0,0.15926910063063027,0.3468238987242602,0.18482613768393896,0.0,0.8303001064214922,0.0,,,EXPLOIT
372,44,,,0,1,1,1,common,1.0,0.10352491540990971,0.5301751824587853,0.16043577100173018,0.0,0.8323224628769492,0.0,,,EXPLOIT
373,44,,,0,1,1,0,common,1.0,0.6040916868360463,0.6346012493047474,0.29353254575202503,0.0,0.8342776681767502,0.0,,,EXPLOIT
374,44,,,0,1,1,1,common,1.0,0.06729119501644132,0.6779675850161309,0.2256601405313499,0.0,0.8361689183145604,0.0,,,EXPLOIT
375,44,,,0,1,1,1,common,1.0,0.043739276760686896,0.6913250090076999,0.171083881400151,0.0,0.8379992098223155,0.0,,,EXPLOIT
376,44,,,0,0,0,0,common,1.0,0.012417811128860312,0.6930431142906872,0.12348406031876377,0.0,0.839771355094157,0.0,,,EXPLOIT
377,44,,,0,0,0,0,common,0.0,0.9919284227662408,0.6923765017415643,0.3840173690530069,0.0,0.8414879963189922,0.0,,,EXPLOIT
378,44,,,0,1,0,1,rare,0.0,0.06582073227382315,0.5299502189257543,0.28855837801925177,0.0,0.8431516181668651,0.0,,,EXPLOIT
379,44,,,0,1,1,1,common,1.0,0.0284305298944465,0.6928214236424752,0.21052002358181018,0.0,0.8447645593572733,0.0,,,EXPLOIT
380,44,,,0,1,0,0,rare,1.0,0.35524652520194344,0.6625893454875877,0.2539379740678502,0.0,0.846329023222723,0.0,,,EXPLOIT
381,44,,,0,1,1,0,common,0.0,0.6073404035565699,0.6082688360737263,0.3599587029144661,0.0,0.847847087367881,0.0,,,EXPLOIT
382,44,,,0,1,1,1,common,1.0,0.01847984443139028,0.6816938962456359,0.25751504536954334,0.0,0.8493207125133894,0.0,,,EXPLOIT
383,44,,,0,0,1,1,rare,1.0,0.01201189888040366,0.6791101611430226,0.1838641014228014,0.0,0.8507517506035238,0.0,,,EXPLOIT
384,44,,,0,1,0,0,rare,1.0,0.23091024138126326,0.6882758889275249,0.19797794341033997,0.0,0.8521419522482035,0.0,,,EXPLOIT
385,44,,,0,1,1,1,common,1.0,0.007807734272262334,0.6871679612050847,0.14092688066891665,0.0,0.8534929735622567,0.0,,,EXPLOIT
386,44,,,0,1,1,1,common,0.0,0.9949249727230295,0.6639444925184602,0.3971263082851505,0.0,0.8548063824581318,0.0,,,EXPLOIT
387,44,,,0,0,1,0,rare,0.0,0.39477126231177045,0.6302220554344107,0.39641979449313647,0.0,0.8560836644423434,0.0,,,EXPLOIT
388,44,,,0,1,1,1,common,1.0,0.35329876773003077,0.6805963814604021,0.3834834864642047,0.0,0.8573262279607211,0.0,,,EXPLOIT
389,44,,,0,1,1,1,common,1.0,0.22964419902452005,0.5969239875400824,0.33733170023229925,0.0,0.8585354093329108,0.0,,,EXPLOIT
390,44,,,0,1,1,1,common,1.0,0.14926872936593805,0.5158176050063775,0.28091280897239085,0.0,0.8597124773124853,0.0,,,EXPLOIT
391,44,,,0,1,1,1,common,1.0,0.09702467408785975,0.4589598145108531,0.2257463685070315,0.0,0.8608586373053922,0.0,,,EXPLOIT
392,44,,,0,1,0,0,rare,0.0,0.8499083431021789,0.42197360578830845,0.4129949608855757,0.0,0.8619750352762346,0.0,,,EXPLOIT
393,44,,,0,0,1,1,rare,1.0,0.06306603815710887,0.6689034278842511,0.30801628406703563,0.0,0.8630627613690084,0.0,,,EXPLOIT
394,44,,,0,0,0,0,common,1.0,0.44755957698358373,0.6840940178737724,0.3498792719420001,0.0,0.8641228532663512,0.0,,,EXPLOIT
395,44,,,0,0,1,0,rare,1.0,0.7433986794973492,0.6297792045154925,0.4679350942086048,0.0,0.8651562993090776,0.0,,,EXPLOIT
396,44,,,0,1,1,1,common,1.0,0.0409929248021208,0.5745634185354581,0.3398524433866596,0.0,0.8661640413957181,0.0,,,EXPLOIT
397,44,,,0,1,1,1,common,1.0,0.026645401121378476,0.6653461089971131,0.24589033070707525,0.0,0.8671469776799561,0.0,,,EXPLOIT
398,44,,,0,0,1,1,rare,1.0,0.017319510728896037,0.6915190109294873,0.17731908471362148,0.0,0.868105965082204,0.0,,,EXPLOIT
399,44,,,0,0,0,0,common,1.0,0.29091372503932944,0.6812086930203263,0.21139747681133386,0.0,0.8690418216300947,0.0,,,EXPLOIT
400,44,,,0,1,1,1,common,1.0,0.011257681973782407,0.6696510253601499,0.15135553836006843,0.0,0.8699553286413277,0.0,,,EXPLOIT
401,44,,,0,1,0,0,rare,1.0,0.18909392127556413,0.6880680850615766,0.16267705323471715,0.0,0.8708472327611225,0.0,,,EXPLOIT
402,44,,,0,1,1,1,common,0.0,0.9926825067170414,0.6928561525987962,0.4116786892794144,0.0,0.8717182478654528,0.0,,,EXPLOIT
403,44,,,0,0,0,0,common,1.0,0.12291104882911674,0.5088156996668797,0.3250483971443251,0.0,0.8725690568402651,0.0,,,EXPLOIT
404,44,,,0,1,1,1,common,1.0,0.35475637063392307,0.49038016796062334,0.3339607891912045,0.0,0.8734003132460076,0.0,,,EXPLOIT
405,44,,,0,1,0,0,rare,1.0,0.07989218173892587,0.6056328213453395,0.2577402069555209,0.0,0.874212642876004,0.0,,,EXPLOIT
406,44,,,0,1,0,0,rare,1.0,0.05192991813030179,0.6609858506654207,0.19599712030795516,0.0,0.8750066452164854,0.0,,,EXPLOIT
407,44,,,0,0,0,0,common,0.0,0.9662455532153038,0.6833637231452689,0.42707165018015975,0.0,0.8757828948154466,0.0,,,EXPLOIT
408,44,,,0,0,1,0,rare,1.0,0.483209141673277,0.5692420381653577,0.4439128976280949,0.0,0.8765419425669018,0.0,,,EXPLOIT
409,44,,,0,0,0,0,common,1.0,0.37194039041005245,0.6580177154272797,0.4223211454626821,0.0,0.8772843169165748,0.0,,,EXPLOIT
410,44,,,0,0,1,1,rare,0.0,0.76940835908795,0.6882504475376315,0.5264473095502624,0.0,0.8780105249945769,0.0,,,EXPLOIT
411,44,,,0,1,1,1,common,1.0,0.4998845665928324,0.5025621083845027,0.5184784866630334,0.0,0.873824266476045,0.0,,,EXPLOIT
412,44,,,0,1,1,0,common,0.0,0.6859140579123699,0.4685688204556999,0.5687091580378343,0.0,0.8693868966594925,0.0,,,EXPLOIT
413,44,,,0,0,0,1,common,1.0,0.957216524022015,0.6866890977945055,0.6852613678330884,0.0,0.8646753680125835,0.0,,,EXPLOIT
414,44,,,0,0,1,1,rare,1.0,0.3249249682853411,0.6729428664493675,0.5771604479687642,0.0,0.8596637238141516,0.0,,,EXPLOIT
415,44,,,0,0,1,1,rare,1.0,0.2112012293854717,0.6159461451377706,0.46737268239377644,0.0,0.8543226241706591,0.0,,,EXPLOIT
416,44,,,0,1,1,1,common,1.0,0.13728079910055657,0.5648526063336755,0.3683451174058105,0.0,0.8556131622249858,0.0,,,EXPLOIT
417,44,,,0,0,1,1,rare,1.0,0.08923251941536181,0.6589869774831143,0.2846113380086759,0.0,0.8568684671205772,0.0,,,EXPLOIT
418,44,,,0,0,1,1,rare,1.0,0.058001137619985155,0.6344994479434103,0.21662827789206865,0.0,0.858089901427024,0.0,,,EXPLOIT
419,44,,,0,0,1,1,rare,1.0,0.03770073945299035,0.6157831738369024,0.16295001636034515,0.0,0.8592787584949022,0.0,,,EXPLOIT
420,44,,,0,1,1,1,common,0.0,0.9754945193555563,0.6026036033314376,0.4067133672589085,0.0,0.8604362667975709,0.0,,,EXPLOIT
421,44,,,0,0,1,1,rare,1.0,0.3659285624188884,0.3796130557031317,0.39447792580690244,0.0,0.8615635939501998,0.0,,,EXPLOIT
422,44,,,0,0,0,0,common,0.0,0.7582387462334659,0.3694590122711187,0.5036061719348714,0.0,0.8626618504336706,0.0,,,EXPLOIT
423,44,,,0,0,1,1,rare,1.0,0.23785356557227744,0.6485037800311111,0.42388039002609323,0.0,0.8575191097875824,0.0,,,EXPLOIT
424,44,,,0,0,0,0,common,0.0,0.49285518505175285,0.5575564005242784,0.4445728285337911,0.0,0.8587231440146653,0.0,,,EXPLOIT
425,44,,,0,0,0,1,common,0.0,0.37780925938569027,0.6927916672242513,0.4245437577893608,0.0,0.8598952590554271,0.0,,,EXPLOIT
426,44,,,0,0,0,0,common,1.0,0.6796441297163607,0.6442954535655725,0.5010738693674608,0.0,0.8610366506895932,0.0,,,EXPLOIT
427,44,,,0,1,1,1,common,1.0,0.1546048176219803,0.6814644791883084,0.39713315384381664,0.0,0.8557868543018593,0.0,,,EXPLOIT
428,44,,,0,1,1,0,common,1.0,0.5541558623569596,0.671903181749878,0.44423996639775953,0.0,0.8570374490866773,0.0,,,EXPLOIT
429,44,,,0,0,0,0,common,0.0,0.5582313156843656,0.6036077709329987,0.4784373711837413,0.0,0.8582543541129996,0.0,,,EXPLOIT
430,44,,,0,1,0,1,rare,0.0,0.2455760186006987,0.43685527717700645,0.4085789654088285,0.0,0.8594388536117019,0.0,,,EXPLOIT
431,44,,,0,0,0,0,common,1.0,0.6371496448051623,0.6532207976403306,0.47715016922772857,0.0,0.8605921675043876,0.0,,,EXPLOIT
432,44,,,0,1,1,1,common,1.0,0.10049313145428718,0.680977622891445,0.36415305789569613,0.0,0.8617154553804889,0.0,,,EXPLOIT
433,44,,,0,1,0,1,rare,0.0,0.15962441209045414,0.6758774945606868,0.3027944641541235,0.0,0.8628098201828145,0.0,,,EXPLOIT
434,44,,,0,0,1,0,rare,1.0,0.36020131053202376,0.653165660135664,0.32001651806749354,0.0,0.8638763116261762,0.0,,,EXPLOIT
435,44,,,0,0,1,1,rare,0.0,0.9346794645547133,0.5503224157471988,0.5044154020136594,0.0,0.8649159293713773,0.0,,,EXPLOIT
436,44,,,0,0,0,0,common,1.0,0.41414726912335553,0.6909528659587851,0.47733496214656823,0.0,0.8599198338903189,0.0,,,EXPLOIT
437,44,,,0,0,1,0,rare,0.0,0.7658691481541846,0.6072827752423761,0.5638952179488531,0.0,0.8610605850630112,0.0,,,EXPLOIT
438,44,,,0,1,1,1,common,0.0,0.6075416519605636,0.6927662248829732,0.5769891481523662,0.0,0.8558123733435755,0.0,,,EXPLOIT
439,44,,,0,0,0,0,common,1.0,0.26919572493018107,0.6549477194520144,0.4846511211857107,0.0,0.85021091322065,0.0,,,EXPLOIT
440,44,,,0,0,1,1,rare,1.0,0.6050979262256336,0.5053162009403261,0.5207851626976876,0.0,0.8516164880979492,0.0,,,EXPLOIT
441,44,,,0,0,1,1,rare,1.0,0.3933136520466619,0.3899620476663056,0.4825437095023799,0.0,0.8457242550493989,0.0,,,EXPLOIT
442,44,,,0,1,1,1,common,1.0,0.2556538738303302,0.32010277644634966,0.414476758800765,0.0,0.8472601832535177,0.0,,,EXPLOIT
443,44,,,0,0,0,0,common,1.0,0.17497722120461767,0.5357325909267318,0.34262689752192077,0.0,0.8487509208244871,0.0,,,EXPLOIT
444,44,,,0,0,0,0,common,1.0,0.11373519378300145,0.4874215855891425,0.273959386400245,0.0,0.8501983612268009,0.0,,,EXPLOIT
445,44,,,0,1,0,0,rare,1.0,0.073927875958951,0.45546472143961647,0.21394993326785677,0.0,0.8516042937619974,0.0,,,EXPLOIT
446,44,,,0,0,1,1,rare,1.0,0.16617501798971468,0.593988681418429,0.19961745868441413,0.0,0.852970410636059,0.0,,,EXPLOIT
447,44,,,0,0,1,0,rare,0.0,0.49781494630022,0.5758820912148191,0.2890767049691559,0.0,0.8542983134590768,0.0,,,EXPLOIT
448,44,,,0,0,0,0,common,0.0,0.9519468806266819,0.6814468377342525,0.4879377576664137,0.0,0.8555895192296882,0.0,,,EXPLOIT
449,44,,,0,1,0,0,rare,0.0,0.6187654724073433,0.5456238050776533,0.5271860720886925,0.0,0.8568454658513134,0.0,,,EXPLOIT
450,44,,,0,1,1,1,common,1.0,0.10801376169331456,0.6881700929182715,0.40143437897007905,0.0,0.8513144586505801,0.0,,,EXPLOIT
451,44,,,0,1,1,1,common,1.0,0.07020894510065445,0.5892051931214892,0.30206674880925166,0.0,0.8526887430988659,0.0,,,EXPLOIT
452,44,,,0,1,1,1,common,1.0,0.045635814315425405,0.48385378011173963,0.22513746846110377,0.0,0.8540244866902862,0.0,,,EXPLOIT
453,44,,,0,1,1,1,common,1.0,0.029663279305026546,0.4119496332036967,0.1664952117142806,0.0,0.8553232235971796,0.0,,,EXPLOIT
454,44,,,0,1,1,1,common,0.0,0.9807188684517327,0.36675893380548447,0.4107623087355162,0.0,0.8565864077828703,0.0,,,EXPLOIT
455,44,,,0,1,1,1,common,1.0,0.36253273550637366,0.6307878995591247,0.3962934367667734,0.0,0.8578154181774628,0.0,,,EXPLOIT
456,44,,,0,0,1,1,rare,0.0,0.7643537219208572,0.51761839376938,0.5067115223129985,0.0,0.8590115634579432,0.0,,,EXPLOIT
457,44,,,0,1,1,0,common,1.0,0.6764202849048571,0.3921478009734204,0.5576241510905561,0.0,0.8536268155938724,0.0,,,EXPLOIT
458,44,,,0,1,0,0,rare,1.0,0.5978024429352269,0.314673582094134,0.5696776386439573,0.0,0.847874825050079,0.0,,,EXPLOIT
459,44,,,0,1,1,0,common,0.0,0.560326814811843,0.26944153870732956,0.566872391494323,0.0,0.84171701823691,0.0,,,EXPLOIT
460,44,,,0,0,0,0,common,1.0,0.3885715879078975,0.529493567469876,0.5133821504183953,0.0,0.83510922376635,0.0,,,EXPLOIT
461,44,,,0,1,1,0,common,1.0,0.635787570372302,0.6870440138692828,0.5501037764045673,0.0,0.8280006187724334,0.0,,,EXPLOIT
462,44,,,0,1,1,0,common,0.0,0.5867380792580037,0.6165489455780335,0.5610940672605982,0.0,0.8203324279189487,0.0,,,EXPLOIT
463,44,,,0,0,0,0,common,1.0,0.2525715321401334,0.6882004347158509,0.4685373067244587,0.0,0.8120363046151566,0.0,,,EXPLOIT
464,44,,,0,0,0,0,common,0.0,0.8358285041089133,0.6067364854929427,0.5787246659397951,0.0,0.8147110032384498,0.0,,,EXPLOIT
465,44,,,0,1,1,0,common,0.0,0.3813797515177024,0.6920522328350931,0.5195211916131672,0.0,0.8059384693294317,0.0,,,EXPLOIT
466,44,,,0,0,0,0,common,0.0,0.5432885276707937,0.654691523855225,0.5266513924304551,0.0,0.7963951665237679,0.0,,,EXPLOIT
467,44,,,0,1,1,1,common,0.0,0.4968299192485572,0.6926842722683049,0.5177049504758857,0.0,0.7859753961586151,0.0,,,EXPLOIT
468,44,,,0,1,1,1,common,0.0,0.32293944751156217,0.6765282779595877,0.45927529958658864,0.0,0.7745532077609316,0.0,,,EXPLOIT
469,44,,,0,1,1,1,common,1.0,0.7900893591174846,0.6435440170799739,0.5585195174458574,0.0,0.77882369815266,0.0,,,EXPLOIT
470,44,,,0,1,0,1,rare,0.0,0.1037558678587952,0.6537755743776203,0.4220904225697387,0.0,0.7666858817393789,0.0,,,EXPLOIT
471,44,,,0,1,0,0,rare,1.0,0.646862457013984,0.6929937955538783,0.4895220329030123,0.0,0.7713348355534825,0.0,,,EXPLOIT
472,44,,,0,1,1,0,common,1.0,0.7521031615134934,0.5880595315704119,0.5682963714861566,0.0,0.7757583323913304,0.0,,,EXPLOIT
473,44,,,0,1,1,1,common,0.0,0.486441916573635,0.4474827244534869,0.5437400350124002,0.0,0.7633068734585549,0.0,,,EXPLOIT
474,44,,,0,1,1,1,common,1.0,0.6838127542271373,0.6433165308705416,0.5857618507768213,0.0,0.749538585194311,0.0,,,EXPLOIT
475,44,,,0,1,0,0,rare,1.0,0.42046059705908967,0.4942866499493955,0.5361714746615018,0.0,0.7342337249659648,0.0,,,EXPLOIT
476,44,,,0,1,0,0,rare,1.0,0.27329938808840826,0.3840752775422435,0.45730984868957375,0.0,0.7171207789515935,0.0,,,EXPLOIT
477,44,,,0,0,0,0,common,1.0,0.17764460225746537,0.31759250856064847,0.3734102747599412,0.0,0.7244971739197589,0.0,,,EXPLOIT
478,44,,,0,1,1,0,common,0.0,0.5111329450162293,0.531899815943945,0.41472707583682766,0.0,0.7314303968938465,0.0,,,EXPLOIT
479,44,,,0,1,1,0,common,0.0,0.33223641426054906,0.6927964236305368,0.38997987736394407,0.0,0.7379589015055229,0.0,,,EXPLOIT
480,44,,,0,0,0,0,common,1.0,0.11546899146735246,0.6322720946912336,0.30762661159496657,0.0,0.7441168179982456,0.0,,,EXPLOIT
481,44,,,0,1,1,1,common,0.0,0.5555217097523608,0.5049949437835958,0.3819951410421848,0.0,0.7499345442296038,0.0,,,EXPLOIT
482,44,,,0,0,0,0,common,1.0,0.07505484445377908,0.39345733907782404,0.28991305206566303,0.0,0.7554392423063748,0.0,,,EXPLOIT
483,44,,,0,0,0,0,common,1.0,0.0487856488949564,0.3074929525028391,0.21757483111445103,0.0,0.7606552579758568,0.0,,,EXPLOIT
484,44,,,0,0,1,1,rare,1.0,0.6389108886609655,0.2581197345542287,0.34397564837840533,0.0,0.7656044764356982,0.0,,,EXPLOIT
485,44,,,0,0,0,0,common,1.0,0.03171067178172171,0.22916048992191293,0.2502961553994002,0.0,0.7703066255308402,0.0,,,EXPLOIT
486,44,,,0,0,0,0,common,1.0,0.020611936658119112,0.21168603770340888,0.18139088977701587,0.0,0.7747795351956517,0.0,,,EXPLOIT
487,44,,,0,0,0,0,common,1.0,0.013397758827777384,0.20089379497654544,0.1309929504922443,0.0,0.7790393603349489,0.0,,,EXPLOIT
488,44,,,0,0,0,0,common,1.0,0.008708543238055255,0.19411545700348692,0.09430762831598757,0.0,0.7831007730169327,0.0,,,EXPLOIT
489,44,,,0,0,0,0,common,0.0,0.9943394468952641,0.18980856948764047,0.36431717388977053,0.0,0.786977128797075,0.0,,,EXPLOIT
490,44,,,0,1,0,0,rare,1.0,0.3536793595180783,0.44633045983398634,0.3611258295782628,0.0,0.7906806111461088,0.0,,,EXPLOIT
491,44,,,0,1,0,0,rare,1.0,0.2298915836867509,0.6560674088148608,0.32175555581080917,0.0,0.7942223572728447,0.0,,,EXPLOIT
492,44,,,0,0,0,0,common,0.0,0.8505704706036119,0.6906130451929519,0.48040003024864997,0.0,0.797612568079211,0.0,,,EXPLOIT
493,44,,,0,0,0,0,common,1.0,0.4471291941076523,0.5744169619785541,0.4704187794063507,0.0,0.8008606045340904,0.0,,,EXPLOIT
494,44,,,0,1,1,1,common,1.0,0.4152920776296276,0.6870237569959299,0.45388076887333373,0.0,0.8039750723835584,0.0,,,EXPLOIT
495,44,,,0,1,1,1,common,1.0,0.26993985045925795,0.6392086982983293,0.398698493349111,0.0,0.8069638968118038,0.0,,,EXPLOIT
496,44,,,0,1,0,1,rare,0.0,0.06744131410821688,0.5880077617294804,0.29932133957684276,0.0,0.809834388416629,0.0,,,EXPLOIT
497,44,,,0,1,0,0,rare,1.0,0.290633976169974,0.6861061383525208,0.2967151305547821,0.0,0.8125933016558935,0.0,,,EXPLOIT
498,44,,,0,1,1,1,common,1.0,0.17546090279851767,0.6757502395769936,0.26033886222790276,0.0,0.8152468867486007,0.0,,,EXPLOIT
499,44,,,0,1,1,1,common,1.0,0.11404958681903654,0.6232176576840551,0.21645207960524288,0.0,0.817800935870135,0.0,,,EXPLOIT
500,44,,,0,1,1,1,common,0.0,0.9258677685676262,0.575169556279429,0.4292767862939579,0.0,0.8202608243603112,0.0,,,EXPLOIT
501,44,,,0,1,0,0,rare,1.0,0.18891208451048314,0.6883783454823098,0.35716737575891544,0.0,0.822631547561281,0.0,,,EXPLOIT
502,44,,,0,1,1,1,common,1.0,0.398185950431043,0.6731628823771175,0.36947294816055365,0.0,0.8249177538166027,0.0,,,EXPLOIT
503,44,,,0,0,0,0,common,1.0,0.12279285493181402,0.6201941501581656,0.2954689201919317,0.0,0.827123774090224,0.0,,,EXPLOIT
504,44,,,0,0,0,0,common,1.0,0.0798153557056791,0.6846049124197627,0.23077285084605592,0.0,0.8292536486025192,0.0,,,EXPLOIT
505,44,,,0,0,1,1,rare,1.0,0.258820867780178,0.6922925634103674,0.23918725592629253,0.0,0.8313111508280807,0.0,,,EXPLOIT
506,44,,,0,0,1,1,rare,1.0,0.16823356405711576,0.6814928258793889,0.2179011483655395,0.0,0.8332998091551783,0.0,,,EXPLOIT
507,44,,,0,1,1,1,common,1.0,0.10935181663712523,0.6681378258050954,0.18533634884701522,0.0,0.8352229264684558,0.0,,,EXPLOIT
508,44,,,0,0,0,0,common,0.0,0.9481200187913086,0.6881897883911076,0.4141714498303032,0.0,0.8370835978835263,0.0,,,EXPLOIT
509,44,,,0,0,0,0,common,1.0,0.3837219877856495,0.5609059302005391,0.40503661121690704,0.0,0.8388847268337968,0.0,,,EXPLOIT
510,44,,,0,1,0,0,rare,1.0,0.24941929206067215,0.6562175378944741,0.3583514154700365,0.0,0.8406290396854108,0.0,,,EXPLOIT
511,44,,,0,1,1,1,common,1.0,0.07107868081413138,0.632538562536214,0.27216959507326494,0.0,0.8423190990350681,0.0,,,EXPLOIT
512,44,,,0,0,1,1,rare,1.0,0.04620114252918539,0.6146830324299011,0.20437905931004105,0.0,0.8439573158271565,0.0,,,EXPLOIT
513,44,,,0,1,0,0,rare,1.0,0.16212253983943692,0.6666015599230772,0.1917021034688598,0.0,0.8455459604107143,0.0,,,EXPLOIT
514,44,,,0,1,1,1,common,1.0,0.030030742643970543,0.658400807746309,0.143200695221393,0.0,0.8470871726428854,0.0,,,EXPLOIT
515,44,,,0,0,0,1,common,0.0,0.04383685417034097,0.652547395900874,0.11339154290607738,0.0,0.8485829711334397,0.0,,,EXPLOIT
516,44,,,0,1,1,1,common,0.0,0.9804800172814192,0.4195633167974598,0.3735180852186799,0.0,0.8500352617143585,0.0,,,EXPLOIT
517,44,,,0,1,1,1,common,1.0,0.36268798876707753,0.6755791348279594,0.37026905628319917,0.0,0.8514458452092283,0.0,,,EXPLOIT
518,44,,,0,0,0,0,common,0.0,0.894620349104366,0.6036295267543415,0.5275744441295492,0.0,0.8528164245690586,0.0,,,EXPLOIT
519,44,,,0,1,0,0,rare,1.0,0.41849677308216204,0.4424290024339286,0.49485114281533304,0.0,0.8470081057656976,0.0,,,EXPLOIT
520,44,,,0,1,0,0,rare,1.0,0.27202290250340533,0.37022556111462074,0.4280026707217547,0.0,0.8485062196171822,0.0,,,EXPLOIT
521,44,,,0,1,0,0,rare,1.0,0.17681488662721345,0.32614221460116655,0.3526463354933923,0.0,0.8499607290349012,0.0,,,EXPLOIT
522,44,,,0,1,1,1,common,1.0,0.23574719269860034,0.29912918125258253,0.3175765926549547,0.0,0.851373440125804,0.0,,,EXPLOIT
523,44,,,0,1,1,1,common,1.0,0.1532356752540902,0.2823402074045481,0.2682743174346953,0.0,0.852746060767565,0.0,,,EXPLOIT
524,44,,,0,1,0,0,rare,1.0,0.1149296763076888,0.27176657043618396,0.22227092509659335,0.0,0.8540802071988073,0.0,,,EXPLOIT
525,44,,,0,1,1,0,common,0.0,0.21595366926935688,0.26503980019935863,0.22037574834842238,0.0,0.8553774100857704,0.0,,,EXPLOIT
526,44,,,0,1,0,0,rare,0.0,0.9252957104000022,0.5526940733070881,0.43185173696389634,0.0,0.8566391201133109,0.0,,,EXPLOIT
527,44,,,0,1,1,1,common,1.0,0.09960318891515862,0.6853203955527913,0.33217717254927503,0.0,0.8578667131431902,0.0,,,EXPLOIT
528,44,,,0,1,1,1,common,1.0,0.06474207279485311,0.5681408599883727,0.2519466426229484,0.0,0.8590614949782184,0.0,,,EXPLOIT
529,44,,,0,1,1,1,common,0.0,0.9579176526833455,0.4520814458536245,0.4637379456410675,0.0,0.8602247057669521,0.0,,,EXPLOIT
530,44,,,0,0,0,0,common,0.0,0.6014422117600015,0.6568856202207205,0.5050492254767477,0.0,0.8613575240801895,0.0,,,EXPLOIT
531,44,,,0,1,1,1,common,1.0,0.37735352575582537,0.5739121149420178,0.4667405155604709,0.0,0.8561289523338207,0.0,,,EXPLOIT
532,44,,,0,1,1,1,common,0.0,0.7547202082587134,0.4178407143635545,0.5531344233699437,0.0,0.8573702923679944,0.0,,,EXPLOIT
533,44,,,0,0,0,0,common,1.0,0.6090625623559991,0.6154340175424855,0.5699128650657603,0.0,0.8518749039711915,0.0,,,EXPLOIT
534,44,,,0,1,1,1,common,1.0,0.5094318646318363,0.6848839245597002,0.5517685649355831,0.0,0.8460007939454602,0.0,,,EXPLOIT
535,44,,,0,1,1,1,common,1.0,0.33113071201069355,0.658749428073191,0.48557720905811624,0.0,0.83970774416126,0.0,,,EXPLOIT
536,44,,,0,0,0,0,common,1.0,0.3958906655313994,0.5725038911279101,0.4586712460001011,0.0,0.841426364157581,0.0,,,EXPLOIT
537,44,,,0,0,1,1,rare,1.0,0.21523496280695076,0.6783179052483238,0.385640361042156,0.0,0.8430918768318177,0.0,,,EXPLOIT
538,44,,,0,0,0,0,common,1.0,0.25732893259540957,0.6916620451595796,0.34714693250813206,0.0,0.8447066260326022,0.0,,,EXPLOIT
539,44,,,0,0,1,0,rare,0.0,0.14036988502508196,0.6730036563315037,0.285113818263217,0.0,0.8462728198529503,0.0,,,EXPLOIT
540,44,,,0,1,0,0,rare,1.0,0.1672638061870162,0.6188214340191156,0.24975881464035676,0.0,0.8477925403207566,0.0,,,EXPLOIT
541,44,,,0,1,0,0,rare,1.0,0.10872147402156052,0.5544940577437703,0.20744761245471788,0.0,0.8492677522708824,0.0,,,EXPLOIT
542,44,,,0,1,0,0,rare,1.0,0.0706689581140143,0.507569662780457,0.16641401615250678,0.0,0.8507003114783619,0.0,,,EXPLOIT
543,44,,,0,0,0,0,common,0.0,0.9540651772258907,0.47610287562210896,0.40270936447452194,0.0,0.8520919721235322,0.0,,,EXPLOIT
544,44,,,0,1,1,1,common,1.0,0.13990272582451801,0.30894415909041056,0.3238673728795207,0.0,0.8534443936522423,0.0,,,EXPLOIT
545,44,,,0,0,0,0,common,1.0,0.37985763480317103,0.2916149041483137,0.3406644514566158,0.0,0.8547591470875742,0.0,,,EXPLOIT
546,44,,,0,1,1,1,common,1.0,0.09093677178593673,0.47907088984015833,0.26574614755541204,0.0,0.8560377208435564,0.0,,,EXPLOIT
547,44,,,0,1,1,0,common,0.0,0.09124042526630327,0.4657038859979754,0.2133944308686794,0.0,0.8572815260861258,0.0,,,EXPLOIT
548,44,,,0,1,1,1,common,0.0,0.9408910983391411,0.689087015294979,0.4316434311098179,0.0,0.8584919016819385,0.0,,,EXPLOIT
549,44,,,0,0,1,0,rare,0.0,0.059306276423097125,0.6348061788063557,0.31994228470380165,0.0,0.8596701187715329,0.0,,,EXPLOIT
550,44,,,0,0,0,0,common,0.0,0.7530925373779388,0.6914277263428004,0.4498873605060427,0.0,0.8608173849996976,0.0,,,EXPLOIT
551,44,,,0,1,1,1,common,0.0,0.6115792139204417,0.6427939577609647,0.4983949165303624,0.0,0.8619348484326466,0.0,,,EXPLOIT
552,44,,,0,0,0,0,common,1.0,0.5104898507043398,0.6924199887510599,0.5020233967825556,0.0,0.8630236011887276,0.0,,,EXPLOIT
553,44,,,0,0,0,0,common,1.0,0.33181840295782083,0.5867757798158082,0.45096189863513514,0.0,0.8579045389139377,0.0,,,EXPLOIT
554,44,,,0,0,1,0,rare,0.0,0.03854907967501313,0.4390580411960879,0.3272380529470985,0.0,0.8590983157443554,0.0,,,EXPLOIT
555,44,,,0,0,1,1,rare,1.0,0.6024735109517129,0.6345483028421139,0.4098086903484828,0.0,0.860260559269315,0.0,,,EXPLOIT
556,44,,,0,0,0,0,common,1.0,0.2156819619225836,0.4784127247248747,0.351570671820713,0.0,0.8613924461977115,0.0,,,EXPLOIT
557,44,,,0,0,0,0,common,0.0,0.8598067247503207,0.36713753793065645,0.5040414876995953,0.0,0.8624950955506187,0.0,,,EXPLOIT
558,44,,,0,1,0,0,rare,1.0,0.44112562891229157,0.5974604897807427,0.48516673006340416,0.0,0.8573414214653154,0.0,,,EXPLOIT
559,44,,,0,1,1,0,common,0.0,0.025056901788758534,0.6917558080484763,0.34713378158101044,0.0,0.8585501970527635,0.0,,,EXPLOIT
560,44,,,0,1,1,1,common,1.0,0.39160778211861336,0.6462626227978339,0.3604759817422913,0.0,0.8597268745720589,0.0,,,EXPLOIT
561,44,,,0,1,1,1,common,1.0,0.25454505837709873,0.6823021026628158,0.3286967047327335,0.0,0.8608726586688772,0.0,,,EXPLOIT
562,44,,,0,0,0,1,common,0.0,0.028493955210721632,0.6019494054023806,0.2386358798761299,0.0,0.8619886945941367,0.0,,,EXPLOIT
563,44,,,0,1,1,1,common,1.0,0.1654542879451142,0.4543472688622392,0.2166814022968252,0.0,0.8630760718213506,0.0,,,EXPLOIT
564,44,,,0,1,0,0,rare,1.0,0.28673165879298956,0.3689721387028531,0.2376964792456745,0.0,0.8641358274027765,0.0,,,EXPLOIT
565,44,,,0,1,1,1,common,1.0,0.10754528716432421,0.3173993227572698,0.19865112162126938,0.0,0.8651689490861054,0.0,,,EXPLOIT
566,44,,,0,0,0,0,common,1.0,0.18637557821544326,0.2862295116465388,0.19496845859952153,0.0,0.8661763782113914,0.0,,,EXPLOIT
567,44,,,0,1,1,1,common,1.0,0.06990443665681079,0.4854161504486536,0.15744925201670829,0.0,0.8671590124060853,0.0,,,EXPLOIT
568,44,,,0,0,0,0,common,1.0,0.12114412584003809,0.4614457410311205,0.14655771416370722,0.0,0.8681177080944049,0.0,,,EXPLOIT
569,44,,,0,0,0,0,common,1.0,0.07874368179602476,0.5928781437340604,0.1262135044534025,0.0,0.8690532828357896,0.0,,,EXPLOIT
570,44,,,0,1,1,1,common,1.0,0.04543788382692704,0.6574164258995718,0.10198081826545985,0.0,0.869966517505873,0.0,,,EXPLOIT
571,44,,,0,1,1,1,common,1.0,0.029534624487502548,0.6481320458146786,0.08024696013207265,0.0,0.8708581583322049,0.0,,,EXPLOIT
572,44,,,0,1,1,1,common,1.0,0.019197505916876634,0.6416090399451448,0.061932123867513844,0.0,0.8717289187958883,0.0,,,EXPLOIT
573,44,,,0,1,1,1,common,1.0,0.012478378845969806,0.6371728406594277,0.04709600036105063,0.0,0.8725794814093194,0.0,,,EXPLOIT
574,44,,,0,1,0,0,rare,1.0,0.05118339316741605,0.6342092410755839,0.04832221820296025,0.0,0.8734104993793513,0.0,,,EXPLOIT
575,44,,,0,1,1,0,common,0.0,0.01628698616269305,0.6322498680200804,0.03871164859088009,0.0,0.8742225981644003,0.0,,,EXPLOIT
576,44,,,0,0,1,1,rare,1.0,0.008110946249880402,0.6398089506262699,0.029531437888580182,0.0,0.8750163769333063,0.0,,,EXPLOIT
577,44,,,0,0,1,1,rare,1.0,0.005272115062422311,0.5953688059266093,0.022253641040732818,0.0,0.8757924099330999,0.0,,,EXPLOIT
578,44,,,0,0,0,0,common,0.0,0.9667307944411796,0.5618689557454993,0.30559678706086685,0.0,0.8765512477722491,0.0,,,EXPLOIT
579,44,,,0,0,1,1,rare,0.0,0.9965731252094255,0.6886935557395018,0.5128896885054344,0.0,0.8772934186254105,0.0,,,EXPLOIT
580,44,,,0,1,1,1,common,1.0,0.35222746861387333,0.576714618859993,0.464691022537966,0.0,0.8730646630167782,0.0,,,EXPLOIT
581,44,,,0,1,0,1,rare,0.0,0.01852107088696906,0.46991210093511404,0.3308400370426669,0.0,0.8738846140292763,0.0,,,EXPLOIT
582,44,,,0,1,1,1,common,1.0,0.22894785459901767,0.6690062180361331,0.3002723823095721,0.0,0.8746859970999019,0.0,,,EXPLOIT
583,44,,,0,0,1,1,rare,1.0,0.14881610548936153,0.55287579488681,0.2548354992635089,0.0,0.8754693967563488,0.0,,,EXPLOIT
584,44,,,0,0,0,0,common,1.0,0.37162498361323326,0.68280284845553,0.2898723445684262,0.0,0.8762353733599904,0.0,,,EXPLOIT
585,44,,,0,0,0,0,common,0.0,0.7584437606513984,0.6843445277340263,0.43044376939331785,0.0,0.8769844643428177,0.0,,,EXPLOIT
586,44,,,0,0,0,0,common,1.0,0.507011555576591,0.6238142021757676,0.4534141052482998,0.0,0.8777171853691618,0.0,,,EXPLOIT
587,44,,,0,0,0,0,common,1.0,0.32955751112478415,0.6928658902534897,0.41625712701124506,0.0,0.8784340314274849,0.0,,,EXPLOIT
588,44,,,0,0,0,0,common,0.0,0.7857876177688903,0.6712036968460913,0.5271162742385386,0.0,0.8791354778571022,0.0,,,EXPLOIT
589,44,,,0,0,1,1,rare,1.0,0.09673046856808498,0.6400175799578396,0.3980005325374025,0.0,0.8750154549160676,0.0,,,EXPLOIT
590,44,,,0,1,1,1,common,1.0,0.0628748045692552,0.6931023401600457,0.2974628141469583,0.0,0.8757915084362058,0.0,,,EXPLOIT
591,44,,,0,1,0,0,rare,0.0,0.5107619515497788,0.6699829650563991,0.3614525553678044,0.0,0.87655036616223,0.0,,,EXPLOIT
592,44,,,0,0,0,0,common,1.0,0.6680047314926438,0.640183241720645,0.45341820820525625,0.0,0.8772925562944749,0.0,,,EXPLOIT
593,44,,,0,0,1,1,rare,0.0,0.9591313770299841,0.5585582066633745,0.6051321588526746,0.0,0.8780185857299803,0.0,,,EXPLOIT
594,44,,,0,1,1,1,common,1.0,0.37656460493051025,0.6931391758091551,0.5365618926760253,0.0,0.8738328036891815,0.0,,,EXPLOIT
595,44,,,0,1,0,0,rare,1.0,0.4342030754702184,0.6394277273402275,0.5058542475142832,0.0,0.8693959534101149,0.0,,,EXPLOIT
596,44,,,0,1,1,1,common,1.0,0.24476699320483164,0.5584613413798352,0.4275280712214477,0.0,0.8646849927090636,0.0,,,EXPLOIT
597,44,,,0,1,1,1,common,0.0,0.8409014544168594,0.49613663661093943,0.5515400861800712,0.0,0.8657044238402022,0.0,,,EXPLOIT
598,44,,,0,1,1,1,common,0.0,0.5465859453709586,0.6885218478040054,0.5500538439373375,0.0,0.8607591226349106,0.0,,,EXPLOIT
599,44,,,0,1,1,1,common,1.0,0.6447191355088768,0.6507173392336068,0.5784534314087992,0.0,0.8554909338327747,0.0,,,EXPLOIT
600,44,,,0,1,1,1,common,1.0,0.41906743808076996,0.6825881721971665,0.5306376334103904,0.0,0.8498674609693063,0.0,,,EXPLOIT
601,44,,,0,1,1,1,common,1.0,0.27239383475250045,0.6069429104339737,0.4531644938130234,0.0,0.8438518240052076,0.0,,,EXPLOIT
602,44,,,0,1,1,1,common,1.0,0.1770559925891253,0.5315630770241271,0.37033194344585396,0.0,0.8454436405805396,0.0,,,EXPLOIT
603,44,,,0,1,1,0,common,0.0,0.010586541005750483,0.477747935213286,0.26240832271382286,0.0,0.8469878887995844,0.0,,,EXPLOIT
604,44,,,0,1,1,0,common,0.0,0.0068812516537378144,0.6856156643242922,0.18575020139579734,0.0,0.8484865949269548,0.0,,,EXPLOIT
605,44,,,0,1,0,1,rare,0.0,0.01203869607652989,0.6553522771076667,0.1336367498000171,0.0,0.8499416719182773,0.0,,,EXPLOIT
606,44,,,0,0,0,0,common,1.0,0.282231999055642,0.5650962844246817,0.17821532457670458,0.0,0.8513549272332156,0.0,,,EXPLOIT
607,44,,,0,0,1,1,rare,0.0,0.8849136048170686,0.41613143525321017,0.39022480864881376,0.0,0.8527280700107911,0.0,,,EXPLOIT
608,44,,,0,0,0,0,common,1.0,0.18345079938616726,0.6181090574717747,0.3281926058700198,0.0,0.8540627176669148,0.0,,,EXPLOIT
609,44,,,0,0,0,0,common,1.0,0.11924301960100869,0.4565024330070881,0.2655077299893165,0.0,0.8553604019676878,0.0,,,EXPLOIT
610,44,,,0,1,1,1,common,1.0,0.42480615686890544,0.3470957969600361,0.3132972580531932,0.0,0.8566225746264345,0.0,,,EXPLOIT
611,44,,,0,0,0,0,common,1.0,0.07750796274065563,0.5764842168429687,0.2425604694594319,0.0,0.8578506124674786,0.0,,,EXPLOIT
612,44,,,0,0,1,0,rare,1.0,0.9955271864250704,0.5068570513001565,0.4684504845491234,0.0,0.8590458221952932,0.0,,,EXPLOIT
613,44,,,0,1,1,0,common,0.0,0.3529073288237042,0.4592678038298762,0.4337875378314976,0.0,0.8602094448037623,0.0,,,EXPLOIT
614,44,,,0,0,0,0,common,1.0,0.05038017578142617,0.3085418451550974,0.31876532921647616,0.0,0.861342659656849,0.0,,,EXPLOIT
615,44,,,0,0,0,0,common,0.0,0.967252885742073,0.2826541304572711,0.5133115961741552,0.0,0.862446588268887,0.0,,,EXPLOIT
616,44,,,0,0,1,0,rare,1.0,0.7706102362645922,0.5597797098252146,0.5905011882012863,0.0,0.857289731565208,0.0,,,EXPLOIT
617,44,,,0,0,0,0,common,1.0,0.37128562426765255,0.4393673974303789,0.5247365190211961,0.0,0.8517888832281799,0.0,,,EXPLOIT
618,44,,,0,0,1,0,rare,1.0,0.500896653571985,0.36194467340419534,0.5175845593864328,0.0,0.8459087435968545,0.0,,,EXPLOIT
619,44,,,0,0,0,0,common,0.0,0.7586643442260258,0.3151394461223376,0.5899084948383106,0.0,0.8396090124518357,0.0,,,EXPLOIT
620,44,,,0,1,1,1,common,0.0,0.7238759980352114,0.5824750795539477,0.6300987457973808,0.0,0.8328434710178875,0.0,,,EXPLOIT
621,44,,,0,0,1,0,rare,0.0,0.6744171751782098,0.4837311440845471,0.6433942746116295,0.0,0.825558854028441,0.0,,,EXPLOIT
622,44,,,0,0,1,1,rare,1.0,0.5294806012771125,0.6431302132720853,0.6092201726112743,0.0,0.8176934536195802,0.0,,,EXPLOIT
623,44,,,0,0,0,0,common,0.0,0.4931318237469168,0.47029531883129994,0.574393667951967,0.0,0.8091753775994797,0.0,,,EXPLOIT
624,44,,,0,1,1,0,common,1.0,0.5616288361341637,0.6372812087968767,0.570564218406626,0.0,0.799920357972624,0.0,,,EXPLOIT
625,44,,,0,1,1,0,common,1.0,0.36505874348720635,0.6724514551018639,0.5089125759308001,0.0,0.7898289681383195,0.0,,,EXPLOIT
626,44,,,0,1,1,0,common,0.0,0.7627118167333159,0.5567135977792758,0.5850523481715548,0.0,0.7787830538475462,0.0,,,EXPLOIT
627,44,,,0,0,0,1,common,1.0,0.9921748475502555,0.6886443370874415,0.7071890979851649,0.0,0.7666411059459783,0.0,,,EXPLOIT
628,44,,,0,0,1,0,rare,0.0,0.49576268087665537,0.640294294009593,0.643761172852612,0.0,0.7532321898226947,0.0,,,EXPLOIT
629,44,,,0,0,0,1,common,0.0,0.35508634909233383,0.689388790054812,0.5571587257245285,0.0,0.7383478775542422,0.0,,,EXPLOIT
630,44,,,0,1,1,0,common,0.0,0.32224574256982597,0.632155852208806,0.4866848307781177,0.0,0.7217313715961348,0.0,,,EXPLOIT
631,44,,,0,0,1,1,rare,1.0,0.34416239083012323,0.6915558043637176,0.4439280987937193,0.0,0.7288292448767818,0.0,,,EXPLOIT
632,44,,,0,0,0,0,common,1.0,0.6794643145645041,0.595441545300486,0.5145889635249548,0.0,0.7355082431344295,0.0,,,EXPLOIT
633,44,,,0,1,0,0,rare,0.0,0.5583481955330724,0.4504110620500993,0.52771673312739,0.0,0.7185499086883226,0.0,,,EXPLOIT
634,44,,,0,0,1,1,rare,1.0,0.22370555403958015,0.36420684668711556,0.436513379401047,0.0,0.6994738562359327,0.0,,,EXPLOIT
635,44,,,0,0,0,1,common,0.0,0.230806126910017,0.27801073074805005,0.374801203653738,0.0,0.707962906890512,0.0,,,EXPLOIT
636,44,,,0,1,1,1,common,0.0,0.8545913898742729,0.5121032209559102,0.5187382595198984,0.0,0.7159075030294412,0.0,,,EXPLOIT
637,44,,,0,0,0,0,common,1.0,0.6370736729035029,0.4548472633180515,0.5542388835349797,0.0,0.6964896468203097,0.0,,,EXPLOIT
638,44,,,0,0,0,1,common,1.0,0.849976017508489,0.31151576942768755,0.6429600237270325,0.0,0.6744614397743941,0.0,,,EXPLOIT
639,44,,,0,0,0,0,common,0.0,0.5859021126127231,0.23406263843696143,0.6258426503927397,0.0,0.6492599512985081,0.0,,,EXPLOIT
640,44,,,0,0,1,0,rare,1.0,0.7905402673296131,0.45443256101745355,0.6752519354738017,0.0,0.6201478511873367,0.0,,,EXPLOIT
641,44,,,0,1,1,1,common,0.0,0.5554844034182773,0.3112833797982806,0.6393216758571443,0.0,0.5861402018121832,0.0,,,EXPLORE
642,44,,,0,1,0,1,rare,0.0,0.44751558861948215,0.28011352817332685,0.5817798496858456,0.0,0.5458909940573661,0.0,,,EXPLORE
643,44,,,0,0,0,1,common,0.0,0.2908851326026634,0.26099799220803227,0.494511434560891,0.0,0.49751099535565463,0.0,,,EXPLORE
644,44,,,0,0,0,0,common,1.0,0.61916362680173,0.45654722680094073,0.5319070922331426,0.0,0.523853139794021,0.0,,,EXPLOIT
645,44,,,0,0,0,0,common,1.0,0.4024563574211245,0.2941704172734292,0.49307187178953715,0.0,0.47067273972056434,0.0,,,EXPLORE
646,44,,,0,0,0,0,common,1.0,0.261596632323731,0.21027462550038628,0.4236292999497953,0.0,0.500074622877475,0.0,,,EXPLOIT
647,44,,,0,0,0,0,common,1.0,0.17003781101042514,0.16650207474743894,0.34755185326798427,0.0,0.5261327259747263,0.0,,,EXPLOIT
648,44,,,0,0,1,0,rare,0.0,0.48614882623575145,0.14232658108394874,0.38913094515831437,0.0,0.5493856629820681,0.0,,,EXPLOIT
649,44,,,0,0,1,1,rare,1.0,0.6389351377781197,0.33624311568709864,0.4640722029442559,0.0,0.570262263687165,0.0,,,EXPLOIT
650,44,,,0,0,1,1,rare,1.0,0.4153078395557779,0.23169608510901887,0.4494428939277124,0.0,0.5891081887627667,0.0,,,EXPLOIT
651,44,,,0,0,1,1,rare,1.0,0.2699500957112556,0.17791532403493973,0.3955950544627753,0.0,0.6062051601159831,0.0,,,EXPLOIT
652,44,,,0,0,0,0,common,1.0,0.11052457715677633,0.1487648145004828,0.31007391127097556,0.0,0.6217850913506222,0.0,,,EXPLOIT
653,44,,,0,0,0,0,common,0.0,0.9281590248480954,0.13208364560635424,0.4954994453441115,0.0,0.6360406294558962,0.0,,,EXPLOIT
654,44,,,0,0,0,0,common,1.0,0.3966966338487379,0.32332283112546434,0.4658586018954994,0.0,0.6491331279036195,0.0,,,EXPLOIT
655,44,,,0,0,0,0,common,1.0,0.25785281200167964,0.2251267021839297,0.40345686492735344,0.0,0.6611987528332012,0.0,,,EXPLOIT
656,44,,,0,0,0,1,common,1.0,0.8109246638082688,0.17443815192715,0.525697204591628,0.0,0.6723532131660998,0.0,,,EXPLOIT
657,44,,,0,0,0,1,common,0.0,0.47289896852462526,0.1468147988399033,0.5098577337715272,0.0,0.646836100996566,0.0,,,EXPLOIT
658,44,,,0,0,1,1,rare,1.0,0.17546756221231619,0.3417349919684821,0.4095406823037639,0.0,0.6173319584405547,0.0,,,EXPLOIT
659,44,,,0,0,0,0,common,1.0,0.1676043278010918,0.23448903529109438,0.3369597759529622,0.0,0.6319603726124069,0.0,,,EXPLOIT
660,44,,,0,0,1,1,rare,1.0,0.11405391543800558,0.17938806878809077,0.27008801779847524,0.0,0.6453809830548901,0.0,,,EXPLOIT
661,44,,,0,0,0,0,common,1.0,0.10894281307070963,0.14958785344131437,0.22174445638014556,0.0,0.6577368445830831,0.0,,,EXPLOIT
662,44,,,0,0,1,1,rare,1.0,0.07413504503470358,0.1325660518320234,0.17746163297651293,0.0,0.66914927890282,0.0,,,EXPLOIT
663,44,,,0,0,0,0,common,1.0,0.07081282849596127,0.12242786575816507,0.14546699163234741,0.0,0.67972185077164,0.0,,,EXPLOIT
664,44,,,0,0,1,1,rare,0.0,0.9518122207274426,0.11620990298950465,0.38737056036087597,0.0,0.6895435020281461,0.0,,,EXPLOIT
665,44,,,0,0,0,0,common,1.0,0.04602833852237487,0.302119237292983,0.28496789380932563,0.0,0.6986910444808974,0.0,,,EXPLOIT
666,44,,,0,0,0,0,common,1.0,0.029918420039543703,0.21433191342792823,0.20845305167839104,0.0,0.7072311596321886,0.0,,,EXPLOIT
667,44,,,0,0,0,0,common,0.0,0.9805530269742966,0.16868109799265757,0.4400830442671627,0.0,0.715222015426224,0.0,,,EXPLOIT
668,44,,,0,0,0,0,common,1.0,0.36264053246670724,0.36717115330690375,0.41685029072702606,0.0,0.7227145829443717,0.0,,,EXPLOIT
669,44,,,0,1,1,1,common,1.0,0.3813220565271622,0.2474509005086878,0.4061918204670669,0.0,0.7297537160663121,0.0,,,EXPLOIT
670,44,,,0,0,0,0,common,1.0,0.23571634610335968,0.5206651532728822,0.35504917815795467,0.0,0.7363790424301516,0.0,,,EXPLOIT
671,44,,,0,0,0,0,common,1.0,0.15321562496718377,0.4291682097297288,0.2944991122007234,0.0,0.7426257030799812,0.0,,,EXPLOIT
672,44,,,0,0,0,0,common,1.0,0.0995901562286694,0.3710913583452755,0.23602642540910718,0.0,0.7485249699561057,0.0,,,EXPLOIT
673,44,,,0,0,0,0,common,1.0,0.06473360154863506,0.3352246806576708,0.18463857825096552,0.0,0.7541047641349413,0.0,,,EXPLOIT
674,44,,,0,0,0,0,common,0.0,0.9579231589933872,0.3129439775844106,0.416623952473692,0.0,0.7593900929444813,0.0,,,EXPLOIT
675,44,,,0,0,0,0,common,1.0,0.3773499466542982,0.5951896391073872,0.4048417507278739,0.0,0.7644034203942243,0.0,,,EXPLOIT
676,44,,,0,0,0,0,common,1.0,0.24527746532529382,0.48167527399428495,0.3569724651070998,0.0,0.7691649824942539,0.0,,,EXPLOIT
677,44,,,0,0,1,0,rare,1.0,0.6840032629467616,0.40396013942938236,0.4550817044589983,0.0,0.7736930567976821,0.0,,,EXPLOIT
678,44,,,0,0,1,1,rare,1.0,0.24785933674265548,0.35551370713622804,0.3929149941440955,0.0,0.7780041937365456,0.0,,,EXPLOIT
679,44,,,0,0,1,1,rare,1.0,0.16110856888272607,0.32557680758625623,0.32337306656568465,0.0,0.7821134159235662,0.0,,,EXPLOIT
680,44,,,0,0,1,1,rare,1.0,0.10472056977377198,0.30690070459332575,0.25777731752811084,0.0,0.7860343904782571,0.0,,,EXPLOIT
681,44,,,0,0,0,0,common,1.0,0.159430352461441,0.29511716618191286,0.22827322800810987,0.0,0.7897795785431104,0.0,,,EXPLOIT
682,44,,,0,0,0,0,common,1.0,0.10362972909993662,0.28761360233026256,0.19088017833565787,0.0,0.7933603654362721,0.0,,,EXPLOIT
683,44,,,0,0,0,0,common,1.0,0.0673593239149588,0.28280329817385863,0.15382392200944814,0.0,0.7967871743045655,0.0,,,EXPLOIT
684,44,,,0,0,0,0,common,1.0,0.04378356054472321,0.2797052030263567,0.12081181357003065,0.0,0.8000695656666731,0.0,,,EXPLOIT
685,44,,,0,0,0,0,common,1.0,0.02845931435407012,0.2777035978672323,0.09310606380524249,0.0,0.8032163248487119,0.0,,,EXPLOIT
686,44,,,0,0,0,0,common,0.0,0.9815014456698544,0.2764077092119622,0.359624678364626,0.0,0.8062355389961791,0.0,,,EXPLOIT
687,44,,,0,1,0,0,rare,1.0,0.36202406031459455,0.5701776736981581,0.36034449294961657,0.0,0.809134665083783,0.0,,,EXPLOIT
688,44,,,0,1,1,1,common,1.0,0.06806837035295177,0.6883637890496506,0.27266165617061716,0.0,0.8119205901273606,0.0,,,EXPLOIT
689,44,,,0,0,1,1,rare,1.0,0.04424444072941869,0.6767143115033775,0.2041364915382576,0.0,0.8145996846214333,0.0,,,EXPLOIT
690,44,,,0,1,1,1,common,1.0,0.02875888647412217,0.6911205950265595,0.15152321001901697,0.0,0.8171778500752366,0.0,,,EXPLOIT
691,44,,,0,0,0,0,common,1.0,0.2353156392044865,0.6861375974452524,0.17666093877465783,0.0,0.8196605613938612,0.0,,,EXPLOIT
692,44,,,0,1,0,0,rare,1.0,0.1529551654829162,0.6922899444660984,0.16954920678713534,0.0,0.8220529047450944,0.0,,,EXPLOIT
693,44,,,0,0,1,1,rare,1.0,0.0186932762081794,0.6901735809375279,0.12429242761344854,0.0,0.8243596114631704,0.0,,,EXPLOIT
694,44,,,0,1,1,1,common,1.0,0.012150629535316648,0.692784818782023,0.09064988819000896,0.0,0.8265850884650313,0.0,,,EXPLOIT
695,44,,,0,1,1,0,common,1.0,0.44460212091539497,0.6918886724084929,0.19683555800762476,0.0,0.8287334455905723,0.0,,,EXPLOIT
696,44,,,0,0,0,1,common,0.0,0.3073843295410064,0.688138942644074,0.23000018946763925,0.0,0.8308085202237818,0.0,,,EXPLOIT
697,44,,,0,0,0,0,common,0.0,0.9005791424361045,0.4828177329158049,0.4311738753581788,0.0,0.8328138995051297,0.0,,,EXPLOIT
698,44,,,0,1,1,0,common,0.0,0.7110086214049933,0.3075632761004366,0.5151242991722231,0.0,0.8347529404057222,0.0,,,EXPLOIT
699,44,,,0,0,0,0,common,1.0,0.414623557416532,0.591434252058646,0.48497407664551573,0.0,0.8276168033280369,0.0,,,EXPLOIT
700,44,,,0,0,0,0,common,1.0,0.2695053123207458,0.6922082103239199,0.42033344734808475,0.0,0.8297298247989037,0.0,,,EXPLOIT
701,44,,,0,1,1,0,common,1.0,0.5378443960867543,0.6656076211189204,0.4555867319696856,0.0,0.8317713007191476,0.0,,,EXPLOIT
702,44,,,0,1,1,0,common,0.0,0.6504011425436096,0.6927502502503438,0.5140310551418628,0.0,0.8337447063169484,0.0,,,EXPLOIT
703,44,,,0,1,1,1,common,1.0,0.007897909197955855,0.5826741919355147,0.36219111135869064,0.0,0.8265303633260481,0.0,,,EXPLOIT
704,44,,,0,0,0,1,common,1.0,0.8002001857983458,0.6832576095587026,0.4935938336905872,0.0,0.8286806021288448,0.0,,,EXPLOIT
705,44,,,0,0,1,1,rare,0.0,0.9948663590213287,0.6432265865393463,0.6439755912898095,0.0,0.8307574655666417,0.0,,,EXPLOIT
706,44,,,0,1,0,0,rare,1.0,0.17517845300848478,0.6612046580585341,0.503336449805412,0.0,0.8233088594372705,0.0,,,EXPLOIT
707,44,,,0,1,0,0,rare,0.0,0.8861340055444848,0.5864029439265167,0.6181757165271338,0.0,0.8152594713550789,0.0,,,EXPLOIT
708,44,,,0,1,1,0,common,0.0,0.4227607426533463,0.6913673515666169,0.5595512243649975,0.0,0.8065340201521392,0.0,,,EXPLOIT
709,44,,,0,1,1,0,common,0.0,0.2747944827246751,0.6133771079139412,0.4741242018729008,0.0,0.7970440993295007,0.0,,,EXPLOIT
710,44,,,0,0,0,1,common,0.0,0.47986987923107516,0.5200839210270164,0.4758479050803531,0.0,0.8003157789404332,0.0,,,EXPLOIT
711,44,,,0,1,0,0,rare,1.0,0.42401289639608475,0.6577937879746455,0.46029740247507256,0.0,0.8034524708821551,0.0,,,EXPLOIT
712,44,,,0,1,1,1,common,1.0,0.3533368666361363,0.6558244586832487,0.42820924172339164,0.0,0.8064622116307998,0.0,,,EXPLOIT
713,44,,,0,1,1,1,common,0.0,0.7703310366865114,0.5257544756014347,0.5308457802123275,0.0,0.8093524123752388,0.0,,,EXPLOIT
714,44,,,0,0,0,0,common,0.0,0.7243916173425449,0.6793068526492957,0.5889095313513927,0.0,0.8001130285697865,0.0,,,EXPLOIT
715,44,,,0,1,1,0,common,0.0,0.17861641377103882,0.6145987532819014,0.4658215960772865,0.0,0.7900394302131726,0.0,,,EXPLOIT
716,44,,,0,0,0,0,common,0.0,0.4708545512726542,0.6872524221553411,0.4673314826358968,0.0,0.7936089376462268,0.0,,,EXPLOIT
717,44,,,0,0,1,1,rare,1.0,0.49928482615376757,0.6583616633002547,0.476917485691258,0.0,0.7970251740808634,0.0,,,EXPLOIT
718,44,,,0,0,0,0,common,1.0,0.6939445416727748,0.6421837642753657,0.542025602485713,0.0,0.8002976421736083,0.0,,,EXPLOIT
719,44,,,0,0,0,0,common,1.0,0.45106395208730365,0.490531636541949,0.5147371073661902,0.0,0.790241076116592,0.0,,,EXPLOIT
720,44,,,0,0,0,1,common,0.0,0.31191542150019885,0.3791949545865696,0.4538906016063927,0.0,0.7792350154067713,0.0,,,EXPLOIT
721,44,,,0,0,1,1,rare,1.0,0.32453513699994896,0.6082278321902258,0.41508396222445954,0.0,0.7832874210079549,0.0,,,EXPLOIT
722,44,,,0,1,0,0,rare,1.0,0.29319156885674735,0.46052359021399814,0.37851624421414587,0.0,0.7871553688586442,0.0,,,EXPLOIT
723,44,,,0,1,1,1,common,1.0,0.21094783904996683,0.6553905062536374,0.3282457226648921,0.0,0.7908509904559025,0.0,,,EXPLOIT
724,44,,,0,0,0,0,common,1.0,0.19057451975688577,0.6920750955794492,0.28694436179249017,0.0,0.7943853765508925,0.0,,,EXPLOIT
725,44,,,0,1,1,1,common,1.0,0.1371160953824785,0.6768371676000772,0.24199588186948665,0.0,0.7977686864160369,0.0,,,EXPLOIT
726,44,,,0,0,0,0,common,1.0,0.1238734378419758,0.6926939438807664,0.2065591486612334,0.0,0.8010102436290126,0.0,,,EXPLOIT
727,44,,,0,0,0,0,common,1.0,0.08051773459728429,0.6861905037225672,0.16874672444204863,0.0,0.8041186202755358,0.0,,,EXPLOIT
728,44,,,0,1,0,1,rare,1.0,0.7972549760248707,0.670582528111396,0.35729919991689524,0.0,0.807101711172326,0.0,,,EXPLOIT
729,44,,,0,0,0,0,common,1.0,0.05233652748823481,0.6901961155277547,0.2658103981882971,0.0,0.8099667994634732,0.0,,,EXPLOIT
730,44,,,0,1,1,0,common,0.0,0.11610066895117524,0.6834872788107237,0.22089747941716054,0.0,0.8127206147377181,0.0,,,EXPLOIT
731,44,,,0,0,0,1,common,0.0,0.481784265583834,0.4750469422804719,0.29916351526716256,0.0,0.815369384642954,0.0,,,EXPLOIT
732,44,,,0,1,1,1,common,1.0,0.08912546199861104,0.689042940851539,0.23615209928659708,0.0,0.8179188808312794,0.0,,,EXPLOIT
733,44,,,0,0,0,0,common,1.0,0.034018742867352625,0.6710701529943273,0.17551209236082374,0.0,0.8203744599480725,0.0,,,EXPLOIT
734,44,,,0,1,1,1,common,1.0,0.057931550299097134,0.6914090166940172,0.14023792974230576,0.0,0.8227411002777604,0.0,,,EXPLOIT
735,44,,,0,1,1,1,common,0.0,0.9623444923055868,0.6836987459592903,0.38686989851129006,0.0,0.8250234345738983,0.0,,,EXPLOIT
736,44,,,0,0,0,0,common,1.0,0.02211218286377925,0.607244055389027,0.2774425838170368,0.0,0.8272257795291705,0.0,,,EXPLOIT
737,44,,,0,0,0,1,common,0.0,0.31315977262949213,0.5366757301234979,0.28815774046077336,0.0,0.8293521622797967,0.0,,,EXPLOIT
738,44,,,0,0,0,0,common,1.0,0.01437291886145653,0.6928364635112696,0.2060222939809783,0.0,0.8314063442867694,0.0,,,EXPLOIT
739,44,,,0,0,0,0,common,0.0,0.9906576027400532,0.6371531828691959,0.44141288660870076,0.0,0.8333918428918935,0.0,,,EXPLOIT
740,44,,,0,1,1,1,common,0.0,0.6255239199986314,0.6823443353844416,0.49664619662567994,0.0,0.8353119508085362,0.0,,,EXPLOIT
741,44,,,0,0,0,0,common,1.0,0.35607255821896544,0.668691588337158,0.45447410510366554,0.0,0.8371697537743149,0.0,,,EXPLOIT
742,44,,,0,0,1,1,rare,0.0,0.40659054799911043,0.5393701517015494,0.44010903797229894,0.0,0.838968146564817,0.0,,,EXPLOIT
743,44,,,0,1,1,1,common,0.0,0.2642838561994218,0.6818832979214224,0.38736148344043575,0.0,0.840709847543181,0.0,,,EXPLOIT
744,44,,,0,1,1,1,common,1.0,0.8282154934703758,0.6216513160988097,0.5196176864494177,0.0,0.8423974118993728,0.0,,,EXPLOIT
745,44,,,0,1,1,0,common,0.0,0.0754654348182639,0.68196474489838,0.38637201096007157,0.0,0.8358401293003141,0.0,,,EXPLOIT
746,44,,,0,0,0,0,common,1.0,0.23144716284232758,0.674171903104887,0.33989455652474837,0.0,0.8376809544041799,0.0,,,EXPLOIT
747,44,,,0,1,1,1,common,0.0,0.4616599292442557,0.5400938442846495,0.37642416834060055,0.0,0.8394631503757531,0.0,,,EXPLOIT
748,44,,,0,0,0,0,common,1.0,0.15044065584751287,0.4402345756386732,0.3086291145926742,0.0,0.8411893884447778,0.0,,,EXPLOIT
749,44,,,0,0,0,0,common,1.0,0.09778642630088341,0.3279191052354276,0.24537630810513697,0.0,0.8428621801710023,0.0,,,EXPLOIT
750,44,,,0,0,1,1,rare,1.0,0.6999210459912337,0.26407211266597386,0.381739729470966,0.0,0.8444838892009144,0.0,,,EXPLOIT
751,44,,,0,1,1,1,common,1.0,0.454948679894302,0.22745996895459086,0.4037024145979668,0.0,0.8460567420007341,0.0,,,EXPLOIT
752,44,,,0,0,0,0,common,1.0,0.06356117709557418,0.4433671849401043,0.301660043347249,0.0,0.847582837668183,0.0,,,EXPLOIT
753,44,,,0,1,1,1,common,1.0,0.2957166419312963,0.4112845399568338,0.2998770229224632,0.0,0.849064156913976,0.0,,,EXPLOIT
754,44,,,0,0,0,0,common,1.0,0.041314765112123175,0.5687890890413927,0.2223083455793612,0.0,0.8505025702938603,0.0,,,EXPLOIT
755,44,,,0,0,0,0,common,1.0,0.02685459732288009,0.5492892345119658,0.16367222110241686,0.0,0.8518998457631656,0.0,,,EXPLOIT
756,44,,,0,0,1,1,rare,1.0,0.19221581725534265,0.5362646176831201,0.1722352999482946,0.0,0.8532576556180316,0.0,,,EXPLOIT
757,44,,,0,1,1,1,common,1.0,0.12494028121597278,0.527677903970359,0.15804679432859803,0.0,0.8545775828806305,0.0,,,EXPLOIT
758,44,,,0,0,0,0,common,1.0,0.017455488259872087,0.6200545360285913,0.11586940250798024,0.0,0.8558611271796585,0.0,,,EXPLOIT
759,44,,,0,0,1,1,rare,1.0,0.08121118279038231,0.6156032377607243,0.10547193659270085,0.0,0.8571097101720395,0.0,,,EXPLOIT
760,44,,,0,1,1,1,common,1.0,0.05278726881374851,0.6126578771641783,0.08966653625901513,0.0,0.8583246805470629,0.0,,,EXPLOIT
761,44,,,0,1,0,0,rare,1.0,0.011346067368916857,0.6588279375003246,0.06617039559198565,0.0,0.859507318650001,0.0,,,EXPLOIT
762,44,,,0,0,1,1,rare,1.0,0.03431172472893651,0.679257178740961,0.056612794333070905,0.0,0.8606588407585388,0.0,,,EXPLOIT
763,44,,,0,0,0,0,common,1.0,0.0073749437897959735,0.6783524437824018,0.041841439170088424,0.0,0.8617804030420603,0.0,,,EXPLOIT
764,44,,,0,1,1,1,common,1.0,0.02230262107380876,0.6777497638557366,0.035979793741204524,0.0,0.8628731052308896,0.0,,,EXPLOIT
765,44,,,0,0,0,0,common,1.0,0.004793713463367433,0.6868424090116104,0.026623969657853394,0.0,0.863937994019982,0.0,,,EXPLOIT
766,44,,,0,0,0,0,common,0.0,0.9968840862488112,0.6865832617071574,0.3177020046351407,0.0,0.8649760662292157,0.0,,,EXPLOIT
767,44,,,0,1,1,1,common,1.0,0.014496703697975732,0.5480423941949498,0.2267404143539912,0.0,0.8659882717403543,0.0,,,EXPLOIT
768,44,,,0,1,0,0,rare,1.0,0.3520253439382728,0.5301833837981653,0.2643258932292757,0.0,0.866975516228875,0.0,,,EXPLOIT
769,44,,,0,1,0,0,rare,1.0,0.22881647355987733,0.5183696016899035,0.2536730673284562,0.0,0.8679386637071889,0.0,,,EXPLOIT
770,44,,,0,1,1,1,common,1.0,0.009422857403684204,0.5106219183764641,0.18039800435102457,0.0,0.868878538894269,0.0,,,EXPLOIT
771,44,,,0,1,1,1,common,1.0,0.00612485731239476,0.5055617045931247,0.12811606023943561,0.0,0.8697959294253585,0.0,,,EXPLOIT
772,44,,,0,1,0,1,rare,0.0,0.20355385220916988,0.5022636274189503,0.1507473978303559,0.0,0.8706915879142053,0.0,,,EXPLOIT
773,44,,,0,0,0,0,common,0.0,0.8512692921860797,0.6931279096840514,0.360903966137073,0.0,0.8715662338791836,0.0,,,EXPLOIT
774,44,,,0,1,0,1,rare,1.0,0.8676899960640396,0.6021055434557033,0.512939775115163,0.0,0.8724205555436672,0.0,,,EXPLOIT
775,44,,,0,1,1,1,common,0.0,0.9960188427469434,0.4991521312246866,0.6578634954046971,0.0,0.8678973482718347,0.0,,,EXPLOIT
776,44,,,0,0,0,0,common,0.0,0.5533250399209518,0.680932983958109,0.6265019587595735,0.0,0.8630919434156191,0.0,,,EXPLOIT
777,44,,,0,1,1,1,common,0.0,0.6474122477855133,0.6004186231995596,0.6327750454673554,0.0,0.8579773483040766,0.0,,,EXPLOIT
778,44,,,0,1,1,1,common,1.0,0.5791820389394163,0.6879499512435869,0.6166971435089736,0.0,0.8525230146719168,0.0,,,EXPLOIT
779,44,,,0,1,0,0,rare,1.0,0.6403387240513813,0.5518039682052506,0.6237896176716959,0.0,0.8466942332653992,0.0,,,EXPLOIT
780,44,,,0,0,1,1,rare,0.0,0.6235316746893793,0.4163626039555305,0.623712234777001,0.0,0.840451400394493,0.0,,,EXPLOIT
781,44,,,0,1,0,0,rare,0.0,0.5837798293666021,0.33509937115947197,0.6117325131538813,0.0,0.8337491236761283,0.0,,,EXPLOIT
782,44,,,0,1,1,0,common,0.0,0.04905253263187154,0.5524453491167018,0.44292851899727836,0.0,0.8265351242747356,0.0,,,EXPLOIT
783,44,,,0,0,0,0,common,1.0,0.6205431109117086,0.663357414925742,0.4962128965716074,0.0,0.8286851993468796,0.0,,,EXPLOIT
784,44,,,0,0,0,0,common,1.0,0.4033530220926106,0.6422662118556388,0.4683549342279083,0.0,0.8307619071366794,0.0,,,EXPLOIT
785,44,,,0,0,0,0,common,1.0,0.2621794643601969,0.4967174491658443,0.40650229326759485,0.0,0.8327688402695879,0.0,,,EXPLOIT
786,44,,,0,0,0,0,common,1.0,0.17041665183412802,0.388954310630949,0.3356766008375548,0.0,0.8347093607651764,0.0,,,EXPLOIT
787,44,,,0,0,0,0,common,1.0,0.11077082369218316,0.3235430620935834,0.2682048676939433,0.0,0.8365866182504389,0.0,,,EXPLOIT
788,44,,,0,0,0,0,common,1.0,0.07200103539991909,0.284548466488434,0.20934371800573603,0.0,0.8384035664737317,0.0,,,EXPLOIT
789,44,,,0,1,1,1,common,0.0,0.40529558854809655,0.2609133914025125,0.2681292791684442,0.0,0.8401629783014987,0.0,,,EXPLOIT
790,44,,,0,0,0,0,common,1.0,0.04680067300994739,0.1954114424980581,0.20173069732089516,0.0,0.8418674593579576,0.0,,,EXPLOIT
791,44,,,0,0,0,0,common,1.0,0.030420437456465832,0.1837180663447221,0.15033761936156637,0.0,0.8435194604488798,0.0,,,EXPLOIT
792,44,,,0,0,0,0,common,1.0,0.01977328434670278,0.1764271220725276,0.11116831885710728,0.0,0.8451212888940695,0.0,,,EXPLOIT
793,44,,,0,0,0,0,common,1.0,0.012852634825356812,0.17181686151784772,0.08167361364758213,0.0,0.8466751188787656,0.0,,,EXPLOIT
794,44,,,0,1,1,0,common,0.0,0.0318841462107165,0.16887402886264335,0.06673677341652244,0.0,0.8481830009216452,0.0,,,EXPLOIT
795,44,,,0,0,1,1,rare,1.0,0.7365578674437372,0.13788871819657977,0.2676831016246869,0.0,0.8496468705461507,0.0,,,EXPLOIT
796,44,,,0,0,0,0,common,0.0,0.991645787363518,0.1362980922398523,0.48487190734633623,0.0,0.8510685562322661,0.0,,,EXPLOIT
797,44,,,0,0,0,1,common,1.0,0.5639984974416257,0.350596273613803,0.508609884374923,0.0,0.8524497867174534,0.0,,,EXPLOIT
798,44,,,0,0,0,0,common,0.0,0.6445697617862868,0.2569007328799846,0.5493978475983321,0.0,0.8466158926715817,0.0,,,EXPLOIT
799,44,,,0,0,1,1,rare,0.0,0.5212373861615709,0.47725229385948653,0.5409497091673037,0.0,0.8403673968151286,0.0,,,EXPLOIT
800,44,,,0,0,0,1,common,0.0,0.6334009766629433,0.6208331014769488,0.5686850894159955,0.0,0.8336588248505041,0.0,,,EXPLOIT
801,44,,,0,0,0,0,common,1.0,0.5810296548389136,0.6793284710472101,0.5723884590428708,0.0,0.8264378002000146,0.0,,,EXPLOIT
802,44,,,0,1,1,1,common,1.0,0.6611956989949789,0.4886842213005361,0.5990306310285032,0.0,0.8186436827680802,0.0,,,EXPLOIT
803,44,,,0,0,0,1,common,0.0,0.41171063483091314,0.6872617040854612,0.5428346321692261,0.0,0.8102058723261799,0.0,,,EXPLOIT
804,44,,,0,1,1,1,common,1.0,0.4297772043467363,0.6668692869830144,0.5089174038224791,0.0,0.8010416759918706,0.0,,,EXPLOIT
805,44,,,0,1,1,1,common,1.0,0.27935518282537863,0.5284543140381455,0.4400487375233489,0.0,0.7910536032945666,0.0,,,EXPLOIT
806,44,,,0,1,0,0,rare,1.0,0.37766927564529384,0.41389493119470816,0.42133489895993237,0.0,0.7945792461778991,0.0,,,EXPLOIT
807,44,,,0,1,1,1,common,1.0,0.18158086883649616,0.34259060978803446,0.34940868992290147,0.0,0.7979543576155161,0.0,,,EXPLOIT
808,44,,,0,1,1,1,common,1.0,0.11802756474372256,0.299825337333799,0.27999435236914777,0.0,0.8011882168610552,0.0,,,EXPLOIT
809,44,,,0,0,1,1,rare,1.0,0.07671791708341968,0.2738812377588572,0.21901142178342933,0.0,0.8042893560942405,0.0,,,EXPLOIT
810,44,,,0,1,0,1,rare,0.0,0.26761191264009354,0.4720993830665751,0.2335915690404286,0.0,0.8072656341257405,0.0,,,EXPLOIT
811,44,,,0,1,1,1,common,1.0,0.049866646104222756,0.687905990173707,0.17847409215956686,0.0,0.8101243015449564,0.0,,,EXPLOIT
812,44,,,0,1,0,0,rare,0.0,0.754514970830559,0.626638452255375,0.3512863557608645,0.0,0.812872058447783,0.0,,,EXPLOIT
813,44,,,0,0,0,0,common,0.0,0.49043473103986335,0.6829277435742471,0.39303086834456413,0.0,0.8155151057119309,0.0,,,EXPLOIT
814,44,,,0,1,1,1,common,1.0,0.03241331996774477,0.6639118988399182,0.2848456038315183,0.0,0.8180591906458398,0.0,,,EXPLOIT
815,44,,,0,1,1,0,common,0.0,0.020724695036965727,0.5382320343053849,0.2056093311931525,0.0,0.8205096477185211,0.0,,,EXPLOIT
816,44,,,0,1,1,1,common,1.0,0.021068657979034122,0.6832564066259652,0.15024712922891698,0.0,0.8228714349778418,0.0,,,EXPLOIT
817,44,,,0,1,1,1,common,1.0,0.013694627686372196,0.5665877845268784,0.10928137876615354,0.0,0.8251491666804923,0.0,,,EXPLOIT
818,44,,,0,1,1,1,common,1.0,0.008901507996141977,0.45384653553785026,0.07916741753515007,0.0,0.8273471425855562,0.0,,,EXPLOIT
819,44,,,0,1,1,1,common,1.0,0.005785980197492324,0.3800112191795026,0.05715298633385274,0.0,0.8294693743030098,0.0,,,EXPLOIT
820,44,,,0,1,1,1,common,1.0,0.003760887128369972,0.334680472507016,0.041135356572207904,0.0,0.8315196090368984,0.0,,,EXPLOIT
821,44,,,0,1,1,1,common,1.0,0.002444576633440443,0.3068397906874477,0.029528122590577664,0.0,0.833501351018859,0.0,,,EXPLOIT
822,44,,,0,1,1,1,common,1.0,0.0015889748117362545,0.28951857165089867,0.021146378256925242,0.0,0.8354178808899348,0.0,,,EXPLOIT
823,44,,,0,0,0,0,common,1.0,0.6812174248240888,0.27860420074490133,0.2191676922270743,0.0,0.8372722732562062,0.0,,,EXPLOIT
824,44,,,0,1,0,0,rare,0.0,0.5572086738643423,0.4640524005432608,0.3205799867182547,0.0,0.8390674126158868,0.0,,,EXPLOIT
825,44,,,0,1,1,1,common,1.0,0.0010328336276285155,0.6887428930574054,0.22471584079106682,0.0,0.8408060078314412,0.0,,,EXPLOIT
826,44,,,0,0,0,0,common,1.0,0.6378143619881775,0.6349164548592945,0.34864539715020004,0.0,0.8424906052994721,0.0,,,EXPLOIT
827,44,,,0,0,1,1,rare,1.0,0.000671341857958585,0.6912816206540155,0.2442531805625276,0.0,0.8441236009530602,0.0,,,EXPLOIT
828,44,,,0,1,1,1,common,1.0,0.00043637220767311913,0.6850540241544455,0.17110813805607125,0.0,0.8457072512155602,0.0,,,EXPLOIT
829,44,,,0,1,1,0,common,1.0,0.9865289482259723,0.6923581310424186,0.41573438110704153,0.0,0.847243683011183,0.0,,,EXPLOIT
830,44,,,0,1,1,1,common,1.0,0.000283641934987533,0.6822260271693247,0.2910991593554253,0.0,0.8487349029257825,0.0,,,EXPLOIT
831,44,,,0,1,0,0,rare,0.0,0.5854206647076846,0.6696527251605348,0.3793956109611031,0.0,0.8501828056008338,0.0,,,EXPLOIT
832,44,,,0,0,0,0,common,1.0,0.6194765679400049,0.6069212536642287,0.4514198980547736,0.0,0.851589181434455,0.0,,,EXPLOIT
833,44,,,0,1,0,0,rare,1.0,0.4026597691610032,0.5589853713663001,0.4367918593866425,0.0,0.8529557236553083,0.0,,,EXPLOIT
834,44,,,0,1,0,0,rare,1.0,0.26172884995465207,0.6547781952278144,0.38427295655704535,0.0,0.8542840348281627,0.0,,,EXPLOIT
835,44,,,0,0,0,1,common,0.0,0.17394774321606082,0.6877857341409216,0.32117539255474997,0.0,0.8555756328436864,0.0,,,EXPLOIT
836,44,,,0,1,1,1,common,1.0,0.00018436725774184648,0.5757121048255616,0.2248780849656475,0.0,0.8568319564395513,0.0,,,EXPLOIT
837,44,,,0,1,1,0,common,0.0,0.358756183653118,0.5270481977873387,0.2650415145718887,0.0,0.8580543702950872,0.0,,,EXPLOIT
838,44,,,0,1,1,1,common,1.0,0.00011983871753218356,0.6931151499255421,0.18556501181558172,0.0,0.8592441697374252,0.0,,,EXPLOIT
839,44,,,0,0,0,0,common,1.0,0.1701237524705238,0.6495229307065031,0.18093263401206433,0.0,0.8604025850932598,0.0,,,EXPLOIT
840,44,,,0,1,1,0,common,0.0,0.2331915193745267,0.6931336472510791,0.196610299620803,0.0,0.8615307857169796,0.0,,,EXPLOIT
841,44,,,0,0,0,0,common,0.0,0.8894195608941595,0.5807644881725068,0.40445307800280994,0.0,0.8626298837229001,0.0,,,EXPLOIT
842,44,,,0,1,1,1,common,1.0,7.789516639589156e-05,0.6931414625767626,0.2831405231518857,0.0,0.8637009374466502,0.0,,,EXPLOIT
843,44,,,0,1,0,0,rare,0.0,0.5781227145812038,0.6282609124257583,0.3716351805806811,0.0,0.8647449546583716,0.0,,,EXPLOIT
844,44,,,0,0,0,1,common,0.0,0.11306603309043954,0.6893454433421913,0.2940644363336086,0.0,0.8657628955482437,0.0,,,EXPLOIT
845,44,,,0,1,1,1,common,1.0,5.0631858157346166e-05,0.6646534858490407,0.20586029499097322,0.0,0.8667556755029382,0.0,,,EXPLOIT
846,44,,,0,1,0,0,rare,1.0,0.6242202355222175,0.5223886205146162,0.3313682771503465,0.0,0.8677241676898854,0.0,,,EXPLOIT
847,44,,,0,0,0,0,common,0.0,0.5942568469105586,0.40661590031152123,0.4102348480784101,0.0,0.8686692054646961,0.0,,,EXPLOIT
848,44,,,0,1,1,1,common,1.0,3.2910707802313865e-05,0.31743232320758963,0.28717426686722775,0.0,0.8695915846156994,0.0,,,EXPLOIT
849,44,,,0,1,0,1,rare,0.0,0.0734929215087857,0.25560817568315086,0.2230698632596951,0.0,0.8704920654583082,0.0,,,EXPLOIT
850,44,,,0,1,0,0,rare,1.0,0.6137330495081369,0.4984083144070838,0.34026881913422763,0.0,0.8713713747908077,0.0,,,EXPLOIT
851,44,,,0,1,0,0,rare,0.0,0.601073517819711,0.35938351320007267,0.4185102287398726,0.0,0.8722302077221447,0.0,,,EXPLOIT
852,44,,,0,1,0,1,rare,0.0,0.047770398980710706,0.5742562018930777,0.307288279812124,0.0,0.8730692293813875,0.0,,,EXPLOIT
853,44,,,0,0,0,0,common,1.0,0.6093022134171878,0.6737785582532259,0.3978924598936431,0.0,0.8738890765176989,0.0,,,EXPLOIT
854,44,,,0,1,0,0,rare,1.0,0.39604643872117207,0.6316815489060165,0.39733865354190173,0.0,0.8746903589989127,0.0,,,EXPLOIT
855,44,,,0,1,0,1,rare,1.0,0.9689492406625381,0.6848710784604702,0.5688218296780927,0.0,0.8754736612161382,0.0,,,EXPLOIT
856,44,,,0,1,0,0,rare,0.0,0.7425698148312382,0.6018661648137161,0.6209462252240363,0.0,0.8711361018411123,0.0,,,EXPLOIT
857,44,,,0,0,0,0,common,1.0,0.5173296203596951,0.6921798663594145,0.5898612437647339,0.0,0.8665336287218874,0.0,,,EXPLOIT
858,44,,,0,0,1,1,rare,0.0,0.9999786080399284,0.6161915646434125,0.7128964530472923,0.0,0.8616414631003765,0.0,,,EXPLOIT
859,44,,,0,1,0,0,rare,1.0,0.3362642532338018,0.6916597205217709,0.5999067931032451,0.0,0.8564316368204059,0.0,,,EXPLOIT
860,44,,,0,0,0,0,common,0.0,0.7814282353980289,0.6069788270492845,0.6543632257916803,0.0,0.8508724621024492,0.0,,,EXPLOIT
861,44,,,0,1,0,0,rare,0.0,0.5079283530087189,0.48154506874853376,0.6104327639567918,0.0,0.8449278919028257,0.0,,,EXPLOIT
862,44,,,0,1,1,1,common,0.0,0.6499860952259535,0.6548051976855442,0.6222987633375403,0.0,0.8385567435774103,0.0,,,EXPLOIT
863,44,,,0,0,1,1,rare,0.0,0.4224909618968698,0.6930741612982387,0.562356422905339,0.0,0.8317117505095819,0.0,,,EXPLOIT
864,44,,,0,1,1,1,common,1.0,0.7253808747670346,0.6765785296391458,0.6112637584638477,0.0,0.8243383955198588,0.0,,,EXPLOIT
865,44,,,0,1,0,0,rare,1.0,0.6698465705443327,0.5008470800653088,0.6288386020879931,0.0,0.8163734651409594,0.0,,,EXPLOIT
866,44,,,0,1,1,1,common,1.0,0.4714975685985725,0.35584977490250796,0.5816362920411668,0.0,0.807743243600602,0.0,,,EXPLOIT
867,44,,,0,1,0,0,rare,1.0,0.4354002708538163,0.2729075504280698,0.5377654856849616,0.0,0.7983612372183981,0.0,,,EXPLOIT
868,44,,,0,1,0,0,rare,1.0,0.2830101760549806,0.22650371713007345,0.4613388927959673,0.0,0.7881252803166512,0.0,,,EXPLOIT
869,44,,,0,1,1,1,common,1.0,0.30647341958907215,0.1996849543794209,0.4148792508338987,0.0,0.79177826283028,0.0,,,EXPLOIT
870,44,,,0,1,1,1,common,1.0,0.19920772273289689,0.18364380030409588,0.35017779240359814,0.0,0.7952727171640779,0.0,,,EXPLOIT
871,44,,,0,1,0,0,rare,0.0,0.8160433855642626,0.17379028829145685,0.48993747035179747,0.0,0.7986185782146715,0.0,,,EXPLOIT
872,44,,,0,1,1,1,common,1.0,0.12948501977638294,0.41254681300464113,0.38180173517917304,0.0,0.8018249679572106,0.0,,,EXPLOIT
873,44,,,0,1,1,1,common,1.0,0.08416526285464887,0.3045377191430606,0.2925107934818158,0.0,0.8049002769297364,0.0,,,EXPLOIT
874,44,,,0,1,1,1,common,1.0,0.054707420855521716,0.24433742261954466,0.22116978169392756,0.0,0.8078522361089093,0.0,,,EXPLOIT
875,44,,,0,1,1,1,common,1.0,0.03555982355608911,0.2101097192651917,0.165486794252576,0.0,0.8106879804735083,0.0,,,EXPLOIT
876,44,,,0,1,0,0,rare,1.0,0.46957179938322935,0.18993769838508062,0.256712295791772,0.0,0.813414105355996,0.0,,,EXPLOIT
877,44,,,0,1,1,1,common,0.0,0.976886114688542,0.17768253159854308,0.472764441460803,0.0,0.8160367165190785,0.0,,,EXPLOIT
878,44,,,0,1,1,1,common,0.0,0.6349759745475523,0.41694143261891836,0.5214279013868277,0.0,0.818561474757613,0.0,,,EXPLOIT
879,44,,,0,1,0,0,rare,0.0,0.694778330400901,0.6031197389881547,0.5734330300910496,0.0,0.8101167356167795,0.0,,,EXPLOIT
880,44,,,0,1,0,0,rare,1.0,0.5483940852394144,0.6801769690468804,0.565921346635559,0.0,0.8009447013491573,0.0,,,EXPLOIT
881,44,,,0,1,1,1,common,0.0,0.41273438345590896,0.5070193399790469,0.519965257681664,0.0,0.7909477151517961,0.0,,,EXPLOIT
882,44,,,0,1,1,0,common,0.0,0.15157448759344236,0.6462746801719006,0.4094480266551975,0.0,0.7800098177847523,0.0,,,EXPLOIT
883,44,,,0,0,0,1,common,0.0,0.37018299356935025,0.6902140449515596,0.39766851672944326,0.0,0.7840266465102745,0.0,,,EXPLOIT
884,44,,,0,1,0,0,rare,1.0,0.35645615540561937,0.6727882171782564,0.385304808332296,0.0,0.7878613779391189,0.0,,,EXPLOIT
885,44,,,0,0,1,0,rare,0.0,0.09852341693573755,0.4751152216215787,0.29927039091332847,0.0,0.7915259393280297,0.0,,,EXPLOIT
886,44,,,0,1,1,1,common,0.0,0.26827734924634083,0.4381519150985985,0.28997247841323215,0.0,0.7950312388104263,0.0,,,EXPLOIT
887,44,,,0,0,0,0,common,1.0,0.23169650101365258,0.5871206541990128,0.27248968519335826,0.0,0.7983872719736325,0.0,,,EXPLOIT
888,44,,,0,1,0,0,rare,1.0,0.15060272565887423,0.6806861247325057,0.23592359733301305,0.0,0.801603215335412,0.0,,,EXPLOIT
889,44,,,0,0,1,1,rare,0.0,0.17438027701012154,0.6453722070749193,0.21746060123614558,0.0,0.8046875085608469,0.0,,,EXPLOIT
890,44,,,0,1,0,0,rare,1.0,0.09789177167826824,0.5424432564138906,0.18158995236878234,0.0,0.8076479269707423,0.0,,,EXPLOIT
891,44,,,0,1,1,0,common,0.0,0.0640402210082294,0.4057134988551298,0.14632503296061647,0.0,0.8104916456532202,0.0,,,EXPLOIT
892,44,,,0,0,0,0,common,1.0,0.0636296515908743,0.6167443850576224,0.12151641854969382,0.0,0.8132252962914782,0.0,,,EXPLOIT
893,44,,,0,1,1,1,common,1.0,0.8866528199434209,0.6870084390948328,0.35105733896781194,0.0,0.8158550176552217,0.0,,,EXPLOIT
894,44,,,0,1,1,1,common,1.0,0.5763243329632237,0.6593569342749057,0.4186374371664354,0.0,0.8183865005649861,0.0,,,EXPLOIT
895,44,,,0,1,0,0,rare,1.0,0.04135927353406832,0.5787867956292658,0.30545398807672525,0.0,0.8208250280225706,0.0,,,EXPLOIT
896,44,,,0,1,1,1,common,1.0,0.3746108164260954,0.5118050348723364,0.32620103658153626,0.0,0.8231755111031938,0.0,,,EXPLOIT
897,44,,,0,0,1,1,rare,1.0,0.24349703067696205,0.465870031612068,0.30138983481016396,0.0,0.8254425211225499,0.0,,,EXPLOIT
898,44,,,0,1,1,1,common,1.0,0.15827306994002532,0.6072310030614696,0.25845480534912235,0.0,0.8276303185221502,0.0,,,EXPLOIT
899,44,,,0,0,0,0,common,0.0,0.9731164722028556,0.5818757064515506,0.4728533054052423,0.0,0.829742878857018,0.0,,,EXPLOIT
900,44,,,0,1,0,0,rare,0.0,0.6325257069318562,0.37294671196848883,0.5207550258632264,0.0,0.8317839162192894,0.0,,,EXPLOIT
901,44,,,0,1,0,0,rare,1.0,0.5888582904942935,0.6428399560297973,0.5411860052525466,0.0,0.8244162360832259,0.0,,,EXPLOIT
902,44,,,0,1,0,0,rare,0.0,0.6172421111787092,0.5415346928214669,0.5640028370303953,0.0,0.8164576728085091,0.0,,,EXPLOIT
903,44,,,0,1,0,0,rare,0.0,0.401207372266161,0.6902269233994075,0.515164197601125,0.0,0.8078346279663231,0.0,,,EXPLOIT
904,44,,,0,0,0,0,common,1.0,0.7392152080269954,0.6597272154394447,0.5823795007288861,0.0,0.7984607511796176,0.0,,,EXPLOIT
905,44,,,0,0,0,0,common,1.0,0.480489885217547,0.5193126270645378,0.5518126160754844,0.0,0.7882340532433892,0.0,,,EXPLOIT
906,44,,,0,1,1,0,common,0.0,0.04162614365534911,0.4074433850772639,0.3987566743494438,0.0,0.7770331977877711,0.0,,,EXPLOIT
907,44,,,0,1,1,1,common,1.0,0.10287749546101643,0.3156504052941523,0.30999292068291556,0.0,0.7811875027782034,0.0,,,EXPLOIT
908,44,,,0,1,0,0,rare,0.0,0.6876815746085945,0.5553657823351013,0.42329951686061923,0.0,0.785150535356865,0.0,,,EXPLOIT
909,44,,,0,0,0,0,common,0.0,0.44699302349558645,0.40640436935473695,0.4304075688511094,0.0,0.7889350212686466,0.0,,,EXPLOIT
910,44,,,0,0,0,0,common,1.0,0.7094545347278688,0.6297682870393029,0.5141216586141373,0.0,0.7925525821194098,0.0,,,EXPLOIT
911,44,,,0,0,0,0,common,1.0,0.4611454475731147,0.48875679287854096,0.4982287953018305,0.0,0.7817686793591546,0.0,,,EXPLOIT
912,44,,,0,0,0,0,common,1.0,0.29974454092252456,0.3875801871493322,0.4386835189880387,0.0,0.7857052885694874,0.0,,,EXPLOIT
913,44,,,0,0,0,0,common,1.0,0.194833951599641,0.32605666972094366,0.36552864877151936,0.0,0.7894650868379413,0.0,,,EXPLOIT
914,44,,,0,0,0,0,common,1.0,0.12664206853976667,0.2891517188582013,0.2938626747019935,0.0,0.7930595470464046,0.0,,,EXPLOIT
915,44,,,0,0,0,0,common,1.0,0.08231734455084838,0.2666602883795019,0.23039907565664997,0.0,0.7964991707455651,0.0,,,EXPLOIT
916,44,,,0,0,0,0,common,1.0,0.05350627395805141,0.2527024348804874,0.1773312351470704,0.0,0.7997935888243279,0.0,,,EXPLOIT
917,44,,,0,0,0,0,common,0.0,0.9652209219272666,0.2439137659599857,0.41369814118112924,0.0,0.8029516499133235,0.0,,,EXPLOIT
918,44,,,0,0,1,1,rare,1.0,0.06687037204966073,0.5238543442068394,0.30964981044168866,0.0,0.8059814982314102,0.0,,,EXPLOIT
919,44,,,0,0,1,0,rare,1.0,0.9729430066240231,0.4100426390083447,0.5086377692963889,0.0,0.8088906423172856,0.0,,,EXPLOIT
920,44,,,0,0,0,0,common,1.0,0.3726064007472767,0.3395094691735291,0.46782835873165524,0.0,0.7996104461851182,0.0,,,EXPLOIT
921,44,,,0,0,0,0,common,1.0,0.24219416048572984,0.2972611046815795,0.4001380992578776,0.0,0.8027760177177432,0.0,,,EXPLOIT
922,44,,,0,0,0,0,common,1.0,0.1574262043157244,0.2716406291120247,0.3273245307752316,0.0,0.8058129321273788,0.0,,,EXPLOIT
923,44,,,0,0,0,0,common,1.0,0.10232703280522082,0.2558133951777283,0.25982528138422833,0.0,0.8087287323137518,0.0,,,EXPLOIT
924,44,,,0,0,0,0,common,1.0,0.0665125713233935,0.24588203178549545,0.20183146836597787,0.0,0.8115303830759341,0.0,,,EXPLOIT
925,44,,,0,0,0,0,common,0.0,0.9567668286397942,0.2395782883633889,0.42831207644812275,0.0,0.8142243254584242,0.0,,,EXPLOIT
926,44,,,0,0,0,0,common,1.0,0.37810156138413376,0.5200724676742529,0.41324892192892604,0.0,0.8168165250795872,0.0,,,EXPLOIT
927,44,,,0,0,0,0,common,1.0,0.24576601489968697,0.4075740289896332,0.3630040498201543,0.0,0.819312515205746,0.0,,,EXPLOIT
928,44,,,0,1,1,0,common,1.0,0.632412954305615,0.33802864449443937,0.44382672116579247,0.0,0.8217174352255312,0.0,,,EXPLOIT
929,44,,,0,0,0,0,common,0.0,0.8402520903152034,0.5469658205639238,0.5627543319106156,0.0,0.8240360650875269,0.0,,,EXPLOIT
930,44,,,0,0,0,0,common,1.0,0.45383614129511773,0.6931230493103702,0.5300788747259662,0.0,0.8160463803683736,0.0,,,EXPLOIT
931,44,,,0,1,0,0,rare,1.0,0.29499349184182655,0.6479921568706335,0.45955325986072426,0.0,0.8073882535967984,0.0,,,EXPLOIT
932,44,,,0,0,0,0,common,0.0,0.8082542303028127,0.6931369848494178,0.5641635509933507,0.0,0.8102421223276653,0.0,,,EXPLOIT
933,44,,,0,1,0,0,rare,1.0,0.4746347503031717,0.582173855558138,0.537304910786297,0.0,0.8010811125290231,0.0,,,EXPLOIT
934,44,,,0,1,0,1,rare,1.0,0.7593810541799223,0.49605539766122114,0.6039277538043846,0.0,0.7910966634997559,0.0,,,EXPLOIT
935,44,,,0,1,0,0,rare,1.0,0.3085125876970616,0.43713897030062887,0.5153032039721877,0.0,0.7801731059516259,0.0,,,EXPLOIT
936,44,,,0,1,1,1,common,1.0,0.04346574183227947,0.3993553378091683,0.37375196533021515,0.0,0.768172042610704,0.0,,,EXPLOIT
937,44,,,0,1,0,0,rare,0.0,0.79946681799691,0.37538400151194073,0.5014664211302235,0.0,0.7727483532044443,0.0,,,EXPLOIT
938,44,,,0,1,1,1,common,1.0,0.028252732190981678,0.646624906979244,0.35950231444845093,0.0,0.7599848737285331,0.0,,,EXPLOIT
939,44,,,0,1,1,1,common,0.0,0.9816357240758619,0.5491324763733096,0.5461423373366742,0.0,0.7649680140021781,0.0,,,EXPLOIT
940,44,,,0,1,1,1,common,1.0,0.3619367793506898,0.6916086920453983,0.49088066994087887,0.0,0.751379386523808,0.0,,,EXPLOIT
941,44,,,0,1,1,0,common,0.0,0.5889315797013502,0.61428227568493,0.5202959428690203,0.0,0.756807606066888,0.0,,,EXPLOIT
942,44,,,0,0,0,0,common,1.0,0.4803465683020085,0.6917429379610498,0.5083111304989167,0.0,0.7423245571558693,0.0,,,EXPLOIT
943,44,,,0,0,1,1,rare,1.0,0.23525890657794835,0.6082624926020381,0.4263954633226262,0.0,0.7261806228221027,0.0,,,EXPLOIT
944,44,,,0,1,0,1,rare,0.0,0.5064023147830504,0.5077511324125091,0.45039751876075346,0.0,0.7330145216990027,0.0,,,EXPLOIT
945,44,,,0,0,1,1,rare,1.0,0.15291828927566642,0.37373503346134723,0.3611537499152273,0.0,0.7394521667899848,0.0,,,EXPLOIT
946,44,,,0,0,1,1,rare,1.0,0.09939688802918312,0.3090466915693,0.28262669134941404,0.0,0.7455267532197879,0.0,,,EXPLOIT
947,44,,,0,0,1,1,rare,1.0,0.06460797721896905,0.2708089585462126,0.21722107711028052,0.0,0.7512678693849401,0.0,,,EXPLOIT
948,44,,,0,0,0,0,common,0.0,0.6877747306036944,0.24774692528105077,0.3583871731583047,0.0,0.7567019738577025,0.0,,,EXPLOIT
949,44,,,0,0,0,0,common,1.0,0.5529464251075986,0.5173062413664736,0.4167549487430928,0.0,0.7618527985685343,0.0,,,EXPLOIT
950,44,,,0,0,0,1,common,0.0,0.32916150460898275,0.39595339477319813,0.3904769155028598,0.0,0.766741691228611,0.0,,,EXPLOIT
951,44,,,0,1,1,1,common,1.0,0.04199518519232992,0.6170196966954797,0.2859323964097008,0.0,0.7713879074133334,0.0,,,EXPLOIT
952,44,,,0,1,0,0,rare,1.0,0.35941517631993913,0.6885046336252859,0.3079772303827723,0.0,0.7758088607339824,0.0,,,EXPLOIT
953,44,,,0,1,0,0,rare,0.0,0.7663801353920395,0.6109766619004574,0.44549810188555244,0.0,0.7800203379500265,0.0,,,EXPLOIT
954,44,,,0,1,1,1,common,0.0,0.9727031296249855,0.6910854938311372,0.6036596102073823,0.0,0.7840366846233864,0.0,,,EXPLOIT
955,44,,,0,1,1,1,common,0.0,0.6322570342562406,0.6254390442174332,0.6122388374220398,0.0,0.7724227268323557,0.0,,,EXPLOIT
956,44,,,0,1,1,0,common,0.0,0.38280552680587765,0.5464774226859015,0.5434088442371912,0.0,0.7596252516953799,0.0,,,EXPLOIT
957,44,,,0,0,0,0,common,1.0,0.5018529119951742,0.48794067201413377,0.530942064564586,0.0,0.745454391670582,0.0,,,EXPLOIT
958,44,,,0,0,1,0,rare,0.0,0.2488235924238205,0.33180684107484076,0.44630652292235634,0.0,0.7296773722236354,0.0,,,EXPLOIT
959,44,,,0,0,1,1,rare,0.0,0.4109670722665564,0.5341606257557061,0.4357046877256163,0.0,0.7363071231369439,0.0,,,EXPLOIT
960,44,,,0,0,1,1,rare,1.0,0.7328714030267384,0.6463473027048456,0.5248547023159529,0.0,0.742557837881883,0.0,,,EXPLOIT
961,44,,,0,0,0,1,common,1.0,0.7860450220041613,0.44522157892753844,0.6032117982224153,0.0,0.7264414037896452,0.0,,,EXPLOIT
962,44,,,0,0,1,1,rare,1.0,0.47636641196737994,0.3074983815655249,0.5651581823459046,0.0,0.7083671259166345,0.0,,,EXPLOIT
963,44,,,0,0,1,1,rare,0.0,0.6903618322212031,0.23303135383216073,0.6027192773084942,0.0,0.6879562686634904,0.0,,,EXPLOIT
964,44,,,0,0,0,0,common,1.0,0.3262043927968633,0.4550719233832692,0.5197648119550049,0.0,0.6647256778457445,0.0,,,EXPLOIT
965,44,,,0,0,0,0,common,1.0,0.21203285531796112,0.31301067586572373,0.4274452249638917,0.0,0.6380491310290316,0.0,,,EXPLOIT
966,44,,,0,0,0,0,common,1.0,0.13782135595667477,0.23599273924379333,0.3405580642617266,0.0,0.650981526465444,0.0,,,EXPLOIT
967,44,,,0,0,0,0,common,0.0,0.9104161186281614,0.19398023412149562,0.511515480571657,0.0,0.6629053729760814,0.0,,,EXPLOIT
968,44,,,0,0,1,1,rare,1.0,0.551264809056218,0.416864597746078,0.5234402791170252,0.0,0.63594806272052,0.0,,,EXPLOIT
969,44,,,0,0,1,1,rare,1.0,0.35832212588654166,0.29186159915877385,0.4739048331478801,0.0,0.6046481053767968,0.0,,,EXPLOIT
970,44,,,0,0,0,0,common,1.0,0.408229522891695,0.22460573054287072,0.4542022400710246,0.0,0.6203634439381258,0.0,,,EXPLOIT
971,44,,,0,0,1,1,rare,0.0,0.7670906181737479,0.1875883363605515,0.5480687535018416,0.0,0.6347375275370775,0.0,,,EXPLOIT
972,44,,,0,0,0,0,common,0.0,0.7346508101203982,0.41012042780980085,0.6040433704874085,0.0,0.6032343897552404,0.0,,,EXPLOIT
973,44,,,0,1,1,1,common,1.0,0.5013910981870638,0.5840568139932945,0.5732476887973051,0.0,0.5661936307896536,0.0,,,EXPLORE
974,44,,,0,0,0,1,common,0.0,0.4890707356972952,0.6862700471113359,0.5479946028673022,0.0,0.522016898116106,0.0,,,EXPLORE
975,44,,,0,0,0,1,common,0.0,0.3178959782032419,0.6264799091339863,0.47896501546808407,0.0,0.4684252372299178,0.0,,,EXPLORE
976,44,,,0,1,1,1,common,0.0,0.6740957861784085,0.5631510417931114,0.5375042466811814,0.0,0.4980904596557452,0.0,,,EXPLORE
977,44,,,0,1,1,1,common,1.0,0.5618377389840344,0.6638393524223635,0.5448042943720373,0.0,0.438979792646891,0.0,,,EXPLORE
978,44,,,0,0,0,0,common,1.0,0.5224769734217412,0.4751761295218921,0.5381060980869484,0.0,0.3649351426639107,0.0,,,EXPLORE
979,44,,,0,1,0,0,rare,0.0,0.6603899672758682,0.6805504086179344,0.5747912588436244,0.0,0.2694842590394824,0.0,,,EXPLORE
980,44,,,0,1,1,1,common,1.0,0.36519453033962246,0.6710320061759725,0.5119122402924238,0.0,0.14178334514027907,0.0,,,EXPLORE
981,44,,,0,1,1,1,common,0.0,0.7626235552792454,0.6639546306796966,0.5871256347884702,0.0,0.09090909090909093,0.0,,,EXPLORE
982,44,,,0,0,0,1,common,1.0,0.7933676141678927,0.6809579792286873,0.648998228602297,0.0,0.09090909090909093,0.0,,,EXPLORE
983,44,,,0,1,1,0,common,0.0,0.16173533507548332,0.5659135820943095,0.5028193605442528,0.0,0.09090909090909093,0.0,,,EXPLORE
984,44,,,0,0,0,0,common,1.0,0.5707465212706857,0.4517261965485936,0.5231975087621826,0.0,0.09090909090909093,0.0,,,EXPLORE
985,44,,,0,0,1,1,rare,1.0,0.5042946890684905,0.3440587012444293,0.517526662854075,0.0,0.09090909090909093,0.0,,,EXPLORE
986,44,,,0,0,0,0,common,1.0,0.3709852388259457,0.2815706773455999,0.47356423564563616,0.0,0.09090909090909093,0.0,,,EXPLORE
987,44,,,0,0,0,1,common,0.0,0.48431105079086967,0.24519448511114383,0.47678828018920616,0.0,0.17965545529122232,0.0,,,EXPLORE
988,44,,,0,1,0,1,rare,0.0,0.31480218301406526,0.5030479049533569,0.4281924510366638,0.0,0.25195053896963665,0.0,,,EXPLORE
989,44,,,0,0,0,0,common,1.0,0.24114040523686464,0.4271952981738303,0.37207683729672403,0.0,0.31197800201026266,0.0,,,EXPLORE
990,44,,,0,1,0,0,rare,0.0,0.843258736596038,0.306399848417192,0.5134314070865182,0.0,0.3626137856372424,0.0,,,EXPLORE
991,44,,,0,0,0,1,common,0.0,0.20462141895914243,0.2660332652184864,0.42078841064830547,0.0,0.26644182952689394,0.0,,,EXPLORE
992,44,,,0,0,0,0,common,1.0,0.45188182121257525,0.47713932566007655,0.4301164338175864,0.0,0.3241353663312081,0.0,,,EXPLORE
993,44,,,0,0,0,0,common,1.0,0.29372318378817397,0.31955994675694455,0.38919845880876264,0.0,0.3729583366315129,0.0,,,EXPLORE
994,44,,,0,0,1,1,rare,1.0,0.3277915478945188,0.23462640855975483,0.37077638553448944,0.0,0.414808546973562,0.0,,,EXPLOIT
995,44,,,0,0,0,0,common,1.0,0.1909200694623131,0.18908606302242503,0.31681949071283655,0.0,0.4510784757027208,0.0,,,EXPLOIT
996,44,,,0,0,0,0,common,1.0,0.12409804515050349,0.16349494872210607,0.2590030570441366,0.0,0.4828129676198369,0.0,,,EXPLOIT
997,44,,,0,0,1,1,rare,1.0,0.21306450613143724,0.14846488596738583,0.24522149177032676,0.0,0.5108113448181965,0.0,,,EXPLOIT
998,44,,,0,0,1,1,rare,0.0,0.8615080710145658,0.13934101429150447,0.43010746554359847,0.0,0.5356955228092285,0.0,,,EXPLOIT
999,44,,,0,1,1,1,common,1.0,0.44001975384053216,0.3473432662713877,0.4330811520326785,0.0,0.5579566415804943,0.0,,,EXPLOIT
1000,44,,,0,1,1,1,common,0.0,0.713987160003654,0.6138613185983552,0.5173529544239711,0.0,0.5779877229608664,0.0,,,EXPLOIT
1001,44,,,0,1,1,1,common,0.0,0.4640916540023752,0.494312217247054,0.5013745642974923,0.0,0.5361573069222884,0.0,,,EXPLORE
1002,44,,,0,0,1,0,rare,1.0,0.8948720322009358,0.40986659862032826,0.6194238046685252,0.0,0.48568779256594663,0.0,,,EXPLORE
1003,44,,,0,0,1,0,rare,1.0,0.5816668209306083,0.3015391541414394,0.6080967095471501,0.0,0.42359818090491413,0.0,,,EXPLORE
1004,44,,,0,0,0,0,common,0.0,0.9193362706521727,0.24137553546446647,0.7014685778786569,0.0,0.3453577289788025,0.0,,,EXPLORE
1005,44,,,0,1,0,0,rare,0.0,0.5975685759239122,0.4788403148234459,0.6702985772922334,0.0,0.24372841733970926,0.0,,,EXPLORE
1006,44,,,0,1,0,1,rare,1.0,0.8669960776765574,0.4238304187820612,0.7293078274075305,0.0,0.10638771482039618,0.0,,,EXPLORE
1007,44,,,0,1,0,0,rare,1.0,0.611580425649457,0.6640420291683125,0.6939896068801084,0.0,0.09090909090909093,0.0,,,EXPLORE
1008,44,,,0,1,1,0,common,1.0,0.3780834336048954,0.6808096011457234,0.5992177548975445,0.0,0.09090909090909093,0.0,,,EXPLORE
1009,44,,,0,0,0,0,common,0.0,0.602472723327853,0.6121701129367156,0.600194245426637,0.0,0.09090909090909093,0.0,,,EXPLORE
1010,44,,,0,1,1,0,common,1.0,0.245754231843182,0.4514456657795137,0.49386224135160045,0.0,0.09090909090909093,0.0,,,EXPLORE
1011,44,,,0,1,1,1,common,0.0,0.30165957510154384,0.3767596357493574,0.43620144147658346,0.0,0.17965545529122232,0.0,,,EXPLORE
1012,44,,,0,1,1,0,common,1.0,0.1597402506980683,0.6246410569212784,0.3532630842430289,0.0,0.25195053896963665,0.0,,,EXPLORE
1013,44,,,0,0,0,0,common,0.0,0.3916072701631044,0.4971106167472619,0.3647663400190515,0.0,0.31197800201026266,0.0,,,EXPLORE
1014,44,,,0,1,0,1,rare,0.0,0.43645254951023765,0.38686692056442556,0.38627220286640734,0.0,0.3626137856372424,0.0,,,EXPLORE
1015,44,,,0,0,0,0,common,0.0,0.2545447256060179,0.599307603784191,0.3467539596882905,0.0,0.4059000327452924,0.0,,,EXPLORE
1016,44,,,0,0,0,0,common,0.0,0.16545407164391163,0.5337224092570719,0.2923639932749768,0.0,0.4433268371345312,0.0,,,EXPLORE
1017,44,,,0,0,1,0,rare,1.0,0.1038311629537444,0.48747261988174795,0.23580414417860707,0.0,0.4760069778008542,0.0,,,EXPLOIT
1018,44,,,0,0,0,0,common,0.0,0.10754514656854255,0.6890659145789976,0.1973264448955877,0.0,0.5047882362938754,0.0,,,EXPLOIT
1019,44,,,0,0,1,0,rare,1.0,0.06749025591993385,0.6258631833364847,0.15837558820289152,0.0,0.5303278475182935,0.0,,,EXPLOIT
1020,44,,,0,0,0,0,common,1.0,0.9300956547304473,0.6845186189467055,0.38989160816115825,0.0,0.5531431856165939,0.0,,,EXPLOIT
1021,44,,,0,1,0,0,rare,1.0,0.6045621755747907,0.5958225034637818,0.45429277838524795,0.0,0.5736470880232013,0.0,,,EXPLORE
1022,44,,,0,0,1,0,rare,1.0,0.04386866634795705,0.6894833311569857,0.3311655447740607,0.0,0.5921729883276855,0.0,,,EXPLOIT
1023,44,,,0,0,1,0,rare,1.0,0.028514633126172084,0.6495354768635186,0.2403702712796941,0.0,0.6089931308257707,0.0,,,EXPLOIT
1024,44,,,0,0,0,0,common,1.0,0.39296541412361397,0.6040207260553742,0.2861488141328701,0.0,0.6243319910980096,0.0,,,EXPLOIT
1025,44,,,0,0,0,0,common,0.0,0.7445724808196509,0.568608899421727,0.42367591413890426,0.0,0.6383763127966292,0.0,,,EXPLOIT
1026,44,,,0,0,0,1,common,1.0,0.7163058428183455,0.6874945826604354,0.5114648927427365,0.0,0.6512827158657106,0.0,,,EXPLOIT
1027,44,,,0,0,1,0,rare,1.0,0.01853451153201191,0.6777285138771605,0.36358577837951916,0.0,0.6224956358687466,0.0,,,EXPLORE
1028,44,,,0,0,0,1,common,0.0,0.5344012021680754,0.6318974379119948,0.4148304055160861,0.0,0.6366920982477535,0.0,,,EXPLOIT
1029,44,,,0,0,1,0,rare,0.0,0.9879525675041922,0.6697599270562646,0.5867670541125178,0.0,0.6497325644117143,0.0,,,EXPLOIT
1030,44,,,0,1,0,1,rare,1.0,0.652639218590751,0.5427711715430071,0.6065287034559877,0.0,0.620696579271637,0.0,,,EXPLORE
1031,44,,,0,1,1,0,common,1.0,0.3578308311222751,0.43381844037596795,0.531919341755874,0.0,0.5867849948823521,0.0,,,EXPLORE
1032,44,,,0,1,1,0,common,1.0,0.23259004022947882,0.3643509824573528,0.44212055129795536,0.0,0.5466594357612979,0.0,,,EXPLOIT
1033,44,,,0,1,1,0,common,0.0,0.8488164738508388,0.32201221749938724,0.5641293280638204,0.0,0.5678084168320533,0.0,,,EXPLOIT
1034,44,,,0,0,1,0,rare,1.0,0.44826929199695476,0.592265981988102,0.5293713172437607,0.0,0.5239570540213632,0.0,,,EXPLORE
1035,44,,,0,1,1,0,common,1.0,0.2913750397980206,0.6929636923208393,0.4579724340100387,0.0,0.47079987537027695,0.0,,,EXPLORE
1036,44,,,0,1,1,0,common,1.0,0.18939377586871342,0.6478395866833625,0.3773988365676411,0.0,0.5001868948014357,0.0,,,EXPLORE
1037,44,,,0,0,0,1,common,1.0,0.4242154920839881,0.5837928648864691,0.39144383322254517,0.0,0.5262325914643495,0.0,,,EXPLOIT
1038,44,,,0,1,1,0,common,1.0,0.12310595431466376,0.6734864782701674,0.31094246955018073,0.0,0.5494750660802531,0.0,,,EXPLOIT
1039,44,,,0,1,1,0,common,1.0,0.08001887030453148,0.6437675729481505,0.24166538977648594,0.0,0.5703427625138482,0.0,,,EXPLOIT
1040,44,,,0,1,0,1,rare,1.0,0.2757400698545923,0.6185305009864743,0.2518877937999178,0.0,0.5891810467348864,0.0,,,EXPLOIT
1041,44,,,0,1,1,0,common,0.0,0.9479877343020545,0.6000741103919859,0.46071777595055885,0.0,0.6062714124657235,0.0,,,EXPLOIT
1042,44,,,0,0,0,0,common,0.0,0.4839721125327731,0.6709330589615077,0.46769407692522313,0.0,0.6218455944076846,0.0,,,EXPLORE
1043,44,,,0,0,0,1,common,1.0,0.17923104540548507,0.6515526292197579,0.38115516746930167,0.0,0.6360960976878673,0.0,,,EXPLOIT
1044,44,,,0,0,0,1,common,1.0,0.11650017951356528,0.690322245479132,0.3017586710825807,0.0,0.6491841621207072,0.0,,,EXPLOIT
1045,44,,,0,0,1,0,rare,1.0,0.3838079727036645,0.6456859939641593,0.32637346156890584,0.0,0.6612458619219669,0.0,,,EXPLOIT
1046,44,,,0,1,1,1,common,0.0,0.1960787238160035,0.5930368562091411,0.28728504024303514,0.0,0.6723968310202859,0.0,,,EXPLOIT
1047,44,,,0,0,0,1,common,1.0,0.07572511668381743,0.40602476600569215,0.2238170631752698,0.0,0.682735962186966,0.0,,,EXPLOIT
1048,44,,,0,0,0,1,common,1.0,0.049221325844481356,0.36248004255156896,0.17143834197603325,0.0,0.6923483308972675,0.0,,,EXPLOIT
1049,44,,,0,0,0,1,common,0.0,0.9680061382010872,0.33536508308291363,0.4104086808435494,0.0,0.7013075270873411,0.0,,,EXPLOIT
1050,44,,,0,0,0,1,common,1.0,0.3707960101692933,0.6136535891584132,0.39852487964127253,0.0,0.7096775301294428,0.0,,,EXPLOIT
1051,44,,,0,0,0,1,common,1.0,0.24101740661004067,0.5023914849680498,0.351272637731903,0.0,0.7175142281200553,0.0,,,EXPLOIT
1052,44,,,0,0,0,1,common,1.0,0.1566613142965264,0.4232644107837559,0.29288924070129,0.0,0.7248666577887226,0.0,,,EXPLOIT
1053,44,,,0,0,1,0,rare,0.0,0.750524817742618,0.3732059569297064,0.43017991381368836,0.0,0.7317780231822743,0.0,,,EXPLOIT
1054,44,,,0,0,0,1,common,1.0,0.10182985429274216,0.633488875732727,0.3316748959574045,0.0,0.7382865378440219,0.0,,,EXPLOIT
1055,44,,,0,0,0,1,common,1.0,0.06618940529028239,0.5194211745427388,0.25202924875726784,0.0,0.7444261251662022,0.0,,,EXPLOIT
1056,44,,,0,0,0,1,common,1.0,0.04302311343868359,0.43441341632762664,0.18932740816169258,0.0,0.750227004019894,0.0,,,EXPLOIT
1057,44,,,0,0,0,1,common,0.0,0.9720349762648557,0.3801573108309955,0.42413967859264146,0.0,0.7557161810041427,0.0,,,EXPLOIT
1058,44,,,0,1,1,0,common,0.0,0.48784113153270176,0.6367910795992864,0.4432501144746595,0.0,0.760917866236141,0.0,,,EXPLOIT
1059,44,,,0,0,1,0,rare,0.0,0.31709673549625617,0.5293264673515496,0.4054041007811385,0.0,0.7658538261882067,0.0,,,EXPLOIT
1060,44,,,0,1,1,0,common,1.0,0.7938871219274335,0.6685280153083245,0.521949007125027,0.0,0.7705436844179498,0.0,,,EXPLOIT
1061,44,,,0,1,1,0,common,1.0,0.5160266292528317,0.6521904184597386,0.5201722937633684,0.0,0.7575491171971873,0.0,,,EXPLOIT
1062,44,,,0,1,0,1,rare,1.0,0.3681772654278438,0.5288694431575901,0.474573785262711,0.0,0.7431485702819911,0.0,,,EXPLOIT
1063,44,,,0,0,0,1,common,1.0,0.23931522252809845,0.43182833565116163,0.4039962164423272,0.0,0.7490191837134741,0.0,,,EXPLOIT
1064,44,,,0,1,1,0,common,1.0,0.33541730901434064,0.6162241365598109,0.38342254421393124,0.0,0.7545725938475295,0.0,,,EXPLOIT
1065,44,,,0,1,1,0,common,1.0,0.21802125085932145,0.5618940867203256,0.3338021562075483,0.0,0.7598335745623622,0.0,,,EXPLOIT
1066,44,,,0,1,0,1,rare,1.0,0.155554894643264,0.5226306042858994,0.28032797773826296,0.0,0.7648243856824831,0.0,,,EXPLOIT
1067,44,,,0,1,0,1,rare,0.0,0.8988893184818784,0.496185640318189,0.4658963799613476,0.0,0.7695650840033794,0.0,,,EXPLOIT
1068,44,,,0,0,0,0,common,1.0,0.6854181268536974,0.6922813379762534,0.5317529040290525,0.0,0.7740737892571657,0.0,,,EXPLOIT
1069,44,,,0,0,0,0,common,0.0,0.5544782175450966,0.6644072665719307,0.5385704980838657,0.0,0.7614482015327082,0.0,,,EXPLOIT
1070,44,,,0,1,0,1,rare,1.0,0.4157219429867791,0.6576004019946804,0.5017159315547397,0.0,0.7474774303382776,0.0,,,EXPLOIT
1071,44,,,0,1,1,0,common,1.0,0.1417138130585589,0.5653907194334524,0.39371529600588545,0.0,0.7319352255124167,0.0,,,EXPLOIT
1072,44,,,0,0,0,1,common,1.0,0.2702192629414064,0.4895309111424555,0.3566664860865417,0.0,0.7384347098775512,0.0,,,EXPLOIT
1073,44,,,0,1,1,0,common,1.0,0.09211397848806324,0.6347660019093039,0.27730073380699816,0.0,0.7445660163659396,0.0,,,EXPLOIT
1074,44,,,0,1,0,1,rare,1.0,0.17564252091191412,0.5951531598540206,0.24680326993847293,0.0,0.750359283158926,0.0,,,EXPLOIT
1075,44,,,0,1,1,0,common,1.0,0.05987408601724109,0.5658778069540465,0.19072451476210336,0.0,0.7558414467399586,0.0,,,EXPLOIT
1076,44,,,0,1,1,0,common,0.0,0.9610818440887933,0.5457614772634658,0.4218317135601103,0.0,0.7610366560644757,0.0,,,EXPLOIT
1077,44,,,0,0,0,1,common,0.0,0.8858323614072559,0.6899813210462153,0.561031907914254,0.0,0.7659666240590247,0.0,,,EXPLOIT
1078,44,,,0,1,0,1,rare,0.0,0.5757910349147164,0.6249160086986081,0.5654596460143927,0.0,0.7524854098852277,0.0,,,EXPLOIT
1079,44,,,0,0,0,1,common,1.0,0.6257358273054343,0.6918071536218539,0.5835425004017052,0.0,0.7375165643300954,0.0,,,EXPLOIT
1080,44,,,0,0,0,1,common,1.0,0.4067282877485323,0.6008641870562241,0.5304982366057533,0.0,0.7208003648807658,0.0,,,EXPLOIT
1081,44,,,0,1,0,0,rare,0.0,0.3604108414043128,0.49257070365665456,0.47947201804532114,0.0,0.7020128945126547,0.0,,,EXPLOIT
1082,44,,,0,0,0,1,common,1.0,0.264373387036546,0.368167747328862,0.41494242874268855,0.0,0.7103373145352212,0.0,,,EXPLOIT
1083,44,,,0,0,0,1,common,0.0,0.8281572984262451,0.30057831883057173,0.5389068896477555,0.0,0.7181326791889271,0.0,,,EXPLOIT
1084,44,,,0,1,1,0,common,1.0,0.3752968013422844,0.5530378876843136,0.4898238631561141,0.0,0.6990028694810074,0.0,,,EXPLOIT
1085,44,,,0,1,0,1,rare,1.0,0.4616977560229407,0.691620525697642,0.48138603101616206,0.0,0.7075226262740689,0.0,,,EXPLOIT
1086,44,,,0,1,1,0,common,1.0,0.24394292087248481,0.6553423049190262,0.4101530979730589,0.0,0.7154950409053629,0.0,,,EXPLOIT
1087,44,,,0,1,1,0,common,1.0,0.15856289856711514,0.5827865122016481,0.3346760381512758,0.0,0.7229708510846338,0.0,,,EXPLOIT
1088,44,,,0,1,1,1,common,0.0,0.12745117048040228,0.5236481237937225,0.2725085778500137,0.0,0.7299947117782497,0.0,,,EXPLOIT
1089,44,,,0,0,1,0,rare,0.0,0.8969341159313752,0.6926192804753746,0.45983623927442213,0.0,0.7366060802393513,0.0,,,EXPLOIT
1090,44,,,0,1,0,0,rare,0.0,0.2342670469128033,0.6134955992059203,0.39216548156593645,0.0,0.7428399508827472,0.0,,,EXPLOIT
1091,44,,,0,0,0,1,common,1.0,0.30010354141491147,0.6929240746365387,0.36454689952062896,0.0,0.7487274689086778,0.0,,,EXPLOIT
1092,44,,,0,0,0,1,common,1.0,0.19506730191969246,0.6087860842659637,0.313703020240348,0.0,0.7542964453910038,0.0,,,EXPLOIT
1093,44,,,0,0,0,1,common,0.0,0.8732062537521998,0.4874098510692757,0.48155399029390356,0.0,0.7595717918086066,0.0,,,EXPLOIT
1094,44,,,0,1,1,0,common,1.0,0.4169928246446062,0.6710242713707077,0.46218564059911427,0.0,0.7645758883449908,0.0,,,EXPLOIT
1095,44,,,0,0,0,0,common,0.0,0.15227358049332215,0.6672768064127469,0.3692120225673766,0.0,0.7693288974419574,0.0,,,EXPLOIT
1096,44,,,0,1,0,1,rare,1.0,0.4324159350610701,0.5571901225532558,0.38817319631548464,0.0,0.7738490318718261,0.0,,,EXPLOIT
1097,44,,,0,1,0,1,rare,0.0,0.7189296422103044,0.43046174234889345,0.4874001300839305,0.0,0.7781527848432104,0.0,,,EXPLOIT
1098,44,,,0,1,1,1,common,0.0,0.08284326081226148,0.6394141695161033,0.3660330693024298,0.0,0.7822551282689663,0.0,,,EXPLOIT
1099,44,,,0,0,0,1,common,1.0,0.5326957325633022,0.6931400696758736,0.4160318682806915,0.0,0.7861696842197939,0.0,,,EXPLOIT
1100,44,,,0,0,0,1,common,1.0,0.34625222616614637,0.5896299801940434,0.3950979756463279,0.0,0.78990887370109,0.0,,,EXPLOIT
1101,44,,,0,0,0,1,common,0.0,0.7749360529920049,0.45448041059604855,0.509049398850031,0.0,0.7934840461767225,0.0,,,EXPLOIT
1102,44,,,0,0,1,0,rare,0.0,0.728954663981006,0.6498924032636852,0.5750209783893234,0.0,0.7827890043922665,0.0,,,EXPLOIT
1103,44,,,0,1,1,0,common,1.0,0.5261794684123462,0.6929233621320542,0.5603685253962303,0.0,0.7710507562508824,0.0,,,EXPLOIT
1104,44,,,0,0,0,1,common,1.0,0.4962915655551968,0.580420340173291,0.5411454374439202,0.0,0.7581095299126518,0.0,,,EXPLOIT
1105,44,,,0,1,0,1,rare,1.0,0.32258951761087795,0.6930526049338797,0.4755786614940075,0.0,0.7437711724430213,0.0,,,EXPLOIT
1106,44,,,0,1,1,0,common,1.0,0.342016654468025,0.642134217007513,0.43551005938621273,0.0,0.7496077525281811,0.0,,,EXPLOIT
1107,44,,,0,1,1,0,common,1.0,0.2223108254042162,0.5693476060540243,0.3715502891916137,0.0,0.7551298180835722,0.0,,,EXPLOIT
1108,44,,,0,1,1,0,common,0.0,0.8554979634872595,0.5128828912685287,0.5167345914803074,0.0,0.7603618670708621,0.0,,,EXPLOIT
1109,44,,,0,1,1,0,common,0.0,0.5560736762667187,0.6918388114597932,0.5285363169162307,0.0,0.7462720373484157,0.0,,,EXPLOIT
1110,44,,,0,1,0,1,rare,1.0,0.20968318644707074,0.6361579920082227,0.43288037777548266,0.0,0.7305901441603323,0.0,,,EXPLOIT
1111,44,,,0,0,0,1,common,1.0,0.136294071190596,0.6888434839883852,0.34390448580001665,0.0,0.7371670860892839,0.0,,,EXPLOIT
1112,44,,,0,0,0,1,common,0.0,0.9114088537261126,0.6682418555044597,0.5141557961778455,0.0,0.7433694058397133,0.0,,,EXPLOIT
1113,44,,,0,1,1,0,common,1.0,0.6385521104266328,0.6588269628808299,0.5514746904524817,0.0,0.7273484518883819,0.0,,,EXPLOIT
1114,44,,,0,1,1,0,common,1.0,0.4150588717773114,0.5607760172882341,0.5105499448499305,0.0,0.7093874965503166,0.0,,,EXPLOIT
1115,44,,,0,0,0,1,common,0.0,0.5924157549219732,0.47984508470829784,0.5351096878715433,0.0,0.6891125433937171,0.0,,,EXPLOIT
1116,44,,,0,1,1,1,common,0.0,0.053848119527969966,0.34075403588452774,0.39073121736847133,0.0,0.6660468620977523,0.0,,,EXPLOIT
1117,44,,,0,1,0,1,rare,1.0,0.6149297593007175,0.5897754577593435,0.45799077994814513,0.0,0.6768447421304267,0.0,,,EXPLOIT
1118,44,,,0,1,1,0,common,1.0,0.26978826665525246,0.45079224158349074,0.4015300259602773,0.0,0.6868681501122442,0.0,,,EXPLOIT
1119,44,,,0,1,1,0,common,1.0,0.1753623733259141,0.3592315072688738,0.3336797301699683,0.0,0.6961970693825917,0.0,,,EXPLOIT
1120,44,,,0,1,0,1,rare,0.0,0.6002956564545336,0.3046192908491459,0.41366450805533794,0.0,0.7049008365367343,0.0,,,EXPLOIT
1121,44,,,0,1,1,0,common,0.0,0.8860144573381559,0.5660625752623394,0.5553694928401833,0.0,0.7130398558970742,0.0,,,EXPLOIT
1122,44,,,0,0,0,0,common,1.0,0.9010221726793406,0.6830261335060894,0.6590652967919304,0.0,0.693247435853435,0.0,,,EXPLOIT
1123,44,,,0,1,1,0,common,1.0,0.4240906027301987,0.6358097908959777,0.5885728885734108,0.0,0.6707663808555885,0.0,,,EXPLOIT
1124,44,,,0,1,0,0,rare,0.0,0.4143355877584286,0.6888458567020892,0.5363016983289162,0.0,0.6450103221624753,0.0,,,EXPLOIT
1125,44,,,0,1,1,1,common,0.0,0.03500127769318048,0.6444901386479527,0.38591157213819544,0.0,0.6152090150330475,0.0,,,EXPLOIT
1126,44,,,0,1,1,0,common,0.0,0.7243411082253708,0.5460669070720259,0.487440432964348,0.0,0.630016789448738,0.0,,,EXPLOIT
1127,44,,,0,1,1,0,common,1.0,0.5291782796535089,0.46939733445693244,0.4999617869710963,0.0,0.6435950405058996,0.0,,,EXPLOIT
1128,44,,,0,0,1,1,rare,0.0,0.022750830500567316,0.6778948815260684,0.35679850002993757,0.0,0.6560901933321802,0.0,,,EXPLOIT
1129,44,,,0,1,0,1,rare,1.0,0.6098078233045532,0.6727077439674396,0.4327012970123222,0.0,0.6676263106989393,0.0,,,EXPLOIT
1130,44,,,0,1,1,0,common,0.0,0.6560341182252192,0.5471751862641915,0.4997011433761912,0.0,0.6783092050718381,0.0,,,EXPLOIT
1131,44,,,0,0,0,1,common,1.0,0.3963750851479595,0.6843218410201674,0.4687033259077217,0.0,0.6882296754853484,0.0,,,EXPLOIT
1132,44,,,0,0,1,1,rare,1.0,0.9852119601746312,0.6446386717951675,0.6236559161877946,0.0,0.6974660791065861,0.0,,,EXPLOIT
1133,44,,,0,0,0,1,common,1.0,0.2576438053461737,0.5351856639935585,0.5138522829353083,0.0,0.6755732963580552,0.0,,,EXPLOIT
1134,44,,,0,0,0,1,common,1.0,0.16746847347501292,0.4504356600650111,0.40993714009721965,0.0,0.6505374220592137,0.0,,,EXPLOIT
1135,44,,,0,0,1,0,rare,0.0,0.4264221768463925,0.3955110362773693,0.4148826511219714,0.0,0.6624952605844975,0.0,,,EXPLOIT
1136,44,,,0,0,0,1,common,1.0,0.10885450775875838,0.6472600061256428,0.3230742081130075,0.0,0.6735538258646597,0.0,,,EXPLOIT
1137,44,,,0,0,0,0,common,1.0,0.7306818679570214,0.5377490165023502,0.4453565060662117,0.0,0.6838103854164992,0.0,,,EXPLOIT
1138,44,,,0,1,1,1,common,0.0,0.35961222588648967,0.45216999936400326,0.419633222012295,0.0,0.6933486677463466,0.0,,,EXPLOIT
1139,44,,,0,0,0,1,common,1.0,0.07075543004319296,0.3265061130678731,0.31496988442156443,0.0,0.7022411388256316,0.0,,,EXPLOIT
1140,44,,,0,0,1,1,rare,0.0,0.2337479468262183,0.2789293451067363,0.29060330314296057,0.0,0.7105508341850043,0.0,,,EXPLOIT
1141,44,,,0,0,0,1,common,1.0,0.04599102952807543,0.5400101101794089,0.21721962105849502,0.0,0.7183328446416941,0.0,,,EXPLOIT
1142,44,,,0,0,1,1,rare,0.0,0.15193616543704191,0.40806727802082593,0.19763458437205905,0.0,0.7256355297225953,0.0,,,EXPLOIT
1143,44,,,0,0,1,1,rare,0.0,0.09875850753407725,0.6210533955413456,0.1679717613206645,0.0,0.7325015152831421,0.0,,,EXPLOIT
1144,44,,,0,1,0,1,rare,1.0,0.029894169193249054,0.6910210652507082,0.12654848368243984,0.0,0.7389685188098691,0.0,,,EXPLOIT
1145,44,,,0,1,0,1,rare,1.0,0.019431209975611874,0.603623871562111,0.09441330157039145,0.0,0.7450700361594007,0.0,,,EXPLOIT
1146,44,,,0,1,1,0,common,1.0,0.7228255850498448,0.464076696420631,0.28293698661422745,0.0,0.7508359161364282,0.0,,,EXPLOIT
1147,44,,,0,1,1,0,common,1.0,0.4698366302823991,0.36973241435221804,0.3390068797146789,0.0,0.7562928437160323,0.0,,,EXPLOIT
1148,44,,,0,0,0,1,common,1.0,0.012630286484147768,0.3130648524770917,0.24109390174551953,0.0,0.7614647484189409,0.0,,,EXPLOIT
1149,44,,,0,1,0,0,rare,1.0,0.474943214172064,0.522389766278935,0.3112486954734829,0.0,0.7663731510247213,0.0,,,EXPLOIT
1150,44,,,0,1,1,0,common,1.0,0.30539380968355945,0.4821773052723053,0.3094922297365058,0.0,0.7710374592186043,0.0,,,EXPLOIT
1151,44,,,0,0,0,1,common,1.0,0.008209686214696088,0.4557494379116724,0.2191074666799629,0.0,0.7754752207366777,0.0,,,EXPLOIT
1152,44,,,0,0,0,1,common,1.0,0.005336296039552435,0.591077510094031,0.15497611548783974,0.0,0.7797023409709316,0.0,,,EXPLOIT
1153,44,,,0,1,1,0,common,1.0,0.19850597629431366,0.6575415060161802,0.1680350737297819,0.0,0.7837332707223021,0.0,,,EXPLOIT
1154,44,,,0,0,0,0,common,0.0,0.6912869107881584,0.6472711334502752,0.3250106248472948,0.0,0.7875811687726771,0.0,,,EXPLOIT
1155,44,,,0,0,0,1,common,0.0,0.9965314075742909,0.4185821625343114,0.5264668596653936,0.0,0.7912580431298163,0.0,,,EXPLOIT
1156,44,,,0,1,1,0,common,1.0,0.1290288845913039,0.27033873909014594,0.40723546714316666,0.0,0.7803500112304914,0.0,,,EXPLOIT
1157,44,,,0,1,1,1,common,0.0,0.06419302989715021,0.26165079422776777,0.3043227359693617,0.0,0.7843512653624839,0.0,,,EXPLOIT
1158,44,,,0,0,0,1,common,1.0,0.3522545850767109,0.5469895854470121,0.31870229070156647,0.0,0.7881714524579444,0.0,,,EXPLOIT
1159,44,,,0,1,0,1,rare,1.0,0.22896548029986208,0.68534832086134,0.29178124758105517,0.0,0.7918224108900016,0.0,,,EXPLOIT
1160,44,,,0,1,1,0,common,1.0,0.08386877498434753,0.6255400370498831,0.22940750580204286,0.0,0.795314969291491,0.0,,,EXPLOIT
1161,44,,,0,0,0,1,common,1.0,0.14882756219491033,0.5632740921704078,0.20523352271990308,0.0,0.7986590519681734,0.0,,,EXPLOIT
1162,44,,,0,1,0,1,rare,1.0,0.09673791542669175,0.6634089902981735,0.17268484053193967,0.0,0.8018637713763074,0.0,,,EXPLOIT
1163,44,,,0,1,1,0,common,1.0,0.05451470373982592,0.6337164202467322,0.13723379949430553,0.0,0.8049375094794019,0.0,,,EXPLOIT
1164,44,,,0,0,0,1,common,1.0,0.06287964502734966,0.6101174129156648,0.11492755315421876,0.0,0.8078879895137078,0.0,,,EXPLOIT
1165,44,,,0,1,1,0,common,0.0,0.9645654425691131,0.6671361587204316,0.36981891997868704,0.0,0.8107223394562072,0.0,,,EXPLOIT
1166,44,,,0,0,1,1,rare,0.0,0.041725469433147644,0.6110004619870333,0.2713908848150252,0.0,0.8134471482931881,0.0,,,EXPLOIT
1167,44,,,0,1,0,1,rare,1.0,0.04087176926777725,0.6819892125129023,0.2022351501508508,0.0,0.8160685160244916,0.0,,,EXPLOIT
1168,44,,,0,1,0,1,rare,0.0,0.9734333499759448,0.6104268668229048,0.43359461009837896,0.0,0.8185920982022448,0.0,,,EXPLOIT
1169,44,,,0,1,1,0,common,1.0,0.3730324623300765,0.6885030455200107,0.4154259657678882,0.0,0.8210231456885604,0.0,,,EXPLOIT
1170,44,,,0,1,1,0,common,1.0,0.24247110051454968,0.6593686796262379,0.36353950619188663,0.0,0.823366540220439,0.0,,,EXPLOIT
1171,44,,,0,1,1,0,common,1.0,0.1576062153344573,0.5825508660225129,0.3017595189346578,0.0,0.8256268262888223,0.0,,,EXPLOIT
1172,44,,,0,1,0,1,rare,1.0,0.3672683225156359,0.5186987748375066,0.32141216000895123,0.0,0.8278082397698923,0.0,,,EXPLOIT
1173,44,,,0,1,1,0,common,1.0,0.10244403996739726,0.4746913528811274,0.255721723996485,0.0,0.829914733688181,0.0,,,EXPLOIT
1174,44,,,0,1,1,0,common,0.0,0.9334113740211918,0.4458543274244971,0.459028619003897,0.0,0.8319500014412076,0.0,,,EXPLOIT
1175,44,,,0,0,0,1,common,1.0,0.23872440963516328,0.6809508605749208,0.39293735619327685,0.0,0.8339174977727263,0.0,,,EXPLOIT
1176,44,,,0,0,0,1,common,1.0,0.15517086626285614,0.6788891858472433,0.3216074092141506,0.0,0.8358204577451654,0.0,,,EXPLOIT
1177,44,,,0,1,1,0,common,1.0,0.3932826068862253,0.624923371213945,0.34310996851577297,0.0,0.8376619139304551,0.0,,,EXPLOIT
1178,44,,,0,0,0,1,common,0.0,0.8991389369291435,0.6870730493614015,0.5099186590397841,0.0,0.8394447120114227,0.0,,,EXPLOIT
1179,44,,,0,1,1,0,common,1.0,0.25563369447604645,0.6008588425757524,0.43363316967066273,0.0,0.8326667961327272,0.0,,,EXPLOIT
1180,44,,,0,1,1,0,common,0.0,0.8338380985905698,0.5289448540001032,0.5536946483466347,0.0,0.8346106692828235,0.0,,,EXPLOIT
1181,44,,,0,0,1,0,rare,1.0,0.4580052359161296,0.6922168410533567,0.5249878246174832,0.0,0.8274635229439908,0.0,,,EXPLOIT
1182,44,,,0,0,0,1,common,1.0,0.4155596909960567,0.6523440858147382,0.4921593845310552,0.0,0.8197521729071793,0.0,,,EXPLOIT
1183,44,,,0,0,0,1,common,1.0,0.27011379914743694,0.5784993573276552,0.42554570891596966,0.0,0.8221412108512368,0.0,,,EXPLOIT
1184,44,,,0,1,0,1,rare,1.0,0.17557396944583403,0.5190496865791847,0.3505541870749289,0.0,0.8244447836548126,0.0,,,EXPLOIT
1185,44,,,0,0,0,1,common,1.0,0.11412308013979211,0.6412006192170295,0.2796248549943879,0.0,0.826667286581137,0.0,,,EXPLOIT
1186,44,,,0,0,1,0,rare,0.0,0.7022965966545157,0.6110757720187805,0.4064263774924262,0.0,0.828812818789854,0.0,,,EXPLOIT
1187,44,,,0,1,1,0,common,1.0,0.5435072121745648,0.670110428216437,0.4475506278970678,0.0,0.8308852078621874,0.0,,,EXPLOIT
1188,44,,,0,0,0,0,common,0.0,0.44933649201230297,0.6103777789809639,0.4480863871316383,0.0,0.8328880319282158,0.0,,,EXPLOIT
1189,44,,,0,1,1,0,common,1.0,0.3532796879134671,0.43430568493476907,0.41964437736618687,0.0,0.8348246396653924,0.0,,,EXPLOIT
1190,44,,,0,1,1,0,common,1.0,0.2296317971437536,0.3753646704509044,0.36264060329945685,0.0,0.8366981684034707,0.0,,,EXPLOIT
1191,44,,,0,1,1,0,common,1.0,0.14926066814343986,0.3389026032810678,0.2986266227526517,0.0,0.8385115605417637,0.0,,,EXPLOIT
1192,44,,,0,1,1,0,common,1.0,0.0970194342932359,0.3162381278734966,0.23814446621482696,0.0,0.8402675784594689,0.0,,,EXPLOIT
1193,44,,,0,1,1,0,common,1.0,0.06306263229060338,0.3019934327761318,0.1856199160375599,0.0,0.8419688180779995,0.0,,,EXPLOIT
1194,44,,,0,1,1,0,common,0.0,0.9590092890111078,0.29295056966108163,0.41763672792962425,0.0,0.843617721215392,0.0,,,EXPLOIT
1195,44,,,0,1,0,1,rare,0.0,0.9258199979091352,0.5829705882315135,0.5700917089234775,0.0,0.8452165868564644,0.0,,,EXPLOIT
1196,44,,,0,0,0,1,common,0.0,0.6017829986409379,0.6917321926787516,0.5795990958387156,0.0,0.8388665012150116,0.0,,,EXPLOIT
1197,44,,,0,1,0,1,rare,1.0,0.6088410508833904,0.6433700000223297,0.588371682352118,0.0,0.8320449454079326,0.0,,,EXPLOIT
1198,44,,,0,0,0,1,common,0.0,0.6042533169257962,0.4819366854180974,0.5931361727242215,0.0,0.8246977730707789,0.0,,,EXPLOIT
1199,44,,,0,1,1,0,common,0.0,0.62335603785722,0.4037490672185772,0.602202132264121,0.0,0.8167622168656402,0.0,,,EXPLOIT
1200,44,,,0,1,1,0,common,1.0,0.594818575392807,0.5909433868386075,0.5999870652027268,0.0,0.8081651015943697,0.0,,,EXPLOIT
1201,44,,,0,1,1,0,common,1.0,0.3866320740053245,0.41002596399233326,0.5359805678435061,0.0,0.7988205936447175,0.0,,,EXPLOIT
1202,44,,,0,1,0,1,rare,1.0,0.6072353439982324,0.29825392061327893,0.557357000689924,0.0,0.7886273400584123,0.0,,,EXPLOIT
1203,44,,,0,1,1,0,common,1.0,0.25131084810346094,0.23666004098904508,0.46554315491398507,0.0,0.7774647949454939,0.0,,,EXPLOIT
1204,44,,,0,1,1,0,common,1.0,0.1633520512672496,0.2019613317195514,0.37488582381996444,0.0,0.7815990327961607,0.0,,,EXPLOIT
1205,44,,,0,0,1,0,rare,1.0,0.10617883332371225,0.18164342295206215,0.29427372667108875,0.0,0.785543346531777,0.0,,,EXPLOIT
1206,44,,,0,1,1,0,common,1.0,0.06901624166041298,0.3870275654366609,0.22669648116788602,0.0,0.7893103437865897,0.0,,,EXPLOIT
1207,44,,,0,0,0,1,common,0.0,0.6052970264011489,0.36635986821293404,0.3402766447378649,0.0,0.7929115407118228,0.0,,,EXPLOIT
1208,44,,,0,0,0,1,common,1.0,0.6065569328392532,0.24581314531983844,0.42016073116828134,0.0,0.7963574775951239,0.0,,,EXPLOIT
1209,44,,,0,1,0,0,rare,1.0,0.707931280192003,0.44178155366875427,0.5064918958753978,0.0,0.7996578200879826,0.0,,,EXPLOIT
1210,44,,,0,1,0,0,rare,1.0,0.460155332124802,0.4277373430308846,0.49259092675021904,0.0,0.7895421610750727,0.0,,,EXPLOIT
1211,44,,,0,1,1,0,common,0.0,0.9551394429207316,0.41865861239796365,0.6313554816013728,0.0,0.7931332680512664,0.0,,,EXPLOIT
1212,44,,,0,1,1,1,common,0.0,0.027121555131545967,0.6754532415568356,0.4500853036604247,0.0,0.7824048068876299,0.0,,,EXPLOIT
1213,44,,,0,0,0,0,common,1.0,0.29910096588112123,0.6612968102482184,0.40479000232663365,0.0,0.7863125887326092,0.0,,,EXPLOIT
1214,44,,,0,1,1,0,common,1.0,0.37915936210152446,0.5509597128646884,0.3971008102591008,0.0,0.7900454470407532,0.0,,,EXPLOIT
1215,44,,,0,0,1,0,rare,1.0,0.24645358536599093,0.679436916237689,0.3519066427911678,0.0,0.7936146934951013,0.0,,,EXPLOIT
1216,44,,,0,1,0,0,rare,0.0,0.8055843721772712,0.6275501648659618,0.4880099616069988,0.0,0.7970306852974524,0.0,,,EXPLOIT
1217,44,,,0,0,0,0,common,0.0,0.5236298419152263,0.4489242583146421,0.498695925699467,0.0,0.8003029237675582,0.0,,,EXPLOIT
1218,44,,,0,0,0,1,common,0.0,0.6057379936544854,0.6643288043959691,0.5308085460859726,0.0,0.8034401409671867,0.0,,,EXPLOIT
1219,44,,,0,0,0,0,common,0.0,0.3403593972448971,0.6855827618702102,0.4736738014336499,0.0,0.7936712216207952,0.0,,,EXPLOIT
1220,44,,,0,1,1,0,common,1.0,0.16019483048789407,0.6316568455835246,0.3796301101499231,0.0,0.7970848113232809,0.0,,,EXPLOIT
1221,44,,,0,1,1,0,common,1.0,0.1041266398171311,0.461507889320531,0.2969790690500855,0.0,0.8003547950497923,0.0,,,EXPLOIT
1222,44,,,0,1,0,0,rare,0.0,0.22123360820918314,0.3437788923348183,0.2742554307978148,0.0,0.803489893055196,0.0,,,EXPLOIT
1223,44,,,0,0,0,1,common,1.0,0.6062703041245845,0.5707306387353895,0.37385989279584564,0.0,0.8064981338078023,0.0,,,EXPLOIT
1224,44,,,0,0,0,1,common,1.0,0.39407569768097994,0.6930167000530467,0.3799246342613859,0.0,0.8093869212597935,0.0,,,EXPLOIT
1225,44,,,0,0,0,1,common,0.0,0.7438507965073631,0.6290022420339108,0.489102482935179,0.0,0.8121630944176017,0.0,,,EXPLOIT
1226,44,,,0,1,1,0,common,0.0,0.9323176841188647,0.6882278051025958,0.6220670432902846,0.0,0.8148329802212643,0.0,,,EXPLOIT
1227,44,,,0,0,0,1,common,1.0,0.516496982270214,0.6649918327146611,0.5903960249842634,0.0,0.8060709285469438,0.0,,,EXPLOIT
1228,44,,,0,1,1,0,common,1.0,0.3939935053227379,0.5258067247981741,0.5314752690858057,0.0,0.7965395119990044,0.0,,,EXPLOIT
1229,44,,,0,1,0,1,rare,1.0,0.3357230384756391,0.681054020030706,0.47274959990275567,0.0,0.7861332943245083,0.0,,,EXPLOIT
1230,44,,,0,1,0,1,rare,1.0,0.21821997500916546,0.6813056868721106,0.3963907124346786,0.0,0.7898740968027407,0.0,,,EXPLOIT
1231,44,,,0,1,0,1,rare,0.0,0.8581570162440424,0.6332188540429375,0.5349206035774877,0.0,0.7934507790029408,0.0,,,EXPLOIT
1232,44,,,0,0,1,0,rare,0.0,0.7439042215402203,0.6713048096635361,0.5976156889663075,0.0,0.782752570095944,0.0,,,EXPLOIT
1233,44,,,0,1,1,0,common,1.0,0.5164622559988568,0.6669104212217081,0.5732696590760722,0.0,0.7710106821706054,0.0,,,EXPLOIT
1234,44,,,0,1,1,0,common,1.0,0.335700466399257,0.5568158517201431,0.5019989012730276,0.0,0.7580652444340552,0.0,,,EXPLOIT
1235,44,,,0,1,1,0,common,1.0,0.21820530315951703,0.46276417590011487,0.4168608218389744,0.0,0.7437219776803621,0.0,,,EXPLOIT
1236,44,,,0,1,0,0,rare,0.0,0.14380184533596904,0.40084667738663216,0.33494312888807276,0.0,0.7495612435146615,0.0,,,EXPLOIT
1237,44,,,0,0,0,1,common,1.0,0.4421979394413724,0.6479192184569627,0.36711957205406265,0.0,0.7550857829005428,0.0,,,EXPLOIT
1238,44,,,0,0,0,1,common,1.0,0.2874286606368921,0.6877786627744965,0.34321229862891145,0.0,0.7603201155197953,0.0,,,EXPLOIT
1239,44,,,0,0,0,1,common,1.0,0.18682862941397982,0.6286178427564737,0.296297197864432,0.0,0.7652862787937353,0.0,,,EXPLOIT
1240,44,,,0,0,0,1,common,1.0,0.12143860911908688,0.5639059883201945,0.24383962124082842,0.0,0.7700041342527696,0.0,,,EXPLOIT
1241,44,,,0,0,1,0,rare,0.0,0.8581665529463139,0.5156709251844638,0.42813770075247404,0.0,0.7744916296231503,0.0,,,EXPLOIT
1242,44,,,0,0,0,1,common,1.0,0.07893509592740644,0.6926335808203851,0.3233769193049537,0.0,0.7787650239226992,0.0,,,EXPLOIT
1243,44,,,0,0,0,1,common,0.0,0.9486921876471858,0.6430478408762623,0.5109714998076234,0.0,0.7828390815165934,0.0,,,EXPLOIT
1244,44,,,0,0,0,1,common,0.0,0.6166499219706707,0.6763471545599837,0.5426750264565375,0.0,0.7711058351225666,0.0,,,EXPLOIT
1245,44,,,0,1,1,0,common,0.0,0.5578082594151041,0.5757910828465236,0.5472149963441075,0.0,0.7581703958785271,0.0,,,EXPLOIT
1246,44,,,0,1,1,0,common,1.0,0.6374246313801823,0.6859794408460891,0.57427788685493,0.0,0.7438387842984809,0.0,,,EXPLOIT
1247,44,,,0,1,1,0,common,0.0,0.5856739896028815,0.5567631020602533,0.5776967176793154,0.0,0.7278729166082447,0.0,,,EXPLOIT
1248,44,,,0,0,1,0,rare,1.0,0.619311906758127,0.6819569760292967,0.5901812744029589,0.0,0.7099773145255339,0.0,,,EXPLOIT
1249,44,,,0,0,0,1,common,1.0,0.599177550719064,0.6402711521112172,0.5928801572977904,0.0,0.6897807010438086,0.0,,,EXPLOIT
1250,44,,,0,1,1,0,common,1.0,0.4025527393927826,0.5197592935950073,0.5357819319262881,0.0,0.6668100290874988,0.0,,,EXPLOIT
1251,44,,,0,1,1,0,common,1.0,0.26165928060530863,0.6700970665553485,0.45354513652999423,0.0,0.6404530461186588,0.0,,,EXPLOIT
1252,44,,,0,1,1,0,common,1.0,0.1700785323934506,0.691131098344659,0.3685051552890311,0.0,0.6531950431090896,0.0,,,EXPLOIT
1253,44,,,0,0,0,1,common,1.0,0.3894654079673916,0.6637616962325051,0.37479323109253926,0.0,0.6649501480206564,0.0,,,EXPLOIT
1254,44,,,0,0,0,1,common,0.0,0.7468474848211955,0.6922943925014766,0.48640950721113607,0.0,0.6758282123741863,0.0,,,EXPLOIT
1255,44,,,0,1,1,0,common,1.0,0.11055104605574295,0.5375355027838169,0.3736519688645181,0.0,0.6859233678801405,0.0,,,EXPLOIT
1256,44,,,0,1,1,0,common,1.0,0.07185817993623289,0.48539697154470696,0.2831138321860326,0.0,0.6953167412237454,0.0,,,EXPLOIT
1257,44,,,0,1,1,0,common,1.0,0.04670781695855142,0.4508961934869989,0.21219202761778824,0.0,0.7040786250269004,0.0,,,EXPLOIT
1258,44,,,0,1,1,0,common,0.0,0.9696399189769416,0.42855983513624435,0.4394263950255342,0.0,0.7122702279752274,0.0,,,EXPLOIT
1259,44,,,0,1,1,0,common,0.0,0.6302659473350121,0.6760224312003266,0.4966782607183775,0.0,0.7199450963055578,0.0,,,EXPLOIT
1260,44,,,0,1,1,0,common,1.0,0.5903271342322421,0.663514202640932,0.5247729227725368,0.0,0.7271502764663662,0.0,,,EXPLOIT
1261,44,,,0,1,1,0,common,1.0,0.3837126372509574,0.6787597096500065,0.48245483711606296,0.0,0.7091645939823021,0.0,,,EXPLOIT
1262,44,,,0,1,1,0,common,0.0,0.7505867857868777,0.6040307847925845,0.5628944217173073,0.0,0.7170334970631692,0.0,,,EXPLOIT
1263,44,,,0,0,0,1,common,1.0,0.514549134866223,0.6898925925833403,0.548390835661982,0.0,0.697761683177646,0.0,,,EXPLOIT
1264,44,,,0,0,1,1,rare,1.0,0.9823709891644952,0.6148581819405929,0.6785848817127359,0.0,0.6759098114026125,0.0,,,EXPLOIT
1265,44,,,0,1,1,1,common,0.0,0.3614588570430782,0.5290880030311285,0.5834470743118385,0.0,0.6509239473670829,0.0,,,EXPLORE
1266,44,,,0,0,1,0,rare,1.0,0.5121185892385295,0.37887711451539974,0.5620485287898458,0.0,0.6220793625716161,0.0,,,EXPLOIT
1267,44,,,0,0,1,1,rare,0.0,0.23494825707800082,0.3213525287879906,0.4639184472762923,0.0,0.5884092105069622,0.0,,,EXPLOIT
1268,44,,,0,0,0,1,common,1.0,0.33445693766304485,0.5825499825745126,0.42507999439231803,0.0,0.6055696154025343,0.0,,,EXPLOIT
1269,44,,,0,0,0,1,common,0.0,0.7826029905190208,0.45119798706478487,0.5323368932303288,0.0,0.621204749232566,0.0,,,EXPLOIT
1270,44,,,0,1,1,0,common,1.0,0.33287708300504415,0.6498165208448006,0.4724989501627434,0.0,0.5873819987627253,0.0,,,EXPLORE
1271,44,,,0,0,1,0,rare,0.0,0.7836298960467213,0.6775770678217566,0.5658382339279368,0.0,0.604635825811714,0.0,,,EXPLOIT
1272,44,,,0,1,1,0,common,1.0,0.49064056756963115,0.5804911502278299,0.543278934020445,0.0,0.5678517122617103,0.0,,,EXPLORE
1273,44,,,0,0,0,1,common,0.0,0.5086919438373636,0.44569574684128577,0.5329028369655205,0.0,0.5240090551742289,0.0,,,EXPLORE
1274,44,,,0,1,1,0,common,1.0,0.3189163689202603,0.35373612411466604,0.4687068965519424,0.0,0.47086349498048513,0.0,,,EXPLORE
1275,44,,,0,0,0,1,common,1.0,0.6693502365057137,0.2755564143087869,0.5288998985380737,0.0,0.5002430778102698,0.0,,,EXPLOIT
1276,44,,,0,0,1,0,rare,1.0,0.20729563979816923,0.5114826017171936,0.43241862091610234,0.0,0.4416411904930214,0.0,,,EXPLORE
1277,44,,,0,0,0,1,common,1.0,0.4350776537287139,0.6493373989517935,0.43321633075988575,0.0,0.4745286777220731,0.0,,,EXPLOIT
1278,44,,,0,0,1,0,rare,1.0,0.13474216586881005,0.6910212480846952,0.34367408129256305,0.0,0.5034813138326849,0.0,,,EXPLORE
1279,44,,,0,1,0,1,rare,1.0,0.282800474923664,0.6891952459744635,0.32541199938189336,0.0,0.5291641964902808,0.0,,,EXPLOIT
1280,44,,,0,1,1,0,common,1.0,0.08758240781472648,0.6922478694948113,0.2540631219117433,0.0,0.5521005258910673,0.0,,,EXPLOIT
1281,44,,,0,0,1,0,rare,1.0,0.056928565079572224,0.6850331032459283,0.19492275486209196,0.0,0.5727075306005849,0.0,,,EXPLOIT
1282,44,,,0,1,0,1,rare,0.0,0.8161796912996184,0.6927670240563972,0.3812998357933499,0.0,0.591322004529474,0.0,,,EXPLOIT
1283,44,,,0,1,1,0,common,0.0,0.9629964326982781,0.5338204694642522,0.5558088148648284,0.0,0.6082187987937714,0.0,,,EXPLORE
1284,44,,,0,0,0,1,common,1.0,0.46948320065524807,0.35046805869594255,0.5299111306019543,0.0,0.5720864513257451,0.0,,,EXPLORE
1285,44,,,0,0,0,1,common,1.0,0.30516408042591125,0.3241560248717452,0.46248701554914134,0.0,0.5290907540214189,0.0,,,EXPLOIT
1286,44,,,0,0,0,1,common,1.0,0.1983566522768423,0.30766897784922137,0.3832479065674516,0.0,0.5520347297137196,0.0,,,EXPLOIT
1287,44,,,0,0,0,1,common,1.0,0.1289318239799475,0.2972296996603897,0.30695308179120034,0.0,0.5726482487590652,0.0,,,EXPLOIT
1288,44,,,0,0,1,0,rare,1.0,0.3740523187461192,0.2905650897696033,0.327082852877676,0.0,0.5912683179529542,0.0,,,EXPLOIT
1289,44,,,0,0,0,1,common,1.0,0.08380568558696588,0.28628505724330644,0.25409970269046295,0.0,0.6081699535054464,0.0,,,EXPLOIT
1290,44,,,0,0,0,1,common,0.0,0.9455263043684722,0.28352520417836663,0.4615276831938657,0.0,0.6235798079603404,0.0,,,EXPLOIT
1291,44,,,0,0,1,1,rare,1.0,0.8472836328992994,0.5770808962501253,0.5772544681054959,0.0,0.6376863538913393,0.0,,,EXPLOIT
1292,44,,,0,0,0,1,common,1.0,0.38540790216049303,0.4700679886513695,0.519700498321995,0.0,0.6066769226496759,0.0,,,EXPLORE
1293,44,,,0,1,1,0,common,1.0,0.24313400718497746,0.3985030039516333,0.43673055098088975,0.0,0.5702648700349832,0.0,,,EXPLOIT
1294,44,,,0,1,1,0,common,1.0,0.15803710467023535,0.5842665126486841,0.35312251708769343,0.0,0.5891105476962563,0.0,,,EXPLOIT
1295,44,,,0,0,0,1,common,1.0,0.25051513640432055,0.6702043878493102,0.32234030288268156,0.0,0.606207305159405,0.0,,,EXPLOIT
1296,44,,,0,0,1,0,rare,1.0,0.10272411803565296,0.6439963885994373,0.25645544742857296,0.0,0.6217870502342884,0.0,,,EXPLOIT
1297,44,,,0,0,1,0,rare,1.0,0.06677067672317438,0.6226007916401329,0.1995500162169534,0.0,0.6360424253158592,0.0,,,EXPLOIT
1298,44,,,0,1,0,0,rare,0.0,0.09347119946837988,0.6071349244616859,0.16772637119238132,0.0,0.649134780195165,0.0,,,EXPLOIT
1299,44,,,0,0,0,1,common,0.0,0.8371651613371917,0.3851611195328211,0.3685580082358244,0.0,0.6612002780347428,0.0,,,EXPLOIT
1300,44,,,0,1,0,0,rare,1.0,0.939243720345553,0.6548783988830478,0.539763721868743,0.0,0.6723546253275093,0.0,,,EXPLOIT
1301,44,,,0,1,0,1,rare,0.0,0.5441573548691746,0.6899307371884544,0.5410818117688725,0.0,0.6468377252739131,0.0,,,EXPLOIT
1302,44,,,0,0,0,1,common,1.0,0.6462977193350365,0.6244985886729129,0.5726465840387217,0.0,0.6173338463754708,0.0,,,EXPLOIT
1303,44,,,0,0,0,1,common,1.0,0.4200935175677737,0.5203928740085364,0.5268806640974373,0.0,0.5828312503164187,0.0,,,EXPLORE
1304,44,,,0,1,0,1,rare,1.0,0.27306078641905285,0.4440922126596366,0.4507347007939219,0.0,0.541944249296145,0.0,,,EXPLORE
1305,44,,,0,0,0,1,common,0.0,0.8225104888276157,0.6117842342187767,0.5622674372040299,0.0,0.563568241682306,0.0,,,EXPLOIT
1306,44,,,0,1,1,1,common,0.0,0.4492656386154553,0.6793101267108537,0.5283668976274576,0.0,0.5188597069765453,0.0,,,EXPLORE
1307,44,,,0,0,1,0,rare,1.0,0.043400939870063326,0.6570520317313959,0.3828771103002393,0.0,0.4645568537834543,0.0,,,EXPLORE
1308,44,,,0,0,0,1,common,1.0,0.4653681822620498,0.544837301015952,0.40762443188878245,0.0,0.4946778961716319,0.0,,,EXPLOIT
1309,44,,,0,1,1,0,common,0.0,0.9717893890844589,0.4538175848482051,0.5768739190474854,0.0,0.5213356126782055,0.0,,,EXPLORE
1310,44,,,0,1,0,1,rare,1.0,0.30248931847033234,0.3308020854549127,0.4945585388743395,0.0,0.4675909214709699,0.0,,,EXPLORE
1311,44,,,0,0,1,0,rare,1.0,0.36833689709510176,0.5534746987931037,0.45669204634056815,0.0,0.49735417904817736,0.0,,,EXPLOIT
1312,44,,,0,1,1,0,common,1.0,0.23941898311181609,0.49525070996771314,0.39151012737194246,0.0,0.5237137449365212,0.0,,,EXPLORE
1313,44,,,0,0,1,1,rare,0.0,0.29202266510004593,0.6288179005342069,0.36166388869037347,0.0,0.5472207802042827,0.0,,,EXPLOIT
1314,44,,,0,0,0,1,common,0.0,0.803381942994284,0.6647200417943138,0.4941793049815466,0.0,0.5683135411597868,0.0,,,EXPLOIT
1315,44,,,0,1,0,1,rare,1.0,0.4778017370537153,0.5236792329384574,0.4892660346031972,0.0,0.5873448814640279,0.0,,,EXPLORE
1316,44,,,0,1,0,1,rare,1.0,0.3105711290849149,0.4271620824649408,0.43565756294771246,0.0,0.6046020887051328,0.0,,,EXPLOIT
1317,44,,,0,1,1,0,common,1.0,0.15562233902268052,0.36605239441000903,0.35164699577020286,0.0,0.6203214374567935,0.0,,,EXPLOIT
1318,44,,,0,1,1,0,common,1.0,0.10115452036474237,0.32851162715114035,0.2764992531485647,0.0,0.6346990308571392,0.0,,,EXPLOIT
1319,44,,,0,1,1,0,common,0.0,0.9342495617629174,0.3052958950800217,0.4738243457328705,0.0,0.6478989899823927,0.0,,,EXPLOIT
1320,44,,,0,0,1,1,rare,0.0,0.18981473231502988,0.5867765688355944,0.3886214617075183,0.0,0.6600597183140801,0.0,,,EXPLOIT
1321,44,,,0,1,1,0,common,1.0,0.3927377848541036,0.47629798881432667,0.3898563586514939,0.0,0.6712987492565183,0.0,,,EXPLOIT
1322,44,,,0,1,0,1,rare,1.0,0.20187123390519468,0.3580637150973598,0.33346082122760407,0.0,0.6817165370346625,0.0,,,EXPLOIT
1323,44,,,0,1,1,0,common,1.0,0.2552795601551674,0.28901780951980927,0.31000644290587304,0.0,0.6913994502512888,0.0,,,EXPLOIT
1324,44,,,0,1,1,0,common,1.0,0.16593171410085883,0.24901772611123768,0.26678402426436876,0.0,0.7004221571327927,0.0,,,EXPLOIT
1325,44,,,0,1,1,0,common,0.0,0.8921443858344418,0.22523866809180565,0.45439213273539064,0.0,0.7088495419545746,0.0,,,EXPLOIT
1326,44,,,0,0,1,0,rare,1.0,0.4201061492076128,0.4841794388300381,0.4441063376770572,0.0,0.7167382567405555,0.0,,,EXPLOIT
1327,44,,,0,0,0,1,common,1.0,0.13121630203837653,0.6739456582227734,0.35023932698545296,0.0,0.7241379867290116,0.0,,,EXPLOIT
1328,44,,,0,0,1,0,rare,1.0,0.27306899698494835,0.6823535606752198,0.32708822798530157,0.0,0.7310924893673703,0.0,,,EXPLOIT
1329,44,,,0,0,0,0,common,0.0,0.38949158177539045,0.6283441895883244,0.3458092341223282,0.0,0.7376404527512599,0.0,,,EXPLOIT
1330,44,,,0,1,0,1,rare,1.0,0.08529059632494473,0.6769239824013876,0.26765364278311315,0.0,0.7438162090837407,0.0,,,EXPLOIT
1331,44,,,0,1,1,0,common,0.0,0.8225051519597836,0.5983392264165363,0.4341090955361142,0.0,0.7496503309388425,0.0,,,EXPLOIT
1332,44,,,0,1,1,0,common,1.0,0.46537165122614066,0.6912031900622204,0.4434878622431221,0.0,0.7551701321904597,0.0,,,EXPLOIT
1333,44,,,0,0,1,0,rare,1.0,0.3024915732969915,0.6502744247591705,0.4011889755592829,0.0,0.7604000909282207,0.0,,,EXPLOIT
1334,44,,,0,1,0,1,rare,1.0,0.05543888761121407,0.6923249210620781,0.29746394917486224,0.0,0.7653622081761363,0.0,,,EXPLOIT
1335,44,,,0,0,1,0,rare,1.0,0.1966195226430445,0.6745702705803691,0.2672106212153169,0.0,0.7700763135025707,0.0,,,EXPLOIT
1336,44,,,0,1,0,1,rare,0.0,0.9639647230527109,0.6927996107400499,0.4762368517665351,0.0,0.7745603264738964,0.0,,,EXPLOIT
1337,44,,,0,0,0,1,common,1.0,0.3734229300157379,0.5522612464822793,0.4453926752412959,0.0,0.778830481220094,0.0,,,EXPLOIT
1338,44,,,0,0,0,1,common,0.0,0.7572750954897703,0.4897309752558259,0.5389574013158381,0.0,0.7829015200446845,0.0,,,EXPLOIT
1339,44,,,0,1,0,0,rare,0.0,0.25316952815400384,0.687080334969038,0.4532210393672878,0.0,0.7711745085184936,0.0,,,EXPLOIT
1340,44,,,0,0,1,0,rare,1.0,0.12780268971797892,0.5952634173655936,0.3555955344724951,0.0,0.7756056933280558,0.0,,,EXPLOIT
1341,44,,,0,0,0,1,common,0.0,0.49222881206835073,0.46528497965995674,0.3965855177512517,0.0,0.7798266930121739,0.0,,,EXPLOIT
1342,44,,,0,0,0,1,common,0.0,0.31994872784442796,0.6578564267598124,0.3735944807792046,0.0,0.7838519171497007,0.0,,,EXPLOIT
1343,44,,,0,1,1,0,common,0.0,0.9169282516833137,0.6916180321200756,0.5365946120504372,0.0,0.7876944878539989,0.0,,,EXPLOIT
1344,44,,,0,1,1,0,common,1.0,0.40399663640584604,0.6779248196189295,0.49681521935705986,0.0,0.776440962445508,0.0,,,EXPLOIT
1345,44,,,0,0,0,1,common,0.0,0.20796667309887817,0.627843846694796,0.4101606554796053,0.0,0.7806228772137493,0.0,,,EXPLOIT
1346,44,,,0,0,0,1,common,0.0,0.13517833751427083,0.5471269147436976,0.3276659600900049,0.0,0.784611659483728,0.0,,,EXPLOIT
1347,44,,,0,1,1,0,common,0.0,0.7374021863362,0.48694687348945653,0.45058682796386346,0.0,0.7884201983741337,0.0,,,EXPLOIT
1348,44,,,0,0,1,0,rare,1.0,0.5206885788814699,0.6256097515748953,0.4716173532391454,0.0,0.7920602613132581,0.0,,,EXPLOIT
1349,44,,,0,0,0,1,common,1.0,0.912134080615724,0.6674240897720214,0.6037723714521189,0.0,0.7955426134666068,0.0,,,EXPLOIT
1350,44,,,0,1,1,0,common,1.0,0.3384475762729555,0.5295966086022725,0.5241749328983698,0.0,0.7850426106237413,0.0,,,EXPLOIT
1351,44,,,0,1,1,0,common,1.0,0.2199909245774211,0.6821146048142085,0.43291973040208515,0.0,0.773528361315198,0.0,,,EXPLOIT
1352,44,,,0,1,1,0,common,1.0,0.14299410097532372,0.6803761446123129,0.34594204157405667,0.0,0.7778473014676086,0.0,,,EXPLOIT
1353,44,,,0,1,1,0,common,1.0,0.09294616563396041,0.6315238647904624,0.2700432787920278,0.0,0.7819637925355437,0.0,,,EXPLOIT
1354,44,,,0,0,0,1,common,0.0,0.4071128475997794,0.5847253291413546,0.3111641494343532,0.0,0.7858915493230936,0.0,,,EXPLOIT
1355,44,,,0,1,1,0,common,0.0,0.9395849923379257,0.39279538921906887,0.49969040230542494,0.0,0.7896430754541129,0.0,,,EXPLOIT
1356,44,,,0,0,0,1,common,1.0,0.7353766490601434,0.6442179041602452,0.5703962763318404,0.0,0.7932297941916331,0.0,,,EXPLOIT
1357,44,,,0,0,0,1,common,1.0,0.47799482188909326,0.6889470624733263,0.5426758399990163,0.0,0.782510534650983,0.0,,,EXPLOIT
1358,44,,,0,0,0,1,common,1.0,0.3106966342279106,0.6322927797325009,0.47308207826768456,0.0,0.7707444525523988,0.0,,,EXPLOIT
1359,44,,,0,0,0,1,common,1.0,0.20195281224814188,0.5684270567144294,0.39174329846182177,0.0,0.7751962901382208,0.0,,,EXPLOIT
1360,44,,,0,0,1,0,rare,0.0,0.6107302450196517,0.5204055755671447,0.4574393824291707,0.0,0.7794365090618247,0.0,,,EXPLOIT
1361,44,,,0,1,0,1,rare,1.0,0.1312693279612922,0.6929179058932254,0.3595883660888071,0.0,0.7834796485422165,0.0,,,EXPLOIT
1362,44,,,0,0,1,1,rare,0.0,0.12337957600476943,0.6557010247301591,0.2887257290635958,0.0,0.7873389460021281,0.0,,,EXPLOIT
1363,44,,,0,0,0,1,common,1.0,0.0853250631748399,0.5035349877822032,0.227705529296969,0.0,0.7910264795822103,0.0,,,EXPLOIT
1364,44,,,0,0,0,1,common,1.0,0.055461291063645946,0.6626809780769319,0.17603225782697207,0.0,0.7945532923342431,0.0,,,EXPLOIT
1365,44,,,0,0,0,1,common,1.0,0.03604983919136984,0.6926262849487723,0.1340375322362914,0.0,0.7979295007835304,0.0,,,EXPLOIT
1366,44,,,0,0,0,1,common,0.0,0.9765676045256096,0.6703048382834695,0.38679655392308687,0.0,0.801164390108478,0.0,,,EXPLOIT
1367,44,,,0,0,0,1,common,1.0,0.3652310570583537,0.6309775306325086,0.3803269048636669,0.0,0.8042664978233068,0.0,,,EXPLOIT
1368,44,,,0,1,1,1,common,0.0,0.08019672440310013,0.6922872510911583,0.29028785072549684,0.0,0.8072436875520999,0.0,,,EXPLOIT
1369,44,,,0,0,1,0,rare,1.0,0.6030253407372264,0.5963479279262027,0.3841090977290157,0.0,0.8101032142364976,0.0,,,EXPLOIT
1370,44,,,0,0,0,0,common,1.0,0.8354398066998975,0.5093019590736083,0.5195083104202802,0.0,0.8128517819154825,0.0,,,EXPLOIT
1371,44,,,0,0,1,0,rare,0.0,0.6080335285208028,0.448477897311758,0.546065875850437,0.0,0.8039186773642469,0.0,,,EXPLOIT
1372,44,,,0,1,1,0,common,1.0,0.6047782064614782,0.6739216858638404,0.5636795750337493,0.0,0.7941931833633001,0.0,,,EXPLOIT
1373,44,,,0,1,1,0,common,1.0,0.3931058341999608,0.6782516622176149,0.5125074527836128,0.0,0.7835655380974952,0.0,,,EXPLOIT
1374,44,,,0,1,0,1,rare,1.0,0.23740018708792987,0.6136950662196091,0.42997527307490785,0.0,0.7719047265883406,0.0,,,EXPLOIT
1375,44,,,0,1,0,1,rare,1.0,0.1543101216071544,0.5525768187396742,0.3472757276345818,0.0,0.7763009466308702,0.0,,,EXPLOIT
1376,44,,,0,0,0,1,common,1.0,0.10030157904465042,0.5084728471823203,0.27318348305760237,0.0,0.7804894013502893,0.0,,,EXPLOIT
1377,44,,,0,1,1,0,common,0.0,0.7444812077700255,0.6283658028489116,0.4145728004713293,0.0,0.78448428212395,0.0,,,EXPLOIT
1378,44,,,0,0,1,0,rare,1.0,0.5160872149494835,0.6601375141274953,0.4450271248147755,0.0,0.7882985169163984,0.0,,,EXPLOIT
1379,44,,,0,0,0,1,common,1.0,0.06519602637902278,0.598323070331533,0.3310777952840497,0.0,0.7919439078208641,0.0,,,EXPLOIT
1380,44,,,0,0,1,0,rare,1.0,0.33545668971716425,0.547066312943807,0.33239146361398403,0.0,0.7954312510154594,0.0,,,EXPLOIT
1381,44,,,0,0,0,1,common,1.0,0.04237741714636478,0.5110984447076264,0.24538724967369824,0.0,0.7987704417024375,0.0,,,EXPLOIT
1382,44,,,0,0,1,0,rare,0.0,0.7819531516838433,0.4871291330147464,0.4063570202767417,0.0,0.8019705661789318,0.0,,,EXPLOIT
1383,44,,,0,1,1,0,common,1.0,0.49173045140550187,0.6914630503465093,0.43196904961536975,0.0,0.8050399828433513,0.0,,,EXPLOIT
1384,44,,,0,1,0,1,rare,1.0,0.02754532114513708,0.6673661578206231,0.31064193107429994,0.0,0.8079863936582051,0.0,,,EXPLOIT
1385,44,,,0,0,0,1,common,1.0,0.017904458744339102,0.6130892963459746,0.22282068937531166,0.0,0.8108169073558386,0.0,,,EXPLOIT
1386,44,,,0,0,1,0,rare,1.0,0.3196247934135762,0.6820893792308004,0.251861920586791,0.0,0.8135380954791153,0.0,,,EXPLOIT
1387,44,,,0,0,1,0,rare,1.0,0.20775611571882457,0.692846136039258,0.23863017912640108,0.0,0.8161560421870848,0.0,,,EXPLOIT
1388,44,,,0,1,0,1,rare,1.0,0.011637898183820439,0.683756193210476,0.1705324948436269,0.0,0.8186763886202159,0.0,,,EXPLOIT
1389,44,,,0,0,0,1,common,0.0,0.9924353661805168,0.693019967016969,0.41710335624469386,0.0,0.8211043725061186,0.0,,,EXPLOIT
1390,44,,,0,1,1,0,common,1.0,0.13504147521723597,0.5365572165013701,0.33248479193645647,0.0,0.823444863590999,0.0,,,EXPLOIT
1391,44,,,0,0,1,0,rare,1.0,0.0877769588912034,0.5019614206855764,0.25907244202288054,0.0,0.8257023954012517,0.0,,,EXPLOIT
1392,44,,,0,1,1,0,common,1.0,0.057055023279282246,0.6202052769933654,0.19846721639980103,0.0,0.8278811937711344,0.0,,,EXPLOIT
1393,44,,,0,1,1,0,common,1.0,0.0370857651315335,0.6019420370179147,0.15005278101932076,0.0,0.8299852025142603,0.0,,,EXPLOIT
1394,44,,,0,1,1,0,common,1.0,0.024105747335496752,0.5893286510775505,0.11226867091417354,0.0,0.8320181065670565,0.0,,,EXPLOIT
1395,44,,,0,1,0,0,rare,0.0,0.4569641256450666,0.5808532411424936,0.21567730733344143,0.0,0.8339833528899377,0.0,,,EXPLOIT
1396,44,,,0,1,0,0,rare,0.0,0.2970266816692933,0.6767765871814371,0.24008211963419698,0.0,0.8358841693756263,0.0,,,EXPLOIT
1397,44,,,0,1,1,1,common,0.0,0.05212787086201509,0.5288898341644602,0.1836958450025424,0.0,0.8377235819828274,0.0,,,EXPLOIT
1398,44,,,0,0,0,1,common,1.0,0.3549170119826641,0.4004244521837549,0.23506219509657894,0.0,0.8395044302865866,0.0,,,EXPLOIT
1399,44,,,0,0,0,1,common,1.0,0.2306960577887317,0.32123576801670495,0.23375235390422477,0.0,0.8412293816134422,0.0,,,EXPLOIT
1400,44,,,0,0,0,0,common,0.0,0.19306734308504064,0.2748653344984812,0.22154685065846952,0.0,0.8429009439093847,0.0,,,EXPLOIT
1401,44,,,0,1,1,0,common,1.0,0.015668735768072928,0.5356981723093887,0.15978341619135053,0.0,0.8445214774712094,0.0,,,EXPLOIT
1402,44,,,0,1,1,0,common,1.0,0.010184678249247403,0.6880870976333122,0.11490379480871958,0.0,0.8460932056566898,0.0,,,EXPLOIT
1403,44,,,0,1,0,1,rare,1.0,0.14995243756267562,0.6670056947623283,0.1254183876349064,0.0,0.8476182246757915,0.0,,,EXPLOIT
1404,44,,,0,1,1,1,common,1.0,0.9661168839396902,0.6020819260043075,0.3776279365263415,0.0,0.8490985125536262,0.0,,,EXPLOIT
1405,44,,,0,0,0,1,common,0.0,0.9025309155842608,0.5459917497530932,0.5350988302437172,0.0,0.8505359373457434,0.0,,,EXPLOIT
1406,44,,,0,1,1,0,common,1.0,0.006620040862010845,0.3690706442150099,0.37655519342920524,0.0,0.844567618023098,0.0,,,EXPLOIT
1407,44,,,0,1,1,0,common,0.0,0.995696973439693,0.33150887847852667,0.5622977274323515,0.0,0.8461379661983299,0.0,,,EXPLOIT
1408,44,,,0,1,0,1,rare,1.0,0.4133549048702305,0.6043081286985372,0.5176148806637152,0.0,0.8398548662231559,0.0,,,EXPLOIT
1409,44,,,0,1,0,1,rare,0.0,0.7313193118343502,0.48604366484864836,0.5817262100149057,0.0,0.8331078200308449,0.0,,,EXPLOIT
1410,44,,,0,1,1,0,common,0.0,0.6472030327358005,0.6716265294626768,0.6013692568311741,0.0,0.8258438516909522,0.0,,,EXPLOIT
1411,44,,,0,1,0,1,rare,1.0,0.5246424473076724,0.6853403562423164,0.5783512139741236,0.0,0.8180016010720904,0.0,,,EXPLOIT
1412,44,,,0,0,0,0,common,0.0,0.12549377300527642,0.6333646635523333,0.44249398168346943,0.0,0.809509596847434,0.0,,,EXPLOIT
1413,44,,,0,1,0,1,rare,1.0,0.34101759074998705,0.5331297564629478,0.4120510644034247,0.0,0.8122810331959586,0.0,,,EXPLOIT
1414,44,,,0,1,0,1,rare,0.0,0.7783385660125084,0.3944305291552252,0.5219373148861498,0.0,0.8149464457149034,0.0,,,EXPLOIT
1415,44,,,0,1,1,1,common,0.0,0.3720240254392014,0.6065921019912706,0.47696332805206526,0.0,0.8061941390578422,0.0,,,EXPLOIT
1416,44,,,0,1,1,1,common,1.0,0.7581843834645191,0.6868087907268452,0.5613296446758014,0.0,0.8090948966529866,0.0,,,EXPLOIT
1417,44,,,0,1,0,1,rare,0.0,0.5059200679081305,0.5396581587223741,0.5447067716455001,0.0,0.7998327644054469,0.0,,,EXPLOIT
1418,44,,,0,0,0,0,common,0.0,0.08157095245342968,0.6691063866517448,0.40576602588787897,0.0,0.7897332807040776,0.0,,,EXPLOIT
1419,44,,,0,1,1,0,common,0.0,0.42068197127827034,0.6217990524149649,0.4102408095049963,0.0,0.793316078994164,0.0,,,EXPLOIT
1420,44,,,0,0,0,0,common,0.0,0.0530211190947293,0.6828463794823143,0.30307490238191614,0.0,0.7967447730695586,0.0,,,EXPLOIT
1421,44,,,0,1,1,1,common,0.0,0.5071801507480626,0.6616910092881443,0.36430647689176004,0.0,0.8000289337850052,0.0,,,EXPLOIT
1422,44,,,0,0,0,1,common,1.0,0.6711519558597152,0.6887690047363255,0.4563601205821466,0.0,0.8031773557656258,0.0,,,EXPLOIT
1423,44,,,0,0,0,1,common,1.0,0.4362487713088149,0.5684666222292672,0.45032671580014705,0.0,0.806198134541267,0.0,,,EXPLOIT
1424,44,,,0,0,1,1,rare,0.0,0.32966709798624066,0.3897803667684271,0.41412883045597515,0.0,0.8090987346622057,0.0,,,EXPLOIT
1425,44,,,0,1,1,0,common,1.0,0.7265567186691243,0.5790531989262708,0.5078571969199199,0.0,0.8118860500029123,0.0,,,EXPLOIT
1426,44,,,0,0,0,1,common,0.0,0.7164382986492703,0.6893501533777392,0.570431527438725,0.0,0.8028689504309351,0.0,,,EXPLOIT
1427,44,,,0,1,0,1,rare,1.0,0.5343151058779743,0.629172991680641,0.5595966009704998,0.0,0.7930480672792877,0.0,,,EXPLOIT
1428,44,,,0,0,0,1,common,1.0,0.3473048188206833,0.4720301435638322,0.4959090663255548,0.0,0.7823114807254987,0.0,,,EXPLOIT
1429,44,,,0,1,1,1,common,0.0,0.21428361369105645,0.6650697197165375,0.4114214305352053,0.0,0.7862234856543069,0.0,,,EXPLOIT
1430,44,,,0,1,1,0,common,1.0,0.4722618671349308,0.6719520490648061,0.4296735615151229,0.0,0.7899602909574112,0.0,,,EXPLOIT
1431,44,,,0,1,0,1,rare,1.0,0.22574813223344414,0.6734692098698188,0.36849593273061926,0.0,0.7935332318638658,0.0,,,EXPLOIT
1432,44,,,0,0,1,0,rare,1.0,0.30697021363770505,0.5953616699678531,0.35003821700274496,0.0,0.7969526866637276,0.0,,,EXPLOIT
1433,44,,,0,1,1,0,common,1.0,0.19953063886450828,0.6847373666123071,0.3048859435612739,0.0,0.800228175608795,0.0,,,EXPLOIT
1434,44,,,0,1,1,0,common,1.0,0.12969491526193044,0.6493161725102102,0.25232863507147085,0.0,0.803368447795923,0.0,,,EXPLOIT
1435,44,,,0,0,0,1,common,1.0,0.1467362859517387,0.6139205577835057,0.2206509303355512,0.0,0.806381557702703,0.0,,,EXPLOIT
1436,44,,,0,1,1,1,common,1.0,0.8607156511008133,0.6741441159639665,0.4126703465651298,0.0,0.8092749327853065,0.0,,,EXPLOIT
1437,44,,,0,1,1,0,common,0.0,0.9156983050797453,0.6580465158604694,0.5635787341195144,0.0,0.8120554333329629,0.0,,,EXPLOIT
1438,44,,,0,0,0,1,common,1.0,0.09537858586863013,0.6249007043022692,0.4231186896442491,0.0,0.8030530951538332,0.0,,,EXPLOIT
1439,44,,,0,0,0,1,common,0.0,0.9380039191853904,0.5723812247441249,0.5775842585065915,0.0,0.8060788655472206,0.0,,,EXPLOIT
1440,44,,,0,1,1,0,common,1.0,0.4047961016981656,0.6897010819801255,0.5257478114640637,0.0,0.7965481609857291,0.0,,,EXPLOIT
1441,44,,,0,1,0,1,rare,1.0,0.3902974525294962,0.6326432926058423,0.4851127037836934,0.0,0.7861427550811396,0.0,,,EXPLOIT
1442,44,,,0,1,1,0,common,1.0,0.2631174661038076,0.5668712406466636,0.41851413247972763,0.0,0.7898831381763809,0.0,,,EXPLOIT
1443,44,,,0,1,1,0,common,1.0,0.17102635296747493,0.5173324653458135,0.3442677986260518,0.0,0.7934594278466623,0.0,,,EXPLOIT
1444,44,,,0,1,0,1,rare,1.0,0.25369334414417255,0.48376220557740823,0.317095462281488,0.0,0.7968820215156217,0.0,,,EXPLOIT
1445,44,,,0,1,1,0,common,1.0,0.11116712942885876,0.46173355498852625,0.25531696242569923,0.0,0.8001604566113991,0.0,,,EXPLOIT
1446,44,,,0,0,0,1,common,1.0,0.1649006736937122,0.4474182543315667,0.2281920758061031,0.0,0.8033034976853823,0.0,,,EXPLOIT
1447,44,,,0,0,0,0,common,1.0,0.965536272588426,0.5795046744367759,0.44939533484079996,0.0,0.8063192131509298,0.0,,,EXPLOIT
1448,44,,,0,0,0,0,common,0.0,0.37240142281752314,0.6476931886047657,0.4262971612338169,0.0,0.8092150430568611,0.0,,,EXPLOIT
1449,44,,,0,1,1,0,common,0.0,0.9277413658712418,0.4171816254869639,0.5767304226250443,0.0,0.8119978590943322,0.0,,,EXPLOIT
1450,44,,,0,1,1,1,common,0.0,0.4405348267844713,0.6734212117059306,0.5358717438728724,0.0,0.8029905048375431,0.0,,,EXPLOIT
1451,44,,,0,0,0,1,common,0.0,0.892814562099087,0.6649603610499057,0.6429545893407367,0.0,0.7931806919373764,0.0,,,EXPLOIT
1452,44,,,0,1,0,1,rare,1.0,0.41967053463559334,0.6847166156528894,0.5759693729291937,0.0,0.7824567520974179,0.0,,,EXPLOIT
1453,44,,,0,1,1,1,common,0.0,0.2863476374099064,0.5647459095133445,0.48908285227340753,0.0,0.7706852903208953,0.0,,,EXPLOIT
1454,44,,,0,1,1,1,common,1.0,0.8138740356835609,0.686923673812488,0.5865202072964535,0.0,0.7751399725942262,0.0,,,EXPLOIT
1455,44,,,0,1,0,0,rare,0.0,0.24206092483139005,0.5696465622641119,0.48318242255693444,0.0,0.7626247406071155,0.0,,,EXPLOIT
1456,44,,,0,1,1,1,common,0.0,0.47098187680568543,0.6877575146298769,0.4795222588315597,0.0,0.7674749307366084,0.0,,,EXPLOIT
1457,44,,,0,0,0,1,common,0.0,0.7272141524868643,0.6782938427596543,0.5538298269281511,0.0,0.7720852493437697,0.0,,,EXPLOIT
1458,44,,,0,1,1,0,common,1.0,0.39696811218369277,0.6908629307069216,0.5067713125048136,0.0,0.7592524916777775,0.0,,,EXPLOIT
1459,44,,,0,0,0,0,common,0.0,0.15733960114040352,0.5465278501567863,0.40194179909549055,0.0,0.745040534367348,0.0,,,EXPLOIT
1460,44,,,0,1,1,0,common,1.0,0.25802927291940025,0.4777427035596139,0.3587680412426634,0.0,0.7508080156948853,0.0,,,EXPLOIT
1461,44,,,0,0,1,0,rare,0.0,0.8322809726023899,0.3318377996452263,0.5008219206505813,0.0,0.756266418994854,0.0,,,EXPLOIT
1462,44,,,0,1,1,0,common,1.0,0.4590173678084466,0.29249810494686257,0.48828055479794086,0.0,0.7417230012245682,0.0,,,EXPLOIT
1463,44,,,0,1,1,0,common,1.0,0.2983612890754903,0.2186158455120471,0.4313047750812057,0.0,0.7476718912007316,0.0,,,EXPLOIT
1464,44,,,0,1,1,1,common,1.0,0.6938617800763045,0.17879468473394214,0.5100718765797353,0.0,0.7532973660393273,0.0,,,EXPLOIT
1465,44,,,0,1,1,1,common,0.0,0.5489898429504021,0.15623987616945006,0.5217472664909353,0.0,0.7384204196583971,0.0,,,EXPLOIT
1466,44,,,0,1,1,1,common,0.0,0.3568433979177614,0.36587361254209816,0.47227610591898306,0.0,0.7218125983220417,0.0,,,EXPLOIT
1467,44,,,0,1,1,1,common,0.0,0.23194820864654492,0.548318474545649,0.40017773673725154,0.0,0.728905610133805,0.0,,,EXPLOIT
1468,44,,,0,1,1,0,common,1.0,0.19393483789906873,0.6465734743219922,0.33830486708579666,0.0,0.7355801671289846,0.0,,,EXPLOIT
1469,44,,,0,1,1,0,common,1.0,0.12605764463439473,0.436191859195894,0.27463070035037607,0.0,0.7418719299762956,0.0,,,EXPLOIT
1470,44,,,0,1,0,0,rare,0.0,0.1022707407412623,0.2946785658615726,0.22292271246764192,0.0,0.7478126196044977,0.0,,,EXPLOIT
1471,44,,,0,0,1,0,rare,1.0,0.08193746901235655,0.4976934261998023,0.1806271394310563,0.0,0.7534305466591545,0.0,,,EXPLOIT
1472,44,,,0,0,0,0,common,0.0,0.06647598148182049,0.6910052002180213,0.14638179204628554,0.0,0.758751057810572,0.0,,,EXPLOIT
1473,44,,,0,1,1,0,common,0.0,0.9467406451419682,0.6343329533782671,0.3864894479749903,0.0,0.7637969137588428,0.0,,,EXPLOIT
1474,44,,,0,0,0,1,common,1.0,0.5273108008835382,0.6922410725203488,0.42873585384755464,0.0,0.768588610827916,0.0,,,EXPLOIT
1475,44,,,0,0,0,0,common,0.0,0.04320938796318332,0.5937407551474628,0.31307791408224317,0.0,0.7731446557318019,0.0,,,EXPLOIT
1476,44,,,0,1,0,1,rare,1.0,0.3427520205742999,0.6878249642497054,0.32198014602986014,0.0,0.7774818012795639,0.0,,,EXPLOIT
1477,44,,,0,1,1,1,common,0.0,0.1507663356202542,0.6210297524458961,0.27061600290697835,0.0,0.7816152493476527,0.0,,,EXPLOIT
1478,44,,,0,0,1,0,rare,0.0,0.6153814193422793,0.6929853139459012,0.3740456278375686,0.0,0.7855588263028496,0.0,,,EXPLOIT
1479,44,,,0,1,1,0,common,0.0,0.39999792257248157,0.6613367257363398,0.38183131625804245,0.0,0.7893251351417963,0.0,,,EXPLOIT
1480,44,,,0,1,1,0,common,1.0,0.7400013503278869,0.6930787854064346,0.4892823264789957,0.0,0.7929256878744854,0.0,,,EXPLOIT
1481,44,,,0,0,0,1,common,0.0,0.7772111866267051,0.5609488975917872,0.5756609845233085,0.0,0.796371021081292,0.0,,,EXPLOIT
1482,44,,,0,1,1,0,common,1.0,0.4810008777131265,0.49397933266753213,0.5472629524802539,0.0,0.7859489827959971,0.0,,,EXPLOIT
1483,44,,,0,1,1,1,common,0.0,0.09799811815316524,0.34086441767139447,0.4124835021821273,0.0,0.7745241928059483,0.0,,,EXPLOIT
1484,44,,,0,0,0,1,common,1.0,0.4948127286926417,0.5462450804864766,0.43718227013528166,0.0,0.7787960513729335,0.0,,,EXPLOIT
1485,44,,,0,1,1,0,common,0.0,0.6873494294864677,0.6930810775108495,0.5122324179406375,0.0,0.7828686779082661,0.0,,,EXPLOIT
1486,44,,,0,0,0,1,common,1.0,0.3216282736502172,0.6450503910262404,0.45505117465351136,0.0,0.7711383871085498,0.0,,,EXPLOIT
1487,44,,,0,1,1,1,common,0.0,0.0636987767995574,0.4940365098096674,0.33764545529732515,0.0,0.7755713048663763,0.0,,,EXPLOIT
1488,44,,,0,0,0,1,common,1.0,0.20905837787264114,0.40539524122898346,0.2990693320699199,0.0,0.7797939173328564,0.0,,,EXPLOIT
1489,44,,,0,0,1,0,rare,1.0,0.553222870833796,0.30138686431424455,0.37531539369908273,0.0,0.783820644943261,0.0,,,EXPLOIT
1490,44,,,0,0,1,0,rare,0.0,0.6404051339580326,0.24332140881198788,0.4548423157767677,0.0,0.787664619468421,0.0,,,EXPLOIT
1491,44,,,0,0,0,1,common,1.0,0.13588794561721673,0.4833605538595088,0.35915600472890236,0.0,0.7913378248245616,0.0,,,EXPLOIT
1492,44,,,0,0,1,0,rare,1.0,0.5837366629272789,0.34627773807731005,0.4265302021884153,0.0,0.7948512198147545,0.0,,,EXPLOIT
1493,44,,,0,0,0,1,common,0.0,0.9116728353488092,0.2683953670149505,0.5720729921365334,0.0,0.7982148454502555,0.0,,,EXPLOIT
1494,44,,,0,0,1,0,rare,1.0,0.37942883090273116,0.5047697014268799,0.5142797437663927,0.0,0.7879652601280924,0.0,,,EXPLOIT
1495,44,,,0,0,0,1,common,0.0,0.592587342976726,0.35919709364722074,0.5377720235294927,0.0,0.776738182276431,0.0,,,EXPLOIT
1496,44,,,0,0,1,0,rare,1.0,0.24662874008677527,0.5701971618681478,0.4504290384966774,0.0,0.7643874314264268,0.0,,,EXPLOIT
1497,44,,,0,0,0,0,common,0.0,0.02808610217606916,0.40172042949075926,0.32372615760049495,0.0,0.7691497868135622,0.0,,,EXPLOIT
1498,44,,,0,0,0,1,common,1.0,0.6148182270651281,0.5955704063836751,0.4110537784398849,0.0,0.7736785975104052,0.0,,,EXPLOIT
1499,44,,,0,1,1,0,common,1.0,0.16030868105640395,0.420192376743338,0.3358302492248406,0.0,0.7779904192612769,0.0,,,EXPLOIT
1500,44,,,0,0,0,1,common,1.0,0.3996318475923333,0.6494155234723962,0.3549707287350884,0.0,0.7821002793853078,0.0,,,EXPLOIT
1501,44,,,0,1,1,0,common,1.0,0.10420064268666263,0.5548078344720919,0.2797397029205606,0.0,0.7860218491836141,0.0,,,EXPLOIT
1502,44,,,0,1,0,1,rare,1.0,0.2597607009350167,0.6741883223743681,0.27374600232489743,0.0,0.7897675935241746,0.0,,,EXPLOIT
1503,44,,,0,1,1,0,common,1.0,0.0677304177463307,0.6921603464057179,0.2119413269513274,0.0,0.7933489010529311,0.0,,,EXPLOIT
1504,44,,,0,1,1,0,common,1.0,0.04402477153511497,0.673322440161145,0.16156636032646365,0.0,0.7967761978966886,0.0,,,EXPLOIT
1505,44,,,0,1,1,0,common,1.0,0.028616101497824786,0.6492745575536671,0.12168128267787198,0.0,0.8000590472490264,0.0,,,EXPLOIT
1506,44,,,0,1,1,0,common,1.0,0.01860046597358611,0.6293811373537155,0.09075703766658622,0.0,0.8032062368426006,0.0,,,EXPLOIT
1507,44,,,0,1,0,1,rare,0.0,0.8311555443922392,0.614901687093014,0.3128765896842821,0.0,0.8062258559927606,0.0,,,EXPLOIT
1508,44,,,0,1,1,0,common,1.0,0.012090302882830972,0.6604973207315832,0.22264070364384678,0.0,0.8091253636347758,0.0,,,EXPLOIT
1509,44,,,0,0,0,1,common,1.0,0.45974889614504455,0.6931415739049747,0.2937731613942061,0.0,0.8119116485595168,0.0,,,EXPLOIT
1510,44,,,0,0,0,1,common,1.0,0.29883678249427903,0.6790860847061145,0.29529224772422796,0.0,0.8145910828716875,0.0,,,EXPLOIT
1511,44,,,0,0,0,1,common,1.0,0.19424390862128138,0.6552126372739209,0.26497774599334395,0.0,0.8171695695438925,0.0,,,EXPLOIT
1512,44,,,0,1,1,0,common,0.0,0.9921413031261599,0.6343276930883417,0.4831268131331887,0.0,0.8196525848135521,0.0,,,EXPLOIT
1513,44,,,0,0,0,1,common,1.0,0.1262585406038329,0.415977396824671,0.37606633137438195,0.0,0.8220452160635774,0.0,,,EXPLOIT
1514,44,,,0,1,1,0,common,1.0,0.355108152967996,0.39529499650770716,0.3697788778524661,0.0,0.8243521957382794,0.0,,,EXPLOIT
1515,44,,,0,0,0,1,common,1.0,0.0820680513924914,0.5522068828770899,0.28346562991447366,0.0,0.8265779317703414,0.0,,,EXPLOIT
1516,44,,,0,0,0,1,common,1.0,0.0533442334051194,0.5391704992449624,0.21442921096166737,0.0,0.8287265349305237,0.0,,,EXPLOIT
1517,44,,,0,1,0,1,rare,1.0,0.03467375171332765,0.530569240773394,0.16050257318716546,0.0,0.8308018434571749,0.0,,,EXPLOIT
1518,44,,,0,1,1,1,common,0.0,0.04140420491971231,0.6215488675420795,0.1247730627069295,0.0,0.8328074452760427,0.0,,,EXPLOIT
1519,44,,,0,1,1,1,common,0.0,0.026912733197813003,0.38987962383086144,0.09541496385419455,0.0,0.8347466980810253,0.0,,,EXPLOIT
1520,44,,,0,1,1,0,common,1.0,0.23082029942919746,0.25155503210224195,0.13603656452669544,0.0,0.8366227475123137,0.0,,,EXPLOIT
1521,44,,,0,1,1,0,common,1.0,0.15003319462897835,0.4385095368694879,0.1402355535573803,0.0,0.8384385436389661,0.0,,,EXPLOIT
1522,44,,,0,0,0,1,common,0.0,0.9774620613863371,0.5711843703036541,0.3914035059060673,0.0,0.8401968559276052,0.0,,,EXPLOIT
1523,44,,,0,1,1,1,common,1.0,0.9825067234214215,0.6806051683535185,0.5687344711606735,0.0,0.8419002868570103,0.0,,,EXPLOIT
1524,44,,,0,1,1,0,common,1.0,0.09752157650883597,0.6332518250263837,0.42737060276512223,0.0,0.8353061174707028,0.0,,,EXPLOIT
1525,44,,,0,1,1,0,common,1.0,0.06338902473074337,0.587851246830897,0.31817612935480855,0.0,0.8371641083318349,0.0,,,EXPLOIT
1526,44,,,0,0,1,0,rare,1.0,0.041202866074983246,0.5541447366314463,0.23508415037086092,0.0,0.8389626803550956,0.0,,,EXPLOIT
1527,44,,,0,0,0,1,common,0.0,0.6353503399011191,0.6457235608306771,0.35516400722993835,0.0,0.8407045524275029,0.0,,,EXPLOIT
1528,44,,,0,1,1,0,common,1.0,0.026781862948739077,0.4299993094340705,0.2566493639455785,0.0,0.842392280223882,0.0,,,EXPLOIT
1529,44,,,0,1,1,0,common,1.0,0.017408210916680433,0.40606209452751046,0.1848770180369091,0.0,0.8440282682749053,0.0,,,EXPLOIT
1530,44,,,0,1,1,0,common,0.0,0.9886846629041577,0.39072302744618015,0.42601931149708366,0.0,0.8456147809799359,0.0,,,EXPLOIT
1531,44,,,0,0,0,1,common,0.0,0.41297772093572743,0.6596369306675207,0.4221068343286768,0.0,0.8471539526707692,0.0,,,EXPLOIT
1532,44,,,0,0,0,1,common,0.0,0.26843551860822285,0.5362251369294713,0.37600543961254057,0.0,0.8486477968203482,0.0,,,EXPLOIT
1533,44,,,0,0,1,1,rare,0.0,0.361370629776076,0.4359707472172802,0.3716149966616012,0.0,0.85009821448002,0.0,,,EXPLOIT
1534,44,,,0,1,0,0,rare,0.0,0.018255966414444956,0.3719054873065901,0.2656072875874543,0.0,0.851507002019697,0.0,,,EXPLOIT
1535,44,,,0,1,1,0,common,0.0,0.6426450308877025,0.5643842414121037,0.37871861057752876,0.0,0.8528758582372019,0.0,,,EXPLOIT
1536,44,,,0,1,0,0,rare,0.0,0.011866378169389222,0.6608777362325367,0.26866294085508685,0.0,0.8542063908959726,0.0,,,EXPLOIT
1537,44,,,0,0,0,1,common,0.0,0.17448308709534485,0.6905387243012752,0.24040898472716424,0.0,0.8555001227440436,0.0,,,EXPLOIT
1538,44,,,0,1,1,1,common,0.0,0.2348909093544494,0.679253060248612,0.23875356211534976,0.0,0.8567584970616913,0.0,,,EXPLOIT
1539,44,,,0,0,1,0,rare,1.0,0.5822807299229933,0.6920434443386979,0.3418117124576428,0.0,0.8579828827802518,0.0,,,EXPLOIT
1540,44,,,0,0,0,1,common,1.0,0.8865859933880258,0.5449338866392557,0.5052439967367577,0.0,0.8591745792102904,0.0,,,EXPLOIT
1541,44,,,0,0,0,1,common,1.0,0.5762808957022169,0.3630208270258275,0.5265550664263954,0.0,0.8538007585536201,0.0,,,EXPLOIT
1542,44,,,0,0,1,0,rare,0.0,0.6215175255500542,0.2598619248746309,0.555043804163493,0.0,0.8480608221926776,0.0,,,EXPLOIT
1543,44,,,0,1,1,0,common,1.0,0.5960136083924648,0.4749587360247033,0.5673347454321844,0.0,0.8419163570017256,0.0,,,EXPLOIT
1544,44,,,0,1,1,0,common,0.0,0.6125911545448979,0.6849249683717235,0.5809116681659984,0.0,0.835323381667291,0.0,,,EXPLOIT
1545,44,,,0,1,1,0,common,1.0,0.6018157495458164,0.6104434998651558,0.5871828925799437,0.0,0.8282312998159237,0.0,,,EXPLOIT
1546,44,,,0,1,1,1,common,0.0,0.15267909108039213,0.689736862927994,0.4568317521300782,0.0,0.8205816077275454,0.0,,,EXPLOIT
1547,44,,,0,0,1,0,rare,1.0,0.3911802372047807,0.653503948657469,0.4371362976524889,0.0,0.8229408135570421,0.0,,,EXPLOIT
1548,44,,,0,0,0,1,common,0.0,0.625417417793559,0.5210728980123419,0.4936206336948099,0.0,0.825216096964411,0.0,,,EXPLOIT
1549,44,,,0,0,0,1,common,0.0,0.40652132156581333,0.6772945227172243,0.4674908400561109,0.0,0.8274117487146637,0.0,,,EXPLOIT
1550,44,,,0,1,0,1,rare,0.0,0.26423885901777866,0.6855316250868655,0.4065152457446112,0.0,0.829531772170671,0.0,,,EXPLOIT
1551,44,,,0,0,0,0,common,1.0,0.992286854189897,0.6863873902444754,0.5822467282781969,0.0,0.8315799069631125,0.0,,,EXPLOIT
1552,44,,,0,0,1,0,rare,1.0,0.2542671541831074,0.5326927660250661,0.48385285604967004,0.0,0.8241961785137696,0.0,,,EXPLOIT
1553,44,,,0,0,0,1,common,1.0,0.8282447416384439,0.3881872036759351,0.5871704217263022,0.0,0.8264273673633857,0.0,,,EXPLOIT
1554,44,,,0,0,0,1,common,1.0,0.5383590820649885,0.3018133259076361,0.5725270198279081,0.0,0.8186324057679588,0.0,,,EXPLOIT
1555,44,,,0,0,0,0,common,0.0,0.35501354477656694,0.25247270725092263,0.5072729773125058,0.0,0.8101936450444369,0.0,,,EXPLOIT
1556,44,,,0,0,0,1,common,1.0,0.34993340334224254,0.503319132029822,0.4600711051214268,0.0,0.801028373749475,0.0,,,EXPLOIT
1557,44,,,0,0,0,1,common,1.0,0.22745671217245766,0.3695838240582911,0.39028678723673604,0.0,0.8041360127654458,0.0,,,EXPLOIT
1558,44,,,0,1,1,0,common,0.0,0.8347263497809801,0.2912058935773052,0.5236186560000093,0.0,0.8071184093225214,0.0,,,EXPLOIT
1559,44,,,0,0,0,1,common,1.0,0.14784686291209748,0.2371690075752171,0.41088711807363576,0.0,0.7976807202704227,0.0,,,EXPLOIT
1560,44,,,0,0,1,0,rare,1.0,0.45742787264236284,0.19868844355893156,0.4248493444442538,0.0,0.8009259275298701,0.0,,,EXPLOIT
1561,44,,,0,0,0,1,common,1.0,0.09610046089286339,0.17644560891165784,0.32622467937883665,0.0,0.8040377356679855,0.0,,,EXPLOIT
1562,44,,,0,0,0,1,common,1.0,0.06246529958036118,0.16311522007771115,0.247096865439294,0.0,0.8070240566018914,0.0,,,EXPLOIT
1563,44,,,0,0,0,1,common,0.0,0.9593975552727653,0.15491088678434417,0.46078707238933536,0.0,0.8098921889356224,0.0,,,EXPLOIT
1564,44,,,0,0,0,0,common,1.0,0.7692411958952314,0.37925433056873936,0.5533233094411042,0.0,0.8126488762626889,0.0,,,EXPLOIT
1565,44,,,0,0,0,0,common,1.0,0.5000067773319006,0.2766808221072221,0.5373283498083431,0.0,0.8036981573833971,0.0,,,EXPLOIT
1566,44,,,0,0,1,1,rare,0.0,0.09924140920225488,0.2207798838994367,0.40590226762651666,0.0,0.7939526644156796,0.0,,,EXPLOIT
1567,44,,,0,0,0,1,common,1.0,0.37639158907270254,0.4501188221870279,0.3970490640603724,0.0,0.7973543061640495,0.0,,,EXPLOIT
1568,44,,,0,0,1,0,rare,0.0,0.7026718827824642,0.31587926165593,0.48873590967699987,0.0,0.800613074156434,0.0,,,EXPLOIT
1569,44,,,0,1,1,0,common,0.0,0.45673672380860175,0.5291289883557453,0.4791361539164804,0.0,0.8037376300355673,0.0,,,EXPLOIT
1570,44,,,0,1,1,0,common,1.0,0.7031211295244089,0.48428363399696434,0.5463316465988589,0.0,0.806735949407411,0.0,,,EXPLOIT
1571,44,,,0,1,1,1,common,1.0,0.9354930840185343,0.6886161038498366,0.6630800778247614,0.0,0.7972640934676574,0.0,,,EXPLOIT
1572,44,,,0,1,0,0,rare,0.0,0.6749955947342647,0.6454202957526571,0.6666547328976123,0.0,0.7869257696887886,0.0,,,EXPLOIT
1573,44,,,0,1,1,0,common,0.0,0.5429712658091342,0.6865196622340615,0.6295496927710689,0.0,0.775596984574169,0.0,,,EXPLOIT
1574,44,,,0,1,1,1,common,0.0,0.39192949538795263,0.620342789440645,0.558263633556134,0.0,0.7631289017351258,0.0,,,EXPLOIT
1575,44,,,0,0,1,1,rare,0.0,0.2547541720021692,0.5499571229137864,0.4672107950899445,0.0,0.7493412919988773,0.0,,,EXPLOIT
1576,44,,,0,1,1,1,common,0.0,0.16559021180140998,0.6610200721761244,0.37672462010338414,0.0,0.7548775377363389,0.0,,,EXPLOIT
1577,44,,,0,0,0,1,common,1.0,0.2446545328972567,0.627043571522478,0.3371035939415459,0.0,0.7601226761324554,0.0,,,EXPLOIT
1578,44,,,0,1,1,1,common,0.0,0.1076336376709165,0.4226265540556118,0.26826260706035704,0.0,0.7650988346580629,0.0,,,EXPLOIT
1579,44,,,0,1,1,0,common,1.0,0.6470686772240627,0.3889047588090406,0.3819044281094687,0.0,0.7698259539126499,0.0,,,EXPLOIT
1580,44,,,0,0,1,0,rare,1.0,0.42059464019564075,0.6515185824431282,0.3935114917353203,0.0,0.7743220512795045,0.0,,,EXPLOIT
1581,44,,,0,1,1,0,common,1.0,0.27338651612716647,0.5350471570745667,0.35747399905287414,0.0,0.7786034473345624,0.0,,,EXPLOIT
1582,44,,,0,1,1,1,common,0.0,0.06996186448609573,0.6751228365393123,0.2712203586828406,0.0,0.7826849610064455,0.0,,,EXPLOIT
1583,44,,,0,0,1,0,rare,0.0,0.8222987645173419,0.5337427725836061,0.436543880433191,0.0,0.7865800784063159,0.0,,,EXPLOIT
1584,44,,,0,0,0,0,common,0.0,0.4387471365772721,0.6854515594817485,0.43720485727641534,0.0,0.7903010993808197,0.0,,,EXPLOIT
1585,44,,,0,1,0,0,rare,0.0,0.28518563877522685,0.6743809362863031,0.3915990917260588,0.0,0.7938592651436432,0.0,,,EXPLOIT
1586,44,,,0,0,0,1,common,1.0,0.1590254463832168,0.6898812482541086,0.32182699812320614,0.0,0.7972648697757323,0.0,,,EXPLOIT
1587,44,,,0,0,0,1,common,1.0,0.10336654014909097,0.5525361411769866,0.25628886073097157,0.0,0.8005273579237457,0.0,,,EXPLOIT
1588,44,,,0,0,0,1,common,1.0,0.06718825109690918,0.41154714637192846,0.19955867784075285,0.0,0.803655410649605,0.0,,,EXPLOIT
1589,44,,,0,0,0,1,common,1.0,0.04367236321299095,0.3243539058017739,0.15279278345242428,0.0,0.8066570210744687,0.0,,,EXPLOIT
1590,44,,,0,1,0,1,rare,1.0,0.028387036088444173,0.2736327555747928,0.11547105924323024,0.0,0.8095395612050494,0.0,,,EXPLOIT
1591,44,,,0,1,1,0,common,1.0,0.4655058030637278,0.49055268484651515,0.22048148238937948,0.0,0.8123098411185817,0.0,,,EXPLOIT
1592,44,,,0,1,1,0,common,1.0,0.302578771991423,0.6267886417865554,0.24511066926999253,0.0,0.8149741615067646,0.0,,,EXPLOIT
1593,44,,,0,0,0,1,common,1.0,0.018451573457488712,0.6809230742887227,0.17711294052624138,0.0,0.8175383604320928,0.0,,,EXPLOIT
1594,44,,,0,1,1,0,common,1.0,0.19667620179442502,0.6639806096193401,0.18298191890669646,0.0,0.8200078550269094,0.0,,,EXPLOIT
1595,44,,,0,1,0,1,rare,1.0,0.011993522747367646,0.6879457045108968,0.1316854000588978,0.0,0.8223876787620547,0.0,,,EXPLOIT
1596,44,,,0,1,1,0,common,1.0,0.12783953116637625,0.6931030697791283,0.13053163939114135,0.0,0.8246825148247272,0.0,,,EXPLOIT
1597,44,,,0,1,0,1,rare,1.0,0.007795789785788987,0.6918498086266354,0.09371088450953563,0.0,0.826896726071342,0.0,,,EXPLOIT
1598,44,,,0,1,1,0,common,1.0,0.08309569525814453,0.6890948759926692,0.09052632773411828,0.0,0.8290343819585154,0.0,,,EXPLOIT
1599,44,,,0,1,0,1,rare,0.0,0.9949327366392372,0.6864970248549018,0.36184825040565394,0.0,0.8310992828019783,0.0,,,EXPLOIT
1600,44,,,0,0,0,1,common,1.0,0.35329372118449576,0.5546977650446956,0.35928189163930646,0.0,0.8330949816676911,0.0,,,EXPLOIT
1601,44,,,0,1,1,0,common,0.0,0.945987798082206,0.5303965262619605,0.5352936635721763,0.0,0.8350248041604723,0.0,,,EXPLOIT
1602,44,,,0,0,1,0,rare,1.0,0.38510793124656606,0.3369077769127808,0.4902379438744932,0.0,0.8279096804736802,0.0,,,EXPLOIT
1603,44,,,0,0,1,0,rare,1.0,0.25032015531026797,0.322124770680496,0.41826260730522563,0.0,0.8300127191768435,0.0,,,EXPLOIT
1604,44,,,0,0,1,1,rare,1.0,0.9545247880840377,0.31271802890096134,0.5791412615388692,0.0,0.8320447005868327,0.0,,,EXPLOIT
1605,44,,,0,0,1,1,rare,1.0,0.6204411122546246,0.30669222980841737,0.5915312167535958,0.0,0.824697509028927,0.0,,,EXPLOIT
1606,44,,,0,0,0,1,common,1.0,0.2296409187699222,0.30281365104498015,0.4829641273584937,0.0,0.816761931262368,0.0,,,EXPLOIT
1607,44,,,0,1,0,1,rare,1.0,0.14926659720044944,0.30030890302651725,0.3828548683110804,0.0,0.8192599305331388,0.0,,,EXPLOIT
1608,44,,,0,0,1,0,rare,1.0,0.1627081009516742,0.47439899041324257,0.3168108381032585,0.0,0.8216667533076213,0.0,,,EXPLOIT
1609,44,,,0,0,1,0,rare,1.0,0.1057602656185882,0.4724725072748358,0.2534956663578574,0.0,0.8239871869110217,0.0,,,EXPLOIT
1610,44,,,0,0,1,0,rare,1.0,0.06874417265208232,0.4712200819905373,0.19807021824612486,0.0,0.8262256894865759,0.0,,,EXPLOIT
1611,44,,,0,0,1,1,rare,0.0,0.596713277034494,0.4704059326703782,0.3176631358826356,0.0,0.8283864178141978,0.0,,,EXPLOIT
1612,44,,,0,0,0,1,common,0.0,0.9029767118197078,0.6912558231076074,0.4932572086637572,0.0,0.8304732523549057,0.0,,,EXPLOIT
1613,44,,,0,0,0,1,common,1.0,0.41306513731718986,0.6216138549233576,0.469199587259787,0.0,0.8324898198385193,0.0,,,EXPLOIT
1614,44,,,0,0,0,1,common,0.0,0.7315076607438266,0.6930742234936749,0.5478920093049988,0.0,0.8344395136712635,0.0,,,EXPLOIT
1615,44,,,0,1,0,1,rare,0.0,0.4754799794834873,0.6104425692601573,0.5261684003585454,0.0,0.8272791114680944,0.0,,,EXPLOIT
1616,44,,,0,0,0,1,common,0.0,0.30906198666426676,0.6931163547851698,0.4610364762502618,0.0,0.8195529142225081,0.0,,,EXPLOIT
1617,44,,,0,1,0,1,rare,0.0,0.20089029133177339,0.6564260953784236,0.38299262077471524,0.0,0.8219491442107718,0.0,,,EXPLOIT
1618,44,,,0,1,1,0,common,0.0,0.9553162877761465,0.6931341563227505,0.5546897208751447,0.0,0.8242595357752855,0.0,,,EXPLOIT
1619,44,,,0,0,0,0,common,0.0,0.18537066520389744,0.675798412164784,0.44389400417377045,0.0,0.8162881522713505,0.0,,,EXPLOIT
1620,44,,,0,0,1,1,rare,1.0,0.6121363699275789,0.6931416776628425,0.494366713899913,0.0,0.8188036183249057,0.0,,,EXPLOIT
1621,44,,,0,0,1,0,rare,1.0,0.3790444129455047,0.5481333932215424,0.4597700236135905,0.0,0.821226981275088,0.0,,,EXPLOIT
1622,44,,,0,0,0,0,common,1.0,0.8795090676174666,0.3821563468504177,0.5856917368147533,0.0,0.8235630928098594,0.0,,,EXPLOIT
1623,44,,,0,0,0,0,common,0.0,0.42831910604864665,0.28448073826506176,0.5384799475849212,0.0,0.8155346030576136,0.0,,,EXPLOIT
1624,44,,,0,0,0,1,common,1.0,0.8694213106343474,0.5129815450366746,0.637762356499749,0.0,0.8068327213101524,0.0,,,EXPLOIT
1625,44,,,0,0,0,1,common,1.0,0.5651238519123257,0.35980294404952134,0.615970805123522,0.0,0.7973695164480381,0.0,,,EXPLOIT
1626,44,,,0,0,0,1,common,0.0,0.6326694962569883,0.2721394357010417,0.6209804124635618,0.0,0.7870410517815516,0.0,,,EXPLOIT
1627,44,,,0,1,0,0,rare,0.0,0.27840741893162035,0.5031181446269355,0.5182085144039794,0.0,0.7757235696623449,0.0,,,EXPLOIT
1628,44,,,0,0,0,1,common,0.0,0.41123517256704245,0.45005702567820716,0.48611651185289834,0.0,0.7632685300471925,0.0,,,EXPLOIT
1629,44,,,0,1,1,0,common,1.0,0.24637886841457812,0.6025674818880044,0.41419521882140226,0.0,0.7680865530338074,0.0,,,EXPLOIT
1630,44,,,0,0,0,1,common,1.0,0.7326971378314224,0.6778617178789976,0.5097457945244083,0.0,0.7726670278262352,0.0,,,EXPLOIT
1631,44,,,0,1,1,0,common,1.0,0.16014626446947577,0.6527304822025264,0.40486593550792854,0.0,0.7598950623171703,0.0,,,EXPLOIT
1632,44,,,0,0,1,0,rare,0.0,0.8959049280948408,0.6866314148616799,0.5521776332840023,0.0,0.7648827553494129,0.0,,,EXPLOIT
1633,44,,,0,1,0,1,rare,1.0,0.4762531395904246,0.5777223682789525,0.529400285175929,0.0,0.7512849366397419,0.0,,,EXPLOIT
1634,44,,,0,1,1,1,common,1.0,0.39788864045292627,0.4641089754130603,0.4899467917590281,0.0,0.7361796766002253,0.0,,,EXPLOIT
1635,44,,,0,1,1,1,common,0.0,0.7413723837055979,0.38854274416034185,0.5653744693429991,0.0,0.7424375785574776,0.0,,,EXPLOIT
1636,44,,,0,1,1,0,common,1.0,0.41766179673835346,0.6333794123224383,0.5210606675616054,0.0,0.7263069707917819,0.0,,,EXPLOIT
1637,44,,,0,1,1,1,common,0.0,0.4818920494086386,0.5089206652922935,0.5093100821157154,0.0,0.7082158655575729,0.0,,,EXPLOIT
1638,44,,,0,1,1,1,common,0.0,0.3132298321156151,0.6771859411496551,0.4504860071156853,0.0,0.6877848209704197,0.0,,,EXPLOIT
1639,44,,,0,0,0,0,common,0.0,0.18096482230555322,0.6833262088398331,0.36962965167264566,0.0,0.6970514045125392,0.0,,,EXPLOIT
1640,44,,,0,0,0,1,common,1.0,0.30956454073377593,0.6863406566090832,0.3516101183909847,0.0,0.7056989458030962,0.0,,,EXPLOIT
1641,44,,,0,0,0,1,common,1.0,0.2012169514769544,0.6138233207528685,0.3064921683167756,0.0,0.7137870760453519,0.0,,,EXPLOIT
1642,44,,,0,0,1,0,rare,1.0,0.2714801678799298,0.46999027112071046,0.29598856818572183,0.0,0.7213680062021587,0.0,,,EXPLOIT
1643,44,,,0,1,0,1,rare,0.0,0.8692089815399796,0.37113846511463144,0.46795469219199914,0.0,0.7284876463623077,0.0,,,EXPLOIT
1644,44,,,0,0,0,1,common,0.0,0.5649858380009868,0.2883395295117883,0.4970640359346954,0.0,0.7351865284094494,0.0,,,EXPLOIT
1645,44,,,0,1,1,0,common,0.0,0.8235378908780456,0.5233330702462562,0.5950061924177005,0.0,0.7415005711709698,0.0,,,EXPLOIT
1646,44,,,0,0,0,1,common,1.0,0.6327592052993586,0.46312017634543035,0.6063320962821979,0.0,0.7252593047891216,0.0,,,EXPLOIT
1647,44,,,0,1,1,1,common,0.0,0.20359939087514983,0.31798166934060235,0.48551228466008345,0.0,0.7070367778989728,0.0,,,EXPLOIT
1648,44,,,0,0,0,1,common,1.0,0.41129348344458316,0.2846883668724215,0.4632466442954334,0.0,0.7150399434570812,0.0,,,EXPLOIT
1649,44,,,0,0,0,1,common,1.0,0.2673407642389791,0.21182673661520907,0.4044748802784971,0.0,0.7225436957536281,0.0,,,EXPLOIT
1650,44,,,0,0,1,0,rare,1.0,0.4647003709292703,0.17276555150775416,0.422542527473729,0.0,0.7295930216805366,0.0,,,EXPLOIT
1651,44,,,0,0,1,0,rare,1.0,0.3020552411040257,0.15071022114702562,0.386396341562818,0.0,0.7362276627953016,0.0,,,EXPLOIT
1652,44,,,0,0,1,0,rare,1.0,0.1963359067176167,0.13769673443410524,0.3293782111092576,0.0,0.742482858165316,0.0,,,EXPLOIT
1653,44,,,0,0,0,1,common,0.0,0.8262285032446636,0.12976905589938312,0.47843329874987933,0.0,0.7483899644474055,0.0,,,EXPLOIT
1654,44,,,0,0,0,1,common,1.0,0.4629514728909687,0.32902460239825204,0.4737887509922061,0.0,0.7539769762380023,0.0,,,EXPLOIT
1655,44,,,0,0,1,0,rare,1.0,0.12761833936645084,0.23496046275402935,0.36993762750447945,0.0,0.7592689649185207,0.0,,,EXPLOIT
1656,44,,,0,0,0,1,common,0.0,0.6990815426208703,0.18539071913538865,0.46868080203939666,0.0,0.7642884505112151,0.0,,,EXPLOIT
1657,44,,,0,0,1,0,rare,1.0,0.082951920588193,0.39480152067873375,0.35296213760403555,0.0,0.7690557181797577,0.0,,,EXPLOIT
1658,44,,,0,0,0,1,common,0.0,0.4544030027035657,0.26928962249373534,0.38339439713389456,0.0,0.7735890887554846,0.0,,,EXPLOIT
1659,44,,,0,1,1,0,common,0.0,0.9460812516176745,0.47334695430013407,0.5522004534790286,0.0,0.777905150896324,0.0,,,EXPLOIT
1660,44,,,0,0,0,0,common,0.0,0.11762713449860959,0.44770830013858576,0.42182845778490285,0.0,0.765673786189749,0.0,,,EXPLOIT
1661,44,,,0,0,0,1,common,1.0,0.7046380482426823,0.5861232310530019,0.5066713349222367,0.0,0.7703725173801323,0.0,,,EXPLOIT
1662,44,,,0,0,1,0,rare,1.0,0.38504718644851155,0.37324883405930837,0.4701840903801191,0.0,0.757359918665477,0.0,,,EXPLOIT
1663,44,,,0,0,0,0,common,0.0,0.07645763742409624,0.2512145230655804,0.35206615449331224,0.0,0.7624769282169608,0.0,,,EXPLOIT
1664,44,,,0,0,0,1,common,1.0,0.4580147313577435,0.44903704257639776,0.3838507275526416,0.0,0.7673345179947971,0.0,,,EXPLOIT
1665,44,,,0,0,0,0,common,1.0,0.9503025356743374,0.29084884964772206,0.5537862699891503,0.0,0.7719517007723553,0.0,,,EXPLOIT
1666,44,,,0,0,0,1,common,0.0,0.7022904246174667,0.20914803226713824,0.5983375163776452,0.0,0.759104966951861,0.0,,,EXPLOIT
1667,44,,,0,0,0,0,common,0.0,0.3823033518116807,0.4102823139770671,0.5335272670078558,0.0,0.7448767276974266,0.0,,,EXPLOIT
1668,44,,,0,0,0,1,common,0.0,0.4564887760013534,0.5641735693237967,0.510415719705905,0.0,0.7290323202841741,0.0,,,EXPLOIT
1669,44,,,0,1,1,0,common,1.0,0.2502806711915325,0.6453470376587036,0.4323752051515933,0.0,0.7112807463606736,0.0,,,EXPLOIT
1670,44,,,0,1,0,1,rare,1.0,0.7032822955991203,0.6367347654471269,0.5136473322858514,0.0,0.7190171874649995,0.0,,,EXPLOIT
1671,44,,,0,0,0,1,common,0.0,0.5428665078605718,0.4631211393490593,0.5224130849582674,0.0,0.7000012461391989,0.0,,,EXPLOIT
1672,44,,,0,0,0,0,common,0.0,0.24849717867759244,0.3974841100838304,0.4402383130740649,0.0,0.6784580088634019,0.0,,,EXPLOIT
1673,44,,,0,1,1,0,common,1.0,0.1626824362744962,0.35651871997845114,0.3569715500341943,0.0,0.6883680479308241,0.0,,,EXPLOIT
1674,44,,,0,1,1,0,common,1.0,0.1057435835784225,0.2510284377479175,0.2816031600974627,0.0,0.6975950735472514,0.0,,,EXPLOIT
1675,44,,,0,1,0,0,rare,1.0,0.838476833859565,0.1954806185578551,0.4486652622260934,0.0,0.7062069243375702,0.0,,,EXPLOIT
1676,44,,,0,1,1,0,common,1.0,0.06873332932597465,0.16493674896010302,0.3346856823560578,0.0,0.7142627433414427,0.0,,,EXPLOIT
1677,44,,,0,1,0,1,rare,1.0,0.6471367698906283,0.14730026528773882,0.42842100861642896,0.0,0.7218143280195808,0.0,,,EXPLOIT
1678,44,,,0,1,0,1,rare,1.0,0.4206389004289084,0.13672188965350762,0.42608637616017275,0.0,0.7289072363249858,0.0,,,EXPLOIT
1679,44,,,0,1,1,0,common,0.0,0.9553233359381165,0.1302043080681697,0.5848574640935558,0.0,0.7355816987590328,0.0,,,EXPLOIT
1680,44,,,0,1,1,1,common,0.0,0.1323396040688474,0.33171683754080683,0.4491021060861432,0.0,0.7186322527539186,0.0,,,EXPLOIT
1681,44,,,0,1,0,1,rare,1.0,0.27341528527879044,0.5235017226474349,0.39639605984393733,0.0,0.72591678361973,0.0,,,EXPLOIT
1682,44,,,0,0,1,0,rare,1.0,0.37903983164022426,0.34305973830159064,0.3911891913828234,0.0,0.7327662044319727,0.0,,,EXPLOIT
1683,44,,,0,0,0,1,common,0.0,0.8222800645687862,0.6134188024233289,0.5205164533386122,0.0,0.7392180524131086,0.0,,,EXPLOIT
1684,44,,,0,0,0,0,common,0.0,0.45499005799128284,0.49641907152706355,0.5008585347344133,0.0,0.7227055653491836,0.0,,,EXPLOIT
1685,44,,,0,1,0,0,rare,0.0,0.2957435376943338,0.4136599381602093,0.4393240356223895,0.0,0.7041605932859224,0.0,,,EXPLOIT
1686,44,,,0,1,0,0,rare,1.0,0.807766700498683,0.5989304971597913,0.5498568350852775,0.0,0.7123469468697022,0.0,,,EXPLOIT
1687,44,,,0,1,1,0,common,0.0,0.7536241094338543,0.4188911535596699,0.6109870173898505,0.0,0.692463454419688,0.0,,,EXPLOIT
1688,44,,,0,1,0,1,rare,1.0,0.46551795803028895,0.6017948792966781,0.567346299581982,0.0,0.669872165015334,0.0,,,EXPLOIT
1689,44,,,0,1,0,1,rare,1.0,0.30258667271968787,0.4211064304934004,0.48791841152329374,0.0,0.6439809315149612,0.0,,,EXPLOIT
1690,44,,,0,0,1,0,rare,1.0,0.5101443288679948,0.30688435805336534,0.49458618672670407,0.0,0.656445924993445,0.0,,,EXPLOIT
1691,44,,,0,1,1,0,common,1.0,0.3315938137641965,0.5553694542079098,0.44568847483795176,0.0,0.6679552693266582,0.0,,,EXPLOIT
1692,44,,,0,1,0,1,rare,1.0,0.19668133726779713,0.4775079538382803,0.37098633356690536,0.0,0.678614288377952,0.0,,,EXPLOIT
1693,44,,,0,0,0,1,common,1.0,0.12784286922406818,0.42573111623273935,0.2980432942640542,0.0,0.6885133776271884,0.0,,,EXPLOIT
1694,44,,,0,1,1,0,common,1.0,0.2155359789467277,0.5884660444843125,0.27329109966885623,0.0,0.6977305585693883,0.0,,,EXPLOIT
1695,44,,,0,1,1,0,common,1.0,0.14009838631537308,0.5581979220534719,0.23333328566281128,0.0,0.7063335259684855,0.0,,,EXPLOIT
1696,44,,,0,1,1,0,common,0.0,0.9089360488950075,0.5374991106894216,0.43601411463247014,0.0,0.7143813016724032,0.0,,,EXPLOIT
1697,44,,,0,1,1,0,common,1.0,0.4091915682182452,0.6913593793597158,0.4279673507082027,0.0,0.721925580464032,0.0,,,EXPLOIT
1698,44,,,0,1,1,1,common,1.0,0.9139792573552492,0.672400542263363,0.5737709227023167,0.0,0.7290118328393854,0.0,,,EXPLOIT
1699,44,,,0,0,1,1,rare,1.0,0.594086517280912,0.626320749441909,0.5798656010758952,0.0,0.7112577191518276,0.0,,,EXPLOIT
1700,44,,,0,1,1,1,common,0.0,0.6138437637674072,0.6842750731416162,0.5900590498833488,0.0,0.691230617962597,0.0,,,EXPLOIT
1701,44,,,0,1,1,0,common,0.0,0.7340254806581406,0.5998384675673517,0.6332489791157863,0.0,0.6684654027756467,0.0,,,EXPLOIT
1702,44,,,0,0,1,0,rare,1.0,0.5228834375722087,0.43661532700499295,0.6001393166527129,0.0,0.642360751275691,0.0,,,EXPLOIT
1703,44,,,0,1,0,1,rare,0.0,0.9169021350043557,0.36741113802910746,0.6951681621582058,0.0,0.6121253576730259,0.0,,,EXPLOIT
1704,44,,,0,0,0,0,common,0.0,0.47495164467585604,0.2708621634399766,0.6291032069135009,0.0,0.5766964682179183,0.0,,,EXPLORE
1705,44,,,0,0,1,1,rare,0.0,0.3989984464488147,0.5208270924223304,0.560071778774095,0.0,0.5346125664734864,0.0,,,EXPLOIT
1706,44,,,0,0,1,0,rare,1.0,0.33987423442193565,0.660697973781555,0.49401251546844716,0.0,0.48380698528506233,0.0,,,EXPLORE
1707,44,,,0,1,1,0,common,1.0,0.22091825237425822,0.4942722048329985,0.41208423654019044,0.0,0.511691866150382,0.0,,,EXPLORE
1708,44,,,0,0,0,1,common,0.0,0.5959863877528312,0.6791741666948858,0.4672548819039826,0.0,0.5364808945177767,0.0,,,EXPLOIT
1709,44,,,0,1,1,0,common,1.0,0.14359686404326788,0.6650455811106162,0.3701574765457682,0.0,0.5586614590512886,0.0,,,EXPLORE
1710,44,,,0,0,0,0,common,0.0,0.30871856903930645,0.5450670798743189,0.35172580429382966,0.0,0.57862374223658,0.0,,,EXPLOIT
1711,44,,,0,1,0,0,rare,0.0,0.2006670698755492,0.4275741555938284,0.3064081839683455,0.0,0.5966838033243944,0.0,,,EXPLOIT
1712,44,,,0,1,1,0,common,0.0,0.9066620383718759,0.6245627034255529,0.48648434028940457,0.0,0.6131003818656073,0.0,,,EXPLOIT
1713,44,,,0,0,0,1,common,1.0,0.6126088479606597,0.6902081391868793,0.5243216925907811,0.0,0.6280873283330837,0.0,,,EXPLORE
1714,44,,,0,0,1,0,rare,1.0,0.41066967505828067,0.601120267177992,0.4902260873310309,0.0,0.5954553808167573,0.0,,,EXPLORE
1715,44,,,0,0,0,0,common,1.0,0.8695664045808931,0.4557104293148341,0.6040281825059894,0.0,0.6119814034502984,0.0,,,EXPLOIT
1716,44,,,0,0,0,1,common,0.0,0.6018042488255712,0.3586527602876093,0.6033610024018639,0.0,0.5765267245529244,0.0,,,EXPLORE
1717,44,,,0,0,0,1,common,1.0,0.6088272382633787,0.5972838635344877,0.6050008731603183,0.0,0.5344094385217157,0.0,,,EXPLORE
1718,44,,,0,0,1,0,rare,1.0,0.2669352887878824,0.4527175541714379,0.5035811978485875,0.0,0.48355957461954713,0.0,,,EXPLORE
1719,44,,,0,1,1,0,common,1.0,0.17350793771212358,0.3568442648159725,0.4045592198076483,0.0,0.4209506247944814,0.0,,,EXPLORE
1720,44,,,0,1,1,0,common,1.0,0.11278015951288034,0.5742833048205567,0.3170255017192179,0.0,0.4564327483467108,0.0,,,EXPLOIT
1721,44,,,0,0,0,1,common,0.0,0.6042622951288038,0.6745505501344389,0.40319653974209363,0.0,0.4875216057994522,0.0,,,EXPLOIT
1722,44,,,0,1,1,0,common,1.0,0.07330710368337223,0.6316675706954354,0.3042297089244772,0.0,0.5149842597984964,0.0,,,EXPLORE
1723,44,,,0,0,0,1,common,1.0,0.6072295081662775,0.5522899460018063,0.3951296486970173,0.0,0.5394190230771156,0.0,,,EXPLOIT
1724,44,,,0,1,1,0,common,0.0,0.9523503826058081,0.6662057391982692,0.5622958688696544,0.0,0.5612994444789117,0.0,,,EXPLORE
1725,44,,,0,1,1,0,common,1.0,0.3809722513062248,0.6423371450646038,0.5078987836006256,0.0,0.516128541104487,0.0,,,EXPLORE
1726,44,,,0,1,1,0,common,0.0,0.7523680366509539,0.6931221771227809,0.581239559515724,0.0,0.4612062936625614,0.0,,,EXPLORE
1727,44,,,0,1,1,0,common,1.0,0.51096077617688,0.5916606129515011,0.5601559245140708,0.0,0.3929968630038888,0.0,,,EXPLORE
1728,44,,,0,0,0,1,common,0.0,0.6053008196919196,0.6891698508033304,0.5736993930674255,0.0,0.306019926796916,0.0,,,EXPLORE
1729,44,,,0,1,1,0,common,1.0,0.332124504514972,0.6222282278803799,0.5012269265016894,0.0,0.1913009399462603,0.0,,,EXPLORE
1730,44,,,0,0,0,1,common,0.0,0.39344553279974775,0.5229564993435845,0.4688925083911069,0.0,0.09090909090909093,0.0,,,EXPLORE
1731,44,,,0,1,0,0,rare,0.0,0.4347818370224195,0.38485199937639253,0.45865930698050067,0.0,0.17965545529122232,0.0,,,EXPLORE
1732,44,,,0,1,0,1,rare,1.0,0.7442604036801639,0.6131326574340183,0.5443396359903996,0.0,0.25195053896963665,0.0,,,EXPLORE
1733,44,,,0,0,1,0,rare,0.0,0.7841190720652682,0.46685251542018746,0.6162734668128602,0.0,0.117731574948835,0.0,,,EXPLORE
1734,44,,,0,0,0,1,common,1.0,0.4837692623921066,0.3775143013705147,0.5765222054866341,0.0,0.09090909090909093,0.0,,,EXPLORE
1735,44,,,0,1,1,0,common,1.0,0.4903226031575756,0.618061830122292,0.5506623247879165,0.0,0.09090909090909093,0.0,,,EXPLORE
1736,44,,,0,0,0,1,common,1.0,0.31445002055486926,0.5275802365481967,0.47979863351800234,0.0,0.09090909090909093,0.0,,,EXPLORE
1737,44,,,0,0,1,1,rare,1.0,0.7406510098082704,0.6599667130806989,0.5580543464050827,0.0,0.17965545529122232,0.0,,,EXPLORE
1738,44,,,0,0,1,1,rare,1.0,0.4814231563753758,0.692905783758348,0.5350649893961705,0.0,0.09090909090909093,0.0,,,EXPLORE
1739,44,,,0,0,1,1,rare,0.0,0.6870749483560057,0.6842432205579876,0.580667977084121,0.0,0.09090909090909093,0.0,,,EXPLORE
1740,44,,,0,1,1,0,common,1.0,0.31870969205242416,0.5958672648923858,0.5020804915746119,0.0,0.09090909090909093,0.0,,,EXPLORE
1741,44,,,0,0,0,1,common,1.0,0.204392513360665,0.5355372346011071,0.4127740981104278,0.0,0.09090909090909093,0.0,,,EXPLORE
1742,44,,,0,1,1,0,common,1.0,0.20716129983407572,0.6495567712670139,0.35109025862752213,0.0,0.17965545529122232,0.0,,,EXPLORE
1743,44,,,0,0,1,0,rare,1.0,0.13465484489214918,0.6196795364512114,0.28615963450691023,0.0,0.25195053896963665,0.0,,,EXPLORE
1744,44,,,0,0,0,1,common,1.0,0.13285513368443225,0.6742511617074709,0.24016828426016684,0.0,0.31197800201026266,0.0,,,EXPLORE
1745,44,,,0,0,0,1,common,1.0,0.08635583689488091,0.6910452247168124,0.19402455005058106,0.0,0.3626137856372424,0.0,,,EXPLORE
1746,44,,,0,1,0,1,rare,1.0,0.0561312939816726,0.6929375058045801,0.15265657322990853,0.0,0.4059000327452924,0.0,,,EXPLOIT
1747,44,,,0,0,0,1,common,1.0,0.03648534108808721,0.6922580244134833,0.11780520358736213,0.0,0.4433268371345312,0.0,,,EXPLOIT
1748,44,,,0,0,0,1,common,1.0,0.02371547170725674,0.6930585821318493,0.08957828402333051,0.0,0.4760069778008542,0.0,,,EXPLOIT
1749,44,,,0,0,1,0,rare,1.0,0.08752564917989702,0.6919290940026026,0.08896249357030046,0.0,0.5047882362938754,0.0,,,EXPLOIT
1750,44,,,0,0,1,0,rare,1.0,0.05689167196693312,0.6905015985973697,0.07934124708929025,0.0,0.5303278475182935,0.0,,,EXPLOIT
1751,44,,,0,1,0,0,rare,0.0,0.2826081940645727,0.6892832407887679,0.14032133118187498,0.0,0.5531431856165939,0.0,,,EXPLOIT
1752,44,,,0,1,0,1,rare,0.0,0.9845849433902831,0.47623988744458523,0.39360041484439745,0.0,0.5736470880232013,0.0,,,EXPLOIT
1753,44,,,0,1,1,1,common,0.0,0.4465987164314037,0.295372484873198,0.4094999053204993,0.0,0.5921729883276855,0.0,,,EXPLORE
1754,44,,,0,0,1,0,rare,1.0,0.036979586778506546,0.20354795515343477,0.29774380975790143,0.0,0.6089931308257707,0.0,,,EXPLOIT
1755,44,,,0,0,1,0,rare,1.0,0.024036731406029244,0.2007366412733049,0.21563168625233975,0.0,0.6243319910980096,0.0,,,EXPLOIT
1756,44,,,0,0,0,1,common,1.0,0.36001978679631597,0.19892584168617394,0.2589481164155326,0.0,0.6383763127966292,0.0,,,EXPLOIT
1757,44,,,0,0,1,0,rare,1.0,0.015623875413918964,0.19775579926993547,0.1859508441150485,0.0,0.6512827158657106,0.0,,,EXPLOIT
1758,44,,,0,0,0,0,common,0.0,0.18369532614197226,0.19699821477628265,0.18527418872312562,0.0,0.6631835351894628,0.0,,,EXPLOIT
1759,44,,,0,0,0,1,common,1.0,0.23401286141760536,0.46187770068450595,0.19989579053146955,0.0,0.6741913519251206,0.0,,,EXPLOIT
1760,44,,,0,0,1,0,rare,0.0,0.9898444809809527,0.3546656456268875,0.4368803976663145,0.0,0.6844025467383026,0.0,,,EXPLOIT
1761,44,,,0,1,1,0,common,0.0,0.6433989126376193,0.5878306216245115,0.49883595215770593,0.0,0.6939001126991532,0.0,,,EXPLOIT
1762,44,,,0,0,0,1,common,0.0,0.8478916400785566,0.5121254211925297,0.603552658533961,0.0,0.7027559017630366,0.0,,,EXPLOIT
1763,44,,,0,0,0,0,common,0.0,0.11940196199228197,0.6457136464255795,0.4583074495714573,0.0,0.6815890980756415,0.0,,,EXPLOIT
1764,44,,,0,1,1,1,common,0.0,0.2902891656804124,0.6893360623334641,0.40790196440414384,0.0,0.6912808472510085,0.0,,,EXPLOIT
1765,44,,,0,1,1,1,common,0.0,0.18868795769226807,0.6725375604763092,0.3421377623905811,0.0,0.7003115074030488,0.0,,,EXPLOIT
1766,44,,,0,0,0,1,common,1.0,0.4488704339489382,0.6550035534203724,0.3741575638580882,0.0,0.7087460765744586,0.0,,,EXPLOIT
1767,44,,,0,0,1,0,rare,1.0,0.5817907067855475,0.4377819893350188,0.43644750673632593,0.0,0.716641302800945,0.0,,,EXPLOIT
1768,44,,,0,0,1,0,rare,1.0,0.3781639594106059,0.28940438614655883,0.41896244253860987,0.0,0.724046952801457,0.0,,,EXPLOIT
1769,44,,,0,0,1,0,rare,0.0,0.7541934263831062,0.21205989343132897,0.5195317376919587,0.0,0.731006853534354,0.0,,,EXPLOIT
1770,44,,,0,0,1,0,rare,1.0,0.509774272850981,0.4186172849554154,0.5166044982396654,0.0,0.7134991602931015,0.0,,,EXPLOIT
1771,44,,,0,0,0,1,common,1.0,0.2917657820668098,0.27917552518233585,0.4491528833878087,0.0,0.6937669872594276,0.0,,,EXPLOIT
1772,44,,,0,0,0,1,common,1.0,0.1896477583434264,0.20673394811349355,0.371301345874494,0.0,0.7026316252403647,0.0,,,EXPLOIT
1773,44,,,0,0,0,1,common,0.0,0.8767289570767729,0.16809013570245496,0.5229296292351776,0.0,0.71091615781995,0.0,,,EXPLOIT
1774,44,,,0,0,0,1,common,1.0,0.43012617790009755,0.3726072253109034,0.4950885938346536,0.0,0.6908439112374885,0.0,,,EXPLOIT
1775,44,,,0,0,0,1,common,0.0,0.7204179843649365,0.2550809975552366,0.5626874109937384,0.0,0.6999038999866465,0.0,,,EXPLOIT
1776,44,,,0,0,1,0,rare,1.0,0.3313532773531377,0.45796189784619745,0.49328717090155816,0.0,0.6783472957439478,0.0,,,EXPLOIT
1777,44,,,0,0,0,1,common,1.0,0.5317283101627912,0.3003539643334626,0.504819512679928,0.0,0.6882650954559935,0.0,,,EXPLOIT
1778,44,,,0,0,1,0,rare,0.0,0.7846203697204605,0.2177412968861784,0.5887597697920877,0.0,0.6650786109917894,0.0,,,EXPLOIT
1779,44,,,0,0,1,1,rare,0.0,0.12264717249997424,0.4241006050431496,0.44892599060445365,0.0,0.63845631892933,0.0,,,EXPLOIT
1780,44,,,0,0,0,1,common,1.0,0.3456234016058144,0.5774623377845223,0.4179352139048619,0.0,0.6513563698145567,0.0,,,EXPLOIT
1781,44,,,0,1,0,1,rare,0.0,0.7753447889562206,0.3724766214544132,0.5251580864202694,0.0,0.6632515611881036,0.0,,,EXPLOIT
1782,44,,,0,0,0,0,common,0.0,0.07761127529498328,0.3516859394226881,0.39089404308268355,0.0,0.6363477677870192,0.0,,,EXPLOIT
1783,44,,,0,0,1,0,rare,1.0,0.48999675968170076,0.5242285666026424,0.4206248580623887,0.0,0.6494157231497156,0.0,,,EXPLOIT
1784,44,,,0,0,0,1,common,0.0,0.5039741128215434,0.33127992178966603,0.44562963449013504,0.0,0.6614596207818019,0.0,,,EXPLOIT
1785,44,,,0,1,1,0,common,1.0,0.31849789379310556,0.5099121268351416,0.40749011228102616,0.0,0.6725947547928884,0.0,,,EXPLOIT
1786,44,,,0,0,1,0,rare,1.0,0.20702363096551868,0.6931393103510612,0.34735016788637385,0.0,0.6829197384782724,0.0,,,EXPLOIT
1787,44,,,0,0,0,1,common,1.0,0.6724168266659968,0.606219804454417,0.4448701655202607,0.0,0.6925194157640243,0.0,,,EXPLOIT
1788,44,,,0,0,0,0,common,0.0,0.05044732894173913,0.4894528452106284,0.3265433145467042,0.0,0.7014671834291809,0.0,,,EXPLOIT
1789,44,,,0,1,0,1,rare,1.0,0.4370709373328979,0.6734363166872033,0.3597016013825623,0.0,0.7098268586880394,0.0,,,EXPLOIT
1790,44,,,0,1,0,0,rare,0.0,0.03279076381213043,0.6666219940408726,0.2616283501114327,0.0,0.7176541926944584,0.0,,,EXPLOIT
1791,44,,,0,0,0,1,common,0.0,0.7159038907336164,0.6764210647740224,0.3979110122980878,0.0,0.7249981058878121,0.0,,,EXPLOIT
1792,44,,,0,1,0,0,rare,0.0,0.021313996477884782,0.6817651900884988,0.2849319075520269,0.0,0.7319017030493637,0.0,,,EXPLOIT
1793,44,,,0,1,1,0,common,1.0,0.13456536012758713,0.6860112839132404,0.23982194332469495,0.0,0.7384031125759012,0.0,,,EXPLOIT
1794,44,,,0,1,1,0,common,1.0,0.08746748408293159,0.6179051583463672,0.19411560555216592,0.0,0.7445361844891194,0.0,,,EXPLOIT
1795,44,,,0,1,1,0,common,1.0,0.05685386465390552,0.47783639223086954,0.1529370832826878,0.0,0.750331074163876,0.0,,,EXPLOIT
1796,44,,,0,1,1,0,common,0.0,0.9630449879749614,0.3801942341650444,0.39596945469036987,0.0,0.7558147330245221,0.0,,,EXPLOIT
1797,44,,,0,1,0,1,rare,0.0,0.46533752897685066,0.6161299415380119,0.41677987697631413,0.0,0.761011323059877,0.0,,,EXPLOIT
1798,44,,,0,0,0,1,common,1.0,0.697530606165047,0.692038686044558,0.501005095732934,0.0,0.7659425686073008,0.0,,,EXPLOIT
1799,44,,,0,0,0,1,common,1.0,0.4533948940072806,0.6070205474159608,0.48672203521523794,0.0,0.7524587721790539,0.0,,,EXPLOIT
1800,44,,,0,0,0,1,common,0.0,0.7052933188952676,0.4762511750877579,0.5522934203192469,0.0,0.7578301857474895,0.0,,,EXPLOIT
1801,44,,,0,1,1,0,common,1.0,0.3740207578162751,0.6626729863996395,0.4988116215683553,0.0,0.7434608467899267,0.0,,,EXPLOIT
1802,44,,,0,0,0,1,common,1.0,0.541559342718076,0.6707133459676771,0.5116359379132714,0.0,0.749314378590808,0.0,,,EXPLOIT
1803,44,,,0,0,1,0,rare,1.0,0.2431134925805788,0.6800400245347668,0.4310792043134636,0.0,0.7339837932876077,0.0,,,EXPLOIT
1804,44,,,0,0,0,1,common,1.0,0.3520135727667495,0.6163025540270721,0.4073595148494493,0.0,0.7403661405679156,0.0,,,EXPLOIT
1805,44,,,0,0,0,1,common,0.0,0.7711911777016128,0.5547625386443564,0.5165090137050983,0.0,0.74638998746737,0.0,,,EXPLOIT
1806,44,,,0,0,0,1,common,1.0,0.49872573449395163,0.6927311918307126,0.5111740299417542,0.0,0.7307217919397945,0.0,,,EXPLOIT
1807,44,,,0,0,0,1,common,1.0,0.3241717274210686,0.6545236305497009,0.4550733391855485,0.0,0.7131789993674382,0.0,,,EXPLOIT
1808,44,,,0,0,0,1,common,1.0,0.2107116228236946,0.5874700882558164,0.38176482427699227,0.0,0.7207975220223062,0.0,,,EXPLOIT
1809,44,,,0,0,1,0,rare,0.0,0.8419762298226238,0.53312634669797,0.5198282459406817,0.0,0.727951399653953,0.0,,,EXPLOIT
1810,44,,,0,0,0,0,common,1.0,0.9861459022893749,0.6931381756725767,0.6597235428452897,0.0,0.7100655665235011,0.0,,,EXPLOIT
1811,44,,,0,0,0,1,common,1.0,0.13696255483540154,0.6487126489090123,0.5028952464423232,0.0,0.6898806609032181,0.0,,,EXPLOIT
1812,44,,,0,1,1,1,common,1.0,0.9202793378750167,0.5820111592231632,0.6281104738721313,0.0,0.6669241849420058,0.0,,,EXPLOIT
1813,44,,,0,0,0,1,common,1.0,0.08902566064301098,0.673875462546067,0.46638502990339514,0.0,0.6405846445175639,0.0,,,EXPLORE
1814,44,,,0,0,0,1,common,0.0,0.9421333205820429,0.6429055714491544,0.6091095171069895,0.0,0.653316256983126,0.0,,,EXPLOIT
1815,44,,,0,0,1,0,rare,1.0,0.4527154506152946,0.6522425240449012,0.562191297159481,0.0,0.6248539602719811,0.0,,,EXPLORE
1816,44,,,0,0,0,1,common,1.0,0.38761334162167205,0.6931254121381053,0.5098179104981383,0.0,0.591665447607354,0.0,,,EXPLOIT
1817,44,,,0,1,0,0,rare,1.0,0.6409948364880937,0.6733968431805715,0.5491709882951249,0.0,0.5524690955700187,0.0,,,EXPLORE
1818,44,,,0,1,1,0,common,0.0,0.7057349571000585,0.6931379831705984,0.596140178936605,0.0,0.5054738437975798,0.0,,,EXPLORE
1819,44,,,0,0,0,1,common,1.0,0.2519486720540869,0.5509735405036964,0.49288272687184953,0.0,0.4480981435338758,0.0,,,EXPLORE
1820,44,,,0,0,0,0,common,0.0,0.5833533562827391,0.49612093303408833,0.5200239156951164,0.0,0.48019468760825307,0.0,,,EXPLORE
1821,44,,,0,0,0,1,common,1.0,0.16376663683515646,0.6895633216338539,0.41314673203712843,0.0,0.4167597195273216,0.0,,,EXPLORE
1822,44,,,0,0,1,1,rare,0.0,0.40181843038123904,0.6248081880788866,0.4097482415403616,0.0,0.4527785143322439,0.0,,,EXPLORE
1823,44,,,0,1,0,0,rare,1.0,0.6208203184162195,0.6856441556543895,0.47306986460311895,0.0,0.48430734112535173,0.0,,,EXPLORE
1824,44,,,0,0,0,1,common,1.0,0.1064483139428517,0.6009424168442168,0.36308339940503875,0.0,0.5121351731232386,0.0,,,EXPLORE
1825,44,,,0,0,0,1,common,1.0,0.06919140406285362,0.6899633403977125,0.2749158008023832,0.0,0.5368763620902216,0.0,,,EXPLOIT
1826,44,,,0,0,0,1,common,0.0,0.9550255873591451,0.6803134416093646,0.47894873676941174,0.0,0.559016416065412,0.0,,,EXPLOIT
1827,44,,,0,1,1,0,common,1.0,0.5412722778849619,0.625188305598914,0.4976457991040768,0.0,0.5789440935472513,0.0,,,EXPLORE
1828,44,,,0,0,0,1,common,1.0,0.3792333682165556,0.5431045283409166,0.46212206983782045,0.0,0.5969743595691339,0.0,,,EXPLOIT
1829,44,,,0,1,1,0,common,0.0,0.6481730193747747,0.6632478049520362,0.5179373546989067,0.0,0.6133651016627495,0.0,,,EXPLOIT
1830,44,,,0,1,1,0,common,1.0,0.5786875374063964,0.6464254048483834,0.5361624095111536,0.0,0.5781578933965233,0.0,,,EXPLORE
1831,44,,,0,0,0,1,common,1.0,0.24650168934076122,0.6929063494733853,0.4492641934600358,0.0,0.5363608213204956,0.0,,,EXPLORE
1832,44,,,0,1,0,1,rare,1.0,0.1602260980714948,0.6728555282933137,0.3625527648434735,0.0,0.5585536926835213,0.0,,,EXPLOIT
1833,44,,,0,0,0,1,common,1.0,0.10414696374647159,0.6930454151563469,0.2850310245143729,0.0,0.5785264878845273,0.0,,,EXPLOIT
1834,44,,,0,0,0,1,common,0.0,0.9323044735647935,0.6844719662115166,0.479213059229499,0.0,0.5965955989373343,0.0,,,EXPLOIT
1835,44,,,0,0,1,0,rare,1.0,0.3761468993141577,0.5928748503438048,0.44829321125489663,0.0,0.6130200244649968,0.0,,,EXPLORE
1836,44,,,0,1,1,0,common,1.0,0.24449548455420245,0.6796351615073006,0.38715389324468835,0.0,0.6280138190710876,0.0,,,EXPLOIT
1837,44,,,0,0,1,0,rare,1.0,0.15892206496023165,0.6481304730239423,0.3186843447593513,0.0,0.6417554369314752,0.0,,,EXPLOIT
1838,44,,,0,1,1,0,common,1.0,0.1032993422241506,0.6873933573117409,0.2540688439987911,0.0,0.6543948374642092,0.0,,,EXPLOIT
1839,44,,,0,0,0,0,common,0.0,0.5964667930294573,0.6736161255739759,0.35678822870799093,0.0,0.666058954421899,0.0,,,EXPLOIT
1840,44,,,0,1,0,1,rare,1.0,0.3940020921828842,0.46613045242660184,0.3679523877504589,0.0,0.6768559519089317,0.0,,,EXPLOIT
1841,44,,,0,1,0,1,rare,1.0,0.2561013599188747,0.43938956019216535,0.3343970794009837,0.0,0.6868785700439783,0.0,,,EXPLOIT
1842,44,,,0,1,1,0,common,1.0,0.06714457244569794,0.42212479151355337,0.25422132731439795,0.0,0.6962067796249493,0.0,,,EXPLOIT
1843,44,,,0,1,1,0,common,1.0,0.04364397208970361,0.4109884059381778,0.19104812074698962,0.0,0.7049099067570367,0.0,,,EXPLOIT
1844,44,,,0,1,1,0,common,1.0,0.028368581858307373,0.4037950693052633,0.14224425908038493,0.0,0.7130483469341047,0.0,,,EXPLOIT
1845,44,,,0,1,0,1,rare,1.0,0.16646588394726858,0.3991408866560706,0.14951074654045002,0.0,0.7206749582383937,0.0,,,EXPLOIT
1846,44,,,0,1,1,0,common,1.0,0.018439578207899765,0.39612536068208065,0.11018939604068494,0.0,0.7278362016199001,0.0,,,EXPLOIT
1847,44,,,0,1,1,0,common,0.0,0.9880142741648652,0.39416952785706383,0.37353685947793897,0.0,0.7345730802497014,0.0,,,EXPLOIT
1848,44,,,0,1,0,0,rare,0.0,0.3877034154691472,0.6661943280075828,0.3777868262753014,0.0,0.7409219180742906,0.0,,,EXPLOIT
1849,44,,,0,1,0,1,rare,1.0,0.10820282456572461,0.6699974670564943,0.29691162576242836,0.0,0.7469150087934034,0.0,,,EXPLOIT
1850,44,,,0,1,1,0,common,1.0,0.35779072179283755,0.6758235753233912,0.3151753545715511,0.0,0.752581159742253,0.0,,,EXPLOIT
1851,44,,,0,1,1,0,common,1.0,0.2325639691653444,0.600802406447436,0.29039193894968907,0.0,0.7579461500120852,0.0,,,EXPLOIT
1852,44,,,0,0,0,1,common,0.0,0.929668164032279,0.5313158241718996,0.48217480647446603,0.0,0.7630331181821794,0.0,,,EXPLOIT
1853,44,,,0,0,1,0,rare,0.0,0.8488334200425262,0.36812207508576406,0.592172390544884,0.0,0.7678628919656988,0.0,,,EXPLOIT
1854,44,,,0,1,1,1,common,0.0,0.2611819797478054,0.2740646382932923,0.4928752673057604,0.0,0.754584424434138,0.0,,,EXPLOIT
1855,44,,,0,1,1,0,common,1.0,0.448258276972358,0.521306403748811,0.4794901702057397,0.0,0.7598447901130103,0.0,,,EXPLOIT
1856,44,,,0,1,0,0,rare,0.0,0.2520072200549457,0.38098576283887414,0.4112452851605015,0.0,0.7648350324164276,0.0,,,EXPLOIT
1857,44,,,0,1,1,0,common,0.0,0.7086321199679673,0.5940397190016429,0.5004613356027412,0.0,0.7695752036228195,0.0,,,EXPLOIT
1858,44,,,0,1,0,0,rare,0.0,0.1638046930357147,0.6822462644627861,0.3994643428326332,0.0,0.756478440957805,0.0,,,EXPLOIT
1859,44,,,0,0,1,0,rare,0.0,0.46061087797917877,0.6913431123271996,0.4178083033765968,0.0,0.7616407779547433,0.0,,,EXPLOIT
1860,44,,,0,1,1,0,common,1.0,0.7006029293135339,0.6885123149218588,0.5026466911576779,0.0,0.7665403258337967,0.0,,,EXPLOIT
1861,44,,,0,1,0,1,rare,0.0,0.6042843066209813,0.5146343775587904,0.5331379757966689,0.0,0.7531206199019685,0.0,,,EXPLOIT
1862,44,,,0,1,1,0,common,0.0,0.5446080959462031,0.6421778587922631,0.5365790118415291,0.0,0.7382236941415963,0.0,,,EXPLOIT
1863,44,,,0,1,1,0,common,0.0,0.353995262365032,0.6869960885259148,0.48180388699857996,0.0,0.7215923156213552,0.0,,,EXPLOIT
1864,44,,,0,1,1,0,common,0.0,0.2300969205372708,0.6927125756251273,0.40629179706018714,0.0,0.7286985151347789,0.0,,,EXPLOIT
1865,44,,,0,1,1,0,common,0.0,0.14956299834922604,0.6858829919122815,0.3292731574468988,0.0,0.7353851196262106,0.0,,,EXPLOIT
1866,44,,,0,1,1,1,common,1.0,0.8302317131639265,0.6771291445712322,0.47956072416200707,0.0,0.7416879175063353,0.0,,,EXPLOIT
1867,44,,,0,0,0,1,common,1.0,0.6072152006963621,0.5896316057823994,0.5178570671223135,0.0,0.7476387400447524,0.0,,,EXPLOIT
1868,44,,,0,0,0,1,common,1.0,0.3946898804526354,0.6863162089196684,0.48090691112141004,0.0,0.732115179163651,0.0,,,EXPLOIT
1869,44,,,0,0,0,0,common,1.0,0.8935269495267855,0.5797920367804084,0.6046929226430227,0.0,0.7386043335644583,0.0,,,EXPLOIT
1870,44,,,0,1,1,1,common,0.0,0.4603493864434478,0.4710915107241459,0.5613898617831502,0.0,0.7220185194282931,0.0,,,EXPLOIT
1871,44,,,0,0,1,1,rare,0.0,0.2992271011882411,0.3532609362848201,0.48274103360467746,0.0,0.7033862898486918,0.0,,,EXPLOIT
1872,44,,,0,0,0,1,common,1.0,0.25654842229421304,0.5848470860077108,0.4148832502115381,0.0,0.7116222943479599,0.0,,,EXPLOIT
1873,44,,,0,1,1,0,common,0.0,0.09721594892699692,0.4325838636252048,0.31958305982617574,0.0,0.7193374555845347,0.0,,,EXPLOIT
1874,44,,,0,0,1,1,rare,0.0,0.1944976157723567,0.3567243670755285,0.28205742661002997,0.0,0.7265793116913963,0.0,,,EXPLOIT
1875,44,,,0,1,1,1,common,1.0,0.8735765497479682,0.5623495190127789,0.45951316355141136,0.0,0.733389786799823,0.0,,,EXPLOIT
1876,44,,,0,1,1,1,common,0.0,0.4321752426638207,0.6924778022370414,0.4513117872851341,0.0,0.7398059960138614,0.0,,,EXPLOIT
1877,44,,,0,0,0,1,common,1.0,0.16675647449123843,0.6547603864820446,0.3659451934469654,0.0,0.7458609157386804,0.0,,,EXPLOIT
1878,44,,,0,0,0,1,common,1.0,0.10839170841930501,0.5078997253182362,0.2886791479386673,0.0,0.7515839449257472,0.0,,,EXPLOIT
1879,44,,,0,0,1,1,rare,1.0,0.7190860922685165,0.39433428493833245,0.41780123123762203,0.0,0.757001377397718,0.0,,,EXPLOIT
1880,44,,,0,1,0,1,rare,1.0,0.0704546104725483,0.32517692404357623,0.3135972450080999,0.0,0.7621368012661914,0.0,,,EXPLOIT
1881,44,,,0,0,1,1,rare,1.0,0.4674059599745357,0.5385535488836554,0.3597398594980306,0.0,0.767011438242461,0.0,,,EXPLOIT
1882,44,,,0,0,0,1,common,1.0,0.045795496807156444,0.49115573611506147,0.26555655069076833,0.0,0.771644433135909,0.0,,,EXPLOIT
1883,44,,,0,0,0,0,common,0.0,0.41920748280758946,0.45973750733561625,0.31165183032581467,0.0,0.7760531018677446,0.0,,,EXPLOIT
1884,44,,,0,0,0,1,common,0.0,0.9702329270753484,0.6847832784881963,0.5092261593506747,0.0,0.7802531447737723,0.0,,,EXPLOIT
1885,44,,,0,0,0,0,common,0.0,0.2724848638249332,0.6513403062149368,0.43820377069295224,0.0,0.7682601675616844,0.0,,,EXPLOIT
1886,44,,,0,0,0,1,common,1.0,0.36934859740102355,0.5529499203683408,0.4175472187053736,0.0,0.7728321874423807,0.0,,,EXPLOIT
1887,44,,,0,1,1,1,common,1.0,0.30381387398344817,0.6918186756007254,0.383427215288796,0.0,0.7771841848636273,0.0,,,EXPLOIT
1888,44,,,0,0,0,0,common,1.0,0.8228848385137935,0.6285537329683286,0.5152645022562952,0.0,0.7813314645454399,0.0,,,EXPLOIT
1889,44,,,0,0,0,1,common,0.0,0.7599234116893347,0.6925854560472378,0.588662175086207,0.0,0.7694471518715831,0.0,,,EXPLOIT
1890,44,,,0,0,0,0,common,0.0,0.4651248549660343,0.5767776493762448,0.5516009790501551,0.0,0.7563368458364387,0.0,,,EXPLOIT
1891,44,,,0,1,1,0,common,1.0,0.936809633197452,0.4411431782497763,0.6671635752943441,0.0,0.7418012915273028,0.0,,,EXPLOIT
1892,44,,,0,1,1,1,common,0.0,0.8025209819107587,0.35122549685751114,0.7077707972792684,0.0,0.7255955827919831,0.0,,,EXPLOIT
1893,44,,,0,1,1,1,common,1.0,0.4783613617580068,0.5941184651638923,0.6389479666228899,0.0,0.7074152939387334,0.0,,,EXPLOIT
1894,44,,,0,1,1,1,common,0.0,0.6890651148572956,0.4517388208893102,0.6539831110932116,0.0,0.6868772287699614,0.0,,,EXPLOIT
1895,44,,,0,0,0,1,common,0.0,0.4939502175980676,0.6448923688789016,0.6059732430446684,0.0,0.6634921810247699,0.0,,,EXPLOIT
1896,44,,,0,1,0,0,rare,1.0,0.6976688442720778,0.5737120272803489,0.6334819234128911,0.0,0.6366255513314567,0.0,,,EXPLOIT
1897,44,,,0,1,1,1,common,1.0,0.5521076753427578,0.4052393244647093,0.6090696489918511,0.0,0.605438997851854,0.0,,,EXPLORE
1898,44,,,0,0,1,1,rare,0.0,0.6411300110272073,0.3022064571963723,0.618687757602458,0.0,0.5688015344443668,0.0,,,EXPLORE
1899,44,,,0,1,1,1,common,0.0,0.4167345071676848,0.25491615892200165,0.558101782472026,0.0,0.5251496278757056,0.0,,,EXPLORE
1900,44,,,0,0,0,1,common,0.0,0.321067641438744,0.47393292961522204,0.4869915401620414,0.0,0.472258550923896,0.0,,,EXPLORE
1901,44,,,0,1,1,0,common,1.0,0.6089262615783438,0.43561697503500846,0.5235719565869321,0.0,0.5014752840441791,0.0,,,EXPLORE
1902,44,,,0,1,1,0,common,1.0,0.3958020700259235,0.29044916265957377,0.4852409906186295,0.0,0.4431635391216869,0.0,,,EXPLORE
1903,44,,,0,1,1,0,common,1.0,0.25727134551685027,0.21437763486251005,0.41685009708809573,0.0,0.4758637399307394,0.0,,,EXPLOIT
1904,44,,,0,1,0,0,rare,0.0,0.5465152512231495,0.17377429184897833,0.4557496433286118,0.0,0.5046615830537646,0.0,,,EXPLOIT
1905,44,,,0,0,0,0,common,0.0,0.3552349132950472,0.3815109183383296,0.4255952243185424,0.0,0.5302150622352045,0.0,,,EXPLOIT
1906,44,,,0,1,1,0,common,0.0,0.8327736254140473,0.35799340420403897,0.5477487446471938,0.0,0.5530421141148768,0.0,,,EXPLOIT
1907,44,,,0,0,0,0,common,1.0,0.7690973063582194,0.5302175745177544,0.6141533131605015,0.0,0.5061664463675167,0.0,,,EXPLORE
1908,44,,,0,0,0,1,common,1.0,0.7913060330648164,0.6924033042060678,0.667299129131796,0.0,0.4489520311053398,0.0,,,EXPLORE
1909,44,,,0,1,1,0,common,1.0,0.4586971434808692,0.5937839238906732,0.6047185334365179,0.0,0.3775585479865082,0.0,,,EXPLORE
1910,44,,,0,0,0,1,common,1.0,0.5143489214921306,0.6928327575966453,0.5776076498532017,0.0,0.2859749242998684,0.0,,,EXPLORE
1911,44,,,0,0,0,1,common,1.0,0.33432679896988504,0.648564355595461,0.5046233945882066,0.0,0.16423314182460907,0.0,,,EXPLORE
1912,44,,,0,0,0,0,common,0.0,0.5000867508671574,0.5869596757771809,0.5032624014718918,0.0,0.09090909090909093,0.0,,,EXPLORE
1913,44,,,0,0,1,1,rare,0.0,0.2708774296589951,0.6887776949117593,0.4335469099280228,0.0,0.09090909090909093,0.0,,,EXPLORE
1914,44,,,0,1,0,1,rare,1.0,0.21731241933042533,0.5931671822285203,0.3686765627487435,0.0,0.17965545529122232,0.0,,,EXPLORE
1915,44,,,0,1,1,0,common,1.0,0.29815314326256503,0.4701744917200129,0.34751953690288995,0.0,0.25195053896963665,0.0,,,EXPLORE
1916,44,,,0,0,1,1,rare,0.0,0.17607032927834682,0.3870682314103953,0.29608477461552696,0.0,0.31197800201026266,0.0,,,EXPLORE
1917,44,,,0,1,1,0,common,0.0,0.8062004568793327,0.288437864378264,0.44911947929466867,0.0,0.3626137856372424,0.0,,,EXPLOIT
1918,44,,,0,0,0,1,common,1.0,0.14125307256477648,0.5338534899477287,0.35675955727570097,0.0,0.4059000327452924,0.0,,,EXPLORE
1919,44,,,0,0,0,1,common,0.0,0.9081855028328953,0.6902311982415082,0.5221873409428592,0.0,0.4433268371345312,0.0,,,EXPLOIT
1920,44,,,0,0,0,1,common,1.0,0.40967942315861805,0.6102823748043729,0.4884349656075868,0.0,0.37044452077678974,0.0,,,EXPLORE
1921,44,,,0,1,1,0,common,0.0,0.5240302969715662,0.6919967055160519,0.4991135650167806,0.0,0.41264164445169293,0.0,,,EXPLORE
1922,44,,,0,0,1,0,rare,0.0,0.34061969303151807,0.6108935856932163,0.4515654034212018,0.0,0.44919142138966994,0.0,,,EXPLORE
1923,44,,,0,1,0,1,rare,0.0,0.7337083749468982,0.6926607815165711,0.5362082948789108,0.0,0.48115493160889206,0.0,,,EXPLORE
1924,44,,,0,0,0,0,common,0.0,0.32505638806365234,0.6566366299212265,0.4728627228343332,0.0,0.41795629885082203,0.0,,,EXPLORE
1925,44,,,0,1,1,0,common,1.0,0.7785971995295132,0.6929416191029814,0.5645830658428872,0.0,0.453821483186543,0.0,,,EXPLORE
1926,44,,,0,1,1,0,common,1.0,0.5060881796941836,0.573837496318821,0.5470345999982761,0.0,0.3837029534260967,0.0,,,EXPLORE
1927,44,,,0,0,0,1,common,0.0,0.47691044371548386,0.4202331848316153,0.5259973531134383,0.0,0.2939689170688101,0.0,,,EXPLORE
1928,44,,,0,0,1,0,rare,0.0,0.6710426831987806,0.3492605451076871,0.5695109521390409,0.0,0.1750567209056691,0.0,,,EXPLORE
1929,44,,,0,1,1,0,common,0.0,0.4361777440792074,0.3064892613610019,0.5295109897210908,0.0,0.09090909090909093,0.0,,,EXPLORE
1930,44,,,0,0,1,0,rare,1.0,0.7164844663485151,0.5083714607661631,0.585603032709318,0.0,0.09090909090909093,0.0,,,EXPLORE
1931,44,,,0,1,1,0,common,1.0,0.46571490312653485,0.6921275558097499,0.549636593834483,0.0,0.09090909090909093,0.0,,,EXPLORE
1932,44,,,0,0,1,0,rare,1.0,0.3027146870322477,0.605394728088351,0.4755600217938124,0.0,0.09090909090909093,0.0,,,EXPLORE
1933,44,,,0,1,0,1,rare,1.0,0.6900082115849355,0.6927161351328206,0.5398944787311493,0.0,0.17965545529122232,0.0,,,EXPLORE
1934,44,,,0,0,0,0,common,0.0,0.21128665224137402,0.6540615177388052,0.44131213078421666,0.0,0.09090909090909093,0.0,,,EXPLORE
1935,44,,,0,1,1,0,common,0.0,0.803235453429039,0.4888622516696769,0.5498891275776633,0.0,0.17965545529122232,0.0,,,EXPLORE
1936,44,,,0,0,1,0,rare,1.0,0.47789695527112463,0.6762496470109509,0.5282914758857017,0.0,0.09090909090909093,0.0,,,EXPLORE
1937,44,,,0,1,1,0,common,0.0,0.689366979073769,0.666812109071494,0.5766141268421219,0.0,0.09090909090909093,0.0,,,EXPLORE
1938,44,,,0,0,0,1,common,0.0,0.551494662469792,0.5497566969621966,0.5690782875304229,0.0,0.09090909090909093,0.0,,,EXPLORE
1939,44,,,0,0,0,1,common,1.0,0.6415284693946353,0.6818480394755997,0.5908133420896866,0.0,0.09090909090909093,0.0,,,EXPLORE
1940,44,,,0,1,1,0,common,1.0,0.5519114636020501,0.552570310133349,0.5791427785433957,0.0,0.09090909090909093,0.0,,,EXPLORE
1941,44,,,0,1,1,0,common,0.0,0.6412575486586674,0.6883418810448869,0.5977772095779772,0.0,0.09090909090909093,0.0,,,EXPLORE
1942,44,,,0,1,0,1,rare,1.0,0.4169935051065129,0.5861793783918705,0.5435420982365379,0.0,0.09090909090909093,0.0,,,EXPLORE
1943,44,,,0,0,0,0,common,0.0,0.1373363239568931,0.6921648366920543,0.4216803659526444,0.0,0.09090909090909093,0.0,,,EXPLORE
1944,44,,,0,1,1,0,common,0.0,0.4168174066281338,0.6253128958640248,0.4202214781552912,0.0,0.17965545529122232,0.0,,,EXPLORE
1945,44,,,0,0,0,1,common,1.0,0.2710457783192334,0.69273190453624,0.37546876820447384,0.0,0.25195053896963665,0.0,,,EXPLORE
1946,44,,,0,0,0,1,common,1.0,0.17617975590750168,0.6005756147534063,0.31568206451538217,0.0,0.31197800201026266,0.0,,,EXPLORE
1947,44,,,0,0,0,1,common,1.0,0.11451684133987605,0.485338090527456,0.2553324975627303,0.0,0.3626137856372424,0.0,,,EXPLORE
1948,44,,,0,0,0,1,common,1.0,0.07443594687091948,0.40578803030753485,0.20106353235518704,0.0,0.4059000327452924,0.0,,,EXPLOIT
1949,44,,,0,0,0,1,common,0.0,0.9516166345339023,0.35616493492988305,0.4262294630088016,0.0,0.4433268371345312,0.0,,,EXPLOIT
1950,44,,,0,0,0,1,common,1.0,0.38144918755296353,0.6199775589526442,0.41279538037205016,0.0,0.4760069778008542,0.0,,,EXPLORE
1951,44,,,0,1,0,1,rare,1.0,0.24794197190942624,0.5010942873943945,0.363339357833263,0.0,0.5047882362938754,0.0,,,EXPLORE
1952,44,,,0,1,1,1,common,0.0,0.11444571403092543,0.660851609308793,0.2886712646925617,0.0,0.5303278475182935,0.0,,,EXPLOIT
1953,44,,,0,0,1,1,rare,0.0,0.07438971412010154,0.5076482981614976,0.22438679952082366,0.0,0.5531431856165939,0.0,,,EXPLOIT
1954,44,,,0,1,1,0,common,1.0,0.729068685691713,0.679241594803607,0.37579136537209046,0.0,0.5736470880232013,0.0,,,EXPLOIT
1955,44,,,0,1,0,1,rare,0.0,0.8388377182588729,0.660433399632604,0.5147052712381252,0.0,0.5921729883276855,0.0,,,EXPLORE
1956,44,,,0,1,1,0,common,1.0,0.4738946456996135,0.6802452551191066,0.5024620835765716,0.0,0.553072591005228,0.0,,,EXPLORE
1957,44,,,0,1,1,0,common,1.0,0.30803151970474874,0.6594373874479262,0.4441329144150247,0.0,0.506203278855003,0.0,,,EXPLORE
1958,44,,,0,1,0,0,rare,1.0,0.9107313894280195,0.5657617430922391,0.5841124569189231,0.0,0.5315881888854705,0.0,,,EXPLORE
1959,44,,,0,1,1,0,common,1.0,0.20022048780808666,0.48806391246105535,0.4689448661856721,0.0,0.4801210896056995,0.0,,,EXPLORE
1960,44,,,0,1,0,0,rare,0.0,0.40802459687178727,0.4357891283147034,0.4506687853915067,0.0,0.5084279041702308,0.0,,,EXPLOIT
1961,44,,,0,0,1,0,rare,1.0,0.1301433170752564,0.6707952201772038,0.35451114489663155,0.0,0.5335704939876602,0.0,,,EXPLOIT
1962,44,,,0,1,1,0,common,0.0,0.9154068439010834,0.6812149212820391,0.522779854597967,0.0,0.5560502601119189,0.0,,,EXPLOIT
1963,44,,,0,1,1,0,common,1.0,0.4049855514642957,0.5574938786293869,0.4874415636578656,0.0,0.5097996347795046,0.0,,,EXPLORE
1964,44,,,0,1,1,0,common,0.0,0.7367593915482078,0.6854400729381436,0.5622369120249683,0.0,0.5347933493782018,0.0,,,EXPLORE
1965,44,,,0,1,1,1,common,0.0,0.048353314178066,0.5657464030931126,0.4080718326708976,0.0,0.4840271617786396,0.0,,,EXPLORE
1966,44,,,0,0,0,0,common,1.0,0.7347840120333382,0.4474715105981476,0.5060854864796298,0.0,0.5118869321490868,0.0,,,EXPLOIT
1967,44,,,0,0,0,1,common,1.0,0.45475548313173264,0.3439503539541138,0.4906864854752606,0.0,0.4559950576741273,0.0,,,EXPLORE
1968,44,,,0,1,1,0,common,1.0,0.521106395493665,0.2836563775326212,0.49981245848078193,0.0,0.4871364612623152,0.0,,,EXPLORE
1969,44,,,0,1,1,0,common,0.0,0.6612808429291178,0.504645249331356,0.5482529738152826,0.0,0.514642753354516,0.0,,,EXPLOIT
1970,44,,,0,0,1,0,rare,1.0,0.5701674520960733,0.34752144177562105,0.5548273172995197,0.0,0.45938192113987364,0.0,,,EXPLORE
1971,44,,,0,1,1,0,common,1.0,0.37060884386244775,0.3072963563240373,0.4995617752683981,0.0,0.3907035929979909,0.0,,,EXPLORE
1972,44,,,0,0,0,1,common,1.0,0.2955910640356263,0.5071553221409422,0.43837056189856655,0.0,0.4301425884213857,0.0,,,EXPLORE
1973,44,,,0,0,0,1,common,1.0,0.19213419162315715,0.47782111543120154,0.3644996508159437,0.0,0.4644607286913622,0.0,,,EXPLORE
1974,44,,,0,0,1,0,rare,1.0,0.24089574851059103,0.45864322141338054,0.3274184801243379,0.0,0.4945931389513265,0.0,,,EXPLOIT
1975,44,,,0,0,0,1,common,1.0,0.12488722455505219,0.4461896425036048,0.26665910345355215,0.0,0.5212603234214158,0.0,,,EXPLOIT
1976,44,,,0,0,1,0,rare,1.0,0.1565822365318842,0.43811481500951677,0.23363604337705174,0.0,0.5450263964423091,0.0,,,EXPLOIT
1977,44,,,0,0,0,0,common,0.0,0.5223903921783302,0.4328784912356227,0.32026234801743525,0.0,0.5663393302382486,0.0,,,EXPLOIT
1978,44,,,0,0,0,1,common,0.0,0.9188233040392161,0.6817246143460873,0.4998306348239695,0.0,0.5855593815560244,0.0,,,EXPLOIT
1979,44,,,0,0,1,0,rare,1.0,0.1017784537457247,0.6506387547640533,0.38041498050049605,0.0,0.6029795587790991,0.0,,,EXPLORE
1980,44,,,0,0,0,1,common,1.0,0.40276485237450954,0.6871910137403645,0.38711994206270006,0.0,0.6188406137194505,0.0,,,EXPLOIT
1981,44,,,0,0,0,1,common,1.0,0.2617971540434312,0.6277047851754971,0.34952310565691935,0.0,0.6333421940189907,0.0,,,EXPLOIT
1982,44,,,0,0,0,1,common,1.0,0.17016815012823028,0.5634923408073647,0.2957166189983126,0.0,0.6466512563447593,0.0,,,EXPLOIT
1983,44,,,0,1,1,0,common,1.0,0.06615599493472102,0.5157420246699544,0.2268484317792351,0.0,0.658908494434307,0.0,,,EXPLOIT
1984,44,,,0,1,0,1,rare,1.0,0.1106092975833497,0.6338247822283671,0.19197669152046948,0.0,0.670233307791237,0.0,,,EXPLOIT
1985,44,,,0,0,0,1,common,1.0,0.07189604342917733,0.6807952519136355,0.15595249709308182,0.0,0.6807276834715564,0.0,,,EXPLOIT
1986,44,,,0,0,0,1,common,0.0,0.9532675717710347,0.6671853023795675,0.3951470194964677,0.0,0.6904792585934132,0.0,,,EXPLOIT
1987,44,,,0,1,0,0,rare,1.0,0.6604462450840853,0.6115118789725333,0.47473678717275297,0.0,0.699563758447873,0.0,,,EXPLOIT
1988,44,,,0,1,1,0,common,1.0,0.04300139670756864,0.56208256371524,0.34521617003319766,0.0,0.7080469538526462,0.0,,,EXPLOIT
1989,44,,,0,0,1,1,rare,1.0,0.9685703457842572,0.5267576543783768,0.5322224227585155,0.0,0.7159862448270796,0.0,,,EXPLOIT
1990,44,,,0,1,1,0,common,0.0,0.9720490921400804,0.633124256739918,0.664170423572985,0.0,0.6965786204013785,0.0,,,EXPLOIT
1991,44,,,0,1,1,1,common,1.0,0.629570724759767,0.6532187446989737,0.6537905139290195,0.0,0.6745627716887449,0.0,,,EXPLOIT
1992,44,,,0,1,1,1,common,0.0,0.5907790289061513,0.6931130996595348,0.634887068422159,0.0,0.6493764009712555,0.0,,,EXPLOIT
1993,44,,,0,1,1,0,common,1.0,0.3681680901089477,0.5717845419797516,0.5548713749281956,0.0,0.6202830651434958,0.0,,,EXPLORE
1994,44,,,0,1,0,0,rare,0.0,0.5707099406953444,0.6800742383267975,0.5596229446583403,0.0,0.5862991010692054,0.0,,,EXPLOIT
1995,44,,,0,1,1,0,common,1.0,0.23930925857081597,0.529623622676538,0.46352883883208296,0.0,0.5460803837857314,0.0,,,EXPLORE
1996,44,,,0,0,0,0,common,0.0,0.3709614614519739,0.6678054786597097,0.43575862561805023,0.0,0.5672874320661824,0.0,,,EXPLOIT
1997,44,,,0,1,0,1,rare,1.0,0.3803760783488275,0.6520705413142989,0.4191438614372834,0.0,0.5864167468336818,0.0,,,EXPLOIT
1998,44,,,0,1,1,0,common,1.0,0.15555101807103044,0.5613190882153494,0.3400660084274075,0.0,0.6037585787081885,0.0,,,EXPLOIT
1999,44,,,0,1,1,0,common,0.0,0.8988918382538302,0.48839036927769325,0.5077137573753343,0.0,0.6195515218682894,0.0,,,EXPLOIT
2000,44,,,0,1,1,0,common,1.0,0.41572030513501035,0.6848200839178544,0.48011572170323713,0.0,0.5854393079117481,0.0,,,EXPLORE
