trial,seed,config_version,git_commit,s1,a1,s2,a2,trans_type,reward,u_delta,u_s,u_v,u_c,V_G,V_p,eta_G,eta_p,mode
1,48,,,0,1,1,1,common,1.0,0.5,0.6931471803599453,0.15,0.0,0.0,0.5,,,EXPLOIT
2,48,,,0,1,1,1,common,1.0,0.32499999999999996,0.6354546081677415,0.20249999999999999,0.0,0.0,0.5433789954337899,,,EXPLORE
3,48,,,0,0,0,0,common,1.0,0.5,0.5505918514747256,0.29174999999999995,0.0,0.0,0.5794962364913165,,,EXPLORE
4,48,,,0,0,1,1,rare,1.0,0.21124999999999994,0.6679236599597097,0.26759999999999995,0.0,0.0,0.6100329171214658,,,EXPLORE
5,48,,,0,1,1,1,common,0.0,0.8626875,0.6931471803599453,0.44612624999999995,0.0,0.0,0.6361884525043351,,,EXPLORE
6,48,,,0,0,1,1,rare,1.0,0.439253125,0.5611724967858519,0.44406431249999995,0.0,0.0,0.65884152052499,,,EXPLORE
7,48,,,0,1,1,0,common,1.0,0.5,0.4973599657364365,0.46084501874999995,0.0,0.0,0.678650554588017,,,EXPLORE
8,48,,,0,0,0,0,common,0.0,0.675,0.6326713330820697,0.525091513125,0.0,0.0,0.6961186809978029,,,EXPLORE
9,48,,,0,0,0,1,common,0.0,0.5,0.6640119985581474,0.5175640591875,0.0,0.0,0.6561034018727876,,,EXPLORE
10,48,,,0,1,1,1,common,1.0,0.28551453125000004,0.5248687261786305,0.44794920080625,0.0,0.0,0.6045511883906243,,,EXPLORE
11,48,,,0,1,1,0,common,1.0,0.32499999999999996,0.42627347521368286,0.41106444056437497,0.0,0.0,0.6314701733428318,,,EXPLORE
12,48,,,0,0,0,0,common,1.0,0.5612499999999999,0.36391867310963755,0.45612010839506245,0.0,0.0,0.6547378274252376,,,EXPLORE
13,48,,,0,1,1,0,common,0.0,0.7887500000000001,0.5585282104017784,0.5559090758765437,0.0,0.0,0.6750489133704917,,,EXPLORE
14,48,,,0,1,1,1,common,0.0,0.8144155546874999,0.6920056938911626,0.6334610195198306,0.0,0.0,0.6291643503087307,,,EXPLORE
15,48,,,0,0,0,0,common,0.0,0.6351875,0.6042728092234442,0.6339789636638814,0.0,0.0,0.5688997829652362,,,EXPLORE
16,48,,,0,1,1,1,common,0.0,0.529370110546875,0.6926645841379364,0.6025963077287795,0.0,0.0,0.48624413094656516,,,EXPLORE
17,48,,,0,1,1,1,common,1.0,0.6559094281445312,0.653533906156398,0.6185902438535049,0.0,0.0,0.36587867420119935,,,EXPLORE
18,48,,,0,0,0,0,common,1.0,0.587128125,0.6637241759928234,0.6091516081974534,0.0,0.0,0.1743830428047221,,,EXPLORE
19,48,,,0,0,0,1,common,0.0,0.325,0.6760161389951962,0.5239061257382174,0.0,0.0,0.09090909090909093,,,EXPLORE
20,48,,,0,0,0,1,common,0.0,0.21125000000000002,0.6669709099369919,0.43010928801675213,0.0,0.0,0.09090909090909093,,,EXPLORE
21,48,,,0,0,0,0,common,1.0,0.38163328125000007,0.5806473930250527,0.4155664859867265,0.0,0.0,0.23017705927636645,,,EXPLORE
22,48,,,0,1,0,1,rare,0.0,0.1373125,0.6929628585944092,0.33209029019070857,0.0,0.0,0.33155527035247095,,,EXPLORE
23,48,,,0,1,1,1,common,1.0,0.4263411282939453,0.6283236156352225,0.36036554162167955,0.0,0.0,0.40865139461585376,,,EXPLORE
24,48,,,0,1,1,1,common,1.0,0.2771217333910645,0.6883714984229732,0.335392399152495,0.0,0.0,0.46925370836719743,,,EXPLORE
25,48,,,0,1,1,0,common,0.0,0.5126875000000001,0.6178420932731075,0.3885809294067465,0.0,0.0,0.5181414926281387,,,EXPLORE
26,48,,,0,0,1,1,rare,1.0,0.1801291267041919,0.6884135177272298,0.3260453885959801,0.0,0.0,0.5584101936095955,,,EXPLORE
27,48,,,0,1,0,0,rare,0.0,0.7519383671875,0.6058540410538769,0.45381328217343603,0.0,0.0,0.5921529537657815,,,EXPLORE
28,48,,,0,1,0,1,rare,0.0,0.089253125,0.4690559226563378,0.3444452350214052,0.0,0.0,0.6208359130085537,,,EXPLORE
29,48,,,0,1,0,0,rare,0.0,0.488759938671875,0.375825188328683,0.3877396461165461,0.0,0.0,0.6455166258956538,,,EXPLORE
30,48,,,0,1,1,1,common,1.0,0.11708393235772474,0.3194861706418095,0.3065429319888997,0.0,0.0,0.6669771225069359,,,EXPLORE
31,48,,,0,1,1,1,common,1.0,0.07610455603252109,0.5812931930973535,0.2374114192019861,0.0,0.0,0.6858081495669813,,,EXPLORE
32,48,,,0,1,1,1,common,1.0,0.04946796142113874,0.6876158543085897,0.18102838186773187,0.0,0.0,0.7024642847715783,,,EXPLORE
33,48,,,0,1,0,0,rare,1.0,0.6823060398632812,0.6816567023845675,0.3314116792663967,0.0,0.0,0.7173010333450142,,,EXPLORE
34,48,,,0,1,1,1,common,1.0,0.032154174923740175,0.6444140257088106,0.24163442796359974,0.0,0.0,0.7306004237646555,,,EXPLORE
35,48,,,0,0,0,0,common,0.0,0.5565010740888672,0.6089086255192588,0.33609442180118,0.0,0.0,0.7425890580670904,,,EXPLORE
36,48,,,0,0,0,1,common,1.0,0.94198546875,0.40476877738742717,0.517861735885826,0.0,0.0,0.7534510902583895,,,EXPLORE
37,48,,,0,1,1,1,common,1.0,0.02090021370043116,0.5744888809023169,0.36877327923020753,0.0,0.0,0.727180746384873,,,EXPLORE
38,48,,,0,1,0,1,rare,1.0,0.6122905546875,0.5451994463284298,0.44182846186739533,0.0,0.0,0.7395003090388116,,,EXPLORE
39,48,,,0,1,1,1,common,0.0,0.9864148610947198,0.525399245665325,0.6052043816355925,0.0,0.0,0.7506475922449893,,,EXPLORE
40,48,,,0,1,1,1,common,0.0,0.6411696597115679,0.6925773980106151,0.6159939650583851,0.0,0.0,0.7237786147749912,,,EXPLORE
41,48,,,0,1,1,1,common,1.0,0.5832397211874808,0.5940623956402646,0.6061676918971138,0.0,0.0,0.6907932123796765,,,EXPLORE
42,48,,,0,0,0,0,common,1.0,0.6382743018422363,0.6917752429460021,0.6157996748806506,0.0,0.0,0.6493369993888705,,,EXPLORE
43,48,,,0,0,1,1,rare,0.0,0.6208941812281374,0.6486971625100355,0.6173280267848966,0.0,0.0,0.5956693652779237,,,EXPLORE
44,48,,,0,1,1,1,common,0.0,0.40358121779828937,0.6672203997762891,0.5532039840889145,0.0,0.0,0.523467145734366,,,EXPLORE
45,48,,,0,0,0,1,common,0.0,0.6020111394531249,0.6738685663205697,0.5678461306981776,0.0,0.0,0.42113090506570106,,,EXPLORE
46,48,,,0,1,0,0,rare,1.0,0.41487829619745364,0.6820259034407262,0.5219557803479604,0.0,0.0,0.2648308733634208,,,EXPLORE
47,48,,,0,0,1,0,rare,0.0,0.33324687500000005,0.5532729381608563,0.46534310874357226,0.0,0.0,0.09090909090909093,,,EXPLORE
48,48,,,0,1,1,1,common,1.0,0.7376722084311119,0.45379630952729255,0.5470418386498341,0.0,0.0,0.23017705927636645,,,EXPLORE
49,48,,,0,1,1,1,common,0.0,0.5205130645197773,0.33601558967393974,0.5390832064108171,0.0,0.0,0.09090909090909093,,,EXPLORE
50,48,,,0,0,1,0,rare,1.0,0.7833895312499999,0.5623971773035553,0.6123751038625719,0.0,0.0,0.09090909090909093,,,EXPLORE
51,48,,,0,0,1,1,rare,1.0,0.6616665080621448,0.6931403207616911,0.6271625251224437,0.0,0.0,0.09090909090909093,,,EXPLORE
52,48,,,0,1,1,0,common,0.0,0.4907968046875,0.6313427406394744,0.5862528089919605,0.0,0.0,0.09090909090909093,,,EXPLORE
53,48,,,0,0,1,1,rare,1.0,0.4300832302403941,0.4962899593763696,0.5394019353664906,0.0,0.0,0.09090909090909093,,,EXPLORE
54,48,,,0,0,0,0,common,0.0,0.7303291074716551,0.3926356945006015,0.59668008699804,0.0,0.0,0.09090909090909093,,,EXPLORE
55,48,,,0,1,1,1,common,0.0,0.7204459003437438,0.6232451486863853,0.633809831001751,0.0,0.0,0.09090909090909093,,,EXPLORE
56,48,,,0,1,1,1,common,1.0,0.5317101647765665,0.5374601997859512,0.6031799311341957,0.0,0.0,0.09090909090909093,,,EXPLORE
57,48,,,0,0,0,0,common,0.0,0.47471391985657585,0.6918090521705492,0.5646401277509097,0.0,0.0,0.09090909090909093,,,EXPLORE
58,48,,,0,1,1,1,common,0.0,0.6543883928952318,0.6488389002693393,0.5915646072942062,0.0,0.0,0.09090909090909093,,,EXPLORE
59,48,,,0,1,0,0,rare,0.0,0.3085640479067743,0.6925813838773571,0.5066644394779766,0.0,0.0,0.09090909090909093,,,EXPLORE
60,48,,,0,0,0,1,common,0.0,0.3913072406445312,0.6620259778382277,0.47205727982794293,0.0,0.0,0.09090909090909093,,,EXPLORE
61,48,,,0,1,0,0,rare,1.0,0.7994333688605967,0.6929080532048688,0.570270106537739,0.0,0.0,0.23017705927636645,,,EXPLORE
62,48,,,0,0,1,1,rare,1.0,0.5746475446180993,0.5680950686951074,0.5715833379618471,0.0,0.0,0.09090909090909093,,,EXPLORE
63,48,,,0,0,0,0,common,1.0,0.5196316897593879,0.69304613518247,0.5559978435011094,0.0,0.0,0.09090909090909093,,,EXPLORE
64,48,,,0,0,0,0,common,1.0,0.33776059834360217,0.628670951733987,0.4905266699538572,0.0,0.0,0.09090909090909093,,,EXPLORE
65,48,,,0,0,0,0,common,0.0,0.7804556110766586,0.539552228102014,0.5775053522906977,0.0,0.0,0.23017705927636645,,,EXPLORE
66,48,,,0,0,0,0,common,1.0,0.4927038528001719,0.6916693659167283,0.5520649024435399,0.0,0.0,0.09090909090909093,,,EXPLORE
67,48,,,0,0,0,0,common,1.0,0.3202575043201118,0.6199790441269065,0.48252268300651147,0.0,0.0,0.09090909090909093,,,EXPLORE
68,48,,,0,0,0,0,common,1.0,0.2081673778080727,0.5322534532374239,0.4002160914469798,0.0,0.0,0.23017705927636645,,,EXPLORE
69,48,,,0,0,1,1,rare,1.0,0.3735209040017645,0.468139239460194,0.39220753521341517,0.0,0.0,0.33155527035247095,,,EXPLORE
70,48,,,0,0,0,0,common,1.0,0.13530879557524722,0.4260910067687591,0.3151379133219648,0.0,0.0,0.40865139461585376,,,EXPLORE
71,48,,,0,0,0,1,common,0.0,0.2543497064189453,0.3991810239034669,0.2969014512510589,0.0,0.0,0.46925370836719743,,,EXPLORE
72,48,,,0,1,1,1,common,1.0,0.24278858760114697,0.6602830336595675,0.2806675921560853,0.0,0.0,0.5181414926281387,,,EXPLORE
73,48,,,0,1,1,1,common,0.0,0.8421874180592545,0.688031265006284,0.449123539927036,0.0,0.0,0.5584101936095955,,,EXPLORE
74,48,,,0,0,0,1,common,0.0,0.16532730917231442,0.6312966378876884,0.3639846707006195,0.0,0.0,0.5921529537657815,,,EXPLORE
75,48,,,0,0,1,1,rare,0.0,0.5474218217385154,0.6909792960368308,0.41901581601198823,0.0,0.0,0.6208359130085537,,,EXPLORE
76,48,,,0,0,0,0,common,1.0,0.08795071712391067,0.6370443110094199,0.3196962863455649,0.0,0.0,0.6455166258956538,,,EXPLORE
77,48,,,0,1,1,1,common,1.0,0.644175815869965,0.6782614178028464,0.4170401452028849,0.0,0.0,0.6669771225069359,,,EXPLORE
78,48,,,0,1,1,1,common,1.0,0.4187142803154773,0.6686424152659406,0.4175423857366626,0.0,0.0,0.6858081495669813,,,EXPLORE
79,48,,,0,1,0,0,rare,1.0,0.05716796613054198,0.5888830811622003,0.3094300598548264,0.0,0.0,0.7024642847715783,,,EXPLORE
80,48,,,0,0,0,1,common,1.0,0.8925372490379956,0.5189834521824106,0.48436221660977713,0.0,0.0,0.7173010333450142,,,EXPLORE
81,48,,,0,1,1,1,common,1.0,0.2721642822050603,0.6462192172201151,0.420702836288362,0.0,0.0,0.7306004237646555,,,EXPLORE
82,48,,,0,1,1,1,common,1.0,0.17690678343328914,0.6110408016340934,0.34756402043184015,0.0,0.0,0.7425890580670904,,,EXPLORE
83,48,,,0,1,0,0,rare,1.0,0.03715917798485224,0.5844775048965498,0.25444256769774376,0.0,0.0,0.7534510902583895,,,EXPLORE
84,48,,,0,1,1,1,common,1.0,0.11498940923163792,0.5660000789290915,0.21260662015791199,0.0,0.0,0.763337721105509,,,EXPLORE
85,48,,,0,0,1,1,rare,1.0,0.0747431160005646,0.5535750665300456,0.17124756891070775,0.0,0.0,0.7723742534998811,,,EXPLORE
86,48,,,0,1,0,0,rare,1.0,0.024153465690153975,0.6350676156227231,0.1271193379445416,0.0,0.0,0.7806654095703525,,,EXPLORE
87,48,,,0,0,1,1,rare,1.0,0.048583025400366964,0.628868403015526,0.1035584441812892,0.0,0.0,0.7882993894728533,,,EXPLORE
88,48,,,0,1,1,1,common,1.0,0.031578966510238504,0.6677484754700596,0.08196460087997398,0.0,0.0,0.7953510060940612,,,EXPLORE
89,48,,,0,1,1,1,common,1.0,0.02052632823165501,0.6649307708697025,0.06353311908547829,0.0,0.0,0.8018841321522703,,,EXPLORE
90,48,,,0,0,0,0,common,1.0,0.015699752698600133,0.6630269577540349,0.04918310916941484,0.0,0.0,0.807953629454032,,,EXPLORE
91,48,,,0,1,1,1,common,1.0,0.01334211335057578,0.6810273545340344,0.03843081042376312,0.0,0.0,0.8136068837988685,,,EXPLORE
92,48,,,0,0,1,1,rare,1.0,0.008672373677874212,0.6801949920887653,0.029503279399996443,0.0,0.0,0.8188850364764139,,,EXPLORE
93,48,,,0,0,0,0,common,0.0,0.9897951607459099,0.6879903907523124,0.31759084380377045,0.0,0.0,0.8238239800953084,,,EXPLORE
94,48,,,0,0,0,1,common,0.0,0.4198507881253028,0.4693675100789274,0.3482688271002301,0.0,0.0,0.8284551697332807,,,EXPLORE
95,48,,,0,1,1,1,common,0.0,0.9943629571093817,0.28928841080338535,0.5420970661029756,0.0,0.0,0.8328062881677234,,,EXPLORE
96,48,,,0,0,1,1,rare,1.0,0.35366407787890186,0.5838686528416706,0.48556716963575347,0.0,0.0,0.8205078833732452,,,EXPLORE
97,48,,,0,1,1,0,common,0.0,0.319017923046875,0.6903443081415972,0.4356023956590899,0.0,0.0,0.8253446734973785,,,EXPLORE
98,48,,,0,0,0,1,common,1.0,0.7270969877185531,0.6265826433569595,0.5230507732769288,0.0,0.0,0.8298829901964301,,,EXPLORE
99,48,,,0,1,1,1,common,1.0,0.22988165062128618,0.518869241402746,0.43510003648023604,0.0,0.0,0.8171687293160191,,,EXPLORE
100,48,,,0,1,1,0,common,1.0,0.7926383500195313,0.6638863633451197,0.5423615305420246,0.0,0.0,0.8222168060989186,,,EXPLORE
101,48,,,0,1,1,0,common,0.0,0.4847850724873047,0.6929820369708933,0.5250885931256086,0.0,0.0,0.8083770042695669,,,EXPLORE
102,48,,,0,1,1,1,common,1.0,0.14942307290383605,0.5780880949499586,0.41238893705907687,0.0,0.0,0.7923758133845401,,,EXPLORE
103,48,,,0,1,1,1,common,1.0,0.09712499738749347,0.6814304127253977,0.3178097551576018,0.0,0.0,0.7991254161824989,,,EXPLORE
104,48,,,0,0,0,0,common,1.0,0.35663314551515857,0.690138573112217,0.3294567722648688,0.0,0.0,0.8053887199578553,,,EXPLORE
105,48,,,0,1,1,1,common,1.0,0.06313124830187078,0.688163058276615,0.2495591150759694,0.0,0.0,0.8112161688819549,,,EXPLORE
106,48,,,0,0,1,1,rare,1.0,0.04103531139621597,0.6918738303349197,0.18700197397204335,0.0,0.0,0.8166514637316623,,,EXPLORE
107,48,,,0,0,1,0,rare,1.0,0.6848897028832519,0.6910353052981633,0.3363682926454059,0.0,0.0,0.8217326522809056,,,EXPLORE
108,48,,,0,0,1,1,rare,1.0,0.026672952407540418,0.6834189513099501,0.24345969057404623,0.0,0.0,0.8264930147435461,,,EXPLORE
109,48,,,0,0,0,0,common,1.0,0.2318115445848531,0.67560194842613,0.2399652467772883,0.0,0.0,0.830961787844677,,,EXPLORE
110,48,,,0,1,0,1,rare,0.0,0.5273869579829404,0.6693676592866906,0.32619176013898393,0.0,0.0,0.8351647608204148,,,EXPLORE
111,48,,,0,1,1,1,common,1.0,0.01733741906490127,0.44246526152469556,0.2335354578167591,0.0,0.0,0.8391247690177681,,,EXPLORE
112,48,,,0,1,1,0,common,0.0,0.5548216931258863,0.5765686940931471,0.3299213284094972,0.0,0.0,0.8428621050489823,,,EXPLORE
113,48,,,0,0,0,1,common,0.0,0.3428015226889113,0.35963576475276166,0.3337853866933214,0.0,0.0,0.846394863131153,,,EXPLORE
114,48,,,0,0,0,0,common,1.0,0.15067750398015456,0.6402599313268829,0.27885302187937133,0.0,0.0,0.849739228944439,,,EXPLORE
115,48,,,0,0,0,0,common,1.0,0.0979403775871005,0.5441828947599984,0.22457922859169005,0.0,0.0,0.8529097248072122,,,EXPLORE
116,48,,,0,0,0,0,common,1.0,0.06366124543161533,0.47029961922602864,0.17630383364366764,0.0,0.0,0.8559194180029767,,,EXPLORE
117,48,,,0,1,1,1,common,1.0,0.01126932239218581,0.42160621270681664,0.12679348026822307,0.0,0.0,0.8587800985622294,,,EXPLORE
118,48,,,0,0,0,0,common,1.0,0.04137980953054998,0.5843979805949197,0.10116937904692114,0.0,0.0,0.8615024315995893,,,EXPLORE
119,48,,,0,0,1,1,rare,1.0,0.007325059554920799,0.5556761719834049,0.07301608319932103,0.0,0.0,0.8640960883558989,,,EXPLORE
120,48,,,0,0,0,0,common,0.0,0.9731031238051425,0.5361291241487484,0.34304219538106745,0.0,0.0,0.8665698593391669,,,EXPLORE
121,48,,,0,1,1,1,common,0.0,0.9952387112893015,0.691437624784428,0.5387011501535377,0.0,0.0,0.8689317523538208,,,EXPLORE
122,48,,,0,1,1,1,common,0.0,0.646905162338046,0.6199847116819762,0.5711623538088901,0.0,0.0,0.8611750635889651,,,EXPLORE
123,48,,,0,1,1,0,common,1.0,0.6393658994681739,0.5000829130908334,0.5916234175066752,0.0,0.0,0.8525352940821134,,,EXPLORE
124,48,,,0,1,1,0,common,0.0,0.584412165345687,0.6760494039137632,0.5894600418583787,0.0,0.0,0.8428530548097817,,,EXPLORE
125,48,,,0,0,0,1,common,0.0,0.22282098974779235,0.5592581923761493,0.4794683262252028,0.0,0.0,0.8319281436682178,,,EXPLORE
126,48,,,0,0,0,0,common,1.0,0.36748296952665727,0.6858511315706132,0.4458727192156391,0.0,0.0,0.836074650118823,,,EXPLORE
127,48,,,0,1,1,1,common,1.0,0.5795116444802701,0.5669061614018139,0.48596439679502834,0.0,0.0,0.8399829581114296,,,EXPLORE
128,48,,,0,1,1,0,common,1.0,0.6201320925253034,0.6900515412425592,0.5262147055141109,0.0,0.0,0.8436728385839618,,,EXPLORE
129,48,,,0,0,0,0,common,0.0,0.7611360698076728,0.6695682378838027,0.5966911148021794,0.0,0.0,0.832856210748761,,,EXPLORE
130,48,,,0,1,1,1,common,1.0,0.37668256891217555,0.5199586196296795,0.5306885510351782,0.0,0.0,0.8205648440259866,,,EXPLORE
131,48,,,0,0,0,1,common,1.0,0.8551663566639349,0.4335534405054951,0.6280318927238051,0.0,0.0,0.806475839119894,,,EXPLORE
132,48,,,0,1,1,0,common,0.0,0.5969141398585528,0.6115553358836606,0.6186965668642294,0.0,0.0,0.7901646089151173,,,EXPLORE
133,48,,,0,0,0,1,common,0.0,0.4441418681684422,0.6817055334443423,0.5663301572554932,0.0,0.0,0.7710614280202991,,,EXPLORE
134,48,,,0,1,1,1,common,1.0,0.24484366979291416,0.6569453174038846,0.4698842110167194,0.0,0.0,0.7483836211726198,,,EXPLORE
135,48,,,0,0,0,0,common,0.0,0.49473844537498735,0.5405808318236348,0.4773404813241997,0.0,0.0,0.758719924387352,,,EXPLORE
136,48,,,0,1,1,1,common,1.0,0.15914838536539422,0.4179079380892472,0.38188285253655807,0.0,0.0,0.7681490288445603,,,EXPLORE
137,48,,,0,1,1,1,common,0.0,0.8965535495124938,0.32821355478444436,0.5362840616293387,0.0,0.0,0.7767849305808538,,,EXPLORE
138,48,,,0,1,1,0,common,0.0,0.3879941909080593,0.5706795688338783,0.4917971004129549,0.0,0.0,0.7552130099373161,,,EXPLORE
139,48,,,0,0,0,0,common,1.0,0.6784200105062582,0.6799295526274585,0.5477839734409459,0.0,0.0,0.7649455043057309,,,EXPLORE
140,48,,,0,0,1,1,rare,1.0,0.41724019281687896,0.6335072452416364,0.5086208392537257,0.0,0.0,0.7410526744981901,,,EXPLORE
141,48,,,0,1,1,1,common,0.0,0.7287938746690287,0.4999479370118305,0.5746727498783166,0.0,0.0,0.7120787042159459,,,EXPLORE
142,48,,,0,0,0,0,common,0.0,0.5590269931709322,0.3945581202568873,0.5699790228661012,0.0,0.0,0.6762119022007145,,,EXPLORE
143,48,,,0,0,1,0,rare,0.0,0.25219622409023856,0.6008508083363742,0.4746441832333424,0.0,0.0,0.6306631238359764,,,EXPLORE
144,48,,,0,0,0,0,common,1.0,0.636632454438894,0.683580415044116,0.5232406645950078,0.0,0.0,0.6540366641975875,,,EXPLORE
145,48,,,0,1,1,0,common,0.0,0.16392754565865508,0.525510522647656,0.415446728914102,0.0,0.0,0.6018434497977178,,,EXPLORE
146,48,,,0,0,0,0,common,0.0,0.5861889046147188,0.45699124542614433,0.46666938162428706,0.0,0.0,0.6291432794142859,,,EXPLORE
147,48,,,0,1,1,1,common,0.0,0.47371601853486867,0.614471156876044,0.4687833726974615,0.0,0.0,0.6527168301852795,,,EXPLORE
148,48,,,0,0,0,0,common,1.0,0.6189772120004328,0.5767675071578401,0.5138415244883529,0.0,0.0,0.6732773142207259,,,EXPLORE
149,48,,,0,0,0,0,common,0.0,0.5976648121997187,0.37857031550136266,0.5389885108017626,0.0,0.0,0.6268785670475943,,,EXPLORE
150,48,,,0,0,0,0,common,0.0,0.3884821279298172,0.5560440383395441,0.4938365959401789,0.0,0.0,0.5658387509788739,,,EXPLORE
151,48,,,0,0,1,0,rare,1.0,0.8934470953218742,0.6496195402033329,0.6137197457546875,0.0,0.0,0.5984353079903714,,,EXPLORE
152,48,,,0,1,0,1,rare,0.0,0.28869221430948744,0.4388601745424597,0.5162114863211275,0.0,0.0,0.5272663754195281,,,EXPLORE
153,48,,,0,1,0,0,rare,1.0,0.7474866168456188,0.41001042759012307,0.5855940254784748,0.0,0.0,0.426672117871094,,,EXPLORE
154,48,,,0,0,0,1,common,1.0,0.8123500606988332,0.665496183326878,0.6536208360445823,0.0,0.0,0.27365731040029195,,,EXPLORE
155,48,,,0,0,0,1,common,1.0,0.5280275394542415,0.5484930777359993,0.61594284706748,0.0,0.0,0.09090909090909093,,,EXPLORE
156,48,,,0,1,1,0,common,0.0,0.4192593880407818,0.4499580037394545,0.5569378093594706,0.0,0.0,0.09090909090909093,,,EXPLORE
157,48,,,0,0,1,1,rare,1.0,0.6920845879523354,0.33304741820136213,0.59748184293733,0.0,0.0,0.09090909090909093,,,EXPLORE
158,48,,,0,0,1,0,rare,1.0,0.7274813977734919,0.2777743947623045,0.6364817093881785,0.0,0.0,0.09090909090909093,,,EXPLORE
159,48,,,0,1,0,1,rare,1.0,0.34321790064525703,0.24529728691945576,0.5485025667653021,0.0,0.0,0.09090909090909093,,,EXPLORE
160,48,,,0,0,1,0,rare,0.0,0.5271370914472302,0.4546556911493006,0.5420929241698805,0.0,0.0,0.09090909090909093,,,EXPLORE
161,48,,,0,0,0,1,common,0.0,0.7769083645805829,0.6809779591555816,0.6125375562930913,0.0,0.0,0.09090909090909093,,,EXPLORE
162,48,,,0,1,1,1,common,1.0,0.449854982169018,0.6609118389425905,0.5637327840558692,0.0,0.0,0.09090909090909093,,,EXPLORE
163,48,,,0,1,0,1,rare,0.0,0.5049904369773789,0.5419183276708401,0.5461100799323222,0.0,0.0,0.09090909090909093,,,EXPLORE
164,48,,,0,0,0,0,common,0.0,0.5141336990503478,0.6861312443778957,0.5365171656677299,0.0,0.0,0.09090909090909093,,,EXPLORE
165,48,,,0,1,1,1,common,1.0,0.2924057384098617,0.6229563848472137,0.46328373749036944,0.0,0.0,0.09090909090909093,,,EXPLORE
166,48,,,0,1,1,1,common,1.0,0.19006372996641008,0.4628446043839995,0.3813177352331816,0.0,0.0,0.23017705927636645,,,EXPLORE
167,48,,,0,0,0,1,common,0.0,0.3282437840352963,0.35289844307486257,0.36539554987381595,0.0,0.0,0.33155527035247095,,,EXPLORE
168,48,,,0,0,0,1,common,1.0,0.7866415403770575,0.28454254621937075,0.49176934702478836,0.0,0.0,0.40865139461585376,,,EXPLORE
169,48,,,0,1,1,1,common,1.0,0.12354142447816652,0.5328029326665601,0.3813009702608018,0.0,0.0,0.46925370836719743,,,EXPLORE
170,48,,,0,1,1,1,common,1.0,0.0803019259108082,0.4601013268177854,0.2910012569558037,0.0,0.0,0.5181414926281387,,,EXPLORE
171,48,,,0,1,0,1,rare,0.0,0.48868299875491267,0.4126496491273653,0.3503057794955364,0.0,0.0,0.5584101936095955,,,EXPLORE
172,48,,,0,0,0,1,common,0.0,0.3176439491906933,0.660583400773205,0.3405072304040834,0.0,0.0,0.5921529537657815,,,EXPLORE
173,48,,,0,1,1,1,common,0.0,0.9478037481579746,0.5501403429072118,0.5226961857302508,0.0,0.0,0.6208359130085537,,,EXPLORE
174,48,,,0,1,1,1,common,1.0,0.3839275636973165,0.6791238744175714,0.48106559912037045,0.0,0.0,0.5577191492641204,,,EXPLORE
175,48,,,0,0,0,1,common,1.0,0.7935314330260493,0.5401057144171012,0.574805349292074,0.0,0.0,0.5915694556326057,,,EXPLORE
176,48,,,0,1,1,1,common,1.0,0.24955291640325572,0.6871738504295191,0.4772296194254285,0.0,0.0,0.5178196359993857,,,EXPLORE
177,48,,,0,0,1,1,rare,1.0,0.16220939566211623,0.6220285138225912,0.3827235522964348,0.0,0.0,0.5581426036771715,,,EXPLORE
178,48,,,0,1,1,1,common,1.0,0.10543610718037555,0.6906147041531682,0.299537318761617,0.0,0.0,0.5919269899038573,,,EXPLORE
179,48,,,0,0,0,1,common,0.0,0.4842045685330679,0.6617966165225422,0.3549374936930523,0.0,0.0,0.6206425760983522,,,EXPLORE
180,48,,,0,1,0,1,rare,0.0,0.31473296954649416,0.4766987367659896,0.3428761364490848,0.0,0.0,0.6453493355673061,,,EXPLORE
181,48,,,0,0,1,1,rare,1.0,0.06853346966724416,0.6796560706673713,0.2605733364145326,0.0,0.0,0.6668309559249747,,,EXPLORE
182,48,,,0,1,1,1,common,1.0,0.04454675528370866,0.6705800406191627,0.19576536207528542,0.0,0.0,0.6856793505930553,,,EXPLORE
183,48,,,0,1,1,1,common,1.0,0.028955390934410685,0.6874023312786576,0.145722370733023,0.0,0.0,0.7023499377515788,,,EXPLORE
184,48,,,0,1,0,0,rare,1.0,0.6658130956172739,0.645303375213657,0.3017495881982982,0.0,0.0,0.7171988405282088,,,EXPLORE
185,48,,,0,0,1,1,rare,1.0,0.01882100410736698,0.6000887043456851,0.21687101297101885,0.0,0.0,0.7305085498847261,,,EXPLORE
186,48,,,0,1,0,0,rare,1.0,0.4327785121512281,0.6723541526309936,0.2816432627250816,0.0,0.0,0.7425060195782682,,,EXPLORE
187,48,,,0,0,0,0,common,1.0,0.28130603289829825,0.6515595342723675,0.2815420937770466,0.0,0.0,0.7533756749444613,,,EXPLORE
188,48,,,0,1,1,1,common,1.0,0.012233652669788486,0.6842549923032304,0.20074956144486916,0.0,0.0,0.7632689287710882,,,EXPLORE
189,48,,,0,0,1,1,rare,1.0,0.007951874235362477,0.6751410102912525,0.14291025528201715,0.0,0.0,0.7723112515647438,,,EXPLORE
190,48,,,0,0,1,1,rare,1.0,0.0051687182529855935,0.6893708109029577,0.10158779417330767,0.0,0.0,0.7806074993740415,,,EXPLORE
191,48,,,0,0,1,1,rare,0.0,0.9966403331355593,0.692963099225361,0.3701035558619831,0.0,0.0,0.7882459803926128,,,EXPLORE
192,48,,,0,0,0,1,common,0.0,0.2045764302052212,0.5084043739164087,0.32044541816495453,0.0,0.0,0.7953015954412572,,,EXPLORE
193,48,,,0,0,0,0,common,1.0,0.18284892138389386,0.3239869863532324,0.2791664691306363,0.0,0.0,0.8018382893963136,,,EXPLORE
194,48,,,0,0,1,1,rare,1.0,0.3521837834618864,0.5068904314744451,0.30107166343001135,0.0,0.0,0.8079109837247506,,,EXPLORE
195,48,,,0,0,0,0,common,1.0,0.11885179889953101,0.6178802182409922,0.24640570407086723,0.0,0.0,0.81356711389916,,,EXPLORE
196,48,,,0,1,1,0,common,0.0,0.34263910944069964,0.6684736292737263,0.27527572568181696,0.0,0.0,0.8188478628360313,,,EXPLORE
197,48,,,0,0,0,0,common,0.0,0.9227463307153049,0.6058278911226126,0.46951690719186334,0.0,0.0,0.8237891582394663,,,EXPLORE
198,48,,,0,1,1,1,common,0.0,0.7710805407497738,0.6825713105358471,0.5599859972592365,0.0,0.0,0.8284224849435112,,,EXPLORE
199,48,,,0,1,1,0,common,0.0,0.22271542113645476,0.6542650220015327,0.45880482442240195,0.0,0.0,0.8154977062249067,,,EXPLORE
200,48,,,0,1,1,1,common,0.0,0.501202351487353,0.5560715117596489,0.47152408254188727,0.0,0.0,0.8206531187174692,,,EXPLORE
201,48,,,0,0,0,0,common,0.0,0.5997851149649482,0.4766696671559244,0.5100023922688055,0.0,0.0,0.825480815869692,,,EXPLORE
202,48,,,0,1,1,0,common,0.0,0.1447650237386956,0.6301223342320124,0.40043118170977254,0.0,0.0,0.8121264412120465,,,EXPLORE
203,48,,,0,0,1,1,rare,1.0,0.6742184715332205,0.5879952483805407,0.48256736865680694,0.0,0.0,0.8175016468472656,,,EXPLORE
204,48,,,0,1,0,1,rare,1.0,0.8670253203666062,0.39156510380608833,0.5979047541697466,0.0,0.0,0.8225284666529343,,,EXPLORE
205,48,,,0,1,1,1,common,1.0,0.4382420064965934,0.6457927740335223,0.5500059298678006,0.0,0.0,0.8087354140211126,,,EXPLORE
206,48,,,0,0,1,1,rare,1.0,0.28485730422278577,0.6891419475173302,0.47046134217429614,0.0,0.0,0.7927923149371693,,,EXPLORE
207,48,,,0,1,1,1,common,1.0,0.1851572477448108,0.6725729231927076,0.3848701138454505,0.0,0.0,0.7995114120574529,,,EXPLORE
208,48,,,0,0,0,1,common,0.0,0.4364335417617059,0.6914510437914827,0.40033914222032707,0.0,0.0,0.8057474254314525,,,EXPLORE
209,48,,,0,1,1,0,common,0.0,0.09409726543015215,0.5550920549457102,0.3084665791832746,0.0,0.0,0.8115503627728368,,,EXPLORE
210,48,,,0,1,0,1,rare,0.0,0.28368180214510885,0.6924298598421768,0.30103114607182485,0.0,0.0,0.816963560022806,,,EXPLORE
211,48,,,0,0,0,0,common,1.0,0.6101396752727837,0.6484671539833322,0.3937637048321125,0.0,0.0,0.8220247580872737,,,EXPLORE
212,48,,,0,0,0,0,common,1.0,0.39659078892730937,0.5082696488123597,0.3946118300606715,0.0,0.0,0.8267669775686048,,,EXPLORE
213,48,,,0,0,0,0,common,1.0,0.2577840128027511,0.401516475074735,0.35356348488329536,0.0,0.0,0.8312192343656766,,,EXPLORE
214,48,,,0,0,0,0,common,0.0,0.8324403916782118,0.3358435167894186,0.49722655692177026,0.0,0.0,0.8354071289225664,,,EXPLORE
215,48,,,0,1,1,1,common,1.0,0.12035221103412708,0.5926130795863024,0.3841642531554773,0.0,0.0,0.839353334409557,,,EXPLORE
216,48,,,0,1,1,1,common,1.0,0.0782289371721826,0.6931413108118407,0.2923836583604889,0.0,0.0,0.8430780034986483,,,EXPLORE
217,48,,,0,1,1,1,common,1.0,0.050848809161918695,0.6464096198685537,0.21992320360091783,0.0,0.0,0.8465991091423501,,,EXPLORE
218,48,,,0,1,1,1,common,0.0,0.9669482740447528,0.5764473375715803,0.44403072473406824,0.0,0.0,0.8499327315189878,,,EXPLORE
219,48,,,0,1,0,0,rare,0.0,0.5410862545908377,0.6916587482777102,0.473147383691099,0.0,0.0,0.8530933008115458,,,EXPLORE
220,48,,,0,1,0,0,rare,1.0,0.6482939345159555,0.6105490670174105,0.525691348938556,0.0,0.0,0.8560938035527673,,,EXPLORE
221,48,,,0,0,0,0,common,1.0,0.4213910574353711,0.6925347229550259,0.49440126148760044,0.0,0.0,0.8468484798931583,,,EXPLORE
222,48,,,0,0,1,1,rare,1.0,0.37148362187091066,0.6564758194001443,0.4575259696025935,0.0,0.0,0.8501690072680029,,,EXPLORE
223,48,,,0,1,1,1,common,0.0,0.7585356457839081,0.5907220982960809,0.5478288724569879,0.0,0.0,0.8533174755568593,,,EXPLORE
224,48,,,0,1,1,1,common,0.0,0.4930481697595403,0.41738063712827994,0.5313946616477536,0.0,0.0,0.8437321820694051,,,EXPLORE
225,48,,,0,0,1,0,rare,1.0,0.9388367774704011,0.3088724865046887,0.6536272963945478,0.0,0.0,0.8329233706739515,,,EXPLORE
226,48,,,0,0,1,0,rare,1.0,0.6102439053557608,0.2610417447934939,0.6406122790829116,0.0,0.0,0.8206414687679376,,,EXPLORE
227,48,,,0,0,1,0,rare,1.0,0.39665853848124455,0.2328540029269323,0.5674261569024115,0.0,0.0,0.8065640753553693,,,EXPLORE
228,48,,,0,0,1,0,rare,0.0,0.742171949987191,0.21578523019828885,0.6198498948278454,0.0,0.0,0.790267305195633,,,EXPLORE
229,48,,,0,0,0,0,common,1.0,0.27390418733299127,0.47569052082295216,0.5160661825793891,0.0,0.0,0.771182446958981,,,EXPLORE
230,48,,,0,1,0,1,rare,0.0,0.18439317139432077,0.35821662021322764,0.4165642792238685,0.0,0.0,0.7485283343883192,,,EXPLORE
231,48,,,0,0,1,1,rare,1.0,0.6795186896562988,0.29139311916099514,0.49545060235359756,0.0,0.0,0.758851665446223,,,EXPLORE
232,48,,,0,0,0,0,common,0.0,0.8219622782335556,0.2315653316508009,0.5934041051175849,0.0,0.0,0.7682694610967613,,,EXPLORE
233,48,,,0,0,0,1,common,0.0,0.1198555614063085,0.4640900864687654,0.45133954200420195,0.0,0.0,0.7450412704746606,,,EXPLORE
234,48,,,0,0,0,0,common,0.0,0.5342754808518111,0.6214311281264169,0.47622032365848466,0.0,0.0,0.7556793186682557,,,EXPLORE
235,48,,,0,0,0,0,common,1.0,0.6527209374463228,0.6826900713208535,0.5291705077948361,0.0,0.0,0.765371210569623,,,EXPLORE
236,48,,,0,1,1,1,common,0.0,0.5583128517234057,0.5043266492501559,0.5379132109734069,0.0,0.0,0.7415640732814893,,,EXPLORE
237,48,,,0,0,0,0,common,1.0,0.4242686093401098,0.4551328554937514,0.5038198304834178,0.0,0.0,0.7127045007858331,,,EXPLORE
238,48,,,0,0,0,0,common,1.0,0.27577459607107135,0.30711734504962745,0.43540626015971384,0.0,0.0,0.6769952156763017,,,EXPLORE
239,48,,,0,0,0,0,common,1.0,0.1792534874461964,0.22798993737119372,0.35856042834565854,0.0,0.0,0.6946536990444268,,,EXPLORE
240,48,,,0,0,0,0,common,1.0,0.1165147668400277,0.18537914667820457,0.2859467298939693,0.0,0.0,0.710331354940875,,,EXPLORE
241,48,,,0,0,1,1,rare,1.0,0.6370966463797862,0.16130790114033755,0.39129170483971437,0.0,0.0,0.7243431092240923,,,EXPLORE
242,48,,,0,1,1,0,common,1.0,0.5175882325083259,0.14711145063738476,0.4291806631402978,0.0,0.0,0.7369404891538938,,,EXPLORE
243,48,,,0,1,1,1,common,0.0,0.5858871798531389,0.34428017378952147,0.47619261815415015,0.0,0.0,0.7483268126475525,,,EXPLORE
244,48,,,0,0,0,0,common,1.0,0.07573459844601804,0.2375020153151961,0.3560552122417105,0.0,0.0,0.7586682103023389,,,EXPLORE
245,48,,,0,0,1,0,rare,0.0,0.6635676488695883,0.22471708033101007,0.4483089432300738,0.0,0.0,0.7681017557072245,,,EXPLORE
246,48,,,0,0,0,0,common,1.0,0.049227488989911694,0.4931505911400125,0.32858450695802516,0.0,0.0,0.7767415520686606,,,EXPLORE
247,48,,,0,1,1,1,common,1.0,0.6191733330954597,0.37733160239262836,0.4157611547992555,0.0,0.0,0.7846833503839807,,,EXPLORE
248,48,,,0,1,0,0,rare,1.0,0.03199786784344261,0.5971429364247596,0.30063216871251164,0.0,0.0,0.7920080965085442,,,EXPLORE
249,48,,,0,0,1,0,rare,0.0,0.4313189717652324,0.6848526114840907,0.33983820962832784,0.0,0.0,0.7987846861589928,,,EXPLORE
250,48,,,0,0,1,1,rare,1.0,0.40246266651204887,0.6190350574024491,0.3586255466934441,0.0,0.0,0.805072126795423,,,EXPLORE
251,48,,,0,1,0,0,rare,0.0,0.9792013859017623,0.6921587643596347,0.5447982984559395,0.0,0.0,0.8109212501965359,,,EXPLORE
252,48,,,0,0,0,0,common,1.0,0.3635190991638545,0.6050321097482236,0.49041453866831397,0.0,0.0,0.795329987544944,,,EXPLORE
253,48,,,0,0,1,1,rare,0.0,0.7383992667671682,0.5101603744499279,0.5648099570979702,0.0,0.0,0.8018646312202922,,,EXPLORE
254,48,,,0,1,1,0,common,0.0,0.28035733164740106,0.6858324431185198,0.4794741694627994,0.0,0.0,0.7847881336826212,,,EXPLORE
255,48,,,0,1,1,1,common,0.0,0.4799595233986593,0.6063525769612268,0.4796197756435574,0.0,0.0,0.7921048962337138,,,EXPLORE
256,48,,,0,0,0,0,common,0.0,0.7637125855434945,0.5234276437231541,0.5648476186135385,0.0,0.0,0.7988743767862727,,,EXPLORE
257,48,,,0,0,0,1,common,0.0,0.07790611491410053,0.6545113741722588,0.41876516750370707,0.0,0.0,0.7812915354593681,,,EXPLORE
258,48,,,0,0,1,0,rare,1.0,0.8177677344291894,0.6918335528381396,0.5384659375813516,0.0,0.0,0.7888769293028643,,,EXPLORE
259,48,,,0,1,1,0,common,0.0,0.4684509726210269,0.540910815113591,0.5174614480932542,0.0,0.0,0.7695431997327843,,,EXPLORE
260,48,,,0,0,0,0,common,1.0,0.5035868193967286,0.48250149424152067,0.5132990594842965,0.0,0.0,0.7465669937768521,,,EXPLORE
261,48,,,0,0,0,0,common,1.0,0.32733143260787356,0.32841327027749095,0.45750877142136964,0.0,0.0,0.7188134442751999,,,EXPLORE
262,48,,,0,1,1,0,common,0.0,0.30449313220366747,0.24405837062834895,0.41160407965605894,0.0,0.0,0.7319605582183112,,,EXPLORE
263,48,,,0,0,0,0,common,1.0,0.21276543119511782,0.21693773887107215,0.35195248511777655,0.0,0.0,0.7438187484323131,,,EXPLORE
264,48,,,0,1,1,1,common,1.0,0.6880263097908714,0.17530047797126733,0.45277463251970496,0.0,0.0,0.7545681864236194,,,EXPLORE
265,48,,,0,0,0,0,common,0.0,0.8617024697231734,0.4014838333113401,0.5754529836807455,0.0,0.0,0.7643569587931612,,,EXPLORE
266,48,,,0,1,1,0,common,0.0,0.19792053593238385,0.6462844492596169,0.46219324935623696,0.0,0.0,0.74034538119125,,,EXPLORE
267,48,,,0,1,0,0,rare,1.0,0.43989339467993727,0.5431201655874955,0.455503292953347,0.0,0.0,0.7514142746085752,,,EXPLORE
268,48,,,0,1,1,0,common,0.0,0.1286483483560495,0.6901033081292922,0.35744680957415775,0.0,0.0,0.7614805130716858,,,EXPLORE
269,48,,,0,0,1,1,rare,0.0,0.5527828986359336,0.6042098103411104,0.4160476362926905,0.0,0.0,0.770673984849513,,,EXPLORE
270,48,,,0,0,0,1,common,0.0,0.050638974694165347,0.6918588786269652,0.3064250378131329,0.0,0.0,0.7791030721382544,,,EXPLORE
271,48,,,0,0,0,0,common,1.0,0.2859307065419592,0.672852496771581,0.30027673843178077,0.0,0.0,0.7868589252013443,,,EXPLORE
272,48,,,0,1,0,0,rare,1.0,0.18585495925227347,0.6411896452637249,0.26595020467792857,0.0,0.0,0.7940187561407035,,,EXPLORE
273,48,,,0,0,1,0,rare,0.0,0.08362142643143217,0.6844706546846424,0.21125157120397964,0.0,0.0,0.8006484049868617,,,EXPLORE
274,48,,,0,0,0,0,common,0.0,0.8791942764860222,0.588143289530568,0.41163438278859243,0.0,0.0,0.8068043590051152,,,EXPLORE
275,48,,,0,0,0,0,common,0.0,0.5714762797159145,0.4911908198452031,0.45958695186678905,0.0,0.0,0.812535356483248,,,EXPLORE
276,48,,,0,0,0,0,common,0.0,0.37145958181534444,0.4247101826267896,0.4331487408513557,0.0,0.0,0.8178836714460084,,,EXPLORE
277,48,,,0,0,0,0,common,1.0,0.7585512718200261,0.3824841256608379,0.5307695001419568,0.0,0.0,0.8228861509789516,,,EXPLORE
278,48,,,0,1,1,1,common,1.0,0.6406911158866432,0.6437317701881503,0.5637459848653626,0.0,0.0,0.8091466472877237,,,EXPLORE
279,48,,,0,0,0,1,common,0.0,0.032915333551207474,0.5308569177873764,0.40449678947111606,0.0,0.0,0.7932700623109488,,,EXPLORE
280,48,,,0,0,0,0,common,1.0,0.49305832668301697,0.4041012917979092,0.43106525063468626,0.0,0.0,0.7999542484050577,,,EXPLORE
281,48,,,0,1,1,1,common,0.0,0.5835507746736819,0.6206720923087695,0.4768109078463849,0.0,0.0,0.8061590220902883,,,EXPLORE
282,48,,,0,0,0,0,common,0.0,0.679512087656039,0.6872688711677782,0.537621261789281,0.0,0.0,0.8119338937953033,,,EXPLORE
283,48,,,0,0,1,1,rare,1.0,0.6206919964621067,0.6611718973437248,0.5625424821911287,0.0,0.0,0.7965042041529388,,,EXPLORE
284,48,,,0,1,0,1,rare,0.0,0.021394966808284857,0.6725300758032459,0.4001982275762755,0.0,0.0,0.7785143588569203,,,EXPLORE
285,48,,,0,0,1,1,rare,0.0,0.5965502022996305,0.569038333360415,0.459103819993282,0.0,0.0,0.7863163721932306,,,EXPLORE
286,48,,,0,1,1,0,common,1.0,0.9456460728195691,0.6843311389430422,0.605066495841168,0.0,0.0,0.7935171641384283,,,EXPLORE
287,48,,,0,0,0,0,common,0.0,0.4416828569764254,0.6343326362547497,0.5560514041817451,0.0,0.0,0.7750072361228678,,,EXPLORE
288,48,,,0,1,1,1,common,1.0,0.6122423685052402,0.5353500987795465,0.5729086934787936,0.0,0.0,0.7530950468531906,,,EXPLORE
289,48,,,0,0,0,0,common,1.0,0.7129061429653235,0.39529945015510004,0.6149079283247525,0.0,0.0,0.7267490863007119,,,EXPLORE
290,48,,,0,1,1,0,common,1.0,0.61466994733272,0.6195829977264827,0.6148365340271427,0.0,0.0,0.6944739840893326,,,EXPLORE
291,48,,,0,0,0,0,common,1.0,0.4633889929274603,0.539173356874956,0.5694022716972379,0.0,0.0,0.6540167411771238,,,EXPLORE
292,48,,,0,1,1,1,common,1.0,0.39795753952840607,0.6606695309556712,0.5179688520465883,0.0,0.0,0.6018173256916346,,,EXPLORE
293,48,,,0,1,1,1,common,1.0,0.258672400693464,0.6215503340908635,0.4401799166406509,0.0,0.0,0.5319000790541647,,,EXPLORE
294,48,,,0,1,1,1,common,0.0,0.8318629395492484,0.5900629868685038,0.5576848235132301,0.0,0.0,0.5698800900794752,,,EXPLORE
295,48,,,0,0,0,0,common,1.0,0.30120284540284925,0.6799240312772725,0.48074023008011585,0.0,0.0,0.4876219015527135,,,EXPLORE
296,48,,,0,0,1,0,rare,0.0,0.600464534233732,0.6231381413164714,0.5166575213262007,0.0,0.0,0.533182964447061,,,EXPLORE
297,48,,,0,0,1,1,rare,0.0,0.5407109107070115,0.6795595725845507,0.5238735381404439,0.0,0.0,0.435266019758287,,,EXPLORE
298,48,,,0,0,1,0,rare,1.0,0.6096980527480742,0.5717762768011276,0.5496208925227329,0.0,0.0,0.2872608150271818,,,EXPLORE
299,48,,,0,0,1,0,rare,0.0,0.6036962657137518,0.6913337783326876,0.5658435044800385,0.0,0.0,0.09090909090909093,,,EXPLORE
300,48,,,0,0,0,0,common,0.0,0.804218150488148,0.5985283124862315,0.6373558982824713,0.0,0.0,0.09090909090909093,,,EXPLORE
301,48,,,0,0,0,0,common,1.0,0.47725820218270376,0.4904098716545241,0.589326589452541,0.0,0.0,0.09090909090909093,,,EXPLORE
302,48,,,0,0,0,1,common,0.0,0.013906728425385158,0.6766037909408349,0.41670063114439426,0.0,0.0,0.09090909090909093,,,EXPLORE
303,48,,,0,0,0,0,common,0.0,0.6897821685812425,0.5671756303272794,0.4986250923754487,0.0,0.0,0.23017705927636645,,,EXPLORE
304,48,,,0,0,1,1,rare,1.0,0.6485379080404425,0.4671525011580464,0.5435989370749469,0.0,0.0,0.33155527035247095,,,EXPLORE
305,48,,,0,0,0,1,common,0.0,0.009039373476500353,0.6700952543589143,0.3832310679954129,0.0,0.0,0.11586571025734585,,,EXPLORE
306,48,,,0,1,1,0,common,1.0,0.6075974272860614,0.558126157737867,0.45054097578260743,0.0,0.0,0.24797294925007637,,,EXPLORE
307,48,,,0,0,1,0,rare,0.0,0.60506167226406,0.43428451819117386,0.4968971847270432,0.0,0.0,0.3448817607084164,,,EXPLORE
308,48,,,0,1,1,1,common,1.0,0.4215496402262877,0.3390690516630132,0.4742929213768165,0.0,0.0,0.41900242740819416,,,EXPLORE
309,48,,,0,1,0,1,rare,0.0,0.00587559275972523,0.2696636327703747,0.3337677227916891,0.0,0.0,0.47752462754236397,,,EXPLORE
310,48,,,0,1,0,0,rare,0.0,0.44835840957780765,0.5124821124382387,0.3681449288275246,0.0,0.0,0.5249013802859563,,,EXPLORE
311,48,,,0,1,1,1,common,1.0,0.27400726614708704,0.6532849326914842,0.3399036300233933,0.0,0.0,0.5640379987336683,,,EXPLORE
312,48,,,0,1,0,0,rare,0.0,0.291432966225575,0.47830611955829283,0.3253624308840478,0.0,0.0,0.5969107420657045,,,EXPLORE
313,48,,,0,1,1,1,common,0.0,0.8218952770043935,0.6390770848561751,0.4743222847201515,0.0,0.0,0.6249106881457865,,,EXPLORE
314,48,,,0,1,1,0,common,0.0,0.39329008697163903,0.6903262423031868,0.4500126253955977,0.0,0.0,0.6490453992711813,,,EXPLORE
315,48,,,0,1,1,1,common,0.0,0.5342319300528557,0.6885885060014436,0.47527841679277516,0.0,0.0,0.6700625675214087,,,EXPLORE
316,48,,,0,1,1,0,common,0.0,0.2556385565315654,0.672212253859318,0.4093864587144122,0.0,0.0,0.6885287218393064,,,EXPLORE
317,48,,,0,1,1,0,common,1.0,0.8338349382544825,0.6556863447952699,0.5367210025764333,0.0,0.0,0.7048809632262009,,,EXPLORE
318,48,,,0,1,1,0,common,0.0,0.4580072901345864,0.6277993211079482,0.5131068888438792,0.0,0.0,0.6671746227972953,,,EXPLORE
319,48,,,0,1,1,1,common,1.0,0.6527492454656437,0.6883162829964425,0.5549995958304086,0.0,0.0,0.6189798042036073,,,EXPLORE
320,48,,,0,0,0,1,common,0.0,0.0038191352938213995,0.5327023632551346,0.3896454576694324,0.0,0.0,0.5552170200692602,,,EXPLORE
321,48,,,0,0,1,0,rare,1.0,0.7022952614125189,0.4687645002442836,0.48344039879235834,0.0,0.0,0.5894580367730384,,,EXPLORE
322,48,,,0,0,0,0,common,0.0,0.18943142804662377,0.6808141266508558,0.39523770756863796,0.0,0.0,0.6185312262829031,,,EXPLORE
323,48,,,0,1,0,1,rare,1.0,0.9975175620590161,0.5960244516601534,0.5759216639157514,0.0,0.0,0.6435232556124647,,,EXPLORE
324,48,,,0,0,0,1,common,0.0,0.3516135846616395,0.4514541976145832,0.5086292401395178,0.0,0.0,0.587999201454283,,,EXPLORE
325,48,,,0,1,1,1,common,1.0,0.4242870095526684,0.36462810225715425,0.483326570963463,0.0,0.0,0.5128861022822558,,,EXPLORE
326,48,,,0,0,1,0,rare,0.0,0.5435080800818627,0.27855530698441044,0.5013810236989829,0.0,0.0,0.5540450336138156,,,EXPLORE
327,48,,,0,1,0,0,rare,0.0,0.12313042823030546,0.23472360798458897,0.3879058450583796,0.0,0.0,0.46522780017684334,,,EXPLORE
328,48,,,0,1,0,1,rare,0.0,0.22854883003006568,0.4552882984398885,0.3400987405498854,0.0,0.0,0.5148587943700564,,,EXPLORE
329,48,,,0,1,1,1,common,0.0,0.7242134437907655,0.6078238471058826,0.4553331515221494,0.0,0.0,0.5556825294655896,,,EXPLORE
330,48,,,0,0,0,1,common,0.0,0.14855673951954268,0.6741452849352665,0.3633002279213674,0.0,0.0,0.5898507012593442,,,EXPLORE
331,48,,,0,1,1,0,common,1.0,0.6467197479467892,0.655201292540734,0.4483260839289939,0.0,0.0,0.6188668811683149,,,EXPLORE
332,48,,,0,0,0,1,common,1.0,0.9034381193122972,0.4401938358808582,0.5848596945439849,0.0,0.0,0.6438134581423919,,,EXPLORE
333,48,,,0,1,1,0,common,0.0,0.5796321638345869,0.6767535771875568,0.5832914353311656,0.0,0.0,0.5883829255923305,,,EXPLORE
334,48,,,0,1,1,0,common,0.0,0.3767609064924815,0.6802206395849031,0.5213322766795603,0.0,0.0,0.5134170481970838,,,EXPLORE
335,48,,,0,1,1,1,common,1.0,0.5292612615360024,0.6239498053693706,0.5237109721364929,0.0,0.0,0.40638606084456685,,,EXPLORE
336,48,,,0,0,0,1,common,0.0,0.41276522244700675,0.6791054759038838,0.490427247229647,0.0,0.0,0.24113105766429435,,,EXPLORE
337,48,,,0,0,0,1,common,0.0,0.2682973945905544,0.6015627229324869,0.4237882914379192,0.0,0.0,0.3397479411990997,,,EXPLORE
338,48,,,0,1,0,1,rare,1.0,0.8256066935161397,0.5274336429268858,0.5443338120613853,0.0,0.0,0.41500877738630404,,,EXPLORE
339,48,,,0,0,1,1,rare,1.0,0.3440198199984016,0.3686850561412502,0.4842396144424902,0.0,0.0,0.25502841897800343,,,EXPLORE
340,48,,,0,1,0,1,rare,0.0,0.4633556492145092,0.615475826934451,0.4779744248740959,0.0,0.0,0.3501893156416232,,,EXPLORE
341,48,,,0,1,1,1,common,1.0,0.22361288299896098,0.6916272986012326,0.4016659623115554,0.0,0.0,0.4231392648042423,,,EXPLORE
342,48,,,0,1,1,1,common,1.0,0.14534837394932465,0.6378857610059607,0.32477068580288615,0.0,0.0,0.4808391889901743,,,EXPLORE
343,48,,,0,1,0,1,rare,1.0,0.6988188280105689,0.5409127639093874,0.436985128465191,0.0,0.0,0.5276163946277412,,,EXPLORE
344,48,,,0,1,1,0,common,1.0,0.755105410779887,0.4669153441455185,0.5324212131595998,0.0,0.0,0.5663024570812171,,,EXPLORE
345,48,,,0,0,0,1,common,0.0,0.5457677617931301,0.41830135995642437,0.5364251777496588,0.0,0.0,0.4825882714182579,,,EXPLORE
346,48,,,0,1,0,1,rare,1.0,0.6452509548344654,0.2867015245484773,0.5690729108751007,0.0,0.0,0.36035609113214456,,,EXPLORE
347,48,,,0,1,1,0,common,0.0,0.5091814829930734,0.26150840767896794,0.5511054825104925,0.0,0.0,0.16509157617780826,,,EXPLORE
348,48,,,0,0,1,1,rare,1.0,0.09447644306706104,0.534049762132115,0.41411677067746305,0.0,0.0,0.09090909090909093,,,EXPLORE
349,48,,,0,0,1,1,rare,0.0,0.9385903120064103,0.6853150973866992,0.5714588330761472,0.0,0.0,0.23017705927636645,,,EXPLORE
350,48,,,0,1,1,1,common,1.0,0.3899162971958332,0.5795549553510666,0.516996072312053,0.0,0.0,0.09090909090909093,,,EXPLORE
351,48,,,0,0,1,1,rare,1.0,0.25344559317729165,0.46087281112344836,0.4379309285716246,0.0,0.0,0.09090909090909093,,,EXPLORE
352,48,,,0,1,1,0,common,0.0,0.33096796394549777,0.6417139322084824,0.4058420391837865,0.0,0.0,0.23017705927636645,,,EXPLORE
353,48,,,0,1,1,1,common,0.0,0.8352603644347605,0.6750655626554349,0.5346675367590786,0.0,0.0,0.33155527035247095,,,EXPLORE
354,48,,,0,0,0,1,common,1.0,0.41941312064240255,0.5699233653393692,0.5000912119240758,0.0,0.0,0.11586571025734585,,,EXPLORE
355,48,,,0,1,1,1,common,0.0,0.5429192368825944,0.44161866678290496,0.5129396194116314,0.0,0.0,0.09090909090909093,,,EXPLORE
356,48,,,0,1,1,1,common,1.0,0.6471024960263136,0.3466744497206159,0.553188482396036,0.0,0.0,0.09090909090909093,,,EXPLORE
357,48,,,0,1,1,1,common,1.0,0.42061662241710385,0.5868376857706665,0.5134169244023563,0.0,0.0,0.09090909090909093,,,EXPLORE
358,48,,,0,1,0,1,rare,0.0,0.7273814715824383,0.6852484479572358,0.5776062885563809,0.0,0.0,0.09090909090909093,,,EXPLORE
359,48,,,0,0,0,1,common,0.0,0.47279795652858486,0.54491844124454,0.546163788948042,0.0,0.0,0.09090909090909093,,,EXPLORE
360,48,,,0,1,1,0,common,0.0,0.21512917656457356,0.68979465410146,0.44685340523300143,0.0,0.0,0.09090909090909093,,,EXPLORE
361,48,,,0,1,1,1,common,1.0,0.2734008045711175,0.6244870330615881,0.39481762503443624,0.0,0.0,0.23017705927636645,,,EXPLORE
362,48,,,0,1,0,1,rare,0.0,0.3073186717435802,0.6860516109978683,0.3685679390471794,0.0,0.0,0.33155527035247095,,,EXPLORE
363,48,,,0,1,1,1,common,1.0,0.17771052297122636,0.6621206693982804,0.31131071422439344,0.0,0.0,0.40865139461585376,,,EXPLORE
364,48,,,0,1,1,1,common,0.0,0.8844881600687029,0.6726237606388362,0.48326394797768624,0.0,0.0,0.46925370836719743,,,EXPLORE
365,48,,,0,1,1,0,common,1.0,0.8601660352330271,0.673976447318094,0.5963345741542885,0.0,0.0,0.5181414926281387,,,EXPLORE
366,48,,,0,0,1,1,rare,1.0,0.4250826959553431,0.6649972462641075,0.5449590106946048,0.0,0.0,0.41333318615415215,,,EXPLORE
367,48,,,0,1,1,0,common,0.0,0.4408920770985323,0.6849565878794637,0.513738930615783,0.0,0.0,0.2523362119455756,,,EXPLORE
368,48,,,0,1,0,0,rare,1.0,0.9199652216503015,0.5647026728091262,0.6356068179261385,0.0,0.0,0.09090909090909093,,,EXPLORE
369,48,,,0,0,1,1,rare,0.0,0.723696247629027,0.6867680862298086,0.662033646837005,0.0,0.0,0.09090909090909093,,,EXPLORE
370,48,,,0,1,1,1,common,1.0,0.5295974390411324,0.6364766673805045,0.6223027844982433,0.0,0.0,0.09090909090909093,,,EXPLORE
371,48,,,0,1,1,1,common,0.0,0.6557616646232638,0.5297217236039155,0.6323404485357494,0.0,0.0,0.09090909090909093,,,EXPLORE
372,48,,,0,0,0,0,common,1.0,0.5979773940726959,0.6873363765538099,0.6220315321968333,0.0,0.0,0.09090909090909093,,,EXPLORE
373,48,,,0,0,0,0,common,1.0,0.3886853061472524,0.6520309236634124,0.5520276643819589,0.0,0.0,0.09090909090909093,,,EXPLORE
374,48,,,0,1,1,0,common,1.0,0.713420149885954,0.560595631807929,0.6004454100331574,0.0,0.0,0.09090909090909093,,,EXPLORE
375,48,,,0,0,1,1,rare,1.0,0.5737549179948785,0.6753501404600307,0.5924382624216737,0.0,0.0,0.09090909090909093,,,EXPLORE
376,48,,,0,0,1,0,rare,0.0,0.5362769025741299,0.6323839500696249,0.5755898544674105,0.0,0.0,0.09090909090909093,,,EXPLORE
377,48,,,0,0,0,0,common,1.0,0.25264544899571406,0.6673614201005506,0.47870653282590153,0.0,0.0,0.09090909090909093,,,EXPLORE
378,48,,,0,0,1,1,rare,0.0,0.6270593033033289,0.6894207284574507,0.5232123639691297,0.0,0.0,0.23017705927636645,,,EXPLORE
379,48,,,0,1,0,0,rare,1.0,0.1642195418472141,0.6164572605799491,0.415514517332555,0.0,0.0,0.09090909090909093,,,EXPLORE
380,48,,,0,0,0,1,common,0.0,0.19975713663332711,0.5221410812732833,0.3507873031227866,0.0,0.0,0.23017705927636645,,,EXPLORE
381,48,,,0,0,0,0,common,1.0,0.10674270220068915,0.3801517935774677,0.27757392284615734,0.0,0.0,0.33155527035247095,,,EXPLORE
382,48,,,0,0,0,0,common,0.0,0.930617243569552,0.5923419265853442,0.47348691906317575,0.0,0.0,0.40865139461585376,,,EXPLORE
383,48,,,0,1,0,0,rare,1.0,0.39509879167979123,0.42835270534715164,0.4499704808481604,0.0,0.0,0.46925370836719743,,,EXPLORE
384,48,,,0,1,1,1,common,1.0,0.5924114528528361,0.36198425261962175,0.49270277244956306,0.0,0.0,0.5181414926281387,,,EXPLORE
385,48,,,0,1,0,0,rare,1.0,0.2568142145918644,0.32149095374560344,0.42193620509225344,0.0,0.0,0.5584101936095955,,,EXPLORE
386,48,,,0,1,1,0,common,0.0,0.3485799866731844,0.29661284514681185,0.3999293395665327,0.0,0.0,0.5921529537657815,,,EXPLORE
387,48,,,0,0,1,1,rare,1.0,0.3850674443543435,0.5763841477842059,0.39547077100287586,0.0,0.0,0.6208359130085537,,,EXPLORE
388,48,,,0,0,1,0,rare,1.0,0.7734230086624301,0.6912192002171792,0.5088564423007421,0.0,0.0,0.6455166258956538,,,EXPLORE
389,48,,,0,0,0,0,common,1.0,0.16692923948471183,0.6669453749394867,0.406278281455933,0.0,0.0,0.5906331472441102,,,EXPLORE
390,48,,,0,1,1,1,common,0.0,0.7497061611696767,0.6110311026589059,0.5093066453700561,0.0,0.0,0.6195358799221233,,,EXPLORE
391,48,,,0,0,1,0,rare,0.0,0.4972750443694204,0.4300255360918246,0.5056971650698654,0.0,0.0,0.555967036531352,,,EXPLORE
392,48,,,0,0,0,1,common,0.0,0.12984213881166262,0.6567007989351517,0.3929406571924045,0.0,0.0,0.4679617760513922,,,EXPLORE
393,48,,,0,0,0,1,common,1.0,0.9156026097724193,0.6882554936378069,0.549739242966409,0.0,0.0,0.5170875108049665,,,EXPLORE
394,48,,,0,1,1,0,common,0.0,0.32322877884012324,0.6330753215133073,0.4817861037285232,0.0,0.0,0.41178576903619224,,,EXPLORE
395,48,,,0,0,1,1,rare,0.0,0.4873090047602899,0.5257271184610279,0.48344297403805314,0.0,0.0,0.47175479936475606,,,EXPLORE
396,48,,,0,0,0,0,common,1.0,0.10850400566506269,0.6668452771481262,0.370961283526156,0.0,0.0,0.5201834043173725,,,EXPLORE
397,48,,,0,0,1,1,rare,1.0,0.6832491469058115,0.5104532859748521,0.46464764254005264,0.0,0.0,0.5601086009728673,,,EXPLORE
398,48,,,0,0,0,0,common,1.0,0.07052760368229072,0.38439841702704486,0.34641163088272403,0.0,0.0,0.5935877053317111,,,EXPLORE
399,48,,,0,1,1,0,common,0.0,0.21009870624608012,0.30889327173733505,0.3055177534917308,0.0,0.0,0.6220638987314767,,,EXPLORE
400,48,,,0,0,0,0,common,1.0,0.04584294239348896,0.24450614233608728,0.22761531016225828,0.0,0.0,0.6465794724752337,,,EXPLORE
401,48,,,0,1,1,1,common,1.0,0.4441119454887775,0.20737230057507575,0.29256430076021406,0.0,0.0,0.6679059888890032,,,EXPLORE
402,48,,,0,1,1,1,common,1.0,0.2886727645677054,0.4265912044613157,0.29139683990246146,0.0,0.0,0.686626821808343,,,EXPLORE
403,48,,,0,0,0,0,common,0.0,0.9702020874442322,0.5900327773676053,0.49503841416499267,0.0,0.0,0.7031912344497231,,,EXPLORE
404,48,,,0,1,0,0,rare,1.0,0.36936864316124907,0.6831723976176923,0.45733748286386955,0.0,0.0,0.7179508229716722,,,EXPLORE
405,48,,,0,1,1,1,common,1.0,0.18763729696900855,0.6231552598046199,0.3764274270954112,0.0,0.0,0.7311846886970224,,,EXPLORE
406,48,,,0,0,1,1,rare,0.0,0.8780357569701445,0.562841831081387,0.5269099260578312,0.0,0.0,0.7431172066564042,,,EXPLORE
407,48,,,0,1,1,1,common,1.0,0.4292767579694061,0.3856225070539493,0.49761997563130367,0.0,0.0,0.7146035378969832,,,EXPLORE
408,48,,,0,1,1,1,common,1.0,0.279029892680114,0.34207672087194446,0.43204295074594673,0.0,0.0,0.7281765672351688,,,EXPLORE
409,48,,,0,0,0,0,common,1.0,0.24008961805481188,0.31519179977173906,0.3744569509386062,0.0,0.0,0.7403993252643036,,,EXPLORE
410,48,,,0,0,1,1,rare,1.0,0.18136943024207408,0.5033213174596372,0.31653069472964657,0.0,0.0,0.7514632236180172,,,EXPLORE
411,48,,,0,1,1,1,common,1.0,0.11789012965734813,0.618322459103887,0.256938525207957,0.0,0.0,0.7615251278506652,,,EXPLORE
412,48,,,0,0,0,0,common,0.0,0.8439417482643723,0.6026772290037777,0.4330394921248816,0.0,0.0,0.7707148146040436,,,EXPLORE
413,48,,,0,1,1,1,common,1.0,0.07662858427727626,0.3816533781823426,0.32611621977059996,0.0,0.0,0.7791405770590795,,,EXPLORE
414,48,,,0,1,0,0,rare,1.0,0.45143786362815796,0.369513900234512,0.36371271292786733,0.0,0.0,0.7868934937939982,,,EXPLORE
415,48,,,0,0,0,0,common,0.0,0.7065653886416974,0.3617153753118854,0.4665685156420163,0.0,0.0,0.794050718659052,,,EXPLORE
416,48,,,0,1,1,1,common,1.0,0.04980857978022957,0.23713447561033646,0.3415405348834803,0.0,0.0,0.8006780439552122,,,EXPLORE
417,48,,,0,1,0,1,rare,0.0,0.4048583036479274,0.23328809358463537,0.3605358655128144,0.0,0.0,0.8068319175393172,,,EXPLORE
418,48,,,0,1,1,1,common,1.0,0.0323755768571492,0.5135198842372133,0.2620877789161148,0.0,0.0,0.8125610449297782,,,EXPLORE
419,48,,,0,1,1,1,common,1.0,0.021044124957147026,0.40238312347474814,0.18977468272842443,0.0,0.0,0.8179076727227478,,,EXPLORE
420,48,,,0,1,0,0,rare,0.0,0.4592675026171033,0.3340477923073753,0.27062252869502806,0.0,0.0,0.8229086249044857,,,EXPLORE
421,48,,,0,1,1,1,common,1.0,0.01367868122214555,0.5892941221888964,0.1935393744531633,0.0,0.0,0.8275961458399294,,,EXPLORE
422,48,,,0,1,1,1,common,0.0,0.9911088572056054,0.4546989371600235,0.4328102192788959,0.0,0.0,0.831998590743982,,,EXPLORE
423,48,,,0,1,0,0,rare,1.0,0.7014761232988829,0.6502693805007913,0.513409990484892,0.0,0.0,0.8361409948863068,,,EXPLORE
424,48,,,0,0,0,0,common,0.0,0.5440405198557261,0.5075980143947713,0.5225991492961422,0.0,0.0,0.8243080259176234,,,EXPLORE
425,48,,,0,1,1,1,common,1.0,0.3557792428163564,0.41068464735862076,0.4725531773522064,0.0,0.0,0.8107802946125678,,,EXPLORE
426,48,,,0,0,1,1,rare,0.0,0.7687434921693683,0.3089601759006063,0.561410271797355,0.0,0.0,0.8162444743069763,,,EXPLORE
427,48,,,0,0,1,1,rare,0.0,0.49968326991008943,0.25765719442581286,0.5428921712311753,0.0,0.0,0.8014925019457996,,,EXPLORE
428,48,,,0,0,1,0,rare,1.0,0.8634358409400479,0.22768611131555722,0.639055272143837,0.0,0.0,0.7843534244267135,,,EXPLORE
429,48,,,0,0,0,0,common,1.0,0.646373662093778,0.4825460987291652,0.6412507891288192,0.0,0.0,0.764197936132926,,,EXPLORE
430,48,,,0,0,1,1,rare,0.0,0.32479412544155817,0.6452907949543005,0.5463137900226409,0.0,0.0,0.7401542182467987,,,EXPLORE
431,48,,,0,0,0,1,common,0.0,0.2631578973711528,0.4765695205472711,0.46136702222719445,0.0,0.0,0.7109786635974686,,,EXPLORE
432,48,,,0,0,0,1,common,0.0,0.1710526332912493,0.3545785765698972,0.3742727055464109,0.0,0.0,0.724923522749224,,,EXPLORE
433,48,,,0,0,1,0,rare,1.0,0.5612332966110312,0.28380312976734057,0.430360882865797,0.0,0.0,0.7374638407429241,,,EXPLORE
434,48,,,0,1,1,1,common,0.0,0.21111618153701284,0.5302138394462177,0.3645874724671617,0.0,0.0,0.7488010986319444,,,EXPLORE
435,48,,,0,1,1,0,common,0.0,0.6351983572028297,0.6895716311351116,0.4457707378878621,0.0,0.0,0.7590999998592696,,,EXPLORE
436,48,,,0,1,1,1,common,1.0,0.8627744820009416,0.6588324421491938,0.570871861121786,0.0,0.0,0.7684964956059609,,,EXPLORE
437,48,,,0,1,0,0,rare,1.0,0.4201428803609557,0.6725608342815695,0.5256531668935369,0.0,0.0,0.74531332899486,,,EXPLORE
438,48,,,0,0,1,1,rare,0.0,0.43919658669938794,0.5776120904642364,0.49971619283529223,0.0,0.0,0.7172848548355849,,,EXPLORE
439,48,,,0,1,1,1,common,1.0,0.7145222186453979,0.4378162462502418,0.5641580005783239,0.0,0.0,0.730585878632575,,,EXPLORE
440,48,,,0,1,1,1,common,0.0,0.5355605578804914,0.351786792137332,0.5555787677689741,0.0,0.0,0.6992155854149704,,,EXPLORE
441,48,,,0,0,0,0,common,0.0,0.7269071277653788,0.5967990325789447,0.6069772757678955,0.0,0.0,0.6600251378314355,,,EXPLORE
442,48,,,0,1,1,1,common,1.0,0.6518856373776806,0.5101308209242166,0.620449784250831,0.0,0.0,0.6096768909164385,,,EXPLORE
443,48,,,0,1,1,1,common,0.0,0.5762743357045076,0.3651895241342782,0.607197149686934,0.0,0.0,0.5426188242671979,,,EXPLORE
444,48,,,0,1,1,0,common,1.0,0.5871210678181606,0.5765304830418769,0.601174325126302,0.0,0.0,0.4488829575475176,,,EXPLORE
445,48,,,0,1,1,1,common,1.0,0.62542168179207,0.40901041708735697,0.6084485321260323,0.0,0.0,0.30860519934445435,,,EXPLORE
446,48,,,0,0,1,1,rare,0.0,0.5934759068351545,0.30586977390077413,0.6039567445387689,0.0,0.0,0.09090909090909093,,,EXPLORE
447,48,,,0,0,1,0,rare,0.0,0.6183713059181956,0.2568133859332142,0.6082811129525969,0.0,0.0,0.09090909090909093,,,EXPLORE
448,48,,,0,1,1,1,common,1.0,0.6142406605571495,0.22804594034443257,0.6100689772339627,0.0,0.0,0.09090909090909093,,,EXPLORE
449,48,,,0,1,1,0,common,1.0,0.5980586511531729,0.18167753042017376,0.6064658794097257,0.0,0.0,0.09090909090909093,,,EXPLORE
450,48,,,0,1,1,1,common,1.0,0.3992564293621472,0.15587036110071567,0.5443030443954522,0.0,0.0,0.09090909090909093,,,EXPLORE
451,48,,,0,1,0,0,rare,1.0,0.5275103669525038,0.14081240777189868,0.5392652411625677,0.0,0.0,0.09090909090909093,,,EXPLORE
452,48,,,0,0,1,0,rare,0.0,0.6112618767504376,0.13171131092528643,0.5608642318389286,0.0,0.0,0.09090909090909093,,,EXPLORE
453,48,,,0,0,1,1,rare,1.0,0.2595166790853958,0.12074444312981394,0.4704599660128687,0.0,0.0,0.09090909090909093,,,EXPLORE
454,48,,,0,1,1,1,common,1.0,0.16868584140550724,0.305920364915651,0.37992772863066027,0.0,0.0,0.23017705927636645,,,EXPLORE
455,48,,,0,1,1,1,common,0.0,0.8903542030864203,0.29499060688216716,0.5330556709673883,0.0,0.0,0.33155527035247095,,,EXPLORE
456,48,,,0,0,0,0,common,1.0,0.3428817385191274,0.5838828857384186,0.47600349123290997,0.0,0.0,0.11586571025734585,,,EXPLORE
457,48,,,0,0,1,1,rare,0.0,0.5787302320061732,0.6910405412055005,0.5068215134648889,0.0,0.0,0.24797294925007637,,,EXPLORE
458,48,,,0,1,1,0,common,0.0,0.3973202198877845,0.5880539592600027,0.47397112539175756,0.0,0.0,0.09090909090909093,,,EXPLORE
459,48,,,0,0,0,0,common,1.0,0.2228731300374328,0.6922560408093996,0.3986417267854601,0.0,0.0,0.23017705927636645,,,EXPLORE
460,48,,,0,0,1,1,rare,1.0,0.6238253491959874,0.6242696371643768,0.4661968135086183,0.0,0.0,0.33155527035247095,,,EXPLORE
461,48,,,0,0,1,1,rare,1.0,0.4054864769773918,0.5140309414930332,0.4479837125492503,0.0,0.0,0.40865139461585376,,,EXPLORE
462,48,,,0,0,0,0,common,1.0,0.14486753452433132,0.4336227406867528,0.3570488591417746,0.0,0.0,0.46925370836719743,,,EXPLORE
463,48,,,0,1,1,1,common,1.0,0.26356621003530467,0.38231951007613363,0.3290040644098336,0.0,0.0,0.5181414926281387,,,EXPLORE
464,48,,,0,1,1,1,common,1.0,0.17131803652294808,0.5629748361019465,0.2816982560437679,0.0,0.0,0.5584101936095955,,,EXPLORE
465,48,,,0,1,1,1,common,1.0,0.11135672373991623,0.655478868380961,0.23059579635261238,0.0,0.0,0.5921529537657815,,,EXPLORE
466,48,,,0,0,0,0,common,1.0,0.09416389744081533,0.6875959108040459,0.18966622667907326,0.0,0.0,0.6208359130085537,,,EXPLORE
467,48,,,0,0,0,0,common,1.0,0.06120653333652992,0.6768761975054168,0.15112831867631024,0.0,0.0,0.6455166258956538,,,EXPLORE
468,48,,,0,0,0,0,common,1.0,0.03978424666874447,0.6670687402595661,0.11772509707404051,0.0,0.0,0.6669771225069359,,,EXPLORE
469,48,,,0,1,1,1,common,1.0,0.07238187043094557,0.659568560566575,0.10412212908111203,0.0,0.0,0.6858081495669813,,,EXPLORE
470,48,,,0,0,0,0,common,1.0,0.025859760334683957,0.6819598459689367,0.08064341845718359,0.0,0.0,0.7024642847715783,,,EXPLORE
471,48,,,0,0,0,0,common,0.0,0.9831911557824554,0.6786781051139135,0.3514077396547651,0.0,0.0,0.7173010333450142,,,EXPLORE
472,48,,,0,1,1,0,common,1.0,0.74174185707294,0.5762438225213734,0.46850797488021756,0.0,0.0,0.7306004237646555,,,EXPLORE
473,48,,,0,1,0,0,rare,1.0,0.36092574874140393,0.5458958529160444,0.43623330703857344,0.0,0.0,0.7425890580670904,,,EXPLORE
474,48,,,0,1,1,1,common,1.0,0.047048215780114644,0.5253378694506873,0.31947777966103574,0.0,0.0,0.7534510902583895,,,EXPLORE
475,48,,,0,0,0,0,common,1.0,0.23460173668191253,0.5117258416620489,0.29401496676729877,0.0,0.0,0.763337721105509,,,EXPLORE
476,48,,,0,1,0,0,rare,1.0,0.15249112884324312,0.6143808262538989,0.25155781539008204,0.0,0.0,0.7723742534998811,,,EXPLORE
477,48,,,0,0,0,0,common,1.0,0.09911923374810805,0.6071887531436078,0.20582624089748983,0.0,0.0,0.7806654095703525,,,EXPLORE
478,48,,,0,0,0,0,common,0.0,0.9355724980637298,0.6582604252259336,0.4247501180473618,0.0,0.0,0.7882993894728533,,,EXPLORE
479,48,,,0,1,0,0,rare,0.0,0.6081221237414244,0.4252106254797026,0.4797617197555805,0.0,0.0,0.7953510060940612,,,EXPLORE
480,48,,,0,0,0,0,common,1.0,0.6047206195680741,0.6781027057622732,0.5172493896993285,0.0,0.0,0.8018841321522703,,,EXPLORE
481,48,,,0,0,1,0,rare,0.0,0.517867792902589,0.6834522482890752,0.5174349106603067,0.0,0.0,0.7848109106423882,,,EXPLORE
482,48,,,0,0,1,1,rare,1.0,0.030581340257074485,0.633734341850108,0.371378839539337,0.0,0.0,0.7647393722810055,,,EXPLORE
483,48,,,0,1,0,0,rare,1.0,0.39306840271924814,0.6928950939404446,0.37788570849331027,0.0,0.0,0.7736583060317334,,,EXPLORE
484,48,,,0,1,1,1,common,0.0,0.9801221288329016,0.6671442868689297,0.5585566345951876,0.0,0.0,0.7818460083582824,,,EXPLORE
485,48,,,0,0,1,1,rare,1.0,0.36292061625861394,0.6489567604314165,0.49986582909421545,0.0,0.0,0.761227032060651,,,EXPLORE
486,48,,,0,1,0,1,rare,0.0,0.11118421163931205,0.5621327187033315,0.3832613438577444,0.0,0.0,0.7704420225980972,,,EXPLORE
487,48,,,0,0,0,0,common,1.0,0.25549446176751134,0.40932756277892823,0.34493127923067446,0.0,0.0,0.7788900107094209,,,EXPLORE
488,48,,,0,1,1,1,common,1.0,0.23589840056809908,0.34162178273773736,0.3122214156319018,0.0,0.0,0.7866625547077082,,,EXPLORE
489,48,,,0,0,0,0,common,1.0,0.16607140014888233,0.5480656637155895,0.26837641098699594,0.0,0.0,0.7938371982331213,,,EXPLORE
490,48,,,0,0,1,1,rare,1.0,0.1533339603692644,0.5029991220130715,0.23386367580167644,0.0,0.0,0.8004800529345008,,,EXPLORE
491,48,,,0,1,1,1,common,1.0,0.09966707424002186,0.47292206164308925,0.19360469533318006,0.0,0.0,0.8066478303163241,,,EXPLORE
492,48,,,0,0,0,0,common,1.0,0.10794641009677353,0.602503174745755,0.1679072097622581,0.0,0.0,0.8123894551085717,,,EXPLORE
493,48,,,0,0,0,0,common,0.0,0.9298348334370972,0.5858831607852688,0.3964854968647098,0.0,0.0,0.8177473573763456,,,EXPLORE
494,48,,,0,1,1,1,common,1.0,0.06478359825601421,0.677048466786937,0.2969749272821011,0.0,0.0,0.8227585156042576,,,EXPLORE
495,48,,,0,1,1,1,common,0.0,0.9578906611335908,0.6254766617097003,0.495249647437548,0.0,0.0,0.8274553050060394,,,EXPLORE
496,48,,,0,1,0,0,rare,1.0,0.3956073582658868,0.675646836363879,0.46535696068604965,0.0,0.0,0.831866192210616,,,EXPLORE
497,48,,,0,0,0,0,common,1.0,0.2571447828728264,0.6833262792329298,0.4028933073420826,0.0,0.0,0.8360163078306788,,,EXPLORE
498,48,,,0,0,1,1,rare,0.0,0.622628929736834,0.6856775822231411,0.46881399406050805,0.0,0.0,0.8399279212454842,,,EXPLORE
499,48,,,0,1,1,0,common,0.0,0.33661406538668287,0.617049673628661,0.42915401545836046,0.0,0.0,0.8436208365423061,,,EXPLORE
500,48,,,0,0,0,0,common,0.0,0.8328558911326629,0.6899775862553109,0.5502645781606512,0.0,0.0,0.8471127244794389,,,EXPLORE
501,48,,,0,0,1,0,rare,1.0,0.7812008574986562,0.6594983268498329,0.6195454619620526,0.0,0.0,0.8367442634424802,,,EXPLORE
502,48,,,0,1,1,1,common,1.0,0.5952911956710578,0.6710265035458807,0.6122691820747541,0.0,0.0,0.8249944788939922,,,EXPLORE
503,48,,,0,0,1,1,rare,1.0,0.3869392771861877,0.6786472348597861,0.5446702106081841,0.0,0.0,0.8115683604534291,,,EXPLORE
504,48,,,0,1,1,1,common,0.0,0.748489469828978,0.6836798215744597,0.6058159883744223,0.0,0.0,0.7960804517896177,,,EXPLORE
505,48,,,0,0,1,0,rare,1.0,0.5077805573741265,0.5459469416998795,0.5764053590743335,0.0,0.0,0.7780173115678313,,,EXPLORE
506,48,,,0,0,1,0,rare,0.0,0.6699426377068178,0.45720387644800764,0.6044665426640788,0.0,0.0,0.7566795855070508,,,EXPLORE
507,48,,,0,1,0,0,rare,1.0,0.4586436707637691,0.6693605841922605,0.560719681093986,0.0,0.0,0.731089483968977,,,EXPLORE
508,48,,,0,0,0,0,common,1.0,0.2981183859964499,0.6760385714331243,0.4819392925647251,0.0,0.0,0.6998368977998335,,,EXPLORE
509,48,,,0,0,0,1,common,0.0,0.07226973756555283,0.6829568248219626,0.35903842606497344,0.0,0.0,0.7149540940539973,,,EXPLORE
510,48,,,0,0,1,1,rare,0.0,0.48651815538883575,0.6379302364748485,0.3972823448621321,0.0,0.0,0.7284914144537558,,,EXPLORE
511,48,,,0,0,0,0,common,1.0,0.19377695089769242,0.5161388601905504,0.3362307266728002,0.0,0.0,0.7406836406278811,,,EXPLORE
512,48,,,0,0,0,0,common,1.0,0.12595501808350007,0.6801011232586829,0.27314801409601014,0.0,0.0,0.7517212297553717,,,EXPLORE
513,48,,,0,0,0,0,common,1.0,0.0818707617542751,0.6806510962441179,0.21576483839348962,0.0,0.0,0.7617603031671951,,,EXPLORE
514,48,,,0,0,0,0,common,1.0,0.05321599514027886,0.6297004551969994,0.16700018541752637,0.0,0.0,0.770930050297983,,,EXPLORE
515,48,,,0,1,1,1,common,1.0,0.6837631989972568,0.5805899077895319,0.3220290894914455,0.0,0.0,0.779338295999649,,,EXPLORE
516,48,,,0,1,1,0,common,1.0,0.5645372854905684,0.6653102167261543,0.39478154829118234,0.0,0.0,0.7870757416470653,,,EXPLORE
517,48,,,0,0,0,0,common,0.0,0.9654096031588187,0.6908933766861967,0.5659699647514732,0.0,0.0,0.7942192345350981,,,EXPLORE
518,48,,,0,1,0,0,rare,0.0,0.6275162420532322,0.5643346083568671,0.5844338479420009,0.0,0.0,0.7758322642917103,,,EXPLORE
519,48,,,0,1,0,0,rare,0.0,0.40788555733460097,0.6921937068508697,0.5314693607597809,0.0,0.0,0.7540783532768224,,,EXPLORE
520,48,,,0,1,1,0,common,0.0,0.6330507644311305,0.6100348354912537,0.5619437818611858,0.0,0.0,0.7279409382989966,,,EXPLORE
521,48,,,0,1,1,0,common,0.0,0.4114829968802348,0.5086712385570576,0.5168055463669005,0.0,0.0,0.6959484276574959,,,EXPLORE
522,48,,,0,1,1,0,common,0.0,0.26746394797215267,0.43661232470698286,0.44200306684847607,0.0,0.0,0.6558875241254334,,,EXPLORE
523,48,,,0,1,1,1,common,1.0,0.4444460793482169,0.3904870440378878,0.4427359705983983,0.0,0.0,0.6760573652178192,,,EXPLORE
524,48,,,0,0,0,0,common,0.0,0.26512561226749065,0.6475357167070251,0.38945286309912597,0.0,0.0,0.6938241246174105,,,EXPLORE
525,48,,,0,1,1,1,common,0.0,0.711110048423659,0.6892573761104601,0.48595001869648585,0.0,0.0,0.70959236856525,,,EXPLORE
526,48,,,0,1,1,1,common,0.0,0.46222153147537837,0.6733509953128485,0.47883147253015357,0.0,0.0,0.7236806758190014,,,EXPLORE
527,48,,,0,0,0,0,common,1.0,0.8276683520261311,0.6228281122392578,0.5834825363789468,0.0,0.0,0.7363433300207496,,,EXPLORE
528,48,,,0,0,1,0,rare,1.0,0.8261484338181008,0.43899052170507613,0.656282305610693,0.0,0.0,0.7063041690388345,,,EXPLORE
529,48,,,0,0,1,1,rare,1.0,0.6995560045410041,0.3175988202382043,0.6692644152897863,0.0,0.0,0.6689656303471401,,,EXPLORE
530,48,,,0,1,0,0,rare,0.0,0.46201557118301484,0.24999275202213797,0.6070897620577549,0.0,0.0,0.621301921689205,,,EXPLORE
531,48,,,0,1,1,1,common,0.0,0.5452885970483473,0.21163914409891751,0.5885494125549326,0.0,0.0,0.5583467572540822,,,EXPLORE
532,48,,,0,1,0,1,rare,0.0,0.04697532941760934,0.18925907170933243,0.42607718761373564,0.0,0.0,0.4713407374668497,,,EXPLORE
533,48,,,0,0,1,1,rare,1.0,0.6455624119185742,0.17576238317125073,0.4919227549051872,0.0,0.0,0.5198452261444282,,,EXPLORE
534,48,,,0,1,1,1,common,1.0,0.4196155677470732,0.14718602356933516,0.47023059875775297,0.0,0.0,0.5598272211811774,,,EXPLORE
535,48,,,0,1,1,1,common,0.0,0.7272498809644024,0.3601275023261433,0.5473363834197478,0.0,0.0,0.5933499407702586,,,EXPLORE
536,48,,,0,1,0,0,rare,1.0,0.6996898787310404,0.25841382275347835,0.5930424320131356,0.0,0.0,0.5202745527610648,,,EXPLORE
537,48,,,0,1,1,1,common,1.0,0.5272875773731385,0.47384533176469024,0.5733159756211365,0.0,0.0,0.4164606168894803,,,EXPLORE
538,48,,,0,0,0,1,common,0.0,0.030533964121446072,0.6155198655696135,0.4104813721712293,0.0,0.0,0.2573578699303243,,,EXPLORE
539,48,,,0,0,0,0,common,1.0,0.4547984211751763,0.6714234657392362,0.4237764868724134,0.0,0.0,0.35194468454848565,,,EXPLORE
540,48,,,0,0,1,1,rare,1.0,0.3427369252925401,0.6895064194581872,0.3994646183984514,0.0,0.0,0.42450924409455526,,,EXPLORE
541,48,,,0,0,0,0,common,1.0,0.2956189737638646,0.6559382354530627,0.36831092500807533,0.0,0.0,0.48193800127072745,,,EXPLORE
542,48,,,0,0,0,0,common,1.0,0.19215233294651202,0.6180227448775821,0.31546334738960635,0.0,0.0,0.5285172098607898,,,EXPLORE
543,48,,,0,1,1,1,common,1.0,0.22277900144015106,0.588225354610176,0.28765804360476976,0.0,0.0,0.5670543061063569,,,EXPLORE
544,48,,,0,1,1,0,common,1.0,0.5369964819817655,0.6599486370208831,0.36245957511786847,0.0,0.0,0.5994650331589557,,,EXPLORE
545,48,,,0,1,0,0,rare,0.0,0.8751009835847672,0.6862946382295146,0.516251997657938,0.0,0.0,0.6271014205937777,,,EXPLORE
546,48,,,0,0,0,1,common,0.0,0.019847076678939948,0.48690487514097425,0.3673305213642386,0.0,0.0,0.5661374384819248,,,EXPLORE
547,48,,,0,1,0,0,rare,1.0,0.4311843606699013,0.6902404659184309,0.38648667315593743,0.0,0.0,0.5986882880947032,,,EXPLORE
548,48,,,0,1,1,1,common,1.0,0.14480635093609817,0.667437430138714,0.3139825764899857,0.0,0.0,0.626435000114368,,,EXPLORE
549,48,,,0,1,1,0,common,0.0,0.6509522867118525,0.6090587246293266,0.41507348955654566,0.0,0.0,0.6503669129124462,,,EXPLORE
550,48,,,0,1,1,1,common,1.0,0.09412412810846382,0.6831699310165262,0.3187886811221211,0.0,0.0,0.6712191629395439,,,EXPLORE
551,48,,,0,1,1,1,common,1.0,0.061180683270501524,0.6759473316224286,0.24150628176663522,0.0,0.0,0.6895494006115584,,,EXPLORE
552,48,,,0,1,1,1,common,0.0,0.960232555874174,0.6187850950012221,0.4571241639988969,0.0,0.0,0.7057883050418167,,,EXPLORE
553,48,,,0,0,1,1,rare,1.0,0.37584883868178687,0.6805106542645931,0.4327415664037639,0.0,0.0,0.7202737753954541,,,EXPLORE
554,48,,,0,0,0,0,common,0.0,0.7197301655645642,0.6052049619837753,0.518838146152004,0.0,0.0,0.7332746382520616,,,EXPLORE
555,48,,,0,1,0,0,rare,1.0,0.5321753923830332,0.6900327944467208,0.5228393200213127,0.0,0.0,0.7025299560321033,,,EXPLORE
556,48,,,0,1,1,0,common,1.0,0.5768810136372959,0.6141266443462623,0.5390518281061076,0.0,0.0,0.6642116287767837,,,EXPLORE
557,48,,,0,1,1,1,common,1.0,0.2443017451431615,0.527094369902166,0.45062680321722376,0.0,0.0,0.6151308299677558,,,EXPLORE
558,48,,,0,1,0,0,rare,1.0,0.34591400504897174,0.46426438036916495,0.41921296376674816,0.0,0.0,0.6405854744433768,,,EXPLORE
559,48,,,0,0,1,1,rare,1.0,0.15879613434305495,0.4231968955644094,0.3410879149396402,0.0,0.0,0.6626726728343318,,,EXPLORE
560,48,,,0,1,1,0,common,1.0,0.37497265886424236,0.5809571530555244,0.3512533381170208,0.0,0.0,0.6820182796326602,,,EXPLORE
561,48,,,0,1,0,0,rare,1.0,0.2248441032818317,0.5566506802352051,0.31333056766646405,0.0,0.0,0.6991021069371487,,,EXPLORE
562,48,,,0,0,0,0,common,1.0,0.14614866713319064,0.5402235038763109,0.263175997506482,0.0,0.0,0.7142981749015923,,,EXPLORE
563,48,,,0,0,0,0,common,1.0,0.09499663363657396,0.6304126356136217,0.21272218834550957,0.0,0.0,0.7279023456149316,,,EXPLORE
564,48,,,0,1,0,0,rare,0.0,0.9382521881362269,0.6710512192867555,0.43038118828272476,0.0,0.0,0.7401517251440762,,,EXPLORE
565,48,,,0,0,1,0,rare,0.0,0.7562677717382424,0.5967790359209006,0.52814716331938,0.0,0.0,0.7512385592928733,,,EXPLORE
566,48,,,0,1,0,0,rare,0.0,0.6098639222885476,0.6836905372981379,0.5526621910101303,0.0,0.0,0.7244963866360847,,,EXPLORE
567,48,,,0,1,1,1,common,1.0,0.10321748732298575,0.6499902616713416,0.41782877990398687,0.0,0.0,0.6916834028649654,,,EXPLORE
568,48,,,0,0,0,1,common,0.0,0.012900599841310968,0.6866282111302506,0.2963503258851841,0.0,0.0,0.7076865375677556,,,EXPLORE
569,48,,,0,1,1,1,common,1.0,0.06709136675994076,0.5803289243032856,0.2275726381476111,0.0,0.0,0.7219731758839403,,,EXPLORE
570,48,,,0,1,0,1,rare,0.0,0.008385389896852129,0.46410072819512815,0.16181646367238342,0.0,0.0,0.7348048128975185,,,EXPLORE
571,48,,,0,0,0,1,common,0.0,0.0054505034329538835,0.6629005593808367,0.11490667560055455,0.0,0.0,0.7463923952503817,,,EXPLORE
572,48,,,0,0,1,1,rare,0.0,0.9563906116060386,0.5808634032340997,0.36735185640219975,0.0,0.0,0.7569079722213176,,,EXPLORE
573,48,,,0,0,0,1,common,0.0,0.0035428272314200243,0.5114061977615186,0.25820914765096586,0.0,0.0,0.7664932662205519,,,EXPLORE
574,48,,,0,0,0,0,common,1.0,0.603588450512444,0.4636738304031166,0.3618229385094093,0.0,0.0,0.7752660728612404,,,EXPLORE
575,48,,,0,0,0,0,common,1.0,0.3923324928330887,0.6827344207828783,0.3709758048065131,0.0,0.0,0.783325105891871,,,EXPLORE
576,48,,,0,1,1,1,common,1.0,0.3783461024560749,0.6593148872582997,0.3731868941013816,0.0,0.0,0.7907537106903005,,,EXPLORE
577,48,,,0,0,0,0,common,1.0,0.25501612034150767,0.6887211298044965,0.3377356619734194,0.0,0.0,0.7976227430334302,,,EXPLORE
578,48,,,0,1,1,0,common,0.0,0.4915740516298576,0.6785665942865287,0.38388717887035084,0.0,0.0,0.8039928241400538,,,EXPLORE
579,48,,,0,0,0,0,common,1.0,0.16576047822198003,0.5243524657042146,0.31844916867583956,0.0,0.0,0.8099161241546032,,,EXPLORE
580,48,,,0,0,0,0,common,1.0,0.10774431084428704,0.44738869261237174,0.2552377113263738,0.0,0.0,0.8154377852413627,,,EXPLORE
581,48,,,0,0,0,0,common,1.0,0.07003380204878662,0.39768759802324594,0.19967653854309764,0.0,0.0,0.8205970664824678,,,EXPLORE
582,48,,,0,0,0,1,common,0.0,0.002302837700423016,0.3663940142015295,0.14046442829029526,0.0,0.0,0.8254282720253747,,,EXPLORE
583,48,,,0,1,1,0,common,0.0,0.3195231335594074,0.6369927381244906,0.1941820398710289,0.0,0.0,0.829961508889495,,,EXPLORE
584,48,,,0,0,0,0,common,1.0,0.04552197133171132,0.5201402541283757,0.1495840193092336,0.0,0.0,0.8342233098221353,,,EXPLORE
585,48,,,0,0,0,0,common,1.0,0.02958928136561234,0.3977212092731841,0.11358559792614721,0.0,0.0,0.8382371484330318,,,EXPLORE
586,48,,,0,0,0,0,common,1.0,0.019233032887647994,0.3231149042654501,0.08527982841459744,0.0,0.0,0.8420238677337013,,,EXPLORE
587,48,,,0,0,0,0,common,0.0,0.9874985286230288,0.27913202094841083,0.3559454384771268,0.0,0.0,0.8456020386017334,,,EXPLOIT
588,48,,,0,0,1,1,rare,1.0,0.2459249665964487,0.5427863415899938,0.32293929691292333,0.0,0.0,0.8489882611838602,,,EXPLORE
589,48,,,0,0,1,0,rare,0.0,0.20769003681361484,0.4126175131923625,0.28836451888313075,0.0,0.0,0.852197419560929,,,EXPLORE
590,48,,,0,1,0,1,rare,0.0,0.0014968445052749603,0.6253665992994992,0.20230421656977401,0.0,0.0,0.8552428979172902,,,EXPLORE
591,48,,,0,1,1,1,common,1.0,0.1598512282876916,0.550120329663186,0.1895683200851493,0.0,0.0,0.8581367648366647,,,EXPLORE
592,48,,,0,1,0,0,rare,1.0,0.3581259563950312,0.6931241807273842,0.24013561097811384,0.0,0.0,0.8608899310759106,,,EXPLORE
593,48,,,0,0,0,0,common,1.0,0.23278187165677022,0.6307514177374531,0.23792948918171075,0.0,0.0,0.8635122851653317,,,EXPLORE
594,48,,,0,1,0,0,rare,0.0,0.8486917834230994,0.6931374628861176,0.4211581774541273,0.0,0.0,0.8660128103879378,,,EXPLORE
595,48,,,0,1,0,0,rare,1.0,0.44835034077498537,0.5965207523818832,0.4293158264503847,0.0,0.0,0.8683996860541892,,,EXPLORE
596,48,,,0,1,0,0,rare,1.0,0.2914277215037405,0.6913043177197377,0.3879493949663914,0.0,0.0,0.8706803754781214,,,EXPLORE
597,48,,,0,1,1,1,common,1.0,0.10390329838699952,0.6734323370292107,0.30273556599257384,0.0,0.0,0.8728617026485337,,,EXPLORE
598,48,,,0,1,1,1,common,0.0,0.9324628560484503,0.6289763414930098,0.4916537530093368,0.0,0.0,0.8749499192545043,,,EXPLORE
599,48,,,0,1,0,0,rare,1.0,0.18942801897743133,0.6696948807427939,0.40098603279976514,0.0,0.0,0.876950763451886,,,EXPLORE
600,48,,,0,0,1,0,rare,1.0,0.8650014760711504,0.6884068914473775,0.5401906657811807,0.0,0.0,0.8788695115341957,,,EXPLORE
601,48,,,0,1,0,0,rare,1.0,0.12312821233533033,0.6831020214552642,0.41507192974742557,0.0,0.0,0.8721718709443773,,,EXPLORE
602,48,,,0,0,0,0,common,1.0,0.08003333801796475,0.6911389064765759,0.3145603522285873,0.0,0.0,0.8742893297950004,,,EXPLORE
603,48,,,0,0,1,1,rare,1.0,0.3938991435685073,0.6888782969650176,0.3383619896305633,0.0,0.0,0.8763176268086373,,,EXPLORE
604,48,,,0,0,0,0,common,1.0,0.0520216697116771,0.6746732303366867,0.2524598936548974,0.0,0.0,0.8782621813095159,,,EXPLORE
605,48,,,0,0,0,0,common,1.0,0.033814085312590114,0.6604687258796976,0.1868661511522052,0.0,0.0,0.8801279823033964,,,EXPLORE
606,48,,,0,1,1,1,common,1.0,0.25603444331952974,0.6493223179778197,0.20761663880240255,0.0,0.0,0.8819196303604028,,,EXPLORE
607,48,,,0,1,1,1,common,1.0,0.16642238815769428,0.679073530514593,0.19525836360899007,0.0,0.0,0.8836413746995079,,,EXPLORE
608,48,,,0,0,0,0,common,0.0,0.9780208445468164,0.6897985199896931,0.43008710789033794,0.0,0.0,0.8852971461039981,,,EXPLORE
609,48,,,0,0,1,1,rare,1.0,0.10817455230250128,0.5452364209384077,0.3335133412139869,0.0,0.0,0.8868905862046588,,,EXPLORE
610,48,,,0,0,0,0,common,0.0,0.6357135489554306,0.6423915529606101,0.42417340353641997,0.0,0.0,0.8884250735898642,,,EXPLORE
611,48,,,0,1,1,1,common,0.0,0.9296865410033741,0.4276927880643588,0.5758273447765061,0.0,0.0,0.8899037471365961,,,EXPLORE
612,48,,,0,1,1,0,common,0.0,0.43774904055375224,0.6710498131536227,0.53440385350968,0.0,0.0,0.8842878076365214,,,EXPLORE
613,48,,,0,0,1,0,rare,0.0,0.28453687635993896,0.6724396272116777,0.45944376036475765,0.0,0.0,0.8781336460502179,,,EXPLORE
614,48,,,0,0,0,0,common,1.0,0.5867861931789701,0.6836899276653334,0.4976464902090213,0.0,0.0,0.8800046063478788,,,EXPLORE
615,48,,,0,1,1,1,common,1.0,0.39570374834780675,0.6390335342641646,0.4670636676506569,0.0,0.0,0.8818011150612594,,,EXPLORE
616,48,,,0,1,1,1,common,1.0,0.25720743642607435,0.689129515322181,0.4041067982832821,0.0,0.0,0.8835274440125579,,,EXPLORE
617,48,,,0,0,0,0,common,1.0,0.38141102556633055,0.6297231184182908,0.3972980664681966,0.0,0.0,0.8851875444894787,,,EXPLORE
618,48,,,0,0,0,1,common,0.0,0.0009729489284287243,0.6914457667443359,0.27840053120626623,0.0,0.0,0.8867850767580069,,,EXPLORE
619,48,,,0,0,1,0,rare,0.0,0.18494896963396035,0.5591306807984787,0.2503650627345745,0.0,0.0,0.8883234363733142,,,EXPLORE
620,48,,,0,0,0,0,common,0.0,0.7520828333818852,0.4165721305664948,0.4008803939287677,0.0,0.0,0.8898057776868666,,,EXPLORE
621,48,,,0,1,1,0,common,0.0,0.12021683026207423,0.3277475385360219,0.31668132482875966,0.0,0.0,0.8912350348922315,,,EXPLORE
622,48,,,0,1,1,1,common,1.0,0.16718483367694836,0.5525749937063746,0.27183237748321626,0.0,0.0,0.8926139409050914,,,EXPLORE
623,48,,,0,0,0,0,common,1.0,0.5111461583017747,0.39290949235969463,0.3436265117287838,0.0,0.0,0.8939450443330986,,,EXPLORE
624,48,,,0,0,0,0,common,1.0,0.33224500289615344,0.628364883350387,0.34021205907899466,0.0,0.0,0.8952307247573065,,,EXPLORE
625,48,,,0,1,1,1,common,0.0,0.8913298581099836,0.6931271856292568,0.5055473987882914,0.0,0.0,0.8964732065179618,,,EXPLORE
626,48,,,0,0,0,0,common,1.0,0.21595925188249976,0.5983237577260634,0.41867095471655386,0.0,0.0,0.8914546812513381,,,EXPLORE
627,48,,,0,1,1,1,common,1.0,0.42063559222851066,0.4991854741579812,0.4192603459701409,0.0,0.0,0.8928259218099711,,,EXPLORE
628,48,,,0,0,1,1,rare,1.0,0.2734131349485319,0.6507235196861867,0.3755061826636582,0.0,0.0,0.8941497440085892,,,EXPLORE
629,48,,,0,1,1,0,common,0.0,0.07814093967034826,0.6004367411810846,0.2862966097656652,0.0,0.0,0.8954285021911202,,,EXPLORE
630,48,,,0,1,1,1,common,0.0,0.8222814622834542,0.41115863669507213,0.4470920655210019,0.0,0.0,0.8966643974995117,,,EXPLORE
631,48,,,0,0,1,1,rare,1.0,0.4655170495157548,0.2937312910580092,0.4526195607194277,0.0,0.0,0.8978594901374208,,,EXPLORE
632,48,,,0,1,0,1,rare,0.0,0.0006324168034786708,0.25789625696446017,0.31702341754464297,0.0,0.0,0.8990157104744182,,,EXPLORE
633,48,,,0,1,0,0,rare,0.0,0.8596264862763752,0.19993009630859443,0.47980433816416257,0.0,0.0,0.9001348691166183,,,EXPLORE
634,48,,,0,1,1,1,common,1.0,0.30258608218524063,0.16811336144928202,0.426638861370486,0.0,0.0,0.9012186660542594,,,EXPLORE
635,48,,,0,1,1,1,common,1.0,0.19668095342040637,0.3792715447496504,0.35765148898546206,0.0,0.0,0.9022686989834541,,,EXPLORE
636,48,,,0,1,1,0,common,0.0,0.05079161078572637,0.5565475854464755,0.26559352552554133,0.0,0.0,0.9032864708877998,,,EXPLORE
637,48,,,0,0,0,1,common,0.0,0.000411070922261136,0.3649982776648022,0.18603878914455724,0.0,0.0,0.9042733969555292,,,EXPLORE
638,48,,,0,1,1,1,common,1.0,0.12784261972326416,0.6303609772511121,0.1685799383181693,0.0,0.0,0.9052308108991605,,,EXPLORE
639,48,,,0,0,0,0,common,1.0,0.4412427839203561,0.6919245166735842,0.25037879199882535,0.0,0.0,0.9061599707370056,,,EXPLORE
640,48,,,0,1,0,0,rare,1.0,0.2868078095482315,0.6656111602505626,0.26130749726364716,0.0,0.0,0.9070620640892545,,,EXPLORE
641,48,,,0,1,0,0,rare,1.0,0.18642507620635052,0.6926302398762376,0.23884277094645817,0.0,0.0,0.9079382130355237,,,EXPLORE
642,48,,,0,0,0,0,common,1.0,0.1211762995341279,0.6720225703848071,0.2035428295227591,0.0,0.0,0.9087894785756604,,,EXPLORE
643,48,,,0,0,1,1,rare,0.0,0.9169022971798783,0.6929287077789444,0.41755066981989486,0.0,0.0,0.9096168647310985,,,EXPLORE
644,48,,,0,0,0,0,common,1.0,0.07876459469718311,0.5412867877203809,0.3159148472830813,0.0,0.0,0.9104213223201092,,,EXPLORE
645,48,,,0,0,0,0,common,1.0,0.051196986553169066,0.656588489712753,0.23649948906410762,0.0,0.0,0.9112037524368032,,,EXPLORE
646,48,,,0,1,1,1,common,1.0,0.40401350683307913,0.6910428572487897,0.28675369439479903,0.0,0.0,0.911965009660653,,,EXPLORE
647,48,,,0,1,0,0,rare,1.0,0.03327804125955991,0.6773659687878264,0.2107109984542273,0.0,0.0,0.9127059050205797,,,EXPLORE
648,48,,,0,1,1,1,common,1.0,0.2626087794415014,0.6620748483183508,0.22628033275040954,0.0,0.0,0.9134272087352253,,,EXPLORE
649,48,,,0,0,1,1,rare,1.0,0.17069570663697586,0.6496839382190249,0.20960494491637943,0.0,0.0,0.914129652748879,,,EXPLORE
650,48,,,0,1,0,0,rare,1.0,0.02163072681871392,0.679778012705361,0.15321267948707976,0.0,0.0,0.9148139330806233,,,EXPLORE
651,48,,,0,1,1,0,common,0.0,0.03301454701072214,0.6743077274594368,0.11715323974417247,0.0,0.0,0.9154807120025478,,,EXPLORE
652,48,,,0,0,0,0,common,1.0,0.014059972432164058,0.5885719699829385,0.08622525955056994,0.0,0.0,0.9161306200613737,,,EXPLORE
653,48,,,0,0,0,0,common,0.0,0.9908610179190933,0.5526420484699833,0.35761598706112696,0.0,0.0,0.9167642579564621,,,EXPLORE
654,48,,,0,1,0,0,rare,0.0,0.6440596616474107,0.6907341519454602,0.4435490894370121,0.0,0.0,0.9173821982859731,,,EXPLORE
655,48,,,0,1,1,1,common,1.0,0.11095220931403427,0.628398665755423,0.34377002540011875,0.0,0.0,0.9179849871718477,,,EXPLORE
656,48,,,0,1,0,0,rare,1.0,0.5813612199291831,0.6923214445446808,0.41504738375883804,0.0,0.0,0.918573145773312,,,EXPLORE
657,48,,,0,0,1,1,rare,1.0,0.07211893605412223,0.6475892793357969,0.3121688494474233,0.0,0.0,0.919147171697726,,,EXPLORE
658,48,,,0,1,0,0,rare,0.0,0.622115207046031,0.6927981405122682,0.40515275672700557,0.0,0.0,0.9197075403168078,,,EXPLORE
659,48,,,0,1,0,0,rare,1.0,0.5956251154200799,0.5825404756813616,0.4622944643349278,0.0,0.0,0.9202547059955565,,,EXPLORE
660,48,,,0,0,0,0,common,1.0,0.387156325023052,0.6833377077304527,0.43975302254136506,0.0,0.0,0.920789103240554,,,EXPLORE
661,48,,,0,0,1,1,rare,0.0,0.9531226915648205,0.6431618687176851,0.5937639232484017,0.0,0.0,0.921311147773752,,,EXPLORE
662,48,,,0,1,1,1,common,1.0,0.38047025048286665,0.6613829184784112,0.5297758214187411,0.0,0.0,0.9182418573036651,,,EXPLORE
663,48,,,0,1,1,1,common,1.0,0.24730566281386335,0.5864588291010165,0.44503477383727774,0.0,0.0,0.914957927930773,,,EXPLORE
664,48,,,0,1,1,1,common,1.0,0.16074868082901117,0.5235594161875365,0.3597489459347977,0.0,0.0,0.9156210482017805,,,EXPLORE
665,48,,,0,1,1,1,common,1.0,0.10448664253885731,0.47999414373278193,0.28317025491601555,0.0,0.0,0.9162674284760188,,,EXPLORE
666,48,,,0,1,0,0,rare,1.0,0.2516516112649838,0.4513644584628864,0.27371466182070603,0.0,0.0,0.9168976633028215,,,EXPLORE
667,48,,,0,0,0,0,common,0.0,0.8364264526777605,0.4328184297542461,0.4425281990778223,0.0,0.0,0.9175123194875531,,,EXPLORE
668,48,,,0,0,1,1,rare,1.0,0.0679163176502573,0.2785084343983433,0.3301446346495528,0.0,0.0,0.9181119376919767,,,EXPLORE
669,48,,,0,0,0,0,common,1.0,0.4563228057594557,0.4673498649368627,0.36799808598252365,0.0,0.0,0.9186970339250992,,,EXPLORE
670,48,,,0,1,0,1,rare,0.0,0.00026719609946973836,0.5931724367261011,0.2576788190176075,0.0,0.0,0.9192681009331395,,,EXPLORE
671,48,,,0,0,0,0,common,0.0,0.7033901762563538,0.6732864561595051,0.39139222618923136,0.0,0.0,0.9198256094964984,,,EXPLORE
672,48,,,0,1,1,1,common,1.0,0.0441456064726673,0.6482725612412323,0.2872182402742621,0.0,0.0,0.920370009640904,,,EXPLORE
673,48,,,0,1,1,1,common,0.0,0.9713053557927662,0.5540978297666943,0.49244437492981336,0.0,0.0,0.9209017317692896,,,EXPLORE
674,48,,,0,1,1,1,common,1.0,0.3686515187347019,0.6923552242712971,0.4553065180712799,0.0,0.0,0.9214211877203916,,,EXPLORE
675,48,,,0,1,0,0,rare,1.0,0.5427963854333699,0.6205704624480031,0.4815534782799069,0.0,0.0,0.9219287717595396,,,EXPLORE
676,48,,,0,0,1,1,rare,1.0,0.23962348717755622,0.5293918081815845,0.4089744809492017,0.0,0.0,0.9224248615066569,,,EXPLORE
677,48,,,0,1,0,0,rare,0.0,0.6471823494683094,0.6611250475511156,0.48043684150493404,0.0,0.0,0.9229098188060629,,,EXPLORE
678,48,,,0,0,0,0,common,0.0,0.4206685271544012,0.652164075410333,0.4625063471997741,0.0,0.0,0.9233839905422906,,,EXPLORE
679,48,,,0,0,0,0,common,1.0,0.7265654573496392,0.6793615717145991,0.5417240802447336,0.0,0.0,0.9238477094057909,,,EXPLORE
680,48,,,0,1,1,1,common,0.0,0.8442447333345885,0.6664862711761874,0.6324802761716901,0.0,0.0,0.9209502760229272,,,EXPLORE
681,48,,,0,1,1,1,common,0.0,0.5487590766674826,0.5447500542594895,0.6073639163204279,0.0,0.0,0.9178561297251044,,,EXPLORE
682,48,,,0,1,1,1,common,1.0,0.6433066001661363,0.4421596107484622,0.6181467214741404,0.0,0.0,0.9145447068119441,,,EXPLORE
683,48,,,0,0,0,0,common,0.0,0.5277324527227345,0.6568532308547601,0.5910224408487186,0.0,0.0,0.910992474074314,,,EXPLORE
684,48,,,0,1,1,1,common,1.0,0.4181492901079886,0.6797650846637477,0.5391604956264996,0.0,0.0,0.9071723726959122,,,EXPLORE
685,48,,,0,1,1,1,common,0.0,0.7282029614298073,0.573615736056158,0.5958732353674919,0.0,0.0,0.9030531323238203,,,EXPLORE
686,48,,,0,1,1,1,common,1.0,0.5266680750706252,0.6917141846020443,0.5751116872784319,0.0,0.0,0.8985984185130511,,,EXPLORE
687,48,,,0,1,0,0,rare,0.0,0.3430260942697774,0.6015362016134714,0.5054860093758355,0.0,0.0,0.8937657643295839,,,EXPLORE
688,48,,,0,1,0,0,rare,1.0,0.7770330387246447,0.6931252672505963,0.5869501181804783,0.0,0.0,0.8885052195513251,,,EXPLORE
689,48,,,0,1,1,1,common,0.0,0.6576657512040935,0.6125692566298466,0.6081648080875628,0.0,0.0,0.8827576263673919,,,EXPLORE
690,48,,,0,0,0,0,common,1.0,0.505071475171019,0.6930598368828909,0.5772368082125996,0.0,0.0,0.8764523952676637,,,EXPLORE
691,48,,,0,0,0,0,common,0.0,0.6717035411388377,0.6093987408355013,0.605576828090471,0.0,0.0,0.8695046035206004,,,EXPLORE
692,48,,,0,0,0,1,common,0.0,0.00017367746465532996,0.6931432686625529,0.42395588290272623,0.0,0.0,0.8618111626557661,,,EXPLORE
693,48,,,0,0,0,1,common,1.0,0.999887109647974,0.6547411319055265,0.5967352509263005,0.0,0.0,0.8643904103792666,,,EXPLORE
694,48,,,0,1,1,1,common,1.0,0.5725172617173392,0.6661815793157468,0.5894698541636121,0.0,0.0,0.8561227401217374,,,EXPLORE
695,48,,,0,1,1,1,common,1.0,0.37213622011627046,0.6765502089879503,0.5242697639494096,0.0,0.0,0.8468809258945998,,,EXPLORE
696,48,,,0,0,1,1,rare,1.0,0.24188854307557583,0.5990030157902174,0.4395553976872595,0.0,0.0,0.836482579051614,,,EXPLORE
697,48,,,0,1,0,1,rare,0.0,0.35007337872881683,0.6860669170496552,0.41271079199972666,0.0,0.0,0.8403678123366628,,,EXPLORE
698,48,,,0,0,1,1,rare,0.0,0.8427724470008757,0.6179257957390067,0.5417292885000713,0.0,0.0,0.8440365041267234,,,EXPLORE
699,48,,,0,1,0,0,rare,1.0,0.5633926982597555,0.6901434735786243,0.5482283114279766,0.0,0.0,0.8332677297116705,,,EXPLORE
700,48,,,0,1,1,1,common,1.0,0.45219790944943083,0.6057966193849238,0.5194191908344128,0.0,0.0,0.8210342974228468,,,EXPLORE
701,48,,,0,0,0,0,common,0.0,0.6337947461311589,0.509841016445228,0.5537318574234366,0.0,0.0,0.8070163519895069,,,EXPLORE
702,48,,,0,0,0,0,common,1.0,0.5880334150147467,0.3718571987016631,0.5640223247008296,0.0,0.0,0.7907935924102667,,,EXPLORE
703,48,,,0,1,0,0,rare,1.0,0.3822217197595854,0.586969895683656,0.5094821432184563,0.0,0.0,0.7718024833020396,,,EXPLORE
704,48,,,0,0,0,1,common,1.0,0.7724523038262691,0.5238143209081625,0.5883731914008001,0.0,0.0,0.7492695562456325,,,EXPLORE
705,48,,,0,1,0,0,rare,1.0,0.24844411784373055,0.6452996632111595,0.48639446933367925,0.0,0.0,0.7221036128060907,,,EXPLORE
706,48,,,0,1,1,1,common,0.0,0.70607135885787,0.6135827609106652,0.5522975361909365,0.0,0.0,0.7349223039955634,,,EXPLORE
707,48,,,0,0,1,1,rare,1.0,0.5410536167423845,0.6695719937838741,0.5489243603563708,0.0,0.0,0.7045575590432345,,,EXPLORE
708,48,,,0,0,0,1,common,0.0,0.4979060025129251,0.6087282221163437,0.533618853003337,0.0,0.0,0.6667673600500916,,,EXPLORE
709,48,,,0,0,0,0,common,0.0,0.8385113234015751,0.6842542737851034,0.6250865941228084,0.0,0.0,0.6184513055537059,,,EXPLORE
710,48,,,0,0,1,1,rare,1.0,0.35168485088254997,0.5820886031319072,0.5430660711507308,0.0,0.0,0.5545038827033371,,,EXPLORE
711,48,,,0,0,1,1,rare,1.0,0.22859515307365752,0.6924102240989296,0.4487247957276088,0.0,0.0,0.46588089625327006,,,EXPLORE
712,48,,,0,0,0,0,common,1.0,0.45496763978897614,0.6600123605722622,0.45059764894601895,0.0,0.0,0.5153909822624255,,,EXPLORE
713,48,,,0,0,0,1,common,1.0,0.6763610983665986,0.5987101732304395,0.5183266837721928,0.0,0.0,0.5561245018076261,,,EXPLORE
714,48,,,0,0,0,1,common,0.0,0.5603652860617109,0.5479299584337444,0.5309382644590482,0.0,0.0,0.4681855690844906,,,EXPLORE
715,48,,,0,0,0,0,common,1.0,0.2957289658628345,0.6925783480645105,0.4603754748801841,0.0,0.0,0.33842813838533237,,,EXPLORE
716,48,,,0,1,0,0,rare,1.0,0.19222382781084246,0.6592664757281061,0.37992998075938156,0.0,0.0,0.4139833219749232,,,EXPLORE
717,48,,,0,1,1,1,common,1.0,0.14858684949787737,0.6929067697329733,0.3105270413809303,0.0,0.0,0.47351011261328907,,,EXPLORE
718,48,,,0,0,1,1,rare,1.0,0.09658145217362035,0.6719065783234686,0.2463433646187373,0.0,0.0,0.5216176206740426,,,EXPLORE
719,48,,,0,0,0,0,common,0.0,0.8750545119229524,0.6930455927653827,0.4349567088100018,0.0,0.0,0.5613023422532721,,,EXPLORE
720,48,,,0,1,1,1,common,0.0,0.9372220560871468,0.546115227362497,0.5856363129931452,0.0,0.0,0.594596699690756,,,EXPLORE
721,48,,,0,0,0,1,common,0.0,0.36423743594011204,0.6931042570830295,0.5192166498772353,0.0,0.0,0.5219914250971155,,,EXPLORE
722,48,,,0,0,0,0,common,1.0,0.4312145672500809,0.6250958648615341,0.49281602508908895,0.0,0.0,0.418973722270267,,,EXPLORE
723,48,,,0,0,0,0,common,1.0,0.28028946871255256,0.6903212093071298,0.429058058176128,0.0,0.0,0.47750164619479835,,,EXPLORE
724,48,,,0,0,0,1,common,1.0,0.7632456666389271,0.6282390632912775,0.5293143407149677,0.0,0.0,0.5248825678658491,,,EXPLORE
725,48,,,0,0,1,1,rare,1.0,0.39080566354335455,0.5554081357215606,0.48776173756348373,0.0,0.0,0.42319740280407725,,,EXPLORE
726,48,,,0,1,1,1,common,1.0,0.2540236813031804,0.5010604029093684,0.4176403206853927,0.0,0.0,0.4808858078769885,,,EXPLORE
727,48,,,0,1,1,1,common,1.0,0.16511539284706722,0.6297895442706267,0.34188284233389504,0.0,0.0,0.5276546054858563,,,EXPLORE
728,48,,,0,0,0,0,common,1.0,0.18218815466315919,0.6809018822793667,0.29397443603267426,0.0,0.0,0.5663343437738443,,,EXPLORE
729,48,,,0,1,1,1,common,0.0,0.8926749946494063,0.6653508213783914,0.47358460361769383,0.0,0.0,0.5988550775193996,,,EXPLORE
730,48,,,0,0,1,1,rare,1.0,0.41976125347788584,0.4516199429957854,0.4574375985757514,0.0,0.0,0.6265780826261351,,,EXPLORE
731,48,,,0,1,0,0,rare,1.0,0.11842230053105351,0.42796259392973024,0.35573300916234196,0.0,0.0,0.6504910000179833,,,EXPLORE
732,48,,,0,0,0,1,common,0.0,0.5038903166846973,0.5736425790700961,0.40018020141904853,0.0,0.0,0.6713277956048397,,,EXPLORE
733,48,,,0,0,1,0,rare,0.0,0.02145945555696939,0.682890788013988,0.28656397766042474,0.0,0.0,0.6896452914236402,,,EXPLORE
734,48,,,0,0,0,0,common,1.0,0.07697449534518475,0.5509983652146612,0.22368713296585271,0.0,0.0,0.7058735670069062,,,EXPLORE
735,48,,,0,1,0,0,rare,0.0,0.9499665780256299,0.6808648342103596,0.4415709664837858,0.0,0.0,0.7203500788902014,,,EXPLORE
736,48,,,0,1,1,1,common,0.0,0.7271551852393742,0.6429243688102866,0.5272462321104623,0.0,0.0,0.7333433211352203,,,EXPLORE
737,48,,,0,1,1,0,common,1.0,0.9860513538879699,0.5241491593821448,0.6648877686437145,0.0,0.0,0.702614528678138,,,EXPLORE
738,48,,,0,1,1,1,common,1.0,0.5273491295944068,0.6829947751482103,0.6236261769289222,0.0,0.0,0.6643183118285825,,,EXPLORE
739,48,,,0,0,0,0,common,1.0,0.3825217242833405,0.6773548911332208,0.5512948411352476,0.0,0.0,0.6152695716583417,,,EXPLORE
740,48,,,0,0,1,1,rare,0.0,0.6572230657636355,0.6888324509233017,0.5830733085237639,0.0,0.0,0.5502040455338416,,,EXPLORE
741,48,,,0,0,1,0,rare,0.0,0.3590666199728196,0.6086115748076756,0.5158713019584806,0.0,0.0,0.4597509044193776,,,EXPLORE
742,48,,,0,0,0,0,common,0.0,0.7513608792158286,0.46613140770655476,0.5865181751356849,0.0,0.0,0.32545829655971575,,,EXPLORE
743,48,,,0,1,1,1,common,1.0,0.5728050072536369,0.3691588690441011,0.5824042247710706,0.0,0.0,0.10527603804908232,,,EXPLORE
744,48,,,0,1,1,1,common,1.0,0.37232325471486405,0.2862849225537666,0.5193799337542085,0.0,0.0,0.09090909090909093,,,EXPLORE
745,48,,,0,1,0,0,rare,1.0,0.5116154285097114,0.23935305011171137,0.5170505821808594,0.0,0.0,0.09090909090909093,,,EXPLORE
746,48,,,0,0,1,1,rare,1.0,0.24201011556466168,0.21202087035243183,0.4345384421960001,0.0,0.0,0.09090909090909093,,,EXPLORE
747,48,,,0,1,0,0,rare,1.0,0.3325500285313123,0.4220350852114836,0.40394191809659374,0.0,0.0,0.23017705927636645,,,EXPLORE
748,48,,,0,1,1,1,common,1.0,0.15730657511703006,0.39680557963102436,0.32995131520272464,0.0,0.0,0.33155527035247095,,,EXPLORE
749,48,,,0,1,0,1,rare,1.0,0.6724712941549468,0.3806869173442371,0.43270730888839126,0.0,0.0,0.40865139461585376,,,EXPLORE
750,48,,,0,0,0,1,common,0.0,0.5628936587992845,0.37035285843115284,0.4717632138616592,0.0,0.0,0.46925370836719743,,,EXPLORE
751,48,,,0,0,0,0,common,1.0,0.21615751854535303,0.24266375804398355,0.39508150526676733,0.0,0.0,0.5181414926281387,,,EXPLORE
752,48,,,0,1,1,1,common,0.0,0.8977507261739305,0.43198016874633544,0.5458822715389162,0.0,0.0,0.5584101936095955,,,EXPLORE
753,48,,,0,0,0,1,common,0.0,0.36588087821953497,0.6801647103196856,0.4918818535431018,0.0,0.0,0.47143071844741774,,,EXPLORE
754,48,,,0,0,1,0,rare,0.0,0.23339330298233274,0.5619856569394489,0.4143352883748711,0.0,0.0,0.5199187120719959,,,EXPLORE
755,48,,,0,1,0,0,rare,1.0,0.14050238705447948,0.45163018354189893,0.3321854179787536,0.0,0.0,0.5598883617365792,,,EXPLORE
756,48,,,0,1,0,1,rare,0.0,0.23782257084269773,0.3415275538558482,0.3038765638379368,0.0,0.0,0.5934016020360139,,,EXPLORE
757,48,,,0,1,1,1,common,1.0,0.4164620279869451,0.572838396345678,0.33765220308263927,0.0,0.0,0.6219045764351516,,,EXPLORE
758,48,,,0,0,0,0,common,0.0,0.9086734484145883,0.41869786756437916,0.508958576682224,0.0,0.0,0.6464415468540908,,,EXPLORE
759,48,,,0,1,0,1,rare,1.0,0.8454153289522465,0.3485972587400592,0.6098956023632307,0.0,0.0,0.5918538532855014,,,EXPLORE
760,48,,,0,0,0,1,common,0.0,0.45048003618103977,0.2617094734451048,0.5620709325085734,0.0,0.0,0.5182120032802402,,,EXPLORE
761,48,,,0,1,1,1,common,1.0,0.2707003181915143,0.2268364099526879,0.47465974821345563,0.0,0.0,0.4134366576813152,,,EXPLORE
762,48,,,0,1,0,0,rare,1.0,0.40936225853051766,0.18411379368032918,0.45507050130857424,0.0,0.0,0.47307332408077457,,,EXPLORE
763,48,,,0,0,0,0,common,1.0,0.26608546804483646,0.1600153352736149,0.39837499132945287,0.0,0.0,0.5212606434488922,,,EXPLORE
764,48,,,0,1,1,1,common,1.0,0.1759552068244843,0.36894283767983693,0.33164905597796224,0.0,0.0,0.5610051577693267,,,EXPLORE
765,48,,,0,0,0,1,common,0.0,0.2928120235176759,0.3428241887517902,0.3199979462398763,0.0,0.0,0.5943454646523231,,,EXPLORE
766,48,,,0,0,0,0,common,1.0,0.17295555422914366,0.23685248676264778,0.2758852286366565,0.0,0.0,0.6227127330834217,,,EXPLORE
767,48,,,0,0,0,0,common,0.0,0.8875788897510566,0.43796671901147255,0.45939332697097646,0.0,0.0,0.6471412587879968,,,EXPLORE
768,48,,,0,1,0,0,rare,0.0,0.5769262783381868,0.2862795738964281,0.4946532123811395,0.0,0.0,0.668397115019269,,,EXPLORE
769,48,,,0,1,1,1,common,1.0,0.11437088443591481,0.5655781109779714,0.3805685139975721,0.0,0.0,0.6870598060209537,,,EXPLORE
770,48,,,0,0,0,0,common,0.0,0.3750020809198214,0.44685147288548793,0.37889858407424687,0.0,0.0,0.7035758036155992,,,EXPLORE
771,48,,,0,0,1,0,rare,1.0,0.8482943530614837,0.34384134159660995,0.5197173147704179,0.0,0.0,0.718294649366781,,,EXPLORE
772,48,,,0,1,1,1,common,1.0,0.07434107488334463,0.5793620385628462,0.38610444280429596,0.0,0.0,0.6839753619741945,,,EXPLORE
773,48,,,0,1,1,1,common,1.0,0.04832169867417402,0.5045683521430031,0.2847696195652593,0.0,0.0,0.7008376972202536,,,EXPLORE
774,48,,,0,1,1,1,common,1.0,0.03140910413821307,0.45334174960751705,0.20876146493714542,0.0,0.0,0.7158477779484139,,,EXPLORE
775,48,,,0,1,1,1,common,1.0,0.020415917689838525,0.4201490522133084,0.15225780076295334,0.0,0.0,0.7292942642227183,,,EXPLORE
776,48,,,0,1,0,0,rare,0.0,0.2437513525978839,0.3988883174559009,0.1797058663134325,0.0,0.0,0.7414087977510011,,,EXPLORE
777,48,,,0,0,0,0,common,1.0,0.8415616208113754,0.6621168224269504,0.37826259266281537,0.0,0.0,0.7523794177809128,,,EXPLORE
778,48,,,0,1,1,1,common,0.0,0.9867296535016049,0.6880750717397781,0.5608027109144522,0.0,0.0,0.7623603592745597,,,EXPLORE
779,48,,,0,0,0,1,common,0.0,0.19032781528648934,0.5679939392874361,0.4496602422260633,0.0,0.0,0.7379435439953597,,,EXPLORE
780,48,,,0,1,1,1,common,1.0,0.35862572522395686,0.690997913892801,0.42234988712543137,0.0,0.0,0.7492359160536639,,,EXPLORE
781,48,,,0,1,1,0,common,1.0,0.5513913294899644,0.6348538921529869,0.46106231983479123,0.0,0.0,0.7594959297520153,,,EXPLORE
782,48,,,0,1,0,0,rare,1.0,0.5470150535273941,0.5310186664670614,0.48684813994257203,0.0,0.0,0.7688585132418212,,,EXPLORE
783,48,,,0,1,1,1,common,0.0,0.766893278604428,0.4527743112528475,0.5708616815411288,0.0,0.0,0.7774360633121472,,,EXPLORE
784,48,,,0,0,0,0,common,1.0,0.35555978479280614,0.6706722476703298,0.506271112516632,0.0,0.0,0.7559880530099018,,,EXPLORE
785,48,,,0,0,0,0,common,1.0,0.23111386011532398,0.677179795488554,0.4237239367962396,0.0,0.0,0.7302530677399147,,,EXPLORE
786,48,,,0,0,0,0,common,0.0,0.8497759909250394,0.6061967238488831,0.5515395530348796,0.0,0.0,0.7422751229110156,,,EXPLORE
787,48,,,0,1,1,1,common,1.0,0.5015193689071218,0.6884983780434605,0.5365334977965521,0.0,0.0,0.7135741955278497,,,EXPLORE
788,48,,,0,1,1,0,common,0.0,0.6415956358315231,0.6135041343302594,0.5680521392070433,0.0,0.0,0.6780831776153823,,,EXPLORE
789,48,,,0,1,1,1,common,1.0,0.32598758978962916,0.6902589367308388,0.49543277438181904,0.0,0.0,0.6330717652921862,,,EXPLORE
790,48,,,0,1,0,0,rare,0.0,0.5523543941012756,0.6490200713407943,0.512509260297656,0.0,0.0,0.6561299473566662,,,EXPLORE
791,48,,,0,0,0,0,common,1.0,0.6409696438341708,0.682153340676072,0.5510473753586104,0.0,0.0,0.6045859376850637,,,EXPLORE
792,48,,,0,0,0,0,common,1.0,0.4166302684922111,0.5812303665086143,0.5107222432986905,0.0,0.0,0.5356837665230293,,,EXPLORE
793,48,,,0,1,1,1,common,1.0,0.21189193336325896,0.48302909007688444,0.42107315031806103,0.0,0.0,0.4388855261112367,,,EXPLORE
794,48,,,0,1,1,1,common,1.0,0.1377297566861183,0.6425271830705792,0.3360701322284782,0.0,0.0,0.493503129644235,,,EXPLORE
795,48,,,0,1,1,1,common,1.0,0.0895243418459769,0.6911667997384519,0.2621063951137278,0.0,0.0,0.5380213943533516,,,EXPLORE
796,48,,,0,0,1,1,rare,1.0,0.05819082219988503,0.6873117317702244,0.20093172323957495,0.0,0.0,0.5750027459657154,,,EXPLORE
797,48,,,0,0,1,1,rare,0.0,0.9621759655700748,0.6923095112301407,0.42930499593872484,0.0,0.0,0.6062103487475657,,,EXPLORE
798,48,,,0,1,1,0,common,1.0,0.58296283670951,0.5570751194246599,0.4754023481699603,0.0,0.0,0.6328971909579048,,,EXPLORE
799,48,,,0,1,1,1,common,0.0,0.6254143776205486,0.5091468291612887,0.5204059570051367,0.0,0.0,0.6559781629645338,,,EXPLORE
800,48,,,0,1,1,0,common,0.0,0.6210741561388184,0.6921004948785117,0.5506064167452412,0.0,0.0,0.6043872347183056,,,EXPLORE
801,48,,,0,1,1,0,common,0.0,0.403698201490232,0.6316283426793137,0.5065339521687384,0.0,0.0,0.5354124985458003,,,EXPLORE
802,48,,,0,1,0,0,rare,0.0,0.7291903254800628,0.5292951044865766,0.5733308641621357,0.0,0.0,0.4384932798945005,,,EXPLORE
803,48,,,0,0,1,1,rare,1.0,0.5934806545466433,0.4528113255430409,0.579375801277488,0.0,0.0,0.2923426893832519,,,EXPLORE
804,48,,,0,0,0,0,common,1.0,0.5260262884379592,0.32147460613434076,0.5633709474256293,0.0,0.0,0.09090909090909093,,,EXPLORE
805,48,,,0,0,0,0,common,1.0,0.34191708748467353,0.2487323592208967,0.4969347894433426,0.0,0.0,0.09090909090909093,,,EXPLORE
806,48,,,0,0,0,0,common,1.0,0.22224610686503776,0.20821963449690314,0.4145281846698511,0.0,0.0,0.23017705927636645,,,EXPLORE
807,48,,,0,1,1,0,common,0.0,0.26240383096865083,0.18476924887617255,0.368890878559491,0.0,0.0,0.33155527035247095,,,EXPLORE
808,48,,,0,1,1,1,common,1.0,0.38576242545531825,0.15707492658034186,0.3739523426282392,0.0,0.0,0.40865139461585376,,,EXPLORE
809,48,,,0,0,1,1,rare,0.0,0.7492544234540431,0.36213315734964036,0.4865429668759803,0.0,0.0,0.46925370836719743,,,EXPLORE
810,48,,,0,1,0,0,rare,0.0,0.8555400305377254,0.6314806239587393,0.5972420859745038,0.0,0.0,0.5181414926281387,,,EXPLORE
811,48,,,0,0,1,0,rare,0.0,0.17056249012962305,0.5172488590007926,0.46923820722103954,0.0,0.0,0.41333318615415215,,,EXPLORE
812,48,,,0,1,1,0,common,0.0,0.11086561858425498,0.666120726030774,0.36172643063000415,0.0,0.0,0.47299065975813936,,,EXPLORE
813,48,,,0,0,1,0,rare,0.0,0.07206265207976574,0.6101237927562708,0.2748272970649326,0.0,0.0,0.5211930904942722,,,EXPLORE
814,48,,,0,1,1,1,common,1.0,0.5129846247548719,0.6815466549532981,0.34627449537191435,0.0,0.0,0.5609489243533671,,,EXPLORE
815,48,,,0,0,0,0,common,1.0,0.44389898015047846,0.6109963309376061,0.37556184080548355,0.0,0.0,0.594297929076637,,,EXPLORE
816,48,,,0,0,1,1,rare,1.0,0.3334400060906668,0.6882128405752623,0.3629252903910385,0.0,0.0,0.622672024916619,,,EXPLORE
817,48,,,0,0,1,1,rare,1.0,0.21673600395893344,0.6051731559940619,0.319068504461407,0.0,0.0,0.6471060078456039,,,EXPLORE
818,48,,,0,1,1,1,common,0.0,0.8591215974266933,0.5148805805602421,0.48108443235099285,0.0,0.0,0.6683662946566029,,,EXPLORE
819,48,,,0,1,1,1,common,0.0,0.5584290383273507,0.3713860277246551,0.5042878141439002,0.0,0.0,0.6870326318451357,,,EXPLORE
820,48,,,0,1,1,1,common,0.0,0.36297887491277797,0.2875223056191788,0.4618951323745635,0.0,0.0,0.6445416452800613,,,EXPLORE
821,48,,,0,0,1,1,rare,1.0,0.7640637313066942,0.24004675097656528,0.5525457120542027,0.0,0.0,0.6661253883903265,,,EXPLORE
822,48,,,0,1,1,1,common,1.0,0.4966414253493514,0.19687598098024547,0.5357744260427473,0.0,0.0,0.6176178783505666,,,EXPLORE
823,48,,,0,0,0,0,common,1.0,0.28853433709781107,0.42265192396930135,0.4616023993592664,0.0,0.0,0.5533786594200624,,,EXPLORE
824,48,,,0,1,1,1,common,1.0,0.3228169264770784,0.3819740241139772,0.41996675749461,0.0,0.0,0.5879080429338875,,,EXPLORE
825,48,,,0,1,0,0,rare,1.0,0.18754731911357725,0.5563171020239416,0.3502409259803001,0.0,0.0,0.6172067727935652,,,EXPLORE
826,48,,,0,0,0,0,common,1.0,0.12190575742382526,0.6484831724745332,0.2817403754133576,0.0,0.0,0.642378524566153,,,EXPLORE
827,48,,,0,0,1,1,rare,1.0,0.20983100221010098,0.6302454613202939,0.2601675634523806,0.0,0.0,0.6642368751779143,,,EXPLORE
828,48,,,0,0,0,0,common,1.0,0.07923874232548644,0.6170835176274174,0.20588891711431237,0.0,0.0,0.6833947405457592,,,EXPLORE
829,48,,,0,0,0,0,common,0.0,0.9484948174884338,0.6080335829651016,0.4286706872265488,0.0,0.0,0.700322646523492,,,EXPLORE
830,48,,,0,0,0,1,common,0.0,0.12371307993621808,0.6624267266992365,0.33718340503944955,0.0,0.0,0.7153878085520685,,,EXPLORE
831,48,,,0,1,0,1,rare,0.0,0.08041350195854174,0.49915659152998937,0.2601524341151772,0.0,0.0,0.7288810103127822,,,EXPLORE
832,48,,,0,0,0,0,common,0.0,0.616521631367482,0.6799321741842341,0.3670631932908686,0.0,0.0,0.7410355057021706,,,EXPLORE
833,48,,,0,0,0,0,common,0.0,0.4007390603888633,0.6004210469048761,0.377165953420267,0.0,0.0,0.7520405757118912,,,EXPLORE
834,48,,,0,1,1,1,common,0.0,0.8636098485634344,0.5237756599199902,0.5230991219632172,0.0,0.0,0.762051424243812,,,EXPLORE
835,48,,,0,1,1,1,common,1.0,0.4386535984337676,0.6517167454119452,0.4977654649043822,0.0,0.0,0.7375715755574729,,,EXPLORE
836,48,,,0,1,1,1,common,1.0,0.28512483898194896,0.46648116011508756,0.4339732771276522,0.0,0.0,0.7488987454016449,,,EXPLORE
837,48,,,0,1,0,1,rare,1.0,0.9477312237269478,0.33330660270246215,0.5881006611074409,0.0,0.0,0.7591889076349481,,,EXPLORE
838,48,,,0,0,1,1,rare,1.0,0.1853311453382669,0.2586063390024022,0.46726980637668863,0.0,0.0,0.7341207828077995,,,EXPLORE
839,48,,,0,0,1,1,rare,1.0,0.1204652444698735,0.49705910725718416,0.3632284378046441,0.0,0.0,0.7457731766198104,,,EXPLORE
840,48,,,0,1,1,1,common,0.0,0.9216975910945823,0.6430089991506804,0.5307691837916255,0.0,0.0,0.7563447990358175,,,EXPLORE
841,48,,,0,0,0,0,common,1.0,0.7395196107472388,0.6641135204395955,0.5933943118783095,0.0,0.0,0.7306846119013588,,,EXPLORE
842,48,,,0,1,1,1,common,0.0,0.5991034342114785,0.5865906784932218,0.5951070485782601,0.0,0.0,0.6993374147580248,,,EXPLORE
843,48,,,0,0,1,1,rare,1.0,0.610582767762539,0.42640025423730643,0.5997497643335438,0.0,0.0,0.6601792188428768,,,EXPLORE
844,48,,,0,0,0,0,common,0.0,0.5193122530142947,0.35793424711700766,0.5756185109377691,0.0,0.0,0.6098779447428704,,,EXPLORE
845,48,,,0,0,0,0,common,1.0,0.6624470355407084,0.611846569146028,0.6016670683186508,0.0,0.0,0.5428921117698634,,,EXPLORE
846,48,,,0,1,1,0,common,0.0,0.04684072385184773,0.48267528797866466,0.43521916497860985,0.0,0.0,0.44927572548198136,,,EXPLORE
847,48,,,0,1,0,0,rare,1.0,0.4305905731014604,0.37650684183347166,0.433830587415465,0.0,0.0,0.5019009363893424,,,EXPLORE
848,48,,,0,1,1,0,common,1.0,0.969553529496299,0.6086004738049986,0.5945474700397152,0.0,0.0,0.5449491156205181,,,EXPLORE
849,48,,,0,0,0,0,common,1.0,0.27988387251594926,0.690218711792596,0.5001483907825854,0.0,0.0,0.45222914243449064,,,EXPLORE
850,48,,,0,0,0,0,common,0.0,0.8180754828646329,0.6555649535798895,0.5955265184071996,0.0,0.0,0.31381129374495814,,,EXPLORE
851,48,,,0,0,1,0,rare,0.0,0.3697902058274057,0.6531571978016855,0.5278056246332614,0.0,0.0,0.09090909090909093,,,EXPLORE
852,48,,,0,1,1,1,common,1.0,0.3968787990456504,0.5159329191059392,0.48852757695697807,0.0,0.0,0.09090909090909093,,,EXPLORE
853,48,,,0,0,1,0,rare,1.0,0.7596363662121863,0.4137398496072684,0.5698602137335405,0.0,0.0,0.23017705927636645,,,EXPLORE
854,48,,,0,0,0,0,common,1.0,0.4682509361379885,0.6094265882399595,0.5393774304548749,0.0,0.0,0.09090909090909093,,,EXPLORE
855,48,,,0,1,1,0,common,0.0,0.5062363619620789,0.684932786346653,0.529435109907036,0.0,0.0,0.09090909090909093,,,EXPLORE
856,48,,,0,0,1,1,rare,0.0,0.7420287806203272,0.6114466674312795,0.5932132111210233,0.0,0.0,0.09090909090909093,,,EXPLORE
857,48,,,0,0,0,0,common,0.0,0.6956368915103075,0.6896600349097961,0.6239403152378085,0.0,0.0,0.09090909090909093,,,EXPLORE
858,48,,,0,0,1,1,rare,1.0,0.5176812925967873,0.6148518292521827,0.5920626084455021,0.0,0.0,0.09090909090909093,,,EXPLORE
859,48,,,0,0,1,1,rare,1.0,0.3364928401879117,0.6904157656698682,0.5153916779682249,0.0,0.0,0.09090909090909093,,,EXPLORE
860,48,,,0,0,0,1,common,0.0,0.3839747045774839,0.6224655292738408,0.4759665859510026,0.0,0.0,0.09090909090909093,,,EXPLORE
861,48,,,0,0,1,1,rare,1.0,0.21872034612214264,0.6877299349554882,0.3987927140023446,0.0,0.0,0.23017705927636645,,,EXPLORE
862,48,,,0,1,0,0,rare,1.0,0.5478360205183002,0.6569235701683653,0.44350570595713124,0.0,0.0,0.33155527035247095,,,EXPLORE
863,48,,,0,1,1,1,common,1.0,0.14216822497939274,0.6908512051356002,0.3531044616638097,0.0,0.0,0.40865139461585376,,,EXPLORE
864,48,,,0,0,0,1,common,0.0,0.24958355797536455,0.6527576210122894,0.3220481905572761,0.0,0.0,0.46925370836719743,,,EXPLORE
865,48,,,0,1,1,0,common,1.0,0.6709463647246487,0.47769216224004907,0.4267176428074879,0.0,0.0,0.5181414926281387,,,EXPLORE
866,48,,,0,1,1,1,common,0.0,0.9075906537633948,0.4133111417640267,0.5709795460942599,0.0,0.0,0.5584101936095955,,,EXPLORE
867,48,,,0,1,1,1,common,1.0,0.41006607505379344,0.6547716726243413,0.52270550478212,0.0,0.0,0.47143071844741774,,,EXPLORE
868,48,,,0,1,1,1,common,1.0,0.26654294878496576,0.5459057191058342,0.4458567379829737,0.0,0.0,0.3433928097630087,,,EXPLORE
869,48,,,0,0,0,0,common,1.0,0.35609341333689504,0.45825089294323673,0.41892774058915005,0.0,0.0,0.4178433713959345,,,EXPLORE
870,48,,,0,1,0,0,rare,1.0,0.23146071866898177,0.6249893557409554,0.36268763401309956,0.0,0.0,0.47659688476631257,,,EXPLORE
871,48,,,0,0,0,0,common,0.0,0.8495505328651618,0.5774965328573813,0.5087465036687182,0.0,0.0,0.5241420657179858,,,EXPLORE
872,48,,,0,1,0,0,rare,1.0,0.4477921536376448,0.387160360143854,0.49046019865939616,0.0,0.0,0.42211658952581144,,,EXPLORE
873,48,,,0,0,1,1,rare,0.0,0.8267470832897723,0.35170896385662875,0.591346264048509,0.0,0.0,0.4800193079075778,,,EXPLORE
874,48,,,0,1,1,1,common,0.0,0.537385604138352,0.24587920358919066,0.5751580660754618,0.0,0.0,0.35646492174271377,,,EXPLORE
875,48,,,0,1,1,0,common,0.0,0.5638848629289783,0.5100767457582087,0.5717761051315168,0.0,0.0,0.15851667552380555,,,EXPLORE
876,48,,,0,0,0,0,common,1.0,0.29106489986446915,0.6624261267614643,0.4875627435514025,0.0,0.0,0.09090909090909093,,,EXPLORE
877,48,,,0,0,1,0,rare,0.0,0.3665251609038359,0.6595580549093021,0.4512514687571325,0.0,0.0,0.23017705927636645,,,EXPLORE
878,48,,,0,1,0,0,rare,0.0,0.8108078150880951,0.6880443979946825,0.5591183726564213,0.0,0.0,0.33155527035247095,,,EXPLORE
879,48,,,0,1,0,0,rare,1.0,0.47297492019273824,0.6786734876634163,0.5332753369173163,0.0,0.0,0.11586571025734585,,,EXPLORE
880,48,,,0,0,0,0,common,1.0,0.3074336981252799,0.635025653850275,0.4655228452797054,0.0,0.0,0.09090909090909093,,,EXPLORE
881,48,,,0,0,0,0,common,1.0,0.1998319037814319,0.6869803803848642,0.38581556283022334,0.0,0.0,0.23017705927636645,,,EXPLORE
882,48,,,0,1,0,0,rare,0.0,0.8701092625420692,0.6148987584567807,0.531103672743777,0.0,0.0,0.33155527035247095,,,EXPLORE
883,48,,,0,0,0,0,common,1.0,0.434428979347655,0.4650195361306988,0.5021012647249403,0.0,0.0,0.11586571025734585,,,EXPLORE
884,48,,,0,1,1,0,common,0.0,0.23824135458749335,0.3789093181932517,0.4229432916837062,0.0,0.0,0.09090909090909093,,,EXPLORE
885,48,,,0,1,1,1,common,1.0,0.6506993573100712,0.28569473201338635,0.4912701113716157,0.0,0.0,0.23017705927636645,,,EXPLORE
886,48,,,0,1,1,1,common,1.0,0.42295458225154625,0.5175607279432708,0.47077545263559484,0.0,0.0,0.33155527035247095,,,EXPLORE
887,48,,,0,1,1,1,common,0.0,0.7250795215364949,0.6505945462657536,0.5470666733058649,0.0,0.0,0.40865139461585376,,,EXPLORE
888,48,,,0,0,0,1,common,0.0,0.16222931268398696,0.46756695904229884,0.4316154651193015,0.0,0.0,0.24479250504532032,,,EXPLORE
889,48,,,0,1,0,0,rare,1.0,0.28237883657597573,0.6747125251353883,0.3868444765563037,0.0,0.0,0.34249371397422373,,,EXPLORE
890,48,,,0,0,0,0,common,0.0,0.8164537562256158,0.673225466828395,0.5157272604570973,0.0,0.0,0.41714379219692344,,,EXPLORE
891,48,,,0,0,1,1,rare,1.0,0.5286983110012783,0.552053752581288,0.5196185756203515,0.0,0.0,0.2584529705880677,,,EXPLORE
892,48,,,0,0,0,0,common,0.0,0.5306949415466502,0.6864554803947489,0.522941485398241,0.0,0.0,0.09090909090909093,,,EXPLORE
893,48,,,0,0,0,0,common,1.0,0.6550482879946773,0.5748935580883268,0.5625735261771718,0.0,0.0,0.09090909090909093,,,EXPLORE
894,48,,,0,1,1,1,common,1.0,0.3436539021508309,0.6899630451190448,0.49689763896926953,0.0,0.0,0.09090909090909093,,,EXPLORE
895,48,,,0,1,0,0,rare,1.0,0.42578138719654035,0.6394417985213905,0.47556276343745074,0.0,0.0,0.23017705927636645,,,EXPLORE
896,48,,,0,0,0,0,common,1.0,0.2767579016777513,0.5806102243560952,0.4159213049095409,0.0,0.0,0.33155527035247095,,,EXPLORE
897,48,,,0,0,0,0,common,1.0,0.1798926360905383,0.6697237453812175,0.34511270426384005,0.0,0.0,0.40865139461585376,,,EXPLORE
898,48,,,0,0,0,0,common,1.0,0.11693021345884991,0.6925773010352481,0.27665795702234297,0.0,0.0,0.46925370836719743,,,EXPLORE
899,48,,,0,0,1,1,rare,1.0,0.22337503639804013,0.6894072671550434,0.2606730808350521,0.0,0.0,0.5181414926281387,,,EXPLORE
900,48,,,0,1,0,0,rare,1.0,0.07600463874825247,0.679730600045936,0.2052725482090122,0.0,0.0,0.5584101936095955,,,EXPLORE
901,48,,,0,0,0,0,common,1.0,0.04940301518636414,0.6915636448835891,0.15851168830221776,0.0,0.0,0.5921529537657815,,,EXPLORE
902,48,,,0,1,1,1,common,1.0,0.1451937736587261,0.6874343166277733,0.15451631390917026,0.0,0.0,0.6208359130085537,,,EXPLORE
903,48,,,0,0,0,0,common,0.0,0.9678880401288633,0.6924775240725805,0.39852783177507817,0.0,0.0,0.6455166258956538,,,EXPLORE
904,48,,,0,1,1,1,common,0.0,0.905624047121828,0.52799844068096,0.5506566963791031,0.0,0.0,0.6669771225069359,,,EXPLORE
905,48,,,0,1,0,0,rare,1.0,0.37087277391623885,0.6928641411081613,0.4967215196402438,0.0,0.0,0.6187235326344126,,,EXPLORE
906,48,,,0,0,0,0,common,1.0,0.24106730304555524,0.6626052648102292,0.42002525466183716,0.0,0.0,0.6436895163229978,,,EXPLORE
907,48,,,0,0,1,1,rare,1.0,0.41134436937081187,0.6930275767253595,0.41742098907452957,0.0,0.0,0.665381244592141,,,EXPLORE
908,48,,,0,0,0,0,common,1.0,0.15669374697961092,0.6756573268442444,0.33920281644605393,0.0,0.0,0.6844022986840081,,,EXPLORE
909,48,,,0,1,1,1,common,1.0,0.2673738400910277,0.6497411536906197,0.31765412353954603,0.0,0.0,0.7012164949825108,,,EXPLORE
910,48,,,0,0,0,0,common,0.0,0.8981490644632529,0.6856821057769751,0.491802605816658,0.0,0.0,0.7161861260876151,,,EXPLORE
911,48,,,0,1,1,1,common,1.0,0.17379299605916798,0.5805614133945903,0.396399722889411,0.0,0.0,0.7295982975470762,,,EXPLORE
912,48,,,0,0,0,0,common,1.0,0.4162031080988855,0.5323450204480686,0.4023407384522534,0.0,0.0,0.7416834704190547,,,EXPLORE
913,48,,,0,1,1,1,common,1.0,0.11296544743845915,0.6422026856067252,0.31552815114811505,0.0,0.0,0.7526287742383925,,,EXPLORE
914,48,,,0,0,1,1,rare,1.0,0.07342754083499847,0.6180292889836341,0.24289796805418004,0.0,0.0,0.762587733866747,,,EXPLORE
915,48,,,0,1,1,1,common,0.0,0.952272098457251,0.6709650506713034,0.45571020717510136,0.0,0.0,0.7716874887957358,,,EXPLORE
916,48,,,0,1,1,0,common,0.0,0.15485688048187068,0.6057255694187689,0.3654542091671321,0.0,0.0,0.7800342280100581,,,EXPLORE
917,48,,,0,0,0,0,common,0.0,0.7294679797357244,0.4254783039250589,0.4746583403377098,0.0,0.0,0.7877173346335504,,,EXPLORE
918,48,,,0,1,1,1,common,1.0,0.3810231360027868,0.6542169603930494,0.4465677790372329,0.0,0.0,0.7948125840994208,,,EXPLORE
919,48,,,0,1,1,1,common,0.0,0.7523349615981886,0.6833982747092305,0.5382979338055196,0.0,0.0,0.8013846387605128,,,EXPLORE
920,48,,,0,1,1,1,common,1.0,0.5109822749611774,0.6545348566289122,0.5301032361522169,0.0,0.0,0.7842273991823966,,,EXPLORE
921,48,,,0,1,1,1,common,0.0,0.6678615212752347,0.6832895940254116,0.5714307216891222,0.0,0.0,0.7640487516127905,,,EXPLORE
922,48,,,0,1,1,1,common,0.0,0.43410998882890256,0.6546688240335572,0.5302345018310564,0.0,0.0,0.7399748605229348,,,EXPLORE
923,48,,,0,1,1,0,common,1.0,0.8993430276867841,0.5585091353401496,0.6409670595877746,0.0,0.0,0.7107589716841665,,,EXPLORE
924,48,,,0,1,1,0,common,0.0,0.4154270320035904,0.692436450278118,0.5733050513125193,0.0,0.0,0.6745587191166391,,,EXPLORE
925,48,,,0,0,0,0,common,0.0,0.47415418682822086,0.6194056843534739,0.5435597919672297,0.0,0.0,0.6285322071830242,,,EXPLORE
926,48,,,0,0,0,0,common,0.0,0.3082002214383436,0.6928467735855688,0.47295192080856385,0.0,0.0,0.5680538112183607,,,EXPLORE
927,48,,,0,0,0,0,common,1.0,0.7996698560650767,0.669727841699544,0.5709673013855177,0.0,0.0,0.6003121017496477,,,EXPLORE
928,48,,,0,0,1,0,rare,0.0,0.27002757080233375,0.6436703656445661,0.48068538221056245,0.0,0.0,0.5298393647465353,,,EXPLORE
929,48,,,0,1,1,1,common,1.0,0.7178285072612134,0.6928300434471832,0.5518283197257576,0.0,0.0,0.5681582917580691,,,EXPLORE
930,48,,,0,0,0,0,common,1.0,0.5197854064422999,0.5860186620860135,0.5422154457407202,0.0,0.0,0.4852012550041823,,,EXPLORE
931,48,,,0,1,1,0,common,0.0,0.17551792102151695,0.6930131654687055,0.4322061883249592,0.0,0.0,0.3643050730213004,,,EXPLORE
932,48,,,0,0,0,0,common,1.0,0.33786051418749496,0.6254017854860585,0.4039024860837199,0.0,0.0,0.434181373190326,,,EXPLORE
933,48,,,0,1,1,1,common,0.0,0.5334114702802113,0.5020826879702975,0.44275518134266734,0.0,0.0,0.4897118997424138,,,EXPLORE
934,48,,,0,1,1,0,common,0.0,0.11408664866398602,0.3875086917306759,0.3441546215390629,0.0,0.0,0.5349011381950692,,,EXPLORE
935,48,,,0,1,1,1,common,1.0,0.6532825443178627,0.3182846434498833,0.4368929983727028,0.0,0.0,0.5723900296940174,,,EXPLORE
936,48,,,0,0,1,0,rare,1.0,0.9258436783684091,0.572193377130254,0.5835782023714147,0.0,0.0,0.6039908083044466,,,EXPLORE
937,48,,,0,0,0,0,common,0.0,0.7803906657781283,0.4860741167117668,0.6426219413934287,0.0,0.0,0.5348711674201654,,,EXPLORE
938,48,,,0,0,0,1,common,1.0,0.8945509467554085,0.6812053560155797,0.7182006430020225,0.0,0.0,0.4377102604858879,,,EXPLORE
939,48,,,0,1,0,1,rare,0.0,0.41854188460898445,0.5880278156047887,0.6283030154841109,0.0,0.0,0.2911110209050309,,,EXPLORE
940,48,,,0,1,1,1,common,1.0,0.42463365380661067,0.45219761333721864,0.5672022069808608,0.0,0.0,0.09090909090909093,,,EXPLORE
941,48,,,0,0,0,1,common,0.0,0.2720522249958399,0.6483061827919647,0.4786572123853545,0.0,0.0,0.09090909090909093,,,EXPLORE
942,48,,,0,0,0,0,common,1.0,0.49274606724421655,0.6773256766053961,0.4828838688430131,0.0,0.0,0.23017705927636645,,,EXPLORE
943,48,,,0,0,1,1,rare,1.0,0.2760118749742969,0.6725799175066646,0.4208222706823982,0.0,0.0,0.33155527035247095,,,EXPLORE
944,48,,,0,0,0,0,common,1.0,0.3202849437087407,0.5995539500802276,0.3906610725903009,0.0,0.0,0.40865139461585376,,,EXPLORE
945,48,,,0,0,0,0,common,0.0,0.7918147865893185,0.5337380610304667,0.5110071867900061,0.0,0.0,0.46925370836719743,,,EXPLORE
946,48,,,0,1,1,1,common,1.0,0.17940771873329298,0.6928924391929527,0.41152734637299215,0.0,0.0,0.34006380567581695,,,EXPLORE
947,48,,,0,1,0,0,rare,1.0,0.48532038871694305,0.6503908338719024,0.43366525907617737,0.0,0.0,0.41525427127022185,,,EXPLORE
948,48,,,0,0,1,1,rare,1.0,0.11661501717664047,0.5790884020373693,0.33855018650631624,0.0,0.0,0.4745259581707185,,,EXPLORE
949,48,,,0,0,0,0,common,1.0,0.315458252666013,0.6746220064587354,0.33162260635422525,0.0,0.0,0.5224480780585465,,,EXPLORE
950,48,,,0,1,1,1,common,0.0,0.9242002388351837,0.6931016979511619,0.5093958960985128,0.0,0.0,0.5619938583437094,,,EXPLORE
951,48,,,0,0,0,0,common,0.0,0.7949521357670916,0.5521858793773923,0.5950627679990863,0.0,0.0,0.47650619463613164,,,EXPLORE
952,48,,,0,0,1,1,rare,0.0,0.6007301552428694,0.6931279635374799,0.5967629841722212,0.0,0.0,0.35112962283993754,,,EXPLORE
953,48,,,0,1,0,0,rare,1.0,0.48328111175139044,0.6314646576933103,0.5627184224459719,0.0,0.0,0.14946347247295874,,,EXPLORE
954,48,,,0,0,0,0,common,1.0,0.31413272263840386,0.4991496264052867,0.4881427125037015,0.0,0.0,0.09090909090909093,,,EXPLORE
955,48,,,0,0,1,0,rare,1.0,0.601798390939466,0.6661134645343946,0.5222394160344308,0.0,0.0,0.23017705927636645,,,EXPLORE
956,48,,,0,0,1,0,rare,0.0,0.6088310458893471,0.691141059109448,0.5482169049909057,0.0,0.0,0.09090909090909093,,,EXPLORE
957,48,,,0,0,0,0,common,1.0,0.20418626971496256,0.6041880122119729,0.4450077144081227,0.0,0.0,0.09090909090909093,,,EXPLORE
958,48,,,0,0,0,0,common,1.0,0.13272107531472566,0.6906501110850481,0.3513217226801036,0.0,0.0,0.23017705927636645,,,EXPLORE
959,48,,,0,1,1,1,common,1.0,0.6095253990921349,0.6787964471794637,0.42878282560371295,0.0,0.0,0.33155527035247095,,,EXPLORE
960,48,,,0,0,0,0,common,1.0,0.08626869895457168,0.6920906444032058,0.3260285876089706,0.0,0.0,0.40865139461585376,,,EXPLORE
961,48,,,0,1,0,0,rare,1.0,0.05607465432047154,0.6870332095368894,0.24504240762242085,0.0,0.0,0.46925370836719743,,,EXPLORE
962,48,,,0,0,0,1,common,0.0,0.17683394624729595,0.6927005213438936,0.22457986920988338,0.0,0.0,0.5181414926281387,,,EXPLORE
963,48,,,0,0,0,0,common,1.0,0.036448525308306445,0.5290474510812965,0.16814046603941027,0.0,0.0,0.5584101936095955,,,EXPLORE
964,48,,,0,0,0,1,common,1.0,0.8850579349392577,0.6454319658049836,0.3832157067093645,0.0,0.0,0.5921529537657815,,,EXPLORE
965,48,,,0,1,1,1,common,1.0,0.3961915094098877,0.6866613535541344,0.3871084475195214,0.0,0.0,0.6208359130085537,,,EXPLORE
966,48,,,0,1,1,1,common,1.0,0.257524481116427,0.6724116476831772,0.348233257598593,0.0,0.0,0.6455166258956538,,,EXPLORE
967,48,,,0,1,0,0,rare,1.0,0.0236915414503992,0.6591588119059408,0.25087074275413485,0.0,0.0,0.6669771225069359,,,EXPLORE
968,48,,,0,0,0,0,common,1.0,0.01539950194275952,0.6490010937507835,0.18022937051072224,0.0,0.0,0.6858081495669813,,,EXPLORE
969,48,,,0,1,0,0,rare,1.0,0.010009676262793699,0.6784979691575612,0.12916346223634367,0.0,0.0,0.7024642847715783,,,EXPLORE
970,48,,,0,0,1,0,rare,0.0,0.39574017982807563,0.6740038858363917,0.20913647751386324,0.0,0.0,0.7173010333450142,,,EXPLORE
971,48,,,0,0,0,0,common,1.0,0.006506289570815893,0.44726952498052197,0.148347421130949,0.0,0.0,0.7306004237646555,,,EXPLORE
972,48,,,0,1,1,1,common,1.0,0.16739091272567752,0.5776470296583602,0.15406046860936756,0.0,0.0,0.7425890580670904,,,EXPLORE
973,48,,,0,1,1,1,common,1.0,0.10880409327169038,0.5710920377679235,0.1404835560080644,0.0,0.0,0.7534510902583895,,,EXPLORE
974,48,,,0,1,1,1,common,0.0,0.9292773393734013,0.5667771662811167,0.37712169101766546,0.0,0.0,0.763337721105509,,,EXPLORE
975,48,,,0,1,1,1,common,1.0,0.39596972940728914,0.6813346039738093,0.3827761025345525,0.0,0.0,0.7723742534998811,,,EXPLORE
976,48,,,0,0,1,1,rare,1.0,0.257380324114738,0.6886676565972895,0.34515736900860816,0.0,0.0,0.7806654095703525,,,EXPLORE
977,48,,,0,1,0,1,rare,0.0,0.4247123422894825,0.6881220218014155,0.36902386099287043,0.0,0.0,0.7882993894728533,,,EXPLORE
978,48,,,0,0,1,1,rare,0.0,0.8327027893254203,0.5245139412652764,0.5081275394926353,0.0,0.0,0.7953510060940612,,,EXPLORE
979,48,,,0,1,1,1,common,1.0,0.4587431869384768,0.6910178666114148,0.49331223372638777,0.0,0.0,0.7771613202299682,,,EXPLORE
980,48,,,0,1,1,1,common,1.0,0.29818307151001,0.6541053258352145,0.4347734850614744,0.0,0.0,0.7850699140554199,,,EXPLORE
981,48,,,0,0,0,0,common,1.0,0.004229088221030297,0.5771175222349616,0.30561016600934116,0.0,0.0,0.7923652278140717,,,EXPLORE
982,48,,,0,0,1,1,rare,1.0,0.19381899648150647,0.6762690287304634,0.27207281515099074,0.0,0.0,0.7991156067785291,,,EXPLORE
983,48,,,0,0,1,1,rare,1.0,0.12598234771297923,0.6927664183258211,0.22824567491958728,0.0,0.0,0.8053796048253509,,,EXPLORE
984,48,,,0,1,1,1,common,0.0,0.9181114739865635,0.6795586333962518,0.4352054146396801,0.0,0.0,0.811207677254225,,,EXPLORE
985,48,,,0,0,1,1,rare,1.0,0.40322754190873367,0.48937428801170213,0.42561205282039616,0.0,0.0,0.816643534142389,,,EXPLORE
986,48,,,0,1,0,0,rare,1.0,0.0027489073436697264,0.44914273284594886,0.2987531091773782,0.0,0.0,0.8217252310850045,,,EXPLORE
987,48,,,0,0,1,1,rare,1.0,0.26209790224067686,0.595066820178757,0.2877565470963678,0.0,0.0,0.8264860549115951,,,EXPLORE
988,48,,,0,1,0,0,rare,1.0,0.001786789773385311,0.5721924153962696,0.20196561989947304,0.0,0.0,0.8309552479736538,,,EXPLORE
989,48,,,0,1,1,1,common,0.0,0.8296363635435601,0.6491757890818235,0.3902668429926991,0.0,0.0,0.8351586043167805,,,EXPLORE
990,48,,,0,0,0,1,common,0.0,0.2760630224881636,0.426313414969192,0.3560056968413384,0.0,0.0,0.8391189634188588,,,EXPLORE
991,48,,,0,0,1,1,rare,1.0,0.4607363636966859,0.674081643004125,0.3874248968979427,0.0,0.0,0.8428566214561399,,,EXPLORE
992,48,,,0,0,1,1,rare,1.0,0.2994786364028459,0.5949889087280301,0.36104101874941363,0.0,0.0,0.8463896757337058,,,EXPLORE
993,48,,,0,1,1,1,common,1.0,0.1946611136618498,0.5228418721707748,0.3111270472231445,0.0,0.0,0.8497343146179875,,,EXPLORE
994,48,,,0,1,1,1,common,0.0,0.8734702761197977,0.6491386850734289,0.47983001589214047,0.0,0.0,0.8529050627730312,,,EXPLORE
995,48,,,0,0,1,1,rare,0.0,0.5677556794778684,0.4601433474650143,0.5062077149678588,0.0,0.0,0.8559149895379558,,,EXPLORE
996,48,,,0,0,1,1,rare,1.0,0.6309588083393856,0.6740651293280489,0.5436330429793168,0.0,0.0,0.8466479637647362,,,EXPLORE
997,48,,,0,0,0,0,common,1.0,0.00116141335270048,0.5757311534231538,0.3808915540913319,0.0,0.0,0.8362195354096628,,,EXPLORE
998,48,,,0,1,0,0,rare,1.0,0.0007549186792552565,0.48679988762842685,0.2668505634677089,0.0,0.0,0.8401196405212775,,,EXPLORE
999,48,,,0,1,0,0,rare,1.0,0.00049069714151595,0.6398511049299309,0.186942603569851,0.0,0.0,0.8438019891782685,,,EXPLORE
1000,48,,,0,0,1,1,rare,1.0,0.41012322542060053,0.6896865289142244,0.2538967901250758,0.0,0.0,0.8472841521474038,,,EXPLORE
1001,48,,,0,0,0,0,common,0.0,0.9996810468580146,0.669908035950679,0.47763206714495743,0.0,0.0,0.8505818595241835,,,EXPLORE
1002,48,,,0,1,1,1,common,0.0,0.7334199034766097,0.6210854050045526,0.5543684180444531,0.0,0.0,0.8537092356167661,,,EXPLORE
1003,48,,,0,0,0,0,common,0.0,0.6497926804577095,0.6831945721741223,0.58299569676843,0.0,0.0,0.8441723052684246,,,EXPLORE
1004,48,,,0,1,1,1,common,0.0,0.4767229372597963,0.661362366696181,0.5511138689158399,0.0,0.0,0.8334213717123861,,,EXPLORE
1005,48,,,0,0,0,1,common,1.0,0.8205590353826937,0.6889178562695908,0.631947418855896,0.0,0.0,0.821209532229438,,,EXPLORE
1006,48,,,0,0,0,0,common,0.0,0.4223652422975112,0.5688291372259434,0.5690727658883805,0.0,0.0,0.8072180623708992,,,EXPLORE
1007,48,,,0,1,0,1,rare,1.0,0.5333633729987508,0.6859675041960722,0.5583599480214916,0.0,0.0,0.7910282524549315,,,EXPLORE
1008,48,,,0,1,1,1,common,1.0,0.6901300907811324,0.6344372922880662,0.5978909908493838,0.0,0.0,0.7720788637410722,,,EXPLORE
1009,48,,,0,0,0,1,common,0.0,0.6533138075508119,0.5145732424976985,0.6145178358598122,0.0,0.0,0.7495998410939639,,,EXPLORE
1010,48,,,0,0,0,0,common,0.0,0.2745374074933823,0.39539378182997575,0.5125237073498833,0.0,0.0,0.7225052370013147,,,EXPLORE
1011,48,,,0,0,0,0,common,0.0,0.17844931487069848,0.3228817429593508,0.41230138960612783,0.0,0.0,0.6892127192037006,,,EXPLORE
1012,48,,,0,0,0,1,common,1.0,0.5753460250919722,0.28003566967383675,0.4612147802518811,0.0,0.0,0.70548896825743,,,EXPLORE
1013,48,,,0,0,1,1,rare,0.0,0.5514154409922639,0.544710397059643,0.4882749784739959,0.0,0.0,0.7200059104812977,,,EXPLORE
1014,48,,,0,1,1,1,common,0.0,0.3584200366449716,0.41518403557857375,0.4493184959252886,0.0,0.0,0.7330335422599581,,,EXPLORE
1015,48,,,0,1,0,1,rare,1.0,0.37397491630978197,0.624381093925662,0.4267154220406366,0.0,0.0,0.7447893014691208,,,EXPLORE
1016,48,,,0,0,0,1,common,1.0,0.24308369560135823,0.47081775325164255,0.3716259041088531,0.0,0.0,0.7554502630308899,,,EXPLORE
1017,48,,,0,0,0,1,common,0.0,0.8419955978591172,0.6628776229622155,0.5127368122339322,0.0,0.0,0.7651620892762067,,,EXPLORE
1018,48,,,0,1,1,0,common,0.0,0.2572311168882492,0.5330530159494773,0.43608510363022723,0.0,0.0,0.7413128779059664,,,EXPLORE
1019,48,,,0,0,1,0,rare,1.0,0.832799774022638,0.6801296217652599,0.5550995047479504,0.0,0.0,0.7522923452282959,,,EXPLORE
1020,48,,,0,0,0,1,common,1.0,0.4527028613915738,0.6506730900591927,0.5243805117410374,0.0,0.0,0.7257754695635852,,,EXPLORE
1021,48,,,0,0,0,1,common,1.0,0.294256859904523,0.5422979022911202,0.455343416190083,0.0,0.0,0.6932684989020846,,,EXPLORE
1022,48,,,0,0,0,1,common,1.0,0.19126695893794,0.45644795100038804,0.37612047901444007,0.0,0.0,0.7090975527370782,,,EXPLORE
1023,48,,,0,1,1,0,common,1.0,0.5413198531147148,0.4004588752115438,0.42568029124452245,0.0,0.0,0.7232372282199175,,,EXPLORE
1024,48,,,0,1,0,1,rare,0.0,0.875676476690339,0.5764526284247931,0.5606791468782674,0.0,0.0,0.735943667039711,,,EXPLORE
1025,48,,,0,1,1,0,common,1.0,0.35185790452456467,0.38561845045556087,0.4980327741721565,0.0,0.0,0.7058131313432429,,,EXPLORE
1026,48,,,0,1,1,1,common,0.0,0.23297302381923152,0.5674576957079257,0.418514849066279,0.0,0.0,0.720295992930555,,,EXPLORE
1027,48,,,0,1,0,1,rare,1.0,0.4308102901512796,0.37941201503402605,0.4222034813917791,0.0,0.0,0.7332946366524749,,,EXPLORE
1028,48,,,0,1,1,0,common,1.0,0.22870763794096705,0.5636025529705448,0.3641547283565355,0.0,0.0,0.7450255340843568,,,EXPLORE
1029,48,,,0,0,0,1,common,1.0,0.2800266885983318,0.6572571327360033,0.3389163164290744,0.0,0.0,0.755665012621934,,,EXPLORE
1030,48,,,0,0,0,1,common,1.0,0.18201734758891563,0.6338794912625689,0.29184662577702675,0.0,0.0,0.7653581489898672,,,EXPLORE
1031,48,,,0,0,1,0,rare,1.0,0.14865996466162856,0.6162061488867794,0.24889062744240725,0.0,0.0,0.7742253987505061,,,EXPLORE
1032,48,,,0,1,0,1,rare,0.0,0.8816887240672049,0.6038135597212956,0.4387300564298465,0.0,0.0,0.7823676068435542,,,EXPLORE
1033,48,,,0,0,1,0,rare,1.0,0.09662897703005857,0.3799508614121432,0.3360997326099101,0.0,0.0,0.7898698423737843,,,EXPLORE
1034,48,,,0,1,1,0,common,0.0,0.937191164930462,0.37036346202578174,0.5164271623060757,0.0,0.0,0.7968043674118899,,,EXPLORE
1035,48,,,0,1,0,1,rare,1.0,0.4269023293563168,0.24229873765888768,0.489569712421148,0.0,0.0,0.7788663431955278,,,EXPLORE
1036,48,,,0,1,0,1,rare,1.0,0.27748651408160585,0.43115212299058725,0.42594475291928535,0.0,0.0,0.7866407423201347,,,EXPLORE
1037,48,,,0,0,0,1,common,0.0,0.8196337658469561,0.5675018786993369,0.5440514567975866,0.0,0.0,0.7938170320868417,,,EXPLORE
1038,48,,,0,1,0,1,rare,0.0,0.5327619478005214,0.6822219132197117,0.5406646040984671,0.0,0.0,0.7753596757782707,,,EXPLORE
1039,48,,,0,1,1,0,common,1.0,0.39082574279519977,0.6358099090885893,0.49571294570748686,0.0,0.0,0.7535151768400344,,,EXPLORE
1040,48,,,0,1,1,0,common,1.0,0.2540367328168799,0.6927615015184678,0.42321008184030473,0.0,0.0,0.7633961812418248,,,EXPLORE
1041,48,,,0,1,0,0,rare,0.0,0.11599205466595403,0.6573306919195854,0.3310446736879995,0.0,0.0,0.7724277942964523,,,EXPLORE
1042,48,,,0,1,0,0,rare,0.0,0.07539483553287012,0.6584142576238861,0.2543497222414607,0.0,0.0,0.7807146244262625,,,EXPLORE
1043,48,,,0,1,1,0,common,1.0,0.16512387633097192,0.5325300638536896,0.22758196846831405,0.0,0.0,0.7883447800505086,,,EXPLORE
1044,48,,,0,1,1,0,common,1.0,0.10733051961513174,0.6822604915237778,0.19150653381235933,0.0,0.0,0.7953929993852098,,,EXPLORE
1045,48,,,0,1,1,0,common,1.0,0.06976483774983566,0.6808047859763151,0.1549840249936022,0.0,0.0,0.8019230938712743,,,EXPLORE
1046,48,,,0,0,1,0,rare,1.0,0.04534714453739319,0.6331723833155772,0.12209296085673949,0.0,0.0,0.8079898746485118,,,EXPLORE
1047,48,,,0,0,0,0,common,0.0,0.04900664309636558,0.6878950089222896,0.10016706552862731,0.0,0.0,0.8136406853295678,,,EXPLORE
1048,48,,,0,0,0,1,common,1.0,0.6537047339296611,0.5249595514753163,0.2662283660489374,0.0,0.0,0.8189166318492845,,,EXPLORE
1049,48,,,0,0,0,1,common,0.0,0.5750919229457203,0.6541860212549198,0.3588874331179722,0.0,0.0,0.8238535770076244,,,EXPLORE
1050,48,,,0,1,1,0,common,1.0,0.029475643949305574,0.472535504550947,0.26006389636737226,0.0,0.0,0.8284829506075638,,,EXPLORE
1051,48,,,0,1,1,0,common,0.0,0.9808408314329514,0.4148529476330398,0.476296976887046,0.0,0.0,0.832832413882621,,,EXPLORE
1052,48,,,0,0,0,0,common,0.0,0.03185431801263763,0.6581684155630974,0.34296417922472344,0.0,0.0,0.8369264078993159,,,EXPLORE
1053,48,,,0,1,1,1,common,0.0,0.1514324654825005,0.5515098956515222,0.2855046651020565,0.0,0.0,0.8407866089036414,,,EXPLORE
1054,48,,,0,1,1,0,common,1.0,0.36245345956858155,0.678062200208859,0.308589303442014,0.0,0.0,0.8444323085268491,,,EXPLORE
1055,48,,,0,0,0,1,common,1.0,0.6261902500852818,0.5346937503694935,0.40386958743499435,0.0,0.0,0.8478807329295593,,,EXPLORE
1056,48,,,0,0,1,0,rare,1.0,0.23559474871957797,0.6867176295964277,0.3533871358203694,0.0,0.0,0.8511473120269726,,,EXPLORE
1057,48,,,0,0,0,1,common,1.0,0.4070236625554331,0.6711847425486128,0.3694780938408885,0.0,0.0,0.8542459076731476,,,EXPLORE
1058,48,,,0,0,0,1,common,1.0,0.2645653806610315,0.6108713261686387,0.3380042798869314,0.0,0.0,0.8571890079225282,,,EXPLORE
1059,48,,,0,0,1,0,rare,1.0,0.15313658666772567,0.5573973139484997,0.28254397192116965,0.0,0.0,0.8599878931100684,,,EXPLORE
1060,48,,,0,1,1,1,common,0.0,0.09843110256362533,0.5191262374542699,0.22731011111390634,0.0,0.0,0.8626527784069887,,,EXPLORE
1061,48,,,0,0,1,0,rare,1.0,0.09953878133402172,0.3386078392589447,0.18897871217994094,0.0,0.0,0.8651929366499589,,,EXPLORE
1062,48,,,0,1,1,0,common,0.0,0.9352997921328858,0.3155427813950422,0.4128750361658244,0.0,0.0,0.8676168045565951,,,EXPLORE
1063,48,,,0,0,0,1,common,1.0,0.17196749742967055,0.2219345532311281,0.3406027745449782,0.0,0.0,0.8699320748911334,,,EXPLORE
1064,48,,,0,0,0,1,common,1.0,0.11177887332928582,0.21063164793839492,0.2719556041802705,0.0,0.0,0.8721457767017214,,,EXPLORE
1065,48,,,0,0,0,1,common,1.0,0.07265626766403577,0.20352825203308392,0.21216580322540005,0.0,0.0,0.874264345392404,,,EXPLORE
1066,48,,,0,0,0,1,common,1.0,0.04722657398162322,0.19901318841970447,0.16268403445226698,0.0,0.0,0.8762936841012277,,,EXPLORE
1067,48,,,0,0,0,1,common,1.0,0.030697273088055144,0.19612130818749593,0.12308800604300342,0.0,0.0,0.8782392176173975,,,EXPLOIT
1068,48,,,0,0,0,1,common,1.0,0.019953227507235827,0.19425964157597164,0.09214757248227314,0.0,0.0,0.8801059398745621,,,EXPLOIT
1069,48,,,0,0,0,1,common,1.0,0.01296959787970331,0.19305716508107576,0.0683941801015022,0.0,0.0,0.8818984558957653,,,EXPLOIT
1070,48,,,0,0,1,0,rare,0.0,0.6079448648863759,0.1922787630720811,0.2302593855369643,0.0,0.0,0.8836210189318237,,,EXPLOIT
1071,48,,,0,0,0,1,common,1.0,0.00843023862180714,0.4541687831737242,0.16371064146241712,0.0,0.0,0.8852775634236866,,,EXPLORE
1072,48,,,0,0,0,1,common,0.0,0.9945203448958253,0.3475453319042119,0.4129535524924396,0.0,0.0,0.8868717343265317,,,EXPLORE
1073,48,,,0,0,0,1,common,1.0,0.35356177581771353,0.5810652929599903,0.39513601949002175,0.0,0.0,0.888406913255641,,,EXPLORE
1074,48,,,0,0,1,0,rare,1.0,0.6048358378238556,0.42952884271046277,0.4580459649901719,0.0,0.0,0.8898862418488029,,,EXPLORE
1075,48,,,0,0,0,1,common,1.0,0.22981515428151378,0.33298207705435046,0.38957672177757446,0.0,0.0,0.891312642684924,,,EXPLORE
1076,48,,,0,0,0,1,common,1.0,0.14937985028298395,0.276953441911718,0.31751766032919726,0.0,0.0,0.8926888380519773,,,EXPLORE
1077,48,,,0,0,0,1,common,1.0,0.09709690268393956,0.2440913356993199,0.25139143303561995,0.0,0.0,0.8940173668179036,,,EXPLORE
1078,48,,,0,0,0,1,common,1.0,0.06311298674456067,0.22430388674433263,0.19490789914830214,0.0,0.0,0.8953005996244692,,,EXPLORE
1079,48,,,0,1,0,1,rare,1.0,0.04102344138396441,0.21210891063898557,0.1487425618190008,0.0,0.0,0.896540752595402,,,EXPLORE
1080,48,,,0,1,1,0,common,1.0,0.39314329458550623,0.40837427712806307,0.22206278164895243,0.0,0.0,0.8977398997255789,,,EXPLOIT
1081,48,,,0,1,1,0,common,0.0,0.7444568585194209,0.5584997120407889,0.3787810047100929,0.0,0.0,0.898899984096986,,,EXPLORE
1082,48,,,0,0,0,1,common,1.0,0.026665236899576894,0.3500513834004674,0.2731462743669381,0.0,0.0,0.9000228280490542,,,EXPLORE
1083,48,,,0,0,1,0,rare,0.0,0.4838969580376236,0.3393058082004774,0.3363714794681437,0.0,0.0,0.901110142415356,,,EXPLORE
1084,48,,,0,1,1,1,common,0.0,0.06398021666635648,0.6257829245221332,0.2546541006276075,0.0,0.0,0.9021635349251534,,,EXPLORE
1085,48,,,0,0,0,1,common,1.0,0.01733240398472502,0.5013544519724746,0.18345759163474276,0.0,0.0,0.9031845178565794,,,EXPLORE
1086,48,,,0,0,0,0,common,0.0,0.02070530670821446,0.38783143409032994,0.13463190615678428,0.0,0.0,0.9041745150180919,,,EXPLORE
1087,48,,,0,1,1,0,common,1.0,0.6854669772755446,0.6144117504158721,0.29988242749241234,0.0,0.0,0.9051348681259886,,,EXPLORE
1088,48,,,0,1,0,1,rare,1.0,0.011266062590071235,0.6896005967009438,0.21329751802171,0.0,0.0,0.9060668426380706,,,EXPLORE
1089,48,,,0,0,0,1,common,1.0,0.007322940683546331,0.6163459861472277,0.15150514482026087,0.0,0.0,0.9069716330968013,,,EXPLORE
1090,48,,,0,0,0,1,common,0.0,0.9952400885556949,0.691645671717348,0.4046256279408911,0.0,0.0,0.9078503680294158,,,EXPLORE
1091,48,,,0,1,0,1,rare,0.0,0.6469060575612018,0.5721425356048333,0.4773097568269843,0.0,0.0,0.9087041144472523,,,EXPLORE
1092,48,,,0,1,1,0,common,1.0,0.445553535229104,0.69251224225932,0.46778289034762016,0.0,0.0,0.9095338819820362,,,EXPLORE
1093,48,,,0,1,1,1,common,1.0,0.9584128591668682,0.6130764317667218,0.6149718809933946,0.0,0.0,0.9103406266928393,,,EXPLORE
1094,48,,,0,1,1,0,common,1.0,0.2896097978989176,0.5126017669397234,0.5173632560650515,0.0,0.0,0.9064702944630536,,,EXPLORE
1095,48,,,0,1,0,1,rare,0.0,0.4204889374147812,0.44068598540396464,0.4883009604699704,0.0,0.0,0.9022948250277234,,,EXPLORE
1096,48,,,0,1,0,0,rare,0.0,0.013458449360339398,0.6670140714947459,0.3458482071370811,0.0,0.0,0.9033117999034771,,,EXPLORE
1097,48,,,0,1,0,1,rare,1.0,0.7266821906803922,0.6812502177613327,0.46009840220007436,0.0,0.0,0.9042979636444872,,,EXPLORE
1098,48,,,0,1,0,1,rare,1.0,0.4723434239422549,0.6518990943872636,0.4637719087227285,0.0,0.0,0.905254647980227,,,EXPLORE
1099,48,,,0,1,1,0,common,1.0,0.18824636863429645,0.5474618321764154,0.38111424669619887,0.0,0.0,0.9061831090856505,,,EXPLORE
1100,48,,,0,1,0,1,rare,1.0,0.30702322556246575,0.4641158110959096,0.3588869403560789,0.0,0.0,0.907084532865631,,,EXPLORE
1101,48,,,0,0,0,1,common,1.0,0.19956509661560273,0.409356998088921,0.311090387233936,0.0,0.0,0.9079600398019845,,,EXPLORE
1102,48,,,0,1,1,0,common,1.0,0.12236013961229264,0.5808720446240259,0.254471312947443,0.0,0.0,0.908810689404743,,,EXPLORE
1103,48,,,0,0,0,1,common,1.0,0.12971731280014176,0.5480840979195246,0.21704511290325262,0.0,0.0,0.909637484304869,,,EXPLORE
1104,48,,,0,0,1,0,rare,1.0,0.07953409074799023,0.6423534028721252,0.1757918062566739,0.0,0.0,0.910441374021662,,,EXPLORE
1105,48,,,0,1,1,0,common,1.0,0.05169715898619365,0.6804102041650456,0.1385634120755298,0.0,0.0,0.9112232584346283,,,EXPLORE
1106,48,,,0,0,0,1,common,1.0,0.08431625332009218,0.6710326932089217,0.12228926444889851,0.0,0.0,0.9119839909865128,,,EXPLORE
1107,48,,,0,0,0,1,common,1.0,0.05480556465805997,0.687725849676859,0.10204415451164695,0.0,0.0,0.9127243816414689,,,EXPLORE
1108,48,,,0,1,0,1,rare,1.0,0.035623617027738974,0.6925681942209997,0.08211799326647455,0.0,0.0,0.9134451996199326,,,EXPLORE
1109,48,,,0,1,1,0,common,1.0,0.033603153341025926,0.6908494682366705,0.06756354128883996,0.0,0.0,0.914147175929619,,,EXPLORE
1110,48,,,0,1,1,1,common,1.0,0.6229683584584644,0.6891263446946103,0.2341849864397273,0.0,0.0,0.9148310057101544,,,EXPLORE
1111,48,,,0,1,1,0,common,1.0,0.021842049671666808,0.6877529544546495,0.17048210540930914,0.0,0.0,0.9154973504071623,,,EXPLORE
1112,48,,,0,0,0,1,common,0.0,0.9768446489319697,0.6867541245390371,0.4123908684661073,0.0,0.0,0.9161468397901018,,,EXPLORE
1113,48,,,0,0,1,1,rare,1.0,0.4049294329980019,0.46713011796387494,0.4101524378256756,0.0,0.0,0.9167800738268018,,,EXPLORE
1114,48,,,0,1,1,1,common,0.0,0.7367958685512987,0.5849591519209263,0.5081454670433625,0.0,0.0,0.9173976244264285,,,EXPLORE
1115,48,,,0,0,0,1,common,1.0,0.3650509781942197,0.6733481009906274,0.4652171203886196,0.0,0.0,0.9140533695762499,,,EXPLORE
1116,48,,,0,0,0,1,common,1.0,0.23728313582624283,0.6259856207556126,0.3968369250199066,0.0,0.0,0.9147396127323717,,,EXPLORE
1117,48,,,0,0,0,0,common,0.0,0.00874799208422061,0.5839105024897919,0.28041024513920076,0.0,0.0,0.9154082832957553,,,EXPLORE
1118,48,,,0,0,0,0,common,0.0,0.005686194854743396,0.6849075948528665,0.19799303005386354,0.0,0.0,0.916060015204734,,,EXPLORE
1119,48,,,0,1,0,0,rare,0.0,0.0036960266555832078,0.5682495556607445,0.13970392903437942,0.0,0.0,0.9166954123505802,,,EXPLORE
1120,48,,,0,1,1,0,common,1.0,0.014197332286583375,0.6896492894413343,0.10205195001004061,0.0,0.0,0.9173150503376083,,,EXPLORE
1121,48,,,0,0,0,1,common,0.0,0.8457659617129422,0.5858848259111284,0.32516615352091105,0.0,0.0,0.9179194781209823,,,EXPLORE
1122,48,,,0,1,1,0,common,1.0,0.009228265986279238,0.4730548792517687,0.23038478726052147,0.0,0.0,0.9185092195320219,,,EXPLORE
1123,48,,,0,1,0,1,rare,1.0,0.4502521248865876,0.35744348267991993,0.2963449885483413,0.0,0.0,0.9190847746999249,,,EXPLORE
1124,48,,,0,0,0,1,common,0.0,0.707336118823718,0.28984704813891643,0.4196423276309543,0.0,0.0,0.9196466213780171,,,EXPLORE
1125,48,,,0,1,1,0,common,1.0,0.005998372891081516,0.23118486085647005,0.29554914120899245,0.0,0.0,0.920195216181932,,,EXPLORE
1126,48,,,0,1,1,1,common,0.0,0.4789173145583442,0.19802003749727407,0.3505595932137979,0.0,0.0,0.9207309957464613,,,EXPLORE
1127,48,,,0,0,0,1,common,1.0,0.5402315227645833,0.43188366853336857,0.40746117207903354,0.0,0.0,0.9212543778072483,,,EXPLORE
1128,48,,,0,1,0,1,rare,1.0,0.35115048979697905,0.6609181631326464,0.3905679673944171,0.0,0.0,0.9217657622129541,,,EXPLORE
1129,48,,,0,0,0,1,common,1.0,0.22824781836803643,0.5619274605012825,0.3418719226865029,0.0,0.0,0.9222655318730603,,,EXPLORE
1130,48,,,0,1,1,0,common,1.0,0.003898942379202963,0.6792708003376984,0.24048002859431292,0.0,0.0,0.922754053646026,,,EXPLORE
1131,48,,,0,0,0,1,common,1.0,0.1483610819392237,0.6330471039606345,0.21284434459778612,0.0,0.0,0.9232316791721418,,,EXPLORE
1132,48,,,0,0,0,1,common,1.0,0.09643470326049541,0.6872369424538107,0.17792145219659888,0.0,0.0,0.9236987456550476,,,EXPLORE
1133,48,,,0,0,1,0,rare,0.0,0.997465687453518,0.6917669905632167,0.4237847227736746,0.0,0.0,0.9241555765955771,,,EXPLORE
1134,48,,,0,0,1,0,rare,1.0,0.3516473031552132,0.5651840497067664,0.4021434968881362,0.0,0.0,0.9246024824812796,,,EXPLORE
1135,48,,,0,0,0,1,common,1.0,0.06268255711932202,0.6675797479155403,0.3003052149574919,0.0,0.0,0.9250397614347178,,,EXPLORE
1136,48,,,0,0,1,0,rare,1.0,0.22857074705088865,0.6928234011360519,0.27878487458551093,0.0,0.0,0.925467699823384,,,EXPLORE
1137,48,,,0,0,1,0,rare,1.0,0.14857098558307769,0.6874646435790026,0.23972070788478095,0.0,0.0,0.9258865728338621,,,EXPLORE
1138,48,,,0,0,0,1,common,1.0,0.04074366212755931,0.6748737003105405,0.18002759415761443,0.0,0.0,0.926296645012657,,,EXPLORE
1139,48,,,0,1,0,1,rare,1.0,0.026483380382913535,0.6631122120531987,0.13396433002520416,0.0,0.0,0.9266981707759262,,,EXPLORE
1140,48,,,0,0,0,1,common,1.0,0.017214197248893837,0.6853440478318955,0.09893929019231106,0.0,0.0,0.9270913948901803,,,EXPLORE
1141,48,,,0,0,0,1,common,0.0,0.988810771788219,0.6802323063755972,0.3659007346710834,0.0,0.0,0.9274765529258646,,,EXPLORE
1142,48,,,0,1,0,1,rare,1.0,0.3572729983376577,0.5764152419738751,0.36331241377105566,0.0,0.0,0.9278538716855873,,,EXPLORE
1143,48,,,0,0,0,1,common,1.0,0.23222744891947755,0.5432471802024743,0.32398692431558224,0.0,0.0,0.9282235696086366,,,EXPLORE
1144,48,,,0,0,1,1,rare,0.0,0.31129625446292375,0.6401850610428534,0.3201797233597847,0.0,0.0,0.9285858571532984,,,EXPLORE
1145,48,,,0,0,0,1,common,1.0,0.1509478417976604,0.42361117812696464,0.2694101588911474,0.0,0.0,0.9289409371583902,,,EXPLORE
1146,48,,,0,1,1,0,common,1.0,0.09657114062900052,0.5781465299659547,0.21755845341250332,0.0,0.0,0.9292890051853107,,,EXPLORE
1147,48,,,0,0,0,1,common,1.0,0.09811609716847924,0.5569040612785422,0.18172574653929607,0.0,0.0,0.9296302498418236,,,EXPLORE
1148,48,,,0,1,0,1,rare,0.0,0.9362245368404885,0.6410288880928054,0.4080753836296538,0.0,0.0,0.9299648530887029,,,EXPLORE
1149,48,,,0,0,0,1,common,0.0,0.6085459489463175,0.6402052231115394,0.46821655322465283,0.0,0.0,0.9302929905302869,,,EXPLORE
1150,48,,,0,1,0,1,rare,1.0,0.6044451331848936,0.6704378190119767,0.509085127212725,0.0,0.0,0.9306148316899202,,,EXPLORE
1151,48,,,0,1,1,1,common,1.0,0.7976574345990995,0.5889709788742061,0.5956568194286374,0.0,0.0,0.9281515202927905,,,EXPLORE
1152,48,,,0,1,1,0,common,1.0,0.06277124140885038,0.5167081417000927,0.4357911460227012,0.0,0.0,0.9255342758775944,,,EXPLORE
1153,48,,,0,0,1,0,rare,0.0,0.9591986930842472,0.466537610489966,0.592813410141165,0.0,0.0,0.9259517452810109,,,EXPLORE
1154,48,,,0,0,1,0,rare,1.0,0.37652084949523923,0.31415010321579284,0.5279256419473872,0.0,0.0,0.923193079636226,,,EXPLORE
1155,48,,,0,1,1,0,common,1.0,0.24473855217190554,0.5155183773356673,0.4429695150147427,0.0,0.0,0.9202517718206078,,,EXPLORE
1156,48,,,0,1,1,0,common,1.0,0.1590800589117386,0.4829909792729113,0.3578026781838414,0.0,0.0,0.9207862372109853,,,EXPLORE
1157,48,,,0,0,0,1,common,1.0,0.3928893365701809,0.4616614189578316,0.36832867569974326,0.0,0.0,0.9213083476826418,,,EXPLORE
1158,48,,,0,1,1,0,common,1.0,0.10340203829263006,0.5915306975480564,0.28885068447760925,0.0,0.0,0.9218185012716303,,,EXPLORE
1159,48,,,0,1,1,1,common,0.0,0.48152266751058526,0.579463190606917,0.34665227938750204,0.0,0.0,0.9223170791703067,,,EXPLORE
1160,48,,,0,1,1,0,common,0.0,0.9327886751097905,0.6784174126313434,0.5224931981041885,0.0,0.0,0.9228044466095137,,,EXPLORE
1161,48,,,0,1,0,1,rare,1.0,0.25537806877061753,0.5346953015808247,0.44235865930411716,0.0,0.0,0.919836934690607,,,EXPLORE
1162,48,,,0,0,1,0,rare,1.0,0.39368736117863623,0.6731407359017967,0.4277572698664729,0.0,0.0,0.9203810698634853,,,EXPLORE
1163,48,,,0,0,0,1,common,1.0,0.1659957447009014,0.6192450054988297,0.3492288123168014,0.0,0.0,0.9209125356725726,,,EXPLORE
1164,48,,,0,1,1,0,common,0.0,0.7441032152338865,0.5710099348865139,0.4676911331919269,0.0,0.0,0.9214317435854821,,,EXPLORE
1165,48,,,0,0,0,0,common,0.0,0.002402417326129085,0.3824021383461428,0.3281045184321875,0.0,0.0,0.9219390875161202,,,EXPLORE
1166,48,,,0,1,1,1,common,0.0,0.31298973388188045,0.6375380416711278,0.3235700830670954,0.0,0.0,0.9224349447514433,,,EXPLORE
1167,48,,,0,1,1,0,common,0.0,0.4836670899020262,0.5308030997426422,0.3715991851175746,0.0,0.0,0.9229196768201094,,,EXPLORE
1168,48,,,0,0,0,1,common,1.0,0.10789723405558593,0.44987989524885386,0.292488599798978,0.0,0.0,0.9233936303072288,,,EXPLORE
1169,48,,,0,0,1,0,rare,1.0,0.6856163915636829,0.3223651649276104,0.4104269373283894,0.0,0.0,0.9238571376190735,,,EXPLORE
1170,48,,,0,0,0,1,common,1.0,0.07013320213613083,0.2513985913239456,0.3083388167707118,0.0,0.0,0.9243105177013007,,,EXPLORE
1171,48,,,0,1,1,1,common,1.0,0.7965566729767777,0.21164680108180778,0.45480417363253156,0.0,0.0,0.924754076713948,,,EXPLORE
1172,48,,,0,0,1,0,rare,1.0,0.44565065451639385,0.43259322268459444,0.45205811789769024,0.0,0.0,0.9251881086662094,,,EXPLORE
1173,48,,,0,0,1,0,rare,1.0,0.28967292543565604,0.3964470067244198,0.40334256015907993,0.0,0.0,0.9256128960137583,,,EXPLORE
1174,48,,,0,0,1,1,rare,0.0,0.4822381625650945,0.37351571163982555,0.42701124088088427,0.0,0.0,0.9260287102211725,,,EXPLORE
1175,48,,,0,1,0,0,rare,0.0,0.0015615712619839054,0.6457955670594988,0.2993763399952141,0.0,0.0,0.926435812291815,,,EXPLORE
1176,48,,,0,0,0,1,common,1.0,0.04558658138848504,0.5249224159154662,0.22323941241319536,0.0,0.0,0.9268344532673473,,,EXPLORE
1177,48,,,0,0,0,1,common,1.0,0.029631277902515296,0.406133681933059,0.16515697205999133,0.0,0.0,0.9272248746988867,,,EXPLORE
1178,48,,,0,1,1,1,common,0.0,0.31345480566731143,0.3329358773772937,0.20964632214218737,0.0,0.0,0.9276073090916686,,,EXPLORE
1179,48,,,0,0,0,0,common,1.0,0.9989849786797105,0.25536569119579244,0.4464479191034443,0.0,0.0,0.927981980324933,,,EXPLORE
1180,48,,,0,0,1,0,rare,1.0,0.18828740153317647,0.21915400206483893,0.36899976383236394,0.0,0.0,0.9283491040486351,,,EXPLORE
1181,48,,,0,1,0,1,rare,0.0,0.9807396693633651,0.19780577348618023,0.5525217354916643,0.0,0.0,0.9287088880584558,,,EXPLORE
1182,48,,,0,0,0,1,common,1.0,0.36251921491381267,0.16269229442898564,0.4955209793183088,0.0,0.0,0.9261268830618876,,,EXPLORE
1183,48,,,0,1,1,0,common,1.0,0.12238681099656468,0.15166886410631703,0.3835807288217855,0.0,0.0,0.9265319385333688,,,EXPLORE
1184,48,,,0,1,0,1,rare,1.0,0.23563748969397824,0.3458322597171864,0.3391977570834433,0.0,0.0,0.9269285915416802,,,EXPLORE
1185,48,,,0,1,0,1,rare,1.0,0.15316436830108582,0.5196285528002961,0.28338774044873605,0.0,0.0,0.9273170814344185,,,EXPLORE
1186,48,,,0,1,1,0,common,1.0,0.07955142714776708,0.6221269498334892,0.22223684645844535,0.0,0.0,0.927697638615939,,,EXPLORE
1187,48,,,0,0,0,1,common,1.0,0.09955683939570581,0.6688448970329977,0.18543284433962348,0.0,0.0,0.9280704849615574,,,EXPLORE
1188,48,,,0,1,1,0,common,1.0,0.05170842764604866,0.6618419113916191,0.14531551933155104,0.0,0.0,0.9284358342089379,,,EXPLORE
1189,48,,,0,1,1,0,common,0.0,0.9663895220300683,0.6827327311116249,0.3916377201411062,0.0,0.0,0.9287938923281203,,,EXPLORE
1190,48,,,0,0,0,1,common,1.0,0.06471194560720872,0.46425305339306594,0.29355998778093695,0.0,0.0,0.9291448578715319,,,EXPLORE
1191,48,,,0,1,0,1,rare,0.0,0.9579372353553144,0.45522009605978386,0.49287316205325016,0.0,0.0,0.9294889223052399,,,EXPLORE
1192,48,,,0,0,0,0,common,1.0,0.6493402361418119,0.28528833935381664,0.5398132842798187,0.0,0.0,0.9298262703226028,,,EXPLORE
1193,48,,,0,1,0,1,rare,0.0,0.6226592029809543,0.2805263940392973,0.5646670598901593,0.0,0.0,0.9273141901955482,,,EXPLORE
1194,48,,,0,0,0,1,common,1.0,0.5952715180623797,0.1957759253506262,0.5738483973418254,0.0,0.0,0.9246435552752187,,,EXPLORE
1195,48,,,0,0,0,0,common,1.0,0.4220711534921777,0.19342863722791606,0.528315224186931,0.0,0.0,0.9217990134993824,,,EXPLORE
1196,48,,,0,1,1,1,common,1.0,0.7962543763162475,0.19191503740874682,0.608696969825726,0.0,0.0,0.9187631649235081,,,EXPLORE
1197,48,,,0,0,1,0,rare,0.0,0.6281531893195444,0.37850419724937534,0.6145338356738714,0.0,0.0,0.9155162084642827,,,EXPLORE
1198,48,,,0,0,0,0,common,0.0,0.7256537502300845,0.6573566156934005,0.6478698100407353,0.0,0.0,0.9120355129068061,,,EXPLORE
1199,48,,,0,0,1,0,rare,0.0,0.4082995730577039,0.6771760663744032,0.5759987389458259,0.0,0.0,0.9082950925297618,,,EXPLORE
1200,48,,,0,0,0,1,common,1.0,0.38692648674054675,0.59212650528591,0.5192770632842421,0.0,0.0,0.9042649616547191,,,EXPLORE
1201,48,,,0,0,0,1,common,0.0,0.7484977836186446,0.6925574761649409,0.5880432793845628,0.0,0.0,0.8999103341990108,,,EXPLORE
1202,48,,,0,0,0,0,common,0.0,0.4716749376495549,0.6400457914528423,0.5531327768640604,0.0,0.0,0.8951906229980646,,,EXPLORE
1203,48,,,0,1,0,0,rare,0.0,0.30658870947221073,0.5516383693737033,0.47916955664650546,0.0,0.0,0.8900581779197198,,,EXPLORE
1204,48,,,0,1,1,1,common,0.0,0.482434655394439,0.6699956613160221,0.4801490862708855,0.0,0.0,0.8914784839334216,,,EXPLORE
1205,48,,,0,0,1,1,rare,0.0,0.31358252600638536,0.6930418634519994,0.4301791181915354,0.0,0.0,0.8928488949601214,,,EXPLORE
1206,48,,,0,1,0,1,rare,1.0,0.513476440647881,0.6832326118097416,0.4551683149284391,0.0,0.0,0.8941719291461904,,,EXPLORE
1207,48,,,0,1,1,1,common,0.0,0.2038286419041505,0.5015471512259831,0.37976641302115255,0.0,0.0,0.8954499381123298,,,EXPLORE
1208,48,,,0,0,0,1,common,1.0,0.33375968642112264,0.6362452394264753,0.3659643950411436,0.0,0.0,0.896685120496951,,,EXPLORE
1209,48,,,0,1,0,1,rare,1.0,0.21694379617372972,0.6625807277062761,0.3212582153809194,0.0,0.0,0.897879534198937,,,EXPLORE
1210,48,,,0,1,1,1,common,0.0,0.13248861723769784,0.6682813051507168,0.2646273359379529,0.0,0.0,0.8990351074632055,,,EXPLORE
1211,48,,,0,1,0,1,rare,1.0,0.14101346751292432,0.6798573550167546,0.2275431754104443,0.0,0.0,0.9001536489347072,,,EXPLORE
1212,48,,,0,1,1,0,common,1.0,0.7346052775124925,0.6548098756813387,0.3796618060410587,0.0,0.0,0.9012368567911387,,,EXPLORE
1213,48,,,0,1,0,1,rare,1.0,0.09165875388340083,0.5526376597155699,0.29326089039376135,0.0,0.0,0.9022863270513791,,,EXPLORE
1214,48,,,0,1,1,0,common,1.0,0.4774934303831201,0.47000055072745095,0.34853065239056896,0.0,0.0,0.903303561145158,,,EXPLORE
1215,48,,,0,0,0,1,common,1.0,0.0595781900242105,0.41537766993996683,0.26184491368066143,0.0,0.0,0.9042899728194747,,,EXPLORE
1216,48,,,0,1,0,1,rare,1.0,0.038725823515736835,0.5842282277061556,0.19490918663118403,0.0,0.0,0.9052468944485911,,,EXPLORE
1217,48,,,0,1,1,0,common,1.0,0.31037072974902813,0.5518353079862812,0.22954764956653723,0.0,0.0,0.9061755828068362,,,EXPLORE
1218,48,,,0,0,0,1,common,1.0,0.025171785285228898,0.5297191400976586,0.16823489028214472,0.0,0.0,0.9070772243568297,,,EXPLORE
1219,48,,,0,0,0,0,common,1.0,0.8007173388430631,0.6279920221937303,0.35797962485042023,0.0,0.0,0.9079529400999276,,,EXPLORE
1220,48,,,0,1,1,0,common,1.0,0.20174097433686833,0.6717609845532906,0.31110802969635465,0.0,0.0,0.9088037900305934,,,EXPLORE
1221,48,,,0,1,0,1,rare,0.0,0.9836383395646012,0.6645306859519481,0.5128671226568287,0.0,0.0,0.9096307772319219,,,EXPLORE
1222,48,,,0,0,0,1,common,1.0,0.3606350792830092,0.6066567842162696,0.46719750964468276,0.0,0.0,0.9057053643481328,,,EXPLORE
1223,48,,,0,0,1,1,rare,0.0,0.0861176012045036,0.5652474026358092,0.352873537112629,0.0,0.0,0.9066206568559202,,,EXPLORE
1224,48,,,0,0,1,0,rare,0.0,0.8688683666810356,0.6892611439165137,0.5076719859831509,0.0,0.0,0.9075094596920501,,,EXPLORE
1225,48,,,0,1,1,0,common,1.0,0.4352355616573269,0.5829152667002846,0.48594105868540366,0.0,0.0,0.9034170781544909,,,EXPLORE
1226,48,,,0,1,1,0,common,1.0,0.2829031150772625,0.47173298068391806,0.4250296756029613,0.0,0.0,0.904400076110858,,,EXPLORE
1227,48,,,0,1,1,0,common,1.0,0.18388702480022068,0.39700345171567564,0.35268688036213913,0.0,0.0,0.9053537304104842,,,EXPLORE
1228,48,,,0,1,1,1,common,0.0,0.055976440782927336,0.35059370019320835,0.26367374848837555,0.0,0.0,0.9062792895873631,,,EXPLORE
1229,48,,,0,0,0,1,common,1.0,0.23441280153395594,0.6168396051525078,0.2548954644020497,0.0,0.0,0.9071779324356805,,,EXPLORE
1230,48,,,0,1,1,0,common,1.0,0.11952656612014345,0.6927837398434291,0.2142847949174778,0.0,0.0,0.90805077281328,,,EXPLORE
1231,48,,,0,1,0,0,rare,1.0,0.520466270247991,0.6594010407180162,0.30613923751663175,0.0,0.0,0.9088988640534986,,,EXPLORE
1232,48,,,0,0,0,0,common,0.0,0.6616969243388059,0.5999509286321127,0.41280654356328395,0.0,0.0,0.9097232030221222,,,EXPLORE
1233,48,,,0,0,1,0,rare,1.0,0.07769226797809325,0.4207198381878915,0.3122722608877267,0.0,0.0,0.910524733852322,,,EXPLORE
1234,48,,,0,1,1,0,common,1.0,0.05049997418576058,0.6036535940248614,0.23374057487713684,0.0,0.0,0.9113043513870076,,,EXPLORE
1235,48,,,0,0,1,0,rare,1.0,0.03282498322074434,0.5551320258889803,0.1734658973802191,0.0,0.0,0.9120629043549867,,,EXPLORE
1236,48,,,0,1,0,1,rare,1.0,0.15236832099707143,0.6532423802713421,0.16713662446527477,0.0,0.0,0.9128011983046442,,,EXPLORE
1237,48,,,0,1,0,1,rare,0.0,0.9009605913519035,0.6296509423012182,0.38728381453126337,0.0,0.0,0.9135199983164665,,,EXPLORE
1238,48,,,0,1,0,1,rare,0.0,0.5856243843787373,0.6555174399481589,0.4467859854855055,0.0,0.0,0.9142200315136169,,,EXPLORE
1239,48,,,0,1,1,0,common,1.0,0.02133623909348381,0.49697162853364885,0.319151061567899,0.0,0.0,0.9149019893878936,,,EXPLORE
1240,48,,,0,0,0,0,common,0.0,0.43010300082022385,0.656805555706831,0.3524366433435965,0.0,0.0,0.9155665299567104,,,EXPLORE
1241,48,,,0,1,1,0,common,0.0,0.9861314445892355,0.6641430062740514,0.5425450837172882,0.0,0.0,0.916214279765257,,,EXPLORE
1242,48,,,0,0,1,0,rare,1.0,0.3590145610169969,0.6774617023026835,0.4874859269072007,0.0,0.0,0.9127845312760929,,,EXPLORE
1243,48,,,0,1,1,0,common,1.0,0.23335946466104796,0.565696500740454,0.4112479882333549,0.0,0.0,0.9135037689259075,,,EXPLORE
1244,48,,,0,1,1,0,common,1.0,0.15168365202968115,0.686459332883625,0.3333786873722528,0.0,0.0,0.9142042235355753,,,EXPLORE
1245,48,,,0,1,1,1,common,0.0,0.03638468650890277,0.6804689549968861,0.24428048711324776,0.0,0.0,0.9148865873872041,,,EXPLORE
1246,48,,,0,1,1,0,common,0.0,0.9014056261807073,0.6322702703155518,0.4414180288334856,0.0,0.0,0.915551519240961,,,EXPLORE
1247,48,,,0,0,0,1,common,1.0,0.6193441501538207,0.4980660492977501,0.4947958652295861,0.0,0.0,0.9161996463406241,,,EXPLORE
1248,48,,,0,1,1,1,common,1.0,0.9763499537692132,0.3934557206427137,0.6392620917914742,0.0,0.0,0.916831566276845,,,EXPLORE
1249,48,,,0,1,1,0,common,1.0,0.4140863429825402,0.5998279786782247,0.571709367148794,0.0,0.0,0.9134465516364004,,,EXPLORE
1250,48,,,0,1,0,1,rare,1.0,0.4025736975999835,0.6831821869350129,0.5209686662841508,0.0,0.0,0.9098125655855847,,,EXPLORE
1251,48,,,0,1,1,1,common,0.0,0.3653725300500114,0.6912918766219442,0.47428982541390896,0.0,0.0,0.9059012963152705,,,EXPLORE
1252,48,,,0,0,0,1,common,0.0,0.7383270965600107,0.5793716388128931,0.5535010067577395,0.0,0.0,0.9068108898509176,,,EXPLORE
1253,48,,,0,1,1,0,common,1.0,0.2691561229386512,0.6923624735190816,0.468197541612013,0.0,0.0,0.9026627471294344,,,EXPLORE
1254,48,,,0,0,0,1,common,1.0,0.520087387235993,0.6290039659731355,0.48376449529920695,0.0,0.0,0.9036685269982794,,,EXPLORE
1255,48,,,0,0,1,0,rare,0.0,0.8250485200898767,0.6928154913901328,0.5861497027364079,0.0,0.0,0.9046439818116452,,,EXPLORE
1256,48,,,0,1,1,0,common,1.0,0.4637184619415802,0.5815003925282951,0.5494203304979595,0.0,0.0,0.9003204192331633,,,EXPLORE
1257,48,,,0,1,1,0,common,0.0,0.6985829997379729,0.4899076288235853,0.5941691312699635,0.0,0.0,0.8956357312510995,,,EXPLORE
1258,48,,,0,0,0,1,common,0.0,0.6619431982966045,0.6810543634592554,0.6145013513779558,0.0,0.0,0.8905429699346785,,,EXPLORE
1259,48,,,0,0,0,0,common,0.0,0.2795669505331455,0.5953607457318424,0.5140210311245127,0.0,0.0,0.8849866810359204,,,EXPLORE
1260,48,,,0,0,0,1,common,1.0,0.569736921107207,0.5119585737604156,0.5307357981193209,0.0,0.0,0.8789008860392296,,,EXPLORE
1261,48,,,0,1,1,0,common,0.0,0.4540789498296824,0.688394055584886,0.5077387436324293,0.0,0.0,0.8722064611363903,,,EXPLORE
1262,48,,,0,0,0,1,common,1.0,0.3703289987196846,0.6588715738872606,0.46651582015860593,0.0,0.0,0.8648076918340474,,,EXPLORE
1263,48,,,0,0,0,1,common,1.0,0.24071384916779504,0.5253252658508122,0.39877522886136263,0.0,0.0,0.8672490331850429,,,EXPLORE
1264,48,,,0,0,0,0,common,0.0,0.18171851784654458,0.41842803167020093,0.33365821555691716,0.0,0.0,0.8695806319171374,,,EXPLORE
1265,48,,,0,0,0,1,common,0.0,0.8435359980409333,0.6405343214942025,0.48662155030212195,0.0,0.0,0.8718096149591081,,,EXPLORE
1266,48,,,0,1,1,1,common,0.0,0.23749214453250742,0.6929461355326528,0.41188272857123753,0.0,0.0,0.8739425053555734,,,EXPLORE
1267,48,,,0,1,1,0,common,1.0,0.7048486826107064,0.6702154491410452,0.49977251478307816,0.0,0.0,0.8759852849042584,,,EXPLORE
1268,48,,,0,0,0,1,common,1.0,0.4517016012733934,0.6416815140591742,0.4853512407301727,0.0,0.0,0.8779434491553119,,,EXPLORE
1269,48,,,0,0,0,1,common,1.0,0.2936060408277057,0.6833280080167585,0.42782768075943256,0.0,0.0,0.8798220558376217,,,EXPLORE
1270,48,,,0,1,0,1,rare,1.0,0.19084392653800875,0.6025808610337073,0.3567325544930054,0.0,0.0,0.8816257676107012,,,EXPLORE
1271,48,,,0,1,1,0,common,1.0,0.45815164369695927,0.6889748837358385,0.3871582812541915,0.0,0.0,0.8833588899030125,,,EXPLORE
1272,48,,,0,1,1,0,common,1.0,0.29779856840302354,0.6835517011790246,0.3603503673988411,0.0,0.0,0.8850254044831911,,,EXPLORE
1273,48,,,0,0,1,0,rare,0.0,0.8064309305380347,0.6530192084075762,0.49417453634059916,0.0,0.0,0.8866289993152277,,,EXPLORE
1274,48,,,0,0,0,1,common,1.0,0.12404855224970568,0.45693002720333675,0.3831367411133311,0.0,0.0,0.8881730951687964,,,EXPLORE
1275,48,,,0,0,1,0,rare,0.0,0.5241801048497226,0.6134558561608809,0.4254497502342486,0.0,0.0,0.889660869388867,,,EXPLORE
1276,48,,,0,0,1,0,rare,1.0,0.6592829318476803,0.4201357812631502,0.4955997047182781,0.0,0.0,0.8910952771722047,,,EXPLORE
1277,48,,,0,0,1,0,rare,1.0,0.42853390570099226,0.5937859678356052,0.4754799650130923,0.0,0.0,0.8924790706505973,,,EXPLORE
1278,48,,,0,1,0,1,rare,0.0,0.9193684410376913,0.6719666159456485,0.6086465078204719,0.0,0.0,0.8938148160401241,,,EXPLORE
1279,48,,,0,1,1,0,common,1.0,0.278547038705645,0.6210035277625576,0.5096166670860238,0.0,0.0,0.8885587081973195,,,EXPLORE
1280,48,,,0,1,1,1,common,0.0,0.15436989394612982,0.6894537780271113,0.4030426351440556,0.0,0.0,0.8828161792635182,,,EXPLORE
1281,48,,,0,1,0,0,rare,0.0,0.11811703660025398,0.5471453887719568,0.3175649555809151,0.0,0.0,0.88450342283268,,,EXPLORE
1282,48,,,0,0,0,1,common,1.0,0.4024105133255006,0.4037677666640256,0.3430186229042907,0.0,0.0,0.8861266062095523,,,EXPLORE
1283,48,,,0,1,1,0,common,1.0,0.18105557515866932,0.33221724382953177,0.29442970858060424,0.0,0.0,0.8876892322711676,,,EXPLORE
1284,48,,,0,1,1,0,common,0.0,0.882313876146865,0.5445670803192384,0.47079495885048245,0.0,0.0,0.8891945532107369,,,EXPLORE
1285,48,,,0,0,1,0,rare,0.0,0.5735040194954623,0.37635096995658857,0.5016076770439764,0.0,0.0,0.8906455925708929,,,EXPLORE
1286,48,,,0,0,1,0,rare,1.0,0.6272223873279495,0.624308097278543,0.5392920901291682,0.0,0.0,0.8850988495387142,,,EXPLORE
1287,48,,,0,0,0,1,common,1.0,0.2615668336615754,0.49665392060609714,0.4559745131888904,0.0,0.0,0.8790239905097879,,,EXPLORE
1288,48,,,0,1,1,0,common,1.0,0.40769455176316716,0.40497968882259405,0.4414905247611734,0.0,0.0,0.8808593477298245,,,EXPLORE
1289,48,,,0,0,0,0,common,0.0,0.07677607379016509,0.5990586058938656,0.3320761894698709,0.0,0.0,0.882622306339995,,,EXPLORE
1290,48,,,0,1,1,1,common,0.0,0.10034043106498439,0.6871276238476974,0.2625554619484049,0.0,0.0,0.8843169833681314,,,EXPLORE
1291,48,,,0,1,0,1,rare,1.0,0.17001844188002402,0.6510718307133203,0.2347943559278906,0.0,0.0,0.8859471896278405,,,EXPLORE
1292,48,,,0,0,0,1,common,1.0,0.1105119872220156,0.6835287975766209,0.1975096453161281,0.0,0.0,0.8875164576704384,,,EXPLORE
1293,48,,,0,0,0,1,common,0.0,0.9281672083056899,0.6749245169872353,0.41670691421299666,0.0,0.0,0.8890280667299465,,,EXPLORE
1294,48,,,0,0,0,0,common,0.0,0.04990444796360731,0.6524008232357787,0.30666617433817983,0.0,0.0,0.8904850650318901,,,EXPLORE
1295,48,,,0,1,1,0,common,1.0,0.26500145864605873,0.5383965867963747,0.2941667596305435,0.0,0.0,0.8918902897852958,,,EXPLORE
1296,48,,,0,0,1,0,rare,0.0,0.8277490518800619,0.4129299954578058,0.454241447305399,0.0,0.0,0.8932463851338206,,,EXPLORE
1297,48,,,0,1,0,1,rare,1.0,0.3966913146013016,0.3268955554924557,0.43697640749416977,0.0,0.0,0.8945558183050055,,,EXPLORE
1298,48,,,0,0,0,1,common,0.0,0.742150645509154,0.2587903515783816,0.528528678898665,0.0,0.0,0.8958208941651955,,,EXPLORE
1299,48,,,0,0,1,0,rare,1.0,0.46196311627795983,0.21619409910040935,0.5085590101124534,0.0,0.0,0.890744594449433,,,EXPLORE
1300,48,,,0,1,1,0,common,0.0,0.6997239744193261,0.4537665298554582,0.5659084994045152,0.0,0.0,0.8852070524608334,,,EXPLORE
1301,48,,,0,0,0,1,common,0.0,0.48239791958095013,0.6700979096428383,0.5408553254574456,0.0,0.0,0.8791427331286273,,,EXPLORE
1302,48,,,0,1,1,0,common,1.0,0.545179416627438,0.5748946017252001,0.5421525528084433,0.0,0.0,0.8724730691076535,,,EXPLORE
1303,48,,,0,0,1,0,rare,1.0,0.35436662080783476,0.4342882216939611,0.4858167732082607,0.0,0.0,0.8651030517988493,,,EXPLORE
1304,48,,,0,1,0,1,rare,1.0,0.6864413522723825,0.6394423087962853,0.5460041469274972,0.0,0.0,0.8675309913617387,,,EXPLORE
1305,48,,,0,1,1,1,common,1.0,0.9347787198077602,0.563374842971181,0.662636518791576,0.0,0.0,0.8596185074330426,,,EXPLORE
1306,48,,,0,0,0,1,common,1.0,0.44618687897704856,0.5048276242335556,0.5977016268472177,0.0,0.0,0.8507955210341698,,,EXPLORE
1307,48,,,0,1,0,1,rare,1.0,0.2900214713350816,0.6337664476780153,0.5053975801935768,0.0,0.0,0.8408958088425722,,,EXPLORE
1308,48,,,0,1,0,1,rare,1.0,0.1885139563678031,0.6034898704745755,0.4103324930458447,0.0,0.0,0.8297100646392251,,,EXPLORE
1309,48,,,0,0,1,0,rare,1.0,0.23033830352509255,0.58154436206999,0.356334236189619,0.0,0.0,0.8339867140439077,,,EXPLORE
1310,48,,,0,0,0,1,common,0.0,0.877465928360928,0.6531652608310873,0.5126737438410117,0.0,0.0,0.838014134606383,,,EXPLORE
1311,48,,,0,1,1,0,common,0.0,0.8502801027086898,0.43030619066944004,0.6139556515013151,0.0,0.0,0.8264384369815866,,,EXPLORE
1312,48,,,0,1,0,1,rare,0.0,0.5703528534346032,0.6758528973974547,0.6008748120813016,0.0,0.0,0.8132247316718275,,,EXPLORE
1313,48,,,0,0,0,0,common,0.0,0.032437891176344755,0.6644622395141282,0.4303437358098145,0.0,0.0,0.7979996973931398,,,EXPLORE
1314,48,,,0,1,1,1,common,0.0,0.39239383212495593,0.6857664266711055,0.4189587647043569,0.0,0.0,0.8043429126001502,,,EXPLORE
1315,48,,,0,0,0,0,common,0.0,0.02108462926462409,0.680822683984653,0.29959652407243703,0.0,0.0,0.8102421038652605,,,EXPLORE
1316,48,,,0,0,0,0,common,0.0,0.013705009022005658,0.6900154476131317,0.21382906955730763,0.0,0.0,0.815742048603933,,,EXPLORE
1317,48,,,0,0,0,1,common,1.0,0.6292706452675079,0.6666171473774977,0.3384615422703677,0.0,0.0,0.8208816995306648,,,EXPLORE
1318,48,,,0,0,0,1,common,1.0,0.4090259194238802,0.6303096450192105,0.3596308554164214,0.0,0.0,0.8256951019418511,,,EXPLORE
1319,48,,,0,0,0,1,common,1.0,0.26586684762552215,0.47230553775156203,0.33150165307915164,0.0,0.0,0.8302121429455384,,,EXPLORE
1320,48,,,0,0,0,1,common,0.0,0.8271865490434106,0.3613388291739278,0.4802071218684293,0.0,0.0,0.8344591674937869,,,EXPLORE
1321,48,,,0,1,1,0,common,0.0,0.5526820667606485,0.5921846400654502,0.501949605336095,0.0,0.0,0.8384594880489659,,,EXPLORE
1322,48,,,0,0,0,1,common,1.0,0.46232874312178307,0.5167072861745577,0.4900633466718014,0.0,0.0,0.8269445183466576,,,EXPLORE
1323,48,,,0,0,0,1,common,0.0,0.699486316970841,0.36187223623845627,0.5528902377615132,0.0,0.0,0.8313860872157843,,,EXPLORE
1324,48,,,0,1,1,0,common,1.0,0.6407566566055785,0.5673379070449401,0.5792501634147328,0.0,0.0,0.8188865672977653,,,EXPLORE
1325,48,,,0,1,1,1,common,0.0,0.25505599088122133,0.6921522213311735,0.4819919116546793,0.0,0.0,0.8045419601046693,,,EXPLORE
1326,48,,,0,0,1,0,rare,1.0,0.41649182679362595,0.6561432349046801,0.4623418861963633,0.0,0.0,0.8104274647454798,,,EXPLORE
1327,48,,,0,1,1,0,common,1.0,0.27071968741585684,0.5102025391558456,0.40485522656221135,0.0,0.0,0.8159150790218102,,,EXPLORE
1328,48,,,0,0,0,1,common,0.0,0.4546661060310466,0.677169518050584,0.4197984904028619,0.0,0.0,0.8210435822291189,,,EXPLORE
1329,48,,,0,1,1,1,common,0.0,0.16578639407279389,0.6595123891752327,0.34359486150384144,0.0,0.0,0.8258468731040672,,,EXPLORE
1330,48,,,0,0,0,1,common,1.0,0.7044670310798197,0.6863335875687564,0.4518565123766349,0.0,0.0,0.8303547142126287,,,EXPLORE
1331,48,,,0,1,0,1,rare,0.0,0.5420964297981172,0.5708338340067775,0.4789284876030796,0.0,0.0,0.8345933441292499,,,EXPLORE
1332,48,,,0,1,1,0,common,1.0,0.17596779682030694,0.4633506030167037,0.3880402803682478,0.0,0.0,0.8385859840143136,,,EXPLORE
1333,48,,,0,1,1,0,common,1.0,0.11437906793319952,0.6658081368296183,0.30594191663773324,0.0,0.0,0.8423532592484677,,,EXPLORE
1334,48,,,0,1,1,0,common,1.0,0.07434639415657973,0.686773860057144,0.23646325989338718,0.0,0.0,0.8459135522892326,,,EXPLORE
1335,48,,,0,1,0,1,rare,0.0,0.3523626793687762,0.6382195249801921,0.2712330857360039,0.0,0.0,0.8492832994924552,,,EXPLORE
1336,48,,,0,1,1,0,common,1.0,0.0483251562017768,0.6713795862291468,0.20436070687573576,0.0,0.0,0.8524772420126434,,,EXPLORE
1337,48,,,0,1,1,0,common,1.0,0.03141135153115493,0.6847354172201354,0.1524759002723615,0.0,0.0,0.8555086388623454,,,EXPLORE
1338,48,,,0,1,0,1,rare,1.0,0.7709642584102955,0.6348174018077447,0.3380224077137417,0.0,0.0,0.8583894486257029,,,EXPLORE
1339,48,,,0,0,0,1,common,1.0,0.5011267679666921,0.5836888448358584,0.3869537157896268,0.0,0.0,0.8611304850776978,,,EXPLORE
1340,48,,,0,1,1,0,common,1.0,0.020417378495250715,0.6676351637874756,0.2769928146013139,0.0,0.0,0.8637415509786137,,,EXPLORE
1341,48,,,0,1,1,0,common,1.0,0.013271296021913015,0.6437173026404169,0.19787635902749362,0.0,0.0,0.8662315535330966,,,EXPLORE
1342,48,,,0,1,1,0,common,1.0,0.008626342414243426,0.6247029054189088,0.14110135404351856,0.0,0.0,0.8686086043798524,,,EXPLORE
1343,48,,,0,0,0,1,common,0.0,0.6742676008216502,0.6110807226178299,0.30105122807695806,0.0,0.0,0.8708801064772044,,,EXPLORE
1344,48,,,0,1,1,0,common,0.0,0.9943928774307418,0.3869189791161547,0.5090537228830931,0.0,0.0,0.8730528298452709,,,EXPLORE
1345,48,,,0,1,1,1,common,0.0,0.10776115614731603,0.6567239501623066,0.38866595286235994,0.0,0.0,0.8657451348713275,,,EXPLORE
1346,48,,,0,1,1,0,common,1.0,0.35364462967001775,0.6799900237904051,0.3781595559046573,0.0,0.0,0.868144058795869,,,EXPLORE
1347,48,,,0,0,0,1,common,0.0,0.43827394053407265,0.6624167029461174,0.3961938712934819,0.0,0.0,0.8704360130302632,,,EXPLORE
1348,48,,,0,1,0,1,rare,1.0,0.7151219386528528,0.5436704460797567,0.4918722915012932,0.0,0.0,0.8726278880282666,,,EXPLORE
1349,48,,,0,0,0,1,common,1.0,0.4648292601243543,0.4243080327731869,0.48375938208821145,0.0,0.0,0.8747259950418866,,,EXPLORE
1350,48,,,0,0,0,1,common,1.0,0.3021390190808303,0.6238510798929046,0.42927327318599706,0.0,0.0,0.8767361257304355,,,EXPLORE
1351,48,,,0,1,0,0,rare,0.0,0.008908255864303678,0.6903040040079389,0.303163767989489,0.0,0.0,0.8786636045563789,,,EXPLORE
1352,48,,,0,0,0,0,common,1.0,0.9942096336882026,0.6016337838726195,0.5104775276991032,0.0,0.0,0.8805133349661851,,,EXPLORE
1353,48,,,0,0,0,1,common,0.0,0.8036096375974603,0.5190225178144954,0.5984171606686103,0.0,0.0,0.8739830971256187,,,EXPLORE
1354,48,,,0,1,0,1,rare,1.0,0.4776537355616508,0.6897884744253945,0.5621881331365224,0.0,0.0,0.86677482711142,,,EXPLORE
1355,48,,,0,1,0,1,rare,1.0,0.31047492811507305,0.6562302376410711,0.4866741716300875,0.0,0.0,0.8587775688159981,,,EXPLORE
1356,48,,,0,1,1,1,common,1.0,0.9299552485042446,0.5781477681655008,0.6196584946923346,0.0,0.0,0.8615000227792201,,,EXPLORE
1357,48,,,0,0,0,1,common,1.0,0.2018087032747975,0.5141881638656876,0.4943035572670734,0.0,0.0,0.8528982490661663,,,EXPLORE
1358,48,,,0,1,1,0,common,1.0,0.22986900928551157,0.6410294908995171,0.41497319287260487,0.0,0.0,0.8559085172149068,,,EXPLORE
1359,48,,,0,0,1,1,rare,0.0,0.395529088472241,0.6085001588625956,0.4091399615524957,0.0,0.0,0.858769731086762,,,EXPLORE
1360,48,,,0,1,1,0,common,1.0,0.14941485603558258,0.4014980357068984,0.33122242989742173,0.0,0.0,0.8614925597217457,,,EXPLORE
1361,48,,,0,0,1,1,rare,1.0,0.7429060924930433,0.3739172541511773,0.45472752867610816,0.0,0.0,0.8640866778341965,,,EXPLORE
1362,48,,,0,0,0,1,common,0.0,0.8688243428713817,0.543129180719397,0.5789565729346902,0.0,0.0,0.8665608790147421,,,EXPLORE
1363,48,,,0,1,1,1,common,0.0,0.5171110398795218,0.34659362520762493,0.5604029130181396,0.0,0.0,0.8585395491296259,,,EXPLORE
1364,48,,,0,1,1,0,common,1.0,0.0971196564231287,0.6235749213600446,0.42141793603963634,0.0,0.0,0.8495883794430086,,,EXPLORE
1365,48,,,0,1,1,0,common,1.0,0.06312777667503366,0.5155176162738276,0.3139308882302555,0.0,0.0,0.8527666239282471,,,EXPLORE
1366,48,,,0,0,0,1,common,1.0,0.4352641771336019,0.43670963315122646,0.35033087490125936,0.0,0.0,0.8557834903871906,,,EXPLORE
1367,48,,,0,0,0,1,common,1.0,0.2829217151368413,0.6092062813738979,0.3301081269719339,0.0,0.0,0.8586508244264077,,,EXPLORE
1368,48,,,0,1,1,0,common,1.0,0.04103305483877184,0.679967572583905,0.24338560533198528,0.0,0.0,0.8613793401845531,,,EXPLORE
1369,48,,,0,1,0,1,rare,0.0,0.8161008851610532,0.6558483783547153,0.4152001892807056,0.0,0.0,0.8639787522800051,,,EXPLORE
1370,48,,,0,1,1,0,common,1.0,0.02667148564520172,0.6364160809938749,0.29864157819005444,0.0,0.0,0.8664578897146286,,,EXPLORE
1371,48,,,0,1,0,1,rare,1.0,0.4695344246453155,0.6917274386205373,0.3499094321266327,0.0,0.0,0.868824794548271,,,EXPLORE
1372,48,,,0,1,1,0,common,1.0,0.017336465669381074,0.6837834814012764,0.2501375421894572,0.0,0.0,0.8710868076677686,,,EXPLORE
1373,48,,,0,1,0,1,rare,1.0,0.30519737601945507,0.6600841733389964,0.2666554923384566,0.0,0.0,0.8732506435776617,,,EXPLORE
1374,48,,,0,1,1,0,common,1.0,0.01126870268509772,0.637871117330026,0.1900394554424489,0.0,0.0,0.8753224558177766,,,EXPLORE
1375,48,,,0,0,1,0,rare,1.0,0.007324656745313574,0.6209772749534217,0.1352250158333083,0.0,0.0,0.8773078943501023,,,EXPLORE
1376,48,,,0,0,0,0,common,0.0,0.3537637381026683,0.6690156861007313,0.20078663251411627,0.0,0.0,0.879212156042066,,,EXPLORE
1377,48,,,0,1,1,1,common,1.0,0.6638778240783109,0.44797974086874476,0.33971398998337465,0.0,0.0,0.8810400291960749,,,EXPLORE
1378,48,,,0,0,0,1,common,1.0,0.19837829441264576,0.43279526594077383,0.29731328131215595,0.0,0.0,0.8827959329287115,,,EXPLORE
1379,48,,,0,1,0,1,rare,1.0,0.12894589136821977,0.5715096260374591,0.24680306432897509,0.0,0.0,0.8844839520814182,,,EXPLORE
1380,48,,,0,0,0,1,common,1.0,0.08381482938934282,0.5624768515772453,0.1979065938470854,0.0,0.0,0.8861078682432586,,,EXPLORE
1381,48,,,0,0,0,1,common,0.0,0.9455203608969271,0.6377835418757974,0.4221907239620379,0.0,0.0,0.8876711873817038,,,EXPLORE
1382,48,,,0,1,1,0,common,1.0,0.0047610268844537895,0.40472491848519454,0.2969618148387626,0.0,0.0,0.8891771645063856,,,EXPLORE
1383,48,,,0,0,1,0,rare,0.0,0.996905332525105,0.3984511204942618,0.5069448701446653,0.0,0.0,0.8906288257309849,,,EXPLORE
1384,48,,,0,0,0,0,common,0.0,0.2299464297667344,0.254657717304501,0.423845338031286,0.0,0.0,0.8850805236408711,,,EXPLORE
1385,48,,,0,1,1,1,common,1.0,0.4315205856509021,0.18304064755908125,0.4261479123171708,0.0,0.0,0.8866820563412289,,,EXPLORE
1386,48,,,0,1,1,0,common,1.0,0.3520115338586818,0.18060295984916475,0.40390699877962405,0.0,0.0,0.8882242011251366,,,EXPLORE
1387,48,,,0,0,1,0,rare,1.0,0.22880749700814318,0.17903274712559156,0.3513771482481797,0.0,0.0,0.8897101275074006,,,EXPLORE
1388,48,,,0,0,0,1,common,1.0,0.3854117654169973,0.36526586456065957,0.361587533398825,0.0,0.0,0.8911427835327829,,,EXPLORE
1389,48,,,0,1,1,0,common,0.0,0.851275126944707,0.5211050292033348,0.5084938114625897,0.0,0.0,0.8925249147899464,,,EXPLORE
1390,48,,,0,0,0,1,common,0.0,0.7494823524789518,0.691903984198105,0.5807903737674982,0.0,0.0,0.8871514884881296,,,EXPLORE
1391,48,,,0,1,1,1,common,1.0,0.28048838067308646,0.6121593093639655,0.4906997758391746,0.0,0.0,0.8812749575518374,,,EXPLORE
1392,48,,,0,0,0,0,common,0.0,0.14946517934837739,0.5117101858677141,0.3883293968919354,0.0,0.0,0.883021707699795,,,EXPLORE
1393,48,,,0,1,1,1,common,0.0,0.8176825525624938,0.3767511875547487,0.5171353435931029,0.0,0.0,0.8847010872549121,,,EXPLORE
1394,48,,,0,0,0,1,common,1.0,0.5128364708886813,0.607180400138396,0.5158456817817764,0.0,0.0,0.8785874020893781,,,EXPLORE
1395,48,,,0,0,1,0,rare,1.0,0.4466711674859405,0.6908708584582284,0.4950933274930256,0.0,0.0,0.8718608110618998,,,EXPLORE
1396,48,,,0,1,1,1,common,0.0,0.531493659165621,0.6213312132843498,0.5060134269948042,0.0,0.0,0.8739915174348446,,,EXPLORE
1397,48,,,0,0,1,0,rare,0.0,0.7096637411341387,0.47777694771027734,0.5671085212366045,0.0,0.0,0.8667841441279021,,,EXPLORE
1398,48,,,0,0,0,1,common,1.0,0.33334370607764285,0.6614755972771221,0.496979076688916,0.0,0.0,0.8587879332440138,,,EXPLORE
1399,48,,,0,0,0,1,common,0.0,0.7833265910495322,0.5244455734592558,0.5828833309971008,0.0,0.0,0.8615098917871448,,,EXPLORE
1400,48,,,0,0,1,1,rare,0.0,0.3454708784576537,0.6759166848692991,0.5116595952352666,0.0,0.0,0.8529092706340351,,,EXPLORE
1401,48,,,0,0,0,1,common,1.0,0.4908377158178041,0.6875561547302175,0.5054130314100278,0.0,0.0,0.8432734470606389,,,EXPLORE
1402,48,,,0,1,0,0,rare,0.0,0.0971523665764453,0.6179845667585171,0.38293483195995304,0.0,0.0,0.8324041356819468,,,EXPLORE
1403,48,,,0,0,0,1,common,1.0,0.3190445152815726,0.5276724383520263,0.3637677369564389,0.0,0.0,0.8365229611735209,,,EXPLORE
1404,48,,,0,0,1,0,rare,1.0,0.5387185682628098,0.38138015128687985,0.4162529863483502,0.0,0.0,0.84040591372485,,,EXPLORE
1405,48,,,0,1,0,1,rare,1.0,0.20737893493302217,0.2948174014024132,0.35359077092375174,0.0,0.0,0.8440725109146061,,,EXPLORE
1406,48,,,0,1,1,0,common,0.0,0.6498329306291736,0.5301315825957322,0.44246341883537826,0.0,0.0,0.8475401749817376,,,EXPLORE
1407,48,,,0,1,0,1,rare,1.0,0.13479630770646445,0.3794673242276302,0.35016328549670406,0.0,0.0,0.8508245066666337,,,EXPLORE
1408,48,,,0,0,0,1,common,1.0,0.08761760000920193,0.5867250678526397,0.2713995798504534,0.0,0.0,0.8539395172000546,,,EXPLORE
1409,48,,,0,0,1,0,rare,1.0,0.5776085950910371,0.5288713984242636,0.3632622844226285,0.0,0.0,0.8568978257169793,,,EXPLORE
1410,48,,,0,0,1,0,rare,1.0,0.37544558680917417,0.4887989073051898,0.3669172751385922,0.0,0.0,0.8597108279614802,,,EXPLORE
1411,48,,,0,1,1,1,common,0.0,0.22455607099747488,0.4623688650165192,0.32420891389625695,0.0,0.0,0.8623888410382047,,,EXPLORE
1412,48,,,0,1,1,0,common,1.0,0.2440396314259632,0.29850618580670985,0.3001581291551688,0.0,0.0,0.8649412280865727,,,EXPLORE
1413,48,,,0,1,0,1,rare,0.0,0.9430485599940187,0.4882507195728062,0.49302525840682376,0.0,0.0,0.8673765060531633,,,EXPLORE
1414,48,,,0,1,1,0,common,1.0,0.15862576042687604,0.3128503485343304,0.39270540901283946,0.0,0.0,0.8697024391764532,,,EXPLORE
1415,48,,,0,0,0,1,common,1.0,0.38701843600388774,0.4991320347433899,0.3909993171101539,0.0,0.0,0.8719261203459798,,,EXPLORE
1416,48,,,0,0,0,1,common,1.0,0.2515619834025271,0.48201626119091845,0.3491681169978659,0.0,0.0,0.8740540421319882,,,EXPLORE
1417,48,,,0,1,1,1,common,1.0,0.8540385538516413,0.47084705157424506,0.5006292480539984,0.0,0.0,0.8760921589838947,,,EXPLORE
1418,48,,,0,0,0,1,common,0.0,0.8364847107883574,0.5909877483411506,0.601385886874306,0.0,0.0,0.8691066776171044,,,EXPLORE
1419,48,,,0,1,1,0,common,1.0,0.10310674427746946,0.6722932388670897,0.4519021440952551,0.0,0.0,0.8613693308196901,,,EXPLORE
1420,48,,,0,1,1,0,common,0.0,0.9329806162196448,0.6226125576236455,0.596225685732572,0.0,0.0,0.8639692111809527,,,EXPLORE
1421,48,,,0,1,0,1,rare,1.0,0.45628493798756775,0.6752079695209332,0.5542434614090707,0.0,0.0,0.8556532848983879,,,EXPLORE
1422,48,,,0,1,1,0,common,0.0,0.6064374005427691,0.6846000959040796,0.5699016431491801,0.0,0.0,0.8463544486663025,,,EXPLORE
1423,48,,,0,1,1,1,common,0.0,0.4448749399964331,0.6326019873159865,0.532393632203356,0.0,0.0,0.8358880545960505,,,EXPLORE
1424,48,,,0,0,0,1,common,1.0,0.29658520969191904,0.507168111912826,0.4616511054499249,0.0,0.0,0.8240201153198622,,,EXPLORE
1425,48,,,0,1,1,0,common,1.0,0.6058156896472001,0.3937503519679077,0.5049004807091074,0.0,0.0,0.828639276558923,,,EXPLORE
1426,48,,,0,0,1,0,rare,1.0,0.3937801982706801,0.6047490126502604,0.4715643959775792,0.0,0.0,0.8157458623701851,,,EXPLORE
1427,48,,,0,0,0,1,common,1.0,0.19278038629974736,0.5381780505040431,0.38792919307422963,0.0,0.0,0.820885267466596,,,EXPLORE
1428,48,,,0,0,0,1,common,1.0,0.12530725109483576,0.49082331179424044,0.3091426104804114,0.0,0.0,0.8256984469087243,,,EXPLORE
1429,48,,,0,1,1,0,common,0.0,0.7440428711240579,0.45944143185546266,0.43961268867350534,0.0,0.0,0.8302152850555354,,,EXPLORE
1430,48,,,0,1,1,0,common,1.0,0.5163721337693623,0.2996168557978543,0.46264052220226237,0.0,0.0,0.8344621245111481,,,EXPLORE
1431,48,,,0,0,0,1,common,1.0,0.0814497132116433,0.4923158445357734,0.34828327950507665,0.0,0.0,0.8384622757228859,,,EXPLORE
1432,48,,,0,0,0,1,common,1.0,0.05294231358756818,0.47193839636638113,0.25968098972982406,0.0,0.0,0.8422364410534969,,,EXPLORE
1433,48,,,0,1,1,0,common,1.0,0.33564188695008557,0.4586636583239877,0.28246925889590246,0.0,0.0,0.8458030696179726,,,EXPLORE
1434,48,,,0,1,0,1,rare,0.0,0.9655874961680807,0.5853267766930286,0.4874047300775559,0.0,0.0,0.849178655723156,,,EXPLORE
1435,48,,,0,1,1,0,common,1.0,0.2181672265175556,0.36510676590937974,0.4066334790095558,0.0,0.0,0.8523779910979021,,,EXPLORE
1436,48,,,0,1,1,0,common,1.0,0.1418086972364112,0.5276699578174744,0.3271860444776124,0.0,0.0,0.855414379051206,,,EXPLORE
1437,48,,,0,0,0,1,common,0.0,0.6276318725092525,0.6222014450981809,0.4173197928871044,0.0,0.0,0.8582998170982049,,,EXPLORE
1438,48,,,0,1,0,0,rare,0.0,0.06314903827468946,0.6528551706116187,0.3110685665033799,0.0,0.0,0.8610451533408194,,,EXPLORE
1439,48,,,0,1,1,0,common,1.0,0.09217565320366727,0.6618761863340077,0.24540069251346608,0.0,0.0,0.8636602209004717,,,EXPLORE
1440,48,,,0,0,1,0,rare,1.0,0.059914174582383684,0.6889000524319988,0.18975473713414137,0.0,0.0,0.8661539539145114,,,EXPLORE
1441,48,,,0,1,0,1,rare,1.0,0.5920392828689859,0.6796909482637449,0.3104401008545947,0.0,0.0,0.8685344879802087,,,EXPLORE
1442,48,,,0,0,0,1,common,1.0,0.38482553386484086,0.6913483538276002,0.33275573075766857,0.0,0.0,0.8708092474258967,,,EXPLORE
1443,48,,,0,1,1,1,common,0.0,0.28916871099768154,0.687417299845832,0.31967962482967244,0.0,0.0,0.8729850213816498,,,EXPLORE
1444,48,,,0,1,0,1,rare,1.0,0.2501365970121465,0.514609370963113,0.29881671648441466,0.0,0.0,0.8750680302914334,,,EXPLORE
1445,48,,,0,1,0,1,rare,1.0,0.16258878805789523,0.6442138846824988,0.25794833795645883,0.0,0.0,0.8770639842392204,,,EXPLORE
1446,48,,,0,1,0,1,rare,1.0,0.10568271223763193,0.6881983626477408,0.21226865024081074,0.0,0.0,0.8789781342408652,,,EXPLORE
1447,48,,,0,1,1,0,common,0.0,0.9610557865214506,0.6921810707558416,0.4369047911250027,0.0,0.0,0.8808153174719701,,,EXPLORE
1448,48,,,0,0,0,0,common,0.0,0.04104687487854815,0.5568255215065239,0.3181474162510663,0.0,0.0,0.882579997251982,,,EXPLORE
1449,48,,,0,0,0,1,common,1.0,0.06869376295446072,0.6927387711543387,0.24331132026208463,0.0,0.0,0.8842762984803794,,,EXPLORE
1450,48,,,0,1,1,0,common,1.0,0.375313738761057,0.6535624211377338,0.2829120458117763,0.0,0.0,0.8859080391172187,,,EXPLORE
1451,48,,,0,0,0,1,common,1.0,0.04465094592039942,0.6929745867606574,0.2114337158443632,0.0,0.0,0.8874787582137912,,,EXPLORE
1452,48,,,0,0,0,1,common,1.0,0.02902311484825959,0.6760287628269948,0.1567105355455321,0.0,0.0,0.8889917409265453,,,EXPLORE
1453,48,,,0,0,0,1,common,1.0,0.018865024651368745,0.6444448440546593,0.1153568822772831,0.0,0.0,0.8904500408863908,,,EXPLORE
1454,48,,,0,0,1,1,rare,0.0,0.18795966214849302,0.6168014484086672,0.13713771623864607,0.0,0.0,0.8918565002439329,,,EXPLORE
1455,48,,,0,1,1,0,common,1.0,0.24395393019468703,0.6658538975253394,0.16918258042545836,0.0,0.0,0.8932137676675495,,,EXPLORE
1456,48,,,0,1,0,1,rare,1.0,0.012262266023389645,0.606564863877367,0.12210648610483774,0.0,0.0,0.8945243145341429,,,EXPLORE
1457,48,,,0,0,0,1,common,1.0,0.007970472915203253,0.5559182292675956,0.08786568214794739,0.0,0.0,0.8957904495208161,,,EXPLORE
1458,48,,,0,0,0,1,common,0.0,0.9948191926051179,0.6546110010267135,0.35995173528509855,0.0,0.0,0.897014331778742,,,EXPLORE
1459,48,,,0,1,1,0,common,1.0,0.1585700546265466,0.45263036713771854,0.29953723108753294,0.0,0.0,0.8981979828473899,,,EXPLORE
1460,48,,,0,1,1,0,common,1.0,0.10307053550725531,0.4153167299673527,0.24059722241344964,0.0,0.0,0.8993432974474186,,,EXPLORE
1461,48,,,0,1,1,0,common,1.0,0.06699584807971593,0.3914979833771262,0.18851681011332952,0.0,0.0,0.9004520532734617,,,EXPLORE
1462,48,,,0,1,0,1,rare,0.0,0.6466324751933266,0.3762853188024272,0.32595150963732866,0.0,0.0,0.9015259198932802,,,EXPLORE
1463,48,,,0,1,1,0,common,1.0,0.043547301251815385,0.6508731697203134,0.24123024712167468,0.0,0.0,0.9025664668469959,,,EXPLORE
1464,48,,,0,0,1,0,rare,1.0,0.02830574581367995,0.5590981997442226,0.17735289672927623,0.0,0.0,0.9035751710290525,,,EXPLORE
1465,48,,,0,0,0,1,common,0.0,0.42031110887566225,0.6748362940900476,0.25024036037319203,0.0,0.0,0.9045534234259353,,,EXPLORE
1466,48,,,0,0,0,1,common,1.0,0.7267977792308196,0.5165510765747299,0.3932075860304803,0.0,0.0,0.9055025352743074,,,EXPLORE
1467,48,,,0,1,1,0,common,1.0,0.01839873477889198,0.6609967554240415,0.2807649306550038,0.0,0.0,0.9064237436969009,,,EXPLORE
1468,48,,,0,1,1,0,common,1.0,0.011959177606279736,0.6097542610241189,0.20012320474038658,0.0,0.0,0.9073182168671169,,,EXPLORE
1469,48,,,0,1,1,0,common,0.0,0.9922265345559181,0.5675398321314695,0.43775420368504603,0.0,0.0,0.9081870587476812,,,EXPLORE
1470,48,,,0,1,1,0,common,0.0,0.6449472474613468,0.6889333991051518,0.49991211681793624,0.0,0.0,0.9090313134437821,,,EXPLORE
1471,48,,,0,1,1,0,common,1.0,0.5807842891501246,0.5819723824924978,0.5241737685175927,0.0,0.0,0.9098519692067963,,,EXPLORE
1472,48,,,0,1,1,0,common,1.0,0.37750978794758105,0.6909626950458867,0.48017457434658917,0.0,0.0,0.9059437622117648,,,EXPLORE
1473,48,,,0,1,1,0,common,1.0,0.24538136216592776,0.6703110663522747,0.4097366106923907,0.0,0.0,0.9068521226079896,,,EXPLORE
1474,48,,,0,1,1,0,common,1.0,0.15949788540785304,0.6192098101800139,0.3346649931070294,0.0,0.0,0.907734280161,,,EXPLORE
1475,48,,,0,0,0,1,common,1.0,0.4724185565000327,0.574640563308887,0.3759910621249304,0.0,0.0,0.9085913098645715,,,EXPLORE
1476,48,,,0,1,0,1,rare,1.0,0.30707206172502133,0.6604972330259016,0.3553153620049576,0.0,0.0,0.9094242287992917,,,EXPLORE
1477,48,,,0,1,1,1,common,0.0,0.12217378039652046,0.63931807866123,0.28537288752242645,0.0,0.0,0.9102339999817528,,,EXPLORE
1478,48,,,0,0,1,0,rare,1.0,0.1036736255151045,0.6466839981720858,0.23086310892022985,0.0,0.0,0.9110215359107627,,,EXPLORE
1479,48,,,0,1,0,0,rare,0.0,0.0266804686710563,0.5897096659675493,0.16960831684547775,0.0,0.0,0.9117877018380321,,,EXPLORE
1480,48,,,0,1,1,0,common,1.0,0.06738785658481794,0.4070211025705255,0.1389421787672798,0.0,0.0,0.9125333187879973,,,EXPLORE
1481,48,,,0,0,1,0,rare,1.0,0.04380210678013163,0.5909803469188626,0.11040015717113534,0.0,0.0,0.9132591663489411,,,EXPLORE
1482,48,,,0,1,0,1,rare,1.0,0.19959684012126389,0.5466183326556623,0.1371591620561739,0.0,0.0,0.9139659852553671,,,EXPLORE
1483,48,,,0,1,1,0,common,1.0,0.02847136940708561,0.6472246209578912,0.10455282426144741,0.0,0.0,0.9146544797796192,,,EXPLORE
1484,48,,,0,0,0,1,common,0.0,0.8702620539211785,0.684702245062369,0.3342655931593667,0.0,0.0,0.9153253199489833,,,EXPLORE
1485,48,,,0,0,1,0,rare,1.0,0.018506390114605642,0.5828708073256453,0.23953783224593836,0.0,0.0,0.9159791436029496,,,EXPLORE
1486,48,,,0,1,1,0,common,0.0,0.9879708464255064,0.6721672139165125,0.46406773649980876,0.0,0.0,0.9166165583039229,,,EXPLORE
1487,48,,,0,1,1,0,common,1.0,0.3578189498234208,0.6271255236650135,0.43219310049689236,0.0,0.0,0.9172381431134128,,,EXPLORE
1488,48,,,0,0,0,1,common,1.0,0.43432966495123393,0.6916291637220052,0.43283406983319483,0.0,0.0,0.9178444502446306,,,EXPLORE
1489,48,,,0,0,1,0,rare,1.0,0.2325823173852235,0.6641346843426756,0.37275854409880343,0.0,0.0,0.9184360066014047,,,EXPLORE
1490,48,,,0,0,0,1,common,0.0,0.717685717781698,0.6299106132220531,0.4762366962036718,0.0,0.0,0.9190133152124403,,,EXPLORE
1491,48,,,0,1,0,1,rare,0.0,0.4664957165581037,0.6622620188361878,0.4733144023100014,0.0,0.0,0.9195768565691302,,,EXPLORE
1492,48,,,0,1,1,0,common,1.0,0.1511785063003953,0.6654059945058738,0.3766736335071195,0.0,0.0,0.9201270898744014,,,EXPLORE
1493,48,,,0,1,1,0,common,1.0,0.09826602909525695,0.6832059336765295,0.29315135218356075,0.0,0.0,0.9206644542094219,,,EXPLORE
1494,48,,,0,1,0,0,rare,0.0,0.017342304636186596,0.6228137062671799,0.2104086379193485,0.0,0.0,0.921189369624405,,,EXPLORE
1495,48,,,0,1,1,0,common,1.0,0.06387291891191704,0.6820097161740482,0.16644792221711904,0.0,0.0,0.9217022381592078,,,EXPLORE
1496,48,,,0,1,1,0,common,1.0,0.04151739729274606,0.6736482500796843,0.12896876473980715,0.0,0.0,0.9222034447989423,,,EXPLORE
1497,48,,,0,0,0,1,common,1.0,0.6967777842372326,0.6098017929228103,0.29931147058903473,0.0,0.0,0.9226933583693714,,,EXPLORE
1498,48,,,0,1,0,1,rare,1.0,0.4529055597542012,0.6848147603796062,0.34538969733858466,0.0,0.0,0.9231723323764768,,,EXPLORE
1499,48,,,0,0,0,1,common,1.0,0.29438861384023074,0.6561267738407268,0.3300893722890785,0.0,0.0,0.9236407057942128,,,EXPLORE
1500,48,,,0,0,0,1,common,0.0,0.80864740100385,0.6896096880383396,0.47365678090350993,0.0,0.0,0.9240988038041413,,,EXPLORE
1501,48,,,0,1,1,0,common,1.0,0.026986308240284917,0.5155735437756475,0.3396556391045424,0.0,0.0,0.9245469384903415,,,EXPLORE
1502,48,,,0,0,0,1,common,0.0,0.5256208106525025,0.4729168008615916,0.3954451905689304,0.0,0.0,0.9249854094927188,,,EXPLORE
1503,48,,,0,1,1,0,common,1.0,0.01754110035618517,0.31349889249608465,0.28207396350510683,0.0,0.0,0.9254145046215895,,,EXPLORE
1504,48,,,0,1,0,0,rare,0.0,0.011272498013521287,0.2899044229635219,0.20083352385763115,0.0,0.0,0.9258345004361916,,,EXPLORE
1505,48,,,0,0,0,1,common,0.0,0.34165352692412665,0.5697553677394446,0.2430795247775798,0.0,0.0,0.9262456627895713,,,EXPLORE
1506,48,,,0,1,0,1,rare,1.0,0.7779252074993177,0.4643569490348959,0.40353322959410115,0.0,0.0,0.9266482473420988,,,EXPLORE
1507,48,,,0,1,1,0,common,1.0,0.011401715231520337,0.346564189196619,0.2858937752853269,0.0,0.0,0.9270425000457049,,,EXPLORE
1508,48,,,0,1,1,0,common,1.0,0.0074111149004881804,0.27860324926155805,0.20234897716987527,0.0,0.0,0.9274286576007654,,,EXPLORE
1509,48,,,0,0,0,1,common,1.0,0.5056513848745565,0.23947178923741813,0.29333969948127964,0.0,0.0,0.9278069478874182,,,EXPLORE
1510,48,,,0,1,1,0,common,0.0,0.9951827753146827,0.45532709907899205,0.5038926222313005,0.0,0.0,0.9281775903729697,,,EXPLORE
1511,48,,,0,1,1,0,common,1.0,0.3531311960454562,0.6791360420606425,0.4586641943755472,0.0,0.0,0.9255619995732381,,,EXPLORE
1512,48,,,0,1,1,0,common,1.0,0.2295352774295465,0.5968148238763155,0.38992551929174696,0.0,0.0,0.9259788850190226,,,EXPLORE
1513,48,,,0,1,1,0,common,1.0,0.14919793032920525,0.5182141982223334,0.31770724260298444,0.0,0.0,0.9263870272984578,,,EXPLORE
1514,48,,,0,0,0,1,common,0.0,0.6713265998315383,0.46308149770483137,0.4237930497715506,0.0,0.0,0.926786678632498,,,EXPLORE
1515,48,,,0,1,0,1,rare,1.0,0.5636377101095,0.3150167274540689,0.4657464478729354,0.0,0.0,0.9271780816960096,,,EXPLORE
1516,48,,,0,0,0,1,common,1.0,0.3663645115711751,0.2846678969454281,0.43593186698240727,0.0,0.0,0.9275614700655441,,,EXPLORE
1517,48,,,0,0,0,1,common,0.0,0.7618630674787361,0.48363941635859453,0.5337112271313059,0.0,0.0,0.927937068642135,,,EXPLORE
1518,48,,,0,0,0,1,common,1.0,0.5047890061388215,0.3156621612308606,0.5250345608335606,0.0,0.0,0.9253062017396176,,,EXPLORE
1519,48,,,0,0,1,1,rare,0.0,0.07941295725773831,0.5074042282169249,0.39134807976081387,0.0,0.0,0.9225053249194604,,,EXPLORE
1520,48,,,0,1,1,1,common,0.0,0.05161842221752991,0.32934146394502994,0.2894291824978287,0.0,0.0,0.9229884860526568,,,EXPLORE
1521,48,,,0,0,1,0,rare,1.0,0.09697865471398337,0.6048758013287829,0.23169402416267507,0.0,0.0,0.923460917259231,,,EXPLORE
1522,48,,,0,0,0,1,common,1.0,0.32811285399023404,0.6931217991516059,0.26061967311094275,0.0,0.0,0.9239229489666773,,,EXPLORE
1523,48,,,0,0,0,1,common,0.0,0.7867266449063479,0.6568667218963651,0.41845176464956424,0.0,0.0,0.9243748982415273,,,EXPLORE
1524,48,,,0,1,1,0,common,1.0,0.06303612556408922,0.664567826569358,0.3118270729239217,0.0,0.0,0.9248170694583803,,,EXPLORE
1525,48,,,0,1,0,1,rare,0.0,0.5113723191891262,0.5736019004192301,0.37169064680348307,0.0,0.0,0.9252497549291293,,,EXPLORE
1526,48,,,0,1,0,1,rare,1.0,0.6676079925270679,0.6931426495611543,0.46046585052055855,0.0,0.0,0.9256732354951142,,,EXPLORE
1527,48,,,0,1,0,1,rare,1.0,0.4339451951425942,0.63043213864963,0.45250965390716924,0.0,0.0,0.9260877810847248,,,EXPLORE
1528,48,,,0,1,1,0,common,0.0,0.959026518383342,0.5402875510596743,0.6044647132500209,0.0,0.0,0.9264936512387859,,,EXPLORE
1529,48,,,0,1,1,1,common,0.0,0.03355197444139444,0.6916306258777218,0.43319089160743296,0.0,0.0,0.9237701712177987,,,EXPLORE
1530,48,,,0,1,0,1,rare,1.0,0.28206437684268626,0.6500327139662412,0.38785293717800895,0.0,0.0,0.9242254447535557,,,EXPLORE
1531,48,,,0,1,1,0,common,0.0,0.6233672369491723,0.6790999517380739,0.4585072271093579,0.0,0.0,0.9246708402075074,,,EXPLORE
1532,48,,,0,1,0,1,rare,1.0,0.18334184494774608,0.6681769864885012,0.3759576124608743,0.0,0.0,0.9251066538423529,,,EXPLORE
1533,48,,,0,1,1,0,common,0.0,0.405188704016962,0.670178807016127,0.3847269399277006,0.0,0.0,0.9255331702569362,,,EXPLORE
1534,48,,,0,1,0,1,rare,1.0,0.11917219921603495,0.6744708106333588,0.30506051771420084,0.0,0.0,0.9259506629550922,,,EXPLORE
1535,48,,,0,0,0,1,common,1.0,0.07746192949042274,0.6658020844820509,0.2367809412470674,0.0,0.0,0.9263593948815154,,,EXPLORE
1536,48,,,0,0,1,0,rare,0.0,0.2633726576110253,0.6851701190155493,0.24475845615625474,0.0,0.0,0.9267596189268642,,,EXPLORE
1537,48,,,0,1,1,0,common,1.0,0.8288077725528336,0.6395479608280925,0.4199732510752283,0.0,0.0,0.9271515784041395,,,EXPLORE
1538,48,,,0,0,0,1,common,0.0,0.9496497458312252,0.5335141307760873,0.5788761995020273,0.0,0.0,0.9275355074982267,,,EXPLORE
1539,48,,,0,0,0,1,common,1.0,0.3827276652097036,0.40009694585317274,0.5200316392143302,0.0,0.0,0.9248790370074773,,,EXPLORE
1540,48,,,0,0,0,1,common,1.0,0.2487729823863074,0.6140617108523665,0.4386540421659233,0.0,0.0,0.9220500511925303,,,EXPLORE
1541,48,,,0,1,1,0,common,1.0,0.5387250521593419,0.6893882149571076,0.4686753451639488,0.0,0.0,0.9225434101091485,,,EXPLORE
1542,48,,,0,0,0,1,common,0.0,0.8382975614489002,0.6581121298329913,0.5795620100494342,0.0,0.0,0.9230257219966395,,,EXPLORE
1543,48,,,0,0,0,1,common,1.0,0.4551065850582148,0.47215826162397867,0.5422253825520684,0.0,0.0,0.9200731442334767,,,EXPLORE
1544,48,,,0,0,0,1,common,1.0,0.29581928028783966,0.628139643052964,0.4683035518727998,0.0,0.0,0.9169181612978893,,,EXPLORE
1545,48,,,0,1,1,0,common,1.0,0.3501712839035722,0.6855488270500918,0.4328638714820315,0.0,0.0,0.9175323135086896,,,EXPLORE
1546,48,,,0,1,1,0,common,1.0,0.22761133453732196,0.6645981082247272,0.3712881103986186,0.0,0.0,0.9181314451264838,,,EXPLORE
1547,48,,,0,1,0,1,rare,1.0,0.1922825321870958,0.6445680865699197,0.31758643693516175,0.0,0.0,0.918716071372158,,,EXPLORE
1548,48,,,0,1,1,0,common,1.0,0.1479473674492593,0.6291912961282964,0.266694716089391,0.0,0.0,0.9192866842479875,,,EXPLORE
1549,48,,,0,1,1,0,common,1.0,0.09616578884201854,0.6183125755633245,0.21553603791517925,0.0,0.0,0.9198437538316652,,,EXPLORE
1550,48,,,0,0,0,1,common,1.0,0.12498364592161226,0.6109006743797586,0.18837032031710915,0.0,0.0,0.9203877294847352,,,EXPLORE
1551,48,,,0,1,1,0,common,1.0,0.06250776274731207,0.6600826561904417,0.15061155304617002,0.0,0.0,0.9209190409819645,,,EXPLORE
1552,48,,,0,1,1,0,common,1.0,0.0406300457857528,0.6566399379610626,0.11761710086804485,0.0,0.0,0.9214380995676197,,,EXPLORE
1553,48,,,0,0,0,1,common,1.0,0.081239369849048,0.6543215161224643,0.10670378156234579,0.0,0.0,0.9219452989441137,,,EXPLORE
1554,48,,,0,1,1,0,common,1.0,0.026409529760739292,0.6773886614795448,0.08261550602186384,0.0,0.0,0.9224410161980148,,,EXPLORE
1555,48,,,0,1,1,0,common,1.0,0.017166194344480523,0.6763646613559373,0.06298071251864884,0.0,0.0,0.9229256126680072,,,EXPLORE
1556,48,,,0,1,1,0,common,1.0,0.011158026323912384,0.6756826814057344,0.0474339066602279,0.0,0.0,0.9233994347589964,,,EXPLORE
1557,48,,,0,1,0,0,rare,0.0,0.007327123708788837,0.675232505794482,0.03540187177479618,0.0,0.0,0.9238628147062247,,,EXPLORE
1558,48,,,0,0,0,1,common,1.0,0.05280559040188115,0.5792844176771229,0.04062298736292167,0.0,0.0,0.9243160712929376,,,EXPLORE
1559,48,,,0,1,1,0,common,1.0,0.007252717110543094,0.5512881745198589,0.0306119062872081,0.0,0.0,0.9247595105248636,,,EXPLORE
1560,48,,,0,1,0,1,rare,1.0,0.034323633761222716,0.6415824439945603,0.03172542452941248,0.0,0.0,0.9251934262645101,,,EXPLORE
1561,48,,,0,0,0,1,common,0.0,0.9776896380552053,0.6789230657867026,0.3155146885871503,0.0,0.0,0.925618100828039,,,EXPLORE
1562,48,,,0,1,1,0,common,1.0,0.004714266121852995,0.5878106307329808,0.22227456184756111,0.0,0.0,0.9260338055472742,,,EXPLORE
1563,48,,,0,1,1,0,common,1.0,0.0030642729792044188,0.5454884523949869,0.1565114751870541,0.0,0.0,0.9264408012991929,,,EXPLORE
1564,48,,,0,1,1,0,common,1.0,0.0019917774364828222,0.5162917109314116,0.11015556586188271,0.0,0.0,0.9268393390050775,,,EXPLORE
1565,48,,,0,0,1,0,rare,1.0,0.0012946553337138678,0.49688648176730854,0.07749729270343206,0.0,0.0,0.9272296601013313,,,EXPLORE
1566,48,,,0,1,0,1,rare,0.0,0.6354982647358834,0.609616811901397,0.24489758431316744,0.0,0.0,0.9276119969838249,,,EXPLORE
1567,48,,,0,1,0,1,rare,1.0,0.5869261279216758,0.6641716918003921,0.34750614739571994,0.0,0.0,0.9279865734274864,,,EXPLORE
1568,48,,,0,1,1,0,common,0.0,0.999158474033086,0.6929619612121771,0.5430018453869297,0.0,0.0,0.9283536049827336,,,EXPLORE
1569,48,,,0,0,0,1,common,1.0,0.38150198314908923,0.5784724451832869,0.49455188671557754,0.0,0.0,0.9257491650036929,,,EXPLORE
1570,48,,,0,0,1,0,rare,1.0,0.35054699187849403,0.502910953606493,0.4513504182644525,0.0,0.0,0.9261621163156135,,,EXPLORE
1571,48,,,0,0,1,1,rare,0.0,0.021808783386906387,0.4512314388156857,0.3224879278011887,0.0,0.0,0.9265664382442608,,,EXPLORE
1572,48,,,0,0,0,1,common,1.0,0.24797628904690805,0.6774757645412327,0.3001344361749045,0.0,0.0,0.9269623786928867,,,EXPLORE
1573,48,,,0,1,1,0,common,1.0,0.2278555447210211,0.5929110254480148,0.2784507687387395,0.0,0.0,0.9273501762217047,,,EXPLORE
1574,48,,,0,0,0,1,common,1.0,0.16118458788049028,0.6864653836635539,0.2432709144812647,0.0,0.0,0.9277300604843072,,,EXPLORE
1575,48,,,0,1,1,0,common,1.0,0.14810610406866376,0.6481477484310991,0.2147214713574844,0.0,0.0,0.9281022526398426,,,EXPLORE
1576,48,,,0,1,1,0,common,0.0,0.9037310323553686,0.6903131739593927,0.42142433965684967,0.0,0.0,0.9284669657425072,,,EXPLORE
1577,48,,,0,0,1,0,rare,1.0,0.41257482896901043,0.530375977693528,0.4187694864504979,0.0,0.0,0.9288244051097968,,,EXPLORE
1578,48,,,0,1,1,0,common,0.0,0.7318263611701432,0.4754965071516263,0.5126865488663914,0.0,0.0,0.9291747686708538,,,EXPLORE
1579,48,,,0,1,1,0,common,1.0,0.5243128652394069,0.3221126266386528,0.516174443778296,0.0,0.0,0.9266220350516967,,,EXPLORE
1580,48,,,0,1,1,0,common,1.0,0.3408033624056145,0.5245385739339636,0.4635631193664915,0.0,0.0,0.923906857652011,,,EXPLORE
1581,48,,,0,0,0,1,common,1.0,0.1047699821223187,0.640281780464949,0.35592517819323966,0.0,0.0,0.9243591566054515,,,EXPLORE
1582,48,,,0,0,1,0,rare,0.0,0.7784778144363506,0.6139623540525894,0.4826909690661729,0.0,0.0,0.924801666994779,,,EXPLORE
1583,48,,,0,0,0,1,common,0.0,0.9318995116204929,0.6667982747191119,0.617453531832469,0.0,0.0,0.92523468154625,,,EXPLORE
1584,48,,,0,1,0,1,rare,0.0,0.6057346825533204,0.5178665970068053,0.6139378770487244,0.0,0.0,0.9224291082813328,,,EXPLORE
1585,48,,,0,1,1,0,common,0.0,0.5060105793836278,0.6818420112958157,0.5815596877491953,0.0,0.0,0.9194361774099303,,,EXPLORE
1586,48,,,0,0,0,1,common,1.0,0.6062724563403417,0.6780170845140436,0.5889735183265392,0.0,0.0,0.9162366400455649,,,EXPLORE
1587,48,,,0,0,0,1,common,1.0,0.39407709662122214,0.5403251394563322,0.530504591814944,0.0,0.0,0.9128085171708613,,,EXPLORE
1588,48,,,0,1,1,1,common,1.0,0.9858242907985109,0.4175977626293179,0.667100501510014,0.0,0.0,0.909126597808567,,,EXPLORE
1589,48,,,0,1,0,1,rare,1.0,0.2561501128037944,0.6221409608212065,0.5438153848981481,0.0,0.0,0.9051618222778071,,,EXPLORE
1590,48,,,0,0,0,1,common,1.0,0.1664975733224664,0.6904123029659288,0.4306200414254436,0.0,0.0,0.9008805186170843,,,EXPLORE
1591,48,,,0,0,0,1,common,1.0,0.10822342265960316,0.6618483580288793,0.3339010557956914,0.0,0.0,0.9019410352530541,,,EXPLORE
1592,48,,,0,0,0,1,common,1.0,0.07034522472874205,0.6286841466324623,0.25483430647560656,0.0,0.0,0.9029688265658903,,,EXPLORE
1593,48,,,0,0,0,1,common,1.0,0.04572439607368228,0.6022439400620724,0.19210133335502927,0.0,0.0,0.9039653347281248,,,EXPLORE
1594,48,,,0,0,0,1,common,0.0,0.9702791425521066,0.5834128730706074,0.42555467611415243,0.0,0.0,0.9049319185039123,,,EXPLORE
1595,48,,,0,0,1,1,rare,0.0,0.3592142109809679,0.6787506671989698,0.4056525365741971,0.0,0.0,0.9058698591942999,,,EXPLORE
1596,48,,,0,1,1,1,common,0.0,0.23348923713762915,0.5389071437921378,0.35400354674322665,0.0,0.0,0.9067803660811055,,,EXPLORE
1597,48,,,0,0,0,0,common,1.0,0.9952373695892872,0.6870135412089098,0.5463736935970448,0.0,0.0,0.907664581418057,,,EXPLORE
1598,48,,,0,1,1,0,common,1.0,0.6710931234006419,0.6482271634283638,0.5837895225381239,0.0,0.0,0.9035845297337096,,,EXPLORE
1599,48,,,0,1,0,0,rare,0.0,0.35309570976696325,0.6905464967646401,0.5145813787067757,0.0,0.0,0.8991738479086356,,,EXPLORE
1600,48,,,0,0,0,1,common,0.0,0.6306814426588693,0.6253603033744327,0.5494113978924037,0.0,0.0,0.8943909012527819,,,EXPLORE
1601,48,,,0,0,1,0,rare,1.0,0.43621053021041734,0.6920467381117259,0.5154511375878078,0.0,0.0,0.889186758542345,,,EXPLORE
1602,48,,,0,0,0,1,common,1.0,0.5900570622717349,0.6276186725382762,0.5378329149929859,0.0,0.0,0.8835035203614561,,,EXPLORE
1603,48,,,0,0,0,1,common,1.0,0.38353709047662776,0.5200373589176822,0.49154416763807846,0.0,0.0,0.8772721657959641,,,EXPLORE
1604,48,,,0,1,0,1,rare,1.0,0.249299108809808,0.44074847399590295,0.41887064998959733,0.0,0.0,0.8791778744765087,,,EXPLORE
1605,48,,,0,1,0,1,rare,1.0,0.16204442072637515,0.6115968504004543,0.34182278121063064,0.0,0.0,0.8810071100924047,,,EXPLORE
1606,48,,,0,0,0,1,common,0.0,0.8946711265278562,0.680778056170261,0.5076772848057983,0.0,0.0,0.8827642982152567,,,EXPLORE
1607,48,,,0,0,1,0,rare,1.0,0.2835368446367713,0.6100373999773943,0.44043515275509015,0.0,0.0,0.8764597299230873,,,EXPLORE
1608,48,,,0,0,0,1,common,0.0,0.5815362322431066,0.6875897387526237,0.48276547660149505,0.0,0.0,0.8783984785174623,,,EXPLORE
1609,48,,,0,1,1,0,common,1.0,0.18429894901390131,0.5420932754236685,0.3932255183252169,0.0,0.0,0.8802588158136468,,,EXPLORE
1610,48,,,0,0,0,0,common,0.0,0.22951221134852612,0.4666724514487041,0.34411152623220964,0.0,0.0,0.8820453160173071,,,EXPLORE
1611,48,,,0,0,1,1,rare,1.0,0.8482319958605411,0.32913024125690216,0.4953476671207091,0.0,0.0,0.8837622044740504,,,EXPLORE
1612,48,,,0,1,1,0,common,1.0,0.11979431685903585,0.5426660920792983,0.3826816620422071,0.0,0.0,0.8854133903076868,,,EXPLORE
1613,48,,,0,0,0,1,common,0.0,0.37799855095801926,0.4940384921574025,0.38127672871695073,0.0,0.0,0.8870024954615406,,,EXPLORE
1614,48,,,0,1,1,0,common,1.0,0.0778663059583733,0.3294783054169008,0.29025360188937743,0.0,0.0,0.8885328805969435,,,EXPLORE
1615,48,,,0,0,0,1,common,1.0,0.7543009418772875,0.3013879590476776,0.42946780388575045,0.0,0.0,0.8900076682386808,,,EXPLORE
1616,48,,,0,1,0,1,rare,1.0,0.4902956122202369,0.49429120135985893,0.44771614638609636,0.0,0.0,0.8914297635028708,,,EXPLORE
1617,48,,,0,1,1,0,common,1.0,0.05061309887294263,0.47330371673289995,0.32858523213215024,0.0,0.0,0.8928018726968434,,,EXPLORE
1618,48,,,0,1,1,0,common,1.0,0.03289851426741275,0.45962556746905153,0.23987921677272897,0.0,0.0,0.8941265200416072,,,EXPLORE
1619,48,,,0,1,1,1,common,1.0,0.5513507973093517,0.4507404936652455,0.33332069093371575,0.0,0.0,0.8954060627343324,,,EXPLORE
1620,48,,,0,1,1,0,common,1.0,0.021384034273818298,0.44497307271101205,0.23973969393574648,0.0,0.0,0.8966427045399641,,,EXPLORE
1621,48,,,0,0,1,0,rare,1.0,0.013899622277981916,0.44122901730904895,0.17198767243841712,0.0,0.0,0.8978385080768538,,,EXPLORE
1622,48,,,0,1,1,0,common,0.0,0.9909652455193118,0.5697385387754954,0.4176809443626855,0.0,0.0,0.8989954059405031,,,EXPLORE
1623,48,,,0,0,0,1,common,1.0,0.3186921479431539,0.6799816507657894,0.387984305436826,0.0,0.0,0.9001152107916284,,,EXPLORE
1624,48,,,0,1,0,1,rare,1.0,0.20714989616305002,0.6339814366013463,0.3337339826546932,0.0,0.0,0.9011996245193267,,,EXPLORE
1625,48,,,0,1,1,0,common,1.0,0.35587259041244734,0.6875420380908929,0.34037556498201943,0.0,0.0,0.9022502465767794,,,EXPLORE
1626,48,,,0,0,1,0,rare,1.0,0.23131718376809074,0.6916161972045942,0.3076580506178408,0.0,0.0,0.903268581575383,,,EXPLORE
1627,48,,,0,0,1,0,rare,1.0,0.150356169449259,0.6907713102888842,0.26046748626726623,0.0,0.0,0.904256046213145,,,EXPLORE
1628,48,,,0,1,1,0,common,0.0,0.9022684898579817,0.6820415541030563,0.4530077873444809,0.0,0.0,0.9052139756044565,,,EXPLORE
1629,48,,,0,1,1,1,common,0.0,0.6416219817489214,0.47735113339961566,0.509592045665813,0.0,0.0,0.9061436290707255,,,EXPLORE
1630,48,,,0,0,0,1,common,1.0,0.13464743250598254,0.31218601114804506,0.3971086617178638,0.0,0.0,0.9019418644554752,,,EXPLORE
1631,48,,,0,0,0,1,common,1.0,0.08752083112888864,0.2922870296129392,0.3042323125411712,0.0,0.0,0.9029696303580953,,,EXPLORE
1632,48,,,0,1,0,1,rare,1.0,0.05688854023377765,0.27979648751424413,0.23002918084895313,0.0,0.0,0.9039661142217078,,,EXPLORE
1633,48,,,0,1,1,0,common,1.0,0.41352548159231195,0.46623176761143453,0.28507807107196076,0.0,0.0,0.9049326747466462,,,EXPLORE
1634,48,,,0,0,1,0,rare,1.0,0.26879156303500285,0.5907093541418238,0.28019211866087335,0.0,0.0,0.9058705931746526,,,EXPLORE
1635,48,,,0,0,1,1,rare,0.0,0.4170542881367989,0.5820823316535677,0.321250769503651,0.0,0.0,0.9067810787323785,,,EXPLORE
1636,48,,,0,0,1,0,rare,1.0,0.1747145159727519,0.6762766468191033,0.27728989344438126,0.0,0.0,0.9076652736221813,,,EXPLORE
1637,48,,,0,1,0,1,rare,1.0,0.036977551151955446,0.6907639662701717,0.20519619075665352,0.0,0.0,0.9085242576035375,,,EXPLORE
1638,48,,,0,0,1,0,rare,1.0,0.11356443538228878,0.6859490611022767,0.1777066641443441,0.0,0.0,0.9093590522037234,,,EXPLORE
1639,48,,,0,0,1,0,rare,1.0,0.07381688299848777,0.6921388841590712,0.1465397298005872,0.0,0.0,0.9101706245922957,,,EXPLORE
1640,48,,,0,1,0,1,rare,1.0,0.02403540824877104,0.6816669852360768,0.10978843333504233,0.0,0.0,0.9109598911502814,,,EXPLORE
1641,48,,,0,0,1,0,rare,1.0,0.047980973949017014,0.6927209269719542,0.09124619551923473,0.0,0.0,0.9117277207617739,,,EXPLORE
1642,48,,,0,0,1,0,rare,1.0,0.03118763306686101,0.6882643665112759,0.0732286267835226,0.0,0.0,0.912474937852804,,,EXPLORE
1643,48,,,0,1,1,0,common,1.0,0.020271961493459667,0.682818987705373,0.057341627196503715,0.0,0.0,0.9132023251998368,,,EXPLORE
1644,48,,,0,0,0,1,common,1.0,0.015623015361701187,0.6910783532591807,0.044826043646062956,0.0,0.0,0.9139106265280148,,,EXPLORE
1645,48,,,0,0,1,0,rare,0.0,0.9868232250292512,0.6887572922502887,0.32742519806101944,0.0,0.0,0.9146005489172857,,,EXPLORE
1646,48,,,0,0,1,0,rare,1.0,0.3585649037309866,0.546620048842557,0.3367671097620096,0.0,0.0,0.9152727650327844,,,EXPLORE
1647,48,,,0,0,1,0,rare,0.0,0.7669328125748587,0.6416915027437973,0.46581682060586427,0.0,0.0,0.9159279151942661,,,EXPLORE
1648,48,,,0,0,1,0,rare,1.0,0.5014936718263419,0.4250189069895833,0.4765198759720075,0.0,0.0,0.9165666092979792,,,EXPLORE
1649,48,,,0,0,1,0,rare,1.0,0.32597088668712226,0.5789247103031565,0.4313551791865419,0.0,0.0,0.9171894286031094,,,EXPLORE
1650,48,,,0,1,1,1,common,0.0,0.2710852872889193,0.6558603858406151,0.3832742116172551,0.0,0.0,0.9177969273937983,,,EXPLORE
1651,48,,,0,1,1,0,common,1.0,0.21188107634662945,0.6292411030551612,0.3318562710360674,0.0,0.0,0.9183896345267332,,,EXPLORE
1652,48,,,0,0,0,0,common,0.0,0.14918293737654198,0.6890444542623868,0.2770542709382098,0.0,0.0,0.9189680548733936,,,EXPLORE
1653,48,,,0,0,0,1,common,1.0,0.010154959985105738,0.5976662006524266,0.19698447765227856,0.0,0.0,0.9195326706652251,,,EXPLORE
1654,48,,,0,0,0,1,common,1.0,0.0066007239903187465,0.6862798434140371,0.1398693515536906,0.0,0.0,0.9200839427492833,,,EXPLORE
1655,48,,,0,1,1,1,common,1.0,0.8237945632622025,0.6876854291089488,0.34504691506624413,0.0,0.0,0.9206223117612167,,,EXPLORE
1656,48,,,0,1,1,0,common,0.0,0.8622773003746909,0.6902341652044304,0.5002160306587782,0.0,0.0,0.9211481992218744,,,EXPLORE
1657,48,,,0,0,0,1,common,1.0,0.004290470593707241,0.5799340781548172,0.3514383626392569,0.0,0.0,0.9180676978522087,,,EXPLORE
1658,48,,,0,0,0,1,common,1.0,0.0027888058859096843,0.5192855370191813,0.24684349561325272,0.0,0.0,0.9186538605178945,,,EXPLORE
1659,48,,,0,1,0,1,rare,0.0,0.9981872761741587,0.4776108679128519,0.47224662978152454,0.0,0.0,0.9192259579604584,,,EXPLORE
1660,48,,,0,1,1,1,common,0.0,0.46453353387956836,0.31563476066835405,0.46993270101093765,0.0,0.0,0.9197844625566958,,,EXPLORE
1661,48,,,0,0,1,0,rare,0.0,0.5604802452435491,0.22917523945321666,0.49709696428072103,0.0,0.0,0.9203298258411615,,,EXPLORE
1662,48,,,0,0,1,1,rare,0.0,0.30194679702171945,0.4841011359840724,0.4385519141030205,0.0,0.0,0.9208624796437481,,,EXPLORE
1663,48,,,0,0,0,1,common,1.0,0.35117827048679684,0.6460467076317951,0.41233982101815336,0.0,0.0,0.921382837153557,,,EXPLORE
1664,48,,,0,0,1,0,rare,1.0,0.635687840591693,0.4775062086869518,0.4793442268902153,0.0,0.0,0.9218912939145719,,,EXPLORE
1665,48,,,0,1,0,1,rare,1.0,0.228265875816418,0.3552990003993335,0.40402072156807606,0.0,0.0,0.9223882287581799,,,EXPLORE
1666,48,,,0,0,0,1,common,1.0,0.1483728192806717,0.5884650650005205,0.32732635088185474,0.0,0.0,0.9228740046771683,,,EXPLORE
1667,48,,,0,1,1,0,common,0.0,0.5868029036153996,0.512562773896956,0.40516931670191814,0.0,0.0,0.923348969645432,,,EXPLORE
1668,48,,,0,1,1,0,common,0.0,0.3814218873500097,0.35924401240314746,0.3980450878963456,0.0,0.0,0.9238134573872924,,,EXPLORE
1669,48,,,0,1,1,1,common,0.0,0.19626541806411765,0.2715760881981423,0.3375111869466772,0.0,0.0,0.924267788099998,,,EXPLORE
1670,48,,,0,0,1,0,rare,0.0,0.2479242267775063,0.2229563400234476,0.3106350988959259,0.0,0.0,0.9247122691327024,,,EXPLORE
1671,48,,,0,0,1,0,rare,1.0,0.838849252594621,0.44959397117038635,0.4690993450055344,0.0,0.0,0.9251471956249467,,,EXPLORE
1672,48,,,0,0,1,1,rare,0.0,0.1275725217416765,0.31332787216988256,0.366641298026377,0.0,0.0,0.9255728511074333,,,EXPLORE
1673,48,,,0,0,0,1,common,0.0,0.9035576674675634,0.5247484462435845,0.5277162088587328,0.0,0.0,0.9259895080676686,,,EXPLORE
1674,48,,,0,0,0,1,common,0.0,0.5873124838539162,0.6448165952289806,0.5455950913572878,0.0,0.0,0.9232333016977669,,,EXPLORE
1675,48,,,0,0,0,1,common,1.0,0.6182468854949544,0.6869847483850764,0.5673906295985878,0.0,0.0,0.9202946992175534,,,EXPLORE
1676,48,,,0,0,0,1,common,1.0,0.40186047557172033,0.5077442197097732,0.5177315833905275,0.0,0.0,0.9171551395301444,,,EXPLORE
1677,48,,,0,0,0,1,common,1.0,0.2612093091216182,0.3471006666833308,0.4407749011098547,0.0,0.0,0.9137934548573418,,,EXPLORE
1678,48,,,0,1,1,0,common,1.0,0.5452520141865036,0.2572289448337042,0.4721180350328493,0.0,0.0,0.9144864035524839,,,EXPLORE
1679,48,,,0,0,0,1,common,1.0,0.16978605092905186,0.5068604651474797,0.38141843980171003,0.0,0.0,0.9151615357707897,,,EXPLORE
1680,48,,,0,1,0,1,rare,1.0,0.11036093310388373,0.4375909160718646,0.3001011877923621,0.0,0.0,0.9158194971044119,,,EXPLORE
1681,48,,,0,1,1,1,common,0.0,0.08292213913208972,0.6045837485945174,0.2349474731942804,0.0,0.0,0.9164609024102892,,,EXPLORE
1682,48,,,0,0,1,0,rare,1.0,0.35441380922122734,0.4145458035636884,0.27078737400236447,0.0,0.0,0.9170863376184484,,,EXPLORE
1683,48,,,0,1,1,0,common,1.0,0.2303689759937978,0.37094190561996454,0.25866185459979446,0.0,0.0,0.9176963614141112,,,EXPLORE
1684,48,,,0,0,0,1,common,0.0,0.9282653934824756,0.5513192831385425,0.4595429162645988,0.0,0.0,0.918291506803767,,,EXPLORE
1685,48,,,0,1,1,0,common,0.0,0.8502601656040314,0.6914302256561053,0.5767580910664285,0.0,0.0,0.9188722825744426,,,EXPLORE
1686,48,,,0,0,0,1,common,1.0,0.39662749423639077,0.6277316811270204,0.5227189120174172,0.0,0.0,0.9156330382972391,,,EXPLORE
1687,48,,,0,0,1,0,rare,0.0,0.5526691076426204,0.5142138927128856,0.5317039707049781,0.0,0.0,0.9121608958377138,,,EXPLORE
1688,48,,,0,1,1,1,common,0.0,0.05389939043585832,0.6821927422395422,0.38836259662424216,0.0,0.0,0.9084299963188821,,,EXPLORE
1689,48,,,0,0,0,1,common,0.0,0.742192128746346,0.6085138372341162,0.49451145626087323,0.0,0.0,0.9092674307831227,,,EXPLORE
1690,48,,,0,0,1,0,rare,1.0,0.6407650800322967,0.6884894128862674,0.5383875433923002,0.0,0.0,0.9100815381083723,,,EXPLORE
1691,48,,,0,0,0,0,common,1.0,0.9030310907052477,0.549546363418097,0.6477806075861845,0.0,0.0,0.9061911478947258,,,EXPLORE
1692,48,,,0,1,0,0,rare,0.0,0.413029791041589,0.4109028024376165,0.5773553626228058,0.0,0.0,0.9019932135843046,,,EXPLORE
1693,48,,,0,1,0,0,rare,1.0,0.7315306358229672,0.33369826293512883,0.6236079445828542,0.0,0.0,0.897450005234793,,,EXPLORE
1694,48,,,0,0,0,0,common,1.0,0.47549491328492866,0.5838220109663809,0.5791740351934764,0.0,0.0,0.8925173582973831,,,EXPLORE
1695,48,,,0,0,0,1,common,1.0,0.5175751163148751,0.4973410912229207,0.560694359529896,0.0,0.0,0.8871432407904438,,,EXPLORE
1696,48,,,0,1,1,0,common,1.0,0.4164973020209929,0.4380487306896398,0.517435242277225,0.0,0.0,0.8812659197618715,,,EXPLORE
1697,48,,,0,0,0,1,common,1.0,0.33642382560466877,0.5994331984222001,0.46313181727545816,0.0,0.0,0.8748115899057752,,,EXPLORE
1698,48,,,0,1,1,1,common,0.0,0.03503460378330791,0.5656270827724593,0.33470265322781306,0.0,0.0,0.8768181684948352,,,EXPLORE
1699,48,,,0,1,0,1,rare,1.0,0.2186754866430347,0.3671131676291825,0.29989450325237954,0.0,0.0,0.8787423079385859,,,EXPLORE
1700,48,,,0,1,1,0,common,1.0,0.2707232463136454,0.5448086478656277,0.29114312617075927,0.0,0.0,0.880588895037751,,,EXPLORE
1701,48,,,0,1,1,0,common,1.0,0.17597011010386954,0.6420583846023229,0.25659122135069234,0.0,0.0,0.8823624379833341,,,EXPLORE
1702,48,,,0,1,1,0,common,0.0,0.8856194284324848,0.6809333633290406,0.4452996834752301,0.0,0.0,0.8840671023289293,,,EXPLORE
1703,48,,,0,0,0,0,common,1.0,0.3090716936352036,0.47677491737115096,0.4044312865232221,0.0,0.0,0.8857067429381542,,,EXPLORE
1704,48,,,0,1,0,1,rare,1.0,0.14213906631797257,0.45167954225081663,0.32574362046164723,0.0,0.0,0.8872849324229819,,,EXPLORE
1705,48,,,0,1,1,0,common,1.0,0.4243473715188849,0.5880543916446044,0.35532474577881856,0.0,0.0,0.8888049865145675,,,EXPLORE
1706,48,,,0,0,0,0,common,0.0,0.7991033991371177,0.6557418715527412,0.4884583417863083,0.0,0.0,0.890269986745773,,,EXPLORE
1707,48,,,0,1,1,0,common,1.0,0.27582579148727526,0.6242693951468247,0.42466857669659835,0.0,0.0,0.8916828007719529,,,EXPLORE
1708,48,,,0,1,1,0,common,1.0,0.17928676446672887,0.5747462316748377,0.3510540330276375,0.0,0.0,0.8930461006120005,,,EXPLORE
1709,48,,,0,0,0,1,common,1.0,0.09239039310668218,0.5385312744546717,0.2734549410513509,0.0,0.0,0.8943623790538144,,,EXPLORE
1710,48,,,0,0,1,0,rare,1.0,0.1165363969033738,0.6393697577955949,0.22637937780695774,0.0,0.0,0.8956339644361316,,,EXPLORE
1711,48,,,0,0,1,0,rare,1.0,0.07574865798719299,0.6801071831244989,0.18119016186102832,0.0,0.0,0.8968630339911532,,,EXPLORE
1712,48,,,0,0,0,1,common,1.0,0.060053755519343444,0.6919463292832413,0.14484923995852286,0.0,0.0,0.8980516259088341,,,EXPLORE
1713,48,,,0,0,0,0,common,0.0,0.5194172094391265,0.6928409376221791,0.25721963080270394,0.0,0.0,0.8992016502634782,,,EXPLORE
1714,48,,,0,1,0,1,rare,1.0,0.039034941087573216,0.5293148378272359,0.19176422388816472,0.0,0.0,0.900314898925871,,,EXPLORE
1715,48,,,0,1,1,1,common,0.0,0.02277249245915014,0.5044949177964899,0.14106670445946032,0.0,0.0,0.9013930545691582,,,EXPLORE
1716,48,,,0,0,1,0,rare,0.0,0.9507633723083245,0.6929326092314905,0.3839757048141196,0.0,0.0,0.9024376988636889,,,EXPLORE
1717,48,,,0,1,1,0,common,0.0,0.6179961920004109,0.6033105314439056,0.45418185097000696,0.0,0.0,0.9034503199447708,,,EXPLORE
1718,48,,,0,1,1,1,common,0.0,0.01480212009844759,0.69305651282274,0.3223679317085391,0.0,0.0,0.9044323192275088,,,EXPLORE
1719,48,,,0,1,0,1,rare,0.0,0.9746272882930774,0.6588007010893782,0.5180457386839006,0.0,0.0,0.9053850176343653,,,EXPLORE
1720,48,,,0,1,1,0,common,1.0,0.5983024751997329,0.6017200155446139,0.5421227596386502,0.0,0.0,0.9011218626325102,,,EXPLORE
1721,48,,,0,0,1,1,rare,0.0,0.009621378063990934,0.6844123994366282,0.3823723451662524,0.0,0.0,0.8965052356550606,,,EXPLORE
1722,48,,,0,0,0,1,common,1.0,0.36649226260949963,0.6162808915709612,0.37760832039922654,0.0,0.0,0.8977055485711016,,,EXPLORE
1723,48,,,0,1,0,1,rare,1.0,0.23821997069617473,0.6868372587646764,0.33579181548831094,0.0,0.0,0.8988667439103164,,,EXPLORE
1724,48,,,0,1,0,1,rare,1.0,0.1548429809525136,0.659142166210499,0.28150716512757173,0.0,0.0,0.8999906473926494,,,EXPLORE
1725,48,,,0,1,1,0,common,0.0,0.6111033911201736,0.5778171915761742,0.3803860329253523,0.0,0.0,0.9010789729755189,,,EXPLORE
1726,48,,,0,0,0,1,common,1.0,0.10064793761913382,0.692721475800563,0.2964646043334867,0.0,0.0,0.9021333312783979,,,EXPLORE
1727,48,,,0,0,0,1,common,1.0,0.06542115945243698,0.6298260724927289,0.22715157086917176,0.0,0.0,0.9031552372566579,,,EXPLORE
1728,48,,,0,1,0,1,rare,1.0,0.042523753644084006,0.546205226050797,0.17176322570164543,0.0,0.0,0.9041461172015783,,,EXPLORE
1729,48,,,0,1,0,1,rare,1.0,0.02764043986865461,0.665367468766159,0.12852638995174817,0.0,0.0,0.905107315134563,,,EXPLORE
1730,48,,,0,0,1,1,rare,1.0,0.9937461042584059,0.6930711628495997,0.3880923042437455,0.0,0.0,0.9060400986558513,,,EXPLORE
1731,48,,,0,0,1,0,rare,0.0,0.3972172042281129,0.681218016367817,0.3908297742390557,0.0,0.0,0.9069456643012628,,,EXPLORE
1732,48,,,0,0,0,0,common,0.0,0.33762118613543224,0.6007002735071811,0.3748671978079686,0.0,0.0,0.9078251424545816,,,EXPLORE
1733,48,,,0,0,0,0,common,0.0,0.21945377098803098,0.43207653450031336,0.3282431697619873,0.0,0.0,0.9086796018580047,,,EXPLORE
1734,48,,,0,1,0,1,rare,1.0,0.017966285914625457,0.3234938517943556,0.23516010460777875,0.0,0.0,0.9095100537585001,,,EXPLORE
1735,48,,,0,1,1,1,common,1.0,0.6459349677679638,0.2685305535904492,0.35839256355583426,0.0,0.0,0.9103174557239117,,,EXPLORE
1736,48,,,0,0,0,1,common,1.0,0.01167808584450658,0.23641003796103788,0.25437822024243595,0.0,0.0,0.911102715159094,,,EXPLORE
1737,48,,,0,0,1,0,rare,1.0,0.7418088172517265,0.4470800514829878,0.4006073993452231,0.0,0.0,0.911866692549235,,,EXPLORE
1738,48,,,0,1,1,1,common,0.0,0.5801422709508235,0.595368341356973,0.45446786082690316,0.0,0.0,0.9126102044547408,,,EXPLORE
1739,48,,,0,1,1,0,common,1.0,0.48217573121362234,0.678592943089257,0.4627802219429189,0.0,0.0,0.9133340262796096,,,EXPLORE
1740,48,,,0,0,1,0,rare,0.0,0.6865857747111455,0.6867356398596056,0.5299218877733869,0.0,0.0,0.9140388948330288,,,EXPLORE
1741,48,,,0,0,1,0,rare,1.0,0.5537192464377554,0.5460366564971144,0.5370610953726974,0.0,0.0,0.910449123769415,,,EXPLORE
1742,48,,,0,0,0,1,common,0.0,0.9924092442010707,0.6741455291041125,0.6736655400212094,0.0,0.0,0.9065871754213618,,,EXPLORE
1743,48,,,0,0,0,1,common,1.0,0.35493399126930403,0.5227521532384425,0.5780460753956377,0.0,0.0,0.902421093928234,,,EXPLORE
1744,48,,,0,1,1,1,common,0.0,0.3770924761180353,0.6669448629219645,0.517759995612357,0.0,0.0,0.8979137173778935,,,EXPLORE
1745,48,,,0,0,0,1,common,1.0,0.23070709432504766,0.6547939688306778,0.43164412522616413,0.0,0.0,0.893021572613607,,,EXPLORE
1746,48,,,0,0,1,0,rare,1.0,0.3599175101845411,0.562375992998434,0.4101261407136772,0.0,0.0,0.894338690471402,,,EXPLORE
1747,48,,,0,1,1,0,common,0.0,0.7660536183800483,0.4872974996214541,0.5169043840135885,0.0,0.0,0.8956110740414005,,,EXPLORE
1748,48,,,0,1,1,0,common,1.0,0.5020651480529685,0.3417777495459863,0.5124526132254025,0.0,0.0,0.8905161185488255,,,EXPLORE
1749,48,,,0,0,1,0,rare,1.0,0.3263423462344296,0.551921751953484,0.45661953312811054,0.0,0.0,0.8849573305604698,,,EXPLORE
1750,48,,,0,1,1,0,common,1.0,0.21212252505237927,0.5031096127962955,0.38327043070539113,0.0,0.0,0.8865634738626417,,,EXPLORE
1751,48,,,0,1,1,0,common,1.0,0.1378796412840465,0.6280356163358116,0.3096531938789877,0.0,0.0,0.8881099808384827,,,EXPLORE
1752,48,,,0,1,0,1,rare,0.0,0.850040388688719,0.6790023092709423,0.4717693523219071,0.0,0.0,0.889600038522785,,,EXPLORE
1753,48,,,0,1,1,0,common,1.0,0.08962176683463019,0.4809313060188401,0.35712507667572396,0.0,0.0,0.8910366109623669,,,EXPLORE
1754,48,,,0,0,1,0,rare,0.0,0.9417458515574904,0.6171616946163448,0.5325113091402539,0.0,0.0,0.8924224583851436,,,EXPLORE
1755,48,,,0,0,1,0,rare,1.0,0.3878651964876312,0.6693007064221387,0.4891174753444671,0.0,0.0,0.8870396563229098,,,EXPLORE
1756,48,,,0,0,0,1,common,1.0,0.4474737473523327,0.6905924915681296,0.47662435694682675,0.0,0.0,0.8885686803607146,,,EXPLORE
1757,48,,,0,0,1,0,rare,1.0,0.25211237771696027,0.6600239003775026,0.40927076317786676,0.0,0.0,0.8900421786264454,,,EXPLORE
1758,48,,,0,0,0,1,common,1.0,0.2908579357790162,0.6240525213413204,0.3737469149582116,0.0,0.0,0.8914630512873045,,,EXPLORE
1759,48,,,0,0,0,1,common,1.0,0.18905765825636056,0.5954061997135088,0.3183401379476563,0.0,0.0,0.8928340001213584,,,EXPLORE
1760,48,,,0,0,0,1,common,1.0,0.12288747786663434,0.5750592582699805,0.2597043399233497,0.0,0.0,0.8941575451980162,,,EXPLORE
1761,48,,,0,1,1,0,common,0.0,0.8361269544839758,0.5612449371465233,0.4326311242915375,0.0,0.0,0.8954360399033434,,,EXPLORE
1762,48,,,0,1,1,0,common,1.0,0.45651747958541566,0.3500746813509117,0.4397970308797009,0.0,0.0,0.8966716844987063,,,EXPLORE
1763,48,,,0,1,0,1,rare,0.0,0.9201231393866877,0.5186416056181614,0.5838948634317969,0.0,0.0,0.8978665383770973,,,EXPLORE
1764,48,,,0,1,1,1,common,1.0,0.754889890523277,0.32390593961508285,0.6351933715592408,0.0,0.0,0.8929702806780714,,,EXPLORE
1765,48,,,0,1,1,0,common,1.0,0.2967363617305202,0.5000393465667111,0.5336562686106245,0.0,0.0,0.88763751184729,,,EXPLORE
1766,48,,,0,0,0,1,common,0.0,0.598080040601347,0.6089490005344942,0.5529834002078413,0.0,0.0,0.8818074428446491,,,EXPLORE
1767,48,,,0,1,0,1,rare,1.0,0.6112479736091244,0.6631000811057299,0.5704627722282263,0.0,0.0,0.8754074480120829,,,EXPLORE
1768,48,,,0,1,1,0,common,1.0,0.19287863512483816,0.6117538591834216,0.45718753109720983,0.0,0.0,0.8683500366632826,,,EXPLORE
1769,48,,,0,0,0,1,common,1.0,0.3973111828459309,0.5689707866489802,0.43922462662182615,0.0,0.0,0.8706329119858891,,,EXPLORE
1770,48,,,0,1,1,0,common,1.0,0.12537111283114477,0.657037872413436,0.34506857248462175,0.0,0.0,0.8728162860567448,,,EXPLORE
1771,48,,,0,0,0,1,common,1.0,0.2582522688498551,0.6365345045201456,0.31902368139419174,0.0,0.0,0.874906422101551,,,EXPLORE
1772,48,,,0,0,0,0,common,0.0,0.14264495114222014,0.6775641342504053,0.26611006231860024,0.0,0.0,0.8769090686401897,,,EXPLORE
1773,48,,,0,0,1,0,rare,1.0,0.08149122334024406,0.4668330407961166,0.2107244106250934,0.0,0.0,0.8788295112977801,,,EXPLORE
1774,48,,,0,0,0,1,common,1.0,0.16786397475240578,0.6005074028711841,0.1978662798632871,0.0,0.0,0.8806726184807784,,,EXPLORE
1775,48,,,0,1,1,0,common,1.0,0.05296929517115867,0.6636431579499111,0.15439718445564854,0.0,0.0,0.8824428817492308,,,EXPLORE
1776,48,,,0,1,0,1,rare,1.0,0.10911158358906381,0.6517575842192392,0.14081150419567312,0.0,0.0,0.8841444515900627,,,EXPLORE
1777,48,,,0,0,0,1,common,1.0,0.07092252933289145,0.6431062246934154,0.11984481173683861,0.0,0.0,0.8857811691912144,,,EXPLORE
1778,48,,,0,1,1,0,common,1.0,0.03443004186125309,0.6752288889284128,0.09422038077416295,0.0,0.0,0.8873565947286677,,,EXPLORE
1779,48,,,0,0,0,1,common,1.0,0.04609964406637945,0.6713703765173447,0.07978415976182789,0.0,0.0,0.8888740326048232,,,EXPLORE
1780,48,,,0,0,0,1,common,1.0,0.029964768643146678,0.6854973155057786,0.06483834242622352,0.0,0.0,0.8903365540148,,,EXPLORE
1781,48,,,0,1,1,1,common,0.0,0.50932157115987,0.6908593859395225,0.19818331104631745,0.0,0.0,0.8917470171649815,,,EXPLORE
1782,48,,,0,0,0,1,common,0.0,0.9805229003819547,0.5327715608199834,0.4328851878470086,0.0,0.0,0.8931080854239201,,,EXPLORE
1783,48,,,0,0,0,0,common,0.0,0.0927192182424431,0.6921793079999007,0.3308353969656389,0.0,0.0,0.8944222436481517,,,EXPLORE
1784,48,,,0,1,0,0,rare,1.0,0.9397325081424119,0.5918323079216968,0.5135045303186707,0.0,0.0,0.8956918128934918,,,EXPLORE
1785,48,,,0,1,1,0,common,1.0,0.02237952720981451,0.4846127739722088,0.3661670293860138,0.0,0.0,0.8906040403156399,,,EXPLORE
1786,48,,,0,1,1,0,common,1.0,0.014546692686379425,0.4112269166799463,0.2606809283761235,0.0,0.0,0.8920050748445537,,,EXPLORE
1787,48,,,0,1,1,0,common,1.0,0.009455350246146632,0.36515359128268876,0.1853132549371304,0.0,0.0,0.8933571919989161,,,EXPLORE
1788,48,,,0,1,0,1,rare,0.0,0.6373398852482706,0.33649660538884263,0.32092124403047245,0.0,0.0,0.8946628449487212,,,EXPLORE
1789,48,,,0,0,0,1,common,0.0,0.4142709254113759,0.6138256771813837,0.34892614844474346,0.0,0.0,0.8959243256489096,,,EXPLORE
1790,48,,,0,0,0,0,common,0.0,0.3891738697074322,0.49934944685760096,0.3610004648235501,0.0,0.0,0.8971437778702772,,,EXPLORE
1791,48,,,0,1,0,0,rare,1.0,0.7470369846901691,0.41812347438011965,0.4768114207835358,0.0,0.0,0.8983232089865453,,,EXPLORE
1792,48,,,0,0,0,1,common,1.0,0.7307238984826057,0.3043334123552771,0.5529851640932567,0.0,0.0,0.8994645006539378,,,EXPLORE
1793,48,,,0,1,1,0,common,1.0,0.006145977659995361,0.5535334683556202,0.38893340816327826,0.0,0.0,0.8947065613144413,,,EXPLORE
1794,48,,,0,1,1,0,common,1.0,0.003994885478996957,0.4755628527749578,0.2734518513579938,0.0,0.0,0.8959665748481426,,,EXPLORE
1795,48,,,0,1,1,0,common,0.0,0.997403324438652,0.42381808089163897,0.49063729328219124,0.0,0.0,0.8971846305129305,,,EXPLORE
1796,48,,,0,1,0,0,rare,0.0,0.5144259599513901,0.6651211913603249,0.49777389328295085,0.0,0.0,0.8983627312271351,,,EXPLORE
1797,48,,,0,1,0,1,rare,0.0,0.5250294659863063,0.679578729873142,0.5059505650939574,0.0,0.0,0.8995027545375901,,,EXPLORE
1798,48,,,0,1,1,0,common,0.0,0.6483121608851239,0.6086740767979086,0.5486590438313073,0.0,0.0,0.894748101494723,,,EXPLORE
1799,48,,,0,1,0,0,rare,1.0,0.6656231260315965,0.5404904166774323,0.5837482684913939,0.0,0.0,0.8895760461836909,,,EXPLORE
1800,48,,,0,0,0,0,common,0.0,0.5673449680794622,0.69306502538902,0.5788272783678144,0.0,0.0,0.8839293990359505,,,EXPLORE
1801,48,,,0,0,1,0,rare,1.0,0.5785970954246694,0.6475523099247893,0.5787582234848709,0.0,0.0,0.87774002312057,,,EXPLORE
1802,48,,,0,0,1,0,rare,1.0,0.3760881120260351,0.676929430158086,0.5179571900472202,0.0,0.0,0.8709260830134234,,,EXPLORE
1803,48,,,0,0,0,1,common,0.0,0.3412691528910991,0.5819866524038085,0.46495077890038383,0.0,0.0,0.863388420111883,,,EXPLORE
1804,48,,,0,1,0,0,rare,0.0,0.3687742292516505,0.6931161248173403,0.4360978140057638,0.0,0.0,0.8658946390017621,,,EXPLORE
1805,48,,,0,1,1,0,common,1.0,0.24445727281692275,0.6428937008309246,0.3786056516491115,0.0,0.0,0.8682868301631246,,,EXPLORE
1806,48,,,0,1,0,1,rare,1.0,0.7781750506207856,0.6791856674097823,0.4984764713406137,0.0,0.0,0.8705724896663181,,,EXPLORE
1807,48,,,0,0,0,1,common,1.0,0.5058137829035106,0.5864448082420073,0.5006776648094827,0.0,0.0,0.8727584707850108,,,EXPLORE
1808,48,,,0,1,1,0,common,0.0,0.8411027726690002,0.6872003865199582,0.6028051971673379,0.0,0.0,0.8654191676421488,,,EXPLORE
1809,48,,,0,0,0,1,common,0.0,0.6712210411127181,0.6251659005635344,0.623329950350952,0.0,0.0,0.8572687430980582,,,EXPLORE
1810,48,,,0,0,0,1,common,1.0,0.5637063232767332,0.6906259933409398,0.6054428622286863,0.0,0.0,0.8481653541971863,,,EXPLORE
1811,48,,,0,1,0,1,rare,1.0,0.36640911012987654,0.6402278791880833,0.5337327365990433,0.0,0.0,0.8379320385497072,,,EXPLORE
1812,48,,,0,0,0,1,common,1.0,0.23816592158441974,0.6920804250440047,0.4450626920946562,0.0,0.0,0.8263451279403972,,,EXPLORE
1813,48,,,0,0,1,0,rare,0.0,0.5467168022348502,0.6700775972648203,0.4755589251367144,0.0,0.0,0.8308228286369426,,,EXPLORE
1814,48,,,0,1,1,1,common,0.0,0.3310590212539155,0.6469245580019853,0.4322089539718747,0.0,0.0,0.8350339509517343,,,EXPLORE
1815,48,,,0,0,0,1,common,1.0,0.15480784902987288,0.6832681780042769,0.34898862248927415,0.0,0.0,0.8390014181234244,,,EXPLORE
1816,48,,,0,0,0,1,common,0.0,0.8993748981305826,0.5831415609443601,0.5141045051816666,0.0,0.0,0.842745598589712,,,EXPLORE
1817,48,,,0,0,1,1,rare,0.0,0.21518836381504508,0.6927199954633612,0.42442966277168015,0.0,0.0,0.831806451583488,,,EXPLORE
1818,48,,,0,1,1,0,common,1.0,0.6446340785473473,0.656664912949537,0.49049098750438025,0.0,0.0,0.8359600489766392,,,EXPLORE
1819,48,,,0,1,1,0,common,1.0,0.41901215105577583,0.5057841627672663,0.4690473365697989,0.0,0.0,0.8398748510220105,,,EXPLORE
1820,48,,,0,1,0,1,rare,1.0,0.41540631621512136,0.38884916888565535,0.45295503046339564,0.0,0.0,0.8435706938113011,,,EXPLORE
1821,48,,,0,0,1,0,rare,1.0,0.27235789818625433,0.31816743587492213,0.3987758907802532,0.0,0.0,0.8470652758557676,,,EXPLORE
1822,48,,,0,0,1,0,rare,1.0,0.17703263382106527,0.5350110829543296,0.33225291369249677,0.0,0.0,0.8503744384756219,,,EXPLORE
1823,48,,,0,1,0,1,rare,0.0,0.7299858944601711,0.6534078454912708,0.4515728079227991,0.0,0.0,0.8535124031827777,,,EXPLORE
1824,48,,,0,0,0,1,common,1.0,0.5255091686008888,0.6498635446683093,0.47375371612622597,0.0,0.0,0.8564919735609651,,,EXPLORE
1825,48,,,0,0,0,1,common,1.0,0.34158095959057766,0.5770635494038098,0.43410188916553144,0.0,0.0,0.8593247076872307,,,EXPLORE
1826,48,,,0,0,1,0,rare,0.0,0.8849287880163076,0.519040588166383,0.5693499588207642,0.0,0.0,0.8620210659908352,,,EXPLORE
1827,48,,,0,0,0,1,common,1.0,0.22202762373387552,0.6923275731704271,0.46515325829469756,0.0,0.0,0.8534800321723903,,,EXPLORE
1828,48,,,0,0,0,1,common,1.0,0.14431795542701908,0.6373771936745727,0.368902667434394,0.0,0.0,0.8564612168966436,,,EXPLORE
1829,48,,,0,0,0,1,common,0.0,0.9061933289724375,0.5657935204462332,0.5300898658958071,0.0,0.0,0.859295448992598,,,EXPLORE
1830,48,,,0,0,1,0,rare,1.0,0.42479628778940004,0.6926671975719095,0.49850179246388493,0.0,0.0,0.8504341839865857,,,EXPLORE
1831,48,,,0,0,0,1,common,1.0,0.41097433616791557,0.6508348755647023,0.4722435555750941,0.0,0.0,0.8535690970302608,,,EXPLORE
1832,48,,,0,0,1,1,rare,0.0,0.13987243647977932,0.5779814416941654,0.37253221984649965,0.0,0.0,0.8565458410666755,,,EXPLORE
1833,48,,,0,1,1,0,common,0.0,0.7238824129368899,0.6918673780445532,0.4779372777736167,0.0,0.0,0.8593759525276997,,,EXPLORE
1834,48,,,0,0,0,1,common,1.0,0.2671333185091451,0.6409485074818084,0.4146960899942752,0.0,0.0,0.8620698727355572,,,EXPLORE
1835,48,,,0,0,1,1,rare,1.0,0.9090829162881434,0.5119191785919192,0.5630121378824356,0.0,0.0,0.8646370748377826,,,EXPLORE
1836,48,,,0,0,0,1,common,1.0,0.17363665703094433,0.41492276113680915,0.4461994936269882,0.0,0.0,0.8563975963020979,,,EXPLORE
1837,48,,,0,0,0,1,common,0.0,0.8871361729298862,0.3542641703374231,0.5784804974178576,0.0,0.0,0.8592349281453096,,,EXPLORE
1838,48,,,0,0,0,0,common,0.0,0.23970324901357282,0.6126578231663642,0.47684732289657217,0.0,0.0,0.8503664824737911,,,EXPLORE
1839,48,,,0,0,0,0,common,0.0,0.15580711185882234,0.6928730973658033,0.3805352595852472,0.0,0.0,0.853504853660332,,,EXPLORE
1840,48,,,0,0,0,1,common,0.0,0.576638512404426,0.6666235309302626,0.43936623543100084,0.0,0.0,0.8564848004974558,,,EXPLORE
1841,48,,,0,1,1,1,common,1.0,0.5909038955872933,0.6189818434911687,0.48482753347788854,0.0,0.0,0.8593178839468049,,,EXPLORE
1842,48,,,0,0,1,1,rare,0.0,0.6159124678682594,0.4296044510560012,0.5241530137949998,0.0,0.0,0.8620145669839003,,,EXPLORE
1843,48,,,0,1,1,0,common,1.0,0.5294764315910215,0.3821881337034466,0.5257500391338062,0.0,0.0,0.8534727769404217,,,EXPLORE
1844,48,,,0,0,1,0,rare,0.0,0.655840319465836,0.2672645216921657,0.5647771232334151,0.0,0.0,0.8439066709335776,,,EXPLORE
1845,48,,,0,0,0,0,common,1.0,0.8987253772917655,0.24340859341797946,0.6649615994509201,0.0,0.0,0.8331208250977314,,,EXPLORE
1846,48,,,0,1,1,0,common,0.0,0.4262962076527934,0.5106286519474152,0.5933619819114822,0.0,0.0,0.8208667279545028,,,EXPLORE
1847,48,,,0,0,1,1,rare,0.0,0.4003431041143686,0.6803979385529499,0.5354563185723481,0.0,0.0,0.8068234401166287,,,EXPLORE
1848,48,,,0,1,0,1,rare,0.0,0.3748150330628769,0.6066029002877296,0.4872639329195067,0.0,0.0,0.7905691345172251,,,EXPLORE
1849,48,,,0,0,0,0,common,1.0,0.5841714952396475,0.6877205900938482,0.5163362016155489,0.0,0.0,0.7974518192760897,,,EXPLORE
1850,48,,,0,0,0,0,common,0.0,0.6202885280942291,0.6132479478923851,0.5475218995591529,0.0,0.0,0.7796252991069469,,,EXPLORE
1851,48,,,0,0,1,0,rare,1.0,0.7229074650256843,0.6915921878096989,0.6001375691991122,0.0,0.0,0.7585910618360289,,,EXPLORE
1852,48,,,0,0,0,1,common,1.0,0.75637022850913,0.5738175488604291,0.6470073669921175,0.0,0.0,0.7333991096875392,,,EXPLORE
1853,48,,,0,1,1,0,common,0.0,0.5301101477333052,0.4421616359824139,0.6119382012144737,0.0,0.0,0.7026832205565441,,,EXPLORE
1854,48,,,0,0,0,1,common,1.0,0.4916406485309345,0.3492472806407522,0.575848935409412,0.0,0.0,0.6644049570483807,,,EXPLORE
1855,48,,,0,0,0,1,common,1.0,0.3195664215451074,0.2737245371048137,0.49896418125012054,0.0,0.0,0.6153822453382846,,,EXPLORE
1856,48,,,0,0,0,1,common,0.0,0.7922818259956802,0.23093437244594653,0.5869594746737884,0.0,0.0,0.6408025512562173,,,EXPLORE
1857,48,,,0,0,1,0,rare,1.0,0.6554284039733516,0.47678479760713155,0.6075001534636573,0.0,0.0,0.5843973276766011,,,EXPLORE
1858,48,,,0,0,0,0,common,0.0,0.40318754326124895,0.3466211579339358,0.5462063704029347,0.0,0.0,0.5078940812790924,,,EXPLORE
1859,48,,,0,1,1,0,common,1.0,0.42602846258267857,0.5663777059985882,0.5101529980568579,0.0,0.0,0.3982291179975018,,,EXPLORE
1860,48,,,0,0,1,0,rare,1.0,0.27691850067874113,0.6929334536782061,0.44018264884342284,0.0,0.0,0.22788532641633572,,,EXPLORE
1861,48,,,0,0,1,0,rare,1.0,0.1799970254411818,0.6352544055447515,0.3621269618227505,0.0,0.0,0.3298453847801586,,,EXPLORE
1862,48,,,0,1,0,1,rare,1.0,0.48501681310280786,0.544458521255176,0.3989939172067677,0.0,0.0,0.4073269907104979,,,EXPLORE
1863,48,,,0,0,0,1,common,1.0,0.3152609285168251,0.6678330422910305,0.37387402059978486,0.0,0.0,0.4681977810283784,,,EXPLORE
1864,48,,,0,1,0,1,rare,1.0,0.2049196035359363,0.6242527944338685,0.32318769548063025,0.0,0.0,0.5172800091934214,,,EXPLORE
1865,48,,,0,1,1,0,common,1.0,0.11699806653676814,0.6822926276014354,0.2613308067974716,0.0,0.0,0.5576940351179299,,,EXPLORE
1866,48,,,0,1,0,1,rare,1.0,0.13319774229835857,0.6931310581447571,0.22289088744773766,0.0,0.0,0.5915482529090359,,,EXPLORE
1867,48,,,0,1,1,0,common,0.0,0.9239512567511007,0.6875956221521773,0.43320899823874653,0.0,0.0,0.620318563239803,,,EXPLORE
1868,48,,,0,0,0,1,common,0.0,0.9134214675060669,0.5704897724905721,0.5772727390189426,0.0,0.0,0.6450690025859319,,,EXPLORE
1869,48,,,0,1,1,1,common,1.0,0.7397769823256604,0.690794096323051,0.6260240120109579,0.0,0.0,0.5900420484452846,,,EXPLORE
1870,48,,,0,0,0,0,common,0.0,0.2620719031198118,0.6336030890722353,0.5168383793436141,0.0,0.0,0.5157107805178336,,,EXPLORE
1871,48,,,0,1,1,0,common,1.0,0.39943168311178456,0.4774478088689924,0.48161637047406525,0.0,0.0,0.40976240877914066,,,EXPLORE
1872,48,,,0,0,0,1,common,1.0,0.4062760461210565,0.3946439646137494,0.45901427316816257,0.0,0.0,0.4701399099572071,,,EXPLORE
1873,48,,,0,0,1,0,rare,1.0,0.25963059402266,0.5884322860157788,0.3991991694245117,0.0,0.0,0.5188647722503321,,,EXPLORE
1874,48,,,0,1,0,1,rare,0.0,0.7359205700213133,0.6748171625219838,0.5002155896035522,0.0,0.0,0.5590116455041859,,,EXPLORE
1875,48,,,0,0,1,0,rare,1.0,0.16875988611472903,0.6240576312763018,0.4007788785569052,0.0,0.0,0.4722836072965918,,,EXPLORE
1876,48,,,0,1,0,1,rare,0.0,0.47834837051385365,0.5519005986327126,0.42404972614398967,0.0,0.0,0.5206153770905424,,,EXPLORE
1877,48,,,0,1,0,1,rare,1.0,0.6890735591659951,0.3863768665283139,0.5035568760505913,0.0,0.0,0.5604680754825736,,,EXPLORE
1878,48,,,0,0,1,0,rare,1.0,0.10969392597457384,0.5841727652395475,0.38539799102778605,0.0,0.0,0.4743471187938833,,,EXPLORE
1879,48,,,0,0,1,0,rare,1.0,0.07130105188347302,0.5334031212549761,0.29116890928449213,0.0,0.0,0.5223018528732553,,,EXPLORE
1880,48,,,0,1,1,0,common,0.0,0.9536543162757425,0.49839122511545886,0.48991453138186725,0.0,0.0,0.5618720816021393,,,EXPLORE
1881,48,,,0,0,1,0,rare,1.0,0.38012469442076735,0.3239076009993562,0.45697758029353724,0.0,0.0,0.595078429319434,,,EXPLORE
1882,48,,,0,0,0,0,common,0.0,0.17034673702787767,0.3038001026536028,0.37098832731383935,0.0,0.0,0.6233405196768774,,,EXPLORE
1883,48,,,0,1,0,1,rare,1.0,0.4478978134578968,0.5871901013992205,0.3940611731570566,0.0,0.0,0.6476849574286051,,,EXPLORE
1884,48,,,0,1,1,1,common,1.0,0.4808550385116793,0.691910229549265,0.42009933276344336,0.0,0.0,0.6688725322118924,,,EXPLORE
1885,48,,,0,0,0,1,common,0.0,0.7088664212523671,0.666372347444895,0.5067294593101205,0.0,0.0,0.6874790212900774,,,EXPLORE
1886,48,,,0,0,0,1,common,1.0,0.5392368261859614,0.5116742218051044,0.5164816693728728,0.0,0.0,0.6451116144839225,,,EXPLORE
1887,48,,,0,1,1,1,common,0.0,0.6874442249674084,0.6630477109253823,0.5677704360512335,0.0,0.0,0.5900983278327252,,,EXPLORE
1888,48,,,0,0,0,1,common,1.0,0.3505039370208749,0.6589757633785414,0.5025904863421259,0.0,0.0,0.5157885314178683,,,EXPLORE
1889,48,,,0,1,1,0,common,1.0,0.24708105137349878,0.5669485450134415,0.4259376558515377,0.0,0.0,0.409876741448695,,,EXPLORE
1890,48,,,0,1,1,0,common,1.0,0.16060268339277417,0.6784174677780843,0.3463371641139086,0.0,0.0,0.47023112859579347,,,EXPLORE
1891,48,,,0,1,0,0,rare,0.0,0.1107253790681205,0.6910764218870986,0.2756536286001721,0.0,0.0,0.5189392348560559,,,EXPLORE
1892,48,,,0,0,0,1,common,1.0,0.22782755906356866,0.5894774048211605,0.2613058077391911,0.0,0.0,0.559073575290021,,,EXPLORE
1893,48,,,0,1,1,0,common,1.0,0.10439174420530317,0.5158616174268575,0.21423158867902473,0.0,0.0,0.5927132414990915,,,EXPLORE
1894,48,,,0,0,0,1,common,1.0,0.14808791339131966,0.6465044071201761,0.1943884860927132,0.0,0.0,0.6213153743168688,,,EXPLORE
1895,48,,,0,0,0,1,common,1.0,0.09625714370435778,0.6093887739711108,0.16494908337620656,0.0,0.0,0.6459315484033124,,,EXPLORE
1896,48,,,0,0,0,1,common,1.0,0.06256714340783254,0.5812236349813018,0.13423450138569434,0.0,0.0,0.6673396944025571,,,EXPLORE
1897,48,,,0,0,0,1,common,1.0,0.040668643215091116,0.5616177674167556,0.10616474393451336,0.0,0.0,0.6861276726399721,,,EXPLORE
1898,48,,,0,1,1,0,common,1.0,0.06785463373344702,0.5484379196973302,0.09467171087419346,0.0,0.0,0.7027479808895094,,,EXPLORE
1899,48,,,0,0,0,1,common,1.0,0.02643461808980918,0.6328930055213262,0.07420058303887818,0.0,0.0,0.7175545948989976,,,EXPLORE
1900,48,,,0,0,0,1,common,1.0,0.01718250175837599,0.6262746153558665,0.05709515865472752,0.0,0.0,0.7308283981280823,,,EXPLORE
1901,48,,,0,0,1,0,rare,1.0,0.044105511926740615,0.6218293046871057,0.05319826463633145,0.0,0.0,0.7427951216582922,,,EXPLORE
1902,48,,,0,0,0,1,common,1.0,0.011168626142944449,0.6188815319510346,0.040589373088315346,0.0,0.0,0.7536382474952613,,,EXPLORE
1903,48,,,0,0,0,1,common,0.0,0.9927403930070862,0.6169414630528668,0.32623467906394654,0.0,0.0,0.7635084512138195,,,EXPLORE
1904,48,,,0,0,0,1,common,1.0,0.354718744545394,0.6528004894802445,0.33477989870838076,0.0,0.0,0.7725306204512252,,,EXPLORE
1905,48,,,0,0,1,0,rare,1.0,0.028668582752381377,0.6922396189312214,0.24294650392158093,0.0,0.0,0.7808091455174992,,,EXPLORE
1906,48,,,0,0,1,1,rare,0.0,0.4468387462288155,0.6862131246110734,0.3041141766137513,0.0,0.0,0.7884319588474705,,,EXPLORE
1907,48,,,0,1,1,0,common,1.0,0.01863457878904784,0.5910138231345268,0.21847029726634024,0.0,0.0,0.7954736554005833,,,EXPLORE
1908,48,,,0,0,0,1,common,1.0,0.23056718395450604,0.5310884572656553,0.22209936327278995,0.0,0.0,0.801997929047998,,,EXPLORE
1909,48,,,0,1,0,1,rare,1.0,0.149868669570429,0.6472406468501424,0.20043015516208165,0.0,0.0,0.8080594937114998,,,EXPLORE
1910,48,,,0,0,0,1,common,1.0,0.09741463522077887,0.6173776696184756,0.16952549917969081,0.0,0.0,0.8137056120517314,,,EXPLORE
1911,48,,,0,1,1,0,common,1.0,0.01211247621288114,0.673219388130495,0.1223015922896479,0.0,0.0,0.8189773221577195,,,EXPLORE
1912,48,,,0,0,0,1,common,1.0,0.06331951289350624,0.6596501757581013,0.1046069684708054,0.0,0.0,0.8239104296235789,,,EXPLORE
1913,48,,,0,0,0,1,common,1.0,0.041157683380779075,0.6846293487733236,0.08557218294379751,0.0,0.0,0.8285363157451064,,,EXPLORE
1914,48,,,0,0,1,0,rare,0.0,0.9921268904616273,0.692129387595426,0.35753859519914644,0.0,0.0,0.8328826004070119,,,EXPLORE
1915,48,,,0,0,0,1,common,1.0,0.02675249419750636,0.5021174687220478,0.2583027648986544,0.0,0.0,0.8369736892541414,,,EXPLORE
1916,48,,,0,0,0,1,common,0.0,0.9826108787716209,0.6163747091801851,0.47559519906054437,0.0,0.0,0.8408312280468783,,,EXPLORE
1917,48,,,0,1,1,0,common,1.0,0.3551175211999422,0.3973489495745618,0.4394518957023637,0.0,0.0,0.8444744820639412,,,EXPLORE
1918,48,,,0,1,0,0,rare,0.0,0.07197149639427833,0.38008570670752606,0.3292077759099381,0.0,0.0,0.8479206545918749,,,EXPLORE
1919,48,,,0,1,0,1,rare,0.0,0.6386970712015536,0.6524752332586634,0.42205456449742274,0.0,0.0,0.8511851556134854,,,EXPLORE
1920,48,,,0,0,0,1,common,1.0,0.5848469037189902,0.6824794012940741,0.47089226626389297,0.0,0.0,0.8542818295495538,,,EXPLORE
1921,48,,,0,0,0,1,common,1.0,0.3801504874173436,0.5779690943629399,0.44366973260992815,0.0,0.0,0.8572231491535733,,,EXPLORE
1922,48,,,0,0,0,1,common,1.0,0.2470978168212734,0.47629918775100355,0.3846981578733317,0.0,0.0,0.860020381286386,,,EXPLORE
1923,48,,,0,0,0,1,common,1.0,0.16061358093382772,0.4078979065759516,0.3174727847914805,0.0,0.0,0.8626837292163189,,,EXPLORE
1924,48,,,0,0,1,0,rare,0.0,0.7691736112200376,0.3649716394673978,0.4529830327200476,0.0,0.0,0.8652224552335239,,,EXPLORE
1925,48,,,0,1,1,0,common,1.0,0.5000371527069756,0.6304626498058025,0.46709926871612595,0.0,0.0,0.8676449866841369,,,EXPLORE
1926,48,,,0,0,0,1,common,1.0,0.10439882760698804,0.6919265517264256,0.35828913638338455,0.0,0.0,0.8699590079822835,,,EXPLORE
1927,48,,,0,0,1,0,rare,1.0,0.32502414925953416,0.6656574619006983,0.34830964024622946,0.0,0.0,0.8721715407166438,,,EXPLORE
1928,48,,,0,1,1,1,common,1.0,0.7095548149512699,0.6105720256450224,0.4566831926577416,0.0,0.0,0.874289013610827,,,EXPLORE
1929,48,,,0,0,0,1,common,1.0,0.06785923794454218,0.6813445723243361,0.3400360062437817,0.0,0.0,0.8763173238058457,,,EXPLORE
1930,48,,,0,0,1,1,rare,1.0,0.4612106297183255,0.6564865379512768,0.3763883932861448,0.0,0.0,0.8782618906950631,,,EXPLORE
1931,48,,,0,1,1,0,common,1.0,0.21126569701869724,0.6339624236273291,0.32685158440591056,0.0,0.0,0.8801277033465807,,,EXPLORE
1932,48,,,0,0,1,0,rare,1.0,0.13732270306215322,0.6773209959616178,0.2699929200027833,0.0,0.0,0.8819193623868566,,,EXPLORE
1933,48,,,0,1,1,1,common,0.0,0.7002130906830885,0.6672477151937657,0.39905897120687484,0.0,0.0,0.8836411170858707,,,EXPLORE
1934,48,,,0,1,0,1,rare,1.0,0.04410850466395244,0.44526618310716404,0.2925738312439981,0.0,0.0,0.8852968982731831,,,EXPLORE
1935,48,,,0,1,1,0,common,0.0,0.9107402430096004,0.583206444446116,0.4780237547736788,0.0,0.0,0.8868903476216381,,,EXPLORE
1936,48,,,0,0,0,1,common,1.0,0.02867052803156911,0.3695387294094278,0.34321778675104586,0.0,0.0,0.8884248437579041,,,EXPLORE
1937,48,,,0,0,0,1,common,1.0,0.01863584322051992,0.35559319952864077,0.24584320369188806,0.0,0.0,0.8899035255938917,,,EXPLORE
1938,48,,,0,1,0,1,rare,1.0,0.012113298093337943,0.34666670691805396,0.175724232012323,0.0,0.0,0.8913293132181277,,,EXPLORE
1939,48,,,0,1,0,1,rare,1.0,0.00787364376066968,0.512765749558606,0.125369055536827,0.0,0.0,0.8927049266397034,,,EXPLORE
1940,48,,,0,1,1,0,common,0.0,0.5919811579562403,0.6127666046268168,0.26535268626265096,0.0,0.0,0.8940329026379827,,,EXPLORE
1941,48,,,0,0,0,1,common,0.0,0.9948821315555647,0.38324280354173557,0.4842115198505251,0.0,0.0,0.8953156099377028,,,EXPLORE
1942,48,,,0,0,0,1,common,1.0,0.3533266144888829,0.6575096703577361,0.4449460482420324,0.0,0.0,0.8965552629004754,,,EXPLORE
1943,48,,,0,1,1,1,common,0.0,0.45513850894400754,0.5718274519178395,0.44800378645262495,0.0,0.0,0.8977539338991918,,,EXPLORE
1944,48,,,0,0,0,1,common,1.0,0.22966229941777394,0.41854602687292064,0.38250134034216965,0.0,0.0,0.8989135645208186,,,EXPLORE
1945,48,,,0,1,1,0,common,1.0,0.6152122473284438,0.3479283428297109,0.4523146124380519,0.0,0.0,0.9000359757249927,,,EXPLORE
1946,48,,,0,1,0,1,rare,0.0,0.8507195053784469,0.5537941038456786,0.5718360803201703,0.0,0.0,0.901122877070222,,,EXPLORE
1947,48,,,0,0,0,0,common,1.0,0.953218527343719,0.3810019506452012,0.6862508144272349,0.0,0.0,0.8965063359183567,,,EXPLORE
1948,48,,,0,0,0,1,common,1.0,0.4470323215040095,0.3363415259667854,0.6144852665502673,0.0,0.0,0.8914907358081312,,,EXPLORE
1949,48,,,0,1,1,0,common,1.0,0.3998879607634884,0.3088710479529099,0.5501060748142336,0.0,0.0,0.8860222853802528,,,EXPLORE
1950,48,,,0,1,0,1,rare,1.0,0.2905710089776061,0.49923843840183857,0.4722455550632453,0.0,0.0,0.8800370709157718,,,EXPLORE
1951,48,,,0,1,0,1,rare,1.0,0.188871155835444,0.6167513489939741,0.38723323529490483,0.0,0.0,0.8818323000324592,,,EXPLORE
1952,48,,,0,1,1,0,common,1.0,0.25992717449626745,0.6697075561545954,0.3490414170553136,0.0,0.0,0.8835574220914205,,,EXPLORE
1953,48,,,0,1,0,0,rare,0.0,0.38040795722658255,0.6884597913204844,0.3584513791066943,0.0,0.0,0.8852163829774284,,,EXPLORE
1954,48,,,0,0,0,1,common,1.0,0.12276625129303864,0.4894746139475224,0.28774584076259757,0.0,0.0,0.8868128380463002,,,EXPLORE
1955,48,,,0,0,0,1,common,1.0,0.07979806334047512,0.46919564354692134,0.22536150753596082,0.0,0.0,0.8883501783828401,,,EXPLORE
1956,48,,,0,0,0,1,common,1.0,0.051868741171308796,0.45599417564972355,0.1733136776265652,0.0,0.0,0.889831554261509,,,EXPLORE
1957,48,,,0,1,0,1,rare,0.0,0.9662853182386493,0.44742330625887505,0.4112051698101904,0.0,0.0,0.8912598961514158,,,EXPLORE
1958,48,,,0,1,0,1,rare,1.0,0.37191454314487793,0.2809325551502071,0.3994179818105966,0.0,0.0,0.8926379335603687,,,EXPLORE
1959,48,,,0,1,0,1,rare,1.0,0.2417444530441707,0.4627844161962714,0.3521159231806688,0.0,0.0,0.893968211972981,,,EXPLORE
1960,48,,,0,0,0,1,common,1.0,0.15713389447871096,0.5850027074092281,0.29362131457008145,0.0,0.0,0.8952531081040023,,,EXPLORE
1961,48,,,0,0,1,1,rare,1.0,0.7041599691863951,0.5801084733770246,0.41678291095497555,0.0,0.0,0.896494843659195,,,EXPLORE
1962,48,,,0,1,0,1,rare,1.0,0.10213703141116215,0.5768925657924507,0.3223891470918315,0.0,0.0,0.8976954977713925,,,EXPLORE
1963,48,,,0,1,0,1,rare,1.0,0.06638907041725539,0.6419828102122386,0.24558912408945863,0.0,0.0,0.8988570182581871,,,EXPLORE
1964,48,,,0,0,0,1,common,1.0,0.04315289577121595,0.6719283881276957,0.1848582555939858,0.0,0.0,0.8999812318294927,,,EXPLORE
1965,48,,,0,1,0,1,rare,0.0,0.9719506177487096,0.6708663473435019,0.4209859642404029,0.0,0.0,0.9010698533575109,,,EXPLORE
1966,48,,,0,0,0,0,common,0.0,0.24726517219727867,0.43689184409883863,0.36886972662746564,0.0,0.0,0.9021244943080617,,,EXPLORE
1967,48,,,0,0,0,1,common,1.0,0.3682320984633387,0.6836103768730541,0.36867843817822754,0.0,0.0,0.9031466704204807,,,EXPLORE
1968,48,,,0,1,0,1,rare,1.0,0.23935086400117012,0.623855101255625,0.32988016592511027,0.0,0.0,0.9041378087130663,,,EXPLORE
1969,48,,,0,0,1,0,rare,1.0,0.16895266342257387,0.6890955325337074,0.28160191517434935,0.0,0.0,0.9050992538821879,,,EXPLORE
1970,48,,,0,1,1,0,common,1.0,0.10981923122467308,0.6626362056605271,0.23006710998944646,0.0,0.0,0.9060322741554077,,,EXPLORE
1971,48,,,0,1,0,1,rare,1.0,0.1555780616007606,0.6914313418095456,0.20772039547284069,0.0,0.0,0.9069380666522023,,,EXPLORE
1972,48,,,0,1,1,0,common,1.0,0.07138250029603754,0.6909513765908755,0.16681902691979975,0.0,0.0,0.9078177622999473,,,EXPLORE
1973,48,,,0,1,0,1,rare,1.0,0.10112574004049435,0.6823754970120697,0.14711104085600812,0.0,0.0,0.9086724303476189,,,EXPLORE
1974,48,,,0,0,0,1,common,0.0,0.9342682689736787,0.6734679343456768,0.38325820929130927,0.0,0.0,0.9095030825151049,,,EXPLORE
1975,48,,,0,0,0,1,common,1.0,0.39272562516710885,0.4544948202672061,0.38609843405404914,0.0,0.0,0.9103106768119872,,,EXPLORE
1976,48,,,0,0,0,0,common,1.0,0.8392776380717688,0.5888139708032653,0.522052195259365,0.0,0.0,0.9110961210561143,,,EXPLORE
1977,48,,,0,1,1,1,common,0.0,0.5422960200288431,0.655523045353842,0.5281253426902084,0.0,0.0,0.9072839758490591,,,EXPLORE
1978,48,,,0,0,0,0,common,0.0,0.4544695352533502,0.6238432430087162,0.5060286004591509,0.0,0.0,0.9031736378620281,,,EXPLORE
1979,48,,,0,1,1,0,common,1.0,0.046398625192424436,0.676895709095475,0.3681396078791329,0.0,0.0,0.898728928857618,,,EXPLORE
1980,48,,,0,1,1,0,common,0.0,0.9698408936249241,0.6016394222491807,0.5486499936028703,0.0,0.0,0.8998572299312562,,,EXPLORE
1981,48,,,0,1,0,1,rare,1.0,0.2552716563586208,0.6901784549695296,0.4606364924295954,0.0,0.0,0.8951329735872845,,,EXPLORE
1982,48,,,0,1,1,1,common,0.0,0.35249241301874806,0.6552326724231338,0.4281932686063412,0.0,0.0,0.8963787164859335,,,EXPLORE
1983,48,,,0,0,1,0,rare,1.0,0.36960341914379935,0.6760409034403791,0.4106163137675786,0.0,0.0,0.8975831863035846,,,EXPLORE
1984,48,,,0,0,0,0,common,1.0,0.7045948020853223,0.5752582227010039,0.4988098602629017,0.0,0.0,0.8987483428742306,,,EXPLORE
1985,48,,,0,0,1,1,rare,0.0,0.22912006846218624,0.4828297206582942,0.41790292272268703,0.0,0.0,0.8998760239967516,,,EXPLORE
1986,48,,,0,1,1,0,common,1.0,0.2402422224434696,0.6785006813827124,0.36460471263892175,0.0,0.0,0.9009679547894707,,,EXPLORE
1987,48,,,0,0,1,0,rare,0.0,0.8438425554117448,0.6687158946841465,0.5083760654707686,0.0,0.0,0.9020257561972091,,,EXPLORE
1988,48,,,0,1,1,1,common,1.0,0.8510719554995789,0.5461887212024775,0.6111848324794117,0.0,0.0,0.8974852781557985,,,EXPLORE
1989,48,,,0,0,1,0,rare,0.0,0.5484976610176342,0.43238737573573327,0.5923786810408784,0.0,0.0,0.8925557181014082,,,EXPLORE
1990,48,,,0,1,1,1,common,0.0,0.4468032289252737,0.3316296770886027,0.5487060454061969,0.0,0.0,0.8871851089565003,,,EXPLORE
1991,48,,,0,0,0,1,common,1.0,0.1659265766331035,0.5622311302753406,0.43387220477426885,0.0,0.0,0.8813117981416366,,,EXPLORE
1992,48,,,0,0,0,1,common,1.0,0.10785227481151727,0.6931414045741914,0.3360662257854433,0.0,0.0,0.8830571148494474,,,EXPLORE
1993,48,,,0,0,0,1,common,1.0,0.07010397862748619,0.6349555115434817,0.25627755163805616,0.0,0.0,0.8847351413397666,,,EXPLORE
1994,48,,,0,0,0,1,common,0.0,0.954432413892134,0.5485441910660225,0.46572401031427946,0.0,0.0,0.8863496155503272,,,EXPLORE
1995,48,,,0,0,1,0,rare,1.0,0.6434765203385377,0.6926242968298713,0.519049763321557,0.0,0.0,0.8879040037325759,,,EXPLORE
1996,48,,,0,1,1,0,common,1.0,0.4182597382200496,0.6275393590092275,0.4888127557911047,0.0,0.0,0.8820993294321313,,,EXPLORE
1997,48,,,0,1,1,0,common,1.0,0.2718688298430323,0.6929261953331756,0.423729578006683,0.0,0.0,0.8838141330043273,,,EXPLORE
1998,48,,,0,0,0,1,common,0.0,0.6203810690298871,0.671783821696939,0.48272502531364425,0.0,0.0,0.8854633499021722,,,EXPLORE
1999,48,,,0,0,0,0,common,0.0,0.5420133786445405,0.503422498612865,0.5005115313129131,0.0,0.0,0.8870505936320369,,,EXPLORE
2000,48,,,0,1,1,0,common,1.0,0.176714739397971,0.3667503204232008,0.4033724937384305,0.0,0.0,0.881164393651182,,,EXPLORE
