trial,seed,config_version,git_commit,s1,a1,s2,a2,trans_type,reward,u_delta,u_s,u_v,u_c,V_G,V_p,eta_G,eta_p,mode
1,53,,,0,1,1,1,common,1.0,0.5,0.6931471803599453,0.15,0.0,0.5,0.0,,,EXPLOIT
2,53,,,0,1,1,1,common,0.0,0.675,0.6354546081677415,0.3075,0.0,0.5260663507109005,0.0,,,EXPLOIT
3,53,,,0,1,1,0,common,0.0,0.5,0.6856999791554921,0.36524999999999996,0.0,0.5493262427328857,0.0,,,EXPLORE
4,53,,,0,0,0,1,common,1.0,0.5,0.6087277722161555,0.405675,0.0,0.570208762497792,0.0,,,EXPLOIT
5,53,,,0,0,1,1,rare,1.0,0.5612499999999999,0.4617894660800266,0.4523474999999999,0.0,0.5890597666503006,0.0,,,EXPLOIT
6,53,,,0,0,0,0,common,1.0,0.5,0.36234715434071085,0.46664324999999995,0.0,0.6061611288293314,0.0,,,EXPLOIT
7,53,,,0,0,0,1,common,1.0,0.32499999999999996,0.3032270787595956,0.4241502749999999,0.0,0.621744881595395,0.0,,,EXPLOIT
8,53,,,0,1,1,0,common,0.0,0.325,0.26814323817994545,0.39440519249999995,0.0,0.6360037662619006,0.0,,,EXPLOIT
9,53,,,0,0,1,1,rare,1.0,0.3648125,0.20459316175549147,0.3855273847499999,0.0,0.6490992118689946,0.0,,,EXPLOIT
10,53,,,0,0,1,1,rare,1.0,0.23712812500000002,0.18730667455495675,0.3410076068249999,0.0,0.661167445672263,0.0,,,EXPLOIT
11,53,,,0,0,0,1,common,1.0,0.21124999999999994,0.17671730157415172,0.3020803247774999,0.0,0.6723242264513416,0.0,,,EXPLOIT
12,53,,,0,0,1,1,rare,1.0,0.15413328125000003,0.17010172554758246,0.25769621171924995,0.0,0.6826685496483146,0.0,,,EXPLOIT
13,53,,,0,0,0,1,common,1.0,0.13731249999999995,0.16591281963976465,0.22158109820347494,0.0,0.6922855757947949,0.0,,,EXPLOIT
14,53,,,0,0,1,1,rare,1.0,0.10018663281250006,0.1632364904013978,0.18516275858618247,0.0,0.7012489657746,0.0,,,EXPLOIT
15,53,,,0,0,0,1,common,0.0,0.9107468750000001,0.161516354515546,0.4028379935103278,0.0,0.7096227585168867,0.0,,,EXPLOIT
16,53,,,0,0,0,1,common,1.0,0.40801453124999987,0.39935443044024066,0.40439095483222937,0.0,0.7174628924103941,0.0,,,EXPLOIT
17,53,,,0,0,0,0,common,1.0,0.32499999999999996,0.29810496385212504,0.3805736683825605,0.0,0.7248184468894128,0.0,,,EXPLOIT
18,53,,,0,0,1,1,rare,0.0,0.934878688671875,0.2415707209850101,0.5468651744693549,0.0,0.7317326624513388,0.0,,,EXPLOIT
19,53,,,0,0,1,1,rare,1.0,0.3923288523632813,0.4819310153646126,0.5005042778375328,0.0,0.7143141705573179,0.0,,,EXPLOIT
20,53,,,0,0,0,1,common,1.0,0.2652094453124999,0.34554613531269823,0.42991582808002293,0.0,0.6946886639650208,0.0,,,EXPLOIT
21,53,,,0,0,0,1,common,1.0,0.17238613945312498,0.2680900825850452,0.3526569214919535,0.0,0.7034921232761513,0.0,,,EXPLOIT
22,53,,,0,0,0,1,common,0.0,0.8879490093554687,0.22455701139145595,0.513244547851008,0.0,0.7117213330151232,0.0,,,EXPLOIT
23,53,,,0,0,0,1,common,0.0,0.5771668560810547,0.4662971048986649,0.5324212403200219,0.0,0.6917554234813553,0.0,,,EXPLOIT
24,53,,,0,1,1,1,common,1.0,0.2550137540361328,0.6289668666050768,0.44919899443485517,0.0,0.6690643331618823,0.0,,,EXPLOIT
25,53,,,0,1,1,0,common,0.0,0.21125000000000002,0.67358096308399,0.3778142961043986,0.0,0.6796430441681416,0.0,,,EXPLOIT
26,53,,,0,0,0,0,common,1.0,0.21124999999999994,0.6848246553185016,0.32784500727307897,0.0,0.6894701958834165,0.0,,,EXPLOIT
27,53,,,0,1,1,0,common,0.0,0.1373125,0.5536820803743697,0.27068525509115526,0.0,0.6986226857282768,0.0,,,EXPLOIT
28,53,,,0,0,0,0,common,1.0,0.13731249999999995,0.4597361140740861,0.23067342856380865,0.0,0.7071672669383853,0.0,,,EXPLOIT
29,53,,,0,0,0,0,common,1.0,0.08925312499999993,0.336271427564794,0.18824733749466604,0.0,0.7151621679275271,0.0,,,EXPLOIT
30,53,,,0,0,0,0,common,0.0,0.94198546875,0.266181450087835,0.41436877687126616,0.0,0.722658411040491,0.0,,,EXPLOIT
31,53,,,0,0,1,1,rare,1.0,0.16575894012348635,0.5072279821792582,0.33978582584693223,0.0,0.7297008938463041,0.0,,,EXPLOIT
32,53,,,0,1,1,1,common,1.0,0.10774331108026614,0.36475592141756513,0.27017307141693236,0.0,0.7363292814025819,0.0,,,EXPLOIT
33,53,,,0,1,1,1,common,1.0,0.07003315220217299,0.6047811656340757,0.21013109565250454,0.0,0.7425787469526305,0.0,,,EXPLOIT
34,53,,,0,0,0,1,common,0.0,0.37515845645268553,0.690269713854026,0.25963930389255885,0.0,0.7484805902658245,0.0,,,EXPLOIT
35,53,,,0,1,1,1,common,0.0,0.9544784510685875,0.6143913579010299,0.46809104804536744,0.0,0.7540627565704066,0.0,,,EXPLOIT
36,53,,,0,1,0,0,rare,0.0,0.6122905546875,0.6919294262518652,0.5113509000380072,0.0,0.759350274236988,0.0,,,EXPLOIT
37,53,,,0,1,1,1,common,1.0,0.37958900680541807,0.6353437691150121,0.47182233206823043,0.0,0.7451491035898925,0.0,,,EXPLOIT
38,53,,,0,0,0,0,common,0.0,0.39798886054687505,0.6814270237398189,0.4496722906118238,0.0,0.7509106928364416,0.0,,,EXPLOIT
39,53,,,0,1,1,1,common,1.0,0.24673285442352177,0.5929391586905012,0.38879045975533316,0.0,0.7563636662240967,0.0,,,EXPLOIT
40,53,,,0,1,1,1,common,1.0,0.16037635537528916,0.45262408480164484,0.32026622844131997,0.0,0.7615319189815604,0.0,,,EXPLOIT
41,53,,,0,0,0,0,common,1.0,0.7413072406445312,0.3598095472562769,0.4465785321022833,0.0,0.7664369418555417,0.0,,,EXPLOIT
42,53,,,0,1,1,1,common,0.0,0.895755369006062,0.5742287858054512,0.5813315831734169,0.0,0.7710981161381965,0.0,,,EXPLOIT
43,53,,,0,0,0,0,common,1.0,0.4818497064189453,0.6922901098687346,0.5514870201470754,0.0,0.7581618659475695,0.0,,,EXPLOIT
44,53,,,0,0,0,0,common,1.0,0.3132023091723144,0.631695686407072,0.4800016068546471,0.0,0.743829309079022,0.0,,,EXPLOIT
45,53,,,0,0,0,0,common,1.0,0.20358150096200434,0.5536128113627925,0.39707557508685426,0.0,0.7496627159899785,0.0,,,EXPLOIT
46,53,,,0,0,0,1,common,1.0,0.7561470033057545,0.4948126338165739,0.5047970035525243,0.0,0.7551818586912018,0.0,,,EXPLOIT
47,53,,,0,0,1,0,rare,1.0,0.910746875,0.45546424978308314,0.626581964986767,0.0,0.7405170646503091,0.0,,,EXPLOIT
48,53,,,0,0,0,1,common,1.0,0.4914955521487403,0.4299443999208815,0.5860560411353589,0.0,0.7241592216439224,0.0,,,EXPLOIT
49,53,,,0,0,1,1,rare,0.0,0.5822409898539403,0.41350524121637366,0.5849115257509333,0.0,0.7057981589136386,0.0,,,EXPLOIT
50,53,,,0,0,0,0,common,0.0,0.8676720243746971,0.6711012674913929,0.6697396753380624,0.0,0.6850430132251791,0.0,,,EXPLOIT
51,53,,,0,1,1,0,common,0.0,0.40801453125,0.6680431465834753,0.5912221321116437,0.0,0.6613941627540857,0.0,,,EXPLOIT
52,53,,,0,0,0,0,common,1.0,0.43601318415644685,0.6837122351718035,0.5446594477250846,0.0,0.6342025709669271,0.0,,,EXPLOIT
53,53,,,0,0,0,1,common,0.0,0.6805278911033188,0.5610239212758287,0.5854199807385547,0.0,0.6026094191250331,0.0,,,EXPLOIT
54,53,,,0,0,0,0,common,1.0,0.2834085697016905,0.6857738770810551,0.4948165574274954,0.0,0.5654538977876359,0.0,,,EXPLORE
55,53,,,0,0,1,1,rare,1.0,0.6215433565949388,0.5653371927734467,0.5328345971777284,0.0,0.5847588703585358,0.0,,,EXPLOIT
56,53,,,0,0,0,1,common,1.0,0.5576568707828428,0.4459363697516927,0.5402812792592626,0.0,0.5442440762428387,0.0,,,EXPLORE
57,53,,,0,0,0,0,common,1.0,0.1842155703060988,0.3684619596968629,0.4334615665733135,0.0,0.49551393854576586,0.0,,,EXPLORE
58,53,,,0,0,1,1,rare,1.0,0.40400318178671024,0.32140618296336504,0.4246240511373325,0.0,0.5220783475954079,0.0,,,EXPLOIT
59,53,,,0,1,1,1,common,0.0,0.7373979318386383,0.2927424129467151,0.5184562153477241,0.0,0.545757903942948,0.0,,,EXPLOIT
60,53,,,0,1,1,1,common,1.0,0.5206913443048851,0.21350461683322122,0.5191267540348724,0.0,0.49734966130367564,0.0,,,EXPLORE
61,53,,,0,0,0,0,common,1.0,0.11974012069896423,0.4195896774071832,0.39931076403409993,0.0,0.4380633408199565,0.0,,,EXPLORE
62,53,,,0,0,1,1,rare,1.0,0.3384493737981753,0.3982241313378115,0.3810523469633225,0.0,0.4713929487587048,0.0,,,EXPLOIT
63,53,,,0,0,0,0,common,1.0,0.0778310784543268,0.38453550849799584,0.2900859664106238,0.0,0.5007106769110744,0.0,,,EXPLOIT
64,53,,,0,0,0,0,common,1.0,0.05059020099531242,0.37573713194836883,0.21823723678603035,0.0,0.526698530365532,0.0,,,EXPLOIT
65,53,,,0,0,0,0,common,1.0,0.0328836306469531,0.3700638944106001,0.16263115494430716,0.0,0.5498922201477469,0.0,,,EXPLOIT
66,53,,,0,0,0,1,common,1.0,0.3624769660088478,0.36639657384246144,0.22258489826366934,0.0,0.5707183929192284,0.0,,,EXPLOIT
67,53,,,0,0,0,0,common,1.0,0.021374359920519503,0.36402164079256916,0.16222173676072438,0.0,0.5895210420176217,0.0,,,EXPLOIT
68,53,,,0,0,0,0,common,1.0,0.013893333948337694,0.3624817310847581,0.11772321591700836,0.0,0.6065805981930423,0.0,,,EXPLOIT
69,53,,,0,1,1,1,common,0.0,0.780007907031186,0.36148241224231736,0.3164086232512617,0.0,0.6221279626363017,0.0,,,EXPLOIT
70,53,,,0,0,0,1,common,1.0,0.23561002790575114,0.2336656663024502,0.2921690446476085,0.0,0.6363549794536691,0.0,,,EXPLOIT
71,53,,,0,0,0,1,common,0.0,0.8468534818612617,0.2331733324295183,0.45857437581170446,0.0,0.6494223588014584,0.0,,,EXPLOIT
72,53,,,0,1,0,0,rare,1.0,0.009030667066419529,0.5163623644103312,0.323711263188119,0.0,0.6614657464747585,0.0,,,EXPLOIT
73,53,,,0,0,1,0,rare,1.0,0.7347905546875,0.6769638001438042,0.44703505063793325,0.0,0.6726004268561555,0.0,,,EXPLOIT
74,53,,,0,0,0,0,common,0.0,0.9941300664068273,0.6096542593142948,0.6111635553686015,0.0,0.6829250052406071,0.0,,,EXPLOIT
75,53,,,0,1,1,0,common,0.0,0.5223861394531251,0.6867715804640278,0.5845303305939584,0.0,0.6589695794623225,0.0,,,EXPLOIT
76,53,,,0,1,1,1,common,1.0,0.49299486042972906,0.6560578230050266,0.5570696895446896,0.0,0.6313998432674539,0.0,,,EXPLOIT
77,53,,,0,0,1,1,rare,1.0,0.3204466592793239,0.679172137422434,0.48608278046507986,0.0,0.5993328354916516,0.0,,,EXPLOIT
78,53,,,0,0,0,0,common,1.0,0.35381545683556226,0.6771318214720752,0.44640258337622457,0.0,0.6155145704854923,0.0,,,EXPLOIT
79,53,,,0,0,0,1,common,1.0,0.44954523679017977,0.6166630395500657,0.44734537940041114,0.0,0.630296466013159,0.0,,,EXPLOIT
80,53,,,0,0,1,1,rare,1.0,0.2082903285315606,0.5601902271944863,0.37562886413975594,0.0,0.6438519794444385,0.0,,,EXPLOIT
81,53,,,0,0,0,1,common,0.0,0.7077955960863831,0.5192969800480551,0.47527888372374405,0.0,0.6563270473524706,0.0,,,EXPLOIT
82,53,,,0,0,0,0,common,1.0,0.22998004694311547,0.6930684469011179,0.4016892326895555,0.0,0.6678453353689815,0.0,,,EXPLOIT
83,53,,,0,0,1,1,rare,1.0,0.1353887135455144,0.6506365963863227,0.32179907694634313,0.0,0.6785123304515408,0.0,,,EXPLOIT
84,53,,,0,1,1,1,common,1.0,0.08800266380458432,0.5886037901474943,0.25166015300381545,0.0,0.6884185627952889,0.0,,,EXPLOIT
85,53,,,0,0,1,1,rare,1.0,0.0572017314729798,0.6747312071379965,0.19332262654456475,0.0,0.6976421659574054,0.0,,,EXPLOIT
86,53,,,0,0,0,1,common,0.0,0.460067137456149,0.6460851215037434,0.27334597981804,0.0,0.7062509285328421,0.0,,,EXPLOIT
87,53,,,0,1,0,0,rare,1.0,0.14948703051302503,0.6480756848532012,0.2361882950265355,0.0,0.7143039514161384,0.0,,,EXPLOIT
88,53,,,0,1,1,0,common,0.0,0.3395509906445313,0.5838939841066467,0.2671971037119342,0.0,0.7218529963621798,0.0,,,EXPLOIT
89,53,,,0,1,1,1,common,0.0,0.9628188745425631,0.689809191324976,0.47588363496112285,0.0,0.7289435909119073,0.0,,,EXPLOIT
90,53,,,0,0,0,0,common,1.0,0.09716656983346628,0.5986079553429173,0.3622685154228259,0.0,0.7356159395337591,0.0,,,EXPLOIT
91,53,,,0,0,1,1,rare,1.0,0.37416773154733396,0.4736204156482463,0.3658382802601783,0.0,0.7419056795054448,0.0,,,EXPLOIT
92,53,,,0,0,0,1,common,1.0,0.7009563606535031,0.3884994908049683,0.4663737043781757,0.0,0.747844511549518,0.0,,,EXPLOIT
93,53,,,0,0,0,0,common,1.0,0.06315827039175304,0.33626189755749647,0.3454090741822489,0.0,0.7534607287836075,0.0,,,EXPLOIT
94,53,,,0,0,0,0,common,1.0,0.04105287575463945,0.3044084491834409,0.25410221465396604,0.0,0.7587796626133841,0.0,,,EXPLOIT
95,53,,,0,0,0,0,common,0.0,0.9733156307594844,0.2847259564022766,0.46986623948562145,0.0,0.7638240603957536,0.0,,,EXPLOIT
96,53,,,0,0,1,1,rare,0.0,0.7567909744942329,0.5665379108755052,0.5559436599882048,0.0,0.7686144067498288,0.0,,,EXPLOIT
97,53,,,0,1,1,1,common,0.0,0.49191413342125145,0.6875204975573119,0.5367348020181189,0.0,0.7554158478931414,0.0,,,EXPLOIT
98,53,,,0,1,1,0,common,0.0,0.22070814391894536,0.6353336209490619,0.44192680458836675,0.0,0.7407772848215953,0.0,,,EXPLOIT
99,53,,,0,1,1,1,common,1.0,0.6802558132761866,0.5786492734464721,0.5134255071947127,0.0,0.7467783722689878,0.0,,,EXPLOIT
100,53,,,0,0,0,0,common,1.0,0.36734484000633516,0.6892978034174788,0.46960130703819936,0.0,0.7311552359650174,0.0,,,EXPLOIT
101,53,,,0,1,1,1,common,1.0,0.4421662786295213,0.6412735634798461,0.4613707985155959,0.0,0.737699583954116,0.0,,,EXPLOIT
102,53,,,0,0,0,0,common,0.0,0.7612258539958822,0.6915171929037032,0.5513273151596818,0.0,0.7438720258559423,0.0,,,EXPLOIT
103,53,,,0,1,0,0,rare,1.0,0.5052031949026765,0.5880723357813296,0.5374900790825802,0.0,0.7279100556271478,0.0,,,EXPLOIT
104,53,,,0,0,0,0,common,1.0,0.3283820766867398,0.4808015708370997,0.47475767836382804,0.0,0.7100190766670359,0.0,,,EXPLOIT
105,53,,,0,1,1,1,common,0.0,0.7125919188908112,0.6458298201457757,0.546107950521923,0.0,0.7178343649952837,0.0,,,EXPLOIT
106,53,,,0,1,0,1,rare,1.0,0.455621634424777,0.6693404226653668,0.5189620556927792,0.0,0.6986660705883985,0.0,,,EXPLOIT
107,53,,,0,0,1,1,rare,0.0,0.46318474727902725,0.6846790575107888,0.5022288631686536,0.0,0.6769391124422987,0.0,,,EXPLOIT
108,53,,,0,1,0,1,rare,0.0,0.7038459376238949,0.559386467195971,0.5627139855052259,0.0,0.6521058847785727,0.0,,,EXPLOIT
109,53,,,0,0,0,1,common,1.0,0.5425001405444683,0.6895517920928378,0.5566498320169986,0.0,0.6234505133153508,0.0,,,EXPLOIT
110,53,,,0,0,1,0,rare,0.0,0.1434602935473145,0.6390357556921586,0.43269297047609334,0.0,0.5900188450074921,0.0,,,EXPLORE
111,53,,,0,0,0,0,common,1.0,0.21344834984638084,0.6894142883413625,0.3669195842871795,0.0,0.6070333387306952,0.0,,,EXPLOIT
112,53,,,0,1,0,0,rare,1.0,0.1387414274001475,0.6393528171626823,0.2984661372210699,0.0,0.6225414736595631,0.0,,,EXPLOIT
113,53,,,0,1,0,0,rare,1.0,0.09018192781009593,0.6915666241896675,0.23598087439777768,0.0,0.6367341289936768,0.0,,,EXPLOIT
114,53,,,0,1,0,0,rare,0.0,0.9413817469234377,0.6467278337026896,0.44760113615547564,0.0,0.6497712415575694,0.0,,,EXPLOIT
115,53,,,0,1,0,0,rare,0.0,0.6118981355002345,0.6691690497732358,0.4968902359589033,0.0,0.6617878314950493,0.0,,,EXPLOIT
116,53,,,0,0,0,1,common,1.0,0.3526250913539044,0.5543268844429423,0.4536106925774036,0.0,0.6728986726241338,0.0,,,EXPLOIT
117,53,,,0,0,0,1,common,1.0,0.22920630938003783,0.433004863583382,0.3862893776181939,0.0,0.6832019502620715,0.0,,,EXPLOIT
118,53,,,0,0,0,1,common,0.0,0.8510158989029755,0.3556702741305971,0.5257073340036282,0.0,0.6927821536911752,0.0,,,EXPLOIT
119,53,,,0,1,0,0,rare,0.0,0.3977337880751525,0.6051375875188536,0.4873152702250855,0.0,0.6702357105883643,0.0,,,EXPLOIT
120,53,,,0,0,0,1,common,0.0,0.553160334286934,0.5128189066252289,0.5070687894436401,0.0,0.680729913248296,0.0,,,EXPLOIT
121,53,,,0,0,0,0,common,1.0,0.7414730377511509,0.6539406573882203,0.5773900639358933,0.0,0.6564545386797049,0.0,,,EXPLOIT
122,53,,,0,0,1,1,rare,1.0,0.6989299142686323,0.4799122822955114,0.613852019035715,0.0,0.6284895994015315,0.0,,,EXPLORE
123,53,,,0,0,0,1,common,0.0,0.3595542172865071,0.3512438361596898,0.5375626785109526,0.0,0.5959265412315768,0.0,,,EXPLORE
124,53,,,0,0,0,0,common,1.0,0.4819574745382481,0.5720705494565745,0.5208811173191412,0.0,0.557531826934689,0.0,,,EXPLOIT
125,53,,,0,1,1,0,common,0.0,0.09324919080575442,0.41052243417288353,0.39259153936512514,0.0,0.5115873614519383,0.0,,,EXPLORE
126,53,,,0,0,0,0,common,1.0,0.31327235844986134,0.34808899070175914,0.36879578509054595,0.0,0.5363876737290886,0.0,,,EXPLOIT
127,53,,,0,1,1,0,common,0.0,0.06061197402374037,0.2575753977911076,0.27634064177050427,0.0,0.5585777925927016,0.0,,,EXPLOIT
128,53,,,0,0,0,0,common,1.0,0.20362703299240992,0.22658680910938023,0.25452655913707595,0.0,0.5785482367544285,0.0,,,EXPLOIT
129,53,,,0,0,0,1,common,0.0,0.23371024123622963,0.18205709475145154,0.24828166376682204,0.0,0.5966153237894943,0.0,,,EXPLOIT
130,53,,,0,0,0,0,common,1.0,0.13235757144506644,0.39323820978708557,0.21350443607029534,0.0,0.6130379943683517,0.0,,,EXPLOIT
131,53,,,0,0,0,0,common,1.0,0.08603242143929313,0.27009448086406407,0.17526283168099469,0.0,0.6280302574330227,0.0,,,EXPLOIT
132,53,,,0,0,0,0,common,1.0,0.05592107393554058,0.2054725255294379,0.13946030435735843,0.0,0.641770530788436,0.0,,,EXPLOIT
133,53,,,0,0,1,1,rare,0.0,0.545695555725389,0.17038978024991439,0.2613308797677676,0.0,0.654408744592889,0.0,,,EXPLOIT
134,53,,,0,1,0,0,rare,1.0,0.03634869805810137,0.3803912769991268,0.1938362252548677,0.0,0.6660718088449611,0.0,,,EXPLOIT
135,53,,,0,0,0,0,common,1.0,0.023626653737765846,0.6425895831573574,0.14277335379973716,0.0,0.6768678682027549,0.0,,,EXPLOIT
136,53,,,0,0,0,0,common,0.0,0.9846426750704522,0.529480647286419,0.39533415018095164,0.0,0.6868896467418653,0.0,,,EXPLOIT
137,53,,,0,1,1,1,common,1.0,0.6452978887784971,0.685732179785232,0.47032327176021527,0.0,0.6962171019298713,0.0,,,EXPLOIT
138,53,,,0,1,1,1,common,1.0,0.41944362770602317,0.6521282438178397,0.4550593785439576,0.0,0.7049195487219909,0.0,,,EXPLOIT
139,53,,,0,1,0,0,rare,1.0,0.35998226120420607,0.5570378050528455,0.4265362433420321,0.0,0.7130573732281091,0.0,,,EXPLOIT
140,53,,,0,1,1,1,common,0.0,0.7273616419910849,0.4807183187925957,0.5167838629367479,0.0,0.7206834255871637,0.0,,,EXPLOIT
141,53,,,0,0,1,1,rare,0.0,0.47278506729420516,0.6818415488933298,0.5035842242439851,0.0,0.7018810168594921,0.0,,,EXPLOIT
142,53,,,0,1,1,1,common,1.0,0.6926897062587667,0.5902635120129347,0.5603158688484196,0.0,0.680595037537168,0.0,,,EXPLOIT
143,53,,,0,0,1,1,rare,1.0,0.45024830906819835,0.4534322593464457,0.5272956009143531,0.0,0.6562999303501205,0.0,,,EXPLOIT
144,53,,,0,1,1,1,common,0.0,0.7073385991056711,0.6468812871687994,0.5813085003717485,0.0,0.6283105984245405,0.0,,,EXPLOIT
145,53,,,0,0,0,0,common,0.0,0.7660115302172661,0.6770126019284679,0.6367194093254037,0.0,0.5957168958215132,0.0,,,EXPLORE
146,53,,,0,1,1,1,common,1.0,0.5402299105813138,0.6730590426757932,0.6077725597021767,0.0,0.5572829509906327,0.0,,,EXPLORE
147,53,,,0,1,1,1,common,0.0,0.648850558122146,0.548576460072598,0.6200959592281674,0.0,0.5112871339331383,0.0,,,EXPLORE
148,53,,,0,1,0,0,rare,1.0,0.502092505358777,0.6848768492926456,0.5846949230673503,0.0,0.4552573906852722,0.0,,,EXPLORE
149,53,,,0,0,1,1,rare,1.0,0.5782471372206051,0.5683529161184372,0.5827605873133267,0.0,0.3855123715152707,0.0,,,EXPLORE
150,53,,,0,1,1,1,common,0.0,0.6241393608066067,0.6896361744503581,0.5951742193613107,0.0,0.29631893177685087,0.0,,,EXPLORE
151,53,,,0,1,1,1,common,0.0,0.4056905845242944,0.6346750738428388,0.5383291289102057,0.0,0.17823125353695243,0.0,,,EXPLORE
152,53,,,0,1,1,1,common,0.0,0.2636988799407914,0.5254457736616236,0.45594005421938133,0.0,0.09090909090909093,0.0,,,EXPLORE
153,53,,,0,1,0,0,rare,1.0,0.32636012848320506,0.44346869007012757,0.4170660764985284,0.0,0.17965545529122232,0.0,,,EXPLORE
154,53,,,0,0,0,0,common,1.0,0.21213408351408325,0.6650522816742042,0.3555864786031948,0.0,0.25195053896963665,0.0,,,EXPLORE
155,53,,,0,1,1,0,common,1.0,0.9606022168845687,0.5688491744022024,0.5370912000876069,0.0,0.31197800201026266,0.0,,,EXPLORE
156,53,,,0,0,1,1,rare,1.0,0.8285957280384856,0.681080415973201,0.6245425584728705,0.0,0.1993001761833469,0.0,,,EXPLORE
157,53,,,0,1,1,1,common,0.0,0.4614127767749844,0.6364745685517554,0.5756036239635046,0.0,0.09090909090909093,0.0,,,EXPLORE
158,53,,,0,1,1,1,common,1.0,0.7000816950962602,0.4519589328352991,0.6129470453033312,0.0,0.09090909090909093,0.0,,,EXPLORE
159,53,,,0,0,0,0,common,0.0,0.8621128457158459,0.6200525354906261,0.6876967854270857,0.0,0.09090909090909093,0.0,,,EXPLORE
160,53,,,0,1,1,0,common,0.0,0.37560855902503026,0.677385871085693,0.594070317506469,0.0,0.09090909090909093,0.0,,,EXPLORE
161,53,,,0,0,1,0,rare,0.0,0.2441455633662697,0.6608861985878854,0.48909289126440914,0.0,0.09090909090909093,0.0,,,EXPLORE
162,53,,,0,1,0,0,rare,1.0,0.43962665028470016,0.6864267020740772,0.47425301897049643,0.0,0.17965545529122232,0.0,,,EXPLORE
163,53,,,0,1,1,0,common,0.0,0.1586946161880753,0.5693508927242985,0.3795854981357701,0.0,0.25195053896963665,0.0,,,EXPLORE
164,53,,,0,0,0,1,common,0.0,0.15191165680354926,0.6879276848199736,0.31128334573610383,0.0,0.31197800201026266,0.0,,,EXPLORE
165,53,,,0,1,1,1,common,1.0,0.4550531018125692,0.6367217751380467,0.35441427255904345,0.0,0.3626137856372424,0.0,,,EXPLORE
166,53,,,0,1,1,1,common,1.0,0.29578451617817003,0.46762768118887765,0.3368253456447814,0.0,0.4059000327452924,0.0,,,EXPLORE
167,53,,,0,0,0,0,common,0.0,0.7142426773149448,0.34870443129955253,0.4500505451458304,0.0,0.4433268371345312,0.0,,,EXPLOIT
168,53,,,0,1,1,0,common,0.0,0.10315150052224895,0.2870804259225748,0.34598083175875594,0.0,0.4760069778008542,0.0,,,EXPLORE
169,53,,,0,1,1,1,common,1.0,0.19225993551581055,0.5079830183112224,0.29986456288587227,0.0,0.5047882362938754,0.0,,,EXPLOIT
170,53,,,0,0,0,0,common,1.0,0.5357422597452859,0.35013509834789197,0.37062787194369634,0.0,0.5303278475182935,0.0,,,EXPLOIT
171,53,,,0,1,1,1,common,1.0,0.12496895808527686,0.6051864136239343,0.29693019778617047,0.0,0.5531431856165939,0.0,,,EXPLOIT
172,53,,,0,1,1,1,common,1.0,0.08122982275543,0.5089814924561511,0.23222008527694832,0.0,0.5736470880232013,0.0,,,EXPLOIT
173,53,,,0,1,1,1,common,1.0,0.052799384791029524,0.44102129521722544,0.17839387513117266,0.0,0.5921729883276855,0.0,,,EXPLOIT
174,53,,,0,0,1,1,rare,1.0,0.034319600114169235,0.39735958761987356,0.13517159262607162,0.0,0.6089931308257707,0.0,,,EXPLOIT
175,53,,,0,1,1,1,common,1.0,0.022307740074209992,0.5673977181395865,0.10131243686051312,0.0,0.6243319910980096,0.0,,,EXPLOIT
176,53,,,0,0,0,0,common,1.0,0.3482324688344358,0.5404928377049745,0.17538844645268992,0.0,0.6383763127966292,0.0,,,EXPLOIT
177,53,,,0,1,1,1,common,1.0,0.014500031048236495,0.6357584738528567,0.12712192183135387,0.0,0.6512827158657106,0.0,,,EXPLOIT
178,53,,,0,1,1,1,common,1.0,0.009425020181353716,0.6222268767446599,0.09181285133635382,0.0,0.6631835351894628,0.0,,,EXPLOIT
179,53,,,0,0,0,0,common,1.0,0.2263511047423833,0.6128505113288762,0.13217432735816265,0.0,0.6741913519251206,0.0,,,EXPLOIT
180,53,,,0,1,0,1,rare,1.0,0.901257423077693,0.6618878865916085,0.36289925607402174,0.0,0.6844025467383026,0.0,,,EXPLOIT
181,53,,,0,1,1,1,common,1.0,0.006126263117879893,0.6575487320704523,0.25586735818717915,0.0,0.6939001126991532,0.0,,,EXPLOIT
182,53,,,0,1,1,1,common,1.0,0.003982071026621958,0.6545945360118179,0.180301772039012,0.0,0.7027559017630366,0.0,,,EXPLOIT
183,53,,,0,0,0,0,common,1.0,0.14712821808254917,0.6526190069236228,0.17034970585207312,0.0,0.7110324335798719,0.0,,,EXPLOIT
184,53,,,0,0,1,1,rare,1.0,0.0025883461673043007,0.6764853971997602,0.12002129794664247,0.0,0.7187843629845116,0.0,,,EXPLOIT
185,53,,,0,0,0,0,common,1.0,0.09563334175365701,0.6866002587231406,0.11270491108874683,0.0,0.7260596790176933,0.0,,,EXPLOIT
186,53,,,0,1,1,1,common,0.0,0.9983175749912522,0.6907191972807855,0.3783887102594984,0.0,0.7329006910829777,0.0,,,EXPLOIT
187,53,,,0,0,0,0,common,0.0,0.937838327860123,0.5301412064227891,0.5462235955396857,0.0,0.7393448450610686,0.0,,,EXPLOIT
188,53,,,0,1,0,0,rare,0.0,0.60959491310908,0.6921199165667653,0.5652349908105039,0.0,0.7228474859363891,0.0,,,EXPLOIT
189,53,,,0,0,0,0,common,1.0,0.603763306479098,0.6168856906978841,0.5767934855110821,0.0,0.7043205114662596,0.0,,,EXPLOIT
190,53,,,0,0,0,0,common,0.0,0.6075538507885863,0.5104087025649877,0.5860215950943334,0.0,0.6833659544061447,0.0,,,EXPLOIT
191,53,,,0,0,1,0,rare,0.0,0.06704847533946182,0.6831463961494949,0.43032965916787186,0.0,0.6594745276762801,0.0,,,EXPLOIT
192,53,,,0,1,0,0,rare,0.0,0.39491000301258106,0.6732879959070869,0.4197037623212846,0.0,0.6707571250422495,0.0,,,EXPLOIT
193,53,,,0,0,0,1,common,0.0,0.41418267499949957,0.6888972647420957,0.4180474361247491,0.0,0.6812138136427763,0.0,,,EXPLOIT
194,53,,,0,0,1,1,rare,1.0,0.35109357625568605,0.6846590165514147,0.39796127816403015,0.0,0.6909316052310397,0.0,,,EXPLOIT
195,53,,,0,0,1,1,rare,1.0,0.2282108245661959,0.6107241052775525,0.34703614208467987,0.0,0.6999857040625711,0.0,,,EXPLOIT
196,53,,,0,0,0,1,common,0.0,0.2692187387496747,0.4595071157725099,0.3236909210841783,0.0,0.7084414440388189,0.0,,,EXPLOIT
197,53,,,0,1,1,1,common,1.0,0.1483370359680274,0.644695480145926,0.271084755549333,0.0,0.7163558565962743,0.0,,,EXPLOIT
198,53,,,0,0,0,0,common,1.0,0.7433084980418223,0.6754306850197695,0.4127518782970797,0.0,0.7237789489302745,0.0,,,EXPLOIT
199,53,,,0,0,1,1,rare,1.0,0.09641907337921785,0.6720822304976222,0.31785203682172114,0.0,0.7307547531229323,0.0,,,EXPLOIT
200,53,,,0,0,0,0,common,1.0,0.4831505237271845,0.5954076870403022,0.36744158289336015,0.0,0.7373221926900121,0.0,,,EXPLOIT
201,53,,,0,1,0,0,rare,0.0,0.6859521595773301,0.526550602793275,0.4629947558985511,0.0,0.7435158025724281,0.0,,,EXPLOIT
202,53,,,0,0,0,0,common,1.0,0.5541310962747354,0.3641824104041316,0.49033565801140633,0.0,0.7493663306969355,0.0,,,EXPLOIT
203,53,,,0,0,1,1,rare,1.0,0.06267239769649158,0.3198612419133281,0.3620366799169319,0.0,0.7549012432269201,0.0,,,EXPLOIT
204,53,,,0,0,0,1,common,0.0,0.17499218018728857,0.2927866003395216,0.3059233299980389,0.0,0.7601451510248433,0.0,,,EXPLOIT
205,53,,,0,0,1,1,rare,1.0,0.04073705850271958,0.5706608114231306,0.22636744854944307,0.0,0.7651201712971236,0.0,,,EXPLOIT
206,53,,,0,1,0,0,rare,1.0,0.36018521257857805,0.4509311953531183,0.26651277775818355,0.0,0.7698462356309748,0.0,,,EXPLOIT
207,53,,,0,1,1,1,common,1.0,0.026479088026767683,0.6373664190364232,0.1945026708387588,0.0,0.774341353470631,0.0,,,EXPLOIT
208,53,,,0,1,1,1,common,1.0,0.017211407217399,0.6921474264565093,0.14131529175235086,0.0,0.7786218383764034,0.0,,,EXPLOIT
209,53,,,0,0,0,0,common,0.0,0.7658796118239243,0.6820736229298754,0.32868458777382287,0.0,0.7827025030587648,0.0,,,EXPLOIT
210,53,,,0,1,1,1,common,1.0,0.01118741469130935,0.5102333498652825,0.23343543584906878,0.0,0.786596828101846,0.0,,,EXPLOIT
211,53,,,0,1,1,1,common,1.0,0.007271819549351077,0.4538910199613927,0.16558635095915344,0.0,0.7903171084262092,0.0,,,EXPLOIT
212,53,,,0,1,1,1,common,1.0,0.004726682707078211,0.41736436040253266,0.11732845048353087,0.0,0.7938745808436685,0.0,,,EXPLOIT
213,53,,,0,1,1,1,common,1.0,0.0030723437596008596,0.3940225513889667,0.08305161846635187,0.0,0.7972795354919651,0.0,,,EXPLOIT
214,53,,,0,0,0,0,common,1.0,0.5021782523144491,0.37910097628567646,0.20878960862078105,0.0,0.800541413477042,0.0,,,EXPLOIT
215,53,,,0,1,1,1,common,1.0,0.001997023443740531,0.5383531363326124,0.1467518330676689,0.0,0.8036688926742825,0.0,,,EXPLOIT
216,53,,,0,0,1,1,rare,0.0,0.9987019347615687,0.5286295495106775,0.4023368635758388,0.0,0.8066699633308066,0.0,,,EXPLOIT
217,53,,,0,1,1,1,common,1.0,0.3508437424049804,0.3268694062331167,0.3868889272245813,0.0,0.8095519948557193,0.0,,,EXPLOIT
218,53,,,0,0,0,0,common,1.0,0.32641586400439193,0.32108248460892025,0.36874700825852447,0.0,0.8123217949737764,0.0,,,EXPLOIT
219,53,,,0,0,1,1,rare,1.0,0.22804843256323726,0.4923927121721099,0.3265374355499383,0.0,0.8149856622420851,0.0,,,EXPLOIT
220,53,,,0,1,0,0,rare,1.0,0.21217031160285482,0.6002880231994603,0.29222729836581324,0.0,0.8175494327826571,0.0,,,EXPLOIT
221,53,,,0,1,1,1,common,1.0,0.14823148116610418,0.5967272080582993,0.2490285532059005,0.0,0.8200185219606598,0.0,,,EXPLOIT
222,53,,,0,1,1,1,common,0.0,0.9036495372420322,0.5943887902151371,0.44541484841674,0.0,0.8223979616348175,0.0,,,EXPLOIT
223,53,,,0,0,0,1,common,0.0,0.11374491712173757,0.667919023059965,0.34591386902823923,0.0,0.8246924335192269,0.0,,,EXPLOIT
224,53,,,0,1,1,1,common,1.0,0.412627800792679,0.6488527636076629,0.36592804855757116,0.0,0.8269062991220756,0.0,,,EXPLOIT
225,53,,,0,0,0,0,common,1.0,0.13791070254185567,0.5611782551204667,0.29752284475285645,0.0,0.8290436266641354,0.0,,,EXPLOIT
226,53,,,0,1,1,1,common,1.0,0.2682080705152414,0.6739378509320381,0.28872841248157194,0.0,0.8311082153266193,0.0,,,EXPLOIT
227,53,,,0,1,1,1,common,1.0,0.1743352458349069,0.6326742006465383,0.25441046248757243,0.0,0.8331036171324875,0.0,,,EXPLOIT
228,53,,,0,1,1,1,common,1.0,0.11331790979268952,0.5962635383715973,0.21208269667910754,0.0,0.8350331567263587,0.0,,,EXPLOIT
229,53,,,0,0,1,1,rare,0.0,0.9263433586347518,0.5696188839882302,0.4263608952658008,0.0,0.8368999492847605,0.0,,,EXPLOIT
230,53,,,0,1,1,1,common,0.0,0.6021231831125887,0.36480119262437527,0.47908958161983717,0.0,0.838706916759704,0.0,,,EXPLOIT
231,53,,,0,1,1,1,common,1.0,0.6086199309768173,0.6368537519780775,0.5179486864269311,0.0,0.8404568026337597,0.0,,,EXPLOIT
232,53,,,0,0,0,0,common,1.0,0.0896419566522062,0.5328103487076923,0.3894566674945137,0.0,0.8337549306575753,0.0,,,EXPLOIT
233,53,,,0,1,1,1,common,0.0,0.6043970448650687,0.6685563315302818,0.45393878070568017,0.0,0.835663186566065,0.0,,,EXPLOIT
234,53,,,0,0,0,0,common,1.0,0.058267271823933986,0.650772825835507,0.33523732804115625,0.0,0.8375096916164045,0.0,,,EXPLOIT
235,53,,,0,0,0,0,common,0.0,0.9621262733144429,0.5603815669434393,0.5233040116231422,0.0,0.8392973066094229,0.0,,,EXPLOIT
236,53,,,0,0,1,1,rare,1.0,0.6071419208377054,0.6929313939718491,0.5484553843875112,0.0,0.8325082789679109,0.0,,,EXPLOIT
237,53,,,0,0,0,0,common,1.0,0.3746179223456121,0.6277626023368241,0.4963041457749414,0.0,0.8251974367240067,0.0,,,EXPLOIT
238,53,,,0,0,1,1,rare,1.0,0.39464224854450847,0.5394059828111601,0.46580557660581146,0.0,0.8273937363396943,0.0,,,EXPLOIT
239,53,,,0,0,0,0,common,1.0,0.2435016495246478,0.47363954314790346,0.39911439848146235,0.0,0.8295143753612759,0.0,,,EXPLOIT
240,53,,,0,1,1,1,common,1.0,0.2565174615539305,0.4302871424224522,0.35633531740320273,0.0,0.8315630955297802,0.0,,,EXPLOIT
241,53,,,0,0,1,0,rare,1.0,0.9564184910293498,0.586288457152526,0.5363602694910468,0.0,0.8335433960529799,0.0,,,EXPLOIT
242,53,,,0,1,1,1,common,0.0,0.8332636499899452,0.5609633056501038,0.6254312836407162,0.0,0.8263133859672942,0.0,,,EXPLOIT
243,53,,,0,0,0,0,common,1.0,0.15827607219102102,0.3577239557745633,0.48528472020580765,0.0,0.8185091986275622,0.0,,,EXPLOIT
244,53,,,0,0,0,0,common,1.0,0.10287944692416362,0.3408736195517598,0.3705631382213144,0.0,0.8209432608760392,0.0,,,EXPLOIT
245,53,,,0,0,0,0,common,1.0,0.06687164050070638,0.3301477578766361,0.279455688905132,0.0,0.8232895124772395,0.0,,,EXPLOIT
246,53,,,0,0,0,0,common,1.0,0.0434665663254592,0.3232771533786075,0.20865895213123015,0.0,0.8255525087244394,0.0,,,EXPLOIT
247,53,,,0,0,1,0,rare,0.0,0.37832798083092256,0.3188553292975057,0.2595596607411379,0.0,0.8277364953866633,0.0,,,EXPLOIT
248,53,,,0,1,0,0,rare,1.0,0.02825326811154849,0.6115337938621745,0.19016774295226105,0.0,0.8298454345621614,0.0,,,EXPLOIT
249,53,,,0,0,0,0,common,0.0,0.9816353757274935,0.692849840223769,0.4276080327848308,0.0,0.8318830279831064,0.0,,,EXPLOIT
250,53,,,0,0,0,0,common,0.0,0.6380629942228708,0.6100786582822146,0.4907445212162428,0.0,0.8338527380599199,0.0,,,EXPLOIT
251,53,,,0,0,1,0,rare,1.0,0.7540868124599003,0.48912020825951197,0.56974720858934,0.0,0.8357578069169412,0.0,,,EXPLOIT
252,53,,,0,0,0,1,common,0.0,0.07393419612912942,0.6718270047451367,0.4210033048512768,0.0,0.8286991825758747,0.0,,,EXPLOIT
253,53,,,0,1,1,0,common,0.0,0.5098435719010648,0.5506398940421724,0.44765538496621315,0.0,0.8307754169677705,0.0,,,EXPLOIT
254,53,,,0,0,0,0,common,1.0,0.585259053755134,0.6840267266918014,0.4889364856028894,0.0,0.8327818996936784,0.0,,,EXPLOIT
255,53,,,0,1,1,1,common,1.0,0.4583786275065356,0.6430866202507961,0.4797691281739832,0.0,0.8347219913094075,0.0,,,EXPLOIT
256,53,,,0,0,0,0,common,1.0,0.38041838494083713,0.6892733553865571,0.44996390520403934,0.0,0.83659884009287,0.0,,,EXPLOIT
257,53,,,0,1,0,0,rare,1.0,0.24727195021154413,0.6713615867458187,0.38915631870629075,0.0,0.8384153985474071,0.0,,,EXPLOIT
258,53,,,0,1,1,0,common,0.0,0.3313983217356921,0.6915068173432812,0.37182891961511116,0.0,0.8401744383890274,0.0,,,EXPLOIT
259,53,,,0,1,1,1,common,1.0,0.29794610787924813,0.5944734835059414,0.34966407609435224,0.0,0.8418785641775998,0.0,,,EXPLOIT
260,53,,,0,0,0,0,common,1.0,0.1607267676375037,0.6871511052621043,0.2929828835572977,0.0,0.8435302257330171,0.0,,,EXPLOIT
261,53,,,0,1,1,1,common,1.0,0.1936649701215113,0.6488931284580359,0.2631875095265617,0.0,0.845131729460835,0.0,,,EXPLOIT
262,53,,,0,1,1,1,common,0.0,0.8741177694210176,0.6906050274519009,0.4464665874948985,0.0,0.8466852486975168,0.0,,,EXPLOIT
263,53,,,0,0,0,0,common,1.0,0.10447239896437743,0.5324760408294371,0.34386833093574215,0.0,0.8481928331728898,0.0,,,EXPLOIT
264,53,,,0,0,0,0,common,1.0,0.06790705932684538,0.4766590888311483,0.2610799494530731,0.0,0.8496564176764673,0.0,,,EXPLOIT
265,53,,,0,1,0,0,rare,1.0,0.04413958856244948,0.439904647051783,0.195997841185886,0.0,0.8510778300046976,0.0,,,EXPLOIT
266,53,,,0,0,0,1,common,0.0,0.04805722748393412,0.5879893035777307,0.15161565707530045,0.0,0.8524587982578068,0.0,,,EXPLOIT
267,53,,,0,0,1,1,rare,0.0,0.5681765501236615,0.6802870426073194,0.27658392498980877,0.0,0.8538009575474917,0.0,,,EXPLOIT
268,53,,,0,0,0,0,common,0.0,0.9713092674344078,0.5488230885747212,0.4850015277231885,0.0,0.8551058561702296,0.0,,,EXPLOIT
269,53,,,0,1,1,1,common,1.0,0.63068524241962,0.42821190678044035,0.5287066421321179,0.0,0.856374961295216,0.0,,,EXPLOIT
270,53,,,0,1,1,1,common,1.0,0.409945407572753,0.33325114582950344,0.49307827176430846,0.0,0.8508119233031715,0.0,,,EXPLOIT
271,53,,,0,1,1,1,common,1.0,0.2664645149222895,0.27804174797742764,0.4250941447117027,0.0,0.8522004190718747,0.0,,,EXPLOIT
272,53,,,0,1,1,1,common,1.0,0.1732019346994882,0.24559307759551446,0.34952648170803835,0.0,0.8535498032066183,0.0,,,EXPLOIT
273,53,,,0,1,0,0,rare,0.0,0.6313510238323651,0.22602324442215493,0.43407384434533636,0.0,0.8548616399866935,0.0,,,EXPLOIT
274,53,,,0,1,1,1,common,0.0,0.8874187424453327,0.48905270879031143,0.5700773137753352,0.0,0.8561374115225739,0.0,,,EXPLOIT
275,53,,,0,0,0,0,common,1.0,0.5896218345089627,0.6529182862712765,0.5759406699954235,0.0,0.8505581662701078,0.0,,,EXPLOIT
276,53,,,0,0,1,0,rare,1.0,0.7845910908718001,0.6667508729168687,0.6385357962583365,0.0,0.8445914171582145,0.0,,,EXPLOIT
277,53,,,0,0,0,0,common,0.0,0.6167458075691743,0.5527130276833196,0.6319987996515878,0.0,0.8381956755700208,0.0,,,EXPLOIT
278,53,,,0,1,0,0,rare,1.0,0.5991152250800367,0.6888248510012078,0.6221337272801224,0.0,0.8313233113283603,0.0,,,EXPLOIT
279,53,,,0,1,1,1,common,0.0,0.5768221825894663,0.6421438901458718,0.6085402638729255,0.0,0.823919372591899,0.0,,,EXPLOIT
280,53,,,0,0,1,1,rare,1.0,0.6250655813168469,0.6883304579770562,0.6134978591061019,0.0,0.8159201227670566,0.0,,,EXPLOIT
281,53,,,0,0,0,0,common,1.0,0.3894248963020238,0.5873327270565241,0.5462759702648785,0.0,0.8072512119717362,0.0,,,EXPLOIT
282,53,,,0,0,0,0,common,0.0,0.7468738174036845,0.47980694389340667,0.6064553244065203,0.0,0.7978253719302415,0.0,,,EXPLOIT
283,53,,,0,1,1,1,common,1.0,0.40629262785595055,0.6728624986385874,0.5464065154413493,0.0,0.7875394828103006,0.0,,,EXPLOIT
284,53,,,0,1,1,0,common,0.0,0.4900157909333299,0.6696438538629608,0.5294892980889434,0.0,0.7762708028613569,0.0,,,EXPLOIT
285,53,,,0,1,1,1,common,0.0,0.7359097918936321,0.6724305431202655,0.59141544623035,0.0,0.7638720681458239,0.0,,,EXPLOIT
286,53,,,0,0,0,0,common,1.0,0.514532018687605,0.5892033446053296,0.5683504179675265,0.0,0.7501650465471937,0.0,,,EXPLOIT
287,53,,,0,0,0,0,common,0.0,0.6655541878530566,0.43762470770485223,0.5975115489331855,0.0,0.7349319456498151,0.0,,,EXPLOIT
288,53,,,0,0,0,0,common,1.0,0.5673897778955131,0.6315862738090484,0.5884750176218837,0.0,0.717903791894567,0.0,,,EXPLOIT
289,53,,,0,0,0,0,common,1.0,0.36880335563208355,0.472417693898986,0.5225735190249436,0.0,0.6987444577025498,0.0,,,EXPLOIT
290,53,,,0,0,0,0,common,1.0,0.2397221811608543,0.360428325878691,0.43771811766571683,0.0,0.6770283084939254,0.0,,,EXPLOIT
291,53,,,0,0,1,1,rare,1.0,0.521658635269139,0.2945739143448387,0.46290027294674346,0.0,0.6870387859999071,0.0,,,EXPLOIT
292,53,,,0,0,1,1,rare,1.0,0.3390781129249405,0.2560885882197195,0.4257536249402025,0.0,0.6963560866726599,0.0,,,EXPLOIT
293,53,,,0,0,1,1,rare,1.0,0.22040077340121134,0.233053565924161,0.36414776947850513,0.0,0.7050493754705265,0.0,,,EXPLOIT
294,53,,,0,0,1,1,rare,1.0,0.14326050271078739,0.21892954871754639,0.29788158944818977,0.0,0.7131789122576218,0.0,,,EXPLOIT
295,53,,,0,0,0,0,common,0.0,0.8441805822454447,0.21010651351297735,0.46177128728736616,0.0,0.7207974403040797,0.0,,,EXPLOIT
296,53,,,0,0,1,1,rare,0.0,0.9068806732379882,0.47460432555571086,0.5953041030725528,0.0,0.727951322845578,0.0,,,EXPLOIT
297,53,,,0,1,1,1,common,1.0,0.41052756239530774,0.647721933322842,0.5398711408693793,0.0,0.7100654801559947,0.0,,,EXPLOIT
298,53,,,0,0,0,0,common,0.0,0.548717378459539,0.6712006123938233,0.5425250121464271,0.0,0.6898805630796073,0.0,,,EXPLOIT
299,53,,,0,0,1,0,rare,1.0,0.6814897358933355,0.5824199543082074,0.5842144292704996,0.0,0.66692407322806,0.0,,,EXPLOIT
300,53,,,0,0,0,0,common,1.0,0.6433337040012996,0.6930545337507777,0.6019502116897396,0.0,0.6405845157371985,0.0,,,EXPLOIT
301,53,,,0,0,0,0,common,1.0,0.41816690760084474,0.6363510744483614,0.5468152204630712,0.0,0.6100562305864464,0.0,,,EXPLORE
302,53,,,0,1,1,0,common,0.0,0.5570316716693319,0.5562997141993145,0.5498801558249493,0.0,0.5742556820160006,0.0,,,EXPLORE
303,53,,,0,0,0,0,common,0.0,0.7281915100594509,0.3971323713948619,0.6033735620952998,0.0,0.531690353005726,0.0,,,EXPLORE
304,53,,,0,1,0,0,rare,1.0,0.526675518461357,0.6302367452552002,0.5803641490051169,0.0,0.48024567667307017,0.0,,,EXPLORE
305,53,,,0,1,0,0,rare,1.0,0.3423390869998819,0.6883341958000465,0.5089566304035463,0.0,0.41682327034070193,0.0,,,EXPLORE
306,53,,,0,1,1,1,common,1.0,0.26684291555695006,0.6189459173585056,0.4363225159495674,0.0,0.3366934674801546,0.0,,,EXPLORE
307,53,,,0,1,0,0,rare,1.0,0.22252040654992322,0.5423677260143918,0.37218188312967415,0.0,0.3836757705652686,0.0,,,EXPLORE
308,53,,,0,0,0,0,common,1.0,0.14463826425745008,0.4864123270881584,0.30391879746800693,0.0,0.42406179562338003,0.0,,,EXPLORE
309,53,,,0,0,1,1,rare,1.0,0.17344789511201752,0.623186070513738,0.2647775267612101,0.0,0.4591479328427578,0.0,,,EXPLOIT
310,53,,,0,1,1,1,common,1.0,0.11274113182281142,0.6790325307513354,0.21916660827969048,0.0,0.4899117474730271,0.0,,,EXPLOIT
311,53,,,0,1,1,1,common,1.0,0.07328173568482743,0.6623289085417182,0.17540114650123156,0.0,0.5171043147329458,0.0,,,EXPLOIT
312,53,,,0,0,1,1,rare,1.0,0.047633128195137875,0.6483955945705364,0.13707074100940345,0.0,0.5413122222920536,0.0,,,EXPLOIT
313,53,,,0,1,1,0,common,1.0,0.6379294134149343,0.679889325559748,0.28732834273106267,0.0,0.5630002619435384,0.0,,,EXPLOIT
314,53,,,0,1,0,1,rare,0.0,0.03123719786455718,0.6737342497326959,0.21050099927111102,0.0,0.58254148100225,0.0,,,EXPLOIT
315,53,,,0,0,0,0,common,1.0,0.09401487176734258,0.5906629557494502,0.17555516101998048,0.0,0.6002387544254374,0.0,,,EXPLOIT
316,53,,,0,0,1,1,rare,1.0,0.030961533326839596,0.5534644063308445,0.1321770727120382,0.0,0.6163405435454277,0.0,,,EXPLOIT
317,53,,,0,0,0,0,common,1.0,0.06110966664877271,0.5278166387728473,0.11085685089305855,0.0,0.6310525905836731,0.0,,,EXPLOIT
318,53,,,0,0,1,0,rare,0.0,0.5853458812802927,0.5107297908501526,0.2532035600092288,0.0,0.6445467214170666,0.0,,,EXPLOIT
319,53,,,0,1,1,1,common,1.0,0.020124996662445716,0.6931355580396322,0.18327999100519385,0.0,0.6569675578060853,0.0,,,EXPLOIT
320,53,,,0,0,0,0,common,1.0,0.03972128332170222,0.6593206381666432,0.14021237870014633,0.0,0.6684376962518458,0.0,,,EXPLOIT
321,53,,,0,1,1,1,common,1.0,0.013081247830589726,0.6931422698966545,0.10207303943927934,0.0,0.6790617471647196,0.0,,,EXPLOIT
322,53,,,0,0,0,1,common,0.0,0.020304178611962168,0.6785691226714768,0.07754238119108418,0.0,0.6889295165993723,0.0,,,EXPLOIT
323,53,,,0,1,1,1,common,1.0,0.008502811089883267,0.49645469072571524,0.05683051016072391,0.0,0.698118535651677,0.0,,,EXPLOIT
324,53,,,0,1,0,0,rare,1.0,0.025818834159106463,0.4473930883343483,0.04752700736023867,0.0,0.7066960883989837,0.0,,,EXPLOIT
325,53,,,0,1,1,1,common,0.0,0.9944731727915759,0.41570895463976587,0.3316108569896398,0.0,0.7147208506576034,0.0,,,EXPLOIT
326,53,,,0,1,1,1,common,1.0,0.35359243768547566,0.6674816305790259,0.3382053311983906,0.0,0.722244223993079,0.0,,,EXPLOIT
327,53,,,0,0,1,1,rare,1.0,0.22983508449555923,0.5803570588111132,0.3056942571875412,0.0,0.7293114291124045,0.0,,,EXPLOIT
328,53,,,0,0,0,0,common,1.0,0.016782242203419173,0.6821396583622625,0.21902065269230456,0.0,0.7359624077946577,0.0,,,EXPLOIT
329,53,,,0,0,0,0,common,1.0,0.010908457432222463,0.6898074077542489,0.15658699411427993,0.0,0.7422325713650536,0.0,,,EXPLOIT
330,53,,,0,1,1,0,common,0.0,0.3804748228321903,0.6669299012730002,0.22375334272965303,0.0,0.7481534253334883,0.0,,,EXPLOIT
331,53,,,0,0,1,1,rare,1.0,0.1493928049221135,0.47361403472331187,0.20144518138739115,0.0,0.7537530934595602,0.0,,,EXPLOIT
332,53,,,0,0,0,0,common,1.0,0.0070904973309445785,0.4300052350431799,0.14313877617045714,0.0,0.7590567596426641,0.0,,,EXPLOIT
333,53,,,0,0,0,0,common,1.0,0.004608823265114026,0.40206066980904714,0.1015797902988542,0.0,0.7640870422871068,0.0,,,EXPLOIT
334,53,,,0,0,0,0,common,0.0,0.9970042648776759,0.3842131320830413,0.3702071326725007,0.0,0.7688643128814688,0.0,,,EXPLOIT
335,53,,,0,0,0,0,common,1.0,0.3519472278295106,0.6548208607644759,0.36472916121960364,0.0,0.7734069682555329,0.0,,,EXPLOIT
336,53,,,0,0,0,0,common,1.0,0.2287656980891819,0.5641977385664397,0.3239401222804771,0.0,0.7777316641868522,0.0,,,EXPLOIT
337,53,,,0,0,0,0,common,1.0,0.1486977037579682,0.4905273173584932,0.2713673967237244,0.0,0.7818535166104008,0.0,,,EXPLOIT
338,53,,,0,0,0,0,common,0.0,0.9033464925573207,0.4409560521791326,0.4609611254738033,0.0,0.7857862755545496,0.0,,,EXPLOIT
339,53,,,0,1,1,0,common,1.0,0.7526913651590763,0.6738660348119072,0.5484801973793851,0.0,0.7895424760211414,0.0,,,EXPLOIT
340,53,,,0,1,1,1,common,1.0,0.09710532319937382,0.6800448653534941,0.41306773512538175,0.0,0.7784688121390845,0.0,,,EXPLOIT
341,53,,,0,0,0,0,common,0.0,0.5871752201622584,0.6198852190566473,0.46529998063644473,0.0,0.7825565435113055,0.0,,,EXPLOIT
342,53,,,0,0,0,0,common,1.0,0.618336106894532,0.450025101557321,0.5112108185138708,0.0,0.7864574636846425,0.0,,,EXPLOIT
343,53,,,0,1,1,1,common,1.0,0.06311846007959299,0.6287181784597198,0.37678311098358747,0.0,0.7750827027922467,0.0,,,EXPLOIT
344,53,,,0,0,1,1,rare,1.0,0.04102699905173546,0.5727096096762381,0.2760562774040319,0.0,0.7793282612413847,0.0,,,EXPLOIT
345,53,,,0,1,0,0,rare,0.0,0.5980815305185542,0.6648622213206202,0.37266385333838853,0.0,0.7833763775026593,0.0,,,EXPLOIT
346,53,,,0,1,1,1,common,1.0,0.02666754938362803,0.6324755984624073,0.2688649621519604,0.0,0.7872403211206932,0.0,,,EXPLOIT
347,53,,,0,0,0,0,common,0.0,0.3887529948370602,0.6918980257687823,0.3048313719574903,0.0,0.7909321988794411,0.0,,,EXPLOIT
348,53,,,0,0,0,0,common,0.0,0.25268944664408916,0.5951939029079578,0.28918879436346995,0.0,0.7944630794378522,0.0,,,EXPLOIT
349,53,,,0,1,1,1,common,0.0,0.9826660929006418,0.45180103786821696,0.49723198392462153,0.0,0.7978431022704219,0.0,,,EXPLOIT
350,53,,,0,1,1,1,common,1.0,0.36126703961458284,0.6492363020686904,0.4564425006316099,0.0,0.8010815731711002,0.0,,,EXPLOIT
351,53,,,0,0,0,0,common,1.0,0.835751859681342,0.5067247639389244,0.5702353083465295,0.0,0.8041870482150822,0.0,,,EXPLOIT
352,53,,,0,1,0,0,rare,0.0,0.45676129120712766,0.6741085735923468,0.5361931032047089,0.0,0.7944858642417955,0.0,,,EXPLOIT
353,53,,,0,1,1,0,common,0.0,0.5107506126466004,0.66076319128289,0.5285603560372764,0.0,0.7838859712646983,0.0,,,EXPLOIT
354,53,,,0,0,1,1,rare,1.0,0.23482357574947887,0.5599932186634251,0.44043932195093705,0.0,0.7722570362382958,0.0,,,EXPLOIT
355,53,,,0,0,1,1,rare,1.0,0.1526353242371613,0.42232105977210355,0.3540981226368043,0.0,0.7766364330638887,0.0,,,EXPLOIT
356,53,,,0,0,1,1,rare,0.0,0.9007870392458451,0.3358007948490885,0.5181047976195166,0.0,0.7808092256364266,0.0,,,EXPLOIT
357,53,,,0,1,0,0,rare,1.0,0.703105160715367,0.5805932320329011,0.5736049065482717,0.0,0.7688723499010531,0.0,,,EXPLOIT
358,53,,,0,0,0,0,common,1.0,0.4570183544649886,0.6931415447091215,0.5386289409232867,0.0,0.7557011603244361,0.0,,,EXPLOIT
359,53,,,0,0,0,0,common,1.0,0.2970619304022426,0.6422181267366979,0.4661588377669735,0.0,0.741094548548625,0.0,,,EXPLOIT
360,53,,,0,0,0,0,common,0.0,0.8069097452385423,0.565002768126468,0.5683841100084441,0.0,0.7470781011525456,0.0,,,EXPLOIT
361,53,,,0,0,1,1,rare,1.0,0.4144884244902006,0.6929969753158662,0.5222154043529711,0.0,0.7314896920533422,0.0,,,EXPLOIT
362,53,,,0,0,0,0,common,1.0,0.4755086655949474,0.6448671172116894,0.508203382725564,0.0,0.7140413659435842,0.0,,,EXPLOIT
363,53,,,0,0,1,1,rare,1.0,0.2694174759186304,0.5674161950718766,0.4365676106834839,0.0,0.6943801893545036,0.0,,,EXPLOIT
364,53,,,0,1,1,0,common,0.0,0.3319878982202903,0.5067428132703811,0.4051936969445258,0.0,0.7032041021686161,0.0,,,EXPLOIT
365,53,,,0,0,1,1,rare,0.0,0.8248786406528902,0.34503505613467156,0.531099180057035,0.0,0.7114518097608782,0.0,,,EXPLOIT
366,53,,,0,0,1,1,rare,1.0,0.46382888357562135,0.6045205279189076,0.5109180911126109,0.0,0.6914503383130637,0.0,,,EXPLOIT
367,53,,,0,0,1,1,rare,1.0,0.3014887743241539,0.47675193581440545,0.44808929607607373,0.0,0.668716172593993,0.0,,,EXPLOIT
368,53,,,0,0,0,0,common,0.0,0.6909193673632842,0.3889938649945354,0.5209383174622368,0.0,0.6793200632141305,0.0,,,EXPLOIT
369,53,,,0,1,1,0,common,1.0,0.7842078661568113,0.6280514684592198,0.5999191820706091,0.0,0.6548380030453678,0.0,,,EXPLOIT
370,53,,,0,1,0,1,rare,0.0,0.01319771609777541,0.6894521809314949,0.423902742278759,0.0,0.6266174596212035,0.0,,,EXPLORE
371,53,,,0,0,0,0,common,0.0,0.4490975887861347,0.6458149913840626,0.4314611962309717,0.0,0.6404735134310299,0.0,,,EXPLOIT
372,53,,,0,1,1,1,common,1.0,0.19596770331070001,0.6915827027666072,0.3608131483548902,0.0,0.6532138950683262,0.0,,,EXPLOIT
373,53,,,0,0,0,0,common,0.0,0.2919134327109876,0.5841345633376354,0.3401432336617194,0.0,0.6649675677331658,0.0,,,EXPLOIT
374,53,,,0,1,1,1,common,1.0,0.12737900715195505,0.4811391247561241,0.2763139657087901,0.0,0.6758443562831689,0.0,,,EXPLOIT
375,53,,,0,1,1,1,common,1.0,0.08279635464877078,0.3562322507852953,0.21825868239078428,0.0,0.6859383704478963,0.0,,,EXPLOIT
376,53,,,0,1,1,1,common,1.0,0.053817630521700965,0.2837809617549488,0.16892636683005927,0.0,0.6953307186608445,0.0,,,EXPLOIT
377,53,,,0,1,0,1,rare,1.0,0.991421484536446,0.24219123685833854,0.4156749021419752,0.0,0.7040916782871255,0.0,,,EXPLOIT
378,53,,,0,1,1,1,common,1.0,0.03498145983910561,0.21764541145219762,0.3014668694511143,0.0,0.7122824451795731,0.0,,,EXPLOIT
379,53,,,0,1,1,1,common,0.0,0.9772620511045813,0.2027431280337763,0.5042054239471544,0.0,0.7199565547183469,0.0,,,EXPLOIT
380,53,,,0,0,1,0,rare,0.0,0.4902648869980726,0.4569900234228931,0.5000232628624298,0.0,0.7010611518965423,0.0,,,EXPLOIT
381,53,,,0,1,1,1,common,1.0,0.3647796667820221,0.38779775066195765,0.45945018403830745,0.0,0.6796631702498203,0.0,,,EXPLOIT
382,53,,,0,1,0,1,rare,0.0,0.3555760350513101,0.28145559246954843,0.4282879393422082,0.0,0.6894889170880025,0.0,,,EXPLOIT
383,53,,,0,1,1,1,common,1.0,0.23710678340831437,0.5031419031302473,0.37093359256204006,0.0,0.6986401433286483,0.0,,,EXPLOIT
384,53,,,0,1,0,0,rare,1.0,0.810256268737858,0.3468414836261954,0.5027303954147855,0.0,0.707183583882459,0.0,,,EXPLOIT
385,53,,,0,1,1,1,common,1.0,0.15411940921540435,0.25917980420638576,0.39814709955497113,0.0,0.6866144885243444,0.0,,,EXPLOIT
386,53,,,0,1,1,1,common,0.0,0.8998223840099872,0.21116086805153927,0.5486496848914759,0.0,0.6959606922622984,0.0,,,EXPLOIT
387,53,,,0,1,1,1,common,1.0,0.4151154503935084,0.44091761588278294,0.5085894145420856,0.0,0.6738589381355753,0.0,,,EXPLOIT
388,53,,,0,0,0,1,common,0.0,0.23112442278335155,0.31081751759109805,0.42534991701446534,0.0,0.6485674623699648,0.0,,,EXPLOIT
389,53,,,0,1,0,0,rare,1.0,0.5266665746796078,0.27308120986521833,0.4557449143140081,0.0,0.6606766340161591,0.0,,,EXPLOIT
390,53,,,0,1,0,0,rare,0.0,0.657666726458255,0.2083156852434739,0.5163214579572821,0.0,0.6718698229462591,0.0,,,EXPLOIT
391,53,,,0,1,1,1,common,1.0,0.26982504275578045,0.4222535251884068,0.4423725333968316,0.0,0.6462800471759772,0.0,,,EXPLOIT
392,53,,,0,1,1,1,common,0.0,0.8246137222087427,0.2871303341012793,0.5570448900404049,0.0,0.6585660671481719,0.0,,,EXPLOIT
393,53,,,0,1,1,1,common,1.0,0.4640010805643172,0.49178840247335825,0.5291317471975786,0.0,0.6309331271845863,0.0,,,EXPLOIT
394,53,,,0,1,1,1,common,1.0,0.30160070236680614,0.3257725573214216,0.46087243374834685,0.0,0.5987868434665538,0.0,,,EXPLOIT
395,53,,,0,1,1,1,common,0.0,0.803959543461576,0.23612652327264505,0.5637985666623155,0.0,0.6150168515291673,0.0,,,EXPLOIT
396,53,,,0,1,0,0,rare,1.0,0.5725166278021343,0.4486113921770037,0.5664139850042611,0.0,0.5801038293600423,0.0,,,EXPLOIT
397,53,,,0,0,0,0,common,1.0,0.37213580807138724,0.30147222889956765,0.5081305319243989,0.0,0.5386870247725026,0.0,,,EXPLORE
398,53,,,0,1,0,0,rare,1.0,0.24188827524640177,0.5718806235767457,0.42825785492099977,0.0,0.48876522206815787,0.0,,,EXPLOIT
399,53,,,0,1,0,0,rare,1.0,0.15722737891016114,0.473368549531911,0.3469487121177482,0.0,0.516087191422478,0.0,,,EXPLOIT
400,53,,,0,1,1,1,common,1.0,0.4774262967499756,0.4074907912654405,0.38609198750741636,0.0,0.5404038122104042,0.0,,,EXPLOIT
401,53,,,0,1,0,0,rare,1.0,0.10219779629160475,0.36611582321077885,0.3009237301426728,0.0,0.5621840624934393,0.0,,,EXPLOIT
402,53,,,0,1,1,1,common,1.0,0.31032709288748417,0.34026341834715135,0.3037447389661162,0.0,0.5818041681965137,0.0,,,EXPLOIT
403,53,,,0,1,1,1,common,1.0,0.20171261037686472,0.32398597660347306,0.27313510038934075,0.0,0.5995694528709249,0.0,,,EXPLOIT
404,53,,,0,1,0,0,rare,1.0,0.06642856758954307,0.3136467273846185,0.21112314054940143,0.0,0.615730288752064,0.0,,,EXPLOIT
405,53,,,0,1,1,1,common,1.0,0.13111319674496213,0.30703231645628,0.18712015740806962,0.0,0.6304939269797617,0.0,,,EXPLOIT
406,53,,,0,0,1,1,rare,1.0,0.08522357788422541,0.30277879603467805,0.15655118355091635,0.0,0.6440333977301065,0.0,,,EXPLOIT
407,53,,,0,1,0,0,rare,0.0,0.956821431066797,0.47762044911737084,0.39663225780568057,0.0,0.6564942933663604,0.0,,,EXPLOIT
408,53,,,0,0,0,1,common,0.0,0.15023087480917852,0.6918218796707911,0.32271184290672994,0.0,0.6679999996759003,0.0,,,EXPLOIT
409,53,,,0,1,1,1,common,1.0,0.05539532562474647,0.5885291781160963,0.24251688772213487,0.0,0.6786557742164229,0.0,,,EXPLOIT
410,53,,,0,1,0,0,rare,1.0,0.378066069806582,0.4824353716039202,0.283181642347469,0.0,0.6885519576967382,0.0,,,EXPLOIT
411,53,,,0,0,1,1,rare,1.0,0.03600696165608519,0.4101493787167054,0.20902923814005386,0.0,0.6977665260487089,0.0,,,EXPLOIT
412,53,,,0,0,1,1,rare,1.0,0.023404525076455407,0.5912213040532688,0.1533418242209743,0.0,0.706367135883995,0.0,,,EXPLOIT
413,53,,,0,1,1,1,common,1.0,0.01521294129969597,0.6726875386246822,0.1119031593445908,0.0,0.7144127769083524,0.0,,,EXPLOIT
414,53,,,0,0,1,1,rare,1.0,0.00988841184480238,0.6473399575682957,0.08129873509465427,0.0,0.721955116671275,0.0,,,EXPLOIT
415,53,,,0,1,1,1,common,1.0,0.006427467699121503,0.6843992817857799,0.05883735487599443,0.0,0.7290396024712731,0.0,,,EXPLOIT
416,53,,,0,0,0,0,common,0.0,0.7542570546257217,0.6732636880027362,0.2674632648009126,0.0,0.7357063700855007,0.0,,,EXPLOIT
417,53,,,0,0,0,0,common,0.0,0.4902670855067191,0.4587764839169633,0.3343044110126545,0.0,0.7419909977121089,0.0,,,EXPLOIT
418,53,,,0,0,0,1,common,0.0,0.09765006862596604,0.2988616832847782,0.26330810829664797,0.0,0.7479251350359286,0.0,,,EXPLOIT
419,53,,,0,1,1,1,common,1.0,0.004177854004428938,0.2154294554684151,0.18556903200898225,0.0,0.7535370309000168,0.0,,,EXPLOIT
420,53,,,0,1,0,0,rare,1.0,0.6813263944206326,0.20245047108475078,0.3342962407324773,0.0,0.7588519781510007,0.0,,,EXPLOIT
421,53,,,0,1,1,1,common,1.0,0.0027156051028788264,0.19435029806756557,0.23482205004359774,0.0,0.7638926904392006,0.0,,,EXPLOIT
422,53,,,0,1,0,0,rare,0.0,0.5571378436265888,0.18922567634827897,0.33151678811849505,0.0,0.7686796228148401,0.0,,,EXPLOIT
423,53,,,0,1,0,0,rare,1.0,0.6378604016427173,0.4444890927496079,0.4234198721757617,0.0,0.7732312456637704,0.0,,,EXPLOIT
424,53,,,0,1,1,1,common,0.0,0.9982348566831287,0.33599824150434665,0.5958643675279718,0.0,0.77756427971802,0.0,,,EXPLOIT
425,53,,,0,1,1,1,common,1.0,0.3511473431559663,0.5679126981749908,0.5224492602163702,0.0,0.7652981045837501,0.0,,,EXPLOIT
426,53,,,0,1,1,0,common,1.0,0.6813278234512528,0.4137697532803774,0.5701128291868349,0.0,0.751745031695254,0.0,,,EXPLOIT
427,53,,,0,1,1,1,common,1.0,0.22824577305137805,0.3181372929453117,0.46755271234619783,0.0,0.7366921305093364,0.0,,,EXPLOIT
428,53,,,0,1,1,0,common,0.0,0.5571369147566856,0.26333025342429395,0.49442797306934416,0.0,0.7429211568015343,0.0,,,EXPLOIT
429,53,,,0,1,1,1,common,1.0,0.14835975248339572,0.5143432786682332,0.3906075068935596,0.0,0.7488042245646644,0.0,,,EXPLOIT
430,53,,,0,0,1,1,rare,1.0,0.09643383911420722,0.3782868732514155,0.30235540655975385,0.0,0.7543691032622852,0.0,,,EXPLOIT
431,53,,,0,0,0,1,common,1.0,0.9365274553931221,0.6085826157450585,0.4926070212097643,0.0,0.7596406681133951,0.0,,,EXPLOIT
432,53,,,0,0,0,1,common,0.0,0.3912571539944707,0.6900016558359634,0.4622020610451762,0.0,0.7646412675872016,0.0,,,EXPLOIT
433,53,,,0,0,0,0,common,1.0,0.4146092610677663,0.5614061039682294,0.44792422105195323,0.0,0.7693910362897427,0.0,,,EXPLOIT
434,53,,,0,0,1,1,rare,1.0,0.0626819954242347,0.6807520196817488,0.33235155336363764,0.0,0.7739081624805307,0.0,,,EXPLOIT
435,53,,,0,1,1,1,common,1.0,0.04074329702575252,0.6884556448853872,0.2448690764622721,0.0,0.7782091177134257,0.0,,,EXPLOIT
436,53,,,0,1,1,1,common,1.0,0.026483143066739157,0.6878723922660313,0.1793532964436122,0.0,0.7823088547138332,0.0,,,EXPLOIT
437,53,,,0,0,0,0,common,0.0,0.7305039803059519,0.6667146781450142,0.3446985016023141,0.0,0.7862209785024915,0.0,,,EXPLOIT
438,53,,,0,0,0,0,common,1.0,0.5251724128011312,0.467469356167434,0.3988406749619592,0.0,0.7899578948928213,0.0,,,EXPLOIT
439,53,,,0,0,1,1,rare,0.0,0.9827859570066195,0.6142797569456164,0.5740242595753573,0.0,0.7935309397769288,0.0,,,EXPLOIT
440,53,,,0,1,1,1,common,1.0,0.36118912794569735,0.4150951918256427,0.5101737200864593,0.0,0.7828403615639777,0.0,,,EXPLOIT
441,53,,,0,1,1,1,common,1.0,0.23477293316470327,0.3784188335924822,0.4275534840099325,0.0,0.7711072430077326,0.0,,,EXPLOIT
442,53,,,0,1,1,1,common,1.0,0.15260240655705715,0.3553060604748348,0.3450681607740699,0.0,0.7755416551784141,0.0,,,EXPLOIT
443,53,,,0,1,0,0,rare,1.0,0.34136206832073535,0.34065592812642886,0.3439563330380695,0.0,0.7797656584146266,0.0,,,EXPLOIT
444,53,,,0,1,1,1,common,1.0,0.0991915642620872,0.3313059161797002,0.27052690240527477,0.0,0.7837936825168698,0.0,,,EXPLOIT
445,53,,,0,1,0,0,rare,1.0,0.22188534440847796,0.32530486866222674,0.2559344350062357,0.0,0.7876388675867672,0.0,,,EXPLOIT
446,53,,,0,1,1,1,common,1.0,0.06447451677035665,0.3214373729333937,0.19849645953547196,0.0,0.7913132049710424,0.0,,,EXPLOIT
447,53,,,0,1,1,1,common,1.0,0.04190843590073179,0.31893774709186307,0.15152005244504987,0.0,0.7948276601172489,0.0,,,EXPLOIT
448,53,,,0,0,1,1,rare,0.0,0.9727595166645243,0.31731906852693503,0.3978918917108922,0.0,0.7981922799928132,0.0,,,EXPLOIT
449,53,,,0,1,0,0,rare,1.0,0.14422547386551066,0.21229519415784695,0.3217919663572777,0.0,0.8014162872838468,0.0,,,EXPLOIT
450,53,,,0,1,0,1,rare,1.0,0.745682849903594,0.21150206647337685,0.44895923142117256,0.0,0.8045081632337803,0.0,,,EXPLOIT
451,53,,,0,1,1,1,common,1.0,0.3677063141680592,0.2109877705135281,0.4245833562452385,0.0,0.8074757206886733,0.0,,,EXPLOIT
452,53,,,0,1,0,0,rare,0.0,0.9062534419874181,0.21065400054639946,0.5690843819678923,0.0,0.8103261686738488,0.0,,,EXPLOIT
453,53,,,0,1,0,1,rare,1.0,0.4846938524373361,0.48373614194790815,0.5437672231087255,0.0,0.8011725447305343,0.0,,,EXPLOIT
454,53,,,0,1,0,1,rare,0.0,0.6849489959157316,0.37545126748937085,0.5861217549508273,0.0,0.7911964944391442,0.0,,,EXPLOIT
455,53,,,0,0,0,0,common,1.0,0.41093526270817815,0.6065655337761001,0.5335658072780325,0.0,0.7802825425483514,0.0,,,EXPLOIT
456,53,,,0,1,0,0,rare,1.0,0.26710792076031575,0.6910024881342339,0.45362844132271746,0.0,0.7682925346126582,0.0,,,EXPLOIT
457,53,,,0,1,0,0,rare,1.0,0.17362014849420526,0.6546113153694699,0.3696259534741638,0.0,0.772862979047797,0.0,,,EXPLOIT
458,53,,,0,0,1,0,rare,0.0,0.3621389945918456,0.5783226940351474,0.36737986580946835,0.0,0.7772135118654778,0.0,,,EXPLOIT
459,53,,,0,1,1,1,common,1.0,0.2390091042092385,0.41531707389107614,0.32886863732939936,0.0,0.7813594276284714,0.0,,,EXPLOIT
460,53,,,0,0,0,0,common,0.0,0.8871469034787666,0.3522660776876624,0.4963521171742095,0.0,0.7853146350189628,0.0,,,EXPLOIT
461,53,,,0,1,1,1,common,1.0,0.155355917736005,0.25999698195644266,0.39405325734274815,0.0,0.7890918103400657,0.0,,,EXPLOIT
462,53,,,0,1,1,1,common,1.0,0.10098134652840329,0.22863883365520332,0.3061316840984447,0.0,0.7927025310570951,0.0,,,EXPLOIT
463,53,,,0,1,1,1,common,1.0,0.0656378752434621,0.20983151138230485,0.2339835414419499,0.0,0.7961573923424369,0.0,,,EXPLOIT
464,53,,,0,1,1,1,common,1.0,0.04266461890825035,0.1982671715129801,0.17658786468184004,0.0,0.7994661090953343,0.0,,,EXPLOIT
465,53,,,0,1,1,1,common,1.0,0.027732002290362767,0.19102589156523908,0.13193110596439686,0.0,0.8026376055055995,0.0,,,EXPLOIT
466,53,,,0,1,1,1,common,1.0,0.018025801488735782,0.18643421219787742,0.09775951462169853,0.0,0.805680093900154,0.0,,,EXPLOIT
467,53,,,0,1,1,1,common,0.0,0.9882832290323218,0.1834978774720415,0.3649166289448855,0.0,0.8086011443392959,0.0,,,EXPLOIT
468,53,,,0,1,1,1,common,1.0,0.3576159011289908,0.4371207656458091,0.36272641060011707,0.0,0.8114077462045217,0.0,,,EXPLOIT
469,53,,,0,0,1,1,rare,1.0,0.232450335733844,0.33067927470369396,0.32364358814023514,0.0,0.8141063628327978,0.0,,,EXPLOIT
470,53,,,0,1,1,1,common,0.0,0.8489072817730015,0.565072585046042,0.48122269623006503,0.0,0.8167029800962959,0.0,,,EXPLOIT
471,53,,,0,0,0,0,common,0.0,0.5766454872611984,0.6931349556787767,0.509849533539405,0.0,0.8192031496961842,0.0,,,EXPLOIT
472,53,,,0,0,0,0,common,1.0,0.6251804332802211,0.6346084375019801,0.5444488034616498,0.0,0.8108124151508013,0.0,,,EXPLOIT
473,53,,,0,0,0,0,common,0.0,0.5936327183678564,0.685852558043311,0.5592039779335117,0.0,0.8017014616739865,0.0,,,EXPLOIT
474,53,,,0,1,1,1,common,0.0,0.551789733152451,0.657806718294814,0.5569797044991935,0.0,0.7917739249205653,0.0,,,EXPLOIT
475,53,,,0,1,1,1,common,1.0,0.6413366734509068,0.6900521490467876,0.5822867951847075,0.0,0.7809154472525556,0.0,,,EXPLOIT
476,53,,,0,0,0,1,common,1.0,0.5547831526547745,0.6211559193111575,0.5740357024257275,0.0,0.7689892724091684,0.0,,,EXPLOIT
477,53,,,0,1,0,1,rare,0.0,0.6393909507743966,0.6918371870253207,0.5936422769303282,0.0,0.7558304792598461,0.0,,,EXPLOIT
478,53,,,0,1,1,1,common,1.0,0.41686883774308947,0.6035517344771217,0.5406102451741566,0.0,0.7412383375236554,0.0,,,EXPLOIT
479,53,,,0,0,1,1,rare,1.0,0.2709647445330081,0.6931467908222106,0.459716594981812,0.0,0.7249660308863064,0.0,,,EXPLOIT
480,53,,,0,0,0,0,common,0.0,0.3858612669391066,0.6531944028071177,0.43755999656900035,0.0,0.731871523214798,0.0,,,EXPLOIT
481,53,,,0,0,0,0,common,1.0,0.7491901764895808,0.6688111093129336,0.5310490505451745,0.0,0.7383746661688012,0.0,,,EXPLOIT
482,53,,,0,0,0,1,common,1.0,0.5843958819966422,0.682897684170182,0.5470530999806147,0.0,0.7217613675770155,0.0,,,EXPLOIT
483,53,,,0,0,0,1,common,0.0,0.6201426767021825,0.6249702395448637,0.568979972997085,0.0,0.7030964232284419,0.0,,,EXPLOIT
484,53,,,0,0,0,1,common,0.0,0.40309273985641864,0.6801665125388521,0.5192138030548851,0.0,0.6819759092100834,0.0,,,EXPLOIT
485,53,,,0,1,0,0,rare,1.0,0.4869736147182274,0.5757306256271173,0.5095417465538877,0.0,0.6578824235164027,0.0,,,EXPLOIT
486,53,,,0,0,0,0,common,0.0,0.6834671504331522,0.4502483273609017,0.5617193677176671,0.0,0.6301422251052389,0.0,,,EXPLOIT
487,53,,,0,1,1,1,common,1.0,0.17612708394645527,0.35052349319582515,0.4460416825863035,0.0,0.5978613591445439,0.0,,,EXPLOIT
488,53,,,0,1,1,1,common,1.0,0.11448260456519588,0.2779258279470087,0.3465739591799712,0.0,0.6141733473589865,0.0,,,EXPLOIT
489,53,,,0,1,1,1,common,0.0,0.9255863070326227,0.23645546842057302,0.5202776635357667,0.0,0.6290689961071168,0.0,,,EXPLOIT
490,53,,,0,1,1,1,common,1.0,0.39836890042879525,0.48619833211200303,0.4837050346036752,0.0,0.5966050225847467,0.0,,,EXPLOIT
491,53,,,0,1,1,1,common,1.0,0.25893978527871697,0.35628725847951115,0.4162754598061877,0.0,0.6130286096657543,0.0,,,EXPLOIT
492,53,,,0,1,1,1,common,1.0,0.16831086043116605,0.28118990310580544,0.34188607999368115,0.0,0.628021672561952,0.0,,,EXPLOIT
493,53,,,0,1,1,1,common,1.0,0.10940205928025792,0.23834615425253944,0.2721408737796542,0.0,0.641762648072148,0.0,,,EXPLOIT
494,53,,,0,1,0,0,rare,1.0,0.555746352218451,0.21318753594803727,0.3572225173112932,0.0,0.6544014816349061,0.0,,,EXPLOIT
495,53,,,0,1,1,1,common,1.0,0.07111133853216767,0.1979681350269919,0.2713891636775555,0.0,0.6660650956538587,0.0,,,EXPLOIT
496,53,,,0,0,0,0,common,1.0,0.36123512894199317,0.18854733072306062,0.2983429532568868,0.0,0.6768616449425524,0.0,,,EXPLOIT
497,53,,,0,1,1,1,common,1.0,0.04622237004590901,0.38306580773798393,0.22270677829359348,0.0,0.6868838619547837,0.0,,,EXPLOIT
498,53,,,0,1,0,0,rare,1.0,0.2348028338122956,0.3735282122015386,0.22633559494920413,0.0,0.6962117111196651,0.0,,,EXPLOIT
499,53,,,0,1,1,1,common,1.0,0.030044540529840846,0.36738366297681213,0.16744827862339515,0.0,0.7049145132153047,0.0,,,EXPLOIT
500,53,,,0,1,1,1,common,1.0,0.019528951344396583,0.3634141174369572,0.12307248043969557,0.0,0.713052659252224,0.0,,,EXPLOIT
501,53,,,0,0,0,0,common,1.0,0.1526218419779921,0.3608445459270585,0.13193728890118453,0.0,0.7206790035176328,0.0,,,EXPLOIT
502,53,,,0,1,1,1,common,1.0,0.012693818373857746,0.5181205253223473,0.0961642477429865,0.0,0.7278400037317865,0.0,,,EXPLOIT
503,53,,,0,1,1,1,common,0.0,0.9917490180569924,0.516369877138972,0.36483967883718826,0.0,0.7345766603031976,0.0,,,EXPLOIT
504,53,,,0,1,1,1,common,1.0,0.35536313826295496,0.6923302908073312,0.3619967166649183,0.0,0.7409252948041649,0.0,,,EXPLOIT
505,53,,,0,0,1,1,rare,1.0,0.2309860398709207,0.672321533609661,0.322693513626719,0.0,0.7469181988848768,0.0,,,EXPLOIT
506,53,,,0,1,1,1,common,1.0,0.1501409259160984,0.6928018816069502,0.2709277373135328,0.0,0.7525841781037977,0.0,,,EXPLOIT
507,53,,,0,1,1,1,common,1.0,0.097591601845464,0.6842408717374716,0.21892689667311216,0.0,0.7579490100057827,0.0,,,EXPLOIT
508,53,,,0,0,0,0,common,1.0,0.09920419728569485,0.6655427247011745,0.18301008685688697,0.0,0.7630358318191472,0.0,,,EXPLOIT
509,53,,,0,0,0,1,common,0.0,0.2620102809066721,0.6893647830338563,0.2067101450718225,0.0,0.767865470072612,0.0,,,EXPLOIT
510,53,,,0,1,1,1,common,1.0,0.06343454119955161,0.5022877095698762,0.16372746391014123,0.0,0.7724567220358552,0.0,,,EXPLOIT
511,53,,,0,1,1,1,common,1.0,0.04123245177970858,0.4720793128025622,0.1269789602710114,0.0,0.7768265970032853,0.0,,,EXPLOIT
512,53,,,0,1,1,1,common,1.0,0.026801093656810604,0.45236866274075027,0.09692560028675117,0.0,0.7809905239503964,0.0,,,EXPLOIT
513,53,,,0,1,0,0,rare,0.0,0.9355172717642983,0.439587162229659,0.3485031017300153,0.0,0.7849625309063012,0.0,,,EXPLOIT
514,53,,,0,1,0,0,rare,1.0,0.3919137733532061,0.6823277966869701,0.36152630321697254,0.0,0.7887554004371349,0.0,,,EXPLOIT
515,53,,,0,0,1,1,rare,0.0,0.9825792891230731,0.617403206080632,0.5478421989888027,0.0,0.7923808048715913,0.0,,,EXPLOIT
516,53,,,0,1,0,0,rare,0.0,0.7452560473204161,0.45439886845822847,0.6070663534882867,0.0,0.7815804731960316,0.0,,,EXPLOIT
517,53,,,0,0,0,0,common,0.0,0.48441643075827046,0.6596619954827618,0.5702713766692818,0.0,0.7697211807649236,0.0,,,EXPLOIT
518,53,,,0,0,0,0,common,1.0,0.6851293200071242,0.5752626121822066,0.6047287596706346,0.0,0.7566398484640988,0.0,,,EXPLOIT
519,53,,,0,0,1,0,rare,0.0,0.23539034648469967,0.6929983592794577,0.4939272357148541,0.0,0.7421381003844457,0.0,,,EXPLOIT
520,53,,,0,1,1,0,common,0.0,0.1530037252150548,0.6399843945808639,0.39165018256491424,0.0,0.7480641473391285,0.0,,,EXPLOIT
521,53,,,0,0,0,0,common,0.0,0.5546659419953692,0.6930842980489439,0.4405549103940507,0.0,0.7536685959008891,0.0,,,EXPLOIT
522,53,,,0,1,1,1,common,0.0,0.6386765379299976,0.6699680297969682,0.4999913986548348,0.0,0.7589766725340228,0.0,,,EXPLOIT
523,53,,,0,0,0,1,common,0.0,0.17030668258933687,0.6931206116187061,0.40108598383518534,0.0,0.7640110328563942,0.0,,,EXPLOIT
524,53,,,0,0,0,0,common,0.0,0.36053286229699,0.683220616931539,0.3889200473737267,0.0,0.7687920810062943,0.0,,,EXPLOIT
525,53,,,0,1,1,1,common,1.0,0.5848602503455016,0.6655200071598069,0.44770210826525914,0.0,0.773338242554907,0.0,,,EXPLOIT
526,53,,,0,1,0,1,rare,0.0,0.11069934368306897,0.45623050369136026,0.34660127889060205,0.0,0.7776661986611373,0.0,,,EXPLOIT
527,53,,,0,1,1,0,common,0.0,0.0994524213897856,0.6005881286638016,0.2724566216403571,0.0,0.7817910877418444,0.0,,,EXPLOIT
528,53,,,0,1,1,0,common,0.0,0.06464407390336065,0.6671971842807634,0.21011285731925816,0.0,0.7857266797963927,0.0,,,EXPLOIT
529,53,,,0,1,1,0,common,0.0,0.04201864803718442,0.6893651135404677,0.15968459453463604,0.0,0.7894855276158769,0.0,,,EXPLOIT
530,53,,,0,1,0,1,rare,1.0,0.9280454266060052,0.6931275271345557,0.3901928441560467,0.0,0.7930790983756245,0.0,,,EXPLOIT
531,53,,,0,1,1,1,common,1.0,0.38015916272457606,0.526828471692004,0.38718273972660544,0.0,0.7965178885172151,0.0,,,EXPLOIT
532,53,,,0,1,1,1,common,1.0,0.24710345577097448,0.3452142507192637,0.34515895453991613,0.0,0.7998115243443793,0.0,,,EXPLOIT
533,53,,,0,1,1,1,common,0.0,0.8393827537488666,0.24521868048347345,0.49342609430260126,0.0,0.8029688503633297,0.0,,,EXPLOIT
534,53,,,0,1,1,1,common,1.0,0.45440121006323664,0.45525964473225394,0.4817186290307919,0.0,0.8059980070747992,0.0,,,EXPLOIT
535,53,,,0,1,1,1,common,0.0,0.7046392134588961,0.30386109247258064,0.5485948043592231,0.0,0.8089064996585528,0.0,,,EXPLOIT
536,53,,,0,1,1,1,common,0.0,0.45801548874828246,0.5032353012140449,0.521421009675941,0.0,0.7996277065688321,0.0,,,EXPLOIT
537,53,,,0,1,1,0,common,0.0,0.027312121224169875,0.6246916482657303,0.3731883431404096,0.0,0.7895092619203796,0.0,,,EXPLOIT
538,53,,,0,1,1,0,common,1.0,0.9822471212042896,0.6760799655555814,0.5559059765595735,0.0,0.7931018000468607,0.0,,,EXPLOIT
539,53,,,0,0,0,1,common,0.0,0.39677047270609667,0.47137175069319703,0.5081653254035304,0.0,0.7823703382264261,0.0,,,EXPLOIT
540,53,,,0,1,1,1,common,0.0,0.29771006768638364,0.4432302981371342,0.4450287480883864,0.0,0.7705902301079659,0.0,,,EXPLOIT
541,53,,,0,1,0,0,rare,1.0,0.7656536395069565,0.5850058877576743,0.5412162155139574,0.0,0.7750494849242886,0.0,,,EXPLOIT
542,53,,,0,1,0,0,rare,1.0,0.4976748656795217,0.3740062217189059,0.5281538105636266,0.0,0.7625249065160439,0.0,,,EXPLOIT
543,53,,,0,1,1,0,common,0.0,0.36153937121721175,0.2528273311152769,0.47816947875970217,0.0,0.7486716188509294,0.0,,,EXPLOIT
544,53,,,0,1,1,0,common,0.0,0.23500059129118764,0.4520668405613463,0.4052188125191478,0.0,0.7542435779136591,0.0,,,EXPLOIT
545,53,,,0,0,0,0,common,0.0,0.6765113373083109,0.5899852910751373,0.48660656995589674,0.0,0.7595216766830892,0.0,,,EXPLOIT
546,53,,,0,1,1,1,common,0.0,0.19351154399614937,0.573903587891946,0.3986780621679725,0.0,0.7645283184396185,0.0,,,EXPLOIT
547,53,,,0,0,0,0,common,1.0,0.5602676307495978,0.6467479449001208,0.4471549327424601,0.0,0.7692836858964812,0.0,,,EXPLOIT
548,53,,,0,0,0,0,common,1.0,0.36417395998723867,0.631863209261423,0.42226064091589366,0.0,0.7738060096768146,0.0,,,EXPLOIT
549,53,,,0,0,0,0,common,1.0,0.23671307399170516,0.4530503093477908,0.36659637083863705,0.0,0.7781117987581841,0.0,,,EXPLOIT
550,53,,,0,0,0,0,common,1.0,0.1538634980946083,0.3310216427936115,0.3027765090154284,0.0,0.7822160390252375,0.0,,,EXPLOIT
551,53,,,0,0,1,0,rare,0.0,0.15275038433927196,0.26206613293750936,0.25776867161258143,0.0,0.7861323649636026,0.0,,,EXPLOIT
552,53,,,0,0,0,0,common,1.0,0.10001127376149543,0.5023204550483075,0.21044145225725563,0.0,0.7898732086403695,0.0,,,EXPLOIT
553,53,,,0,0,1,0,rare,0.0,0.09928774982052678,0.3603278482977925,0.177095341526237,0.0,0.7934499294010875,0.0,,,EXPLOIT
554,53,,,0,0,0,1,common,0.0,0.2579008072589628,0.5734543755440249,0.20133698124605473,0.0,0.7968729271337645,0.0,,,EXPLOIT
555,53,,,0,1,1,1,common,0.0,0.1257825035974971,0.6728578554638814,0.1786706379514874,0.0,0.8001517414787604,0.0,,,EXPLOIT
556,53,,,0,1,1,1,common,0.0,0.08175862733837311,0.6387374538824646,0.14959703476755312,0.0,0.8032951389778707,0.0,,,EXPLOIT
557,53,,,0,0,1,0,rare,0.0,0.0645370373833424,0.6094710863999275,0.1240790355522899,0.0,0.8063111898392114,0.0,,,EXPLOIT
558,53,,,0,1,1,0,common,1.0,0.9580509257008274,0.6694063971554813,0.37427060259685113,0.0,0.8092073357333428,0.0,,,EXPLOIT
559,53,,,0,1,1,0,common,0.0,0.37726689829446214,0.6114179922828158,0.3751694913061344,0.0,0.8119904498197805,0.0,,,EXPLOIT
560,53,,,0,0,1,0,rare,1.0,0.7547765161085996,0.6834693354723336,0.489051598746874,0.0,0.8146668900232429,0.0,,,EXPLOIT
561,53,,,0,1,0,0,rare,1.0,0.065007327944972,0.6101543788026007,0.36183831750630335,0.0,0.8172425464289605,0.0,,,EXPLOIT
562,53,,,0,1,1,1,common,0.0,0.05314310776994252,0.6890352742158083,0.2692297545853951,0.0,0.8197228835407272,0.0,,,EXPLOIT
563,53,,,0,1,1,0,common,1.0,0.4906047354705898,0.6571267154730688,0.3356422488509535,0.0,0.8221129780398116,0.0,,,EXPLOIT
564,53,,,0,1,1,0,common,0.0,0.6811069219441166,0.6754484971397126,0.4392816507789024,0.0,0.8244175525938333,0.0,,,EXPLOIT
565,53,,,0,1,0,0,rare,0.0,0.9577452368357682,0.6717605979727423,0.5948207265959621,0.0,0.8266410061894346,0.0,,,EXPLOIT
566,53,,,0,0,1,0,rare,0.0,0.4427194992636758,0.5944250810560712,0.5491903583962762,0.0,0.8188633216695966,0.0,,,EXPLOIT
567,53,,,0,1,0,1,rare,0.0,0.16763552471832582,0.6839979611433875,0.43472390829289104,0.0,0.8104440086565416,0.0,,,EXPLOIT
568,53,,,0,0,0,0,common,0.0,0.6225344039432493,0.6488700603754138,0.49106705698799846,0.0,0.8131794867116154,0.0,,,EXPLOIT
569,53,,,0,0,0,0,common,1.0,0.5953526374368879,0.6892610724083728,0.5223527311226652,0.0,0.8158109345051877,0.0,,,EXPLOIT
570,53,,,0,0,1,0,rare,0.0,0.2877676745213893,0.5203558381333822,0.4519772141422824,0.0,0.8071326920758466,0.0,,,EXPLOIT
571,53,,,0,0,1,1,rare,0.0,0.03454302005046264,0.646868961448603,0.32674695591473646,0.0,0.8099965663363274,0.0,,,EXPLOIT
572,53,,,0,0,0,0,common,1.0,0.3869792143339772,0.6888441984676651,0.34481663344050867,0.0,0.8127492361492327,0.0,,,EXPLOIT
573,53,,,0,0,1,1,rare,1.0,0.9775470369671992,0.5190373999794493,0.5346357544985159,0.0,0.8153969240965736,0.0,,,EXPLOIT
574,53,,,0,0,0,0,common,1.0,0.25153648931708517,0.35967446929404456,0.44970597494408665,0.0,0.8066832520196127,0.0,,,EXPLOIT
575,53,,,0,0,0,0,common,1.0,0.16349871805610539,0.2688009679680471,0.3638437978776923,0.0,0.8095647613676155,0.0,,,EXPLOIT
576,53,,,0,0,0,0,common,0.0,0.8937258332635315,0.21879745633650738,0.5228084084934441,0.0,0.8123340688852192,0.0,,,EXPLOIT
577,53,,,0,1,1,1,common,1.0,0.6354055740286796,0.4517547654154398,0.5565875581540147,0.0,0.8033559861760184,0.0,,,EXPLOIT
578,53,,,0,0,0,1,common,0.0,0.1089630910669118,0.6712516799779034,0.42230021802788387,0.0,0.7935794198031512,0.0,,,EXPLOIT
579,53,,,0,1,1,1,common,1.0,0.41301362311864176,0.6774372769182497,0.4195142395551112,0.0,0.7969969109182349,0.0,,,EXPLOIT
580,53,,,0,1,0,1,rare,0.0,0.07082600919349266,0.5568869237738987,0.3149077704466256,0.0,0.800270556701375,0.0,,,EXPLOIT
581,53,,,0,1,1,1,common,1.0,0.2684588550271172,0.6869223811921401,0.30097309582077303,0.0,0.8034090965877457,0.0,,,EXPLOIT
582,53,,,0,1,1,0,common,0.0,0.18704898843890305,0.5746255568762019,0.266795863606212,0.0,0.8064205763424227,0.0,,,EXPLOIT
583,53,,,0,0,0,0,common,0.0,0.5809217916212954,0.6896541658379193,0.361033642010737,0.0,0.809312415548489,0.0,,,EXPLOIT
584,53,,,0,0,0,0,common,1.0,0.622400835446158,0.6393107388917505,0.4394438000413633,0.0,0.8120914673662992,0.0,,,EXPLOIT
585,53,,,0,1,0,0,rare,1.0,0.40456054304000266,0.6739778557259426,0.4289788229409551,0.0,0.8147640715771973,0.0,,,EXPLOIT
586,53,,,0,1,1,1,common,1.0,0.17449825576762623,0.66966471613578,0.35263465278895645,0.0,0.8173361017759487,0.0,,,EXPLOIT
587,53,,,0,1,1,1,common,0.0,0.8865761337510429,0.585967859145477,0.5128170970775824,0.0,0.819813007451329,0.0,,,EXPLOIT
588,53,,,0,1,0,0,rare,0.0,0.7370356470239983,0.6925886184229691,0.5800826620615072,0.0,0.8114734352054707,0.0,,,EXPLOIT
589,53,,,0,0,0,0,common,1.0,0.5209268294344012,0.627843490369971,0.5623359122733753,0.0,0.8024203251564552,0.0,,,EXPLOIT
590,53,,,0,0,1,1,rare,1.0,0.42372551306182205,0.4876837654859806,0.5207527925099092,0.0,0.7925585289501274,0.0,,,EXPLOIT
591,53,,,0,0,0,0,common,1.0,0.33860243913236077,0.3875324420567754,0.4661076864966447,0.0,0.7817751947181326,0.0,,,EXPLOIT
592,53,,,0,0,0,0,common,1.0,0.22009158543603446,0.32660394437938367,0.3923028561784616,0.0,0.7857115081722779,0.0,,,EXPLOIT
593,53,,,0,0,0,0,common,1.0,0.14305953053342235,0.2900181027665146,0.3175298584849498,0.0,0.7894710300815758,0.0,,,EXPLOIT
594,53,,,0,0,0,1,common,0.0,0.04603690597577023,0.2677014049210127,0.2360819727321959,0.0,0.7930652316684891,0.0,,,EXPLOIT
595,53,,,0,0,0,0,common,1.0,0.09298869484672456,0.544146077839963,0.19315398936655448,0.0,0.7965046129980213,0.0,,,EXPLOIT
596,53,,,0,0,1,1,rare,1.0,0.2754215834901843,0.42418228755750886,0.21783426760364344,0.0,0.7997988036257555,0.0,,,EXPLOIT
597,53,,,0,0,0,0,common,1.0,0.06044265165037099,0.34860555990180037,0.17061678281766168,0.0,0.8029566509829886,0.0,,,EXPLOIT
598,53,,,0,0,1,1,rare,1.0,0.17902402926861982,0.30327714605274403,0.1731389567529491,0.0,0.8059862982073949,0.0,,,EXPLOIT
599,53,,,0,0,0,0,common,1.0,0.03928772357274113,0.2758382932220522,0.1329835867988867,0.0,0.8088952528609409,0.0,,,EXPLOIT
600,53,,,0,0,1,1,rare,1.0,0.11636561902460285,0.2589222423595241,0.12799819646660154,0.0,0.8116904477560104,0.0,,,EXPLOIT
601,53,,,0,0,1,0,rare,0.0,0.12158184248528699,0.24832500205742986,0.12607329027220718,0.0,0.8143782949272549,0.0,,,EXPLOIT
602,53,,,0,1,0,0,rare,1.0,0.025537020322281778,0.5282684452504948,0.09591240928722955,0.0,0.8169647336336686,0.0,,,EXPLOIT
603,53,,,0,0,1,1,rare,1.0,0.07563765236599185,0.6818741910221073,0.08982998221085824,0.0,0.8194552731473091,0.0,,,EXPLOIT
604,53,,,0,0,0,0,common,1.0,0.016599063209483123,0.615911093095389,0.06786070651044569,0.0,0.8218550309774897,0.0,,,EXPLOIT
605,53,,,0,0,0,0,common,0.0,0.9892106089138359,0.5507193737499299,0.34426567723146273,0.0,0.8241687670886004,0.0,,,EXPLOIT
606,53,,,0,0,0,1,common,0.0,0.02992398888425065,0.6930537162200217,0.2499631707272991,0.0,0.8264009145930523,0.0,,,EXPLOIT
607,53,,,0,1,1,1,common,1.0,0.0491644740378947,0.6198936837812095,0.18972356172047777,0.0,0.8285556073358152,0.0,,,EXPLOIT
608,53,,,0,1,0,0,rare,1.0,0.3570131042060066,0.4934074804208266,0.23991042446613642,0.0,0.8306367047317261,0.0,,,EXPLOIT
609,53,,,0,1,1,1,common,1.0,0.03195690812463159,0.4034391391956301,0.17752436956368498,0.0,0.8326478141695587,0.0,,,EXPLOIT
610,53,,,0,1,0,0,rare,1.0,0.2320585177339043,0.34765257988667764,0.19388461401475077,0.0,0.8345923112564939,0.0,,,EXPLOIT
611,53,,,0,1,1,1,common,0.0,0.9792280097189895,0.31356254622655827,0.42948763272602236,0.0,0.8364733581420173,0.0,,,EXPLOIT
612,53,,,0,1,0,0,rare,0.0,0.8491619634729622,0.5885991314498248,0.5553899319501043,0.0,0.8382939201305023,0.0,,,EXPLOIT
613,53,,,0,0,1,1,rare,0.0,0.6364982063173432,0.6910592439690748,0.5797224142602759,0.0,0.83142900893222,0.0,,,EXPLOIT
614,53,,,0,1,1,1,common,1.0,0.5862761658937269,0.6460828843145074,0.5816885397503112,0.0,0.8240333986872499,0.0,,,EXPLOIT
615,53,,,0,1,1,1,common,1.0,0.3810795078309225,0.47860878780348487,0.5215058301744946,0.0,0.8160434954726778,0.0,,,EXPLOIT
616,53,,,0,1,0,0,rare,0.0,0.5519552762574255,0.3569528688517263,0.5306406639993738,0.0,0.8073851223707446,0.0,,,EXPLOIT
617,53,,,0,1,0,0,rare,1.0,0.6412290704326734,0.5818988044182705,0.5638171859293637,0.0,0.7979712224235915,0.0,,,EXPLOIT
618,53,,,0,1,1,1,common,0.0,0.7522983199099004,0.42450816825509885,0.6203615261235247,0.0,0.7876989361474905,0.0,,,EXPLOIT
619,53,,,0,1,1,1,common,0.0,0.48899390794143527,0.6195193107997745,0.5809512406688978,0.0,0.7764458454841848,0.0,,,EXPLOIT
620,53,,,0,0,0,0,common,1.0,0.41679889578123774,0.6884670917658977,0.5317055372025997,0.0,0.7640650929680282,0.0,,,EXPLOIT
621,53,,,0,1,1,1,common,0.0,0.31784604016193296,0.604696278320024,0.4675476880903997,0.0,0.7503789625006652,0.0,,,EXPLOIT
622,53,,,0,0,0,0,common,1.0,0.2709192822578046,0.52511105669586,0.4085591663406211,0.0,0.7558600830485261,0.0,,,EXPLOIT
623,53,,,0,0,0,0,common,1.0,0.17609753346757295,0.3710265996527349,0.3388206764787067,0.0,0.7610543292487204,0.0,,,EXPLOIT
624,53,,,0,0,1,1,rare,0.0,0.20659992610525643,0.2814706115420873,0.29915445136667157,0.0,0.7659834060698822,0.0,,,EXPLOIT
625,53,,,0,1,1,0,common,1.0,0.9209718023845634,0.5144418690949584,0.4856996566720391,0.0,0.7706668830381465,0.0,,,EXPLOIT
626,53,,,0,0,1,1,rare,1.0,0.8657100480315834,0.6892116102388265,0.5997027740799024,0.0,0.775122450558983,0.0,,,EXPLOIT
627,53,,,0,0,1,1,rare,1.0,0.5627115312205291,0.6086350154931403,0.5886054012220903,0.0,0.7626054090135155,0.0,,,EXPLOIT
628,53,,,0,0,0,0,common,0.0,0.8855366032460775,0.5187551222599966,0.6776847618292864,0.0,0.7487608845173237,0.0,,,EXPLOIT
629,53,,,0,1,1,1,common,1.0,0.36576249529334404,0.6885989154184164,0.5841080818685036,0.0,0.7333666955127045,0.0,,,EXPLOIT
630,53,,,0,1,1,1,common,1.0,0.2377456219406736,0.6563320942545802,0.48019934389015456,0.0,0.7161481491804258,0.0,,,EXPLOIT
631,53,,,0,1,1,0,common,0.0,0.40136832845003373,0.5749082638836767,0.4565500392581183,0.0,0.7235839457551511,0.0,,,EXPLOIT
632,53,,,0,1,1,1,common,0.0,0.8454653457385621,0.6928492795282832,0.5732246312022514,0.0,0.7305713322781092,0.0,,,EXPLOIT
633,53,,,0,0,0,0,common,1.0,0.42440120789004965,0.6267584275778593,0.5285776042085908,0.0,0.7130099988727234,0.0,,,EXPLOIT
634,53,,,0,1,1,1,common,1.0,0.4504475252699346,0.4902980846090006,0.5051385805269939,0.0,0.6932136591243576,0.0,,,EXPLOIT
635,53,,,0,1,0,0,rare,1.0,0.2758607851285323,0.6639667878370104,0.43635524190745534,0.0,0.6707278607272732,0.0,,,EXPLOIT
636,53,,,0,0,0,1,common,0.0,0.019450592774762923,0.6913058222310435,0.31128384716764756,0.0,0.6811866531168406,0.0,,,EXPLOIT
637,53,,,0,0,0,0,common,1.0,0.17930951033354603,0.565899594606739,0.2716915461174171,0.0,0.6909063307592679,0.0,,,EXPLOIT
638,53,,,0,0,1,1,rare,1.0,0.29279089142545756,0.6816460791575718,0.2780213497098292,0.0,0.6999621269507329,0.0,,,EXPLOIT
639,53,,,0,1,1,1,common,0.0,0.8096859205734526,0.6882012897196623,0.4375207209689162,0.0,0.7084193999482692,0.0,,,EXPLOIT
640,53,,,0,0,0,1,common,0.0,0.012642885303595901,0.540691731474265,0.3100573702693201,0.0,0.7163352017374663,0.0,,,EXPLOIT
641,53,,,0,1,0,0,rare,1.0,0.1165511817168049,0.6910515512226905,0.25200551370356555,0.0,0.7237595569484725,0.0,,,EXPLOIT
642,53,,,0,1,1,1,common,1.0,0.47370415162725577,0.6474660887627808,0.3185151050806726,0.0,0.7307365125335998,0.0,,,EXPLOIT
643,53,,,0,1,1,0,common,1.0,0.7391105865074781,0.5609273570491013,0.4446937495087142,0.0,0.7373050047539296,0.0,,,EXPLOIT
644,53,,,0,1,0,1,rare,0.0,0.008217875447337337,0.4925369224286072,0.31375098729030115,0.0,0.7434995795250273,0.0,,,EXPLOIT
645,53,,,0,1,0,0,rare,1.0,0.07575826811592323,0.6867334693258726,0.24235317153798774,0.0,0.7493509942648274,0.0,,,EXPLOIT
646,53,,,0,0,1,1,rare,0.0,0.6920923014422837,0.6102292807585307,0.37727491050927653,0.0,0.7548867233787048,0.0,,,EXPLOIT
647,53,,,0,0,0,0,common,1.0,0.049242874275350124,0.46437273830755954,0.2788652996390986,0.0,0.760131384914146,0.0,,,EXPLOIT
648,53,,,0,0,0,0,common,1.0,0.032007868278977614,0.6500032397010339,0.20480807023106232,0.0,0.7651071023642101,0.0,,,EXPLOIT
649,53,,,0,0,0,0,common,0.0,0.9791948856186645,0.6931193577550014,0.4371241148473429,0.0,0.7698338128358682,0.0,,,EXPLOIT
650,53,,,0,1,1,1,common,1.0,0.5501400040625155,0.5851494892501056,0.4710288816118947,0.0,0.7743295306358087,0.0,,,EXPLOIT
651,53,,,0,1,0,0,rare,1.0,0.36352332434786805,0.4995131927805314,0.4387772144326867,0.0,0.7786105736212325,0.0,,,EXPLOIT
652,53,,,0,1,1,1,common,0.0,0.6424089973593649,0.4406614306904133,0.4998667493106901,0.0,0.782691758311079,0.0,,,EXPLOIT
653,53,,,0,1,0,0,rare,1.0,0.2362901608261142,0.6710647265614843,0.4207937727653173,0.0,0.7865865686746597,0.0,,,EXPLOIT
654,53,,,0,0,0,0,common,1.0,0.1535886045369742,0.576984508216176,0.3406322222968144,0.0,0.7903073026496585,0.0,,,EXPLOIT
655,53,,,0,0,1,0,rare,1.0,0.48042188122986074,0.683696393361811,0.38256911997672827,0.0,0.7938651997439485,0.0,,,EXPLOIT
656,53,,,0,0,0,0,common,1.0,0.09983259294903324,0.6875983583886516,0.29774816186841974,0.0,0.7972705525104099,0.0,,,EXPLOIT
657,53,,,0,1,1,0,common,0.0,0.6877257772005905,0.6594538378931014,0.41474144646807093,0.0,0.8005328042236118,0.0,,,EXPLOIT
658,53,,,0,1,1,1,common,1.0,0.5824341517164129,0.46669645486805716,0.46504925804257347,0.0,0.8036606347106403,0.0,,,EXPLOIT
659,53,,,0,1,0,0,rare,0.0,0.9351088145831283,0.6202688107150538,0.6060671250047398,0.0,0.8066620359789202,0.0,,,EXPLOIT
660,53,,,0,0,0,0,common,1.0,0.39217927052096657,0.4282385543678455,0.5419007686596078,0.0,0.7971835696917309,0.0,,,EXPLOIT
661,53,,,0,0,0,0,common,1.0,0.25491652583862834,0.38323790623027576,0.455805495813314,0.0,0.7868377120938713,0.0,,,EXPLOIT
662,53,,,0,0,0,0,common,0.0,0.8343042582048916,0.3550038034918488,0.5693551245307873,0.0,0.7905473484126453,0.0,,,EXPLOIT
663,53,,,0,0,1,1,rare,1.0,0.37858219861566833,0.6296699079370003,0.5121232467562515,0.0,0.7795708580206592,0.0,,,EXPLOIT
664,53,,,0,0,0,0,common,1.0,0.4577022321668205,0.5231089015443021,0.4957969423794222,0.0,0.767508860362971,0.0,,,EXPLOIT
665,53,,,0,0,0,0,common,0.0,0.7024935490915667,0.4440932050842247,0.5578059243930655,0.0,0.7721175210146571,0.0,,,EXPLOIT
666,53,,,0,0,0,0,common,1.0,0.5433791930904817,0.6663543399679577,0.5534779050022903,0.0,0.7592881394642903,0.0,,,EXPLOIT
667,53,,,0,1,1,0,common,1.0,0.5529782448196162,0.5601033906483092,0.5533280069474881,0.0,0.7450801150541897,0.0,,,EXPLOIT
668,53,,,0,0,0,0,common,0.0,0.6468035244911869,0.6816485185746892,0.5813706622105977,0.0,0.7292594511486388,0.0,,,EXPLOIT
669,53,,,0,1,1,1,common,1.0,0.2460784291001844,0.638695026149791,0.48078299227747373,0.0,0.7115360211267477,0.0,,,EXPLOIT
670,53,,,0,1,0,0,rare,0.0,0.4204222909192715,0.5406871870298198,0.462674781870013,0.0,0.7192565549329389,0.0,,,EXPLOIT
671,53,,,0,0,0,1,common,0.0,0.005341619040769269,0.6906486847262518,0.3254748330212398,0.0,0.7265033006657209,0.0,,,EXPLOIT
672,53,,,0,0,1,0,rare,1.0,0.35943585913275056,0.62232642168779,0.335663140854693,0.0,0.7333182386475281,0.0,,,EXPLOIT
673,53,,,0,1,0,1,rare,0.0,0.0034720523765000245,0.6880136621353968,0.2360058143112351,0.0,0.7397385322325851,0.0,,,EXPLOIT
674,53,,,0,0,0,1,common,1.0,0.997743165955275,0.6027239270556901,0.464527019804447,0.0,0.7457971994448332,0.0,,,EXPLOIT
675,53,,,0,0,0,0,common,0.0,0.2732744890975265,0.4678755162480692,0.40715126059237083,0.0,0.7515236752874733,0.0,,,EXPLOIT
676,53,,,0,1,1,0,common,0.0,0.7663666915637122,0.6569821847831149,0.5149158898837732,0.0,0.7569442849381182,0.0,,,EXPLOIT
677,53,,,0,0,1,0,rare,1.0,0.5018616504835871,0.5830197944489166,0.5109996180637173,0.0,0.7424764616822332,0.0,,,EXPLOIT
678,53,,,0,0,1,1,rare,1.0,0.1599509789151199,0.4179494795754395,0.40568502631913805,0.0,0.7263504373664846,0.0,,,EXPLOIT
679,53,,,0,1,0,0,rare,1.0,0.8223715820866078,0.31467431266804446,0.530690993049379,0.0,0.7331743546621013,0.0,,,EXPLOIT
680,53,,,0,0,0,0,common,1.0,0.5345415283562951,0.5534260925471934,0.5318461536414538,0.0,0.7159323358365595,0.0,,,EXPLOIT
681,53,,,0,0,0,0,common,1.0,0.34745199343159183,0.48338334998056043,0.4765279055784952,0.0,0.6965177067328489,0.0,,,EXPLOIT
682,53,,,0,0,0,1,common,0.0,0.35146694212907126,0.436706966752659,0.439009616543668,0.0,0.7052003517791734,0.0,,,EXPLOIT
683,53,,,0,0,0,0,common,1.0,0.2258437957305347,0.6728376413618473,0.375059870299728,0.0,0.7133202557452107,0.0,,,EXPLOIT
684,53,,,0,0,0,0,common,1.0,0.14679846722484757,0.5850490155525184,0.30658144937726384,0.0,0.7209300378236164,0.0,,,EXPLOIT
685,53,,,0,0,0,0,common,1.0,0.09541900369615097,0.5059353322361634,0.24323271567292998,0.0,0.7280759556406701,0.0,,,EXPLOIT
686,53,,,0,0,1,0,rare,0.0,0.6737899271856684,0.4514176674659488,0.37239987912675154,0.0,0.7347988384397021,0.0,,,EXPLOIT
687,53,,,0,0,0,1,common,1.0,0.7715464876161037,0.6768202673919156,0.49214386167355717,0.0,0.7411348606790914,0.0,,,EXPLOIT
688,53,,,0,0,0,0,common,1.0,0.06202235240249809,0.5904386697259494,0.3631074088922394,0.0,0.7471161870019966,0.0,,,EXPLOIT
689,53,,,0,0,0,0,common,1.0,0.040314529061623805,0.5099323790476498,0.2662695449430547,0.0,0.7527715128569267,0.0,,,EXPLOIT
690,53,,,0,0,0,0,common,1.0,0.026204443890055495,0.4540491940023754,0.19425001462715494,0.0,0.7581265199483266,0.0,,,EXPLOIT
691,53,,,0,0,0,0,common,1.0,0.017032888528536017,0.4178173120601213,0.14108487679756926,0.0,0.7632042617707333,0.0,,,EXPLOIT
692,53,,,0,0,0,0,common,1.0,0.011071377543548366,0.3946572307035398,0.10208082702136298,0.0,0.7680254914358484,0.0,,,EXPLOIT
693,53,,,0,0,1,1,rare,0.0,0.8960318637051721,0.3798478840908715,0.34026613802650574,0.0,0.7726089416245033,0.0,,,EXPLOIT
694,53,,,0,1,0,1,rare,0.0,0.4984947830495326,0.6533055290930458,0.38773473153341376,0.0,0.7769715646265312,0.0,,,EXPLOIT
695,53,,,0,1,1,0,common,0.0,0.4379634526706845,0.5291224602383614,0.40280334787459493,0.0,0.7811287389530002,0.0,,,EXPLOIT
696,53,,,0,0,1,0,rare,0.0,0.28467624423594495,0.4310505167304856,0.36736521678299994,0.0,0.7850944478285553,0.0,,,EXPLOIT
697,53,,,0,0,0,0,common,1.0,0.00719639540330641,0.6163558470194979,0.2593145703690919,0.0,0.7888814339297981,0.0,,,EXPLOIT
698,53,,,0,1,1,1,common,1.0,0.41757928859163806,0.4429651581179011,0.3067939858358557,0.0,0.7925013339777482,0.0,,,EXPLOIT
699,53,,,0,1,1,1,common,0.0,0.7285734624154352,0.6591769066600659,0.43332782880972953,0.0,0.795964796179408,0.0,,,EXPLOIT
700,53,,,0,0,0,0,common,1.0,0.004677657012149172,0.5395636082440509,0.3047327772704554,0.0,0.7992815830151658,0.0,,,EXPLOIT
701,53,,,0,0,0,0,common,0.0,0.996959522942103,0.42045929843094876,0.5124008009719496,0.0,0.8024606614618534,0.0,,,EXPLOIT
702,53,,,0,1,0,1,rare,0.0,0.32402160898219623,0.6363275812491014,0.45588704337502356,0.0,0.7926025473702292,0.0,,,EXPLOIT
703,53,,,0,0,0,0,common,1.0,0.35197631008763297,0.5549719271351711,0.42471382338880637,0.0,0.7960616815912464,0.0,,,EXPLOIT
704,53,,,0,0,1,1,rare,1.0,0.5264272494299671,0.39711086962754727,0.45522785120115455,0.0,0.7993744076392936,0.0,,,EXPLOIT
705,53,,,0,0,0,1,common,1.0,0.7893859541615724,0.30180049961462846,0.5554752820892799,0.0,0.802549670948391,0.0,,,EXPLOIT
706,53,,,0,0,0,1,common,0.0,0.4868991297949779,0.2479816676449394,0.5349024364009892,0.0,0.7926996796147499,0.0,,,EXPLOIT
707,53,,,0,0,0,1,common,1.0,0.6835155656332643,0.4934630886856275,0.5794863751706717,0.0,0.7819298351065277,0.0,,,EXPLOIT
708,53,,,0,0,0,1,common,0.0,0.5557148823383782,0.35790329184474345,0.5723549273209836,0.0,0.7701056002745947,0.0,,,EXPLOIT
709,53,,,0,0,0,1,common,1.0,0.6387853264800541,0.5748032007416781,0.5922840470687047,0.0,0.7570648573792358,0.0,,,EXPLOIT
710,53,,,0,1,1,1,common,1.0,0.3421777121294787,0.41085569258195487,0.5172521465869369,0.0,0.7426104586263883,0.0,,,EXPLOIT
711,53,,,0,1,1,1,common,1.0,0.22241551288416117,0.639397616605408,0.4288011564761041,0.0,0.726500224322398,0.0,,,EXPLOIT
712,53,,,0,0,1,1,rare,1.0,0.14457008337470478,0.692835047416869,0.34353183454568426,0.0,0.73331534295612,0.0,,,EXPLOIT
713,53,,,0,0,0,1,common,0.0,0.5847895377879648,0.6697038469092389,0.41590914551836844,0.0,0.7397358018693196,0.0,,,EXPLOIT
714,53,,,0,1,0,0,rare,1.0,0.22878460155696145,0.6438152442949998,0.35977178232994633,0.0,0.7457946207711466,0.0,,,EXPLOIT
715,53,,,0,1,1,1,common,1.0,0.09397055419355815,0.5589194508988935,0.28003141388902986,0.0,0.7515212361245577,0.0,,,EXPLOIT
716,53,,,0,1,0,0,rare,0.0,0.851290008987975,0.4926637237733339,0.45140899241871335,0.0,0.7569419743767191,0.0,,,EXPLOIT
717,53,,,0,0,1,1,rare,0.0,0.9389191397741872,0.68713353667779,0.5976620366253554,0.0,0.7620804521213269,0.0,,,EXPLOIT
718,53,,,0,1,1,1,common,1.0,0.3897025591467783,0.5968759229934759,0.5352741933817823,0.0,0.748178730960469,0.0,,,EXPLOIT
719,53,,,0,0,0,1,common,0.0,0.38011319956217715,0.46542713983958867,0.4887258952359007,0.0,0.7327174962590806,0.0,,,EXPLOIT
720,53,,,0,1,1,1,common,1.0,0.253306663445406,0.36524535821666415,0.41810012569875227,0.0,0.7391721319098885,0.0,,,EXPLOIT
721,53,,,0,1,1,1,common,0.0,0.8353506687604861,0.28591099876953363,0.5432752886172725,0.0,0.7452623046562811,0.0,,,EXPLOIT
722,53,,,0,0,0,1,common,0.0,0.24707357971541516,0.5271407969298603,0.45441477594671525,0.0,0.7294628937957468,0.0,,,EXPLOIT
723,53,,,0,1,0,1,rare,0.0,0.16059782681501986,0.4611922939316332,0.36626969120720665,0.0,0.736105082375793,0.0,,,EXPLOIT
724,53,,,0,1,1,1,common,1.0,0.457022065305684,0.6153230154385056,0.3934954034367498,0.0,0.7423671928001239,0.0,,,EXPLOIT
725,53,,,0,1,1,1,common,1.0,0.2970643424486946,0.4212876594031518,0.36456608514033323,0.0,0.7482806504492827,0.0,,,EXPLOIT
726,53,,,0,1,0,0,rare,1.0,0.4466614941578162,0.29786598458998753,0.3891947078455781,0.0,0.7538735095554839,0.0,,,EXPLOIT
727,53,,,0,0,0,0,common,1.0,0.29032997120258053,0.23084542169399913,0.35953528685267877,0.0,0.7591708934528855,0.0,,,EXPLOIT
728,53,,,0,1,1,1,common,1.0,0.19309182259165147,0.47058352694929806,0.3096022475743706,0.0,0.7641953675913431,0.0,,,EXPLOIT
729,53,,,0,1,1,1,common,1.0,0.12550968468457346,0.41437909559701047,0.25437447870743146,0.0,0.7689672569962921,0.0,,,EXPLOIT
730,53,,,0,1,1,1,common,0.0,0.9184187049550272,0.3787935018308791,0.4535877465817102,0.0,0.7735049175937022,0.0,,,EXPLOIT
731,53,,,0,1,1,1,common,1.0,0.40302784177923234,0.6440122093116813,0.4384197751409668,0.0,0.777824969037126,0.0,,,EXPLOIT
732,53,,,0,1,1,1,common,0.0,0.738031902843499,0.5405480582107565,0.5283034134517264,0.0,0.7819424952624288,0.0,,,EXPLOIT
733,53,,,0,1,0,1,rare,1.0,0.8956114125702371,0.6897179322901138,0.6384958131872795,0.0,0.7701195298355098,0.0,,,EXPLOIT
734,53,,,0,0,0,0,common,1.0,0.18871448128167734,0.6027331113910556,0.5035614136155989,0.0,0.7570802564782172,0.0,,,EXPLOIT
735,53,,,0,0,0,0,common,1.0,0.12266441283309026,0.6916954464876566,0.3892923133808463,0.0,0.7426275717884642,0.0,,,EXPLOIT
736,53,,,0,1,1,1,common,1.0,0.5202792631517257,0.6733473900700968,0.42858839831211004,0.0,0.7485267361413237,0.0,,,EXPLOIT
737,53,,,0,1,0,0,rare,1.0,0.0797318683415087,0.6925333080246561,0.3239314393209296,0.0,0.7541064359261201,0.0,,,EXPLOIT
738,53,,,0,1,1,1,common,1.0,0.33818152104862165,0.6756948897955843,0.32820646383923724,0.0,0.7593916776336808,0.0,,,EXPLOIT
739,53,,,0,1,1,1,common,1.0,0.21981798868160407,0.6532769676623875,0.29568992129194727,0.0,0.7644049245413967,0.0,,,EXPLOIT
740,53,,,0,1,1,1,common,1.0,0.14288169264304262,0.6345079474338349,0.24984745269727587,0.0,0.7691664120168699,0.0,,,EXPLOIT
741,53,,,0,1,0,1,rare,0.0,0.4178525818293459,0.6207650626323756,0.3002489914368969,0.0,0.773694417047505,0.0,,,EXPLOIT
742,53,,,0,1,1,1,common,1.0,0.09287310021797768,0.6560941395704776,0.2380362240712211,0.0,0.7780054895656543,0.0,,,EXPLOIT
743,53,,,0,1,0,0,rare,1.0,0.051825714421980695,0.6930401399063183,0.182173071176449,0.0,0.7821146517413423,0.0,,,EXPLOIT
744,53,,,0,0,0,0,common,1.0,0.033686714374287496,0.6810967913993287,0.13762716413580053,0.0,0.7860355703007481,0.0,,,EXPLOIT
745,53,,,0,0,0,0,common,0.0,0.9781036356567131,0.6931019529724707,0.38977010559207426,0.0,0.7897807060359316,0.0,,,EXPLOIT
746,53,,,0,1,0,0,rare,0.0,0.6357673631768636,0.5483642607645642,0.463569282867511,0.0,0.7933614439520129,0.0,,,EXPLOIT
747,53,,,0,0,0,1,common,1.0,0.7283958218109251,0.6931280712896273,0.5430172445505352,0.0,0.7967882069155052,0.0,,,EXPLOIT
748,53,,,0,1,1,1,common,1.0,0.06036751514168548,0.6441092929140315,0.3982223257278803,0.0,0.7864053180149508,0.0,,,EXPLOIT
749,53,,,0,1,1,1,common,1.0,0.03923888484209559,0.6931391066886389,0.2905272934621449,0.0,0.7901340707566277,0.0,,,EXPLOIT
750,53,,,0,1,1,1,common,1.0,0.025505275147362116,0.673126151608169,0.21102068796771006,0.0,0.7936994742001784,0.0,,,EXPLOIT
751,53,,,0,0,0,0,common,1.0,0.5867512139350387,0.6396882509026233,0.3237398457579086,0.0,0.7971118636339302,0.0,,,EXPLOIT
752,53,,,0,0,0,1,common,1.0,0.4734572841771013,0.6845890270386321,0.3686550772836664,0.0,0.8003807207036592,0.0,,,EXPLOIT
753,53,,,0,1,1,1,common,1.0,0.01657842884578542,0.6931457391495979,0.2630320827523021,0.0,0.8035147597675193,0.0,,,EXPLOIT
754,53,,,0,1,1,1,common,1.0,0.01077597874976055,0.6895133766562525,0.18735525155153965,0.0,0.8065220039759813,0.0,,,EXPLOIT
755,53,,,0,0,0,0,common,1.0,0.3813882890577751,0.6831627422641995,0.2455651628034103,0.0,0.8094098524753832,0.0,,,EXPLOIT
756,53,,,0,0,0,1,common,0.0,0.6922527652848841,0.6916086678337436,0.37957144354785244,0.0,0.8121851399202744,0.0,,,EXPLOIT
757,53,,,0,0,0,0,common,1.0,0.2479023878875538,0.4976786531943872,0.3400707268497628,0.0,0.8148541893022675,0.0,,,EXPLOIT
758,53,,,0,1,1,1,common,1.0,0.007004386187344336,0.6129599541788547,0.24015082465103724,0.0,0.8174228589549921,0.0,,,EXPLOIT
759,53,,,0,1,1,1,common,1.0,0.004552851021773829,0.5996170722712151,0.16947143256225822,0.0,0.819896584470671,0.0,,,EXPLOIT
760,53,,,0,1,1,1,common,1.0,0.002959353164152967,0.5905742238998859,0.11951780874282664,0.0,0.8222804161595615,0.0,,,EXPLOIT
761,53,,,0,1,0,0,rare,0.0,0.83886344787309,0.5845535923078469,0.3353215004819056,0.0,0.8245790525955666,0.0,,,EXPLOIT
762,53,,,0,0,1,1,rare,1.0,0.0019235795566994174,0.6743225927137192,0.23530212420434377,0.0,0.8267968707169283,0.0,,,EXPLOIT
763,53,,,0,0,0,0,common,1.0,0.4547387588824915,0.6262081133643231,0.3011331146077881,0.0,0.8289379528877886,0.0,,,EXPLOIT
764,53,,,0,1,1,1,common,1.0,0.0012503267118546546,0.5830463968074389,0.21116827823900805,0.0,0.8310061112726846,0.0,,,EXPLOIT
765,53,,,0,0,0,0,common,0.0,0.7044198067263805,0.6637149503907357,0.35914373678521977,0.0,0.833004909830188,0.0,,,EXPLOIT
766,53,,,0,0,0,1,common,0.0,0.4499642974351747,0.6270302288554673,0.3863899049802062,0.0,0.8349376841926596,0.0,,,EXPLOIT
767,53,,,0,1,0,0,rare,1.0,0.5421271256278527,0.4611124989380481,0.4331110711745001,0.0,0.8368075596654179,0.0,,,EXPLOIT
768,53,,,0,0,0,0,common,1.0,0.35238263165810424,0.3888933512869936,0.40889253931958136,0.0,0.8386174675496476,0.0,,,EXPLOIT
769,53,,,0,1,1,0,common,0.0,0.18503955875336422,0.579147366088224,0.34173664514971624,0.0,0.8403701599683943,0.0,,,EXPLOIT
770,53,,,0,0,0,0,common,1.0,0.22904871057776777,0.6894651263924885,0.3079302647781317,0.0,0.842068223353389,0.0,,,EXPLOIT
771,53,,,0,1,0,1,rare,0.0,0.2924767933328636,0.6291230413391169,0.30329422334455125,0.0,0.8437140907317303,0.0,,,EXPLOIT
772,53,,,0,1,1,1,common,1.0,0.0008127123627055255,0.4724191185674324,0.21254977004999753,0.0,0.845310052935201,0.0,,,EXPLOIT
773,53,,,0,1,1,1,common,0.0,0.9994717369642414,0.6482306849042767,0.4486263601242707,0.0,0.8468582688408441,0.0,,,EXPLOIT
774,53,,,0,0,0,0,common,0.0,0.8511183381244509,0.49078580143447204,0.5693739535243247,0.0,0.8483607747390868,0.0,,,EXPLOIT
775,53,,,0,0,0,0,common,0.0,0.5532269197808931,0.6736607791603932,0.5645298434012953,0.0,0.8422377943405797,0.0,,,EXPLOIT
776,53,,,0,0,1,0,rare,0.0,0.12027571318968674,0.6840320523729566,0.43125360433781273,0.0,0.8356686795366539,0.0,,,EXPLOIT
777,53,,,0,1,1,1,common,1.0,0.3503433709732431,0.6343962509589982,0.40698053432844183,0.0,0.8375150081428394,0.0,,,EXPLOIT
778,53,,,0,1,1,1,common,1.0,0.22772319113260797,0.4579662111008398,0.3532033313696916,0.0,0.8393024548028353,0.0,,,EXPLOIT
779,53,,,0,1,0,0,rare,1.0,0.6404025021424194,0.3362005947834804,0.4393630826015099,0.0,0.8410337059809783,0.0,,,EXPLOIT
780,53,,,0,1,0,0,rare,1.0,0.4162616263925727,0.2669766627280973,0.4324326457388287,0.0,0.8427112873409045,0.0,,,EXPLOIT
781,53,,,0,1,1,1,common,0.0,0.8519799257638048,0.22756218528616767,0.5582968297463216,0.0,0.8443375756015136,0.0,,,EXPLOIT
782,53,,,0,1,0,0,rare,1.0,0.27057005715517224,0.4743971459747396,0.47197879796897674,0.0,0.8379232486789424,0.0,,,EXPLOIT
783,53,,,0,0,1,0,rare,0.0,0.07817921357329638,0.345886115083198,0.3538389226502726,0.0,0.8396977905581935,0.0,,,EXPLOIT
784,53,,,0,1,0,0,rare,0.0,0.824129462849138,0.29069826777718943,0.4949260847099322,0.0,0.8414167202765842,0.0,,,EXPLOIT
785,53,,,0,1,0,0,rare,1.0,0.46431584914806034,0.5060080257076085,0.48574301404137066,0.0,0.8430825289032324,0.0,,,EXPLOIT
786,53,,,0,1,1,1,common,0.0,0.5537869517464731,0.3444937562548891,0.5061561953529014,0.0,0.8446975610900908,0.0,,,EXPLOIT
787,53,,,0,1,1,1,common,1.0,0.6400384813647925,0.5450108677281504,0.5463208811564686,0.0,0.8383095828537035,0.0,,,EXPLOIT
788,53,,,0,1,0,0,rare,1.0,0.3018053019462392,0.3687198171694798,0.4729662073933998,0.0,0.8314458594830697,0.0,,,EXPLOIT
789,53,,,0,1,1,1,common,1.0,0.41602501288711513,0.2675661834364802,0.45588384904151436,0.0,0.8334300471357546,0.0,,,EXPLOIT
790,53,,,0,1,1,1,common,1.0,0.27041625837662486,0.21287261309134572,0.4002435718420475,0.0,0.835348906436331,0.0,,,EXPLOIT
791,53,,,0,1,0,0,rare,0.0,0.8038265537349445,0.18222095687220977,0.5213184664099166,0.0,0.8372055192356054,0.0,,,EXPLOIT
792,53,,,0,1,1,1,common,1.0,0.17577056794480617,0.4065069078744133,0.41765409687038346,0.0,0.8302578099118746,0.0,,,EXPLOIT
793,53,,,0,1,0,0,rare,0.0,0.5224872599277139,0.2880372549930691,0.44910404578758256,0.0,0.8322815816428113,0.0,,,EXPLOIT
794,53,,,0,1,1,1,common,1.0,0.11425086916412397,0.5039310403215327,0.348648092800545,0.0,0.8342381343176908,0.0,,,EXPLOIT
795,53,,,0,1,1,1,common,1.0,0.07426306495668056,0.34324950241391405,0.2663325844473856,0.0,0.8361306682014209,0.0,,,EXPLOIT
796,53,,,0,0,0,0,common,0.0,0.33961671895301404,0.25386067476199226,0.28831782479907414,0.0,0.8379621837664831,0.0,,,EXPLOIT
797,53,,,0,1,1,1,common,0.0,0.9517290077781576,0.2242113279286747,0.48734117969279916,0.0,0.8397354970471248,0.0,,,EXPLOIT
798,53,,,0,1,1,1,common,1.0,0.38137614494419747,0.4347124119636005,0.45555166926821866,0.0,0.8414532535989926,0.0,,,EXPLOIT
799,53,,,0,1,1,1,common,0.0,0.7521055057862717,0.29147207349792226,0.5445178202236345,0.0,0.843117941209775,0.0,,,EXPLOIT
800,53,,,0,1,1,1,common,1.0,0.5111314212389234,0.49231932608523676,0.5345019005282212,0.0,0.8366139355533855,0.0,,,EXPLOIT
801,53,,,0,1,0,1,rare,0.0,0.19010991566636132,0.3235223032617833,0.4311843050696632,0.0,0.829621010679585,0.0,,,EXPLOIT
802,53,,,0,1,1,0,common,0.0,0.05081648882264265,0.5164151117418119,0.317073960195557,0.0,0.8316661439136142,0.0,,,EXPLOIT
803,53,,,0,1,0,1,rare,0.0,0.12357144518313486,0.6300295472542781,0.25902320569183035,0.0,0.8336430305393084,0.0,,,EXPLOIT
804,53,,,0,1,1,1,common,0.0,0.6677645761946998,0.6774052614809426,0.38164561684269116,0.0,0.8355549356273166,0.0,,,EXPLOIT
805,53,,,0,0,0,0,common,0.0,0.22075086731945914,0.6915562664430148,0.3333771919857215,0.0,0.8374049194254999,0.0,,,EXPLOIT
806,53,,,0,0,0,0,common,1.0,0.8565119362423516,0.6864350462005628,0.49031761526271056,0.0,0.8391958531745193,0.0,,,EXPLOIT
807,53,,,0,0,0,0,common,1.0,0.5567327585575286,0.5641574696396188,0.5102421582511559,0.0,0.840930433480236,0.0,,,EXPLOIT
808,53,,,0,1,0,0,rare,1.0,0.36187629306239355,0.37606662548621195,0.46573239869452715,0.0,0.8342639982096454,0.0,,,EXPLOIT
809,53,,,0,1,1,0,common,0.0,0.03303071773471772,0.6341548274088367,0.3359218944065843,0.0,0.8361556921955117,0.0,,,EXPLOIT
810,53,,,0,0,0,0,common,1.0,0.23521959049055585,0.5190367136159874,0.30571120323177575,0.0,0.8379864069164561,0.0,,,EXPLOIT
811,53,,,0,0,0,0,common,1.0,0.15289273381886126,0.3951393556619396,0.25986566240790143,0.0,0.8397589560249074,0.0,,,EXPLOIT
812,53,,,0,0,1,1,rare,0.0,0.43404697452655483,0.3199020456752407,0.31212005604349746,0.0,0.8414759828735735,0.0,,,EXPLOIT
813,53,,,0,0,1,0,rare,0.0,0.02146996652756652,0.5703098217773538,0.22492502918871815,0.0,0.8431399732102016,0.0,,,EXPLOIT
814,53,,,0,0,1,1,rare,1.0,0.7178694665577393,0.6818017355422761,0.37280836039942444,0.0,0.8447532667534271,0.0,,,EXPLOIT
815,53,,,0,0,1,1,rare,0.0,0.5333848467374694,0.5386538277043926,0.42098130630083797,0.0,0.846318067763102,0.0,,,EXPLOIT
816,53,,,0,1,0,0,rare,1.0,0.09938027698225982,0.6733895969050627,0.32450099750526445,0.0,0.8478364547055504,0.0,,,EXPLOIT
817,53,,,0,1,1,1,common,1.0,0.6532998496206448,0.6483346042002915,0.4231406531398786,0.0,0.8493103891028881,0.0,,,EXPLOIT
818,53,,,0,1,1,1,common,1.0,0.4246449022534192,0.5255347997819854,0.42359192787394073,0.0,0.850741723645656,0.0,,,EXPLOIT
819,53,,,0,1,1,1,common,1.0,0.27601918646472257,0.4302628409695002,0.3793201054511752,0.0,0.852132209639332,0.0,,,EXPLOIT
820,53,,,0,1,0,0,rare,1.0,0.06459718003846893,0.3697432262723432,0.2849032278273633,0.0,0.8534835038476748,0.0,,,EXPLOIT
821,53,,,0,1,0,0,rare,1.0,0.04198816702500485,0.3324684350608801,0.2120287095866558,0.0,0.8547971747891371,0.0,,,EXPLOIT
822,53,,,0,1,1,1,common,1.0,0.1794124712020697,0.3093754603065645,0.20224383807127994,0.0,0.8560747085366741,0.0,,,EXPLOIT
823,53,,,0,1,1,1,common,0.0,0.8833818937186547,0.2948948845304712,0.40658525476549234,0.0,0.8573175140660528,0.0,,,EXPLOIT
824,53,,,0,1,1,1,common,1.0,0.42580176908287437,0.5814129641536419,0.4123502090607069,0.0,0.8585269281931391,0.0,,,EXPLOIT
825,53,,,0,1,0,0,rare,0.0,0.9727076914337468,0.4691582483028728,0.5804574537726188,0.0,0.8597042201365513,0.0,,,EXPLOIT
826,53,,,0,1,1,1,common,1.0,0.2767711499038683,0.6667396518504527,0.48935156261199364,0.0,0.8543658249551939,0.0,,,EXPLOIT
827,53,,,0,1,1,1,common,0.0,0.8200987525624857,0.5460469656781767,0.5885757195971412,0.0,0.8556551768253017,0.0,,,EXPLOIT
828,53,,,0,0,0,1,common,0.0,0.08032143936903766,0.6860893104483887,0.4360994355287101,0.0,0.8500429570547811,0.0,,,EXPLOIT
829,53,,,0,1,1,1,common,0.0,0.5330641891656157,0.6250611655818394,0.4651888616197818,0.0,0.8514533209590522,0.0,,,EXPLOIT
830,53,,,0,0,0,0,common,1.0,0.36774000056806455,0.6901530126456954,0.4359542033042666,0.0,0.8528236896333861,0.0,,,EXPLOIT
831,53,,,0,0,1,1,rare,1.0,0.6535082770423498,0.6007587563333128,0.5012204254256916,0.0,0.8541556742436766,0.0,,,EXPLOIT
832,53,,,0,0,0,0,common,1.0,0.23903100036924196,0.45478081647845037,0.42256359790875664,0.0,0.8484402937800364,0.0,,,EXPLOIT
833,53,,,0,0,0,0,common,1.0,0.15537015024000733,0.35749037724043287,0.34240556360813185,0.0,0.8498967102471944,0.0,,,EXPLOIT
834,53,,,0,0,0,0,common,1.0,0.10099059765600482,0.29980998110053947,0.2699810738224937,0.0,0.8513112499161423,0.0,,,EXPLOIT
835,53,,,0,0,0,0,common,1.0,0.06564388847640312,0.2655816018367918,0.20867991821866652,0.0,0.8526856249044908,0.0,,,EXPLOIT
836,53,,,0,0,0,0,common,1.0,0.04266852750966199,0.24483002305921214,0.15887650100596518,0.0,0.8540214554081792,0.0,,,EXPLOIT
837,53,,,0,0,0,0,common,0.0,0.9722654571187197,0.23198743759239898,0.4028931878397915,0.0,0.8553202757904509,0.0,,,EXPLOIT
838,53,,,0,0,0,0,common,0.0,0.6319725471271678,0.5037217569332089,0.47161699562600434,0.0,0.856583540193138,0.0,,,EXPLOIT
839,53,,,0,0,0,0,common,1.0,0.5892178443673409,0.6634292851798366,0.5068972502484053,0.0,0.8578126277134079,0.0,,,EXPLOIT
840,53,,,0,0,0,0,common,0.0,0.6170084011612283,0.5138442189012715,0.5399305955222522,0.0,0.8523471694920125,0.0,,,EXPLOIT
841,53,,,0,0,0,0,common,1.0,0.5989445392452015,0.6668098805898677,0.557634778639137,0.0,0.8465061070896681,0.0,,,EXPLOIT
842,53,,,0,0,0,0,common,1.0,0.389313950509381,0.5180977825879094,0.5071385302002102,0.0,0.8402496708128754,0.0,,,EXPLOIT
843,53,,,0,0,1,1,rare,1.0,0.4247803800775274,0.3968345378555709,0.4824310851634053,0.0,0.8335322713820015,0.0,,,EXPLOIT
844,53,,,0,1,1,1,common,1.0,0.2761072470503928,0.3229829312027881,0.42053393372950154,0.0,0.8354477915073648,0.0,,,EXPLOIT
845,53,,,0,0,1,1,rare,1.0,0.1794697105827553,0.5401570033403509,0.34821466678547763,0.0,0.8373012213557678,0.0,,,EXPLOIT
846,53,,,0,1,1,1,common,1.0,0.11665531187879097,0.48954588442152835,0.2787468603134716,0.0,0.8390954425283121,0.0,,,EXPLOIT
847,53,,,0,0,0,0,common,1.0,0.25305406783109763,0.6220548005117785,0.2710390225687594,0.0,0.8408331612091787,0.0,,,EXPLOIT
848,53,,,0,1,1,1,common,1.0,0.07582595272121417,0.5951614129301108,0.21247510161449581,0.0,0.842516921315972,0.0,,,EXPLOIT
849,53,,,0,1,1,1,common,1.0,0.049286869268789224,0.6618087127648182,0.16351863191078383,0.0,0.8441491164845308,0.0,,,EXPLOIT
850,53,,,0,0,0,0,common,1.0,0.16448514409021342,0.6863988581484297,0.1638085855646127,0.0,0.8457320010069601,0.0,,,EXPLOIT
851,53,,,0,0,0,0,common,0.0,0.8930846563413612,0.6796613729905957,0.38259140679763726,0.0,0.847267699828028,0.0,,,EXPLOIT
852,53,,,0,0,0,0,common,1.0,0.41949497337811514,0.581044714829119,0.39366247677178057,0.0,0.8487582176931577,0.0,,,EXPLOIT
853,53,,,0,1,1,1,common,1.0,0.03203646502471302,0.6657579217527968,0.2851746732476603,0.0,0.8502054475308539,0.0,,,EXPLOIT
854,53,,,0,1,1,1,common,1.0,0.02082370226606345,0.6424371552865596,0.20586938195318125,0.0,0.8516111781432755,0.0,,,EXPLOIT
855,53,,,0,1,1,1,common,1.0,0.01353540647294127,0.62414055911916,0.14816918930910924,0.0,0.8529771012706749,0.0,,,EXPLOIT
856,53,,,0,1,1,1,common,1.0,0.008798014207411775,0.6110996870580918,0.1063578367786,0.0,0.8543048180883793,0.0,,,EXPLOIT
857,53,,,0,1,1,1,common,0.0,0.9942812907651823,0.6021899429548949,0.3727348729745747,0.0,0.855595845188789,0.0,,,EXPLOIT
858,53,,,0,0,0,0,common,1.0,0.2726717326957748,0.6659618357286011,0.3427159308909347,0.0,0.8568516200953962,0.0,,,EXPLOIT
859,53,,,0,0,0,0,common,1.0,0.17723662625225367,0.6159933579793153,0.29307213949933036,0.0,0.8580735063509878,0.0,,,EXPLOIT
860,53,,,0,1,1,1,common,1.0,0.3537171610026315,0.5737391241016336,0.3112656459503207,0.0,0.8592627982179045,0.0,,,EXPLOIT
861,53,,,0,1,1,1,common,1.0,0.22991615465171045,0.6590088693577612,0.2868607985607376,0.0,0.8604207250244374,0.0,,,EXPLOIT
862,53,,,0,0,0,1,common,1.0,0.9477910644101255,0.6881831636986637,0.48513987831555394,0.0,0.8615484551880507,0.0,,,EXPLOIT
863,53,,,0,0,0,0,common,1.0,0.11520380706396494,0.6784320284875691,0.37415905694007723,0.0,0.8626470999431279,0.0,,,EXPLOIT
864,53,,,0,0,1,1,rare,1.0,0.14944550052361183,0.6694692557091317,0.3067449900151376,0.0,0.8637177167982476,0.0,,,EXPLOIT
865,53,,,0,1,0,0,rare,1.0,0.07488247459157726,0.6625971262862445,0.2371862353880695,0.0,0.8647613127456143,0.0,,,EXPLOIT
866,53,,,0,0,0,1,common,1.0,0.6160641918665817,0.68300403095394,0.3508496223316231,0.0,0.8657788472431248,0.0,,,EXPLOIT
867,53,,,0,0,1,1,rare,1.0,0.09713957534034767,0.6800068046950426,0.27473660823424045,0.0,0.8667712349876446,0.0,,,EXPLOIT
868,53,,,0,1,1,1,common,0.0,0.9368592760287741,0.6778596778319232,0.47337340857260046,0.0,0.867739348496351,0.0,,,EXPLOIT
869,53,,,0,0,1,1,rare,1.0,0.3910414705812968,0.4499554658969488,0.44867382717520937,0.0,0.8686840205114648,0.0,,,EXPLOIT
870,53,,,0,0,0,0,common,0.0,0.9513263915154748,0.4461738103049203,0.5994695964772889,0.0,0.8696060462423075,0.0,,,EXPLOIT
871,53,,,0,0,1,1,rare,1.0,0.25417695587784295,0.685994100982249,0.4958818042974551,0.0,0.8649082507623339,0.0,,,EXPLOIT
872,53,,,0,0,0,0,common,1.0,0.3816378455149414,0.6295609255725019,0.461608616662701,0.0,0.8659221378221899,0.0,,,EXPLOIT
873,53,,,0,1,0,1,rare,0.0,0.5995582752867219,0.5701472865635299,0.5029935142499072,0.0,0.8669110053007246,0.0,,,EXPLOIT
874,53,,,0,0,0,0,common,1.0,0.24806459958471194,0.391075734633825,0.4265148398503486,0.0,0.8620429266069837,0.0,,,EXPLOIT
875,53,,,0,0,0,0,common,1.0,0.16124198973006276,0.34682150683468166,0.3469329848142629,0.0,0.8631289191852108,0.0,,,EXPLOIT
876,53,,,0,0,0,0,common,1.0,0.10480729332454075,0.31946494399538305,0.2742952773673462,0.0,0.8641873399090487,0.0,,,EXPLOIT
877,53,,,0,0,0,0,common,1.0,0.06812474066095153,0.3023700334486408,0.2124441163554278,0.0,0.8652191741737993,0.0,,,EXPLOIT
878,53,,,0,0,0,0,common,1.0,0.04428108142961851,0.29156688851498913,0.16199520587768498,0.0,0.8662253611044863,0.0,,,EXPLOIT
879,53,,,0,0,1,1,rare,1.0,0.16521502132059795,0.28467913861411004,0.16296115051055887,0.0,0.8672067962413764,0.0,,,EXPLOIT
880,53,,,0,0,0,1,common,0.0,0.38971287893636924,0.28025973696282824,0.23098666903830195,0.0,0.8681643340405947,0.0,,,EXPLOIT
881,53,,,0,0,0,0,common,0.0,0.971217297070748,0.5722625304752398,0.4530558574480358,0.0,0.8690987902045161,0.0,,,EXPLOIT
882,53,,,0,0,0,0,common,1.0,0.3687087569040137,0.6903347644002706,0.42775172728482913,0.0,0.870010943855306,0.0,,,EXPLOIT
883,53,,,0,1,1,1,common,1.0,0.10738976385838872,0.5889406510201975,0.331643138256897,0.0,0.8709015395637825,0.0,,,EXPLOIT
884,53,,,0,1,1,1,common,1.0,0.06980334650795261,0.6919570007014739,0.2530912007322137,0.0,0.8717712892447192,0.0,,,EXPLOIT
885,53,,,0,1,0,0,rare,1.0,0.23966069198760898,0.6666766164334497,0.24906204810883226,0.0,0.8726208739287297,0.0,,,EXPLOIT
886,53,,,0,1,1,1,common,1.0,0.04537217523016923,0.6133864412518487,0.18795508624523335,0.0,0.8734509454200104,0.0,,,EXPLOIT
887,53,,,0,1,1,1,common,0.0,0.97050808610039,0.5679180352212527,0.42272098620178034,0.0,0.8742621278484333,0.0,,,EXPLOIT
888,53,,,0,0,0,0,common,1.0,0.1557794497919458,0.6893879696699948,0.34263852527883,0.0,0.8750550191237524,0.0,,,EXPLOIT
889,53,,,0,0,1,0,rare,0.0,0.013955478242918238,0.6348916561458897,0.24403361116805644,0.0,0.8758301922990612,0.0,,,EXPLOIT
890,53,,,0,1,1,1,common,0.0,0.6308302559652534,0.6778991435584878,0.3600726046072155,0.0,0.876588196850032,0.0,,,EXPLOIT
891,53,,,0,0,0,0,common,0.0,0.8987433576352353,0.6676687942070443,0.5216738305156214,0.0,0.8773295598759498,0.0,,,EXPLOIT
892,53,,,0,0,0,0,common,1.0,0.4158168175370971,0.6866475108130425,0.4899167266220641,0.0,0.8731029511905547,0.0,,,EXPLOIT
893,53,,,0,0,0,0,common,1.0,0.27028093139911313,0.6314835282252613,0.42402598805517877,0.0,0.8739220313822499,0.0,,,EXPLOIT
894,53,,,0,0,1,1,rare,1.0,0.5899603336225853,0.5094587040798649,0.4738062917254007,0.0,0.8747225711801555,0.0,,,EXPLOIT
895,53,,,0,1,1,0,common,1.0,0.9909289391421031,0.4196542467731647,0.6289430859504114,0.0,0.8755051539674265,0.0,,,EXPLOIT
896,53,,,0,0,0,0,common,0.0,0.8243173945905764,0.6059771731176582,0.6875553785424608,0.0,0.8711694892871543,0.0,,,EXPLOIT
897,53,,,0,1,1,1,common,1.0,0.3834742168546804,0.684541394376531,0.5963310300361266,0.0,0.8665690852915843,0.0,,,EXPLOIT
898,53,,,0,0,1,1,rare,0.0,0.7507417590444577,0.6136423103980744,0.642654248738626,0.0,0.8616791853074056,0.0,,,EXPLOIT
899,53,,,0,1,1,1,common,1.0,0.5120178566211024,0.4590944963753145,0.6034633311033689,0.0,0.8564718468724646,0.0,,,EXPLOIT
900,53,,,0,0,0,0,common,1.0,0.46419369351612527,0.3779154816149995,0.5616824398271958,0.0,0.8509154122421603,0.0,,,EXPLOIT
901,53,,,0,0,0,0,common,0.0,0.6982740992145186,0.5779839675873214,0.6026599376433927,0.0,0.8449738696593847,0.0,,,EXPLOIT
902,53,,,0,1,1,1,common,1.0,0.3328116068037166,0.40309120075141386,0.5217054383914898,0.0,0.8386060781599458,0.0,,,EXPLOIT
903,53,,,0,1,1,1,common,0.0,0.7836724555775842,0.35203746563210353,0.6002955435473181,0.0,0.8317648206426627,0.0,,,EXPLOIT
904,53,,,0,1,1,1,common,1.0,0.49061290387457024,0.6156908070069376,0.5673907516454937,0.0,0.8243956391154417,0.0,,,EXPLOIT
905,53,,,0,0,0,1,common,0.0,0.25331337130864,0.4948529454840018,0.4731675375444375,0.0,0.8164353913292715,0.0,,,EXPLOIT
906,53,,,0,1,1,1,common,1.0,0.31889838751847066,0.3795393950167063,0.42688679253664746,0.0,0.8189454231913748,0.0,,,EXPLOIT
907,53,,,0,1,1,1,common,1.0,0.207283951887006,0.3018380240063989,0.36100594034175504,0.0,0.8213636405569515,0.0,,,EXPLOIT
908,53,,,0,1,1,1,common,0.0,0.8652654312734461,0.25693620252866367,0.5122837876212624,0.0,0.8236948750449075,0.0,,,EXPLOIT
909,53,,,0,1,0,1,rare,0.0,0.16465369135061603,0.5129259807869289,0.4079947587400684,0.0,0.815677207036633,0.0,,,EXPLOIT
910,53,,,0,1,1,1,common,1.0,0.4375774696722601,0.6598234660191935,0.4168695720197259,0.0,0.8182152786061936,0.0,,,EXPLOIT
911,53,,,0,1,1,1,common,1.0,0.2844253552869691,0.49684855338625267,0.37713630699989886,0.0,0.8206600433665397,0.0,,,EXPLOIT
912,53,,,0,1,0,0,rare,1.0,0.5461218355105629,0.3711438524532953,0.42783196555309805,0.0,0.8230164369242712,0.0,,,EXPLOIT
913,53,,,0,1,0,0,rare,1.0,0.3549791930818659,0.29700295898467965,0.40597613381172837,0.0,0.8252890530220753,0.0,,,EXPLOIT
914,53,,,0,1,0,0,rare,1.0,0.23073647550321286,0.2541103238277673,0.35340423631917367,0.0,0.8274821726370363,0.0,,,EXPLOIT
915,53,,,0,0,1,1,rare,0.0,0.81512351906347,0.22869066002890515,0.4919200211424626,0.0,0.8295997901565716,0.0,,,EXPLOIT
916,53,,,0,1,1,0,common,0.0,0.3558961895576329,0.1803298965491301,0.45111287166701364,0.0,0.8316456369687744,0.0,,,EXPLOIT
917,53,,,0,1,1,1,common,1.0,0.4701697126087445,0.4124127125259782,0.45682992394953287,0.0,0.8336232027602978,0.0,,,EXPLOIT
918,53,,,0,1,0,0,rare,1.0,0.14997870907708832,0.2980456206708069,0.3647745594877995,0.0,0.8355357547775457,0.0,,,EXPLOIT
919,53,,,0,1,0,0,rare,0.0,0.9025138390998926,0.2352387951514373,0.5260963433714274,0.0,0.8373863552748317,0.0,,,EXPLOIT
920,53,,,0,1,1,1,common,0.0,0.694389686804316,0.4674588937896191,0.576584346401294,0.0,0.8304524377109022,0.0,,,EXPLOIT
921,53,,,0,1,1,1,common,1.0,0.5486467035771946,0.6230745288220036,0.5682030535540641,0.0,0.8229796960807236,0.0,,,EXPLOIT
922,53,,,0,1,0,1,rare,0.0,0.10702489937790041,0.433835654419196,0.4298496073012149,0.0,0.8149032090347524,0.0,,,EXPLOIT
923,53,,,0,0,0,0,common,0.0,0.5866339954149302,0.6059754596270742,0.4768849237353295,0.0,0.8174700515529205,0.0,,,EXPLOIT
924,53,,,0,1,1,0,common,0.0,0.2313325232124614,0.5631028613991245,0.403219203578469,0.0,0.8199420479639021,0.0,,,EXPLOIT
925,53,,,0,1,1,1,common,1.0,0.3566203573251765,0.6543343254840053,0.3892395497024812,0.0,0.8223242416925762,0.0,,,EXPLOIT
926,53,,,0,0,0,0,common,1.0,0.6186879029802954,0.4468122592019451,0.4580740556858255,0.0,0.8246213250215982,0.0,,,EXPLOIT
927,53,,,0,1,0,0,rare,0.0,0.597852863062808,0.6763703268459226,0.5000076978989202,0.0,0.8268376691316173,0.0,,,EXPLOIT
928,53,,,0,0,0,0,common,1.0,0.6113956390091748,0.6786579058568849,0.5334240802319965,0.0,0.8190758715254446,0.0,,,EXPLOIT
929,53,,,0,0,0,1,common,0.0,0.06956618459563527,0.5495718707814063,0.3942667115410881,0.0,0.8106744391175014,0.0,,,EXPLOIT
930,53,,,0,0,1,1,rare,1.0,0.2318032322613648,0.682686022432869,0.3455276677571711,0.0,0.8134010827518691,0.0,,,EXPLOIT
931,53,,,0,0,0,0,common,1.0,0.39740716535596365,0.5566727219425878,0.36109151703680886,0.0,0.8160241840398089,0.0,,,EXPLOIT
932,53,,,0,0,0,0,common,1.0,0.2583146574813764,0.437317398390515,0.3302584591701791,0.0,0.8185494058433781,0.0,,,EXPLOIT
933,53,,,0,0,0,0,common,1.0,0.16790452736289463,0.36080441064544294,0.28155227962799373,0.0,0.8209820056865214,0.0,,,EXPLOIT
934,53,,,0,0,1,1,rare,1.0,0.15067210096988715,0.3145525968626307,0.24228822603056174,0.0,0.823326871387722,0.0,,,EXPLOIT
935,53,,,0,0,0,0,common,0.0,0.8908620572141185,0.28644018857197906,0.4368603753856287,0.0,0.8255885529986859,0.0,,,EXPLOIT
936,53,,,0,0,1,1,rare,1.0,0.0979368656304267,0.562676048680174,0.3351833224590681,0.0,0.8277712914882398,0.0,,,EXPLOIT
937,53,,,0,0,0,0,common,1.0,0.42093966281082296,0.4415172259645379,0.36091022456459454,0.0,0.8298790445519479,0.0,,,EXPLOIT
938,53,,,0,0,0,0,common,1.0,0.27361078082703494,0.3633662363130078,0.33472039144332666,0.0,0.8319155098779505,0.0,,,EXPLOIT
939,53,,,0,0,1,1,rare,1.0,0.06365896265977733,0.3160996775014182,0.2534019628082618,0.0,0.8338841461567935,0.0,,,EXPLOIT
940,53,,,0,0,1,1,rare,1.0,0.04137832572885525,0.2873884051448378,0.18979487168443984,0.0,0.835788192086409,0.0,,,EXPLOIT
941,53,,,0,0,0,0,common,0.0,0.8221529924624273,0.26965976036856887,0.37950230791783607,0.0,0.8376306835919464,0.0,,,EXPLOIT
942,53,,,0,1,0,0,rare,1.0,0.4656005548994222,0.550011903765547,0.4053317820123119,0.0,0.839414469453068,0.0,,,EXPLOIT
943,53,,,0,0,1,1,rare,1.0,0.02689591172375594,0.687088120465603,0.29180102092574506,0.0,0.841142225507928,0.0,,,EXPLOIT
944,53,,,0,0,0,0,common,1.0,0.3026403606846244,0.6270712693936913,0.29505282285340884,0.0,0.8428164675828137,0.0,,,EXPLOIT
945,53,,,0,1,0,0,rare,1.0,0.19671623444500586,0.5624305184820053,0.2655518463308879,0.0,0.8444395632788667,0.0,,,EXPLOIT
946,53,,,0,0,1,0,rare,0.0,0.1503661400880999,0.6641098752200969,0.2309961344580515,0.0,0.8460137427320426,0.0,,,EXPLOIT
947,53,,,0,0,0,0,common,0.0,0.8721344476107462,0.6375796688968637,0.4233376284038599,0.0,0.8475411084491619,0.0,,,EXPLOIT
948,53,,,0,1,0,0,rare,0.0,0.566887390946985,0.48618431481146296,0.46640255716679746,0.0,0.8490236443113037,0.0,,,EXPLOIT
949,53,,,0,1,1,1,common,1.0,0.01748234262044135,0.6688841517315932,0.3317264928028906,0.0,0.8504632238256316,0.0,,,EXPLOIT
950,53,,,0,1,0,1,rare,0.0,0.045218019987162926,0.5424744269795344,0.2457739509581723,0.0,0.8518616176978395,0.0,,,EXPLOIT
951,53,,,0,0,0,0,common,1.0,0.6315231958844597,0.6835054762381385,0.3614987244360585,0.0,0.8532205007895951,0.0,,,EXPLOIT
952,53,,,0,0,0,0,common,1.0,0.41049007732489884,0.6466984854992437,0.3761961303027106,0.0,0.8545414585184694,0.0,,,EXPLOIT
953,53,,,0,0,0,0,common,1.0,0.2668185502611843,0.5385826220044381,0.34338285629025267,0.0,0.8558259927517907,0.0,,,EXPLOIT
954,53,,,0,0,0,0,common,1.0,0.17343205766976977,0.4541824426557839,0.2923976167041078,0.0,0.8570755272405003,0.0,,,EXPLOIT
955,53,,,0,1,1,1,common,1.0,0.011363522703286888,0.3992821577207655,0.20808738850386152,0.0,0.8582914126343585,0.0,,,EXPLOIT
956,53,,,0,1,1,1,common,0.0,0.9926137102428635,0.5751366973060908,0.4434452850255621,0.0,0.8594749311156528,0.0,,,EXPLOIT
957,53,,,0,0,0,0,common,1.0,0.1127308374853504,0.3840413119006324,0.3442309507634986,0.0,0.860627300684843,0.0,,,EXPLOIT
958,53,,,0,0,1,1,rare,1.0,0.35480108834213864,0.3501263973137744,0.34740199203709055,0.0,0.8617496791282662,0.0,,,EXPLOIT
959,53,,,0,0,0,0,common,0.0,0.9267249556345223,0.3289036522378074,0.5211988811163201,0.0,0.8628431676950846,0.0,,,EXPLOIT
960,53,,,0,0,0,0,common,1.0,0.39762877883756054,0.611077010610746,0.48412785043269213,0.0,0.8577123020287294,0.0,,,EXPLOIT
961,53,,,0,1,1,1,common,1.0,0.23062070742239016,0.5017117526158592,0.40807570752960154,0.0,0.858911190185129,0.0,,,EXPLOIT
962,53,,,0,0,0,0,common,1.0,0.25845870624441436,0.6567222182982977,0.3631906071440454,0.0,0.8600783529391701,0.0,,,EXPLOIT
963,53,,,0,0,1,1,rare,0.0,0.8500965401754463,0.6018069016087835,0.5092623870534656,0.0,0.8612149764841147,0.0,,,EXPLOIT
964,53,,,0,0,0,0,common,0.0,0.8320018409411307,0.683646546390663,0.6060842232197651,0.0,0.8559769810613859,0.0,,,EXPLOIT
965,53,,,0,1,0,0,rare,1.0,0.459198803388265,0.5741997595877465,0.562018597270315,0.0,0.8503867766903945,0.0,,,EXPLOIT
966,53,,,0,1,1,1,common,0.0,0.5525627511140401,0.45713257992788614,0.5591818434234325,0.0,0.8444079155223887,0.0,,,EXPLOIT
967,53,,,0,0,0,0,common,0.0,0.7015207777976278,0.6591175559170592,0.6018835237356911,0.0,0.8379987413675256,0.0,,,EXPLOIT
968,53,,,0,1,1,0,common,0.0,0.09773799105726494,0.5768493767897663,0.4506398639321632,0.0,0.8311114248863481,0.0,,,EXPLOIT
969,53,,,0,1,0,0,rare,1.0,0.544011494431542,0.6784798270728964,0.4786513530819768,0.0,0.833106719960008,0.0,,,EXPLOIT
970,53,,,0,1,0,0,rare,1.0,0.3536074713805023,0.5190230480991109,0.4411381885715344,0.0,0.835036157909387,0.0,,,EXPLOIT
971,53,,,0,0,0,0,common,1.0,0.22984485639732655,0.38150822041548554,0.37775018891927203,0.0,0.8369028535930078,0.0,,,EXPLOIT
972,53,,,0,1,1,1,common,0.0,0.35916578822412604,0.6110617078527202,0.3721748687107282,0.0,0.8387097286693423,0.0,,,EXPLOIT
973,53,,,0,0,1,0,rare,0.0,0.06352969418722221,0.6903577931564014,0.2795813163536764,0.0,0.840459526349666,0.0,,,EXPLOIT
974,53,,,0,1,1,0,common,0.0,0.04129430122169443,0.6567150785988392,0.20809521181408178,0.0,0.8421548248193855,0.0,,,EXPLOIT
975,53,,,0,1,0,0,rare,1.0,0.1493991566582622,0.691966761924345,0.19048639526733588,0.0,0.8437980494659728,0.0,,,EXPLOIT
976,53,,,0,1,0,0,rare,1.0,0.09710945182787045,0.6045986180215271,0.16247331223549624,0.0,0.8453914840354951,0.0,,,EXPLOIT
977,53,,,0,0,0,0,common,1.0,0.06312114368811583,0.4708931071332424,0.1326676616712821,0.0,0.8469372808256862,0.0,,,EXPLOIT
978,53,,,0,1,0,0,rare,1.0,0.04102874339727525,0.6536872040735666,0.10517598618908004,0.0,0.8484374700112509,0.0,,,EXPLOIT
979,53,,,0,1,1,1,common,0.0,0.23345776234568194,0.5847346166454666,0.14366051903606059,0.0,0.8498939681863864,0.0,,,EXPLOIT
980,53,,,0,0,1,1,rare,0.0,0.15174754552469327,0.6905624106009293,0.14608662698265037,0.0,0.851308586200121,0.0,,,EXPLOIT
981,53,,,0,0,0,0,common,1.0,0.026668683208228905,0.6442223867732074,0.11026124385032393,0.0,0.8526830363518408,0.0,,,EXPLOIT
982,53,,,0,0,0,0,common,1.0,0.017334644085348794,0.6855320861856196,0.0823832639208314,0.0,0.8540189390071409,0.0,,,EXPLOIT
983,53,,,0,0,0,0,common,1.0,0.011267518655476705,0.6146470794251484,0.061048540341224984,0.0,0.855317828687757,0.0,,,EXPLOIT
984,53,,,0,0,1,0,rare,0.0,0.026841295794101383,0.540707843621587,0.0507863669770879,0.0,0.8565811596837198,0.0,,,EXPLOIT
985,53,,,0,0,0,0,common,1.0,0.007323887126059914,0.6928843791643486,0.0377476230217795,0.0,0.8578103112308946,0.0,,,EXPLOIT
986,53,,,0,0,0,0,common,1.0,0.004760526631938933,0.6362877479926288,0.027851494104827332,0.0,0.8590065922926733,0.0,,,EXPLOIT
987,53,,,0,1,1,1,common,1.0,0.9013640954089494,0.5586768608126798,0.2899052744960639,0.0,0.860171245980685,0.0,,,EXPLOIT
988,53,,,0,0,0,0,common,1.0,0.003094342310760334,0.6683005242194455,0.20386199484047282,0.0,0.8613054536459197,0.0,,,EXPLOIT
989,53,,,0,1,1,1,common,1.0,0.5858866620158171,0.6314264434138765,0.3184693949930761,0.0,0.862410338668584,0.0,,,EXPLOIT
990,53,,,0,0,0,0,common,1.0,0.002011322501994206,0.6824960232604682,0.2235319732457515,0.0,0.863486969972256,0.0,,,EXPLOIT
991,53,,,0,0,0,0,common,1.0,0.001307359626296245,0.6660960840049635,0.1568645891599149,0.0,0.8645363652854596,0.0,,,EXPLOIT
992,53,,,0,0,0,0,common,1.0,0.0008497837570925482,0.6518022943726004,0.11006014753906819,0.0,0.8655594941715845,0.0,,,EXPLOIT
993,53,,,0,0,0,0,common,1.0,0.0005523594421101841,0.6411205507378679,0.07720781110998079,0.0,0.8665572808461274,0.0,,,EXPLOIT
994,53,,,0,0,0,0,common,1.0,0.00035903363737166405,0.6336349229556684,0.05415317786819805,0.0,0.867530606798464,0.0,,,EXPLOIT
995,53,,,0,0,1,1,rare,1.0,0.3808263303102811,0.6285532082253455,0.15215512360082295,0.0,0.8684803132337987,0.0,,,EXPLOIT
996,53,,,0,0,0,0,common,1.0,0.0002333718642916205,0.6251625305997905,0.10657859807986354,0.0,0.8694072033495152,0.0,,,EXPLOIT
997,53,,,0,0,0,0,common,1.0,0.00015169171178952556,0.6229226333711484,0.07465052616944133,0.0,0.8703120444588838,0.0,,,EXPLOIT
998,53,,,0,0,0,0,common,1.0,9.859961266323047e-05,0.6214517963206653,0.052284948202407894,0.0,0.8711955699739365,0.0,,,EXPLOIT
999,53,,,0,0,1,1,rare,1.0,0.24753711470168271,0.6204895348553184,0.11086059815219035,0.0,0.8720584812582848,0.0,,,EXPLOIT
1000,53,,,0,1,1,1,common,1.0,0.1608991245560938,0.6198614599630707,0.12587215607336139,0.0,0.8729014493597245,0.0,,,EXPLOIT
1001,53,,,0,0,1,1,rare,0.0,0.895415569038539,0.6610877369192719,0.3567351799629147,0.0,0.8737251166316313,0.0,,,EXPLOIT
1002,53,,,0,1,1,1,common,0.0,0.5820201198750503,0.6044582249858095,0.4243206619365554,0.0,0.8745300982513864,0.0,,,EXPLOIT
1003,53,,,0,1,0,1,rare,0.0,0.029391712991655904,0.6793452031832088,0.3058419772530855,0.0,0.8753169836433784,0.0,,,EXPLOIT
1004,53,,,0,0,0,0,common,1.0,6.408974823113311e-05,0.5566756869791915,0.21410861100162917,0.0,0.8760863378135103,0.0,,,EXPLOIT
1005,53,,,0,0,1,0,rare,0.0,0.0174468422661659,0.4487602594630903,0.1551100803809902,0.0,0.8768387026015624,0.0,,,EXPLOIT
1006,53,,,0,0,1,1,rare,1.0,0.6216869220812173,0.6583587857986943,0.2950831328910583,0.0,0.8775745978572503,0.0,,,EXPLOIT
1007,53,,,0,1,1,1,common,1.0,0.40409649935279124,0.5336099914349546,0.3277871428295782,0.0,0.8782945225453506,0.0,,,EXPLOIT
1008,53,,,0,0,1,1,rare,0.0,0.7373372754206857,0.6781460022433614,0.4506521826069104,0.0,0.8789989557848323,0.0,,,EXPLOIT
1009,53,,,0,1,1,1,common,0.0,0.4792692290234457,0.6504436809577184,0.459237296531871,0.0,0.8796883578265475,0.0,,,EXPLOIT
1010,53,,,0,1,1,1,common,0.0,0.3115249988652397,0.6867536615244086,0.4149236072318816,0.0,0.8803631709736799,0.0,,,EXPLOIT
1011,53,,,0,0,0,0,common,0.0,0.9999583416636497,0.6253979438912504,0.590434027561412,0.0,0.8810238204488202,0.0,,,EXPLOIT
1012,53,,,0,0,0,0,common,0.0,0.6499729220813724,0.6904358977327334,0.6082956959174,0.0,0.8770137969901132,0.0,,,EXPLOIT
1013,53,,,0,0,0,0,common,0.0,0.42248239935289206,0.6852455392328913,0.5525517069480476,0.0,0.8727684124417561,0.0,,,EXPLOIT
1014,53,,,0,1,1,1,common,1.0,0.7975087507375942,0.6613797210416369,0.6260388200849115,0.0,0.8682665534229058,0.0,,,EXPLOIT
1015,53,,,0,1,1,1,common,0.0,0.48161931202056374,0.46070951901479884,0.5827129676656071,0.0,0.8634845036591048,0.0,,,EXPLOIT
1016,53,,,0,1,0,0,rare,0.0,0.27461355957937983,0.6107942889092955,0.4902831452397389,0.0,0.8583955301067755,0.0,,,EXPLOIT
1017,53,,,0,1,1,1,common,0.0,0.3130525528133664,0.675230200050389,0.43711396751182713,0.0,0.859576294223213,0.0,,,EXPLOIT
1018,53,,,0,1,1,1,common,0.0,0.20348415932868819,0.6923603454926509,0.3670250250568854,0.0,0.8607260123768277,0.0,,,EXPLOIT
1019,53,,,0,1,0,0,rare,0.0,0.1784988137265969,0.6914282786593928,0.31046716165779886,0.0,0.8618458372988133,0.0,,,EXPLOIT
1020,53,,,0,1,1,1,common,0.0,0.13226470356364733,0.6856851651795246,0.2570064242295534,0.0,0.8629368654898205,0.0,,,EXPLOIT
1021,53,,,0,0,0,1,common,1.0,0.9808953865554236,0.6798486039782011,0.47417311292731446,0.0,0.8640001406086529,0.0,,,EXPLOIT
1022,53,,,0,1,0,1,rare,1.0,0.6375820012610254,0.46175376108455846,0.5231957794274277,0.0,0.8650366566188086,0.0,,,EXPLOIT
1023,53,,,0,0,0,1,common,1.0,0.41442830081966653,0.6874849539923047,0.4905655358450993,0.0,0.860048355211372,0.0,,,EXPLOIT
1024,53,,,0,1,1,1,common,0.0,0.08597205731637077,0.5795162936782897,0.36918749228648073,0.0,0.8611857593735558,0.0,,,EXPLOIT
1025,53,,,0,0,0,1,common,1.0,0.2693783955327833,0.4663821030888058,0.3392447632603715,0.0,0.8622937235940387,0.0,,,EXPLOIT
1026,53,,,0,0,1,0,rare,0.0,0.011340447473007834,0.35307384062063063,0.2408734685241624,0.0,0.8633733224515333,0.0,,,EXPLOIT
1027,53,,,0,1,1,1,common,0.0,0.055881837255641,0.5828070609403485,0.18537597914360596,0.0,0.8644255789928214,0.0,,,EXPLOIT
1028,53,,,0,0,1,1,rare,0.0,0.03632319421616665,0.5110238990709409,0.14066014366537416,0.0,0.865451467786474,0.0,,,EXPLOIT
1029,53,,,0,1,0,1,rare,0.0,0.8249040429036909,0.6432908830570947,0.34593331343686917,0.0,0.8664519177619514,0.0,,,EXPLOIT
1030,53,,,0,0,0,1,common,1.0,0.46381237211260085,0.606814052521853,0.3812970310395887,0.0,0.8674278148514762,0.0,,,EXPLOIT
1031,53,,,0,0,1,0,rare,1.0,0.9926287091425449,0.4036721942490423,0.5646965344704755,0.0,0.868380004450482,0.0,,,EXPLOIT
1032,53,,,0,0,0,1,common,1.0,0.3014780418731906,0.279268865433034,0.48573098669129,0.0,0.8636051198816078,0.0,,,EXPLOIT
1033,53,,,0,0,1,1,rare,0.0,0.023610076240508322,0.21332858345914274,0.3470947135560555,0.0,0.864651544057109,0.0,,,EXPLOIT
1034,53,,,0,0,0,1,common,1.0,0.19596072721757385,0.4297619115311183,0.30175451765451095,0.0,0.865671806884565,0.0,,,EXPLOIT
1035,53,,,0,1,0,1,rare,1.0,0.127374472691423,0.29335022156919477,0.24944050416558453,0.0,0.8666668276968517,0.0,,,EXPLOIT
1036,53,,,0,1,1,0,common,1.0,0.6452086609426542,0.5606455619348891,0.36817095119870535,0.0,0.8676374833811894,0.0,,,EXPLOIT
1037,53,,,0,0,1,0,rare,1.0,0.4193856296127253,0.682705948568789,0.38353535472291134,0.0,0.8685846108019789,0.0,,,EXPLOIT
1038,53,,,0,0,1,0,rare,0.0,0.7273993407517285,0.6324088331374474,0.4866945505315564,0.0,0.8695090090595403,0.0,,,EXPLOIT
1039,53,,,0,0,0,1,common,1.0,0.08279340724942497,0.6733662960330521,0.36552420754691695,0.0,0.8704114415975781,0.0,,,EXPLOIT
1040,53,,,0,0,0,1,common,1.0,0.053815714712126206,0.6841569581844231,0.2720116596964797,0.0,0.8712926381710635,0.0,,,EXPLOIT
1041,53,,,0,1,1,0,common,1.0,0.5271904285113764,0.634570474217047,0.34856529034094874,0.0,0.8721532966851983,0.0,,,EXPLOIT
1042,53,,,0,1,1,0,common,1.0,0.34267377853239467,0.6893289594817298,0.3467978367983825,0.0,0.8729940849152095,0.0,,,EXPLOIT
1043,53,,,0,0,1,0,rare,1.0,0.2227379560460565,0.689557686555639,0.3095798725726847,0.0,0.8738156421158879,0.0,,,EXPLOIT
1044,53,,,0,0,0,1,common,0.0,0.965019785437118,0.691530414876703,0.5062118464320147,0.0,0.8746185805290287,0.0,,,EXPLOIT
1045,53,,,0,0,0,1,common,1.0,0.3727371394658733,0.5616676563521776,0.46616943434217223,0.0,0.8702294189847563,0.0,,,EXPLOIT
1046,53,,,0,0,0,1,common,1.0,0.24227914065281764,0.6637764780733895,0.39900234623536585,0.0,0.8711148823663595,0.0,,,EXPLOIT
1047,53,,,0,1,0,1,rare,0.0,0.8425185585756685,0.6920046910102573,0.5320572099374565,0.0,0.8719796680673161,0.0,,,EXPLOIT
1048,53,,,0,1,1,1,common,1.0,0.9846534504436696,0.5661182066895559,0.6678360820893204,0.0,0.8674293305628261,0.0,,,EXPLOIT
1049,53,,,0,0,0,1,common,1.0,0.45236293692581553,0.6690498719612072,0.6031941385402689,0.0,0.8625942379075278,0.0,,,EXPLOIT
1050,53,,,0,0,0,1,common,1.0,0.2940359090017801,0.6351260566401349,0.5104466696787223,0.0,0.857447065591156,0.0,,,EXPLOIT
1051,53,,,0,0,0,1,common,1.0,0.19112334085115712,0.606864669665355,0.4146496710304527,0.0,0.8519568778896353,0.0,,,EXPLOIT
1052,53,,,0,0,0,1,common,1.0,0.12423017155325211,0.5864170670822648,0.3275238211872925,0.0,0.8533130872716465,0.0,,,EXPLOIT
1053,53,,,0,0,0,1,common,1.0,0.0807496115096139,0.5724068312651048,0.2534915582839889,0.0,0.8546314778143386,0.0,,,EXPLOIT
1054,53,,,0,0,0,1,common,1.0,0.052487247481249,0.5630400365461122,0.19319026504316691,0.0,0.8559135458110634,0.0,,,EXPLOIT
1055,53,,,0,0,0,1,common,1.0,0.03411671086281187,0.5568536308668213,0.1454681987890604,0.0,0.857160709798766,0.0,,,EXPLOIT
1056,53,,,0,0,0,1,common,1.0,0.022175862060827667,0.5527943086372671,0.10848049777059056,0.0,0.8583743155456466,0.0,,,EXPLOIT
1057,53,,,0,0,1,0,rare,1.0,0.14477967142993675,0.5501405102474228,0.1193702498683944,0.0,0.859555640659755,0.0,,,EXPLOIT
1058,53,,,0,1,0,1,rare,0.0,0.985585689660462,0.5484093438789528,0.37923488180601467,0.0,0.8607058988517063,0.0,,,EXPLOIT
1059,53,,,0,0,0,1,common,0.0,0.6406306982793003,0.33406618962796186,0.45765362674800036,0.0,0.8618262438814271,0.0,,,EXPLOIT
1060,53,,,0,1,0,1,rare,1.0,0.5835900461184548,0.626260136145661,0.49543455255913665,0.0,0.8629177732159274,0.0,,,EXPLOIT
1061,53,,,0,1,1,0,common,0.0,0.9058932135705411,0.693147027294636,0.6185721508625579,0.0,0.8639815314224798,0.0,,,EXPLOIT
1062,53,,,0,0,0,1,common,1.0,0.37933352997699565,0.6002222276988212,0.5468005645968892,0.0,0.8589249049802702,0.0,,,EXPLOIT
1063,53,,,0,1,1,0,common,1.0,0.4111694111791483,0.4975197533838144,0.5061112185715668,0.0,0.853534343705333,0.0,,,EXPLOIT
1064,53,,,0,1,1,1,common,0.0,0.3599752572116148,0.6516227041421507,0.46227043016358116,0.0,0.8477759396918457,0.0,,,EXPLOIT
1065,53,,,0,0,0,1,common,0.0,0.7534332055149529,0.4835572316099637,0.5496192627689926,0.0,0.8492516347113365,0.0,,,EXPLOIT
1066,53,,,0,0,0,1,common,1.0,0.5102684164152806,0.6751690422826744,0.537814008862879,0.0,0.8431922395311495,0.0,,,EXPLOIT
1067,53,,,0,0,0,1,common,1.0,0.3316744706699324,0.5659096965069427,0.475972147404995,0.0,0.8366937150469641,0.0,,,EXPLOIT
1068,53,,,0,0,0,1,common,0.0,0.784411594064544,0.4671701169093865,0.5685039814028596,0.0,0.8385072490935587,0.0,,,EXPLOIT
1069,53,,,0,1,1,0,common,1.0,0.2672601172664464,0.6705245004494957,0.4781308221619356,0.0,0.8316585073255108,0.0,,,EXPLOIT
1070,53,,,0,1,1,0,common,0.0,0.8262809237768098,0.6733368869538872,0.5825758526463978,0.0,0.8336356468537883,0.0,,,EXPLOIT
1071,53,,,0,1,1,0,common,1.0,0.4629173995450736,0.6677282257562435,0.5466783167160005,0.0,0.8264128183930408,0.0,,,EXPLOIT
1072,53,,,0,1,1,0,common,1.0,0.3008963097042978,0.6749661054771499,0.47294371461248974,0.0,0.8186166795029054,0.0,,,EXPLOIT
1073,53,,,0,1,0,1,rare,0.0,0.5098675361419536,0.5953153947264962,0.48402086107132886,0.0,0.8210468333814367,0.0,,,EXPLOIT
1074,53,,,0,1,1,0,common,1.0,0.1955826013077936,0.6915712321644794,0.3974893831422683,0.0,0.823389381029749,0.0,,,EXPLOIT
1075,53,,,0,1,1,0,common,0.0,0.8728713091499342,0.6488815242043933,0.5401039609445679,0.0,0.8256488637392544,0.0,,,EXPLOIT
1076,53,,,0,1,0,0,rare,0.0,0.11602422892228799,0.6803158960527527,0.4128800413378839,0.0,0.8177907784071659,0.0,,,EXPLOIT
1077,53,,,0,1,1,1,common,0.0,0.2339839171875496,0.5961125921515366,0.3592112040927836,0.0,0.8202510381829203,0.0,,,EXPLOIT
1078,53,,,0,0,0,1,common,1.0,0.6685861015077301,0.5147674857572213,0.45202367331726756,0.0,0.8226221131458531,0.0,,,EXPLOIT
1079,53,,,0,0,0,0,common,0.0,0.0754157487994872,0.36469189202102176,0.33904129596193344,0.0,0.8249086529839129,0.0,,,EXPLOIT
1080,53,,,0,0,0,1,common,1.0,0.4345809659800246,0.573001623076445,0.36770319696736076,0.0,0.8271149898916681,0.0,,,EXPLOIT
1081,53,,,0,0,0,1,common,1.0,0.282477627887016,0.4029928130560151,0.3421355262432573,0.0,0.829245165217705,0.0,,,EXPLOIT
1082,53,,,0,0,0,1,common,0.0,0.8163895418734396,0.29943559497825645,0.484411730932312,0.0,0.8313029534724787,0.0,,,EXPLOIT
1083,53,,,0,0,0,1,common,0.0,0.5306532022177357,0.5283994172715449,0.4982841723179391,0.0,0.8332918839966958,0.0,,,EXPLOIT
1084,53,,,0,0,1,0,rare,1.0,0.43263364905254276,0.6551111910698381,0.4785890153383202,0.0,0.8352152605519478,0.0,,,EXPLOIT
1085,53,,,0,0,0,1,common,1.0,0.6550754185584717,0.47284499028794325,0.5315349363043657,0.0,0.837076179062373,0.0,,,EXPLOIT
1086,53,,,0,1,0,1,rare,1.0,0.4257990220630067,0.33940503050676485,0.49981416203195794,0.0,0.8301185968421366,0.0,,,EXPLOIT
1087,53,,,0,0,0,1,common,0.0,0.7232306356590457,0.5858395976726125,0.5668391041200842,0.0,0.8321470298922546,0.0,,,EXPLOIT
1088,53,,,0,0,0,1,common,1.0,0.5299000868216204,0.693105240985223,0.555757398930545,0.0,0.8248078699100877,0.0,,,EXPLOIT
1089,53,,,0,1,1,1,common,0.0,0.15208954617190723,0.6304250819705621,0.4346570431029536,0.0,0.8168813015038477,0.0,,,EXPLOIT
1090,53,,,0,0,0,1,common,0.0,0.6555649435659467,0.5000032836131979,0.5009294132418515,0.0,0.8193749087033008,0.0,,,EXPLOIT
1091,53,,,0,0,0,1,common,0.0,0.4261172133178654,0.6656403541988828,0.4784857532646556,0.0,0.810998599611337,0.0,,,EXPLOIT
1092,53,,,0,0,1,0,rare,1.0,0.28121187188415275,0.6914290120422684,0.4193035888505047,0.0,0.8137128374828873,0.0,,,EXPLOIT
1093,53,,,0,1,1,0,common,1.0,0.1827877167246993,0.6018211193429515,0.34834882721276306,0.0,0.8163242169111143,0.0,,,EXPLOIT
1094,53,,,0,0,0,1,common,1.0,0.7230238113433874,0.6924205330395254,0.4607513224519504,0.0,0.8188383514222023,0.0,,,EXPLOIT
1095,53,,,0,1,0,1,rare,1.0,0.4699654773732018,0.6523782997429457,0.4635155689283258,0.0,0.8212604535744914,0.0,,,EXPLOIT
1096,53,,,0,0,0,1,common,0.0,0.6945224397074188,0.6928400429654809,0.5328176301620536,0.0,0.8235953701346715,0.0,,,EXPLOIT
1097,53,,,0,1,0,1,rare,0.0,0.45143958580982224,0.5780625738427012,0.5084042168563842,0.0,0.8155695316345152,0.0,,,EXPLOIT
1098,53,,,0,1,1,0,common,1.0,0.1188120158710545,0.6930173917888279,0.3915265565607852,0.0,0.8068706397421136,0.0,,,EXPLOIT
1099,53,,,0,0,0,1,common,1.0,0.7065642692236156,0.6208998375801678,0.4860378703596343,0.0,0.8097447903459808,0.0,,,EXPLOIT
1100,53,,,0,0,0,1,common,0.0,0.5407332250046499,0.6930923405781632,0.5024464767531389,0.0,0.8125071556557529,0.0,,,EXPLOIT
1101,53,,,0,1,1,0,common,1.0,0.07722781031618542,0.5973222179069343,0.37488087682205284,0.0,0.8035441233814501,0.0,,,EXPLOIT
1102,53,,,0,1,1,0,common,1.0,0.05019807670552057,0.49433308233440004,0.27747603678709315,0.0,0.8065501910261854,0.0,,,EXPLOIT
1103,53,,,0,0,1,0,rare,1.0,0.032628749858588324,0.4229330929883116,0.20402185070854167,0.0,0.8094369309454288,0.0,,,EXPLOIT
1104,53,,,0,1,1,0,common,1.0,0.02120868740808246,0.5977906498258645,0.1491779017184039,0.0,0.8122111726574358,0.0,,,EXPLOIT
1105,53,,,0,1,1,0,common,0.0,0.9862143531847464,0.5564892439060727,0.40028883715830665,0.0,0.814879234493628,0.0,,,EXPLOIT
1106,53,,,0,1,0,0,rare,0.0,0.04902023671966668,0.6907730584301321,0.29490825702671464,0.0,0.8174469705515539,0.0,,,EXPLOIT
1107,53,,,0,0,0,1,common,1.0,0.6485234037469776,0.5899602371971232,0.4009928010427935,0.0,0.8199198125659779,0.0,,,EXPLOIT
1108,53,,,0,0,1,0,rare,1.0,0.35896067042991486,0.4773585340384668,0.38838316185892985,0.0,0.8223028073284258,0.0,,,EXPLOIT
1109,53,,,0,0,0,1,common,1.0,0.4215402124355354,0.40089967744908517,0.3983302770319115,0.0,0.82460065019772,0.0,,,EXPLOIT
1110,53,,,0,0,0,1,common,1.0,0.274001138083098,0.35331968097815825,0.3610315353472674,0.0,0.8268177151697622,0.0,,,EXPLOIT
1111,53,,,0,0,1,0,rare,1.0,0.23332443577944462,0.32392291771576465,0.3227194054769206,0.0,0.8289580819117942,0.0,,,EXPLOIT
1112,53,,,0,0,0,1,common,1.0,0.17810073975401375,0.3055799015844124,0.2793338057600485,0.0,0.8310255601127273,0.0,,,EXPLOIT
1113,53,,,0,0,0,1,common,1.0,0.11576548084010896,0.2940036271634879,0.23026330828406663,0.0,0.8330237114553483,0.0,,,EXPLOIT
1114,53,,,0,0,0,1,common,1.0,0.07524756254607079,0.2866305327120793,0.18375858456266786,0.0,0.8349558694770232,0.0,,,EXPLOIT
1115,53,,,0,0,1,0,rare,0.0,0.8483391167433609,0.2819031585743764,0.38313274421687576,0.0,0.8368251575519015,0.0,,,EXPLOIT
1116,53,,,0,1,1,1,common,0.0,0.0988582050117397,0.5738843015416365,0.2978503824553349,0.0,0.8386345051986877,0.0,,,EXPLOIT
1117,53,,,0,0,1,0,rare,0.0,0.5514204258831846,0.4579876200473127,0.3739213954836898,0.0,0.8403866628931072,0.0,,,EXPLOIT
1118,53,,,0,1,1,1,common,0.0,0.0642578332576308,0.638948003062207,0.2810223268158721,0.0,0.8420842155426158,0.0,,,EXPLOIT
1119,53,,,0,1,1,1,common,1.0,0.95823240838254,0.5773442816779358,0.4841853512858725,0.0,0.8437295947622158,0.0,,,EXPLOIT
1120,53,,,0,0,1,1,rare,0.0,0.377148934551349,0.6903548662674077,0.4520744262655154,0.0,0.8453250900740087,0.0,,,EXPLOIT
1121,53,,,0,1,1,1,common,0.0,0.24514680745837686,0.6300747019735302,0.3899961406233738,0.0,0.8468728591389857,0.0,,,EXPLOIT
1122,53,,,0,0,0,1,common,0.0,0.951089084345054,0.6919655213153002,0.5583240237398779,0.0,0.8483749371172323,0.0,,,EXPLOIT
1123,53,,,0,1,1,0,common,0.0,0.35842327682407005,0.6654807592649905,0.49835379966513554,0.0,0.84225297018935,0.0,,,EXPLOIT
1124,53,,,0,0,1,0,rare,1.0,0.7670248700643545,0.6926475884242678,0.5789551207849012,0.0,0.8438932020916942,0.0,,,EXPLOIT
1125,53,,,0,0,0,1,common,1.0,0.3817920951757149,0.5641331308888159,0.5198062131021453,0.0,0.8374462739140394,0.0,,,EXPLOIT
1126,53,,,0,1,0,1,rare,0.0,0.7518351381357853,0.3997081892227654,0.5894148906122373,0.0,0.8305169230686208,0.0,,,EXPLOIT
1127,53,,,0,0,0,1,common,1.0,0.5113071602117396,0.3429076536423301,0.565982571492088,0.0,0.8230492871991828,0.0,,,EXPLOIT
1128,53,,,0,0,0,1,common,0.0,0.6676503458623693,0.25214154751749596,0.5964829038031724,0.0,0.8149785332510022,0.0,,,EXPLOIT
1129,53,,,0,0,0,0,common,0.0,0.03186315386778334,0.47230571635463814,0.4270969788225556,0.0,0.8062289814322423,0.0,,,EXPLOIT
1130,53,,,0,0,0,0,common,0.0,0.020711050014059172,0.6177287632585748,0.3051812001800066,0.0,0.8091283659151939,0.0,,,EXPLOIT
1131,53,,,0,0,0,1,common,1.0,0.5660272751894599,0.6780319360151466,0.3834350226828426,0.0,0.8119145346767619,0.0,,,EXPLOIT
1132,53,,,0,0,0,1,common,1.0,0.367917728873149,0.4855798139066497,0.37877983453993447,0.0,0.8145938593018893,0.0,,,EXPLOIT
1133,53,,,0,0,0,0,common,0.0,0.013462182509138464,0.33058934559153785,0.26918453893069566,0.0,0.817172242290813,0.0,,,EXPLOIT
1134,53,,,0,1,1,0,common,0.0,0.5014338344581696,0.5334763404938363,0.3388593275889378,0.0,0.8196551594508839,0.0,,,EXPLOIT
1135,53,,,0,0,1,0,rare,1.0,0.6740680076021898,0.4950966825629271,0.4394219315929134,0.0,0.8220476977727788,0.0,,,EXPLOIT
1136,53,,,0,0,0,1,common,0.0,0.7608534762324531,0.3239511673811156,0.5358513949847753,0.0,0.8243545893424832,0.0,,,EXPLOIT
1137,53,,,0,0,0,1,common,0.0,0.49455475955109457,0.515421964108371,0.5234624043546711,0.0,0.8163909837799478,0.0,,,EXPLOIT
1138,53,,,0,1,1,1,common,1.0,0.8406545751520551,0.6285943687375134,0.6186200555938862,0.0,0.8077622555385573,0.0,,,EXPLOIT
1139,53,,,0,0,0,1,common,0.0,0.32146059370821145,0.6575893465215736,0.5294722170281838,0.0,0.7983819407657358,0.0,,,EXPLOIT
1140,53,,,0,0,0,1,common,1.0,0.7910506140896625,0.5981520287667245,0.6079457361466274,0.0,0.7881479105169069,0.0,,,EXPLOIT
1141,53,,,0,0,0,1,common,1.0,0.5141828991582806,0.6859915676101749,0.5798168850501233,0.0,0.776938654771399,0.0,,,EXPLOIT
1142,53,,,0,1,1,1,common,0.0,0.4535745261511642,0.5837341929655008,0.5419441773804355,0.0,0.764608455983099,0.0,,,EXPLOIT
1143,53,,,0,0,0,1,common,0.0,0.6657811155471175,0.4624994766736472,0.5790952588304401,0.0,0.7509810447194292,0.0,,,EXPLOIT
1144,53,,,0,1,1,1,common,0.0,0.2948234419982567,0.6437392191075548,0.49381371378078504,0.0,0.7358411496361005,0.0,,,EXPLOIT
1145,53,,,0,0,0,1,common,0.0,0.4327577251056264,0.5799448517127592,0.47549691717823744,0.0,0.7421181613531017,0.0,,,EXPLOIT
1146,53,,,0,0,0,1,common,0.0,0.2812925213186571,0.6716540705082035,0.41723559842036334,0.0,0.7480453046125185,0.0,,,EXPLOIT
1147,53,,,0,0,0,1,common,0.0,0.18284013885712713,0.6930006400459694,0.3469169605513925,0.0,0.7536507623627637,0.0,,,EXPLOIT
1148,53,,,0,1,1,1,common,1.0,0.8083647627011331,0.6873499209069328,0.48535130119631464,0.0,0.7589597700585272,0.0,,,EXPLOIT
1149,53,,,0,1,0,1,rare,1.0,0.8811539097428673,0.502298196619758,0.6040920837602803,0.0,0.7639949911775108,0.0,,,EXPLOIT
1150,53,,,0,1,1,0,common,0.0,0.5618557950585766,0.337944486016115,0.5914211971497693,0.0,0.7503012754932068,0.0,,,EXPLOIT
1151,53,,,0,1,1,0,common,0.0,0.36520626678807483,0.5359695876375088,0.5235567180412609,0.0,0.7350837558831901,0.0,,,EXPLOIT
1152,53,,,0,1,1,1,common,0.0,0.47456290424426345,0.6454942978334903,0.5088585739021616,0.0,0.7180740087752504,0.0,,,EXPLOIT
1153,53,,,0,0,0,1,common,0.0,0.4272499586671362,0.6854775360675248,0.48437598933165393,0.0,0.6989366333783423,0.0,,,EXPLOIT
1154,53,,,0,0,0,1,common,1.0,0.7222875268663614,0.6724395141619441,0.5557494505920662,0.0,0.707460712658038,0.0,,,EXPLOIT
1155,53,,,0,0,1,1,rare,0.0,0.30846588775877126,0.6044296416112904,0.48156438174207766,0.0,0.6869287269794658,0.0,,,EXPLOIT
1156,53,,,0,0,0,1,common,1.0,0.469486892463135,0.680175174752347,0.47794113495839485,0.0,0.6962535207872808,0.0,,,EXPLOIT
1157,53,,,0,0,0,1,common,0.0,0.6948335198989622,0.505984047767695,0.543008850440565,0.0,0.7049535674244091,0.0,,,EXPLOIT
1158,53,,,0,0,0,1,common,0.0,0.45164178793432547,0.6451709419441143,0.5155987316886932,0.0,0.6840845659388909,0.0,,,EXPLOIT
1159,53,,,0,0,0,0,common,1.0,0.99124958136906,0.68983328650403,0.6582939865928032,0.0,0.6602972430239823,0.0,,,EXPLOIT
1160,53,,,0,0,0,0,common,1.0,0.644312227889889,0.5289327791950957,0.6540994589819289,0.0,0.6329349183656865,0.0,,,EXPLORE
1161,53,,,0,1,1,1,common,0.0,0.20050282704320133,0.3723056338830316,0.5180204694003105,0.0,0.6011279147518884,0.0,,,EXPLORE
1162,53,,,0,0,0,1,common,1.0,0.7064328378426884,0.3212610669143765,0.5745441799330239,0.0,0.5636995794214523,0.0,,,EXPLOIT
1163,53,,,0,1,1,0,common,1.0,0.7626159265877513,0.23851383830344897,0.6309657039294421,0.0,0.5190177311575375,0.0,,,EXPLORE
1164,53,,,0,1,1,0,common,0.0,0.5042996477179615,0.4882774052027985,0.5929658870659978,0.0,0.4647505974448519,0.0,,,EXPLORE
1165,53,,,0,1,1,1,common,0.0,0.13032683757808086,0.3577503562648304,0.4541741722196227,0.0,0.39744700239317954,0.0,,,EXPLORE
1166,53,,,0,0,0,1,common,1.0,0.4591813445977475,0.28219688817166766,0.4556763239330601,0.0,0.4359870715997326,0.0,,,EXPLOIT
1167,53,,,0,1,1,1,common,0.0,0.08471244442575257,0.23133586821334182,0.34438716008086784,0.0,0.4695745053997258,0.0,,,EXPLORE
1168,53,,,0,0,0,0,common,1.0,0.4188029481284279,0.19425245730802473,0.3667118964951358,0.0,0.4991049315882751,0.0,,,EXPLOIT
1169,53,,,0,0,0,0,common,0.0,0.7277780837165219,0.16888866857586693,0.4750317526615516,0.0,0.5252703038961486,0.0,,,EXPLOIT
1170,53,,,0,0,1,1,rare,0.0,0.05506308887673918,0.3871994759634365,0.3490411535261079,0.0,0.5486136842441383,0.0,,,EXPLOIT
1171,53,,,0,1,0,0,rare,0.0,0.4730557544157392,0.5682686580826078,0.38624553379299725,0.0,0.5695672458619889,0.0,,,EXPLOIT
1172,53,,,0,0,0,0,common,0.0,0.30748624037023053,0.5339389227080038,0.36261774576616723,0.0,0.5884792018497609,0.0,,,EXPLOIT
1173,53,,,0,1,1,0,common,1.0,0.672205228983325,0.6361883299421083,0.4554939907313146,0.0,0.6056332499174603,0.0,,,EXPLOIT
1174,53,,,0,1,1,0,common,0.0,0.5630666011608387,0.6503078762132142,0.4877657738601718,0.0,0.6212628523865076,0.0,,,EXPLOIT
1175,53,,,0,1,0,1,rare,0.0,0.7015321260114641,0.6929536896089357,0.5518956795055594,0.0,0.6355618840540006,0.0,,,EXPLOIT
1176,53,,,0,1,1,0,common,1.0,0.6340067092454549,0.6801903626209124,0.576528988427528,0.0,0.6041971858567987,0.0,,,EXPLORE
1177,53,,,0,0,0,0,common,0.0,0.19986605624064985,0.6122087892725634,0.4635301087714645,0.0,0.5673328478147165,0.0,,,EXPLORE
1178,53,,,0,1,0,0,rare,0.0,0.1299129365564224,0.5433207454067692,0.36344495710695185,0.0,0.586457821211472,0.0,,,EXPLOIT
1179,53,,,0,0,1,0,rare,1.0,0.4121043610095456,0.6572498810595904,0.37804277827773,0.0,0.6037959039186531,0.0,,,EXPLOIT
1180,53,,,0,1,1,0,common,0.0,0.7321321653437953,0.6463314842774383,0.4842695943975496,0.0,0.6195855871072684,0.0,,,EXPLOIT
1181,53,,,0,0,0,1,common,1.0,0.5440041180925483,0.5732078068521655,0.5021899515060492,0.0,0.6340247292095931,0.0,,,EXPLOIT
1182,53,,,0,0,1,0,rare,0.0,0.475885907473467,0.4066680631237243,0.49429873829627446,0.0,0.6024016223903046,0.0,,,EXPLOIT
1183,53,,,0,0,1,0,rare,1.0,0.6906741601422465,0.6007483047907066,0.5532113648500661,0.0,0.6183132971566149,0.0,,,EXPLOIT
1184,53,,,0,1,1,0,common,1.0,0.4489382040924602,0.42704066468602064,0.5219294166227842,0.0,0.5839834112525814,0.0,,,EXPLORE
1185,53,,,0,1,0,1,rare,1.0,0.35360267676015644,0.6518714858161023,0.47143139466399586,0.0,0.5433191049633549,0.0,,,EXPLOIT
1186,53,,,0,0,0,1,common,1.0,0.22984173989410173,0.6904776611644883,0.39895449823302764,0.0,0.5648040817700182,0.0,,,EXPLOIT
1187,53,,,0,0,0,1,common,1.0,0.14939713093116613,0.6752794197729968,0.32408728804246917,0.0,0.5841714898095248,0.0,,,EXPLOIT
1188,53,,,0,1,1,0,common,0.0,0.7081901673399008,0.6315853290838892,0.43931815183169864,0.0,0.6017188440146156,0.0,,,EXPLOIT
1189,53,,,0,0,0,1,common,0.0,0.902891864894742,0.4419547352719885,0.5783902657506117,0.0,0.6176904194291337,0.0,,,EXPLOIT
1190,53,,,0,1,0,1,rare,1.0,0.4131202878184177,0.6661683426245859,0.5288092723709534,0.0,0.5832507533189722,0.0,,,EXPLORE
1191,53,,,0,1,1,0,common,0.0,0.46032360877093553,0.6798129029076533,0.5082635732909481,0.0,0.5424449121905416,0.0,,,EXPLORE
1192,53,,,0,0,0,1,common,0.0,0.7314718129180284,0.65655015156837,0.5752260451790722,0.0,0.493330685760363,0.0,,,EXPLORE
1193,53,,,0,1,1,0,common,1.0,0.7007896542988918,0.6874696348335498,0.612895127915018,0.0,0.43308637988301435,0.0,,,EXPLORE
1194,53,,,0,1,1,0,common,1.0,0.45551327529427976,0.5739258391078952,0.5656805721287965,0.0,0.3574494491900237,0.0,,,EXPLORE
1195,53,,,0,1,1,0,common,1.0,0.2960836289412818,0.45719164490455466,0.48480148917254207,0.0,0.2596622271532099,0.0,,,EXPLORE
1196,53,,,0,0,1,0,rare,0.0,0.8075456411881669,0.3802506479435167,0.5816247347772294,0.0,0.31844241821673214,0.0,,,EXPLORE
1197,53,,,0,1,1,0,common,0.0,0.5249046667723085,0.2815615586378304,0.5646087143757531,0.0,0.207955413702478,0.0,,,EXPLORE
1198,53,,,0,1,1,0,common,1.0,0.6588119665979995,0.5293879827977241,0.592869690042427,0.0,0.09090909090909093,0.0,,,EXPLORE
1199,53,,,0,0,1,0,rare,1.0,0.4282277782886996,0.38831016821879105,0.5434771165163087,0.0,0.09090909090909093,0.0,,,EXPLORE
1200,53,,,0,0,1,0,rare,0.0,0.7216519441123452,0.6164940168771776,0.5969295647951196,0.0,0.09090909090909093,0.0,,,EXPLORE
1201,53,,,0,1,1,0,common,0.0,0.4690737636730244,0.471616593140874,0.558572824458491,0.0,0.09090909090909093,0.0,,,EXPLORE
1202,53,,,0,1,0,1,rare,1.0,0.5245433216032815,0.6592409372195711,0.5483639736019281,0.0,0.09090909090909093,0.0,,,EXPLORE
1203,53,,,0,0,0,1,common,1.0,0.34095315904213297,0.5217442862941699,0.48614072923398954,0.0,0.09090909090909093,0.0,,,EXPLORE
1204,53,,,0,0,0,1,common,1.0,0.22161955337738648,0.6785340806243121,0.4067843764770086,0.0,0.17965545529122232,0.0,,,EXPLORE
1205,53,,,0,1,1,1,common,0.0,0.035791007769880465,0.6841326635515119,0.29548636586487015,0.0,0.25195053896963665,0.0,,,EXPLORE
1206,53,,,0,1,1,0,common,0.0,0.30489794638746587,0.5461337299801786,0.29830984002164884,0.0,0.31197800201026266,0.0,,,EXPLORE
1207,53,,,0,1,1,0,common,1.0,0.8018163348481472,0.41594690984997645,0.44936178846959834,0.0,0.3626137856372424,0.0,,,EXPLORE
1208,53,,,0,1,1,0,common,1.0,0.5211806176512956,0.6277859058761176,0.4709074372241075,0.0,0.4059000327452924,0.0,,,EXPLORE
1209,53,,,0,0,0,1,common,1.0,0.14405270969530126,0.6922003244566264,0.37285101896546563,0.0,0.4433268371345312,0.0,,,EXPLORE
1210,53,,,0,0,0,1,common,1.0,0.09363426130194585,0.6644365266153112,0.2890859916664097,0.0,0.4760069778008542,0.0,,,EXPLORE
1211,53,,,0,0,1,0,rare,0.0,0.6612325985266578,0.6281698558179709,0.4007299737244841,0.0,0.5047882362938754,0.0,,,EXPLOIT
1212,53,,,0,0,0,1,common,1.0,0.06086226984626486,0.6645281508381926,0.2987696625610183,0.0,0.5303278475182935,0.0,,,EXPLORE
1213,53,,,0,0,0,1,common,1.0,0.039560475400072126,0.6915216311774183,0.22100690641273443,0.0,0.5531431856165939,0.0,,,EXPLOIT
1214,53,,,0,0,0,1,common,1.0,0.0257143090100469,0.6623880158877087,0.16241912719192816,0.0,0.5736470880232013,0.0,,,EXPLOIT
1215,53,,,0,0,1,1,rare,0.0,0.023264155050422303,0.6262990775713072,0.1206726355494764,0.0,0.5921729883276855,0.0,,,EXPLOIT
1216,53,,,0,0,1,0,rare,1.0,0.5701988109576723,0.6653730845549346,0.25553048817193513,0.0,0.6089931308257707,0.0,,,EXPLOIT
1217,53,,,0,1,0,1,rare,0.0,0.9832856991434695,0.6913813968700094,0.4738570514633954,0.0,0.6243319910980096,0.0,,,EXPLOIT
1218,53,,,0,1,1,0,common,1.0,0.37062922712248714,0.5642604123306375,0.4428887041611229,0.0,0.6383763127966292,0.0,,,EXPLORE
1219,53,,,0,0,0,1,common,1.0,0.3608642955567447,0.6805142163274474,0.41828138157980943,0.0,0.6512827158657106,0.0,,,EXPLOIT
1220,53,,,0,1,0,1,rare,1.0,0.2345617921118841,0.6342058825026893,0.36316550473943177,0.0,0.6631835351894628,0.0,,,EXPLOIT
1221,53,,,0,0,0,0,common,0.0,0.08444340876167455,0.6877704478074114,0.27954887594610456,0.0,0.6741913519251206,0.0,,,EXPLOIT
1222,53,,,0,1,1,0,common,1.0,0.2409089976296166,0.5938409807679013,0.26795691245115816,0.0,0.6844025467383026,0.0,,,EXPLOIT
1223,53,,,0,1,1,1,common,0.0,0.015121700782774498,0.5270901789323384,0.19210634895064305,0.0,0.6939001126991532,0.0,,,EXPLOIT
1224,53,,,0,0,1,0,rare,0.0,0.8434091515407492,0.6924238081850859,0.3874971897276749,0.0,0.7027559017630366,0.0,,,EXPLOIT
1225,53,,,0,0,0,1,common,0.0,0.8475348351272753,0.6152965957930743,0.525508483347555,0.0,0.7110324335798719,0.0,,,EXPLOIT
1226,53,,,0,0,1,0,rare,1.0,0.451784051498513,0.5178767260342719,0.5033911537928424,0.0,0.6909755616100534,0.0,,,EXPLOIT
1227,53,,,0,1,1,0,common,1.0,0.29365963347403345,0.6870099692671287,0.4404716976971997,0.0,0.6681742753015999,0.0,,,EXPLOIT
1228,53,,,0,1,1,0,common,1.0,0.1908787617581218,0.6104559832533188,0.3655938169154763,0.0,0.6788174132337845,0.0,,,EXPLOIT
1229,53,,,0,1,1,0,common,1.0,0.1240711951427792,0.5287117398897487,0.2931370303836672,0.0,0.6887022789717584,0.0,,,EXPLOIT
1230,53,,,0,1,1,0,common,1.0,0.08064627684280645,0.4700390325241257,0.22938980432140893,0.0,0.6979066711096374,0.0,,,EXPLOIT
1231,53,,,0,1,1,0,common,1.0,0.05242007994782416,0.43155881337328794,0.1762988870093335,0.0,0.7064980977561827,0.0,,,EXPLOIT
1232,53,,,0,0,1,0,rare,1.0,0.03407305196608568,0.4068509389124397,0.13363113649635913,0.0,0.7145354235005442,0.0,,,EXPLOIT
1233,53,,,0,1,0,1,rare,1.0,0.449102357167271,0.5617314823088431,0.22827250269763266,0.0,0.7220702098777206,0.0,,,EXPLOIT
1234,53,,,0,1,0,1,rare,1.0,0.29191653215872615,0.5465113267152439,0.2473657115359607,0.0,0.7291478138780944,0.0,,,EXPLOIT
1235,53,,,0,0,1,0,rare,1.0,0.022147483777955723,0.5364183658347403,0.1798002432085592,0.0,0.7358082939652687,0.0,,,EXPLOIT
1236,53,,,0,1,0,1,rare,1.0,0.18974574590317195,0.6252971487045779,0.18278389401694303,0.0,0.7420871618375557,0.0,,,EXPLOIT
1237,53,,,0,0,0,1,common,1.0,0.12333473483706181,0.6201337516165566,0.16494914626297866,0.0,0.7480160097281633,0.0,,,EXPLOIT
1238,53,,,0,1,1,0,common,1.0,0.014395864455671203,0.6632976912125569,0.11978316172078642,0.0,0.7536230366386015,0.0,,,EXPLOIT
1239,53,,,0,0,1,0,rare,0.0,0.9906426881038137,0.6609236627392796,0.3810410196356946,0.0,0.7589334920056696,0.0,,,EXPLOIT
1240,53,,,0,0,0,1,common,1.0,0.08016757764409022,0.4253873014570203,0.29077898703821325,0.0,0.7639700515307211,0.0,,,EXPLOIT
1241,53,,,0,1,1,1,common,0.0,0.009829105508803424,0.5606804733083994,0.2064940225793903,0.0,0.768753136971789,0.0,,,EXPLOIT
1242,53,,,0,0,0,1,common,1.0,0.05210892546865864,0.683416639532167,0.1601784934461708,0.0,0.7733011894100396,0.0,,,EXPLOIT
1243,53,,,0,0,1,0,rare,1.0,0.35608225273252103,0.6384197769054321,0.21894962123207587,0.0,0.7776309037006398,0.0,,,EXPLOIT
1244,53,,,0,0,1,1,rare,0.0,0.006388918580722226,0.5936319387699782,0.15518141043666978,0.0,0.7817574303916773,0.0,,,EXPLOIT
1245,53,,,0,1,1,0,common,0.0,0.7685465357238613,0.6827460396365596,0.33919094802282723,0.0,0.7856945502585071,0.0,,,EXPLOIT
1246,53,,,0,0,1,1,rare,1.0,0.9958472029225306,0.6484918516724529,0.5361878244927382,0.0,0.7894548256906776,0.0,,,EXPLOIT
1247,53,,,0,0,0,1,common,1.0,0.03387080155462807,0.5385899858935741,0.38549271761130516,0.0,0.7783726648143292,0.0,,,EXPLOIT
1248,53,,,0,0,0,1,common,0.0,0.9779839789894917,0.45234132763077833,0.5632400960247611,0.0,0.7824648391469744,0.0,,,EXPLOIT
1249,53,,,0,0,1,1,rare,1.0,0.6473006818996448,0.6679291891697058,0.5884582717872262,0.0,0.7706941863707301,0.0,,,EXPLOIT
1250,53,,,0,1,1,0,common,1.0,0.5004447517794901,0.5600447306165182,0.5620542157849053,0.0,0.7577154629495798,0.0,,,EXPLOIT
1251,53,,,0,1,1,1,common,0.0,0.5792545567652309,0.6823344691464619,0.5672143180790029,0.0,0.7433333902133034,0.0,,,EXPLOIT
1252,53,,,0,0,0,0,common,0.0,0.05488821569508846,0.548141212936217,0.41351648736382857,0.0,0.7273082053621168,0.0,,,EXPLOIT
1253,53,,,0,0,1,1,rare,1.0,0.6234845381026,0.6885500543772247,0.47650690258545997,0.0,0.7340759545816578,0.0,,,EXPLOIT
1254,53,,,0,1,0,1,rare,1.0,0.36431041365683037,0.5902014509785007,0.4428479559068711,0.0,0.7404530556816576,0.0,,,EXPLOIT
1255,53,,,0,1,1,1,common,0.0,0.59473505023331,0.6911997206677509,0.4884140842048027,0.0,0.7464720878958027,0.0,,,EXPLOIT
1256,53,,,0,0,1,0,rare,1.0,0.3252890886566686,0.5855498362952469,0.43947658554036245,0.0,0.7521621060494629,0.0,,,EXPLOIT
1257,53,,,0,0,1,0,rare,1.0,0.21143790762683456,0.47925355679730186,0.37106498216630407,0.0,0.7575491046046656,0.0,,,EXPLOIT
1258,53,,,0,0,0,1,common,0.0,0.7631982311230603,0.4071893339978533,0.48870495685333093,0.0,0.7626564102674501,0.0,,,EXPLOIT
1259,53,,,0,1,1,0,common,1.0,0.13743463995744243,0.6479226468087658,0.38332386178456435,0.0,0.767505015667052,0.0,,,EXPLOIT
1260,53,,,0,0,0,1,common,0.0,0.4960788502299892,0.6867654711616278,0.41715035831819175,0.0,0.772113864174005,0.0,,,EXPLOIT
1261,53,,,0,1,1,0,common,1.0,0.0893325159723376,0.582237235837994,0.3188050056144355,0.0,0.7765000940055518,0.0,,,EXPLOIT
1262,53,,,0,1,1,0,common,1.0,0.058066135382019435,0.46445587137635824,0.24058334454471064,0.0,0.7806792482498921,0.0,,,EXPLOIT
1263,53,,,0,1,0,1,rare,0.0,0.32245125264949304,0.38590015143042466,0.26514371697614536,0.0,0.7846654562343736,0.0,,,EXPLOIT
1264,53,,,0,1,0,1,rare,1.0,0.7904066857778296,0.6299932619894646,0.4227226076166506,0.0,0.7884715906977254,0.0,,,EXPLOIT
1265,53,,,0,1,0,1,rare,1.0,0.5137643457555892,0.5029263944907386,0.4500351290583321,0.0,0.7921094044503466,0.0,,,EXPLOIT
1266,53,,,0,1,1,0,common,1.0,0.03774298799831266,0.41025188415951286,0.32634748674032626,0.0,0.7955896495792518,0.0,,,EXPLOIT
1267,53,,,0,1,1,0,common,1.0,0.02453294219890323,0.3524865706685143,0.23580312337789933,0.0,0.7989221817445835,0.0,,,EXPLOIT
1268,53,,,0,1,0,1,rare,1.0,0.333946824741133,0.317164036228022,0.2652462337868694,0.0,0.8021160516985579,0.0,,,EXPLOIT
1269,53,,,0,1,1,0,common,1.0,0.01594641242928707,0.29534843981284664,0.1904562873795947,0.0,0.8051795858166071,0.0,,,EXPLOIT
1270,53,,,0,1,1,1,common,1.0,0.6134222173483486,0.2816888847854251,0.31734606637022084,0.0,0.8081204571495899,0.0,,,EXPLOIT
1271,53,,,0,1,0,1,rare,1.0,0.21706543608173645,0.2730373835397091,0.28726187728367547,0.0,0.8109457482736988,0.0,,,EXPLOIT
1272,53,,,0,1,1,0,common,0.0,0.9896348319209634,0.26751141940915346,0.49797376367486185,0.0,0.8136620070219029,0.0,,,EXPLOIT
1273,53,,,0,1,1,0,common,1.0,0.35673735925137384,0.5566097280523528,0.4556028423478154,0.0,0.816275296020118,0.0,,,EXPLOIT
1274,53,,,0,0,0,1,common,1.0,0.14109253345312867,0.44607512006256256,0.3612497496794093,0.0,0.818791236816955,0.0,,,EXPLOIT
1275,53,,,0,0,0,1,common,0.0,0.9082898532554664,0.6303921163073063,0.5253617807522264,0.0,0.8212150492831549,0.0,,,EXPLOIT
1276,53,,,0,1,1,0,common,0.0,0.768120716486607,0.4641464543423092,0.5981894614725405,0.0,0.8129924897656343,0.0,,,EXPLOIT
1277,53,,,0,1,1,0,common,1.0,0.5007215342837055,0.6656253415862567,0.5689490833158899,0.0,0.804071589664066,0.0,,,EXPLOIT
1278,53,,,0,1,1,1,common,1.0,0.3987244412764266,0.5456336121460217,0.5178816907040509,0.0,0.7943599508663806,0.0,,,EXPLOIT
1279,53,,,0,1,1,1,common,1.0,0.25917088682967726,0.4448108787549939,0.4402684495417387,0.0,0.7837481232525871,0.0,,,EXPLOIT
1280,53,,,0,1,1,1,common,0.0,0.8315389235607098,0.37972696040760195,0.55764959174743,0.0,0.7875953542211398,0.0,,,EXPLOIT
1281,53,,,0,1,1,1,common,0.0,0.5405003003144614,0.6315222584258826,0.5525048043175395,0.0,0.7763321379274433,0.0,,,EXPLOIT
1282,53,,,0,0,1,0,rare,1.0,0.3254689972844086,0.6927037020104311,0.4843940622076002,0.0,0.7639397057302335,0.0,,,EXPLOIT
1283,53,,,0,0,1,1,rare,1.0,0.6486748047956001,0.5959301231003872,0.5336782849840002,0.0,0.7687243000040772,0.0,,,EXPLOIT
1284,53,,,0,0,1,0,rare,1.0,0.2115548482348656,0.4764579345872143,0.43704125395925975,0.0,0.7555374050799134,0.0,,,EXPLOIT
1285,53,,,0,0,0,1,common,1.0,0.40961159538394676,0.3950266992004012,0.4288123563866658,0.0,0.7607483391127675,0.0,,,EXPLOIT
1286,53,,,0,0,0,1,common,1.0,0.2662475369995654,0.3446972337207006,0.3800429105705357,0.0,0.7656928562052038,0.0,,,EXPLOIT
1287,53,,,0,0,0,1,common,1.0,0.17306089904971755,0.3138143195376382,0.31794830711429023,0.0,0.7703906471909961,0.0,,,EXPLOIT
1288,53,,,0,0,0,1,common,1.0,0.11248958438231638,0.29464409861501245,0.25631069029469805,0.0,0.774859509389122,0.0,,,EXPLOIT
1289,53,,,0,0,1,0,rare,1.0,0.1375106513526626,0.28258978533527424,0.2206706786120874,0.0,0.7791155688728458,0.0,,,EXPLOIT
1290,53,,,0,0,0,1,common,1.0,0.07311822984850569,0.27493111580213303,0.17640494398301287,0.0,0.783173472147851,0.0,,,EXPLOIT
1291,53,,,0,0,1,0,rare,1.0,0.08938192337923068,0.27002867968031785,0.1502980378018782,0.0,0.7870465520412191,0.0,,,EXPLOIT
1292,53,,,0,0,0,1,common,1.0,0.04752684940152874,0.26687432437936115,0.11946668128177336,0.0,0.7907469717605476,0.0,,,EXPLOIT
1293,53,,,0,1,1,0,common,1.0,0.058098250196499945,0.26483766884417226,0.10105615195619133,0.0,0.7942858504027164,0.0,,,EXPLOIT
1294,53,,,0,1,0,1,rare,1.0,0.030892452110993673,0.44570535913491227,0.08000704200263203,0.0,0.797673372640579,0.0,,,EXPLOIT
1295,53,,,0,1,1,0,common,1.0,0.03776386262772502,0.5717088828803691,0.06733408819015993,0.0,0.8009188848667094,0.0,,,EXPLOIT
1296,53,,,0,0,0,1,common,0.0,0.9799199061278541,0.6390362942243412,0.3411098335714682,0.0,0.8040309797056963,0.0,,,EXPLOIT
1297,53,,,0,1,1,0,common,1.0,0.024546510708021274,0.6329856519615483,0.24614083671243409,0.0,0.8070175705042376,0.0,,,EXPLOIT
1298,53,,,0,1,1,0,common,1.0,0.015955231960213867,0.5899428923539382,0.17708515528676802,0.0,0.8098859571587643,0.0,,,EXPLOIT
1299,53,,,0,1,1,1,common,1.0,0.42163862311714007,0.5581033525264787,0.2504511956358796,0.0,0.812642884433504,0.0,,,EXPLOIT
1300,53,,,0,0,1,0,rare,1.0,0.010370900774139047,0.5362682432599969,0.17842710717735744,0.0,0.8152945937497967,0.0,,,EXPLOIT
1301,53,,,0,1,0,1,rare,1.0,0.3630520610168948,0.6311397683819577,0.2338145933292186,0.0,0.8178468692837639,0.0,,,EXPLOIT
1302,53,,,0,1,0,1,rare,1.0,0.2359838396609817,0.6200564042283345,0.2344653672287475,0.0,0.8203050790889613,0.0,,,EXPLOIT
1303,53,,,0,1,1,0,common,1.0,0.006741085503190414,0.6124857554234042,0.16614808271108036,0.0,0.8226742118593595,0.0,,,EXPLOIT
1304,53,,,0,1,1,0,common,1.0,0.004381705577073736,0.6074200124421802,0.11761816957087837,0.0,0.8249589098625162,0.0,,,EXPLOIT
1305,53,,,0,1,1,0,common,1.0,0.002848108625097878,0.6040688763185438,0.08318715128714421,0.0,0.8271634985004643,0.0,,,EXPLOIT
1306,53,,,0,0,0,1,common,1.0,0.15338949577963812,0.6018667316651828,0.10424785463489238,0.0,0.8292920128944249,0.0,,,EXPLOIT
1307,53,,,0,1,1,1,common,0.0,0.7259348949738589,0.6534379202156553,0.2907539667365823,0.0,0.8313482218371506,0.0,,,EXPLOIT
1308,53,,,0,1,1,0,common,1.0,0.0018512706063136264,0.6161912180113989,0.2040831578975017,0.0,0.8333356494120628,0.0,,,EXPLOIT
1309,53,,,0,0,0,0,common,0.0,0.0356773402018075,0.680357935164511,0.15356141258879344,0.0,0.8352575945400987,0.0,,,EXPLOIT
1310,53,,,0,0,0,1,common,1.0,0.09970317225676473,0.6069790617823442,0.1374039404891848,0.0,0.8371171486823729,0.0,,,EXPLOIT
1311,53,,,0,0,1,0,rare,1.0,0.0012033258941038794,0.6858184764172774,0.09654375611066052,0.0,0.8389172118984994,0.0,,,EXPLOIT
1312,53,,,0,1,1,0,common,0.0,0.9992178381688325,0.6898036910204204,0.3673459807281121,0.0,0.8406605074360541,0.0,,,EXPLOIT
1313,53,,,0,0,0,1,common,1.0,0.06480706196689712,0.5320267858224664,0.2765843050997476,0.0,0.8423495950055706,0.0,,,EXPLOIT
1314,53,,,0,0,0,1,common,1.0,0.04212459027848314,0.47360074309162337,0.20624639065336825,0.0,0.8439868828771935,0.0,,,EXPLOIT
1315,53,,,0,0,0,1,common,0.0,0.972619016318986,0.4351826573419072,0.43615817835305354,0.0,0.845574638919239,0.0,,,EXPLOIT
1316,53,,,0,0,0,1,common,1.0,0.3677976393926592,0.674479808596037,0.4156500166649352,0.0,0.8471150006850848,0.0,,,EXPLOIT
1317,53,,,0,0,0,0,common,1.0,0.9768097288688251,0.5913739388975287,0.5839979303261021,0.0,0.8486099846427554,0.0,,,EXPLOIT
1318,53,,,0,0,1,1,rare,0.0,0.4718576817330083,0.5153809574712495,0.5503558557481739,0.0,0.8425048254889398,0.0,,,EXPLOIT
1319,53,,,0,1,1,0,common,1.0,0.35050840519025894,0.6901085472621062,0.4904016205807994,0.0,0.8359554991974328,0.0,,,EXPLOIT
1320,53,,,0,1,1,0,common,0.0,0.7721695366263317,0.6576046715178593,0.574931995394459,0.0,0.8377926250682479,0.0,,,EXPLOIT
1321,53,,,0,0,0,1,common,0.0,0.7609315343947716,0.6732962665034197,0.6307318570945528,0.0,0.8308896414909276,0.0,,,EXPLOIT
1322,53,,,0,1,1,1,common,0.0,0.3067074931264554,0.6778139246682031,0.5335245479041236,0.0,0.8234514814863753,0.0,,,EXPLOIT
1323,53,,,0,0,0,1,common,1.0,0.5053945026433985,0.6846625928091161,0.525085534325906,0.0,0.8154138205532178,0.0,,,EXPLOIT
1324,53,,,0,0,1,0,rare,1.0,0.4980898011928844,0.5473054756317747,0.5169868143859995,0.0,0.8067015958686696,0.0,,,EXPLOIT
1325,53,,,0,0,1,0,rare,1.0,0.32375837077537484,0.416796143793272,0.459018281302812,0.0,0.7972266678617722,0.0,,,EXPLOIT
1326,53,,,0,0,1,0,rare,0.0,0.7895570589960064,0.3354202316763994,0.5581799146107703,0.0,0.8004907456370884,0.0,,,EXPLOIT
1327,53,,,0,0,0,0,common,0.0,0.36507367623526366,0.5831804632199089,0.5002480430981183,0.0,0.7904519792486429,0.0,,,EXPLOIT
1328,53,,,0,1,1,0,common,1.0,0.48678791165259583,0.6855622458750088,0.49621000366446155,0.0,0.7794662854589375,0.0,,,EXPLOIT
1329,53,,,0,1,1,1,common,1.0,0.800640129467804,0.6269574017565135,0.5875390414054643,0.0,0.7835080564458239,0.0,,,EXPLOIT
1330,53,,,0,1,1,0,common,1.0,0.31641214257418726,0.4965676800711226,0.5062009717560811,0.0,0.7718415219168621,0.0,,,EXPLOIT
1331,53,,,0,1,1,0,common,1.0,0.20566789267322172,0.4025637085638607,0.4160410480312233,0.0,0.7589832516807468,0.0,,,EXPLOIT
1332,53,,,0,1,1,0,common,0.0,0.8663158697624058,0.3444096553531523,0.5511234945505781,0.0,0.7640172769639241,0.0,,,EXPLOIT
1333,53,,,0,1,1,1,common,0.0,0.4795839158459274,0.6050378975156795,0.5296616209391829,0.0,0.7503259729037034,0.0,,,EXPLOIT
1334,53,,,0,1,0,1,rare,0.0,0.671493573281791,0.6922293287477472,0.5722112066419653,0.0,0.7351112771856434,0.0,,,EXPLOIT
1335,53,,,0,0,0,1,common,0.0,0.43647082263316417,0.670525931429228,0.531489091439325,0.0,0.7181048658544207,0.0,,,EXPLOIT
1336,53,,,0,1,0,1,rare,1.0,0.7162939652884432,0.6927591823619851,0.5869305535940604,0.0,0.6989714697476413,0.0,,,EXPLOIT
1337,53,,,0,1,1,0,common,1.0,0.43689468465443615,0.557848933656428,0.5419197929121731,0.0,0.6772866075617557,0.0,,,EXPLOIT
1338,53,,,0,1,1,1,common,0.0,0.31172954529985286,0.4056240685419362,0.472862718628477,0.0,0.6525047979978503,0.0,,,EXPLOIT
1339,53,,,0,1,1,0,common,1.0,0.28398154502538353,0.6082244143209521,0.41619836654754894,0.0,0.6643123999479899,0.0,,,EXPLOIT
1340,53,,,0,1,1,0,common,1.0,0.18458800426649935,0.4427514356759664,0.34671525786323404,0.0,0.6752372210782912,0.0,,,EXPLOIT
1341,53,,,0,0,0,0,common,0.0,0.2372978895529214,0.33390614610505726,0.3138900473701402,0.0,0.6853742004504778,0.0,,,EXPLOIT
1342,53,,,0,1,1,0,common,1.0,0.11998220277322458,0.2740298135926153,0.25571769399106553,0.0,0.6948051349951035,0.0,,,EXPLOIT
1343,53,,,0,1,0,1,rare,1.0,0.46559107743748807,0.21962955587829464,0.31867970902499226,0.0,0.703600877493559,0.0,,,EXPLOIT
1344,53,,,0,1,1,0,common,0.0,0.922011568197404,0.18893927880466138,0.49967926677671576,0.0,0.7118231077108164,0.0,,,EXPLOIT
1345,53,,,0,1,1,1,common,0.0,0.20262420444490437,0.4184411625296022,0.4105627480771723,0.0,0.7195257703569321,0.0,,,EXPLOIT
1346,53,,,0,0,1,0,rare,0.0,0.5993075193283126,0.594806534357465,0.4671861794525144,0.0,0.7267562507736446,0.0,,,EXPLOIT
1347,53,,,0,1,0,1,rare,1.0,0.3026342003343673,0.553729439478057,0.4178205857170702,0.0,0.7335563425096725,0.0,,,EXPLOIT
1348,53,,,0,1,1,0,common,1.0,0.6104501124365969,0.36374913395573943,0.4756094437329282,0.0,0.7399630485311435,0.0,,,EXPLOIT
1349,53,,,0,1,1,0,common,1.0,0.3967925730837879,0.2562174192276762,0.4519643825381861,0.0,0.7460092485096876,0.0,,,EXPLOIT
1350,53,,,0,1,0,1,rare,1.0,0.19671223021733875,0.19942403979759088,0.37538873684193186,0.0,0.7517242575963408,0.0,,,EXPLOIT
1351,53,,,0,0,0,1,common,1.0,0.1278629496412702,0.16817156719680154,0.3011310006817333,0.0,0.7571342967256252,0.0,,,EXPLOIT
1352,53,,,0,1,1,0,common,0.0,0.7420848274955378,0.3845156903267619,0.43341714872587467,0.0,0.7622628903715046,0.0,,,EXPLOIT
1353,53,,,0,1,0,1,rare,1.0,0.08311091726682562,0.6408522425985327,0.3283252792881599,0.0,0.7671312044842626,0.0,,,EXPLOIT
1354,53,,,0,1,1,0,common,0.0,0.4823551378720996,0.5291826666412156,0.3745342368633418,0.0,0.7717583348473154,0.0,,,EXPLOIT
1355,53,,,0,0,1,0,rare,1.0,0.6864691603831352,0.6860514488461755,0.46811471391927983,0.0,0.7761615541378338,0.0,,,EXPLOIT
1356,53,,,0,0,0,1,common,0.0,0.9459779037765633,0.6522483609999954,0.6114736708764649,0.0,0.7803565244301274,0.0,,,EXPLOIT
1357,53,,,0,1,1,0,common,1.0,0.44620495424903794,0.6833900451423424,0.5618930558882368,0.0,0.7683739872318565,0.0,,,EXPLOIT
1358,53,,,0,1,0,1,rare,1.0,0.3851143625452338,0.578187695830484,0.5088594478853359,0.0,0.7551498918370994,0.0,,,EXPLOIT
1359,53,,,0,1,1,0,common,1.0,0.2900332202618747,0.474822820837178,0.44321157959829754,0.0,0.7404815123012847,0.0,,,EXPLOIT
1360,53,,,0,0,0,1,common,1.0,0.25032433565440204,0.4053584385557778,0.3853454064151289,0.0,0.7464989685474022,0.0,,,EXPLOIT
1361,53,,,0,1,1,0,common,1.0,0.18852159317021855,0.5869559059993714,0.3262982624416558,0.0,0.7521875368674941,0.0,,,EXPLOIT
1362,53,,,0,0,0,1,common,1.0,0.16271081817536137,0.5455714423980628,0.2772220291617674,0.0,0.7575731986151133,0.0,,,EXPLOIT
1363,53,,,0,0,0,1,common,1.0,0.10576203181398491,0.6452929307569877,0.22578402995743263,0.0,0.7626792690475158,0.0,,,EXPLOIT
1364,53,,,0,1,1,0,common,1.0,0.12253903556064205,0.6834284079226771,0.19481053163839546,0.0,0.767526730758922,0.0,,,EXPLOIT
1365,53,,,0,0,0,1,common,1.0,0.06874532067909023,0.672349482340773,0.15699096835060386,0.0,0.7721345182941786,0.0,,,EXPLOIT
1366,53,,,0,0,1,0,rare,1.0,0.07965037311441736,0.6890177865339886,0.1337887897797479,0.0,0.7765197620834101,0.0,,,EXPLOIT
1367,53,,,0,1,1,0,common,0.0,0.9482272574756287,0.6930145444148328,0.37812033008851215,0.0,0.7806979983229871,0.0,,,EXPLOIT
1368,53,,,0,0,0,1,common,1.0,0.04468445844140867,0.5234381082361113,0.2780895685943811,0.0,0.7846833502229805,0.0,,,EXPLOIT
1369,53,,,0,0,0,1,common,1.0,0.029044897986915674,0.5020583560687042,0.20337616741214146,0.0,0.788488685077236,0.0,,,EXPLOIT
1370,53,,,0,0,0,1,common,0.0,0.9811208163085048,0.48800715862891175,0.43669956208105043,0.0,0.7921257508368844,0.0,,,EXPLOIT
1371,53,,,0,1,1,0,common,0.0,0.6163477173591587,0.6922850471340685,0.4905940086644829,0.0,0.7956052952412995,0.0,,,EXPLOIT
1372,53,,,0,0,0,1,common,1.0,0.36227146939947186,0.5943123221323448,0.45209724688497954,0.0,0.7989371700513032,0.0,,,EXPLOIT
1373,53,,,0,0,0,1,common,0.0,0.7645235448903434,0.4853314020660381,0.5458251362865887,0.0,0.8021304225137585,0.0,,,EXPLOIT
1374,53,,,0,1,1,0,common,1.0,0.5993739837165468,0.6745035025661689,0.5618897905155761,0.0,0.7922421415938663,0.0,,,EXPLOIT
1375,53,,,0,1,0,0,rare,0.0,0.1542436282093989,0.6679348062405146,0.4395959418237229,0.0,0.7814285386224352,0.0,,,EXPLOIT
1376,53,,,0,0,0,1,common,1.0,0.5030596958212767,0.6739216226503664,0.45863506802298903,0.0,0.7853806024441646,0.0,,,EXPLOIT
1377,53,,,0,0,0,1,common,0.0,0.67301119771617,0.5611586525142983,0.5229479069309433,0.0,0.7891548407882341,0.0,,,EXPLOIT
1378,53,,,0,0,1,0,rare,1.0,0.38959308941575543,0.6897672735504949,0.4829414616763869,0.0,0.7780435732761702,0.0,,,EXPLOIT
1379,53,,,0,0,1,0,rare,0.0,0.7467644918797589,0.5911369300366385,0.5620883707373985,0.0,0.7821509719340322,0.0,,,EXPLOIT
1380,53,,,0,1,1,0,common,1.0,0.5146030802781567,0.6925865117147949,0.5478427835996259,0.0,0.7703488998286636,0.0,,,EXPLOIT
1381,53,,,0,1,0,0,rare,0.0,0.1002583583361093,0.6225274868113487,0.4135674560205709,0.0,0.7573338121156346,0.0,,,EXPLOIT
1382,53,,,0,1,1,0,common,0.0,0.6655079978191981,0.6925421652563682,0.48914961856015904,0.0,0.7624521614254073,0.0,,,EXPLOIT
1383,53,,,0,0,1,0,rare,1.0,0.5674198014175212,0.6470609334625833,0.5126306734173677,0.0,0.7673109915726908,0.0,,,EXPLOIT
1384,53,,,0,0,0,1,common,0.0,0.43745727851551053,0.4872884356058751,0.49007865494681047,0.0,0.7539736805155535,0.0,,,EXPLOIT
1385,53,,,0,0,1,0,rare,1.0,0.36882287092138877,0.6527368292107696,0.45370191973918395,0.0,0.7592658410100174,0.0,,,EXPLOIT
1386,53,,,0,1,0,1,rare,0.0,0.28434723103508186,0.493268841851346,0.4028955131279533,0.0,0.764285485468964,0.0,,,EXPLOIT
1387,53,,,0,0,0,1,common,1.0,0.8151742998271968,0.4132888882517013,0.5265791491377263,0.0,0.7690529003249075,0.0,,,EXPLOIT
1388,53,,,0,0,0,1,common,1.0,0.5298632948876779,0.30096318342437606,0.5275643928627117,0.0,0.7559008506204634,0.0,,,EXPLOIT
1389,53,,,0,0,1,0,rare,0.0,0.7602651339010973,0.23892222540558308,0.5973746151742274,0.0,0.7413165798857079,0.0,,,EXPLOIT
1390,53,,,0,0,0,1,common,1.0,0.3444111416769906,0.4736893840809112,0.5214855731250564,0.0,0.7250535379462144,0.0,,,EXPLOIT
1391,53,,,0,0,0,1,common,1.0,0.22386724209004394,0.33536912344720693,0.4322000738145526,0.0,0.7068051403741222,0.0,,,EXPLOIT
1392,53,,,0,0,0,1,common,1.0,0.14551370735852853,0.2579258578873718,0.3461941638777454,0.0,0.7148229867106164,0.0,,,EXPLOIT
1393,53,,,0,0,0,1,common,0.0,0.9054160902169565,0.21479871950156515,0.5139607417795087,0.0,0.7223400770606437,0.0,,,EXPLOIT
1394,53,,,0,0,0,1,common,1.0,0.41147954135897824,0.4510513897145867,0.4832163816533495,0.0,0.7037487134075923,0.0,,,EXPLOIT
1395,53,,,0,0,1,0,rare,1.0,0.5058276629642867,0.32228412823871455,0.48999976604663065,0.0,0.7119614604431721,0.0,,,EXPLOIT
1396,53,,,0,0,1,0,rare,1.0,0.3287879809267864,0.2507155445454763,0.44163623051067735,0.0,0.7196555176058422,0.0,,,EXPLOIT
1397,53,,,0,0,1,0,rare,1.0,0.21371218760241117,0.21069616642005048,0.37325901763819747,0.0,0.7268781651813176,0.0,,,EXPLOIT
1398,53,,,0,0,1,0,rare,1.0,0.13891292194156724,0.18746051372425582,0.3029551889292084,0.0,0.7336711069230605,0.0,,,EXPLOIT
1399,53,,,0,0,1,0,rare,1.0,0.09029339926201874,0.17349891335006937,0.2391566520290515,0.0,0.7400712686777904,0.0,,,EXPLOIT
1400,53,,,0,0,1,0,rare,1.0,0.05869070952031219,0.1648925415335142,0.18501686927642969,0.0,0.7461114635854188,0.0,,,EXPLOIT
1401,53,,,0,0,0,1,common,0.0,0.7325382981166642,0.15949200035735284,0.34927329792850004,0.0,0.7518209491553738,0.0,,,EXPLOIT
1402,53,,,0,1,1,0,common,1.0,0.03814896118820288,0.39124089994273803,0.2559359969064109,0.0,0.7572258961823625,0.0,,,EXPLOIT
1403,53,,,0,0,0,1,common,1.0,0.5238501062241683,0.6336223851764704,0.3363102297017381,0.0,0.7623497853605197,0.0,,,EXPLOIT
1404,53,,,0,0,0,1,common,1.0,0.3405025690457094,0.5365599529214427,0.3375679315049295,0.0,0.7672137442762063,0.0,,,EXPLOIT
1405,53,,,0,0,1,0,rare,0.0,0.9752031752276681,0.46341338867586557,0.528858504621751,0.0,0.771836834980283,0.0,,,EXPLOIT
1406,53,,,0,1,0,1,rare,0.0,0.7786733301202888,0.6765766127229587,0.6038029522713123,0.0,0.75897807387321,0.0,,,EXPLOIT
1407,53,,,0,1,1,0,common,1.0,0.3661179361020157,0.5804693935949201,0.5324974474205233,0.0,0.7447358219588978,0.0,,,EXPLOIT
1408,53,,,0,0,0,1,common,1.0,0.49386233542181224,0.693063562366276,0.5209069138209099,0.0,0.7288749542297652,0.0,,,EXPLOIT
1409,53,,,0,1,0,1,rare,0.0,0.678989481975822,0.6421580260781432,0.5683316842673836,0.0,0.7111038672302603,0.0,,,EXPLOIT
1410,53,,,0,1,1,1,common,1.0,0.8682942671108121,0.4936216627776707,0.6583204591204121,0.0,0.6910564375210592,0.0,,,EXPLOIT
1411,53,,,0,0,1,0,rare,0.0,0.7620233415336898,0.6614796468464116,0.6894313238443954,0.0,0.6682665922979781,0.0,,,EXPLOIT
1412,53,,,0,1,1,0,common,1.0,0.5046848280031015,0.6652609855661857,0.6340073750920072,0.0,0.6421317041761273,0.0,,,EXPLORE
1413,53,,,0,1,0,1,rare,1.0,0.5586568367157156,0.5686999971229175,0.6114022135791197,0.0,0.611858627026269,0.0,,,EXPLOIT
1414,53,,,0,1,1,0,common,0.0,0.6719548617979839,0.4862264992318788,0.629568008044779,0.0,0.5763819446881631,0.0,,,EXPLORE
1415,53,,,0,0,1,1,rare,1.0,0.5643912736220279,0.6821242544329245,0.6100149877179536,0.0,0.5342361727347795,0.0,,,EXPLORE
1416,53,,,0,0,1,1,rare,0.0,0.6331456721456818,0.6676524437355018,0.6169541930462721,0.0,0.48334851945007706,0.0,,,EXPLORE
1417,53,,,0,0,0,1,common,1.0,0.36312694386521527,0.6683517384440576,0.540806018291955,0.0,0.42068793605890215,0.0,,,EXPLORE
1418,53,,,0,0,0,1,common,1.0,0.23603251351238996,0.6773420117170466,0.44937396685808545,0.0,0.3416389963753059,0.0,,,EXPLORE
1419,53,,,0,1,1,1,common,1.0,0.5884553131053067,0.6041355348014534,0.4910983707322518,0.0,0.38790535197720477,0.0,,,EXPLORE
1420,53,,,0,0,0,1,common,1.0,0.15342113378305344,0.6864078276927654,0.38979519964749226,0.0,0.42772017787424665,0.0,,,EXPLORE
1421,53,,,0,1,0,1,rare,0.0,0.9002762630410153,0.6534692973886387,0.5429395186655492,0.0,0.46234332006540113,0.0,,,EXPLORE
1422,53,,,0,1,1,1,common,0.0,0.6175040464815507,0.4635380981184299,0.5653088770103496,0.0,0.394425220437785,0.0,,,EXPLORE
1423,53,,,0,0,1,0,rare,1.0,0.5632293398313104,0.3272795571510678,0.5646850158566379,0.0,0.3078677035290516,0.0,,,EXPLORE
1424,53,,,0,0,0,0,common,0.0,0.06516793291847105,0.28490960403762206,0.4148298909751878,0.0,0.19378399829707,0.0,,,EXPLORE
1425,53,,,0,1,0,1,rare,1.0,0.41482042902334004,0.5510275897488495,0.41482705238963347,0.0,0.2636006106751557,0.0,,,EXPLORE
1426,53,,,0,1,0,1,rare,1.0,0.2696332788651711,0.6897357901086649,0.3712689203322947,0.0,0.3217484211852237,0.0,,,EXPLORE
1427,53,,,0,1,1,0,common,1.0,0.36609907089035176,0.665567445824251,0.3697179654997118,0.0,0.37092492184721587,0.0,,,EXPLORE
1428,53,,,0,0,1,0,rare,1.0,0.23796439607872866,0.6024891267333831,0.33019189467341686,0.0,0.4130556467506402,0.0,,,EXPLORE
1429,53,,,0,0,0,1,common,1.0,0.17526163126236116,0.681305293065323,0.28371281565010015,0.0,0.44955187962809307,0.0,,,EXPLORE
1430,53,,,0,0,1,0,rare,1.0,0.15467685745117365,0.6925365137584258,0.2450020281904222,0.0,0.4814715843967318,0.0,,,EXPLOIT
1431,53,,,0,0,0,1,common,1.0,0.11392006032053481,0.6807712189611982,0.20567743782945597,0.0,0.5096234610784,0.0,,,EXPLOIT
1432,53,,,0,1,0,1,rare,1.0,0.07404803920834757,0.665496995621405,0.16618861824312345,0.0,0.5346362728107416,0.0,,,EXPLOIT
1433,53,,,0,1,1,0,common,1.0,0.10053995734326282,0.6878806216108426,0.14649401997316525,0.0,0.5570062540471714,0.0,,,EXPLOIT
1434,53,,,0,0,0,1,common,1.0,0.04813122548542592,0.6930381178383574,0.11698518162684343,0.0,0.5771302802079428,0.0,,,EXPLOIT
1435,53,,,0,1,1,0,common,1.0,0.06535097227312081,0.690915265384394,0.10149491882072664,0.0,0.5953295500783695,0.0,,,EXPLOIT
1436,53,,,0,0,0,1,common,1.0,0.03128529656552681,0.6931010985421253,0.08043203214416669,0.0,0.6118668027296258,0.0,,,EXPLOIT
1437,53,,,0,0,0,1,common,0.0,0.9796645572324075,0.6922029788421997,0.3502017896706389,0.0,0.6269590386514728,0.0,,,EXPLOIT
1438,53,,,0,1,0,1,rare,1.0,0.36321803779893513,0.5261817534692875,0.3541066641091278,0.0,0.6407870576043309,0.0,,,EXPLOIT
1439,53,,,0,1,1,0,common,1.0,0.04247813197752848,0.5098716873841378,0.26061810446964795,0.0,0.6535027053157263,0.0,,,EXPLOIT
1440,53,,,0,1,0,1,rare,1.0,0.23609172456930783,0.49916137578890496,0.2532601904995459,0.0,0.665234446407334,0.0,,,EXPLOIT
1441,53,,,0,1,0,1,rare,1.0,0.15345962097005006,0.49216581578007046,0.22332001964069714,0.0,0.6760916978563469,0.0,,,EXPLOIT
1442,53,,,0,1,1,0,common,1.0,0.027610785785393555,0.48760761131372243,0.16460724948410604,0.0,0.6861682331078857,0.0,,,EXPLOIT
1443,53,,,0,1,1,0,common,1.0,0.017947010760505755,0.48464095517075084,0.12060917786702595,0.0,0.6955448813390103,0.0,,,EXPLOIT
1444,53,,,0,0,1,0,rare,1.0,0.011665556994328696,0.48271124649994507,0.08792609160521676,0.0,0.7042916864629452,0.0,,,EXPLOIT
1445,53,,,0,1,1,0,common,0.0,0.9924173879536864,0.5924479725480408,0.3592734805097576,0.0,0.7124696479566603,0.0,,,EXPLOIT
1446,53,,,0,0,0,1,common,1.0,0.0997487536305326,0.6687525907111285,0.2814160624459901,0.0,0.7201321350525992,0.0,,,EXPLOIT
1447,53,,,0,0,0,1,common,0.0,0.9351633101401539,0.6217764373345929,0.47754023675423923,0.0,0.7273260436284249,0.0,,,EXPLOIT
1448,53,,,0,1,1,0,common,1.0,0.35492869783010383,0.6738747517879663,0.44075677507699856,0.0,0.7340927488039615,0.0,,,EXPLOIT
1449,53,,,0,1,0,1,rare,1.0,0.39214384840889993,0.6031138616824715,0.42617289707656897,0.0,0.7404688941302833,0.0,,,EXPLOIT
1450,53,,,0,1,1,0,common,1.0,0.23070365358956746,0.5386946420112461,0.36753212403046853,0.0,0.7464870491646665,0.0,,,EXPLOIT
1451,53,,,0,1,1,0,common,1.0,0.1499573748332188,0.49300209423760927,0.3022596992712936,0.0,0.7521762603465882,0.0,,,EXPLOIT
1452,53,,,0,0,1,0,rare,1.0,0.09747229364159227,0.46270396933944463,0.24082347758238318,0.0,0.7575625148415417,0.0,,,EXPLOIT
1453,53,,,0,1,0,1,rare,1.0,0.25489350146578493,0.5970615164802066,0.2450444847474037,0.0,0.7626691329828843,0.0,,,EXPLOIT
1454,53,,,0,0,1,0,rare,1.0,0.06335699086703495,0.5800622854870915,0.19053823658329308,0.0,0.7675171018141292,0.0,,,EXPLOIT
1455,53,,,0,1,1,0,common,1.0,0.04118204406357273,0.6501244602687188,0.14573137882737697,0.0,0.7721253597932444,0.0,,,EXPLOIT
1456,53,,,0,1,1,0,common,1.0,0.02676832864132228,0.6419603813814407,0.11004246377156056,0.0,0.77651104080301,0.0,,,EXPLOIT
1457,53,,,0,0,0,1,common,0.0,0.8343192240472398,0.6363383776284723,0.3273254918542643,0.0,0.7806896840955105,0.0,,,EXPLOIT
1458,53,,,0,0,1,0,rare,1.0,0.017399413616859483,0.4023876896066392,0.23434766838304283,0.0,0.7846754155931177,0.0,,,EXPLOIT
1459,53,,,0,1,1,0,common,0.0,0.9886903811490413,0.5488203788272704,0.4606504822128423,0.0,0.7884811050038585,0.0,,,EXPLOIT
1460,53,,,0,0,1,0,rare,1.0,0.35735125225312314,0.687539950760147,0.4296607132249265,0.0,0.7921185024333984,0.0,,,EXPLOIT
1461,53,,,0,0,0,0,common,0.0,0.04235915639700619,0.643905322231858,0.3134702461765504,0.0,0.795598357548804,0.0,,,EXPLOIT
1462,53,,,0,1,1,1,common,0.0,0.40137763021300793,0.6656290342600489,0.33984246138748764,0.0,0.7989305238398148,0.0,,,EXPLOIT
1463,53,,,0,0,0,1,common,1.0,0.4576925043692941,0.6717284779678452,0.37519747428202954,0.0,0.8021240501075352,0.0,,,EXPLOIT
1464,53,,,0,1,1,0,common,1.0,0.23227831396453003,0.5639574305937287,0.33232172618677963,0.0,0.8051872609695157,0.0,,,EXPLOIT
1465,53,,,0,1,1,1,common,1.0,0.7391045403615448,0.6839840468495435,0.4543565704392092,0.0,0.8081278278894463,0.0,,,EXPLOIT
1466,53,,,0,1,0,1,rare,1.0,0.2975001278400412,0.684757087493843,0.40729963765945876,0.0,0.8109528320075494,0.0,,,EXPLOIT
1467,53,,,0,0,0,1,common,1.0,0.1933750830960268,0.6492557257093586,0.34312227129042916,0.0,0.813668819855062,0.0,,,EXPLOIT
1468,53,,,0,1,1,0,common,1.0,0.15098090407694453,0.6895850837357673,0.28547986112638374,0.0,0.8162818528756228,0.0,,,EXPLOIT
1469,53,,,0,1,1,1,common,0.0,0.5195820487649958,0.6741172174350423,0.35571051741796733,0.0,0.8187975515421049,0.0,,,EXPLOIT
1470,53,,,0,0,0,1,common,1.0,0.12569380401241737,0.6086112146977787,0.28670550339630235,0.0,0.8212211347447333,0.0,,,EXPLOIT
1471,53,,,0,0,0,0,common,1.0,0.972466548341946,0.5529166555352307,0.49243381687999543,0.0,0.8235574550314377,0.0,,,EXPLOIT
1472,53,,,0,0,0,1,common,1.0,0.0817009726080713,0.5131596270890335,0.3692139635984181,0.0,0.8258110302012271,0.0,,,EXPLOIT
1473,53,,,0,0,1,0,rare,0.0,0.9018624123499861,0.48654799296504236,0.5290084982238885,0.0,0.8279860716834466,0.0,,,EXPLOIT
1474,53,,,0,1,0,1,rare,1.0,0.05310563219524633,0.6911491392548421,0.38623763841529585,0.0,0.8203167135055833,0.0,,,EXPLOIT
1475,53,,,0,1,0,1,rare,0.0,0.9654813390730899,0.6675506545470845,0.560010748612634,0.0,0.8226854282376489,0.0,,,EXPLOIT
1476,53,,,0,0,0,1,common,1.0,0.37243712960249153,0.6552617647568512,0.5037386629095912,0.0,0.8145846756138636,0.0,,,EXPLOIT
1477,53,,,0,0,0,1,common,0.0,0.7579158657583804,0.56163396075856,0.579991823764228,0.0,0.8058012788140306,0.0,,,EXPLOIT
1478,53,,,0,0,1,1,rare,0.0,0.33772833169724725,0.6927899309999261,0.5073127761441337,0.0,0.7962456571502043,0.0,,,EXPLOIT
1479,53,,,0,0,0,1,common,0.0,0.4926453127429473,0.6461653063728298,0.5029125371237778,0.0,0.7858118396538089,0.0,,,EXPLOIT
1480,53,,,0,1,1,1,common,0.0,0.2195234156032107,0.5679709332864697,0.4178958006676077,0.0,0.7743735367757149,0.0,,,EXPLOIT
1481,53,,,0,0,0,0,common,1.0,0.6321032564222648,0.6727393649501893,0.48215803739400476,0.0,0.7786525026876683,0.0,,,EXPLOIT
1482,53,,,0,0,1,0,rare,1.0,0.41378943197250906,0.634865339866673,0.461647455767556,0.0,0.7827317519900849,0.0,,,EXPLOIT
1483,53,,,0,1,0,1,rare,0.0,0.3202194532829158,0.4914386022281046,0.4192190550221639,0.0,0.7866247560553098,0.0,,,EXPLOIT
1484,53,,,0,0,1,0,rare,1.0,0.26896313078213097,0.3957803947232674,0.37414227775015396,0.0,0.7903438015935788,0.0,,,EXPLOIT
1485,53,,,0,0,0,0,common,0.0,0.5891328833255278,0.29995510967662053,0.43863945942276605,0.0,0.793900118079976,0.0,,,EXPLOIT
1486,53,,,0,1,0,0,rare,0.0,0.3829363741615931,0.5340403359491783,0.42192853384441414,0.0,0.797303989079893,0.0,,,EXPLOIT
1487,53,,,0,0,0,0,common,0.0,0.24890864320503553,0.4721995549646144,0.3700225666526006,0.0,0.8005648497976937,0.0,,,EXPLOIT
1488,53,,,0,0,0,1,common,1.0,0.7918573553661048,0.6189066168547581,0.4965730032666518,0.0,0.8036913727974476,0.0,,,EXPLOIT
1489,53,,,0,0,0,1,common,0.0,0.4852927190120319,0.4217846788349381,0.4931889179902658,0.0,0.8066915435357732,0.0,,,EXPLOIT
1490,53,,,0,0,0,1,common,1.0,0.6845597326421793,0.59224526916105,0.5506001623858399,0.0,0.8095727270919834,0.0,,,EXPLOIT
1491,53,,,0,1,1,1,common,0.0,0.14269022014208696,0.4008193231768241,0.42822717971271396,0.0,0.8003527826407664,0.0,,,EXPLOIT
1492,53,,,0,0,0,1,common,1.0,0.4449638262174166,0.3619154064757327,0.4332481736641247,0.0,0.8034879628505545,0.0,,,EXPLOIT
1493,53,,,0,0,0,1,common,1.0,0.2892264870413208,0.2526981887070506,0.39004166767728354,0.0,0.806496280963294,0.0,,,EXPLOIT
1494,53,,,0,1,1,0,common,0.0,0.8251739649916149,0.19542626314803602,0.5205813568715829,0.0,0.8093851413043026,0.0,,,EXPLOIT
1495,53,,,0,0,0,1,common,1.0,0.18799721657685853,0.17962508945049627,0.42080611478316554,0.0,0.8001486466497917,0.0,,,EXPLOIT
1496,53,,,0,1,1,0,common,1.0,0.4636369227554503,0.15042516743651707,0.43365535717485093,0.0,0.8032921707234414,0.0,,,EXPLOIT
1497,53,,,0,0,0,1,common,1.0,0.12219819077495808,0.3642343318434434,0.34021820725488305,0.0,0.8063083406910646,0.0,,,EXPLOIT
1498,53,,,0,0,1,0,rare,1.0,0.30136399979104267,0.3318074081432843,0.32856194501573094,0.0,0.8092045987991795,0.0,,,EXPLOIT
1499,53,,,0,0,0,0,common,0.0,0.1617906180832731,0.3116024242071309,0.27853054693599355,0.0,0.8119878187287842,0.0,,,EXPLOIT
1500,53,,,0,0,0,0,common,0.0,0.10516390175412751,0.5951168055000087,0.22652055338143373,0.0,0.814664358877673,0.0,,,EXPLOIT
1501,53,,,0,1,1,0,common,1.0,0.19588659986417778,0.6925947479371077,0.21733036732625693,0.0,0.8172401097610382,0.0,,,EXPLOIT
1502,53,,,0,1,0,1,rare,1.0,0.07942882400372275,0.620228212343763,0.17595990432949668,0.0,0.8197205362741534,0.0,,,EXPLOIT
1503,53,,,0,0,0,1,common,1.0,0.05162873560241976,0.5078776962082429,0.1386605537113736,0.0,0.822110715455344,0.0,,,EXPLOIT
1504,53,,,0,1,0,1,rare,1.0,0.03355867814157287,0.660967231692051,0.10712999104043337,0.0,0.8244153702984329,0.0,,,EXPLOIT
1505,53,,,0,1,1,0,common,1.0,0.12732628991171557,0.605129911103614,0.11318888070181803,0.0,0.8266389000885574,0.0,,,EXPLOIT
1506,53,,,0,1,1,0,common,1.0,0.08276208844261512,0.5588825483059313,0.10406084302405715,0.0,0.8287854076713784,0.0,,,EXPLOIT
1507,53,,,0,1,0,1,rare,1.0,0.021813140792022345,0.526219758999161,0.0793865323544467,0.0,0.830858724011356,0.0,,,EXPLOIT
1508,53,,,0,1,1,0,common,1.0,0.05379535748769981,0.504318349738758,0.07170917989442263,0.0,0.8328624303483868,0.0,,,EXPLOIT
1509,53,,,0,1,0,1,rare,0.0,0.9858214584851854,0.48990931483858147,0.3459428634716515,0.0,0.8347998782224181,0.0,,,EXPLOIT
1510,53,,,0,0,0,0,common,1.0,0.9316434638598171,0.6924325045123201,0.5216530435881012,0.0,0.8366742076016067,0.0,,,EXPLOIT
1511,53,,,0,0,0,1,common,1.0,0.35921605198462947,0.6664745964281173,0.4729219461070596,0.0,0.82968589623259,0.0,,,EXPLOIT
1512,53,,,0,0,0,1,common,1.0,0.23349043379000922,0.6153627941734507,0.40109249241194445,0.0,0.8317288482669121,0.0,,,EXPLOIT
1513,53,,,0,0,1,0,rare,1.0,0.034966982367004906,0.5719329055756937,0.2912548393984626,0.0,0.8337036588465138,0.0,,,EXPLOIT
1514,53,,,0,0,0,1,common,0.0,0.848231218036494,0.5408586600257991,0.458347752989872,0.0,0.835613586395776,0.0,,,EXPLOIT
1515,53,,,0,1,1,0,common,1.0,0.022728538538553167,0.6918482319478698,0.3276619886544764,0.0,0.8374616850332934,0.0,,,EXPLOIT
1516,53,,,0,1,1,0,common,1.0,0.014773550050059536,0.6473945239945776,0.2337954570731513,0.0,0.8392508203399424,0.0,,,EXPLOIT
1517,53,,,0,1,1,0,common,0.0,0.9903971924674613,0.5908019566896607,0.4607759776914443,0.0,0.8409836836887772,0.0,,,EXPLOIT
1518,53,,,0,1,1,0,common,1.0,0.3562418248961501,0.6868213124433281,0.429415731852856,0.0,0.8426628052875023,0.0,,,EXPLOIT
1519,53,,,0,1,0,1,rare,1.0,0.4486497082762788,0.6729189659361867,0.43518592477988277,0.0,0.8442905660664654,0.0,,,EXPLOIT
1520,53,,,0,0,0,1,common,0.0,0.7083776896204188,0.6161425528860895,0.5171434542320436,0.0,0.8458692085296666,0.0,,,EXPLOIT
1521,53,,,0,1,1,0,common,1.0,0.23155718618249754,0.43834574438620455,0.43146757381717976,0.0,0.8395666066771238,0.0,,,EXPLOIT
1522,53,,,0,1,0,0,rare,0.0,0.39443174849111884,0.3799000192579709,0.42035682621936143,0.0,0.8412896206960327,0.0,,,EXPLOIT
1523,53,,,0,1,1,0,common,1.0,0.15051217101862346,0.6347048964317257,0.33940342965914,0.0,0.8429593319347027,0.0,,,EXPLOIT
1524,53,,,0,0,1,0,rare,1.0,0.09783291116210524,0.5177479173881174,0.26693227411002957,0.0,0.8445780956510355,0.0,,,EXPLOIT
1525,53,,,0,0,0,1,common,1.0,0.5395545017467278,0.6675842032879302,0.34871894240103907,0.0,0.8461481305266574,0.0,,,EXPLOIT
1526,53,,,0,0,0,1,common,0.0,0.6492895738646269,0.6920425987377928,0.4388901318401154,0.0,0.847671528427243,0.0,,,EXPLOIT
1527,53,,,0,1,0,1,rare,1.0,0.5779617769879924,0.5924652486405244,0.4806116253844785,0.0,0.8491502633376008,0.0,,,EXPLOIT
1528,53,,,0,1,0,1,rare,1.0,0.37567515504219506,0.5108892605202462,0.4491306842817935,0.0,0.8505861995517929,0.0,,,EXPLOIT
1529,53,,,0,1,1,0,common,1.0,0.06359139225536836,0.45411148136132856,0.3334688966738659,0.0,0.8519810991897596,0.0,,,EXPLOIT
1530,53,,,0,0,0,1,common,1.0,0.2441888507774268,0.41729639283909337,0.3066848829049342,0.0,0.8533366291041875,0.0,,,EXPLOIT
1531,53,,,0,1,1,0,common,1.0,0.04133440496598939,0.5750954032123529,0.22707973952325072,0.0,0.8546543672345603,0.0,,,EXPLOIT
1532,53,,,0,1,0,1,rare,1.0,0.15872275300532745,0.5530227792553111,0.20657264356787375,0.0,0.8559358084593353,0.0,,,EXPLOIT
1533,53,,,0,1,0,1,rare,0.0,0.8968302105465371,0.5381930517263684,0.41364991366147275,0.0,0.8571823699918877,0.0,,,EXPLOIT
1534,53,,,0,0,0,1,common,1.0,0.4170603631447509,0.6906624193451454,0.41467304850645614,0.0,0.8583953963611908,0.0,,,EXPLOIT
1535,53,,,0,1,1,0,common,1.0,0.02686736322789307,0.648529661388687,0.29833134292288715,0.0,0.8595761640140415,0.0,,,EXPLOIT
1536,53,,,0,0,0,1,common,0.0,0.7289107639559119,0.69209585964546,0.4275051692327946,0.0,0.8607258855719604,0.0,,,EXPLOIT
1537,53,,,0,1,1,0,common,1.0,0.017463786098130485,0.5816819611672528,0.3044927542923953,0.0,0.8618457137726249,0.0,,,EXPLOIT
1538,53,,,0,1,1,0,common,1.0,0.01135146096378481,0.5105601183181492,0.21655036629381216,0.0,0.862936745122776,0.0,,,EXPLOIT
1539,53,,,0,1,1,1,common,0.0,0.09274864309235653,0.4616510121566122,0.17940984933337545,0.0,0.8640000232869426,0.0,,,EXPLOIT
1540,53,,,0,1,0,0,rare,0.0,0.25638063651922727,0.6818346799248265,0.20250108548913098,0.0,0.8650365422340102,0.0,,,EXPLOIT
1541,53,,,0,0,0,1,common,1.0,0.5262080034286573,0.661097105788347,0.2996131608709889,0.0,0.8660472491615806,0.0,,,EXPLOIT
1542,53,,,0,0,0,1,common,1.0,0.34203520222862727,0.5403389148686552,0.3123397732782804,0.0,0.8670330472162213,0.0,,,EXPLOIT
1543,53,,,0,0,0,1,common,1.0,0.2223228814486078,0.44129112050478203,0.2853347057293786,0.0,0.8679947980260327,0.0,,,EXPLOIT
1544,53,,,0,0,0,1,common,0.0,0.855490127058405,0.3776231508056947,0.4563813321280865,0.0,0.8689333240604666,0.0,,,EXPLOIT
1545,53,,,0,0,0,0,common,1.0,0.8333525862625023,0.6305596340890398,0.5694727083684112,0.0,0.8698494108309905,0.0,,,EXPLOIT
1546,53,,,0,0,0,0,common,1.0,0.5416791810706265,0.5097689506556397,0.5611346501790758,0.0,0.8651668424246257,0.0,,,EXPLOIT
1547,53,,,0,1,0,1,rare,0.0,0.5560685825879632,0.4209964681990339,0.559614829901742,0.0,0.8601869388781531,0.0,,,EXPLOIT
1548,53,,,0,0,0,0,common,0.0,0.6479085323040927,0.3101890344912687,0.5861029406224473,0.0,0.8548807279225639,0.0,,,EXPLOIT
1549,53,,,0,0,0,1,common,1.0,0.638555421317824,0.5553019357013125,0.6018386848310603,0.0,0.8492153471731457,0.0,,,EXPLOIT
1550,53,,,0,0,0,1,common,1.0,0.4150610238565855,0.41031558048009176,0.5458053865387178,0.0,0.8431533685326269,0.0,,,EXPLOIT
1551,53,,,0,0,0,1,common,0.0,0.7302103344932194,0.3208397682912864,0.6011268709250682,0.0,0.8366519767306703,0.0,,,EXPLOIT
1552,53,,,0,1,1,1,common,0.0,0.060286618010031746,0.562686784186175,0.43887479505055726,0.0,0.8296619638870825,0.0,,,EXPLOIT
1553,53,,,0,0,0,1,common,0.0,0.4746367174205926,0.48796635785660225,0.44960337176156784,0.0,0.8317057203120438,0.0,,,EXPLOIT
1554,53,,,0,1,1,0,common,1.0,0.007378449626460171,0.633424659713542,0.31693589512103554,0.0,0.8336812965094731,0.0,,,EXPLOIT
1555,53,,,0,1,1,0,common,1.0,0.0047959922571990665,0.667099227795711,0.22329392426188457,0.0,0.8355919533540173,0.0,,,EXPLOIT
1556,53,,,0,1,1,0,common,0.0,0.9968826050328206,0.5353337918548244,0.4553705284931654,0.0,0.837440747223965,0.0,,,EXPLOIT
1557,53,,,0,1,1,0,common,0.0,0.6479736932713334,0.6802456845969798,0.5131514779266158,0.0,0.8392305457868269,0.0,,,EXPLOIT
1558,53,,,0,0,1,0,rare,1.0,0.5788170993736332,0.6845234857216618,0.532851164360721,0.0,0.8324364825140382,0.0,,,EXPLOIT
1559,53,,,0,0,0,0,common,0.0,0.42114054599766026,0.5432236903490888,0.49933797885180276,0.0,0.8251200167047047,0.0,,,EXPLOIT
1560,53,,,0,0,0,1,common,1.0,0.6914861336766148,0.6743279042579855,0.5569824252992464,0.0,0.8273190051900169,0.0,,,EXPLOIT
1561,53,,,0,0,0,1,common,1.0,0.44946598688979966,0.525321265773381,0.5247274937764123,0.0,0.8195960210766315,0.0,,,EXPLOIT
1562,53,,,0,0,0,1,common,0.0,0.7078471085216302,0.398318825305935,0.5796633781999776,0.0,0.8112382637389242,0.0,,,EXPLOIT
1563,53,,,0,1,1,0,common,0.0,0.6237688854071384,0.6159999586940114,0.5928950303621258,0.0,0.8021645963897387,0.0,,,EXPLOIT
1564,53,,,0,0,0,0,common,0.0,0.27374135489847917,0.5411055960961452,0.49714892772303176,0.0,0.7922794394045075,0.0,,,EXPLOIT
1565,53,,,0,0,0,0,common,0.0,0.17793188068401147,0.659011929904823,0.4013838136113257,0.0,0.7957523988012871,0.0,,,EXPLOIT
1566,53,,,0,0,1,0,rare,1.0,0.59455022448536,0.6919585986934388,0.45933373687353596,0.0,0.7990780959615595,0.0,,,EXPLOIT
1567,53,,,0,1,0,1,rare,1.0,0.5398993794609404,0.5377696675899384,0.48350342964975723,0.0,0.802265545223003,0.0,,,EXPLOIT
1568,53,,,0,1,0,1,rare,1.0,0.35093459664961124,0.6926446596077713,0.44373277974971337,0.0,0.8053230401512492,0.0,,,EXPLOIT
1569,53,,,0,0,0,0,common,0.0,0.11565572244460746,0.6377130280147625,0.3453096625581816,0.0,0.8082582241722114,0.0,,,EXPLOIT
1570,53,,,0,1,1,0,common,0.0,0.613542354084516,0.506495242685174,0.42577947001608185,0.0,0.8110781530580824,0.0,,,EXPLOIT
1571,53,,,0,0,0,1,common,1.0,0.22810748782224732,0.6689443442301848,0.3664778753579314,0.0,0.8137893503424694,0.0,,,EXPLOIT
1572,53,,,0,1,0,1,rare,0.0,0.8517301329155392,0.6608448886215066,0.5120535526252137,0.0,0.8163978565808748,0.0,,,EXPLOIT
1573,53,,,0,0,0,0,common,0.0,0.07517621958899486,0.559891235679953,0.380990352714348,0.0,0.8077697141448382,0.0,,,EXPLOIT
1574,53,,,0,1,1,0,common,1.0,0.6011974698450646,0.6792386454635039,0.447052487853563,0.0,0.8106086781581191,0.0,,,EXPLOIT
1575,53,,,0,1,0,1,rare,0.0,0.5536245863951006,0.6387959966925449,0.47902411741602424,0.0,0.8133378416525906,0.0,,,EXPLOIT
1576,53,,,0,1,1,0,common,1.0,0.39077835539929207,0.6926574258467315,0.45255038881100457,0.0,0.8159633237072091,0.0,,,EXPLOIT
1577,53,,,0,1,1,0,common,1.0,0.25400593100953983,0.6093360128133914,0.3929870514705651,0.0,0.8184907972307635,0.0,,,EXPLOIT
1578,53,,,0,1,1,0,common,0.0,0.8348961448437991,0.48558631814312164,0.5255597794825353,0.0,0.8209255289028634,0.0,,,EXPLOIT
1579,53,,,0,0,0,1,common,1.0,0.6401440188431846,0.6694243939904176,0.5599350512907301,0.0,0.8126788757215363,0.0,,,EXPLOIT
1580,53,,,0,1,0,1,rare,1.0,0.41609361224807007,0.6678545471465522,0.516782619577932,0.0,0.8037307622305963,0.0,,,EXPLOIT
1581,53,,,0,0,1,0,rare,1.0,0.4573175058515305,0.6829845440798461,0.49894308546001154,0.0,0.7939882275306257,0.0,,,EXPLOIT
1582,53,,,0,0,0,1,common,1.0,0.2704608479612456,0.6823019865764248,0.4303984142103817,0.0,0.7973883609155735,0.0,,,EXPLOIT
1583,53,,,0,1,1,0,common,1.0,0.29725637880349487,0.6392871514790628,0.39045580358831566,0.0,0.8006457128974345,0.0,,,EXPLOIT
1584,53,,,0,0,1,0,rare,0.0,0.8067833537777284,0.6885361567637813,0.5153540686451394,0.0,0.8037689377330933,0.0,,,EXPLOIT
1585,53,,,0,0,0,1,common,1.0,0.1757995511748096,0.5897352964594748,0.4134877134040405,0.0,0.7940298661437768,0.0,,,EXPLOIT
1586,53,,,0,1,0,1,rare,1.0,0.11426970826362626,0.6811837928309862,0.3237223118619162,0.0,0.797428233874489,0.0,,,EXPLOIT
1587,53,,,0,1,0,1,rare,1.0,0.07427531037135704,0.6466280894638581,0.24888821141474843,0.0,0.8006839282837452,0.0,,,EXPLOIT
1588,53,,,0,1,1,0,common,1.0,0.4755908200444765,0.6141552661884002,0.31689899400366683,0.0,0.8038055949866084,0.0,,,EXPLOIT
1589,53,,,0,1,1,0,common,1.0,0.30913403302890974,0.5897578160995802,0.3145695057112397,0.0,0.806801195132076,0.0,,,EXPLOIT
1590,53,,,0,1,1,0,common,1.0,0.2009371214687914,0.5727929597902466,0.2804797904385052,0.0,0.8096780718285366,0.0,,,EXPLOIT
1591,53,,,0,1,0,1,rare,1.0,0.04827895174138208,0.5613772134331003,0.21081953882936824,0.0,0.81244300898081,0.0,,,EXPLOIT
1592,53,,,0,1,1,0,common,1.0,0.13060912895471444,0.5538142840084317,0.1867564158669721,0.0,0.8151022835312581,0.0,,,EXPLOIT
1593,53,,,0,0,1,0,rare,1.0,0.08489593382056437,0.5488439196168384,0.15619827125304978,0.0,0.8176617119518171,0.0,,,EXPLOIT
1594,53,,,0,0,0,1,common,1.0,0.0313813186318983,0.6289887433121604,0.11875318546670434,0.0,0.8201266917117837,0.0,,,EXPLOIT
1595,53,,,0,1,1,0,common,1.0,0.05518235698336682,0.6667081473455582,0.09968193692170307,0.0,0.8225022383435954,0.0,,,EXPLOIT
1596,53,,,0,1,1,0,common,0.0,0.9641314679608116,0.6649856746049518,0.35901679623343563,0.0,0.8247930186423021,0.0,,,EXPLOIT
1597,53,,,0,0,1,0,rare,1.0,0.3733145458254724,0.5997212141930479,0.36330612111104665,0.0,0.8270033804611965,0.0,,,EXPLOIT
1598,53,,,0,0,1,0,rare,1.0,0.242654454786557,0.5647162402593302,0.32711062121369977,0.0,0.829137379503913,0.0,,,EXPLOIT
1599,53,,,0,0,1,0,rare,1.0,0.1577253956112621,0.5403988817639401,0.27629505353296846,0.0,0.8311988034603892,0.0,,,EXPLOIT
1600,53,,,0,0,1,0,rare,0.0,0.8974784928526797,0.5241198446744926,0.4626500853288818,0.0,0.8331911937889092,0.0,,,EXPLOIT
1601,53,,,0,1,1,0,common,0.0,0.5833610203542419,0.6924907697444478,0.49886336583648977,0.0,0.8351178654077793,0.0,,,EXPLOIT
1602,53,,,0,0,0,1,common,1.0,0.02039785711073394,0.613742938569743,0.35532371321876305,0.0,0.836981924526993,0.0,,,EXPLOIT
1603,53,,,0,0,0,1,common,0.0,0.986741392878023,0.5077973976480014,0.544749017116541,0.0,0.8387862848216788,0.0,,,EXPLOIT
1604,53,,,0,0,0,1,common,1.0,0.35861809462928507,0.6825949163986351,0.48890974037036417,0.0,0.831958663506407,0.0,,,EXPLOIT
1605,53,,,0,0,1,0,rare,1.0,0.6208153367697428,0.581694792407459,0.5284814192901777,0.0,0.8339258736028177,0.0,,,EXPLOIT
1606,53,,,0,0,0,1,common,1.0,0.23310176150903528,0.48300999683642465,0.43986752195583495,0.0,0.8267256152616733,0.0,,,EXPLOIT
1607,53,,,0,1,1,1,common,0.0,0.03918630170652064,0.4160911598905559,0.31966315588104066,0.0,0.8288691438947996,0.0,,,EXPLOIT
1608,53,,,0,0,0,1,common,1.0,0.15151614498087296,0.29534856341842286,0.26921905261099033,0.0,0.830939628177819,0.0,,,EXPLOIT
1609,53,,,0,0,0,1,common,1.0,0.09848549423756747,0.2603887111373541,0.21799898509896345,0.0,0.8329406398568701,0.0,,,EXPLOIT
1610,53,,,0,0,0,1,common,1.0,0.06401557125441881,0.23927250695397573,0.17180396094560005,0.0,0.8348755217330228,0.0,,,EXPLOIT
1611,53,,,0,0,1,1,rare,0.0,0.025471096109238416,0.22623789277930278,0.12790410149469156,0.0,0.8367474057195362,0.0,,,EXPLOIT
1612,53,,,0,1,1,0,common,1.0,0.40352996890033277,0.49517567702905296,0.21059186171638392,0.0,0.8385592292165958,0.0,,,EXPLOIT
1613,53,,,0,1,1,0,common,0.0,0.7377055202147837,0.674343626815494,0.36872595926590385,0.0,0.8403137499836322,0.0,,,EXPLOIT
1614,53,,,0,1,1,0,common,1.0,0.5204914118603905,0.5558952191853758,0.4142555950442498,0.0,0.8420135596676228,0.0,,,EXPLOIT
1615,53,,,0,0,1,0,rare,1.0,0.3383194177092539,0.6876927159726398,0.39147474184375103,0.0,0.8436610961269799,0.0,,,EXPLOIT
1616,53,,,0,1,1,0,common,1.0,0.21990762151101506,0.6300339243471662,0.3400046057439302,0.0,0.8452586546742904,0.0,,,EXPLOIT
1617,53,,,0,1,1,0,common,1.0,0.14293995398215975,0.6908353807913038,0.2808852102153991,0.0,0.8468083983469709,0.0,,,EXPLOIT
1618,53,,,0,1,0,1,rare,1.0,0.04161012131537223,0.685231965381157,0.20910268354539102,0.0,0.848312367302501,0.0,,,EXPLOIT
1619,53,,,0,0,0,1,common,1.0,0.027046578854991954,0.6622150399717939,0.1544858521382713,0.0,0.8497724874240697,0.0,,,EXPLOIT
1620,53,,,0,1,1,0,common,0.0,0.9070890299115961,0.6897876260550169,0.38026680547026875,0.0,0.8511905782129799,0.0,,,EXPLOIT
1621,53,,,0,1,1,1,common,0.0,0.016556212471004972,0.5678844265783523,0.2711536275704896,0.0,0.8525683600358416,0.0,,,EXPLOIT
1622,53,,,0,0,0,1,common,1.0,0.017580276255744764,0.3920377909925768,0.19508162217606614,0.0,0.8539074607872602,0.0,,,EXPLOIT
1623,53,,,0,0,0,1,common,1.0,0.01142717956623407,0.3453402368832522,0.13998528939311652,0.0,0.8552094220222929,0.0,,,EXPLOIT
1624,53,,,0,0,0,1,common,1.0,0.007427666718052173,0.31656672566252914,0.10021800259059722,0.0,0.8564757046072541,0.0,,,EXPLOIT
1625,53,,,0,1,0,1,rare,1.0,0.004827983366733957,0.2986370754489598,0.07160099682343823,0.0,0.8577076939324386,0.0,,,EXPLOIT
1626,53,,,0,0,0,1,common,0.0,0.996861810811623,0.48479626841772694,0.3491792410198936,0.0,0.8589067047258769,0.0,,,EXPLOIT
1627,53,,,0,1,0,1,rare,1.0,0.35203982297244507,0.6914302944591493,0.35003741560565904,0.0,0.8600739855032987,0.0,,,EXPLOIT
1628,53,,,0,0,0,1,common,1.0,0.22882588493208933,0.6681028883015855,0.3136739564035881,0.0,0.8612107226859841,0.0,,,EXPLOIT
1629,53,,,0,1,0,0,rare,0.0,0.048864542732846655,0.6924210759375329,0.23423113230236564,0.0,0.8623180444150605,0.0,,,EXPLOIT
1630,53,,,0,0,0,1,common,1.0,0.14873682520585807,0.5609494970880892,0.20858284017341336,0.0,0.8633970240880376,0.0,,,EXPLOIT
1631,53,,,0,0,0,0,common,0.0,0.03176195277635033,0.48632382140676017,0.15553657395429443,0.0,0.8644486836408934,0.0,,,EXPLOIT
1632,53,,,0,0,1,0,rare,1.0,0.4103921305574625,0.6838965782878084,0.23199324093524482,0.0,0.8654739965968197,0.0,,,EXPLOIT
1633,53,,,0,1,0,1,rare,1.0,0.09667893638380776,0.5996774319369728,0.19139894956981368,0.0,0.86647389090075,0.0,,,EXPLOIT
1634,53,,,0,1,1,0,common,1.0,0.26675488486235066,0.6892177783296463,0.21400573015757474,0.0,0.8674492515570321,0.0,,,EXPLOIT
1635,53,,,0,1,1,0,common,1.0,0.17339067516052797,0.6822006168009739,0.2018212136584607,0.0,0.868400923086008,0.0,,,EXPLOIT
1636,53,,,0,1,1,0,common,1.0,0.11270393885434316,0.649205020612446,0.17508603121722544,0.0,0.8693297118138464,0.0,,,EXPLOIT
1637,53,,,0,1,1,0,common,0.0,0.926742439744677,0.6178807372532998,0.4005829537754609,0.0,0.8702363880086809,0.0,,,EXPLOIT
1638,53,,,0,0,0,1,common,1.0,0.06284130864947501,0.667132461451465,0.2992604602376651,0.0,0.8711216878749602,0.0,,,EXPLOIT
1639,53,,,0,1,0,1,rare,1.0,0.04084685062215876,0.6058275350787026,0.2217363773530132,0.0,0.8719863154168664,0.0,,,EXPLOIT
1640,53,,,0,1,0,1,rare,0.0,0.9734495470955968,0.6819876020949003,0.44725032827578826,0.0,0.8728309441807235,0.0,,,EXPLOIT
1641,53,,,0,0,0,1,common,1.0,0.3672577943878621,0.5135364102953218,0.42325256810941037,0.0,0.8736562188854647,0.0,,,EXPLOIT
1642,53,,,0,0,1,1,rare,0.0,0.010761538106153233,0.4537204345518271,0.2995052591084332,0.0,0.8744627569494602,0.0,,,EXPLOIT
1643,53,,,0,1,0,0,rare,0.0,0.020645269304627713,0.6763395993940339,0.21584726216729153,0.0,0.8752511499213119,0.0,,,EXPLOIT
1644,53,,,0,0,1,0,rare,1.0,0.39761741416595997,0.5748677606730785,0.2703783077668921,0.0,0.8760219648215855,0.0,,,EXPLOIT
1645,53,,,0,0,0,1,common,0.0,0.7612824336478896,0.4436501559823739,0.4176495455311913,0.0,0.8767757454018863,0.0,,,EXPLOIT
1646,53,,,0,0,0,1,common,1.0,0.5051664181288718,0.645518563103215,0.4439046073104954,0.0,0.8775130133271527,0.0,,,EXPLOIT
1647,53,,,0,0,0,1,common,1.0,0.3283581717837667,0.5023391117241156,0.40924067665247676,0.0,0.8782342692865821,0.0,,,EXPLOIT
1648,53,,,0,0,1,0,rare,1.0,0.258451319207874,0.3948454588761521,0.3640038694190959,0.0,0.8789399940381585,0.0,,,EXPLOIT
1649,53,,,0,0,0,1,common,1.0,0.21343281165944838,0.32919265468073455,0.31883255209120165,0.0,0.8796306493913718,0.0,,,EXPLOIT
1650,53,,,0,1,1,0,common,1.0,0.16799335748511812,0.2899236028239765,0.27358079370937655,0.0,0.8803066791323491,0.0,,,EXPLOIT
1651,53,,,0,0,0,1,common,0.0,0.8612686724213585,0.49408381993544825,0.44988715732297113,0.0,0.8809685098953013,0.0,,,EXPLOIT
1652,53,,,0,0,0,0,common,0.0,0.013419425048008013,0.6904271950978791,0.31894683764048215,0.0,0.8816165519838821,0.0,,,EXPLOIT
1653,53,,,0,1,1,0,common,1.0,0.10919568236532684,0.6391526328627826,0.25602149105793554,0.0,0.8822512001457852,0.0,,,EXPLOIT
1654,53,,,0,1,1,1,common,1.0,0.9930050002310004,0.5185504821931225,0.47711654380985496,0.0,0.8828728343036607,0.0,,,EXPLOIT
1655,53,,,0,0,0,1,common,1.0,0.4401753629261169,0.42765347825211764,0.4660341895447335,0.0,0.8834818202451937,0.0,,,EXPLOIT
1656,53,,,0,1,1,0,common,1.0,0.07097719353746246,0.610812120950818,0.34751709074255216,0.0,0.8840785102749827,0.0,,,EXPLOIT
1657,53,,,0,1,0,1,rare,0.0,0.713886014098024,0.5593672773670244,0.4574277677491937,0.0,0.8846632438306654,0.0,,,EXPLOIT
1658,53,,,0,1,1,0,common,1.0,0.04613517579935056,0.6915105098258671,0.33403999016424074,0.0,0.8852363480655554,0.0,,,EXPLOIT
1659,53,,,0,0,0,0,common,0.0,0.008722626281205209,0.6642877355970374,0.23644478099933006,0.0,0.8857981383998966,0.0,,,EXPLOIT
1660,53,,,0,1,1,0,common,1.0,0.02998786426957789,0.5138167394627327,0.17450770598040438,0.0,0.8863489190426882,0.0,,,EXPLOIT
1661,53,,,0,1,0,0,rare,0.0,0.005669707082783386,0.4266183014834498,0.12385630631111808,0.0,0.8868889834858982,0.0,,,EXPLOIT
1662,53,,,0,1,1,0,common,1.0,0.019492111775225585,0.6539497898196756,0.09254704795035032,0.0,0.8874186149727552,0.0,,,EXPLOIT
1663,53,,,0,1,1,0,common,1.0,0.01266987265389663,0.5353308550185701,0.06858389536141421,0.0,0.8879380869416902,0.0,,,EXPLOIT
1664,53,,,0,1,0,0,rare,0.0,0.003685309603809201,0.440905638667472,0.0491143196341327,0.0,0.8884476634473913,0.0,,,EXPLOIT
1665,53,,,0,1,1,0,common,1.0,0.008235417225032848,0.6592829058852885,0.036850648911402745,0.0,0.8889475995603414,0.0,,,EXPLOIT
1666,53,,,0,1,1,0,common,1.0,0.005353021196271346,0.5411484757014666,0.027401360596863326,0.0,0.8894381417461037,0.0,,,EXPLOIT
1667,53,,,0,1,1,0,common,1.0,0.0034794637775763526,0.44484267556419615,0.02022479155107723,0.0,0.8899195282255495,0.0,,,EXPLOIT
1668,53,,,0,1,0,1,rare,0.0,0.4640259091637156,0.38270761190545044,0.15336512683486872,0.0,0.8903919893171306,0.0,,,EXPLOIT
1669,53,,,0,0,1,0,rare,1.0,0.0022616514554246736,0.6351290223521148,0.1080340842210355,0.0,0.8908557477622355,0.0,,,EXPLOIT
1670,53,,,0,1,0,1,rare,0.0,0.30161684095641517,0.6902207209034332,0.1661089112416494,0.0,0.8913110190345954,0.0,,,EXPLOIT
1671,53,,,0,0,1,0,rare,0.0,0.998529926553974,0.5931101050831724,0.41583521583534677,0.0,0.891758011634645,0.0,,,EXPLOIT
1672,53,,,0,0,0,1,common,0.0,0.19605094662166986,0.691908657127364,0.3498999350712437,0.0,0.8921969273696837,0.0,,,EXPLOIT
1673,53,,,0,0,1,1,rare,0.0,0.3545467498498497,0.6685658190948741,0.35129397950482544,0.0,0.892627961620634,0.0,,,EXPLOIT
1674,53,,,0,1,0,1,rare,1.0,0.8725668846959146,0.6181557201868747,0.5076758510621522,0.0,0.8930513035961322,0.0,,,EXPLOIT
1675,53,,,0,1,1,0,common,1.0,0.3509555477399169,0.432184082022991,0.4606597600654816,0.0,0.8897071980111094,0.0,,,EXPLOIT
1676,53,,,0,1,1,0,common,1.0,0.22812110603094604,0.3112766690140685,0.39089816385512094,0.0,0.8901835886601456,0.0,,,EXPLOIT
1677,53,,,0,1,1,0,common,0.0,0.8517212810798851,0.24438921585422868,0.5291450990225501,0.0,0.890651178814778,0.0,,,EXPLOIT
1678,53,,,0,0,0,1,common,1.0,0.5671684750523445,0.4782418494043734,0.5405521118314884,0.0,0.8871789675795594,0.0,,,EXPLOIT
1679,53,,,0,1,0,1,rare,1.0,0.368659508784024,0.6807011178869002,0.488984330917249,0.0,0.8835172152040204,0.0,,,EXPLOIT
1680,53,,,0,1,1,0,common,1.0,0.44638116729807464,0.5888777207659703,0.4762033818314967,0.0,0.8841131934716565,0.0,,,EXPLOIT
1681,53,,,0,1,0,1,rare,1.0,0.23962868070961563,0.500233080646147,0.4052309714949323,0.0,0.8846972348211284,0.0,,,EXPLOIT
1682,53,,,0,1,1,0,common,1.0,0.29014775874374854,0.43906960317100435,0.3707060076695772,0.0,0.8852696657014305,0.0,,,EXPLOIT
1683,53,,,0,1,1,0,common,1.0,0.1885960431834366,0.3998065317690656,0.31607301832373497,0.0,0.8858308008599419,0.0,,,EXPLOIT
1684,53,,,0,1,1,1,common,0.0,0.2304553874024023,0.37491387701105217,0.2903877290473352,0.0,0.8863809438625814,0.0,,,EXPLOIT
1685,53,,,0,1,0,1,rare,1.0,0.15575864246125015,0.6459132331094886,0.24999900307150966,0.0,0.8869203875864514,0.0,,,EXPLOIT
1686,53,,,0,0,0,1,common,1.0,0.10124311759981264,0.5476945250444757,0.20537223743000052,0.0,0.8874494146866576,0.0,,,EXPLOIT
1687,53,,,0,1,1,1,common,1.0,0.8502039981884385,0.6726267507160787,0.3988217656575319,0.0,0.8879682980388651,0.0,,,EXPLOIT
1688,53,,,0,0,0,1,common,1.0,0.06580802643987826,0.6258977566371704,0.2989176438922358,0.0,0.8884773011590542,0.0,,,EXPLOIT
1689,53,,,0,1,1,1,common,0.0,0.44736740117751495,0.6843729770081157,0.3434525710778195,0.0,0.8889766786018317,0.0,,,EXPLOIT
1690,53,,,0,1,1,0,common,1.0,0.12258742806923384,0.6001486106733929,0.27719302817524377,0.0,0.8894666763385666,0.0,,,EXPLOIT
1691,53,,,0,0,1,0,rare,1.0,0.07968182824500203,0.6842348723332279,0.21793966819617122,0.0,0.8899475321165313,0.0,,,EXPLOIT
1692,53,,,0,0,1,0,rare,1.0,0.051793188359251285,0.6515878772819543,0.16809572424509525,0.0,0.8904194758001533,0.0,,,EXPLOIT
1693,53,,,0,0,0,1,common,0.0,0.9572247828140791,0.6195368761132649,0.40483444181579037,0.0,0.8908827296954078,0.0,,,EXPLOIT
1694,53,,,0,1,1,0,common,1.0,0.03366557243351331,0.6666241868851355,0.2934837810011072,0.0,0.8913375088583151,0.0,,,EXPLOIT
1695,53,,,0,1,1,0,common,1.0,0.021882622081783598,0.6046840727050391,0.21200343332531013,0.0,0.8917840213884441,0.0,,,EXPLOIT
1696,53,,,0,1,0,1,rare,0.0,0.6221961088291514,0.5514050990609312,0.33506123597646253,0.0,0.8922224687082662,0.0,,,EXPLOIT
1697,53,,,0,1,1,0,common,0.0,0.9857762956468407,0.6924694332465512,0.530275753877576,0.0,0.8926530458291464,0.0,,,EXPLOIT
1698,53,,,0,0,0,1,common,0.0,0.40442747073894847,0.6068304885958882,0.4925212689359877,0.0,0.8892878479699211,0.0,,,EXPLOIT
1699,53,,,0,0,0,1,common,0.0,0.26287785598031654,0.6928607200722614,0.4236282450492863,0.0,0.8897720331067134,0.0,,,EXPLOIT
1700,53,,,0,0,0,1,common,0.0,0.17087060638720575,0.6644315388577651,0.34780095345066214,0.0,0.8902472226492802,0.0,,,EXPLOIT
1701,53,,,0,0,0,1,common,1.0,0.8889341058483162,0.6132877449913214,0.5101408991699583,0.0,0.8907136416420239,0.0,,,EXPLOIT
1702,53,,,0,0,0,1,common,0.0,0.4221928311985944,0.6788468827475829,0.4837564787785491,0.0,0.8872447944855286,0.0,,,EXPLOIT
1703,53,,,0,1,1,0,common,1.0,0.3592454078295535,0.682311756682137,0.4464031574938504,0.0,0.8877675928712951,0.0,,,EXPLOIT
1704,53,,,0,1,0,1,rare,1.0,0.7255746597209136,0.5456155381026088,0.5301546081619694,0.0,0.8882804095794128,0.0,,,EXPLOIT
1705,53,,,0,0,1,0,rare,1.0,0.2335095150892098,0.41882171292684167,0.44116108024014145,0.0,0.8846793228318848,0.0,,,EXPLOIT
1706,53,,,0,1,1,0,common,1.0,0.1517811848079864,0.624841783749766,0.3543471116104949,0.0,0.8852521085085235,0.0,,,EXPLOIT
1707,53,,,0,1,0,1,rare,1.0,0.47162352881859393,0.5539640508363066,0.38953003677292464,0.0,0.8858135888859838,0.0,,,EXPLOIT
1708,53,,,0,0,0,1,common,1.0,0.3065552937320861,0.5015116119262462,0.36463761386067306,0.0,0.8863640678689467,0.0,,,EXPLOIT
1709,53,,,0,0,0,1,common,1.0,0.199260940925856,0.6290640647844374,0.3150246119802279,0.0,0.8869038386584152,0.0,,,EXPLOIT
1710,53,,,0,0,0,1,common,1.0,0.12951961160180636,0.680222120074016,0.2593731118667014,0.0,0.8874331842193096,0.0,,,EXPLOIT
1711,53,,,0,1,1,0,common,0.0,0.9013422298748088,0.692798250286077,0.45196384726913363,0.0,0.8879523777237537,0.0,,,EXPLOIT
1712,53,,,0,0,0,1,common,0.0,0.9158122524588259,0.5432650572248798,0.5911183688260413,0.0,0.8884616829715145,0.0,,,EXPLOIT
1713,53,,,0,0,0,1,common,1.0,0.40472203590176314,0.692999727689334,0.5351994689487578,0.0,0.8848705323533257,0.0,,,EXPLOIT
1714,53,,,0,0,0,1,common,1.0,0.2630693233361461,0.6541169890080625,0.45356042526497425,0.0,0.8810800052242639,0.0,,,EXPLOIT
1715,53,,,0,1,1,1,common,0.0,0.29078881076538476,0.5894139983143829,0.4047289409150974,0.0,0.8817257353193876,0.0,,,EXPLOIT
1716,53,,,0,1,1,0,common,1.0,0.4141275505813742,0.41477783547614755,0.4075485238149804,0.0,0.8823581373171405,0.0,,,EXPLOIT
1717,53,,,0,0,1,0,rare,1.0,0.26918290787789323,0.602132534106606,0.36603883903385426,0.0,0.8829775886815645,0.0,,,EXPLOIT
1718,53,,,0,0,1,0,rare,1.0,0.17496889012063055,0.5514632904431959,0.30871785435988713,0.0,0.8835844528555538,0.0,,,EXPLOIT
1719,53,,,0,1,0,1,rare,1.0,0.17099506016849497,0.5157316202404292,0.26740101610246947,0.0,0.8841790799064684,0.0,,,EXPLOIT
1720,53,,,0,0,0,1,common,1.0,0.1111467891095217,0.6278043530901575,0.2205247480045851,0.0,0.8847618071363915,0.0,,,EXPLOIT
1721,53,,,0,0,0,1,common,1.0,0.07224541292118913,0.609319821058215,0.1760409474795663,0.0,0.8853329596592692,0.0,,,EXPLOIT
1722,53,,,0,0,0,0,common,0.0,0.002395451242475981,0.5964332443035758,0.1239472986084392,0.0,0.8858928509470106,0.0,,,EXPLOIT
1723,53,,,0,0,0,1,common,1.0,0.04695951839877299,0.6707286642155501,0.10085096454553932,0.0,0.886441783346479,0.0,,,EXPLOIT
1724,53,,,0,1,0,1,rare,1.0,0.03052368695920249,0.6921064388175784,0.07975278126963826,0.0,0.8869800485691687,0.0,,,EXPLOIT
1725,53,,,0,0,0,1,common,1.0,0.019840396523481574,0.6835506661160584,0.06177906584579125,0.0,0.8875079281552334,0.0,,,EXPLOIT
1726,53,,,0,1,0,1,rare,1.0,0.01289625774026304,0.6927072025756876,0.04711422341413279,0.0,0.8880256939134252,0.0,,,EXPLOIT
1727,53,,,0,1,1,0,common,1.0,0.11372977857840982,0.6890700230093012,0.0670988899634159,0.0,0.888533608338386,0.0,,,EXPLOIT
1728,53,,,0,0,1,0,rare,1.0,0.07392435607596637,0.6791356970322424,0.06914652979718104,0.0,0.8890319250066412,0.0,,,EXPLOIT
1729,53,,,0,0,0,1,common,0.0,0.991617432468829,0.6914205132125019,0.34588780059867547,0.0,0.8895208889525554,0.0,,,EXPLOIT
1730,53,,,0,1,0,1,rare,0.0,0.6445513311047388,0.5029216983427779,0.43548685975049445,0.0,0.8900007370254194,0.0,,,EXPLOIT
1731,53,,,0,1,1,0,common,0.0,0.9519491685506218,0.6924169351269245,0.5904255523905326,0.0,0.8904716982287673,0.0,,,EXPLOIT
1732,53,,,0,0,0,1,common,1.0,0.5810416347819197,0.6245956910697574,0.5876103771079487,0.0,0.8869898116838746,0.0,,,EXPLOIT
1733,53,,,0,1,1,0,common,1.0,0.3812330404420958,0.50836723194359,0.5256971761081928,0.0,0.8833175903817044,0.0,,,EXPLOIT
1734,53,,,0,0,0,1,common,1.0,0.37767706260824785,0.6629760721481193,0.4812911420582093,0.0,0.8794391903891189,0.0,,,EXPLOIT
1735,53,,,0,1,1,0,common,1.0,0.24780147628736227,0.6053924608813619,0.41124424232695517,0.0,0.8801192624544447,0.0,,,EXPLOIT
1736,53,,,0,0,0,1,common,1.0,0.2454900906953611,0.6801727185574893,0.36151799683747693,0.0,0.8807850180301993,0.0,,,EXPLOIT
1737,53,,,0,0,0,1,common,1.0,0.15956855895198474,0.6540604522869319,0.3009331654718293,0.0,0.8814368719024201,0.0,,,EXPLOIT
1738,53,,,0,1,0,1,rare,1.0,0.10371956331879006,0.6306364658791095,0.2417690848259175,0.0,0.8820752230893095,0.0,,,EXPLOIT
1739,53,,,0,0,1,0,rare,1.0,0.16107095958678552,0.6762491756175477,0.2175596472541779,0.0,0.882700455584057,0.0,,,EXPLOIT
1740,53,,,0,0,0,1,common,1.0,0.06741771615721359,0.665736604192579,0.1725170679250886,0.0,0.8833129390560525,0.0,,,EXPLOIT
1741,53,,,0,1,1,0,common,1.0,0.10469612373141057,0.6576732884518406,0.1521707846669852,0.0,0.8839130295131834,0.0,,,EXPLOIT
1742,53,,,0,1,1,0,common,1.0,0.0680524804254169,0.681379103243015,0.1269352933945147,0.0,0.8845010699277134,0.0,,,EXPLOIT
1743,53,,,0,1,1,0,common,1.0,0.044234112276520965,0.6900882224132763,0.10212493905911658,0.0,0.8850773908280556,0.0,,,EXPLOIT
1744,53,,,0,1,1,0,common,0.0,0.9712478270202614,0.6927284887583021,0.36286180544746,0.0,0.8856423108585922,0.0,,,EXPLOIT
1745,53,,,0,0,0,1,common,1.0,0.043821515502188824,0.4987644419038102,0.26714971846387864,0.0,0.8861961373095317,0.0,,,EXPLOIT
1746,53,,,0,0,0,1,common,1.0,0.02848398507642269,0.4889851659255713,0.19554999844764184,0.0,0.8867391666186624,0.0,,,EXPLOIT
1747,53,,,0,0,0,1,common,1.0,0.018514590299674727,0.4826093433335858,0.1424393760032517,0.0,0.8872716848467209,0.0,,,EXPLOIT
1748,53,,,0,1,0,1,rare,1.0,0.012034483694788545,0.4784592247618704,0.10331790831071276,0.0,0.8877939681279865,0.0,,,EXPLOIT
1749,53,,,0,0,1,1,rare,0.0,0.1890127269975001,0.5913182091272662,0.12902635391674894,0.0,0.8883062830975877,0.0,,,EXPLOIT
1750,53,,,0,1,1,0,common,1.0,0.3686889124368301,0.6700520218512307,0.20092512147277328,0.0,0.8888088872969189,0.0,,,EXPLOIT
1751,53,,,0,1,0,1,rare,1.0,0.007822414401612576,0.6224240056959873,0.14299430935142507,0.0,0.8893020295584612,0.0,,,EXPLOIT
1752,53,,,0,0,0,1,common,1.0,0.005084569361048175,0.5811809263671717,0.101621387354312,0.0,0.8897859503712198,0.0,,,EXPLOIT
1753,53,,,0,0,0,1,common,1.0,0.0033049700846813357,0.6619785664770266,0.07212646217342279,0.0,0.8902608822279046,0.0,,,EXPLOIT
1754,53,,,0,0,0,1,common,1.0,0.0021482305550428737,0.688944570430283,0.051132992687908815,0.0,0.890727049954913,0.0,,,EXPLOIT
1755,53,,,0,0,0,1,common,1.0,0.0013963498607778568,0.6930587893157315,0.036211999839769526,0.0,0.8911846710260976,0.0,,,EXPLOIT
1756,53,,,0,1,1,0,common,1.0,0.23964779308393958,0.6898243345077819,0.09724273781302054,0.0,0.8916339558612426,0.0,,,EXPLOIT
1757,53,,,0,1,1,0,common,0.0,0.8442289344954392,0.6931098332373236,0.3213385968177461,0.0,0.8920751081101111,0.0,,,EXPLOIT
1758,53,,,0,0,0,1,common,1.0,0.0009076274095055625,0.5145188896315429,0.22520930599527395,0.0,0.8925083249228689,0.0,,,EXPLOIT
1759,53,,,0,1,0,1,rare,1.0,0.0005899578161786545,0.4948623862021976,0.15782350154154537,0.0,0.892933797207644,0.0,,,EXPLOIT
1760,53,,,0,0,0,1,common,1.0,0.00038347258051607547,0.6086759459102936,0.11059149285323656,0.0,0.893351709875928,0.0,,,EXPLOIT
1761,53,,,0,1,0,1,rare,0.0,0.9997507428226645,0.5980802103886781,0.3773392678440649,0.0,0.8937622420764835,0.0,,,EXPLOIT
1762,53,,,0,0,0,1,common,1.0,0.35016201716526807,0.37405217327442086,0.36918609264042584,0.0,0.8941655674183825,0.0,,,EXPLOIT
1763,53,,,0,0,0,1,common,0.0,0.7723946888425758,0.3661223170889475,0.4901486715010708,0.0,0.8945618541837596,0.0,,,EXPLOIT
1764,53,,,0,1,1,0,common,1.0,0.45125119257796453,0.6472191888311493,0.4784794278241389,0.0,0.8949512655308282,0.0,,,EXPLOIT
1765,53,,,0,0,0,1,common,1.0,0.4979434522523257,0.6918371693338068,0.48431863515259493,0.0,0.895333959687677,0.0,,,EXPLOIT
1766,53,,,0,1,0,1,rare,1.0,0.3236632439640117,0.6732098155766348,0.43612201779601995,0.0,0.8957100901373315,0.0,,,EXPLOIT
1767,53,,,0,1,1,0,common,0.0,0.706686724824323,0.6925932815727421,0.5172914299045108,0.0,0.8960798057945348,0.0,,,EXPLOIT
1768,53,,,0,0,0,1,common,1.0,0.21038110857660763,0.5766756635477124,0.4252183335061398,0.0,0.8928939539230757,0.0,,,EXPLOIT
1769,53,,,0,0,0,1,common,1.0,0.136747720574795,0.5069498075749997,0.33867714962673634,0.0,0.893312572556189,0.0,,,EXPLOIT
1770,53,,,0,1,1,0,common,1.0,0.54065362886419,0.459283256696952,0.3992700933979724,0.0,0.8937237940481642,0.0,,,EXPLOIT
1771,53,,,0,1,1,1,common,0.0,0.12285827254837507,0.6046317498600124,0.31634654714309324,0.0,0.8941277925218308,0.0,,,EXPLOIT
1772,53,,,0,0,0,1,common,1.0,0.08888601837361676,0.40081737334920575,0.24810838851225028,0.0,0.8945247367534185,0.0,,,EXPLOIT
1773,53,,,0,0,1,0,rare,1.0,0.35142485876172347,0.37097802752037096,0.2791033295870922,0.0,0.8949147903764704,0.0,,,EXPLOIT
1774,53,,,0,0,0,1,common,1.0,0.05777591194285092,0.3521109868576432,0.21270510429381984,0.0,0.8952981120764901,0.0,,,EXPLOIT
1775,53,,,0,0,0,1,common,1.0,0.03755434276285308,0.3401053766650236,0.1601598758345298,0.0,0.8956748557768061,0.0,,,EXPLOIT
1776,53,,,0,0,0,1,common,1.0,0.024410322795854533,0.33241878318063195,0.11943500992292722,0.0,0.896045170816117,0.0,,,EXPLOIT
1777,53,,,0,0,1,0,rare,1.0,0.22842615819512024,0.32747391845666335,0.1521323544045851,0.0,0.8964092021181463,0.0,,,EXPLOIT
1778,53,,,0,0,0,0,common,1.0,0.9984429566923906,0.32428197895569416,0.40602553509092676,0.0,0.8967670903538133,0.0,,,EXPLOIT
1779,53,,,0,0,0,1,common,1.0,0.015866709817305424,0.3222167364061044,0.28897788750884035,0.0,0.8971189720963019,0.0,,,EXPLOIT
1780,53,,,0,0,0,1,common,1.0,0.010313361381248498,0.32087838430109095,0.20537852967056278,0.0,0.8974649799693896,0.0,,,EXPLOIT
1781,53,,,0,0,0,1,common,0.0,0.9932963151021885,0.32001017804962334,0.44175386530005045,0.0,0.8978052427893733,0.0,,,EXPLOIT
1782,53,,,0,0,0,1,common,1.0,0.35435739518357745,0.614644842008659,0.4155349242651085,0.0,0.8981398857009139,0.0,,,EXPLOIT
1783,53,,,0,0,0,1,common,0.0,0.7696676931306746,0.5155350570025128,0.5217747549247783,0.0,0.8984690303071008,0.0,,,EXPLOIT
1784,53,,,0,1,1,0,common,1.0,0.14847700282682819,0.6861483969791746,0.40978542929539324,0.0,0.895405360839143,0.0,,,EXPLOIT
1785,53,,,0,0,1,0,rare,1.0,0.09651005183743833,0.6575470635755161,0.31580281605800675,0.0,0.8957802707931528,0.0,,,EXPLOIT
1786,53,,,0,1,1,0,common,1.0,0.06273153369433493,0.6901781809405072,0.2398814313489052,0.0,0.8961487935285518,0.0,,,EXPLOIT
1787,53,,,0,0,1,0,rare,1.0,0.040775496901317654,0.6777885443984036,0.1801496510146289,0.0,0.8965110727497281,0.0,,,EXPLOIT
1788,53,,,0,0,0,1,common,1.0,0.4997159994650615,0.6918906226014994,0.27601955554975866,0.0,0.8968672479528412,0.0,,,EXPLOIT
1789,53,,,0,0,0,0,common,0.0,0.35101207814994606,0.6740035036627724,0.2985173123298148,0.0,0.8972174545789499,0.0,,,EXPLOIT
1790,53,,,0,0,1,0,rare,0.0,0.9734959270141436,0.6168474773731992,0.5010108967351135,0.0,0.8975618241604942,0.0,,,EXPLOIT
1791,53,,,0,1,1,0,common,0.0,0.6327723525591933,0.4529740761229869,0.5405393334823374,0.0,0.8944520378034401,0.0,,,EXPLOIT
1792,53,,,0,0,1,0,rare,1.0,0.5886979708365243,0.6594046869351644,0.5549869246885935,0.0,0.8911815972506064,0.0,,,EXPLOIT
1793,53,,,0,1,1,0,common,1.0,0.38265368104374087,0.6771291180806804,0.5032869515951377,0.0,0.8877379016428562,0.0,,,EXPLOIT
1794,53,,,0,1,1,1,common,0.0,0.0798578771564438,0.6786060726972806,0.37625822926352953,0.0,0.8841069971956651,0.0,,,EXPLOIT
1795,53,,,0,1,0,1,rare,1.0,0.32481539965229,0.6502973113865407,0.36082538038015766,0.0,0.8846911621878542,0.0,,,EXPLOIT
1796,53,,,0,1,1,0,common,0.0,0.7512751073215684,0.6886964632309873,0.47796029846258087,0.0,0.8852637133442869,0.0,,,EXPLOIT
1797,53,,,0,0,0,0,common,0.0,0.22815785079746495,0.6356219814100705,0.4030195641630461,0.0,0.8858249655324785,0.0,,,EXPLOIT
1798,53,,,0,0,0,0,common,0.0,0.14830260301835224,0.691261903245094,0.3266044758196379,0.0,0.8863752224331676,0.0,,,EXPLOIT
1799,53,,,0,0,0,1,common,0.0,0.7888699902260115,0.6419502208862419,0.4652841301415499,0.0,0.8869147770332402,0.0,,,EXPLOIT
1800,53,,,0,0,0,1,common,0.0,0.5127654936469075,0.5813456552785031,0.47952853919315713,0.0,0.8874439120928109,0.0,,,EXPLOIT
1801,53,,,0,1,1,1,common,0.0,0.05190762015168847,0.5346090023236101,0.3512422634807165,0.0,0.8879629005880277,0.0,,,EXPLOIT
1802,53,,,0,1,1,0,common,1.0,0.5116711802409806,0.6425830788248998,0.39937093850879574,0.0,0.8884720061310588,0.0,,,EXPLOIT
1803,53,,,0,1,1,0,common,1.0,0.3325862671566373,0.435347983910101,0.37933553710314816,0.0,0.8889714833686235,0.0,,,EXPLOIT
1804,53,,,0,1,1,0,common,0.0,0.7838189263481857,0.29686332318740555,0.5006805538766594,0.0,0.8894615783603321,0.0,,,EXPLOIT
1805,53,,,0,1,0,1,rare,1.0,0.66670242912951,0.5025207815587107,0.5504871164525146,0.0,0.8859249906863644,0.0,,,EXPLOIT
1806,53,,,0,1,1,0,common,1.0,0.49051769787367927,0.33486347815644557,0.532496290878864,0.0,0.882193559840679,0.0,,,EXPLOIT
1807,53,,,0,1,1,0,common,1.0,0.3188365036178915,0.24320180449619422,0.46839835470057223,0.0,0.8782509325630925,0.0,,,EXPLOIT
1808,53,,,0,1,1,0,common,1.0,0.20724372735162944,0.1942030995508211,0.39005196649588936,0.0,0.8789563000500357,0.0,,,EXPLOIT
1809,53,,,0,1,1,0,common,0.0,0.8652915772214409,0.16680715334172583,0.5326238497135548,0.0,0.8796466087089665,0.0,,,EXPLOIT
1810,53,,,0,1,1,0,common,1.0,0.4375604748060634,0.3812093024852939,0.5041048372413074,0.0,0.875556506443409,0.0,,,EXPLOIT
1811,53,,,0,1,1,0,common,1.0,0.28441430862394124,0.26772765360254175,0.43819767865609754,0.0,0.8712239303894261,0.0,,,EXPLOIT
1812,53,,,0,1,1,0,common,1.0,0.18486930060556184,0.20750368019817836,0.3621991652409368,0.0,0.8720861832361136,0.0,,,EXPLOIT
1813,53,,,0,1,1,0,common,1.0,0.12016504539361517,0.17438016556600733,0.2895889292867403,0.0,0.8729285142155799,0.0,,,EXPLOIT
1814,53,,,0,1,1,1,common,0.0,0.03373995309859751,0.15527790460192475,0.21283423643029745,0.0,0.8737515647747911,0.0,,,EXPLOIT
1815,53,,,0,1,1,0,common,1.0,0.07810727950584984,0.36770396529645144,0.17241614935296315,0.0,0.8745559492324189,0.0,,,EXPLOIT
1816,53,,,0,1,0,1,rare,0.0,0.5666434210658184,0.26056188030859073,0.2906843308668197,0.0,0.8753422561988625,0.0,,,EXPLOIT
1817,53,,,0,0,0,1,common,1.0,0.631681776307218,0.4732223403907596,0.39298356449893923,0.0,0.8761110499079894,0.0,,,EXPLOIT
1818,53,,,0,0,1,0,rare,0.0,0.9492302683211976,0.6850921625088136,0.5598575756456168,0.0,0.8768628714669287,0.0,,,EXPLOIT
1819,53,,,0,0,0,1,common,1.0,0.4105931545996917,0.612116963983169,0.5150782493318392,0.0,0.872608497931024,0.0,,,EXPLOIT
1820,53,,,0,1,1,0,common,1.0,0.38300032559122155,0.6891456445253493,0.4754548722096539,0.0,0.8680968311076586,0.0,,,EXPLOIT
1821,53,,,0,0,0,0,common,0.0,0.09639669196192896,0.6572070980365495,0.3617374181353364,0.0,0.8690329068749039,0.0,,,EXPLOIT
1822,53,,,0,0,0,1,common,1.0,0.26688555048979956,0.5230337804098558,0.3332818578416753,0.0,0.8699466257414264,0.0,,,EXPLOIT
1823,53,,,0,1,1,0,common,0.0,0.751049788365706,0.676967788387995,0.4586122369988845,0.0,0.8708387346774326,0.0,,,EXPLOIT
1824,53,,,0,0,0,1,common,1.0,0.17347560781836968,0.6546843284239445,0.37307124824473004,0.0,0.871709947866142,0.0,,,EXPLOIT
1825,53,,,0,1,0,1,rare,1.0,0.11275914508194029,0.5486465684622787,0.29497761729589306,0.0,0.872560948484155,0.0,,,EXPLOIT
1826,53,,,0,1,0,1,rare,1.0,0.07329344430326123,0.6765250968508101,0.2284723653981035,0.0,0.8733923903670461,0.0,,,EXPLOIT
1827,53,,,0,1,1,0,common,1.0,0.5118176375622912,0.6903430264710905,0.3134759470473598,0.0,0.8742048995687216,0.0,,,EXPLOIT
1828,53,,,0,1,1,0,common,1.0,0.3326814644154892,0.6644139021378324,0.3192376022577986,0.0,0.874999075822366,0.0,,,EXPLOIT
1829,53,,,0,1,1,0,common,1.0,0.21624295187006792,0.6346382755334072,0.28833920714147937,0.0,0.8757754939101439,0.0,,,EXPLOIT
1830,53,,,0,1,1,0,common,0.0,0.8594420812844559,0.610841785885913,0.4596700693843723,0.0,0.8765347049482419,0.0,,,EXPLOIT
1831,53,,,0,0,1,0,rare,0.0,0.5586373528348964,0.6673633490283507,0.4893602544195296,0.0,0.8772772375932892,0.0,,,EXPLOIT
1832,53,,,0,0,1,1,rare,0.0,0.02193096951408838,0.6566124558776302,0.3491314689478972,0.0,0.8780035991757147,0.0,,,EXPLOIT
1833,53,,,0,1,1,0,common,1.0,0.6368857206573173,0.539350213723597,0.43545774446072316,0.0,0.878714276765149,0.0,,,EXPLOIT
1834,53,,,0,1,1,0,common,1.0,0.41397571842725633,0.41753376831196476,0.4290131366506831,0.0,0.8794097381725812,0.0,,,EXPLOIT
1835,53,,,0,1,0,1,rare,1.0,0.04764073879711983,0.3414498654684719,0.3146014172946141,0.0,0.8800904328936038,0.0,,,EXPLOIT
1836,53,,,0,1,1,0,common,1.0,0.26908421697771656,0.2960720222668171,0.3009462571995448,0.0,0.8807567929967492,0.0,,,EXPLOIT
1837,53,,,0,1,1,0,common,1.0,0.1749047410355158,0.26870154510558975,0.26313380235033607,0.0,0.8814092339606115,0.0,,,EXPLOIT
1838,53,,,0,1,1,1,common,0.0,0.014255130184157448,0.25186637948846113,0.18847020070048248,0.0,0.8820481554631627,0.0,,,EXPLOIT
1839,53,,,0,1,1,0,common,1.0,0.1136880816730853,0.5279065206987922,0.1660355649922633,0.0,0.8826739421264221,0.0,,,EXPLOIT
1840,53,,,0,1,1,0,common,1.0,0.0738972530875055,0.40994245054414447,0.13839407142083596,0.0,0.8832869642193937,0.0,,,EXPLOIT
1841,53,,,0,1,1,0,common,1.0,0.048033214506878585,0.33690877357133575,0.11128581434664873,0.0,0.8838875783219778,0.0,,,EXPLOIT
1842,53,,,0,1,0,1,rare,1.0,0.030966480218127868,0.2933538866970584,0.08719001410809246,0.0,0.884476127952361,0.0,,,EXPLOIT
1843,53,,,0,1,1,0,common,0.0,0.9687784105705289,0.26704313372469,0.3516665330468234,0.0,0.8850529441602046,0.0,,,EXPLOIT
1844,53,,,0,1,1,1,common,1.0,0.9907341653802977,0.5403258629441956,0.5433868227468657,0.0,0.8856183460877909,0.0,,,EXPLOIT
1845,53,,,0,1,1,0,common,1.0,0.3702940331291562,0.4181878182567359,0.4914589858615528,0.0,0.8818697771072811,0.0,,,EXPLOIT
1846,53,,,0,1,1,0,common,1.0,0.24069112153395156,0.3418415668683429,0.41622862656327236,0.0,0.8824992204380255,0.0,,,EXPLOIT
1847,53,,,0,1,1,0,common,1.0,0.15644922899706848,0.29630632614253644,0.3382948072934112,0.0,0.8831157964571167,0.0,,,EXPLOIT
1848,53,,,0,1,1,0,common,1.0,0.10169199884809454,0.2688443768477363,0.26731396475981617,0.0,0.8837198655301163,0.0,,,EXPLOIT
1849,53,,,0,1,1,1,common,0.0,0.3560227925028065,0.2519550944315525,0.29392661308271323,0.0,0.884311774787947,0.0,,,EXPLOIT
1850,53,,,0,1,1,0,common,1.0,0.06609979925126142,0.5279811761139513,0.22557856893327766,0.0,0.8848918587294775,0.0,,,EXPLOIT
1851,53,,,0,1,0,1,rare,0.0,0.9798717878582169,0.40999151968794234,0.45186653461075943,0.0,0.8854604397914732,0.0,,,EXPLOIT
1852,53,,,0,1,1,0,common,1.0,0.0429648695133199,0.6294571225774004,0.3291960350815275,0.0,0.8860178288879551,0.0,,,EXPLOIT
1853,53,,,0,1,1,0,common,0.0,0.9720728348163421,0.4856726674683717,0.5220590750019719,0.0,0.8865643259208665,0.0,,,EXPLOIT
1854,53,,,0,0,1,0,rare,0.0,0.6318473426306224,0.6608239594086447,0.554995555290567,0.0,0.8828685017510199,0.0,,,EXPLOIT
1855,53,,,0,1,1,0,common,1.0,0.5892992272900954,0.5930203798981555,0.5652866568904256,0.0,0.8789645036727859,0.0,,,EXPLOIT
1856,53,,,0,1,1,0,common,0.0,0.6169555022614379,0.422393224607843,0.5807873105017293,0.0,0.8748344479565687,0.0,,,EXPLOIT
1857,53,,,0,1,0,1,rare,1.0,0.36308333789215896,0.6102443400849871,0.5154761187188581,0.0,0.8704583422905061,0.0,,,EXPLOIT
1858,53,,,0,1,1,1,common,1.0,0.7685851848731757,0.4358535886154966,0.5914088385651534,0.0,0.8658137655686879,0.0,,,EXPLOIT
1859,53,,,0,1,0,0,rare,0.0,0.06265784977525382,0.3222975503684173,0.4327835419281835,0.0,0.8608754874982262,0.0,,,EXPLOIT
1860,53,,,0,0,0,1,common,1.0,0.23600416962990334,0.5495952787339198,0.37374973023869945,0.0,0.8619914503862802,0.0,,,EXPLOIT
1861,53,,,0,1,1,0,common,1.0,0.5989789235300653,0.6929726086811903,0.4413184882261092,0.0,0.8630787572349206,0.0,,,EXPLOIT
1862,53,,,0,0,1,1,rare,1.0,0.4995803701675643,0.6268605664927553,0.45879705280854566,0.0,0.8641384449692577,0.0,,,EXPLOIT
1863,53,,,0,0,0,1,common,1.0,0.1534027102594372,0.6930734163889407,0.3671787500438131,0.0,0.8651715012173506,0.0,,,EXPLOIT
1864,53,,,0,0,0,1,common,0.0,0.9002882383313658,0.6684716388877301,0.5271115965300789,0.0,0.8661788672066071,0.0,,,EXPLOIT
1865,53,,,0,0,0,1,common,0.0,0.5851873549153879,0.6441835732277614,0.5445343240456716,0.0,0.8612640036882132,0.0,,,EXPLOIT
1866,53,,,0,1,1,0,common,1.0,0.38933630029454247,0.5080978120449888,0.49797491692033286,0.0,0.8560292503677953,0.0,,,EXPLOIT
1867,53,,,0,1,1,1,common,0.0,0.6752727593910832,0.40454283745848096,0.551164269661558,0.0,0.8572732846009158,0.0,,,EXPLOIT
1868,53,,,0,1,1,1,common,1.0,0.5610727063957959,0.6323303328262845,0.5541368006818294,0.0,0.8517713212486377,0.0,,,EXPLOIT
1869,53,,,0,1,1,1,common,0.0,0.6353027408427326,0.49587729934529734,0.5784865827301003,0.0,0.8458899502295759,0.0,,,EXPLOIT
1870,53,,,0,0,1,0,rare,1.0,0.25306859519145264,0.6681326092027935,0.480861186468506,0.0,0.8395888545493341,0.0,,,EXPLOIT
1871,53,,,0,1,0,1,rare,1.0,0.6196282193049979,0.6645106075145404,0.5224912963194536,0.0,0.8413111755973518,0.0,,,EXPLOIT
1872,53,,,0,0,0,0,common,0.0,0.04072760235391498,0.6824229784769258,0.37796218812979193,0.0,0.8346731579578134,0.0,,,EXPLOIT
1873,53,,,0,0,0,1,common,0.0,0.5972416574517514,0.5652707401400312,0.44374602892637977,0.0,0.8365515871209757,0.0,,,EXPLOIT
1874,53,,,0,1,1,1,common,0.0,0.4129467815477762,0.45318413590394635,0.4345062547127987,0.0,0.8383696527337018,0.0,,,EXPLOIT
1875,53,,,0,1,0,0,rare,1.0,0.9735270584699552,0.6347065869099199,0.5962124958399456,0.0,0.8401301309618275,0.0,,,EXPLOIT
1876,53,,,0,1,0,1,rare,1.0,0.6117929226563616,0.4695861050851831,0.6008866238848705,0.0,0.8334037620198809,0.0,,,EXPLOIT
1877,53,,,0,1,1,0,common,0.0,0.8355054131255558,0.35342069487679895,0.671272260657076,0.0,0.826162874656792,0.0,,,EXPLOIT
1878,53,,,0,0,0,1,common,1.0,0.39766539972663506,0.5815222780980095,0.5891902023779437,0.0,0.8183464962690308,0.0,,,EXPLOIT
1879,53,,,0,1,1,1,common,0.0,0.26841540800605457,0.692653845919049,0.4929577640663769,0.0,0.8098836244226062,0.0,,,EXPLOIT
1880,53,,,0,1,1,0,common,1.0,0.4569214814683886,0.6278540704814151,0.4821468792869804,0.0,0.8126406415192315,0.0,,,EXPLOIT
1881,53,,,0,1,0,0,rare,0.0,0.36720741199452905,0.6878167822874661,0.447665039099245,0.0,0.8152924356745894,0.0,,,EXPLOIT
1882,53,,,0,1,0,1,rare,1.0,0.2584825098223128,0.6538207564701157,0.3909102803161653,0.0,0.8178447914264786,0.0,,,EXPLOIT
1883,53,,,0,0,0,1,common,1.0,0.16801363138450331,0.6804244194056557,0.32404128563666673,0.0,0.8203030771578996,0.0,,,EXPLOIT
1884,53,,,0,0,0,1,common,0.0,0.8907911396000728,0.6761431103669746,0.49406624182568853,0.0,0.8226722818634219,0.0,,,EXPLOIT
1885,53,,,0,1,0,1,rare,1.0,0.42098575925995263,0.6531371684649177,0.47214209705596777,0.0,0.8249570480853347,0.0,,,EXPLOIT
1886,53,,,0,0,1,0,rare,1.0,0.2969989629544526,0.5499192972141607,0.4195991568255132,0.0,0.8271617014771612,0.0,,,EXPLOIT
1887,53,,,0,0,1,0,rare,1.0,0.19304932592039425,0.675840454706254,0.35163420755397745,0.0,0.8292902773906908,0.0,,,EXPLOIT
1888,53,,,0,0,0,1,common,1.0,0.27364074351896917,0.6909250741681772,0.3282361683434749,0.0,0.8313465448303786,0.0,,,EXPLOIT
1889,53,,,0,1,1,0,common,1.0,0.12548206184825628,0.6669177715604491,0.2674099363949093,0.0,0.8333340280743031,0.0,,,EXPLOIT
1890,53,,,0,1,0,1,rare,0.0,0.82213351671267,0.6922071337393367,0.4338270104902375,0.0,0.8352560262226353,0.0,,,EXPLOIT
1891,53,,,0,0,0,1,common,1.0,0.4656132141367645,0.5321611312022816,0.4433628715841955,0.0,0.8371156309017432,0.0,,,EXPLOIT
1892,53,,,0,0,0,1,common,0.0,0.6973514108111031,0.4847979355881774,0.5195594333522677,0.0,0.8389157423238035,0.0,,,EXPLOIT
1893,53,,,0,1,1,0,common,1.0,0.08156334020136657,0.688361588664204,0.38816060540699737,0.0,0.8320979084918777,0.0,,,EXPLOIT
1894,53,,,0,0,0,0,common,0.0,0.2386848177964439,0.6681023654997058,0.3433178691238313,0.0,0.8340605198419966,0.0,,,EXPLOIT
1895,53,,,0,0,0,1,common,1.0,0.546721582972783,0.5254199525971603,0.40433898327851675,0.0,0.8359588260296029,0.0,,,EXPLOIT
1896,53,,,0,1,0,1,rare,0.0,0.6446309710676911,0.6730596304637603,0.476426579615269,0.0,0.8377958452776384,0.0,,,EXPLOIT
1897,53,,,0,0,0,0,common,0.0,0.15514513156768855,0.653748619206854,0.3800421452009949,0.0,0.8395744100162899,0.0,,,EXPLOIT
1898,53,,,0,1,1,0,common,1.0,0.0530161711308883,0.6845602561161461,0.2819343529799629,0.0,0.8412971809647922,0.0,,,EXPLOIT
1899,53,,,0,0,0,1,common,1.0,0.5809898688060008,0.5767298332672707,0.37165100772777426,0.0,0.8429666599515738,0.0,,,EXPLOIT
1900,53,,,0,0,1,1,rare,0.0,0.17447001520393546,0.6895010994345413,0.3124967099706226,0.0,0.8445852016026875,0.0,,,EXPLOIT
1901,53,,,0,0,0,1,common,1.0,0.3776434147239005,0.5793704729904807,0.332040721396606,0.0,0.8461550240133832,0.0,,,EXPLOIT
1902,53,,,0,1,1,0,common,1.0,0.03446051123507743,0.6898586337407139,0.24276665834814742,0.0,0.8476782185045614,0.0,,,EXPLOIT
1903,53,,,0,0,0,1,common,1.0,0.24546821957053533,0.6416242741537912,0.24357712671486376,0.0,0.8491567585543659,0.0,,,EXPLOIT
1904,53,,,0,0,0,1,common,0.0,0.840445657279152,0.6917551243324218,0.4226376858841502,0.0,0.8505925079851492,0.0,,,EXPLOIT
1905,53,,,0,0,1,1,rare,1.0,0.886594490117442,0.552549571162753,0.5618247271541377,0.0,0.8519872284772413,0.0,,,EXPLOIT
1906,53,,,0,1,0,1,rare,1.0,0.45371032276855117,0.6713996688430908,0.5293904058384618,0.0,0.8461209871044948,0.0,,,EXPLOIT
1907,53,,,0,1,1,0,common,1.0,0.022399332302800334,0.6283520745837463,0.37729308377776327,0.0,0.839836655981171,0.0,,,EXPLOIT
1908,53,,,0,0,1,0,rare,1.0,0.014559565996820178,0.5910136138944229,0.26847302844348037,0.0,0.8415512669133758,0.0,,,EXPLOIT
1909,53,,,0,1,1,0,common,1.0,0.0094637178979331,0.664695109535436,0.19077023527981615,0.0,0.8432129486544321,0.0,,,EXPLOIT
1910,53,,,0,1,1,0,common,1.0,0.006151416633656481,0.6472405466838929,0.13538458968596823,0.0,0.8448240346668578,0.0,,,EXPLOIT
1911,53,,,0,0,0,1,common,1.0,0.2949117097995583,0.6340205143750424,0.18324272572004524,0.0,0.8463867234037902,0.0,,,EXPLOIT
1912,53,,,0,1,0,1,rare,1.0,0.19169261136971283,0.6732193434462963,0.1857776914149455,0.0,0.847903087936051,0.0,,,EXPLOIT
1913,53,,,0,0,0,1,common,0.0,0.8753998026096866,0.6672740529791605,0.39266432477336777,0.0,0.8493750847670092,0.0,,,EXPLOIT
1914,53,,,0,1,1,0,common,1.0,0.003998420811876735,0.43879333031109313,0.27606455358492044,0.0,0.8508045619140794,0.0,,,EXPLOIT
1915,53,,,0,1,0,0,rare,0.0,0.10084433551899756,0.43045810756832603,0.22349848816514356,0.0,0.8521932663270596,0.0,,,EXPLOIT
1916,53,,,0,1,1,0,common,1.0,0.0025989735277198722,0.680196014359401,0.15722863377391644,0.0,0.8535428507059457,0.0,,,EXPLOIT
1917,53,,,0,0,0,0,common,0.0,0.06554881808734841,0.6139520406324164,0.12972468906794604,0.0,0.8548548797741757,0.0,,,EXPLOIT
1918,53,,,0,1,0,1,rare,0.0,0.5690098716962964,0.4503026166892513,0.2615102438564511,0.0,0.8561308360573906,0.0,,,EXPLOIT
1919,53,,,0,1,1,0,common,1.0,0.0016893327930179725,0.6580611514455132,0.18356397053742116,0.0,0.8573721252125913,0.0,,,EXPLOIT
1920,53,,,0,1,0,1,rare,0.0,0.3698564166025926,0.531796028668198,0.23945170435697258,0.0,0.8585800809479808,0.0,,,EXPLOIT
1921,53,,,0,0,0,1,common,1.0,0.7595933292083148,0.6819847557778159,0.3954941918123752,0.0,0.8597559695697053,0.0,,,EXPLOIT
1922,53,,,0,0,0,1,common,1.0,0.4937356639854047,0.6511883017668075,0.424966633464284,0.0,0.8609009941880945,0.0,,,EXPLOIT
1923,53,,,0,0,0,1,common,1.0,0.32092818159051306,0.5469812567716855,0.3937550979021527,0.0,0.8620162986127794,0.0,,,EXPLOIT
1924,53,,,0,0,0,1,common,0.0,0.7913966819661665,0.46404142329780174,0.5130475731213568,0.0,0.8631029709632149,0.0,,,EXPLOIT
1925,53,,,0,0,0,1,common,1.0,0.48559215672199174,0.6740850484663663,0.5048109482015473,0.0,0.8579890964792724,0.0,,,EXPLOIT
1926,53,,,0,1,1,0,common,1.0,0.001098066315461721,0.5735313628853091,0.3536970836357216,0.0,0.8525355558366015,0.0,,,EXPLOIT
1927,53,,,0,1,1,0,common,1.0,0.0007137431050501242,0.6850035068111882,0.24780208147652016,0.0,0.8538755720382336,0.0,,,EXPLOIT
1928,53,,,0,1,0,1,rare,0.0,0.6843650981307053,0.6850553259759207,0.37877098647277574,0.0,0.8551784124753492,0.0,,,EXPLOIT
1929,53,,,0,0,1,1,rare,1.0,0.5762864185763372,0.6170758071352291,0.43802561610384416,0.0,0.856445539899385,0.0,,,EXPLOIT
1930,53,,,0,0,0,1,common,1.0,0.5551626862150415,0.5337709641785794,0.47316673713720336,0.0,0.8576783414647474,0.0,,,EXPLOIT
1931,53,,,0,0,0,1,common,1.0,0.360855746039777,0.4731983316274595,0.43947343980797543,0.0,0.8588781335517702,0.0,,,EXPLOIT
1932,53,,,0,0,0,1,common,1.0,0.2345562349258551,0.4333538851938632,0.3779982783433393,0.0,0.8600461662250783,0.0,,,EXPLOIT
1933,53,,,0,1,1,0,common,1.0,0.0004639330182826251,0.407760017877127,0.2647379747458223,0.0,0.8611836273591063,0.0,,,EXPLOIT
1934,53,,,0,1,0,1,rare,1.0,0.15246155270180584,0.5628131093638613,0.23105504813261735,0.0,0.8622916464594114,0.0,,,EXPLOIT
1935,53,,,0,1,1,0,common,1.0,0.00030155646188367857,0.6448515394258201,0.16182900063139724,0.0,0.8633712982056315,0.0,,,EXPLOIT
1936,53,,,0,0,0,1,common,1.0,0.0991000092561738,0.6789963053306396,0.1430103032188302,0.0,0.8644236057394573,0.0,,,EXPLOIT
1937,53,,,0,0,0,1,common,1.0,0.06441500601651295,0.6721520577532192,0.11943171405813503,0.0,0.8654495437187786,0.0,,,EXPLOIT
1938,53,,,0,0,0,1,common,1.0,0.04186975391073344,0.6670322889066223,0.09616312601391455,0.0,0.8664500411571736,0.0,,,EXPLOIT
1939,53,,,0,0,0,1,common,1.0,0.027215340041976788,0.66343063140388,0.07547879022233321,0.0,0.8674259840661425,0.0,,,EXPLOIT
1940,53,,,0,1,1,0,common,0.0,0.9998039882997756,0.6609767453456035,0.3527763496455659,0.0,0.8683782179158852,0.0,,,EXPLOIT
1941,53,,,0,0,0,1,common,1.0,0.017689971027284868,0.4255514619875465,0.2522504360600816,0.0,0.8693075499290023,0.0,,,EXPLOIT
1942,53,,,0,0,0,1,common,1.0,0.01149848116773522,0.4225749474146614,0.18002484959237766,0.0,0.870214751220198,0.0,,,EXPLOIT
1943,53,,,0,0,0,1,common,1.0,0.007474012759027926,0.42064285001452795,0.12825959854237273,0.0,0.8711005587939233,0.0,,,EXPLOIT
1944,53,,,0,1,0,1,rare,0.0,0.9951418917066318,0.41938814883924747,0.38832428649165046,0.0,0.8719656774108341,0.0,,,EXPLOIT
1945,53,,,0,0,0,1,common,1.0,0.3531577703906893,0.2626966266546228,0.3777743316613621,0.0,0.8728107813330119,0.0,,,EXPLOIT
1946,53,,,0,1,1,1,common,1.0,0.3745861720746193,0.26205965174900037,0.3768178837853392,0.0,0.8736365159570324,0.0,,,EXPLOIT
1947,53,,,0,0,1,0,rare,1.0,0.35012740760514593,0.442213758667358,0.3688107409312812,0.0,0.8744434993432051,0.0,,,EXPLOIT
1948,53,,,0,0,0,1,common,1.0,0.2295525507539481,0.4416783314240408,0.3270332838780812,0.0,0.8752323236486,0.0,,,EXPLOIT
1949,53,,,0,0,0,1,common,1.0,0.1492091579900663,0.4413303526824796,0.27368604611167674,0.0,0.8760035564708546,0.0,,,EXPLOIT
1950,53,,,0,0,0,1,common,1.0,0.09698595269354304,0.4411041874944068,0.2206760180862366,0.0,0.8767577421091718,0.0,,,EXPLOIT
1951,53,,,0,0,0,0,common,0.0,0.04260673175677647,0.44095718907587017,0.16725523218739857,0.0,0.8774954027484038,0.0,,,EXPLOIT
1952,53,,,0,0,0,1,common,1.0,0.06304086925080299,0.6852169830244754,0.13599092330641988,0.0,0.8782170395716401,0.0,,,EXPLOIT
1953,53,,,0,1,1,0,common,1.0,0.22758281494334487,0.6286010035319605,0.16346849079749737,0.0,0.8789231338062826,0.0,,,EXPLOIT
1954,53,,,0,0,0,1,common,1.0,0.04097656501302194,0.6897812375737786,0.12672091306215472,0.0,0.8796141477082062,0.0,,,EXPLOIT
1955,53,,,0,0,1,0,rare,1.0,0.14792882971317423,0.66480874390809,0.13308328805746056,0.0,0.8802905254882337,0.0,,,EXPLOIT
1956,53,,,0,0,0,1,common,1.0,0.026634767258464254,0.6369678708992363,0.10114873181776167,0.0,0.8809526941848348,0.0,,,EXPLOIT
1957,53,,,0,0,0,1,common,1.0,0.017312598718001726,0.6148249438967073,0.07599789188783368,0.0,0.8816010644866534,0.0,,,EXPLOIT
1958,53,,,0,1,1,0,common,0.0,0.9038462606864368,0.5990041566644512,0.3243524025274146,0.0,0.8822360315081988,0.0,,,EXPLOIT
1959,53,,,0,1,1,1,common,0.0,0.7565189881514974,0.3788507404573779,0.4540023782146394,0.0,0.8828579755217801,0.0,,,EXPLOIT
1960,53,,,0,0,0,1,common,1.0,0.01125318916670115,0.25113559040350686,0.3211776215002579,0.0,0.8834672626485395,0.0,,,EXPLOIT
1961,53,,,0,1,0,1,rare,1.0,0.007314572958355692,0.24175338518177064,0.22701870693768722,0.0,0.8840642455112246,0.0,,,EXPLOIT
1962,53,,,0,0,0,1,common,1.0,0.004754472422931144,0.4323660871042663,0.1603394365832604,0.0,0.8846492638511491,0.0,,,EXPLOIT
1963,53,,,0,0,0,1,common,1.0,0.003090407074905266,0.4241648016206968,0.11316472773075384,0.0,0.8852226451116123,0.0,,,EXPLOIT
1964,53,,,0,0,0,1,common,1.0,0.002008764598688373,0.41885296367814284,0.07981793879113419,0.0,0.8857847049898886,0.0,,,EXPLOIT
1965,53,,,0,0,0,1,common,1.0,0.001305696989147398,0.4154092965751096,0.05626426625053815,0.0,0.8863357479597408,0.0,,,EXPLOIT
1966,53,,,0,0,0,1,common,0.0,0.9991512969570542,0.4131749939167145,0.3391303754624929,0.0,0.8868760677662795,0.0,,,EXPLOIT
1967,53,,,0,1,1,0,common,1.0,0.41249993055381606,0.6750092786085279,0.36114124198988984,0.0,0.8874059478948619,0.0,,,EXPLOIT
1968,53,,,0,0,0,1,common,1.0,0.3505516569779148,0.6857356342007626,0.3579643664862973,0.0,0.8879256620156044,0.0,,,EXPLOIT
1969,53,,,0,0,0,1,common,0.0,0.7721414229643554,0.6854025588768324,0.4822174834297147,0.0,0.8884354744049728,0.0,,,EXPLOIT
1970,53,,,0,1,0,1,rare,1.0,0.498108075073169,0.6141265460848322,0.48698466092275094,0.0,0.8889356403458244,0.0,,,EXPLOIT
1971,53,,,0,1,1,1,common,0.0,0.4917373422984733,0.5329882470525042,0.4884104653354676,0.0,0.8894264065071685,0.0,,,EXPLOIT
1972,53,,,0,1,1,0,common,1.0,0.26812495485998045,0.6918160605615813,0.4223248121928215,0.0,0.8899080113048405,0.0,,,EXPLOIT
1973,53,,,0,0,0,1,common,1.0,0.3237702487975599,0.6248589049346879,0.39275844317424297,0.0,0.8903806852441951,0.0,,,EXPLOIT
1974,53,,,0,0,0,1,common,1.0,0.21045066171841398,0.6925843494937236,0.33806610873749426,0.0,0.8908446512458605,0.0,,,EXPLOIT
1975,53,,,0,0,0,1,common,0.0,0.8632070698830309,0.6747592510751794,0.4956083970811552,0.0,0.8913001249555171,0.0,,,EXPLOIT
1976,53,,,0,0,0,1,common,0.0,0.56108459542397,0.6326943040242017,0.5152512565839996,0.0,0.8917473150386126,0.0,,,EXPLOIT
1977,53,,,0,0,1,0,rare,1.0,0.17428122065898732,0.48941492613851867,0.41296024580649593,0.0,0.8883339047050448,0.0,,,EXPLOIT
1978,53,,,0,0,1,0,rare,1.0,0.1132827934283418,0.6625585743464457,0.32305701009304966,0.0,0.8888359872389392,0.0,,,EXPLOIT
1979,53,,,0,1,1,0,common,1.0,0.0736338157284222,0.6917928958204838,0.2482300517836614,0.0,0.8893286211446625,0.0,,,EXPLOIT
1980,53,,,0,1,1,1,common,0.0,0.31962927249400763,0.679989921294089,0.26964981799676524,0.0,0.8898120464669296,0.0,,,EXPLOIT
1981,53,,,0,0,1,0,rare,1.0,0.04786198022347443,0.6202443475146704,0.20311346666477798,0.0,0.8902864952725668,0.0,,,EXPLOIT
1982,53,,,0,1,1,0,common,1.0,0.03111028714525843,0.5436706242898623,0.1515125128089221,0.0,0.8907521919795847,0.0,,,EXPLOIT
1983,53,,,0,0,1,0,rare,1.0,0.020221686644418035,0.6609746733434261,0.11212526495957088,0.0,0.8912093536700922,0.0,,,EXPLOIT
1984,53,,,0,1,0,1,rare,0.0,0.3647049870255805,0.6238511707833534,0.18789918157937377,0.0,0.8916581903879638,0.0,,,EXPLOIT
1985,53,,,0,0,0,0,common,1.0,0.9723056243580953,0.42257248027074157,0.42322111441299015,0.0,0.8920989054221243,0.0,,,EXPLOIT
1986,53,,,0,1,1,0,common,1.0,0.0131440963188717,0.3862038877502064,0.30019800898475457,0.0,0.8925316955762544,0.0,,,EXPLOIT
1987,53,,,0,0,1,0,rare,1.0,0.008543662607266578,0.5562684491128195,0.21270170507150815,0.0,0.8929567514256691,0.0,,,EXPLOIT
1988,53,,,0,0,0,0,common,0.0,0.368001344167238,0.5332903527788481,0.2592915968002271,0.0,0.8933742575620766,0.0,,,EXPLOIT
1989,53,,,0,0,0,1,common,1.0,0.7629417584333726,0.6920570004575612,0.41038664529017077,0.0,0.893784392826878,0.0,,,EXPLOIT
1990,53,,,0,0,1,0,rare,0.0,0.9944466193052768,0.6692776833885039,0.5856046374947026,0.0,0.8941873305336318,0.0,,,EXPLOIT
1991,53,,,0,1,1,0,common,1.0,0.3536096974515701,0.6487882386851396,0.5160061554817628,0.0,0.8909030309533161,0.0,,,EXPLOIT
1992,53,,,0,0,0,1,common,1.0,0.4959121429816923,0.559466713187009,0.5099779517317415,0.0,0.8874443739387408,0.0,,,EXPLOIT
1993,53,,,0,0,0,1,common,1.0,0.32234289293810003,0.6739091214597737,0.4536874340936491,0.0,0.8837972856346599,0.0,,,EXPLOIT
1994,53,,,0,1,1,0,common,1.0,0.22984630334352063,0.6925440006685954,0.3865350948686105,0.0,0.8843876431247079,0.0,,,EXPLOIT
1995,53,,,0,0,0,1,common,1.0,0.20952288040976508,0.6849274980864282,0.3334314305309568,0.0,0.8849662177713068,0.0,,,EXPLOIT
1996,53,,,0,1,0,1,rare,1.0,0.13618987226634727,0.6928922481297373,0.27425896305157393,0.0,0.8855333304874906,0.0,,,EXPLOIT
1997,53,,,0,1,0,1,rare,0.0,0.9114765830268743,0.6896577792208287,0.465424249044164,0.0,0.8860892907313369,0.0,,,EXPLOIT
1998,53,,,0,0,0,0,common,0.0,0.23920087370870471,0.5631855986465626,0.39755723644352625,0.0,0.8866343970130461,0.0,,,EXPLOIT
1999,53,,,0,1,1,0,common,1.0,0.1494000971732884,0.6916699298819129,0.3231100946624549,0.0,0.8871689373753132,0.0,,,EXPLOIT
2000,53,,,0,1,1,0,common,1.0,0.09711006316263748,0.6372146669883767,0.25531008521250964,0.0,0.8876931898486173,0.0,,,EXPLOIT
