trial,seed,config_version,git_commit,s1,a1,s2,a2,trans_type,reward,u_delta,u_s,u_v,u_c,V_G,V_p,eta_G,eta_p,mode
1,62,,,0,1,1,0,common,0.0,0.5,0.6931471803599453,0.15,0.0,0.0,0.5433789954337899,,,EXPLOIT
2,62,,,0,0,0,0,common,1.0,0.5,0.6354546081677416,0.255,0.0,0.0,0.5794962364913165,,,EXPLORE
3,62,,,0,1,1,0,common,0.0,0.325,0.4973599657364365,0.276,0.0,0.0,0.6100329171214658,,,EXPLORE
4,62,,,0,1,1,0,common,0.0,0.21125000000000002,0.3963147262721458,0.256575,0.0,0.0,0.6361884525043351,,,EXPLORE
5,62,,,0,0,0,0,common,1.0,0.32499999999999996,0.3343460689263939,0.2771025,0.0,0.0,0.65884152052499,,,EXPLORE
6,62,,,0,0,0,0,common,0.0,0.7887500000000001,0.25044374811925885,0.43059675,0.0,0.0,0.678650554588017,,,EXPLORE
7,62,,,0,0,0,0,common,1.0,0.4873124999999999,0.4747159761359132,0.447611475,0.0,0.0,0.6961186809978029,,,EXPLORE
8,62,,,0,0,0,0,common,0.0,0.683246875,0.32775622656727055,0.5183020949999999,0.0,0.0,0.6561034018727876,,,EXPLORE
9,62,,,0,0,0,0,common,0.0,0.44411046875000004,0.5352252901814389,0.49604460712499987,0.0,0.0,0.67624677263884,,,EXPLORE
10,62,,,0,1,1,0,common,0.0,0.1373125,0.6493450108067065,0.38842497498749984,0.0,0.0,0.6939916398206352,,,EXPLORE
11,62,,,0,0,0,0,common,0.0,0.28867180468750003,0.6195185980499354,0.3584990238974999,0.0,0.0,0.7097415717273394,,,EXPLORE
12,62,,,0,0,0,0,common,1.0,0.812363326953125,0.6741569481699969,0.49465831481418737,0.0,0.0,0.7238144069865298,,,EXPLORE
13,62,,,0,1,1,0,common,0.0,0.089253125,0.4681488626645643,0.3730367578699312,0.0,0.0,0.7364638709340466,,,EXPLORE
14,62,,,0,0,0,0,common,1.0,0.5280361625195312,0.44021168336797023,0.4195365792648112,0.0,0.0,0.7478949654236443,,,EXPLORE
15,62,,,0,1,1,0,common,1.0,0.94198546875,0.28735786113972894,0.5762712461103678,0.0,0.0,0.720431013395564,,,EXPLORE
16,62,,,0,1,1,0,common,0.0,0.38770944531249996,0.5669163076361915,0.5197027058710074,0.0,0.0,0.6866348497731747,,,EXPLORE
17,62,,,0,0,0,0,common,1.0,0.3432235056376953,0.44841052795120295,0.4667589458010138,0.0,0.0,0.7031983641479848,,,EXPLORE
18,62,,,0,1,1,0,common,0.0,0.252011139453125,0.34470973667235655,0.4023346038966471,0.0,0.0,0.717957196841522,,,EXPLORE
19,62,,,0,0,0,0,common,0.0,0.776904721335498,0.27696800178362635,0.5147056391283024,0.0,0.0,0.6835548705751864,,,EXPLORE
20,62,,,0,1,1,0,common,0.0,0.16380724064453123,0.5051804652384659,0.409436119583171,0.0,0.0,0.7004646808776288,,,EXPLORE
21,62,,,0,0,0,0,common,0.0,0.5049880688680737,0.45400125341735736,0.4381017043686418,0.0,0.0,0.7155146438248652,,,EXPLORE
22,62,,,0,1,1,0,common,0.0,0.1064747064189453,0.6036799676428988,0.33861360498373283,0.0,0.0,0.7289949563268049,,,EXPLORE
23,62,,,0,0,0,0,common,1.0,0.6717577552357521,0.575031249739264,0.4385568500593386,0.0,0.0,0.7411384268997069,,,EXPLORE
24,62,,,0,0,0,0,common,1.0,0.43664254090323884,0.37026334580680387,0.4379825573125087,0.0,0.0,0.7521339935483062,,,EXPLORE
25,62,,,0,0,0,0,common,1.0,0.28381765158710526,0.2534359536590738,0.3917330855948876,0.0,0.0,0.7621365925785852,,,EXPLORE
26,62,,,0,0,0,0,common,1.0,0.18448147353161848,0.1928738620811888,0.32955760197590683,0.0,0.0,0.7712744780810511,,,EXPLORE
27,62,,,0,0,0,0,common,1.0,0.119912957795552,0.1601127438177586,0.26666420872180036,0.0,0.0,0.77965472867683,,,EXPLORE
28,62,,,0,0,0,0,common,1.0,0.07794342256710884,0.14142696173282837,0.2100479728753929,0.0,0.0,0.7873674445288776,,,EXPLORE
29,62,,,0,0,0,0,common,1.0,0.05066322466862072,0.1303141355149362,0.16223254841336124,0.0,0.0,0.794488984189322,,,EXPLOIT
30,62,,,0,0,0,0,common,1.0,0.032931096034603424,0.12350624171459193,0.12344211269973389,0.0,0.0,0.80108448814031,,,EXPLOIT
31,62,,,0,0,0,0,common,0.0,0.9785947875775077,0.11925067468882734,0.379987915163066,0.0,0.0,0.807209865921875,,,EXPLOIT
32,62,,,0,0,0,0,common,1.0,0.3639133880746199,0.3113549770593008,0.3751655570365322,0.0,0.0,0.8129133753208675,,,EXPLORE
33,62,,,0,1,1,0,common,0.0,0.06920855917231444,0.22304311033588828,0.2833784576772668,0.0,0.0,0.8182368880923659,,,EXPLORE
34,62,,,0,0,0,0,common,1.0,0.23654370224850296,0.20857915026812585,0.2693280310486377,0.0,0.0,0.8232169124823572,,,EXPLORE
35,62,,,0,0,0,0,common,1.0,0.1537534064615269,0.16467715727484908,0.23465564367250444,0.0,0.0,0.8278854253769431,,,EXPLORE
36,62,,,0,0,0,0,common,0.0,0.9000602858000075,0.14049012285907775,0.4342770363107553,0.0,0.0,0.8322705541846268,,,EXPLORE
37,62,,,0,0,0,0,common,1.0,0.4149608142299951,0.3324479755704601,0.4284821696865272,0.0,0.0,0.8363971391839485,,,EXPLORE
38,62,,,0,0,0,0,common,1.0,0.26972452924949686,0.22858200495190648,0.3808548775554181,0.0,0.0,0.8402872000894477,,,EXPLORE
39,62,,,0,0,0,0,common,1.0,0.17532094401217302,0.17530909333692996,0.31919469749244456,0.0,0.0,0.8439603253435509,,,EXPLORE
40,62,,,0,0,0,0,common,1.0,0.11395861360791248,0.14647844764803675,0.25762387232708495,0.0,0.0,0.8474339986647166,,,EXPLORE
41,62,,,0,0,0,0,common,0.0,0.9259269011548569,0.12999491322803655,0.4581147809754165,0.0,0.0,0.8507238743413094,,,EXPLORE
42,62,,,0,0,0,0,common,1.0,0.398147514249343,0.31913382068016755,0.4401246009575944,0.0,0.0,0.8538440104174889,,,EXPLORE
43,62,,,0,0,0,0,common,1.0,0.258795884262073,0.22183829868785998,0.385725985948938,0.0,0.0,0.8568070670984573,,,EXPLORE
44,62,,,0,0,0,0,common,1.0,0.16821732477034745,0.1717461764646192,0.3204733875953608,0.0,0.0,0.8596244762805484,,,EXPLORE
45,62,,,0,0,0,0,common,0.0,0.8906587388992742,0.14448232567560804,0.49152899298653474,0.0,0.0,0.8623065869928327,,,EXPLORE
46,62,,,0,0,0,0,common,1.0,0.4210718197154717,0.3373621854514124,0.4703918410052158,0.0,0.0,0.8648627906510428,,,EXPLORE
47,62,,,0,0,0,0,common,1.0,0.27369668281505666,0.23107104731391837,0.41138329354816805,0.0,0.0,0.867301629319019,,,EXPLORE
48,62,,,0,0,0,0,common,1.0,0.17790284382978683,0.17661909860240887,0.3413391586326536,0.0,0.0,0.8696308896076954,,,EXPLORE
49,62,,,0,0,0,0,common,0.0,0.8843631515106386,0.14720979736075812,0.5042463564960491,0.0,0.0,0.8619513555229574,,,EXPLORE
50,62,,,0,0,0,0,common,1.0,0.42516395151808495,0.34067456059959966,0.4805216350026598,0.0,0.0,0.8645240725584823,,,EXPLORE
51,62,,,0,1,1,0,common,0.0,0.044985563462004385,0.23274911436786322,0.34986081354046317,0.0,0.0,0.8669783152935601,,,EXPLORE
52,62,,,0,1,1,0,common,0.0,0.029240616250302852,0.22294812746765202,0.2536747543534151,0.0,0.0,0.869321967496451,,,EXPLORE
53,62,,,0,0,0,0,common,1.0,0.27635656848675527,0.21674780333893526,0.2604792985934171,0.0,0.0,0.8715622287850192,,,EXPLORE
54,62,,,0,0,0,0,common,1.0,0.17963176951639093,0.16462875835895086,0.23622503987030924,0.0,0.0,0.8737056872670448,,,EXPLORE
55,62,,,0,0,0,0,common,1.0,0.11676065018565407,0.13669313910863665,0.20038572296491267,0.0,0.0,0.8757583831177865,,,EXPLORE
56,62,,,0,0,0,0,common,1.0,0.07589442262067514,0.12081817345914583,0.1630383328616414,0.0,0.0,0.8777258643870567,,,EXPLORE
57,62,,,0,0,0,0,common,1.0,0.049331374703438846,0.11139226094202907,0.12892624541418063,0.0,0.0,0.8796132361216902,,,EXPLOIT
58,62,,,0,0,0,0,common,0.0,0.9679346064427647,0.10562223783065777,0.38062875372275584,0.0,0.0,0.8814252037192541,,,EXPLOIT
59,62,,,0,0,0,0,common,1.0,0.3708425058122029,0.2790827441080281,0.37769287934958995,0.0,0.0,0.8831661112882008,,,EXPLORE
60,62,,,0,0,0,0,common,1.0,0.24104762877793195,0.19637831033700487,0.3366993041780925,0.0,0.0,0.8848399756728494,,,EXPLORE
61,62,,,0,1,1,0,common,0.0,0.019006400562696854,0.1539157132814285,0.2413914330934738,0.0,0.0,0.886450516704214,,,EXPLORE
62,62,,,0,0,0,0,common,0.0,0.8433190412943442,0.1509231678090178,0.4219697155537349,0.0,0.0,0.8880011841562243,,,EXPLOIT
63,62,,,0,1,1,0,common,0.0,0.012354160365752955,0.3358618378157813,0.2990850489973403,0.0,0.0,0.889495181818495,,,EXPLORE
64,62,,,0,0,0,0,common,1.0,0.4518426231586763,0.33238906852446526,0.3449123212457411,0.0,0.0,0.8909354890391806,,,EXPLORE
65,62,,,0,1,1,0,common,0.0,0.008030204237739421,0.2205882050732652,0.24384768614334057,0.0,0.0,0.8923248800427728,,,EXPLORE
66,62,,,0,1,1,0,common,0.0,0.005219632754530624,0.21888601169359492,0.1722592701266976,0.0,0.0,0.8936659412864169,,,EXPLORE
67,62,,,0,1,1,0,common,0.0,0.0033927612904449053,0.2177850013740334,0.12159931747582178,0.0,0.0,0.8949610870832426,,,EXPLOIT
68,62,,,0,0,0,0,common,1.0,0.29369770505313963,0.21707163111584246,0.17322883374901712,0.0,0.0,0.8962125736912737,,,EXPLOIT
69,62,,,0,1,1,0,common,0.0,0.0022052948387891883,0.16199203349581348,0.12192177207594874,0.0,0.0,0.8974225120409053,,,EXPLORE
70,62,,,0,0,0,0,common,1.0,0.19090350828454072,0.16162680314559985,0.14261629293852635,0.0,0.0,0.8985928792519992,,,EXPLOIT
71,62,,,0,0,0,0,common,1.0,0.12408728038495154,0.13255079301246356,0.1370575891724539,0.0,0.0,0.8997255290727911,,,EXPLORE
72,62,,,0,0,0,0,common,1.0,0.08065673225021852,0.11618748939812895,0.12013733209578328,0.0,0.0,0.900822201356563,,,EXPLOIT
73,62,,,0,0,0,0,common,1.0,0.05242687596264206,0.10653561384323604,0.09982419525584091,0.0,0.0,0.9018845306779899,,,EXPLOIT
74,62,,,0,1,1,0,common,0.0,0.0014334416452129724,0.10065318565938397,0.07030696917265253,0.0,0.0,0.9029140541789284,,,EXPLOIT
75,62,,,0,0,0,0,common,0.0,0.9659225306242827,0.10049653745670034,0.33899163760814155,0.0,0.0,0.9039122187228563,,,EXPLOIT
76,62,,,0,1,1,0,common,0.0,0.000931737069388432,0.267192972722324,0.2375736674465156,0.0,0.0,0.9048803874280129,,,EXPLORE
77,62,,,0,1,1,0,common,0.0,0.0006056290951024809,0.26696521274745144,0.16648325594109165,0.0,0.0,0.9058198456412857,,,EXPLORE
78,62,,,0,0,0,0,common,1.0,0.37215035509421623,0.26681724058795137,0.228183385687029,0.0,0.0,0.9067318064079096,,,EXPLOIT
79,62,,,0,1,1,0,common,0.0,0.00039365891181661263,0.18672273618481738,0.15984646765446528,0.0,0.0,0.9076174154859381,,,EXPLORE
80,62,,,0,0,0,0,common,1.0,0.24189773081124055,0.18664936665139328,0.18446184660149784,0.0,0.0,0.9084777559490786,,,EXPLOIT
81,62,,,0,0,0,0,common,1.0,0.15723352502730636,0.14584699991661484,0.1762933501292404,0.0,0.0,0.9093138524167875,,,EXPLORE
82,62,,,0,0,0,0,common,1.0,0.10220179126774909,0.12362553160425156,0.154065882470793,0.0,0.0,0.9101266749463689,,,EXPLORE
83,62,,,0,0,0,0,common,1.0,0.06643116432403695,0.11082869030843712,0.12777546702676618,0.0,0.0,0.910917142618169,,,EXPLOIT
84,62,,,0,0,0,0,common,1.0,0.043180256810623985,0.10315704253343036,0.10239690396192351,0.0,0.0,0.9116861268417392,,,EXPLOIT
85,62,,,0,0,0,0,common,1.0,0.028067166926905585,0.09842979284681974,0.08009798285141813,0.0,0.0,0.9124344544079732,,,EXPLOIT
86,62,,,0,1,1,0,common,0.0,0.0002558782926807982,0.0954628869977754,0.05614535148379693,0.0,0.0,0.9131629103097048,,,EXPLOIT
87,62,,,0,0,0,0,common,1.0,0.018243658502488658,0.09543621520660261,0.044774843589404444,0.0,0.0,0.9138722403510022,,,EXPLOIT
88,62,,,0,0,0,0,common,1.0,0.0118583780266176,0.09355188237496308,0.03489990392056839,0.0,0.0,0.9145631535633988,,,EXPLOIT
89,62,,,0,0,0,0,common,1.0,0.00770794571730149,0.092345236314954,0.026742316459588317,0.0,0.0,0.9152363244455215,,,EXPLOIT
90,62,,,0,0,0,0,common,1.0,0.005010164716245935,0.09156851674011052,0.020222670936585602,0.0,0.0,0.9158923950409974,,,EXPLOIT
91,62,,,0,0,0,0,common,1.0,0.003256607065559858,0.09106683919982983,0.015132851775277878,0.0,0.0,0.9165319768680985,,,EXPLOIT
92,62,,,0,0,0,0,common,0.0,0.9978832054073861,0.0907420909033052,0.3099579578649103,0.0,0.0,0.9171556527133228,,,EXPLOIT
93,62,,,0,0,0,0,common,1.0,0.35137591648519906,0.2524383634897832,0.32238334545099695,0.0,0.0,0.9177639782999727,,,EXPLORE
94,62,,,0,1,1,0,common,0.0,0.00016632089024251883,0.17952537342384858,0.22571823808277058,0.0,0.0,0.9183574838417813,,,EXPLORE
95,62,,,0,1,1,0,common,0.0,0.00010810857865763724,0.17949534938876294,0.15803519923153667,0.0,0.0,0.918936675490717,,,EXPLOIT
96,62,,,0,1,1,0,common,0.0,7.027057612746422e-05,0.17947583597237654,0.11064572063491389,0.0,0.0,0.9195020366872844,,,EXPLOIT
97,62,,,0,1,1,0,common,1.0,0.9999543241255171,0.17946315318389727,0.37743830168209486,0.0,0.0,0.9200540294208953,,,EXPLOIT
98,62,,,0,0,0,0,common,1.0,0.22839434571537942,0.4334200151778441,0.3327251148920802,0.0,0.0,0.9205930954072215,,,EXPLORE
99,62,,,0,1,1,0,common,0.0,0.35002968931841383,0.36406319469275594,0.33791648721998024,0.0,0.0,0.9211196571888386,,,EXPLORE
100,62,,,0,0,0,0,common,0.0,0.8515436752850034,0.26921973005201244,0.49200464363948715,0.0,0.0,0.9216341191649314,,,EXPLORE
101,62,,,0,0,0,0,common,0.0,0.5535033889352523,0.5185614141846497,0.5104542672282166,0.0,0.0,0.9185869882140575,,,EXPLORE
102,62,,,0,0,0,0,common,0.0,0.35977720280791403,0.6593498151639823,0.4652511479021258,0.0,0.0,0.9191606832187199,,,EXPLORE
103,62,,,0,0,0,0,common,1.0,0.7661448181748559,0.6930668999592153,0.5555192489839449,0.0,0.0,0.9159417777566875,,,EXPLORE
104,62,,,0,0,0,0,common,1.0,0.49799413181365637,0.5624723165549681,0.5382617138328583,0.0,0.0,0.9124921866971354,,,EXPLORE
105,62,,,0,0,0,0,common,1.0,0.3236961856788767,0.40937525345464987,0.4738920553866638,0.0,0.0,0.9132191189653153,,,EXPLORE
106,62,,,0,1,1,0,common,1.0,0.772480701943031,0.3150704224627755,0.5634686493535739,0.0,0.0,0.9095680833068847,,,EXPLORE
107,62,,,0,0,0,0,common,1.0,0.21040252069126986,0.5480955300891466,0.45754881075488263,0.0,0.0,0.91037388504319,,,EXPLORE
108,62,,,0,0,0,0,common,0.0,0.8632383615506746,0.48367955429767356,0.5792556759936202,0.0,0.0,0.9065061237661698,,,EXPLORE
109,62,,,0,1,1,0,common,0.0,0.4978875437370298,0.6852177384931553,0.5548452363166431,0.0,0.0,0.902333533307024,,,EXPLORE
110,62,,,0,1,1,0,common,0.0,0.3236269034290694,0.5919137755813701,0.4854797364503709,0.0,0.0,0.9033493278129161,,,EXPLORE
111,62,,,0,1,1,0,common,0.0,0.21035748722889513,0.4966956488274088,0.4029430616839281,0.0,0.0,0.9043343625529825,,,EXPLORE
112,62,,,0,1,1,0,common,0.0,0.13673236669878186,0.43093428544166507,0.3230798531883842,0.0,0.0,0.9052899663225282,,,EXPLORE
113,62,,,0,0,0,0,common,1.0,0.43889506499206155,0.3889792768184002,0.3578244167294874,0.0,0.0,0.9062173925689307,,,EXPLORE
114,62,,,0,1,1,0,common,1.0,0.9111239616457918,0.2679452379886071,0.5238142802043786,0.0,0.0,0.9020215729731623,,,EXPLORE
115,62,,,0,0,0,0,common,1.0,0.28528179224484007,0.5350955086764438,0.45225453381651703,0.0,0.0,0.903046897567892,,,EXPLORE
116,62,,,0,0,0,0,common,1.0,0.18543316495914608,0.4465948446965201,0.3722081231593057,0.0,0.0,0.904041046861222,,,EXPLORE
117,62,,,0,0,0,0,common,1.0,0.120531557223445,0.3894362286963283,0.29670515337854747,0.0,0.0,0.9050053734286239,,,EXPLORE
118,62,,,0,0,0,0,common,0.0,0.9216544878047608,0.35375812411750945,0.48418995370641144,0.0,0.0,0.9059411528201776,,,EXPLORE
119,62,,,0,1,1,0,common,0.0,0.4077694249302353,0.6249807191420413,0.4612637950735586,0.0,0.0,0.9068495889678188,,,EXPLORE
120,62,,,0,0,0,0,common,1.0,0.40092458292690547,0.511497829163652,0.4431620314295627,0.0,0.0,0.9077318191433696,,,EXPLORE
121,62,,,0,0,0,0,common,0.0,0.7393990210975114,0.3871530758285662,0.5320331283299473,0.0,0.0,0.9036571059526207,,,EXPLORE
122,62,,,0,0,0,0,common,1.0,0.5193906362866176,0.6081907792489184,0.5282403807169485,0.0,0.0,0.8992524204744492,,,EXPLORE
123,62,,,0,1,1,0,common,0.0,0.26505012620465296,0.455045793944559,0.4492833043632598,0.0,0.0,0.9003640578540298,,,EXPLORE
124,62,,,0,1,1,0,common,0.0,0.17228258203302443,0.3736800933761526,0.36618308766418917,0.0,0.0,0.90144067535294,,,EXPLORE
125,62,,,0,0,0,0,common,0.0,0.6623960864136986,0.3242085861020801,0.455046987289042,0.0,0.0,0.9024838502859789,,,EXPLORE
126,62,,,0,0,0,0,common,1.0,0.5694425438310959,0.5250320606642677,0.4893656542516582,0.0,0.0,0.9034950667524326,,,EXPLORE
127,62,,,0,1,1,0,common,1.0,0.8880163216785342,0.3504620015146049,0.6089608544797209,0.0,0.0,0.8990769876284983,,,EXPLORE
128,62,,,0,1,1,0,common,1.0,0.5772106090910472,0.6142207756145079,0.5994357808631188,0.0,0.0,0.8942856923179644,,,EXPLORE
129,62,,,0,1,1,0,common,0.0,0.6248131040908194,0.6930961932617657,0.607048977831429,0.0,0.0,0.8890720791868536,,,EXPLORE
130,62,,,0,1,1,0,common,0.0,0.4061285176590326,0.6022343974319072,0.54677283977971,0.0,0.0,0.8833780384718585,,,EXPLORE
131,62,,,0,0,0,0,common,0.0,0.6298623465097877,0.4832078743186136,0.5716996917987334,0.0,0.0,0.8771342871925276,,,EXPLORE
132,62,,,0,1,1,0,common,0.0,0.2639835364783712,0.6525733528361095,0.4793848452026247,0.0,0.0,0.8790455846356835,,,EXPLORE
133,62,,,0,1,1,0,common,0.0,0.17158929871094128,0.5916514065952948,0.38704618125511964,0.0,0.0,0.8808800822600648,,,EXPLORE
134,62,,,0,0,0,0,common,1.0,0.590589474768638,0.542862831162947,0.4481091693091751,0.0,0.0,0.8826422306116742,,,EXPLORE
135,62,,,0,0,0,0,common,1.0,0.38388315859961475,0.3614930175561051,0.42884136609630696,0.0,0.0,0.8843361430152881,,,EXPLORE
136,62,,,0,0,0,0,common,1.0,0.24952405308974956,0.2588833435062248,0.3750461721943397,0.0,0.0,0.8859656269224985,,,EXPLORE
137,62,,,0,0,0,0,common,0.0,0.8378093654916627,0.20407725763997972,0.5138751301835367,0.0,0.0,0.879974932061532,,,EXPLORE
138,62,,,0,0,0,0,common,1.0,0.45542391243041913,0.42324634332987054,0.49633976485760134,0.0,0.0,0.8817726107585547,,,EXPLORE
139,62,,,0,1,1,0,common,0.0,0.11153304416211184,0.292018619731626,0.3808977486489545,0.0,0.0,0.8835000431958495,,,EXPLORE
140,62,,,0,0,0,0,common,0.0,0.7039744569202275,0.26402030489789585,0.47782076113033634,0.0,0.0,0.8851611856043647,,,EXPLORE
141,62,,,0,0,0,0,common,1.0,0.5424166030018521,0.46602105457098564,0.49719951369179105,0.0,0.0,0.8867597027423525,,,EXPLORE
142,62,,,0,0,0,0,common,1.0,0.3525707919512039,0.3051795335781736,0.45381089716961487,0.0,0.0,0.8882989942547597,,,EXPLORE
143,62,,,0,0,0,0,common,1.0,0.2291710147682825,0.2205515086022989,0.3864189324492151,0.0,0.0,0.8897822182228468,,,EXPLORE
144,62,,,0,1,1,0,common,0.0,0.0724964787053727,0.17589216225901466,0.29224219632606235,0.0,0.0,0.8912123122473603,,,EXPLORE
145,62,,,0,0,0,0,common,1.0,0.1489611595993836,0.16340628348649955,0.2492578853080587,0.0,0.0,0.8925920123614607,,,EXPLORE
146,62,,,0,0,0,0,common,1.0,0.09682475373959931,0.1400804237959662,0.20352794583752087,0.0,0.0,0.8939238700296431,,,EXPLORE
147,62,,,0,0,0,0,common,0.0,0.9370639100692605,0.1265070871318711,0.42358873510704276,0.0,0.0,0.8952102674548851,,,EXPLORE
148,62,,,0,0,0,0,common,0.0,0.6090915415450193,0.3151553728879367,0.4792395770384357,0.0,0.0,0.8964534313872453,,,EXPLORE
149,62,,,0,0,0,0,common,1.0,0.6040904979957374,0.4984377753790077,0.5166948533256263,0.0,0.0,0.8914331596600293,,,EXPLORE
150,62,,,0,0,0,0,common,0.0,0.6073411763027706,0.31651700225697443,0.5438887502187695,0.0,0.0,0.8859593936929342,,,EXPLORE
151,62,,,0,1,1,0,common,0.0,0.04712271115849225,0.4994479952677881,0.3948589385006863,0.0,0.0,0.8875282095354624,,,EXPLORE
152,62,,,0,1,1,0,common,0.0,0.030629762253019964,0.48475921471654004,0.2855901856263864,0.0,0.0,0.8890393905088569,,,EXPLORE
153,62,,,0,1,1,0,common,0.0,0.019909345464462977,0.4751746806096454,0.20588593357780935,0.0,0.0,0.8904959831550844,,,EXPLORE
154,62,,,0,1,1,0,common,0.0,0.012941074551900935,0.46893685284648207,0.14800247587003681,0.0,0.0,0.8919008231440297,,,EXPLORE
155,62,,,0,1,1,0,common,0.0,0.008411698458735607,0.46488096895897935,0.10612524264664644,0.0,0.0,0.893256553210011,,,EXPLORE
156,62,,,0,1,1,0,common,0.0,0.005467603998178145,0.46224464170282403,0.07592795105210595,0.0,0.0,0.8945656392881141,,,EXPLORE
157,62,,,0,1,1,0,common,1.0,0.9964460574011842,0.46053117495127527,0.3520833829568294,0.0,0.0,0.8958303850576709,,,EXPLORE
158,62,,,0,1,1,0,common,0.0,0.35231006268923026,0.6895541497302649,0.3521513868765496,0.0,0.0,0.897052945073347,,,EXPLORE
159,62,,,0,0,0,0,common,1.0,0.605228235403199,0.6410672251948908,0.42807444143454443,0.0,0.0,0.8982353366413197,,,EXPLORE
160,62,,,0,0,0,0,common,1.0,0.3933983530120795,0.47272443344826853,0.4176716149078049,0.0,0.0,0.8993794505782647,,,EXPLORE
161,62,,,0,0,0,0,common,1.0,0.2557089294578516,0.3525972080840107,0.3690828092728189,0.0,0.0,0.9004870609738733,,,EXPLORE
162,62,,,0,0,0,0,common,1.0,0.16621080414760359,0.2829598561333099,0.3082212077352543,0.0,0.0,0.9015598340629322,,,EXPLORE
163,62,,,0,0,0,0,common,0.0,0.8919629773040577,0.2428366169834,0.4833437386058953,0.0,0.0,0.9025993363003009,,,EXPLORE
164,62,,,0,1,1,0,common,0.0,0.22900154074799967,0.49667169509605974,0.4070410792485266,0.0,0.0,0.9036070417211036,,,EXPLORE
165,62,,,0,0,0,0,common,1.0,0.4202240647523625,0.4251216369417632,0.4109959748996774,0.0,0.0,0.904584338658882,,,EXPLORE
166,62,,,0,0,0,0,common,1.0,0.2731456420890357,0.302845172813718,0.36964087505648485,0.0,0.0,0.9055325358861086,,,EXPLORE
167,62,,,0,1,1,0,common,0.0,0.14885100148619979,0.23596230986240269,0.3034039129853993,0.0,0.0,0.9064528682341899,,,EXPLORE
168,62,,,0,0,0,0,common,1.0,0.17754466735787322,0.2044057687802391,0.2656461392971415,0.0,0.0,0.9073465017437152,,,EXPLORE
169,62,,,0,0,0,0,common,1.0,0.11540403378261765,0.17122678618034734,0.22057350764278433,0.0,0.0,0.9082145383901331,,,EXPLORE
170,62,,,0,0,0,0,common,0.0,0.9249873780412985,0.15214552294961006,0.4318976687623386,0.0,0.0,0.9090580204251332,,,EXPLORE
171,62,,,0,1,1,0,common,0.0,0.09675315096602986,0.36157255629910257,0.33135431342344596,0.0,0.0,0.9098779343697073,,,EXPLORE
172,62,,,0,0,0,0,common,0.0,0.6012417957268441,0.33381221562677177,0.4123205581144654,0.0,0.0,0.9106752146910629,,,EXPLORE
173,62,,,0,0,0,0,common,1.0,0.6091928327775513,0.5168667248951067,0.47138224051339117,0.0,0.0,0.9114507471922126,,,EXPLORE
174,62,,,0,0,0,0,common,1.0,0.39597534130540835,0.3315823801734174,0.4487601707509963,0.0,0.0,0.9122053721400954,,,EXPLORE
175,62,,,0,1,1,0,common,0.0,0.06288954812791941,0.23207385757342516,0.3329989839640732,0.0,0.0,0.9129398871554618,,,EXPLORE
176,62,,,0,0,0,0,common,0.0,0.7426160281514845,0.2184906726350906,0.45588409722029655,0.0,0.0,0.9136550498854276,,,EXPLORE
177,62,,,0,0,0,0,common,1.0,0.5172995817015351,0.4154951222334905,0.47430874256466815,0.0,0.0,0.9143515804775254,,,EXPLORE
178,62,,,0,0,0,0,common,1.0,0.3362447281059978,0.27002627093283815,0.432889538227067,0.0,0.0,0.9150301638722472,,,EXPLORE
179,62,,,0,0,0,0,common,1.0,0.21855907326889856,0.19603647416257655,0.36859039873961646,0.0,0.0,0.915691451929424,,,EXPLORE
180,62,,,0,0,0,0,common,1.0,0.14206339762478404,0.15723632653380604,0.30063229840516675,0.0,0.0,0.9163360654023254,,,EXPLORE
181,62,,,0,0,0,0,common,1.0,0.0923412084561096,0.1356528276418321,0.2381449714204496,0.0,0.0,0.9169645957720558,,,EXPLORE
182,62,,,0,1,1,0,common,1.0,0.9591217937168524,0.12304220003692533,0.45443801810937035,0.0,0.0,0.9175776069536403,,,EXPLORE
183,62,,,0,0,0,0,common,1.0,0.06002178549647119,0.31403890259207956,0.33611314832550054,0.0,0.0,0.9181756368841574,,,EXPLORE
184,62,,,0,1,1,0,common,0.0,0.3765708340840459,0.29800667970260153,0.3482504540530641,0.0,0.0,0.9187591990023184,,,EXPLORE
185,62,,,0,0,0,0,common,1.0,0.039014160572706236,0.20989464741695824,0.2554795660089567,0.0,0.0,0.9193287836280568,,,EXPLORE
186,62,,,0,0,0,0,common,0.0,0.974640795627741,0.20203061567776323,0.4712279348945919,0.0,0.0,0.9198848592499209,,,EXPLORE
187,62,,,0,0,0,0,common,1.0,0.3664834828419683,0.4627449084950046,0.43980459927880483,0.0,0.0,0.9204278737273788,,,EXPLORE
188,62,,,0,0,0,0,common,1.0,0.2382142638472794,0.3511737859558984,0.3793274986493472,0.0,0.0,0.9209582554145264,,,EXPLORE
189,62,,,0,0,0,0,common,0.0,0.8451607284992684,0.28616544716057496,0.5190774676043235,0.0,0.0,0.9178646598093428,,,EXPLORE
190,62,,,0,1,1,0,common,0.0,0.24477104215462986,0.5371285463558991,0.4367855399694154,0.0,0.0,0.918455727065593,,,EXPLORE
191,62,,,0,1,1,0,common,0.0,0.1591011774005094,0.4613947781524346,0.3534802311987436,0.0,0.0,0.919032563158584,,,EXPLORE
192,62,,,0,1,1,0,common,0.0,0.10341576531033111,0.41187361598793343,0.27846089143221986,0.0,0.0,0.9195956478410872,,,EXPLORE
193,62,,,0,0,0,0,common,1.0,0.4506455264754755,0.38047528036107503,0.33011628194519654,0.0,0.0,0.9201454396181009,,,EXPLORE
194,62,,,0,0,0,0,common,1.0,0.29291959220905905,0.2582570120664677,0.3189572750243553,0.0,0.0,0.9206823769108965,,,EXPLORE
195,62,,,0,0,0,0,common,0.0,0.8096022650641116,0.19503088951607828,0.4661507720362822,0.0,0.0,0.9212068791453623,,,EXPLORE
196,62,,,0,0,0,0,common,0.0,0.5262414722916726,0.4004266851155538,0.4841779821128993,0.0,0.0,0.9217193477703252,,,EXPLORE
197,62,,,0,0,0,0,common,1.0,0.6579430430104127,0.5621838119307829,0.5363075003821534,0.0,0.0,0.9186780509557627,,,EXPLORE
198,62,,,0,1,1,0,common,1.0,0.9327797525482848,0.3610476485874161,0.6552491760319927,0.0,0.0,0.915425072396168,,,EXPLORE
199,62,,,0,0,0,0,common,1.0,0.42766297795676833,0.6331746118084873,0.5869733166094253,0.0,0.0,0.9119376973653376,,,EXPLORE
200,62,,,0,0,0,0,common,0.0,0.7220190643281006,0.5165085574796086,0.6274870409250278,0.0,0.0,0.9081898408675528,,,EXPLORE
201,62,,,0,1,1,0,common,0.0,0.3936931608436149,0.6818401217077059,0.5573488769006039,0.0,0.0,0.9041513984768597,,,EXPLORE
202,62,,,0,0,0,0,common,1.0,0.5306876081867347,0.609731731810268,0.5493504962864431,0.0,0.0,0.8997874411197528,,,EXPLORE
203,62,,,0,0,0,0,common,1.0,0.3449469453213775,0.45342945235324417,0.48802943099692336,0.0,0.0,0.9008821617001624,,,EXPLORE
204,62,,,0,1,1,0,common,0.0,0.2559005545483497,0.3488127530424721,0.41839076806235126,0.0,0.0,0.9019426272837293,,,EXPLORE
205,62,,,0,0,0,0,common,1.0,0.22421551445889532,0.2795881618820379,0.36013819198131447,0.0,0.0,0.9029703698103587,,,EXPLORE
206,62,,,0,0,0,0,common,1.0,0.1457400843982819,0.2269422422985699,0.29581875970640464,0.0,0.0,0.9039668313205743,,,EXPLORE
207,62,,,0,0,0,0,common,1.0,0.09473105485888322,0.19694046075097169,0.2354924482521482,0.0,0.0,0.9049333704559989,,,EXPLORE
208,62,,,0,0,0,0,common,1.0,0.061575185658274134,0.1791902957906138,0.18331726947398597,0.0,0.0,0.9058712684038183,,,EXPLORE
209,62,,,0,0,0,0,common,1.0,0.04002387067787816,0.16837059997791548,0.14032924983515363,0.0,0.0,0.906781734339935,,,EXPLOIT
210,62,,,0,0,0,0,common,1.0,0.026015515940620793,0.16163338682520967,0.10603512966679378,0.0,0.0,0.9076659104194494,,,EXPLOIT
211,62,,,0,0,0,0,common,1.0,0.016910085361403482,0.15737672178919948,0.07929761637517668,0.0,0.0,0.9085248763577893,,,EXPLOIT
212,62,,,0,0,0,0,common,1.0,0.010991555484912263,0.1546609707822929,0.05880579810809736,0.0,0.0,0.9093596536411322,,,EXPLOIT
213,62,,,0,0,0,0,common,1.0,0.007144511065192982,0.15291712068451202,0.043307411995226044,0.0,0.0,0.9101712094006525,,,EXPLOIT
214,62,,,0,0,0,0,common,0.0,0.9953560678076245,0.15179260042629494,0.3289220087389456,0.0,0.0,0.9109604599814982,,,EXPLOIT
215,62,,,0,0,0,0,common,0.0,0.646981444074956,0.3817481618551818,0.4243398393397487,0.0,0.0,0.9117282742341938,,,EXPLORE
216,62,,,0,0,0,0,common,0.0,0.42053793864872135,0.5788832300118749,0.42319926913244044,0.0,0.0,0.912475476553335,,,EXPLORE
217,62,,,0,1,1,0,common,0.0,0.16633536045642733,0.6707571820527505,0.3461400965296365,0.0,0.0,0.9132028496859256,,,EXPLORE
218,62,,,0,0,0,0,common,0.0,0.2733496601216689,0.6413873702696345,0.3243029656072462,0.0,0.0,0.9139111373294725,,,EXPLORE
219,62,,,0,1,1,0,common,0.0,0.10811798429667777,0.683563034600303,0.25944747121407563,0.0,0.0,0.9146010465379801,,,EXPLORE
220,62,,,0,0,0,0,common,1.0,0.8223227209209152,0.670598917772742,0.42831004612612744,0.0,0.0,0.9152732499522092,,,EXPLORE
221,62,,,0,0,0,0,common,0.0,0.4654902314014051,0.45695417947171146,0.43946410170871075,0.0,0.0,0.9159283878689983,,,EXPLORE
222,62,,,0,1,1,0,common,0.0,0.07027668979284055,0.5958513944458745,0.32870787813394964,0.0,0.0,0.9165670701630318,,,EXPLORE
223,62,,,0,0,0,0,common,0.0,0.3025686504109133,0.5767460332719635,0.3208661098170387,0.0,0.0,0.9171898780731911,,,EXPLORE
224,62,,,0,0,0,0,common,0.0,0.19666962276709365,0.6495492213428036,0.2836071637020552,0.0,0.0,0.917797365864484,,,EXPLORE
225,62,,,0,0,0,0,common,1.0,0.8721647452013891,0.6798282206168123,0.4601744381518553,0.0,0.0,0.9183900623755561,,,EXPLORE
226,62,,,0,1,1,0,common,0.0,0.04567984836534636,0.4639380269964643,0.33582606121590264,0.0,0.0,0.918968472460862,,,EXPLORE
227,62,,,0,1,1,0,common,0.0,0.029691901437475136,0.44963002747334,0.24398581328237437,0.0,0.0,0.9195330783357728,,,EXPLORE
228,62,,,0,0,0,0,common,1.0,0.566907084380903,0.4403508935188954,0.3408621946119329,0.0,0.0,0.9200843408321552,,,EXPLORE
229,62,,,0,0,0,0,common,1.0,0.36848960484758697,0.2776033772329116,0.3491504176826291,0.0,0.0,0.9206227005712978,,,EXPLORE
230,62,,,0,0,0,0,common,1.0,0.2395182431509315,0.19569370259460217,0.3162607653231198,0.0,0.0,0.9211485790604648,,,EXPLORE
231,62,,,0,0,0,0,common,1.0,0.15568685804810545,0.15359811262324377,0.2680885931406155,0.0,0.0,0.9216623797188135,,,EXPLORE
232,62,,,0,0,0,0,common,1.0,0.10119645773126851,0.13055973625714212,0.2180209525178114,0.0,0.0,0.922164488837932,,,EXPLORE
233,62,,,0,0,0,0,common,1.0,0.06577769752532459,0.11725301387643024,0.17234797602006532,0.0,0.0,0.9226552764818029,,,EXPLORE
234,62,,,0,0,0,0,common,1.0,0.04275550339146095,0.10926092365799578,0.13347023423148402,0.0,0.0,0.9231350973306047,,,EXPLOIT
235,62,,,0,0,0,0,common,1.0,0.02779107720444962,0.10433044442847803,0.10176648712337369,0.0,0.0,0.9236042914723985,,,EXPLOIT
236,62,,,0,0,0,0,common,1.0,0.01806420018289223,0.10123366835791828,0.07665580104122925,0.0,0.0,0.9240631851464172,,,EXPLOIT
237,62,,,0,0,0,0,common,0.0,0.9882582698811201,0.0992654051882898,0.35013654169319647,0.0,0.0,0.92451209144137,,,EXPLOIT
238,62,,,0,0,0,0,common,1.0,0.357632124577272,0.2698918345265904,0.3523852165584191,0.0,0.0,0.9249513109519137,,,EXPLORE
239,62,,,0,0,0,0,common,1.0,0.23246088097522677,0.19182135919534277,0.3164079158834614,0.0,0.0,0.9253811323961787,,,EXPLORE
240,62,,,0,1,1,0,common,1.0,0.9807002640656411,0.1515327868763379,0.5156956203381153,0.0,0.0,0.9225851717258922,,,EXPLORE
241,62,,,0,1,1,0,common,0.0,0.36254482835733326,0.376873977420578,0.4697503827438807,0.0,0.0,0.9230665530689491,,,EXPLORE
242,62,,,0,0,0,0,common,1.0,0.1510995726338974,0.27686148174427194,0.3741551397108857,0.0,0.0,0.9235372595233818,,,EXPLORE
243,62,,,0,0,0,0,common,1.0,0.09821472221203331,0.24077408879296824,0.29137301446123,0.0,0.0,0.9239976192818163,,,EXPLORE
244,62,,,0,0,0,0,common,1.0,0.06383956943782165,0.21923426087825829,0.22311298095420748,0.0,0.0,0.9244479472882887,,,EXPLORE
245,62,,,0,1,1,0,common,0.0,0.23565413843226662,0.20604382229078724,0.2268753281976252,0.0,0.0,0.9248885459005629,,,EXPLORE
246,62,,,0,0,0,0,common,1.0,0.041495720134584024,0.16273332200903173,0.17126144577871283,0.0,0.0,0.9253197055131058,,,EXPLORE
247,62,,,0,0,0,0,common,1.0,0.026972218087479627,0.15595017890959317,0.12797467747134286,0.0,0.0,0.9257417051434167,,,EXPLOIT
248,62,,,0,0,0,0,common,1.0,0.01753194175686179,0.1516706342226149,0.09484185675699854,0.0,0.0,0.926154812984202,,,EXPLOIT
249,62,,,0,0,0,0,common,1.0,0.011395762141960142,0.1489428465870996,0.06980802837248702,0.0,0.0,0.9265592869236945,,,EXPLOIT
250,62,,,0,0,0,0,common,1.0,0.007407245392274109,0.14719233988172864,0.05108779347842315,0.0,0.0,0.9269553750362403,,,EXPLOIT
251,62,,,0,0,0,0,common,1.0,0.0048147095049781985,0.14606397756989228,0.03720586828638966,0.0,0.0,0.9273433160451163,,,EXPLOIT
252,62,,,0,0,0,0,common,1.0,0.003129561178235818,0.1453345245633344,0.026982976153943503,0.0,0.0,0.9277233397593977,,,EXPLOIT
253,62,,,0,0,0,0,common,1.0,0.002034214765853304,0.14486205792793289,0.01949834773751644,0.0,0.0,0.9280956674865526,,,EXPLOIT
254,62,,,0,0,0,0,common,0.0,0.9986777604021954,0.14455566217455712,0.3132521715369201,0.0,0.0,0.9284605124223274,,,EXPLOIT
255,62,,,0,1,1,0,common,1.0,0.8468248100190268,0.36872984574740164,0.4733239630815521,0.0,0.0,0.928818080019365,,,EXPLORE
256,62,,,0,0,0,0,common,0.0,0.649140544261427,0.6194106407414748,0.5260689374355145,0.0,0.0,0.9262429505890429,,,EXPLORE
257,62,,,0,0,0,0,common,1.0,0.5780586462300724,0.6916234987121104,0.5416658500738818,0.0,0.0,0.9235032209492569,,,EXPLORE
258,62,,,0,0,0,0,common,1.0,0.3757381200495471,0.6356419608294742,0.49188753106658134,0.0,0.0,0.9239643258823007,,,EXPLORE
259,62,,,0,0,0,0,common,1.0,0.24422977803220558,0.5357341997713795,0.4175902051562686,0.0,0.0,0.9244153764855454,,,EXPLORE
260,62,,,0,0,0,0,common,1.0,0.15874935572093363,0.4601113119657829,0.3399379503256681,0.0,0.0,0.924856676014833,,,EXPLORE
261,62,,,0,0,0,0,common,1.0,0.10318708121860687,0.4107227114594658,0.2689126895935497,0.0,0.0,0.9252885157184615,,,EXPLORE
262,62,,,0,0,0,0,common,1.0,0.06707160279209445,0.37942424693339594,0.2083603635531131,0.0,0.0,0.9257111754261063,,,EXPLORE
263,62,,,0,0,0,0,common,1.0,0.04359654181486139,0.3596097891558073,0.1589312170316376,0.0,0.0,0.92612492410341,,,EXPLORE
264,62,,,0,0,0,0,common,1.0,0.028337752179659947,0.3469960217677032,0.11975317757604428,0.0,0.0,0.9265300203745551,,,EXPLORE
265,62,,,0,0,0,0,common,1.0,0.018419538916778944,0.33891906738718036,0.08935308597826468,0.0,0.0,0.9269267130149553,,,EXPLORE
266,62,,,0,1,1,0,common,0.0,0.44956387348763266,0.3337229743397828,0.19741632223107508,0.0,0.0,0.9273152414160392,,,EXPLORE
267,62,,,0,0,0,0,common,1.0,0.011972700295906358,0.2220871716405129,0.14178323565052445,0.0,0.0,0.9276958360239536,,,EXPLORE
268,62,,,0,0,0,0,common,0.0,0.9922177448076609,0.2195397759677458,0.39691358839766533,0.0,0.0,0.92806871875388,,,EXPLOIT
269,62,,,0,1,1,0,common,0.0,0.2922165177669612,0.4949370080405646,0.3655044672084541,0.0,0.0,0.928434103381527,,,EXPLORE
270,62,,,0,0,0,0,common,0.0,0.6449415341249796,0.40393377093036065,0.4493355872834117,0.0,0.0,0.9287921959132566,,,EXPLORE
271,62,,,0,0,0,0,common,1.0,0.5807880028187633,0.59812101471441,0.48877131194401713,0.0,0.0,0.9291431949361898,,,EXPLORE
272,62,,,0,0,0,0,common,1.0,0.37751220183219614,0.423685295755782,0.45539357891047083,0.0,0.0,0.9294872919495443,,,EXPLORE
273,62,,,0,0,0,0,common,0.0,0.7546170688090725,0.31305600938518285,0.5451606258800513,0.0,0.0,0.9269541004891642,,,EXPLORE
274,62,,,0,0,0,0,common,1.0,0.5094989052741028,0.5405740823416575,0.5344621096982667,0.0,0.0,0.9242603387884016,,,EXPLORE
275,62,,,0,0,0,0,common,1.0,0.3311742884281669,0.38325672440086767,0.47347576331723673,0.0,0.0,0.9247049806388306,,,EXPLORE
276,62,,,0,1,1,0,common,0.0,0.1899407365485248,0.29027670987387433,0.38841525528662313,0.0,0.0,0.9251400631531566,,,EXPLORE
277,62,,,0,1,1,0,common,0.0,0.12346147875654113,0.2439390810146419,0.3089291223275985,0.0,0.0,0.9255658700497921,,,EXPLORE
278,62,,,0,0,0,0,common,1.0,0.21526328747830847,0.2168378806450224,0.2808293718728115,0.0,0.0,0.9259826739948516,,,EXPLORE
279,62,,,0,0,0,0,common,1.0,0.13992113686090057,0.17524061082315645,0.23855690136923818,0.0,0.0,0.926390737135559,,,EXPLORE
280,62,,,0,0,0,0,common,1.0,0.09094873895958533,0.15189098647909394,0.19427445264634233,0.0,0.0,0.9267903116030507,,,EXPLORE
281,62,,,0,0,0,0,common,1.0,0.05911668032373041,0.1381747949135133,0.15372712094955873,0.0,0.0,0.9271816399866097,,,EXPLORE
282,62,,,0,1,1,0,common,0.0,0.08024996119175173,0.129844843875297,0.13168397302221663,0.0,0.0,0.9275649557811989,,,EXPLOIT
283,62,,,0,0,0,0,common,0.0,0.9615741577895752,0.1192414215031262,0.38065102845242416,0.0,0.0,0.9279404838100364,,,EXPLOIT
284,62,,,0,1,1,0,common,0.0,0.05216247477463863,0.3067609385190372,0.2821044623490885,0.0,0.0,0.9283084406238205,,,EXPLORE
285,62,,,0,1,1,0,common,1.0,0.9660943913964849,0.29300092284118706,0.48730144106330736,0.0,0.0,0.9286690348780949,,,EXPLORE
286,62,,,0,0,0,0,common,1.0,0.37497679743677614,0.5798484360450551,0.453604047975348,0.0,0.0,0.9290224676901393,,,EXPLORE
287,62,,,0,1,1,0,common,0.0,0.3720386455922848,0.4667915981782269,0.429134427260429,0.0,0.0,0.9293689329766689,,,EXPLORE
288,62,,,0,0,0,0,common,1.0,0.24373491833390448,0.35329922671998576,0.3735145745824716,0.0,0.0,0.9297086177735362,,,EXPLORE
289,62,,,0,0,0,0,common,1.0,0.15842769691703795,0.28663573640503853,0.30898851128284155,0.0,0.0,0.9300417025385446,,,EXPLORE
290,62,,,0,0,0,0,common,1.0,0.10297800299607462,0.24794343873064617,0.24718535879681147,0.0,0.0,0.9303683614384051,,,EXPLORE
291,62,,,0,0,0,0,common,1.0,0.06693570194744847,0.22489191956643545,0.19311046174200258,0.0,0.0,0.9306887626207966,,,EXPLORE
292,62,,,0,1,1,0,common,0.0,0.24182511963498513,0.21080113827206864,0.20772485910989733,0.0,0.0,0.9310030684724252,,,EXPLORE
293,62,,,0,0,0,0,common,1.0,0.04350820626584151,0.16561847684818498,0.15845986325668057,0.0,0.0,0.9313114358639135,,,EXPLORE
294,62,,,0,0,0,0,common,1.0,0.028280334072796953,0.15840629208393278,0.11940600450151548,0.0,0.0,0.9316140163823006,,,EXPLOIT
295,62,,,0,0,0,0,common,1.0,0.018382217147318025,0.15386182505467064,0.08909886829525623,0.0,0.0,0.931910956551875,,,EXPLOIT
296,62,,,0,0,0,0,common,0.0,0.9880515588542433,0.15096762776264244,0.35878467546295234,0.0,0.0,0.9322023980440195,,,EXPLOIT
297,62,,,0,1,1,0,common,0.0,0.15718632776274033,0.3779886901857349,0.29830517115288874,0.0,0.0,0.9324884778767016,,,EXPLORE
298,62,,,0,0,0,0,common,1.0,0.3577664867447419,0.33244094497497784,0.3161435658304447,0.0,0.0,0.932769328604197,,,EXPLORE
299,62,,,0,0,0,0,common,1.0,0.23254821638408218,0.2413262244125134,0.2910649609965359,0.0,0.0,0.9330450784976037,,,EXPLORE
300,62,,,0,0,0,0,common,0.0,0.8488436593503466,0.19267572089171597,0.45839857050267907,0.0,0.0,0.933315851716661,,,EXPLORE
301,62,,,0,1,1,0,common,0.0,0.10217111304578122,0.4086800835597115,0.3515303332656097,0.0,0.0,0.9335817684733608,,,EXPLORE
302,62,,,0,1,1,0,common,0.0,0.0664112234797578,0.37774153044794984,0.2659946003298541,0.0,0.0,0.9338429451878026,,,EXPLORE
303,62,,,0,1,1,0,common,0.0,0.04316729526184257,0.3581590893094372,0.19914640880945064,0.0,0.0,0.9340994946367185,,,EXPLORE
304,62,,,0,1,1,0,common,0.0,0.028058741920197673,0.34569352992051033,0.14782010874267473,0.0,0.0,0.9343515260950686,,,EXPLORE
305,62,,,0,1,1,0,common,0.0,0.01823818224812849,0.33771139403577766,0.10894553079431085,0.0,0.0,0.9345991454710787,,,EXPLORE
306,62,,,0,1,1,0,common,0.0,0.011854818461283518,0.33257619050035564,0.07981831709440264,0.0,0.0,0.9348424554350755,,,EXPLORE
307,62,,,0,0,0,0,common,1.0,0.4482516214222747,0.32926135665548706,0.19034830839276426,0.0,0.0,0.935081555542444,,,EXPLOIT
308,62,,,0,0,0,0,common,1.0,0.29136355392447855,0.21897771880572076,0.22065288205227854,0.0,0.0,0.9353165423510228,,,EXPLORE
309,62,,,0,0,0,0,common,1.0,0.189386310050911,0.1638878298923102,0.21127291045186825,0.0,0.0,0.9355475095332255,,,EXPLORE
310,62,,,0,0,0,0,common,1.0,0.12310110153309217,0.13467396683130595,0.18482136777623542,0.0,0.0,0.9357745479831634,,,EXPLORE
311,62,,,0,0,0,0,common,0.0,0.9199842840034901,0.11820328402643206,0.4053702426444118,0.0,0.0,0.9359977459190276,,,EXPLORE
312,62,,,0,1,1,0,common,0.0,0.007705631999834287,0.2936204376414768,0.2860708594510385,0.0,0.0,0.9362171889809734,,,EXPLORE
313,62,,,0,0,0,0,common,1.0,0.4020102153977314,0.29161874866017323,0.3208526662350464,0.0,0.0,0.9364329603247364,,,EXPLORE
314,62,,,0,0,0,0,common,1.0,0.26130664000852544,0.199875608383851,0.30298885836709005,0.0,0.0,0.9366451407111952,,,EXPLORE
315,62,,,0,0,0,0,common,1.0,0.16984931600554154,0.15353988125776713,0.2630469956586255,0.0,0.0,0.9368538085920832,,,EXPLORE
316,62,,,0,1,1,0,common,0.0,0.005008660799892286,0.1285711671726157,0.1856354952010055,0.0,0.0,0.9370590401920442,,,EXPLORE
317,62,,,0,0,0,0,common,1.0,0.11040205540360204,0.12789184833718387,0.16306546326178445,0.0,0.0,0.9372609095872088,,,EXPLOIT
318,62,,,0,0,0,0,common,1.0,0.07176133601234136,0.11369873700399072,0.1356742250869515,0.0,0.0,0.937459488780465,,,EXPLOIT
319,62,,,0,0,0,0,common,1.0,0.046644868408021845,0.10524068049027087,0.1089654180832726,0.0,0.0,0.9375,,,EXPLOIT
320,62,,,0,0,0,0,common,1.0,0.03031916446521421,0.10004987976184823,0.08537154199785509,0.0,0.0,0.9375,,,EXPLOIT
321,62,,,0,0,0,0,common,1.0,0.019707456902389286,0.09680079430260122,0.06567231646921534,0.0,0.0,0.9375,,,EXPLOIT
322,62,,,0,0,0,0,common,1.0,0.012809846986553075,0.09474037803577481,0.04981357562441666,0.0,0.0,0.9375,,,EXPLOIT
323,62,,,0,0,0,0,common,1.0,0.008326400541259549,0.09342250772897906,0.03736742309946953,0.0,0.0,0.9375,,,EXPLOIT
324,62,,,0,0,0,0,common,1.0,0.0054121603518186845,0.09257483683486847,0.02778084427517427,0.0,0.0,0.9375,,,EXPLOIT
325,62,,,0,0,0,0,common,1.0,0.003517904228682145,0.09202760342566066,0.020501962261226633,0.0,0.0,0.9375,,,EXPLOIT
326,62,,,0,0,0,0,common,1.0,0.00228663774864335,0.09167347994828985,0.015037364907451648,0.0,0.0,0.9375,,,EXPLOIT
327,62,,,0,0,0,0,common,0.0,0.9985136854633818,0.09144396450126088,0.3100802610742307,0.0,0.0,0.9375,,,EXPLOIT
328,62,,,0,1,1,0,common,0.0,0.0032556295199299857,0.25424167865692165,0.21803287160794046,0.0,0.0,0.9375,,,EXPLORE
329,62,,,0,0,0,0,common,1.0,0.3509661044488017,0.2534736898646241,0.2579128414601988,0.0,0.0,0.9375,,,EXPLORE
330,62,,,0,0,0,0,common,1.0,0.22812796789172118,0.1803954292783815,0.24897737938965553,0.0,0.0,0.9375,,,EXPLORE
331,62,,,0,1,1,0,common,0.0,0.0021161591879544908,0.14280286933953712,0.1749190133291452,0.0,0.0,0.9375,,,EXPLORE
332,62,,,0,0,0,0,common,1.0,0.14828317912961875,0.1424880423464434,0.16692826306928724,0.0,0.0,0.9375,,,EXPLOIT
333,62,,,0,0,0,0,common,1.0,0.09638406643425224,0.1218735149955006,0.14576500407877674,0.0,0.0,0.9375,,,EXPLORE
334,62,,,0,0,0,0,common,1.0,0.06264964318226396,0.10992525894343226,0.1208303958098229,0.0,0.0,0.9375,,,EXPLOIT
335,62,,,0,0,0,0,common,1.0,0.04072226806847157,0.1027303125436944,0.0967979574874175,0.0,0.0,0.9375,,,EXPLOIT
336,62,,,0,0,0,0,common,0.0,0.9735305257554935,0.09828349876541644,0.3598177279678403,0.0,0.0,0.9375,,,EXPLOIT
337,62,,,0,0,0,0,common,1.0,0.3672051582589293,0.26406093703373923,0.36203395705516694,0.0,0.0,0.9375,,,EXPLORE
338,62,,,0,0,0,0,common,1.0,0.2386833528683041,0.18553676710940287,0.3250287757991081,0.0,0.0,0.9375,,,EXPLORE
339,62,,,0,0,0,0,common,0.0,0.8448558206356023,0.14542738819893133,0.4809768892500563,0.0,0.0,0.9375,,,EXPLORE
340,62,,,0,0,0,0,common,1.0,0.4508437165868585,0.326290805174583,0.471936937451097,0.0,0.0,0.9375,,,EXPLORE
341,62,,,0,0,0,0,common,1.0,0.293048415781458,0.21618559164262063,0.41827038095020524,0.0,0.0,0.9375,,,EXPLORE
342,62,,,0,0,0,0,common,1.0,0.1904814702579477,0.1614000340712868,0.34993370774252797,0.0,0.0,0.9375,,,EXPLORE
343,62,,,0,1,1,0,common,0.0,0.001375503472170419,0.13241831551053704,0.24536624646142066,0.0,0.0,0.9375,,,EXPLORE
344,62,,,0,0,0,0,common,0.0,0.876187044332334,0.13222656933948262,0.4346124858226946,0.0,0.0,0.9375,,,EXPLOIT
345,62,,,0,1,1,0,common,0.0,0.0008940772569107725,0.31000732409796905,0.3044969632529595,0.0,0.0,0.9375,,,EXPLORE
346,62,,,0,0,0,0,common,1.0,0.43047842118398294,0.309766637791426,0.3422914006322665,0.0,0.0,0.9375,,,EXPLORE
347,62,,,0,0,0,0,common,1.0,0.27981097376958886,0.2079184999920344,0.32354727257346316,0.0,0.0,0.9375,,,EXPLORE
348,62,,,0,0,0,0,common,1.0,0.18187713295023278,0.15701321819105918,0.28104623068649404,0.0,0.0,0.9375,,,EXPLORE
349,62,,,0,0,0,0,common,1.0,0.11822013641765128,0.12989401290143202,0.2321984024058412,0.0,0.0,0.9375,,,EXPLORE
350,62,,,0,0,0,0,common,1.0,0.07684308867147338,0.11454038226659416,0.18559180828553085,0.0,0.0,0.9375,,,EXPLORE
351,62,,,0,0,0,0,common,1.0,0.04994800763645768,0.1054453165480228,0.1448986680908089,0.0,0.0,0.9375,,,EXPLOIT
352,62,,,0,0,0,0,common,1.0,0.032466204963697454,0.0998860927291307,0.11116892915267547,0.0,0.0,0.9375,,,EXPLOIT
353,62,,,0,0,0,0,common,0.0,0.9788969667735966,0.09641573086364517,0.3714873404389518,0.0,0.0,0.9375,,,EXPLOIT
354,62,,,0,0,0,0,common,1.0,0.3637169715971622,0.26110496893651536,0.36915622978641494,0.0,0.0,0.9375,,,EXPLORE
355,62,,,0,0,0,0,common,1.0,0.23641603153815538,0.18392029537970395,0.329334170311937,0.0,0.0,0.9375,,,EXPLORE
356,62,,,0,0,0,0,common,1.0,0.15367042049980095,0.14444998711505802,0.2766350453682962,0.0,0.0,0.9375,,,EXPLORE
357,62,,,0,0,0,0,common,1.0,0.09988577332487059,0.1228804523073563,0.2236102637552685,0.0,0.0,0.9375,,,EXPLORE
358,62,,,0,1,1,0,common,0.0,0.0005811502169920022,0.11042734362001597,0.15670152969378554,0.0,0.0,0.9375,,,EXPLORE
359,62,,,0,0,0,0,common,0.0,0.9350742473388342,0.11035830082919063,0.3902133449873001,0.0,0.0,0.9375,,,EXPLOIT
360,62,,,0,0,0,0,common,1.0,0.39220173922975776,0.28105218682958566,0.39080986326003736,0.0,0.0,0.9375,,,EXPLORE
361,62,,,0,0,0,0,common,1.0,0.2549311304993426,0.19376052002555602,0.3500462434318289,0.0,0.0,0.9375,,,EXPLORE
362,62,,,0,0,0,0,common,0.0,0.8342947651754273,0.14961109084518953,0.4953207999549084,0.0,0.0,0.9375,,,EXPLORE
363,62,,,0,1,1,0,common,0.0,0.00037774764104480144,0.33095986653466214,0.3468378842607493,0.0,0.0,0.9375,,,EXPLORE
364,62,,,0,0,0,0,common,0.0,0.5422915973640278,0.3308542423897729,0.4054739981917328,0.0,0.0,0.9375,,,EXPLORE
365,62,,,0,1,1,0,common,0.0,0.00024553596667912093,0.49536490386245957,0.2839054595242167,0.0,0.0,0.9375,,,EXPLORE
366,62,,,0,0,0,0,common,1.0,0.647510461713382,0.49528846248831004,0.39298696018096624,0.0,0.0,0.9375,,,EXPLORE
367,62,,,0,1,1,0,common,0.0,0.0001595983783414286,0.3021212290877153,0.27513875164017876,0.0,0.0,0.9375,,,EXPLORE
368,62,,,0,1,1,0,common,1.0,0.999896261054078,0.30207892857732704,0.4925660044643485,0.0,0.0,0.9375,,,EXPLORE
369,62,,,0,0,0,0,common,1.0,0.42088180011369825,0.5982859789643373,0.4710607431591534,0.0,0.0,0.9375,,,EXPLORE
370,62,,,0,0,0,0,common,1.0,0.2735731700739039,0.4738349659172003,0.41181447123357856,0.0,0.0,0.9375,,,EXPLORE
371,62,,,0,0,0,0,common,1.0,0.17782256054803758,0.3890817844320319,0.3416168980279162,0.0,0.0,0.9375,,,EXPLORE
372,62,,,0,1,1,0,common,1.0,0.6499325696851508,0.33703506343425016,0.4341115995250866,0.0,0.0,0.9375,,,EXPLORE
373,62,,,0,0,0,0,common,1.0,0.11558466435622439,0.5351620111280337,0.3385535189744279,0.0,0.0,0.9375,,,EXPLORE
374,62,,,0,0,0,0,common,1.0,0.07513003183154587,0.4997346201105598,0.25952647283156327,0.0,0.0,0.9375,,,EXPLORE
375,62,,,0,0,0,0,common,1.0,0.04883452069050487,0.47628490810912494,0.19631888718924576,0.0,0.0,0.9375,,,EXPLORE
376,62,,,0,0,0,0,common,1.0,0.03174243844882818,0.4609825141882122,0.14694595256712045,0.0,0.0,0.9375,,,EXPLORE
377,62,,,0,1,1,0,common,0.0,0.577543829704652,0.45104039070214985,0.27612531570837995,0.0,0.0,0.9375,,,EXPLORE
378,62,,,0,0,0,0,common,1.0,0.020632584991738367,0.2835584506839093,0.19947749649338745,0.0,0.0,0.9375,,,EXPLORE
379,62,,,0,0,0,0,common,1.0,0.01341118024462995,0.2783392043353218,0.1436576016187602,0.0,0.0,0.9375,,,EXPLORE
380,62,,,0,1,1,0,common,1.0,0.6245965106919762,0.2749813113362219,0.28793927434072497,0.0,0.0,0.9375,,,EXPLORE
381,62,,,0,0,0,0,common,1.0,0.008717267159009445,0.45511334946625326,0.20417267218621032,0.0,0.0,0.9375,,,EXPLORE
382,62,,,0,0,0,0,common,1.0,0.005666223653356117,0.4523837463464695,0.14462073762635405,0.0,0.0,0.9375,,,EXPLORE
383,62,,,0,0,0,0,common,0.0,0.9963169546253186,0.45061019978228384,0.40012960272604337,0.0,0.0,0.9375,,,EXPLORE
384,62,,,0,0,0,0,common,1.0,0.3523939794935429,0.6874354322717244,0.38580891575629317,0.0,0.0,0.9375,,,EXPLORE
385,62,,,0,0,0,0,common,1.0,0.2290560866708029,0.6342504060351142,0.33878306703064603,0.0,0.0,0.9375,,,EXPLORE
386,62,,,0,0,0,0,common,1.0,0.14888645633602193,0.5765764912112558,0.28181408382225875,0.0,0.0,0.9375,,,EXPLORE
387,62,,,0,1,1,0,common,0.0,0.5940122680502155,0.5331458296351976,0.37547353909064574,0.0,0.0,0.9375,,,EXPLORE
388,62,,,0,0,0,0,common,1.0,0.0967761966184143,0.351090428652023,0.29186433634897624,0.0,0.0,0.9375,,,EXPLORE
389,62,,,0,0,0,0,common,1.0,0.06290452780196931,0.3237545661085189,0.22317639378487414,0.0,0.0,0.9375,,,EXPLORE
390,62,,,0,0,0,0,common,0.0,0.9591120569287199,0.306651365503107,0.44395709272802786,0.0,0.0,0.9375,,,EXPLORE
391,62,,,0,0,0,0,common,1.0,0.37657716299633204,0.5920384393876247,0.4237431138085191,0.0,0.0,0.9375,,,EXPLORE
392,62,,,0,0,0,0,common,1.0,0.2447751559476159,0.4803139366159559,0.3700527264502481,0.0,0.0,0.9375,,,EXPLORE
393,62,,,0,0,0,0,common,1.0,0.1591038513659504,0.4041195197051173,0.3067680639249588,0.0,0.0,0.9375,,,EXPLORE
394,62,,,0,0,0,0,common,1.0,0.10341750338786782,0.35658499597877674,0.24576289576383148,0.0,0.0,0.9375,,,EXPLORE
395,62,,,0,0,0,0,common,0.0,0.9327786227978859,0.32717143181145325,0.4518676138740478,0.0,0.0,0.9375,,,EXPLORE
396,62,,,0,1,1,0,common,0.0,0.3861079742326401,0.6048279813964521,0.4321397219816255,0.0,0.0,0.9375,,,EXPLORE
397,62,,,0,0,0,0,common,1.0,0.3936938951813742,0.4926130070081217,0.4206059739415501,0.0,0.0,0.9375,,,EXPLORE
398,62,,,0,0,0,0,common,1.0,0.25590103186789326,0.37112578276364155,0.371194491319453,0.0,0.0,0.9375,,,EXPLORE
399,62,,,0,0,0,0,common,1.0,0.16633567071413058,0.2993005340827275,0.30973684513785626,0.0,0.0,0.9375,,,EXPLORE
400,62,,,0,0,0,0,common,1.0,0.10811818596418488,0.25754035144212584,0.24925124738575485,0.0,0.0,0.9375,,,EXPLORE
401,62,,,0,0,0,0,common,1.0,0.07027682087672016,0.23268894357240424,0.19555891943304443,0.0,0.0,0.9375,,,EXPLORE
402,62,,,0,0,0,0,common,0.0,0.9543200664301319,0.21752025138264944,0.4231872635321707,0.0,0.0,0.9375,,,EXPLORE
403,62,,,0,0,0,0,common,0.0,0.6203080431795858,0.48011636059082496,0.48232349742639513,0.0,0.0,0.9375,,,EXPLORE
404,62,,,0,0,0,0,common,1.0,0.5967997719332693,0.6488621993624111,0.5166663797784574,0.0,0.0,0.935442220787605,,,EXPLORE
405,62,,,0,1,1,0,common,0.0,0.25097018325121606,0.4874657708014864,0.436957520820285,0.0,0.0,0.9356710474683342,,,EXPLORE
406,62,,,0,0,0,0,common,1.0,0.387919851756625,0.40923052315131453,0.42224622010118695,0.0,0.0,0.9358959935572909,,,EXPLORE
407,62,,,0,1,1,0,common,0.0,0.16313061911329046,0.297776623376859,0.34451153980481797,0.0,0.0,0.9361171458634864,,,EXPLORE
408,62,,,0,0,0,0,common,0.0,0.7478520963581937,0.25692426503430904,0.4655137067708307,0.0,0.0,0.9363345886691518,,,EXPLORE
409,62,,,0,0,0,0,common,1.0,0.513896137367174,0.4705142389260487,0.48002843594973366,0.0,0.0,0.9365484038211317,,,EXPLORE
410,62,,,0,0,0,0,common,1.0,0.33403248928866314,0.31673970179662714,0.4362296519514125,0.0,0.0,0.9367586708183354,,,EXPLORE
411,62,,,0,1,1,0,common,1.0,0.8939650975763612,0.23389866847177218,0.5735502856388971,0.0,0.0,0.9346589718213075,,,EXPLORE
412,62,,,0,0,0,0,common,1.0,0.217121118037631,0.48492513987969127,0.46662153535851725,0.0,0.0,0.9349012443864102,,,EXPLORE
413,62,,,0,0,0,0,common,1.0,0.1411287267244602,0.417146300263715,0.3689736927683001,0.0,0.0,0.9351393309530173,,,EXPLORE
414,62,,,0,1,1,0,common,0.0,0.41892268657536524,0.37433346959802927,0.3839583909104196,0.0,0.0,0.9353733273640019,,,EXPLORE
415,62,,,0,0,0,0,common,1.0,0.09173367237089913,0.26092302312958005,0.2962909753485634,0.0,0.0,0.9356033266034303,,,EXPLORE
416,62,,,0,0,0,0,common,1.0,0.05962688704108443,0.23951664891529814,0.2252917488563197,0.0,0.0,0.935829418902502,,,EXPLORE
417,62,,,0,0,0,0,common,1.0,0.03875747657670492,0.22631090273296267,0.16933146717243527,0.0,0.0,0.9360516918408134,,,EXPLORE
418,62,,,0,0,0,0,common,1.0,0.02519235977485823,0.2180266939823471,0.12608973495316217,0.0,0.0,0.9362702304431773,,,EXPLOIT
419,62,,,0,0,0,0,common,1.0,0.016375033853657905,0.21276808485584997,0.09317532462331088,0.0,0.0,0.93648511727223,,,EXPLOIT
420,62,,,0,0,0,0,common,1.0,0.01064377200487765,0.2094030833198633,0.06841585883778091,0.0,0.0,0.9366964325170357,,,EXPLOIT
421,62,,,0,0,0,0,common,0.0,0.9930815481968295,0.20723819850541986,0.3458155656454955,0.0,0.0,0.9369042540778869,,,EXPLOIT
422,62,,,0,0,0,0,common,1.0,0.3544969936720608,0.47665923543316513,0.3484199940534651,0.0,0.0,0.9371086576474944,,,EXPLORE
423,62,,,0,0,0,0,common,1.0,0.23042304588683948,0.36762410069626444,0.3130209096034774,0.0,0.0,0.937309716788741,,,EXPLORE
424,62,,,0,0,0,0,common,1.0,0.1497749798264456,0.30290439599225527,0.26404713067036784,0.0,0.0,0.9375,,,EXPLORE
425,62,,,0,1,1,0,common,0.0,0.27229974627398745,0.26480507123683167,0.26652291535145367,0.0,0.0,0.9375,,,EXPLORE
426,62,,,0,0,0,0,common,1.0,0.09735373688718962,0.20443482901689466,0.21577216181217446,0.0,0.0,0.9375,,,EXPLORE
427,62,,,0,1,1,0,common,0.0,0.17699483507809186,0.18565119418063536,0.20413896379194968,0.0,0.0,0.9375,,,EXPLORE
428,62,,,0,0,0,0,common,1.0,0.06327992897667323,0.15511686255860874,0.16188125334736675,0.0,0.0,0.9375,,,EXPLORE
429,62,,,0,0,0,0,common,1.0,0.04113195383483759,0.1452800417887568,0.12565646349360798,0.0,0.0,0.9375,,,EXPLOIT
430,62,,,0,0,0,0,common,1.0,0.026735769992644487,0.1391769469125374,0.09598025544331894,0.0,0.0,0.9375,,,EXPLOIT
431,62,,,0,0,0,0,common,1.0,0.017378250495218905,0.13532979835444064,0.07239965395888892,0.0,0.0,0.9375,,,EXPLOIT
432,62,,,0,0,0,0,common,1.0,0.011295862821892322,0.1328789447265093,0.05406851661778994,0.0,0.0,0.9375,,,EXPLOIT
433,62,,,0,0,0,0,common,0.0,0.99265768916577,0.13130669107469514,0.33564526838218395,0.0,0.0,0.9375,,,EXPLOIT
434,62,,,0,1,1,0,common,0.0,0.11504664280075971,0.34040650603723854,0.26946568070775667,0.0,0.0,0.9375,,,EXPLORE
435,62,,,0,1,1,0,common,0.0,0.07478031782049382,0.30860930692957245,0.21106007184157782,0.0,0.0,0.9375,,,EXPLORE
436,62,,,0,1,1,0,common,1.0,0.951392793416679,0.28893169433244825,0.4331598883141082,0.0,0.0,0.9375,,,EXPLORE
437,62,,,0,0,0,0,common,1.0,0.3547725020422494,0.5713302324802403,0.4096436724325505,0.0,0.0,0.9375,,,EXPLORE
438,62,,,0,1,1,0,common,0.0,0.38159468427915866,0.46358868405714837,0.4012289759865329,0.0,0.0,0.9375,,,EXPLORE
439,62,,,0,0,0,0,common,0.0,0.7693978736725379,0.3476001603156001,0.5116796452923343,0.0,0.0,0.935442220787605,,,EXPLORE
440,62,,,0,1,1,0,common,0.0,0.24803654478145315,0.5805699196505245,0.43258671513906993,0.0,0.0,0.9356710474683342,,,EXPLORE
441,62,,,0,1,1,0,common,0.0,0.16122375410794454,0.5072104573642521,0.3511778268297323,0.0,0.0,0.9358959935572909,,,EXPLORE
442,62,,,0,1,1,0,common,0.0,0.10479544017016396,0.4568650009968094,0.2772631108318618,0.0,0.0,0.9361171458634864,,,EXPLORE
443,62,,,0,0,0,0,common,0.0,0.5001086178871497,0.42417702994204554,0.3441167629484481,0.0,0.0,0.9363345886691518,,,EXPLORE
444,62,,,0,1,1,0,common,0.0,0.06811703611060657,0.5766943632636401,0.2613168448970956,0.0,0.0,0.9365484038211317,,,EXPLORE
445,62,,,0,0,0,0,common,1.0,0.6749293983733526,0.5572498625851763,0.3854006109399727,0.0,0.0,0.9367586708183354,,,EXPLORE
446,62,,,0,0,0,0,common,1.0,0.4387041089426793,0.3511695627716408,0.40139166034078466,0.0,0.0,0.9369654668954441,,,EXPLORE
447,62,,,0,0,0,0,common,1.0,0.28515767081274157,0.23790979361878078,0.36652146348237175,0.0,0.0,0.9371688671030585,,,EXPLORE
448,62,,,0,0,0,0,common,1.0,0.18535248602828203,0.1800768885567931,0.3121707702461448,0.0,0.0,0.9373689443844627,,,EXPLORE
449,62,,,0,1,1,0,common,0.0,0.04427607347189427,0.14902413394114514,0.23180236121386963,0.0,0.0,0.9375,,,EXPLORE
450,62,,,0,1,1,0,common,0.0,0.028779447756731278,0.14231821443664974,0.17089548717672812,0.0,0.0,0.9375,,,EXPLOIT
451,62,,,0,0,0,0,common,1.0,0.12047911591838334,0.13810000912458875,0.15577057579922468,0.0,0.0,0.9375,,,EXPLOIT
452,62,,,0,1,1,0,common,0.0,0.018706641041875333,0.12159900183302168,0.11465139537201986,0.0,0.0,0.9375,,,EXPLOIT
453,62,,,0,1,1,0,common,1.0,0.9878406833227811,0.11919868923283272,0.3766081817572482,0.0,0.0,0.9375,,,EXPLOIT
454,62,,,0,0,0,0,common,1.0,0.07831142534694913,0.3137462034776992,0.28711915483415845,0.0,0.0,0.9375,,,EXPLORE
455,62,,,0,0,0,0,common,1.0,0.050902426475516904,0.2929441572946948,0.21625413632656598,0.0,0.0,0.9375,,,EXPLORE
456,62,,,0,0,0,0,common,1.0,0.03308657720908603,0.2799047379917321,0.16130386859132198,0.0,0.0,0.9375,,,EXPLORE
457,62,,,0,0,0,0,common,1.0,0.021506275185905865,0.2716388459979309,0.11936459056969713,0.0,0.0,0.9375,,,EXPLORE
458,62,,,0,0,0,0,common,1.0,0.013979078870838824,0.26635590874606135,0.08774893706003964,0.0,0.0,0.9375,,,EXPLOIT
459,62,,,0,0,0,0,common,1.0,0.009086401266045208,0.26296026424268726,0.0641501763218413,0.0,0.0,0.9375,,,EXPLOIT
460,62,,,0,0,0,0,common,1.0,0.005906160822929385,0.26076932906793804,0.04667697167216773,0.0,0.0,0.9375,,,EXPLOIT
461,62,,,0,0,0,0,common,1.0,0.0038390045349041557,0.2593520963698228,0.033825581530988656,0.0,0.0,0.9375,,,EXPLOIT
462,62,,,0,0,0,0,common,1.0,0.002495352947687657,0.25843380403403465,0.024426512955998354,0.0,0.0,0.9375,,,EXPLOIT
463,62,,,0,0,0,0,common,1.0,0.0016219794159969547,0.2578381441155174,0.017585152893997934,0.0,0.0,0.9375,,,EXPLOIT
464,62,,,0,0,0,0,common,1.0,0.0010542866203979706,0.25745148517199834,0.012625893011917943,0.0,0.0,0.9375,,,EXPLOIT
465,62,,,0,0,0,0,common,1.0,0.0006852863032587031,0.2572003766369366,0.00904371099932017,0.0,0.0,0.9375,,,EXPLOIT
466,62,,,0,0,0,0,common,1.0,0.0004454360971181126,0.2570372489661823,0.006464228528659553,0.0,0.0,0.9375,,,EXPLOIT
467,62,,,0,1,1,0,common,1.0,0.6420964441598076,0.2569312552263737,0.19715389321800397,0.0,0.0,0.9375,,,EXPLOIT
468,62,,,0,1,1,0,common,1.0,0.41736268870387505,0.43742772812925135,0.26321653186376526,0.0,0.0,0.9375,,,EXPLORE
469,62,,,0,0,0,0,common,1.0,0.00028953346312676764,0.5653390944751141,0.18433843234357372,0.0,0.0,0.9375,,,EXPLORE
470,62,,,0,1,1,0,common,1.0,0.2712857476575188,0.5652561002661605,0.21042262693775723,0.0,0.0,0.9375,,,EXPLORE
471,62,,,0,1,1,0,common,0.0,0.8236642640226128,0.6347404378623023,0.3943951180632139,0.0,0.0,0.9375,,,EXPLORE
472,62,,,0,0,0,0,common,0.0,0.9998118032489676,0.3957245956905618,0.57602012361894,0.0,0.0,0.935442220787605,,,EXPLORE
473,62,,,0,0,0,0,common,0.0,0.6498776721118289,0.6676003029177229,0.5981773881668067,0.0,0.0,0.9332670452649632,,,EXPLORE
474,62,,,0,1,1,0,common,0.0,0.5353817716146984,0.6682635120049067,0.5793387032011741,0.0,0.0,0.930964251977995,,,EXPLORE
475,62,,,0,0,0,0,common,0.0,0.4224204868726888,0.682191323472957,0.5322632383026284,0.0,0.0,0.9285223975399679,,,EXPLORE
476,62,,,0,0,0,0,common,1.0,0.7254266835327523,0.6824799238111916,0.5902122718716656,0.0,0.0,0.925928628405653,,,EXPLORE
477,62,,,0,0,0,0,common,1.0,0.47152734429628906,0.6320157682030819,0.5546067935990526,0.0,0.0,0.923168456746442,,,EXPLORE
478,62,,,0,1,1,0,common,0.0,0.34799815154955394,0.501346645456685,0.492624200984203,0.0,0.0,0.9236369155632983,,,EXPLORE
479,62,,,0,0,0,0,common,1.0,0.3064927737925879,0.3932301606504123,0.43678477282671846,0.0,0.0,0.9240950963656864,,,EXPLORE
480,62,,,0,0,0,0,common,1.0,0.19922030296518212,0.30544770739117505,0.3655154318682575,0.0,0.0,0.9245433113421471,,,EXPLORE
481,62,,,0,0,0,0,common,1.0,0.12949319692736838,0.2552350623947242,0.2947087613859908,0.0,0.0,0.9249818602318624,,,EXPLORE
482,62,,,0,1,1,0,common,0.0,0.22619879850721009,0.22588516214429094,0.27415577252235657,0.0,0.0,0.9254110309395471,,,EXPLORE
483,62,,,0,0,0,0,common,0.0,0.9158294219972105,0.18089087782302404,0.46665786736481274,0.0,0.0,0.925831100114243,,,EXPLORE
484,62,,,0,0,0,0,common,1.0,0.4047108757018132,0.40983548201870557,0.44807376986591285,0.0,0.0,0.9262423336944724,,,EXPLORE
485,62,,,0,1,1,0,common,1.0,0.8529707809703134,0.29389978377156667,0.569542873197233,0.0,0.0,0.923502564009616,,,EXPLORE
486,62,,,0,0,0,0,common,1.0,0.2630620692061786,0.5483836243788829,0.47759863199991665,0.0,0.0,0.9239636833290771,,,EXPLORE
487,62,,,0,0,0,0,common,0.0,0.8290096550159839,0.4674952310833092,0.5830219389047369,0.0,0.0,0.921073988077202,,,EXPLORE
488,62,,,0,1,1,0,common,0.0,0.44556899236929626,0.6760404626919498,0.5417860549441047,0.0,0.0,0.9179883741217639,,,EXPLORE
489,62,,,0,0,0,0,common,1.0,0.4611437242396105,0.5828031217167309,0.5175933557327563,0.0,0.0,0.9146863902796113,,,EXPLORE
490,62,,,0,0,0,0,common,1.0,0.2997434207557468,0.44316668806064813,0.45223837523965343,0.0,0.0,0.9153564168677913,,,EXPLORE
491,62,,,0,1,1,0,common,0.0,0.28961984504004257,0.352384646661113,0.4034528161797702,0.0,0.0,0.9160094561512261,,,EXPLORE
492,62,,,0,1,1,0,common,0.0,0.18825289927602767,0.27424485059096515,0.33889284110864737,0.0,0.0,0.9166461143144048,,,EXPLORE
493,62,,,0,0,0,0,common,1.0,0.19483322349123544,0.2301383690479602,0.29567495582342374,0.0,0.0,0.9172669691212583,,,EXPLORE
494,62,,,0,0,0,0,common,1.0,0.12664159526930308,0.19032670517092626,0.24496494765718752,0.0,0.0,0.9178725715621968,,,EXPLORE
495,62,,,0,0,0,0,common,1.0,0.082317036925047,0.16755151145289499,0.19617057443754535,0.0,0.0,0.9184634473879159,,,EXPLORE
496,62,,,0,0,0,0,common,0.0,0.9464939259987194,0.15399878927802688,0.4212675799058975,0.0,0.0,0.9190400985389446,,,EXPLORE
497,62,,,0,0,0,0,common,0.0,0.6152210518991676,0.37135598760797406,0.47945362150387855,0.0,0.0,0.9196030044791141,,,EXPLORE
498,62,,,0,0,0,0,common,1.0,0.600106316265541,0.5599597120517336,0.5156494299323773,0.0,0.0,0.9164151668374027,,,EXPLORE
499,62,,,0,0,0,0,common,1.0,0.39006910557260166,0.375843557757479,0.4779753326244446,0.0,0.0,0.917041735260725,,,EXPLORE
500,62,,,0,0,0,0,common,1.0,0.2535449186221911,0.2691731589957476,0.41064620842376853,0.0,0.0,0.917652852840393,,,EXPLORE
501,62,,,0,1,1,0,common,0.0,0.12236438452941799,0.21187970323654604,0.3241616612554633,0.0,0.0,0.9182490543855282,,,EXPLORE
502,62,,,0,0,0,0,common,0.0,0.8351958028955758,0.1878169606888583,0.47747190374749704,0.0,0.0,0.9188308503838932,,,EXPLORE
503,62,,,0,1,1,0,common,0.0,0.07953684994412169,0.3966703051967119,0.3580913876064844,0.0,0.0,0.9193987283695947,,,EXPLORE
504,62,,,0,0,0,0,common,1.0,0.4571227281178757,0.3727772005224929,0.38780078975990173,0.0,0.0,0.9199531541995096,,,EXPLORE
505,62,,,0,1,1,0,common,0.0,0.0516989524636791,0.2506214963159532,0.28697023857103493,0.0,0.0,0.9204945732454659,,,EXPLORE
506,62,,,0,0,0,0,common,0.0,0.7028702267233808,0.2387469709785407,0.4117402350167387,0.0,0.0,0.9210234115085933,,,EXPLORE
507,62,,,0,1,1,0,common,1.0,0.9663956808986086,0.4319216720930194,0.5781368687812996,0.0,0.0,0.9179343107571565,,,EXPLORE
508,62,,,0,0,0,0,common,1.0,0.5431343526298025,0.6788957870878579,0.5676361139358503,0.0,0.0,0.9146284697391474,,,EXPLORE
509,62,,,0,0,0,0,common,1.0,0.3530373292093716,0.5619503804271209,0.5032564785179067,0.0,0.0,0.911082434044136,,,EXPLORE
510,62,,,0,0,0,0,common,1.0,0.2294742639860915,0.4538495468852156,0.42112181415836214,0.0,0.0,0.911846957949089,,,EXPLORE
511,62,,,0,0,0,0,common,1.0,0.1491582715909595,0.3831590469306697,0.3395327513881413,0.0,0.0,0.9125909955301886,,,EXPLORE
512,62,,,0,0,0,0,common,1.0,0.09695287653412366,0.33957680105270716,0.266758788931936,0.0,0.0,0.9133153232352874,,,EXPLORE
513,62,,,0,0,0,0,common,1.0,0.06301936974718036,0.3126990068074269,0.20563696317650929,0.0,0.0,0.9140206788528548,,,EXPLORE
514,62,,,0,0,0,0,common,1.0,0.04096259033566718,0.2959242433230421,0.15623465132425662,0.0,0.0,0.9147077638893306,,,EXPLORE
515,62,,,0,0,0,0,common,1.0,0.026625683718183635,0.2853309185760169,0.11735196104243471,0.0,0.0,0.9153772457731709,,,EXPLORE
516,62,,,0,1,1,0,common,0.0,0.37184280741590436,0.27857977895433167,0.19369921495447562,0.0,0.0,0.9160297599001432,,,EXPLOIT
517,62,,,0,0,0,0,common,1.0,0.017306694416819313,0.19579689875271217,0.14078145879317872,0.0,0.0,0.9166659115330589,,,EXPLORE
518,62,,,0,0,0,0,common,1.0,0.011249351370932525,0.19246808351908873,0.10192182656650485,0.0,0.0,0.9172862775678813,,,EXPLOIT
519,62,,,0,0,0,0,common,1.0,0.007312078391106147,0.1903288273069382,0.07353890211388524,0.0,0.0,0.9178914081770523,,,EXPLOIT
520,62,,,0,0,0,0,common,1.0,0.004752850954218957,0.18894861374864097,0.052903086765985353,0.0,0.0,0.9184818283398798,,,EXPLOIT
521,62,,,0,0,0,0,common,1.0,0.0030893531202422775,0.18805581736921934,0.03795896667226242,0.0,0.0,0.9190580392689393,,,EXPLOIT
522,62,,,0,0,0,0,common,0.0,0.9979919204718425,0.18747733143177836,0.3259688528121364,0.0,0.0,0.9196205197406402,,,EXPLOIT
523,62,,,0,0,0,0,common,1.0,0.3513052516933024,0.44641661946487055,0.33356977247648617,0.0,0.0,0.9201697273373867,,,EXPLORE
524,62,,,0,1,1,0,common,1.0,0.7583021751796621,0.3405907524782675,0.46098949328743893,0.0,0.0,0.9207060996081087,,,EXPLORE
525,62,,,0,1,1,0,common,0.0,0.5071035861332196,0.5705899260867622,0.4748237211411731,0.0,0.0,0.9212300551533568,,,EXPLORE
526,62,,,0,1,1,0,common,0.0,0.32961733098659274,0.4153083638072147,0.431261804094799,0.0,0.0,0.9217419946406159,,,EXPLORE
527,62,,,0,0,0,0,common,1.0,0.22834841360064662,0.31871651159815395,0.3703877869465532,0.0,0.0,0.9222423017550239,,,EXPLORE
528,62,,,0,0,0,0,common,1.0,0.14842646884042032,0.25999257542649257,0.30379939151471336,0.0,0.0,0.9227313440902316,,,EXPLORE
529,62,,,0,0,0,0,common,1.0,0.09647720474627319,0.22610734630638937,0.2416027354841813,0.0,0.0,0.9232094739837639,,,EXPLORE
530,62,,,0,0,0,0,common,0.0,0.9372898169149224,0.20593529257988785,0.45030885991340364,0.0,0.0,0.9236770293008653,,,EXPLORE
531,62,,,0,1,1,0,common,0.0,0.21425126514128529,0.4571568434031179,0.37949158148176815,0.0,0.0,0.9241343341705069,,,EXPLORE
532,62,,,0,1,1,0,common,1.0,0.8607366776581645,0.39092430138447665,0.523865110334687,0.0,0.0,0.9212560063044255,,,EXPLORE
533,62,,,0,1,1,0,common,0.0,0.44052115952219306,0.6393008760720245,0.4988619250909388,0.0,0.0,0.921767353553858,,,EXPLORE
534,62,,,0,0,0,0,common,1.0,0.3907616190053005,0.5212595752239662,0.4664318332652473,0.0,0.0,0.9222670872373234,,,EXPLORE
535,62,,,0,0,0,0,common,1.0,0.2539950523534453,0.3998650012217313,0.4027007989917067,0.0,0.0,0.9227555741640946,,,EXPLORE
536,62,,,0,0,0,0,common,1.0,0.16509678402973949,0.32566994422421514,0.3314195945031165,0.0,0.0,0.9232331659278133,,,EXPLORE
537,62,,,0,0,0,0,common,1.0,0.10731290961933071,0.2818280149511691,0.26418758903798073,0.0,0.0,0.9237001996878557,,,EXPLORE
538,62,,,0,0,0,0,common,1.0,0.06975339125256497,0.2555059006896806,0.20585732970235598,0.0,0.0,0.9241569989030283,,,EXPLORE
539,62,,,0,0,0,0,common,1.0,0.04533970431416723,0.23935632366769655,0.15770204208589936,0.0,0.0,0.9246038740209583,,,EXPLORE
540,62,,,0,0,0,0,common,1.0,0.029470807804208743,0.22926893050783997,0.11923267180139217,0.0,0.0,0.9250411231262651,,,EXPLORE
541,62,,,0,0,0,0,common,1.0,0.019156025072735727,0.22288542175151801,0.08920967778279523,0.0,0.0,0.9254690325503595,,,EXPLOIT
542,62,,,0,0,0,0,common,1.0,0.012451416297278195,0.21880923267077101,0.06618219933714012,0.0,0.0,0.9258878774454986,,,EXPLOIT
543,62,,,0,0,0,0,common,0.0,0.9919065794067692,0.21619052904777195,0.3438995133580288,0.0,0.0,0.9262979223255117,,,EXPLOIT
544,62,,,0,0,0,0,common,0.0,0.6447392766144,0.48988231544860117,0.4341514423349402,0.0,0.0,0.9266994215754388,,,EXPLORE
545,62,,,0,0,0,0,common,1.0,0.5809194702006399,0.6591105622016794,0.47818185069465013,0.0,0.0,0.9270926199321428,,,EXPLORE
546,62,,,0,0,0,0,common,0.0,0.6224023443695841,0.50970112250514,0.5214479987971303,0.0,0.0,0.9244077665029611,,,EXPLORE
547,62,,,0,1,1,0,common,0.0,0.2863387536894255,0.6659563530994015,0.45091522526481886,0.0,0.0,0.9248492298599812,,,EXPLORE
548,62,,,0,0,0,0,common,1.0,0.5954384761597703,0.6061069136045222,0.4942722005333043,0.0,0.0,0.9252812285215065,,,EXPLORE
549,62,,,0,1,1,0,common,0.0,0.1861201898981266,0.4287392077081017,0.401826597342751,0.0,0.0,0.9257040425072113,,,EXPLORE
550,62,,,0,1,1,0,common,0.0,0.1209781234337823,0.3720922344142613,0.3175720551700604,0.0,0.0,0.9261179409635536,,,EXPLORE
551,62,,,0,0,0,0,common,1.0,0.3870350095038507,0.33705014910789277,0.33841094147019746,0.0,0.0,0.9265231826868755,,,EXPLORE
552,62,,,0,0,0,0,common,1.0,0.25157275617750297,0.23840835134385915,0.3123594858823891,0.0,0.0,0.9269200166165863,,,EXPLORE
553,62,,,0,1,1,0,common,1.0,0.9213642197680415,0.18665174268662005,0.4950609060480848,0.0,0.0,0.9273086823004073,,,EXPLORE
554,62,,,0,1,1,0,common,1.0,0.598886742849227,0.4211932864261282,0.5262086570884275,0.0,0.0,0.9246376943894015,,,EXPLORE
555,62,,,0,0,0,0,common,1.0,0.1635222915153769,0.6007408656645534,0.41740274741651223,0.0,0.0,0.9250742183007009,,,EXPLORE
556,62,,,0,0,0,0,common,1.0,0.10628948948499495,0.555422776302718,0.32406877003705703,0.0,0.0,0.9255014239896401,,,EXPLORE
557,62,,,0,0,0,0,common,1.0,0.06908816816524677,0.5236257786307404,0.24757458947551392,0.0,0.0,0.9259195857750938,,,EXPLORE
558,62,,,0,0,0,0,common,1.0,0.04490730930741038,0.5023572657499378,0.18677440542508283,0.0,0.0,0.926328967377609,,,EXPLORE
559,62,,,0,1,1,0,common,1.0,0.3892763828519975,0.4883787190965864,0.24752499865315722,0.0,0.0,0.9267298224267485,,,EXPLORE
560,62,,,0,0,0,0,common,1.0,0.029189751049816692,0.6021561910223371,0.18202442437215505,0.0,0.0,0.9271223949395613,,,EXPLORE
561,62,,,0,0,0,0,common,1.0,0.018973338182380894,0.594517533224058,0.1331090985152228,0.0,0.0,0.9275069197720798,,,EXPLORE
562,62,,,0,1,1,0,common,0.0,0.7469703511462016,0.5894443623320483,0.3172674743045164,0.0,0.0,0.9278836230455991,,,EXPLORE
563,62,,,0,0,0,0,common,1.0,0.012332669818547526,0.36354123354848833,0.22578703295872574,0.0,0.0,0.9282527225493701,,,EXPLORE
564,62,,,0,1,1,0,common,1.0,0.514469271754969,0.35993216772976455,0.3123917045975987,0.0,0.0,0.9286144281212096,,,EXPLORE
565,62,,,0,0,0,0,common,1.0,0.00801623538205587,0.5182069115578698,0.22107906383293582,0.0,0.0,0.9289689420074345,,,EXPLORE
566,62,,,0,1,1,0,common,0.0,0.6655949733592702,0.5157462448701514,0.35443383669083617,0.0,0.0,0.9293164592034115,,,EXPLORE
567,62,,,0,1,1,0,common,0.0,0.43263673268352565,0.31501252838375143,0.377894705488643,0.0,0.0,0.9296571677759348,,,EXPLORE
568,62,,,0,0,0,0,common,1.0,0.005210552998336282,0.21144185467736168,0.26608945974155096,0.0,0.0,0.9299912491685506,,,EXPLORE
569,62,,,0,0,0,0,common,1.0,0.003386859448918589,0.21037179656159993,0.18727867965376122,0.0,0.0,0.9303188784908708,,,EXPLORE
570,62,,,0,0,0,0,common,1.0,0.002201458641797105,0.20967852486003333,0.131755513350172,0.0,0.0,0.9306402247928508,,,EXPLOIT
571,62,,,0,0,0,0,common,1.0,0.0014309481171681515,0.20922885504543182,0.09265814378027083,0.0,0.0,0.9309554513249305,,,EXPLOIT
572,62,,,0,0,0,0,common,0.0,0.9990698837238408,0.20893697373477813,0.36458166576334183,0.0,0.0,0.9312647157848832,,,EXPLOIT
573,62,,,0,0,0,0,common,1.0,0.35060457557950353,0.48115006358968504,0.3603885387081903,0.0,0.0,0.9315681705521609,,,EXPLORE
574,62,,,0,0,0,0,common,0.0,0.7721070258733227,0.37301891359198686,0.48390408485773007,0.0,0.0,0.9318659629104633,,,EXPLORE
575,62,,,0,0,0,0,common,0.0,0.5018695668176598,0.6044938119189243,0.489293729445709,0.0,0.0,0.9321582352592198,,,EXPLORE
576,62,,,0,1,1,0,common,1.0,0.7187861237557083,0.6891132843627176,0.5581414477387088,0.0,0.0,0.929788991626173,,,EXPLORE
577,62,,,0,1,1,0,common,1.0,0.46721098044121046,0.6145704085226538,0.5308623075494593,0.0,0.0,0.9272745941396207,,,EXPLORE
578,62,,,0,0,0,0,common,1.0,0.6737847815685212,0.47943701205708045,0.5737390497551779,0.0,0.0,0.9246014210611125,,,EXPLORE
579,62,,,0,0,0,0,common,1.0,0.4379601080195388,0.658348497306986,0.5330053672344861,0.0,0.0,0.9217540913630917,,,EXPLORE
580,62,,,0,1,1,0,common,0.0,0.6963128627132131,0.6924247093046059,0.5819976158781042,0.0,0.0,0.9187151712252891,,,EXPLORE
581,62,,,0,0,0,0,common,1.0,0.2846740702127002,0.5720652923613786,0.49280055217848295,0.0,0.0,0.9192858055705111,,,EXPLORE
582,62,,,0,0,0,0,common,1.0,0.18503814563825516,0.4863515449378574,0.4004718302164146,0.0,0.0,0.9198428959073587,,,EXPLORE
583,62,,,0,1,1,0,common,0.0,0.45260336076358854,0.42849336501004337,0.41611128938056674,0.0,0.0,0.9203868916287653,,,EXPLORE
584,62,,,0,1,1,0,common,0.0,0.29419218449633255,0.2971679699189385,0.3795355579152965,0.0,0.0,0.9209182225391843,,,EXPLORE
585,62,,,0,0,0,0,common,0.0,0.8797252053351341,0.22658510246630845,0.5295924521412477,0.0,0.0,0.9178218635916444,,,EXPLORE
586,62,,,0,1,1,0,common,0.0,0.19122491992261617,0.4700419492358502,0.42808219247565826,0.0,0.0,0.9184139667745475,,,EXPLORE
587,62,,,0,1,1,0,common,1.0,0.8757038020502995,0.4104802884131262,0.5623686753480506,0.0,0.0,0.9151422674224438,,,EXPLORE
588,62,,,0,1,1,0,common,0.0,0.43079252866730533,0.6548970986689397,0.522895831343827,0.0,0.0,0.9116341239024655,,,EXPLORE
589,62,,,0,0,0,0,common,1.0,0.4281786165321628,0.5480141429838816,0.49448066690032777,0.0,0.0,0.9123838408304863,,,EXPLORE
590,62,,,0,0,0,0,common,1.0,0.27831610074590585,0.41563029389909856,0.42963129705400116,0.0,0.0,0.9131136336051572,,,EXPLORE
591,62,,,0,0,0,0,common,1.0,0.18090546548483877,0.33322878522179,0.35501354758325243,0.0,0.0,0.9138242506355748,,,EXPLORE
592,62,,,0,0,0,0,common,0.0,0.8824114474348548,0.28469992392320265,0.5132329175387331,0.0,0.0,0.9102184893951201,,,EXPLORE
593,62,,,0,0,0,0,common,1.0,0.42643255916734435,0.5465367526770688,0.4871928100273164,0.0,0.0,0.9110064487305094,,,EXPLORE
594,62,,,0,0,0,0,common,1.0,0.27718116345877386,0.4146308679705061,0.4241893160567536,0.0,0.0,0.9117730216920836,,,EXPLORE
595,62,,,0,1,1,0,common,0.0,0.28001514363374846,0.3326374469669753,0.38093706432985197,0.0,0.0,0.9125190301358598,,,EXPLORE
596,62,,,0,0,0,0,common,1.0,0.18016775624820303,0.2596499067268979,0.3207062719053573,0.0,0.0,0.9132452544295473,,,EXPLORE
597,62,,,0,0,0,0,common,1.0,0.11710904156133195,0.2190077404085689,0.2596271028021497,0.0,0.0,0.9139524360388017,,,EXPLORE
598,62,,,0,0,0,0,common,0.0,0.9238791229851342,0.1953138781892611,0.458902708857045,0.0,0.0,0.9146412799223855,,,EXPLORE
599,62,,,0,0,0,0,common,1.0,0.3994785700596628,0.4361467641534841,0.4410754672178303,0.0,0.0,0.9153124567525166,,,EXPLORE
600,62,,,0,0,0,0,common,0.0,0.7403389294612192,0.31799064385662,0.5308545058908469,0.0,0.0,0.9118168190087397,,,EXPLORE
601,62,,,0,0,0,0,common,0.0,0.48122030414979244,0.5417265926957132,0.5159642453685306,0.0,0.0,0.9080597627318703,,,EXPLORE
602,62,,,0,0,0,0,common,1.0,0.6872068023026349,0.6600742573718622,0.5673370124487618,0.0,0.0,0.9040110362589434,,,EXPLORE
603,62,,,0,0,0,0,common,1.0,0.4466844214967127,0.47835662306636595,0.531141235163147,0.0,0.0,0.89963553318259,,,EXPLORE
604,62,,,0,0,0,0,common,1.0,0.29034487397286335,0.3424666498742046,0.4589023268060619,0.0,0.0,0.9007350452293181,,,EXPLORE
605,62,,,0,0,0,0,common,1.0,0.18872416808236114,0.26555602002746576,0.37784887918895166,0.0,0.0,0.9018000861917939,,,EXPLORE
606,62,,,0,1,1,0,common,1.0,0.8179901566380635,0.22238732883809317,0.5098912624236852,0.0,0.0,0.8972406572541132,,,EXPLORE
607,62,,,0,0,0,0,common,1.0,0.12267070925353474,0.4446072980895335,0.39372509647264003,0.0,0.0,0.8984169344985571,,,EXPLORE
608,62,,,0,0,0,0,common,1.0,0.07973596101479763,0.4065948394482398,0.2995283558352873,0.0,0.0,0.8995552193260584,,,EXPLORE
609,62,,,0,0,0,0,common,1.0,0.051828374659618426,0.3824167496578001,0.22521836148258662,0.0,0.0,0.9006572683766114,,,EXPLORE
610,62,,,0,0,0,0,common,1.0,0.033688443528752,0.36701116131906986,0.16775938609643623,0.0,0.0,0.9017247317498976,,,EXPLORE
611,62,,,0,0,0,0,common,1.0,0.02189748829368876,0.35714860268329235,0.12400081675561198,0.0,0.0,0.9027591609631831,,,EXPLORE
612,62,,,0,0,0,0,common,1.0,0.014233367390897644,0.350806637914798,0.09107058194619767,0.0,0.0,0.90376201620642,,,EXPLORE
613,62,,,0,0,0,0,common,1.0,0.009251688804083447,0.3467146141260089,0.06652491400356339,0.0,0.0,0.9047346729659106,,,EXPLORE
614,62,,,0,0,0,0,common,0.0,0.9939864022773458,0.34406789897468754,0.3447633604856981,0.0,0.0,0.9056784280797321,,,EXPLOIT
615,62,,,0,0,0,0,common,0.0,0.6460911614802748,0.6337153682459366,0.43516170078407107,0.0,0.0,0.9065945052809983,,,EXPLORE
616,62,,,0,1,1,0,common,0.0,0.46830639818525877,0.6884940520077836,0.4451051100044273,0.0,0.0,0.9074840602787874,,,EXPLORE
617,62,,,0,0,0,0,common,1.0,0.5800407450378213,0.667135681591319,0.48558580051444555,0.0,0.0,0.9083481854211116,,,EXPLORE
618,62,,,0,0,0,0,common,1.0,0.37702648427458396,0.5250315566242155,0.453018005642487,0.0,0.0,0.9091879139794962,,,EXPLORE
619,62,,,0,0,0,0,common,1.0,0.2450672147784796,0.40784191004215714,0.39063276838328476,0.0,0.0,0.9100042240905097,,,EXPLORE
620,62,,,0,0,0,0,common,1.0,0.15929368960601176,0.33545609520048403,0.32123104475010283,0.0,0.0,0.9107980423858755,,,EXPLORE
621,62,,,0,1,1,0,common,0.0,0.30439915882041824,0.29230146216929426,0.3161814789711974,0.0,0.0,0.911570247339487,,,EXPLORE
622,62,,,0,0,0,0,common,0.0,0.8964591017560923,0.22038930295636405,0.4902647658066659,0.0,0.0,0.9123216723567622,,,EXPLORE
623,62,,,0,1,1,0,common,0.0,0.19785945323327186,0.46624309424546573,0.4025431720346477,0.0,0.0,0.9130531086291801,,,EXPLORE
624,62,,,0,1,1,0,common,0.0,0.12860864460162671,0.4047298382744863,0.3203628138047414,0.0,0.0,0.9137653077745631,,,EXPLORE
625,62,,,0,1,1,0,common,0.0,0.08359561899105736,0.36608781235124677,0.2493326553606362,0.0,0.0,0.9144589842816356,,,EXPLORE
626,62,,,0,0,0,0,common,1.0,0.4173015838585399,0.3418842573328723,0.2997233339100073,0.0,0.0,0.9151348177755777,,,EXPLORE
627,62,,,0,1,1,0,common,1.0,0.9456628476558127,0.23544349331937278,0.4935051880337489,0.0,0.0,0.9157934551196835,,,EXPLORE
628,62,,,0,0,0,0,common,1.0,0.271246029508051,0.503185046228666,0.4268274404760395,0.0,0.0,0.9164355123667914,,,EXPLORE
629,62,,,0,1,1,0,common,0.0,0.3853191490237217,0.4185379754375036,0.4143749530403441,0.0,0.0,0.917061576572867,,,EXPLORE
630,62,,,0,0,0,0,common,0.0,0.8236900808197669,0.30647672223061007,0.5371694913741709,0.0,0.0,0.9136931543168607,,,EXPLORE
631,62,,,0,0,0,0,common,1.0,0.4646014474671515,0.5537891393485727,0.5153990782020651,0.0,0.0,0.9100776091392354,,,EXPLORE
632,62,,,0,0,0,0,common,1.0,0.3019909408536485,0.4104570905786825,0.4513766369975401,0.0,0.0,0.9108694186700558,,,EXPLORE
633,62,,,0,0,0,0,common,1.0,0.19629411155487153,0.32197312661360855,0.3748518793647395,0.0,0.0,0.9116396927632936,,,EXPLORE
634,62,,,0,0,0,0,common,0.0,0.8724088274893335,0.2706782158638347,0.5241189638021178,0.0,0.0,0.9078691350784187,,,EXPLORE
635,62,,,0,0,0,0,common,0.0,0.5670657378680668,0.5267414085524162,0.5370029960219025,0.0,0.0,0.9038053133220648,,,EXPLORE
636,62,,,0,0,0,0,common,1.0,0.6314072703857565,0.6659954828057528,0.5653242783310587,0.0,0.0,0.8994128599753429,,,EXPLORE
637,62,,,0,1,1,0,common,0.0,0.25045744686541915,0.5069957671050587,0.4708642288913668,0.0,0.0,0.9005194123369222,,,EXPLORE
638,62,,,0,0,0,0,common,1.0,0.4104147257507418,0.4287896736814274,0.4527293779491793,0.0,0.0,0.9015911753094213,,,EXPLORE
639,62,,,0,0,0,0,common,1.0,0.2667695717379821,0.30862011907065245,0.3969414360858201,0.0,0.0,0.9026297125004746,,,EXPLORE
640,62,,,0,0,0,0,common,1.0,0.17340022162968838,0.2422881206905988,0.32987907174898057,0.0,0.0,0.9036364953063988,,,EXPLORE
641,62,,,0,0,0,0,common,1.0,0.11271014405929747,0.20509927821217028,0.2647283934420756,0.0,0.0,0.9046129096123016,,,EXPLORE
642,62,,,0,1,1,0,common,0.0,0.16279734046252245,0.18342722908310502,0.23414907754820963,0.0,0.0,0.9055602619163479,,,EXPLORE
643,62,,,0,0,0,0,common,0.0,0.9267384063614567,0.15546115296597376,0.4419258761921837,0.0,0.0,0.9064797849351125,,,EXPLORE
644,62,,,0,0,0,0,common,1.0,0.39762003586505323,0.3682270157527391,0.4286341240940445,0.0,0.0,0.9073726427405948,,,EXPLORE
645,62,,,0,0,0,0,common,1.0,0.2584530233122846,0.2610865250038459,0.37757979385951645,0.0,0.0,0.9082399354739246,,,EXPLORE
646,62,,,0,0,0,0,common,0.0,0.832005534847015,0.2041281874345612,0.513907516155766,0.0,0.0,0.9042054500445653,,,EXPLORE
647,62,,,0,0,0,0,common,1.0,0.45919640234944015,0.4215284218520133,0.49749418201386825,0.0,0.0,0.905164883216502,,,EXPLORE
648,62,,,0,0,0,0,common,1.0,0.29847766152713606,0.2896066955599623,0.4377892258678486,0.0,0.0,0.9060959767761272,,,EXPLORE
649,62,,,0,0,0,0,common,1.0,0.19401047999263843,0.21943689303338482,0.3646556021052855,0.0,0.0,0.906999923097173,,,EXPLORE
650,62,,,0,0,0,0,common,1.0,0.126106811995215,0.181267630632151,0.29309096507226434,0.0,0.0,0.907877848686922,,,EXPLORE
651,62,,,0,0,0,0,common,1.0,0.08196942779688976,0.15948819792754979,0.22975450388965196,0.0,0.0,0.9087308186734573,,,EXPLORE
652,62,,,0,0,0,0,common,1.0,0.05328012806797833,0.14654552531359508,0.17681219114314986,0.0,0.0,0.9095598409309941,,,EXPLORE
653,62,,,0,0,0,0,common,0.0,0.9653679167558141,0.1386235848336712,0.41337890882694917,0.0,0.0,0.9103658698768956,,,EXPLOIT
654,62,,,0,0,0,0,common,1.0,0.37251085410872076,0.34734636800600915,0.4011184924114806,0.0,0.0,0.9111498099704599,,,EXPLORE
655,62,,,0,1,1,0,common,0.0,0.10581827130063959,0.2500353681794924,0.31252842607822834,0.0,0.0,0.9119125189404509,,,EXPLORE
656,62,,,0,0,0,0,common,1.0,0.2421320551706685,0.2262221629282928,0.29140951480596033,0.0,0.0,0.9126548107655958,,,EXPLORE
657,62,,,0,0,0,0,common,1.0,0.15738583586093458,0.1782945536656489,0.2512024111224526,0.0,0.0,0.9133774584298304,,,EXPLORE
658,62,,,0,0,0,0,common,1.0,0.10230079330960751,0.15183894967358735,0.20653192577859908,0.0,0.0,0.9140811964719067,,,EXPLORE
659,62,,,0,0,0,0,common,1.0,0.0664955156512449,0.1364926545264917,0.1645210027403928,0.0,0.0,0.9147667233470452,,,EXPLORE
660,62,,,0,0,0,0,common,1.0,0.043222085173309166,0.12725389570931797,0.1281313274702677,0.0,0.0,0.9154347036166071,,,EXPLOIT
661,62,,,0,0,0,0,common,1.0,0.028094355362650925,0.12154655516403448,0.09812023583798266,0.0,0.0,0.9160857699802148,,,EXPLOIT
662,62,,,0,0,0,0,common,1.0,0.018261330985723134,0.1179589001794649,0.0741625643823048,0.0,0.0,0.9167205251633956,,,EXPLOIT
663,62,,,0,0,0,0,common,1.0,0.011869865140720082,0.11567748542426824,0.05547475460982938,0.0,0.0,0.9173395436725887,,,EXPLOIT
664,62,,,0,0,0,0,common,1.0,0.007715412341467998,0.11421564297563136,0.04114695192932096,0.0,0.0,0.9179433734282639,,,EXPLOIT
665,62,,,0,0,0,0,common,1.0,0.005015018021954143,0.11327427210692306,0.030307371757110915,0.0,0.0,0.9185325372859152,,,EXPLOIT
666,62,,,0,0,0,0,common,1.0,0.003259761714270226,0.11266608879347045,0.022193088744258706,0.0,0.0,0.9191075344538074,,,EXPLOIT
667,62,,,0,0,0,0,common,1.0,0.002118845114275625,0.11227233024720787,0.01617081565526378,0.0,0.0,0.9196688418155643,,,EXPLOIT
668,62,,,0,0,0,0,common,1.0,0.001377249324279184,0.11201704492343338,0.0117327457559684,0.0,0.0,0.9202169151649623,,,EXPLOIT
669,62,,,0,0,0,0,common,1.0,0.0008952120607814695,0.11185138690804453,0.00848148564741232,0.0,0.0,0.9207521903596595,,,EXPLOIT
670,62,,,0,0,0,0,common,1.0,0.0005818878395079663,0.11174382629598041,0.0061116063050410145,0.0,0.0,0.9212750843999977,,,EXPLOIT
671,62,,,0,0,0,0,common,1.0,0.00037822709568013924,0.11167396133834742,0.0043915925422327515,0.0,0.0,0.9217859964384975,,,EXPLOIT
672,62,,,0,0,0,0,common,1.0,0.00024584761219204054,0.11162856999512734,0.003147869063220538,0.0,0.0,0.9222853087251807,,,EXPLOIT
673,62,,,0,0,0,0,common,1.0,0.00015980094792478194,0.11159907444097432,0.002251448628631811,0.0,0.0,0.9227733874934362,,,EXPLOIT
674,62,,,0,0,0,0,common,0.0,0.9998961293838489,0.11157990605607956,0.3015448528551969,0.0,0.0,0.92325058379074,,,EXPLOIT
675,62,,,0,1,1,0,common,0.0,0.06878187634541574,0.3004640546855599,0.23171595990226254,0.0,0.0,0.9237172342581992,,,EXPLORE
676,62,,,0,0,0,0,common,1.0,0.3500675159004982,0.2826429153460593,0.2672214267017332,0.0,0.0,0.9241736618625561,,,EXPLORE
677,62,,,0,0,0,0,common,1.0,0.22754388533532388,0.2032371528013837,0.25531816429181037,0.0,0.0,0.9246201765840036,,,EXPLORE
678,62,,,0,0,0,0,common,0.0,0.8520964745320395,0.16175675306629544,0.43435165736387915,0.0,0.0,0.9250570760628907,,,EXPLORE
679,62,,,0,1,1,0,common,0.0,0.044708219624520235,0.35768204318138674,0.3174586260420714,0.0,0.0,0.9254846462081596,,,EXPLORE
680,62,,,0,0,0,0,common,1.0,0.44613729155417436,0.3447842226476667,0.3560622256957023,0.0,0.0,0.9259031617701275,,,EXPLORE
681,62,,,0,0,0,0,common,1.0,0.2899892395102134,0.231302251464877,0.3362403298400556,0.0,0.0,0.926312886880028,,,EXPLORE
682,62,,,0,0,0,0,common,1.0,0.18849300568163874,0.17392103051600394,0.2919161325925305,0.0,0.0,0.9267140755585415,,,EXPLORE
683,62,,,0,0,0,0,common,1.0,0.12252045369306519,0.14330630517713372,0.2410974289226909,0.0,0.0,0.927106972195375,,,EXPLORE
684,62,,,0,1,1,0,common,0.0,0.029060342755938152,0.12598716372393398,0.17748630307266508,0.0,0.0,0.9274918120017943,,,EXPLORE
685,62,,,0,0,0,0,common,1.0,0.07963829490049235,0.12215839391737782,0.14813190062101325,0.0,0.0,0.9278688214378732,,,EXPLOIT
686,62,,,0,0,0,0,common,1.0,0.05176489168532006,0.11218738133918821,0.11922179794030528,0.0,0.0,0.9282382186160912,,,EXPLOIT
687,62,,,0,0,0,0,common,1.0,0.03364717959545804,0.10610108870515433,0.0935494124368511,0.0,0.0,0.9286002136827954,,,EXPLOIT
688,62,,,0,0,0,0,common,1.0,0.02187066673704774,0.10230532360298125,0.07204578872691009,0.0,0.0,0.9289550091789264,,,EXPLOIT
689,62,,,0,0,0,0,common,1.0,0.014215933379081003,0.0999040300243407,0.05469683212256136,0.0,0.0,0.9293028003813164,,,EXPLOIT
690,62,,,0,0,0,0,common,0.0,0.9907596433035973,0.09837056645955215,0.33551567547687217,0.0,0.0,0.9296437756257646,,,EXPLOIT
691,62,,,0,1,1,0,common,0.0,0.0188892227913598,0.2684619008354854,0.24052773967121843,0.0,0.0,0.9299781166130178,,,EXPLORE
692,62,,,0,1,1,0,common,0.0,0.012277994814383872,0.26385557910601976,0.17205281621416807,0.0,0.0,0.9303059986987019,,,EXPLORE
693,62,,,0,1,1,0,common,0.0,0.007980696629349516,0.2608910769204956,0.12283118033872249,0.0,0.0,0.9306275911681776,,,EXPLORE
694,62,,,0,0,0,0,common,1.0,0.3560062318526618,0.2589767009838793,0.19278369579290427,0.0,0.0,0.9309430574972253,,,EXPLOIT
695,62,,,0,1,1,0,common,0.0,0.005187452809077186,0.18370697178215864,0.13650482289775615,0.0,0.0,0.931252555599408,,,EXPLORE
696,62,,,0,0,0,0,common,0.0,0.7685959492957698,0.18275471226443563,0.32613216081716023,0.0,0.0,0.931556238060897,,,EXPLOIT
697,62,,,0,1,1,0,common,0.0,0.003371844325900171,0.3685188676545497,0.2293040658697822,0.0,0.0,0.931854252363495,,,EXPLORE
698,62,,,0,0,0,0,common,0.0,0.4995873670422504,0.36752432495619514,0.31038905622152263,0.0,0.0,0.9321467410965457,,,EXPLORE
699,62,,,0,1,1,0,common,0.0,0.002191698811835111,0.5215736463942433,0.21792984899861637,0.0,0.0,0.9324338421583687,,,EXPLORE
700,62,,,0,1,1,0,common,0.0,0.0014246042276928222,0.5209034448213182,0.1529782755673393,0.0,0.0,0.9327156889478185,,,EXPLORE
701,62,,,0,0,0,0,common,1.0,0.6752682114225372,0.5204675885524859,0.3096652563238987,0.0,0.0,0.9329924105465291,,,EXPLORE
702,62,,,0,0,0,0,common,1.0,0.4389243374246492,0.31657058950591027,0.3484429806541238,0.0,0.0,0.933264131892368,,,EXPLORE
703,62,,,0,0,0,0,common,1.0,0.285300819326022,0.21132569791948408,0.3295003322556933,0.0,0.0,0.9335309739445901,,,EXPLORE
704,62,,,0,1,1,0,common,0.0,0.0009259927480003345,0.1588273379069532,0.2309280304033854,0.0,0.0,0.9337930538411506,,,EXPLORE
705,62,,,0,0,0,0,common,0.0,0.8145544674380857,0.15867642237271878,0.4060159615137955,0.0,0.0,0.9340504850486104,,,EXPLOIT
706,62,,,0,1,1,0,common,0.0,0.0006018952862002175,0.34148009431982046,0.2843917416455169,0.0,0.0,0.9343033775050331,,,EXPLORE
707,62,,,0,0,0,0,common,1.0,0.4705395961652443,0.34130894170046155,0.3402360980014351,0.0,0.0,0.9345518377562582,,,EXPLORE
708,62,,,0,1,1,0,common,1.0,0.9996087680639698,0.22334325367605923,0.5380478990201956,0.0,0.0,0.9323248616713513,,,EXPLORE
709,62,,,0,0,0,0,common,1.0,0.3058507375074089,0.5027773960389691,0.46838875056635954,0.0,0.0,0.9326086989412365,,,EXPLORE
710,62,,,0,0,0,0,common,1.0,0.19880297937981584,0.40748353058564096,0.3875130192103964,0.0,0.0,0.9328873622386299,,,EXPLORE
711,62,,,0,0,0,0,common,0.0,0.8707780634031197,0.3482873409722449,0.5324925324682133,0.0,0.0,0.9305619210244794,,,EXPLORE
712,62,,,0,1,1,0,common,0.0,0.35025430075841957,0.6080523664720778,0.4778210629552751,0.0,0.0,0.9308786348833845,,,EXPLORE
713,62,,,0,1,1,0,common,1.0,0.7723347045070272,0.5076914101307646,0.5661751554208008,0.0,0.0,0.9284315316177,,,EXPLORE
714,62,,,0,0,0,0,common,1.0,0.43399425878797215,0.6839777856830106,0.5265208864309521,0.0,0.0,0.925832020789301,,,EXPLORE
715,62,,,0,0,0,0,common,1.0,0.2820962682121819,0.6050299524029031,0.453193500965321,0.0,0.0,0.9262432350836003,,,EXPLORE
716,62,,,0,0,0,0,common,1.0,0.18336257433791825,0.5249613726815158,0.37224422297710014,0.0,0.0,0.9266458700807888,,,EXPLORE
717,62,,,0,0,0,0,common,1.0,0.11918567331964691,0.46804036054026255,0.29632665807986414,0.0,0.0,0.9270401717893464,,,EXPLORE
718,62,,,0,0,0,0,common,1.0,0.07747068765777054,0.43077945035830695,0.23066986695323605,0.0,0.0,0.9274263769635483,,,EXPLORE
719,62,,,0,0,0,0,common,0.0,0.9496440530224491,0.4068539897207668,0.44636212277399995,0.0,0.0,0.9278047135349318,,,EXPLORE
720,62,,,0,1,1,0,common,0.0,0.49798244207043224,0.6654786660879504,0.4618482185629296,0.0,0.0,0.9281754010198384,,,EXPLORE
721,62,,,0,1,1,0,common,0.0,0.323688587345781,0.5465132454640871,0.420400329197785,0.0,0.0,0.9285386509045699,,,EXPLORE
722,62,,,0,0,0,0,common,0.0,0.6172686344645919,0.4465290588571007,0.47946082077782703,0.0,0.0,0.9288946670095745,,,EXPLORE
723,62,,,0,1,1,0,common,0.0,0.21039758177475765,0.6252981234788658,0.3987418490769062,0.0,0.0,0.9292436458339886,,,EXPLORE
724,62,,,0,0,0,0,common,1.0,0.5987753875980153,0.5706561591089916,0.4587519106332389,0.0,0.0,0.9295857768817547,,,EXPLORE
725,62,,,0,1,1,0,common,0.0,0.13675842815359246,0.38742105205954985,0.36215386588934495,0.0,0.0,0.9299212429704582,,,EXPLORE
726,62,,,0,1,1,0,common,0.0,0.0888929782998351,0.34715609717443147,0.280175599612492,0.0,0.0,0.9302502205239386,,,EXPLORE
727,62,,,0,0,0,0,common,0.0,0.61079599806129,0.32215635649445423,0.37936171914713135,0.0,0.0,0.9305728798496655,,,EXPLORE
728,62,,,0,1,1,0,common,0.0,0.05778043589489282,0.5068993216094798,0.2828873341714598,0.0,0.0,0.9308893854017918,,,EXPLORE
729,62,,,0,0,0,0,common,0.0,0.39701739873983855,0.4889375127201507,0.3171263535419734,0.0,0.0,0.9311998960307438,,,EXPLORE
730,62,,,0,1,1,0,common,0.0,0.03755728333168033,0.6046046258846277,0.23325563247888545,0.0,0.0,0.9315045652201426,,,EXPLORE
731,62,,,0,1,1,0,common,1.0,0.9755877658344078,0.5948259379083252,0.45595527248554213,0.0,0.0,0.9318035413118024,,,EXPLORE
732,62,,,0,1,1,0,common,0.0,0.36586795220763496,0.670431997266151,0.42892907640216993,0.0,0.0,0.9320969677194989,,,EXPLORE
733,62,,,0,1,1,0,common,0.0,0.23781416893496274,0.6923279587192444,0.37159460416200774,0.0,0.0,0.9323849831321553,,,EXPLORE
734,62,,,0,1,1,0,common,0.0,0.15457920980772577,0.6721802061878703,0.3064899858557231,0.0,0.0,0.9326677217070568,,,EXPLORE
735,62,,,0,1,1,0,common,0.0,0.10047648637502175,0.6458434499374138,0.2446859360115127,0.0,0.0,0.932945313253652,,,EXPLORE
736,62,,,0,1,1,0,common,0.0,0.06530971614376414,0.6240192597674394,0.19087307005118814,0.0,0.0,0.9332178834084803,,,EXPLORE
737,62,,,0,1,1,0,common,0.0,0.04245131549344669,0.6081542355461516,0.14634654368386568,0.0,0.0,0.9334855538017147,,,EXPLORE
738,62,,,0,1,1,0,common,0.0,0.02759335507074035,0.5972240121467155,0.11072058709992808,0.0,0.0,0.9337484422157886,,,EXPLORE
739,62,,,0,1,1,0,common,0.0,0.017935680795981228,0.5898840645112937,0.08288511520874402,0.0,0.0,0.9340066627365415,,,EXPLORE
740,62,,,0,0,0,0,common,0.0,0.2580613091808951,0.5850208160544863,0.13543797340038932,0.0,0.0,0.9342603258972907,,,EXPLORE
741,62,,,0,0,0,0,common,0.0,0.16773985096758182,0.6466994183308032,0.14512853667054706,0.0,0.0,0.9345095388162151,,,EXPLORE
742,62,,,0,1,1,0,common,0.0,0.011658192517387799,0.6745379169396484,0.10508743342459928,0.0,0.0,0.9347544053274061,,,EXPLORE
743,62,,,0,1,1,0,common,0.0,0.007577825136302069,0.67297786654488,0.0758345509381101,0.0,0.0,0.9349950261059284,,,EXPLORE
744,62,,,0,1,1,0,common,1.0,0.9950744136614037,0.6719322993659871,0.35160650975509816,0.0,0.0,0.9352314987872045,,,EXPLORE
745,62,,,0,0,0,0,common,1.0,0.8909690968710718,0.5867583191091389,0.5134152858898903,0.0,0.0,0.9330441187480606,,,EXPLORE
746,62,,,0,1,1,0,common,0.0,0.3532016311200876,0.6840723327372225,0.4653511894589495,0.0,0.0,0.9333149092343059,,,EXPLORE
747,62,,,0,1,1,0,common,0.0,0.22958106022805697,0.6249919717498823,0.3946201506896817,0.0,0.0,0.9335808428426924,,,EXPLORE
748,62,,,0,0,0,0,common,1.0,0.5791299129661966,0.5648096273753961,0.44997307937263614,0.0,0.0,0.933842036006373,,,EXPLORE
749,62,,,0,0,0,0,common,0.0,0.6235655565719722,0.38716256662955584,0.5020508225324369,0.0,0.0,0.931573330100172,,,EXPLORE
750,62,,,0,0,0,0,common,1.0,0.5946823882282181,0.5773828484659059,0.5298402922411712,0.0,0.0,0.9291686530106276,,,EXPLORE
751,62,,,0,1,1,0,common,0.0,0.14922768914823703,0.3958992282877978,0.41565651131329096,0.0,0.0,0.9295122513824264,,,EXPLORE
752,62,,,0,0,0,0,common,1.0,0.3865435523483418,0.35163242779787784,0.4069226236238062,0.0,0.0,0.9298491457536422,,,EXPLORE
753,62,,,0,0,0,0,common,1.0,0.2512533090264222,0.25023609190773943,0.360221829244591,0.0,0.0,0.9301795139088008,,,EXPLORE
754,62,,,0,1,1,0,common,1.0,0.9030020020536459,0.19652179279012963,0.5230558810873075,0.0,0.0,0.9276893393869166,,,EXPLORE
755,62,,,0,0,0,0,common,1.0,0.16331465086717445,0.43158813248298916,0.4151335120212675,0.0,0.0,0.9280623532588536,,,EXPLORE
756,62,,,0,0,0,0,common,1.0,0.10615452306366335,0.3816191874361368,0.32243981533398625,0.0,0.0,0.928427865409233,,,EXPLORE
757,62,,,0,0,0,0,common,1.0,0.06900043999138117,0.35040255786510066,0.24640800273120472,0.0,0.0,0.9287860819753617,,,EXPLORE
758,62,,,0,0,0,0,common,1.0,0.044850285994397776,0.33081034506536183,0.18594068771016262,0.0,0.0,0.929137201669431,,,EXPLORE
759,62,,,0,0,0,0,common,0.0,0.9708473141036414,0.3184051101884299,0.4214126756282063,0.0,0.0,0.9294814161101685,,,EXPLORE
760,62,,,0,0,0,0,common,0.0,0.6310507541673669,0.6064256798001756,0.48430409918995443,0.0,0.0,0.9298189101368658,,,EXPLORE
761,62,,,0,1,1,0,common,0.0,0.41304869866513017,0.6931307560597944,0.46292747903250714,0.0,0.0,0.9301498621068649,,,EXPLORE
762,62,,,0,1,1,0,common,1.0,0.7315183458676654,0.6545456845834285,0.5435047390830546,0.0,0.0,0.927657852489062,,,EXPLORE
763,62,,,0,1,1,0,common,0.0,0.5245130751860174,0.6676723499322447,0.5378072399139434,0.0,0.0,0.9250091959143093,,,EXPLORE
764,62,,,0,0,0,0,common,1.0,0.5898170097912115,0.683647405359029,0.5534101708771239,0.0,0.0,0.9221887899923591,,,EXPLORE
765,62,,,0,1,1,0,common,0.0,0.34093349887091134,0.5614837934844318,0.4896671692752601,0.0,0.0,0.9226790323070113,,,EXPLORE
766,62,,,0,0,0,0,common,1.0,0.38338105636428754,0.45713441884888023,0.4577813354019683,0.0,0.0,0.9231583248188726,,,EXPLORE
767,62,,,0,0,0,0,common,1.0,0.24919768663678687,0.341206296777103,0.39520624077241384,0.0,0.0,0.9236270069207096,,,EXPLORE
768,62,,,0,0,0,0,common,1.0,0.16197849631391148,0.27459998150248177,0.32523791743486313,0.0,0.0,0.9240854041916864,,,EXPLORE
769,62,,,0,1,1,0,common,0.0,0.22160677426609238,0.23628017072864754,0.29414857448423193,0.0,0.0,0.9245338290935505,,,EXPLORE
770,62,,,0,0,0,0,common,1.0,0.10528602260404252,0.19050225934140402,0.2374898089201751,0.0,0.0,0.9249725816251287,,,EXPLORE
771,62,,,0,1,1,0,common,0.0,0.14404440327296003,0.17138714395649296,0.2094561872260106,0.0,0.0,0.9254019499380184,,,EXPLORE
772,62,,,0,0,0,0,common,1.0,0.06843591469262766,0.14784085398626312,0.1671501054659957,0.0,0.0,0.9258222109161285,,,EXPLORE
773,62,,,0,0,0,0,common,0.0,0.955516655449792,0.1376568759378466,0.4036600704611346,0.0,0.0,0.9262336307215263,,,EXPLOIT
774,62,,,0,0,0,0,common,1.0,0.37891417395763516,0.3426199178923695,0.39623630151008477,0.0,0.0,0.9266364653088511,,,EXPLORE
775,62,,,0,0,0,0,common,1.0,0.2462942130724628,0.2447247685012668,0.3512536749787981,0.0,0.0,0.9270309609103874,,,EXPLORE
776,62,,,0,0,0,0,common,1.0,0.16009123849710083,0.1928903008587452,0.2939049440342889,0.0,0.0,0.9274173544937314,,,EXPLORE
777,62,,,0,0,0,0,common,0.0,0.8959406949768844,0.16417320025282456,0.47451566931706757,0.0,0.0,0.9277958741938401,,,EXPLORE
778,62,,,0,0,0,0,common,1.0,0.4176385482650251,0.3748524098800456,0.45745253300145483,0.0,0.0,0.9281667397211225,,,EXPLORE
779,62,,,0,0,0,0,common,0.0,0.7285349436277336,0.2616525008594159,0.5387772561893385,0.0,0.0,0.9255504607322944,,,EXPLORE
780,62,,,0,0,0,0,common,1.0,0.5264522866419732,0.470648633074372,0.5350797653251289,0.0,0.0,0.9227655935772408,,,EXPLORE
781,62,,,0,0,0,0,common,1.0,0.3421939863172825,0.31344244168162305,0.477214031622775,0.0,0.0,0.9232429628881439,,,EXPLORE
782,62,,,0,0,0,0,common,1.0,0.22242609110623368,0.2294224579870559,0.4007776494678126,0.0,0.0,0.9237097810437974,,,EXPLORE
783,62,,,0,1,1,0,common,0.0,0.09362886212742402,0.184557046949582,0.308633013265696,0.0,0.0,0.9241663712261728,,,EXPLORE
784,62,,,0,0,0,0,common,1.0,0.1445769592190519,0.1679193399527473,0.2594161970517027,0.0,0.0,0.9246130436199205,,,EXPLORE
785,62,,,0,0,0,0,common,1.0,0.09397502349238374,0.14470034152473282,0.209783844983907,0.0,0.0,0.9250500960597154,,,EXPLORE
786,62,,,0,0,0,0,common,1.0,0.06108376527004944,0.1311301784348498,0.16517382106974973,0.0,0.0,0.9254778146392914,,,EXPLORE
787,62,,,0,0,0,0,common,1.0,0.03970444742553214,0.1229163975609697,0.12753300897648445,0.0,0.0,0.9258964742847778,,,EXPLOIT
788,62,,,0,0,0,0,common,0.0,0.9741921091734042,0.11782339262133577,0.38153073903556034,0.0,0.0,0.9263063392947605,,,EXPLOIT
789,62,,,0,0,0,0,common,1.0,0.36677512903728726,0.3071391813625059,0.3771040560360784,0.0,0.0,0.9267076638492961,,,EXPLORE
790,62,,,0,0,0,0,common,1.0,0.2384038338742367,0.21909456846527253,0.33549398938752584,0.0,0.0,0.9271006924899435,,,EXPLORE
791,62,,,0,0,0,0,common,1.0,0.15496249201825385,0.17305241887117406,0.2813345401767442,0.0,0.0,0.9274856605727182,,,EXPLORE
792,62,,,0,0,0,0,common,1.0,0.10072561981186501,0.14763041656294573,0.22715186406728044,0.0,0.0,0.9278627946957371,,,EXPLORE
793,62,,,0,0,0,0,common,1.0,0.06547165287771228,0.1328741109231986,0.17864780071040998,0.0,0.0,0.9282323131031854,,,EXPLORE
794,62,,,0,0,0,0,common,0.0,0.957443425629487,0.12398537248528604,0.4122864881861331,0.0,0.0,0.9285944260671241,,,EXPLOIT
795,62,,,0,1,1,0,common,0.0,0.060858760382825616,0.3155357064833687,0.3068581698451408,0.0,0.0,0.9289493362485413,,,EXPLORE
796,62,,,0,1,1,0,common,0.0,0.03955819424883665,0.29923587574644,0.22666817716624954,0.0,0.0,0.9292972390389529,,,EXPLORE
797,62,,,0,0,0,0,common,1.0,0.3776617733408334,0.28892793326787913,0.2719662560186247,0.0,0.0,0.9296383228837636,,,EXPLORE
798,62,,,0,0,0,0,common,0.0,0.7545198473284582,0.2026342002199953,0.41673233341157473,0.0,0.0,0.9299727695885158,,,EXPLORE
799,62,,,0,0,0,0,common,1.0,0.5095620992365022,0.39546865347007587,0.4445812631590529,0.0,0.0,0.9303007546090708,,,EXPLORE
800,62,,,0,0,0,0,common,1.0,0.33121536450372635,0.2560724304202129,0.4105714935624549,0.0,0.0,0.9306224473267015,,,EXPLORE
801,62,,,0,0,0,0,common,1.0,0.21528998692742218,0.18603746901685866,0.3519870415719451,0.0,0.0,0.9309380113089993,,,EXPLORE
802,62,,,0,0,0,0,common,1.0,0.13993849150282445,0.14942005539155725,0.2883724765512089,0.0,0.0,0.9312476045574458,,,EXPLORE
803,62,,,0,0,0,0,common,1.0,0.09096001947683585,0.12906220938001192,0.22914873942889696,0.0,0.0,0.9315513797424336,,,EXPLORE
804,62,,,0,0,0,0,common,1.0,0.05912401265994327,0.11716687674252842,0.17814132139821084,0.0,0.0,0.9318494844264767,,,EXPLORE
805,62,,,0,0,0,0,common,1.0,0.03843060822896316,0.10996526512243113,0.13622810744743652,0.0,0.0,0.932142061276293,,,EXPLOIT
806,62,,,0,0,0,0,common,0.0,0.975020104651174,0.10549861691691573,0.38786570660855774,0.0,0.0,0.9324292482644027,,,EXPLOIT
807,62,,,0,0,0,0,common,0.0,0.6337630680232631,0.2805971753139562,0.46163491503296933,0.0,0.0,0.9327111788608439,,,EXPLORE
808,62,,,0,0,0,0,common,1.0,0.588054005784879,0.4649946044298977,0.4995606422585422,0.0,0.0,0.9329879822155622,,,EXPLORE
809,62,,,0,0,0,0,common,1.0,0.38223510376017134,0.292307301456178,0.4643629807090309,0.0,0.0,0.9332597833320038,,,EXPLORE
810,62,,,0,0,0,0,common,1.0,0.2484528174441114,0.2043301042434148,0.39958993172955504,0.0,0.0,0.9335267032323982,,,EXPLORE
811,62,,,0,0,0,0,common,1.0,0.16149433133867241,0.15921700740949818,0.3281612516122902,0.0,0.0,0.933788859115195,,,EXPLORE
812,62,,,0,0,0,0,common,1.0,0.10497131537013704,0.13462439370337398,0.26120427073964425,0.0,0.0,0.9340463645050859,,,EXPLORE
813,62,,,0,1,1,0,common,0.0,0.025712826261743822,0.12046682255584731,0.1905568373962741,0.0,0.0,0.9342993293960111,,,EXPLORE
814,62,,,0,0,0,0,common,1.0,0.06823135499058908,0.11720548315297084,0.15385919267456857,0.0,0.0,0.9345478603875377,,,EXPLOIT
815,62,,,0,0,0,0,common,1.0,0.04435038074388287,0.10892790005974123,0.12100654909536285,0.0,0.0,0.934792060814957,,,EXPLOIT
816,62,,,0,0,0,0,common,1.0,0.028827747483523902,0.10383141893165188,0.09335290861181116,0.0,0.0,0.9350320308734453,,,EXPLOIT
817,62,,,0,0,0,0,common,1.0,0.01873803586429057,0.10063458446407708,0.07096844678755497,0.0,0.0,0.9352678677365921,,,EXPLOIT
818,62,,,0,0,0,0,common,1.0,0.012179723311788848,0.09860448100947262,0.05333182974482513,0.0,0.0,0.935499665669599,,,EXPLOIT
819,62,,,0,0,0,0,common,1.0,0.007916820152662707,0.09730481935450058,0.0397073268671764,0.0,0.0,0.9357275161374233,,,EXPLOIT
820,62,,,0,0,0,0,common,1.0,0.005145933099230726,0.09646836550443864,0.029338908736792697,0.0,0.0,0.935951507908128,,,EXPLOIT
821,62,,,0,0,0,0,common,1.0,0.0033448565145000053,0.09592816534508647,0.021540693070104887,0.0,0.0,0.9361717271516852,,,EXPLOIT
822,62,,,0,0,0,0,common,1.0,0.0021741567344250035,0.09557850550948191,0.01573073216940092,0.0,0.0,0.9363882575344638,,,EXPLOIT
823,62,,,0,0,0,0,common,1.0,0.0014132018773762578,0.09535184607530223,0.011435473081793521,0.0,0.0,0.9366011803096203,,,EXPLOIT
824,62,,,0,0,0,0,common,0.0,0.9990814187797055,0.09520477868992638,0.3077292567911671,0.0,0.0,0.9368105744035985,,,EXPLOIT
825,62,,,0,0,0,0,common,1.0,0.3505970777931915,0.2631817445292484,0.32058960309177437,0.0,0.0,0.9370165164989311,,,EXPLORE
826,62,,,0,0,0,0,common,1.0,0.22788810056557451,0.18795634292011026,0.2927791523339144,0.0,0.0,0.9372190811135289,,,EXPLORE
827,62,,,0,0,0,0,common,0.0,0.8518727346323766,0.1490618318984296,0.46050722702345304,0.0,0.0,0.9374183406766249,,,EXPLORE
828,62,,,0,1,1,0,common,0.0,0.016713337070133484,0.33489551351879826,0.32736906003745714,0.0,0.0,0.9375,,,EXPLORE
829,62,,,0,0,0,0,common,1.0,0.4462827224889552,0.3302094962857531,0.3630431587729065,0.0,0.0,0.9375,,,EXPLORE
830,62,,,0,1,1,0,common,0.0,0.010863669095586765,0.22011450797155271,0.25738931186971054,0.0,0.0,0.9375,,,EXPLORE
831,62,,,0,0,0,0,common,1.0,0.2900837696178209,0.21781789867568796,0.2671976491941436,0.0,0.0,0.9375,,,EXPLORE
832,62,,,0,0,0,0,common,1.0,0.18855445025158357,0.16318311063289276,0.2436046895113756,0.0,0.0,0.9375,,,EXPLORE
833,62,,,0,0,0,0,common,1.0,0.12256039266352936,0.13419546382094433,0.2072914004570217,0.0,0.0,0.9375,,,EXPLORE
834,62,,,0,0,0,0,common,0.0,0.9203357447687059,0.11784461128132064,0.421204703750527,0.0,0.0,0.9375,,,EXPLORE
835,62,,,0,1,1,0,common,0.0,0.007061384912131398,0.2929717642048366,0.2969617080990083,0.0,0.0,0.9375,,,EXPLORE
836,62,,,0,0,0,0,common,1.0,0.4017817659003411,0.291139695636569,0.3284077254394081,0.0,0.0,0.9375,,,EXPLORE
837,62,,,0,1,1,0,common,0.0,0.004589900192885408,0.19955673809200966,0.23126237786545129,0.0,0.0,0.9375,,,EXPLORE
838,62,,,0,0,0,0,common,0.0,0.7388418521647783,0.19865588640679122,0.38353622015524935,0.0,0.0,0.9375,,,EXPLORE
839,62,,,0,0,0,0,common,1.0,0.519752796092894,0.38464752753939657,0.4244011929365427,0.0,0.0,0.9375,,,EXPLORE
840,62,,,0,1,1,0,common,0.0,0.0029834351253755155,0.24531586365902233,0.2979758655931925,0.0,0.0,0.9375,,,EXPLORE
841,62,,,0,1,1,0,common,0.0,0.0019392328314940851,0.2446299111899225,0.20916487576468296,0.0,0.0,0.9375,,,EXPLORE
842,62,,,0,1,1,0,common,0.0,0.0012605013404711554,0.24418479142263816,0.1467935634374194,0.0,0.0,0.9375,,,EXPLORE
843,62,,,0,1,1,0,common,0.0,0.000819325871306251,0.24389578022310926,0.10300129216758544,0.0,0.0,0.9375,,,EXPLOIT
844,62,,,0,1,1,0,common,0.0,0.0005325618163490632,0.2437080567419322,0.07226067306221452,0.0,0.0,0.9375,,,EXPLOIT
845,62,,,0,0,0,0,common,1.0,0.3378393174603812,0.24358609301283773,0.15193426638166452,0.0,0.0,0.9375,,,EXPLOIT
846,62,,,0,0,0,0,common,1.0,0.21959555634924777,0.17512465533309496,0.1722326533719395,0.0,0.0,0.9375,,,EXPLORE
847,62,,,0,0,0,0,common,1.0,0.14273711162701108,0.13971919213622971,0.16338399084846097,0.0,0.0,0.9375,,,EXPLORE
848,62,,,0,0,0,0,common,1.0,0.09277912255755716,0.12016678021892863,0.14220253036118982,0.0,0.0,0.9375,,,EXPLORE
849,62,,,0,0,0,0,common,0.0,0.9396935703375878,0.108790081930603,0.3814498423541092,0.0,0.0,0.9375,,,EXPLOIT
850,62,,,0,1,1,0,common,0.0,0.0003461651806268911,0.2788643682109151,0.2671187392020645,0.0,0.0,0.9375,,,EXPLORE
851,62,,,0,0,0,0,common,0.0,0.6108008207194321,0.2787772417454436,0.3702233636572748,0.0,0.0,0.9375,,,EXPLORE
852,62,,,0,0,0,0,common,0.0,0.3970205334676309,0.45553835323436564,0.3782625146003816,0.0,0.0,0.9375,,,EXPLORE
853,62,,,0,1,1,0,common,1.0,0.9997749926325925,0.5759877986195608,0.5647162580100449,0.0,0.0,0.935442220787605,,,EXPLORE
854,62,,,0,0,0,0,common,1.0,0.7419366532460399,0.67647197438379,0.6178823765808433,0.0,0.0,0.9332670452649632,,,EXPLORE
855,62,,,0,0,0,0,common,1.0,0.482258824609926,0.6399764285580188,0.5771953109895681,0.0,0.0,0.930964251977995,,,EXPLORE
856,62,,,0,0,0,0,common,0.0,0.6865317640035481,0.5094171461669432,0.6099962468937621,0.0,0.0,0.9285223975399679,,,EXPLORE
857,62,,,0,1,1,0,common,0.0,0.35014625478881484,0.6750126275793388,0.5320412492622779,0.0,0.0,0.925928628405653,,,EXPLORE
858,62,,,0,1,1,0,common,0.0,0.22759506561272966,0.6059549270677979,0.44070739416741345,0.0,0.0,0.9263378209290105,,,EXPLORE
859,62,,,0,1,1,0,common,0.0,0.14793679264827428,0.5424953275176877,0.35287621371167166,0.0,0.0,0.9267384923346547,,,EXPLORE
860,62,,,0,0,0,0,common,1.0,0.5537543533976937,0.4972828916905434,0.41313965561747823,0.0,0.0,0.9271308864346286,,,EXPLORE
861,62,,,0,0,0,0,common,1.0,0.359940329708501,0.3293744915935178,0.39717985784478504,0.0,0.0,0.927515237889541,,,EXPLORE
862,62,,,0,1,1,0,common,0.0,0.09615891522137829,0.23835142496850123,0.30687357505776297,0.0,0.0,0.9278917726343141,,,EXPLORE
863,62,,,0,1,1,0,common,0.0,0.06250329489389589,0.21740873328439303,0.23356249100860285,0.0,0.0,0.9282607082803759,,,EXPLORE
864,62,,,0,1,1,0,common,0.0,0.04062714168103233,0.204572167212611,0.17568188621033168,0.0,0.0,0.9286222544958069,,,EXPLORE
865,62,,,0,0,0,0,common,1.0,0.23396121431052563,0.19655298790570686,0.19316568464038986,0.0,0.0,0.9289766133648344,,,EXPLOIT
866,62,,,0,0,0,0,common,1.0,0.1520747893018417,0.15518804467555472,0.1808384160388254,0.0,0.0,0.9293239797279733,,,EXPLORE
867,62,,,0,0,0,0,common,1.0,0.09884861304619708,0.13244533727911714,0.15624147514103687,0.0,0.0,0.9296645415040192,,,EXPLORE
868,62,,,0,0,0,0,common,1.0,0.06425159848002815,0.11926720501927704,0.12864451214273423,0.0,0.0,0.9299984799950125,,,EXPLOIT
869,62,,,0,0,0,0,common,1.0,0.04176353901201835,0.11133526893185024,0.10258022020351945,0.0,0.0,0.9303259701752122,,,EXPLOIT
870,62,,,0,0,0,0,common,1.0,0.02714630035781196,0.10643491620404065,0.0799500442498072,0.0,0.0,0.9306471809650562,,,EXPLOIT
871,62,,,0,0,0,0,common,1.0,0.017645095232577734,0.10335417854722412,0.06125855954463835,0.0,0.0,0.9309622754910021,,,EXPLOIT
872,62,,,0,0,0,0,common,1.0,0.011469311901175505,0.10139490963388917,0.046321785251599495,0.0,0.0,0.931271411332096,,,EXPLOIT
873,62,,,0,0,0,0,common,1.0,0.007455052735764078,0.1001393845570981,0.034661765496848865,0.0,0.0,0.9315747407540506,,,EXPLOIT
874,62,,,0,0,0,0,common,1.0,0.004845784278246668,0.09933082777943726,0.025716971131268203,0.0,0.0,0.9318724109315661,,,EXPLOIT
875,62,,,0,0,0,0,common,1.0,0.003149759780860295,0.09880842991890941,0.01894680772614583,0.0,0.0,0.9321645641595768,,,EXPLOIT
876,62,,,0,0,0,0,common,1.0,0.002047343857559225,0.09847020282695697,0.013876968565569848,0.0,0.0,0.932451338054061,,,EXPLOIT
877,62,,,0,0,0,0,common,1.0,0.0013307735074135074,0.09825091633122678,0.010113110048122945,0.0,0.0,0.9327328657430105,,,EXPLOIT
878,62,,,0,0,0,0,common,0.0,0.9991349972201812,0.09810861678112313,0.3068196761997404,0.0,0.0,0.9330092760481209,,,EXPLOIT
879,62,,,0,0,0,0,common,1.0,0.3505622518068823,0.2699185905347715,0.31994244888188295,0.0,0.0,0.9332806936577198,,,EXPLORE
880,62,,,0,0,0,0,common,1.0,0.22786546367447347,0.1931928412190631,0.2923193533196601,0.0,0.0,0.9335472392914252,,,EXPLORE
881,62,,,0,0,0,0,common,0.0,0.8518874486115923,0.1533870392854265,0.4601897819072397,0.0,0.0,0.9338090298569913,,,EXPLORE
882,62,,,0,1,1,0,common,0.0,0.02640764209267102,0.34273206362443903,0.33005513996286906,0.0,0.0,0.9340661785997696,,,EXPLORE
883,62,,,0,0,0,0,common,0.0,0.5537268415975349,0.33525110646762757,0.3971566504532688,0.0,0.0,0.9343187952451892,,,EXPLORE
884,62,,,0,1,1,0,common,0.0,0.017164967360236164,0.5037849404077784,0.28315914552535904,0.0,0.0,0.9345669861346327,,,EXPLORE
885,62,,,0,1,1,0,common,0.0,0.011157228784153508,0.4984569350439063,0.2015585705029974,0.0,0.0,0.9348108543550633,,,EXPLORE
886,62,,,0,0,0,0,common,1.0,0.6400775529616023,0.49498573227233217,0.33311426524057886,0.0,0.0,0.9350504998627336,,,EXPLORE
887,62,,,0,0,0,0,common,1.0,0.41605040942504146,0.30383664744276295,0.3579951084959176,0.0,0.0,0.9352860196012922,,,EXPLORE
888,62,,,0,1,1,0,common,0.0,0.00725219870969978,0.20635230364094245,0.25277223556005224,0.0,0.0,0.9355175076145789,,,EXPLORE
889,62,,,0,0,0,0,common,1.0,0.270432766126277,0.20489224193174485,0.25807039472991966,0.0,0.0,0.9357450551543866,,,EXPLORE
890,62,,,0,0,0,0,common,1.0,0.1757812979820801,0.15610979079326476,0.23338366570556776,0.0,0.0,0.9359687507834502,,,EXPLORE
891,62,,,0,0,0,0,common,1.0,0.11425784368835201,0.1299608418467671,0.19764591910040302,0.0,0.0,0.9361886804739059,,,EXPLORE
892,62,,,0,0,0,0,common,0.0,0.9257324016025712,0.11508779576524092,0.41607186385105344,0.0,0.0,0.9364049277014532,,,EXPLORE
893,62,,,0,1,1,0,common,0.0,0.004713929161304857,0.28864332861465997,0.2926644834441288,0.0,0.0,0.9366175735354365,,,EXPLORE
894,62,,,0,0,0,0,common,1.0,0.39827393895832874,0.28743119079855456,0.3243473200983888,0.0,0.0,0.93682669672505,,,EXPLORE
895,62,,,0,0,0,0,common,1.0,0.2588780603229137,0.19742774701387106,0.3047065421657463,0.0,0.0,0.9370323737818609,,,EXPLORE
896,62,,,0,0,0,0,common,1.0,0.16827073920989388,0.15195204016528507,0.26377580127899053,0.0,0.0,0.9372346790588311,,,EXPLORE
897,62,,,0,0,0,0,common,1.0,0.10937598048643105,0.12742184718380936,0.21745585504122267,0.0,0.0,0.9374336848260116,,,EXPLORE
898,62,,,0,1,1,0,common,0.0,0.003064053954848157,0.1133999076899,0.15313831471531028,0.0,0.0,0.9375,,,EXPLORE
899,62,,,0,0,0,0,common,1.0,0.07109438731618023,0.11302760906575035,0.12852513649557126,0.0,0.0,0.9375,,,EXPLOIT
900,62,,,0,0,0,0,common,1.0,0.04621135175551716,0.10468989995548,0.10383100107355503,0.0,0.0,0.9375,,,EXPLOIT
901,62,,,0,0,0,0,common,1.0,0.030037378641086132,0.09957054842110458,0.08169291434381436,0.0,0.0,0.9375,,,EXPLOIT
902,62,,,0,0,0,0,common,1.0,0.01952429611670603,0.09636517529428884,0.06304232887568186,0.0,0.0,0.9375,,,EXPLOIT
903,62,,,0,0,0,0,common,1.0,0.012690792475858914,0.0943320555487621,0.04793686795573497,0.0,0.0,0.9375,,,EXPLOIT
904,62,,,0,0,0,0,common,0.0,0.9917509848906917,0.09303146635190117,0.331081103036222,0.0,0.0,0.9375,,,EXPLOIT
905,62,,,0,0,0,0,common,1.0,0.3553618598210504,0.25636097078643627,0.3383653300716705,0.0,0.0,0.9375,,,EXPLORE
906,62,,,0,1,1,0,common,0.0,0.001991635070651302,0.18181511077884988,0.23745322157136475,0.0,0.0,0.9375,,,EXPLORE
907,62,,,0,0,0,0,common,0.0,0.7690147911163172,0.1814521082761546,0.3969216924348505,0.0,0.0,0.9375,,,EXPLOIT
908,62,,,0,0,0,0,common,1.0,0.5001403857743938,0.3665400403151613,0.42788730043671347,0.0,0.0,0.9375,,,EXPLORE
909,62,,,0,0,0,0,common,1.0,0.325091250753356,0.23595601164979763,0.3970484855317062,0.0,0.0,0.9375,,,EXPLORE
910,62,,,0,1,1,0,common,0.0,0.0012945627959233463,0.17144849353815153,0.27832230871097136,0.0,0.0,0.9375,,,EXPLORE
911,62,,,0,0,0,0,common,0.0,0.7886906870103186,0.17122360843205203,0.4314328222007755,0.0,0.0,0.9375,,,EXPLORE
912,62,,,0,0,0,0,common,1.0,0.4873510534432929,0.35547885492914627,0.4482082915735307,0.0,0.0,0.9375,,,EXPLORE
913,62,,,0,1,1,0,common,0.0,0.0008414658173501752,0.23040321645507422,0.3139982438466765,0.0,0.0,0.9375,,,EXPLORE
914,62,,,0,0,0,0,common,1.0,0.31677818473814034,0.2302183744533737,0.31483222611411565,0.0,0.0,0.9375,,,EXPLORE
915,62,,,0,0,0,0,common,1.0,0.2059058200797912,0.16841636400380108,0.28215430430381827,0.0,0.0,0.9375,,,EXPLORE
916,62,,,0,0,0,0,common,0.0,0.8661612169481357,0.13612823207288038,0.4573563780971135,0.0,0.0,0.9375,,,EXPLORE
917,62,,,0,0,0,0,common,1.0,0.4369952089837117,0.31477558683134965,0.45124802736309294,0.0,0.0,0.9375,,,EXPLORE
918,62,,,0,0,0,0,common,1.0,0.2840468858394126,0.2103677577045127,0.40108768490598884,0.0,0.0,0.9375,,,EXPLORE
919,62,,,0,0,0,0,common,1.0,0.1846304757956182,0.15827190653268736,0.3361505221728776,0.0,0.0,0.9375,,,EXPLORE
920,62,,,0,0,0,0,common,1.0,0.12000980926715188,0.1305835812671069,0.2713083083011599,0.0,0.0,0.9375,,,EXPLORE
921,62,,,0,0,0,0,common,1.0,0.07800637602364868,0.11493704544653124,0.21331772861790652,0.0,0.0,0.9375,,,EXPLORE
922,62,,,0,0,0,0,common,1.0,0.05070414441537163,0.10568075634737908,0.16453365335714604,0.0,0.0,0.9375,,,EXPLOIT
923,62,,,0,0,0,0,common,1.0,0.03295769386999159,0.10002808276054449,0.1250608655109997,0.0,0.0,0.9375,,,EXPLOIT
924,62,,,0,0,0,0,common,1.0,0.021422501015494477,0.09650150228013202,0.09396935616234814,0.0,0.0,0.9375,,,EXPLOIT
925,62,,,0,0,0,0,common,1.0,0.013924625660071466,0.09426994619112691,0.06995593701166512,0.0,0.0,0.9375,,,EXPLOIT
926,62,,,0,0,0,0,common,0.0,0.9909489933209535,0.09284463515270143,0.3462538539044516,0.0,0.0,0.9375,,,EXPLOIT
927,62,,,0,0,0,0,common,1.0,0.3558831543413802,0.25573480681611677,0.3491426440355302,0.0,0.0,0.9375,,,EXPLORE
928,62,,,0,0,0,0,common,0.0,0.7686759496781028,0.18123951635191984,0.4750026357283019,0.0,0.0,0.9375,,,EXPLORE
929,62,,,0,1,1,0,common,0.0,0.0005469527812776139,0.366096541449159,0.3326659308441946,0.0,0.0,0.9375,,,EXPLORE
930,62,,,0,1,1,0,common,1.0,0.9996444806921696,0.3659356108913944,0.5327594957985871,0.0,0.0,0.935442220787605,,,EXPLORE
931,62,,,0,0,0,0,common,1.0,0.5003606327092331,0.6504185403628824,0.5230398368717809,0.0,0.0,0.9332670452649632,,,EXPLORE
932,62,,,0,1,1,0,common,0.0,0.3502310875500898,0.5198302825147725,0.47119721207527354,0.0,0.0,0.9335338351661712,,,EXPLORE
933,62,,,0,0,0,0,common,1.0,0.3252344112610015,0.4108400692751286,0.4274083718309919,0.0,0.0,0.933795864158914,,,EXPLORE
934,62,,,0,0,0,0,common,1.0,0.211402367319651,0.3159495151706012,0.3626065704775896,0.0,0.0,0.9340532456708187,,,EXPLORE
935,62,,,0,0,0,0,common,1.0,0.13741153875777312,0.26163034942193164,0.29504806096164465,0.0,0.0,0.9343060896025241,,,EXPLORE
936,62,,,0,0,0,0,common,0.0,0.9106824998074474,0.22999419384729156,0.4797383926153854,0.0,0.0,0.9345545024638846,,,EXPLORE
937,62,,,0,1,1,0,common,0.0,0.22765020690755838,0.48462399504261755,0.40411193690303726,0.0,0.0,0.9347985875039052,,,EXPLORE
938,62,,,0,0,0,0,common,1.0,0.40805637512515913,0.4136036300892911,0.4052952683696738,0.0,0.0,0.9350384448347434,,,EXPLORE
939,62,,,0,0,0,0,common,1.0,0.2652366438313535,0.2962262525971038,0.36327768100817764,0.0,0.0,0.9352741715500922,,,EXPLORE
940,62,,,0,0,0,0,common,1.0,0.17240381849037978,0.2321388372169793,0.3060155222528383,0.0,0.0,0.935505861838238,,,EXPLORE
941,62,,,0,0,0,0,common,1.0,0.11206248201874691,0.19636782075249382,0.24782961018261085,0.0,0.0,0.9357336070900717,,,EXPLORE
942,62,,,0,0,0,0,common,1.0,0.0728406133121855,0.17556557005335854,0.19533291112148324,0.0,0.0,0.9359574960023136,,,EXPLORE
943,62,,,0,0,0,0,common,1.0,0.04734639865292056,0.1630417193420091,0.15093695738091442,0.0,0.0,0.9361776146761962,,,EXPLORE
944,62,,,0,0,0,0,common,1.0,0.03077515912439832,0.15530930103680318,0.11488841790395958,0.0,0.0,0.9363940467118402,,,EXPLOIT
945,62,,,0,0,0,0,common,1.0,0.020003853430858864,0.1504515354843603,0.08642304856202936,0.0,0.0,0.9366068732985356,,,EXPLOIT
946,62,,,0,0,0,0,common,1.0,0.013002504730058262,0.14736390759817183,0.06439688541243803,0.0,0.0,0.936816173301142,,,EXPLOIT
947,62,,,0,0,0,0,common,1.0,0.00845162807453792,0.14538615452142617,0.047613308211067996,0.0,0.0,0.9370220233427903,,,EXPLOIT
948,62,,,0,0,0,0,common,0.0,0.9945064417515503,0.14411286038493845,0.3316812482732127,0.0,0.0,0.9372244978840802,,,EXPLOIT
949,62,,,0,0,0,0,common,0.0,0.6464291871385077,0.36663131509739577,0.4261056299328012,0.0,0.0,0.9374236692989393,,,EXPLORE
950,62,,,0,1,1,0,common,0.0,0.14797263448991294,0.5643470738200783,0.3426657312999347,0.0,0.0,0.9375,,,EXPLORE
951,62,,,0,1,1,0,common,0.0,0.09618221241844341,0.520300613201471,0.2687206756354873,0.0,0.0,0.9375,,,EXPLORE
952,62,,,0,1,1,0,common,0.0,0.06251843807198822,0.49054194352007535,0.20686000436643756,0.0,0.0,0.9375,,,EXPLORE
953,62,,,0,0,0,0,common,1.0,0.57982102835997,0.47098603753907226,0.31874831156449723,0.0,0.0,0.9375,,,EXPLORE
954,62,,,0,0,0,0,common,1.0,0.37688366843398047,0.29946228090679305,0.33618891862534217,0.0,0.0,0.9375,,,EXPLORE
955,62,,,0,0,0,0,common,0.0,0.7550256155179127,0.21096426685513897,0.46183992769311333,0.0,0.0,0.9375,,,EXPLORE
956,62,,,0,0,0,0,common,0.0,0.4907666500866433,0.4081958865377837,0.4705179444111723,0.0,0.0,0.9375,,,EXPLORE
957,62,,,0,1,1,0,common,0.0,0.04063698474679234,0.5592705042421319,0.34155365651185826,0.0,0.0,0.9375,,,EXPLORE
958,62,,,0,0,0,0,common,1.0,0.6810016774436819,0.5473562360413147,0.4433880627914053,0.0,0.0,0.9375,,,EXPLORE
959,62,,,0,0,0,0,common,1.0,0.4426510903383932,0.3397951335893111,0.4431669710555016,0.0,0.0,0.9375,,,EXPLORE
960,62,,,0,1,1,0,common,0.0,0.026414040085415022,0.22822471844121447,0.3181410917644756,0.0,0.0,0.9375,,,EXPLORE
961,62,,,0,0,0,0,common,1.0,0.2877232087199556,0.22251680229410692,0.30901572685111955,0.0,0.0,0.9375,,,EXPLORE
962,62,,,0,0,0,0,common,0.0,0.8129799143320289,0.16731185090700543,0.4602049830953924,0.0,0.0,0.9375,,,EXPLORE
963,62,,,0,0,0,0,common,0.0,0.5284369443158188,0.355926487795196,0.48067457146152026,0.0,0.0,0.9375,,,EXPLORE
964,62,,,0,1,1,0,common,0.0,0.017169126055519766,0.5182716565763326,0.3416229378397201,0.0,0.0,0.9375,,,EXPLORE
965,62,,,0,1,1,0,common,0.0,0.011159931936087848,0.5129955571160721,0.2424840360686304,0.0,0.0,0.9375,,,EXPLORE
966,62,,,0,1,1,0,common,0.0,0.007253955758457101,0.5095542826021109,0.1719150119755784,0.0,0.0,0.9375,,,EXPLORE
967,62,,,0,0,0,0,common,1.0,0.6565159861947178,0.5073128781422958,0.31729530424132024,0.0,0.0,0.9375,,,EXPLORE
968,62,,,0,0,0,0,common,1.0,0.42673539102656655,0.31006730712916014,0.35012733027689413,0.0,0.0,0.9375,,,EXPLORE
969,62,,,0,1,1,0,common,0.0,0.004715071242997116,0.20890731742131766,0.24650365256672502,0.0,0.0,0.9375,,,EXPLORE
970,62,,,0,0,0,0,common,0.0,0.7226219958327318,0.20794790683377373,0.38933915554652704,0.0,0.0,0.9375,,,EXPLORE
971,62,,,0,0,0,0,common,1.0,0.5302957027087243,0.39380935629621416,0.43162611969518616,0.0,0.0,0.9375,,,EXPLORE
972,62,,,0,0,0,0,common,1.0,0.3446922067606708,0.24990650199138603,0.4055459458148315,0.0,0.0,0.9375,,,EXPLORE
973,62,,,0,0,0,0,common,1.0,0.224049934394436,0.1787808238588089,0.3510971423887128,0.0,0.0,0.9375,,,EXPLORE
974,62,,,0,0,0,0,common,1.0,0.14563245735638342,0.14208026381351807,0.289457736879014,0.0,0.0,0.9375,,,EXPLORE
975,62,,,0,0,0,0,common,1.0,0.09466109728164918,0.12186103580001084,0.23101874499980454,0.0,0.0,0.9375,,,EXPLORE
976,62,,,0,0,0,0,common,1.0,0.06152971323307199,0.11011794273222633,0.18017203546978477,0.0,0.0,0.9375,,,EXPLORE
977,62,,,0,0,0,0,common,1.0,0.039994313601496745,0.10303666912087078,0.13811871890929836,0.0,0.0,0.9375,,,EXPLOIT
978,62,,,0,0,0,0,common,1.0,0.025996303840972845,0.09865603227556108,0.1044819943888007,0.0,0.0,0.9375,,,EXPLOIT
979,62,,,0,0,0,0,common,0.0,0.9831024025033677,0.09589950880123302,0.36806811682317075,0.0,0.0,0.9375,,,EXPLOIT
980,62,,,0,0,0,0,common,0.0,0.639016561627189,0.26093320470173176,0.4493526502643762,0.0,0.0,0.9375,,,EXPLORE
981,62,,,0,0,0,0,common,1.0,0.5846392349423272,0.4416862070107797,0.4899386256677615,0.0,0.0,0.9375,,,EXPLORE
982,62,,,0,0,0,0,common,1.0,0.3800155027125127,0.2742407089775652,0.4569616887811868,0.0,0.0,0.9375,,,EXPLORE
983,62,,,0,0,0,0,common,1.0,0.24701007676313325,0.19090556456520028,0.3939762051757707,0.0,0.0,0.9375,,,EXPLORE
984,62,,,0,0,0,0,common,1.0,0.16055654989603663,0.14852447129496302,0.3239503085918505,0.0,0.0,0.9375,,,EXPLORE
985,62,,,0,1,1,0,common,1.0,0.9969352036920519,0.12550260680042824,0.5258457771219108,0.0,0.0,0.935442220787605,,,EXPLORE
986,62,,,0,0,0,0,common,1.0,0.10436175743242382,0.32957742801589074,0.3994005712150647,0.0,0.0,0.9356710474683342,,,EXPLORE
987,62,,,0,0,0,0,common,1.0,0.06783514233107546,0.3012026302273142,0.2999309425498679,0.0,0.0,0.9358959935572909,,,EXPLORE
988,62,,,0,0,0,0,common,0.0,0.9559071574848009,0.28359400163459986,0.4967238070303478,0.0,0.0,0.9361171458634864,,,EXPLORE
989,62,,,0,1,1,0,common,0.0,0.3519921176001663,0.566687320986174,0.4533043002012933,0.0,0.0,0.9363345886691518,,,EXPLORE
990,62,,,0,1,1,0,common,0.0,0.2287948764401081,0.45934315005769755,0.3859514730729377,0.0,0.0,0.9365484038211317,,,EXPLORE
991,62,,,0,0,0,0,common,1.0,0.3786603476348793,0.3886395590936654,0.38376413544152016,0.0,0.0,0.9367586708183354,,,EXPLORE
992,62,,,0,0,0,0,common,1.0,0.2461292259626715,0.28269382974374113,0.34247366259786555,0.0,0.0,0.9369654668954441,,,EXPLORE
993,62,,,0,0,0,0,common,0.0,0.8400160031242635,0.22485483968168993,0.4917363647557849,0.0,0.0,0.9371688671030585,,,EXPLORE
994,62,,,0,0,0,0,common,1.0,0.4539895979692288,0.45509252890526947,0.48041233471981803,0.0,0.0,0.9373689443844627,,,EXPLORE
995,62,,,0,1,1,0,common,0.0,0.14871666968607028,0.319663801679462,0.3809036352096937,0.0,0.0,0.9375,,,EXPLORE
996,62,,,0,0,0,0,common,1.0,0.2950932386799987,0.28045949261117226,0.3551605162507852,0.0,0.0,0.9375,,,EXPLORE
997,62,,,0,0,0,0,common,1.0,0.1918106051419992,0.21265093565372478,0.3061555429181494,0.0,0.0,0.9375,,,EXPLORE
998,62,,,0,1,1,0,common,1.0,0.9033341647040543,0.17583388670662348,0.4853091294539208,0.0,0.0,0.9375,,,EXPLORE
999,62,,,0,0,0,0,common,1.0,0.12467689334229948,0.39740868622952696,0.3771194586204344,0.0,0.0,0.9375,,,EXPLORE
1000,62,,,0,0,0,0,common,0.0,0.9189600193275054,0.36020399680835546,0.5396716268325557,0.0,0.0,0.935442220787605,,,EXPLORE
1001,62,,,0,0,0,0,common,0.0,0.5973240125628785,0.629442177068807,0.5569673425516525,0.0,0.0,0.9332670452649632,,,EXPLORE
1002,62,,,0,1,1,0,common,1.0,0.5871672070576354,0.6919410525272567,0.5660273019034473,0.0,0.0,0.930964251977995,,,EXPLORE
1003,62,,,0,1,1,0,common,0.0,0.618341315412537,0.5975145887288442,0.5817215059561742,0.0,0.0,0.9285223975399679,,,EXPLORE
1004,62,,,0,1,1,0,common,1.0,0.598078144981851,0.6927740603051452,0.5866284976638773,0.0,0.0,0.925928628405653,,,EXPLORE
1005,62,,,0,0,0,0,common,0.0,0.38826060816587105,0.6027832154244028,0.5271181308144753,0.0,0.0,0.923168456746442,,,EXPLORE
1006,62,,,0,1,1,0,common,1.0,0.38875079423820313,0.48945499116151725,0.4856079298415936,0.0,0.0,0.9236369155632983,,,EXPLORE
1007,62,,,0,0,0,0,common,0.0,0.2523693953078162,0.36959294654274377,0.4156363694814604,0.0,0.0,0.9240950963656864,,,EXPLORE
1008,62,,,0,1,1,0,common,1.0,0.25268801625483206,0.2988657662420656,0.3667518635134719,0.0,0.0,0.9245433113421471,,,EXPLORE
1009,62,,,0,1,1,0,common,1.0,0.16424721056564084,0.2371735127867261,0.30600046762912253,0.0,0.0,0.9249818602318624,,,EXPLORE
1010,62,,,0,1,1,0,common,1.0,0.1067606868676666,0.20241129090946167,0.24622853340068573,0.0,0.0,0.9254110309395471,,,EXPLORE
1011,62,,,0,1,1,0,common,1.0,0.0693944464639833,0.1820537867422844,0.193178307319675,0.0,0.0,0.925831100114243,,,EXPLORE
1012,62,,,0,1,1,0,common,1.0,0.04510639020158913,0.16973867966876613,0.14875673218424923,0.0,0.0,0.9262423336944724,,,EXPLORE
1013,62,,,0,1,1,0,common,0.0,0.9706808463689671,0.16211069539078474,0.39533396643966456,0.0,0.0,0.9266449874220011,,,EXPLOIT
1014,62,,,0,1,1,0,common,1.0,0.3690574498601713,0.39358164922355815,0.3874510114658165,0.0,0.0,0.9270393073263076,,,EXPLORE
1015,62,,,0,1,1,0,common,0.0,0.7601126575908886,0.2893351037007916,0.4992495053033381,0.0,0.0,0.9274255301816824,,,EXPLORE
1016,62,,,0,0,0,0,common,0.0,0.16404010695008053,0.5150097368866662,0.39868668579736083,0.0,0.0,0.927803883938748,,,EXPLORE
1017,62,,,0,1,1,0,common,1.0,0.5059267725659224,0.4639074997025746,0.4308587118279293,0.0,0.0,0.9281745881320553,,,EXPLORE
1018,62,,,0,1,1,0,common,0.0,0.6711475978321504,0.3131758178884283,0.5029453776291957,0.0,0.0,0.9255588069280177,,,EXPLORE
1019,62,,,0,1,1,0,common,1.0,0.5637540614091022,0.5153727141449927,0.5211879827631676,0.0,0.0,0.922774485998758,,,EXPLORE
1020,62,,,0,1,1,0,common,1.0,0.3664401399159165,0.34304590347172964,0.47476362990899224,0.0,0.0,0.9232516579128355,,,EXPLORE
1021,62,,,0,1,1,0,common,1.0,0.2381860909453457,0.24794942798626826,0.4037903682198983,0.0,0.0,0.9237182847475213,,,EXPLORE
1022,62,,,0,1,1,0,common,1.0,0.1548209591144747,0.1971521366494836,0.3290995454882712,0.0,0.0,0.9241746894392303,,,EXPLORE
1023,62,,,0,1,1,0,common,1.0,0.10063362342440851,0.1688115688164793,0.26055976886911236,0.0,0.0,0.9246211819393458,,,EXPLORE
1024,62,,,0,0,0,0,common,0.0,0.10662606951755235,0.15226780991748556,0.21437965906364437,0.0,0.0,0.9250580598608353,,,EXPLORE
1025,62,,,0,1,1,0,common,1.0,0.06541185522586557,0.13626425766651257,0.1696893179123107,0.0,0.0,0.9254856090866024,,,EXPLORE
1026,62,,,0,1,1,0,common,0.0,0.9574822941031874,0.12718489142894304,0.4060272107695737,0.0,0.0,0.9259041043421904,,,EXPLOIT
1027,62,,,0,1,1,0,common,0.0,0.6223634911670719,0.3221241060256253,0.47092809488882315,0.0,0.0,0.9263138097352513,,,EXPLORE
1028,62,,,0,1,1,0,common,1.0,0.5954637307414032,0.5104367911288562,0.5082887856445971,0.0,0.0,0.9235786778855434,,,EXPLORE
1029,62,,,0,1,1,0,common,1.0,0.38705142498191214,0.32958101119669836,0.4719175774457916,0.0,0.0,0.9240381315486704,,,EXPLORE
1030,62,,,0,1,1,0,common,0.0,0.7484165737617571,0.23246346763133136,0.5548672763405813,0.0,0.0,0.9211533982133405,,,EXPLORE
1031,62,,,0,1,1,0,common,1.0,0.5135292270548579,0.43734696327056266,0.5424658615548643,0.0,0.0,0.9180732548543211,,,EXPLORE
1032,62,,,0,1,1,0,common,1.0,0.33379399758565764,0.28872652406748517,0.47986430236410227,0.0,0.0,0.9186592835208105,,,EXPLORE
1033,62,,,0,0,0,0,common,0.0,0.06930694518640904,0.2113528677593786,0.3566970952107943,0.0,0.0,0.9192312514890326,,,EXPLORE
1034,62,,,0,1,1,0,common,1.0,0.2169660984306775,0.1974686892371821,0.3147777961767592,0.0,0.0,0.9197896309350487,,,EXPLORE
1035,62,,,0,0,0,0,common,1.0,0.9549504856288341,0.15869041025828456,0.5068296030123817,0.0,0.0,0.9166148558792817,,,EXPLORE
1036,62,,,0,0,0,0,common,0.0,0.3792821843412578,0.3825669745119486,0.4685653774110445,0.0,0.0,0.9172364827477029,,,EXPLORE
1037,62,,,0,1,1,0,common,1.0,0.14102796397994033,0.27743996110389085,0.37030415338171324,0.0,0.0,0.9178428304790732,,,EXPLORE
1038,62,,,0,1,1,0,common,1.0,0.09166817658696125,0.24359663487345187,0.28671336034328765,0.0,0.0,0.9184344260436962,,,EXPLORE
1039,62,,,0,1,1,0,common,0.0,0.9404156852184752,0.22326708073326973,0.48282405780584386,0.0,0.0,0.9190117725330065,,,EXPLORE
1040,62,,,0,0,0,0,common,0.0,0.2465334198218176,0.48422803050394025,0.411936866410636,0.0,0.0,0.9195753504976315,,,EXPLORE
1041,62,,,0,1,1,0,common,0.0,0.6112701953920089,0.40741279985304,0.47173686510504786,0.0,0.0,0.9201256191964681,,,EXPLORE
1042,62,,,0,0,0,0,common,0.0,0.16024672288418146,0.5922186278990555,0.3782898224387879,0.0,0.0,0.9206630177636043,,,EXPLORE
1043,62,,,0,1,1,0,common,0.0,0.3973256270048058,0.5468645296834416,0.3840005638085932,0.0,0.0,0.9211879662993198,,,EXPLORE
1044,62,,,0,0,0,0,common,0.0,0.10416036987471795,0.6478169536893019,0.3000485056284306,0.0,0.0,0.9217008668908678,,,EXPLORE
1045,62,,,0,1,1,0,common,1.0,0.7417383424468762,0.6254765416782737,0.4325554566739642,0.0,0.0,0.9222021045682547,,,EXPLORE
1046,62,,,0,0,0,0,common,0.0,0.06770424041856668,0.4081641868636146,0.32310009179734495,0.0,0.0,0.9226920481997937,,,EXPLORE
1047,62,,,0,0,0,0,common,0.0,0.04400775627206834,0.3875719303356448,0.23937239113976197,0.0,0.0,0.9231710513318169,,,EXPLORE
1048,62,,,0,1,1,0,common,1.0,0.4821299225904696,0.37440020856180656,0.31219965057497423,0.0,0.0,0.9236394529765654,,,EXPLORE
1049,62,,,0,1,1,0,common,1.0,0.3133844496838052,0.2460839647115844,0.3125550903076235,0.0,0.0,0.9240975783519493,,,EXPLORE
1050,62,,,0,1,1,0,common,1.0,0.20369989229447338,0.18146520125621635,0.27989853090367844,0.0,0.0,0.924545739576573,,,EXPLORE
1051,62,,,0,1,1,0,common,0.0,0.8675950700085923,0.14737913370441155,0.45620749263515253,0.0,0.0,0.924984236323155,,,EXPLORE
1052,62,,,0,0,0,0,common,0.0,0.028605041576844424,0.33624167483088313,0.3279267573176601,0.0,0.0,0.9254133564332108,,,EXPLORE
1053,62,,,0,0,0,0,common,0.0,0.018593277024948875,0.3282259452932121,0.2351267132298467,0.0,0.0,0.9258333764956601,,,EXPLORE
1054,62,,,0,0,0,0,common,1.0,0.9879143699337832,0.3230734025358173,0.46096301024102765,0.0,0.0,0.9262445623918,,,EXPLORE
1055,62,,,0,0,0,0,common,0.0,0.3578556595430409,0.6149149357738318,0.4300308050316316,0.0,0.0,0.9266471698089034,,,EXPLORE
1056,62,,,0,0,0,0,common,0.0,0.2326061787029766,0.5138693932236802,0.3708034171330351,0.0,0.0,0.9270414447245316,,,EXPLORE
1057,62,,,0,0,0,0,common,0.0,0.15119401615693479,0.4412876502521629,0.304920596840205,0.0,0.0,0.9274276238634901,,,EXPLORE
1058,62,,,0,0,0,0,common,1.0,0.9017238894979924,0.3946574201383722,0.4839615846375412,0.0,0.0,0.9278059351292138,,,EXPLORE
1059,62,,,0,1,1,0,common,1.0,0.43606320449441505,0.6500626861770957,0.4695920705946033,0.0,0.0,0.928176598011234,,,EXPLORE
1060,62,,,0,1,1,0,common,1.0,0.2834410829213698,0.5387611759421154,0.41374677429263323,0.0,0.0,0.9285398239702627,,,EXPLORE
1061,62,,,0,0,0,0,common,1.0,0.586120528173695,0.45098652423332375,0.4654589004569517,0.0,0.0,0.9288958168023148,,,EXPLORE
1062,62,,,0,0,0,0,common,0.0,0.6190216566870982,0.6213387408123386,0.5115277273259956,0.0,0.0,0.9263255766765388,,,EXPLORE
1063,62,,,0,1,1,0,common,1.0,0.18423670389889035,0.44070219703831803,0.413340420297864,0.0,0.0,0.9267265020652905,,,EXPLORE
1064,62,,,0,1,1,0,common,1.0,0.1197538575342787,0.38411686846631843,0.32526445146878835,0.0,0.0,0.9271191429139766,,,EXPLORE
1065,62,,,0,0,0,0,common,1.0,0.5976359231533862,0.34888505999995634,0.4069758929741677,0.0,0.0,0.9275037341535017,,,EXPLORE
1066,62,,,0,1,1,0,common,1.0,0.07784000739728114,0.5319270363115148,0.3082351273011017,0.0,0.0,0.9278805019765661,,,EXPLORE
1067,62,,,0,1,1,0,common,1.0,0.050596004808232786,0.5081092320265641,0.230943390553241,0.0,0.0,0.9282496642405483,,,EXPLORE
1068,62,,,0,1,1,0,common,1.0,0.03288740312535132,0.49239924150323977,0.17152659432487408,0.0,0.0,0.9286114308482959,,,EXPLORE
1069,62,,,0,1,1,0,common,1.0,0.021376812031478343,0.4821287358584141,0.12648165963685534,0.0,0.0,0.9289660041082249,,,EXPLORE
1070,62,,,0,1,1,0,common,1.0,0.013894927820460978,0.4754377626030323,0.09270564009193702,0.0,0.0,0.9293135790750288,,,EXPLORE
1071,62,,,0,1,1,0,common,1.0,0.009031703083299591,0.47108482251599604,0.06760345898934579,0.0,0.0,0.9296543438722022,,,EXPLORE
1072,62,,,0,1,1,0,common,1.0,0.005870607004144768,0.46825449652127793,0.04908360339378548,0.0,0.0,0.9299884799975042,,,EXPLORE
1073,62,,,0,1,1,0,common,1.0,0.0038158945526940435,0.4664145853291045,0.03550329074145805,0.0,0.0,0.9303161626124019,,,EXPLORE
1074,62,,,0,0,0,0,common,0.0,0.611536649950299,0.4652186096941371,0.20831329850411032,0.0,0.0,0.9306375608164696,,,EXPLORE
1075,62,,,0,1,1,0,common,0.0,0.9975196685407489,0.28643536347877097,0.4450752095151019,0.0,0.0,0.9309528379076456,,,EXPLORE
1076,62,,,0,0,0,0,common,0.0,0.39749882246769436,0.5815033195179863,0.4308022934008796,0.0,0.0,0.9312621516291888,,,EXPLORE
1077,62,,,0,0,0,0,common,1.0,0.7416257653959987,0.4616094453628542,0.5240493349994153,0.0,0.0,0.9288385162435208,,,EXPLORE
1078,62,,,0,1,1,0,common,1.0,0.3516122154485132,0.6602397262174691,0.47231819913414463,0.0,0.0,0.9291886015370053,,,EXPLORE
1079,62,,,0,1,1,0,common,1.0,0.22854794004153356,0.5794332988565809,0.3991871214063613,0.0,0.0,0.9295318093671096,,,EXPLORE
1080,62,,,0,0,0,0,common,0.0,0.5179432524926009,0.5119599557996487,0.43481396073223316,0.0,0.0,0.9298683235949452,,,EXPLORE
1081,62,,,0,1,1,0,common,0.0,0.8514438389730032,0.35301756348077945,0.5598029242044642,0.0,0.0,0.9273588563452262,,,EXPLORE
1082,62,,,0,1,1,0,common,1.0,0.44656150466754785,0.607313640081757,0.5258304983433892,0.0,0.0,0.9246910831294117,,,EXPLORE
1083,62,,,0,1,1,0,common,0.0,0.7097350219660938,0.4767767497028824,0.5810018554302006,0.0,0.0,0.9218496845100885,,,EXPLORE
1084,62,,,0,0,0,0,common,1.0,0.6633368858798094,0.6630047496931496,0.6057023645650832,0.0,0.0,0.9188172986952913,,,EXPLORE
1085,62,,,0,0,0,0,common,0.0,0.5688310241781238,0.670556766028982,0.5946409624489953,0.0,0.0,0.915574169445228,,,EXPLORE
1086,62,,,0,0,0,0,common,0.0,0.3697401657157805,0.6766479193030703,0.5271707234290308,0.0,0.0,0.9120977185386008,,,EXPLORE
1087,62,,,0,0,0,0,common,1.0,0.7596688922847427,0.6042445085503544,0.5969201740857444,0.0,0.0,0.9083620232420871,,,EXPLORE
1088,62,,,0,0,0,0,common,0.0,0.5062152200149173,0.6891335940500266,0.5697086878644962,0.0,0.0,0.9043371732098902,,,EXPLORE
1089,62,,,0,0,0,0,common,0.0,0.3290398930096962,0.659335019949374,0.4975080494080562,0.0,0.0,0.9052926935623294,,,EXPLORE
1090,62,,,0,0,0,0,common,1.0,0.7861240695436975,0.5842015764669984,0.5840928554487486,0.0,0.0,0.9010220362025764,,,EXPLORE
1091,62,,,0,0,0,0,common,0.0,0.48901935479659664,0.6916158808640889,0.555570805253103,0.0,0.0,0.8963969595004264,,,EXPLORE
1092,62,,,0,1,1,0,common,1.0,0.538672235722039,0.6536172739859738,0.5505012343937837,0.0,0.0,0.8913716986819468,,,EXPLORE
1093,62,,,0,1,1,0,common,0.0,0.6498630467806746,0.513280270104261,0.580309778109851,0.0,0.0,0.8858922555826199,,,EXPLORE
1094,62,,,0,1,1,0,common,0.0,0.4224109804074385,0.6717552195171635,0.5329401387991273,0.0,0.0,0.8798944598853958,,,EXPLORE
1095,62,,,0,1,1,0,common,1.0,0.7254328627351649,0.6894121977735551,0.5906879559799385,0.0,0.0,0.8733014554459667,,,EXPLORE
1096,62,,,0,0,0,0,common,0.0,0.3178625806177878,0.6117298256970813,0.5088403433712932,0.0,0.0,0.8660204024681194,,,EXPLORE
1097,62,,,0,0,0,0,common,0.0,0.20661067740156208,0.5221692567617252,0.4181714435803739,0.0,0.0,0.8684069368212931,,,EXPLORE
1098,62,,,0,1,1,0,common,0.0,0.5284686392221427,0.4578867258586481,0.45126060227290454,0.0,0.0,0.8706873070992912,,,EXPLORE
1099,62,,,0,0,0,0,common,0.0,0.13429694031101536,0.612719104304928,0.35617150368433775,0.0,0.0,0.8728683354125745,,,EXPLORE
1100,62,,,0,1,1,0,common,1.0,0.6564953845056072,0.5772859177399894,0.44626866793071857,0.0,0.0,0.8749562717667099,,,EXPLORE
1101,62,,,0,1,1,0,common,0.0,0.5732780000713553,0.37718958249561346,0.4843714675729096,0.0,0.0,0.8769568528051104,,,EXPLORE
1102,62,,,0,1,1,0,common,1.0,0.627369299953619,0.5534570444897204,0.5272708172871223,0.0,0.0,0.8700616616916713,,,EXPLORE
1103,62,,,0,0,0,0,common,0.0,0.08729301120215999,0.3612146019890727,0.3952774754616336,0.0,0.0,0.8722697411955822,,,EXPLORE
1104,62,,,0,1,1,0,common,1.0,0.4077900449698524,0.33613067665510016,0.3990312463140992,0.0,0.0,0.8743830398287779,,,EXPLORE
1105,62,,,0,1,1,0,common,0.0,0.734936470769596,0.2330414144053285,0.49980281365074825,0.0,0.0,0.8764074319154647,,,EXPLORE
1106,62,,,0,1,1,0,common,0.0,0.4777087060002374,0.43396053108165933,0.49317458135559494,0.0,0.0,0.8783483163182347,,,EXPLORE
1107,62,,,0,0,0,0,common,0.0,0.05674045728140399,0.5792261403254989,0.3622443441333376,0.0,0.0,0.8802106635910126,,,EXPLORE
1108,62,,,0,0,0,0,common,0.0,0.0368812972329126,0.5631779291997606,0.2646354300632101,0.0,0.0,0.8819990576295679,,,EXPLORE
1109,62,,,0,0,0,0,common,0.0,0.02397284320139319,0.5524509168549145,0.19243665400466503,0.0,0.0,0.8837177325544175,,,EXPLORE
1110,62,,,0,1,1,0,common,1.0,0.6894893410998457,0.5453701067992369,0.3415524601332192,0.0,0.0,0.8853706054508843,,,EXPLORE
1111,62,,,0,0,0,0,common,0.0,0.015582348080905575,0.3355024352993473,0.2437614265175251,0.0,0.0,0.886961305499238,,,EXPLORE
1112,62,,,0,0,0,0,common,0.0,0.010128526252588624,0.33112803197518864,0.17367155643804416,0.0,0.0,0.8884931999509037,,,EXPLORE
1113,62,,,0,0,0,0,common,0.0,0.006583542064182606,0.3283016086511738,0.1235451521258857,0.0,0.0,0.8899694173420662,,,EXPLORE
1114,62,,,0,1,1,0,common,1.0,0.4481680717148997,0.3264716822908489,0.22093202800258988,0.0,0.0,0.8913928682814782,,,EXPLORE
1115,62,,,0,1,1,0,common,1.0,0.2913092466146848,0.2168830263301476,0.24204519358621834,0.0,0.0,0.8927662641031457,,,EXPLORE
1116,62,,,0,1,1,0,common,0.0,0.8106489897004548,0.16223919683911656,0.4126263324204893,0.0,0.0,0.8940921336354388,,,EXPLORE
1117,62,,,0,1,1,0,common,1.0,0.4730781566947043,0.3465503248108611,0.4307618797027538,0.0,0.0,0.8953728383048589,,,EXPLORE
1118,62,,,0,1,1,0,common,0.0,0.6924991981484422,0.2267589820218035,0.5092830752364603,0.0,0.0,0.8902566578415315,,,EXPLORE
1119,62,,,0,0,0,0,common,0.0,0.004279302341718694,0.41195580267121895,0.3577819433680378,0.0,0.0,0.8916699428015143,,,EXPLORE
1120,62,,,0,0,0,0,common,0.0,0.002781546522117151,0.41064028358029425,0.2512818243142616,0.0,0.0,0.8930336896666922,,,EXPLORE
1121,62,,,0,0,0,0,common,0.0,0.0018080052393761481,0.4097858487161239,0.17643967859179596,0.0,0.0,0.8943503928152746,,,EXPLORE
1122,62,,,0,1,1,0,common,1.0,0.5498755212035126,0.40923074569053564,0.2884704313753109,0.0,0.0,0.8956223820462326,,,EXPLORE
1123,62,,,0,0,0,0,common,0.0,0.0011752034055944965,0.257204084188487,0.202281862984396,0.0,0.0,0.8968518359344846,,,EXPLORE
1124,62,,,0,0,0,0,common,0.0,0.0007638822136364227,0.25692437714732164,0.1418264687531681,0.0,0.0,0.8980407939063568,,,EXPLORE
1125,62,,,0,1,1,0,common,1.0,0.35741908878228323,0.25674268299952874,0.20650425476190262,0.0,0.0,0.8991911671761273,,,EXPLOIT
1126,62,,,0,1,1,0,common,0.0,0.7676775922915159,0.1817328252881278,0.3748562560207866,0.0,0.0,0.900304748667039,,,EXPLORE
1127,62,,,0,1,1,0,common,1.0,0.5010095650105146,0.36659988570075636,0.412702248717705,0.0,0.0,0.9013832220251193,,,EXPLORE
1128,62,,,0,0,0,0,common,0.0,0.0004965234388636748,0.23580709838056585,0.2890405311340526,0.0,0.0,0.9024281698211345,,,EXPLORE
1129,62,,,0,0,0,0,common,0.0,0.0003227402352613886,0.23569611142748323,0.20242519386441524,0.0,0.0,0.9034410810247289,,,EXPLORE
1130,62,,,0,1,1,0,common,1.0,0.32565621725683447,0.2356239907013216,0.239394500882141,0.0,0.0,0.9044233578249967,,,EXPLORE
1131,62,,,0,0,0,0,common,0.0,0.00020978115291990263,0.17109246415303314,0.16763908496337468,0.0,0.0,0.905376321863207,,,EXPLORE
1132,62,,,0,1,1,0,common,1.0,0.21167654121694246,0.171056068174117,0.180850321839445,0.0,0.0,0.9063012199359507,,,EXPLOIT
1133,62,,,0,1,1,0,common,1.0,0.13758975179101263,0.13749780654157115,0.16787215082491527,0.0,0.0,0.9071992292204749,,,EXPLORE
1134,62,,,0,0,0,0,common,0.0,0.0001363577493979367,0.11887165616600116,0.11755141290226007,0.0,0.0,0.9080714620682645,,,EXPLORE
1135,62,,,0,1,1,0,common,1.0,0.08943333866415826,0.1188543565261206,0.10911599063082952,0.0,0.0,0.9089189704079241,,,EXPLOIT
1136,62,,,0,1,1,0,common,1.0,0.05813167013170284,0.1079779050908792,0.09382069448109151,0.0,0.0,0.9097427497940157,,,EXPLOIT
1137,62,,,0,1,1,0,common,1.0,0.03778558558560685,0.10139404913776376,0.0770101618124461,0.0,0.0,0.9105437431346235,,,EXPLOIT
1138,62,,,0,1,1,0,common,1.0,0.02456063063064451,0.09731060960970275,0.06127530245790562,0.0,0.0,0.9113228441270054,,,EXPLOIT
1139,62,,,0,1,1,0,common,1.0,0.015964409909918986,0.09473669995692963,0.04768203469350963,0.0,0.0,0.9120809004276499,,,EXPLOIT
1140,62,,,0,1,1,0,common,0.0,0.9896231335585527,0.09309691081616699,0.33026436435302253,0.0,0.0,0.9128187165803946,,,EXPLOIT
1141,62,,,0,0,0,0,common,0.0,8.863253710865886e-05,0.25600828532571196,0.23121164480824835,0.0,0.0,0.9135370567238738,,,EXPLORE
1142,62,,,0,1,1,0,common,0.0,0.6432550368130593,0.25598725213872575,0.35482466240969157,0.0,0.0,0.9142366470974566,,,EXPLORE
1143,62,,,0,1,1,0,common,1.0,0.5818842260715115,0.43655048307763106,0.4229425315082375,0.0,0.0,0.9149181783629625,,,EXPLORE
1144,62,,,0,1,1,0,common,1.0,0.37822474694648245,0.27084300414851903,0.40952719613971095,0.0,0.0,0.9155823077577567,,,EXPLORE
1145,62,,,0,1,1,0,common,0.0,0.7541539144847864,0.188654673839406,0.5129152116432336,0.0,0.0,0.9121064526329891,,,EXPLORE
1146,62,,,0,0,0,0,common,0.0,5.761114912062826e-05,0.37365555120069305,0.35905793149499965,0.0,0.0,0.9128435905985679,,,EXPLORE
1147,62,,,0,1,1,0,common,1.0,0.5097999555848889,0.3736384453147592,0.4042805387219664,0.0,0.0,0.9135612779936024,,,EXPLORE
1148,62,,,0,1,1,0,common,1.0,0.33136997113017774,0.23918131801138987,0.3824073684444298,0.0,0.0,0.9142602398039035,,,EXPLORE
1149,62,,,0,0,0,0,common,1.0,0.9999625527530716,0.1728556753498379,0.5676739237370223,0.0,0.0,0.9106869202941197,,,EXPLORE
1150,62,,,0,1,1,0,common,1.0,0.21539048123461557,0.42188221107754437,0.46198889098630025,0.0,0.0,0.911462135413186,,,EXPLORE
1151,62,,,0,1,1,0,common,1.0,0.14000381280250007,0.35700256664534824,0.3653933675311602,0.0,0.0,0.9122164551620274,,,EXPLORE
1152,62,,,0,1,1,0,common,1.0,0.091002478321625,0.31748782473353376,0.2830761007682996,0.0,0.0,0.9129506765470716,,,EXPLORE
1153,62,,,0,1,1,0,common,1.0,0.059151610909056296,0.29321902620356327,0.2158987538105266,0.0,0.0,0.9136655566393632,,,EXPLORE
1154,62,,,0,1,1,0,common,1.0,0.03844854709088663,0.2780937798580812,0.1626636917946346,0.0,0.0,0.914361815045793,,,EXPLORE
1155,62,,,0,1,1,0,common,1.0,0.024991555609076288,0.26854632821530133,0.1213620509389671,0.0,0.0,0.9150401361990561,,,EXPLORE
1156,62,,,0,1,1,0,common,1.0,0.01624451114589953,0.26246235672520724,0.08982678900104682,0.0,0.0,0.915701171481667,,,EXPLOIT
1157,62,,,0,1,1,0,common,1.0,0.010558932244834729,0.2585596683582314,0.06604643197418318,0.0,0.0,0.91634554119789,,,EXPLOIT
1158,62,,,0,1,1,0,common,1.0,0.006863305959142529,0.256044935989335,0.04829149416967098,0.0,0.0,0.9169738364061419,,,EXPLOIT
1159,62,,,0,1,1,0,common,1.0,0.004461148873442622,0.2544196826201452,0.03514239058080247,0.0,0.0,0.9175866206232505,,,EXPLOIT
1160,62,,,0,1,1,0,common,1.0,0.002899746767737743,0.25336721200332507,0.02546959743688305,0.0,0.0,0.9181844314109016,,,EXPLOIT
1161,62,,,0,1,1,0,common,1.0,0.0018848353990295053,0.25268477380726456,0.018394168825526986,0.0,0.0,0.9187677818536714,,,EXPLOIT
1162,62,,,0,1,1,0,common,0.0,0.9987748569906308,0.25224189393268137,0.3125083752750581,0.0,0.0,0.9193371619371856,,,EXPLOIT
1163,62,,,0,0,0,0,common,0.0,0.3500243407105034,0.5417531612292348,0.3237631649056917,0.0,0.0,0.9198930398341948,,,EXPLORE
1164,62,,,0,1,1,0,common,1.0,0.35079634295608986,0.43332052851325414,0.3318731183208111,0.0,0.0,0.9204358631056638,,,EXPLORE
1165,62,,,0,0,0,0,common,0.0,0.22751582146182725,0.32892380591030274,0.300565929263116,0.0,0.0,0.9209660598233552,,,EXPLORE
1166,62,,,0,0,0,0,common,0.0,0.1478852839501877,0.2691686676832068,0.2547617356692375,0.0,0.0,0.9214840396198292,,,EXPLORE
1167,62,,,0,1,1,0,common,1.0,0.22801762292145844,0.23452597922123586,0.24673850184490376,0.0,0.0,0.9219901946712774,,,EXPLORE
1168,62,,,0,0,0,0,common,1.0,0.903874565432378,0.18781473589114636,0.443879320921146,0.0,0.0,0.92248490061815,,,EXPLORE
1169,62,,,0,1,1,0,common,0.0,0.8517885451010521,0.41771209869605896,0.5662520881751179,0.0,0.0,0.9194957550778998,,,EXPLORE
1170,62,,,0,0,0,0,common,0.0,0.4124815324689543,0.6548177053167679,0.5201209214632687,0.0,0.0,0.9163003984337057,,,EXPLORE
1171,62,,,0,1,1,0,common,1.0,0.4463374456843161,0.5532795492976322,0.4979858787295829,0.0,0.0,0.9169298142803316,,,EXPLORE
1172,62,,,0,0,0,0,common,0.0,0.2681129961048203,0.4155431691821412,0.42902401394215406,0.0,0.0,0.9175436800612692,,,EXPLORE
1173,62,,,0,1,1,0,common,1.0,0.2901193396948054,0.33601972137405,0.38735261166794943,0.0,0.0,0.9181425351282477,,,EXPLORE
1174,62,,,0,1,1,0,common,1.0,0.18857757080162352,0.2601113757640109,0.32772009940805163,0.0,0.0,0.9187268942544947,,,EXPLORE
1175,62,,,0,1,1,0,common,1.0,0.12257542102105523,0.21763971556997203,0.2661766958919527,0.0,0.0,0.9192972490197104,,,EXPLORE
1176,62,,,0,1,1,0,common,1.0,0.07967402366368592,0.1930146456037194,0.21022589422347265,0.0,0.0,0.9198540691024298,,,EXPLORE
1177,62,,,0,1,1,0,common,1.0,0.05178811538139583,0.17824011635768283,0.1626945605708496,0.0,0.0,0.9203978034869158,,,EXPLORE
1178,62,,,0,1,1,0,common,1.0,0.033662274997907304,0.1691432611991806,0.12398487489896691,0.0,0.0,0.9209288815911065,,,EXPLOIT
1179,62,,,0,1,1,0,common,1.0,0.021880478748639742,0.16343970995202398,0.09335355605386876,0.0,0.0,0.9214477143215776,,,EXPLOIT
1180,62,,,0,0,0,0,common,1.0,0.8257265525318668,0.15981948318610542,0.3130654549972681,0.0,0.0,0.9219546950609675,,,EXPLOIT
1181,62,,,0,1,1,0,common,1.0,0.014222311186615877,0.3466670866432169,0.22341251185407243,0.0,0.0,0.9224502005928614,,,EXPLORE
1182,62,,,0,1,1,0,common,1.0,0.009244502271300359,0.3426029932550222,0.15916210897924082,0.0,0.0,0.9229345919687002,,,EXPLORE
1183,62,,,0,1,1,0,common,1.0,0.006008926476345211,0.33997470062274915,0.11321615422837213,0.0,0.0,0.9234082153209185,,,EXPLORE
1184,62,,,0,0,0,0,common,1.0,0.5367222591457135,0.3382720386190696,0.24026798570357452,0.0,0.0,0.9238714026261554,,,EXPLORE
1185,62,,,0,1,1,0,common,1.0,0.0039058022096243317,0.5018302274037596,0.16935933065538947,0.0,0.0,0.9243244724220832,,,EXPLORE
1186,62,,,0,1,1,0,common,1.0,0.0025387714362558045,0.5006179124130755,0.11931316288964935,0.0,0.0,0.9247677304811067,,,EXPLORE
1187,62,,,0,1,1,0,common,1.0,0.0016502014335663118,0.49982947136730776,0.08401427445282443,0.0,0.0,0.9252014704439336,,,EXPLORE
1188,62,,,0,1,1,0,common,0.0,0.9989273690681819,0.49931680503633724,0.35848820283743166,0.0,0.0,0.925625974415773,,,EXPLORE
1189,62,,,0,0,0,0,common,0.0,0.6511305315552862,0.6931404991254261,0.44628090145278804,0.0,0.0,0.926041513527713,,,EXPLORE
1190,62,,,0,1,1,0,common,0.0,0.6493027898943182,0.6005080955049262,0.507187467985247,0.0,0.0,0.9232886921716256,,,EXPLORE
1191,62,,,0,0,0,0,common,0.0,0.42323484551093604,0.6931443575274692,0.48200168124295373,0.0,0.0,0.9237545044687402,,,EXPLORE
1192,62,,,0,1,1,0,common,1.0,0.5779531865686931,0.6517579117560366,0.5107871328406756,0.0,0.0,0.9208508446142389,,,EXPLORE
1193,62,,,0,1,1,0,common,1.0,0.3756695712696505,0.4980460711570989,0.470251864369368,0.0,0.0,0.9213714694827955,,,EXPLORE
1194,62,,,0,1,1,0,common,1.0,0.24418522132527287,0.3816916336322007,0.40243187145613946,0.0,0.0,0.9218801850466143,,,EXPLORE
1195,62,,,0,1,1,0,common,1.0,0.15872039386142733,0.3118960374185213,0.3293184281777258,0.0,0.0,0.9223773704967098,,,EXPLORE
1196,62,,,0,0,0,0,common,0.0,0.27510264958210845,0.2708349284162659,0.3130536945990406,0.0,0.0,0.9228633891667852,,,EXPLORE
1197,62,,,0,1,1,0,common,0.0,0.8968317439900723,0.20884436788647065,0.4881871094163501,0.0,0.0,0.9233385893540992,,,EXPLORE
1198,62,,,0,0,0,0,common,0.0,0.1788167222283705,0.44898383314750323,0.39537599325995615,0.0,0.0,0.9238033050898546,,,EXPLORE
1199,62,,,0,1,1,0,common,1.0,0.417059366406453,0.39374850402268646,0.40188100520390524,0.0,0.0,0.9242578568627011,,,EXPLORE
1200,62,,,0,0,0,0,common,1.0,0.8837691305515591,0.277266601370161,0.5464474428082013,0.0,0.0,0.921387743005176,,,EXPLORE
1201,62,,,0,1,1,0,common,1.0,0.27108858816419446,0.5381768615712249,0.46383978641499923,0.0,0.0,0.9218960880930837,,,EXPLORE
1202,62,,,0,1,1,0,common,0.0,0.8237924176932736,0.45424372656484124,0.5718255757984815,0.0,0.0,0.9188668716617385,,,EXPLORE
1203,62,,,0,1,1,0,common,1.0,0.46453492849937206,0.6695561081625355,0.5396383816087487,0.0,0.0,0.9156272451724775,,,EXPLORE
1204,62,,,0,0,0,0,common,0.0,0.4255500651414865,0.5641041994571163,0.50541188666857,0.0,0.0,0.9121546788505523,,,EXPLORE
1205,62,,,0,1,1,0,common,1.0,0.3019477035245919,0.43353670647697806,0.4443726317253765,0.0,0.0,0.9128905375538757,,,EXPLORE
1206,62,,,0,1,1,0,common,1.0,0.19626600729098476,0.3428890012229365,0.36994064439505897,0.0,0.0,0.9136069936423125,,,EXPLORE
1207,62,,,0,1,1,0,common,1.0,0.12757290473914007,0.28952155871340246,0.2972303224982833,0.0,0.0,0.9143047697399747,,,EXPLORE
1208,62,,,0,1,1,0,common,1.0,0.08292238808044106,0.25784113928792884,0.2329379421729306,0.0,0.0,0.9149845531133961,,,EXPLORE
1209,62,,,0,1,1,0,common,1.0,0.05389955225228671,0.2386006711159831,0.17922642519673743,0.0,0.0,0.9156469978087616,,,EXPLORE
1210,62,,,0,0,0,0,common,0.0,0.2766075423419663,0.22667348194890458,0.20844076034030606,0.0,0.0,0.9162927266359561,,,EXPLORE
1211,62,,,0,1,1,0,common,0.0,0.9649652910360136,0.17255674768149437,0.4353981195490183,0.0,0.0,0.916922333012088,,,EXPLORE
1212,62,,,0,1,1,0,common,0.0,0.6272274391734088,0.41056162007438324,0.4929469154363354,0.0,0.0,0.917536382675967,,,EXPLORE
1213,62,,,0,0,0,0,common,0.0,0.1797949025222781,0.5991431921460869,0.39900131156211815,0.0,0.0,0.9181354152839538,,,EXPLORE
1214,62,,,0,0,0,0,common,0.0,0.11686668663948076,0.5488377140574143,0.3143609240853269,0.0,0.0,0.9187199458966427,,,EXPLORE
1215,62,,,0,0,0,0,common,1.0,0.9240366536843375,0.5135142258702469,0.49726364296503006,0.0,0.0,0.9192904663649998,,,EXPLORE
1216,62,,,0,1,1,0,common,0.0,0.40769783546271576,0.6930086994776389,0.47039390071433573,0.0,0.0,0.9198474466237937,,,EXPLORE
1217,62,,,0,1,1,0,common,1.0,0.7349964069492347,0.6582986610935078,0.5497746525848054,0.0,0.0,0.916676712772058,,,EXPLORE
1218,62,,,0,1,1,0,common,1.0,0.47774766451700257,0.6638380803796047,0.5281665561644645,0.0,0.0,0.9132805041002701,,,EXPLORE
1219,62,,,0,0,0,0,common,0.0,0.3993761751051806,0.5494647939513558,0.4895294418466793,0.0,0.0,0.9139867668548202,,,EXPLORE
1220,62,,,0,0,0,0,common,0.0,0.2595945138183674,0.42605677353133886,0.4205489634381857,0.0,0.0,0.9146747256813941,,,EXPLORE
1221,62,,,0,1,1,0,common,1.0,0.3105359819360517,0.34812005251524003,0.3875450689875455,0.0,0.0,0.9153450496189586,,,EXPLORE
1222,62,,,0,1,1,0,common,1.0,0.20184838825843365,0.26545224839278,0.3318360647688119,0.0,0.0,0.9159983755776889,,,EXPLORE
1223,62,,,0,1,1,0,common,1.0,0.13120145236798186,0.2195029282205827,0.27164568104856285,0.0,0.0,0.9166353102455004,,,EXPLORE
1224,62,,,0,1,1,0,common,0.0,0.9147190559608118,0.1930528893221731,0.46456769352223753,0.0,0.0,0.9172564318604032,,,EXPLORE
1225,62,,,0,1,1,0,common,0.0,0.5945673863745278,0.4296391220862865,0.5035676013779246,0.0,0.0,0.9139020336666762,,,EXPLORE
1226,62,,,0,1,1,0,common,1.0,0.6135311988565569,0.6066211773221877,0.5365566806215143,0.0,0.0,0.9103020711372614,,,EXPLORE
1227,62,,,0,1,1,0,common,1.0,0.39879527925676206,0.4237550225779102,0.4952282602120886,0.0,0.0,0.9110877500189544,,,EXPLORE
1228,62,,,0,1,1,0,common,1.0,0.2592169315168953,0.30738364149656877,0.42442486160353055,0.0,0.0,0.9118521306583204,,,EXPLORE
1229,62,,,0,0,0,0,common,0.0,0.16873643398193883,0.24295992557866594,0.347718333317053,0.0,0.0,0.9125960304373738,,,EXPLORE
1230,62,,,0,1,1,0,common,1.0,0.16849100548598195,0.20663205239313298,0.29395013496773165,0.0,0.0,0.9133202255302604,,,EXPLORE
1231,62,,,0,0,0,0,common,0.0,0.10967868208826023,0.17474903797106506,0.23866869910389021,0.0,0.0,0.9140254534686767,,,EXPLORE
1232,62,,,0,1,1,0,common,1.0,0.10951915356588826,0.15625449357126725,0.1999238354424896,0.0,0.0,0.9147124155179812,,,EXPLORE
1233,62,,,0,1,1,0,common,1.0,0.07118744981782732,0.13946691240142975,0.1613029197550909,0.0,0.0,0.9153817788801033,,,EXPLORE
1234,62,,,0,1,1,0,common,1.0,0.04627184238158777,0.12940951153353158,0.12679359654303995,0.0,0.0,0.9160341787377977,,,EXPLOIT
1235,62,,,0,1,1,0,common,1.0,0.030076697548031994,0.12321714878983143,0.09777852684453757,0.0,0.0,0.9166702201534195,,,EXPLOIT
1236,62,,,0,1,1,0,common,1.0,0.01954985340622084,0.11933330305249701,0.07430992481304255,0.0,0.0,0.9172904798341546,,,EXPLOIT
1237,62,,,0,1,1,0,common,1.0,0.012707404714043524,0.11686719157547087,0.05582916878334284,0.0,0.0,0.9178955077745398,,,EXPLOIT
1238,62,,,0,1,1,0,common,1.0,0.008259813064128263,0.11528853911471157,0.041558362067578465,0.0,0.0,0.9184858287861072,,,EXPLOIT
1239,62,,,0,1,1,0,common,1.0,0.0053688784916833265,0.11427259414223863,0.03070151699480992,0.0,0.0,0.9190619439231001,,,EXPLOIT
1240,62,,,0,1,1,0,common,1.0,0.0034897710195941345,0.11361650417898334,0.02253799320224518,0.0,0.0,0.9196243318124112,,,EXPLOIT
1241,62,,,0,1,1,0,common,1.0,0.0022683511627361597,0.1131918443241065,0.016457100590392473,0.0,0.0,0.920173449895158,,,EXPLOIT
1242,62,,,0,1,1,0,common,1.0,0.0014744282557784816,0.11291657334230475,0.011962298890008275,0.0,0.0,0.9207097355866781,,,EXPLOIT
1243,62,,,0,1,1,0,common,1.0,0.0009583783662560075,0.11273796687939043,0.008661122732882593,0.0,0.0,0.9212336073611257,,,EXPLOIT
1244,62,,,0,1,1,0,common,1.0,0.0006229459380664437,0.11262200759090049,0.006249669694437748,0.0,0.0,0.9217454657663254,,,EXPLOIT
1245,62,,,0,1,1,0,common,1.0,0.000404914859743144,0.11254669101256938,0.004496243244029367,0.0,0.0,0.9222456943740642,,,EXPLOIT
1246,62,,,0,0,0,0,common,0.0,0.07129114335736916,0.1124977592905675,0.024534713278031306,0.0,0.0,0.9227346606705578,,,EXPLOIT
1247,62,,,0,1,1,0,common,0.0,0.9997368053411669,0.10417295156108777,0.317095340896972,0.0,0.0,0.9232127168914415,,,EXPLOIT
1248,62,,,0,1,1,0,common,1.0,0.35017107652824153,0.28390345726424643,0.3270180615863528,0.0,0.0,0.9236802008052805,,,EXPLORE
1249,62,,,0,1,1,0,common,1.0,0.22761119974335697,0.20420695784324153,0.29719600303345406,0.0,0.0,0.9241374364492569,,,EXPLORE
1250,62,,,0,1,1,0,common,1.0,0.147947279833182,0.16255064983717601,0.25242138607337244,0.0,0.0,0.9245847348204114,,,EXPLORE
1251,62,,,0,1,1,0,common,1.0,0.0961657318915683,0.13947791096237844,0.20554468981883117,0.0,0.0,0.925022394525538,,,EXPLORE
1252,62,,,0,1,1,0,common,0.0,0.9374922742704807,0.12604377221357632,0.42512896515432597,0.0,0.0,0.9254507023925893,,,EXPLORE
1253,62,,,0,1,1,0,common,1.0,0.3906300217241876,0.31433099331840536,0.4147792821252844,0.0,0.0,0.925869934046225,,,EXPLORE
1254,62,,,0,0,0,0,common,0.0,0.046339243182289956,0.21969111277805387,0.30424727044238603,0.0,0.0,0.9262803544499345,,,EXPLORE
1255,62,,,0,0,0,0,common,0.0,0.030120508068488473,0.21003779678890144,0.22200924173021674,0.0,0.0,0.926682218416976,,,EXPLORE
1256,62,,,0,1,1,0,common,1.0,0.25390951412072194,0.20394243859405142,0.23157932344736826,0.0,0.0,0.9270757710922041,,,EXPLORE
1257,62,,,0,0,0,0,common,0.0,0.01957833024451751,0.15801295642906438,0.167979025486513,0.0,0.0,0.9274612484067051,,,EXPLORE
1258,62,,,0,1,1,0,common,1.0,0.16504118417846925,0.15486157547214585,0.16709767309409987,0.0,0.0,0.9278388775070097,,,EXPLOIT
1259,62,,,0,1,1,0,common,1.0,0.10727676971600497,0.1303655895116885,0.1491514020806714,0.0,0.0,0.9282088771605319,,,EXPLORE
1260,62,,,0,1,1,0,common,1.0,0.06972990031540327,0.11631744696672759,0.12532495155109097,0.0,0.0,0.9285714581387505,,,EXPLOIT
1261,62,,,0,1,1,0,common,1.0,0.04532443520501217,0.10792135868085773,0.10132479664726733,0.0,0.0,0.9289268235795496,,,EXPLOIT
1262,62,,,0,1,1,0,common,1.0,0.029460882883257877,0.10275864863874724,0.07976562251806449,0.0,0.0,0.9292751693300277,,,EXPLOIT
1263,62,,,0,1,1,0,common,1.0,0.019149573874117642,0.09952305504433762,0.06158080792488043,0.0,0.0,0.929616684270992,,,EXPLOIT
1264,62,,,0,1,1,0,common,1.0,0.012447223018176468,0.0974694966620202,0.04684073245286924,0.0,0.0,0.9299515506242699,,,EXPLOIT
1265,62,,,0,1,1,0,common,1.0,0.008090694961814693,0.09615530377454493,0.03521572120555287,0.0,0.0,0.9302799442438908,,,EXPLOIT
1266,62,,,0,1,1,0,common,1.0,0.005258951725179539,0.09530970102887625,0.026228690361440873,0.0,0.0,0.9306020348921152,,,EXPLOIT
1267,62,,,0,1,1,0,common,0.0,0.9965816813786333,0.09476367782863725,0.31733458766659856,0.0,0.0,0.9309179865012254,,,EXPLOIT
1268,62,,,0,1,1,0,common,1.0,0.35222190710388834,0.26155192179663217,0.32780078349778546,0.0,0.0,0.9312279574219251,,,EXPLORE
1269,62,,,0,0,0,0,common,0.0,0.01272591465893638,0.18639210705901907,0.23327832284613073,0.0,0.0,0.9315321006591436,,,EXPLORE
1270,62,,,0,1,1,0,common,1.0,0.2289442396175274,0.18403548768954311,0.23197809787754972,0.0,0.0,0.9318305640959793,,,EXPLOIT
1271,62,,,0,0,0,0,common,0.0,0.008271844528308647,0.14567214265361644,0.16486622187277739,0.0,0.0,0.9321234907064756,,,EXPLORE
1272,62,,,0,1,1,0,common,1.0,0.14881375575139288,0.14442372852489313,0.16005048203636202,0.0,0.0,0.9324110187578727,,,EXPLOIT
1273,62,,,0,1,1,0,common,0.0,0.9032710587615946,0.12349348838794826,0.3830166550539318,0.0,0.0,0.9326932820029383,,,EXPLORE
1274,62,,,0,0,0,0,common,0.0,0.005376698943400621,0.3000122823714013,0.2697246682207724,0.0,0.0,0.9329704098629387,,,EXPLORE
1275,62,,,0,1,1,0,common,1.0,0.4128738118049635,0.29859545888131944,0.31266941129602976,0.0,0.0,0.9332425276017786,,,EXPLORE
1276,62,,,0,1,1,0,common,1.0,0.2683679776732263,0.2030153781924433,0.2993789812091887,0.0,0.0,0.933509756491804,,,EXPLORE
1277,62,,,0,1,1,0,common,1.0,0.17443918548759707,0.15493771320320915,0.2618970424927112,0.0,0.0,0.9337722139717273,,,EXPLORE
1278,62,,,0,1,1,0,common,1.0,0.11338547056693815,0.1291430877044245,0.21734357091497924,0.0,0.0,0.9340300137971104,,,EXPLORE
1279,62,,,0,1,1,0,common,1.0,0.07370055586850977,0.1144601403172494,0.1742506664010384,0.0,0.0,0.9342832661838106,,,EXPLORE
1280,62,,,0,1,1,0,common,0.0,0.9520946386854686,0.10572944574966948,0.40760385808636745,0.0,0.0,0.9345320779447708,,,EXPLOIT
1281,62,,,0,1,1,0,common,1.0,0.38113848485444546,0.27534666601714214,0.3996642461167908,0.0,0.0,0.9347765526205107,,,EXPLORE
1282,62,,,0,1,1,0,common,1.0,0.24774001515538957,0.19153536399658677,0.3540869768283704,0.0,0.0,0.9350167906036561,,,EXPLORE
1283,62,,,0,1,1,0,common,1.0,0.16103100985100327,0.14892295909093953,0.29617018673516027,0.0,0.0,0.9352528892578195,,,EXPLORE
1284,62,,,0,0,0,0,common,0.0,0.0034948543132104033,0.1257836971683064,0.20836758700857527,0.0,0.0,0.9354849430311319,,,EXPLORE
1285,62,,,0,1,1,0,common,1.0,0.10467015640315214,0.12531839190081945,0.17725835782694832,0.0,0.0,0.9357130435647025,,,EXPLOIT
1286,62,,,0,1,1,0,common,1.0,0.06803560166204892,0.11206799595015864,0.1444915309774785,0.0,0.0,0.9359372797962665,,,EXPLOIT
1287,62,,,0,1,1,0,common,1.0,0.04422314108033176,0.10413826772065966,0.11441101400833446,0.0,0.0,0.9361577380592746,,,EXPLOIT
1288,62,,,0,1,1,0,common,0.0,0.9712549582977843,0.09925776263863086,0.3714641972951694,0.0,0.0,0.9363745021776485,,,EXPLOIT
1289,62,,,0,0,0,0,common,0.0,0.0022716553035867625,0.2657104336913887,0.26070643469769456,0.0,0.0,0.9365876535564296,,,EXPLORE
1290,62,,,0,1,1,0,common,1.0,0.36868427710644025,0.2651575011729229,0.2930997874203183,0.0,0.0,0.9367972712685196,,,EXPLORE
1291,62,,,0,1,1,0,common,1.0,0.2396447801191861,0.1861004249978241,0.27706328522997864,0.0,0.0,0.9370034321377159,,,EXPLORE
1292,62,,,0,1,1,0,common,1.0,0.15576910707747094,0.14574144114328394,0.2406750317842263,0.0,0.0,0.9372062108182172,,,EXPLORE
1293,62,,,0,0,0,0,common,0.0,0.0014765759473313956,0.12372644958109588,0.1689154950331578,0.0,0.0,0.937405679870781,,,EXPLORE
1294,62,,,0,1,1,0,common,1.0,0.10124991960035612,0.12353250514780945,0.14861582240331728,0.0,0.0,0.9375,,,EXPLOIT
1295,62,,,0,1,1,0,common,0.0,0.9341875522597685,0.1108577087838159,0.38428734136025267,0.0,0.0,0.9375,,,EXPLOIT
1296,62,,,0,0,0,0,common,0.0,0.0009597743657654072,0.281890452408109,0.2692890712619065,0.0,0.0,0.9375,,,EXPLORE
1297,62,,,0,1,1,0,common,0.0,0.6072219089688495,0.28164719146983647,0.3706689225739894,0.0,0.0,0.9375,,,EXPLORE
1298,62,,,0,1,1,0,common,1.0,0.6053057591702478,0.4579774140222763,0.44105997355286686,0.0,0.0,0.9375,,,EXPLORE
1299,62,,,0,1,1,0,common,1.0,0.39344874346066105,0.2821329901090617,0.42677660452520505,0.0,0.0,0.9375,,,EXPLORE
1300,62,,,0,1,1,0,common,1.0,0.2557416832494297,0.19434102292340213,0.37546612814247243,0.0,0.0,0.9375,,,EXPLORE
1301,62,,,0,0,0,0,common,0.0,0.0006238533377475147,0.149953691320469,0.26301344570105495,0.0,0.0,0.9375,,,EXPLORE
1302,62,,,0,1,1,0,common,0.0,0.8337679058878706,0.14985684509617686,0.4342397837570996,0.0,0.0,0.9375,,,EXPLOIT
1303,62,,,0,1,1,0,common,1.0,0.45805086117288407,0.3312557314519391,0.4413831069818349,0.0,0.0,0.9375,,,EXPLORE
1304,62,,,0,1,1,0,common,1.0,0.29773305976237463,0.21841614268253454,0.39828809281599675,0.0,0.0,0.9375,,,EXPLORE
1305,62,,,0,1,1,0,common,1.0,0.19352648884554347,0.16238231946625825,0.3368596116248607,0.0,0.0,0.9375,,,EXPLORE
1306,62,,,0,0,0,0,common,0.0,0.0004055046695358846,0.132821079117228,0.23592337953826326,0.0,0.0,0.9375,,,EXPLORE
1307,62,,,0,1,1,0,common,1.0,0.12579221774960325,0.13276437649585632,0.20288403100166524,0.0,0.0,0.9375,,,EXPLOIT
1308,62,,,0,1,1,0,common,1.0,0.08176494153724212,0.11616558867364693,0.16654830416233832,0.0,0.0,0.9375,,,EXPLORE
1309,62,,,0,1,1,0,common,0.0,0.9468527880007926,0.10638789492566758,0.40063964931387464,0.0,0.0,0.9375,,,EXPLOIT
1310,62,,,0,0,0,0,common,0.0,0.000263578035198325,0.2754721370679175,0.2805268279302717,0.0,0.0,0.9375,,,EXPLORE
1311,62,,,0,0,0,0,common,0.0,0.00017132572287891125,0.2754063378338735,0.19642017726805386,0.0,0.0,0.9375,,,EXPLORE
1312,62,,,0,1,1,0,common,0.0,0.6154543122005152,0.27536357401367934,0.3221304177477923,0.0,0.0,0.9375,,,EXPLORE
1313,62,,,0,1,1,0,common,1.0,0.5999546970696652,0.45273041359061017,0.40547770154435414,0.0,0.0,0.9375,,,EXPLORE
1314,62,,,0,1,1,0,common,0.0,0.6100294469047176,0.2792504427300726,0.4668432251524631,0.0,0.0,0.9375,,,EXPLORE
1315,62,,,0,0,0,0,common,1.0,0.9998886382801287,0.4558853511610801,0.6267568490907627,0.0,0.0,0.935442220787605,,,EXPLORE
1316,62,,,0,0,0,0,common,0.0,0.35007238511791633,0.6888511228485681,0.5437515098989087,0.0,0.0,0.9332670452649632,,,EXPLORE
1317,62,,,0,0,0,0,common,0.0,0.22754705032664563,0.6391469709830442,0.4488901720272298,0.0,0.0,0.9335338351661712,,,EXPLORE
1318,62,,,0,0,0,0,common,0.0,0.14790558271231968,0.5832918405976175,0.3585947952327568,0.0,0.0,0.933795864158914,,,EXPLORE
1319,62,,,0,0,0,0,common,1.0,0.9038613712369922,0.5407277373797885,0.5221747680340274,0.0,0.0,0.9315244303936453,,,EXPLORE
1320,62,,,0,1,1,0,common,1.0,0.6034808595119335,0.6926372968375347,0.5465665954773992,0.0,0.0,0.9291167790589188,,,EXPLORE
1321,62,,,0,1,1,0,common,1.0,0.39226255868275683,0.6223471880337468,0.5002753844390064,0.0,0.0,0.9265604110563624,,,EXPLORE
1322,62,,,0,0,0,0,common,0.0,0.41249010869595504,0.5128062392704664,0.47393980171609096,0.0,0.0,0.9269564759558881,,,EXPLORE
1323,62,,,0,1,1,0,common,1.0,0.254970663143792,0.38495062375551187,0.40824906014440127,0.0,0.0,0.9273443944094999,,,EXPLORE
1324,62,,,0,1,1,0,common,1.0,0.1657309310434648,0.3119164671865083,0.3354936214141203,0.0,0.0,0.927724396201827,,,EXPLORE
1325,62,,,0,0,0,0,common,0.0,0.26811857065237077,0.26912707952510195,0.3152811061855954,0.0,0.0,0.9280967026170185,,,EXPLORE
1326,62,,,0,0,0,0,common,0.0,0.174277070924041,0.20885438193514244,0.2729798956071291,0.0,0.0,0.9284615268285658,,,EXPLORE
1327,62,,,0,1,1,0,common,1.0,0.10772510517825218,0.17566280427834371,0.223403458478466,0.0,0.0,0.9288190742678637,,,EXPLORE
1328,62,,,0,1,1,0,common,1.0,0.0700213183658639,0.15740259459305578,0.17738881644468535,0.0,0.0,0.9291695429728491,,,EXPLORE
1329,62,,,0,1,1,0,common,1.0,0.045513856937811514,0.1464131342879691,0.1378263285926232,0.0,0.0,0.9295131239179631,,,EXPLOIT
1330,62,,,0,1,1,0,common,1.0,0.02958400700957753,0.139627705279858,0.1053536321177095,0.0,0.0,0.9298500013265949,,,EXPLOIT
1331,62,,,0,1,1,0,common,1.0,0.019229604556225355,0.13536424668916708,0.07951642384926426,0.0,0.0,0.9301803529670806,,,EXPLOIT
1332,62,,,0,1,1,0,common,1.0,0.012499242961546475,0.13265398685266935,0.059411269582948914,0.0,0.0,0.9305043504332585,,,EXPLOIT
1333,62,,,0,1,1,0,common,1.0,0.008124507925005187,0.13091776529688198,0.04402524108556579,0.0,0.0,0.9308221594105157,,,EXPLOIT
1334,62,,,0,1,1,0,common,1.0,0.005280930151253416,0.12979988413502042,0.03240194780527208,0.0,0.0,0.9311339399281892,,,EXPLOIT
1335,62,,,0,1,1,0,common,0.0,0.9965673954016853,0.12907774197290955,0.321651582084196,0.0,0.0,0.931439846599134,,,EXPLOIT
1336,62,,,0,0,0,0,common,0.0,0.11328009610062664,0.3369214543366762,0.25914013628912513,0.0,0.0,0.9317400288472146,,,EXPLORE
1337,62,,,0,0,0,0,common,1.0,0.9263679375345927,0.3057864582409157,0.4593084766627654,0.0,0.0,0.9320346311234187,,,EXPLORE
1338,62,,,0,1,1,0,common,1.0,0.3522311929889046,0.5822754811296842,0.42718529156060714,0.0,0.0,0.9323237931112572,,,EXPLORE
1339,62,,,0,1,1,0,common,1.0,0.228950275442788,0.47667209712359815,0.36771478672526137,0.0,0.0,0.9326076499220622,,,EXPLORE
1340,62,,,0,1,1,0,common,1.0,0.14881767903781218,0.40540156488617796,0.30204565441902664,0.0,0.0,0.9328863322807592,,,EXPLORE
1341,62,,,0,0,0,0,common,1.0,0.6021391593974852,0.36080467932301674,0.3920737059125642,0.0,0.0,0.9331599667026487,,,EXPLORE
1342,62,,,0,1,1,0,common,1.0,0.09673149137457793,0.54559863446851,0.3034710415511683,0.0,0.0,0.9334286756617041,,,EXPLORE
1343,62,,,0,1,1,0,common,1.0,0.06287546939347566,0.5163426496600674,0.23129236990386048,0.0,0.0,0.9336925777508552,,,EXPLORE
1344,62,,,0,1,1,0,common,1.0,0.04086905510575922,0.4968965797215546,0.17416537546443012,0.0,0.0,0.9339517878346999,,,EXPLORE
1345,62,,,0,1,1,0,common,0.0,0.9734351141812565,0.48414872447804586,0.413946297079478,0.0,0.0,0.9342064171950558,,,EXPLORE
1346,62,,,0,0,0,0,common,0.0,0.6086095463916346,0.6919846684756861,0.4723452718731249,0.0,0.0,0.934456573669745,,,EXPLORE
1347,62,,,0,1,1,0,common,1.0,0.36726717578218326,0.5921745638247046,0.4408218430458424,0.0,0.0,0.9347023617849708,,,EXPLORE
1348,62,,,0,1,1,0,common,1.0,0.23872366425841918,0.48338537089885875,0.38019238940961536,0.0,0.0,0.9349438828816337,,,EXPLORE
1349,62,,,0,1,1,0,common,0.0,0.8448296182320275,0.4089815682398806,0.519583558056339,0.0,0.0,0.9327397899451274,,,EXPLORE
1350,62,,,0,1,1,0,common,0.0,0.5491392518508179,0.6481298706953816,0.5284502661946827,0.0,0.0,0.9304055162491076,,,EXPLORE
1351,62,,,0,1,1,0,common,0.0,0.35694051370303165,0.690167563012677,0.4769973404471874,0.0,0.0,0.9307252084381855,,,EXPLORE
1352,62,,,0,0,0,0,common,0.0,0.3955962051545625,0.642361218238171,0.4525769998593999,0.0,0.0,0.9310388236095454,,,EXPLORE
1353,62,,,0,0,0,0,common,0.0,0.25713753335046563,0.6918861210651133,0.39394515990671963,0.0,0.0,0.9313465180147037,,,EXPLORE
1354,62,,,0,1,1,0,common,0.0,0.2320113339069706,0.6848007590951133,0.3453650121067949,0.0,0.0,0.9316484426475655,,,EXPLORE
1355,62,,,0,1,1,0,common,1.0,0.8491926329604691,0.6926139944314949,0.49651329836289715,0.0,0.0,0.9319447434639593,,,EXPLORE
1356,62,,,0,1,1,0,common,1.0,0.551975211424305,0.5571742581539139,0.5131518722813194,0.0,0.0,0.9295625969980802,,,EXPLORE
1357,62,,,0,1,1,0,common,0.0,0.6412161125742017,0.38738735285678605,0.5515711443691841,0.0,0.0,0.9270341031302592,,,EXPLORE
1358,62,,,0,0,0,0,common,0.0,0.16713939667780267,0.5824774156864605,0.43624162006176964,0.0,0.0,0.9274204324353847,,,EXPLORE
1359,62,,,0,1,1,0,common,1.0,0.5832095268267689,0.5340611852311524,0.4803319920912694,0.0,0.0,0.9277988896588846,,,EXPLORE
1360,62,,,0,1,1,0,common,1.0,0.3790861924373998,0.3550927754681034,0.44995825219510854,0.0,0.0,0.9281696944449496,,,EXPLORE
1361,62,,,0,1,1,0,common,1.0,0.24640602508430987,0.25479868328472965,0.3888925840618689,0.0,0.0,0.9285330584019045,,,EXPLORE
1362,62,,,0,0,0,0,common,0.0,0.10864060784057174,0.20127965858460406,0.3048169911954797,0.0,0.0,0.9288891854667127,,,EXPLORE
1363,62,,,0,1,1,0,common,1.0,0.16016391630480142,0.18067326676196727,0.26142106872827625,0.0,0.0,0.9292382722498116,,,EXPLORE
1364,62,,,0,1,1,0,common,1.0,0.10410654559812094,0.15347876389821447,0.21422671178922964,0.0,0.0,0.9295805083615089,,,EXPLORE
1365,62,,,0,1,1,0,common,0.0,0.9323307453612214,0.13772838515706898,0.4296579218608272,0.0,0.0,0.9299160767210795,,,EXPLORE
1366,62,,,0,0,0,0,common,0.0,0.07061639509637163,0.3361878143111309,0.3219454638314905,0.0,0.0,0.9302451538496224,,,EXPLORE
1367,62,,,0,0,0,0,common,0.0,0.04590065681264156,0.3165981209063635,0.2391320217258358,0.0,0.0,0.9305679101476642,,,EXPLORE
1368,62,,,0,0,0,0,common,0.0,0.029835426928217015,0.3042303353182606,0.17634304328655018,0.0,0.0,0.9308845101584308,,,EXPLORE
1369,62,,,0,1,1,0,common,1.0,0.39398501551520604,0.29635250731480356,0.24163563495514692,0.0,0.0,0.9311951128176388,,,EXPLORE
1370,62,,,0,1,1,0,common,0.0,0.743909739915116,0.20508538783103347,0.3923178664431376,0.0,0.0,0.9314998716906089,,,EXPLORE
1371,62,,,0,0,0,0,common,0.0,0.01939302750334106,0.3959690418387602,0.28044041476119863,0.0,0.0,0.931798935197444,,,EXPLORE
1372,62,,,0,1,1,0,common,1.0,0.5164586690551746,0.3900947026608057,0.3512458910493914,0.0,0.0,0.9320924468269662,,,EXPLORE
1373,62,,,0,1,1,0,common,1.0,0.3356981348858634,0.2502709797491372,0.34658156420033304,0.0,0.0,0.9323805453400658,,,EXPLORE
1374,62,,,0,1,1,0,common,0.0,0.7817962123241887,0.18068827485983927,0.4771459586374897,0.0,0.0,0.9326633649630612,,,EXPLORE
1375,62,,,0,0,0,0,common,0.0,0.012605467877171688,0.36907006601277953,0.3377838114093943,0.0,0.0,0.9329410355716478,,,EXPLORE
1376,62,,,0,0,0,0,common,0.0,0.008193554120161598,0.3653557073814954,0.23890673422262446,0.0,0.0,0.9332136828659557,,,EXPLORE
1377,62,,,0,1,1,0,common,1.0,0.4918324619892773,0.36295051810529544,0.31478445255262033,0.0,0.0,0.9334814285372214,,,EXPLORE
1378,62,,,0,1,1,0,common,1.0,0.3196911002930303,0.2350823998748258,0.3162564468747433,0.0,0.0,0.9337443904265336,,,EXPLORE
1379,62,,,0,1,1,0,common,0.0,0.7922007848095303,0.1717074578311233,0.45903974825517935,0.0,0.0,0.9340026826760913,,,EXPLORE
1380,62,,,0,0,0,0,common,0.0,0.005325810178105039,0.3573077021050357,0.32292556683205703,0.0,0.0,0.9342564158733845,,,EXPLORE
1381,62,,,0,0,0,0,common,1.0,0.9965382233842317,0.3557598031037009,0.5250093637977093,0.0,0.0,0.932012118609556,,,EXPLORE
1382,62,,,0,1,1,0,common,1.0,0.48506948987380527,0.6428928171881307,0.5130274016205381,0.0,0.0,0.9296340478862356,,,EXPLORE
1383,62,,,0,0,0,0,common,0.0,0.35225015480024935,0.5128806435152755,0.46479422757445144,0.0,0.0,0.9299685774829567,,,EXPLORE
1384,62,,,0,0,0,0,common,1.0,0.7710373993798378,0.40328626326639627,0.5566671791160673,0.0,0.0,0.9274653337704108,,,EXPLORE
1385,62,,,0,1,1,0,common,1.0,0.31529516841797345,0.6285431544839446,0.48425557590663915,0.0,0.0,0.9278428800195193,,,EXPLORE
1386,62,,,0,1,1,0,common,1.0,0.20494185947168275,0.5442625129585357,0.4004614609761522,0.0,0.0,0.928212799120777,,,EXPLORE
1387,62,,,0,0,0,0,common,0.0,0.4988256904031053,0.48134621429236446,0.4299707298042381,0.0,0.0,0.9285753017620282,,,EXPLORE
1388,62,,,0,1,1,0,common,1.0,0.13321220865659378,0.33045094361411687,0.3409431734599448,0.0,0.0,0.9289305910012946,,,EXPLORE
1389,62,,,0,0,0,0,common,0.0,0.32423669876201844,0.2944459171603629,0.3359312310505669,0.0,0.0,0.9292788626093826,,,EXPLORE
1390,62,,,0,0,0,0,common,1.0,0.789246145804688,0.2179362148471643,0.4719257054768032,0.0,0.0,0.9296203053941873,,,EXPLORE
1391,62,,,0,1,1,0,common,1.0,0.08658793562678602,0.42911439540517615,0.35632437452179805,0.0,0.0,0.9299551015078261,,,EXPLORE
1392,62,,,0,0,0,0,common,0.0,0.4869900052269528,0.4024260309478319,0.3955240637333445,0.0,0.0,0.9302834267376533,,,EXPLORE
1393,62,,,0,0,0,0,common,1.0,0.6834564966024806,0.2670138654863104,0.4819037935940853,0.0,0.0,0.9306054507821311,,,EXPLORE
1394,62,,,0,1,1,0,common,1.0,0.05628215815741089,0.46344417810552685,0.35421730296308296,0.0,0.0,0.9309213375124739,,,EXPLORE
1395,62,,,0,1,1,0,common,1.0,0.03658340280231709,0.4458213874188631,0.25892713291485314,0.0,0.0,0.9312312452209082,,,EXPLORE
1396,62,,,0,1,1,0,common,1.0,0.023779211821506108,0.4344059898904047,0.18838275658684903,0.0,0.0,0.9315353268563454,,,EXPLORE
1397,62,,,0,1,1,0,common,1.0,0.015456487683979003,0.42701350032069313,0.136504875915988,0.0,0.0,0.9318337302482028,,,EXPLORE
1398,62,,,0,1,1,0,common,1.0,0.010046716994586369,0.4222228265528537,0.09856742823956752,0.0,0.0,0.9321265983190641,,,EXPLORE
1399,62,,,0,1,1,0,common,1.0,0.006530366046481162,0.41911573539681146,0.0709563095816416,0.0,0.0,0.9324140692868201,,,EXPLORE
1400,62,,,0,1,1,0,common,1.0,0.004244737930212739,0.41709921791338644,0.05094283808621294,0.0,0.0,0.9326962768568977,,,EXPLORE
1401,62,,,0,1,1,0,common,1.0,0.0027590796546382856,0.41578984152056836,0.036487710556740535,0.0,0.0,0.932973350405133,,,EXPLORE
1402,62,,,0,1,1,0,common,1.0,0.0017934017755149023,0.41493933603082706,0.026079417922372842,0.0,0.0,0.9332454151518199,,,EXPLORE
1403,62,,,0,0,0,0,common,0.0,0.5557532772083875,0.4143867603581053,0.18498157570817725,0.0,0.0,0.9335125923274251,,,EXPLORE
1404,62,,,0,1,1,0,common,0.0,0.9988342888459153,0.25980590535250425,0.42913738964949866,0.0,0.0,0.9337749993304327,,,EXPLORE
1405,62,,,0,1,1,0,common,1.0,0.35075771225015506,0.5512205426424649,0.40562348642969553,0.0,0.0,0.9340327498777484,,,EXPLORE
1406,62,,,0,0,0,0,common,0.0,0.3612396301854519,0.4430496670956614,0.3923083295564224,0.0,0.0,0.9342859541480737,,,EXPLORE
1407,62,,,0,0,0,0,common,0.0,0.23480575962054376,0.3347364821757417,0.3450575585756588,0.0,0.0,0.9345347189186249,,,EXPLORE
1408,62,,,0,1,1,0,common,1.0,0.2279925129626008,0.2724921801287087,0.30993804489174137,0.0,0.0,0.9347791476955607,,,EXPLORE
1409,62,,,0,1,1,0,common,1.0,0.14819513342569057,0.22003655386483761,0.2614151714519261,0.0,0.0,0.9350193408384474,,,EXPLORE
1410,62,,,0,1,1,0,common,1.0,0.09632683672669884,0.19029674225075727,0.21188867103435793,0.0,0.0,0.9352553956790831,,,EXPLORE
1411,62,,,0,1,1,0,common,1.0,0.0626124438723542,0.17275983227472633,0.1671058028857568,0.0,0.0,0.9354874066349711,,,EXPLORE
1412,62,,,0,1,1,0,common,1.0,0.04069808851703027,0.1620929579441444,0.12918348857513884,0.0,0.0,0.9357154653177281,,,EXPLOIT
1413,62,,,0,1,1,0,common,1.0,0.02645375753606971,0.1554600716551714,0.09836456926341809,0.0,0.0,0.9359396606366822,,,EXPLOIT
1414,62,,,0,1,1,0,common,1.0,0.017194942398445323,0.15127306670763532,0.07401368120392625,0.0,0.0,0.9361600788979141,,,EXPLOIT
1415,62,,,0,1,1,0,common,1.0,0.011176712558989443,0.1486033063057164,0.055162590610445206,0.0,0.0,0.9363768038989677,,,EXPLOIT
1416,62,,,0,1,1,0,common,1.0,0.007264863163343183,0.14688963227738663,0.040793272376314596,0.0,0.0,0.9365899170194556,,,EXPLOIT
1417,62,,,0,1,1,0,common,1.0,0.004722161056173069,0.1457848407093507,0.029971938980272134,0.0,0.0,0.9367994973077599,,,EXPLOIT
1418,62,,,0,1,1,0,common,1.0,0.0030694046865125113,0.14507055310551345,0.021901178692144245,0.0,0.0,0.9370056215640272,,,EXPLOIT
1419,62,,,0,1,1,0,common,0.0,0.9980048869537669,0.14460787851317153,0.314732291170631,0.0,0.0,0.9372083644196398,,,EXPLOIT
1420,62,,,0,0,0,0,common,0.0,0.15262374375335344,0.3686336316605779,0.2660997269454477,0.0,0.0,0.9374077984133359,,,EXPLORE
1421,62,,,0,1,1,0,common,1.0,0.35129682348005153,0.324931438453794,0.29165885590582885,0.0,0.0,0.9375,,,EXPLORE
1422,62,,,0,1,1,0,common,0.0,0.7716570647379665,0.23669982477674825,0.4356583185554701,0.0,0.0,0.9375,,,EXPLORE
1423,62,,,0,0,0,0,common,0.0,0.09920543343967975,0.45055031767325315,0.33472245302073295,0.0,0.0,0.9375,,,EXPLORE
1424,62,,,0,0,0,0,common,0.0,0.06448353173579184,0.41966563278065405,0.2536507766352506,0.0,0.0,0.9375,,,EXPLORE
1425,62,,,0,1,1,0,common,1.0,0.49842290792032173,0.3998679593175687,0.3270824160207719,0.0,0.0,0.9375,,,EXPLORE
1426,62,,,0,1,1,0,common,1.0,0.3239748901482091,0.26220047003052105,0.32615015825900306,0.0,0.0,0.9375,,,EXPLORE
1427,62,,,0,0,0,0,common,0.0,0.041914295628264694,0.19222304392153922,0.24087939946978154,0.0,0.0,0.9375,,,EXPLORE
1428,62,,,0,1,1,0,common,1.0,0.21058367859633598,0.1843577902893465,0.23179068320774787,0.0,0.0,0.9375,,,EXPLORE
1429,62,,,0,1,1,0,common,1.0,0.13687939108761837,0.14874566458185187,0.203317295571709,0.0,0.0,0.9375,,,EXPLORE
1430,62,,,0,1,1,0,common,1.0,0.08897160420695194,0.12888424021605152,0.16901358816228187,0.0,0.0,0.9375,,,EXPLORE
1431,62,,,0,1,1,0,common,1.0,0.05783154273451874,0.11725244137590643,0.13565897453395293,0.0,0.0,0.9375,,,EXPLOIT
1432,62,,,0,1,1,0,common,1.0,0.03759050277743714,0.11019935054957901,0.10623843300699817,0.0,0.0,0.9375,,,EXPLOIT
1433,62,,,0,1,1,0,common,0.0,0.9755661731946659,0.10582023903107489,0.36703675506329847,0.0,0.0,0.9375,,,EXPLOIT
1434,62,,,0,0,0,0,common,0.0,0.027244292158372055,0.28144766962174905,0.2650990161918205,0.0,0.0,0.9375,,,EXPLORE
1435,62,,,0,0,0,0,common,0.0,0.017708789902941835,0.27460390114420374,0.1908819483051569,0.0,0.0,0.9375,,,EXPLORE
1436,62,,,0,0,0,0,common,1.0,0.9884892865630878,0.27021615212651506,0.43016414978253614,0.0,0.0,0.9375,,,EXPLORE
1437,62,,,0,1,1,0,common,0.0,0.6341180125765329,0.5606986119124783,0.49135030862073514,0.0,0.0,0.9375,,,EXPLORE
1438,62,,,0,0,0,0,common,0.0,0.3574819637339929,0.6871997574585768,0.4511898051547124,0.0,0.0,0.9375,,,EXPLORE
1439,62,,,0,0,0,0,common,0.0,0.23236327642709537,0.6324352691705865,0.38554184653642726,0.0,0.0,0.9375,,,EXPLORE
1440,62,,,0,1,1,0,common,1.0,0.5878232918252536,0.5733398202008749,0.4462262801230752,0.0,0.0,0.9375,,,EXPLORE
1441,62,,,0,1,1,0,common,1.0,0.3820851396864149,0.3936021822831787,0.42698393799207707,0.0,0.0,0.9375,,,EXPLORE
1442,62,,,0,0,0,0,common,0.0,0.15103612967761199,0.28600537686608785,0.3441995954977375,0.0,0.0,0.9375,,,EXPLORE
1443,62,,,0,1,1,0,common,0.0,0.7516446592038303,0.24908893499563364,0.46643311460956527,0.0,0.0,0.9375,,,EXPLORE
1444,62,,,0,0,0,0,common,0.0,0.0981734842904478,0.4612674113284352,0.35595522551383,0.0,0.0,0.9375,,,EXPLORE
1445,62,,,0,0,0,0,common,0.0,0.06381276478879107,0.4305934575230027,0.26831248729631835,0.0,0.0,0.9375,,,EXPLORE
1446,62,,,0,1,1,0,common,1.0,0.5114309715175103,0.41086171367766566,0.3412480325626759,0.0,0.0,0.9375,,,EXPLORE
1447,62,,,0,1,1,0,common,1.0,0.3324301314863818,0.26777070117229335,0.33860266223978763,0.0,0.0,0.9375,,,EXPLORE
1448,62,,,0,1,1,0,common,1.0,0.21607958546614814,0.1949977409105724,0.30184573920769575,0.0,0.0,0.9375,,,EXPLORE
1449,62,,,0,1,1,0,common,1.0,0.1404517305529963,0.15676967343867695,0.2534275366112859,0.0,0.0,0.9375,,,EXPLORE
1450,62,,,0,1,1,0,common,1.0,0.09129362485944759,0.13547080787323085,0.20478736308573442,0.0,0.0,0.9375,,,EXPLORE
1451,62,,,0,1,1,0,common,1.0,0.05934085615864093,0.12301199323852163,0.16115341100760638,0.0,0.0,0.9375,,,EXPLOIT
1452,62,,,0,1,1,0,common,1.0,0.03857155650311661,0.11546467306496554,0.12437885465625945,0.0,0.0,0.9375,,,EXPLOIT
1453,62,,,0,1,1,0,common,1.0,0.02507151172702582,0.11078195251968488,0.09458665177748936,0.0,0.0,0.9375,,,EXPLOIT
1454,62,,,0,1,1,0,common,1.0,0.016296482622566777,0.10782972776078173,0.07109960103101258,0.0,0.0,0.9375,,,EXPLOIT
1455,62,,,0,1,1,0,common,1.0,0.01059271370466841,0.10594871927645352,0.05294753483310932,0.0,0.0,0.9375,,,EXPLOIT
1456,62,,,0,1,1,0,common,0.0,0.9931147360919655,0.10474188942348629,0.33499769521076617,0.0,0.0,0.9375,,,EXPLOIT
1457,62,,,0,1,1,0,common,0.0,0.6455245784597776,0.2834985662960255,0.4281557601854696,0.0,0.0,0.9375,,,EXPLORE
1458,62,,,0,0,0,0,common,0.0,0.041478297112714196,0.4722656001056783,0.31215252126364296,0.0,0.0,0.9375,,,EXPLORE
1459,62,,,0,1,1,0,common,1.0,0.5804090240011446,0.4592667783466154,0.3926294720848934,0.0,0.0,0.9375,,,EXPLORE
1460,62,,,0,0,0,0,common,0.0,0.02696089312326423,0.2895556980156572,0.2829288983964046,0.0,0.0,0.9375,,,EXPLORE
1461,62,,,0,0,0,0,common,0.0,0.01752458053012175,0.28265359016251024,0.20330760303651974,0.0,0.0,0.9375,,,EXPLORE
1462,62,,,0,0,0,0,common,0.0,0.011390977344579138,0.27822585521115295,0.14573261532893755,0.0,0.0,0.9375,,,EXPLORE
1463,62,,,0,1,1,0,common,1.0,0.37726586560074393,0.27537280999985336,0.21519259041047945,0.0,0.0,0.9375,,,EXPLORE
1464,62,,,0,1,1,0,common,1.0,0.24522281264048362,0.19229337338208524,0.2242016570794807,0.0,0.0,0.9375,,,EXPLORE
1465,62,,,0,1,1,0,common,1.0,0.15939482821631434,0.14992841154501202,0.2047596084205308,0.0,0.0,0.9375,,,EXPLORE
1466,62,,,0,1,1,0,common,1.0,0.10360663834060435,0.12687209796222557,0.17441371739655284,0.0,0.0,0.9375,,,EXPLORE
1467,62,,,0,1,1,0,common,1.0,0.06734431492139281,0.11360519881434841,0.14229289665400482,0.0,0.0,0.9375,,,EXPLOIT
1468,62,,,0,1,1,0,common,1.0,0.04377380469890535,0.1056568767702577,0.11273716906747497,0.0,0.0,0.9375,,,EXPLOIT
1469,62,,,0,1,1,0,common,1.0,0.02845297305428851,0.10076140781111159,0.08745191026351902,0.0,0.0,0.9375,,,EXPLOIT
1470,62,,,0,1,1,0,common,1.0,0.018494432485287482,0.09768990121578414,0.06676466693004955,0.0,0.0,0.9375,,,EXPLOIT
1471,62,,,0,1,1,0,common,1.0,0.012021381115436824,0.09573905630941325,0.05034168118566573,0.0,0.0,0.9375,,,EXPLOIT
1472,62,,,0,1,1,0,common,1.0,0.007813897725033936,0.09448999456214321,0.03758334614747619,0.0,0.0,0.9375,,,EXPLOIT
1473,62,,,0,1,1,0,common,0.0,0.994920966478728,0.09368604642340356,0.32478463224685167,0.0,0.0,0.9375,,,EXPLOIT
1474,62,,,0,0,0,0,common,0.0,0.00740413527397644,0.25864314066721633,0.22957048315498907,0.0,0.0,0.9375,,,EXPLORE
1475,62,,,0,0,0,0,common,0.0,0.004812687928084686,0.2568775370830586,0.16214314458691773,0.0,0.0,0.9375,,,EXPLORE
1476,62,,,0,1,1,0,common,1.0,0.3533013717888268,0.2557344760602295,0.21949061274749043,0.0,0.0,0.9375,,,EXPLOIT
1477,62,,,0,1,1,0,common,1.0,0.2296458916627374,0.1817094903567632,0.2225371964220645,0.0,0.0,0.9375,,,EXPLORE
1478,62,,,0,0,0,0,common,0.0,0.0031282471532550456,0.1436554523656765,0.15671451164142164,0.0,0.0,0.9375,,,EXPLORE
1479,62,,,0,1,1,0,common,1.0,0.14926982958077928,0.14318787625533355,0.15448110702322893,0.0,0.0,0.9375,,,EXPLOIT
1480,62,,,0,1,1,0,common,1.0,0.09702538922750659,0.12235580377357258,0.13724439168451222,0.0,0.0,0.9375,,,EXPLORE
1481,62,,,0,1,1,0,common,1.0,0.0630665029978793,0.1102892171780376,0.11499102507852232,0.0,0.0,0.9375,,,EXPLOIT
1482,62,,,0,1,1,0,common,0.0,0.9590067730513785,0.10302629159186123,0.36819574947037914,0.0,0.0,0.9375,,,EXPLOIT
1483,62,,,0,0,0,0,common,0.0,0.0020333606496157797,0.27112276806393276,0.2583470328241501,0.0,0.0,0.9375,,,EXPLORE
1484,62,,,0,0,0,0,common,1.0,0.9986783155777498,0.27062088816679924,0.48044641765023,0.0,0.0,0.9375,,,EXPLORE
1485,62,,,0,1,1,0,common,1.0,0.376645597516604,0.56410988393731,0.4493061716101422,0.0,0.0,0.9375,,,EXPLORE
1486,62,,,0,0,0,0,common,1.0,0.6491409051255372,0.4488074342086409,0.5092565916647607,0.0,0.0,0.935442220787605,,,EXPLORE
1487,62,,,0,0,0,0,common,0.0,0.5780584116684007,0.6341312245862433,0.5298971376658527,0.0,0.0,0.9332670452649632,,,EXPLORE
1488,62,,,0,1,1,0,common,0.0,0.7551803616142074,0.4710752009351824,0.5974821048503591,0.0,0.0,0.930964251977995,,,EXPLORE
1489,62,,,0,0,0,0,common,0.0,0.37573796758446043,0.6673242427004304,0.5309588636705895,0.0,0.0,0.9285223975399679,,,EXPLORE
1490,62,,,0,1,1,0,common,1.0,0.5091327649507651,0.58483784174337,0.5244110340546422,0.0,0.0,0.925928628405653,,,EXPLORE
1491,62,,,0,1,1,0,common,1.0,0.33093629721799744,0.4305243914373571,0.46636861300364874,0.0,0.0,0.9263378209290105,,,EXPLORE
1492,62,,,0,0,0,0,common,1.0,0.7557703210701007,0.3319611108834939,0.5531891254235843,0.0,0.0,0.923604246197068,,,EXPLORE
1493,62,,,0,0,0,0,common,0.0,0.5087492913044345,0.5611067419930468,0.5398571751878394,0.0,0.0,0.9206905342943081,,,EXPLORE
1494,62,,,0,1,1,0,common,1.0,0.2151085931916984,0.4046296755609043,0.442432600588997,0.0,0.0,0.9212148485161124,,,EXPLORE
1495,62,,,0,1,1,0,common,0.0,0.860179414425396,0.3409652481253768,0.5677566447399167,0.0,0.0,0.9181389351286151,,,EXPLORE
1496,62,,,0,1,1,0,common,0.0,0.5591166193765074,0.5987502138305225,0.5651646371308938,0.0,0.0,0.9148476811146851,,,EXPLORE
1497,62,,,0,0,0,0,common,0.0,0.3306870393478824,0.691008113631102,0.4948213577959904,0.0,0.0,0.9155136018040626,,,EXPLORE
1498,62,,,0,1,1,0,common,0.0,0.3634258025947298,0.6509256958834975,0.45540269123561217,0.0,0.0,0.9161626823580582,,,EXPLORE
1499,62,,,0,1,1,0,common,1.0,0.7637732283134256,0.6922423064877822,0.5479138523589562,0.0,0.0,0.9127291811950506,,,EXPLORE
1500,62,,,0,0,0,0,common,1.0,0.7850534244238765,0.5507173939514167,0.6190557239784322,0.0,0.0,0.9090412792755297,,,EXPLORE
1501,62,,,0,1,1,0,common,1.0,0.4964525984037267,0.6927646712345972,0.5822747863060206,0.0,0.0,0.9050698228906305,,,EXPLORE
1502,62,,,0,1,1,0,common,0.0,0.6773058110375776,0.6274277884663904,0.6107840937254876,0.0,0.0,0.9007810270238358,,,EXPLORE
1503,62,,,0,0,0,0,common,0.0,0.4897152741244803,0.6882771579160176,0.5744634478451853,0.0,0.0,0.8961355176570369,,,EXPLORE
1504,62,,,0,0,0,0,common,0.0,0.3183149281809122,0.6642728718739851,0.49761889194590336,0.0,0.0,0.8973479960405132,,,EXPLORE
1505,62,,,0,1,1,0,common,1.0,0.5597512228255745,0.5950567106886672,0.5162585912098047,0.0,0.0,0.8924064162586168,,,EXPLORE
1506,62,,,0,0,0,0,common,1.0,0.793095296682407,0.42659967381852476,0.5993096028515853,0.0,0.0,0.8870221454227623,,,EXPLORE
1507,62,,,0,0,0,0,common,1.0,0.5155119428435646,0.6491709748192218,0.5741703048491791,0.0,0.0,0.8811332176832697,,,EXPLORE
1508,62,,,0,1,1,0,common,1.0,0.36383829483662344,0.6914961500315975,0.5110707018454124,0.0,0.0,0.8746655365125433,,,EXPLORE
1509,62,,,0,1,1,0,common,1.0,0.23649489164380522,0.674079500388773,0.42869795878493017,0.0,0.0,0.8766781779171945,,,EXPLORE
1510,62,,,0,0,0,0,common,0.0,0.6649172371516829,0.6314513544995961,0.4995637422949559,0.0,0.0,0.8786080169984777,,,EXPLORE
1511,62,,,0,0,0,0,common,1.0,0.5678037958514061,0.44009326851458314,0.520035758361891,0.0,0.0,0.8718835436953488,,,EXPLORE
1512,62,,,0,1,1,0,common,0.0,0.8462783204315266,0.6083408013811296,0.6179085269827816,0.0,0.0,0.8644498716799462,,,EXPLORE
1513,62,,,0,1,1,0,common,1.0,0.4499190917195077,0.680243749571372,0.5675116964037995,0.0,0.0,0.8561890019665687,,,EXPLORE
1514,62,,,0,0,0,0,common,0.0,0.6309275326965861,0.6815408496467261,0.5865364472916355,0.0,0.0,0.8469552213537852,,,EXPLORE
1515,62,,,0,1,1,0,common,1.0,0.29244740961768,0.5432270886936035,0.49830973598944883,0.0,0.0,0.8502701509013263,,,EXPLORE
1516,62,,,0,1,1,0,common,0.0,0.809909183748508,0.45284460064553145,0.5917895703171665,0.0,0.0,0.8403042672879701,,,EXPLORE
1517,62,,,0,1,1,0,common,1.0,0.4735590305634698,0.6667935877368942,0.5563204083910575,0.0,0.0,0.8290390508848905,,,EXPLORE
1518,62,,,0,0,0,0,common,1.0,0.589897103747219,0.5561761860784731,0.5663934169979059,0.0,0.0,0.8162033682548824,,,EXPLORE
1519,62,,,0,1,1,0,common,1.0,0.3078133698662554,0.6818399689680259,0.4888194028584107,0.0,0.0,0.8213133234400664,,,EXPLORE
1520,62,,,0,0,0,0,common,0.0,0.6165668825643076,0.6301748178942953,0.5271436467701798,0.0,0.0,0.807337522429128,,,EXPLORE
1521,62,,,0,1,1,0,common,1.0,0.20007869041306603,0.45342915195456746,0.4290241598630456,0.0,0.0,0.8130323913124538,,,EXPLORE
1522,62,,,0,0,0,0,common,0.0,0.4007684736667999,0.39161095238301,0.4205474540041719,0.0,0.0,0.8183481066040729,,,EXPLORE
1523,62,,,0,1,1,0,common,1.0,0.13005114876849289,0.2795880046375193,0.33339856243346816,0.0,0.0,0.8233210703474045,,,EXPLORE
1524,62,,,0,1,1,0,common,1.0,0.08453324669952034,0.24809564530314143,0.2587389677132838,0.0,0.0,0.8279831694380283,,,EXPLORE
1525,62,,,0,0,0,0,common,1.0,0.7395004921165801,0.22904168697731273,0.40296742503427263,0.0,0.0,0.8323624546243991,,,EXPLORE
1526,62,,,0,1,1,0,common,1.0,0.054946610354688175,0.4297298965401597,0.29856118063039727,0.0,0.0,0.8364837005542196,,,EXPLORE
1527,62,,,0,1,1,0,common,1.0,0.0357152967305473,0.4127338197516893,0.21970741546044228,0.0,0.0,0.8403688704896319,,,EXPLORE
1528,62,,,0,1,1,0,common,1.0,0.023214942874855704,0.4017870577718631,0.1607596736847663,0.0,0.0,0.8440375041007859,,,EXPLORE
1529,62,,,0,0,0,0,common,0.0,0.519324680124223,0.3947224958058252,0.2683291756166033,0.0,0.0,0.8475070427934474,,,EXPLORE
1530,62,,,0,1,1,0,common,1.0,0.015089712868656235,0.2531832907157001,0.19235733679221917,0.0,0.0,0.8507931040027827,,,EXPLORE
1531,62,,,0,1,1,0,common,1.0,0.009808313364626509,0.24964824645512435,0.13759262976394135,0.0,0.0,0.853909713555246,,,EXPLORE
1532,62,,,0,1,1,0,common,1.0,0.006375403687007286,0.2473695887556539,0.09822746194086113,0.0,0.0,0.8568695033913524,,,EXPLOIT
1533,62,,,0,1,1,0,common,1.0,0.004144012396554708,0.24589655021647036,0.0700024270775692,0.0,0.0,0.8596838805277058,,,EXPLOIT
1534,62,,,0,1,1,0,common,0.0,0.9973063919422395,0.2449424951676335,0.3481936165369703,0.0,0.0,0.8623631720235487,,,EXPLOIT
1535,62,,,0,0,0,0,common,0.0,0.3375610420807449,0.5318710792031256,0.34500384420010266,0.0,0.0,0.8649167498356335,,,EXPLORE
1536,62,,,0,0,0,0,common,1.0,0.7805853226475158,0.42697427221273476,0.4756782877343266,0.0,0.0,0.8673531387430293,,,EXPLORE
1537,62,,,0,1,1,0,common,1.0,0.3517508452375444,0.6469555312580353,0.4385000549852919,0.0,0.0,0.8696801099609754,,,EXPLORE
1538,62,,,0,1,1,0,common,1.0,0.2286380494044039,0.5589545467165694,0.3755414533110255,0.0,0.0,0.8719047626098279,,,EXPLORE
1539,62,,,0,1,1,0,common,1.0,0.14861473211286258,0.48955671148148167,0.30746343695157663,0.0,0.0,0.8740335948384077,,,EXPLORE
1540,62,,,0,1,1,0,common,1.0,0.09659957587336065,0.4430380413232151,0.24420427862811184,0.0,0.0,0.8760725661027126,,,EXPLORE
1541,62,,,0,1,1,0,common,0.0,0.9372102756823155,0.41305853212947496,0.45210607774437295,0.0,0.0,0.8780271518571366,,,EXPLORE
1542,62,,,0,0,0,0,common,0.0,0.4926195402791147,0.6666924714708231,0.46426011650479543,0.0,0.0,0.8799023917151938,,,EXPLORE
1543,62,,,0,1,1,0,common,1.0,0.3908133208064949,0.5503948872172616,0.44222607779530526,0.0,0.0,0.8817029319717439,,,EXPLORE
1544,62,,,0,1,1,0,common,1.0,0.25402865852422174,0.4296944442745324,0.38576685201398014,0.0,0.0,0.8834330632421382,,,EXPLORE
1545,62,,,0,1,1,0,common,1.0,0.16511862804074418,0.3531019064008814,0.31957238482200934,0.0,0.0,0.8850967538602108,,,EXPLORE
1546,62,,,0,1,1,0,common,1.0,0.10732710822648373,0.3070595658755009,0.2558988018433517,0.0,0.0,0.8866976795823771,,,EXPLORE
1547,62,,,0,1,1,0,common,1.0,0.06976262034721437,0.2791665209185744,0.2000579473945105,0.0,0.0,0.8882392500658578,,,EXPLORE
1548,62,,,0,1,1,0,common,1.0,0.045345703225689316,0.2619655607259555,0.15364427414386414,0.0,0.0,0.8897246325224781,,,EXPLORE
1549,62,,,0,1,1,0,common,0.0,0.9705252929033019,0.2511887320006628,0.39870857977169544,0.0,0.0,0.8911567728934022,,,EXPLORE
1550,62,,,0,0,0,0,common,0.0,0.3202027011814246,0.5319137350190756,0.37515681619461416,0.0,0.0,0.8925384148427165,,,EXPLORE
1551,62,,,0,1,1,0,common,1.0,0.3691585596128537,0.43241199372930095,0.37335733922008596,0.0,0.0,0.8938721168275624,,,EXPLORE
1552,62,,,0,1,1,0,common,1.0,0.2399530637483549,0.3230229473107938,0.33333605657856663,0.0,0.0,0.8951602674682957,,,EXPLORE
1553,62,,,0,1,1,0,common,1.0,0.15596949143643069,0.2609696371596715,0.28012608703592584,0.0,0.0,0.8964050994129561,,,EXPLORE
1554,62,,,0,1,1,0,common,1.0,0.10138016943368,0.22535529450232414,0.2265023117552521,0.0,0.0,0.8976087018653691,,,EXPLORE
1555,62,,,0,1,1,0,common,1.0,0.06589711013189203,0.20425182779902556,0.17832075126824407,0.0,0.0,0.8987730319247824,,,EXPLORE
1556,62,,,0,1,1,0,common,1.0,0.04283312158572983,0.19138862749802554,0.1376744623634898,0.0,0.0,0.8998999248665189,,,EXPLORE
1557,62,,,0,1,1,0,common,1.0,0.027841529030724343,0.18338227248407174,0.10472458236366015,0.0,0.0,0.9009911034772615,,,EXPLOIT
1558,62,,,0,1,1,0,common,1.0,0.01809699386997088,0.17832586209279847,0.07873630581555337,0.0,0.0,0.902048186544855,,,EXPLOIT
1559,62,,,0,1,1,0,common,1.0,0.01176304601548106,0.17510094404035922,0.05864432787553167,0.0,0.0,0.9030726965906369,,,EXPLOIT
1560,62,,,0,1,1,0,common,1.0,0.007645979910062661,0.17303064237688037,0.043344823485890964,0.0,0.0,0.9040660669219851,,,EXPLOIT
1561,62,,,0,1,1,0,common,1.0,0.004969886941540769,0.17169583181848327,0.031832342522585905,0.0,0.0,0.9050296480738005,,,EXPLOIT
1562,62,,,0,1,1,0,common,0.0,0.9967695734879986,0.1708327886157094,0.3213135118122097,0.0,0.0,0.9059647136998146,,,EXPLOIT
1563,62,,,0,1,1,0,common,1.0,0.35209977723280095,0.4173051260612405,0.330549391438387,0.0,0.0,0.9068724659677739,,,EXPLORE
1564,62,,,0,1,1,0,common,0.0,0.7711351447986794,0.31435220662417745,0.4627251174464747,0.0,0.0,0.9077540405065722,,,EXPLORE
1565,62,,,0,1,1,0,common,1.0,0.49876215588085837,0.5469146240839675,0.4735362289767898,0.0,0.0,0.9086105109481462,,,EXPLORE
1566,62,,,0,1,1,0,common,1.0,0.324195401322558,0.3929147575731312,0.42873398068052027,0.0,0.0,0.9094428931023417,,,EXPLORE
1567,62,,,0,1,1,0,common,1.0,0.21072701085966272,0.3004711297169736,0.363331889734263,0.0,0.0,0.9102521487988919,,,EXPLORE
1568,62,,,0,1,1,0,common,1.0,0.13697255705878075,0.24814308992797757,0.29542408993161834,0.0,0.0,0.9110391894270689,,,EXPLORE
1569,62,,,0,1,1,0,common,1.0,0.08903216208820752,0.2178291865055592,0.23350651157859506,0.0,0.0,0.9118048792004039,,,EXPLORE
1570,62,,,0,1,1,0,common,1.0,0.057870905357334856,0.19969981398262635,0.180815829712217,0.0,0.0,0.9125500381710733,,,EXPLORE
1571,62,,,0,1,1,0,common,1.0,0.03761608848226761,0.1885709883217498,0.13785590734323216,0.0,0.0,0.9132754450160588,,,EXPLORE
1572,62,,,0,0,0,0,common,0.0,0.20813175576792597,0.18160953288464332,0.1589386618706403,0.0,0.0,0.9139818396149936,,,EXPLOIT
1573,62,,,0,0,0,0,common,0.0,0.13528564124915188,0.1468231666227375,0.15184275568419375,0.0,0.0,0.9146699254376376,,,EXPLORE
1574,62,,,0,1,1,0,common,1.0,0.024450457513473967,0.12740107343473078,0.11362506623297781,0.0,0.0,0.9153403717571893,,,EXPLOIT
1575,62,,,0,1,1,0,common,1.0,0.01589279738375804,0.12414088933028927,0.08430538557821188,0.0,0.0,0.915993815704074,,,EXPLOIT
1576,62,,,0,1,1,0,common,1.0,0.010330318299442753,0.12206130960702465,0.062112865394581135,0.0,0.0,0.9166308641734642,,,EXPLOIT
1577,62,,,0,1,1,0,common,1.0,0.006714706894637823,0.12072610226375284,0.04549341784459814,0.0,0.0,0.917252095598545,,,EXPLOIT
1578,62,,,0,1,1,0,common,1.0,0.004364559481514596,0.11986514568115872,0.03315476033567308,0.0,0.0,0.9178580616004173,,,EXPLOIT
1579,62,,,0,1,1,0,common,1.0,0.0028369636629844708,0.11930843695222595,0.024059421333866494,0.0,0.0,0.9184492885245392,,,EXPLOIT
1580,62,,,0,1,1,0,common,0.0,0.99815597361906,0.11894780316266683,0.3162883870194245,0.0,0.0,0.919026278872703,,,EXPLOIT
1581,62,,,0,0,0,0,common,0.0,0.08793566681194873,0.31601309539842926,0.24778257095718176,0.0,0.0,0.9195895126387437,,,EXPLORE
1582,62,,,0,1,1,0,common,1.0,0.3511986171476109,0.2926106590113085,0.2788073848143105,0.0,0.0,0.9201394485554429,,,EXPLORE
1583,62,,,0,1,1,0,common,1.0,0.22827910114594707,0.21086211953470518,0.26364889971380145,0.0,0.0,0.9206765252594461,,,EXPLORE
1584,62,,,0,0,0,0,common,0.0,0.05715818342776667,0.1679700488056477,0.20170168482799103,0.0,0.0,0.9212011623804058,,,EXPLORE
1585,62,,,0,1,1,0,common,1.0,0.14838141574486563,0.15843770225321294,0.1857056041030534,0.0,0.0,0.9217137615600488,,,EXPLOIT
1586,62,,,0,0,0,0,common,1.0,0.9628471807719516,0.135808100732181,0.41884807710372285,0.0,0.0,0.9222147074063648,,,EXPLORE
1587,62,,,0,1,1,0,common,0.0,0.9035520797658373,0.3410380218544311,0.5642592779023572,0.0,0.0,0.9192072076349646,,,EXPLORE
1588,62,,,0,1,1,0,common,0.0,0.5873088518477942,0.6099121293330044,0.5711741500859883,0.0,0.0,0.9159915771333451,,,EXPLORE
1589,62,,,0,1,1,0,common,1.0,0.6182492462989337,0.693031630504823,0.5852966789498719,0.0,0.0,0.9125456166120464,,,EXPLORE
1590,62,,,0,1,1,0,common,1.0,0.4018620100943069,0.6020464691257156,0.5302662782932024,0.0,0.0,0.9088438535443859,,,EXPLORE
1591,62,,,0,1,1,0,common,0.0,0.7387896934387005,0.484314142593663,0.5928233028368518,0.0,0.0,0.9048569157804143,,,EXPLORE
1592,62,,,0,1,1,0,common,1.0,0.5197866992648447,0.6711443267457438,0.5709123217652496,0.0,0.0,0.9005507555937087,,,EXPLORE
1593,62,,,0,1,1,0,common,1.0,0.33786135452214905,0.5512317626554448,0.5009970315923195,0.0,0.0,0.895885680768591,,,EXPLORE
1594,62,,,0,0,0,0,common,0.0,0.37414933249823135,0.44709211851749103,0.46294272186409297,0.0,0.0,0.8971064110323299,,,EXPLORE
1595,62,,,0,1,1,0,common,1.0,0.2196098804393969,0.3347434556623047,0.3899428694366841,0.0,0.0,0.8982870596193692,,,EXPLORE
1596,62,,,0,1,1,0,common,1.0,0.14274642228560797,0.27628199022479005,0.3157839352913613,0.0,0.0,0.8994295119504313,,,EXPLORE
1597,62,,,0,1,1,0,common,0.0,0.9072148255143548,0.24214783510000998,0.4932132023582593,0.0,0.0,0.9005355371323345,,,EXPLORE
1598,62,,,0,0,0,0,common,0.0,0.2431970661238504,0.5004743050078009,0.4182083614879366,0.0,0.0,0.9016067967926985,,,EXPLORE
1599,62,,,0,1,1,0,common,1.0,0.4103103634156693,0.42451353113412527,0.41583896206625637,0.0,0.0,0.9026448531214337,,,EXPLORE
1600,62,,,0,1,1,0,common,1.0,0.2667017362201851,0.30496054608446016,0.37109779431243495,0.0,0.0,0.903651176200876,,,EXPLORE
1601,62,,,0,1,1,0,common,1.0,0.17335612854312032,0.2391986201442524,0.31177529458164055,0.0,0.0,0.904627150696917,,,EXPLORE
1602,62,,,0,0,0,0,common,0.0,0.15807809298050277,0.20238787517640422,0.2656661341012992,0.0,0.0,0.9055740819751869,,,EXPLORE
1603,62,,,0,0,0,0,common,0.0,0.10275076043732681,0.17285783299471308,0.21679152200210747,0.0,0.0,0.9064932016991138,,,EXPLORE
1604,62,,,0,1,1,0,common,1.0,0.1126814835530282,0.1556394782432808,0.18555851046738367,0.0,0.0,0.9073856729603537,,,EXPLORE
1605,62,,,0,0,0,0,common,0.0,0.06678799428426244,0.13844975418340275,0.1499273556124473,0.0,0.0,0.9082525949865397,,,EXPLORE
1606,62,,,0,1,1,0,common,1.0,0.0732429643094683,0.12905531750821603,0.1269220382215536,0.0,0.0,0.9090950074664258,,,EXPLOIT
1607,62,,,0,1,1,0,common,1.0,0.04760792680115444,0.11939847638198219,0.10312780479543385,0.0,0.0,0.9099138945282191,,,EXPLOIT
1608,62,,,0,1,1,0,common,1.0,0.030945152420750355,0.1134690797915642,0.0814730090830288,0.0,0.0,0.9107101884031156,,,EXPLOIT
1609,62,,,0,1,1,0,common,1.0,0.020114349073487747,0.10975676959287031,0.06306541108016649,0.0,0.0,0.9114847728027218,,,EXPLOIT
1610,62,,,0,1,1,0,common,1.0,0.013074326897766997,0.10740228729323253,0.04806808582544664,0.0,0.0,0.912238486036098,,,EXPLOIT
1611,62,,,0,1,1,0,common,1.0,0.008498312483548598,0.10589621633630306,0.03619715382287722,0.0,0.0,0.912972123889542,,,EXPLOIT
1612,62,,,0,1,1,0,common,1.0,0.005523903114306616,0.10492745013471227,0.026995178610306036,0.0,0.0,0.9136864422899208,,,EXPLOIT
1613,62,,,0,1,1,0,common,1.0,0.003590537024299345,0.10430202436163996,0.019973786134504026,0.0,0.0,0.9143821597702962,,,EXPLOIT
1614,62,,,0,1,1,0,common,0.0,0.9976661509342054,0.10389729474553788,0.3132814955744144,0.0,0.0,0.9150599597547564,,,EXPLOIT
1615,62,,,0,1,1,0,common,1.0,0.35151700189276647,0.2827542892951216,0.32475214746992004,0.0,0.0,0.9157204926777323,,,EXPLORE
1616,62,,,0,1,1,0,common,1.0,0.2284860512302982,0.20303554704423832,0.2958723185980335,0.0,0.0,0.9163643779516225,,,EXPLORE
1617,62,,,0,0,0,0,common,0.0,0.04341219628477058,0.1614336354031406,0.2201342819040546,0.0,0.0,0.9169922057952424,,,EXPLORE
1618,62,,,0,1,1,0,common,1.0,0.14851593329969381,0.15439104609275717,0.19864877732274636,0.0,0.0,0.9176045389344494,,,EXPLOIT
1619,62,,,0,1,1,0,common,1.0,0.09653535664480095,0.1322449801570172,0.1680147511193627,0.0,0.0,0.9182019141852489,,,EXPLORE
1620,62,,,0,1,1,0,common,1.0,0.06274798181912067,0.1193787479538091,0.1364347203292901,0.0,0.0,0.9187848439287492,,,EXPLOIT
1621,62,,,0,0,0,0,common,0.0,0.02821792758510088,0.11162047675684146,0.10396968250603333,0.0,0.0,0.9193538174864848,,,EXPLOIT
1622,62,,,0,1,1,0,common,1.0,0.04078618818242841,0.1082803086508386,0.08501463420895185,0.0,0.0,0.9199093024038777,,,EXPLOIT
1623,62,,,0,1,1,0,common,1.0,0.026511022318578492,0.1036104340421671,0.06746355064183984,0.0,0.0,0.9204517456489086,,,EXPLOIT
1624,62,,,0,1,1,0,common,1.0,0.017232164507075987,0.10067284257234463,0.05239413480141068,0.0,0.0,0.9209815747324703,,,EXPLOIT
1625,62,,,0,1,1,0,common,1.0,0.011200906929599408,0.09880386935177601,0.0400361664398673,0.0,0.0,0.9214991987563017,,,EXPLOIT
1626,62,,,0,1,1,0,common,1.0,0.0072805895042395985,0.09760589331730893,0.030209493359178986,0.0,0.0,0.922005009393911,,,EXPLOIT
1627,62,,,0,1,1,0,common,1.0,0.004732383177755706,0.0968342655206896,0.022566360304752002,0.0,0.0,0.9224993818094307,,,EXPLOIT
1628,62,,,0,1,1,0,common,1.0,0.0030760490655412642,0.09633567098759649,0.01671926693298878,0.0,0.0,0.9229826755189399,,,EXPLOIT
1629,62,,,0,1,1,0,common,1.0,0.0019994318926017662,0.09601283172824365,0.012303316420872675,0.0,0.0,0.9234552351984145,,,EXPLOIT
1630,62,,,0,0,0,0,common,0.0,0.018341652930315575,0.09580351180010035,0.014114817373705544,0.0,0.0,0.923917391442122,,,EXPLOIT
1631,62,,,0,1,1,0,common,1.0,0.0012996307301911258,0.09390253472869509,0.010270261380651218,0.0,0.0,0.9243694614749722,,,EXPLOIT
1632,62,,,0,1,1,0,common,1.0,0.0008447599746241874,0.09376914413406785,0.007442610958843109,0.0,0.0,0.9248117498220524,,,EXPLOIT
1633,62,,,0,1,1,0,common,0.0,0.9994509060164942,0.09368253246763472,0.3050450994761384,0.0,0.0,0.9252445489383198,,,EXPLOIT
1634,62,,,0,1,1,0,common,1.0,0.3503569110892788,0.25971934594247587,0.3186386429600805,0.0,0.0,0.925668139801189,,,EXPLORE
1635,62,,,0,0,0,0,common,0.0,0.011922074404705125,0.18532239042296256,0.22662367239346787,0.0,0.0,0.9260827924685424,,,EXPLORE
1636,62,,,0,0,0,0,common,0.0,0.007749348363058331,0.1831242289183514,0.160961375184345,0.0,0.0,0.9264887666044932,,,EXPLOIT
1637,62,,,0,1,1,0,common,1.0,0.2277319922080312,0.18170684916338206,0.18099256029145083,0.0,0.0,0.9268863119750533,,,EXPLOIT
1638,62,,,0,0,0,0,common,0.0,0.005037076435987916,0.14393999591410261,0.12820591513481197,0.0,0.0,0.9272756689157016,,,EXPLORE
1639,62,,,0,0,0,0,common,0.0,0.0032740996833921453,0.14318647082812083,0.09072637049938602,0.0,0.0,0.927657068772687,,,EXPLOIT
1640,62,,,0,1,1,0,common,1.0,0.14802579493522028,0.14269850117439706,0.10791619783013628,0.0,0.0,0.9280307343197777,,,EXPLOIT
1641,62,,,0,1,1,0,common,0.0,0.9037832332921069,0.12209060837021508,0.34667630846872743,0.0,0.0,0.9283968801520308,,,EXPLOIT
1642,62,,,0,0,0,0,common,0.0,0.0021281647942048947,0.2973194584890834,0.24331186536637064,0.0,0.0,0.9287557130580528,,,EXPLORE
1643,62,,,0,1,1,0,common,0.0,0.5874591016398695,0.2967613305944234,0.3465560362484203,0.0,0.0,0.9291074323721018,,,EXPLORE
1644,62,,,0,0,0,0,common,0.0,0.0013833071162331816,0.47015955644282625,0.24300421750876414,0.0,0.0,0.9294522303073016,,,EXPLORE
1645,62,,,0,1,1,0,common,0.0,0.38184841606591513,0.46972606565062675,0.28465747707590944,0.0,0.0,0.929790292271133,,,EXPLORE
1646,62,,,0,0,0,0,common,0.0,0.000899149625551568,0.5843184899197443,0.19952997884080206,0.0,0.0,0.9301217971642958,,,EXPLORE
1647,62,,,0,1,1,0,common,0.0,0.24820147044284485,0.5840723598000076,0.2141314263214149,0.0,0.0,0.9304469176639538,,,EXPLORE
1648,62,,,0,0,0,0,common,0.0,0.0005844472566085192,0.6440214897882242,0.150067332601973,0.0,0.0,0.9307658204923078,,,EXPLORE
1649,62,,,0,0,0,0,common,0.0,0.00037989071679553755,0.6439026119868378,0.10516110003641975,0.0,0.0,0.9310786666713743,,,EXPLORE
1650,62,,,0,0,0,0,common,0.0,0.00024692896591709944,0.6438252765909609,0.07368684871526895,0.0,0.0,0.9313856117647888,,,EXPLORE
1651,62,,,0,0,0,0,common,0.0,0.00016050382784611465,0.6437749812115614,0.051628945249042095,0.0,0.0,0.931686806107403,,,EXPLORE
1652,62,,,0,0,0,0,common,0.0,0.00010432748809997453,0.6437422776547741,0.03617155992075946,0.0,0.0,0.9319823950233811,,,EXPLORE
1653,62,,,0,0,0,0,common,0.0,6.781286726498346e-05,0.6437210154599303,0.02534043580471112,0.0,0.0,0.9322725190334689,,,EXPLORE
1654,62,,,0,1,1,0,common,0.0,0.16133095578784917,0.6437071929705847,0.06613759179965253,0.0,0.0,0.9325573140520523,,,EXPLORE
1655,62,,,0,1,1,0,common,1.0,0.8951348787378981,0.6716459150966503,0.3148367778811262,0.0,0.0,0.9328369115745917,,,EXPLORE
1656,62,,,0,0,0,0,common,0.0,4.407836372223925e-05,0.4364969786587085,0.22039896802590497,0.0,0.0,0.9331114388559721,,,EXPLORE
1657,62,,,0,1,1,0,common,1.0,0.5818376711796338,0.4364832416519304,0.3288305789720236,0.0,0.0,0.9333810190802811,,,EXPLORE
1658,62,,,0,1,1,0,common,0.0,0.6218055137332381,0.2708012463122322,0.4167230594003879,0.0,0.0,0.9336457715224921,,,EXPLORE
1659,62,,,0,0,0,0,common,0.0,2.8650936419455515e-05,0.44896504339833837,0.29171473686119737,0.0,0.0,0.933905811702496,,,EXPLORE
1660,62,,,0,1,1,0,common,0.0,0.4041735839266048,0.44895608025764966,0.3254523909808196,0.0,0.0,0.9341612515319048,,,EXPLORE
1661,62,,,0,0,0,0,common,0.0,1.8623108672646085e-05,0.5720881761846326,0.2278222606191755,0.0,0.0,0.9344121994540167,,,EXPLORE
1662,62,,,0,0,0,0,common,0.0,1.2105020637219955e-05,0.57208291729377,0.159479213939614,0.0,0.0,0.934658760577313,,,EXPLORE
1663,62,,,0,0,0,0,common,0.0,7.868263414192971e-06,0.5720794989801667,0.11163781023675405,0.0,0.0,0.9349010368028327,,,EXPLORE
1664,62,,,0,0,0,0,common,1.0,0.9999948856287808,0.5720772770617308,0.37814493285436207,0.0,0.0,0.935139126945748,,,EXPLORE
1665,62,,,0,0,0,0,common,1.0,0.6499966756587074,0.6781370488532239,0.45970045569566564,0.0,0.0,0.9353731268514506,,,EXPLORE
1666,62,,,0,0,0,0,common,0.0,0.57750216082184,0.5283205828887712,0.4950409672335179,0.0,0.0,0.9356031295064307,,,EXPLORE
1667,62,,,0,1,1,0,common,1.0,0.7372871704477069,0.6683912401501465,0.5677148281977746,0.0,0.0,0.9334372505472309,,,EXPLORE
1668,62,,,0,1,1,0,common,1.0,0.47923666079100946,0.652594785136766,0.541171377975745,0.0,0.0,0.9311445740237668,,,EXPLORE
1669,62,,,0,0,0,0,common,0.0,0.375376404534196,0.5297676697506835,0.4914328859432803,0.0,0.0,0.9314502810550038,,,EXPLORE
1670,62,,,0,0,0,0,common,0.0,0.2439946629472274,0.413137000339441,0.4172014190444644,0.0,0.0,0.931750268720637,,,EXPLORE
1671,62,,,0,1,1,0,common,0.0,0.6884961704858439,0.3406346707109773,0.4985898444768782,0.0,0.0,0.9320446813040779,,,EXPLORE
1672,62,,,0,1,1,0,common,1.0,0.5524774891842015,0.5504437163336634,0.5147561378890751,0.0,0.0,0.9296685791543555,,,EXPLORE
1673,62,,,0,1,1,0,common,1.0,0.35911036796973095,0.3803394882034184,0.46806240691327183,0.0,0.0,0.9300024394058006,,,EXPLORE
1674,62,,,0,1,1,0,common,0.0,0.7665782608196748,0.2806466549498601,0.5576171630851927,0.0,0.0,0.92750129601721,,,EXPLORE
1675,62,,,0,0,0,0,common,0.0,0.1585965309156978,0.5065083210735912,0.4379109734343442,0.0,0.0,0.9278781132465433,,,EXPLORE
1676,62,,,0,1,1,0,common,1.0,0.5017241304672113,0.4569769290491924,0.45705492054420427,0.0,0.0,0.9282473235471467,,,EXPLORE
1677,62,,,0,1,1,0,common,0.0,0.6738793151963126,0.3083451500765936,0.5221022389398368,0.0,0.0,0.9256361533196165,,,EXPLORE
1678,62,,,0,1,1,0,common,1.0,0.5619784451223968,0.5106972858935613,0.5340651007946048,0.0,0.0,0.9228568918444982,,,EXPLORE
1679,62,,,0,0,0,0,common,0.0,0.10308774509520358,0.3392350446434675,0.40477189408478437,0.0,0.0,0.9233322360225198,,,EXPLORE
1680,62,,,0,0,0,0,common,1.0,0.9329929656881177,0.3107159943433129,0.5632382155657844,0.0,0.0,0.9204002825245361,,,EXPLORE
1681,62,,,0,1,1,0,common,0.0,0.6347140106704421,0.5890880256144202,0.5846809540971816,0.0,0.0,0.9172680594355991,,,EXPLORE
1682,62,,,0,0,0,0,common,0.0,0.3935545723027235,0.6924249775418196,0.5273430395588441,0.0,0.0,0.9139144971606801,,,EXPLORE
1683,62,,,0,0,0,0,common,1.0,0.7441895280032297,0.6463175859967656,0.5923969860921597,0.0,0.0,0.9103154633418018,,,EXPLORE
1684,62,,,0,0,0,0,common,0.0,0.5162768067979007,0.6720886354291485,0.5695609323038819,0.0,0.0,0.9064431853444879,,,EXPLORE
1685,62,,,0,1,1,0,common,0.0,0.4125641069357874,0.681433082783948,0.5224618846934536,0.0,0.0,0.9022655369481501,,,EXPLORE
1686,62,,,0,0,0,0,common,0.0,0.33557992441863543,0.6841400357944325,0.4663972966110081,0.0,0.0,0.9032834053355299,,,EXPLORE
1687,62,,,0,0,0,0,common,0.0,0.21812695087211303,0.6881642018410621,0.39191619288933954,0.0,0.0,0.9042704236846538,,,EXPLORE
1688,62,,,0,1,1,0,common,1.0,0.7318333304917382,0.6621936007376859,0.4938913341700591,0.0,0.0,0.905227925948192,,,EXPLORE
1689,62,,,0,0,0,0,common,0.0,0.14178251806687348,0.46831442407877083,0.38825868933910335,0.0,0.0,0.9061571703676894,,,EXPLORE
1690,62,,,0,0,0,0,common,0.0,0.09215863674346776,0.42403704503934797,0.29942867356041264,0.0,0.0,0.9070593447710585,,,EXPLORE
1691,62,,,0,0,0,0,common,0.0,0.05990311388325405,0.3957461206730987,0.22757100565726507,0.0,0.0,0.9079355714314057,,,EXPLORE
1692,62,,,0,1,1,0,common,1.0,0.4756916648196299,0.3777124214543497,0.3020072034059745,0.0,0.0,0.9087869115289883,,,EXPLORE
1693,62,,,0,1,1,0,common,1.0,0.30919958213275944,0.250159584341194,0.30416491702400994,0.0,0.0,0.9096143692536177,,,EXPLORE
1694,62,,,0,1,1,0,common,1.0,0.20097972838629363,0.18546148592430334,0.27320936043269506,0.0,0.0,0.9104188955808615,,,EXPLORE
1695,62,,,0,1,1,0,common,1.0,0.13063682345109084,0.15116366078214205,0.23043759933821378,0.0,0.0,0.9112013917519073,,,EXPLORE
1696,62,,,0,1,1,0,common,1.0,0.084913935243209,0.13188620332784734,0.18678050010971234,0.0,0.0,0.9119627124838735,,,EXPLORE
1697,62,,,0,1,1,0,common,1.0,0.05519405790808585,0.12053539556092892,0.14730456744922438,0.0,0.0,0.9127036689346121,,,EXPLOIT
1698,62,,,0,1,1,0,common,1.0,0.03587613764025577,0.11362773500278468,0.11387603850653379,0.0,0.0,0.9134250314436336,,,EXPLOIT
1699,62,,,0,1,1,0,common,0.0,0.9766805105338338,0.10932863684726708,0.3727173801147238,0.0,0.0,0.9141275320686331,,,EXPLOIT
1700,62,,,0,1,1,0,common,1.0,0.365157668153008,0.28945835010737203,0.370449466526209,0.0,0.0,0.9148118669351807,,,EXPLORE
1701,62,,,0,0,0,0,common,1.0,0.9610629759758849,0.20554860172699765,0.5476335193611117,0.0,0.0,0.911279380355585,,,EXPLORE
1702,62,,,0,1,1,0,common,1.0,0.2373524842994552,0.46400484477672443,0.45454920884261474,0.0,0.0,0.9120386042010106,,,EXPLORE
1703,62,,,0,0,0,0,common,0.0,0.37530906561567484,0.39054710300561307,0.43077716587453274,0.0,0.0,0.912777543529698,,,EXPLORE
1704,62,,,0,1,1,0,common,1.0,0.15427911479464584,0.2851568183336774,0.34782775055056664,0.0,0.0,0.9134969646952482,,,EXPLORE
1705,62,,,0,1,1,0,common,1.0,0.10028142461651979,0.2475653851175935,0.27356385277035256,0.0,0.0,0.9141975960154355,,,EXPLORE
1706,62,,,0,1,1,0,common,1.0,0.06518292600073783,0.22512194055469373,0.21104957473946814,0.0,0.0,0.9148801301039017,,,EXPLORE
1707,62,,,0,1,1,0,common,0.0,0.9576310980995204,0.21138034560381885,0.43502403174748383,0.0,0.0,0.9155452260323931,,,EXPLORE
1708,62,,,0,1,1,0,common,1.0,0.3775397862353117,0.471910528276289,0.4177787580938322,0.0,0.0,0.9161935113377384,,,EXPLORE
1709,62,,,0,1,1,0,common,1.0,0.24540086105295256,0.35644073899632467,0.36606538898156826,0.0,0.0,0.9168255838864154,,,EXPLORE
1710,62,,,0,1,1,0,common,0.0,0.8404894403155808,0.2889918751928061,0.508392604381772,0.0,0.0,0.9134401371395078,,,EXPLORE
1711,62,,,0,1,1,0,common,1.0,0.4536818637948725,0.5390285470479794,0.49197938220570214,0.0,0.0,0.9141422450437947,,,EXPLORE
1712,62,,,0,0,0,0,common,0.0,0.24395089265018866,0.398568674652253,0.41757083533904804,0.0,0.0,0.9148262015933089,,,EXPLORE
1713,62,,,0,0,0,0,common,0.0,0.15856808022262264,0.32727618395463287,0.3398700088041204,0.0,0.0,0.9154926684661601,,,EXPLORE
1714,62,,,0,1,1,0,common,1.0,0.29489321146666714,0.2849615861803459,0.32637696960288437,0.0,0.0,0.9161422756504536,,,EXPLORE
1715,62,,,0,1,1,0,common,1.0,0.1916805874533336,0.21638059352019223,0.28596805495801914,0.0,0.0,0.9167756233198019,,,EXPLORE
1716,62,,,0,1,1,0,common,0.0,0.8754076181553332,0.1790621401523654,0.4627999239172133,0.0,0.0,0.9173932835771899,,,EXPLORE
1717,62,,,0,1,1,0,common,1.0,0.4309850481990334,0.3944104114006991,0.4532554612017593,0.0,0.0,0.9179958020778477,,,EXPLORE
1718,62,,,0,1,1,0,common,1.0,0.28014028132937174,0.27433262524435004,0.401320907240043,0.0,0.0,0.9185836995408142,,,EXPLORE
1719,62,,,0,1,1,0,common,1.0,0.18209118286409165,0.21069975237888572,0.33555198992725754,0.0,0.0,0.9191574731579963,,,EXPLORE
1720,62,,,0,1,1,0,common,1.0,0.1183592688616596,0.1758773941406469,0.2703941736075781,0.0,0.0,0.9197175979087443,,,EXPLORE
1721,62,,,0,1,1,0,common,1.0,0.07693352476007875,0.15588384929866156,0.2123559789533283,0.0,0.0,0.9202645277872521,,,EXPLORE
1722,62,,,0,1,1,0,common,1.0,0.05000679109405115,0.14394563859089932,0.16365122259554515,0.0,0.0,0.9207986969494527,,,EXPLORE
1723,62,,,0,1,1,0,common,1.0,0.03250441421113326,0.13661392983029755,0.12430718008022158,0.0,0.0,0.9213205207855043,,,EXPLOIT
1724,62,,,0,1,1,0,common,1.0,0.02112786923723664,0.13202374171682071,0.09335338682732609,0.0,0.0,0.9218303969234369,,,EXPLOIT
1725,62,,,0,1,1,0,common,0.0,0.9862668849957962,0.12911269347353407,0.36122743627786713,0.0,0.0,0.9223287061690612,,,EXPLOIT
1726,62,,,0,1,1,0,common,1.0,0.35892652475273246,0.334091653318642,0.36053716282032666,0.0,0.0,0.9228158133868116,,,EXPLORE
1727,62,,,0,1,1,0,common,1.0,0.2333022410892761,0.24240148319071614,0.3223666863010115,0.0,0.0,0.9232920683258107,,,EXPLORE
1728,62,,,0,1,1,0,common,0.0,0.8483535432919705,0.1934352565576393,0.48016274339829923,0.0,0.0,0.9237578063950861,,,EXPLORE
1729,62,,,0,0,0,0,common,1.0,0.8969307478552953,0.4097471761712903,0.605193144735398,0.0,0.0,0.9208543672378523,,,EXPLORE
1730,62,,,0,0,0,0,common,0.0,0.416995013894058,0.6582675223157377,0.5487337054829959,0.0,0.0,0.9177535979821337,,,EXPLORE
1731,62,,,0,0,0,0,common,0.0,0.27104675903113773,0.5575921123030462,0.46542762154743844,0.0,0.0,0.9183473551470279,,,EXPLORE
1732,62,,,0,1,1,0,common,1.0,0.44857019686021915,0.47482836851737054,0.4603703941412727,0.0,0.0,0.9189267898728133,,,EXPLORE
1733,62,,,0,1,1,0,common,1.0,0.29157062795914246,0.3387310142244566,0.4097304642866336,0.0,0.0,0.9194923859813432,,,EXPLORE
1734,62,,,0,1,1,0,common,1.0,0.18952090817344258,0.26207093843974005,0.3436675974526763,0.0,0.0,0.920044605822331,,,EXPLORE
1735,62,,,0,1,1,0,common,1.0,0.12318859031273766,0.21915886513329047,0.27752389531069466,0.0,0.0,0.920583891452083,,,EXPLORE
1736,62,,,0,1,1,0,common,1.0,0.08007258370327952,0.1942791191974213,0.2182885018284701,0.0,0.0,0.9211106657354152,,,EXPLORE
1737,62,,,0,1,1,0,common,1.0,0.05204717940713166,0.17935362993967421,0.16841610510206853,0.0,0.0,0.9216253333765386,,,EXPLORE
1738,62,,,0,1,1,0,common,0.0,0.9661693333853644,0.17016490782604127,0.4077420735870573,0.0,0.0,0.9221282818841923,,,EXPLOIT
1739,62,,,0,1,1,0,common,1.0,0.37198993329951313,0.4067068584509125,0.397016431500794,0.0,0.0,0.9226198824758686,,,EXPLORE
1740,62,,,0,0,0,0,common,0.0,0.17618039337023952,0.29980372387006937,0.3307656200616277,0.0,0.0,0.9231004909255671,,,EXPLORE
1741,62,,,0,1,1,0,common,1.0,0.24179345664468355,0.25565392257470937,0.30407397103654443,0.0,0.0,0.9235704483591503,,,EXPLORE
1742,62,,,0,1,1,0,common,1.0,0.15716574681904427,0.20291299119112438,0.2600015037712944,0.0,0.0,0.9240300820010396,,,EXPLORE
1743,62,,,0,1,1,0,common,0.0,0.8978422645676212,0.17348010257299262,0.4513537320101924,0.0,0.0,0.9244797058756916,,,EXPLORE
1744,62,,,0,1,1,0,common,1.0,0.41640252803104616,0.39169752890731746,0.4408683708164485,0.0,0.0,0.9249196214670146,,,EXPLORE
1745,62,,,0,1,1,0,common,1.0,0.27066164322018005,0.2757358852096422,0.38980635253756796,0.0,0.0,0.9253501183386423,,,EXPLORE
1746,62,,,0,1,1,0,common,1.0,0.17593006809311706,0.21381726067113918,0.3256434672042327,0.0,0.0,0.9257714747177453,,,EXPLORE
1747,62,,,0,1,1,0,common,1.0,0.11435454426052605,0.17968591575638576,0.2622567903211207,0.0,0.0,0.9261839580448595,,,EXPLORE
1748,62,,,0,1,1,0,common,1.0,0.07433045376934189,0.15998436865630117,0.20587888935558704,0.0,0.0,0.9265878254920147,,,EXPLORE
1749,62,,,0,1,1,0,common,1.0,0.04831479495007218,0.14817748988572296,0.1586096610339326,0.0,0.0,0.9269833244512763,,,EXPLORE
1750,62,,,0,1,1,0,common,0.0,0.9685953832824531,0.14090875521381452,0.4016053777084887,0.0,0.0,0.9273706929956546,,,EXPLOIT
1751,62,,,0,0,0,0,common,0.0,0.1145172556906557,0.35277875696790917,0.3154789411031388,0.0,0.0,0.9277501603141831,,,EXPLORE
1752,62,,,0,0,0,0,common,0.0,0.07443621619892621,0.32047860798417593,0.243166123631875,0.0,0.0,0.9281219471228451,,,EXPLORE
1753,62,,,0,1,1,0,common,0.0,0.6295869991335945,0.30042416904672997,0.3590923862823908,0.0,0.0,0.9284862660528936,,,EXPLORE
1754,62,,,0,1,1,0,common,1.0,0.5907684505631635,0.4876994970354245,0.4285952055666226,0.0,0.0,0.9288433220180042,,,EXPLORE
1755,62,,,0,0,0,0,common,0.0,0.048383540529302035,0.31078534097388244,0.3145317060554264,0.0,0.0,0.9291933125615958,,,EXPLORE
1756,62,,,0,1,1,0,common,0.0,0.6160005071339437,0.29790442561949154,0.4049723463789816,0.0,0.0,0.9295364281855556,,,EXPLORE
1757,62,,,0,0,0,0,common,0.0,0.031449301344046325,0.4804622014576797,0.29291543286850097,0.0,0.0,0.9298728526615225,,,EXPLORE
1758,62,,,0,1,1,0,common,1.0,0.5995996703629366,0.4706133288445626,0.38492070411683166,0.0,0.0,0.9302027633257953,,,EXPLORE
1759,62,,,0,1,1,0,common,0.0,0.6102602142640912,0.29396717776988873,0.4525225571610095,0.0,0.0,0.9305263313588656,,,EXPLORE
1760,62,,,0,1,1,0,common,0.0,0.39666913927165925,0.4739533820605154,0.4357665317942044,0.0,0.0,0.9308437220505014,,,EXPLORE
1761,62,,,0,1,1,0,common,1.0,0.7421650594734215,0.5919788278758706,0.5276860900979695,0.0,0.0,0.9283944768059049,,,EXPLORE
1762,62,,,0,0,0,0,common,0.0,0.02044204587363011,0.3677306970520313,0.37551287683066764,0.0,0.0,0.9287533575342597,,,EXPLORE
1763,62,,,0,1,1,0,common,1.0,0.482407288657724,0.3617257705650349,0.40758120037878454,0.0,0.0,0.929105123372807,,,EXPLORE
1764,62,,,0,1,1,0,common,0.0,0.6864352623724794,0.23625411663021761,0.491237418976893,0.0,0.0,0.9294499665808276,,,EXPLORE
1765,62,,,0,0,0,0,common,0.0,0.013287329817859572,0.4233768304364589,0.34785239222918296,0.0,0.0,0.9297880726099236,,,EXPLORE
1766,62,,,0,1,1,0,common,1.0,0.5538170794578884,0.41926599580670154,0.4096417983977946,0.0,0.0,0.9301196204029875,,,EXPLORE
1767,62,,,0,0,0,0,common,1.0,0.9913632356183912,0.26408671847316745,0.5841582295639736,0.0,0.0,0.9276257384841039,,,EXPLORE
1768,62,,,0,0,0,0,common,0.0,0.3556138968480456,0.5542377644109107,0.5155949297491952,0.0,0.0,0.9249750319742037,,,EXPLORE
1769,62,,,0,0,0,0,common,0.0,0.23114903295122965,0.4447439300584407,0.4302611607098055,0.0,0.0,0.9254043480989286,,,EXPLORE
1770,62,,,0,1,1,0,common,0.0,0.6400188983523726,0.3739698420961179,0.4931884820025756,0.0,0.0,0.9258245584212605,,,EXPLORE
1771,62,,,0,1,1,0,common,1.0,0.5839877160709578,0.5696032121063999,0.5204282522230903,0.0,0.0,0.9230576017090766,,,EXPLORE
1772,62,,,0,0,0,0,common,0.0,0.1502468714182993,0.39076360336700144,0.409373837981653,0.0,0.0,0.9235285058016406,,,EXPLORE
1773,62,,,0,1,1,0,common,1.0,0.37959201544612253,0.3464643774235252,0.40043929122099386,0.0,0.0,0.9239890571519138,,,EXPLORE
1774,62,,,0,1,1,0,common,1.0,0.24673481003997966,0.24767327309126913,0.35432794686668956,0.0,0.0,0.9244395709467931,,,EXPLORE
1775,62,,,0,0,0,0,common,0.0,0.09766046642189455,0.19526273127474053,0.277327702733251,0.0,0.0,0.9248803497748229,,,EXPLORE
1776,62,,,0,1,1,0,common,0.0,0.8396223734740133,0.17711258138460395,0.4460161039554797,0.0,0.0,0.9253116842498836,,,EXPLORE
1777,62,,,0,0,0,0,common,0.0,0.06347930317423145,0.38035475365929694,0.3312550637211052,0.0,0.0,0.9257338535981862,,,EXPLORE
1778,62,,,0,0,0,0,common,0.0,0.04126154706325044,0.3615689191391114,0.24425700872374875,0.0,0.0,0.9261471262110677,,,EXPLORE
1779,62,,,0,0,0,0,common,0.0,0.026820005591112788,0.34959310470326677,0.17902590778395794,0.0,0.0,0.9265517601658888,,,EXPLORE
1780,62,,,0,1,1,0,common,1.0,0.45424545724189136,0.34191655654822617,0.2615917726213379,0.0,0.0,0.9269480037171625,,,EXPLORE
1781,62,,,0,1,1,0,common,1.0,0.29525954720722936,0.22732552059344324,0.27169210499710533,0.0,0.0,0.9273360957598747,,,EXPLORE
1782,62,,,0,0,0,0,common,1.0,0.9825669963657767,0.16983976858790573,0.4849545724077067,0.0,0.0,0.9277162662668254,,,EXPLORE
1783,62,,,0,0,0,0,common,0.0,0.3613314523622452,0.41116106623626025,0.4478676363940682,0.0,0.0,0.9280887367016633,,,EXPLORE
1784,62,,,0,0,0,0,common,0.0,0.23486544403545936,0.3064895451033163,0.3839669786864855,0.0,0.0,0.9284537204091863,,,EXPLORE
1785,62,,,0,1,1,0,common,0.0,0.808081294315301,0.24779643558836956,0.5112012733751301,0.0,0.0,0.9258556122479982,,,EXPLORE
1786,62,,,0,1,1,0,common,1.0,0.47474715869505435,0.47720759795419826,0.5002650389711074,0.0,0.0,0.9230906810296776,,,EXPLORE
1787,62,,,0,1,1,0,common,1.0,0.3085856531517853,0.3334915553825134,0.44276122322531075,0.0,0.0,0.9235608549229227,,,EXPLORE
1788,62,,,0,0,0,0,common,0.0,0.15266253862304857,0.2535820674124078,0.3557316178446321,0.0,0.0,0.9240206984070302,,,EXPLORE
1789,62,,,0,1,1,0,common,1.0,0.20058067454866046,0.21942634997275207,0.30918633485584057,0.0,0.0,0.9244705257720706,,,EXPLORE
1790,62,,,0,1,1,0,common,1.0,0.1303774384566293,0.1800663032773343,0.2555436659360772,0.0,0.0,0.9249106387543631,,,EXPLORE
1791,62,,,0,1,1,0,common,1.0,0.08474533499680903,0.1577147132718948,0.20430416665429674,0.0,0.0,0.9253413271575277,,,EXPLORE
1792,62,,,0,1,1,0,common,1.0,0.05508446774792586,0.14447729458553976,0.15953825698238544,0.0,0.0,0.9257628694370257,,,EXPLORE
1793,62,,,0,1,1,0,common,1.0,0.035804904036151775,0.136393731171916,0.12241825109851534,0.0,0.0,0.9261755332506629,,,EXPLOIT
1794,62,,,0,1,1,0,common,1.0,0.023273187623498615,0.1313521484838952,0.09267473205601032,0.0,0.0,0.9265795759773527,,,EXPLOIT
1795,62,,,0,1,1,0,common,1.0,0.015127571955274144,0.12816293626633996,0.06941058402578945,0.0,0.0,0.9269752452062476,,,EXPLOIT
1796,62,,,0,1,1,0,common,1.0,0.009832921770928205,0.12612647571421154,0.05153728534933107,0.0,0.0,0.9273627791981993,,,EXPLOIT
1797,62,,,0,1,1,0,common,1.0,0.006391399151103316,0.1248180500205551,0.037993519489862744,0.0,0.0,0.9277424073213542,,,EXPLOIT
1798,62,,,0,1,1,0,common,1.0,0.0041544094482171,0.12397398254803699,0.02784178647736905,0.0,0.0,0.9281143504625601,,,EXPLOIT
1799,62,,,0,1,1,0,common,1.0,0.0027003661413411706,0.1234280345053179,0.020299360376560688,0.0,0.0,0.92847882141614,,,EXPLOIT
1800,62,,,0,1,1,0,common,1.0,0.0017552379918717165,0.123074303935487,0.014736123661153995,0.0,0.0,0.9288360252514676,,,EXPLOIT
1801,62,,,0,1,1,0,common,1.0,0.0011409046947166157,0.12284485796698133,0.010657557971222779,0.0,0.0,0.9291861596606825,,,EXPLOIT
1802,62,,,0,1,1,0,common,1.0,0.0007415880515657669,0.12269592017245935,0.007682766995325675,0.0,0.0,0.9295294152877905,,,EXPLOIT
1803,62,,,0,1,1,0,common,0.0,0.9995179677664823,0.12259919591796845,0.3052333272266727,0.0,0.0,0.9298659760402922,,,EXPLOIT
1804,62,,,0,1,1,0,common,1.0,0.3503133209517866,0.32417413576122767,0.3187573253442068,0.0,0.0,0.9301960193844213,,,EXPLORE
1805,62,,,0,1,1,0,common,1.0,0.22770365861866126,0.2363067275284617,0.29144122532654315,0.0,0.0,0.9305197166249848,,,EXPLORE
1806,62,,,0,1,1,0,common,1.0,0.14800737810212983,0.18937237668326476,0.24841107115921912,0.0,0.0,0.9308372331707346,,,EXPLORE
1807,62,,,0,0,0,0,common,0.0,0.09923065010498158,0.16309716407932845,0.20365694484294786,0.0,0.0,0.9311487287861371,,,EXPLORE
1808,62,,,0,1,1,0,common,0.0,0.9037952042336156,0.14724574553687028,0.41369842266014817,0.0,0.0,0.9314543578303464,,,EXPLORE
1809,62,,,0,0,0,0,common,0.0,0.06449992256823803,0.3462847500094685,0.3089388726325751,0.0,0.0,0.9317542694841326,,,EXPLORE
1810,62,,,0,1,1,0,common,1.0,0.4125331172481499,0.32806816779829545,0.34001714601724753,0.0,0.0,0.9320486079654703,,,EXPLORE
1811,62,,,0,1,1,0,common,1.0,0.2681465262112974,0.22570096564389489,0.31845596007546245,0.0,0.0,0.9323375127344397,,,EXPLORE
1812,62,,,0,1,1,0,common,1.0,0.17429524203734337,0.1732521604116839,0.2752077446640267,0.0,0.0,0.932621118688055,,,EXPLORE
1813,62,,,0,1,1,0,common,1.0,0.11329190732427319,0.1448652679198031,0.22663299346210064,0.0,0.0,0.9328995563455944,,,EXPLORE
1814,62,,,0,1,1,0,common,1.0,0.07363973976077753,0.12863098408769716,0.1807350173517037,0.0,0.0,0.9331729520249643,,,EXPLORE
1815,62,,,0,1,1,0,common,1.0,0.04786583084450535,0.1189518247382702,0.14087426139954418,0.0,0.0,0.9334414280106021,,,EXPLOIT
1816,62,,,0,1,1,0,common,1.0,0.03111279004892853,0.11301087297635934,0.10794581999435948,0.0,0.0,0.933705102713388,,,EXPLOIT
1817,62,,,0,0,0,0,common,0.0,0.04192494966935472,0.10929221433897507,0.08813955889685805,0.0,0.0,0.9339640908230027,,,EXPLOIT
1818,62,,,0,1,1,0,common,1.0,0.02022331353180351,0.10445433692168812,0.06776468528734168,0.0,0.0,0.9342185034531479,,,EXPLOIT
1819,62,,,0,1,1,0,common,1.0,0.01314515379567227,0.10219012268031007,0.05137882583984086,0.0,0.0,0.9344684482800155,,,EXPLOIT
1820,62,,,0,1,1,0,common,1.0,0.008544349967187004,0.10074216225508709,0.0385284830780447,0.0,0.0,0.9347140296743658,,,EXPLOIT
1821,62,,,0,1,1,0,common,1.0,0.0055538274786715025,0.09981092850760435,0.028636086398232737,0.0,0.0,0.9349553488275612,,,EXPLOIT
1822,62,,,0,1,1,0,common,1.0,0.003609987861136532,0.099209797378183,0.021128256837103874,0.0,0.0,0.9351925038718727,,,EXPLOIT
1823,62,,,0,1,1,0,common,1.0,0.002346492109738696,0.0988208163373222,0.015493727418894319,0.0,0.0,0.9354255899953602,,,EXPLOIT
1824,62,,,0,1,1,0,common,1.0,0.0015252198713301413,0.09856871761989201,0.011303175154625065,0.0,0.0,0.9356546995516118,,,EXPLOIT
1825,62,,,0,1,1,0,common,1.0,0.0009913929163646307,0.09840516506340002,0.008209640483146935,0.0,0.0,0.9358799221646072,,,EXPLOIT
1826,62,,,0,1,1,0,common,1.0,0.0006444053956370377,0.09829898739201795,0.005940069956893965,0.0,0.0,0.9361013448289571,,,EXPLOIT
1827,62,,,0,1,1,0,common,1.0,0.00041886350716402454,0.09823002741503575,0.004283708021974982,0.0,0.0,0.936319052005753,,,EXPLOIT
1828,62,,,0,1,1,0,common,1.0,0.00027226127965662705,0.09818522687030061,0.0030802739992794753,0.0,0.0,0.9365331257142526,,,EXPLOIT
1829,62,,,0,1,1,0,common,1.0,0.0001769698317768409,0.09815611641633895,0.002209282749028685,0.0,0.0,0.9367436456196081,,,EXPLOIT
1830,62,,,0,1,1,0,common,1.0,0.00011503039065496878,0.09813719880312614,0.00158100704151657,0.0,0.0,0.9369506891168362,,,EXPLOIT
1831,62,,,0,1,1,0,common,1.0,7.476975392572971e-05,0.09812490412111716,0.0011291358552393178,0.0,0.0,0.9371543314112164,,,EXPLOIT
1832,62,,,0,1,1,0,common,1.0,4.860034005171876e-05,0.09811691332412062,0.0008049752006830381,0.0,0.0,0.9373546455952937,,,EXPLOIT
1833,62,,,0,1,1,0,common,1.0,3.159022103360609e-05,0.09811171962136908,0.0005729597067882084,0.0,0.0,0.9375,,,EXPLOIT
1834,62,,,0,1,1,0,common,1.0,2.0533643671827306e-05,0.09810834384778785,0.00040723188785329406,0.0,0.0,0.9375,,,EXPLOIT
1835,62,,,0,0,0,0,common,0.0,0.02725121728508057,0.09810614965123876,0.008460427507021476,0.0,0.0,0.9375,,,EXPLOIT
1836,62,,,0,1,1,0,common,1.0,1.3346868386721056e-05,0.0952329261612542,0.005926303315431049,0.0,0.0,0.9375,,,EXPLOIT
1837,62,,,0,1,1,0,common,1.0,8.675464451379788e-06,0.09523153780389601,0.0041510149601371475,0.0,0.0,0.9375,,,EXPLOIT
1838,62,,,0,1,1,0,common,1.0,5.63905189343572e-06,0.0952306353814476,0.002907402187664034,0.0,0.0,0.9375,,,EXPLOIT
1839,62,,,0,1,1,0,common,1.0,3.6653837307554227e-06,0.09523004881101114,0.00203628114648405,0.0,0.0,0.9375,,,EXPLOIT
1840,62,,,0,1,1,0,common,1.0,2.3824994249688203e-06,0.09522966754198285,0.0014261115523663257,0.0,0.0,0.9375,,,EXPLOIT
1841,62,,,0,0,0,0,common,0.0,0.017713291235302374,0.09522941971785615,0.0063122654572471395,0.0,0.0,0.9375,,,EXPLOIT
1842,62,,,0,1,1,0,common,1.0,1.5486246262019776e-06,0.09340298652742958,0.004419050407460858,0.0,0.0,0.9375,,,EXPLOIT
1843,62,,,0,1,1,0,common,1.0,1.0066060069924276e-06,0.09340282824637947,0.0030936372670246986,0.0,0.0,0.9375,,,EXPLOIT
1844,62,,,0,1,1,0,common,1.0,6.54293904500669e-07,0.09340272536382739,0.002165742375088639,0.0,0.0,0.9375,,,EXPLOIT
1845,62,,,0,1,1,0,common,0.0,0.9999995747089621,0.09340265849022371,0.30151589207525065,0.0,0.0,0.9375,,,EXPLOIT
1846,62,,,0,0,0,0,common,0.0,0.011513639302946544,0.25919567178264785,0.2145152162435594,0.0,0.0,0.9375,,,EXPLORE
1847,62,,,0,0,0,0,common,0.0,0.007483865546915254,0.2564496523203468,0.15240581103456613,0.0,0.0,0.9375,,,EXPLORE
1848,62,,,0,0,0,0,common,0.0,0.004864512605494915,0.2546758205289842,0.10814342150584476,0.0,0.0,0.9375,,,EXPLOIT
1849,62,,,0,1,1,0,common,1.0,0.35000027643917464,0.25352751845276783,0.1807004779858437,0.0,0.0,0.9375,,,EXPLOIT
1850,62,,,0,0,0,0,common,0.0,0.0031619331935716947,0.18061198914507065,0.1274389145481621,0.0,0.0,0.9375,,,EXPLORE
1851,62,,,0,0,0,0,common,1.0,0.9979447434241784,0.18003907973764102,0.38859066321096697,0.0,0.0,0.9375,,,EXPLOIT
1852,62,,,0,0,0,0,common,0.0,0.35133591677428405,0.4337864980472712,0.3774142392799621,0.0,0.0,0.9375,,,EXPLORE
1853,62,,,0,0,0,0,common,0.0,0.22836834590328464,0.32919067173262206,0.33270047126695884,0.0,0.0,0.9375,,,EXPLORE
1854,62,,,0,0,0,0,common,1.0,0.851560575162865,0.26919443658133,0.48835850243573065,0.0,0.0,0.9375,,,EXPLORE
1855,62,,,0,1,1,0,common,1.0,0.22750017968546354,0.5185350486297576,0.4101010056106505,0.0,0.0,0.9375,,,EXPLORE
1856,62,,,0,1,1,0,common,1.0,0.14787511679555132,0.4476295802577873,0.3314332389661207,0.0,0.0,0.9375,,,EXPLORE
1857,62,,,0,1,1,0,common,1.0,0.09611882591710841,0.4018435929117974,0.260838915051417,0.0,0.0,0.9375,,,EXPLORE
1858,62,,,0,0,0,0,common,0.0,0.4464856261441377,0.3728968598572817,0.3165329283792332,0.0,0.0,0.9375,,,EXPLORE
1859,62,,,0,1,1,0,common,0.0,0.9375227631538795,0.2532116391172835,0.502829878811627,0.0,0.0,0.935442220787605,,,EXPLORE
1860,62,,,0,0,0,0,common,0.0,0.29021565699368956,0.5245093382924941,0.4390456122662458,0.0,0.0,0.9356710474683342,,,EXPLORE
1861,62,,,0,0,0,0,common,0.0,0.18864017704589822,0.4341550150340632,0.3639239817001415,0.0,0.0,0.9358959935572909,,,EXPLORE
1862,62,,,0,0,0,0,common,0.0,0.12261611507983385,0.376518078631101,0.29153162171404917,0.0,0.0,0.9361171458634864,,,EXPLORE
1863,62,,,0,1,1,0,common,1.0,0.39061020394997836,0.34080536544122597,0.3212551963848279,0.0,0.0,0.9363345886691518,,,EXPLORE
1864,62,,,0,0,0,0,common,0.0,0.079700474801892,0.24059785860203722,0.24878877990994713,0.0,0.0,0.9365484038211317,,,EXPLORE
1865,62,,,0,1,1,0,common,1.0,0.25389663256748596,0.22301228633711728,0.25032113570720876,0.0,0.0,0.9367586708183354,,,EXPLORE
1866,62,,,0,1,1,0,common,1.0,0.16503281116886592,0.17356192185745026,0.2247346383457059,0.0,0.0,0.9369654668954441,,,EXPLORE
1867,62,,,0,1,1,0,common,1.0,0.10727132725976285,0.14653605787685964,0.18949564501992294,0.0,0.0,0.9371688671030585,,,EXPLORE
1868,62,,,0,0,0,0,common,0.0,0.051805308621229805,0.13096791421182952,0.14818854410031498,0.0,0.0,0.9373689443844627,,,EXPLORE
1869,62,,,0,0,0,0,common,0.0,0.03367345060379938,0.123979532999448,0.11383401605136029,0.0,0.0,0.9375,,,EXPLOIT
1870,62,,,0,1,1,0,common,1.0,0.0697263627188458,0.11961481621742887,0.10060172005160593,0.0,0.0,0.9375,,,EXPLOIT
1871,62,,,0,1,1,0,common,1.0,0.04532213576724975,0.11100691408330639,0.08401784476629907,0.0,0.0,0.9375,,,EXPLOIT
1872,62,,,0,1,1,0,common,0.0,0.9705406117512877,0.10571211056395981,0.3499746748617957,0.0,0.0,0.9375,,,EXPLOIT
1873,62,,,0,1,1,0,common,1.0,0.369148602361663,0.27993805728574106,0.3557268531117559,0.0,0.0,0.9375,,,EXPLORE
1874,62,,,0,1,1,0,common,1.0,0.2399465915350809,0.19736772067064823,0.32099277463875336,0.0,0.0,0.9375,,,EXPLORE
1875,62,,,0,1,1,0,common,1.0,0.15596528449780256,0.15490076144223486,0.2714845275964681,0.0,0.0,0.9375,,,EXPLORE
1876,62,,,0,1,1,0,common,1.0,0.10137743492357165,0.13165374305183453,0.22045239979459913,0.0,0.0,0.9375,,,EXPLORE
1877,62,,,0,1,1,0,common,1.0,0.06589533270032155,0.11822555124776571,0.17408527966631585,0.0,0.0,0.9375,,,EXPLORE
1878,62,,,0,1,1,0,common,1.0,0.04283196625520902,0.11016035320236711,0.1347092856429838,0.0,0.0,0.9375,,,EXPLOIT
1879,62,,,0,1,1,0,common,1.0,0.02784077806588592,0.10518476210047875,0.10264873336985443,0.0,0.0,0.9375,,,EXPLOIT
1880,62,,,0,1,1,0,common,1.0,0.01809650574282584,0.10205966009745984,0.07728306508174586,0.0,0.0,0.9375,,,EXPLOIT
1881,62,,,0,1,1,0,common,1.0,0.011762728732836791,0.10007340000789619,0.05762696417707313,0.0,0.0,0.9375,,,EXPLOIT
1882,62,,,0,1,1,0,common,1.0,0.007645773676343892,0.09880109067536416,0.042632607026854355,0.0,0.0,0.9375,,,EXPLOIT
1883,62,,,0,1,1,0,common,1.0,0.0049697528896235355,0.09798193984378908,0.03133375078568511,0.0,0.0,0.9375,,,EXPLOIT
1884,62,,,0,1,1,0,common,0.0,0.9967696606217447,0.09745278776364151,0.32096452373650297,0.0,0.0,0.9375,,,EXPLOIT
1885,62,,,0,1,1,0,common,1.0,0.35209972059586603,0.267826002995949,0.33030508279431187,0.0,0.0,0.9375,,,EXPLORE
1886,62,,,0,0,0,0,common,0.0,0.021887742892469596,0.19127330056927644,0.23777988082375917,0.0,0.0,0.9375,,,EXPLORE
1887,62,,,0,0,0,0,common,0.0,0.01422703288010524,0.18714945227339208,0.17071402644066297,0.0,0.0,0.9375,,,EXPLORE
1888,62,,,0,1,1,0,common,1.0,0.22886481838731298,0.18450776021427373,0.18815926402465796,0.0,0.0,0.9375,,,EXPLOIT
1889,62,,,0,0,0,0,common,0.0,0.009247571372068407,0.14607256871924312,0.13448575622888106,0.0,0.0,0.9375,,,EXPLORE
1890,62,,,0,1,1,0,common,1.0,0.14876213195175347,0.14467420971473183,0.1387686689457428,0.0,0.0,0.9375,,,EXPLOIT
1891,62,,,0,1,1,0,common,0.0,0.9033046142313602,0.12371886829136379,0.36812945253142804,0.0,0.0,0.9375,,,EXPLOIT
1892,62,,,0,1,1,0,common,0.0,0.5871479992503841,0.30047426599878335,0.43383501654711487,0.0,0.0,0.9375,,,EXPLORE
1893,62,,,0,0,0,0,common,0.0,0.006010921391844465,0.4744830443134861,0.3054877880005337,0.0,0.0,0.9375,,,EXPLORE
1894,62,,,0,0,0,0,common,0.0,0.003907098904698902,0.4726000137281374,0.21501358127178327,0.0,0.0,0.9375,,,EXPLORE
1895,62,,,0,1,1,0,common,1.0,0.6183538004872503,0.47137583860763344,0.3360156470364234,0.0,0.0,0.9375,,,EXPLORE
1896,62,,,0,0,0,0,common,1.0,0.9974603857119457,0.28973474323728454,0.53444906863908,0.0,0.0,0.935442220787605,,,EXPLORE
1897,62,,,0,0,0,0,common,0.0,0.3516507492872353,0.5850082037242047,0.47960957283352657,0.0,0.0,0.9356710474683342,,,EXPLORE
1898,62,,,0,0,0,0,common,0.0,0.22857298703670292,0.4799740381526435,0.40429859709447946,0.0,0.0,0.9358959935572909,,,EXPLORE
1899,62,,,0,1,1,0,common,0.0,0.5980700296832873,0.40874993764301903,0.4624300268711218,0.0,0.0,0.9361171458634864,,,EXPLORE
1900,62,,,0,0,0,0,common,1.0,0.851427558426143,0.589847570975899,0.5791292863376282,0.0,0.0,0.9339808316647942,,,EXPLORE
1901,62,,,0,0,0,0,common,0.0,0.44657208702300694,0.6865038190906051,0.5393621265432418,0.0,0.0,0.9317203160430652,,,EXPLORE
1902,62,,,0,0,0,0,common,0.0,0.2902718565649545,0.674122808890031,0.46463504554975554,0.0,0.0,0.9320152836184211,,,EXPLORE
1903,62,,,0,1,1,0,common,1.0,0.6112544807058633,0.6190739722726792,0.5086208760965879,0.0,0.0,0.9296374042710551,,,EXPLORE
1904,62,,,0,0,0,0,common,0.0,0.18867670676722043,0.44015945709688686,0.4126376252977776,0.0,0.0,0.9299718687870258,,,EXPLORE
1905,62,,,0,1,1,0,common,1.0,0.3973154124588112,0.38226301528655193,0.40804096144608765,0.0,0.0,0.9302998711499465,,,EXPLORE
1906,62,,,0,0,0,0,common,0.0,0.12263985939869328,0.27268951412593556,0.32242063083186934,0.0,0.0,0.9306215807572518,,,EXPLORE
1907,62,,,0,1,1,0,common,1.0,0.25825501809822726,0.2434457591350288,0.3031709470117767,0.0,0.0,0.9309371611920042,,,EXPLORE
1908,62,,,0,1,1,0,common,1.0,0.1678657617638477,0.1895575695354012,0.262579391437398,0.0,0.0,0.9312467704704993,,,EXPLORE
1909,62,,,0,0,0,0,common,1.0,0.9202840913908493,0.15997543758052735,0.45989080142343336,0.0,0.0,0.9315505612773224,,,EXPLORE
1910,62,,,0,1,1,0,common,1.0,0.10911274514650104,0.37456419798297397,0.35465738454035367,0.0,0.0,0.9318486811885871,,,EXPLORE
1911,62,,,0,0,0,0,common,0.0,0.40181534059594787,0.34277914073316235,0.36880477135703194,0.0,0.0,0.9321412728840489,,,EXPLORE
1912,62,,,0,1,1,0,common,1.0,0.07092328434522566,0.23963079798692294,0.27944032525349005,0.0,0.0,0.9324284743487314,,,EXPLORE
1913,62,,,0,0,0,0,common,0.0,0.26117997138736615,0.2239805464326005,0.27396221909365287,0.0,0.0,0.9327104190646677,,,EXPLORE
1914,62,,,0,1,1,0,common,1.0,0.04610013482439668,0.1730753723478834,0.205603593812876,0.0,0.0,0.9329872361933136,,,EXPLORE
1915,62,,,0,1,1,0,common,1.0,0.029965087635857812,0.16515462927015206,0.1529120419597705,0.0,0.0,0.9332590507491649,,,EXPLOIT
1916,62,,,0,1,1,0,common,1.0,0.019477306963307628,0.160170333574019,0.11288162146083164,0.0,0.0,0.9335259837650629,,,EXPLOIT
1917,62,,,0,1,1,0,common,1.0,0.01266024952614997,0.15699889314996876,0.08281520988042713,0.0,0.0,0.9337881524496511,,,EXPLOIT
1918,62,,,0,1,1,0,common,1.0,0.00822916219199743,0.15496604533620206,0.06043939557389822,0.0,0.0,0.934045670337415,,,EXPLOIT
1919,62,,,0,1,1,0,common,1.0,0.005348955424798296,0.15365669144510025,0.043912263529168244,0.0,0.0,0.9342986474317111,,,EXPLOIT
1920,62,,,0,1,1,0,common,1.0,0.0034768210261189036,0.15281065756972226,0.03178163077825344,0.0,0.0,0.9345471903411586,,,EXPLOIT
1921,62,,,0,1,1,0,common,1.0,0.0022599336669772985,0.1522628612780805,0.022925121644870594,0.0,0.0,0.934791402409757,,,EXPLOIT
1922,62,,,0,1,1,0,common,1.0,0.0014689568835352107,0.15190769007698657,0.01648827221646998,0.0,0.0,0.9350313838410593,,,EXPLOIT
1923,62,,,0,1,1,0,common,1.0,0.0009548219742978592,0.15167720704341162,0.011828237143818343,0.0,0.0,0.9352672318167174,,,EXPLOIT
1924,62,,,0,1,1,0,common,0.0,0.9993793657167064,0.15152755274973928,0.30809357571568474,0.0,0.0,0.935499040609695,,,EXPLOIT
1925,62,,,0,1,1,0,common,1.0,0.35040341228414085,0.382447260206784,0.32078652668622154,0.0,0.0,0.9357269016924227,,,EXPLORE
1926,62,,,0,0,0,0,common,0.0,0.169766981401788,0.28464561043080083,0.2754806631008915,0.0,0.0,0.9359509038401628,,,EXPLORE
1927,62,,,0,1,1,0,common,1.0,0.22776221798469154,0.2435372100437028,0.2611651295660315,0.0,0.0,0.9361711332298237,,,EXPLORE
1928,62,,,0,1,1,0,common,1.0,0.14804544169004952,0.19545930287255173,0.22722922320323688,0.0,0.0,0.9363876735344594,,,EXPLORE
1929,62,,,0,1,1,0,common,1.0,0.09622953709853221,0.1684776826128434,0.18792931737182547,0.0,0.0,0.936600606013671,,,EXPLORE
1930,62,,,0,1,1,0,common,1.0,0.06254919911404588,0.15265470188652933,0.1503152818944916,0.0,0.0,0.9368100096001167,,,EXPLORE
1931,62,,,0,1,1,0,common,1.0,0.040656979424129824,0.14306098028723663,0.11741779115338305,0.0,0.0,0.9370159609823232,,,EXPLOIT
1932,62,,,0,1,1,0,common,1.0,0.026427036625684353,0.13710687090565926,0.09012056479507344,0.0,0.0,0.9372185346839839,,,EXPLOIT
1933,62,,,0,1,1,0,common,0.0,0.9828224261933052,0.13335282120024783,0.35793112321454296,0.0,0.0,0.937417803139913,,,EXPLOIT
1934,62,,,0,1,1,0,common,0.0,0.6388345770256484,0.3417828157910114,0.44220215935787455,0.0,0.0,0.9375,,,EXPLORE
1935,62,,,0,1,1,0,common,1.0,0.5847575249333286,0.5368619642494555,0.4849687690305108,0.0,0.0,0.9375,,,EXPLORE
1936,62,,,0,1,1,0,common,1.0,0.3800923912066636,0.3573456331584475,0.4535058556833566,0.0,0.0,0.9375,,,EXPLORE
1937,62,,,0,1,1,0,common,1.0,0.2470600542843313,0.25639836746431743,0.391572115263649,0.0,0.0,0.9375,,,EXPLORE
1938,62,,,0,1,1,0,common,1.0,0.16058903528481538,0.20248901125751403,0.3222771912699989,0.0,0.0,0.9375,,,EXPLORE
1939,62,,,0,0,0,0,common,0.0,0.1103485379111622,0.1725077261429145,0.25869859526234784,0.0,0.0,0.9375,,,EXPLORE
1940,62,,,0,0,0,0,common,0.0,0.07172654964225543,0.15410726954630571,0.2026069815763201,0.0,0.0,0.9375,,,EXPLORE
1941,62,,,0,1,1,0,common,1.0,0.10438287293513004,0.1430608153181694,0.17313974898396306,0.0,0.0,0.9375,,,EXPLOIT
1942,62,,,0,1,1,0,common,1.0,0.06784886740783458,0.12820667340718747,0.1415524845111245,0.0,0.0,0.9375,,,EXPLOIT
1943,62,,,0,1,1,0,common,0.0,0.9558982361849075,0.11929075959185452,0.3858562100132594,0.0,0.0,0.9375,,,EXPLOIT
1944,62,,,0,1,1,0,common,1.0,0.37866614647981,0.30534806962003797,0.3836991909532246,0.0,0.0,0.9375,,,EXPLORE
1945,62,,,0,1,1,0,common,1.0,0.24613299521187648,0.2151893325207794,0.3424293322308201,0.0,0.0,0.9375,,,EXPLORE
1946,62,,,0,1,1,0,common,1.0,0.15998644688771968,0.16849267430108564,0.28769646662788995,0.0,0.0,0.9375,,,EXPLORE
1947,62,,,0,1,1,0,common,1.0,0.10399119047701777,0.1428939912933508,0.23258488378262826,0.0,0.0,0.9375,,,EXPLORE
1948,62,,,0,0,0,0,common,0.0,0.046622257267466036,0.1281080653358428,0.17679609582807956,0.0,0.0,0.9375,,,EXPLORE
1949,62,,,0,0,0,0,common,0.0,0.030304467223852924,0.12192509860916609,0.13284860724681158,0.0,0.0,0.9375,,,EXPLOIT
1950,62,,,0,1,1,0,common,1.0,0.06759427381006156,0.11804857039137412,0.11327230721578657,0.0,0.0,0.9375,,,EXPLOIT
1951,62,,,0,0,0,0,common,1.0,0.9803020963044956,0.10979312295690302,0.37338124394239924,0.0,0.0,0.9375,,,EXPLOIT
1952,62,,,0,1,1,0,common,1.0,0.043936277976539984,0.29141220492109116,0.27454775415264143,0.0,0.0,0.9375,,,EXPLORE
1953,62,,,0,1,1,0,common,1.0,0.028558580684751034,0.28017308859135925,0.2007510021122743,0.0,0.0,0.9375,,,EXPLORE
1954,62,,,0,1,1,0,common,0.0,0.9814369225549118,0.2730239156365737,0.4349567782450655,0.0,0.0,0.9375,,,EXPLORE
1955,62,,,0,1,1,0,common,1.0,0.36206600033930725,0.5619417230901567,0.413089544873338,0.0,0.0,0.9375,,,EXPLORE
1956,62,,,0,1,1,0,common,1.0,0.2353429002205497,0.45101367416418,0.35976555147750144,0.0,0.0,0.9375,,,EXPLORE
1957,62,,,0,0,0,0,common,0.0,0.3628036374020778,0.37869115396454145,0.36067697725487435,0.0,0.0,0.9375,,,EXPLORE
1958,62,,,0,1,1,0,common,0.0,0.8470271148566427,0.2783252553947871,0.5065820185354049,0.0,0.0,0.935442220787605,,,EXPLORE
1959,62,,,0,0,0,0,common,0.0,0.2358223643113506,0.5283588107716751,0.4253541222681886,0.0,0.0,0.9356710474683342,,,EXPLORE
1960,62,,,0,0,0,0,common,0.0,0.15328453680237789,0.4551020539323476,0.34373324662844534,0.0,0.0,0.9358959935572909,,,EXPLORE
1961,62,,,0,0,0,0,common,0.0,0.09963494892154562,0.4074923284327959,0.27050375731637544,0.0,0.0,0.9361171458634864,,,EXPLORE
1962,62,,,0,1,1,0,common,1.0,0.44943237534318214,0.3773429760592259,0.3241823427244175,0.0,0.0,0.9363345886691518,,,EXPLORE
1963,62,,,0,1,1,0,common,1.0,0.29213104397306844,0.25604908205129057,0.3145669530990127,0.0,0.0,0.9365484038211317,,,EXPLORE
1964,62,,,0,1,1,0,common,1.0,0.18988517858249443,0.19339809905109145,0.2771624207440572,0.0,0.0,0.9367586708183354,,,EXPLORE
1965,62,,,0,1,1,0,common,0.0,0.8765746339213786,0.15967545740746758,0.4569860846972536,0.0,0.0,0.9369654668954441,,,EXPLORE
1966,62,,,0,0,0,0,common,0.0,0.06476271679900465,0.36113618706923784,0.3393190743277789,0.0,0.0,0.9371688671030585,,,EXPLORE
1967,62,,,0,0,0,0,common,1.0,0.957904234080647,0.34244023227180304,0.5248946222536393,0.0,0.0,0.9350924152772231,,,EXPLORE
1968,62,,,0,1,1,0,common,1.0,0.43022648795110396,0.6242460780202245,0.49649418196287864,0.0,0.0,0.9353272158212868,,,EXPLORE
1969,62,,,0,1,1,0,common,1.0,0.2796472171682176,0.5035785572045532,0.4314400925244803,0.0,0.0,0.9355580009650201,,,EXPLORE
1970,62,,,0,1,1,0,common,1.0,0.1817706911593414,0.4163366555176485,0.35653927211493863,0.0,0.0,0.9357848614776811,,,EXPLORE
1971,62,,,0,0,0,0,common,0.0,0.37736224784757944,0.36157409600735096,0.36278616483473086,0.0,0.0,0.9360078854571906,,,EXPLORE
1972,62,,,0,1,1,0,common,1.0,0.11815094925357195,0.2605129909095891,0.2893956001603831,0.0,0.0,0.9362271584278163,,,EXPLORE
1973,62,,,0,1,1,0,common,1.0,0.07679811701482175,0.23321849633885794,0.22561635521671472,0.0,0.0,0.9364427634335984,,,EXPLORE
1974,62,,,0,1,1,0,common,1.0,0.04991877605963413,0.21665269106925314,0.17290708146959055,0.0,0.0,0.9366547811277309,,,EXPLORE
1975,62,,,0,1,1,0,common,1.0,0.032447204438762145,0.2063798200259483,0.13076911836034202,0.0,0.0,0.9368632898581029,,,EXPLORE
1976,62,,,0,1,1,0,common,1.0,0.021090682885195444,0.19990983421187347,0.09786558771779803,0.0,0.0,0.9370683657491891,,,EXPLOIT
1977,62,,,0,1,1,0,common,1.0,0.013708943875377022,0.19579130231265118,0.07261859456507173,0.0,0.0,0.9372700827804727,,,EXPLOIT
1978,62,,,0,1,1,0,common,1.0,0.008910813518995031,0.19315078535315885,0.053506260251248716,0.0,0.0,0.9374685128615681,,,EXPLOIT
1979,62,,,0,1,1,0,common,1.0,0.005792028787346748,0.19144981965373983,0.03919199081207812,0.0,0.0,0.9375,,,EXPLOIT
1980,62,,,0,1,1,0,common,1.0,0.003764818711775364,0.1903506677282153,0.028563839181987294,0.0,0.0,0.9375,,,EXPLOIT
1981,62,,,0,1,1,0,common,1.0,0.00244713216265402,0.18963894985121027,0.02072882707618731,0.0,0.0,0.9375,,,EXPLOIT
1982,62,,,0,1,1,0,common,1.0,0.0015906359057251684,0.1891774855875334,0.014987369725048667,0.0,0.0,0.9375,,,EXPLOIT
1983,62,,,0,1,1,0,common,1.0,0.0010339133387213817,0.18887802028718598,0.010801332809150481,0.0,0.0,0.9375,,,EXPLOIT
1984,62,,,0,1,1,0,common,1.0,0.0006720436701689314,0.1886835732654457,0.007762546067456016,0.0,0.0,0.9375,,,EXPLOIT
1985,62,,,0,0,0,0,common,0.0,0.24528546110092664,0.18855726946223889,0.07901942057749721,0.0,0.0,0.9375,,,EXPLOIT
1986,62,,,0,1,1,0,common,1.0,0.00043682838560976656,0.14688255825795737,0.055444642919930974,0.0,0.0,0.9375,,,EXPLORE
1987,62,,,0,1,1,0,common,1.0,0.00028393845064633716,0.1468159289971712,0.03889643157914558,0.0,0.0,0.9375,,,EXPLOIT
1988,62,,,0,1,1,0,common,1.0,0.00018455999292010805,0.14677263385979375,0.02728287010327794,0.0,0.0,0.9375,,,EXPLOIT
1989,62,,,0,1,1,0,common,1.0,0.00011996399539804248,0.1467444978847234,0.019133998270913968,0.0,0.0,0.9375,,,EXPLOIT
1990,62,,,0,1,1,0,common,1.0,7.797659700869985e-05,0.1467262119782944,0.013417191768742388,0.0,0.0,0.9375,,,EXPLOIT
1991,62,,,0,0,0,0,common,0.0,0.1594355497156023,0.14671432718572938,0.057222699152800365,0.0,0.0,0.9375,,,EXPLOIT
1992,62,,,0,1,1,0,common,0.0,0.9999493152119443,0.12408641002046253,0.34004068397054354,0.0,0.0,0.9375,,,EXPLOIT
1993,62,,,0,1,1,0,common,1.0,0.35003294511223615,0.3274387881992862,0.3430383623130513,0.0,0.0,0.9375,,,EXPLORE
1994,62,,,0,1,1,0,common,0.0,0.7724785856770465,0.23901811193819839,0.4718704293222498,0.0,0.0,0.9375,,,EXPLORE
1995,62,,,0,0,0,0,common,0.0,0.1036331073151415,0.45403291558067616,0.36139923272011726,0.0,0.0,0.9375,,,EXPLORE
1996,62,,,0,0,0,0,common,0.0,0.06736151975484198,0.421736864086071,0.27318791883053467,0.0,0.0,0.9375,,,EXPLORE
1997,62,,,0,0,0,0,common,0.0,0.043784987840647285,0.4010323469281525,0.20436703953356844,0.0,0.0,0.9375,,,EXPLORE
1998,62,,,0,0,0,0,common,0.0,0.028460242096420736,0.38775403337175157,0.15159500030242412,0.0,0.0,0.9375,,,EXPLORE
1999,62,,,0,0,0,0,common,0.0,0.018499157362673477,0.379213038691021,0.11166624742049892,0.0,0.0,0.9375,,,EXPLORE
2000,62,,,0,0,0,0,common,0.0,0.012024452285737761,0.3737028945596286,0.08177370888007057,0.0,0.0,0.9375,,,EXPLORE
